BENE_ID|CLM_ID|NCH_NEAR_LINE_REC_IDENT_CD|NCH_CLM_TYPE_CD|CLM_FROM_DT|CLM_THRU_DT|NCH_WKLY_PROC_DT|FI_CLM_PROC_DT|CLAIM_QUERY_CODE|PRVDR_NUM|CLM_FAC_TYPE_CD|CLM_SRVC_CLSFCTN_TYPE_CD|CLM_FREQ_CD|FI_NUM|CLM_MDCR_NON_PMT_RSN_CD|CLM_PMT_AMT|NCH_PRMRY_PYR_CLM_PD_AMT|NCH_PRMRY_PYR_CD|FI_CLM_ACTN_CD|PRVDR_STATE_CD|ORG_NPI_NUM|AT_PHYSN_UPIN|AT_PHYSN_NPI|OP_PHYSN_UPIN|OP_PHYSN_NPI|OT_PHYSN_UPIN|OT_PHYSN_NPI|CLM_MCO_PD_SW|PTNT_DSCHRG_STUS_CD|CLM_PPS_IND_CD|CLM_TOT_CHRG_AMT|CLM_ADMSN_DT|CLM_IP_ADMSN_TYPE_CD|CLM_SRC_IP_ADMSN_CD|NCH_PTNT_STATUS_IND_CD|CLM_PASS_THRU_PER_DIEM_AMT|NCH_BENE_IP_DDCTBL_AMT|NCH_BENE_PTA_COINSRNC_LBLTY_AM|NCH_BENE_BLOOD_DDCTBL_LBLTY_AM|NCH_PROFNL_CMPNT_CHRG_AMT|NCH_IP_NCVRD_CHRG_AMT|NCH_IP_TOT_DDCTN_AMT|CLM_TOT_PPS_CPTL_AMT|CLM_PPS_CPTL_FSP_AMT|CLM_PPS_CPTL_OUTLIER_AMT|CLM_PPS_CPTL_DSPRPRTNT_SHR_AMT|CLM_PPS_CPTL_IME_AMT|CLM_PPS_CPTL_EXCPTN_AMT|CLM_PPS_OLD_CPTL_HLD_HRMLS_AMT|CLM_PPS_CPTL_DRG_WT_NUM|CLM_UTLZTN_DAY_CNT|BENE_TOT_COINSRNC_DAYS_CNT|BENE_LRD_USED_CNT|CLM_NON_UTLZTN_DAYS_CNT|NCH_BLOOD_PNTS_FRNSHD_QTY|NCH_VRFD_NCVRD_STAY_FROM_DT|NCH_VRFD_NCVRD_STAY_THRU_DT|NCH_ACTV_OR_CVRD_LVL_CARE_THRU|NCH_BENE_MDCR_BNFTS_EXHTD_DT_I|NCH_BENE_DSCHRG_DT|CLM_DRG_CD|CLM_DRG_OUTLIER_STAY_CD|NCH_DRG_OUTLIER_APRVD_PMT_AMT|ADMTG_DGNS_CD|PRNCPAL_DGNS_CD|ICD_DGNS_CD1|CLM_POA_IND_SW1|ICD_DGNS_CD2|CLM_POA_IND_SW2|ICD_DGNS_CD3|CLM_POA_IND_SW3|ICD_DGNS_CD4|CLM_POA_IND_SW4|ICD_DGNS_CD5|CLM_POA_IND_SW5|ICD_DGNS_CD6|CLM_POA_IND_SW6|ICD_DGNS_CD7|CLM_POA_IND_SW7|ICD_DGNS_CD8|CLM_POA_IND_SW8|ICD_DGNS_CD9|CLM_POA_IND_SW9|ICD_DGNS_CD10|CLM_POA_IND_SW10|ICD_DGNS_CD11|CLM_POA_IND_SW11|ICD_DGNS_CD12|CLM_POA_IND_SW12|ICD_DGNS_CD13|CLM_POA_IND_SW13|ICD_DGNS_CD14|CLM_POA_IND_SW14|ICD_DGNS_CD15|CLM_POA_IND_SW15|ICD_DGNS_CD16|CLM_POA_IND_SW16|ICD_DGNS_CD17|CLM_POA_IND_SW17|ICD_DGNS_CD18|CLM_POA_IND_SW18|ICD_DGNS_CD19|CLM_POA_IND_SW19|ICD_DGNS_CD20|CLM_POA_IND_SW20|ICD_DGNS_CD21|CLM_POA_IND_SW21|ICD_DGNS_CD22|CLM_POA_IND_SW22|ICD_DGNS_CD23|CLM_POA_IND_SW23|ICD_DGNS_CD24|CLM_POA_IND_SW24|ICD_DGNS_CD25|CLM_POA_IND_SW25|FST_DGNS_E_CD|ICD_DGNS_E_CD1|CLM_E_POA_IND_SW1|ICD_DGNS_E_CD2|CLM_E_POA_IND_SW2|ICD_DGNS_E_CD3|CLM_E_POA_IND_SW3|ICD_DGNS_E_CD4|CLM_E_POA_IND_SW4|ICD_DGNS_E_CD5|CLM_E_POA_IND_SW5|ICD_DGNS_E_CD6|CLM_E_POA_IND_SW6|ICD_DGNS_E_CD7|CLM_E_POA_IND_SW7|ICD_DGNS_E_CD8|CLM_E_POA_IND_SW8|ICD_DGNS_E_CD9|CLM_E_POA_IND_SW9|ICD_DGNS_E_CD10|CLM_E_POA_IND_SW10|ICD_DGNS_E_CD11|CLM_E_POA_IND_SW11|ICD_DGNS_E_CD12|CLM_E_POA_IND_SW12|ICD_PRCDR_CD1|PRCDR_DT1|ICD_PRCDR_CD2|PRCDR_DT2|ICD_PRCDR_CD3|PRCDR_DT3|ICD_PRCDR_CD4|PRCDR_DT4|ICD_PRCDR_CD5|PRCDR_DT5|ICD_PRCDR_CD6|PRCDR_DT6|ICD_PRCDR_CD7|PRCDR_DT7|ICD_PRCDR_CD8|PRCDR_DT8|ICD_PRCDR_CD9|PRCDR_DT9|ICD_PRCDR_CD10|PRCDR_DT10|ICD_PRCDR_CD11|PRCDR_DT11|ICD_PRCDR_CD12|PRCDR_DT12|ICD_PRCDR_CD13|PRCDR_DT13|ICD_PRCDR_CD14|PRCDR_DT14|ICD_PRCDR_CD15|PRCDR_DT15|ICD_PRCDR_CD16|PRCDR_DT16|ICD_PRCDR_CD17|PRCDR_DT17|ICD_PRCDR_CD18|PRCDR_DT18|ICD_PRCDR_CD19|PRCDR_DT19|ICD_PRCDR_CD20|PRCDR_DT20|ICD_PRCDR_CD21|PRCDR_DT21|ICD_PRCDR_CD22|PRCDR_DT22|ICD_PRCDR_CD23|PRCDR_DT23|ICD_PRCDR_CD24|PRCDR_DT24|ICD_PRCDR_CD25|PRCDR_DT25|IME_OP_CLM_VAL_AMT|DSH_OP_CLM_VAL_AMT|CLM_UNCOMPD_CARE_PMT_AMT|CLM_LINE_NUM|REV_CNTR|HCPCS_CD|REV_CNTR_DDCTBL_COINSRNC_CD|ingestion_timestamp|hospital_id|batch_id
-10000010272217|-10000930813424|V|60|14-Jul-2020|15-Jul-2020|17-Jul-2020||3|331131|1|1|1|| |14631.22|0.0| ||33|1972913473| |9999938092| |9999938092|||0|1| |14631.22|14-Jul-2020|3|1|A|10|0.0|2926.28|0|4|0.0|0.0|0|0|0|0|0|0|0|0|1|0|0|0|0|||||15-Jul-2020|951.0|0|0|Z95818|Z95818|Z95818|Y|R931|Y|I259|Y|Z604|Y|I129|N|R801|N|C50929|N|E0922|N|E1121|Y|E8881|Y|E781|Y|E119|Y|G4733|N|G479|Y|||||||||||||||||||||||X58|X58|Y| | | | | | | | | | | | | | | | | | | | | | |0BP18DZ|14-Jul-2020|BW03ZZZ|14-Jul-2020|||||||||||||||||||||||||||||||||||||||||||||||0|0||1|1|93229|3.0|2020-07-15T00:00:00|hospital_D|hospital_D_20200714
-10000010272217|-10000930813424|V|60|14-Jul-2020|15-Jul-2020|17-Jul-2020||3|331131|1|1|1|| |14631.22|0.0| ||33|1972913473| |9999938092| |9999938092|||0|1| |14631.22|14-Jul-2020|3|1|A|10|0.0|2926.28|0|4|0.0|0.0|0|0|0|0|0|0|0|0|1|0|0|0|0|||||15-Jul-2020|951.0|0|0|Z95818|Z95818|Z95818|Y|R931|Y|I259|Y|Z604|Y|I129|N|R801|N|C50929|N|E0922|N|E1121|Y|E8881|Y|E781|Y|E119|Y|G4733|N|G479|Y|||||||||||||||||||||||X58|X58|Y| | | | | | | | | | | | | | | | | | | | | | |0BP18DZ|14-Jul-2020|BW03ZZZ|14-Jul-2020|||||||||||||||||||||||||||||||||||||||||||||||0|0||2|1|71046|3.0|2020-07-15T00:00:00|hospital_D|hospital_D_20200714
-10000010272217|-10000930813422|V|60|14-Jul-2020|15-Jul-2020|17-Jul-2020||3|331131|1|1|1|| |22751.76|0.0| ||33|1972913473| |9999938092| |9999938092|||0|1| |22751.76|14-Jul-2020|3|2|A|10|0.0|4550.42|0|4|0.0|0.0|0|0|0|0|0|0|0|0|1|0|0|0|0|||||15-Jul-2020|303.0|0|0|R931|R931|Z951|N|R931|Y|I259|Y|T7432X|N|I151|N|E1129|N|C50929|N|N181|N|E1121|Y|E8881|Y|E781|Y|E119|Y|G4754|Y|G479|Y|||||||||||||||||||||||X58|W19|Y| | | | | | | | | | | | | | | | | | | | | | |BW03ZZZ|14-Jul-2020|B24DZZZ|14-Jul-2020|3E033FZ|14-Jul-2020|||||||||||||||||||||||||||||||||||||||||||||0|0||1|1|93229|3.0|2020-07-15T00:00:00|hospital_D|hospital_D_20200714
-10000010272217|-10000930813422|V|60|14-Jul-2020|15-Jul-2020|17-Jul-2020||3|331131|1|1|1|| |22751.76|0.0| ||33|1972913473| |9999938092| |9999938092|||0|1| |22751.76|14-Jul-2020|3|2|A|10|0.0|4550.42|0|4|0.0|0.0|0|0|0|0|0|0|0|0|1|0|0|0|0|||||15-Jul-2020|303.0|0|0|R931|R931|Z951|N|R931|Y|I259|Y|T7432X|N|I151|N|E1129|N|C50929|N|N181|N|E1121|Y|E8881|Y|E781|Y|E119|Y|G4754|Y|G479|Y|||||||||||||||||||||||X58|W19|Y| | | | | | | | | | | | | | | | | | | | | | |BW03ZZZ|14-Jul-2020|B24DZZZ|14-Jul-2020|3E033FZ|14-Jul-2020|||||||||||||||||||||||||||||||||||||||||||||0|0||2|1|71046|3.0|2020-07-15T00:00:00|hospital_D|hospital_D_20200714
-10000010272217|-10000930813422|V|60|14-Jul-2020|15-Jul-2020|17-Jul-2020||3|331131|1|1|1|| |22751.76|0.0| ||33|1972913473| |9999938092| |9999938092|||0|1| |22751.76|14-Jul-2020|3|2|A|10|0.0|4550.42|0|4|0.0|0.0|0|0|0|0|0|0|0|0|1|0|0|0|0|||||15-Jul-2020|303.0|0|0|R931|R931|Z951|N|R931|Y|I259|Y|T7432X|N|I151|N|E1129|N|C50929|N|N181|N|E1121|Y|E8881|Y|E781|Y|E119|Y|G4754|Y|G479|Y|||||||||||||||||||||||X58|W19|Y| | | | | | | | | | | | | | | | | | | | | | |BW03ZZZ|14-Jul-2020|B24DZZZ|14-Jul-2020|3E033FZ|14-Jul-2020|||||||||||||||||||||||||||||||||||||||||||||0|0||3|1|I3C|3.0|2020-07-15T00:00:00|hospital_D|hospital_D_20200714
-10000010272217|-10000930813422|V|60|14-Jul-2020|15-Jul-2020|17-Jul-2020||3|331131|1|1|1|| |22751.76|0.0| ||33|1972913473| |9999938092| |9999938092|||0|1| |22751.76|14-Jul-2020|3|2|A|10|0.0|4550.42|0|4|0.0|0.0|0|0|0|0|0|0|0|0|1|0|0|0|0|||||15-Jul-2020|303.0|0|0|R931|R931|Z951|N|R931|Y|I259|Y|T7432X|N|I151|N|E1129|N|C50929|N|N181|N|E1121|Y|E8881|Y|E781|Y|E119|Y|G4754|Y|G479|Y|||||||||||||||||||||||X58|W19|Y| | | | | | | | | | | | | | | | | | | | | | |BW03ZZZ|14-Jul-2020|B24DZZZ|14-Jul-2020|3E033FZ|14-Jul-2020|||||||||||||||||||||||||||||||||||||||||||||0|0||4|1|S9353|3.0|2020-07-15T00:00:00|hospital_D|hospital_D_20200714
-10000010272217|-10000930813422|V|60|14-Jul-2020|15-Jul-2020|17-Jul-2020||3|331131|1|1|1|| |22751.76|0.0| ||33|1972913473| |9999938092| |9999938092|||0|1| |22751.76|14-Jul-2020|3|2|A|10|0.0|4550.42|0|4|0.0|0.0|0|0|0|0|0|0|0|0|1|0|0|0|0|||||15-Jul-2020|303.0|0|0|R931|R931|Z951|N|R931|Y|I259|Y|T7432X|N|I151|N|E1129|N|C50929|N|N181|N|E1121|Y|E8881|Y|E781|Y|E119|Y|G4754|Y|G479|Y|||||||||||||||||||||||X58|W19|Y| | | | | | | | | | | | | | | | | | | | | | |BW03ZZZ|14-Jul-2020|B24DZZZ|14-Jul-2020|3E033FZ|14-Jul-2020|||||||||||||||||||||||||||||||||||||||||||||0|0||5|1|QS|3.0|2020-07-15T00:00:00|hospital_D|hospital_D_20200714
-10000010272217|-10000930813422|V|60|14-Jul-2020|15-Jul-2020|17-Jul-2020||3|331131|1|1|1|| |22751.76|0.0| ||33|1972913473| |9999938092| |9999938092|||0|1| |22751.76|14-Jul-2020|3|2|A|10|0.0|4550.42|0|4|0.0|0.0|0|0|0|0|0|0|0|0|1|0|0|0|0|||||15-Jul-2020|303.0|0|0|R931|R931|Z951|N|R931|Y|I259|Y|T7432X|N|I151|N|E1129|N|C50929|N|N181|N|E1121|Y|E8881|Y|E781|Y|E119|Y|G4754|Y|G479|Y|||||||||||||||||||||||X58|W19|Y| | | | | | | | | | | | | | | | | | | | | | |BW03ZZZ|14-Jul-2020|B24DZZZ|14-Jul-2020|3E033FZ|14-Jul-2020|||||||||||||||||||||||||||||||||||||||||||||0|0||6|1|G8942|3.0|2020-07-15T00:00:00|hospital_D|hospital_D_20200714
SYN_BENE_ED0849618233|SYN_CLM_4FE447739138|V|60|14-Jul-2020|15-Jul-2020|17-Jul-2020||3|331131|1|1|1|| |14631.22|0.0| ||33|1972913473| |9999938092| |9999938092|||0|1| |14631.22|14-Jul-2020|3|1|A|10|0.0|2926.28|0|4|0.0|0.0|0|0|0|0|0|0|0|0|1|0|0|0|0|||||15-Jul-2020|951.0|0|0|Z95818|Z95818|Z95818|Y|R931|Y|I259|Y|Z604|Y|I129|N|R801|N|C50929|N|E0922|N|E1121|Y|E8881|Y|E781|Y|E119|Y|G4733|N|G479|Y|||||||||||||||||||||||X58|X58|Y| | | | | | | | | | | | | | | | | | | | | | |0BP18DZ|14-Jul-2020|BW03ZZZ|14-Jul-2020|||||||||||||||||||||||||||||||||||||||||||||||0|0||1|1|93229|3.0|2020-07-15T00:00:00|hospital_D|hospital_D_20200714
SYN_BENE_ED0849618233|SYN_CLM_4FE447739138|V|60|14-Jul-2020|15-Jul-2020|17-Jul-2020||3|331131|1|1|1|| |14631.22|0.0| ||33|1972913473| |9999938092| |9999938092|||0|1| |14631.22|14-Jul-2020|3|1|A|10|0.0|2926.28|0|4|0.0|0.0|0|0|0|0|0|0|0|0|1|0|0|0|0|||||15-Jul-2020|951.0|0|0|Z95818|Z95818|Z95818|Y|R931|Y|I259|Y|Z604|Y|I129|N|R801|N|C50929|N|E0922|N|E1121|Y|E8881|Y|E781|Y|E119|Y|G4733|N|G479|Y|||||||||||||||||||||||X58|X58|Y| | | | | | | | | | | | | | | | | | | | | | |0BP18DZ|14-Jul-2020|BW03ZZZ|14-Jul-2020|||||||||||||||||||||||||||||||||||||||||||||||0|0||2|1|71046|3.0|2020-07-15T00:00:00|hospital_D|hospital_D_20200714
SYN_BENE_D173A215530B|SYN_CLM_EF7465CBBDBD|V|60|14-Jul-2020|15-Jul-2020|17-Jul-2020||3|331131|1|1|1|| |14631.22|0.0| ||33|1972913473| |9999938092| |9999938092|||0|1| |14631.22|14-Jul-2020|3|1|A|10|0.0|2926.28|0|4|0.0|0.0|0|0|0|0|0|0|0|0|1|0|0|0|0|||||15-Jul-2020|951.0|0|0|Z95818|Z95818|Z95818|Y|R931|Y|I259|Y|Z604|Y|I129|N|R801|N|C50929|N|E0922|N|E1121|Y|E8881|Y|E781|Y|E119|Y|G4733|N|G479|Y|||||||||||||||||||||||X58|X58|Y| | | | | | | | | | | | | | | | | | | | | | |0BP18DZ|14-Jul-2020|BW03ZZZ|14-Jul-2020|||||||||||||||||||||||||||||||||||||||||||||||0|0||1|1|93229|3.0|2020-07-15T00:00:00|hospital_D|hospital_D_20200714
SYN_BENE_D173A215530B|SYN_CLM_EF7465CBBDBD|V|60|14-Jul-2020|15-Jul-2020|17-Jul-2020||3|331131|1|1|1|| |14631.22|0.0| ||33|1972913473| |9999938092| |9999938092|||0|1| |14631.22|14-Jul-2020|3|1|A|10|0.0|2926.28|0|4|0.0|0.0|0|0|0|0|0|0|0|0|1|0|0|0|0|||||15-Jul-2020|951.0|0|0|Z95818|Z95818|Z95818|Y|R931|Y|I259|Y|Z604|Y|I129|N|R801|N|C50929|N|E0922|N|E1121|Y|E8881|Y|E781|Y|E119|Y|G4733|N|G479|Y|||||||||||||||||||||||X58|X58|Y| | | | | | | | | | | | | | | | | | | | | | |0BP18DZ|14-Jul-2020|BW03ZZZ|14-Jul-2020|||||||||||||||||||||||||||||||||||||||||||||||0|0||2|1|71046|3.0|2020-07-15T00:00:00|hospital_D|hospital_D_20200714
SYN_BENE_46C8A07171D5|SYN_CLM_558923B4206A|V|60|14-Jul-2020|15-Jul-2020|17-Jul-2020||3|331131|1|1|1|| |14631.22|0.0| ||33|1972913473| |9999938092| |9999938092|||0|1| |14631.22|14-Jul-2020|3|1|A|10|0.0|2926.28|0|4|0.0|0.0|0|0|0|0|0|0|0|0|1|0|0|0|0|||||15-Jul-2020|951.0|0|0|Z95818|Z95818|Z95818|Y|R931|Y|I259|Y|Z604|Y|I129|N|R801|N|C50929|N|E0922|N|E1121|Y|E8881|Y|E781|Y|E119|Y|G4733|N|G479|Y|||||||||||||||||||||||X58|X58|Y| | | | | | | | | | | | | | | | | | | | | | |0BP18DZ|14-Jul-2020|BW03ZZZ|14-Jul-2020|||||||||||||||||||||||||||||||||||||||||||||||0|0||1|1|93229|3.0|2020-07-15T00:00:00|hospital_D|hospital_D_20200714
SYN_BENE_46C8A07171D5|SYN_CLM_558923B4206A|V|60|14-Jul-2020|15-Jul-2020|17-Jul-2020||3|331131|1|1|1|| |14631.22|0.0| ||33|1972913473| |9999938092| |9999938092|||0|1| |14631.22|14-Jul-2020|3|1|A|10|0.0|2926.28|0|4|0.0|0.0|0|0|0|0|0|0|0|0|1|0|0|0|0|||||15-Jul-2020|951.0|0|0|Z95818|Z95818|Z95818|Y|R931|Y|I259|Y|Z604|Y|I129|N|R801|N|C50929|N|E0922|N|E1121|Y|E8881|Y|E781|Y|E119|Y|G4733|N|G479|Y|||||||||||||||||||||||X58|X58|Y| | | | | | | | | | | | | | | | | | | | | | |0BP18DZ|14-Jul-2020|BW03ZZZ|14-Jul-2020|||||||||||||||||||||||||||||||||||||||||||||||0|0||2|1|71046|3.0|2020-07-15T00:00:00|hospital_D|hospital_D_20200714
SYN_BENE_DCFCFAC66278|SYN_CLM_BF746E884EAE|V|60|14-Jul-2020|15-Jul-2020|17-Jul-2020||3|331131|1|1|1|| |14631.22|0.0| ||33|1972913473| |9999938092| |9999938092|||0|1| |14631.22|14-Jul-2020|3|1|A|10|0.0|2926.28|0|4|0.0|0.0|0|0|0|0|0|0|0|0|1|0|0|0|0|||||15-Jul-2020|951.0|0|0|Z95818|Z95818|Z95818|Y|R931|Y|I259|Y|Z604|Y|I129|N|R801|N|C50929|N|E0922|N|E1121|Y|E8881|Y|E781|Y|E119|Y|G4733|N|G479|Y|||||||||||||||||||||||X58|X58|Y| | | | | | | | | | | | | | | | | | | | | | |0BP18DZ|14-Jul-2020|BW03ZZZ|14-Jul-2020|||||||||||||||||||||||||||||||||||||||||||||||0|0||1|1|93229|3.0|2020-07-15T00:00:00|hospital_D|hospital_D_20200714
SYN_BENE_DCFCFAC66278|SYN_CLM_BF746E884EAE|V|60|14-Jul-2020|15-Jul-2020|17-Jul-2020||3|331131|1|1|1|| |14631.22|0.0| ||33|1972913473| |9999938092| |9999938092|||0|1| |14631.22|14-Jul-2020|3|1|A|10|0.0|2926.28|0|4|0.0|0.0|0|0|0|0|0|0|0|0|1|0|0|0|0|||||15-Jul-2020|951.0|0|0|Z95818|Z95818|Z95818|Y|R931|Y|I259|Y|Z604|Y|I129|N|R801|N|C50929|N|E0922|N|E1121|Y|E8881|Y|E781|Y|E119|Y|G4733|N|G479|Y|||||||||||||||||||||||X58|X58|Y| | | | | | | | | | | | | | | | | | | | | | |0BP18DZ|14-Jul-2020|BW03ZZZ|14-Jul-2020|||||||||||||||||||||||||||||||||||||||||||||||0|0||2|1|71046|3.0|2020-07-15T00:00:00|hospital_D|hospital_D_20200714
SYN_BENE_1CEDFADB9A29|SYN_CLM_C845F89B207B|V|60|14-Jul-2020|15-Jul-2020|17-Jul-2020||3|331131|1|1|1|| |14631.22|0.0| ||33|1972913473| |9999938092| |9999938092|||0|1| |14631.22|14-Jul-2020|3|1|A|10|0.0|2926.28|0|4|0.0|0.0|0|0|0|0|0|0|0|0|1|0|0|0|0|||||15-Jul-2020|951.0|0|0|Z95818|Z95818|Z95818|Y|R931|Y|I259|Y|Z604|Y|I129|N|R801|N|C50929|N|E0922|N|E1121|Y|E8881|Y|E781|Y|E119|Y|G4733|N|G479|Y|||||||||||||||||||||||X58|X58|Y| | | | | | | | | | | | | | | | | | | | | | |0BP18DZ|14-Jul-2020|BW03ZZZ|14-Jul-2020|||||||||||||||||||||||||||||||||||||||||||||||0|0||1|1|93229|3.0|2020-07-15T00:00:00|hospital_D|hospital_D_20200714
SYN_BENE_1CEDFADB9A29|SYN_CLM_C845F89B207B|V|60|14-Jul-2020|15-Jul-2020|17-Jul-2020||3|331131|1|1|1|| |14631.22|0.0| ||33|1972913473| |9999938092| |9999938092|||0|1| |14631.22|14-Jul-2020|3|1|A|10|0.0|2926.28|0|4|0.0|0.0|0|0|0|0|0|0|0|0|1|0|0|0|0|||||15-Jul-2020|951.0|0|0|Z95818|Z95818|Z95818|Y|R931|Y|I259|Y|Z604|Y|I129|N|R801|N|C50929|N|E0922|N|E1121|Y|E8881|Y|E781|Y|E119|Y|G4733|N|G479|Y|||||||||||||||||||||||X58|X58|Y| | | | | | | | | | | | | | | | | | | | | | |0BP18DZ|14-Jul-2020|BW03ZZZ|14-Jul-2020|||||||||||||||||||||||||||||||||||||||||||||||0|0||2|1|71046|3.0|2020-07-15T00:00:00|hospital_D|hospital_D_20200714
SYN_BENE_B546D0EAE729|SYN_CLM_9DA16B222BB6|V|60|14-Jul-2020|15-Jul-2020|17-Jul-2020||3|331131|1|1|1|| |14631.22|0.0| ||33|1972913473| |9999938092| |9999938092|||0|1| |14631.22|14-Jul-2020|3|1|A|10|0.0|2926.28|0|4|0.0|0.0|0|0|0|0|0|0|0|0|1|0|0|0|0|||||15-Jul-2020|951.0|0|0|Z95818|Z95818|Z95818|Y|R931|Y|I259|Y|Z604|Y|I129|N|R801|N|C50929|N|E0922|N|E1121|Y|E8881|Y|E781|Y|E119|Y|G4733|N|G479|Y|||||||||||||||||||||||X58|X58|Y| | | | | | | | | | | | | | | | | | | | | | |0BP18DZ|14-Jul-2020|BW03ZZZ|14-Jul-2020|||||||||||||||||||||||||||||||||||||||||||||||0|0||1|1|93229|3.0|2020-07-15T00:00:00|hospital_D|hospital_D_20200714
SYN_BENE_B546D0EAE729|SYN_CLM_9DA16B222BB6|V|60|14-Jul-2020|15-Jul-2020|17-Jul-2020||3|331131|1|1|1|| |14631.22|0.0| ||33|1972913473| |9999938092| |9999938092|||0|1| |14631.22|14-Jul-2020|3|1|A|10|0.0|2926.28|0|4|0.0|0.0|0|0|0|0|0|0|0|0|1|0|0|0|0|||||15-Jul-2020|951.0|0|0|Z95818|Z95818|Z95818|Y|R931|Y|I259|Y|Z604|Y|I129|N|R801|N|C50929|N|E0922|N|E1121|Y|E8881|Y|E781|Y|E119|Y|G4733|N|G479|Y|||||||||||||||||||||||X58|X58|Y| | | | | | | | | | | | | | | | | | | | | | |0BP18DZ|14-Jul-2020|BW03ZZZ|14-Jul-2020|||||||||||||||||||||||||||||||||||||||||||||||0|0||2|1|71046|3.0|2020-07-15T00:00:00|hospital_D|hospital_D_20200714
SYN_BENE_5A4573F81305|SYN_CLM_C5FCC9E2CE6E|V|60|14-Jul-2020|15-Jul-2020|17-Jul-2020||3|331131|1|1|1|| |14631.22|0.0| ||33|1972913473| |9999938092| |9999938092|||0|1| |14631.22|14-Jul-2020|3|1|A|10|0.0|2926.28|0|4|0.0|0.0|0|0|0|0|0|0|0|0|1|0|0|0|0|||||15-Jul-2020|951.0|0|0|Z95818|Z95818|Z95818|Y|R931|Y|I259|Y|Z604|Y|I129|N|R801|N|C50929|N|E0922|N|E1121|Y|E8881|Y|E781|Y|E119|Y|G4733|N|G479|Y|||||||||||||||||||||||X58|X58|Y| | | | | | | | | | | | | | | | | | | | | | |0BP18DZ|14-Jul-2020|BW03ZZZ|14-Jul-2020|||||||||||||||||||||||||||||||||||||||||||||||0|0||1|1|93229|3.0|2020-07-15T00:00:00|hospital_D|hospital_D_20200714
SYN_BENE_5A4573F81305|SYN_CLM_C5FCC9E2CE6E|V|60|14-Jul-2020|15-Jul-2020|17-Jul-2020||3|331131|1|1|1|| |14631.22|0.0| ||33|1972913473| |9999938092| |9999938092|||0|1| |14631.22|14-Jul-2020|3|1|A|10|0.0|2926.28|0|4|0.0|0.0|0|0|0|0|0|0|0|0|1|0|0|0|0|||||15-Jul-2020|951.0|0|0|Z95818|Z95818|Z95818|Y|R931|Y|I259|Y|Z604|Y|I129|N|R801|N|C50929|N|E0922|N|E1121|Y|E8881|Y|E781|Y|E119|Y|G4733|N|G479|Y|||||||||||||||||||||||X58|X58|Y| | | | | | | | | | | | | | | | | | | | | | |0BP18DZ|14-Jul-2020|BW03ZZZ|14-Jul-2020|||||||||||||||||||||||||||||||||||||||||||||||0|0||2|1|71046|3.0|2020-07-15T00:00:00|hospital_D|hospital_D_20200714
SYN_BENE_3B3DEEA8CFB5|SYN_CLM_A242A45A1642|V|60|14-Jul-2020|15-Jul-2020|17-Jul-2020||3|331131|1|1|1|| |22751.76|0.0| ||33|1972913473| |9999938092| |9999938092|||0|1| |22751.76|14-Jul-2020|3|2|A|10|0.0|4550.42|0|4|0.0|0.0|0|0|0|0|0|0|0|0|1|0|0|0|0|||||15-Jul-2020|303.0|0|0|R931|R931|Z951|N|R931|Y|I259|Y|T7432X|N|I151|N|E1129|N|C50929|N|N181|N|E1121|Y|E8881|Y|E781|Y|E119|Y|G4754|Y|G479|Y|||||||||||||||||||||||X58|W19|Y| | | | | | | | | | | | | | | | | | | | | | |BW03ZZZ|14-Jul-2020|B24DZZZ|14-Jul-2020|3E033FZ|14-Jul-2020|||||||||||||||||||||||||||||||||||||||||||||0|0||1|1|93229|3.0|2020-07-15T00:00:00|hospital_D|hospital_D_20200714
SYN_BENE_3B3DEEA8CFB5|SYN_CLM_A242A45A1642|V|60|14-Jul-2020|15-Jul-2020|17-Jul-2020||3|331131|1|1|1|| |22751.76|0.0| ||33|1972913473| |9999938092| |9999938092|||0|1| |22751.76|14-Jul-2020|3|2|A|10|0.0|4550.42|0|4|0.0|0.0|0|0|0|0|0|0|0|0|1|0|0|0|0|||||15-Jul-2020|303.0|0|0|R931|R931|Z951|N|R931|Y|I259|Y|T7432X|N|I151|N|E1129|N|C50929|N|N181|N|E1121|Y|E8881|Y|E781|Y|E119|Y|G4754|Y|G479|Y|||||||||||||||||||||||X58|W19|Y| | | | | | | | | | | | | | | | | | | | | | |BW03ZZZ|14-Jul-2020|B24DZZZ|14-Jul-2020|3E033FZ|14-Jul-2020|||||||||||||||||||||||||||||||||||||||||||||0|0||2|1|71046|3.0|2020-07-15T00:00:00|hospital_D|hospital_D_20200714
SYN_BENE_3B3DEEA8CFB5|SYN_CLM_A242A45A1642|V|60|14-Jul-2020|15-Jul-2020|17-Jul-2020||3|331131|1|1|1|| |22751.76|0.0| ||33|1972913473| |9999938092| |9999938092|||0|1| |22751.76|14-Jul-2020|3|2|A|10|0.0|4550.42|0|4|0.0|0.0|0|0|0|0|0|0|0|0|1|0|0|0|0|||||15-Jul-2020|303.0|0|0|R931|R931|Z951|N|R931|Y|I259|Y|T7432X|N|I151|N|E1129|N|C50929|N|N181|N|E1121|Y|E8881|Y|E781|Y|E119|Y|G4754|Y|G479|Y|||||||||||||||||||||||X58|W19|Y| | | | | | | | | | | | | | | | | | | | | | |BW03ZZZ|14-Jul-2020|B24DZZZ|14-Jul-2020|3E033FZ|14-Jul-2020|||||||||||||||||||||||||||||||||||||||||||||0|0||3|1|I3C|3.0|2020-07-15T00:00:00|hospital_D|hospital_D_20200714
SYN_BENE_3B3DEEA8CFB5|SYN_CLM_A242A45A1642|V|60|14-Jul-2020|15-Jul-2020|17-Jul-2020||3|331131|1|1|1|| |22751.76|0.0| ||33|1972913473| |9999938092| |9999938092|||0|1| |22751.76|14-Jul-2020|3|2|A|10|0.0|4550.42|0|4|0.0|0.0|0|0|0|0|0|0|0|0|1|0|0|0|0|||||15-Jul-2020|303.0|0|0|R931|R931|Z951|N|R931|Y|I259|Y|T7432X|N|I151|N|E1129|N|C50929|N|N181|N|E1121|Y|E8881|Y|E781|Y|E119|Y|G4754|Y|G479|Y|||||||||||||||||||||||X58|W19|Y| | | | | | | | | | | | | | | | | | | | | | |BW03ZZZ|14-Jul-2020|B24DZZZ|14-Jul-2020|3E033FZ|14-Jul-2020|||||||||||||||||||||||||||||||||||||||||||||0|0||4|1|S9353|3.0|2020-07-15T00:00:00|hospital_D|hospital_D_20200714
SYN_BENE_3B3DEEA8CFB5|SYN_CLM_A242A45A1642|V|60|14-Jul-2020|15-Jul-2020|17-Jul-2020||3|331131|1|1|1|| |22751.76|0.0| ||33|1972913473| |9999938092| |9999938092|||0|1| |22751.76|14-Jul-2020|3|2|A|10|0.0|4550.42|0|4|0.0|0.0|0|0|0|0|0|0|0|0|1|0|0|0|0|||||15-Jul-2020|303.0|0|0|R931|R931|Z951|N|R931|Y|I259|Y|T7432X|N|I151|N|E1129|N|C50929|N|N181|N|E1121|Y|E8881|Y|E781|Y|E119|Y|G4754|Y|G479|Y|||||||||||||||||||||||X58|W19|Y| | | | | | | | | | | | | | | | | | | | | | |BW03ZZZ|14-Jul-2020|B24DZZZ|14-Jul-2020|3E033FZ|14-Jul-2020|||||||||||||||||||||||||||||||||||||||||||||0|0||5|1|QS|3.0|2020-07-15T00:00:00|hospital_D|hospital_D_20200714
SYN_BENE_3B3DEEA8CFB5|SYN_CLM_A242A45A1642|V|60|14-Jul-2020|15-Jul-2020|17-Jul-2020||3|331131|1|1|1|| |22751.76|0.0| ||33|1972913473| |9999938092| |9999938092|||0|1| |22751.76|14-Jul-2020|3|2|A|10|0.0|4550.42|0|4|0.0|0.0|0|0|0|0|0|0|0|0|1|0|0|0|0|||||15-Jul-2020|303.0|0|0|R931|R931|Z951|N|R931|Y|I259|Y|T7432X|N|I151|N|E1129|N|C50929|N|N181|N|E1121|Y|E8881|Y|E781|Y|E119|Y|G4754|Y|G479|Y|||||||||||||||||||||||X58|W19|Y| | | | | | | | | | | | | | | | | | | | | | |BW03ZZZ|14-Jul-2020|B24DZZZ|14-Jul-2020|3E033FZ|14-Jul-2020|||||||||||||||||||||||||||||||||||||||||||||0|0||6|1|G8942|3.0|2020-07-15T00:00:00|hospital_D|hospital_D_20200714
SYN_BENE_897DF6E7B922|SYN_CLM_E522F0339F98|V|60|14-Jul-2020|15-Jul-2020|17-Jul-2020||3|331131|1|1|1|| |22751.76|0.0| ||33|1972913473| |9999938092| |9999938092|||0|1| |22751.76|14-Jul-2020|3|2|A|10|0.0|4550.42|0|4|0.0|0.0|0|0|0|0|0|0|0|0|1|0|0|0|0|||||15-Jul-2020|303.0|0|0|R931|R931|Z951|N|R931|Y|I259|Y|T7432X|N|I151|N|E1129|N|C50929|N|N181|N|E1121|Y|E8881|Y|E781|Y|E119|Y|G4754|Y|G479|Y|||||||||||||||||||||||X58|W19|Y| | | | | | | | | | | | | | | | | | | | | | |BW03ZZZ|14-Jul-2020|B24DZZZ|14-Jul-2020|3E033FZ|14-Jul-2020|||||||||||||||||||||||||||||||||||||||||||||0|0||1|1|93229|3.0|2020-07-15T00:00:00|hospital_D|hospital_D_20200714
SYN_BENE_897DF6E7B922|SYN_CLM_E522F0339F98|V|60|14-Jul-2020|15-Jul-2020|17-Jul-2020||3|331131|1|1|1|| |22751.76|0.0| ||33|1972913473| |9999938092| |9999938092|||0|1| |22751.76|14-Jul-2020|3|2|A|10|0.0|4550.42|0|4|0.0|0.0|0|0|0|0|0|0|0|0|1|0|0|0|0|||||15-Jul-2020|303.0|0|0|R931|R931|Z951|N|R931|Y|I259|Y|T7432X|N|I151|N|E1129|N|C50929|N|N181|N|E1121|Y|E8881|Y|E781|Y|E119|Y|G4754|Y|G479|Y|||||||||||||||||||||||X58|W19|Y| | | | | | | | | | | | | | | | | | | | | | |BW03ZZZ|14-Jul-2020|B24DZZZ|14-Jul-2020|3E033FZ|14-Jul-2020|||||||||||||||||||||||||||||||||||||||||||||0|0||2|1|71046|3.0|2020-07-15T00:00:00|hospital_D|hospital_D_20200714
SYN_BENE_897DF6E7B922|SYN_CLM_E522F0339F98|V|60|14-Jul-2020|15-Jul-2020|17-Jul-2020||3|331131|1|1|1|| |22751.76|0.0| ||33|1972913473| |9999938092| |9999938092|||0|1| |22751.76|14-Jul-2020|3|2|A|10|0.0|4550.42|0|4|0.0|0.0|0|0|0|0|0|0|0|0|1|0|0|0|0|||||15-Jul-2020|303.0|0|0|R931|R931|Z951|N|R931|Y|I259|Y|T7432X|N|I151|N|E1129|N|C50929|N|N181|N|E1121|Y|E8881|Y|E781|Y|E119|Y|G4754|Y|G479|Y|||||||||||||||||||||||X58|W19|Y| | | | | | | | | | | | | | | | | | | | | | |BW03ZZZ|14-Jul-2020|B24DZZZ|14-Jul-2020|3E033FZ|14-Jul-2020|||||||||||||||||||||||||||||||||||||||||||||0|0||3|1|I3C|3.0|2020-07-15T00:00:00|hospital_D|hospital_D_20200714
SYN_BENE_897DF6E7B922|SYN_CLM_E522F0339F98|V|60|14-Jul-2020|15-Jul-2020|17-Jul-2020||3|331131|1|1|1|| |22751.76|0.0| ||33|1972913473| |9999938092| |9999938092|||0|1| |22751.76|14-Jul-2020|3|2|A|10|0.0|4550.42|0|4|0.0|0.0|0|0|0|0|0|0|0|0|1|0|0|0|0|||||15-Jul-2020|303.0|0|0|R931|R931|Z951|N|R931|Y|I259|Y|T7432X|N|I151|N|E1129|N|C50929|N|N181|N|E1121|Y|E8881|Y|E781|Y|E119|Y|G4754|Y|G479|Y|||||||||||||||||||||||X58|W19|Y| | | | | | | | | | | | | | | | | | | | | | |BW03ZZZ|14-Jul-2020|B24DZZZ|14-Jul-2020|3E033FZ|14-Jul-2020|||||||||||||||||||||||||||||||||||||||||||||0|0||4|1|S9353|3.0|2020-07-15T00:00:00|hospital_D|hospital_D_20200714
SYN_BENE_897DF6E7B922|SYN_CLM_E522F0339F98|V|60|14-Jul-2020|15-Jul-2020|17-Jul-2020||3|331131|1|1|1|| |22751.76|0.0| ||33|1972913473| |9999938092| |9999938092|||0|1| |22751.76|14-Jul-2020|3|2|A|10|0.0|4550.42|0|4|0.0|0.0|0|0|0|0|0|0|0|0|1|0|0|0|0|||||15-Jul-2020|303.0|0|0|R931|R931|Z951|N|R931|Y|I259|Y|T7432X|N|I151|N|E1129|N|C50929|N|N181|N|E1121|Y|E8881|Y|E781|Y|E119|Y|G4754|Y|G479|Y|||||||||||||||||||||||X58|W19|Y| | | | | | | | | | | | | | | | | | | | | | |BW03ZZZ|14-Jul-2020|B24DZZZ|14-Jul-2020|3E033FZ|14-Jul-2020|||||||||||||||||||||||||||||||||||||||||||||0|0||5|1|QS|3.0|2020-07-15T00:00:00|hospital_D|hospital_D_20200714
SYN_BENE_897DF6E7B922|SYN_CLM_E522F0339F98|V|60|14-Jul-2020|15-Jul-2020|17-Jul-2020||3|331131|1|1|1|| |22751.76|0.0| ||33|1972913473| |9999938092| |9999938092|||0|1| |22751.76|14-Jul-2020|3|2|A|10|0.0|4550.42|0|4|0.0|0.0|0|0|0|0|0|0|0|0|1|0|0|0|0|||||15-Jul-2020|303.0|0|0|R931|R931|Z951|N|R931|Y|I259|Y|T7432X|N|I151|N|E1129|N|C50929|N|N181|N|E1121|Y|E8881|Y|E781|Y|E119|Y|G4754|Y|G479|Y|||||||||||||||||||||||X58|W19|Y| | | | | | | | | | | | | | | | | | | | | | |BW03ZZZ|14-Jul-2020|B24DZZZ|14-Jul-2020|3E033FZ|14-Jul-2020|||||||||||||||||||||||||||||||||||||||||||||0|0||6|1|G8942|3.0|2020-07-15T00:00:00|hospital_D|hospital_D_20200714
SYN_BENE_51D5E1990456|SYN_CLM_CD93EB1606DF|V|60|14-Jul-2020|15-Jul-2020|17-Jul-2020||3|331131|1|1|1|| |14631.22|0.0| ||33|1972913473| |9999938092| |9999938092|||0|1| |14631.22|14-Jul-2020|3|1|A|10|0.0|2926.28|0|4|0.0|0.0|0|0|0|0|0|0|0|0|1|0|0|0|0|||||15-Jul-2020|951.0|0|0|Z95818|Z95818|Z95818|Y|R931|Y|I259|Y|Z604|Y|I129|N|R801|N|C50929|N|E0922|N|E1121|Y|E8881|Y|E781|Y|E119|Y|G4733|N|G479|Y|||||||||||||||||||||||X58|X58|Y| | | | | | | | | | | | | | | | | | | | | | |0BP18DZ|14-Jul-2020|BW03ZZZ|14-Jul-2020|||||||||||||||||||||||||||||||||||||||||||||||0|0||1|1|93229|3.0|2020-07-15T00:00:00|hospital_D|hospital_D_20200714
SYN_BENE_51D5E1990456|SYN_CLM_CD93EB1606DF|V|60|14-Jul-2020|15-Jul-2020|17-Jul-2020||3|331131|1|1|1|| |14631.22|0.0| ||33|1972913473| |9999938092| |9999938092|||0|1| |14631.22|14-Jul-2020|3|1|A|10|0.0|2926.28|0|4|0.0|0.0|0|0|0|0|0|0|0|0|1|0|0|0|0|||||15-Jul-2020|951.0|0|0|Z95818|Z95818|Z95818|Y|R931|Y|I259|Y|Z604|Y|I129|N|R801|N|C50929|N|E0922|N|E1121|Y|E8881|Y|E781|Y|E119|Y|G4733|N|G479|Y|||||||||||||||||||||||X58|X58|Y| | | | | | | | | | | | | | | | | | | | | | |0BP18DZ|14-Jul-2020|BW03ZZZ|14-Jul-2020|||||||||||||||||||||||||||||||||||||||||||||||0|0||2|1|71046|3.0|2020-07-15T00:00:00|hospital_D|hospital_D_20200714
SYN_BENE_6D34E0D16C55|SYN_CLM_67F0AA749632|V|60|14-Jul-2020|15-Jul-2020|17-Jul-2020||3|331131|1|1|1|| |22751.76|0.0| ||33|1972913473| |9999938092| |9999938092|||0|1| |22751.76|14-Jul-2020|3|2|A|10|0.0|4550.42|0|4|0.0|0.0|0|0|0|0|0|0|0|0|1|0|0|0|0|||||15-Jul-2020|303.0|0|0|R931|R931|Z951|N|R931|Y|I259|Y|T7432X|N|I151|N|E1129|N|C50929|N|N181|N|E1121|Y|E8881|Y|E781|Y|E119|Y|G4754|Y|G479|Y|||||||||||||||||||||||X58|W19|Y| | | | | | | | | | | | | | | | | | | | | | |BW03ZZZ|14-Jul-2020|B24DZZZ|14-Jul-2020|3E033FZ|14-Jul-2020|||||||||||||||||||||||||||||||||||||||||||||0|0||1|1|93229|3.0|2020-07-15T00:00:00|hospital_D|hospital_D_20200714
SYN_BENE_6D34E0D16C55|SYN_CLM_67F0AA749632|V|60|14-Jul-2020|15-Jul-2020|17-Jul-2020||3|331131|1|1|1|| |22751.76|0.0| ||33|1972913473| |9999938092| |9999938092|||0|1| |22751.76|14-Jul-2020|3|2|A|10|0.0|4550.42|0|4|0.0|0.0|0|0|0|0|0|0|0|0|1|0|0|0|0|||||15-Jul-2020|303.0|0|0|R931|R931|Z951|N|R931|Y|I259|Y|T7432X|N|I151|N|E1129|N|C50929|N|N181|N|E1121|Y|E8881|Y|E781|Y|E119|Y|G4754|Y|G479|Y|||||||||||||||||||||||X58|W19|Y| | | | | | | | | | | | | | | | | | | | | | |BW03ZZZ|14-Jul-2020|B24DZZZ|14-Jul-2020|3E033FZ|14-Jul-2020|||||||||||||||||||||||||||||||||||||||||||||0|0||2|1|71046|3.0|2020-07-15T00:00:00|hospital_D|hospital_D_20200714
SYN_BENE_6D34E0D16C55|SYN_CLM_67F0AA749632|V|60|14-Jul-2020|15-Jul-2020|17-Jul-2020||3|331131|1|1|1|| |22751.76|0.0| ||33|1972913473| |9999938092| |9999938092|||0|1| |22751.76|14-Jul-2020|3|2|A|10|0.0|4550.42|0|4|0.0|0.0|0|0|0|0|0|0|0|0|1|0|0|0|0|||||15-Jul-2020|303.0|0|0|R931|R931|Z951|N|R931|Y|I259|Y|T7432X|N|I151|N|E1129|N|C50929|N|N181|N|E1121|Y|E8881|Y|E781|Y|E119|Y|G4754|Y|G479|Y|||||||||||||||||||||||X58|W19|Y| | | | | | | | | | | | | | | | | | | | | | |BW03ZZZ|14-Jul-2020|B24DZZZ|14-Jul-2020|3E033FZ|14-Jul-2020|||||||||||||||||||||||||||||||||||||||||||||0|0||3|1|I3C|3.0|2020-07-15T00:00:00|hospital_D|hospital_D_20200714
SYN_BENE_6D34E0D16C55|SYN_CLM_67F0AA749632|V|60|14-Jul-2020|15-Jul-2020|17-Jul-2020||3|331131|1|1|1|| |22751.76|0.0| ||33|1972913473| |9999938092| |9999938092|||0|1| |22751.76|14-Jul-2020|3|2|A|10|0.0|4550.42|0|4|0.0|0.0|0|0|0|0|0|0|0|0|1|0|0|0|0|||||15-Jul-2020|303.0|0|0|R931|R931|Z951|N|R931|Y|I259|Y|T7432X|N|I151|N|E1129|N|C50929|N|N181|N|E1121|Y|E8881|Y|E781|Y|E119|Y|G4754|Y|G479|Y|||||||||||||||||||||||X58|W19|Y| | | | | | | | | | | | | | | | | | | | | | |BW03ZZZ|14-Jul-2020|B24DZZZ|14-Jul-2020|3E033FZ|14-Jul-2020|||||||||||||||||||||||||||||||||||||||||||||0|0||4|1|S9353|3.0|2020-07-15T00:00:00|hospital_D|hospital_D_20200714
SYN_BENE_6D34E0D16C55|SYN_CLM_67F0AA749632|V|60|14-Jul-2020|15-Jul-2020|17-Jul-2020||3|331131|1|1|1|| |22751.76|0.0| ||33|1972913473| |9999938092| |9999938092|||0|1| |22751.76|14-Jul-2020|3|2|A|10|0.0|4550.42|0|4|0.0|0.0|0|0|0|0|0|0|0|0|1|0|0|0|0|||||15-Jul-2020|303.0|0|0|R931|R931|Z951|N|R931|Y|I259|Y|T7432X|N|I151|N|E1129|N|C50929|N|N181|N|E1121|Y|E8881|Y|E781|Y|E119|Y|G4754|Y|G479|Y|||||||||||||||||||||||X58|W19|Y| | | | | | | | | | | | | | | | | | | | | | |BW03ZZZ|14-Jul-2020|B24DZZZ|14-Jul-2020|3E033FZ|14-Jul-2020|||||||||||||||||||||||||||||||||||||||||||||0|0||5|1|QS|3.0|2020-07-15T00:00:00|hospital_D|hospital_D_20200714
SYN_BENE_6D34E0D16C55|SYN_CLM_67F0AA749632|V|60|14-Jul-2020|15-Jul-2020|17-Jul-2020||3|331131|1|1|1|| |22751.76|0.0| ||33|1972913473| |9999938092| |9999938092|||0|1| |22751.76|14-Jul-2020|3|2|A|10|0.0|4550.42|0|4|0.0|0.0|0|0|0|0|0|0|0|0|1|0|0|0|0|||||15-Jul-2020|303.0|0|0|R931|R931|Z951|N|R931|Y|I259|Y|T7432X|N|I151|N|E1129|N|C50929|N|N181|N|E1121|Y|E8881|Y|E781|Y|E119|Y|G4754|Y|G479|Y|||||||||||||||||||||||X58|W19|Y| | | | | | | | | | | | | | | | | | | | | | |BW03ZZZ|14-Jul-2020|B24DZZZ|14-Jul-2020|3E033FZ|14-Jul-2020|||||||||||||||||||||||||||||||||||||||||||||0|0||6|1|G8942|3.0|2020-07-15T00:00:00|hospital_D|hospital_D_20200714
SYN_BENE_56C67E78CC28|SYN_CLM_466BCCF2B2FF|V|60|14-Jul-2020|15-Jul-2020|17-Jul-2020||3|331131|1|1|1|| |22751.76|0.0| ||33|1972913473| |9999938092| |9999938092|||0|1| |22751.76|14-Jul-2020|3|2|A|10|0.0|4550.42|0|4|0.0|0.0|0|0|0|0|0|0|0|0|1|0|0|0|0|||||15-Jul-2020|303.0|0|0|R931|R931|Z951|N|R931|Y|I259|Y|T7432X|N|I151|N|E1129|N|C50929|N|N181|N|E1121|Y|E8881|Y|E781|Y|E119|Y|G4754|Y|G479|Y|||||||||||||||||||||||X58|W19|Y| | | | | | | | | | | | | | | | | | | | | | |BW03ZZZ|14-Jul-2020|B24DZZZ|14-Jul-2020|3E033FZ|14-Jul-2020|||||||||||||||||||||||||||||||||||||||||||||0|0||1|1|93229|3.0|2020-07-15T00:00:00|hospital_D|hospital_D_20200714
SYN_BENE_56C67E78CC28|SYN_CLM_466BCCF2B2FF|V|60|14-Jul-2020|15-Jul-2020|17-Jul-2020||3|331131|1|1|1|| |22751.76|0.0| ||33|1972913473| |9999938092| |9999938092|||0|1| |22751.76|14-Jul-2020|3|2|A|10|0.0|4550.42|0|4|0.0|0.0|0|0|0|0|0|0|0|0|1|0|0|0|0|||||15-Jul-2020|303.0|0|0|R931|R931|Z951|N|R931|Y|I259|Y|T7432X|N|I151|N|E1129|N|C50929|N|N181|N|E1121|Y|E8881|Y|E781|Y|E119|Y|G4754|Y|G479|Y|||||||||||||||||||||||X58|W19|Y| | | | | | | | | | | | | | | | | | | | | | |BW03ZZZ|14-Jul-2020|B24DZZZ|14-Jul-2020|3E033FZ|14-Jul-2020|||||||||||||||||||||||||||||||||||||||||||||0|0||2|1|71046|3.0|2020-07-15T00:00:00|hospital_D|hospital_D_20200714
SYN_BENE_56C67E78CC28|SYN_CLM_466BCCF2B2FF|V|60|14-Jul-2020|15-Jul-2020|17-Jul-2020||3|331131|1|1|1|| |22751.76|0.0| ||33|1972913473| |9999938092| |9999938092|||0|1| |22751.76|14-Jul-2020|3|2|A|10|0.0|4550.42|0|4|0.0|0.0|0|0|0|0|0|0|0|0|1|0|0|0|0|||||15-Jul-2020|303.0|0|0|R931|R931|Z951|N|R931|Y|I259|Y|T7432X|N|I151|N|E1129|N|C50929|N|N181|N|E1121|Y|E8881|Y|E781|Y|E119|Y|G4754|Y|G479|Y|||||||||||||||||||||||X58|W19|Y| | | | | | | | | | | | | | | | | | | | | | |BW03ZZZ|14-Jul-2020|B24DZZZ|14-Jul-2020|3E033FZ|14-Jul-2020|||||||||||||||||||||||||||||||||||||||||||||0|0||3|1|I3C|3.0|2020-07-15T00:00:00|hospital_D|hospital_D_20200714
SYN_BENE_56C67E78CC28|SYN_CLM_466BCCF2B2FF|V|60|14-Jul-2020|15-Jul-2020|17-Jul-2020||3|331131|1|1|1|| |22751.76|0.0| ||33|1972913473| |9999938092| |9999938092|||0|1| |22751.76|14-Jul-2020|3|2|A|10|0.0|4550.42|0|4|0.0|0.0|0|0|0|0|0|0|0|0|1|0|0|0|0|||||15-Jul-2020|303.0|0|0|R931|R931|Z951|N|R931|Y|I259|Y|T7432X|N|I151|N|E1129|N|C50929|N|N181|N|E1121|Y|E8881|Y|E781|Y|E119|Y|G4754|Y|G479|Y|||||||||||||||||||||||X58|W19|Y| | | | | | | | | | | | | | | | | | | | | | |BW03ZZZ|14-Jul-2020|B24DZZZ|14-Jul-2020|3E033FZ|14-Jul-2020|||||||||||||||||||||||||||||||||||||||||||||0|0||4|1|S9353|3.0|2020-07-15T00:00:00|hospital_D|hospital_D_20200714
SYN_BENE_56C67E78CC28|SYN_CLM_466BCCF2B2FF|V|60|14-Jul-2020|15-Jul-2020|17-Jul-2020||3|331131|1|1|1|| |22751.76|0.0| ||33|1972913473| |9999938092| |9999938092|||0|1| |22751.76|14-Jul-2020|3|2|A|10|0.0|4550.42|0|4|0.0|0.0|0|0|0|0|0|0|0|0|1|0|0|0|0|||||15-Jul-2020|303.0|0|0|R931|R931|Z951|N|R931|Y|I259|Y|T7432X|N|I151|N|E1129|N|C50929|N|N181|N|E1121|Y|E8881|Y|E781|Y|E119|Y|G4754|Y|G479|Y|||||||||||||||||||||||X58|W19|Y| | | | | | | | | | | | | | | | | | | | | | |BW03ZZZ|14-Jul-2020|B24DZZZ|14-Jul-2020|3E033FZ|14-Jul-2020|||||||||||||||||||||||||||||||||||||||||||||0|0||5|1|QS|3.0|2020-07-15T00:00:00|hospital_D|hospital_D_20200714
SYN_BENE_56C67E78CC28|SYN_CLM_466BCCF2B2FF|V|60|14-Jul-2020|15-Jul-2020|17-Jul-2020||3|331131|1|1|1|| |22751.76|0.0| ||33|1972913473| |9999938092| |9999938092|||0|1| |22751.76|14-Jul-2020|3|2|A|10|0.0|4550.42|0|4|0.0|0.0|0|0|0|0|0|0|0|0|1|0|0|0|0|||||15-Jul-2020|303.0|0|0|R931|R931|Z951|N|R931|Y|I259|Y|T7432X|N|I151|N|E1129|N|C50929|N|N181|N|E1121|Y|E8881|Y|E781|Y|E119|Y|G4754|Y|G479|Y|||||||||||||||||||||||X58|W19|Y| | | | | | | | | | | | | | | | | | | | | | |BW03ZZZ|14-Jul-2020|B24DZZZ|14-Jul-2020|3E033FZ|14-Jul-2020|||||||||||||||||||||||||||||||||||||||||||||0|0||6|1|G8942|3.0|2020-07-15T00:00:00|hospital_D|hospital_D_20200714
SYN_BENE_66D5738270A5|SYN_CLM_E93B73393E10|V|60|14-Jul-2020|15-Jul-2020|17-Jul-2020||3|331131|1|1|1|| |14631.22|0.0| ||33|1972913473| |9999938092| |9999938092|||0|1| |14631.22|14-Jul-2020|3|1|A|10|0.0|2926.28|0|4|0.0|0.0|0|0|0|0|0|0|0|0|1|0|0|0|0|||||15-Jul-2020|951.0|0|0|Z95818|Z95818|Z95818|Y|R931|Y|I259|Y|Z604|Y|I129|N|R801|N|C50929|N|E0922|N|E1121|Y|E8881|Y|E781|Y|E119|Y|G4733|N|G479|Y|||||||||||||||||||||||X58|X58|Y| | | | | | | | | | | | | | | | | | | | | | |0BP18DZ|14-Jul-2020|BW03ZZZ|14-Jul-2020|||||||||||||||||||||||||||||||||||||||||||||||0|0||1|1|93229|3.0|2020-07-15T00:00:00|hospital_D|hospital_D_20200714
SYN_BENE_66D5738270A5|SYN_CLM_E93B73393E10|V|60|14-Jul-2020|15-Jul-2020|17-Jul-2020||3|331131|1|1|1|| |14631.22|0.0| ||33|1972913473| |9999938092| |9999938092|||0|1| |14631.22|14-Jul-2020|3|1|A|10|0.0|2926.28|0|4|0.0|0.0|0|0|0|0|0|0|0|0|1|0|0|0|0|||||15-Jul-2020|951.0|0|0|Z95818|Z95818|Z95818|Y|R931|Y|I259|Y|Z604|Y|I129|N|R801|N|C50929|N|E0922|N|E1121|Y|E8881|Y|E781|Y|E119|Y|G4733|N|G479|Y|||||||||||||||||||||||X58|X58|Y| | | | | | | | | | | | | | | | | | | | | | |0BP18DZ|14-Jul-2020|BW03ZZZ|14-Jul-2020|||||||||||||||||||||||||||||||||||||||||||||||0|0||2|1|71046|3.0|2020-07-15T00:00:00|hospital_D|hospital_D_20200714
SYN_BENE_9AE1B99740A4|SYN_CLM_79B22145810C|V|60|14-Jul-2020|15-Jul-2020|17-Jul-2020||3|331131|1|1|1|| |14631.22|0.0| ||33|1972913473| |9999938092| |9999938092|||0|1| |14631.22|14-Jul-2020|3|1|A|10|0.0|2926.28|0|4|0.0|0.0|0|0|0|0|0|0|0|0|1|0|0|0|0|||||15-Jul-2020|951.0|0|0|Z95818|Z95818|Z95818|Y|R931|Y|I259|Y|Z604|Y|I129|N|R801|N|C50929|N|E0922|N|E1121|Y|E8881|Y|E781|Y|E119|Y|G4733|N|G479|Y|||||||||||||||||||||||X58|X58|Y| | | | | | | | | | | | | | | | | | | | | | |0BP18DZ|14-Jul-2020|BW03ZZZ|14-Jul-2020|||||||||||||||||||||||||||||||||||||||||||||||0|0||1|1|93229|3.0|2020-07-15T00:00:00|hospital_D|hospital_D_20200714
SYN_BENE_9AE1B99740A4|SYN_CLM_79B22145810C|V|60|14-Jul-2020|15-Jul-2020|17-Jul-2020||3|331131|1|1|1|| |14631.22|0.0| ||33|1972913473| |9999938092| |9999938092|||0|1| |14631.22|14-Jul-2020|3|1|A|10|0.0|2926.28|0|4|0.0|0.0|0|0|0|0|0|0|0|0|1|0|0|0|0|||||15-Jul-2020|951.0|0|0|Z95818|Z95818|Z95818|Y|R931|Y|I259|Y|Z604|Y|I129|N|R801|N|C50929|N|E0922|N|E1121|Y|E8881|Y|E781|Y|E119|Y|G4733|N|G479|Y|||||||||||||||||||||||X58|X58|Y| | | | | | | | | | | | | | | | | | | | | | |0BP18DZ|14-Jul-2020|BW03ZZZ|14-Jul-2020|||||||||||||||||||||||||||||||||||||||||||||||0|0||2|1|71046|3.0|2020-07-15T00:00:00|hospital_D|hospital_D_20200714
SYN_BENE_477FFCDD3D50|SYN_CLM_41E68007EE2A|V|60|14-Jul-2020|15-Jul-2020|17-Jul-2020||3|331131|1|1|1|| |14631.22|0.0| ||33|1972913473| |9999938092| |9999938092|||0|1| |14631.22|14-Jul-2020|3|1|A|10|0.0|2926.28|0|4|0.0|0.0|0|0|0|0|0|0|0|0|1|0|0|0|0|||||15-Jul-2020|951.0|0|0|Z95818|Z95818|Z95818|Y|R931|Y|I259|Y|Z604|Y|I129|N|R801|N|C50929|N|E0922|N|E1121|Y|E8881|Y|E781|Y|E119|Y|G4733|N|G479|Y|||||||||||||||||||||||X58|X58|Y| | | | | | | | | | | | | | | | | | | | | | |0BP18DZ|14-Jul-2020|BW03ZZZ|14-Jul-2020|||||||||||||||||||||||||||||||||||||||||||||||0|0||1|1|93229|3.0|2020-07-15T00:00:00|hospital_D|hospital_D_20200714
SYN_BENE_477FFCDD3D50|SYN_CLM_41E68007EE2A|V|60|14-Jul-2020|15-Jul-2020|17-Jul-2020||3|331131|1|1|1|| |14631.22|0.0| ||33|1972913473| |9999938092| |9999938092|||0|1| |14631.22|14-Jul-2020|3|1|A|10|0.0|2926.28|0|4|0.0|0.0|0|0|0|0|0|0|0|0|1|0|0|0|0|||||15-Jul-2020|951.0|0|0|Z95818|Z95818|Z95818|Y|R931|Y|I259|Y|Z604|Y|I129|N|R801|N|C50929|N|E0922|N|E1121|Y|E8881|Y|E781|Y|E119|Y|G4733|N|G479|Y|||||||||||||||||||||||X58|X58|Y| | | | | | | | | | | | | | | | | | | | | | |0BP18DZ|14-Jul-2020|BW03ZZZ|14-Jul-2020|||||||||||||||||||||||||||||||||||||||||||||||0|0||2|1|71046|3.0|2020-07-15T00:00:00|hospital_D|hospital_D_20200714
SYN_BENE_FD9A9C933C27|SYN_CLM_0630899FF8EA|V|60|14-Jul-2020|15-Jul-2020|17-Jul-2020||3|331131|1|1|1|| |22751.76|0.0| ||33|1972913473| |9999938092| |9999938092|||0|1| |22751.76|14-Jul-2020|3|2|A|10|0.0|4550.42|0|4|0.0|0.0|0|0|0|0|0|0|0|0|1|0|0|0|0|||||15-Jul-2020|303.0|0|0|R931|R931|Z951|N|R931|Y|I259|Y|T7432X|N|I151|N|E1129|N|C50929|N|N181|N|E1121|Y|E8881|Y|E781|Y|E119|Y|G4754|Y|G479|Y|||||||||||||||||||||||X58|W19|Y| | | | | | | | | | | | | | | | | | | | | | |BW03ZZZ|14-Jul-2020|B24DZZZ|14-Jul-2020|3E033FZ|14-Jul-2020|||||||||||||||||||||||||||||||||||||||||||||0|0||1|1|93229|3.0|2020-07-15T00:00:00|hospital_D|hospital_D_20200714
SYN_BENE_FD9A9C933C27|SYN_CLM_0630899FF8EA|V|60|14-Jul-2020|15-Jul-2020|17-Jul-2020||3|331131|1|1|1|| |22751.76|0.0| ||33|1972913473| |9999938092| |9999938092|||0|1| |22751.76|14-Jul-2020|3|2|A|10|0.0|4550.42|0|4|0.0|0.0|0|0|0|0|0|0|0|0|1|0|0|0|0|||||15-Jul-2020|303.0|0|0|R931|R931|Z951|N|R931|Y|I259|Y|T7432X|N|I151|N|E1129|N|C50929|N|N181|N|E1121|Y|E8881|Y|E781|Y|E119|Y|G4754|Y|G479|Y|||||||||||||||||||||||X58|W19|Y| | | | | | | | | | | | | | | | | | | | | | |BW03ZZZ|14-Jul-2020|B24DZZZ|14-Jul-2020|3E033FZ|14-Jul-2020|||||||||||||||||||||||||||||||||||||||||||||0|0||2|1|71046|3.0|2020-07-15T00:00:00|hospital_D|hospital_D_20200714
SYN_BENE_FD9A9C933C27|SYN_CLM_0630899FF8EA|V|60|14-Jul-2020|15-Jul-2020|17-Jul-2020||3|331131|1|1|1|| |22751.76|0.0| ||33|1972913473| |9999938092| |9999938092|||0|1| |22751.76|14-Jul-2020|3|2|A|10|0.0|4550.42|0|4|0.0|0.0|0|0|0|0|0|0|0|0|1|0|0|0|0|||||15-Jul-2020|303.0|0|0|R931|R931|Z951|N|R931|Y|I259|Y|T7432X|N|I151|N|E1129|N|C50929|N|N181|N|E1121|Y|E8881|Y|E781|Y|E119|Y|G4754|Y|G479|Y|||||||||||||||||||||||X58|W19|Y| | | | | | | | | | | | | | | | | | | | | | |BW03ZZZ|14-Jul-2020|B24DZZZ|14-Jul-2020|3E033FZ|14-Jul-2020|||||||||||||||||||||||||||||||||||||||||||||0|0||3|1|I3C|3.0|2020-07-15T00:00:00|hospital_D|hospital_D_20200714
SYN_BENE_FD9A9C933C27|SYN_CLM_0630899FF8EA|V|60|14-Jul-2020|15-Jul-2020|17-Jul-2020||3|331131|1|1|1|| |22751.76|0.0| ||33|1972913473| |9999938092| |9999938092|||0|1| |22751.76|14-Jul-2020|3|2|A|10|0.0|4550.42|0|4|0.0|0.0|0|0|0|0|0|0|0|0|1|0|0|0|0|||||15-Jul-2020|303.0|0|0|R931|R931|Z951|N|R931|Y|I259|Y|T7432X|N|I151|N|E1129|N|C50929|N|N181|N|E1121|Y|E8881|Y|E781|Y|E119|Y|G4754|Y|G479|Y|||||||||||||||||||||||X58|W19|Y| | | | | | | | | | | | | | | | | | | | | | |BW03ZZZ|14-Jul-2020|B24DZZZ|14-Jul-2020|3E033FZ|14-Jul-2020|||||||||||||||||||||||||||||||||||||||||||||0|0||4|1|S9353|3.0|2020-07-15T00:00:00|hospital_D|hospital_D_20200714
SYN_BENE_FD9A9C933C27|SYN_CLM_0630899FF8EA|V|60|14-Jul-2020|15-Jul-2020|17-Jul-2020||3|331131|1|1|1|| |22751.76|0.0| ||33|1972913473| |9999938092| |9999938092|||0|1| |22751.76|14-Jul-2020|3|2|A|10|0.0|4550.42|0|4|0.0|0.0|0|0|0|0|0|0|0|0|1|0|0|0|0|||||15-Jul-2020|303.0|0|0|R931|R931|Z951|N|R931|Y|I259|Y|T7432X|N|I151|N|E1129|N|C50929|N|N181|N|E1121|Y|E8881|Y|E781|Y|E119|Y|G4754|Y|G479|Y|||||||||||||||||||||||X58|W19|Y| | | | | | | | | | | | | | | | | | | | | | |BW03ZZZ|14-Jul-2020|B24DZZZ|14-Jul-2020|3E033FZ|14-Jul-2020|||||||||||||||||||||||||||||||||||||||||||||0|0||5|1|QS|3.0|2020-07-15T00:00:00|hospital_D|hospital_D_20200714
SYN_BENE_FD9A9C933C27|SYN_CLM_0630899FF8EA|V|60|14-Jul-2020|15-Jul-2020|17-Jul-2020||3|331131|1|1|1|| |22751.76|0.0| ||33|1972913473| |9999938092| |9999938092|||0|1| |22751.76|14-Jul-2020|3|2|A|10|0.0|4550.42|0|4|0.0|0.0|0|0|0|0|0|0|0|0|1|0|0|0|0|||||15-Jul-2020|303.0|0|0|R931|R931|Z951|N|R931|Y|I259|Y|T7432X|N|I151|N|E1129|N|C50929|N|N181|N|E1121|Y|E8881|Y|E781|Y|E119|Y|G4754|Y|G479|Y|||||||||||||||||||||||X58|W19|Y| | | | | | | | | | | | | | | | | | | | | | |BW03ZZZ|14-Jul-2020|B24DZZZ|14-Jul-2020|3E033FZ|14-Jul-2020|||||||||||||||||||||||||||||||||||||||||||||0|0||6|1|G8942|3.0|2020-07-15T00:00:00|hospital_D|hospital_D_20200714
SYN_BENE_D3201C6876AB|SYN_CLM_25551500EC8A|V|60|14-Jul-2020|15-Jul-2020|17-Jul-2020||3|331131|1|1|1|| |22751.76|0.0| ||33|1972913473| |9999938092| |9999938092|||0|1| |22751.76|14-Jul-2020|3|2|A|10|0.0|4550.42|0|4|0.0|0.0|0|0|0|0|0|0|0|0|1|0|0|0|0|||||15-Jul-2020|303.0|0|0|R931|R931|Z951|N|R931|Y|I259|Y|T7432X|N|I151|N|E1129|N|C50929|N|N181|N|E1121|Y|E8881|Y|E781|Y|E119|Y|G4754|Y|G479|Y|||||||||||||||||||||||X58|W19|Y| | | | | | | | | | | | | | | | | | | | | | |BW03ZZZ|14-Jul-2020|B24DZZZ|14-Jul-2020|3E033FZ|14-Jul-2020|||||||||||||||||||||||||||||||||||||||||||||0|0||1|1|93229|3.0|2020-07-15T00:00:00|hospital_D|hospital_D_20200714
SYN_BENE_D3201C6876AB|SYN_CLM_25551500EC8A|V|60|14-Jul-2020|15-Jul-2020|17-Jul-2020||3|331131|1|1|1|| |22751.76|0.0| ||33|1972913473| |9999938092| |9999938092|||0|1| |22751.76|14-Jul-2020|3|2|A|10|0.0|4550.42|0|4|0.0|0.0|0|0|0|0|0|0|0|0|1|0|0|0|0|||||15-Jul-2020|303.0|0|0|R931|R931|Z951|N|R931|Y|I259|Y|T7432X|N|I151|N|E1129|N|C50929|N|N181|N|E1121|Y|E8881|Y|E781|Y|E119|Y|G4754|Y|G479|Y|||||||||||||||||||||||X58|W19|Y| | | | | | | | | | | | | | | | | | | | | | |BW03ZZZ|14-Jul-2020|B24DZZZ|14-Jul-2020|3E033FZ|14-Jul-2020|||||||||||||||||||||||||||||||||||||||||||||0|0||2|1|71046|3.0|2020-07-15T00:00:00|hospital_D|hospital_D_20200714
SYN_BENE_D3201C6876AB|SYN_CLM_25551500EC8A|V|60|14-Jul-2020|15-Jul-2020|17-Jul-2020||3|331131|1|1|1|| |22751.76|0.0| ||33|1972913473| |9999938092| |9999938092|||0|1| |22751.76|14-Jul-2020|3|2|A|10|0.0|4550.42|0|4|0.0|0.0|0|0|0|0|0|0|0|0|1|0|0|0|0|||||15-Jul-2020|303.0|0|0|R931|R931|Z951|N|R931|Y|I259|Y|T7432X|N|I151|N|E1129|N|C50929|N|N181|N|E1121|Y|E8881|Y|E781|Y|E119|Y|G4754|Y|G479|Y|||||||||||||||||||||||X58|W19|Y| | | | | | | | | | | | | | | | | | | | | | |BW03ZZZ|14-Jul-2020|B24DZZZ|14-Jul-2020|3E033FZ|14-Jul-2020|||||||||||||||||||||||||||||||||||||||||||||0|0||3|1|I3C|3.0|2020-07-15T00:00:00|hospital_D|hospital_D_20200714
SYN_BENE_D3201C6876AB|SYN_CLM_25551500EC8A|V|60|14-Jul-2020|15-Jul-2020|17-Jul-2020||3|331131|1|1|1|| |22751.76|0.0| ||33|1972913473| |9999938092| |9999938092|||0|1| |22751.76|14-Jul-2020|3|2|A|10|0.0|4550.42|0|4|0.0|0.0|0|0|0|0|0|0|0|0|1|0|0|0|0|||||15-Jul-2020|303.0|0|0|R931|R931|Z951|N|R931|Y|I259|Y|T7432X|N|I151|N|E1129|N|C50929|N|N181|N|E1121|Y|E8881|Y|E781|Y|E119|Y|G4754|Y|G479|Y|||||||||||||||||||||||X58|W19|Y| | | | | | | | | | | | | | | | | | | | | | |BW03ZZZ|14-Jul-2020|B24DZZZ|14-Jul-2020|3E033FZ|14-Jul-2020|||||||||||||||||||||||||||||||||||||||||||||0|0||4|1|S9353|3.0|2020-07-15T00:00:00|hospital_D|hospital_D_20200714
SYN_BENE_D3201C6876AB|SYN_CLM_25551500EC8A|V|60|14-Jul-2020|15-Jul-2020|17-Jul-2020||3|331131|1|1|1|| |22751.76|0.0| ||33|1972913473| |9999938092| |9999938092|||0|1| |22751.76|14-Jul-2020|3|2|A|10|0.0|4550.42|0|4|0.0|0.0|0|0|0|0|0|0|0|0|1|0|0|0|0|||||15-Jul-2020|303.0|0|0|R931|R931|Z951|N|R931|Y|I259|Y|T7432X|N|I151|N|E1129|N|C50929|N|N181|N|E1121|Y|E8881|Y|E781|Y|E119|Y|G4754|Y|G479|Y|||||||||||||||||||||||X58|W19|Y| | | | | | | | | | | | | | | | | | | | | | |BW03ZZZ|14-Jul-2020|B24DZZZ|14-Jul-2020|3E033FZ|14-Jul-2020|||||||||||||||||||||||||||||||||||||||||||||0|0||5|1|QS|3.0|2020-07-15T00:00:00|hospital_D|hospital_D_20200714
SYN_BENE_D3201C6876AB|SYN_CLM_25551500EC8A|V|60|14-Jul-2020|15-Jul-2020|17-Jul-2020||3|331131|1|1|1|| |22751.76|0.0| ||33|1972913473| |9999938092| |9999938092|||0|1| |22751.76|14-Jul-2020|3|2|A|10|0.0|4550.42|0|4|0.0|0.0|0|0|0|0|0|0|0|0|1|0|0|0|0|||||15-Jul-2020|303.0|0|0|R931|R931|Z951|N|R931|Y|I259|Y|T7432X|N|I151|N|E1129|N|C50929|N|N181|N|E1121|Y|E8881|Y|E781|Y|E119|Y|G4754|Y|G479|Y|||||||||||||||||||||||X58|W19|Y| | | | | | | | | | | | | | | | | | | | | | |BW03ZZZ|14-Jul-2020|B24DZZZ|14-Jul-2020|3E033FZ|14-Jul-2020|||||||||||||||||||||||||||||||||||||||||||||0|0||6|1|G8942|3.0|2020-07-15T00:00:00|hospital_D|hospital_D_20200714
SYN_BENE_A0C1D153C807|SYN_CLM_2D44C67B41B6|V|60|14-Jul-2020|15-Jul-2020|17-Jul-2020||3|331131|1|1|1|| |14631.22|0.0| ||33|1972913473| |9999938092| |9999938092|||0|1| |14631.22|14-Jul-2020|3|1|A|10|0.0|2926.28|0|4|0.0|0.0|0|0|0|0|0|0|0|0|1|0|0|0|0|||||15-Jul-2020|951.0|0|0|Z95818|Z95818|Z95818|Y|R931|Y|I259|Y|Z604|Y|I129|N|R801|N|C50929|N|E0922|N|E1121|Y|E8881|Y|E781|Y|E119|Y|G4733|N|G479|Y|||||||||||||||||||||||X58|X58|Y| | | | | | | | | | | | | | | | | | | | | | |0BP18DZ|14-Jul-2020|BW03ZZZ|14-Jul-2020|||||||||||||||||||||||||||||||||||||||||||||||0|0||1|1|93229|3.0|2020-07-15T00:00:00|hospital_D|hospital_D_20200714
SYN_BENE_A0C1D153C807|SYN_CLM_2D44C67B41B6|V|60|14-Jul-2020|15-Jul-2020|17-Jul-2020||3|331131|1|1|1|| |14631.22|0.0| ||33|1972913473| |9999938092| |9999938092|||0|1| |14631.22|14-Jul-2020|3|1|A|10|0.0|2926.28|0|4|0.0|0.0|0|0|0|0|0|0|0|0|1|0|0|0|0|||||15-Jul-2020|951.0|0|0|Z95818|Z95818|Z95818|Y|R931|Y|I259|Y|Z604|Y|I129|N|R801|N|C50929|N|E0922|N|E1121|Y|E8881|Y|E781|Y|E119|Y|G4733|N|G479|Y|||||||||||||||||||||||X58|X58|Y| | | | | | | | | | | | | | | | | | | | | | |0BP18DZ|14-Jul-2020|BW03ZZZ|14-Jul-2020|||||||||||||||||||||||||||||||||||||||||||||||0|0||2|1|71046|3.0|2020-07-15T00:00:00|hospital_D|hospital_D_20200714
SYN_BENE_0074F02DD960|SYN_CLM_3B605702CC8E|V|60|14-Jul-2020|15-Jul-2020|17-Jul-2020||3|331131|1|1|1|| |22751.76|0.0| ||33|1972913473| |9999938092| |9999938092|||0|1| |22751.76|14-Jul-2020|3|2|A|10|0.0|4550.42|0|4|0.0|0.0|0|0|0|0|0|0|0|0|1|0|0|0|0|||||15-Jul-2020|303.0|0|0|R931|R931|Z951|N|R931|Y|I259|Y|T7432X|N|I151|N|E1129|N|C50929|N|N181|N|E1121|Y|E8881|Y|E781|Y|E119|Y|G4754|Y|G479|Y|||||||||||||||||||||||X58|W19|Y| | | | | | | | | | | | | | | | | | | | | | |BW03ZZZ|14-Jul-2020|B24DZZZ|14-Jul-2020|3E033FZ|14-Jul-2020|||||||||||||||||||||||||||||||||||||||||||||0|0||1|1|93229|3.0|2020-07-15T00:00:00|hospital_D|hospital_D_20200714
SYN_BENE_0074F02DD960|SYN_CLM_3B605702CC8E|V|60|14-Jul-2020|15-Jul-2020|17-Jul-2020||3|331131|1|1|1|| |22751.76|0.0| ||33|1972913473| |9999938092| |9999938092|||0|1| |22751.76|14-Jul-2020|3|2|A|10|0.0|4550.42|0|4|0.0|0.0|0|0|0|0|0|0|0|0|1|0|0|0|0|||||15-Jul-2020|303.0|0|0|R931|R931|Z951|N|R931|Y|I259|Y|T7432X|N|I151|N|E1129|N|C50929|N|N181|N|E1121|Y|E8881|Y|E781|Y|E119|Y|G4754|Y|G479|Y|||||||||||||||||||||||X58|W19|Y| | | | | | | | | | | | | | | | | | | | | | |BW03ZZZ|14-Jul-2020|B24DZZZ|14-Jul-2020|3E033FZ|14-Jul-2020|||||||||||||||||||||||||||||||||||||||||||||0|0||2|1|71046|3.0|2020-07-15T00:00:00|hospital_D|hospital_D_20200714
SYN_BENE_0074F02DD960|SYN_CLM_3B605702CC8E|V|60|14-Jul-2020|15-Jul-2020|17-Jul-2020||3|331131|1|1|1|| |22751.76|0.0| ||33|1972913473| |9999938092| |9999938092|||0|1| |22751.76|14-Jul-2020|3|2|A|10|0.0|4550.42|0|4|0.0|0.0|0|0|0|0|0|0|0|0|1|0|0|0|0|||||15-Jul-2020|303.0|0|0|R931|R931|Z951|N|R931|Y|I259|Y|T7432X|N|I151|N|E1129|N|C50929|N|N181|N|E1121|Y|E8881|Y|E781|Y|E119|Y|G4754|Y|G479|Y|||||||||||||||||||||||X58|W19|Y| | | | | | | | | | | | | | | | | | | | | | |BW03ZZZ|14-Jul-2020|B24DZZZ|14-Jul-2020|3E033FZ|14-Jul-2020|||||||||||||||||||||||||||||||||||||||||||||0|0||3|1|I3C|3.0|2020-07-15T00:00:00|hospital_D|hospital_D_20200714
SYN_BENE_0074F02DD960|SYN_CLM_3B605702CC8E|V|60|14-Jul-2020|15-Jul-2020|17-Jul-2020||3|331131|1|1|1|| |22751.76|0.0| ||33|1972913473| |9999938092| |9999938092|||0|1| |22751.76|14-Jul-2020|3|2|A|10|0.0|4550.42|0|4|0.0|0.0|0|0|0|0|0|0|0|0|1|0|0|0|0|||||15-Jul-2020|303.0|0|0|R931|R931|Z951|N|R931|Y|I259|Y|T7432X|N|I151|N|E1129|N|C50929|N|N181|N|E1121|Y|E8881|Y|E781|Y|E119|Y|G4754|Y|G479|Y|||||||||||||||||||||||X58|W19|Y| | | | | | | | | | | | | | | | | | | | | | |BW03ZZZ|14-Jul-2020|B24DZZZ|14-Jul-2020|3E033FZ|14-Jul-2020|||||||||||||||||||||||||||||||||||||||||||||0|0||4|1|S9353|3.0|2020-07-15T00:00:00|hospital_D|hospital_D_20200714
SYN_BENE_0074F02DD960|SYN_CLM_3B605702CC8E|V|60|14-Jul-2020|15-Jul-2020|17-Jul-2020||3|331131|1|1|1|| |22751.76|0.0| ||33|1972913473| |9999938092| |9999938092|||0|1| |22751.76|14-Jul-2020|3|2|A|10|0.0|4550.42|0|4|0.0|0.0|0|0|0|0|0|0|0|0|1|0|0|0|0|||||15-Jul-2020|303.0|0|0|R931|R931|Z951|N|R931|Y|I259|Y|T7432X|N|I151|N|E1129|N|C50929|N|N181|N|E1121|Y|E8881|Y|E781|Y|E119|Y|G4754|Y|G479|Y|||||||||||||||||||||||X58|W19|Y| | | | | | | | | | | | | | | | | | | | | | |BW03ZZZ|14-Jul-2020|B24DZZZ|14-Jul-2020|3E033FZ|14-Jul-2020|||||||||||||||||||||||||||||||||||||||||||||0|0||5|1|QS|3.0|2020-07-15T00:00:00|hospital_D|hospital_D_20200714
SYN_BENE_0074F02DD960|SYN_CLM_3B605702CC8E|V|60|14-Jul-2020|15-Jul-2020|17-Jul-2020||3|331131|1|1|1|| |22751.76|0.0| ||33|1972913473| |9999938092| |9999938092|||0|1| |22751.76|14-Jul-2020|3|2|A|10|0.0|4550.42|0|4|0.0|0.0|0|0|0|0|0|0|0|0|1|0|0|0|0|||||15-Jul-2020|303.0|0|0|R931|R931|Z951|N|R931|Y|I259|Y|T7432X|N|I151|N|E1129|N|C50929|N|N181|N|E1121|Y|E8881|Y|E781|Y|E119|Y|G4754|Y|G479|Y|||||||||||||||||||||||X58|W19|Y| | | | | | | | | | | | | | | | | | | | | | |BW03ZZZ|14-Jul-2020|B24DZZZ|14-Jul-2020|3E033FZ|14-Jul-2020|||||||||||||||||||||||||||||||||||||||||||||0|0||6|1|G8942|3.0|2020-07-15T00:00:00|hospital_D|hospital_D_20200714
SYN_BENE_13B09C04F5C6|SYN_CLM_5278570BDDE2|V|60|14-Jul-2020|15-Jul-2020|17-Jul-2020||3|331131|1|1|1|| |22751.76|0.0| ||33|1972913473| |9999938092| |9999938092|||0|1| |22751.76|14-Jul-2020|3|2|A|10|0.0|4550.42|0|4|0.0|0.0|0|0|0|0|0|0|0|0|1|0|0|0|0|||||15-Jul-2020|303.0|0|0|R931|R931|Z951|N|R931|Y|I259|Y|T7432X|N|I151|N|E1129|N|C50929|N|N181|N|E1121|Y|E8881|Y|E781|Y|E119|Y|G4754|Y|G479|Y|||||||||||||||||||||||X58|W19|Y| | | | | | | | | | | | | | | | | | | | | | |BW03ZZZ|14-Jul-2020|B24DZZZ|14-Jul-2020|3E033FZ|14-Jul-2020|||||||||||||||||||||||||||||||||||||||||||||0|0||1|1|93229|3.0|2020-07-15T00:00:00|hospital_D|hospital_D_20200714
SYN_BENE_13B09C04F5C6|SYN_CLM_5278570BDDE2|V|60|14-Jul-2020|15-Jul-2020|17-Jul-2020||3|331131|1|1|1|| |22751.76|0.0| ||33|1972913473| |9999938092| |9999938092|||0|1| |22751.76|14-Jul-2020|3|2|A|10|0.0|4550.42|0|4|0.0|0.0|0|0|0|0|0|0|0|0|1|0|0|0|0|||||15-Jul-2020|303.0|0|0|R931|R931|Z951|N|R931|Y|I259|Y|T7432X|N|I151|N|E1129|N|C50929|N|N181|N|E1121|Y|E8881|Y|E781|Y|E119|Y|G4754|Y|G479|Y|||||||||||||||||||||||X58|W19|Y| | | | | | | | | | | | | | | | | | | | | | |BW03ZZZ|14-Jul-2020|B24DZZZ|14-Jul-2020|3E033FZ|14-Jul-2020|||||||||||||||||||||||||||||||||||||||||||||0|0||2|1|71046|3.0|2020-07-15T00:00:00|hospital_D|hospital_D_20200714
SYN_BENE_13B09C04F5C6|SYN_CLM_5278570BDDE2|V|60|14-Jul-2020|15-Jul-2020|17-Jul-2020||3|331131|1|1|1|| |22751.76|0.0| ||33|1972913473| |9999938092| |9999938092|||0|1| |22751.76|14-Jul-2020|3|2|A|10|0.0|4550.42|0|4|0.0|0.0|0|0|0|0|0|0|0|0|1|0|0|0|0|||||15-Jul-2020|303.0|0|0|R931|R931|Z951|N|R931|Y|I259|Y|T7432X|N|I151|N|E1129|N|C50929|N|N181|N|E1121|Y|E8881|Y|E781|Y|E119|Y|G4754|Y|G479|Y|||||||||||||||||||||||X58|W19|Y| | | | | | | | | | | | | | | | | | | | | | |BW03ZZZ|14-Jul-2020|B24DZZZ|14-Jul-2020|3E033FZ|14-Jul-2020|||||||||||||||||||||||||||||||||||||||||||||0|0||3|1|I3C|3.0|2020-07-15T00:00:00|hospital_D|hospital_D_20200714
SYN_BENE_13B09C04F5C6|SYN_CLM_5278570BDDE2|V|60|14-Jul-2020|15-Jul-2020|17-Jul-2020||3|331131|1|1|1|| |22751.76|0.0| ||33|1972913473| |9999938092| |9999938092|||0|1| |22751.76|14-Jul-2020|3|2|A|10|0.0|4550.42|0|4|0.0|0.0|0|0|0|0|0|0|0|0|1|0|0|0|0|||||15-Jul-2020|303.0|0|0|R931|R931|Z951|N|R931|Y|I259|Y|T7432X|N|I151|N|E1129|N|C50929|N|N181|N|E1121|Y|E8881|Y|E781|Y|E119|Y|G4754|Y|G479|Y|||||||||||||||||||||||X58|W19|Y| | | | | | | | | | | | | | | | | | | | | | |BW03ZZZ|14-Jul-2020|B24DZZZ|14-Jul-2020|3E033FZ|14-Jul-2020|||||||||||||||||||||||||||||||||||||||||||||0|0||4|1|S9353|3.0|2020-07-15T00:00:00|hospital_D|hospital_D_20200714
SYN_BENE_13B09C04F5C6|SYN_CLM_5278570BDDE2|V|60|14-Jul-2020|15-Jul-2020|17-Jul-2020||3|331131|1|1|1|| |22751.76|0.0| ||33|1972913473| |9999938092| |9999938092|||0|1| |22751.76|14-Jul-2020|3|2|A|10|0.0|4550.42|0|4|0.0|0.0|0|0|0|0|0|0|0|0|1|0|0|0|0|||||15-Jul-2020|303.0|0|0|R931|R931|Z951|N|R931|Y|I259|Y|T7432X|N|I151|N|E1129|N|C50929|N|N181|N|E1121|Y|E8881|Y|E781|Y|E119|Y|G4754|Y|G479|Y|||||||||||||||||||||||X58|W19|Y| | | | | | | | | | | | | | | | | | | | | | |BW03ZZZ|14-Jul-2020|B24DZZZ|14-Jul-2020|3E033FZ|14-Jul-2020|||||||||||||||||||||||||||||||||||||||||||||0|0||5|1|QS|3.0|2020-07-15T00:00:00|hospital_D|hospital_D_20200714
SYN_BENE_13B09C04F5C6|SYN_CLM_5278570BDDE2|V|60|14-Jul-2020|15-Jul-2020|17-Jul-2020||3|331131|1|1|1|| |22751.76|0.0| ||33|1972913473| |9999938092| |9999938092|||0|1| |22751.76|14-Jul-2020|3|2|A|10|0.0|4550.42|0|4|0.0|0.0|0|0|0|0|0|0|0|0|1|0|0|0|0|||||15-Jul-2020|303.0|0|0|R931|R931|Z951|N|R931|Y|I259|Y|T7432X|N|I151|N|E1129|N|C50929|N|N181|N|E1121|Y|E8881|Y|E781|Y|E119|Y|G4754|Y|G479|Y|||||||||||||||||||||||X58|W19|Y| | | | | | | | | | | | | | | | | | | | | | |BW03ZZZ|14-Jul-2020|B24DZZZ|14-Jul-2020|3E033FZ|14-Jul-2020|||||||||||||||||||||||||||||||||||||||||||||0|0||6|1|G8942|3.0|2020-07-15T00:00:00|hospital_D|hospital_D_20200714
SYN_BENE_E0D34A2A1254|SYN_CLM_E612FA9F7930|V|60|14-Jul-2020|15-Jul-2020|17-Jul-2020||3|331131|1|1|1|| |14631.22|0.0| ||33|1972913473| |9999938092| |9999938092|||0|1| |14631.22|14-Jul-2020|3|1|A|10|0.0|2926.28|0|4|0.0|0.0|0|0|0|0|0|0|0|0|1|0|0|0|0|||||15-Jul-2020|951.0|0|0|Z95818|Z95818|Z95818|Y|R931|Y|I259|Y|Z604|Y|I129|N|R801|N|C50929|N|E0922|N|E1121|Y|E8881|Y|E781|Y|E119|Y|G4733|N|G479|Y|||||||||||||||||||||||X58|X58|Y| | | | | | | | | | | | | | | | | | | | | | |0BP18DZ|14-Jul-2020|BW03ZZZ|14-Jul-2020|||||||||||||||||||||||||||||||||||||||||||||||0|0||1|1|93229|3.0|2020-07-15T00:00:00|hospital_D|hospital_D_20200714
SYN_BENE_E0D34A2A1254|SYN_CLM_E612FA9F7930|V|60|14-Jul-2020|15-Jul-2020|17-Jul-2020||3|331131|1|1|1|| |14631.22|0.0| ||33|1972913473| |9999938092| |9999938092|||0|1| |14631.22|14-Jul-2020|3|1|A|10|0.0|2926.28|0|4|0.0|0.0|0|0|0|0|0|0|0|0|1|0|0|0|0|||||15-Jul-2020|951.0|0|0|Z95818|Z95818|Z95818|Y|R931|Y|I259|Y|Z604|Y|I129|N|R801|N|C50929|N|E0922|N|E1121|Y|E8881|Y|E781|Y|E119|Y|G4733|N|G479|Y|||||||||||||||||||||||X58|X58|Y| | | | | | | | | | | | | | | | | | | | | | |0BP18DZ|14-Jul-2020|BW03ZZZ|14-Jul-2020|||||||||||||||||||||||||||||||||||||||||||||||0|0||2|1|71046|3.0|2020-07-15T00:00:00|hospital_D|hospital_D_20200714
SYN_BENE_7DC94ED03C5B|SYN_CLM_7B58D1B39E1D|V|60|14-Jul-2020|15-Jul-2020|17-Jul-2020||3|331131|1|1|1|| |22751.76|0.0| ||33|1972913473| |9999938092| |9999938092|||0|1| |22751.76|14-Jul-2020|3|2|A|10|0.0|4550.42|0|4|0.0|0.0|0|0|0|0|0|0|0|0|1|0|0|0|0|||||15-Jul-2020|303.0|0|0|R931|R931|Z951|N|R931|Y|I259|Y|T7432X|N|I151|N|E1129|N|C50929|N|N181|N|E1121|Y|E8881|Y|E781|Y|E119|Y|G4754|Y|G479|Y|||||||||||||||||||||||X58|W19|Y| | | | | | | | | | | | | | | | | | | | | | |BW03ZZZ|14-Jul-2020|B24DZZZ|14-Jul-2020|3E033FZ|14-Jul-2020|||||||||||||||||||||||||||||||||||||||||||||0|0||1|1|93229|3.0|2020-07-15T00:00:00|hospital_D|hospital_D_20200714
SYN_BENE_7DC94ED03C5B|SYN_CLM_7B58D1B39E1D|V|60|14-Jul-2020|15-Jul-2020|17-Jul-2020||3|331131|1|1|1|| |22751.76|0.0| ||33|1972913473| |9999938092| |9999938092|||0|1| |22751.76|14-Jul-2020|3|2|A|10|0.0|4550.42|0|4|0.0|0.0|0|0|0|0|0|0|0|0|1|0|0|0|0|||||15-Jul-2020|303.0|0|0|R931|R931|Z951|N|R931|Y|I259|Y|T7432X|N|I151|N|E1129|N|C50929|N|N181|N|E1121|Y|E8881|Y|E781|Y|E119|Y|G4754|Y|G479|Y|||||||||||||||||||||||X58|W19|Y| | | | | | | | | | | | | | | | | | | | | | |BW03ZZZ|14-Jul-2020|B24DZZZ|14-Jul-2020|3E033FZ|14-Jul-2020|||||||||||||||||||||||||||||||||||||||||||||0|0||2|1|71046|3.0|2020-07-15T00:00:00|hospital_D|hospital_D_20200714
SYN_BENE_7DC94ED03C5B|SYN_CLM_7B58D1B39E1D|V|60|14-Jul-2020|15-Jul-2020|17-Jul-2020||3|331131|1|1|1|| |22751.76|0.0| ||33|1972913473| |9999938092| |9999938092|||0|1| |22751.76|14-Jul-2020|3|2|A|10|0.0|4550.42|0|4|0.0|0.0|0|0|0|0|0|0|0|0|1|0|0|0|0|||||15-Jul-2020|303.0|0|0|R931|R931|Z951|N|R931|Y|I259|Y|T7432X|N|I151|N|E1129|N|C50929|N|N181|N|E1121|Y|E8881|Y|E781|Y|E119|Y|G4754|Y|G479|Y|||||||||||||||||||||||X58|W19|Y| | | | | | | | | | | | | | | | | | | | | | |BW03ZZZ|14-Jul-2020|B24DZZZ|14-Jul-2020|3E033FZ|14-Jul-2020|||||||||||||||||||||||||||||||||||||||||||||0|0||3|1|I3C|3.0|2020-07-15T00:00:00|hospital_D|hospital_D_20200714
SYN_BENE_7DC94ED03C5B|SYN_CLM_7B58D1B39E1D|V|60|14-Jul-2020|15-Jul-2020|17-Jul-2020||3|331131|1|1|1|| |22751.76|0.0| ||33|1972913473| |9999938092| |9999938092|||0|1| |22751.76|14-Jul-2020|3|2|A|10|0.0|4550.42|0|4|0.0|0.0|0|0|0|0|0|0|0|0|1|0|0|0|0|||||15-Jul-2020|303.0|0|0|R931|R931|Z951|N|R931|Y|I259|Y|T7432X|N|I151|N|E1129|N|C50929|N|N181|N|E1121|Y|E8881|Y|E781|Y|E119|Y|G4754|Y|G479|Y|||||||||||||||||||||||X58|W19|Y| | | | | | | | | | | | | | | | | | | | | | |BW03ZZZ|14-Jul-2020|B24DZZZ|14-Jul-2020|3E033FZ|14-Jul-2020|||||||||||||||||||||||||||||||||||||||||||||0|0||4|1|S9353|3.0|2020-07-15T00:00:00|hospital_D|hospital_D_20200714
SYN_BENE_7DC94ED03C5B|SYN_CLM_7B58D1B39E1D|V|60|14-Jul-2020|15-Jul-2020|17-Jul-2020||3|331131|1|1|1|| |22751.76|0.0| ||33|1972913473| |9999938092| |9999938092|||0|1| |22751.76|14-Jul-2020|3|2|A|10|0.0|4550.42|0|4|0.0|0.0|0|0|0|0|0|0|0|0|1|0|0|0|0|||||15-Jul-2020|303.0|0|0|R931|R931|Z951|N|R931|Y|I259|Y|T7432X|N|I151|N|E1129|N|C50929|N|N181|N|E1121|Y|E8881|Y|E781|Y|E119|Y|G4754|Y|G479|Y|||||||||||||||||||||||X58|W19|Y| | | | | | | | | | | | | | | | | | | | | | |BW03ZZZ|14-Jul-2020|B24DZZZ|14-Jul-2020|3E033FZ|14-Jul-2020|||||||||||||||||||||||||||||||||||||||||||||0|0||5|1|QS|3.0|2020-07-15T00:00:00|hospital_D|hospital_D_20200714
SYN_BENE_7DC94ED03C5B|SYN_CLM_7B58D1B39E1D|V|60|14-Jul-2020|15-Jul-2020|17-Jul-2020||3|331131|1|1|1|| |22751.76|0.0| ||33|1972913473| |9999938092| |9999938092|||0|1| |22751.76|14-Jul-2020|3|2|A|10|0.0|4550.42|0|4|0.0|0.0|0|0|0|0|0|0|0|0|1|0|0|0|0|||||15-Jul-2020|303.0|0|0|R931|R931|Z951|N|R931|Y|I259|Y|T7432X|N|I151|N|E1129|N|C50929|N|N181|N|E1121|Y|E8881|Y|E781|Y|E119|Y|G4754|Y|G479|Y|||||||||||||||||||||||X58|W19|Y| | | | | | | | | | | | | | | | | | | | | | |BW03ZZZ|14-Jul-2020|B24DZZZ|14-Jul-2020|3E033FZ|14-Jul-2020|||||||||||||||||||||||||||||||||||||||||||||0|0||6|1|G8942|3.0|2020-07-15T00:00:00|hospital_D|hospital_D_20200714
SYN_BENE_E2CD93F31250|SYN_CLM_5A84931F6411|V|60|14-Jul-2020|15-Jul-2020|17-Jul-2020||3|331131|1|1|1|| |22751.76|0.0| ||33|1972913473| |9999938092| |9999938092|||0|1| |22751.76|14-Jul-2020|3|2|A|10|0.0|4550.42|0|4|0.0|0.0|0|0|0|0|0|0|0|0|1|0|0|0|0|||||15-Jul-2020|303.0|0|0|R931|R931|Z951|N|R931|Y|I259|Y|T7432X|N|I151|N|E1129|N|C50929|N|N181|N|E1121|Y|E8881|Y|E781|Y|E119|Y|G4754|Y|G479|Y|||||||||||||||||||||||X58|W19|Y| | | | | | | | | | | | | | | | | | | | | | |BW03ZZZ|14-Jul-2020|B24DZZZ|14-Jul-2020|3E033FZ|14-Jul-2020|||||||||||||||||||||||||||||||||||||||||||||0|0||1|1|93229|3.0|2020-07-15T00:00:00|hospital_D|hospital_D_20200714
SYN_BENE_E2CD93F31250|SYN_CLM_5A84931F6411|V|60|14-Jul-2020|15-Jul-2020|17-Jul-2020||3|331131|1|1|1|| |22751.76|0.0| ||33|1972913473| |9999938092| |9999938092|||0|1| |22751.76|14-Jul-2020|3|2|A|10|0.0|4550.42|0|4|0.0|0.0|0|0|0|0|0|0|0|0|1|0|0|0|0|||||15-Jul-2020|303.0|0|0|R931|R931|Z951|N|R931|Y|I259|Y|T7432X|N|I151|N|E1129|N|C50929|N|N181|N|E1121|Y|E8881|Y|E781|Y|E119|Y|G4754|Y|G479|Y|||||||||||||||||||||||X58|W19|Y| | | | | | | | | | | | | | | | | | | | | | |BW03ZZZ|14-Jul-2020|B24DZZZ|14-Jul-2020|3E033FZ|14-Jul-2020|||||||||||||||||||||||||||||||||||||||||||||0|0||2|1|71046|3.0|2020-07-15T00:00:00|hospital_D|hospital_D_20200714
SYN_BENE_E2CD93F31250|SYN_CLM_5A84931F6411|V|60|14-Jul-2020|15-Jul-2020|17-Jul-2020||3|331131|1|1|1|| |22751.76|0.0| ||33|1972913473| |9999938092| |9999938092|||0|1| |22751.76|14-Jul-2020|3|2|A|10|0.0|4550.42|0|4|0.0|0.0|0|0|0|0|0|0|0|0|1|0|0|0|0|||||15-Jul-2020|303.0|0|0|R931|R931|Z951|N|R931|Y|I259|Y|T7432X|N|I151|N|E1129|N|C50929|N|N181|N|E1121|Y|E8881|Y|E781|Y|E119|Y|G4754|Y|G479|Y|||||||||||||||||||||||X58|W19|Y| | | | | | | | | | | | | | | | | | | | | | |BW03ZZZ|14-Jul-2020|B24DZZZ|14-Jul-2020|3E033FZ|14-Jul-2020|||||||||||||||||||||||||||||||||||||||||||||0|0||3|1|I3C|3.0|2020-07-15T00:00:00|hospital_D|hospital_D_20200714
SYN_BENE_E2CD93F31250|SYN_CLM_5A84931F6411|V|60|14-Jul-2020|15-Jul-2020|17-Jul-2020||3|331131|1|1|1|| |22751.76|0.0| ||33|1972913473| |9999938092| |9999938092|||0|1| |22751.76|14-Jul-2020|3|2|A|10|0.0|4550.42|0|4|0.0|0.0|0|0|0|0|0|0|0|0|1|0|0|0|0|||||15-Jul-2020|303.0|0|0|R931|R931|Z951|N|R931|Y|I259|Y|T7432X|N|I151|N|E1129|N|C50929|N|N181|N|E1121|Y|E8881|Y|E781|Y|E119|Y|G4754|Y|G479|Y|||||||||||||||||||||||X58|W19|Y| | | | | | | | | | | | | | | | | | | | | | |BW03ZZZ|14-Jul-2020|B24DZZZ|14-Jul-2020|3E033FZ|14-Jul-2020|||||||||||||||||||||||||||||||||||||||||||||0|0||4|1|S9353|3.0|2020-07-15T00:00:00|hospital_D|hospital_D_20200714
SYN_BENE_E2CD93F31250|SYN_CLM_5A84931F6411|V|60|14-Jul-2020|15-Jul-2020|17-Jul-2020||3|331131|1|1|1|| |22751.76|0.0| ||33|1972913473| |9999938092| |9999938092|||0|1| |22751.76|14-Jul-2020|3|2|A|10|0.0|4550.42|0|4|0.0|0.0|0|0|0|0|0|0|0|0|1|0|0|0|0|||||15-Jul-2020|303.0|0|0|R931|R931|Z951|N|R931|Y|I259|Y|T7432X|N|I151|N|E1129|N|C50929|N|N181|N|E1121|Y|E8881|Y|E781|Y|E119|Y|G4754|Y|G479|Y|||||||||||||||||||||||X58|W19|Y| | | | | | | | | | | | | | | | | | | | | | |BW03ZZZ|14-Jul-2020|B24DZZZ|14-Jul-2020|3E033FZ|14-Jul-2020|||||||||||||||||||||||||||||||||||||||||||||0|0||5|1|QS|3.0|2020-07-15T00:00:00|hospital_D|hospital_D_20200714
SYN_BENE_E2CD93F31250|SYN_CLM_5A84931F6411|V|60|14-Jul-2020|15-Jul-2020|17-Jul-2020||3|331131|1|1|1|| |22751.76|0.0| ||33|1972913473| |9999938092| |9999938092|||0|1| |22751.76|14-Jul-2020|3|2|A|10|0.0|4550.42|0|4|0.0|0.0|0|0|0|0|0|0|0|0|1|0|0|0|0|||||15-Jul-2020|303.0|0|0|R931|R931|Z951|N|R931|Y|I259|Y|T7432X|N|I151|N|E1129|N|C50929|N|N181|N|E1121|Y|E8881|Y|E781|Y|E119|Y|G4754|Y|G479|Y|||||||||||||||||||||||X58|W19|Y| | | | | | | | | | | | | | | | | | | | | | |BW03ZZZ|14-Jul-2020|B24DZZZ|14-Jul-2020|3E033FZ|14-Jul-2020|||||||||||||||||||||||||||||||||||||||||||||0|0||6|1|G8942|3.0|2020-07-15T00:00:00|hospital_D|hospital_D_20200714
SYN_BENE_1BBB0C0B3DA6|SYN_CLM_26DD59987861|V|60|14-Jul-2020|15-Jul-2020|17-Jul-2020||3|331131|1|1|1|| |14631.22|0.0| ||33|1972913473| |9999938092| |9999938092|||0|1| |14631.22|14-Jul-2020|3|1|A|10|0.0|2926.28|0|4|0.0|0.0|0|0|0|0|0|0|0|0|1|0|0|0|0|||||15-Jul-2020|951.0|0|0|Z95818|Z95818|Z95818|Y|R931|Y|I259|Y|Z604|Y|I129|N|R801|N|C50929|N|E0922|N|E1121|Y|E8881|Y|E781|Y|E119|Y|G4733|N|G479|Y|||||||||||||||||||||||X58|X58|Y| | | | | | | | | | | | | | | | | | | | | | |0BP18DZ|14-Jul-2020|BW03ZZZ|14-Jul-2020|||||||||||||||||||||||||||||||||||||||||||||||0|0||1|1|93229|3.0|2020-07-15T00:00:00|hospital_D|hospital_D_20200714
SYN_BENE_1BBB0C0B3DA6|SYN_CLM_26DD59987861|V|60|14-Jul-2020|15-Jul-2020|17-Jul-2020||3|331131|1|1|1|| |14631.22|0.0| ||33|1972913473| |9999938092| |9999938092|||0|1| |14631.22|14-Jul-2020|3|1|A|10|0.0|2926.28|0|4|0.0|0.0|0|0|0|0|0|0|0|0|1|0|0|0|0|||||15-Jul-2020|951.0|0|0|Z95818|Z95818|Z95818|Y|R931|Y|I259|Y|Z604|Y|I129|N|R801|N|C50929|N|E0922|N|E1121|Y|E8881|Y|E781|Y|E119|Y|G4733|N|G479|Y|||||||||||||||||||||||X58|X58|Y| | | | | | | | | | | | | | | | | | | | | | |0BP18DZ|14-Jul-2020|BW03ZZZ|14-Jul-2020|||||||||||||||||||||||||||||||||||||||||||||||0|0||2|1|71046|3.0|2020-07-15T00:00:00|hospital_D|hospital_D_20200714
SYN_BENE_E7963609FCDC|SYN_CLM_E2D5C57A90A2|V|60|14-Jul-2020|15-Jul-2020|17-Jul-2020||3|331131|1|1|1|| |14631.22|0.0| ||33|1972913473| |9999938092| |9999938092|||0|1| |14631.22|14-Jul-2020|3|1|A|10|0.0|2926.28|0|4|0.0|0.0|0|0|0|0|0|0|0|0|1|0|0|0|0|||||15-Jul-2020|951.0|0|0|Z95818|Z95818|Z95818|Y|R931|Y|I259|Y|Z604|Y|I129|N|R801|N|C50929|N|E0922|N|E1121|Y|E8881|Y|E781|Y|E119|Y|G4733|N|G479|Y|||||||||||||||||||||||X58|X58|Y| | | | | | | | | | | | | | | | | | | | | | |0BP18DZ|14-Jul-2020|BW03ZZZ|14-Jul-2020|||||||||||||||||||||||||||||||||||||||||||||||0|0||1|1|93229|3.0|2020-07-15T00:00:00|hospital_D|hospital_D_20200714
SYN_BENE_E7963609FCDC|SYN_CLM_E2D5C57A90A2|V|60|14-Jul-2020|15-Jul-2020|17-Jul-2020||3|331131|1|1|1|| |14631.22|0.0| ||33|1972913473| |9999938092| |9999938092|||0|1| |14631.22|14-Jul-2020|3|1|A|10|0.0|2926.28|0|4|0.0|0.0|0|0|0|0|0|0|0|0|1|0|0|0|0|||||15-Jul-2020|951.0|0|0|Z95818|Z95818|Z95818|Y|R931|Y|I259|Y|Z604|Y|I129|N|R801|N|C50929|N|E0922|N|E1121|Y|E8881|Y|E781|Y|E119|Y|G4733|N|G479|Y|||||||||||||||||||||||X58|X58|Y| | | | | | | | | | | | | | | | | | | | | | |0BP18DZ|14-Jul-2020|BW03ZZZ|14-Jul-2020|||||||||||||||||||||||||||||||||||||||||||||||0|0||2|1|71046|3.0|2020-07-15T00:00:00|hospital_D|hospital_D_20200714
SYN_BENE_EA81F1EDB1BA|SYN_CLM_E9859A45AB03|V|60|14-Jul-2020|15-Jul-2020|17-Jul-2020||3|331131|1|1|1|| |22751.76|0.0| ||33|1972913473| |9999938092| |9999938092|||0|1| |22751.76|14-Jul-2020|3|2|A|10|0.0|4550.42|0|4|0.0|0.0|0|0|0|0|0|0|0|0|1|0|0|0|0|||||15-Jul-2020|303.0|0|0|R931|R931|Z951|N|R931|Y|I259|Y|T7432X|N|I151|N|E1129|N|C50929|N|N181|N|E1121|Y|E8881|Y|E781|Y|E119|Y|G4754|Y|G479|Y|||||||||||||||||||||||X58|W19|Y| | | | | | | | | | | | | | | | | | | | | | |BW03ZZZ|14-Jul-2020|B24DZZZ|14-Jul-2020|3E033FZ|14-Jul-2020|||||||||||||||||||||||||||||||||||||||||||||0|0||1|1|93229|3.0|2020-07-15T00:00:00|hospital_D|hospital_D_20200714
SYN_BENE_EA81F1EDB1BA|SYN_CLM_E9859A45AB03|V|60|14-Jul-2020|15-Jul-2020|17-Jul-2020||3|331131|1|1|1|| |22751.76|0.0| ||33|1972913473| |9999938092| |9999938092|||0|1| |22751.76|14-Jul-2020|3|2|A|10|0.0|4550.42|0|4|0.0|0.0|0|0|0|0|0|0|0|0|1|0|0|0|0|||||15-Jul-2020|303.0|0|0|R931|R931|Z951|N|R931|Y|I259|Y|T7432X|N|I151|N|E1129|N|C50929|N|N181|N|E1121|Y|E8881|Y|E781|Y|E119|Y|G4754|Y|G479|Y|||||||||||||||||||||||X58|W19|Y| | | | | | | | | | | | | | | | | | | | | | |BW03ZZZ|14-Jul-2020|B24DZZZ|14-Jul-2020|3E033FZ|14-Jul-2020|||||||||||||||||||||||||||||||||||||||||||||0|0||2|1|71046|3.0|2020-07-15T00:00:00|hospital_D|hospital_D_20200714
SYN_BENE_EA81F1EDB1BA|SYN_CLM_E9859A45AB03|V|60|14-Jul-2020|15-Jul-2020|17-Jul-2020||3|331131|1|1|1|| |22751.76|0.0| ||33|1972913473| |9999938092| |9999938092|||0|1| |22751.76|14-Jul-2020|3|2|A|10|0.0|4550.42|0|4|0.0|0.0|0|0|0|0|0|0|0|0|1|0|0|0|0|||||15-Jul-2020|303.0|0|0|R931|R931|Z951|N|R931|Y|I259|Y|T7432X|N|I151|N|E1129|N|C50929|N|N181|N|E1121|Y|E8881|Y|E781|Y|E119|Y|G4754|Y|G479|Y|||||||||||||||||||||||X58|W19|Y| | | | | | | | | | | | | | | | | | | | | | |BW03ZZZ|14-Jul-2020|B24DZZZ|14-Jul-2020|3E033FZ|14-Jul-2020|||||||||||||||||||||||||||||||||||||||||||||0|0||3|1|I3C|3.0|2020-07-15T00:00:00|hospital_D|hospital_D_20200714
SYN_BENE_EA81F1EDB1BA|SYN_CLM_E9859A45AB03|V|60|14-Jul-2020|15-Jul-2020|17-Jul-2020||3|331131|1|1|1|| |22751.76|0.0| ||33|1972913473| |9999938092| |9999938092|||0|1| |22751.76|14-Jul-2020|3|2|A|10|0.0|4550.42|0|4|0.0|0.0|0|0|0|0|0|0|0|0|1|0|0|0|0|||||15-Jul-2020|303.0|0|0|R931|R931|Z951|N|R931|Y|I259|Y|T7432X|N|I151|N|E1129|N|C50929|N|N181|N|E1121|Y|E8881|Y|E781|Y|E119|Y|G4754|Y|G479|Y|||||||||||||||||||||||X58|W19|Y| | | | | | | | | | | | | | | | | | | | | | |BW03ZZZ|14-Jul-2020|B24DZZZ|14-Jul-2020|3E033FZ|14-Jul-2020|||||||||||||||||||||||||||||||||||||||||||||0|0||4|1|S9353|3.0|2020-07-15T00:00:00|hospital_D|hospital_D_20200714
SYN_BENE_EA81F1EDB1BA|SYN_CLM_E9859A45AB03|V|60|14-Jul-2020|15-Jul-2020|17-Jul-2020||3|331131|1|1|1|| |22751.76|0.0| ||33|1972913473| |9999938092| |9999938092|||0|1| |22751.76|14-Jul-2020|3|2|A|10|0.0|4550.42|0|4|0.0|0.0|0|0|0|0|0|0|0|0|1|0|0|0|0|||||15-Jul-2020|303.0|0|0|R931|R931|Z951|N|R931|Y|I259|Y|T7432X|N|I151|N|E1129|N|C50929|N|N181|N|E1121|Y|E8881|Y|E781|Y|E119|Y|G4754|Y|G479|Y|||||||||||||||||||||||X58|W19|Y| | | | | | | | | | | | | | | | | | | | | | |BW03ZZZ|14-Jul-2020|B24DZZZ|14-Jul-2020|3E033FZ|14-Jul-2020|||||||||||||||||||||||||||||||||||||||||||||0|0||5|1|QS|3.0|2020-07-15T00:00:00|hospital_D|hospital_D_20200714
SYN_BENE_EA81F1EDB1BA|SYN_CLM_E9859A45AB03|V|60|14-Jul-2020|15-Jul-2020|17-Jul-2020||3|331131|1|1|1|| |22751.76|0.0| ||33|1972913473| |9999938092| |9999938092|||0|1| |22751.76|14-Jul-2020|3|2|A|10|0.0|4550.42|0|4|0.0|0.0|0|0|0|0|0|0|0|0|1|0|0|0|0|||||15-Jul-2020|303.0|0|0|R931|R931|Z951|N|R931|Y|I259|Y|T7432X|N|I151|N|E1129|N|C50929|N|N181|N|E1121|Y|E8881|Y|E781|Y|E119|Y|G4754|Y|G479|Y|||||||||||||||||||||||X58|W19|Y| | | | | | | | | | | | | | | | | | | | | | |BW03ZZZ|14-Jul-2020|B24DZZZ|14-Jul-2020|3E033FZ|14-Jul-2020|||||||||||||||||||||||||||||||||||||||||||||0|0||6|1|G8942|3.0|2020-07-15T00:00:00|hospital_D|hospital_D_20200714
SYN_BENE_D3202679ED95|SYN_CLM_A40EEA421D80|V|60|14-Jul-2020|15-Jul-2020|17-Jul-2020||3|331131|1|1|1|| |22751.76|0.0| ||33|1972913473| |9999938092| |9999938092|||0|1| |22751.76|14-Jul-2020|3|2|A|10|0.0|4550.42|0|4|0.0|0.0|0|0|0|0|0|0|0|0|1|0|0|0|0|||||15-Jul-2020|303.0|0|0|R931|R931|Z951|N|R931|Y|I259|Y|T7432X|N|I151|N|E1129|N|C50929|N|N181|N|E1121|Y|E8881|Y|E781|Y|E119|Y|G4754|Y|G479|Y|||||||||||||||||||||||X58|W19|Y| | | | | | | | | | | | | | | | | | | | | | |BW03ZZZ|14-Jul-2020|B24DZZZ|14-Jul-2020|3E033FZ|14-Jul-2020|||||||||||||||||||||||||||||||||||||||||||||0|0||1|1|93229|3.0|2020-07-15T00:00:00|hospital_D|hospital_D_20200714
SYN_BENE_D3202679ED95|SYN_CLM_A40EEA421D80|V|60|14-Jul-2020|15-Jul-2020|17-Jul-2020||3|331131|1|1|1|| |22751.76|0.0| ||33|1972913473| |9999938092| |9999938092|||0|1| |22751.76|14-Jul-2020|3|2|A|10|0.0|4550.42|0|4|0.0|0.0|0|0|0|0|0|0|0|0|1|0|0|0|0|||||15-Jul-2020|303.0|0|0|R931|R931|Z951|N|R931|Y|I259|Y|T7432X|N|I151|N|E1129|N|C50929|N|N181|N|E1121|Y|E8881|Y|E781|Y|E119|Y|G4754|Y|G479|Y|||||||||||||||||||||||X58|W19|Y| | | | | | | | | | | | | | | | | | | | | | |BW03ZZZ|14-Jul-2020|B24DZZZ|14-Jul-2020|3E033FZ|14-Jul-2020|||||||||||||||||||||||||||||||||||||||||||||0|0||2|1|71046|3.0|2020-07-15T00:00:00|hospital_D|hospital_D_20200714
SYN_BENE_D3202679ED95|SYN_CLM_A40EEA421D80|V|60|14-Jul-2020|15-Jul-2020|17-Jul-2020||3|331131|1|1|1|| |22751.76|0.0| ||33|1972913473| |9999938092| |9999938092|||0|1| |22751.76|14-Jul-2020|3|2|A|10|0.0|4550.42|0|4|0.0|0.0|0|0|0|0|0|0|0|0|1|0|0|0|0|||||15-Jul-2020|303.0|0|0|R931|R931|Z951|N|R931|Y|I259|Y|T7432X|N|I151|N|E1129|N|C50929|N|N181|N|E1121|Y|E8881|Y|E781|Y|E119|Y|G4754|Y|G479|Y|||||||||||||||||||||||X58|W19|Y| | | | | | | | | | | | | | | | | | | | | | |BW03ZZZ|14-Jul-2020|B24DZZZ|14-Jul-2020|3E033FZ|14-Jul-2020|||||||||||||||||||||||||||||||||||||||||||||0|0||3|1|I3C|3.0|2020-07-15T00:00:00|hospital_D|hospital_D_20200714
SYN_BENE_D3202679ED95|SYN_CLM_A40EEA421D80|V|60|14-Jul-2020|15-Jul-2020|17-Jul-2020||3|331131|1|1|1|| |22751.76|0.0| ||33|1972913473| |9999938092| |9999938092|||0|1| |22751.76|14-Jul-2020|3|2|A|10|0.0|4550.42|0|4|0.0|0.0|0|0|0|0|0|0|0|0|1|0|0|0|0|||||15-Jul-2020|303.0|0|0|R931|R931|Z951|N|R931|Y|I259|Y|T7432X|N|I151|N|E1129|N|C50929|N|N181|N|E1121|Y|E8881|Y|E781|Y|E119|Y|G4754|Y|G479|Y|||||||||||||||||||||||X58|W19|Y| | | | | | | | | | | | | | | | | | | | | | |BW03ZZZ|14-Jul-2020|B24DZZZ|14-Jul-2020|3E033FZ|14-Jul-2020|||||||||||||||||||||||||||||||||||||||||||||0|0||4|1|S9353|3.0|2020-07-15T00:00:00|hospital_D|hospital_D_20200714
SYN_BENE_D3202679ED95|SYN_CLM_A40EEA421D80|V|60|14-Jul-2020|15-Jul-2020|17-Jul-2020||3|331131|1|1|1|| |22751.76|0.0| ||33|1972913473| |9999938092| |9999938092|||0|1| |22751.76|14-Jul-2020|3|2|A|10|0.0|4550.42|0|4|0.0|0.0|0|0|0|0|0|0|0|0|1|0|0|0|0|||||15-Jul-2020|303.0|0|0|R931|R931|Z951|N|R931|Y|I259|Y|T7432X|N|I151|N|E1129|N|C50929|N|N181|N|E1121|Y|E8881|Y|E781|Y|E119|Y|G4754|Y|G479|Y|||||||||||||||||||||||X58|W19|Y| | | | | | | | | | | | | | | | | | | | | | |BW03ZZZ|14-Jul-2020|B24DZZZ|14-Jul-2020|3E033FZ|14-Jul-2020|||||||||||||||||||||||||||||||||||||||||||||0|0||5|1|QS|3.0|2020-07-15T00:00:00|hospital_D|hospital_D_20200714
SYN_BENE_D3202679ED95|SYN_CLM_A40EEA421D80|V|60|14-Jul-2020|15-Jul-2020|17-Jul-2020||3|331131|1|1|1|| |22751.76|0.0| ||33|1972913473| |9999938092| |9999938092|||0|1| |22751.76|14-Jul-2020|3|2|A|10|0.0|4550.42|0|4|0.0|0.0|0|0|0|0|0|0|0|0|1|0|0|0|0|||||15-Jul-2020|303.0|0|0|R931|R931|Z951|N|R931|Y|I259|Y|T7432X|N|I151|N|E1129|N|C50929|N|N181|N|E1121|Y|E8881|Y|E781|Y|E119|Y|G4754|Y|G479|Y|||||||||||||||||||||||X58|W19|Y| | | | | | | | | | | | | | | | | | | | | | |BW03ZZZ|14-Jul-2020|B24DZZZ|14-Jul-2020|3E033FZ|14-Jul-2020|||||||||||||||||||||||||||||||||||||||||||||0|0||6|1|G8942|3.0|2020-07-15T00:00:00|hospital_D|hospital_D_20200714
SYN_BENE_170DA3E760FE|SYN_CLM_FF1D1D2348A5|V|60|14-Jul-2020|15-Jul-2020|17-Jul-2020||3|331131|1|1|1|| |14631.22|0.0| ||33|1972913473| |9999938092| |9999938092|||0|1| |14631.22|14-Jul-2020|3|1|A|10|0.0|2926.28|0|4|0.0|0.0|0|0|0|0|0|0|0|0|1|0|0|0|0|||||15-Jul-2020|951.0|0|0|Z95818|Z95818|Z95818|Y|R931|Y|I259|Y|Z604|Y|I129|N|R801|N|C50929|N|E0922|N|E1121|Y|E8881|Y|E781|Y|E119|Y|G4733|N|G479|Y|||||||||||||||||||||||X58|X58|Y| | | | | | | | | | | | | | | | | | | | | | |0BP18DZ|14-Jul-2020|BW03ZZZ|14-Jul-2020|||||||||||||||||||||||||||||||||||||||||||||||0|0||1|1|93229|3.0|2020-07-15T00:00:00|hospital_D|hospital_D_20200714
SYN_BENE_170DA3E760FE|SYN_CLM_FF1D1D2348A5|V|60|14-Jul-2020|15-Jul-2020|17-Jul-2020||3|331131|1|1|1|| |14631.22|0.0| ||33|1972913473| |9999938092| |9999938092|||0|1| |14631.22|14-Jul-2020|3|1|A|10|0.0|2926.28|0|4|0.0|0.0|0|0|0|0|0|0|0|0|1|0|0|0|0|||||15-Jul-2020|951.0|0|0|Z95818|Z95818|Z95818|Y|R931|Y|I259|Y|Z604|Y|I129|N|R801|N|C50929|N|E0922|N|E1121|Y|E8881|Y|E781|Y|E119|Y|G4733|N|G479|Y|||||||||||||||||||||||X58|X58|Y| | | | | | | | | | | | | | | | | | | | | | |0BP18DZ|14-Jul-2020|BW03ZZZ|14-Jul-2020|||||||||||||||||||||||||||||||||||||||||||||||0|0||2|1|71046|3.0|2020-07-15T00:00:00|hospital_D|hospital_D_20200714
SYN_BENE_DE50DBD76882|SYN_CLM_5FD2E8586726|V|60|14-Jul-2020|15-Jul-2020|17-Jul-2020||3|331131|1|1|1|| |22751.76|0.0| ||33|1972913473| |9999938092| |9999938092|||0|1| |22751.76|14-Jul-2020|3|2|A|10|0.0|4550.42|0|4|0.0|0.0|0|0|0|0|0|0|0|0|1|0|0|0|0|||||15-Jul-2020|303.0|0|0|R931|R931|Z951|N|R931|Y|I259|Y|T7432X|N|I151|N|E1129|N|C50929|N|N181|N|E1121|Y|E8881|Y|E781|Y|E119|Y|G4754|Y|G479|Y|||||||||||||||||||||||X58|W19|Y| | | | | | | | | | | | | | | | | | | | | | |BW03ZZZ|14-Jul-2020|B24DZZZ|14-Jul-2020|3E033FZ|14-Jul-2020|||||||||||||||||||||||||||||||||||||||||||||0|0||1|1|93229|3.0|2020-07-15T00:00:00|hospital_D|hospital_D_20200714
SYN_BENE_DE50DBD76882|SYN_CLM_5FD2E8586726|V|60|14-Jul-2020|15-Jul-2020|17-Jul-2020||3|331131|1|1|1|| |22751.76|0.0| ||33|1972913473| |9999938092| |9999938092|||0|1| |22751.76|14-Jul-2020|3|2|A|10|0.0|4550.42|0|4|0.0|0.0|0|0|0|0|0|0|0|0|1|0|0|0|0|||||15-Jul-2020|303.0|0|0|R931|R931|Z951|N|R931|Y|I259|Y|T7432X|N|I151|N|E1129|N|C50929|N|N181|N|E1121|Y|E8881|Y|E781|Y|E119|Y|G4754|Y|G479|Y|||||||||||||||||||||||X58|W19|Y| | | | | | | | | | | | | | | | | | | | | | |BW03ZZZ|14-Jul-2020|B24DZZZ|14-Jul-2020|3E033FZ|14-Jul-2020|||||||||||||||||||||||||||||||||||||||||||||0|0||2|1|71046|3.0|2020-07-15T00:00:00|hospital_D|hospital_D_20200714
SYN_BENE_DE50DBD76882|SYN_CLM_5FD2E8586726|V|60|14-Jul-2020|15-Jul-2020|17-Jul-2020||3|331131|1|1|1|| |22751.76|0.0| ||33|1972913473| |9999938092| |9999938092|||0|1| |22751.76|14-Jul-2020|3|2|A|10|0.0|4550.42|0|4|0.0|0.0|0|0|0|0|0|0|0|0|1|0|0|0|0|||||15-Jul-2020|303.0|0|0|R931|R931|Z951|N|R931|Y|I259|Y|T7432X|N|I151|N|E1129|N|C50929|N|N181|N|E1121|Y|E8881|Y|E781|Y|E119|Y|G4754|Y|G479|Y|||||||||||||||||||||||X58|W19|Y| | | | | | | | | | | | | | | | | | | | | | |BW03ZZZ|14-Jul-2020|B24DZZZ|14-Jul-2020|3E033FZ|14-Jul-2020|||||||||||||||||||||||||||||||||||||||||||||0|0||3|1|I3C|3.0|2020-07-15T00:00:00|hospital_D|hospital_D_20200714
SYN_BENE_DE50DBD76882|SYN_CLM_5FD2E8586726|V|60|14-Jul-2020|15-Jul-2020|17-Jul-2020||3|331131|1|1|1|| |22751.76|0.0| ||33|1972913473| |9999938092| |9999938092|||0|1| |22751.76|14-Jul-2020|3|2|A|10|0.0|4550.42|0|4|0.0|0.0|0|0|0|0|0|0|0|0|1|0|0|0|0|||||15-Jul-2020|303.0|0|0|R931|R931|Z951|N|R931|Y|I259|Y|T7432X|N|I151|N|E1129|N|C50929|N|N181|N|E1121|Y|E8881|Y|E781|Y|E119|Y|G4754|Y|G479|Y|||||||||||||||||||||||X58|W19|Y| | | | | | | | | | | | | | | | | | | | | | |BW03ZZZ|14-Jul-2020|B24DZZZ|14-Jul-2020|3E033FZ|14-Jul-2020|||||||||||||||||||||||||||||||||||||||||||||0|0||4|1|S9353|3.0|2020-07-15T00:00:00|hospital_D|hospital_D_20200714
SYN_BENE_DE50DBD76882|SYN_CLM_5FD2E8586726|V|60|14-Jul-2020|15-Jul-2020|17-Jul-2020||3|331131|1|1|1|| |22751.76|0.0| ||33|1972913473| |9999938092| |9999938092|||0|1| |22751.76|14-Jul-2020|3|2|A|10|0.0|4550.42|0|4|0.0|0.0|0|0|0|0|0|0|0|0|1|0|0|0|0|||||15-Jul-2020|303.0|0|0|R931|R931|Z951|N|R931|Y|I259|Y|T7432X|N|I151|N|E1129|N|C50929|N|N181|N|E1121|Y|E8881|Y|E781|Y|E119|Y|G4754|Y|G479|Y|||||||||||||||||||||||X58|W19|Y| | | | | | | | | | | | | | | | | | | | | | |BW03ZZZ|14-Jul-2020|B24DZZZ|14-Jul-2020|3E033FZ|14-Jul-2020|||||||||||||||||||||||||||||||||||||||||||||0|0||5|1|QS|3.0|2020-07-15T00:00:00|hospital_D|hospital_D_20200714
SYN_BENE_DE50DBD76882|SYN_CLM_5FD2E8586726|V|60|14-Jul-2020|15-Jul-2020|17-Jul-2020||3|331131|1|1|1|| |22751.76|0.0| ||33|1972913473| |9999938092| |9999938092|||0|1| |22751.76|14-Jul-2020|3|2|A|10|0.0|4550.42|0|4|0.0|0.0|0|0|0|0|0|0|0|0|1|0|0|0|0|||||15-Jul-2020|303.0|0|0|R931|R931|Z951|N|R931|Y|I259|Y|T7432X|N|I151|N|E1129|N|C50929|N|N181|N|E1121|Y|E8881|Y|E781|Y|E119|Y|G4754|Y|G479|Y|||||||||||||||||||||||X58|W19|Y| | | | | | | | | | | | | | | | | | | | | | |BW03ZZZ|14-Jul-2020|B24DZZZ|14-Jul-2020|3E033FZ|14-Jul-2020|||||||||||||||||||||||||||||||||||||||||||||0|0||6|1|G8942|3.0|2020-07-15T00:00:00|hospital_D|hospital_D_20200714
SYN_BENE_13A2B1353FB9|SYN_CLM_175A704FC004|V|60|14-Jul-2020|15-Jul-2020|17-Jul-2020||3|331131|1|1|1|| |14631.22|0.0| ||33|1972913473| |9999938092| |9999938092|||0|1| |14631.22|14-Jul-2020|3|1|A|10|0.0|2926.28|0|4|0.0|0.0|0|0|0|0|0|0|0|0|1|0|0|0|0|||||15-Jul-2020|951.0|0|0|Z95818|Z95818|Z95818|Y|R931|Y|I259|Y|Z604|Y|I129|N|R801|N|C50929|N|E0922|N|E1121|Y|E8881|Y|E781|Y|E119|Y|G4733|N|G479|Y|||||||||||||||||||||||X58|X58|Y| | | | | | | | | | | | | | | | | | | | | | |0BP18DZ|14-Jul-2020|BW03ZZZ|14-Jul-2020|||||||||||||||||||||||||||||||||||||||||||||||0|0||1|1|93229|3.0|2020-07-15T00:00:00|hospital_D|hospital_D_20200714
SYN_BENE_13A2B1353FB9|SYN_CLM_175A704FC004|V|60|14-Jul-2020|15-Jul-2020|17-Jul-2020||3|331131|1|1|1|| |14631.22|0.0| ||33|1972913473| |9999938092| |9999938092|||0|1| |14631.22|14-Jul-2020|3|1|A|10|0.0|2926.28|0|4|0.0|0.0|0|0|0|0|0|0|0|0|1|0|0|0|0|||||15-Jul-2020|951.0|0|0|Z95818|Z95818|Z95818|Y|R931|Y|I259|Y|Z604|Y|I129|N|R801|N|C50929|N|E0922|N|E1121|Y|E8881|Y|E781|Y|E119|Y|G4733|N|G479|Y|||||||||||||||||||||||X58|X58|Y| | | | | | | | | | | | | | | | | | | | | | |0BP18DZ|14-Jul-2020|BW03ZZZ|14-Jul-2020|||||||||||||||||||||||||||||||||||||||||||||||0|0||2|1|71046|3.0|2020-07-15T00:00:00|hospital_D|hospital_D_20200714
SYN_BENE_C0F999EDD0C5|SYN_CLM_3DE9B077262F|V|60|14-Jul-2020|15-Jul-2020|17-Jul-2020||3|331131|1|1|1|| |22751.76|0.0| ||33|1972913473| |9999938092| |9999938092|||0|1| |22751.76|14-Jul-2020|3|2|A|10|0.0|4550.42|0|4|0.0|0.0|0|0|0|0|0|0|0|0|1|0|0|0|0|||||15-Jul-2020|303.0|0|0|R931|R931|Z951|N|R931|Y|I259|Y|T7432X|N|I151|N|E1129|N|C50929|N|N181|N|E1121|Y|E8881|Y|E781|Y|E119|Y|G4754|Y|G479|Y|||||||||||||||||||||||X58|W19|Y| | | | | | | | | | | | | | | | | | | | | | |BW03ZZZ|14-Jul-2020|B24DZZZ|14-Jul-2020|3E033FZ|14-Jul-2020|||||||||||||||||||||||||||||||||||||||||||||0|0||1|1|93229|3.0|2020-07-15T00:00:00|hospital_D|hospital_D_20200714
SYN_BENE_C0F999EDD0C5|SYN_CLM_3DE9B077262F|V|60|14-Jul-2020|15-Jul-2020|17-Jul-2020||3|331131|1|1|1|| |22751.76|0.0| ||33|1972913473| |9999938092| |9999938092|||0|1| |22751.76|14-Jul-2020|3|2|A|10|0.0|4550.42|0|4|0.0|0.0|0|0|0|0|0|0|0|0|1|0|0|0|0|||||15-Jul-2020|303.0|0|0|R931|R931|Z951|N|R931|Y|I259|Y|T7432X|N|I151|N|E1129|N|C50929|N|N181|N|E1121|Y|E8881|Y|E781|Y|E119|Y|G4754|Y|G479|Y|||||||||||||||||||||||X58|W19|Y| | | | | | | | | | | | | | | | | | | | | | |BW03ZZZ|14-Jul-2020|B24DZZZ|14-Jul-2020|3E033FZ|14-Jul-2020|||||||||||||||||||||||||||||||||||||||||||||0|0||2|1|71046|3.0|2020-07-15T00:00:00|hospital_D|hospital_D_20200714
SYN_BENE_C0F999EDD0C5|SYN_CLM_3DE9B077262F|V|60|14-Jul-2020|15-Jul-2020|17-Jul-2020||3|331131|1|1|1|| |22751.76|0.0| ||33|1972913473| |9999938092| |9999938092|||0|1| |22751.76|14-Jul-2020|3|2|A|10|0.0|4550.42|0|4|0.0|0.0|0|0|0|0|0|0|0|0|1|0|0|0|0|||||15-Jul-2020|303.0|0|0|R931|R931|Z951|N|R931|Y|I259|Y|T7432X|N|I151|N|E1129|N|C50929|N|N181|N|E1121|Y|E8881|Y|E781|Y|E119|Y|G4754|Y|G479|Y|||||||||||||||||||||||X58|W19|Y| | | | | | | | | | | | | | | | | | | | | | |BW03ZZZ|14-Jul-2020|B24DZZZ|14-Jul-2020|3E033FZ|14-Jul-2020|||||||||||||||||||||||||||||||||||||||||||||0|0||3|1|I3C|3.0|2020-07-15T00:00:00|hospital_D|hospital_D_20200714
SYN_BENE_C0F999EDD0C5|SYN_CLM_3DE9B077262F|V|60|14-Jul-2020|15-Jul-2020|17-Jul-2020||3|331131|1|1|1|| |22751.76|0.0| ||33|1972913473| |9999938092| |9999938092|||0|1| |22751.76|14-Jul-2020|3|2|A|10|0.0|4550.42|0|4|0.0|0.0|0|0|0|0|0|0|0|0|1|0|0|0|0|||||15-Jul-2020|303.0|0|0|R931|R931|Z951|N|R931|Y|I259|Y|T7432X|N|I151|N|E1129|N|C50929|N|N181|N|E1121|Y|E8881|Y|E781|Y|E119|Y|G4754|Y|G479|Y|||||||||||||||||||||||X58|W19|Y| | | | | | | | | | | | | | | | | | | | | | |BW03ZZZ|14-Jul-2020|B24DZZZ|14-Jul-2020|3E033FZ|14-Jul-2020|||||||||||||||||||||||||||||||||||||||||||||0|0||4|1|S9353|3.0|2020-07-15T00:00:00|hospital_D|hospital_D_20200714
SYN_BENE_C0F999EDD0C5|SYN_CLM_3DE9B077262F|V|60|14-Jul-2020|15-Jul-2020|17-Jul-2020||3|331131|1|1|1|| |22751.76|0.0| ||33|1972913473| |9999938092| |9999938092|||0|1| |22751.76|14-Jul-2020|3|2|A|10|0.0|4550.42|0|4|0.0|0.0|0|0|0|0|0|0|0|0|1|0|0|0|0|||||15-Jul-2020|303.0|0|0|R931|R931|Z951|N|R931|Y|I259|Y|T7432X|N|I151|N|E1129|N|C50929|N|N181|N|E1121|Y|E8881|Y|E781|Y|E119|Y|G4754|Y|G479|Y|||||||||||||||||||||||X58|W19|Y| | | | | | | | | | | | | | | | | | | | | | |BW03ZZZ|14-Jul-2020|B24DZZZ|14-Jul-2020|3E033FZ|14-Jul-2020|||||||||||||||||||||||||||||||||||||||||||||0|0||5|1|QS|3.0|2020-07-15T00:00:00|hospital_D|hospital_D_20200714
SYN_BENE_C0F999EDD0C5|SYN_CLM_3DE9B077262F|V|60|14-Jul-2020|15-Jul-2020|17-Jul-2020||3|331131|1|1|1|| |22751.76|0.0| ||33|1972913473| |9999938092| |9999938092|||0|1| |22751.76|14-Jul-2020|3|2|A|10|0.0|4550.42|0|4|0.0|0.0|0|0|0|0|0|0|0|0|1|0|0|0|0|||||15-Jul-2020|303.0|0|0|R931|R931|Z951|N|R931|Y|I259|Y|T7432X|N|I151|N|E1129|N|C50929|N|N181|N|E1121|Y|E8881|Y|E781|Y|E119|Y|G4754|Y|G479|Y|||||||||||||||||||||||X58|W19|Y| | | | | | | | | | | | | | | | | | | | | | |BW03ZZZ|14-Jul-2020|B24DZZZ|14-Jul-2020|3E033FZ|14-Jul-2020|||||||||||||||||||||||||||||||||||||||||||||0|0||6|1|G8942|3.0|2020-07-15T00:00:00|hospital_D|hospital_D_20200714
SYN_BENE_AF047D123FDC|SYN_CLM_9A8EF4F113AD|V|60|14-Jul-2020|15-Jul-2020|17-Jul-2020||3|331131|1|1|1|| |14631.22|0.0| ||33|1972913473| |9999938092| |9999938092|||0|1| |14631.22|14-Jul-2020|3|1|A|10|0.0|2926.28|0|4|0.0|0.0|0|0|0|0|0|0|0|0|1|0|0|0|0|||||15-Jul-2020|951.0|0|0|Z95818|Z95818|Z95818|Y|R931|Y|I259|Y|Z604|Y|I129|N|R801|N|C50929|N|E0922|N|E1121|Y|E8881|Y|E781|Y|E119|Y|G4733|N|G479|Y|||||||||||||||||||||||X58|X58|Y| | | | | | | | | | | | | | | | | | | | | | |0BP18DZ|14-Jul-2020|BW03ZZZ|14-Jul-2020|||||||||||||||||||||||||||||||||||||||||||||||0|0||1|1|93229|3.0|2020-07-15T00:00:00|hospital_D|hospital_D_20200714
SYN_BENE_AF047D123FDC|SYN_CLM_9A8EF4F113AD|V|60|14-Jul-2020|15-Jul-2020|17-Jul-2020||3|331131|1|1|1|| |14631.22|0.0| ||33|1972913473| |9999938092| |9999938092|||0|1| |14631.22|14-Jul-2020|3|1|A|10|0.0|2926.28|0|4|0.0|0.0|0|0|0|0|0|0|0|0|1|0|0|0|0|||||15-Jul-2020|951.0|0|0|Z95818|Z95818|Z95818|Y|R931|Y|I259|Y|Z604|Y|I129|N|R801|N|C50929|N|E0922|N|E1121|Y|E8881|Y|E781|Y|E119|Y|G4733|N|G479|Y|||||||||||||||||||||||X58|X58|Y| | | | | | | | | | | | | | | | | | | | | | |0BP18DZ|14-Jul-2020|BW03ZZZ|14-Jul-2020|||||||||||||||||||||||||||||||||||||||||||||||0|0||2|1|71046|3.0|2020-07-15T00:00:00|hospital_D|hospital_D_20200714
SYN_BENE_507244B844AD|SYN_CLM_FFFD1AF8BA8F|V|60|14-Jul-2020|15-Jul-2020|17-Jul-2020||3|331131|1|1|1|| |22751.76|0.0| ||33|1972913473| |9999938092| |9999938092|||0|1| |22751.76|14-Jul-2020|3|2|A|10|0.0|4550.42|0|4|0.0|0.0|0|0|0|0|0|0|0|0|1|0|0|0|0|||||15-Jul-2020|303.0|0|0|R931|R931|Z951|N|R931|Y|I259|Y|T7432X|N|I151|N|E1129|N|C50929|N|N181|N|E1121|Y|E8881|Y|E781|Y|E119|Y|G4754|Y|G479|Y|||||||||||||||||||||||X58|W19|Y| | | | | | | | | | | | | | | | | | | | | | |BW03ZZZ|14-Jul-2020|B24DZZZ|14-Jul-2020|3E033FZ|14-Jul-2020|||||||||||||||||||||||||||||||||||||||||||||0|0||1|1|93229|3.0|2020-07-15T00:00:00|hospital_D|hospital_D_20200714
SYN_BENE_507244B844AD|SYN_CLM_FFFD1AF8BA8F|V|60|14-Jul-2020|15-Jul-2020|17-Jul-2020||3|331131|1|1|1|| |22751.76|0.0| ||33|1972913473| |9999938092| |9999938092|||0|1| |22751.76|14-Jul-2020|3|2|A|10|0.0|4550.42|0|4|0.0|0.0|0|0|0|0|0|0|0|0|1|0|0|0|0|||||15-Jul-2020|303.0|0|0|R931|R931|Z951|N|R931|Y|I259|Y|T7432X|N|I151|N|E1129|N|C50929|N|N181|N|E1121|Y|E8881|Y|E781|Y|E119|Y|G4754|Y|G479|Y|||||||||||||||||||||||X58|W19|Y| | | | | | | | | | | | | | | | | | | | | | |BW03ZZZ|14-Jul-2020|B24DZZZ|14-Jul-2020|3E033FZ|14-Jul-2020|||||||||||||||||||||||||||||||||||||||||||||0|0||2|1|71046|3.0|2020-07-15T00:00:00|hospital_D|hospital_D_20200714
SYN_BENE_507244B844AD|SYN_CLM_FFFD1AF8BA8F|V|60|14-Jul-2020|15-Jul-2020|17-Jul-2020||3|331131|1|1|1|| |22751.76|0.0| ||33|1972913473| |9999938092| |9999938092|||0|1| |22751.76|14-Jul-2020|3|2|A|10|0.0|4550.42|0|4|0.0|0.0|0|0|0|0|0|0|0|0|1|0|0|0|0|||||15-Jul-2020|303.0|0|0|R931|R931|Z951|N|R931|Y|I259|Y|T7432X|N|I151|N|E1129|N|C50929|N|N181|N|E1121|Y|E8881|Y|E781|Y|E119|Y|G4754|Y|G479|Y|||||||||||||||||||||||X58|W19|Y| | | | | | | | | | | | | | | | | | | | | | |BW03ZZZ|14-Jul-2020|B24DZZZ|14-Jul-2020|3E033FZ|14-Jul-2020|||||||||||||||||||||||||||||||||||||||||||||0|0||3|1|I3C|3.0|2020-07-15T00:00:00|hospital_D|hospital_D_20200714
SYN_BENE_507244B844AD|SYN_CLM_FFFD1AF8BA8F|V|60|14-Jul-2020|15-Jul-2020|17-Jul-2020||3|331131|1|1|1|| |22751.76|0.0| ||33|1972913473| |9999938092| |9999938092|||0|1| |22751.76|14-Jul-2020|3|2|A|10|0.0|4550.42|0|4|0.0|0.0|0|0|0|0|0|0|0|0|1|0|0|0|0|||||15-Jul-2020|303.0|0|0|R931|R931|Z951|N|R931|Y|I259|Y|T7432X|N|I151|N|E1129|N|C50929|N|N181|N|E1121|Y|E8881|Y|E781|Y|E119|Y|G4754|Y|G479|Y|||||||||||||||||||||||X58|W19|Y| | | | | | | | | | | | | | | | | | | | | | |BW03ZZZ|14-Jul-2020|B24DZZZ|14-Jul-2020|3E033FZ|14-Jul-2020|||||||||||||||||||||||||||||||||||||||||||||0|0||4|1|S9353|3.0|2020-07-15T00:00:00|hospital_D|hospital_D_20200714
SYN_BENE_507244B844AD|SYN_CLM_FFFD1AF8BA8F|V|60|14-Jul-2020|15-Jul-2020|17-Jul-2020||3|331131|1|1|1|| |22751.76|0.0| ||33|1972913473| |9999938092| |9999938092|||0|1| |22751.76|14-Jul-2020|3|2|A|10|0.0|4550.42|0|4|0.0|0.0|0|0|0|0|0|0|0|0|1|0|0|0|0|||||15-Jul-2020|303.0|0|0|R931|R931|Z951|N|R931|Y|I259|Y|T7432X|N|I151|N|E1129|N|C50929|N|N181|N|E1121|Y|E8881|Y|E781|Y|E119|Y|G4754|Y|G479|Y|||||||||||||||||||||||X58|W19|Y| | | | | | | | | | | | | | | | | | | | | | |BW03ZZZ|14-Jul-2020|B24DZZZ|14-Jul-2020|3E033FZ|14-Jul-2020|||||||||||||||||||||||||||||||||||||||||||||0|0||5|1|QS|3.0|2020-07-15T00:00:00|hospital_D|hospital_D_20200714
SYN_BENE_507244B844AD|SYN_CLM_FFFD1AF8BA8F|V|60|14-Jul-2020|15-Jul-2020|17-Jul-2020||3|331131|1|1|1|| |22751.76|0.0| ||33|1972913473| |9999938092| |9999938092|||0|1| |22751.76|14-Jul-2020|3|2|A|10|0.0|4550.42|0|4|0.0|0.0|0|0|0|0|0|0|0|0|1|0|0|0|0|||||15-Jul-2020|303.0|0|0|R931|R931|Z951|N|R931|Y|I259|Y|T7432X|N|I151|N|E1129|N|C50929|N|N181|N|E1121|Y|E8881|Y|E781|Y|E119|Y|G4754|Y|G479|Y|||||||||||||||||||||||X58|W19|Y| | | | | | | | | | | | | | | | | | | | | | |BW03ZZZ|14-Jul-2020|B24DZZZ|14-Jul-2020|3E033FZ|14-Jul-2020|||||||||||||||||||||||||||||||||||||||||||||0|0||6|1|G8942|3.0|2020-07-15T00:00:00|hospital_D|hospital_D_20200714
SYN_BENE_AC84DF6C5E68|SYN_CLM_9B0D98E58CEA|V|60|14-Jul-2020|15-Jul-2020|17-Jul-2020||3|331131|1|1|1|| |22751.76|0.0| ||33|1972913473| |9999938092| |9999938092|||0|1| |22751.76|14-Jul-2020|3|2|A|10|0.0|4550.42|0|4|0.0|0.0|0|0|0|0|0|0|0|0|1|0|0|0|0|||||15-Jul-2020|303.0|0|0|R931|R931|Z951|N|R931|Y|I259|Y|T7432X|N|I151|N|E1129|N|C50929|N|N181|N|E1121|Y|E8881|Y|E781|Y|E119|Y|G4754|Y|G479|Y|||||||||||||||||||||||X58|W19|Y| | | | | | | | | | | | | | | | | | | | | | |BW03ZZZ|14-Jul-2020|B24DZZZ|14-Jul-2020|3E033FZ|14-Jul-2020|||||||||||||||||||||||||||||||||||||||||||||0|0||1|1|93229|3.0|2020-07-15T00:00:00|hospital_D|hospital_D_20200714
SYN_BENE_AC84DF6C5E68|SYN_CLM_9B0D98E58CEA|V|60|14-Jul-2020|15-Jul-2020|17-Jul-2020||3|331131|1|1|1|| |22751.76|0.0| ||33|1972913473| |9999938092| |9999938092|||0|1| |22751.76|14-Jul-2020|3|2|A|10|0.0|4550.42|0|4|0.0|0.0|0|0|0|0|0|0|0|0|1|0|0|0|0|||||15-Jul-2020|303.0|0|0|R931|R931|Z951|N|R931|Y|I259|Y|T7432X|N|I151|N|E1129|N|C50929|N|N181|N|E1121|Y|E8881|Y|E781|Y|E119|Y|G4754|Y|G479|Y|||||||||||||||||||||||X58|W19|Y| | | | | | | | | | | | | | | | | | | | | | |BW03ZZZ|14-Jul-2020|B24DZZZ|14-Jul-2020|3E033FZ|14-Jul-2020|||||||||||||||||||||||||||||||||||||||||||||0|0||2|1|71046|3.0|2020-07-15T00:00:00|hospital_D|hospital_D_20200714
SYN_BENE_AC84DF6C5E68|SYN_CLM_9B0D98E58CEA|V|60|14-Jul-2020|15-Jul-2020|17-Jul-2020||3|331131|1|1|1|| |22751.76|0.0| ||33|1972913473| |9999938092| |9999938092|||0|1| |22751.76|14-Jul-2020|3|2|A|10|0.0|4550.42|0|4|0.0|0.0|0|0|0|0|0|0|0|0|1|0|0|0|0|||||15-Jul-2020|303.0|0|0|R931|R931|Z951|N|R931|Y|I259|Y|T7432X|N|I151|N|E1129|N|C50929|N|N181|N|E1121|Y|E8881|Y|E781|Y|E119|Y|G4754|Y|G479|Y|||||||||||||||||||||||X58|W19|Y| | | | | | | | | | | | | | | | | | | | | | |BW03ZZZ|14-Jul-2020|B24DZZZ|14-Jul-2020|3E033FZ|14-Jul-2020|||||||||||||||||||||||||||||||||||||||||||||0|0||3|1|I3C|3.0|2020-07-15T00:00:00|hospital_D|hospital_D_20200714
SYN_BENE_AC84DF6C5E68|SYN_CLM_9B0D98E58CEA|V|60|14-Jul-2020|15-Jul-2020|17-Jul-2020||3|331131|1|1|1|| |22751.76|0.0| ||33|1972913473| |9999938092| |9999938092|||0|1| |22751.76|14-Jul-2020|3|2|A|10|0.0|4550.42|0|4|0.0|0.0|0|0|0|0|0|0|0|0|1|0|0|0|0|||||15-Jul-2020|303.0|0|0|R931|R931|Z951|N|R931|Y|I259|Y|T7432X|N|I151|N|E1129|N|C50929|N|N181|N|E1121|Y|E8881|Y|E781|Y|E119|Y|G4754|Y|G479|Y|||||||||||||||||||||||X58|W19|Y| | | | | | | | | | | | | | | | | | | | | | |BW03ZZZ|14-Jul-2020|B24DZZZ|14-Jul-2020|3E033FZ|14-Jul-2020|||||||||||||||||||||||||||||||||||||||||||||0|0||4|1|S9353|3.0|2020-07-15T00:00:00|hospital_D|hospital_D_20200714
SYN_BENE_AC84DF6C5E68|SYN_CLM_9B0D98E58CEA|V|60|14-Jul-2020|15-Jul-2020|17-Jul-2020||3|331131|1|1|1|| |22751.76|0.0| ||33|1972913473| |9999938092| |9999938092|||0|1| |22751.76|14-Jul-2020|3|2|A|10|0.0|4550.42|0|4|0.0|0.0|0|0|0|0|0|0|0|0|1|0|0|0|0|||||15-Jul-2020|303.0|0|0|R931|R931|Z951|N|R931|Y|I259|Y|T7432X|N|I151|N|E1129|N|C50929|N|N181|N|E1121|Y|E8881|Y|E781|Y|E119|Y|G4754|Y|G479|Y|||||||||||||||||||||||X58|W19|Y| | | | | | | | | | | | | | | | | | | | | | |BW03ZZZ|14-Jul-2020|B24DZZZ|14-Jul-2020|3E033FZ|14-Jul-2020|||||||||||||||||||||||||||||||||||||||||||||0|0||5|1|QS|3.0|2020-07-15T00:00:00|hospital_D|hospital_D_20200714
SYN_BENE_AC84DF6C5E68|SYN_CLM_9B0D98E58CEA|V|60|14-Jul-2020|15-Jul-2020|17-Jul-2020||3|331131|1|1|1|| |22751.76|0.0| ||33|1972913473| |9999938092| |9999938092|||0|1| |22751.76|14-Jul-2020|3|2|A|10|0.0|4550.42|0|4|0.0|0.0|0|0|0|0|0|0|0|0|1|0|0|0|0|||||15-Jul-2020|303.0|0|0|R931|R931|Z951|N|R931|Y|I259|Y|T7432X|N|I151|N|E1129|N|C50929|N|N181|N|E1121|Y|E8881|Y|E781|Y|E119|Y|G4754|Y|G479|Y|||||||||||||||||||||||X58|W19|Y| | | | | | | | | | | | | | | | | | | | | | |BW03ZZZ|14-Jul-2020|B24DZZZ|14-Jul-2020|3E033FZ|14-Jul-2020|||||||||||||||||||||||||||||||||||||||||||||0|0||6|1|G8942|3.0|2020-07-15T00:00:00|hospital_D|hospital_D_20200714
SYN_BENE_EDE2FF8B6896|SYN_CLM_01BA274CD24B|V|60|14-Jul-2020|15-Jul-2020|17-Jul-2020||3|331131|1|1|1|| |22751.76|0.0| ||33|1972913473| |9999938092| |9999938092|||0|1| |22751.76|14-Jul-2020|3|2|A|10|0.0|4550.42|0|4|0.0|0.0|0|0|0|0|0|0|0|0|1|0|0|0|0|||||15-Jul-2020|303.0|0|0|R931|R931|Z951|N|R931|Y|I259|Y|T7432X|N|I151|N|E1129|N|C50929|N|N181|N|E1121|Y|E8881|Y|E781|Y|E119|Y|G4754|Y|G479|Y|||||||||||||||||||||||X58|W19|Y| | | | | | | | | | | | | | | | | | | | | | |BW03ZZZ|14-Jul-2020|B24DZZZ|14-Jul-2020|3E033FZ|14-Jul-2020|||||||||||||||||||||||||||||||||||||||||||||0|0||1|1|93229|3.0|2020-07-15T00:00:00|hospital_D|hospital_D_20200714
SYN_BENE_EDE2FF8B6896|SYN_CLM_01BA274CD24B|V|60|14-Jul-2020|15-Jul-2020|17-Jul-2020||3|331131|1|1|1|| |22751.76|0.0| ||33|1972913473| |9999938092| |9999938092|||0|1| |22751.76|14-Jul-2020|3|2|A|10|0.0|4550.42|0|4|0.0|0.0|0|0|0|0|0|0|0|0|1|0|0|0|0|||||15-Jul-2020|303.0|0|0|R931|R931|Z951|N|R931|Y|I259|Y|T7432X|N|I151|N|E1129|N|C50929|N|N181|N|E1121|Y|E8881|Y|E781|Y|E119|Y|G4754|Y|G479|Y|||||||||||||||||||||||X58|W19|Y| | | | | | | | | | | | | | | | | | | | | | |BW03ZZZ|14-Jul-2020|B24DZZZ|14-Jul-2020|3E033FZ|14-Jul-2020|||||||||||||||||||||||||||||||||||||||||||||0|0||2|1|71046|3.0|2020-07-15T00:00:00|hospital_D|hospital_D_20200714
SYN_BENE_EDE2FF8B6896|SYN_CLM_01BA274CD24B|V|60|14-Jul-2020|15-Jul-2020|17-Jul-2020||3|331131|1|1|1|| |22751.76|0.0| ||33|1972913473| |9999938092| |9999938092|||0|1| |22751.76|14-Jul-2020|3|2|A|10|0.0|4550.42|0|4|0.0|0.0|0|0|0|0|0|0|0|0|1|0|0|0|0|||||15-Jul-2020|303.0|0|0|R931|R931|Z951|N|R931|Y|I259|Y|T7432X|N|I151|N|E1129|N|C50929|N|N181|N|E1121|Y|E8881|Y|E781|Y|E119|Y|G4754|Y|G479|Y|||||||||||||||||||||||X58|W19|Y| | | | | | | | | | | | | | | | | | | | | | |BW03ZZZ|14-Jul-2020|B24DZZZ|14-Jul-2020|3E033FZ|14-Jul-2020|||||||||||||||||||||||||||||||||||||||||||||0|0||3|1|I3C|3.0|2020-07-15T00:00:00|hospital_D|hospital_D_20200714
SYN_BENE_EDE2FF8B6896|SYN_CLM_01BA274CD24B|V|60|14-Jul-2020|15-Jul-2020|17-Jul-2020||3|331131|1|1|1|| |22751.76|0.0| ||33|1972913473| |9999938092| |9999938092|||0|1| |22751.76|14-Jul-2020|3|2|A|10|0.0|4550.42|0|4|0.0|0.0|0|0|0|0|0|0|0|0|1|0|0|0|0|||||15-Jul-2020|303.0|0|0|R931|R931|Z951|N|R931|Y|I259|Y|T7432X|N|I151|N|E1129|N|C50929|N|N181|N|E1121|Y|E8881|Y|E781|Y|E119|Y|G4754|Y|G479|Y|||||||||||||||||||||||X58|W19|Y| | | | | | | | | | | | | | | | | | | | | | |BW03ZZZ|14-Jul-2020|B24DZZZ|14-Jul-2020|3E033FZ|14-Jul-2020|||||||||||||||||||||||||||||||||||||||||||||0|0||4|1|S9353|3.0|2020-07-15T00:00:00|hospital_D|hospital_D_20200714
SYN_BENE_EDE2FF8B6896|SYN_CLM_01BA274CD24B|V|60|14-Jul-2020|15-Jul-2020|17-Jul-2020||3|331131|1|1|1|| |22751.76|0.0| ||33|1972913473| |9999938092| |9999938092|||0|1| |22751.76|14-Jul-2020|3|2|A|10|0.0|4550.42|0|4|0.0|0.0|0|0|0|0|0|0|0|0|1|0|0|0|0|||||15-Jul-2020|303.0|0|0|R931|R931|Z951|N|R931|Y|I259|Y|T7432X|N|I151|N|E1129|N|C50929|N|N181|N|E1121|Y|E8881|Y|E781|Y|E119|Y|G4754|Y|G479|Y|||||||||||||||||||||||X58|W19|Y| | | | | | | | | | | | | | | | | | | | | | |BW03ZZZ|14-Jul-2020|B24DZZZ|14-Jul-2020|3E033FZ|14-Jul-2020|||||||||||||||||||||||||||||||||||||||||||||0|0||5|1|QS|3.0|2020-07-15T00:00:00|hospital_D|hospital_D_20200714
SYN_BENE_EDE2FF8B6896|SYN_CLM_01BA274CD24B|V|60|14-Jul-2020|15-Jul-2020|17-Jul-2020||3|331131|1|1|1|| |22751.76|0.0| ||33|1972913473| |9999938092| |9999938092|||0|1| |22751.76|14-Jul-2020|3|2|A|10|0.0|4550.42|0|4|0.0|0.0|0|0|0|0|0|0|0|0|1|0|0|0|0|||||15-Jul-2020|303.0|0|0|R931|R931|Z951|N|R931|Y|I259|Y|T7432X|N|I151|N|E1129|N|C50929|N|N181|N|E1121|Y|E8881|Y|E781|Y|E119|Y|G4754|Y|G479|Y|||||||||||||||||||||||X58|W19|Y| | | | | | | | | | | | | | | | | | | | | | |BW03ZZZ|14-Jul-2020|B24DZZZ|14-Jul-2020|3E033FZ|14-Jul-2020|||||||||||||||||||||||||||||||||||||||||||||0|0||6|1|G8942|3.0|2020-07-15T00:00:00|hospital_D|hospital_D_20200714
SYN_BENE_0BB25E1F6AC4|SYN_CLM_2B4F03A5F4F9|V|60|14-Jul-2020|15-Jul-2020|17-Jul-2020||3|331131|1|1|1|| |22751.76|0.0| ||33|1972913473| |9999938092| |9999938092|||0|1| |22751.76|14-Jul-2020|3|2|A|10|0.0|4550.42|0|4|0.0|0.0|0|0|0|0|0|0|0|0|1|0|0|0|0|||||15-Jul-2020|303.0|0|0|R931|R931|Z951|N|R931|Y|I259|Y|T7432X|N|I151|N|E1129|N|C50929|N|N181|N|E1121|Y|E8881|Y|E781|Y|E119|Y|G4754|Y|G479|Y|||||||||||||||||||||||X58|W19|Y| | | | | | | | | | | | | | | | | | | | | | |BW03ZZZ|14-Jul-2020|B24DZZZ|14-Jul-2020|3E033FZ|14-Jul-2020|||||||||||||||||||||||||||||||||||||||||||||0|0||1|1|93229|3.0|2020-07-15T00:00:00|hospital_D|hospital_D_20200714
SYN_BENE_0BB25E1F6AC4|SYN_CLM_2B4F03A5F4F9|V|60|14-Jul-2020|15-Jul-2020|17-Jul-2020||3|331131|1|1|1|| |22751.76|0.0| ||33|1972913473| |9999938092| |9999938092|||0|1| |22751.76|14-Jul-2020|3|2|A|10|0.0|4550.42|0|4|0.0|0.0|0|0|0|0|0|0|0|0|1|0|0|0|0|||||15-Jul-2020|303.0|0|0|R931|R931|Z951|N|R931|Y|I259|Y|T7432X|N|I151|N|E1129|N|C50929|N|N181|N|E1121|Y|E8881|Y|E781|Y|E119|Y|G4754|Y|G479|Y|||||||||||||||||||||||X58|W19|Y| | | | | | | | | | | | | | | | | | | | | | |BW03ZZZ|14-Jul-2020|B24DZZZ|14-Jul-2020|3E033FZ|14-Jul-2020|||||||||||||||||||||||||||||||||||||||||||||0|0||2|1|71046|3.0|2020-07-15T00:00:00|hospital_D|hospital_D_20200714
SYN_BENE_0BB25E1F6AC4|SYN_CLM_2B4F03A5F4F9|V|60|14-Jul-2020|15-Jul-2020|17-Jul-2020||3|331131|1|1|1|| |22751.76|0.0| ||33|1972913473| |9999938092| |9999938092|||0|1| |22751.76|14-Jul-2020|3|2|A|10|0.0|4550.42|0|4|0.0|0.0|0|0|0|0|0|0|0|0|1|0|0|0|0|||||15-Jul-2020|303.0|0|0|R931|R931|Z951|N|R931|Y|I259|Y|T7432X|N|I151|N|E1129|N|C50929|N|N181|N|E1121|Y|E8881|Y|E781|Y|E119|Y|G4754|Y|G479|Y|||||||||||||||||||||||X58|W19|Y| | | | | | | | | | | | | | | | | | | | | | |BW03ZZZ|14-Jul-2020|B24DZZZ|14-Jul-2020|3E033FZ|14-Jul-2020|||||||||||||||||||||||||||||||||||||||||||||0|0||3|1|I3C|3.0|2020-07-15T00:00:00|hospital_D|hospital_D_20200714
SYN_BENE_0BB25E1F6AC4|SYN_CLM_2B4F03A5F4F9|V|60|14-Jul-2020|15-Jul-2020|17-Jul-2020||3|331131|1|1|1|| |22751.76|0.0| ||33|1972913473| |9999938092| |9999938092|||0|1| |22751.76|14-Jul-2020|3|2|A|10|0.0|4550.42|0|4|0.0|0.0|0|0|0|0|0|0|0|0|1|0|0|0|0|||||15-Jul-2020|303.0|0|0|R931|R931|Z951|N|R931|Y|I259|Y|T7432X|N|I151|N|E1129|N|C50929|N|N181|N|E1121|Y|E8881|Y|E781|Y|E119|Y|G4754|Y|G479|Y|||||||||||||||||||||||X58|W19|Y| | | | | | | | | | | | | | | | | | | | | | |BW03ZZZ|14-Jul-2020|B24DZZZ|14-Jul-2020|3E033FZ|14-Jul-2020|||||||||||||||||||||||||||||||||||||||||||||0|0||4|1|S9353|3.0|2020-07-15T00:00:00|hospital_D|hospital_D_20200714
SYN_BENE_0BB25E1F6AC4|SYN_CLM_2B4F03A5F4F9|V|60|14-Jul-2020|15-Jul-2020|17-Jul-2020||3|331131|1|1|1|| |22751.76|0.0| ||33|1972913473| |9999938092| |9999938092|||0|1| |22751.76|14-Jul-2020|3|2|A|10|0.0|4550.42|0|4|0.0|0.0|0|0|0|0|0|0|0|0|1|0|0|0|0|||||15-Jul-2020|303.0|0|0|R931|R931|Z951|N|R931|Y|I259|Y|T7432X|N|I151|N|E1129|N|C50929|N|N181|N|E1121|Y|E8881|Y|E781|Y|E119|Y|G4754|Y|G479|Y|||||||||||||||||||||||X58|W19|Y| | | | | | | | | | | | | | | | | | | | | | |BW03ZZZ|14-Jul-2020|B24DZZZ|14-Jul-2020|3E033FZ|14-Jul-2020|||||||||||||||||||||||||||||||||||||||||||||0|0||5|1|QS|3.0|2020-07-15T00:00:00|hospital_D|hospital_D_20200714
SYN_BENE_0BB25E1F6AC4|SYN_CLM_2B4F03A5F4F9|V|60|14-Jul-2020|15-Jul-2020|17-Jul-2020||3|331131|1|1|1|| |22751.76|0.0| ||33|1972913473| |9999938092| |9999938092|||0|1| |22751.76|14-Jul-2020|3|2|A|10|0.0|4550.42|0|4|0.0|0.0|0|0|0|0|0|0|0|0|1|0|0|0|0|||||15-Jul-2020|303.0|0|0|R931|R931|Z951|N|R931|Y|I259|Y|T7432X|N|I151|N|E1129|N|C50929|N|N181|N|E1121|Y|E8881|Y|E781|Y|E119|Y|G4754|Y|G479|Y|||||||||||||||||||||||X58|W19|Y| | | | | | | | | | | | | | | | | | | | | | |BW03ZZZ|14-Jul-2020|B24DZZZ|14-Jul-2020|3E033FZ|14-Jul-2020|||||||||||||||||||||||||||||||||||||||||||||0|0||6|1|G8942|3.0|2020-07-15T00:00:00|hospital_D|hospital_D_20200714
SYN_BENE_CCC8761D26F6|SYN_CLM_13914401AF02|V|60|14-Jul-2020|15-Jul-2020|17-Jul-2020||3|331131|1|1|1|| |14631.22|0.0| ||33|1972913473| |9999938092| |9999938092|||0|1| |14631.22|14-Jul-2020|3|1|A|10|0.0|2926.28|0|4|0.0|0.0|0|0|0|0|0|0|0|0|1|0|0|0|0|||||15-Jul-2020|951.0|0|0|Z95818|Z95818|Z95818|Y|R931|Y|I259|Y|Z604|Y|I129|N|R801|N|C50929|N|E0922|N|E1121|Y|E8881|Y|E781|Y|E119|Y|G4733|N|G479|Y|||||||||||||||||||||||X58|X58|Y| | | | | | | | | | | | | | | | | | | | | | |0BP18DZ|14-Jul-2020|BW03ZZZ|14-Jul-2020|||||||||||||||||||||||||||||||||||||||||||||||0|0||1|1|93229|3.0|2020-07-15T00:00:00|hospital_D|hospital_D_20200714
SYN_BENE_CCC8761D26F6|SYN_CLM_13914401AF02|V|60|14-Jul-2020|15-Jul-2020|17-Jul-2020||3|331131|1|1|1|| |14631.22|0.0| ||33|1972913473| |9999938092| |9999938092|||0|1| |14631.22|14-Jul-2020|3|1|A|10|0.0|2926.28|0|4|0.0|0.0|0|0|0|0|0|0|0|0|1|0|0|0|0|||||15-Jul-2020|951.0|0|0|Z95818|Z95818|Z95818|Y|R931|Y|I259|Y|Z604|Y|I129|N|R801|N|C50929|N|E0922|N|E1121|Y|E8881|Y|E781|Y|E119|Y|G4733|N|G479|Y|||||||||||||||||||||||X58|X58|Y| | | | | | | | | | | | | | | | | | | | | | |0BP18DZ|14-Jul-2020|BW03ZZZ|14-Jul-2020|||||||||||||||||||||||||||||||||||||||||||||||0|0||2|1|71046|3.0|2020-07-15T00:00:00|hospital_D|hospital_D_20200714
SYN_BENE_CE1E694ABA95|SYN_CLM_AE3BBF51B788|V|60|14-Jul-2020|15-Jul-2020|17-Jul-2020||3|331131|1|1|1|| |22751.76|0.0| ||33|1972913473| |9999938092| |9999938092|||0|1| |22751.76|14-Jul-2020|3|2|A|10|0.0|4550.42|0|4|0.0|0.0|0|0|0|0|0|0|0|0|1|0|0|0|0|||||15-Jul-2020|303.0|0|0|R931|R931|Z951|N|R931|Y|I259|Y|T7432X|N|I151|N|E1129|N|C50929|N|N181|N|E1121|Y|E8881|Y|E781|Y|E119|Y|G4754|Y|G479|Y|||||||||||||||||||||||X58|W19|Y| | | | | | | | | | | | | | | | | | | | | | |BW03ZZZ|14-Jul-2020|B24DZZZ|14-Jul-2020|3E033FZ|14-Jul-2020|||||||||||||||||||||||||||||||||||||||||||||0|0||1|1|93229|3.0|2020-07-15T00:00:00|hospital_D|hospital_D_20200714
SYN_BENE_CE1E694ABA95|SYN_CLM_AE3BBF51B788|V|60|14-Jul-2020|15-Jul-2020|17-Jul-2020||3|331131|1|1|1|| |22751.76|0.0| ||33|1972913473| |9999938092| |9999938092|||0|1| |22751.76|14-Jul-2020|3|2|A|10|0.0|4550.42|0|4|0.0|0.0|0|0|0|0|0|0|0|0|1|0|0|0|0|||||15-Jul-2020|303.0|0|0|R931|R931|Z951|N|R931|Y|I259|Y|T7432X|N|I151|N|E1129|N|C50929|N|N181|N|E1121|Y|E8881|Y|E781|Y|E119|Y|G4754|Y|G479|Y|||||||||||||||||||||||X58|W19|Y| | | | | | | | | | | | | | | | | | | | | | |BW03ZZZ|14-Jul-2020|B24DZZZ|14-Jul-2020|3E033FZ|14-Jul-2020|||||||||||||||||||||||||||||||||||||||||||||0|0||2|1|71046|3.0|2020-07-15T00:00:00|hospital_D|hospital_D_20200714
SYN_BENE_CE1E694ABA95|SYN_CLM_AE3BBF51B788|V|60|14-Jul-2020|15-Jul-2020|17-Jul-2020||3|331131|1|1|1|| |22751.76|0.0| ||33|1972913473| |9999938092| |9999938092|||0|1| |22751.76|14-Jul-2020|3|2|A|10|0.0|4550.42|0|4|0.0|0.0|0|0|0|0|0|0|0|0|1|0|0|0|0|||||15-Jul-2020|303.0|0|0|R931|R931|Z951|N|R931|Y|I259|Y|T7432X|N|I151|N|E1129|N|C50929|N|N181|N|E1121|Y|E8881|Y|E781|Y|E119|Y|G4754|Y|G479|Y|||||||||||||||||||||||X58|W19|Y| | | | | | | | | | | | | | | | | | | | | | |BW03ZZZ|14-Jul-2020|B24DZZZ|14-Jul-2020|3E033FZ|14-Jul-2020|||||||||||||||||||||||||||||||||||||||||||||0|0||3|1|I3C|3.0|2020-07-15T00:00:00|hospital_D|hospital_D_20200714
SYN_BENE_CE1E694ABA95|SYN_CLM_AE3BBF51B788|V|60|14-Jul-2020|15-Jul-2020|17-Jul-2020||3|331131|1|1|1|| |22751.76|0.0| ||33|1972913473| |9999938092| |9999938092|||0|1| |22751.76|14-Jul-2020|3|2|A|10|0.0|4550.42|0|4|0.0|0.0|0|0|0|0|0|0|0|0|1|0|0|0|0|||||15-Jul-2020|303.0|0|0|R931|R931|Z951|N|R931|Y|I259|Y|T7432X|N|I151|N|E1129|N|C50929|N|N181|N|E1121|Y|E8881|Y|E781|Y|E119|Y|G4754|Y|G479|Y|||||||||||||||||||||||X58|W19|Y| | | | | | | | | | | | | | | | | | | | | | |BW03ZZZ|14-Jul-2020|B24DZZZ|14-Jul-2020|3E033FZ|14-Jul-2020|||||||||||||||||||||||||||||||||||||||||||||0|0||4|1|S9353|3.0|2020-07-15T00:00:00|hospital_D|hospital_D_20200714
SYN_BENE_CE1E694ABA95|SYN_CLM_AE3BBF51B788|V|60|14-Jul-2020|15-Jul-2020|17-Jul-2020||3|331131|1|1|1|| |22751.76|0.0| ||33|1972913473| |9999938092| |9999938092|||0|1| |22751.76|14-Jul-2020|3|2|A|10|0.0|4550.42|0|4|0.0|0.0|0|0|0|0|0|0|0|0|1|0|0|0|0|||||15-Jul-2020|303.0|0|0|R931|R931|Z951|N|R931|Y|I259|Y|T7432X|N|I151|N|E1129|N|C50929|N|N181|N|E1121|Y|E8881|Y|E781|Y|E119|Y|G4754|Y|G479|Y|||||||||||||||||||||||X58|W19|Y| | | | | | | | | | | | | | | | | | | | | | |BW03ZZZ|14-Jul-2020|B24DZZZ|14-Jul-2020|3E033FZ|14-Jul-2020|||||||||||||||||||||||||||||||||||||||||||||0|0||5|1|QS|3.0|2020-07-15T00:00:00|hospital_D|hospital_D_20200714
SYN_BENE_CE1E694ABA95|SYN_CLM_AE3BBF51B788|V|60|14-Jul-2020|15-Jul-2020|17-Jul-2020||3|331131|1|1|1|| |22751.76|0.0| ||33|1972913473| |9999938092| |9999938092|||0|1| |22751.76|14-Jul-2020|3|2|A|10|0.0|4550.42|0|4|0.0|0.0|0|0|0|0|0|0|0|0|1|0|0|0|0|||||15-Jul-2020|303.0|0|0|R931|R931|Z951|N|R931|Y|I259|Y|T7432X|N|I151|N|E1129|N|C50929|N|N181|N|E1121|Y|E8881|Y|E781|Y|E119|Y|G4754|Y|G479|Y|||||||||||||||||||||||X58|W19|Y| | | | | | | | | | | | | | | | | | | | | | |BW03ZZZ|14-Jul-2020|B24DZZZ|14-Jul-2020|3E033FZ|14-Jul-2020|||||||||||||||||||||||||||||||||||||||||||||0|0||6|1|G8942|3.0|2020-07-15T00:00:00|hospital_D|hospital_D_20200714
SYN_BENE_FC8B1DCC4592|SYN_CLM_538D113F2316|V|60|14-Jul-2020|15-Jul-2020|17-Jul-2020||3|331131|1|1|1|| |14631.22|0.0| ||33|1972913473| |9999938092| |9999938092|||0|1| |14631.22|14-Jul-2020|3|1|A|10|0.0|2926.28|0|4|0.0|0.0|0|0|0|0|0|0|0|0|1|0|0|0|0|||||15-Jul-2020|951.0|0|0|Z95818|Z95818|Z95818|Y|R931|Y|I259|Y|Z604|Y|I129|N|R801|N|C50929|N|E0922|N|E1121|Y|E8881|Y|E781|Y|E119|Y|G4733|N|G479|Y|||||||||||||||||||||||X58|X58|Y| | | | | | | | | | | | | | | | | | | | | | |0BP18DZ|14-Jul-2020|BW03ZZZ|14-Jul-2020|||||||||||||||||||||||||||||||||||||||||||||||0|0||1|1|93229|3.0|2020-07-15T00:00:00|hospital_D|hospital_D_20200714
SYN_BENE_FC8B1DCC4592|SYN_CLM_538D113F2316|V|60|14-Jul-2020|15-Jul-2020|17-Jul-2020||3|331131|1|1|1|| |14631.22|0.0| ||33|1972913473| |9999938092| |9999938092|||0|1| |14631.22|14-Jul-2020|3|1|A|10|0.0|2926.28|0|4|0.0|0.0|0|0|0|0|0|0|0|0|1|0|0|0|0|||||15-Jul-2020|951.0|0|0|Z95818|Z95818|Z95818|Y|R931|Y|I259|Y|Z604|Y|I129|N|R801|N|C50929|N|E0922|N|E1121|Y|E8881|Y|E781|Y|E119|Y|G4733|N|G479|Y|||||||||||||||||||||||X58|X58|Y| | | | | | | | | | | | | | | | | | | | | | |0BP18DZ|14-Jul-2020|BW03ZZZ|14-Jul-2020|||||||||||||||||||||||||||||||||||||||||||||||0|0||2|1|71046|3.0|2020-07-15T00:00:00|hospital_D|hospital_D_20200714
SYN_BENE_CBDAD4A68ACD|SYN_CLM_FAA3922F945D|V|60|14-Jul-2020|15-Jul-2020|17-Jul-2020||3|331131|1|1|1|| |22751.76|0.0| ||33|1972913473| |9999938092| |9999938092|||0|1| |22751.76|14-Jul-2020|3|2|A|10|0.0|4550.42|0|4|0.0|0.0|0|0|0|0|0|0|0|0|1|0|0|0|0|||||15-Jul-2020|303.0|0|0|R931|R931|Z951|N|R931|Y|I259|Y|T7432X|N|I151|N|E1129|N|C50929|N|N181|N|E1121|Y|E8881|Y|E781|Y|E119|Y|G4754|Y|G479|Y|||||||||||||||||||||||X58|W19|Y| | | | | | | | | | | | | | | | | | | | | | |BW03ZZZ|14-Jul-2020|B24DZZZ|14-Jul-2020|3E033FZ|14-Jul-2020|||||||||||||||||||||||||||||||||||||||||||||0|0||1|1|93229|3.0|2020-07-15T00:00:00|hospital_D|hospital_D_20200714
SYN_BENE_CBDAD4A68ACD|SYN_CLM_FAA3922F945D|V|60|14-Jul-2020|15-Jul-2020|17-Jul-2020||3|331131|1|1|1|| |22751.76|0.0| ||33|1972913473| |9999938092| |9999938092|||0|1| |22751.76|14-Jul-2020|3|2|A|10|0.0|4550.42|0|4|0.0|0.0|0|0|0|0|0|0|0|0|1|0|0|0|0|||||15-Jul-2020|303.0|0|0|R931|R931|Z951|N|R931|Y|I259|Y|T7432X|N|I151|N|E1129|N|C50929|N|N181|N|E1121|Y|E8881|Y|E781|Y|E119|Y|G4754|Y|G479|Y|||||||||||||||||||||||X58|W19|Y| | | | | | | | | | | | | | | | | | | | | | |BW03ZZZ|14-Jul-2020|B24DZZZ|14-Jul-2020|3E033FZ|14-Jul-2020|||||||||||||||||||||||||||||||||||||||||||||0|0||2|1|71046|3.0|2020-07-15T00:00:00|hospital_D|hospital_D_20200714
SYN_BENE_CBDAD4A68ACD|SYN_CLM_FAA3922F945D|V|60|14-Jul-2020|15-Jul-2020|17-Jul-2020||3|331131|1|1|1|| |22751.76|0.0| ||33|1972913473| |9999938092| |9999938092|||0|1| |22751.76|14-Jul-2020|3|2|A|10|0.0|4550.42|0|4|0.0|0.0|0|0|0|0|0|0|0|0|1|0|0|0|0|||||15-Jul-2020|303.0|0|0|R931|R931|Z951|N|R931|Y|I259|Y|T7432X|N|I151|N|E1129|N|C50929|N|N181|N|E1121|Y|E8881|Y|E781|Y|E119|Y|G4754|Y|G479|Y|||||||||||||||||||||||X58|W19|Y| | | | | | | | | | | | | | | | | | | | | | |BW03ZZZ|14-Jul-2020|B24DZZZ|14-Jul-2020|3E033FZ|14-Jul-2020|||||||||||||||||||||||||||||||||||||||||||||0|0||3|1|I3C|3.0|2020-07-15T00:00:00|hospital_D|hospital_D_20200714
SYN_BENE_CBDAD4A68ACD|SYN_CLM_FAA3922F945D|V|60|14-Jul-2020|15-Jul-2020|17-Jul-2020||3|331131|1|1|1|| |22751.76|0.0| ||33|1972913473| |9999938092| |9999938092|||0|1| |22751.76|14-Jul-2020|3|2|A|10|0.0|4550.42|0|4|0.0|0.0|0|0|0|0|0|0|0|0|1|0|0|0|0|||||15-Jul-2020|303.0|0|0|R931|R931|Z951|N|R931|Y|I259|Y|T7432X|N|I151|N|E1129|N|C50929|N|N181|N|E1121|Y|E8881|Y|E781|Y|E119|Y|G4754|Y|G479|Y|||||||||||||||||||||||X58|W19|Y| | | | | | | | | | | | | | | | | | | | | | |BW03ZZZ|14-Jul-2020|B24DZZZ|14-Jul-2020|3E033FZ|14-Jul-2020|||||||||||||||||||||||||||||||||||||||||||||0|0||4|1|S9353|3.0|2020-07-15T00:00:00|hospital_D|hospital_D_20200714
SYN_BENE_CBDAD4A68ACD|SYN_CLM_FAA3922F945D|V|60|14-Jul-2020|15-Jul-2020|17-Jul-2020||3|331131|1|1|1|| |22751.76|0.0| ||33|1972913473| |9999938092| |9999938092|||0|1| |22751.76|14-Jul-2020|3|2|A|10|0.0|4550.42|0|4|0.0|0.0|0|0|0|0|0|0|0|0|1|0|0|0|0|||||15-Jul-2020|303.0|0|0|R931|R931|Z951|N|R931|Y|I259|Y|T7432X|N|I151|N|E1129|N|C50929|N|N181|N|E1121|Y|E8881|Y|E781|Y|E119|Y|G4754|Y|G479|Y|||||||||||||||||||||||X58|W19|Y| | | | | | | | | | | | | | | | | | | | | | |BW03ZZZ|14-Jul-2020|B24DZZZ|14-Jul-2020|3E033FZ|14-Jul-2020|||||||||||||||||||||||||||||||||||||||||||||0|0||5|1|QS|3.0|2020-07-15T00:00:00|hospital_D|hospital_D_20200714
SYN_BENE_CBDAD4A68ACD|SYN_CLM_FAA3922F945D|V|60|14-Jul-2020|15-Jul-2020|17-Jul-2020||3|331131|1|1|1|| |22751.76|0.0| ||33|1972913473| |9999938092| |9999938092|||0|1| |22751.76|14-Jul-2020|3|2|A|10|0.0|4550.42|0|4|0.0|0.0|0|0|0|0|0|0|0|0|1|0|0|0|0|||||15-Jul-2020|303.0|0|0|R931|R931|Z951|N|R931|Y|I259|Y|T7432X|N|I151|N|E1129|N|C50929|N|N181|N|E1121|Y|E8881|Y|E781|Y|E119|Y|G4754|Y|G479|Y|||||||||||||||||||||||X58|W19|Y| | | | | | | | | | | | | | | | | | | | | | |BW03ZZZ|14-Jul-2020|B24DZZZ|14-Jul-2020|3E033FZ|14-Jul-2020|||||||||||||||||||||||||||||||||||||||||||||0|0||6|1|G8942|3.0|2020-07-15T00:00:00|hospital_D|hospital_D_20200714
SYN_BENE_6BCB43FD5E6F|SYN_CLM_13B10E9F8D96|V|60|14-Jul-2020|15-Jul-2020|17-Jul-2020||3|331131|1|1|1|| |14631.22|0.0| ||33|1972913473| |9999938092| |9999938092|||0|1| |14631.22|14-Jul-2020|3|1|A|10|0.0|2926.28|0|4|0.0|0.0|0|0|0|0|0|0|0|0|1|0|0|0|0|||||15-Jul-2020|951.0|0|0|Z95818|Z95818|Z95818|Y|R931|Y|I259|Y|Z604|Y|I129|N|R801|N|C50929|N|E0922|N|E1121|Y|E8881|Y|E781|Y|E119|Y|G4733|N|G479|Y|||||||||||||||||||||||X58|X58|Y| | | | | | | | | | | | | | | | | | | | | | |0BP18DZ|14-Jul-2020|BW03ZZZ|14-Jul-2020|||||||||||||||||||||||||||||||||||||||||||||||0|0||1|1|93229|3.0|2020-07-15T00:00:00|hospital_D|hospital_D_20200714
SYN_BENE_6BCB43FD5E6F|SYN_CLM_13B10E9F8D96|V|60|14-Jul-2020|15-Jul-2020|17-Jul-2020||3|331131|1|1|1|| |14631.22|0.0| ||33|1972913473| |9999938092| |9999938092|||0|1| |14631.22|14-Jul-2020|3|1|A|10|0.0|2926.28|0|4|0.0|0.0|0|0|0|0|0|0|0|0|1|0|0|0|0|||||15-Jul-2020|951.0|0|0|Z95818|Z95818|Z95818|Y|R931|Y|I259|Y|Z604|Y|I129|N|R801|N|C50929|N|E0922|N|E1121|Y|E8881|Y|E781|Y|E119|Y|G4733|N|G479|Y|||||||||||||||||||||||X58|X58|Y| | | | | | | | | | | | | | | | | | | | | | |0BP18DZ|14-Jul-2020|BW03ZZZ|14-Jul-2020|||||||||||||||||||||||||||||||||||||||||||||||0|0||2|1|71046|3.0|2020-07-15T00:00:00|hospital_D|hospital_D_20200714
SYN_BENE_42CA87259DC9|SYN_CLM_A95457896B27|V|60|14-Jul-2020|15-Jul-2020|17-Jul-2020||3|331131|1|1|1|| |22751.76|0.0| ||33|1972913473| |9999938092| |9999938092|||0|1| |22751.76|14-Jul-2020|3|2|A|10|0.0|4550.42|0|4|0.0|0.0|0|0|0|0|0|0|0|0|1|0|0|0|0|||||15-Jul-2020|303.0|0|0|R931|R931|Z951|N|R931|Y|I259|Y|T7432X|N|I151|N|E1129|N|C50929|N|N181|N|E1121|Y|E8881|Y|E781|Y|E119|Y|G4754|Y|G479|Y|||||||||||||||||||||||X58|W19|Y| | | | | | | | | | | | | | | | | | | | | | |BW03ZZZ|14-Jul-2020|B24DZZZ|14-Jul-2020|3E033FZ|14-Jul-2020|||||||||||||||||||||||||||||||||||||||||||||0|0||1|1|93229|3.0|2020-07-15T00:00:00|hospital_D|hospital_D_20200714
SYN_BENE_42CA87259DC9|SYN_CLM_A95457896B27|V|60|14-Jul-2020|15-Jul-2020|17-Jul-2020||3|331131|1|1|1|| |22751.76|0.0| ||33|1972913473| |9999938092| |9999938092|||0|1| |22751.76|14-Jul-2020|3|2|A|10|0.0|4550.42|0|4|0.0|0.0|0|0|0|0|0|0|0|0|1|0|0|0|0|||||15-Jul-2020|303.0|0|0|R931|R931|Z951|N|R931|Y|I259|Y|T7432X|N|I151|N|E1129|N|C50929|N|N181|N|E1121|Y|E8881|Y|E781|Y|E119|Y|G4754|Y|G479|Y|||||||||||||||||||||||X58|W19|Y| | | | | | | | | | | | | | | | | | | | | | |BW03ZZZ|14-Jul-2020|B24DZZZ|14-Jul-2020|3E033FZ|14-Jul-2020|||||||||||||||||||||||||||||||||||||||||||||0|0||2|1|71046|3.0|2020-07-15T00:00:00|hospital_D|hospital_D_20200714
SYN_BENE_42CA87259DC9|SYN_CLM_A95457896B27|V|60|14-Jul-2020|15-Jul-2020|17-Jul-2020||3|331131|1|1|1|| |22751.76|0.0| ||33|1972913473| |9999938092| |9999938092|||0|1| |22751.76|14-Jul-2020|3|2|A|10|0.0|4550.42|0|4|0.0|0.0|0|0|0|0|0|0|0|0|1|0|0|0|0|||||15-Jul-2020|303.0|0|0|R931|R931|Z951|N|R931|Y|I259|Y|T7432X|N|I151|N|E1129|N|C50929|N|N181|N|E1121|Y|E8881|Y|E781|Y|E119|Y|G4754|Y|G479|Y|||||||||||||||||||||||X58|W19|Y| | | | | | | | | | | | | | | | | | | | | | |BW03ZZZ|14-Jul-2020|B24DZZZ|14-Jul-2020|3E033FZ|14-Jul-2020|||||||||||||||||||||||||||||||||||||||||||||0|0||3|1|I3C|3.0|2020-07-15T00:00:00|hospital_D|hospital_D_20200714
SYN_BENE_42CA87259DC9|SYN_CLM_A95457896B27|V|60|14-Jul-2020|15-Jul-2020|17-Jul-2020||3|331131|1|1|1|| |22751.76|0.0| ||33|1972913473| |9999938092| |9999938092|||0|1| |22751.76|14-Jul-2020|3|2|A|10|0.0|4550.42|0|4|0.0|0.0|0|0|0|0|0|0|0|0|1|0|0|0|0|||||15-Jul-2020|303.0|0|0|R931|R931|Z951|N|R931|Y|I259|Y|T7432X|N|I151|N|E1129|N|C50929|N|N181|N|E1121|Y|E8881|Y|E781|Y|E119|Y|G4754|Y|G479|Y|||||||||||||||||||||||X58|W19|Y| | | | | | | | | | | | | | | | | | | | | | |BW03ZZZ|14-Jul-2020|B24DZZZ|14-Jul-2020|3E033FZ|14-Jul-2020|||||||||||||||||||||||||||||||||||||||||||||0|0||4|1|S9353|3.0|2020-07-15T00:00:00|hospital_D|hospital_D_20200714
SYN_BENE_42CA87259DC9|SYN_CLM_A95457896B27|V|60|14-Jul-2020|15-Jul-2020|17-Jul-2020||3|331131|1|1|1|| |22751.76|0.0| ||33|1972913473| |9999938092| |9999938092|||0|1| |22751.76|14-Jul-2020|3|2|A|10|0.0|4550.42|0|4|0.0|0.0|0|0|0|0|0|0|0|0|1|0|0|0|0|||||15-Jul-2020|303.0|0|0|R931|R931|Z951|N|R931|Y|I259|Y|T7432X|N|I151|N|E1129|N|C50929|N|N181|N|E1121|Y|E8881|Y|E781|Y|E119|Y|G4754|Y|G479|Y|||||||||||||||||||||||X58|W19|Y| | | | | | | | | | | | | | | | | | | | | | |BW03ZZZ|14-Jul-2020|B24DZZZ|14-Jul-2020|3E033FZ|14-Jul-2020|||||||||||||||||||||||||||||||||||||||||||||0|0||5|1|QS|3.0|2020-07-15T00:00:00|hospital_D|hospital_D_20200714
SYN_BENE_42CA87259DC9|SYN_CLM_A95457896B27|V|60|14-Jul-2020|15-Jul-2020|17-Jul-2020||3|331131|1|1|1|| |22751.76|0.0| ||33|1972913473| |9999938092| |9999938092|||0|1| |22751.76|14-Jul-2020|3|2|A|10|0.0|4550.42|0|4|0.0|0.0|0|0|0|0|0|0|0|0|1|0|0|0|0|||||15-Jul-2020|303.0|0|0|R931|R931|Z951|N|R931|Y|I259|Y|T7432X|N|I151|N|E1129|N|C50929|N|N181|N|E1121|Y|E8881|Y|E781|Y|E119|Y|G4754|Y|G479|Y|||||||||||||||||||||||X58|W19|Y| | | | | | | | | | | | | | | | | | | | | | |BW03ZZZ|14-Jul-2020|B24DZZZ|14-Jul-2020|3E033FZ|14-Jul-2020|||||||||||||||||||||||||||||||||||||||||||||0|0||6|1|G8942|3.0|2020-07-15T00:00:00|hospital_D|hospital_D_20200714
SYN_BENE_EADD151CF357|SYN_CLM_1BCB8EE95361|V|60|14-Jul-2020|15-Jul-2020|17-Jul-2020||3|331131|1|1|1|| |14631.22|0.0| ||33|1972913473| |9999938092| |9999938092|||0|1| |14631.22|14-Jul-2020|3|1|A|10|0.0|2926.28|0|4|0.0|0.0|0|0|0|0|0|0|0|0|1|0|0|0|0|||||15-Jul-2020|951.0|0|0|Z95818|Z95818|Z95818|Y|R931|Y|I259|Y|Z604|Y|I129|N|R801|N|C50929|N|E0922|N|E1121|Y|E8881|Y|E781|Y|E119|Y|G4733|N|G479|Y|||||||||||||||||||||||X58|X58|Y| | | | | | | | | | | | | | | | | | | | | | |0BP18DZ|14-Jul-2020|BW03ZZZ|14-Jul-2020|||||||||||||||||||||||||||||||||||||||||||||||0|0||1|1|93229|3.0|2020-07-15T00:00:00|hospital_D|hospital_D_20200714
SYN_BENE_EADD151CF357|SYN_CLM_1BCB8EE95361|V|60|14-Jul-2020|15-Jul-2020|17-Jul-2020||3|331131|1|1|1|| |14631.22|0.0| ||33|1972913473| |9999938092| |9999938092|||0|1| |14631.22|14-Jul-2020|3|1|A|10|0.0|2926.28|0|4|0.0|0.0|0|0|0|0|0|0|0|0|1|0|0|0|0|||||15-Jul-2020|951.0|0|0|Z95818|Z95818|Z95818|Y|R931|Y|I259|Y|Z604|Y|I129|N|R801|N|C50929|N|E0922|N|E1121|Y|E8881|Y|E781|Y|E119|Y|G4733|N|G479|Y|||||||||||||||||||||||X58|X58|Y| | | | | | | | | | | | | | | | | | | | | | |0BP18DZ|14-Jul-2020|BW03ZZZ|14-Jul-2020|||||||||||||||||||||||||||||||||||||||||||||||0|0||2|1|71046|3.0|2020-07-15T00:00:00|hospital_D|hospital_D_20200714
SYN_BENE_A701159ED9E5|SYN_CLM_FEF519B3F2F1|V|60|14-Jul-2020|15-Jul-2020|17-Jul-2020||3|331131|1|1|1|| |22751.76|0.0| ||33|1972913473| |9999938092| |9999938092|||0|1| |22751.76|14-Jul-2020|3|2|A|10|0.0|4550.42|0|4|0.0|0.0|0|0|0|0|0|0|0|0|1|0|0|0|0|||||15-Jul-2020|303.0|0|0|R931|R931|Z951|N|R931|Y|I259|Y|T7432X|N|I151|N|E1129|N|C50929|N|N181|N|E1121|Y|E8881|Y|E781|Y|E119|Y|G4754|Y|G479|Y|||||||||||||||||||||||X58|W19|Y| | | | | | | | | | | | | | | | | | | | | | |BW03ZZZ|14-Jul-2020|B24DZZZ|14-Jul-2020|3E033FZ|14-Jul-2020|||||||||||||||||||||||||||||||||||||||||||||0|0||1|1|93229|3.0|2020-07-15T00:00:00|hospital_D|hospital_D_20200714
SYN_BENE_A701159ED9E5|SYN_CLM_FEF519B3F2F1|V|60|14-Jul-2020|15-Jul-2020|17-Jul-2020||3|331131|1|1|1|| |22751.76|0.0| ||33|1972913473| |9999938092| |9999938092|||0|1| |22751.76|14-Jul-2020|3|2|A|10|0.0|4550.42|0|4|0.0|0.0|0|0|0|0|0|0|0|0|1|0|0|0|0|||||15-Jul-2020|303.0|0|0|R931|R931|Z951|N|R931|Y|I259|Y|T7432X|N|I151|N|E1129|N|C50929|N|N181|N|E1121|Y|E8881|Y|E781|Y|E119|Y|G4754|Y|G479|Y|||||||||||||||||||||||X58|W19|Y| | | | | | | | | | | | | | | | | | | | | | |BW03ZZZ|14-Jul-2020|B24DZZZ|14-Jul-2020|3E033FZ|14-Jul-2020|||||||||||||||||||||||||||||||||||||||||||||0|0||2|1|71046|3.0|2020-07-15T00:00:00|hospital_D|hospital_D_20200714
SYN_BENE_A701159ED9E5|SYN_CLM_FEF519B3F2F1|V|60|14-Jul-2020|15-Jul-2020|17-Jul-2020||3|331131|1|1|1|| |22751.76|0.0| ||33|1972913473| |9999938092| |9999938092|||0|1| |22751.76|14-Jul-2020|3|2|A|10|0.0|4550.42|0|4|0.0|0.0|0|0|0|0|0|0|0|0|1|0|0|0|0|||||15-Jul-2020|303.0|0|0|R931|R931|Z951|N|R931|Y|I259|Y|T7432X|N|I151|N|E1129|N|C50929|N|N181|N|E1121|Y|E8881|Y|E781|Y|E119|Y|G4754|Y|G479|Y|||||||||||||||||||||||X58|W19|Y| | | | | | | | | | | | | | | | | | | | | | |BW03ZZZ|14-Jul-2020|B24DZZZ|14-Jul-2020|3E033FZ|14-Jul-2020|||||||||||||||||||||||||||||||||||||||||||||0|0||3|1|I3C|3.0|2020-07-15T00:00:00|hospital_D|hospital_D_20200714
SYN_BENE_A701159ED9E5|SYN_CLM_FEF519B3F2F1|V|60|14-Jul-2020|15-Jul-2020|17-Jul-2020||3|331131|1|1|1|| |22751.76|0.0| ||33|1972913473| |9999938092| |9999938092|||0|1| |22751.76|14-Jul-2020|3|2|A|10|0.0|4550.42|0|4|0.0|0.0|0|0|0|0|0|0|0|0|1|0|0|0|0|||||15-Jul-2020|303.0|0|0|R931|R931|Z951|N|R931|Y|I259|Y|T7432X|N|I151|N|E1129|N|C50929|N|N181|N|E1121|Y|E8881|Y|E781|Y|E119|Y|G4754|Y|G479|Y|||||||||||||||||||||||X58|W19|Y| | | | | | | | | | | | | | | | | | | | | | |BW03ZZZ|14-Jul-2020|B24DZZZ|14-Jul-2020|3E033FZ|14-Jul-2020|||||||||||||||||||||||||||||||||||||||||||||0|0||4|1|S9353|3.0|2020-07-15T00:00:00|hospital_D|hospital_D_20200714
SYN_BENE_A701159ED9E5|SYN_CLM_FEF519B3F2F1|V|60|14-Jul-2020|15-Jul-2020|17-Jul-2020||3|331131|1|1|1|| |22751.76|0.0| ||33|1972913473| |9999938092| |9999938092|||0|1| |22751.76|14-Jul-2020|3|2|A|10|0.0|4550.42|0|4|0.0|0.0|0|0|0|0|0|0|0|0|1|0|0|0|0|||||15-Jul-2020|303.0|0|0|R931|R931|Z951|N|R931|Y|I259|Y|T7432X|N|I151|N|E1129|N|C50929|N|N181|N|E1121|Y|E8881|Y|E781|Y|E119|Y|G4754|Y|G479|Y|||||||||||||||||||||||X58|W19|Y| | | | | | | | | | | | | | | | | | | | | | |BW03ZZZ|14-Jul-2020|B24DZZZ|14-Jul-2020|3E033FZ|14-Jul-2020|||||||||||||||||||||||||||||||||||||||||||||0|0||5|1|QS|3.0|2020-07-15T00:00:00|hospital_D|hospital_D_20200714
SYN_BENE_A701159ED9E5|SYN_CLM_FEF519B3F2F1|V|60|14-Jul-2020|15-Jul-2020|17-Jul-2020||3|331131|1|1|1|| |22751.76|0.0| ||33|1972913473| |9999938092| |9999938092|||0|1| |22751.76|14-Jul-2020|3|2|A|10|0.0|4550.42|0|4|0.0|0.0|0|0|0|0|0|0|0|0|1|0|0|0|0|||||15-Jul-2020|303.0|0|0|R931|R931|Z951|N|R931|Y|I259|Y|T7432X|N|I151|N|E1129|N|C50929|N|N181|N|E1121|Y|E8881|Y|E781|Y|E119|Y|G4754|Y|G479|Y|||||||||||||||||||||||X58|W19|Y| | | | | | | | | | | | | | | | | | | | | | |BW03ZZZ|14-Jul-2020|B24DZZZ|14-Jul-2020|3E033FZ|14-Jul-2020|||||||||||||||||||||||||||||||||||||||||||||0|0||6|1|G8942|3.0|2020-07-15T00:00:00|hospital_D|hospital_D_20200714
SYN_BENE_BCA04FAED7DD|SYN_CLM_A440E2A4D9CC|V|60|14-Jul-2020|15-Jul-2020|17-Jul-2020||3|331131|1|1|1|| |22751.76|0.0| ||33|1972913473| |9999938092| |9999938092|||0|1| |22751.76|14-Jul-2020|3|2|A|10|0.0|4550.42|0|4|0.0|0.0|0|0|0|0|0|0|0|0|1|0|0|0|0|||||15-Jul-2020|303.0|0|0|R931|R931|Z951|N|R931|Y|I259|Y|T7432X|N|I151|N|E1129|N|C50929|N|N181|N|E1121|Y|E8881|Y|E781|Y|E119|Y|G4754|Y|G479|Y|||||||||||||||||||||||X58|W19|Y| | | | | | | | | | | | | | | | | | | | | | |BW03ZZZ|14-Jul-2020|B24DZZZ|14-Jul-2020|3E033FZ|14-Jul-2020|||||||||||||||||||||||||||||||||||||||||||||0|0||1|1|93229|3.0|2020-07-15T00:00:00|hospital_D|hospital_D_20200714
SYN_BENE_BCA04FAED7DD|SYN_CLM_A440E2A4D9CC|V|60|14-Jul-2020|15-Jul-2020|17-Jul-2020||3|331131|1|1|1|| |22751.76|0.0| ||33|1972913473| |9999938092| |9999938092|||0|1| |22751.76|14-Jul-2020|3|2|A|10|0.0|4550.42|0|4|0.0|0.0|0|0|0|0|0|0|0|0|1|0|0|0|0|||||15-Jul-2020|303.0|0|0|R931|R931|Z951|N|R931|Y|I259|Y|T7432X|N|I151|N|E1129|N|C50929|N|N181|N|E1121|Y|E8881|Y|E781|Y|E119|Y|G4754|Y|G479|Y|||||||||||||||||||||||X58|W19|Y| | | | | | | | | | | | | | | | | | | | | | |BW03ZZZ|14-Jul-2020|B24DZZZ|14-Jul-2020|3E033FZ|14-Jul-2020|||||||||||||||||||||||||||||||||||||||||||||0|0||2|1|71046|3.0|2020-07-15T00:00:00|hospital_D|hospital_D_20200714
SYN_BENE_BCA04FAED7DD|SYN_CLM_A440E2A4D9CC|V|60|14-Jul-2020|15-Jul-2020|17-Jul-2020||3|331131|1|1|1|| |22751.76|0.0| ||33|1972913473| |9999938092| |9999938092|||0|1| |22751.76|14-Jul-2020|3|2|A|10|0.0|4550.42|0|4|0.0|0.0|0|0|0|0|0|0|0|0|1|0|0|0|0|||||15-Jul-2020|303.0|0|0|R931|R931|Z951|N|R931|Y|I259|Y|T7432X|N|I151|N|E1129|N|C50929|N|N181|N|E1121|Y|E8881|Y|E781|Y|E119|Y|G4754|Y|G479|Y|||||||||||||||||||||||X58|W19|Y| | | | | | | | | | | | | | | | | | | | | | |BW03ZZZ|14-Jul-2020|B24DZZZ|14-Jul-2020|3E033FZ|14-Jul-2020|||||||||||||||||||||||||||||||||||||||||||||0|0||3|1|I3C|3.0|2020-07-15T00:00:00|hospital_D|hospital_D_20200714
SYN_BENE_BCA04FAED7DD|SYN_CLM_A440E2A4D9CC|V|60|14-Jul-2020|15-Jul-2020|17-Jul-2020||3|331131|1|1|1|| |22751.76|0.0| ||33|1972913473| |9999938092| |9999938092|||0|1| |22751.76|14-Jul-2020|3|2|A|10|0.0|4550.42|0|4|0.0|0.0|0|0|0|0|0|0|0|0|1|0|0|0|0|||||15-Jul-2020|303.0|0|0|R931|R931|Z951|N|R931|Y|I259|Y|T7432X|N|I151|N|E1129|N|C50929|N|N181|N|E1121|Y|E8881|Y|E781|Y|E119|Y|G4754|Y|G479|Y|||||||||||||||||||||||X58|W19|Y| | | | | | | | | | | | | | | | | | | | | | |BW03ZZZ|14-Jul-2020|B24DZZZ|14-Jul-2020|3E033FZ|14-Jul-2020|||||||||||||||||||||||||||||||||||||||||||||0|0||4|1|S9353|3.0|2020-07-15T00:00:00|hospital_D|hospital_D_20200714
SYN_BENE_BCA04FAED7DD|SYN_CLM_A440E2A4D9CC|V|60|14-Jul-2020|15-Jul-2020|17-Jul-2020||3|331131|1|1|1|| |22751.76|0.0| ||33|1972913473| |9999938092| |9999938092|||0|1| |22751.76|14-Jul-2020|3|2|A|10|0.0|4550.42|0|4|0.0|0.0|0|0|0|0|0|0|0|0|1|0|0|0|0|||||15-Jul-2020|303.0|0|0|R931|R931|Z951|N|R931|Y|I259|Y|T7432X|N|I151|N|E1129|N|C50929|N|N181|N|E1121|Y|E8881|Y|E781|Y|E119|Y|G4754|Y|G479|Y|||||||||||||||||||||||X58|W19|Y| | | | | | | | | | | | | | | | | | | | | | |BW03ZZZ|14-Jul-2020|B24DZZZ|14-Jul-2020|3E033FZ|14-Jul-2020|||||||||||||||||||||||||||||||||||||||||||||0|0||5|1|QS|3.0|2020-07-15T00:00:00|hospital_D|hospital_D_20200714
SYN_BENE_BCA04FAED7DD|SYN_CLM_A440E2A4D9CC|V|60|14-Jul-2020|15-Jul-2020|17-Jul-2020||3|331131|1|1|1|| |22751.76|0.0| ||33|1972913473| |9999938092| |9999938092|||0|1| |22751.76|14-Jul-2020|3|2|A|10|0.0|4550.42|0|4|0.0|0.0|0|0|0|0|0|0|0|0|1|0|0|0|0|||||15-Jul-2020|303.0|0|0|R931|R931|Z951|N|R931|Y|I259|Y|T7432X|N|I151|N|E1129|N|C50929|N|N181|N|E1121|Y|E8881|Y|E781|Y|E119|Y|G4754|Y|G479|Y|||||||||||||||||||||||X58|W19|Y| | | | | | | | | | | | | | | | | | | | | | |BW03ZZZ|14-Jul-2020|B24DZZZ|14-Jul-2020|3E033FZ|14-Jul-2020|||||||||||||||||||||||||||||||||||||||||||||0|0||6|1|G8942|3.0|2020-07-15T00:00:00|hospital_D|hospital_D_20200714
SYN_BENE_0C43FCF7E139|SYN_CLM_9282394FE765|V|60|14-Jul-2020|15-Jul-2020|17-Jul-2020||3|331131|1|1|1|| |14631.22|0.0| ||33|1972913473| |9999938092| |9999938092|||0|1| |14631.22|14-Jul-2020|3|1|A|10|0.0|2926.28|0|4|0.0|0.0|0|0|0|0|0|0|0|0|1|0|0|0|0|||||15-Jul-2020|951.0|0|0|Z95818|Z95818|Z95818|Y|R931|Y|I259|Y|Z604|Y|I129|N|R801|N|C50929|N|E0922|N|E1121|Y|E8881|Y|E781|Y|E119|Y|G4733|N|G479|Y|||||||||||||||||||||||X58|X58|Y| | | | | | | | | | | | | | | | | | | | | | |0BP18DZ|14-Jul-2020|BW03ZZZ|14-Jul-2020|||||||||||||||||||||||||||||||||||||||||||||||0|0||1|1|93229|3.0|2020-07-15T00:00:00|hospital_D|hospital_D_20200714
SYN_BENE_0C43FCF7E139|SYN_CLM_9282394FE765|V|60|14-Jul-2020|15-Jul-2020|17-Jul-2020||3|331131|1|1|1|| |14631.22|0.0| ||33|1972913473| |9999938092| |9999938092|||0|1| |14631.22|14-Jul-2020|3|1|A|10|0.0|2926.28|0|4|0.0|0.0|0|0|0|0|0|0|0|0|1|0|0|0|0|||||15-Jul-2020|951.0|0|0|Z95818|Z95818|Z95818|Y|R931|Y|I259|Y|Z604|Y|I129|N|R801|N|C50929|N|E0922|N|E1121|Y|E8881|Y|E781|Y|E119|Y|G4733|N|G479|Y|||||||||||||||||||||||X58|X58|Y| | | | | | | | | | | | | | | | | | | | | | |0BP18DZ|14-Jul-2020|BW03ZZZ|14-Jul-2020|||||||||||||||||||||||||||||||||||||||||||||||0|0||2|1|71046|3.0|2020-07-15T00:00:00|hospital_D|hospital_D_20200714
SYN_BENE_BE4FA710E4E2|SYN_CLM_D4F1E9148A42|V|60|14-Jul-2020|15-Jul-2020|17-Jul-2020||3|331131|1|1|1|| |14631.22|0.0| ||33|1972913473| |9999938092| |9999938092|||0|1| |14631.22|14-Jul-2020|3|1|A|10|0.0|2926.28|0|4|0.0|0.0|0|0|0|0|0|0|0|0|1|0|0|0|0|||||15-Jul-2020|951.0|0|0|Z95818|Z95818|Z95818|Y|R931|Y|I259|Y|Z604|Y|I129|N|R801|N|C50929|N|E0922|N|E1121|Y|E8881|Y|E781|Y|E119|Y|G4733|N|G479|Y|||||||||||||||||||||||X58|X58|Y| | | | | | | | | | | | | | | | | | | | | | |0BP18DZ|14-Jul-2020|BW03ZZZ|14-Jul-2020|||||||||||||||||||||||||||||||||||||||||||||||0|0||1|1|93229|3.0|2020-07-15T00:00:00|hospital_D|hospital_D_20200714
SYN_BENE_BE4FA710E4E2|SYN_CLM_D4F1E9148A42|V|60|14-Jul-2020|15-Jul-2020|17-Jul-2020||3|331131|1|1|1|| |14631.22|0.0| ||33|1972913473| |9999938092| |9999938092|||0|1| |14631.22|14-Jul-2020|3|1|A|10|0.0|2926.28|0|4|0.0|0.0|0|0|0|0|0|0|0|0|1|0|0|0|0|||||15-Jul-2020|951.0|0|0|Z95818|Z95818|Z95818|Y|R931|Y|I259|Y|Z604|Y|I129|N|R801|N|C50929|N|E0922|N|E1121|Y|E8881|Y|E781|Y|E119|Y|G4733|N|G479|Y|||||||||||||||||||||||X58|X58|Y| | | | | | | | | | | | | | | | | | | | | | |0BP18DZ|14-Jul-2020|BW03ZZZ|14-Jul-2020|||||||||||||||||||||||||||||||||||||||||||||||0|0||2|1|71046|3.0|2020-07-15T00:00:00|hospital_D|hospital_D_20200714
SYN_BENE_E2072A254D20|SYN_CLM_E294891AEB69|V|60|14-Jul-2020|15-Jul-2020|17-Jul-2020||3|331131|1|1|1|| |22751.76|0.0| ||33|1972913473| |9999938092| |9999938092|||0|1| |22751.76|14-Jul-2020|3|2|A|10|0.0|4550.42|0|4|0.0|0.0|0|0|0|0|0|0|0|0|1|0|0|0|0|||||15-Jul-2020|303.0|0|0|R931|R931|Z951|N|R931|Y|I259|Y|T7432X|N|I151|N|E1129|N|C50929|N|N181|N|E1121|Y|E8881|Y|E781|Y|E119|Y|G4754|Y|G479|Y|||||||||||||||||||||||X58|W19|Y| | | | | | | | | | | | | | | | | | | | | | |BW03ZZZ|14-Jul-2020|B24DZZZ|14-Jul-2020|3E033FZ|14-Jul-2020|||||||||||||||||||||||||||||||||||||||||||||0|0||1|1|93229|3.0|2020-07-15T00:00:00|hospital_D|hospital_D_20200714
SYN_BENE_E2072A254D20|SYN_CLM_E294891AEB69|V|60|14-Jul-2020|15-Jul-2020|17-Jul-2020||3|331131|1|1|1|| |22751.76|0.0| ||33|1972913473| |9999938092| |9999938092|||0|1| |22751.76|14-Jul-2020|3|2|A|10|0.0|4550.42|0|4|0.0|0.0|0|0|0|0|0|0|0|0|1|0|0|0|0|||||15-Jul-2020|303.0|0|0|R931|R931|Z951|N|R931|Y|I259|Y|T7432X|N|I151|N|E1129|N|C50929|N|N181|N|E1121|Y|E8881|Y|E781|Y|E119|Y|G4754|Y|G479|Y|||||||||||||||||||||||X58|W19|Y| | | | | | | | | | | | | | | | | | | | | | |BW03ZZZ|14-Jul-2020|B24DZZZ|14-Jul-2020|3E033FZ|14-Jul-2020|||||||||||||||||||||||||||||||||||||||||||||0|0||2|1|71046|3.0|2020-07-15T00:00:00|hospital_D|hospital_D_20200714
SYN_BENE_E2072A254D20|SYN_CLM_E294891AEB69|V|60|14-Jul-2020|15-Jul-2020|17-Jul-2020||3|331131|1|1|1|| |22751.76|0.0| ||33|1972913473| |9999938092| |9999938092|||0|1| |22751.76|14-Jul-2020|3|2|A|10|0.0|4550.42|0|4|0.0|0.0|0|0|0|0|0|0|0|0|1|0|0|0|0|||||15-Jul-2020|303.0|0|0|R931|R931|Z951|N|R931|Y|I259|Y|T7432X|N|I151|N|E1129|N|C50929|N|N181|N|E1121|Y|E8881|Y|E781|Y|E119|Y|G4754|Y|G479|Y|||||||||||||||||||||||X58|W19|Y| | | | | | | | | | | | | | | | | | | | | | |BW03ZZZ|14-Jul-2020|B24DZZZ|14-Jul-2020|3E033FZ|14-Jul-2020|||||||||||||||||||||||||||||||||||||||||||||0|0||3|1|I3C|3.0|2020-07-15T00:00:00|hospital_D|hospital_D_20200714
SYN_BENE_E2072A254D20|SYN_CLM_E294891AEB69|V|60|14-Jul-2020|15-Jul-2020|17-Jul-2020||3|331131|1|1|1|| |22751.76|0.0| ||33|1972913473| |9999938092| |9999938092|||0|1| |22751.76|14-Jul-2020|3|2|A|10|0.0|4550.42|0|4|0.0|0.0|0|0|0|0|0|0|0|0|1|0|0|0|0|||||15-Jul-2020|303.0|0|0|R931|R931|Z951|N|R931|Y|I259|Y|T7432X|N|I151|N|E1129|N|C50929|N|N181|N|E1121|Y|E8881|Y|E781|Y|E119|Y|G4754|Y|G479|Y|||||||||||||||||||||||X58|W19|Y| | | | | | | | | | | | | | | | | | | | | | |BW03ZZZ|14-Jul-2020|B24DZZZ|14-Jul-2020|3E033FZ|14-Jul-2020|||||||||||||||||||||||||||||||||||||||||||||0|0||4|1|S9353|3.0|2020-07-15T00:00:00|hospital_D|hospital_D_20200714
SYN_BENE_E2072A254D20|SYN_CLM_E294891AEB69|V|60|14-Jul-2020|15-Jul-2020|17-Jul-2020||3|331131|1|1|1|| |22751.76|0.0| ||33|1972913473| |9999938092| |9999938092|||0|1| |22751.76|14-Jul-2020|3|2|A|10|0.0|4550.42|0|4|0.0|0.0|0|0|0|0|0|0|0|0|1|0|0|0|0|||||15-Jul-2020|303.0|0|0|R931|R931|Z951|N|R931|Y|I259|Y|T7432X|N|I151|N|E1129|N|C50929|N|N181|N|E1121|Y|E8881|Y|E781|Y|E119|Y|G4754|Y|G479|Y|||||||||||||||||||||||X58|W19|Y| | | | | | | | | | | | | | | | | | | | | | |BW03ZZZ|14-Jul-2020|B24DZZZ|14-Jul-2020|3E033FZ|14-Jul-2020|||||||||||||||||||||||||||||||||||||||||||||0|0||5|1|QS|3.0|2020-07-15T00:00:00|hospital_D|hospital_D_20200714
SYN_BENE_E2072A254D20|SYN_CLM_E294891AEB69|V|60|14-Jul-2020|15-Jul-2020|17-Jul-2020||3|331131|1|1|1|| |22751.76|0.0| ||33|1972913473| |9999938092| |9999938092|||0|1| |22751.76|14-Jul-2020|3|2|A|10|0.0|4550.42|0|4|0.0|0.0|0|0|0|0|0|0|0|0|1|0|0|0|0|||||15-Jul-2020|303.0|0|0|R931|R931|Z951|N|R931|Y|I259|Y|T7432X|N|I151|N|E1129|N|C50929|N|N181|N|E1121|Y|E8881|Y|E781|Y|E119|Y|G4754|Y|G479|Y|||||||||||||||||||||||X58|W19|Y| | | | | | | | | | | | | | | | | | | | | | |BW03ZZZ|14-Jul-2020|B24DZZZ|14-Jul-2020|3E033FZ|14-Jul-2020|||||||||||||||||||||||||||||||||||||||||||||0|0||6|1|G8942|3.0|2020-07-15T00:00:00|hospital_D|hospital_D_20200714
SYN_BENE_54D113315FD5|SYN_CLM_7DBCF485B22F|V|60|14-Jul-2020|15-Jul-2020|17-Jul-2020||3|331131|1|1|1|| |14631.22|0.0| ||33|1972913473| |9999938092| |9999938092|||0|1| |14631.22|14-Jul-2020|3|1|A|10|0.0|2926.28|0|4|0.0|0.0|0|0|0|0|0|0|0|0|1|0|0|0|0|||||15-Jul-2020|951.0|0|0|Z95818|Z95818|Z95818|Y|R931|Y|I259|Y|Z604|Y|I129|N|R801|N|C50929|N|E0922|N|E1121|Y|E8881|Y|E781|Y|E119|Y|G4733|N|G479|Y|||||||||||||||||||||||X58|X58|Y| | | | | | | | | | | | | | | | | | | | | | |0BP18DZ|14-Jul-2020|BW03ZZZ|14-Jul-2020|||||||||||||||||||||||||||||||||||||||||||||||0|0||1|1|93229|3.0|2020-07-15T00:00:00|hospital_D|hospital_D_20200714
SYN_BENE_54D113315FD5|SYN_CLM_7DBCF485B22F|V|60|14-Jul-2020|15-Jul-2020|17-Jul-2020||3|331131|1|1|1|| |14631.22|0.0| ||33|1972913473| |9999938092| |9999938092|||0|1| |14631.22|14-Jul-2020|3|1|A|10|0.0|2926.28|0|4|0.0|0.0|0|0|0|0|0|0|0|0|1|0|0|0|0|||||15-Jul-2020|951.0|0|0|Z95818|Z95818|Z95818|Y|R931|Y|I259|Y|Z604|Y|I129|N|R801|N|C50929|N|E0922|N|E1121|Y|E8881|Y|E781|Y|E119|Y|G4733|N|G479|Y|||||||||||||||||||||||X58|X58|Y| | | | | | | | | | | | | | | | | | | | | | |0BP18DZ|14-Jul-2020|BW03ZZZ|14-Jul-2020|||||||||||||||||||||||||||||||||||||||||||||||0|0||2|1|71046|3.0|2020-07-15T00:00:00|hospital_D|hospital_D_20200714
SYN_BENE_D7B8038C9EE7|SYN_CLM_4A1983F22691|V|60|14-Jul-2020|15-Jul-2020|17-Jul-2020||3|331131|1|1|1|| |22751.76|0.0| ||33|1972913473| |9999938092| |9999938092|||0|1| |22751.76|14-Jul-2020|3|2|A|10|0.0|4550.42|0|4|0.0|0.0|0|0|0|0|0|0|0|0|1|0|0|0|0|||||15-Jul-2020|303.0|0|0|R931|R931|Z951|N|R931|Y|I259|Y|T7432X|N|I151|N|E1129|N|C50929|N|N181|N|E1121|Y|E8881|Y|E781|Y|E119|Y|G4754|Y|G479|Y|||||||||||||||||||||||X58|W19|Y| | | | | | | | | | | | | | | | | | | | | | |BW03ZZZ|14-Jul-2020|B24DZZZ|14-Jul-2020|3E033FZ|14-Jul-2020|||||||||||||||||||||||||||||||||||||||||||||0|0||1|1|93229|3.0|2020-07-15T00:00:00|hospital_D|hospital_D_20200714
SYN_BENE_D7B8038C9EE7|SYN_CLM_4A1983F22691|V|60|14-Jul-2020|15-Jul-2020|17-Jul-2020||3|331131|1|1|1|| |22751.76|0.0| ||33|1972913473| |9999938092| |9999938092|||0|1| |22751.76|14-Jul-2020|3|2|A|10|0.0|4550.42|0|4|0.0|0.0|0|0|0|0|0|0|0|0|1|0|0|0|0|||||15-Jul-2020|303.0|0|0|R931|R931|Z951|N|R931|Y|I259|Y|T7432X|N|I151|N|E1129|N|C50929|N|N181|N|E1121|Y|E8881|Y|E781|Y|E119|Y|G4754|Y|G479|Y|||||||||||||||||||||||X58|W19|Y| | | | | | | | | | | | | | | | | | | | | | |BW03ZZZ|14-Jul-2020|B24DZZZ|14-Jul-2020|3E033FZ|14-Jul-2020|||||||||||||||||||||||||||||||||||||||||||||0|0||2|1|71046|3.0|2020-07-15T00:00:00|hospital_D|hospital_D_20200714
SYN_BENE_D7B8038C9EE7|SYN_CLM_4A1983F22691|V|60|14-Jul-2020|15-Jul-2020|17-Jul-2020||3|331131|1|1|1|| |22751.76|0.0| ||33|1972913473| |9999938092| |9999938092|||0|1| |22751.76|14-Jul-2020|3|2|A|10|0.0|4550.42|0|4|0.0|0.0|0|0|0|0|0|0|0|0|1|0|0|0|0|||||15-Jul-2020|303.0|0|0|R931|R931|Z951|N|R931|Y|I259|Y|T7432X|N|I151|N|E1129|N|C50929|N|N181|N|E1121|Y|E8881|Y|E781|Y|E119|Y|G4754|Y|G479|Y|||||||||||||||||||||||X58|W19|Y| | | | | | | | | | | | | | | | | | | | | | |BW03ZZZ|14-Jul-2020|B24DZZZ|14-Jul-2020|3E033FZ|14-Jul-2020|||||||||||||||||||||||||||||||||||||||||||||0|0||3|1|I3C|3.0|2020-07-15T00:00:00|hospital_D|hospital_D_20200714
SYN_BENE_D7B8038C9EE7|SYN_CLM_4A1983F22691|V|60|14-Jul-2020|15-Jul-2020|17-Jul-2020||3|331131|1|1|1|| |22751.76|0.0| ||33|1972913473| |9999938092| |9999938092|||0|1| |22751.76|14-Jul-2020|3|2|A|10|0.0|4550.42|0|4|0.0|0.0|0|0|0|0|0|0|0|0|1|0|0|0|0|||||15-Jul-2020|303.0|0|0|R931|R931|Z951|N|R931|Y|I259|Y|T7432X|N|I151|N|E1129|N|C50929|N|N181|N|E1121|Y|E8881|Y|E781|Y|E119|Y|G4754|Y|G479|Y|||||||||||||||||||||||X58|W19|Y| | | | | | | | | | | | | | | | | | | | | | |BW03ZZZ|14-Jul-2020|B24DZZZ|14-Jul-2020|3E033FZ|14-Jul-2020|||||||||||||||||||||||||||||||||||||||||||||0|0||4|1|S9353|3.0|2020-07-15T00:00:00|hospital_D|hospital_D_20200714
SYN_BENE_D7B8038C9EE7|SYN_CLM_4A1983F22691|V|60|14-Jul-2020|15-Jul-2020|17-Jul-2020||3|331131|1|1|1|| |22751.76|0.0| ||33|1972913473| |9999938092| |9999938092|||0|1| |22751.76|14-Jul-2020|3|2|A|10|0.0|4550.42|0|4|0.0|0.0|0|0|0|0|0|0|0|0|1|0|0|0|0|||||15-Jul-2020|303.0|0|0|R931|R931|Z951|N|R931|Y|I259|Y|T7432X|N|I151|N|E1129|N|C50929|N|N181|N|E1121|Y|E8881|Y|E781|Y|E119|Y|G4754|Y|G479|Y|||||||||||||||||||||||X58|W19|Y| | | | | | | | | | | | | | | | | | | | | | |BW03ZZZ|14-Jul-2020|B24DZZZ|14-Jul-2020|3E033FZ|14-Jul-2020|||||||||||||||||||||||||||||||||||||||||||||0|0||5|1|QS|3.0|2020-07-15T00:00:00|hospital_D|hospital_D_20200714
SYN_BENE_D7B8038C9EE7|SYN_CLM_4A1983F22691|V|60|14-Jul-2020|15-Jul-2020|17-Jul-2020||3|331131|1|1|1|| |22751.76|0.0| ||33|1972913473| |9999938092| |9999938092|||0|1| |22751.76|14-Jul-2020|3|2|A|10|0.0|4550.42|0|4|0.0|0.0|0|0|0|0|0|0|0|0|1|0|0|0|0|||||15-Jul-2020|303.0|0|0|R931|R931|Z951|N|R931|Y|I259|Y|T7432X|N|I151|N|E1129|N|C50929|N|N181|N|E1121|Y|E8881|Y|E781|Y|E119|Y|G4754|Y|G479|Y|||||||||||||||||||||||X58|W19|Y| | | | | | | | | | | | | | | | | | | | | | |BW03ZZZ|14-Jul-2020|B24DZZZ|14-Jul-2020|3E033FZ|14-Jul-2020|||||||||||||||||||||||||||||||||||||||||||||0|0||6|1|G8942|3.0|2020-07-15T00:00:00|hospital_D|hospital_D_20200714
SYN_BENE_338013ABDC99|SYN_CLM_64AD9AB99D24|V|60|14-Jul-2020|15-Jul-2020|17-Jul-2020||3|331131|1|1|1|| |22751.76|0.0| ||33|1972913473| |9999938092| |9999938092|||0|1| |22751.76|14-Jul-2020|3|2|A|10|0.0|4550.42|0|4|0.0|0.0|0|0|0|0|0|0|0|0|1|0|0|0|0|||||15-Jul-2020|303.0|0|0|R931|R931|Z951|N|R931|Y|I259|Y|T7432X|N|I151|N|E1129|N|C50929|N|N181|N|E1121|Y|E8881|Y|E781|Y|E119|Y|G4754|Y|G479|Y|||||||||||||||||||||||X58|W19|Y| | | | | | | | | | | | | | | | | | | | | | |BW03ZZZ|14-Jul-2020|B24DZZZ|14-Jul-2020|3E033FZ|14-Jul-2020|||||||||||||||||||||||||||||||||||||||||||||0|0||1|1|93229|3.0|2020-07-15T00:00:00|hospital_D|hospital_D_20200714
SYN_BENE_338013ABDC99|SYN_CLM_64AD9AB99D24|V|60|14-Jul-2020|15-Jul-2020|17-Jul-2020||3|331131|1|1|1|| |22751.76|0.0| ||33|1972913473| |9999938092| |9999938092|||0|1| |22751.76|14-Jul-2020|3|2|A|10|0.0|4550.42|0|4|0.0|0.0|0|0|0|0|0|0|0|0|1|0|0|0|0|||||15-Jul-2020|303.0|0|0|R931|R931|Z951|N|R931|Y|I259|Y|T7432X|N|I151|N|E1129|N|C50929|N|N181|N|E1121|Y|E8881|Y|E781|Y|E119|Y|G4754|Y|G479|Y|||||||||||||||||||||||X58|W19|Y| | | | | | | | | | | | | | | | | | | | | | |BW03ZZZ|14-Jul-2020|B24DZZZ|14-Jul-2020|3E033FZ|14-Jul-2020|||||||||||||||||||||||||||||||||||||||||||||0|0||2|1|71046|3.0|2020-07-15T00:00:00|hospital_D|hospital_D_20200714
SYN_BENE_338013ABDC99|SYN_CLM_64AD9AB99D24|V|60|14-Jul-2020|15-Jul-2020|17-Jul-2020||3|331131|1|1|1|| |22751.76|0.0| ||33|1972913473| |9999938092| |9999938092|||0|1| |22751.76|14-Jul-2020|3|2|A|10|0.0|4550.42|0|4|0.0|0.0|0|0|0|0|0|0|0|0|1|0|0|0|0|||||15-Jul-2020|303.0|0|0|R931|R931|Z951|N|R931|Y|I259|Y|T7432X|N|I151|N|E1129|N|C50929|N|N181|N|E1121|Y|E8881|Y|E781|Y|E119|Y|G4754|Y|G479|Y|||||||||||||||||||||||X58|W19|Y| | | | | | | | | | | | | | | | | | | | | | |BW03ZZZ|14-Jul-2020|B24DZZZ|14-Jul-2020|3E033FZ|14-Jul-2020|||||||||||||||||||||||||||||||||||||||||||||0|0||3|1|I3C|3.0|2020-07-15T00:00:00|hospital_D|hospital_D_20200714
SYN_BENE_338013ABDC99|SYN_CLM_64AD9AB99D24|V|60|14-Jul-2020|15-Jul-2020|17-Jul-2020||3|331131|1|1|1|| |22751.76|0.0| ||33|1972913473| |9999938092| |9999938092|||0|1| |22751.76|14-Jul-2020|3|2|A|10|0.0|4550.42|0|4|0.0|0.0|0|0|0|0|0|0|0|0|1|0|0|0|0|||||15-Jul-2020|303.0|0|0|R931|R931|Z951|N|R931|Y|I259|Y|T7432X|N|I151|N|E1129|N|C50929|N|N181|N|E1121|Y|E8881|Y|E781|Y|E119|Y|G4754|Y|G479|Y|||||||||||||||||||||||X58|W19|Y| | | | | | | | | | | | | | | | | | | | | | |BW03ZZZ|14-Jul-2020|B24DZZZ|14-Jul-2020|3E033FZ|14-Jul-2020|||||||||||||||||||||||||||||||||||||||||||||0|0||4|1|S9353|3.0|2020-07-15T00:00:00|hospital_D|hospital_D_20200714
SYN_BENE_338013ABDC99|SYN_CLM_64AD9AB99D24|V|60|14-Jul-2020|15-Jul-2020|17-Jul-2020||3|331131|1|1|1|| |22751.76|0.0| ||33|1972913473| |9999938092| |9999938092|||0|1| |22751.76|14-Jul-2020|3|2|A|10|0.0|4550.42|0|4|0.0|0.0|0|0|0|0|0|0|0|0|1|0|0|0|0|||||15-Jul-2020|303.0|0|0|R931|R931|Z951|N|R931|Y|I259|Y|T7432X|N|I151|N|E1129|N|C50929|N|N181|N|E1121|Y|E8881|Y|E781|Y|E119|Y|G4754|Y|G479|Y|||||||||||||||||||||||X58|W19|Y| | | | | | | | | | | | | | | | | | | | | | |BW03ZZZ|14-Jul-2020|B24DZZZ|14-Jul-2020|3E033FZ|14-Jul-2020|||||||||||||||||||||||||||||||||||||||||||||0|0||5|1|QS|3.0|2020-07-15T00:00:00|hospital_D|hospital_D_20200714
SYN_BENE_338013ABDC99|SYN_CLM_64AD9AB99D24|V|60|14-Jul-2020|15-Jul-2020|17-Jul-2020||3|331131|1|1|1|| |22751.76|0.0| ||33|1972913473| |9999938092| |9999938092|||0|1| |22751.76|14-Jul-2020|3|2|A|10|0.0|4550.42|0|4|0.0|0.0|0|0|0|0|0|0|0|0|1|0|0|0|0|||||15-Jul-2020|303.0|0|0|R931|R931|Z951|N|R931|Y|I259|Y|T7432X|N|I151|N|E1129|N|C50929|N|N181|N|E1121|Y|E8881|Y|E781|Y|E119|Y|G4754|Y|G479|Y|||||||||||||||||||||||X58|W19|Y| | | | | | | | | | | | | | | | | | | | | | |BW03ZZZ|14-Jul-2020|B24DZZZ|14-Jul-2020|3E033FZ|14-Jul-2020|||||||||||||||||||||||||||||||||||||||||||||0|0||6|1|G8942|3.0|2020-07-15T00:00:00|hospital_D|hospital_D_20200714
