BENE_ID|CLM_ID|NCH_NEAR_LINE_REC_IDENT_CD|NCH_CLM_TYPE_CD|CLM_FROM_DT|CLM_THRU_DT|NCH_WKLY_PROC_DT|FI_CLM_PROC_DT|CLAIM_QUERY_CODE|PRVDR_NUM|CLM_FAC_TYPE_CD|CLM_SRVC_CLSFCTN_TYPE_CD|CLM_FREQ_CD|FI_NUM|CLM_MDCR_NON_PMT_RSN_CD|CLM_PMT_AMT|NCH_PRMRY_PYR_CLM_PD_AMT|NCH_PRMRY_PYR_CD|FI_CLM_ACTN_CD|PRVDR_STATE_CD|ORG_NPI_NUM|AT_PHYSN_UPIN|AT_PHYSN_NPI|OP_PHYSN_UPIN|OP_PHYSN_NPI|OT_PHYSN_UPIN|OT_PHYSN_NPI|CLM_MCO_PD_SW|PTNT_DSCHRG_STUS_CD|CLM_PPS_IND_CD|CLM_TOT_CHRG_AMT|CLM_ADMSN_DT|CLM_IP_ADMSN_TYPE_CD|CLM_SRC_IP_ADMSN_CD|NCH_PTNT_STATUS_IND_CD|CLM_PASS_THRU_PER_DIEM_AMT|NCH_BENE_IP_DDCTBL_AMT|NCH_BENE_PTA_COINSRNC_LBLTY_AM|NCH_BENE_BLOOD_DDCTBL_LBLTY_AM|NCH_PROFNL_CMPNT_CHRG_AMT|NCH_IP_NCVRD_CHRG_AMT|NCH_IP_TOT_DDCTN_AMT|CLM_TOT_PPS_CPTL_AMT|CLM_PPS_CPTL_FSP_AMT|CLM_PPS_CPTL_OUTLIER_AMT|CLM_PPS_CPTL_DSPRPRTNT_SHR_AMT|CLM_PPS_CPTL_IME_AMT|CLM_PPS_CPTL_EXCPTN_AMT|CLM_PPS_OLD_CPTL_HLD_HRMLS_AMT|CLM_PPS_CPTL_DRG_WT_NUM|CLM_UTLZTN_DAY_CNT|BENE_TOT_COINSRNC_DAYS_CNT|BENE_LRD_USED_CNT|CLM_NON_UTLZTN_DAYS_CNT|NCH_BLOOD_PNTS_FRNSHD_QTY|NCH_VRFD_NCVRD_STAY_FROM_DT|NCH_VRFD_NCVRD_STAY_THRU_DT|NCH_ACTV_OR_CVRD_LVL_CARE_THRU|NCH_BENE_MDCR_BNFTS_EXHTD_DT_I|NCH_BENE_DSCHRG_DT|CLM_DRG_CD|CLM_DRG_OUTLIER_STAY_CD|NCH_DRG_OUTLIER_APRVD_PMT_AMT|ADMTG_DGNS_CD|PRNCPAL_DGNS_CD|ICD_DGNS_CD1|CLM_POA_IND_SW1|ICD_DGNS_CD2|CLM_POA_IND_SW2|ICD_DGNS_CD3|CLM_POA_IND_SW3|ICD_DGNS_CD4|CLM_POA_IND_SW4|ICD_DGNS_CD5|CLM_POA_IND_SW5|ICD_DGNS_CD6|CLM_POA_IND_SW6|ICD_DGNS_CD7|CLM_POA_IND_SW7|ICD_DGNS_CD8|CLM_POA_IND_SW8|ICD_DGNS_CD9|CLM_POA_IND_SW9|ICD_DGNS_CD10|CLM_POA_IND_SW10|ICD_DGNS_CD11|CLM_POA_IND_SW11|ICD_DGNS_CD12|CLM_POA_IND_SW12|ICD_DGNS_CD13|CLM_POA_IND_SW13|ICD_DGNS_CD14|CLM_POA_IND_SW14|ICD_DGNS_CD15|CLM_POA_IND_SW15|ICD_DGNS_CD16|CLM_POA_IND_SW16|ICD_DGNS_CD17|CLM_POA_IND_SW17|ICD_DGNS_CD18|CLM_POA_IND_SW18|ICD_DGNS_CD19|CLM_POA_IND_SW19|ICD_DGNS_CD20|CLM_POA_IND_SW20|ICD_DGNS_CD21|CLM_POA_IND_SW21|ICD_DGNS_CD22|CLM_POA_IND_SW22|ICD_DGNS_CD23|CLM_POA_IND_SW23|ICD_DGNS_CD24|CLM_POA_IND_SW24|ICD_DGNS_CD25|CLM_POA_IND_SW25|FST_DGNS_E_CD|ICD_DGNS_E_CD1|CLM_E_POA_IND_SW1|ICD_DGNS_E_CD2|CLM_E_POA_IND_SW2|ICD_DGNS_E_CD3|CLM_E_POA_IND_SW3|ICD_DGNS_E_CD4|CLM_E_POA_IND_SW4|ICD_DGNS_E_CD5|CLM_E_POA_IND_SW5|ICD_DGNS_E_CD6|CLM_E_POA_IND_SW6|ICD_DGNS_E_CD7|CLM_E_POA_IND_SW7|ICD_DGNS_E_CD8|CLM_E_POA_IND_SW8|ICD_DGNS_E_CD9|CLM_E_POA_IND_SW9|ICD_DGNS_E_CD10|CLM_E_POA_IND_SW10|ICD_DGNS_E_CD11|CLM_E_POA_IND_SW11|ICD_DGNS_E_CD12|CLM_E_POA_IND_SW12|ICD_PRCDR_CD1|PRCDR_DT1|ICD_PRCDR_CD2|PRCDR_DT2|ICD_PRCDR_CD3|PRCDR_DT3|ICD_PRCDR_CD4|PRCDR_DT4|ICD_PRCDR_CD5|PRCDR_DT5|ICD_PRCDR_CD6|PRCDR_DT6|ICD_PRCDR_CD7|PRCDR_DT7|ICD_PRCDR_CD8|PRCDR_DT8|ICD_PRCDR_CD9|PRCDR_DT9|ICD_PRCDR_CD10|PRCDR_DT10|ICD_PRCDR_CD11|PRCDR_DT11|ICD_PRCDR_CD12|PRCDR_DT12|ICD_PRCDR_CD13|PRCDR_DT13|ICD_PRCDR_CD14|PRCDR_DT14|ICD_PRCDR_CD15|PRCDR_DT15|ICD_PRCDR_CD16|PRCDR_DT16|ICD_PRCDR_CD17|PRCDR_DT17|ICD_PRCDR_CD18|PRCDR_DT18|ICD_PRCDR_CD19|PRCDR_DT19|ICD_PRCDR_CD20|PRCDR_DT20|ICD_PRCDR_CD21|PRCDR_DT21|ICD_PRCDR_CD22|PRCDR_DT22|ICD_PRCDR_CD23|PRCDR_DT23|ICD_PRCDR_CD24|PRCDR_DT24|ICD_PRCDR_CD25|PRCDR_DT25|IME_OP_CLM_VAL_AMT|DSH_OP_CLM_VAL_AMT|CLM_UNCOMPD_CARE_PMT_AMT|CLM_LINE_NUM|REV_CNTR|HCPCS_CD|REV_CNTR_DDCTBL_COINSRNC_CD|ingestion_timestamp|hospital_id|batch_id
-10000010271050|-10000930761811|V|60|25-Aug-2019|26-Aug-2019|30-Aug-2019||3|331131|1|1|1|| |17660.25|0.0| ||33|1972913473| |9999938092| |9999938092|||0|1| |17660.25|25-Aug-2019|3|1|A|10|0.0|3532.09|0|4|3532.09|3532.09|0|0|0|0|0|0|0|0|1|0|0|0|0|||||26-Aug-2019|951.0|0|0|Z951|Z951|Z951|N|R931|Y|I259|Y|Z604|N|E785|Y|M179|Y|E669|Y|D649|Y|R7303|Y|Z5989|Y|Z591|Y|Z7689|Y|||||||||||||||||||||||||||X58|X58|U| | | | | | | | | | | | | | | | | | | | | | |0BP17DZ|25-Aug-2019|BW03ZZZ|25-Aug-2019|||||||||||||||||||||||||||||||||||||||||||||||0|0||1|1|93229|2.0|2019-08-26T00:00:00|hospital_D|hospital_D_20190825
-10000010271050|-10000930761811|V|60|25-Aug-2019|26-Aug-2019|30-Aug-2019||3|331131|1|1|1|| |17660.25|0.0| ||33|1972913473| |9999938092| |9999938092|||0|1| |17660.25|25-Aug-2019|3|1|A|10|0.0|3532.09|0|4|3532.09|3532.09|0|0|0|0|0|0|0|0|1|0|0|0|0|||||26-Aug-2019|951.0|0|0|Z951|Z951|Z951|N|R931|Y|I259|Y|Z604|N|E785|Y|M179|Y|E669|Y|D649|Y|R7303|Y|Z5989|Y|Z591|Y|Z7689|Y|||||||||||||||||||||||||||X58|X58|U| | | | | | | | | | | | | | | | | | | | | | |0BP17DZ|25-Aug-2019|BW03ZZZ|25-Aug-2019|||||||||||||||||||||||||||||||||||||||||||||||0|0||2|1|71046|2.0|2019-08-26T00:00:00|hospital_D|hospital_D_20190825
-10000010271050|-10000930761810|V|60|25-Aug-2019|26-Aug-2019|30-Aug-2019||3|331131|1|1|1|| |24253.64|0.0| ||33|1972913473| |9999938092| |9999938092|||0|1| |24253.64|25-Aug-2019|3|4|A|10|0.0|4850.79|0|4|4850.79|4850.79|0|0|0|0|0|0|0|0|1|0|0|0|0|||||26-Aug-2019|302.0|0|0|R931|R931|Z951|N|R931|Y|I259|Y|T7432X|N|E785|Y|M179|Y|E669|Y|D649|Y|R7303|Y|Z5989|Y|Z591|Y|Z7689|Y|||||||||||||||||||||||||||W19|X58|Y| | | | | | | | | | | | | | | | | | | | | | |BW03ZZZ|25-Aug-2019|B24DZZ3|25-Aug-2019|B920ZZZ|25-Aug-2019|3E033FZ|25-Aug-2019|||||||||||||||||||||||||||||||||||||||||||0|0||1|1|93229|2.0|2019-08-26T00:00:00|hospital_D|hospital_D_20190825
-10000010271050|-10000930761810|V|60|25-Aug-2019|26-Aug-2019|30-Aug-2019||3|331131|1|1|1|| |24253.64|0.0| ||33|1972913473| |9999938092| |9999938092|||0|1| |24253.64|25-Aug-2019|3|4|A|10|0.0|4850.79|0|4|4850.79|4850.79|0|0|0|0|0|0|0|0|1|0|0|0|0|||||26-Aug-2019|302.0|0|0|R931|R931|Z951|N|R931|Y|I259|Y|T7432X|N|E785|Y|M179|Y|E669|Y|D649|Y|R7303|Y|Z5989|Y|Z591|Y|Z7689|Y|||||||||||||||||||||||||||W19|X58|Y| | | | | | | | | | | | | | | | | | | | | | |BW03ZZZ|25-Aug-2019|B24DZZ3|25-Aug-2019|B920ZZZ|25-Aug-2019|3E033FZ|25-Aug-2019|||||||||||||||||||||||||||||||||||||||||||0|0||2|1|71046|2.0|2019-08-26T00:00:00|hospital_D|hospital_D_20190825
-10000010271050|-10000930761810|V|60|25-Aug-2019|26-Aug-2019|30-Aug-2019||3|331131|1|1|1|| |24253.64|0.0| ||33|1972913473| |9999938092| |9999938092|||0|1| |24253.64|25-Aug-2019|3|4|A|10|0.0|4850.79|0|4|4850.79|4850.79|0|0|0|0|0|0|0|0|1|0|0|0|0|||||26-Aug-2019|302.0|0|0|R931|R931|Z951|N|R931|Y|I259|Y|T7432X|N|E785|Y|M179|Y|E669|Y|D649|Y|R7303|Y|Z5989|Y|Z591|Y|Z7689|Y|||||||||||||||||||||||||||W19|X58|Y| | | | | | | | | | | | | | | | | | | | | | |BW03ZZZ|25-Aug-2019|B24DZZ3|25-Aug-2019|B920ZZZ|25-Aug-2019|3E033FZ|25-Aug-2019|||||||||||||||||||||||||||||||||||||||||||0|0||3|1|I3C|2.0|2019-08-26T00:00:00|hospital_D|hospital_D_20190825
-10000010271050|-10000930761810|V|60|25-Aug-2019|26-Aug-2019|30-Aug-2019||3|331131|1|1|1|| |24253.64|0.0| ||33|1972913473| |9999938092| |9999938092|||0|1| |24253.64|25-Aug-2019|3|4|A|10|0.0|4850.79|0|4|4850.79|4850.79|0|0|0|0|0|0|0|0|1|0|0|0|0|||||26-Aug-2019|302.0|0|0|R931|R931|Z951|N|R931|Y|I259|Y|T7432X|N|E785|Y|M179|Y|E669|Y|D649|Y|R7303|Y|Z5989|Y|Z591|Y|Z7689|Y|||||||||||||||||||||||||||W19|X58|Y| | | | | | | | | | | | | | | | | | | | | | |BW03ZZZ|25-Aug-2019|B24DZZ3|25-Aug-2019|B920ZZZ|25-Aug-2019|3E033FZ|25-Aug-2019|||||||||||||||||||||||||||||||||||||||||||0|0||4|1|G9530|2.0|2019-08-26T00:00:00|hospital_D|hospital_D_20190825
-10000010271050|-10000930761810|V|60|25-Aug-2019|26-Aug-2019|30-Aug-2019||3|331131|1|1|1|| |24253.64|0.0| ||33|1972913473| |9999938092| |9999938092|||0|1| |24253.64|25-Aug-2019|3|4|A|10|0.0|4850.79|0|4|4850.79|4850.79|0|0|0|0|0|0|0|0|1|0|0|0|0|||||26-Aug-2019|302.0|0|0|R931|R931|Z951|N|R931|Y|I259|Y|T7432X|N|E785|Y|M179|Y|E669|Y|D649|Y|R7303|Y|Z5989|Y|Z591|Y|Z7689|Y|||||||||||||||||||||||||||W19|X58|Y| | | | | | | | | | | | | | | | | | | | | | |BW03ZZZ|25-Aug-2019|B24DZZ3|25-Aug-2019|B920ZZZ|25-Aug-2019|3E033FZ|25-Aug-2019|||||||||||||||||||||||||||||||||||||||||||0|0||5|1|QS|2.0|2019-08-26T00:00:00|hospital_D|hospital_D_20190825
-10000010271050|-10000930761810|V|60|25-Aug-2019|26-Aug-2019|30-Aug-2019||3|331131|1|1|1|| |24253.64|0.0| ||33|1972913473| |9999938092| |9999938092|||0|1| |24253.64|25-Aug-2019|3|4|A|10|0.0|4850.79|0|4|4850.79|4850.79|0|0|0|0|0|0|0|0|1|0|0|0|0|||||26-Aug-2019|302.0|0|0|R931|R931|Z951|N|R931|Y|I259|Y|T7432X|N|E785|Y|M179|Y|E669|Y|D649|Y|R7303|Y|Z5989|Y|Z591|Y|Z7689|Y|||||||||||||||||||||||||||W19|X58|Y| | | | | | | | | | | | | | | | | | | | | | |BW03ZZZ|25-Aug-2019|B24DZZ3|25-Aug-2019|B920ZZZ|25-Aug-2019|3E033FZ|25-Aug-2019|||||||||||||||||||||||||||||||||||||||||||0|0||6|1|G8939|2.0|2019-08-26T00:00:00|hospital_D|hospital_D_20190825
SYN_BENE_310676E8EE1C|SYN_CLM_C1626291B19B|V|60|25-Aug-2019|26-Aug-2019|30-Aug-2019||3|331131|1|1|1|| |17660.25|0.0| ||33|1972913473| |9999938092| |9999938092|||0|1| |17660.25|25-Aug-2019|3|1|A|10|0.0|3532.09|0|4|3532.09|3532.09|0|0|0|0|0|0|0|0|1|0|0|0|0|||||26-Aug-2019|951.0|0|0|Z951|Z951|Z951|N|R931|Y|I259|Y|Z604|N|E785|Y|M179|Y|E669|Y|D649|Y|R7303|Y|Z5989|Y|Z591|Y|Z7689|Y|||||||||||||||||||||||||||X58|X58|U| | | | | | | | | | | | | | | | | | | | | | |0BP17DZ|25-Aug-2019|BW03ZZZ|25-Aug-2019|||||||||||||||||||||||||||||||||||||||||||||||0|0||1|1|93229|2.0|2019-08-26T00:00:00|hospital_D|hospital_D_20190825
SYN_BENE_310676E8EE1C|SYN_CLM_C1626291B19B|V|60|25-Aug-2019|26-Aug-2019|30-Aug-2019||3|331131|1|1|1|| |17660.25|0.0| ||33|1972913473| |9999938092| |9999938092|||0|1| |17660.25|25-Aug-2019|3|1|A|10|0.0|3532.09|0|4|3532.09|3532.09|0|0|0|0|0|0|0|0|1|0|0|0|0|||||26-Aug-2019|951.0|0|0|Z951|Z951|Z951|N|R931|Y|I259|Y|Z604|N|E785|Y|M179|Y|E669|Y|D649|Y|R7303|Y|Z5989|Y|Z591|Y|Z7689|Y|||||||||||||||||||||||||||X58|X58|U| | | | | | | | | | | | | | | | | | | | | | |0BP17DZ|25-Aug-2019|BW03ZZZ|25-Aug-2019|||||||||||||||||||||||||||||||||||||||||||||||0|0||2|1|71046|2.0|2019-08-26T00:00:00|hospital_D|hospital_D_20190825
SYN_BENE_EF697F939D4A|SYN_CLM_B5727FBD2486|V|60|25-Aug-2019|26-Aug-2019|30-Aug-2019||3|331131|1|1|1|| |17660.25|0.0| ||33|1972913473| |9999938092| |9999938092|||0|1| |17660.25|25-Aug-2019|3|1|A|10|0.0|3532.09|0|4|3532.09|3532.09|0|0|0|0|0|0|0|0|1|0|0|0|0|||||26-Aug-2019|951.0|0|0|Z951|Z951|Z951|N|R931|Y|I259|Y|Z604|N|E785|Y|M179|Y|E669|Y|D649|Y|R7303|Y|Z5989|Y|Z591|Y|Z7689|Y|||||||||||||||||||||||||||X58|X58|U| | | | | | | | | | | | | | | | | | | | | | |0BP17DZ|25-Aug-2019|BW03ZZZ|25-Aug-2019|||||||||||||||||||||||||||||||||||||||||||||||0|0||1|1|93229|2.0|2019-08-26T00:00:00|hospital_D|hospital_D_20190825
SYN_BENE_EF697F939D4A|SYN_CLM_B5727FBD2486|V|60|25-Aug-2019|26-Aug-2019|30-Aug-2019||3|331131|1|1|1|| |17660.25|0.0| ||33|1972913473| |9999938092| |9999938092|||0|1| |17660.25|25-Aug-2019|3|1|A|10|0.0|3532.09|0|4|3532.09|3532.09|0|0|0|0|0|0|0|0|1|0|0|0|0|||||26-Aug-2019|951.0|0|0|Z951|Z951|Z951|N|R931|Y|I259|Y|Z604|N|E785|Y|M179|Y|E669|Y|D649|Y|R7303|Y|Z5989|Y|Z591|Y|Z7689|Y|||||||||||||||||||||||||||X58|X58|U| | | | | | | | | | | | | | | | | | | | | | |0BP17DZ|25-Aug-2019|BW03ZZZ|25-Aug-2019|||||||||||||||||||||||||||||||||||||||||||||||0|0||2|1|71046|2.0|2019-08-26T00:00:00|hospital_D|hospital_D_20190825
SYN_BENE_918EB5A383BA|SYN_CLM_4C2A0B36A143|V|60|25-Aug-2019|26-Aug-2019|30-Aug-2019||3|331131|1|1|1|| |17660.25|0.0| ||33|1972913473| |9999938092| |9999938092|||0|1| |17660.25|25-Aug-2019|3|1|A|10|0.0|3532.09|0|4|3532.09|3532.09|0|0|0|0|0|0|0|0|1|0|0|0|0|||||26-Aug-2019|951.0|0|0|Z951|Z951|Z951|N|R931|Y|I259|Y|Z604|N|E785|Y|M179|Y|E669|Y|D649|Y|R7303|Y|Z5989|Y|Z591|Y|Z7689|Y|||||||||||||||||||||||||||X58|X58|U| | | | | | | | | | | | | | | | | | | | | | |0BP17DZ|25-Aug-2019|BW03ZZZ|25-Aug-2019|||||||||||||||||||||||||||||||||||||||||||||||0|0||1|1|93229|2.0|2019-08-26T00:00:00|hospital_D|hospital_D_20190825
SYN_BENE_918EB5A383BA|SYN_CLM_4C2A0B36A143|V|60|25-Aug-2019|26-Aug-2019|30-Aug-2019||3|331131|1|1|1|| |17660.25|0.0| ||33|1972913473| |9999938092| |9999938092|||0|1| |17660.25|25-Aug-2019|3|1|A|10|0.0|3532.09|0|4|3532.09|3532.09|0|0|0|0|0|0|0|0|1|0|0|0|0|||||26-Aug-2019|951.0|0|0|Z951|Z951|Z951|N|R931|Y|I259|Y|Z604|N|E785|Y|M179|Y|E669|Y|D649|Y|R7303|Y|Z5989|Y|Z591|Y|Z7689|Y|||||||||||||||||||||||||||X58|X58|U| | | | | | | | | | | | | | | | | | | | | | |0BP17DZ|25-Aug-2019|BW03ZZZ|25-Aug-2019|||||||||||||||||||||||||||||||||||||||||||||||0|0||2|1|71046|2.0|2019-08-26T00:00:00|hospital_D|hospital_D_20190825
SYN_BENE_9149AC1681A9|SYN_CLM_F1E5649F9FD1|V|60|25-Aug-2019|26-Aug-2019|30-Aug-2019||3|331131|1|1|1|| |17660.25|0.0| ||33|1972913473| |9999938092| |9999938092|||0|1| |17660.25|25-Aug-2019|3|1|A|10|0.0|3532.09|0|4|3532.09|3532.09|0|0|0|0|0|0|0|0|1|0|0|0|0|||||26-Aug-2019|951.0|0|0|Z951|Z951|Z951|N|R931|Y|I259|Y|Z604|N|E785|Y|M179|Y|E669|Y|D649|Y|R7303|Y|Z5989|Y|Z591|Y|Z7689|Y|||||||||||||||||||||||||||X58|X58|U| | | | | | | | | | | | | | | | | | | | | | |0BP17DZ|25-Aug-2019|BW03ZZZ|25-Aug-2019|||||||||||||||||||||||||||||||||||||||||||||||0|0||1|1|93229|2.0|2019-08-26T00:00:00|hospital_D|hospital_D_20190825
SYN_BENE_9149AC1681A9|SYN_CLM_F1E5649F9FD1|V|60|25-Aug-2019|26-Aug-2019|30-Aug-2019||3|331131|1|1|1|| |17660.25|0.0| ||33|1972913473| |9999938092| |9999938092|||0|1| |17660.25|25-Aug-2019|3|1|A|10|0.0|3532.09|0|4|3532.09|3532.09|0|0|0|0|0|0|0|0|1|0|0|0|0|||||26-Aug-2019|951.0|0|0|Z951|Z951|Z951|N|R931|Y|I259|Y|Z604|N|E785|Y|M179|Y|E669|Y|D649|Y|R7303|Y|Z5989|Y|Z591|Y|Z7689|Y|||||||||||||||||||||||||||X58|X58|U| | | | | | | | | | | | | | | | | | | | | | |0BP17DZ|25-Aug-2019|BW03ZZZ|25-Aug-2019|||||||||||||||||||||||||||||||||||||||||||||||0|0||2|1|71046|2.0|2019-08-26T00:00:00|hospital_D|hospital_D_20190825
SYN_BENE_20C26E7D0F30|SYN_CLM_071A423D624D|V|60|25-Aug-2019|26-Aug-2019|30-Aug-2019||3|331131|1|1|1|| |24253.64|0.0| ||33|1972913473| |9999938092| |9999938092|||0|1| |24253.64|25-Aug-2019|3|4|A|10|0.0|4850.79|0|4|4850.79|4850.79|0|0|0|0|0|0|0|0|1|0|0|0|0|||||26-Aug-2019|302.0|0|0|R931|R931|Z951|N|R931|Y|I259|Y|T7432X|N|E785|Y|M179|Y|E669|Y|D649|Y|R7303|Y|Z5989|Y|Z591|Y|Z7689|Y|||||||||||||||||||||||||||W19|X58|Y| | | | | | | | | | | | | | | | | | | | | | |BW03ZZZ|25-Aug-2019|B24DZZ3|25-Aug-2019|B920ZZZ|25-Aug-2019|3E033FZ|25-Aug-2019|||||||||||||||||||||||||||||||||||||||||||0|0||1|1|93229|2.0|2019-08-26T00:00:00|hospital_D|hospital_D_20190825
SYN_BENE_20C26E7D0F30|SYN_CLM_071A423D624D|V|60|25-Aug-2019|26-Aug-2019|30-Aug-2019||3|331131|1|1|1|| |24253.64|0.0| ||33|1972913473| |9999938092| |9999938092|||0|1| |24253.64|25-Aug-2019|3|4|A|10|0.0|4850.79|0|4|4850.79|4850.79|0|0|0|0|0|0|0|0|1|0|0|0|0|||||26-Aug-2019|302.0|0|0|R931|R931|Z951|N|R931|Y|I259|Y|T7432X|N|E785|Y|M179|Y|E669|Y|D649|Y|R7303|Y|Z5989|Y|Z591|Y|Z7689|Y|||||||||||||||||||||||||||W19|X58|Y| | | | | | | | | | | | | | | | | | | | | | |BW03ZZZ|25-Aug-2019|B24DZZ3|25-Aug-2019|B920ZZZ|25-Aug-2019|3E033FZ|25-Aug-2019|||||||||||||||||||||||||||||||||||||||||||0|0||2|1|71046|2.0|2019-08-26T00:00:00|hospital_D|hospital_D_20190825
SYN_BENE_20C26E7D0F30|SYN_CLM_071A423D624D|V|60|25-Aug-2019|26-Aug-2019|30-Aug-2019||3|331131|1|1|1|| |24253.64|0.0| ||33|1972913473| |9999938092| |9999938092|||0|1| |24253.64|25-Aug-2019|3|4|A|10|0.0|4850.79|0|4|4850.79|4850.79|0|0|0|0|0|0|0|0|1|0|0|0|0|||||26-Aug-2019|302.0|0|0|R931|R931|Z951|N|R931|Y|I259|Y|T7432X|N|E785|Y|M179|Y|E669|Y|D649|Y|R7303|Y|Z5989|Y|Z591|Y|Z7689|Y|||||||||||||||||||||||||||W19|X58|Y| | | | | | | | | | | | | | | | | | | | | | |BW03ZZZ|25-Aug-2019|B24DZZ3|25-Aug-2019|B920ZZZ|25-Aug-2019|3E033FZ|25-Aug-2019|||||||||||||||||||||||||||||||||||||||||||0|0||3|1|I3C|2.0|2019-08-26T00:00:00|hospital_D|hospital_D_20190825
SYN_BENE_20C26E7D0F30|SYN_CLM_071A423D624D|V|60|25-Aug-2019|26-Aug-2019|30-Aug-2019||3|331131|1|1|1|| |24253.64|0.0| ||33|1972913473| |9999938092| |9999938092|||0|1| |24253.64|25-Aug-2019|3|4|A|10|0.0|4850.79|0|4|4850.79|4850.79|0|0|0|0|0|0|0|0|1|0|0|0|0|||||26-Aug-2019|302.0|0|0|R931|R931|Z951|N|R931|Y|I259|Y|T7432X|N|E785|Y|M179|Y|E669|Y|D649|Y|R7303|Y|Z5989|Y|Z591|Y|Z7689|Y|||||||||||||||||||||||||||W19|X58|Y| | | | | | | | | | | | | | | | | | | | | | |BW03ZZZ|25-Aug-2019|B24DZZ3|25-Aug-2019|B920ZZZ|25-Aug-2019|3E033FZ|25-Aug-2019|||||||||||||||||||||||||||||||||||||||||||0|0||4|1|G9530|2.0|2019-08-26T00:00:00|hospital_D|hospital_D_20190825
SYN_BENE_20C26E7D0F30|SYN_CLM_071A423D624D|V|60|25-Aug-2019|26-Aug-2019|30-Aug-2019||3|331131|1|1|1|| |24253.64|0.0| ||33|1972913473| |9999938092| |9999938092|||0|1| |24253.64|25-Aug-2019|3|4|A|10|0.0|4850.79|0|4|4850.79|4850.79|0|0|0|0|0|0|0|0|1|0|0|0|0|||||26-Aug-2019|302.0|0|0|R931|R931|Z951|N|R931|Y|I259|Y|T7432X|N|E785|Y|M179|Y|E669|Y|D649|Y|R7303|Y|Z5989|Y|Z591|Y|Z7689|Y|||||||||||||||||||||||||||W19|X58|Y| | | | | | | | | | | | | | | | | | | | | | |BW03ZZZ|25-Aug-2019|B24DZZ3|25-Aug-2019|B920ZZZ|25-Aug-2019|3E033FZ|25-Aug-2019|||||||||||||||||||||||||||||||||||||||||||0|0||5|1|QS|2.0|2019-08-26T00:00:00|hospital_D|hospital_D_20190825
SYN_BENE_20C26E7D0F30|SYN_CLM_071A423D624D|V|60|25-Aug-2019|26-Aug-2019|30-Aug-2019||3|331131|1|1|1|| |24253.64|0.0| ||33|1972913473| |9999938092| |9999938092|||0|1| |24253.64|25-Aug-2019|3|4|A|10|0.0|4850.79|0|4|4850.79|4850.79|0|0|0|0|0|0|0|0|1|0|0|0|0|||||26-Aug-2019|302.0|0|0|R931|R931|Z951|N|R931|Y|I259|Y|T7432X|N|E785|Y|M179|Y|E669|Y|D649|Y|R7303|Y|Z5989|Y|Z591|Y|Z7689|Y|||||||||||||||||||||||||||W19|X58|Y| | | | | | | | | | | | | | | | | | | | | | |BW03ZZZ|25-Aug-2019|B24DZZ3|25-Aug-2019|B920ZZZ|25-Aug-2019|3E033FZ|25-Aug-2019|||||||||||||||||||||||||||||||||||||||||||0|0||6|1|G8939|2.0|2019-08-26T00:00:00|hospital_D|hospital_D_20190825
SYN_BENE_D741D63EBE2C|SYN_CLM_74704D30E03D|V|60|25-Aug-2019|26-Aug-2019|30-Aug-2019||3|331131|1|1|1|| |17660.25|0.0| ||33|1972913473| |9999938092| |9999938092|||0|1| |17660.25|25-Aug-2019|3|1|A|10|0.0|3532.09|0|4|3532.09|3532.09|0|0|0|0|0|0|0|0|1|0|0|0|0|||||26-Aug-2019|951.0|0|0|Z951|Z951|Z951|N|R931|Y|I259|Y|Z604|N|E785|Y|M179|Y|E669|Y|D649|Y|R7303|Y|Z5989|Y|Z591|Y|Z7689|Y|||||||||||||||||||||||||||X58|X58|U| | | | | | | | | | | | | | | | | | | | | | |0BP17DZ|25-Aug-2019|BW03ZZZ|25-Aug-2019|||||||||||||||||||||||||||||||||||||||||||||||0|0||1|1|93229|2.0|2019-08-26T00:00:00|hospital_D|hospital_D_20190825
SYN_BENE_D741D63EBE2C|SYN_CLM_74704D30E03D|V|60|25-Aug-2019|26-Aug-2019|30-Aug-2019||3|331131|1|1|1|| |17660.25|0.0| ||33|1972913473| |9999938092| |9999938092|||0|1| |17660.25|25-Aug-2019|3|1|A|10|0.0|3532.09|0|4|3532.09|3532.09|0|0|0|0|0|0|0|0|1|0|0|0|0|||||26-Aug-2019|951.0|0|0|Z951|Z951|Z951|N|R931|Y|I259|Y|Z604|N|E785|Y|M179|Y|E669|Y|D649|Y|R7303|Y|Z5989|Y|Z591|Y|Z7689|Y|||||||||||||||||||||||||||X58|X58|U| | | | | | | | | | | | | | | | | | | | | | |0BP17DZ|25-Aug-2019|BW03ZZZ|25-Aug-2019|||||||||||||||||||||||||||||||||||||||||||||||0|0||2|1|71046|2.0|2019-08-26T00:00:00|hospital_D|hospital_D_20190825
SYN_BENE_01A9820C0E1E|SYN_CLM_2FF7B1E0D2C4|V|60|25-Aug-2019|26-Aug-2019|30-Aug-2019||3|331131|1|1|1|| |17660.25|0.0| ||33|1972913473| |9999938092| |9999938092|||0|1| |17660.25|25-Aug-2019|3|1|A|10|0.0|3532.09|0|4|3532.09|3532.09|0|0|0|0|0|0|0|0|1|0|0|0|0|||||26-Aug-2019|951.0|0|0|Z951|Z951|Z951|N|R931|Y|I259|Y|Z604|N|E785|Y|M179|Y|E669|Y|D649|Y|R7303|Y|Z5989|Y|Z591|Y|Z7689|Y|||||||||||||||||||||||||||X58|X58|U| | | | | | | | | | | | | | | | | | | | | | |0BP17DZ|25-Aug-2019|BW03ZZZ|25-Aug-2019|||||||||||||||||||||||||||||||||||||||||||||||0|0||1|1|93229|2.0|2019-08-26T00:00:00|hospital_D|hospital_D_20190825
SYN_BENE_01A9820C0E1E|SYN_CLM_2FF7B1E0D2C4|V|60|25-Aug-2019|26-Aug-2019|30-Aug-2019||3|331131|1|1|1|| |17660.25|0.0| ||33|1972913473| |9999938092| |9999938092|||0|1| |17660.25|25-Aug-2019|3|1|A|10|0.0|3532.09|0|4|3532.09|3532.09|0|0|0|0|0|0|0|0|1|0|0|0|0|||||26-Aug-2019|951.0|0|0|Z951|Z951|Z951|N|R931|Y|I259|Y|Z604|N|E785|Y|M179|Y|E669|Y|D649|Y|R7303|Y|Z5989|Y|Z591|Y|Z7689|Y|||||||||||||||||||||||||||X58|X58|U| | | | | | | | | | | | | | | | | | | | | | |0BP17DZ|25-Aug-2019|BW03ZZZ|25-Aug-2019|||||||||||||||||||||||||||||||||||||||||||||||0|0||2|1|71046|2.0|2019-08-26T00:00:00|hospital_D|hospital_D_20190825
SYN_BENE_2A96A88C4C0B|SYN_CLM_928E183F0971|V|60|25-Aug-2019|26-Aug-2019|30-Aug-2019||3|331131|1|1|1|| |24253.64|0.0| ||33|1972913473| |9999938092| |9999938092|||0|1| |24253.64|25-Aug-2019|3|4|A|10|0.0|4850.79|0|4|4850.79|4850.79|0|0|0|0|0|0|0|0|1|0|0|0|0|||||26-Aug-2019|302.0|0|0|R931|R931|Z951|N|R931|Y|I259|Y|T7432X|N|E785|Y|M179|Y|E669|Y|D649|Y|R7303|Y|Z5989|Y|Z591|Y|Z7689|Y|||||||||||||||||||||||||||W19|X58|Y| | | | | | | | | | | | | | | | | | | | | | |BW03ZZZ|25-Aug-2019|B24DZZ3|25-Aug-2019|B920ZZZ|25-Aug-2019|3E033FZ|25-Aug-2019|||||||||||||||||||||||||||||||||||||||||||0|0||1|1|93229|2.0|2019-08-26T00:00:00|hospital_D|hospital_D_20190825
SYN_BENE_2A96A88C4C0B|SYN_CLM_928E183F0971|V|60|25-Aug-2019|26-Aug-2019|30-Aug-2019||3|331131|1|1|1|| |24253.64|0.0| ||33|1972913473| |9999938092| |9999938092|||0|1| |24253.64|25-Aug-2019|3|4|A|10|0.0|4850.79|0|4|4850.79|4850.79|0|0|0|0|0|0|0|0|1|0|0|0|0|||||26-Aug-2019|302.0|0|0|R931|R931|Z951|N|R931|Y|I259|Y|T7432X|N|E785|Y|M179|Y|E669|Y|D649|Y|R7303|Y|Z5989|Y|Z591|Y|Z7689|Y|||||||||||||||||||||||||||W19|X58|Y| | | | | | | | | | | | | | | | | | | | | | |BW03ZZZ|25-Aug-2019|B24DZZ3|25-Aug-2019|B920ZZZ|25-Aug-2019|3E033FZ|25-Aug-2019|||||||||||||||||||||||||||||||||||||||||||0|0||2|1|71046|2.0|2019-08-26T00:00:00|hospital_D|hospital_D_20190825
SYN_BENE_2A96A88C4C0B|SYN_CLM_928E183F0971|V|60|25-Aug-2019|26-Aug-2019|30-Aug-2019||3|331131|1|1|1|| |24253.64|0.0| ||33|1972913473| |9999938092| |9999938092|||0|1| |24253.64|25-Aug-2019|3|4|A|10|0.0|4850.79|0|4|4850.79|4850.79|0|0|0|0|0|0|0|0|1|0|0|0|0|||||26-Aug-2019|302.0|0|0|R931|R931|Z951|N|R931|Y|I259|Y|T7432X|N|E785|Y|M179|Y|E669|Y|D649|Y|R7303|Y|Z5989|Y|Z591|Y|Z7689|Y|||||||||||||||||||||||||||W19|X58|Y| | | | | | | | | | | | | | | | | | | | | | |BW03ZZZ|25-Aug-2019|B24DZZ3|25-Aug-2019|B920ZZZ|25-Aug-2019|3E033FZ|25-Aug-2019|||||||||||||||||||||||||||||||||||||||||||0|0||3|1|I3C|2.0|2019-08-26T00:00:00|hospital_D|hospital_D_20190825
SYN_BENE_2A96A88C4C0B|SYN_CLM_928E183F0971|V|60|25-Aug-2019|26-Aug-2019|30-Aug-2019||3|331131|1|1|1|| |24253.64|0.0| ||33|1972913473| |9999938092| |9999938092|||0|1| |24253.64|25-Aug-2019|3|4|A|10|0.0|4850.79|0|4|4850.79|4850.79|0|0|0|0|0|0|0|0|1|0|0|0|0|||||26-Aug-2019|302.0|0|0|R931|R931|Z951|N|R931|Y|I259|Y|T7432X|N|E785|Y|M179|Y|E669|Y|D649|Y|R7303|Y|Z5989|Y|Z591|Y|Z7689|Y|||||||||||||||||||||||||||W19|X58|Y| | | | | | | | | | | | | | | | | | | | | | |BW03ZZZ|25-Aug-2019|B24DZZ3|25-Aug-2019|B920ZZZ|25-Aug-2019|3E033FZ|25-Aug-2019|||||||||||||||||||||||||||||||||||||||||||0|0||4|1|G9530|2.0|2019-08-26T00:00:00|hospital_D|hospital_D_20190825
SYN_BENE_2A96A88C4C0B|SYN_CLM_928E183F0971|V|60|25-Aug-2019|26-Aug-2019|30-Aug-2019||3|331131|1|1|1|| |24253.64|0.0| ||33|1972913473| |9999938092| |9999938092|||0|1| |24253.64|25-Aug-2019|3|4|A|10|0.0|4850.79|0|4|4850.79|4850.79|0|0|0|0|0|0|0|0|1|0|0|0|0|||||26-Aug-2019|302.0|0|0|R931|R931|Z951|N|R931|Y|I259|Y|T7432X|N|E785|Y|M179|Y|E669|Y|D649|Y|R7303|Y|Z5989|Y|Z591|Y|Z7689|Y|||||||||||||||||||||||||||W19|X58|Y| | | | | | | | | | | | | | | | | | | | | | |BW03ZZZ|25-Aug-2019|B24DZZ3|25-Aug-2019|B920ZZZ|25-Aug-2019|3E033FZ|25-Aug-2019|||||||||||||||||||||||||||||||||||||||||||0|0||5|1|QS|2.0|2019-08-26T00:00:00|hospital_D|hospital_D_20190825
SYN_BENE_2A96A88C4C0B|SYN_CLM_928E183F0971|V|60|25-Aug-2019|26-Aug-2019|30-Aug-2019||3|331131|1|1|1|| |24253.64|0.0| ||33|1972913473| |9999938092| |9999938092|||0|1| |24253.64|25-Aug-2019|3|4|A|10|0.0|4850.79|0|4|4850.79|4850.79|0|0|0|0|0|0|0|0|1|0|0|0|0|||||26-Aug-2019|302.0|0|0|R931|R931|Z951|N|R931|Y|I259|Y|T7432X|N|E785|Y|M179|Y|E669|Y|D649|Y|R7303|Y|Z5989|Y|Z591|Y|Z7689|Y|||||||||||||||||||||||||||W19|X58|Y| | | | | | | | | | | | | | | | | | | | | | |BW03ZZZ|25-Aug-2019|B24DZZ3|25-Aug-2019|B920ZZZ|25-Aug-2019|3E033FZ|25-Aug-2019|||||||||||||||||||||||||||||||||||||||||||0|0||6|1|G8939|2.0|2019-08-26T00:00:00|hospital_D|hospital_D_20190825
SYN_BENE_8A6E2163BC84|SYN_CLM_6C6CEFF63EA3|V|60|25-Aug-2019|26-Aug-2019|30-Aug-2019||3|331131|1|1|1|| |24253.64|0.0| ||33|1972913473| |9999938092| |9999938092|||0|1| |24253.64|25-Aug-2019|3|4|A|10|0.0|4850.79|0|4|4850.79|4850.79|0|0|0|0|0|0|0|0|1|0|0|0|0|||||26-Aug-2019|302.0|0|0|R931|R931|Z951|N|R931|Y|I259|Y|T7432X|N|E785|Y|M179|Y|E669|Y|D649|Y|R7303|Y|Z5989|Y|Z591|Y|Z7689|Y|||||||||||||||||||||||||||W19|X58|Y| | | | | | | | | | | | | | | | | | | | | | |BW03ZZZ|25-Aug-2019|B24DZZ3|25-Aug-2019|B920ZZZ|25-Aug-2019|3E033FZ|25-Aug-2019|||||||||||||||||||||||||||||||||||||||||||0|0||1|1|93229|2.0|2019-08-26T00:00:00|hospital_D|hospital_D_20190825
SYN_BENE_8A6E2163BC84|SYN_CLM_6C6CEFF63EA3|V|60|25-Aug-2019|26-Aug-2019|30-Aug-2019||3|331131|1|1|1|| |24253.64|0.0| ||33|1972913473| |9999938092| |9999938092|||0|1| |24253.64|25-Aug-2019|3|4|A|10|0.0|4850.79|0|4|4850.79|4850.79|0|0|0|0|0|0|0|0|1|0|0|0|0|||||26-Aug-2019|302.0|0|0|R931|R931|Z951|N|R931|Y|I259|Y|T7432X|N|E785|Y|M179|Y|E669|Y|D649|Y|R7303|Y|Z5989|Y|Z591|Y|Z7689|Y|||||||||||||||||||||||||||W19|X58|Y| | | | | | | | | | | | | | | | | | | | | | |BW03ZZZ|25-Aug-2019|B24DZZ3|25-Aug-2019|B920ZZZ|25-Aug-2019|3E033FZ|25-Aug-2019|||||||||||||||||||||||||||||||||||||||||||0|0||2|1|71046|2.0|2019-08-26T00:00:00|hospital_D|hospital_D_20190825
SYN_BENE_8A6E2163BC84|SYN_CLM_6C6CEFF63EA3|V|60|25-Aug-2019|26-Aug-2019|30-Aug-2019||3|331131|1|1|1|| |24253.64|0.0| ||33|1972913473| |9999938092| |9999938092|||0|1| |24253.64|25-Aug-2019|3|4|A|10|0.0|4850.79|0|4|4850.79|4850.79|0|0|0|0|0|0|0|0|1|0|0|0|0|||||26-Aug-2019|302.0|0|0|R931|R931|Z951|N|R931|Y|I259|Y|T7432X|N|E785|Y|M179|Y|E669|Y|D649|Y|R7303|Y|Z5989|Y|Z591|Y|Z7689|Y|||||||||||||||||||||||||||W19|X58|Y| | | | | | | | | | | | | | | | | | | | | | |BW03ZZZ|25-Aug-2019|B24DZZ3|25-Aug-2019|B920ZZZ|25-Aug-2019|3E033FZ|25-Aug-2019|||||||||||||||||||||||||||||||||||||||||||0|0||3|1|I3C|2.0|2019-08-26T00:00:00|hospital_D|hospital_D_20190825
SYN_BENE_8A6E2163BC84|SYN_CLM_6C6CEFF63EA3|V|60|25-Aug-2019|26-Aug-2019|30-Aug-2019||3|331131|1|1|1|| |24253.64|0.0| ||33|1972913473| |9999938092| |9999938092|||0|1| |24253.64|25-Aug-2019|3|4|A|10|0.0|4850.79|0|4|4850.79|4850.79|0|0|0|0|0|0|0|0|1|0|0|0|0|||||26-Aug-2019|302.0|0|0|R931|R931|Z951|N|R931|Y|I259|Y|T7432X|N|E785|Y|M179|Y|E669|Y|D649|Y|R7303|Y|Z5989|Y|Z591|Y|Z7689|Y|||||||||||||||||||||||||||W19|X58|Y| | | | | | | | | | | | | | | | | | | | | | |BW03ZZZ|25-Aug-2019|B24DZZ3|25-Aug-2019|B920ZZZ|25-Aug-2019|3E033FZ|25-Aug-2019|||||||||||||||||||||||||||||||||||||||||||0|0||4|1|G9530|2.0|2019-08-26T00:00:00|hospital_D|hospital_D_20190825
SYN_BENE_8A6E2163BC84|SYN_CLM_6C6CEFF63EA3|V|60|25-Aug-2019|26-Aug-2019|30-Aug-2019||3|331131|1|1|1|| |24253.64|0.0| ||33|1972913473| |9999938092| |9999938092|||0|1| |24253.64|25-Aug-2019|3|4|A|10|0.0|4850.79|0|4|4850.79|4850.79|0|0|0|0|0|0|0|0|1|0|0|0|0|||||26-Aug-2019|302.0|0|0|R931|R931|Z951|N|R931|Y|I259|Y|T7432X|N|E785|Y|M179|Y|E669|Y|D649|Y|R7303|Y|Z5989|Y|Z591|Y|Z7689|Y|||||||||||||||||||||||||||W19|X58|Y| | | | | | | | | | | | | | | | | | | | | | |BW03ZZZ|25-Aug-2019|B24DZZ3|25-Aug-2019|B920ZZZ|25-Aug-2019|3E033FZ|25-Aug-2019|||||||||||||||||||||||||||||||||||||||||||0|0||5|1|QS|2.0|2019-08-26T00:00:00|hospital_D|hospital_D_20190825
SYN_BENE_8A6E2163BC84|SYN_CLM_6C6CEFF63EA3|V|60|25-Aug-2019|26-Aug-2019|30-Aug-2019||3|331131|1|1|1|| |24253.64|0.0| ||33|1972913473| |9999938092| |9999938092|||0|1| |24253.64|25-Aug-2019|3|4|A|10|0.0|4850.79|0|4|4850.79|4850.79|0|0|0|0|0|0|0|0|1|0|0|0|0|||||26-Aug-2019|302.0|0|0|R931|R931|Z951|N|R931|Y|I259|Y|T7432X|N|E785|Y|M179|Y|E669|Y|D649|Y|R7303|Y|Z5989|Y|Z591|Y|Z7689|Y|||||||||||||||||||||||||||W19|X58|Y| | | | | | | | | | | | | | | | | | | | | | |BW03ZZZ|25-Aug-2019|B24DZZ3|25-Aug-2019|B920ZZZ|25-Aug-2019|3E033FZ|25-Aug-2019|||||||||||||||||||||||||||||||||||||||||||0|0||6|1|G8939|2.0|2019-08-26T00:00:00|hospital_D|hospital_D_20190825
SYN_BENE_1B4355566B6A|SYN_CLM_29912D4718EB|V|60|25-Aug-2019|26-Aug-2019|30-Aug-2019||3|331131|1|1|1|| |24253.64|0.0| ||33|1972913473| |9999938092| |9999938092|||0|1| |24253.64|25-Aug-2019|3|4|A|10|0.0|4850.79|0|4|4850.79|4850.79|0|0|0|0|0|0|0|0|1|0|0|0|0|||||26-Aug-2019|302.0|0|0|R931|R931|Z951|N|R931|Y|I259|Y|T7432X|N|E785|Y|M179|Y|E669|Y|D649|Y|R7303|Y|Z5989|Y|Z591|Y|Z7689|Y|||||||||||||||||||||||||||W19|X58|Y| | | | | | | | | | | | | | | | | | | | | | |BW03ZZZ|25-Aug-2019|B24DZZ3|25-Aug-2019|B920ZZZ|25-Aug-2019|3E033FZ|25-Aug-2019|||||||||||||||||||||||||||||||||||||||||||0|0||1|1|93229|2.0|2019-08-26T00:00:00|hospital_D|hospital_D_20190825
SYN_BENE_1B4355566B6A|SYN_CLM_29912D4718EB|V|60|25-Aug-2019|26-Aug-2019|30-Aug-2019||3|331131|1|1|1|| |24253.64|0.0| ||33|1972913473| |9999938092| |9999938092|||0|1| |24253.64|25-Aug-2019|3|4|A|10|0.0|4850.79|0|4|4850.79|4850.79|0|0|0|0|0|0|0|0|1|0|0|0|0|||||26-Aug-2019|302.0|0|0|R931|R931|Z951|N|R931|Y|I259|Y|T7432X|N|E785|Y|M179|Y|E669|Y|D649|Y|R7303|Y|Z5989|Y|Z591|Y|Z7689|Y|||||||||||||||||||||||||||W19|X58|Y| | | | | | | | | | | | | | | | | | | | | | |BW03ZZZ|25-Aug-2019|B24DZZ3|25-Aug-2019|B920ZZZ|25-Aug-2019|3E033FZ|25-Aug-2019|||||||||||||||||||||||||||||||||||||||||||0|0||2|1|71046|2.0|2019-08-26T00:00:00|hospital_D|hospital_D_20190825
SYN_BENE_1B4355566B6A|SYN_CLM_29912D4718EB|V|60|25-Aug-2019|26-Aug-2019|30-Aug-2019||3|331131|1|1|1|| |24253.64|0.0| ||33|1972913473| |9999938092| |9999938092|||0|1| |24253.64|25-Aug-2019|3|4|A|10|0.0|4850.79|0|4|4850.79|4850.79|0|0|0|0|0|0|0|0|1|0|0|0|0|||||26-Aug-2019|302.0|0|0|R931|R931|Z951|N|R931|Y|I259|Y|T7432X|N|E785|Y|M179|Y|E669|Y|D649|Y|R7303|Y|Z5989|Y|Z591|Y|Z7689|Y|||||||||||||||||||||||||||W19|X58|Y| | | | | | | | | | | | | | | | | | | | | | |BW03ZZZ|25-Aug-2019|B24DZZ3|25-Aug-2019|B920ZZZ|25-Aug-2019|3E033FZ|25-Aug-2019|||||||||||||||||||||||||||||||||||||||||||0|0||3|1|I3C|2.0|2019-08-26T00:00:00|hospital_D|hospital_D_20190825
SYN_BENE_1B4355566B6A|SYN_CLM_29912D4718EB|V|60|25-Aug-2019|26-Aug-2019|30-Aug-2019||3|331131|1|1|1|| |24253.64|0.0| ||33|1972913473| |9999938092| |9999938092|||0|1| |24253.64|25-Aug-2019|3|4|A|10|0.0|4850.79|0|4|4850.79|4850.79|0|0|0|0|0|0|0|0|1|0|0|0|0|||||26-Aug-2019|302.0|0|0|R931|R931|Z951|N|R931|Y|I259|Y|T7432X|N|E785|Y|M179|Y|E669|Y|D649|Y|R7303|Y|Z5989|Y|Z591|Y|Z7689|Y|||||||||||||||||||||||||||W19|X58|Y| | | | | | | | | | | | | | | | | | | | | | |BW03ZZZ|25-Aug-2019|B24DZZ3|25-Aug-2019|B920ZZZ|25-Aug-2019|3E033FZ|25-Aug-2019|||||||||||||||||||||||||||||||||||||||||||0|0||4|1|G9530|2.0|2019-08-26T00:00:00|hospital_D|hospital_D_20190825
SYN_BENE_1B4355566B6A|SYN_CLM_29912D4718EB|V|60|25-Aug-2019|26-Aug-2019|30-Aug-2019||3|331131|1|1|1|| |24253.64|0.0| ||33|1972913473| |9999938092| |9999938092|||0|1| |24253.64|25-Aug-2019|3|4|A|10|0.0|4850.79|0|4|4850.79|4850.79|0|0|0|0|0|0|0|0|1|0|0|0|0|||||26-Aug-2019|302.0|0|0|R931|R931|Z951|N|R931|Y|I259|Y|T7432X|N|E785|Y|M179|Y|E669|Y|D649|Y|R7303|Y|Z5989|Y|Z591|Y|Z7689|Y|||||||||||||||||||||||||||W19|X58|Y| | | | | | | | | | | | | | | | | | | | | | |BW03ZZZ|25-Aug-2019|B24DZZ3|25-Aug-2019|B920ZZZ|25-Aug-2019|3E033FZ|25-Aug-2019|||||||||||||||||||||||||||||||||||||||||||0|0||5|1|QS|2.0|2019-08-26T00:00:00|hospital_D|hospital_D_20190825
SYN_BENE_1B4355566B6A|SYN_CLM_29912D4718EB|V|60|25-Aug-2019|26-Aug-2019|30-Aug-2019||3|331131|1|1|1|| |24253.64|0.0| ||33|1972913473| |9999938092| |9999938092|||0|1| |24253.64|25-Aug-2019|3|4|A|10|0.0|4850.79|0|4|4850.79|4850.79|0|0|0|0|0|0|0|0|1|0|0|0|0|||||26-Aug-2019|302.0|0|0|R931|R931|Z951|N|R931|Y|I259|Y|T7432X|N|E785|Y|M179|Y|E669|Y|D649|Y|R7303|Y|Z5989|Y|Z591|Y|Z7689|Y|||||||||||||||||||||||||||W19|X58|Y| | | | | | | | | | | | | | | | | | | | | | |BW03ZZZ|25-Aug-2019|B24DZZ3|25-Aug-2019|B920ZZZ|25-Aug-2019|3E033FZ|25-Aug-2019|||||||||||||||||||||||||||||||||||||||||||0|0||6|1|G8939|2.0|2019-08-26T00:00:00|hospital_D|hospital_D_20190825
SYN_BENE_86CB48C81ED0|SYN_CLM_82C9BC05D14B|V|60|25-Aug-2019|26-Aug-2019|30-Aug-2019||3|331131|1|1|1|| |17660.25|0.0| ||33|1972913473| |9999938092| |9999938092|||0|1| |17660.25|25-Aug-2019|3|1|A|10|0.0|3532.09|0|4|3532.09|3532.09|0|0|0|0|0|0|0|0|1|0|0|0|0|||||26-Aug-2019|951.0|0|0|Z951|Z951|Z951|N|R931|Y|I259|Y|Z604|N|E785|Y|M179|Y|E669|Y|D649|Y|R7303|Y|Z5989|Y|Z591|Y|Z7689|Y|||||||||||||||||||||||||||X58|X58|U| | | | | | | | | | | | | | | | | | | | | | |0BP17DZ|25-Aug-2019|BW03ZZZ|25-Aug-2019|||||||||||||||||||||||||||||||||||||||||||||||0|0||1|1|93229|2.0|2019-08-26T00:00:00|hospital_D|hospital_D_20190825
SYN_BENE_86CB48C81ED0|SYN_CLM_82C9BC05D14B|V|60|25-Aug-2019|26-Aug-2019|30-Aug-2019||3|331131|1|1|1|| |17660.25|0.0| ||33|1972913473| |9999938092| |9999938092|||0|1| |17660.25|25-Aug-2019|3|1|A|10|0.0|3532.09|0|4|3532.09|3532.09|0|0|0|0|0|0|0|0|1|0|0|0|0|||||26-Aug-2019|951.0|0|0|Z951|Z951|Z951|N|R931|Y|I259|Y|Z604|N|E785|Y|M179|Y|E669|Y|D649|Y|R7303|Y|Z5989|Y|Z591|Y|Z7689|Y|||||||||||||||||||||||||||X58|X58|U| | | | | | | | | | | | | | | | | | | | | | |0BP17DZ|25-Aug-2019|BW03ZZZ|25-Aug-2019|||||||||||||||||||||||||||||||||||||||||||||||0|0||2|1|71046|2.0|2019-08-26T00:00:00|hospital_D|hospital_D_20190825
SYN_BENE_BA6A6E99911D|SYN_CLM_985410946213|V|60|25-Aug-2019|26-Aug-2019|30-Aug-2019||3|331131|1|1|1|| |17660.25|0.0| ||33|1972913473| |9999938092| |9999938092|||0|1| |17660.25|25-Aug-2019|3|1|A|10|0.0|3532.09|0|4|3532.09|3532.09|0|0|0|0|0|0|0|0|1|0|0|0|0|||||26-Aug-2019|951.0|0|0|Z951|Z951|Z951|N|R931|Y|I259|Y|Z604|N|E785|Y|M179|Y|E669|Y|D649|Y|R7303|Y|Z5989|Y|Z591|Y|Z7689|Y|||||||||||||||||||||||||||X58|X58|U| | | | | | | | | | | | | | | | | | | | | | |0BP17DZ|25-Aug-2019|BW03ZZZ|25-Aug-2019|||||||||||||||||||||||||||||||||||||||||||||||0|0||1|1|93229|2.0|2019-08-26T00:00:00|hospital_D|hospital_D_20190825
SYN_BENE_BA6A6E99911D|SYN_CLM_985410946213|V|60|25-Aug-2019|26-Aug-2019|30-Aug-2019||3|331131|1|1|1|| |17660.25|0.0| ||33|1972913473| |9999938092| |9999938092|||0|1| |17660.25|25-Aug-2019|3|1|A|10|0.0|3532.09|0|4|3532.09|3532.09|0|0|0|0|0|0|0|0|1|0|0|0|0|||||26-Aug-2019|951.0|0|0|Z951|Z951|Z951|N|R931|Y|I259|Y|Z604|N|E785|Y|M179|Y|E669|Y|D649|Y|R7303|Y|Z5989|Y|Z591|Y|Z7689|Y|||||||||||||||||||||||||||X58|X58|U| | | | | | | | | | | | | | | | | | | | | | |0BP17DZ|25-Aug-2019|BW03ZZZ|25-Aug-2019|||||||||||||||||||||||||||||||||||||||||||||||0|0||2|1|71046|2.0|2019-08-26T00:00:00|hospital_D|hospital_D_20190825
SYN_BENE_95E6889EFF4D|SYN_CLM_1FD446499884|V|60|25-Aug-2019|26-Aug-2019|30-Aug-2019||3|331131|1|1|1|| |17660.25|0.0| ||33|1972913473| |9999938092| |9999938092|||0|1| |17660.25|25-Aug-2019|3|1|A|10|0.0|3532.09|0|4|3532.09|3532.09|0|0|0|0|0|0|0|0|1|0|0|0|0|||||26-Aug-2019|951.0|0|0|Z951|Z951|Z951|N|R931|Y|I259|Y|Z604|N|E785|Y|M179|Y|E669|Y|D649|Y|R7303|Y|Z5989|Y|Z591|Y|Z7689|Y|||||||||||||||||||||||||||X58|X58|U| | | | | | | | | | | | | | | | | | | | | | |0BP17DZ|25-Aug-2019|BW03ZZZ|25-Aug-2019|||||||||||||||||||||||||||||||||||||||||||||||0|0||1|1|93229|2.0|2019-08-26T00:00:00|hospital_D|hospital_D_20190825
SYN_BENE_95E6889EFF4D|SYN_CLM_1FD446499884|V|60|25-Aug-2019|26-Aug-2019|30-Aug-2019||3|331131|1|1|1|| |17660.25|0.0| ||33|1972913473| |9999938092| |9999938092|||0|1| |17660.25|25-Aug-2019|3|1|A|10|0.0|3532.09|0|4|3532.09|3532.09|0|0|0|0|0|0|0|0|1|0|0|0|0|||||26-Aug-2019|951.0|0|0|Z951|Z951|Z951|N|R931|Y|I259|Y|Z604|N|E785|Y|M179|Y|E669|Y|D649|Y|R7303|Y|Z5989|Y|Z591|Y|Z7689|Y|||||||||||||||||||||||||||X58|X58|U| | | | | | | | | | | | | | | | | | | | | | |0BP17DZ|25-Aug-2019|BW03ZZZ|25-Aug-2019|||||||||||||||||||||||||||||||||||||||||||||||0|0||2|1|71046|2.0|2019-08-26T00:00:00|hospital_D|hospital_D_20190825
SYN_BENE_F6D35B630425|SYN_CLM_F9D8430C1902|V|60|25-Aug-2019|26-Aug-2019|30-Aug-2019||3|331131|1|1|1|| |17660.25|0.0| ||33|1972913473| |9999938092| |9999938092|||0|1| |17660.25|25-Aug-2019|3|1|A|10|0.0|3532.09|0|4|3532.09|3532.09|0|0|0|0|0|0|0|0|1|0|0|0|0|||||26-Aug-2019|951.0|0|0|Z951|Z951|Z951|N|R931|Y|I259|Y|Z604|N|E785|Y|M179|Y|E669|Y|D649|Y|R7303|Y|Z5989|Y|Z591|Y|Z7689|Y|||||||||||||||||||||||||||X58|X58|U| | | | | | | | | | | | | | | | | | | | | | |0BP17DZ|25-Aug-2019|BW03ZZZ|25-Aug-2019|||||||||||||||||||||||||||||||||||||||||||||||0|0||1|1|93229|2.0|2019-08-26T00:00:00|hospital_D|hospital_D_20190825
SYN_BENE_F6D35B630425|SYN_CLM_F9D8430C1902|V|60|25-Aug-2019|26-Aug-2019|30-Aug-2019||3|331131|1|1|1|| |17660.25|0.0| ||33|1972913473| |9999938092| |9999938092|||0|1| |17660.25|25-Aug-2019|3|1|A|10|0.0|3532.09|0|4|3532.09|3532.09|0|0|0|0|0|0|0|0|1|0|0|0|0|||||26-Aug-2019|951.0|0|0|Z951|Z951|Z951|N|R931|Y|I259|Y|Z604|N|E785|Y|M179|Y|E669|Y|D649|Y|R7303|Y|Z5989|Y|Z591|Y|Z7689|Y|||||||||||||||||||||||||||X58|X58|U| | | | | | | | | | | | | | | | | | | | | | |0BP17DZ|25-Aug-2019|BW03ZZZ|25-Aug-2019|||||||||||||||||||||||||||||||||||||||||||||||0|0||2|1|71046|2.0|2019-08-26T00:00:00|hospital_D|hospital_D_20190825
SYN_BENE_6E2C00C074AB|SYN_CLM_461CBE13C5A8|V|60|25-Aug-2019|26-Aug-2019|30-Aug-2019||3|331131|1|1|1|| |17660.25|0.0| ||33|1972913473| |9999938092| |9999938092|||0|1| |17660.25|25-Aug-2019|3|1|A|10|0.0|3532.09|0|4|3532.09|3532.09|0|0|0|0|0|0|0|0|1|0|0|0|0|||||26-Aug-2019|951.0|0|0|Z951|Z951|Z951|N|R931|Y|I259|Y|Z604|N|E785|Y|M179|Y|E669|Y|D649|Y|R7303|Y|Z5989|Y|Z591|Y|Z7689|Y|||||||||||||||||||||||||||X58|X58|U| | | | | | | | | | | | | | | | | | | | | | |0BP17DZ|25-Aug-2019|BW03ZZZ|25-Aug-2019|||||||||||||||||||||||||||||||||||||||||||||||0|0||1|1|93229|2.0|2019-08-26T00:00:00|hospital_D|hospital_D_20190825
SYN_BENE_6E2C00C074AB|SYN_CLM_461CBE13C5A8|V|60|25-Aug-2019|26-Aug-2019|30-Aug-2019||3|331131|1|1|1|| |17660.25|0.0| ||33|1972913473| |9999938092| |9999938092|||0|1| |17660.25|25-Aug-2019|3|1|A|10|0.0|3532.09|0|4|3532.09|3532.09|0|0|0|0|0|0|0|0|1|0|0|0|0|||||26-Aug-2019|951.0|0|0|Z951|Z951|Z951|N|R931|Y|I259|Y|Z604|N|E785|Y|M179|Y|E669|Y|D649|Y|R7303|Y|Z5989|Y|Z591|Y|Z7689|Y|||||||||||||||||||||||||||X58|X58|U| | | | | | | | | | | | | | | | | | | | | | |0BP17DZ|25-Aug-2019|BW03ZZZ|25-Aug-2019|||||||||||||||||||||||||||||||||||||||||||||||0|0||2|1|71046|2.0|2019-08-26T00:00:00|hospital_D|hospital_D_20190825
SYN_BENE_F6EFD1209217|SYN_CLM_DDCC99E64FB5|V|60|25-Aug-2019|26-Aug-2019|30-Aug-2019||3|331131|1|1|1|| |17660.25|0.0| ||33|1972913473| |9999938092| |9999938092|||0|1| |17660.25|25-Aug-2019|3|1|A|10|0.0|3532.09|0|4|3532.09|3532.09|0|0|0|0|0|0|0|0|1|0|0|0|0|||||26-Aug-2019|951.0|0|0|Z951|Z951|Z951|N|R931|Y|I259|Y|Z604|N|E785|Y|M179|Y|E669|Y|D649|Y|R7303|Y|Z5989|Y|Z591|Y|Z7689|Y|||||||||||||||||||||||||||X58|X58|U| | | | | | | | | | | | | | | | | | | | | | |0BP17DZ|25-Aug-2019|BW03ZZZ|25-Aug-2019|||||||||||||||||||||||||||||||||||||||||||||||0|0||1|1|93229|2.0|2019-08-26T00:00:00|hospital_D|hospital_D_20190825
SYN_BENE_F6EFD1209217|SYN_CLM_DDCC99E64FB5|V|60|25-Aug-2019|26-Aug-2019|30-Aug-2019||3|331131|1|1|1|| |17660.25|0.0| ||33|1972913473| |9999938092| |9999938092|||0|1| |17660.25|25-Aug-2019|3|1|A|10|0.0|3532.09|0|4|3532.09|3532.09|0|0|0|0|0|0|0|0|1|0|0|0|0|||||26-Aug-2019|951.0|0|0|Z951|Z951|Z951|N|R931|Y|I259|Y|Z604|N|E785|Y|M179|Y|E669|Y|D649|Y|R7303|Y|Z5989|Y|Z591|Y|Z7689|Y|||||||||||||||||||||||||||X58|X58|U| | | | | | | | | | | | | | | | | | | | | | |0BP17DZ|25-Aug-2019|BW03ZZZ|25-Aug-2019|||||||||||||||||||||||||||||||||||||||||||||||0|0||2|1|71046|2.0|2019-08-26T00:00:00|hospital_D|hospital_D_20190825
SYN_BENE_9985169816BB|SYN_CLM_E6B0DC0E678D|V|60|25-Aug-2019|26-Aug-2019|30-Aug-2019||3|331131|1|1|1|| |17660.25|0.0| ||33|1972913473| |9999938092| |9999938092|||0|1| |17660.25|25-Aug-2019|3|1|A|10|0.0|3532.09|0|4|3532.09|3532.09|0|0|0|0|0|0|0|0|1|0|0|0|0|||||26-Aug-2019|951.0|0|0|Z951|Z951|Z951|N|R931|Y|I259|Y|Z604|N|E785|Y|M179|Y|E669|Y|D649|Y|R7303|Y|Z5989|Y|Z591|Y|Z7689|Y|||||||||||||||||||||||||||X58|X58|U| | | | | | | | | | | | | | | | | | | | | | |0BP17DZ|25-Aug-2019|BW03ZZZ|25-Aug-2019|||||||||||||||||||||||||||||||||||||||||||||||0|0||1|1|93229|2.0|2019-08-26T00:00:00|hospital_D|hospital_D_20190825
SYN_BENE_9985169816BB|SYN_CLM_E6B0DC0E678D|V|60|25-Aug-2019|26-Aug-2019|30-Aug-2019||3|331131|1|1|1|| |17660.25|0.0| ||33|1972913473| |9999938092| |9999938092|||0|1| |17660.25|25-Aug-2019|3|1|A|10|0.0|3532.09|0|4|3532.09|3532.09|0|0|0|0|0|0|0|0|1|0|0|0|0|||||26-Aug-2019|951.0|0|0|Z951|Z951|Z951|N|R931|Y|I259|Y|Z604|N|E785|Y|M179|Y|E669|Y|D649|Y|R7303|Y|Z5989|Y|Z591|Y|Z7689|Y|||||||||||||||||||||||||||X58|X58|U| | | | | | | | | | | | | | | | | | | | | | |0BP17DZ|25-Aug-2019|BW03ZZZ|25-Aug-2019|||||||||||||||||||||||||||||||||||||||||||||||0|0||2|1|71046|2.0|2019-08-26T00:00:00|hospital_D|hospital_D_20190825
SYN_BENE_053260085187|SYN_CLM_922E212AC542|V|60|25-Aug-2019|26-Aug-2019|30-Aug-2019||3|331131|1|1|1|| |17660.25|0.0| ||33|1972913473| |9999938092| |9999938092|||0|1| |17660.25|25-Aug-2019|3|1|A|10|0.0|3532.09|0|4|3532.09|3532.09|0|0|0|0|0|0|0|0|1|0|0|0|0|||||26-Aug-2019|951.0|0|0|Z951|Z951|Z951|N|R931|Y|I259|Y|Z604|N|E785|Y|M179|Y|E669|Y|D649|Y|R7303|Y|Z5989|Y|Z591|Y|Z7689|Y|||||||||||||||||||||||||||X58|X58|U| | | | | | | | | | | | | | | | | | | | | | |0BP17DZ|25-Aug-2019|BW03ZZZ|25-Aug-2019|||||||||||||||||||||||||||||||||||||||||||||||0|0||1|1|93229|2.0|2019-08-26T00:00:00|hospital_D|hospital_D_20190825
SYN_BENE_053260085187|SYN_CLM_922E212AC542|V|60|25-Aug-2019|26-Aug-2019|30-Aug-2019||3|331131|1|1|1|| |17660.25|0.0| ||33|1972913473| |9999938092| |9999938092|||0|1| |17660.25|25-Aug-2019|3|1|A|10|0.0|3532.09|0|4|3532.09|3532.09|0|0|0|0|0|0|0|0|1|0|0|0|0|||||26-Aug-2019|951.0|0|0|Z951|Z951|Z951|N|R931|Y|I259|Y|Z604|N|E785|Y|M179|Y|E669|Y|D649|Y|R7303|Y|Z5989|Y|Z591|Y|Z7689|Y|||||||||||||||||||||||||||X58|X58|U| | | | | | | | | | | | | | | | | | | | | | |0BP17DZ|25-Aug-2019|BW03ZZZ|25-Aug-2019|||||||||||||||||||||||||||||||||||||||||||||||0|0||2|1|71046|2.0|2019-08-26T00:00:00|hospital_D|hospital_D_20190825
SYN_BENE_0FDA7B8949E1|SYN_CLM_F62F687CBA68|V|60|25-Aug-2019|26-Aug-2019|30-Aug-2019||3|331131|1|1|1|| |24253.64|0.0| ||33|1972913473| |9999938092| |9999938092|||0|1| |24253.64|25-Aug-2019|3|4|A|10|0.0|4850.79|0|4|4850.79|4850.79|0|0|0|0|0|0|0|0|1|0|0|0|0|||||26-Aug-2019|302.0|0|0|R931|R931|Z951|N|R931|Y|I259|Y|T7432X|N|E785|Y|M179|Y|E669|Y|D649|Y|R7303|Y|Z5989|Y|Z591|Y|Z7689|Y|||||||||||||||||||||||||||W19|X58|Y| | | | | | | | | | | | | | | | | | | | | | |BW03ZZZ|25-Aug-2019|B24DZZ3|25-Aug-2019|B920ZZZ|25-Aug-2019|3E033FZ|25-Aug-2019|||||||||||||||||||||||||||||||||||||||||||0|0||1|1|93229|2.0|2019-08-26T00:00:00|hospital_D|hospital_D_20190825
SYN_BENE_0FDA7B8949E1|SYN_CLM_F62F687CBA68|V|60|25-Aug-2019|26-Aug-2019|30-Aug-2019||3|331131|1|1|1|| |24253.64|0.0| ||33|1972913473| |9999938092| |9999938092|||0|1| |24253.64|25-Aug-2019|3|4|A|10|0.0|4850.79|0|4|4850.79|4850.79|0|0|0|0|0|0|0|0|1|0|0|0|0|||||26-Aug-2019|302.0|0|0|R931|R931|Z951|N|R931|Y|I259|Y|T7432X|N|E785|Y|M179|Y|E669|Y|D649|Y|R7303|Y|Z5989|Y|Z591|Y|Z7689|Y|||||||||||||||||||||||||||W19|X58|Y| | | | | | | | | | | | | | | | | | | | | | |BW03ZZZ|25-Aug-2019|B24DZZ3|25-Aug-2019|B920ZZZ|25-Aug-2019|3E033FZ|25-Aug-2019|||||||||||||||||||||||||||||||||||||||||||0|0||2|1|71046|2.0|2019-08-26T00:00:00|hospital_D|hospital_D_20190825
SYN_BENE_0FDA7B8949E1|SYN_CLM_F62F687CBA68|V|60|25-Aug-2019|26-Aug-2019|30-Aug-2019||3|331131|1|1|1|| |24253.64|0.0| ||33|1972913473| |9999938092| |9999938092|||0|1| |24253.64|25-Aug-2019|3|4|A|10|0.0|4850.79|0|4|4850.79|4850.79|0|0|0|0|0|0|0|0|1|0|0|0|0|||||26-Aug-2019|302.0|0|0|R931|R931|Z951|N|R931|Y|I259|Y|T7432X|N|E785|Y|M179|Y|E669|Y|D649|Y|R7303|Y|Z5989|Y|Z591|Y|Z7689|Y|||||||||||||||||||||||||||W19|X58|Y| | | | | | | | | | | | | | | | | | | | | | |BW03ZZZ|25-Aug-2019|B24DZZ3|25-Aug-2019|B920ZZZ|25-Aug-2019|3E033FZ|25-Aug-2019|||||||||||||||||||||||||||||||||||||||||||0|0||3|1|I3C|2.0|2019-08-26T00:00:00|hospital_D|hospital_D_20190825
SYN_BENE_0FDA7B8949E1|SYN_CLM_F62F687CBA68|V|60|25-Aug-2019|26-Aug-2019|30-Aug-2019||3|331131|1|1|1|| |24253.64|0.0| ||33|1972913473| |9999938092| |9999938092|||0|1| |24253.64|25-Aug-2019|3|4|A|10|0.0|4850.79|0|4|4850.79|4850.79|0|0|0|0|0|0|0|0|1|0|0|0|0|||||26-Aug-2019|302.0|0|0|R931|R931|Z951|N|R931|Y|I259|Y|T7432X|N|E785|Y|M179|Y|E669|Y|D649|Y|R7303|Y|Z5989|Y|Z591|Y|Z7689|Y|||||||||||||||||||||||||||W19|X58|Y| | | | | | | | | | | | | | | | | | | | | | |BW03ZZZ|25-Aug-2019|B24DZZ3|25-Aug-2019|B920ZZZ|25-Aug-2019|3E033FZ|25-Aug-2019|||||||||||||||||||||||||||||||||||||||||||0|0||4|1|G9530|2.0|2019-08-26T00:00:00|hospital_D|hospital_D_20190825
SYN_BENE_0FDA7B8949E1|SYN_CLM_F62F687CBA68|V|60|25-Aug-2019|26-Aug-2019|30-Aug-2019||3|331131|1|1|1|| |24253.64|0.0| ||33|1972913473| |9999938092| |9999938092|||0|1| |24253.64|25-Aug-2019|3|4|A|10|0.0|4850.79|0|4|4850.79|4850.79|0|0|0|0|0|0|0|0|1|0|0|0|0|||||26-Aug-2019|302.0|0|0|R931|R931|Z951|N|R931|Y|I259|Y|T7432X|N|E785|Y|M179|Y|E669|Y|D649|Y|R7303|Y|Z5989|Y|Z591|Y|Z7689|Y|||||||||||||||||||||||||||W19|X58|Y| | | | | | | | | | | | | | | | | | | | | | |BW03ZZZ|25-Aug-2019|B24DZZ3|25-Aug-2019|B920ZZZ|25-Aug-2019|3E033FZ|25-Aug-2019|||||||||||||||||||||||||||||||||||||||||||0|0||5|1|QS|2.0|2019-08-26T00:00:00|hospital_D|hospital_D_20190825
SYN_BENE_0FDA7B8949E1|SYN_CLM_F62F687CBA68|V|60|25-Aug-2019|26-Aug-2019|30-Aug-2019||3|331131|1|1|1|| |24253.64|0.0| ||33|1972913473| |9999938092| |9999938092|||0|1| |24253.64|25-Aug-2019|3|4|A|10|0.0|4850.79|0|4|4850.79|4850.79|0|0|0|0|0|0|0|0|1|0|0|0|0|||||26-Aug-2019|302.0|0|0|R931|R931|Z951|N|R931|Y|I259|Y|T7432X|N|E785|Y|M179|Y|E669|Y|D649|Y|R7303|Y|Z5989|Y|Z591|Y|Z7689|Y|||||||||||||||||||||||||||W19|X58|Y| | | | | | | | | | | | | | | | | | | | | | |BW03ZZZ|25-Aug-2019|B24DZZ3|25-Aug-2019|B920ZZZ|25-Aug-2019|3E033FZ|25-Aug-2019|||||||||||||||||||||||||||||||||||||||||||0|0||6|1|G8939|2.0|2019-08-26T00:00:00|hospital_D|hospital_D_20190825
SYN_BENE_AA76B5AB4D80|SYN_CLM_33A945E7A88E|V|60|25-Aug-2019|26-Aug-2019|30-Aug-2019||3|331131|1|1|1|| |24253.64|0.0| ||33|1972913473| |9999938092| |9999938092|||0|1| |24253.64|25-Aug-2019|3|4|A|10|0.0|4850.79|0|4|4850.79|4850.79|0|0|0|0|0|0|0|0|1|0|0|0|0|||||26-Aug-2019|302.0|0|0|R931|R931|Z951|N|R931|Y|I259|Y|T7432X|N|E785|Y|M179|Y|E669|Y|D649|Y|R7303|Y|Z5989|Y|Z591|Y|Z7689|Y|||||||||||||||||||||||||||W19|X58|Y| | | | | | | | | | | | | | | | | | | | | | |BW03ZZZ|25-Aug-2019|B24DZZ3|25-Aug-2019|B920ZZZ|25-Aug-2019|3E033FZ|25-Aug-2019|||||||||||||||||||||||||||||||||||||||||||0|0||1|1|93229|2.0|2019-08-26T00:00:00|hospital_D|hospital_D_20190825
SYN_BENE_AA76B5AB4D80|SYN_CLM_33A945E7A88E|V|60|25-Aug-2019|26-Aug-2019|30-Aug-2019||3|331131|1|1|1|| |24253.64|0.0| ||33|1972913473| |9999938092| |9999938092|||0|1| |24253.64|25-Aug-2019|3|4|A|10|0.0|4850.79|0|4|4850.79|4850.79|0|0|0|0|0|0|0|0|1|0|0|0|0|||||26-Aug-2019|302.0|0|0|R931|R931|Z951|N|R931|Y|I259|Y|T7432X|N|E785|Y|M179|Y|E669|Y|D649|Y|R7303|Y|Z5989|Y|Z591|Y|Z7689|Y|||||||||||||||||||||||||||W19|X58|Y| | | | | | | | | | | | | | | | | | | | | | |BW03ZZZ|25-Aug-2019|B24DZZ3|25-Aug-2019|B920ZZZ|25-Aug-2019|3E033FZ|25-Aug-2019|||||||||||||||||||||||||||||||||||||||||||0|0||2|1|71046|2.0|2019-08-26T00:00:00|hospital_D|hospital_D_20190825
SYN_BENE_AA76B5AB4D80|SYN_CLM_33A945E7A88E|V|60|25-Aug-2019|26-Aug-2019|30-Aug-2019||3|331131|1|1|1|| |24253.64|0.0| ||33|1972913473| |9999938092| |9999938092|||0|1| |24253.64|25-Aug-2019|3|4|A|10|0.0|4850.79|0|4|4850.79|4850.79|0|0|0|0|0|0|0|0|1|0|0|0|0|||||26-Aug-2019|302.0|0|0|R931|R931|Z951|N|R931|Y|I259|Y|T7432X|N|E785|Y|M179|Y|E669|Y|D649|Y|R7303|Y|Z5989|Y|Z591|Y|Z7689|Y|||||||||||||||||||||||||||W19|X58|Y| | | | | | | | | | | | | | | | | | | | | | |BW03ZZZ|25-Aug-2019|B24DZZ3|25-Aug-2019|B920ZZZ|25-Aug-2019|3E033FZ|25-Aug-2019|||||||||||||||||||||||||||||||||||||||||||0|0||3|1|I3C|2.0|2019-08-26T00:00:00|hospital_D|hospital_D_20190825
SYN_BENE_AA76B5AB4D80|SYN_CLM_33A945E7A88E|V|60|25-Aug-2019|26-Aug-2019|30-Aug-2019||3|331131|1|1|1|| |24253.64|0.0| ||33|1972913473| |9999938092| |9999938092|||0|1| |24253.64|25-Aug-2019|3|4|A|10|0.0|4850.79|0|4|4850.79|4850.79|0|0|0|0|0|0|0|0|1|0|0|0|0|||||26-Aug-2019|302.0|0|0|R931|R931|Z951|N|R931|Y|I259|Y|T7432X|N|E785|Y|M179|Y|E669|Y|D649|Y|R7303|Y|Z5989|Y|Z591|Y|Z7689|Y|||||||||||||||||||||||||||W19|X58|Y| | | | | | | | | | | | | | | | | | | | | | |BW03ZZZ|25-Aug-2019|B24DZZ3|25-Aug-2019|B920ZZZ|25-Aug-2019|3E033FZ|25-Aug-2019|||||||||||||||||||||||||||||||||||||||||||0|0||4|1|G9530|2.0|2019-08-26T00:00:00|hospital_D|hospital_D_20190825
SYN_BENE_AA76B5AB4D80|SYN_CLM_33A945E7A88E|V|60|25-Aug-2019|26-Aug-2019|30-Aug-2019||3|331131|1|1|1|| |24253.64|0.0| ||33|1972913473| |9999938092| |9999938092|||0|1| |24253.64|25-Aug-2019|3|4|A|10|0.0|4850.79|0|4|4850.79|4850.79|0|0|0|0|0|0|0|0|1|0|0|0|0|||||26-Aug-2019|302.0|0|0|R931|R931|Z951|N|R931|Y|I259|Y|T7432X|N|E785|Y|M179|Y|E669|Y|D649|Y|R7303|Y|Z5989|Y|Z591|Y|Z7689|Y|||||||||||||||||||||||||||W19|X58|Y| | | | | | | | | | | | | | | | | | | | | | |BW03ZZZ|25-Aug-2019|B24DZZ3|25-Aug-2019|B920ZZZ|25-Aug-2019|3E033FZ|25-Aug-2019|||||||||||||||||||||||||||||||||||||||||||0|0||5|1|QS|2.0|2019-08-26T00:00:00|hospital_D|hospital_D_20190825
SYN_BENE_AA76B5AB4D80|SYN_CLM_33A945E7A88E|V|60|25-Aug-2019|26-Aug-2019|30-Aug-2019||3|331131|1|1|1|| |24253.64|0.0| ||33|1972913473| |9999938092| |9999938092|||0|1| |24253.64|25-Aug-2019|3|4|A|10|0.0|4850.79|0|4|4850.79|4850.79|0|0|0|0|0|0|0|0|1|0|0|0|0|||||26-Aug-2019|302.0|0|0|R931|R931|Z951|N|R931|Y|I259|Y|T7432X|N|E785|Y|M179|Y|E669|Y|D649|Y|R7303|Y|Z5989|Y|Z591|Y|Z7689|Y|||||||||||||||||||||||||||W19|X58|Y| | | | | | | | | | | | | | | | | | | | | | |BW03ZZZ|25-Aug-2019|B24DZZ3|25-Aug-2019|B920ZZZ|25-Aug-2019|3E033FZ|25-Aug-2019|||||||||||||||||||||||||||||||||||||||||||0|0||6|1|G8939|2.0|2019-08-26T00:00:00|hospital_D|hospital_D_20190825
SYN_BENE_8330F068C7B1|SYN_CLM_293FD8B482B7|V|60|25-Aug-2019|26-Aug-2019|30-Aug-2019||3|331131|1|1|1|| |24253.64|0.0| ||33|1972913473| |9999938092| |9999938092|||0|1| |24253.64|25-Aug-2019|3|4|A|10|0.0|4850.79|0|4|4850.79|4850.79|0|0|0|0|0|0|0|0|1|0|0|0|0|||||26-Aug-2019|302.0|0|0|R931|R931|Z951|N|R931|Y|I259|Y|T7432X|N|E785|Y|M179|Y|E669|Y|D649|Y|R7303|Y|Z5989|Y|Z591|Y|Z7689|Y|||||||||||||||||||||||||||W19|X58|Y| | | | | | | | | | | | | | | | | | | | | | |BW03ZZZ|25-Aug-2019|B24DZZ3|25-Aug-2019|B920ZZZ|25-Aug-2019|3E033FZ|25-Aug-2019|||||||||||||||||||||||||||||||||||||||||||0|0||1|1|93229|2.0|2019-08-26T00:00:00|hospital_D|hospital_D_20190825
SYN_BENE_8330F068C7B1|SYN_CLM_293FD8B482B7|V|60|25-Aug-2019|26-Aug-2019|30-Aug-2019||3|331131|1|1|1|| |24253.64|0.0| ||33|1972913473| |9999938092| |9999938092|||0|1| |24253.64|25-Aug-2019|3|4|A|10|0.0|4850.79|0|4|4850.79|4850.79|0|0|0|0|0|0|0|0|1|0|0|0|0|||||26-Aug-2019|302.0|0|0|R931|R931|Z951|N|R931|Y|I259|Y|T7432X|N|E785|Y|M179|Y|E669|Y|D649|Y|R7303|Y|Z5989|Y|Z591|Y|Z7689|Y|||||||||||||||||||||||||||W19|X58|Y| | | | | | | | | | | | | | | | | | | | | | |BW03ZZZ|25-Aug-2019|B24DZZ3|25-Aug-2019|B920ZZZ|25-Aug-2019|3E033FZ|25-Aug-2019|||||||||||||||||||||||||||||||||||||||||||0|0||2|1|71046|2.0|2019-08-26T00:00:00|hospital_D|hospital_D_20190825
SYN_BENE_8330F068C7B1|SYN_CLM_293FD8B482B7|V|60|25-Aug-2019|26-Aug-2019|30-Aug-2019||3|331131|1|1|1|| |24253.64|0.0| ||33|1972913473| |9999938092| |9999938092|||0|1| |24253.64|25-Aug-2019|3|4|A|10|0.0|4850.79|0|4|4850.79|4850.79|0|0|0|0|0|0|0|0|1|0|0|0|0|||||26-Aug-2019|302.0|0|0|R931|R931|Z951|N|R931|Y|I259|Y|T7432X|N|E785|Y|M179|Y|E669|Y|D649|Y|R7303|Y|Z5989|Y|Z591|Y|Z7689|Y|||||||||||||||||||||||||||W19|X58|Y| | | | | | | | | | | | | | | | | | | | | | |BW03ZZZ|25-Aug-2019|B24DZZ3|25-Aug-2019|B920ZZZ|25-Aug-2019|3E033FZ|25-Aug-2019|||||||||||||||||||||||||||||||||||||||||||0|0||3|1|I3C|2.0|2019-08-26T00:00:00|hospital_D|hospital_D_20190825
SYN_BENE_8330F068C7B1|SYN_CLM_293FD8B482B7|V|60|25-Aug-2019|26-Aug-2019|30-Aug-2019||3|331131|1|1|1|| |24253.64|0.0| ||33|1972913473| |9999938092| |9999938092|||0|1| |24253.64|25-Aug-2019|3|4|A|10|0.0|4850.79|0|4|4850.79|4850.79|0|0|0|0|0|0|0|0|1|0|0|0|0|||||26-Aug-2019|302.0|0|0|R931|R931|Z951|N|R931|Y|I259|Y|T7432X|N|E785|Y|M179|Y|E669|Y|D649|Y|R7303|Y|Z5989|Y|Z591|Y|Z7689|Y|||||||||||||||||||||||||||W19|X58|Y| | | | | | | | | | | | | | | | | | | | | | |BW03ZZZ|25-Aug-2019|B24DZZ3|25-Aug-2019|B920ZZZ|25-Aug-2019|3E033FZ|25-Aug-2019|||||||||||||||||||||||||||||||||||||||||||0|0||4|1|G9530|2.0|2019-08-26T00:00:00|hospital_D|hospital_D_20190825
SYN_BENE_8330F068C7B1|SYN_CLM_293FD8B482B7|V|60|25-Aug-2019|26-Aug-2019|30-Aug-2019||3|331131|1|1|1|| |24253.64|0.0| ||33|1972913473| |9999938092| |9999938092|||0|1| |24253.64|25-Aug-2019|3|4|A|10|0.0|4850.79|0|4|4850.79|4850.79|0|0|0|0|0|0|0|0|1|0|0|0|0|||||26-Aug-2019|302.0|0|0|R931|R931|Z951|N|R931|Y|I259|Y|T7432X|N|E785|Y|M179|Y|E669|Y|D649|Y|R7303|Y|Z5989|Y|Z591|Y|Z7689|Y|||||||||||||||||||||||||||W19|X58|Y| | | | | | | | | | | | | | | | | | | | | | |BW03ZZZ|25-Aug-2019|B24DZZ3|25-Aug-2019|B920ZZZ|25-Aug-2019|3E033FZ|25-Aug-2019|||||||||||||||||||||||||||||||||||||||||||0|0||5|1|QS|2.0|2019-08-26T00:00:00|hospital_D|hospital_D_20190825
SYN_BENE_8330F068C7B1|SYN_CLM_293FD8B482B7|V|60|25-Aug-2019|26-Aug-2019|30-Aug-2019||3|331131|1|1|1|| |24253.64|0.0| ||33|1972913473| |9999938092| |9999938092|||0|1| |24253.64|25-Aug-2019|3|4|A|10|0.0|4850.79|0|4|4850.79|4850.79|0|0|0|0|0|0|0|0|1|0|0|0|0|||||26-Aug-2019|302.0|0|0|R931|R931|Z951|N|R931|Y|I259|Y|T7432X|N|E785|Y|M179|Y|E669|Y|D649|Y|R7303|Y|Z5989|Y|Z591|Y|Z7689|Y|||||||||||||||||||||||||||W19|X58|Y| | | | | | | | | | | | | | | | | | | | | | |BW03ZZZ|25-Aug-2019|B24DZZ3|25-Aug-2019|B920ZZZ|25-Aug-2019|3E033FZ|25-Aug-2019|||||||||||||||||||||||||||||||||||||||||||0|0||6|1|G8939|2.0|2019-08-26T00:00:00|hospital_D|hospital_D_20190825
SYN_BENE_8D91BD07F3C8|SYN_CLM_6DCE808A628D|V|60|25-Aug-2019|26-Aug-2019|30-Aug-2019||3|331131|1|1|1|| |17660.25|0.0| ||33|1972913473| |9999938092| |9999938092|||0|1| |17660.25|25-Aug-2019|3|1|A|10|0.0|3532.09|0|4|3532.09|3532.09|0|0|0|0|0|0|0|0|1|0|0|0|0|||||26-Aug-2019|951.0|0|0|Z951|Z951|Z951|N|R931|Y|I259|Y|Z604|N|E785|Y|M179|Y|E669|Y|D649|Y|R7303|Y|Z5989|Y|Z591|Y|Z7689|Y|||||||||||||||||||||||||||X58|X58|U| | | | | | | | | | | | | | | | | | | | | | |0BP17DZ|25-Aug-2019|BW03ZZZ|25-Aug-2019|||||||||||||||||||||||||||||||||||||||||||||||0|0||1|1|93229|2.0|2019-08-26T00:00:00|hospital_D|hospital_D_20190825
SYN_BENE_8D91BD07F3C8|SYN_CLM_6DCE808A628D|V|60|25-Aug-2019|26-Aug-2019|30-Aug-2019||3|331131|1|1|1|| |17660.25|0.0| ||33|1972913473| |9999938092| |9999938092|||0|1| |17660.25|25-Aug-2019|3|1|A|10|0.0|3532.09|0|4|3532.09|3532.09|0|0|0|0|0|0|0|0|1|0|0|0|0|||||26-Aug-2019|951.0|0|0|Z951|Z951|Z951|N|R931|Y|I259|Y|Z604|N|E785|Y|M179|Y|E669|Y|D649|Y|R7303|Y|Z5989|Y|Z591|Y|Z7689|Y|||||||||||||||||||||||||||X58|X58|U| | | | | | | | | | | | | | | | | | | | | | |0BP17DZ|25-Aug-2019|BW03ZZZ|25-Aug-2019|||||||||||||||||||||||||||||||||||||||||||||||0|0||2|1|71046|2.0|2019-08-26T00:00:00|hospital_D|hospital_D_20190825
SYN_BENE_0C7364AD9F3D|SYN_CLM_BBDB173D3141|V|60|25-Aug-2019|26-Aug-2019|30-Aug-2019||3|331131|1|1|1|| |24253.64|0.0| ||33|1972913473| |9999938092| |9999938092|||0|1| |24253.64|25-Aug-2019|3|4|A|10|0.0|4850.79|0|4|4850.79|4850.79|0|0|0|0|0|0|0|0|1|0|0|0|0|||||26-Aug-2019|302.0|0|0|R931|R931|Z951|N|R931|Y|I259|Y|T7432X|N|E785|Y|M179|Y|E669|Y|D649|Y|R7303|Y|Z5989|Y|Z591|Y|Z7689|Y|||||||||||||||||||||||||||W19|X58|Y| | | | | | | | | | | | | | | | | | | | | | |BW03ZZZ|25-Aug-2019|B24DZZ3|25-Aug-2019|B920ZZZ|25-Aug-2019|3E033FZ|25-Aug-2019|||||||||||||||||||||||||||||||||||||||||||0|0||1|1|93229|2.0|2019-08-26T00:00:00|hospital_D|hospital_D_20190825
SYN_BENE_0C7364AD9F3D|SYN_CLM_BBDB173D3141|V|60|25-Aug-2019|26-Aug-2019|30-Aug-2019||3|331131|1|1|1|| |24253.64|0.0| ||33|1972913473| |9999938092| |9999938092|||0|1| |24253.64|25-Aug-2019|3|4|A|10|0.0|4850.79|0|4|4850.79|4850.79|0|0|0|0|0|0|0|0|1|0|0|0|0|||||26-Aug-2019|302.0|0|0|R931|R931|Z951|N|R931|Y|I259|Y|T7432X|N|E785|Y|M179|Y|E669|Y|D649|Y|R7303|Y|Z5989|Y|Z591|Y|Z7689|Y|||||||||||||||||||||||||||W19|X58|Y| | | | | | | | | | | | | | | | | | | | | | |BW03ZZZ|25-Aug-2019|B24DZZ3|25-Aug-2019|B920ZZZ|25-Aug-2019|3E033FZ|25-Aug-2019|||||||||||||||||||||||||||||||||||||||||||0|0||2|1|71046|2.0|2019-08-26T00:00:00|hospital_D|hospital_D_20190825
SYN_BENE_0C7364AD9F3D|SYN_CLM_BBDB173D3141|V|60|25-Aug-2019|26-Aug-2019|30-Aug-2019||3|331131|1|1|1|| |24253.64|0.0| ||33|1972913473| |9999938092| |9999938092|||0|1| |24253.64|25-Aug-2019|3|4|A|10|0.0|4850.79|0|4|4850.79|4850.79|0|0|0|0|0|0|0|0|1|0|0|0|0|||||26-Aug-2019|302.0|0|0|R931|R931|Z951|N|R931|Y|I259|Y|T7432X|N|E785|Y|M179|Y|E669|Y|D649|Y|R7303|Y|Z5989|Y|Z591|Y|Z7689|Y|||||||||||||||||||||||||||W19|X58|Y| | | | | | | | | | | | | | | | | | | | | | |BW03ZZZ|25-Aug-2019|B24DZZ3|25-Aug-2019|B920ZZZ|25-Aug-2019|3E033FZ|25-Aug-2019|||||||||||||||||||||||||||||||||||||||||||0|0||3|1|I3C|2.0|2019-08-26T00:00:00|hospital_D|hospital_D_20190825
SYN_BENE_0C7364AD9F3D|SYN_CLM_BBDB173D3141|V|60|25-Aug-2019|26-Aug-2019|30-Aug-2019||3|331131|1|1|1|| |24253.64|0.0| ||33|1972913473| |9999938092| |9999938092|||0|1| |24253.64|25-Aug-2019|3|4|A|10|0.0|4850.79|0|4|4850.79|4850.79|0|0|0|0|0|0|0|0|1|0|0|0|0|||||26-Aug-2019|302.0|0|0|R931|R931|Z951|N|R931|Y|I259|Y|T7432X|N|E785|Y|M179|Y|E669|Y|D649|Y|R7303|Y|Z5989|Y|Z591|Y|Z7689|Y|||||||||||||||||||||||||||W19|X58|Y| | | | | | | | | | | | | | | | | | | | | | |BW03ZZZ|25-Aug-2019|B24DZZ3|25-Aug-2019|B920ZZZ|25-Aug-2019|3E033FZ|25-Aug-2019|||||||||||||||||||||||||||||||||||||||||||0|0||4|1|G9530|2.0|2019-08-26T00:00:00|hospital_D|hospital_D_20190825
SYN_BENE_0C7364AD9F3D|SYN_CLM_BBDB173D3141|V|60|25-Aug-2019|26-Aug-2019|30-Aug-2019||3|331131|1|1|1|| |24253.64|0.0| ||33|1972913473| |9999938092| |9999938092|||0|1| |24253.64|25-Aug-2019|3|4|A|10|0.0|4850.79|0|4|4850.79|4850.79|0|0|0|0|0|0|0|0|1|0|0|0|0|||||26-Aug-2019|302.0|0|0|R931|R931|Z951|N|R931|Y|I259|Y|T7432X|N|E785|Y|M179|Y|E669|Y|D649|Y|R7303|Y|Z5989|Y|Z591|Y|Z7689|Y|||||||||||||||||||||||||||W19|X58|Y| | | | | | | | | | | | | | | | | | | | | | |BW03ZZZ|25-Aug-2019|B24DZZ3|25-Aug-2019|B920ZZZ|25-Aug-2019|3E033FZ|25-Aug-2019|||||||||||||||||||||||||||||||||||||||||||0|0||5|1|QS|2.0|2019-08-26T00:00:00|hospital_D|hospital_D_20190825
SYN_BENE_0C7364AD9F3D|SYN_CLM_BBDB173D3141|V|60|25-Aug-2019|26-Aug-2019|30-Aug-2019||3|331131|1|1|1|| |24253.64|0.0| ||33|1972913473| |9999938092| |9999938092|||0|1| |24253.64|25-Aug-2019|3|4|A|10|0.0|4850.79|0|4|4850.79|4850.79|0|0|0|0|0|0|0|0|1|0|0|0|0|||||26-Aug-2019|302.0|0|0|R931|R931|Z951|N|R931|Y|I259|Y|T7432X|N|E785|Y|M179|Y|E669|Y|D649|Y|R7303|Y|Z5989|Y|Z591|Y|Z7689|Y|||||||||||||||||||||||||||W19|X58|Y| | | | | | | | | | | | | | | | | | | | | | |BW03ZZZ|25-Aug-2019|B24DZZ3|25-Aug-2019|B920ZZZ|25-Aug-2019|3E033FZ|25-Aug-2019|||||||||||||||||||||||||||||||||||||||||||0|0||6|1|G8939|2.0|2019-08-26T00:00:00|hospital_D|hospital_D_20190825
SYN_BENE_A63A7E18289B|SYN_CLM_CBE5574BD372|V|60|25-Aug-2019|26-Aug-2019|30-Aug-2019||3|331131|1|1|1|| |24253.64|0.0| ||33|1972913473| |9999938092| |9999938092|||0|1| |24253.64|25-Aug-2019|3|4|A|10|0.0|4850.79|0|4|4850.79|4850.79|0|0|0|0|0|0|0|0|1|0|0|0|0|||||26-Aug-2019|302.0|0|0|R931|R931|Z951|N|R931|Y|I259|Y|T7432X|N|E785|Y|M179|Y|E669|Y|D649|Y|R7303|Y|Z5989|Y|Z591|Y|Z7689|Y|||||||||||||||||||||||||||W19|X58|Y| | | | | | | | | | | | | | | | | | | | | | |BW03ZZZ|25-Aug-2019|B24DZZ3|25-Aug-2019|B920ZZZ|25-Aug-2019|3E033FZ|25-Aug-2019|||||||||||||||||||||||||||||||||||||||||||0|0||1|1|93229|2.0|2019-08-26T00:00:00|hospital_D|hospital_D_20190825
SYN_BENE_A63A7E18289B|SYN_CLM_CBE5574BD372|V|60|25-Aug-2019|26-Aug-2019|30-Aug-2019||3|331131|1|1|1|| |24253.64|0.0| ||33|1972913473| |9999938092| |9999938092|||0|1| |24253.64|25-Aug-2019|3|4|A|10|0.0|4850.79|0|4|4850.79|4850.79|0|0|0|0|0|0|0|0|1|0|0|0|0|||||26-Aug-2019|302.0|0|0|R931|R931|Z951|N|R931|Y|I259|Y|T7432X|N|E785|Y|M179|Y|E669|Y|D649|Y|R7303|Y|Z5989|Y|Z591|Y|Z7689|Y|||||||||||||||||||||||||||W19|X58|Y| | | | | | | | | | | | | | | | | | | | | | |BW03ZZZ|25-Aug-2019|B24DZZ3|25-Aug-2019|B920ZZZ|25-Aug-2019|3E033FZ|25-Aug-2019|||||||||||||||||||||||||||||||||||||||||||0|0||2|1|71046|2.0|2019-08-26T00:00:00|hospital_D|hospital_D_20190825
SYN_BENE_A63A7E18289B|SYN_CLM_CBE5574BD372|V|60|25-Aug-2019|26-Aug-2019|30-Aug-2019||3|331131|1|1|1|| |24253.64|0.0| ||33|1972913473| |9999938092| |9999938092|||0|1| |24253.64|25-Aug-2019|3|4|A|10|0.0|4850.79|0|4|4850.79|4850.79|0|0|0|0|0|0|0|0|1|0|0|0|0|||||26-Aug-2019|302.0|0|0|R931|R931|Z951|N|R931|Y|I259|Y|T7432X|N|E785|Y|M179|Y|E669|Y|D649|Y|R7303|Y|Z5989|Y|Z591|Y|Z7689|Y|||||||||||||||||||||||||||W19|X58|Y| | | | | | | | | | | | | | | | | | | | | | |BW03ZZZ|25-Aug-2019|B24DZZ3|25-Aug-2019|B920ZZZ|25-Aug-2019|3E033FZ|25-Aug-2019|||||||||||||||||||||||||||||||||||||||||||0|0||3|1|I3C|2.0|2019-08-26T00:00:00|hospital_D|hospital_D_20190825
SYN_BENE_A63A7E18289B|SYN_CLM_CBE5574BD372|V|60|25-Aug-2019|26-Aug-2019|30-Aug-2019||3|331131|1|1|1|| |24253.64|0.0| ||33|1972913473| |9999938092| |9999938092|||0|1| |24253.64|25-Aug-2019|3|4|A|10|0.0|4850.79|0|4|4850.79|4850.79|0|0|0|0|0|0|0|0|1|0|0|0|0|||||26-Aug-2019|302.0|0|0|R931|R931|Z951|N|R931|Y|I259|Y|T7432X|N|E785|Y|M179|Y|E669|Y|D649|Y|R7303|Y|Z5989|Y|Z591|Y|Z7689|Y|||||||||||||||||||||||||||W19|X58|Y| | | | | | | | | | | | | | | | | | | | | | |BW03ZZZ|25-Aug-2019|B24DZZ3|25-Aug-2019|B920ZZZ|25-Aug-2019|3E033FZ|25-Aug-2019|||||||||||||||||||||||||||||||||||||||||||0|0||4|1|G9530|2.0|2019-08-26T00:00:00|hospital_D|hospital_D_20190825
SYN_BENE_A63A7E18289B|SYN_CLM_CBE5574BD372|V|60|25-Aug-2019|26-Aug-2019|30-Aug-2019||3|331131|1|1|1|| |24253.64|0.0| ||33|1972913473| |9999938092| |9999938092|||0|1| |24253.64|25-Aug-2019|3|4|A|10|0.0|4850.79|0|4|4850.79|4850.79|0|0|0|0|0|0|0|0|1|0|0|0|0|||||26-Aug-2019|302.0|0|0|R931|R931|Z951|N|R931|Y|I259|Y|T7432X|N|E785|Y|M179|Y|E669|Y|D649|Y|R7303|Y|Z5989|Y|Z591|Y|Z7689|Y|||||||||||||||||||||||||||W19|X58|Y| | | | | | | | | | | | | | | | | | | | | | |BW03ZZZ|25-Aug-2019|B24DZZ3|25-Aug-2019|B920ZZZ|25-Aug-2019|3E033FZ|25-Aug-2019|||||||||||||||||||||||||||||||||||||||||||0|0||5|1|QS|2.0|2019-08-26T00:00:00|hospital_D|hospital_D_20190825
SYN_BENE_A63A7E18289B|SYN_CLM_CBE5574BD372|V|60|25-Aug-2019|26-Aug-2019|30-Aug-2019||3|331131|1|1|1|| |24253.64|0.0| ||33|1972913473| |9999938092| |9999938092|||0|1| |24253.64|25-Aug-2019|3|4|A|10|0.0|4850.79|0|4|4850.79|4850.79|0|0|0|0|0|0|0|0|1|0|0|0|0|||||26-Aug-2019|302.0|0|0|R931|R931|Z951|N|R931|Y|I259|Y|T7432X|N|E785|Y|M179|Y|E669|Y|D649|Y|R7303|Y|Z5989|Y|Z591|Y|Z7689|Y|||||||||||||||||||||||||||W19|X58|Y| | | | | | | | | | | | | | | | | | | | | | |BW03ZZZ|25-Aug-2019|B24DZZ3|25-Aug-2019|B920ZZZ|25-Aug-2019|3E033FZ|25-Aug-2019|||||||||||||||||||||||||||||||||||||||||||0|0||6|1|G8939|2.0|2019-08-26T00:00:00|hospital_D|hospital_D_20190825
SYN_BENE_F347B9F2057C|SYN_CLM_4E9EE4224967|V|60|25-Aug-2019|26-Aug-2019|30-Aug-2019||3|331131|1|1|1|| |17660.25|0.0| ||33|1972913473| |9999938092| |9999938092|||0|1| |17660.25|25-Aug-2019|3|1|A|10|0.0|3532.09|0|4|3532.09|3532.09|0|0|0|0|0|0|0|0|1|0|0|0|0|||||26-Aug-2019|951.0|0|0|Z951|Z951|Z951|N|R931|Y|I259|Y|Z604|N|E785|Y|M179|Y|E669|Y|D649|Y|R7303|Y|Z5989|Y|Z591|Y|Z7689|Y|||||||||||||||||||||||||||X58|X58|U| | | | | | | | | | | | | | | | | | | | | | |0BP17DZ|25-Aug-2019|BW03ZZZ|25-Aug-2019|||||||||||||||||||||||||||||||||||||||||||||||0|0||1|1|93229|2.0|2019-08-26T00:00:00|hospital_D|hospital_D_20190825
SYN_BENE_F347B9F2057C|SYN_CLM_4E9EE4224967|V|60|25-Aug-2019|26-Aug-2019|30-Aug-2019||3|331131|1|1|1|| |17660.25|0.0| ||33|1972913473| |9999938092| |9999938092|||0|1| |17660.25|25-Aug-2019|3|1|A|10|0.0|3532.09|0|4|3532.09|3532.09|0|0|0|0|0|0|0|0|1|0|0|0|0|||||26-Aug-2019|951.0|0|0|Z951|Z951|Z951|N|R931|Y|I259|Y|Z604|N|E785|Y|M179|Y|E669|Y|D649|Y|R7303|Y|Z5989|Y|Z591|Y|Z7689|Y|||||||||||||||||||||||||||X58|X58|U| | | | | | | | | | | | | | | | | | | | | | |0BP17DZ|25-Aug-2019|BW03ZZZ|25-Aug-2019|||||||||||||||||||||||||||||||||||||||||||||||0|0||2|1|71046|2.0|2019-08-26T00:00:00|hospital_D|hospital_D_20190825
SYN_BENE_9217978B5C48|SYN_CLM_93A4C9215D61|V|60|25-Aug-2019|26-Aug-2019|30-Aug-2019||3|331131|1|1|1|| |24253.64|0.0| ||33|1972913473| |9999938092| |9999938092|||0|1| |24253.64|25-Aug-2019|3|4|A|10|0.0|4850.79|0|4|4850.79|4850.79|0|0|0|0|0|0|0|0|1|0|0|0|0|||||26-Aug-2019|302.0|0|0|R931|R931|Z951|N|R931|Y|I259|Y|T7432X|N|E785|Y|M179|Y|E669|Y|D649|Y|R7303|Y|Z5989|Y|Z591|Y|Z7689|Y|||||||||||||||||||||||||||W19|X58|Y| | | | | | | | | | | | | | | | | | | | | | |BW03ZZZ|25-Aug-2019|B24DZZ3|25-Aug-2019|B920ZZZ|25-Aug-2019|3E033FZ|25-Aug-2019|||||||||||||||||||||||||||||||||||||||||||0|0||1|1|93229|2.0|2019-08-26T00:00:00|hospital_D|hospital_D_20190825
SYN_BENE_9217978B5C48|SYN_CLM_93A4C9215D61|V|60|25-Aug-2019|26-Aug-2019|30-Aug-2019||3|331131|1|1|1|| |24253.64|0.0| ||33|1972913473| |9999938092| |9999938092|||0|1| |24253.64|25-Aug-2019|3|4|A|10|0.0|4850.79|0|4|4850.79|4850.79|0|0|0|0|0|0|0|0|1|0|0|0|0|||||26-Aug-2019|302.0|0|0|R931|R931|Z951|N|R931|Y|I259|Y|T7432X|N|E785|Y|M179|Y|E669|Y|D649|Y|R7303|Y|Z5989|Y|Z591|Y|Z7689|Y|||||||||||||||||||||||||||W19|X58|Y| | | | | | | | | | | | | | | | | | | | | | |BW03ZZZ|25-Aug-2019|B24DZZ3|25-Aug-2019|B920ZZZ|25-Aug-2019|3E033FZ|25-Aug-2019|||||||||||||||||||||||||||||||||||||||||||0|0||2|1|71046|2.0|2019-08-26T00:00:00|hospital_D|hospital_D_20190825
SYN_BENE_9217978B5C48|SYN_CLM_93A4C9215D61|V|60|25-Aug-2019|26-Aug-2019|30-Aug-2019||3|331131|1|1|1|| |24253.64|0.0| ||33|1972913473| |9999938092| |9999938092|||0|1| |24253.64|25-Aug-2019|3|4|A|10|0.0|4850.79|0|4|4850.79|4850.79|0|0|0|0|0|0|0|0|1|0|0|0|0|||||26-Aug-2019|302.0|0|0|R931|R931|Z951|N|R931|Y|I259|Y|T7432X|N|E785|Y|M179|Y|E669|Y|D649|Y|R7303|Y|Z5989|Y|Z591|Y|Z7689|Y|||||||||||||||||||||||||||W19|X58|Y| | | | | | | | | | | | | | | | | | | | | | |BW03ZZZ|25-Aug-2019|B24DZZ3|25-Aug-2019|B920ZZZ|25-Aug-2019|3E033FZ|25-Aug-2019|||||||||||||||||||||||||||||||||||||||||||0|0||3|1|I3C|2.0|2019-08-26T00:00:00|hospital_D|hospital_D_20190825
SYN_BENE_9217978B5C48|SYN_CLM_93A4C9215D61|V|60|25-Aug-2019|26-Aug-2019|30-Aug-2019||3|331131|1|1|1|| |24253.64|0.0| ||33|1972913473| |9999938092| |9999938092|||0|1| |24253.64|25-Aug-2019|3|4|A|10|0.0|4850.79|0|4|4850.79|4850.79|0|0|0|0|0|0|0|0|1|0|0|0|0|||||26-Aug-2019|302.0|0|0|R931|R931|Z951|N|R931|Y|I259|Y|T7432X|N|E785|Y|M179|Y|E669|Y|D649|Y|R7303|Y|Z5989|Y|Z591|Y|Z7689|Y|||||||||||||||||||||||||||W19|X58|Y| | | | | | | | | | | | | | | | | | | | | | |BW03ZZZ|25-Aug-2019|B24DZZ3|25-Aug-2019|B920ZZZ|25-Aug-2019|3E033FZ|25-Aug-2019|||||||||||||||||||||||||||||||||||||||||||0|0||4|1|G9530|2.0|2019-08-26T00:00:00|hospital_D|hospital_D_20190825
SYN_BENE_9217978B5C48|SYN_CLM_93A4C9215D61|V|60|25-Aug-2019|26-Aug-2019|30-Aug-2019||3|331131|1|1|1|| |24253.64|0.0| ||33|1972913473| |9999938092| |9999938092|||0|1| |24253.64|25-Aug-2019|3|4|A|10|0.0|4850.79|0|4|4850.79|4850.79|0|0|0|0|0|0|0|0|1|0|0|0|0|||||26-Aug-2019|302.0|0|0|R931|R931|Z951|N|R931|Y|I259|Y|T7432X|N|E785|Y|M179|Y|E669|Y|D649|Y|R7303|Y|Z5989|Y|Z591|Y|Z7689|Y|||||||||||||||||||||||||||W19|X58|Y| | | | | | | | | | | | | | | | | | | | | | |BW03ZZZ|25-Aug-2019|B24DZZ3|25-Aug-2019|B920ZZZ|25-Aug-2019|3E033FZ|25-Aug-2019|||||||||||||||||||||||||||||||||||||||||||0|0||5|1|QS|2.0|2019-08-26T00:00:00|hospital_D|hospital_D_20190825
SYN_BENE_9217978B5C48|SYN_CLM_93A4C9215D61|V|60|25-Aug-2019|26-Aug-2019|30-Aug-2019||3|331131|1|1|1|| |24253.64|0.0| ||33|1972913473| |9999938092| |9999938092|||0|1| |24253.64|25-Aug-2019|3|4|A|10|0.0|4850.79|0|4|4850.79|4850.79|0|0|0|0|0|0|0|0|1|0|0|0|0|||||26-Aug-2019|302.0|0|0|R931|R931|Z951|N|R931|Y|I259|Y|T7432X|N|E785|Y|M179|Y|E669|Y|D649|Y|R7303|Y|Z5989|Y|Z591|Y|Z7689|Y|||||||||||||||||||||||||||W19|X58|Y| | | | | | | | | | | | | | | | | | | | | | |BW03ZZZ|25-Aug-2019|B24DZZ3|25-Aug-2019|B920ZZZ|25-Aug-2019|3E033FZ|25-Aug-2019|||||||||||||||||||||||||||||||||||||||||||0|0||6|1|G8939|2.0|2019-08-26T00:00:00|hospital_D|hospital_D_20190825
SYN_BENE_A60B935F48CA|SYN_CLM_B1BA7ED54AC2|V|60|25-Aug-2019|26-Aug-2019|30-Aug-2019||3|331131|1|1|1|| |17660.25|0.0| ||33|1972913473| |9999938092| |9999938092|||0|1| |17660.25|25-Aug-2019|3|1|A|10|0.0|3532.09|0|4|3532.09|3532.09|0|0|0|0|0|0|0|0|1|0|0|0|0|||||26-Aug-2019|951.0|0|0|Z951|Z951|Z951|N|R931|Y|I259|Y|Z604|N|E785|Y|M179|Y|E669|Y|D649|Y|R7303|Y|Z5989|Y|Z591|Y|Z7689|Y|||||||||||||||||||||||||||X58|X58|U| | | | | | | | | | | | | | | | | | | | | | |0BP17DZ|25-Aug-2019|BW03ZZZ|25-Aug-2019|||||||||||||||||||||||||||||||||||||||||||||||0|0||1|1|93229|2.0|2019-08-26T00:00:00|hospital_D|hospital_D_20190825
SYN_BENE_A60B935F48CA|SYN_CLM_B1BA7ED54AC2|V|60|25-Aug-2019|26-Aug-2019|30-Aug-2019||3|331131|1|1|1|| |17660.25|0.0| ||33|1972913473| |9999938092| |9999938092|||0|1| |17660.25|25-Aug-2019|3|1|A|10|0.0|3532.09|0|4|3532.09|3532.09|0|0|0|0|0|0|0|0|1|0|0|0|0|||||26-Aug-2019|951.0|0|0|Z951|Z951|Z951|N|R931|Y|I259|Y|Z604|N|E785|Y|M179|Y|E669|Y|D649|Y|R7303|Y|Z5989|Y|Z591|Y|Z7689|Y|||||||||||||||||||||||||||X58|X58|U| | | | | | | | | | | | | | | | | | | | | | |0BP17DZ|25-Aug-2019|BW03ZZZ|25-Aug-2019|||||||||||||||||||||||||||||||||||||||||||||||0|0||2|1|71046|2.0|2019-08-26T00:00:00|hospital_D|hospital_D_20190825
SYN_BENE_8D786A8D305F|SYN_CLM_D7C7135B2D56|V|60|25-Aug-2019|26-Aug-2019|30-Aug-2019||3|331131|1|1|1|| |17660.25|0.0| ||33|1972913473| |9999938092| |9999938092|||0|1| |17660.25|25-Aug-2019|3|1|A|10|0.0|3532.09|0|4|3532.09|3532.09|0|0|0|0|0|0|0|0|1|0|0|0|0|||||26-Aug-2019|951.0|0|0|Z951|Z951|Z951|N|R931|Y|I259|Y|Z604|N|E785|Y|M179|Y|E669|Y|D649|Y|R7303|Y|Z5989|Y|Z591|Y|Z7689|Y|||||||||||||||||||||||||||X58|X58|U| | | | | | | | | | | | | | | | | | | | | | |0BP17DZ|25-Aug-2019|BW03ZZZ|25-Aug-2019|||||||||||||||||||||||||||||||||||||||||||||||0|0||1|1|93229|2.0|2019-08-26T00:00:00|hospital_D|hospital_D_20190825
SYN_BENE_8D786A8D305F|SYN_CLM_D7C7135B2D56|V|60|25-Aug-2019|26-Aug-2019|30-Aug-2019||3|331131|1|1|1|| |17660.25|0.0| ||33|1972913473| |9999938092| |9999938092|||0|1| |17660.25|25-Aug-2019|3|1|A|10|0.0|3532.09|0|4|3532.09|3532.09|0|0|0|0|0|0|0|0|1|0|0|0|0|||||26-Aug-2019|951.0|0|0|Z951|Z951|Z951|N|R931|Y|I259|Y|Z604|N|E785|Y|M179|Y|E669|Y|D649|Y|R7303|Y|Z5989|Y|Z591|Y|Z7689|Y|||||||||||||||||||||||||||X58|X58|U| | | | | | | | | | | | | | | | | | | | | | |0BP17DZ|25-Aug-2019|BW03ZZZ|25-Aug-2019|||||||||||||||||||||||||||||||||||||||||||||||0|0||2|1|71046|2.0|2019-08-26T00:00:00|hospital_D|hospital_D_20190825
SYN_BENE_8341DEC6CE5A|SYN_CLM_D09BFF1BFF17|V|60|25-Aug-2019|26-Aug-2019|30-Aug-2019||3|331131|1|1|1|| |17660.25|0.0| ||33|1972913473| |9999938092| |9999938092|||0|1| |17660.25|25-Aug-2019|3|1|A|10|0.0|3532.09|0|4|3532.09|3532.09|0|0|0|0|0|0|0|0|1|0|0|0|0|||||26-Aug-2019|951.0|0|0|Z951|Z951|Z951|N|R931|Y|I259|Y|Z604|N|E785|Y|M179|Y|E669|Y|D649|Y|R7303|Y|Z5989|Y|Z591|Y|Z7689|Y|||||||||||||||||||||||||||X58|X58|U| | | | | | | | | | | | | | | | | | | | | | |0BP17DZ|25-Aug-2019|BW03ZZZ|25-Aug-2019|||||||||||||||||||||||||||||||||||||||||||||||0|0||1|1|93229|2.0|2019-08-26T00:00:00|hospital_D|hospital_D_20190825
SYN_BENE_8341DEC6CE5A|SYN_CLM_D09BFF1BFF17|V|60|25-Aug-2019|26-Aug-2019|30-Aug-2019||3|331131|1|1|1|| |17660.25|0.0| ||33|1972913473| |9999938092| |9999938092|||0|1| |17660.25|25-Aug-2019|3|1|A|10|0.0|3532.09|0|4|3532.09|3532.09|0|0|0|0|0|0|0|0|1|0|0|0|0|||||26-Aug-2019|951.0|0|0|Z951|Z951|Z951|N|R931|Y|I259|Y|Z604|N|E785|Y|M179|Y|E669|Y|D649|Y|R7303|Y|Z5989|Y|Z591|Y|Z7689|Y|||||||||||||||||||||||||||X58|X58|U| | | | | | | | | | | | | | | | | | | | | | |0BP17DZ|25-Aug-2019|BW03ZZZ|25-Aug-2019|||||||||||||||||||||||||||||||||||||||||||||||0|0||2|1|71046|2.0|2019-08-26T00:00:00|hospital_D|hospital_D_20190825
SYN_BENE_74B0B668D82C|SYN_CLM_1FE3715B0C55|V|60|25-Aug-2019|26-Aug-2019|30-Aug-2019||3|331131|1|1|1|| |17660.25|0.0| ||33|1972913473| |9999938092| |9999938092|||0|1| |17660.25|25-Aug-2019|3|1|A|10|0.0|3532.09|0|4|3532.09|3532.09|0|0|0|0|0|0|0|0|1|0|0|0|0|||||26-Aug-2019|951.0|0|0|Z951|Z951|Z951|N|R931|Y|I259|Y|Z604|N|E785|Y|M179|Y|E669|Y|D649|Y|R7303|Y|Z5989|Y|Z591|Y|Z7689|Y|||||||||||||||||||||||||||X58|X58|U| | | | | | | | | | | | | | | | | | | | | | |0BP17DZ|25-Aug-2019|BW03ZZZ|25-Aug-2019|||||||||||||||||||||||||||||||||||||||||||||||0|0||1|1|93229|2.0|2019-08-26T00:00:00|hospital_D|hospital_D_20190825
SYN_BENE_74B0B668D82C|SYN_CLM_1FE3715B0C55|V|60|25-Aug-2019|26-Aug-2019|30-Aug-2019||3|331131|1|1|1|| |17660.25|0.0| ||33|1972913473| |9999938092| |9999938092|||0|1| |17660.25|25-Aug-2019|3|1|A|10|0.0|3532.09|0|4|3532.09|3532.09|0|0|0|0|0|0|0|0|1|0|0|0|0|||||26-Aug-2019|951.0|0|0|Z951|Z951|Z951|N|R931|Y|I259|Y|Z604|N|E785|Y|M179|Y|E669|Y|D649|Y|R7303|Y|Z5989|Y|Z591|Y|Z7689|Y|||||||||||||||||||||||||||X58|X58|U| | | | | | | | | | | | | | | | | | | | | | |0BP17DZ|25-Aug-2019|BW03ZZZ|25-Aug-2019|||||||||||||||||||||||||||||||||||||||||||||||0|0||2|1|71046|2.0|2019-08-26T00:00:00|hospital_D|hospital_D_20190825
SYN_BENE_FCDEC090B418|SYN_CLM_A979E7B0C35F|V|60|25-Aug-2019|26-Aug-2019|30-Aug-2019||3|331131|1|1|1|| |24253.64|0.0| ||33|1972913473| |9999938092| |9999938092|||0|1| |24253.64|25-Aug-2019|3|4|A|10|0.0|4850.79|0|4|4850.79|4850.79|0|0|0|0|0|0|0|0|1|0|0|0|0|||||26-Aug-2019|302.0|0|0|R931|R931|Z951|N|R931|Y|I259|Y|T7432X|N|E785|Y|M179|Y|E669|Y|D649|Y|R7303|Y|Z5989|Y|Z591|Y|Z7689|Y|||||||||||||||||||||||||||W19|X58|Y| | | | | | | | | | | | | | | | | | | | | | |BW03ZZZ|25-Aug-2019|B24DZZ3|25-Aug-2019|B920ZZZ|25-Aug-2019|3E033FZ|25-Aug-2019|||||||||||||||||||||||||||||||||||||||||||0|0||1|1|93229|2.0|2019-08-26T00:00:00|hospital_D|hospital_D_20190825
SYN_BENE_FCDEC090B418|SYN_CLM_A979E7B0C35F|V|60|25-Aug-2019|26-Aug-2019|30-Aug-2019||3|331131|1|1|1|| |24253.64|0.0| ||33|1972913473| |9999938092| |9999938092|||0|1| |24253.64|25-Aug-2019|3|4|A|10|0.0|4850.79|0|4|4850.79|4850.79|0|0|0|0|0|0|0|0|1|0|0|0|0|||||26-Aug-2019|302.0|0|0|R931|R931|Z951|N|R931|Y|I259|Y|T7432X|N|E785|Y|M179|Y|E669|Y|D649|Y|R7303|Y|Z5989|Y|Z591|Y|Z7689|Y|||||||||||||||||||||||||||W19|X58|Y| | | | | | | | | | | | | | | | | | | | | | |BW03ZZZ|25-Aug-2019|B24DZZ3|25-Aug-2019|B920ZZZ|25-Aug-2019|3E033FZ|25-Aug-2019|||||||||||||||||||||||||||||||||||||||||||0|0||2|1|71046|2.0|2019-08-26T00:00:00|hospital_D|hospital_D_20190825
SYN_BENE_FCDEC090B418|SYN_CLM_A979E7B0C35F|V|60|25-Aug-2019|26-Aug-2019|30-Aug-2019||3|331131|1|1|1|| |24253.64|0.0| ||33|1972913473| |9999938092| |9999938092|||0|1| |24253.64|25-Aug-2019|3|4|A|10|0.0|4850.79|0|4|4850.79|4850.79|0|0|0|0|0|0|0|0|1|0|0|0|0|||||26-Aug-2019|302.0|0|0|R931|R931|Z951|N|R931|Y|I259|Y|T7432X|N|E785|Y|M179|Y|E669|Y|D649|Y|R7303|Y|Z5989|Y|Z591|Y|Z7689|Y|||||||||||||||||||||||||||W19|X58|Y| | | | | | | | | | | | | | | | | | | | | | |BW03ZZZ|25-Aug-2019|B24DZZ3|25-Aug-2019|B920ZZZ|25-Aug-2019|3E033FZ|25-Aug-2019|||||||||||||||||||||||||||||||||||||||||||0|0||3|1|I3C|2.0|2019-08-26T00:00:00|hospital_D|hospital_D_20190825
SYN_BENE_FCDEC090B418|SYN_CLM_A979E7B0C35F|V|60|25-Aug-2019|26-Aug-2019|30-Aug-2019||3|331131|1|1|1|| |24253.64|0.0| ||33|1972913473| |9999938092| |9999938092|||0|1| |24253.64|25-Aug-2019|3|4|A|10|0.0|4850.79|0|4|4850.79|4850.79|0|0|0|0|0|0|0|0|1|0|0|0|0|||||26-Aug-2019|302.0|0|0|R931|R931|Z951|N|R931|Y|I259|Y|T7432X|N|E785|Y|M179|Y|E669|Y|D649|Y|R7303|Y|Z5989|Y|Z591|Y|Z7689|Y|||||||||||||||||||||||||||W19|X58|Y| | | | | | | | | | | | | | | | | | | | | | |BW03ZZZ|25-Aug-2019|B24DZZ3|25-Aug-2019|B920ZZZ|25-Aug-2019|3E033FZ|25-Aug-2019|||||||||||||||||||||||||||||||||||||||||||0|0||4|1|G9530|2.0|2019-08-26T00:00:00|hospital_D|hospital_D_20190825
SYN_BENE_FCDEC090B418|SYN_CLM_A979E7B0C35F|V|60|25-Aug-2019|26-Aug-2019|30-Aug-2019||3|331131|1|1|1|| |24253.64|0.0| ||33|1972913473| |9999938092| |9999938092|||0|1| |24253.64|25-Aug-2019|3|4|A|10|0.0|4850.79|0|4|4850.79|4850.79|0|0|0|0|0|0|0|0|1|0|0|0|0|||||26-Aug-2019|302.0|0|0|R931|R931|Z951|N|R931|Y|I259|Y|T7432X|N|E785|Y|M179|Y|E669|Y|D649|Y|R7303|Y|Z5989|Y|Z591|Y|Z7689|Y|||||||||||||||||||||||||||W19|X58|Y| | | | | | | | | | | | | | | | | | | | | | |BW03ZZZ|25-Aug-2019|B24DZZ3|25-Aug-2019|B920ZZZ|25-Aug-2019|3E033FZ|25-Aug-2019|||||||||||||||||||||||||||||||||||||||||||0|0||5|1|QS|2.0|2019-08-26T00:00:00|hospital_D|hospital_D_20190825
SYN_BENE_FCDEC090B418|SYN_CLM_A979E7B0C35F|V|60|25-Aug-2019|26-Aug-2019|30-Aug-2019||3|331131|1|1|1|| |24253.64|0.0| ||33|1972913473| |9999938092| |9999938092|||0|1| |24253.64|25-Aug-2019|3|4|A|10|0.0|4850.79|0|4|4850.79|4850.79|0|0|0|0|0|0|0|0|1|0|0|0|0|||||26-Aug-2019|302.0|0|0|R931|R931|Z951|N|R931|Y|I259|Y|T7432X|N|E785|Y|M179|Y|E669|Y|D649|Y|R7303|Y|Z5989|Y|Z591|Y|Z7689|Y|||||||||||||||||||||||||||W19|X58|Y| | | | | | | | | | | | | | | | | | | | | | |BW03ZZZ|25-Aug-2019|B24DZZ3|25-Aug-2019|B920ZZZ|25-Aug-2019|3E033FZ|25-Aug-2019|||||||||||||||||||||||||||||||||||||||||||0|0||6|1|G8939|2.0|2019-08-26T00:00:00|hospital_D|hospital_D_20190825
SYN_BENE_B5740F5F9F83|SYN_CLM_C3B9A072C4F8|V|60|25-Aug-2019|26-Aug-2019|30-Aug-2019||3|331131|1|1|1|| |17660.25|0.0| ||33|1972913473| |9999938092| |9999938092|||0|1| |17660.25|25-Aug-2019|3|1|A|10|0.0|3532.09|0|4|3532.09|3532.09|0|0|0|0|0|0|0|0|1|0|0|0|0|||||26-Aug-2019|951.0|0|0|Z951|Z951|Z951|N|R931|Y|I259|Y|Z604|N|E785|Y|M179|Y|E669|Y|D649|Y|R7303|Y|Z5989|Y|Z591|Y|Z7689|Y|||||||||||||||||||||||||||X58|X58|U| | | | | | | | | | | | | | | | | | | | | | |0BP17DZ|25-Aug-2019|BW03ZZZ|25-Aug-2019|||||||||||||||||||||||||||||||||||||||||||||||0|0||1|1|93229|2.0|2019-08-26T00:00:00|hospital_D|hospital_D_20190825
SYN_BENE_B5740F5F9F83|SYN_CLM_C3B9A072C4F8|V|60|25-Aug-2019|26-Aug-2019|30-Aug-2019||3|331131|1|1|1|| |17660.25|0.0| ||33|1972913473| |9999938092| |9999938092|||0|1| |17660.25|25-Aug-2019|3|1|A|10|0.0|3532.09|0|4|3532.09|3532.09|0|0|0|0|0|0|0|0|1|0|0|0|0|||||26-Aug-2019|951.0|0|0|Z951|Z951|Z951|N|R931|Y|I259|Y|Z604|N|E785|Y|M179|Y|E669|Y|D649|Y|R7303|Y|Z5989|Y|Z591|Y|Z7689|Y|||||||||||||||||||||||||||X58|X58|U| | | | | | | | | | | | | | | | | | | | | | |0BP17DZ|25-Aug-2019|BW03ZZZ|25-Aug-2019|||||||||||||||||||||||||||||||||||||||||||||||0|0||2|1|71046|2.0|2019-08-26T00:00:00|hospital_D|hospital_D_20190825
SYN_BENE_2F04599F3D7F|SYN_CLM_FA269FCD7494|V|60|25-Aug-2019|26-Aug-2019|30-Aug-2019||3|331131|1|1|1|| |24253.64|0.0| ||33|1972913473| |9999938092| |9999938092|||0|1| |24253.64|25-Aug-2019|3|4|A|10|0.0|4850.79|0|4|4850.79|4850.79|0|0|0|0|0|0|0|0|1|0|0|0|0|||||26-Aug-2019|302.0|0|0|R931|R931|Z951|N|R931|Y|I259|Y|T7432X|N|E785|Y|M179|Y|E669|Y|D649|Y|R7303|Y|Z5989|Y|Z591|Y|Z7689|Y|||||||||||||||||||||||||||W19|X58|Y| | | | | | | | | | | | | | | | | | | | | | |BW03ZZZ|25-Aug-2019|B24DZZ3|25-Aug-2019|B920ZZZ|25-Aug-2019|3E033FZ|25-Aug-2019|||||||||||||||||||||||||||||||||||||||||||0|0||1|1|93229|2.0|2019-08-26T00:00:00|hospital_D|hospital_D_20190825
SYN_BENE_2F04599F3D7F|SYN_CLM_FA269FCD7494|V|60|25-Aug-2019|26-Aug-2019|30-Aug-2019||3|331131|1|1|1|| |24253.64|0.0| ||33|1972913473| |9999938092| |9999938092|||0|1| |24253.64|25-Aug-2019|3|4|A|10|0.0|4850.79|0|4|4850.79|4850.79|0|0|0|0|0|0|0|0|1|0|0|0|0|||||26-Aug-2019|302.0|0|0|R931|R931|Z951|N|R931|Y|I259|Y|T7432X|N|E785|Y|M179|Y|E669|Y|D649|Y|R7303|Y|Z5989|Y|Z591|Y|Z7689|Y|||||||||||||||||||||||||||W19|X58|Y| | | | | | | | | | | | | | | | | | | | | | |BW03ZZZ|25-Aug-2019|B24DZZ3|25-Aug-2019|B920ZZZ|25-Aug-2019|3E033FZ|25-Aug-2019|||||||||||||||||||||||||||||||||||||||||||0|0||2|1|71046|2.0|2019-08-26T00:00:00|hospital_D|hospital_D_20190825
SYN_BENE_2F04599F3D7F|SYN_CLM_FA269FCD7494|V|60|25-Aug-2019|26-Aug-2019|30-Aug-2019||3|331131|1|1|1|| |24253.64|0.0| ||33|1972913473| |9999938092| |9999938092|||0|1| |24253.64|25-Aug-2019|3|4|A|10|0.0|4850.79|0|4|4850.79|4850.79|0|0|0|0|0|0|0|0|1|0|0|0|0|||||26-Aug-2019|302.0|0|0|R931|R931|Z951|N|R931|Y|I259|Y|T7432X|N|E785|Y|M179|Y|E669|Y|D649|Y|R7303|Y|Z5989|Y|Z591|Y|Z7689|Y|||||||||||||||||||||||||||W19|X58|Y| | | | | | | | | | | | | | | | | | | | | | |BW03ZZZ|25-Aug-2019|B24DZZ3|25-Aug-2019|B920ZZZ|25-Aug-2019|3E033FZ|25-Aug-2019|||||||||||||||||||||||||||||||||||||||||||0|0||3|1|I3C|2.0|2019-08-26T00:00:00|hospital_D|hospital_D_20190825
SYN_BENE_2F04599F3D7F|SYN_CLM_FA269FCD7494|V|60|25-Aug-2019|26-Aug-2019|30-Aug-2019||3|331131|1|1|1|| |24253.64|0.0| ||33|1972913473| |9999938092| |9999938092|||0|1| |24253.64|25-Aug-2019|3|4|A|10|0.0|4850.79|0|4|4850.79|4850.79|0|0|0|0|0|0|0|0|1|0|0|0|0|||||26-Aug-2019|302.0|0|0|R931|R931|Z951|N|R931|Y|I259|Y|T7432X|N|E785|Y|M179|Y|E669|Y|D649|Y|R7303|Y|Z5989|Y|Z591|Y|Z7689|Y|||||||||||||||||||||||||||W19|X58|Y| | | | | | | | | | | | | | | | | | | | | | |BW03ZZZ|25-Aug-2019|B24DZZ3|25-Aug-2019|B920ZZZ|25-Aug-2019|3E033FZ|25-Aug-2019|||||||||||||||||||||||||||||||||||||||||||0|0||4|1|G9530|2.0|2019-08-26T00:00:00|hospital_D|hospital_D_20190825
SYN_BENE_2F04599F3D7F|SYN_CLM_FA269FCD7494|V|60|25-Aug-2019|26-Aug-2019|30-Aug-2019||3|331131|1|1|1|| |24253.64|0.0| ||33|1972913473| |9999938092| |9999938092|||0|1| |24253.64|25-Aug-2019|3|4|A|10|0.0|4850.79|0|4|4850.79|4850.79|0|0|0|0|0|0|0|0|1|0|0|0|0|||||26-Aug-2019|302.0|0|0|R931|R931|Z951|N|R931|Y|I259|Y|T7432X|N|E785|Y|M179|Y|E669|Y|D649|Y|R7303|Y|Z5989|Y|Z591|Y|Z7689|Y|||||||||||||||||||||||||||W19|X58|Y| | | | | | | | | | | | | | | | | | | | | | |BW03ZZZ|25-Aug-2019|B24DZZ3|25-Aug-2019|B920ZZZ|25-Aug-2019|3E033FZ|25-Aug-2019|||||||||||||||||||||||||||||||||||||||||||0|0||5|1|QS|2.0|2019-08-26T00:00:00|hospital_D|hospital_D_20190825
SYN_BENE_2F04599F3D7F|SYN_CLM_FA269FCD7494|V|60|25-Aug-2019|26-Aug-2019|30-Aug-2019||3|331131|1|1|1|| |24253.64|0.0| ||33|1972913473| |9999938092| |9999938092|||0|1| |24253.64|25-Aug-2019|3|4|A|10|0.0|4850.79|0|4|4850.79|4850.79|0|0|0|0|0|0|0|0|1|0|0|0|0|||||26-Aug-2019|302.0|0|0|R931|R931|Z951|N|R931|Y|I259|Y|T7432X|N|E785|Y|M179|Y|E669|Y|D649|Y|R7303|Y|Z5989|Y|Z591|Y|Z7689|Y|||||||||||||||||||||||||||W19|X58|Y| | | | | | | | | | | | | | | | | | | | | | |BW03ZZZ|25-Aug-2019|B24DZZ3|25-Aug-2019|B920ZZZ|25-Aug-2019|3E033FZ|25-Aug-2019|||||||||||||||||||||||||||||||||||||||||||0|0||6|1|G8939|2.0|2019-08-26T00:00:00|hospital_D|hospital_D_20190825
SYN_BENE_0E44BA9F50F3|SYN_CLM_D09F7A069904|V|60|25-Aug-2019|26-Aug-2019|30-Aug-2019||3|331131|1|1|1|| |17660.25|0.0| ||33|1972913473| |9999938092| |9999938092|||0|1| |17660.25|25-Aug-2019|3|1|A|10|0.0|3532.09|0|4|3532.09|3532.09|0|0|0|0|0|0|0|0|1|0|0|0|0|||||26-Aug-2019|951.0|0|0|Z951|Z951|Z951|N|R931|Y|I259|Y|Z604|N|E785|Y|M179|Y|E669|Y|D649|Y|R7303|Y|Z5989|Y|Z591|Y|Z7689|Y|||||||||||||||||||||||||||X58|X58|U| | | | | | | | | | | | | | | | | | | | | | |0BP17DZ|25-Aug-2019|BW03ZZZ|25-Aug-2019|||||||||||||||||||||||||||||||||||||||||||||||0|0||1|1|93229|2.0|2019-08-26T00:00:00|hospital_D|hospital_D_20190825
SYN_BENE_0E44BA9F50F3|SYN_CLM_D09F7A069904|V|60|25-Aug-2019|26-Aug-2019|30-Aug-2019||3|331131|1|1|1|| |17660.25|0.0| ||33|1972913473| |9999938092| |9999938092|||0|1| |17660.25|25-Aug-2019|3|1|A|10|0.0|3532.09|0|4|3532.09|3532.09|0|0|0|0|0|0|0|0|1|0|0|0|0|||||26-Aug-2019|951.0|0|0|Z951|Z951|Z951|N|R931|Y|I259|Y|Z604|N|E785|Y|M179|Y|E669|Y|D649|Y|R7303|Y|Z5989|Y|Z591|Y|Z7689|Y|||||||||||||||||||||||||||X58|X58|U| | | | | | | | | | | | | | | | | | | | | | |0BP17DZ|25-Aug-2019|BW03ZZZ|25-Aug-2019|||||||||||||||||||||||||||||||||||||||||||||||0|0||2|1|71046|2.0|2019-08-26T00:00:00|hospital_D|hospital_D_20190825
SYN_BENE_F0D477704EB9|SYN_CLM_5DBCD8341843|V|60|25-Aug-2019|26-Aug-2019|30-Aug-2019||3|331131|1|1|1|| |24253.64|0.0| ||33|1972913473| |9999938092| |9999938092|||0|1| |24253.64|25-Aug-2019|3|4|A|10|0.0|4850.79|0|4|4850.79|4850.79|0|0|0|0|0|0|0|0|1|0|0|0|0|||||26-Aug-2019|302.0|0|0|R931|R931|Z951|N|R931|Y|I259|Y|T7432X|N|E785|Y|M179|Y|E669|Y|D649|Y|R7303|Y|Z5989|Y|Z591|Y|Z7689|Y|||||||||||||||||||||||||||W19|X58|Y| | | | | | | | | | | | | | | | | | | | | | |BW03ZZZ|25-Aug-2019|B24DZZ3|25-Aug-2019|B920ZZZ|25-Aug-2019|3E033FZ|25-Aug-2019|||||||||||||||||||||||||||||||||||||||||||0|0||1|1|93229|2.0|2019-08-26T00:00:00|hospital_D|hospital_D_20190825
SYN_BENE_F0D477704EB9|SYN_CLM_5DBCD8341843|V|60|25-Aug-2019|26-Aug-2019|30-Aug-2019||3|331131|1|1|1|| |24253.64|0.0| ||33|1972913473| |9999938092| |9999938092|||0|1| |24253.64|25-Aug-2019|3|4|A|10|0.0|4850.79|0|4|4850.79|4850.79|0|0|0|0|0|0|0|0|1|0|0|0|0|||||26-Aug-2019|302.0|0|0|R931|R931|Z951|N|R931|Y|I259|Y|T7432X|N|E785|Y|M179|Y|E669|Y|D649|Y|R7303|Y|Z5989|Y|Z591|Y|Z7689|Y|||||||||||||||||||||||||||W19|X58|Y| | | | | | | | | | | | | | | | | | | | | | |BW03ZZZ|25-Aug-2019|B24DZZ3|25-Aug-2019|B920ZZZ|25-Aug-2019|3E033FZ|25-Aug-2019|||||||||||||||||||||||||||||||||||||||||||0|0||2|1|71046|2.0|2019-08-26T00:00:00|hospital_D|hospital_D_20190825
SYN_BENE_F0D477704EB9|SYN_CLM_5DBCD8341843|V|60|25-Aug-2019|26-Aug-2019|30-Aug-2019||3|331131|1|1|1|| |24253.64|0.0| ||33|1972913473| |9999938092| |9999938092|||0|1| |24253.64|25-Aug-2019|3|4|A|10|0.0|4850.79|0|4|4850.79|4850.79|0|0|0|0|0|0|0|0|1|0|0|0|0|||||26-Aug-2019|302.0|0|0|R931|R931|Z951|N|R931|Y|I259|Y|T7432X|N|E785|Y|M179|Y|E669|Y|D649|Y|R7303|Y|Z5989|Y|Z591|Y|Z7689|Y|||||||||||||||||||||||||||W19|X58|Y| | | | | | | | | | | | | | | | | | | | | | |BW03ZZZ|25-Aug-2019|B24DZZ3|25-Aug-2019|B920ZZZ|25-Aug-2019|3E033FZ|25-Aug-2019|||||||||||||||||||||||||||||||||||||||||||0|0||3|1|I3C|2.0|2019-08-26T00:00:00|hospital_D|hospital_D_20190825
SYN_BENE_F0D477704EB9|SYN_CLM_5DBCD8341843|V|60|25-Aug-2019|26-Aug-2019|30-Aug-2019||3|331131|1|1|1|| |24253.64|0.0| ||33|1972913473| |9999938092| |9999938092|||0|1| |24253.64|25-Aug-2019|3|4|A|10|0.0|4850.79|0|4|4850.79|4850.79|0|0|0|0|0|0|0|0|1|0|0|0|0|||||26-Aug-2019|302.0|0|0|R931|R931|Z951|N|R931|Y|I259|Y|T7432X|N|E785|Y|M179|Y|E669|Y|D649|Y|R7303|Y|Z5989|Y|Z591|Y|Z7689|Y|||||||||||||||||||||||||||W19|X58|Y| | | | | | | | | | | | | | | | | | | | | | |BW03ZZZ|25-Aug-2019|B24DZZ3|25-Aug-2019|B920ZZZ|25-Aug-2019|3E033FZ|25-Aug-2019|||||||||||||||||||||||||||||||||||||||||||0|0||4|1|G9530|2.0|2019-08-26T00:00:00|hospital_D|hospital_D_20190825
SYN_BENE_F0D477704EB9|SYN_CLM_5DBCD8341843|V|60|25-Aug-2019|26-Aug-2019|30-Aug-2019||3|331131|1|1|1|| |24253.64|0.0| ||33|1972913473| |9999938092| |9999938092|||0|1| |24253.64|25-Aug-2019|3|4|A|10|0.0|4850.79|0|4|4850.79|4850.79|0|0|0|0|0|0|0|0|1|0|0|0|0|||||26-Aug-2019|302.0|0|0|R931|R931|Z951|N|R931|Y|I259|Y|T7432X|N|E785|Y|M179|Y|E669|Y|D649|Y|R7303|Y|Z5989|Y|Z591|Y|Z7689|Y|||||||||||||||||||||||||||W19|X58|Y| | | | | | | | | | | | | | | | | | | | | | |BW03ZZZ|25-Aug-2019|B24DZZ3|25-Aug-2019|B920ZZZ|25-Aug-2019|3E033FZ|25-Aug-2019|||||||||||||||||||||||||||||||||||||||||||0|0||5|1|QS|2.0|2019-08-26T00:00:00|hospital_D|hospital_D_20190825
SYN_BENE_F0D477704EB9|SYN_CLM_5DBCD8341843|V|60|25-Aug-2019|26-Aug-2019|30-Aug-2019||3|331131|1|1|1|| |24253.64|0.0| ||33|1972913473| |9999938092| |9999938092|||0|1| |24253.64|25-Aug-2019|3|4|A|10|0.0|4850.79|0|4|4850.79|4850.79|0|0|0|0|0|0|0|0|1|0|0|0|0|||||26-Aug-2019|302.0|0|0|R931|R931|Z951|N|R931|Y|I259|Y|T7432X|N|E785|Y|M179|Y|E669|Y|D649|Y|R7303|Y|Z5989|Y|Z591|Y|Z7689|Y|||||||||||||||||||||||||||W19|X58|Y| | | | | | | | | | | | | | | | | | | | | | |BW03ZZZ|25-Aug-2019|B24DZZ3|25-Aug-2019|B920ZZZ|25-Aug-2019|3E033FZ|25-Aug-2019|||||||||||||||||||||||||||||||||||||||||||0|0||6|1|G8939|2.0|2019-08-26T00:00:00|hospital_D|hospital_D_20190825
SYN_BENE_8C7BBC30D099|SYN_CLM_48118396CA6F|V|60|25-Aug-2019|26-Aug-2019|30-Aug-2019||3|331131|1|1|1|| |24253.64|0.0| ||33|1972913473| |9999938092| |9999938092|||0|1| |24253.64|25-Aug-2019|3|4|A|10|0.0|4850.79|0|4|4850.79|4850.79|0|0|0|0|0|0|0|0|1|0|0|0|0|||||26-Aug-2019|302.0|0|0|R931|R931|Z951|N|R931|Y|I259|Y|T7432X|N|E785|Y|M179|Y|E669|Y|D649|Y|R7303|Y|Z5989|Y|Z591|Y|Z7689|Y|||||||||||||||||||||||||||W19|X58|Y| | | | | | | | | | | | | | | | | | | | | | |BW03ZZZ|25-Aug-2019|B24DZZ3|25-Aug-2019|B920ZZZ|25-Aug-2019|3E033FZ|25-Aug-2019|||||||||||||||||||||||||||||||||||||||||||0|0||1|1|93229|2.0|2019-08-26T00:00:00|hospital_D|hospital_D_20190825
SYN_BENE_8C7BBC30D099|SYN_CLM_48118396CA6F|V|60|25-Aug-2019|26-Aug-2019|30-Aug-2019||3|331131|1|1|1|| |24253.64|0.0| ||33|1972913473| |9999938092| |9999938092|||0|1| |24253.64|25-Aug-2019|3|4|A|10|0.0|4850.79|0|4|4850.79|4850.79|0|0|0|0|0|0|0|0|1|0|0|0|0|||||26-Aug-2019|302.0|0|0|R931|R931|Z951|N|R931|Y|I259|Y|T7432X|N|E785|Y|M179|Y|E669|Y|D649|Y|R7303|Y|Z5989|Y|Z591|Y|Z7689|Y|||||||||||||||||||||||||||W19|X58|Y| | | | | | | | | | | | | | | | | | | | | | |BW03ZZZ|25-Aug-2019|B24DZZ3|25-Aug-2019|B920ZZZ|25-Aug-2019|3E033FZ|25-Aug-2019|||||||||||||||||||||||||||||||||||||||||||0|0||2|1|71046|2.0|2019-08-26T00:00:00|hospital_D|hospital_D_20190825
SYN_BENE_8C7BBC30D099|SYN_CLM_48118396CA6F|V|60|25-Aug-2019|26-Aug-2019|30-Aug-2019||3|331131|1|1|1|| |24253.64|0.0| ||33|1972913473| |9999938092| |9999938092|||0|1| |24253.64|25-Aug-2019|3|4|A|10|0.0|4850.79|0|4|4850.79|4850.79|0|0|0|0|0|0|0|0|1|0|0|0|0|||||26-Aug-2019|302.0|0|0|R931|R931|Z951|N|R931|Y|I259|Y|T7432X|N|E785|Y|M179|Y|E669|Y|D649|Y|R7303|Y|Z5989|Y|Z591|Y|Z7689|Y|||||||||||||||||||||||||||W19|X58|Y| | | | | | | | | | | | | | | | | | | | | | |BW03ZZZ|25-Aug-2019|B24DZZ3|25-Aug-2019|B920ZZZ|25-Aug-2019|3E033FZ|25-Aug-2019|||||||||||||||||||||||||||||||||||||||||||0|0||3|1|I3C|2.0|2019-08-26T00:00:00|hospital_D|hospital_D_20190825
SYN_BENE_8C7BBC30D099|SYN_CLM_48118396CA6F|V|60|25-Aug-2019|26-Aug-2019|30-Aug-2019||3|331131|1|1|1|| |24253.64|0.0| ||33|1972913473| |9999938092| |9999938092|||0|1| |24253.64|25-Aug-2019|3|4|A|10|0.0|4850.79|0|4|4850.79|4850.79|0|0|0|0|0|0|0|0|1|0|0|0|0|||||26-Aug-2019|302.0|0|0|R931|R931|Z951|N|R931|Y|I259|Y|T7432X|N|E785|Y|M179|Y|E669|Y|D649|Y|R7303|Y|Z5989|Y|Z591|Y|Z7689|Y|||||||||||||||||||||||||||W19|X58|Y| | | | | | | | | | | | | | | | | | | | | | |BW03ZZZ|25-Aug-2019|B24DZZ3|25-Aug-2019|B920ZZZ|25-Aug-2019|3E033FZ|25-Aug-2019|||||||||||||||||||||||||||||||||||||||||||0|0||4|1|G9530|2.0|2019-08-26T00:00:00|hospital_D|hospital_D_20190825
SYN_BENE_8C7BBC30D099|SYN_CLM_48118396CA6F|V|60|25-Aug-2019|26-Aug-2019|30-Aug-2019||3|331131|1|1|1|| |24253.64|0.0| ||33|1972913473| |9999938092| |9999938092|||0|1| |24253.64|25-Aug-2019|3|4|A|10|0.0|4850.79|0|4|4850.79|4850.79|0|0|0|0|0|0|0|0|1|0|0|0|0|||||26-Aug-2019|302.0|0|0|R931|R931|Z951|N|R931|Y|I259|Y|T7432X|N|E785|Y|M179|Y|E669|Y|D649|Y|R7303|Y|Z5989|Y|Z591|Y|Z7689|Y|||||||||||||||||||||||||||W19|X58|Y| | | | | | | | | | | | | | | | | | | | | | |BW03ZZZ|25-Aug-2019|B24DZZ3|25-Aug-2019|B920ZZZ|25-Aug-2019|3E033FZ|25-Aug-2019|||||||||||||||||||||||||||||||||||||||||||0|0||5|1|QS|2.0|2019-08-26T00:00:00|hospital_D|hospital_D_20190825
SYN_BENE_8C7BBC30D099|SYN_CLM_48118396CA6F|V|60|25-Aug-2019|26-Aug-2019|30-Aug-2019||3|331131|1|1|1|| |24253.64|0.0| ||33|1972913473| |9999938092| |9999938092|||0|1| |24253.64|25-Aug-2019|3|4|A|10|0.0|4850.79|0|4|4850.79|4850.79|0|0|0|0|0|0|0|0|1|0|0|0|0|||||26-Aug-2019|302.0|0|0|R931|R931|Z951|N|R931|Y|I259|Y|T7432X|N|E785|Y|M179|Y|E669|Y|D649|Y|R7303|Y|Z5989|Y|Z591|Y|Z7689|Y|||||||||||||||||||||||||||W19|X58|Y| | | | | | | | | | | | | | | | | | | | | | |BW03ZZZ|25-Aug-2019|B24DZZ3|25-Aug-2019|B920ZZZ|25-Aug-2019|3E033FZ|25-Aug-2019|||||||||||||||||||||||||||||||||||||||||||0|0||6|1|G8939|2.0|2019-08-26T00:00:00|hospital_D|hospital_D_20190825
SYN_BENE_E98842700C26|SYN_CLM_81FED6DD8069|V|60|25-Aug-2019|26-Aug-2019|30-Aug-2019||3|331131|1|1|1|| |24253.64|0.0| ||33|1972913473| |9999938092| |9999938092|||0|1| |24253.64|25-Aug-2019|3|4|A|10|0.0|4850.79|0|4|4850.79|4850.79|0|0|0|0|0|0|0|0|1|0|0|0|0|||||26-Aug-2019|302.0|0|0|R931|R931|Z951|N|R931|Y|I259|Y|T7432X|N|E785|Y|M179|Y|E669|Y|D649|Y|R7303|Y|Z5989|Y|Z591|Y|Z7689|Y|||||||||||||||||||||||||||W19|X58|Y| | | | | | | | | | | | | | | | | | | | | | |BW03ZZZ|25-Aug-2019|B24DZZ3|25-Aug-2019|B920ZZZ|25-Aug-2019|3E033FZ|25-Aug-2019|||||||||||||||||||||||||||||||||||||||||||0|0||1|1|93229|2.0|2019-08-26T00:00:00|hospital_D|hospital_D_20190825
SYN_BENE_E98842700C26|SYN_CLM_81FED6DD8069|V|60|25-Aug-2019|26-Aug-2019|30-Aug-2019||3|331131|1|1|1|| |24253.64|0.0| ||33|1972913473| |9999938092| |9999938092|||0|1| |24253.64|25-Aug-2019|3|4|A|10|0.0|4850.79|0|4|4850.79|4850.79|0|0|0|0|0|0|0|0|1|0|0|0|0|||||26-Aug-2019|302.0|0|0|R931|R931|Z951|N|R931|Y|I259|Y|T7432X|N|E785|Y|M179|Y|E669|Y|D649|Y|R7303|Y|Z5989|Y|Z591|Y|Z7689|Y|||||||||||||||||||||||||||W19|X58|Y| | | | | | | | | | | | | | | | | | | | | | |BW03ZZZ|25-Aug-2019|B24DZZ3|25-Aug-2019|B920ZZZ|25-Aug-2019|3E033FZ|25-Aug-2019|||||||||||||||||||||||||||||||||||||||||||0|0||2|1|71046|2.0|2019-08-26T00:00:00|hospital_D|hospital_D_20190825
SYN_BENE_E98842700C26|SYN_CLM_81FED6DD8069|V|60|25-Aug-2019|26-Aug-2019|30-Aug-2019||3|331131|1|1|1|| |24253.64|0.0| ||33|1972913473| |9999938092| |9999938092|||0|1| |24253.64|25-Aug-2019|3|4|A|10|0.0|4850.79|0|4|4850.79|4850.79|0|0|0|0|0|0|0|0|1|0|0|0|0|||||26-Aug-2019|302.0|0|0|R931|R931|Z951|N|R931|Y|I259|Y|T7432X|N|E785|Y|M179|Y|E669|Y|D649|Y|R7303|Y|Z5989|Y|Z591|Y|Z7689|Y|||||||||||||||||||||||||||W19|X58|Y| | | | | | | | | | | | | | | | | | | | | | |BW03ZZZ|25-Aug-2019|B24DZZ3|25-Aug-2019|B920ZZZ|25-Aug-2019|3E033FZ|25-Aug-2019|||||||||||||||||||||||||||||||||||||||||||0|0||3|1|I3C|2.0|2019-08-26T00:00:00|hospital_D|hospital_D_20190825
SYN_BENE_E98842700C26|SYN_CLM_81FED6DD8069|V|60|25-Aug-2019|26-Aug-2019|30-Aug-2019||3|331131|1|1|1|| |24253.64|0.0| ||33|1972913473| |9999938092| |9999938092|||0|1| |24253.64|25-Aug-2019|3|4|A|10|0.0|4850.79|0|4|4850.79|4850.79|0|0|0|0|0|0|0|0|1|0|0|0|0|||||26-Aug-2019|302.0|0|0|R931|R931|Z951|N|R931|Y|I259|Y|T7432X|N|E785|Y|M179|Y|E669|Y|D649|Y|R7303|Y|Z5989|Y|Z591|Y|Z7689|Y|||||||||||||||||||||||||||W19|X58|Y| | | | | | | | | | | | | | | | | | | | | | |BW03ZZZ|25-Aug-2019|B24DZZ3|25-Aug-2019|B920ZZZ|25-Aug-2019|3E033FZ|25-Aug-2019|||||||||||||||||||||||||||||||||||||||||||0|0||4|1|G9530|2.0|2019-08-26T00:00:00|hospital_D|hospital_D_20190825
SYN_BENE_E98842700C26|SYN_CLM_81FED6DD8069|V|60|25-Aug-2019|26-Aug-2019|30-Aug-2019||3|331131|1|1|1|| |24253.64|0.0| ||33|1972913473| |9999938092| |9999938092|||0|1| |24253.64|25-Aug-2019|3|4|A|10|0.0|4850.79|0|4|4850.79|4850.79|0|0|0|0|0|0|0|0|1|0|0|0|0|||||26-Aug-2019|302.0|0|0|R931|R931|Z951|N|R931|Y|I259|Y|T7432X|N|E785|Y|M179|Y|E669|Y|D649|Y|R7303|Y|Z5989|Y|Z591|Y|Z7689|Y|||||||||||||||||||||||||||W19|X58|Y| | | | | | | | | | | | | | | | | | | | | | |BW03ZZZ|25-Aug-2019|B24DZZ3|25-Aug-2019|B920ZZZ|25-Aug-2019|3E033FZ|25-Aug-2019|||||||||||||||||||||||||||||||||||||||||||0|0||5|1|QS|2.0|2019-08-26T00:00:00|hospital_D|hospital_D_20190825
SYN_BENE_E98842700C26|SYN_CLM_81FED6DD8069|V|60|25-Aug-2019|26-Aug-2019|30-Aug-2019||3|331131|1|1|1|| |24253.64|0.0| ||33|1972913473| |9999938092| |9999938092|||0|1| |24253.64|25-Aug-2019|3|4|A|10|0.0|4850.79|0|4|4850.79|4850.79|0|0|0|0|0|0|0|0|1|0|0|0|0|||||26-Aug-2019|302.0|0|0|R931|R931|Z951|N|R931|Y|I259|Y|T7432X|N|E785|Y|M179|Y|E669|Y|D649|Y|R7303|Y|Z5989|Y|Z591|Y|Z7689|Y|||||||||||||||||||||||||||W19|X58|Y| | | | | | | | | | | | | | | | | | | | | | |BW03ZZZ|25-Aug-2019|B24DZZ3|25-Aug-2019|B920ZZZ|25-Aug-2019|3E033FZ|25-Aug-2019|||||||||||||||||||||||||||||||||||||||||||0|0||6|1|G8939|2.0|2019-08-26T00:00:00|hospital_D|hospital_D_20190825
SYN_BENE_AF04CB1E52CD|SYN_CLM_F3F0B74DE1F5|V|60|25-Aug-2019|26-Aug-2019|30-Aug-2019||3|331131|1|1|1|| |17660.25|0.0| ||33|1972913473| |9999938092| |9999938092|||0|1| |17660.25|25-Aug-2019|3|1|A|10|0.0|3532.09|0|4|3532.09|3532.09|0|0|0|0|0|0|0|0|1|0|0|0|0|||||26-Aug-2019|951.0|0|0|Z951|Z951|Z951|N|R931|Y|I259|Y|Z604|N|E785|Y|M179|Y|E669|Y|D649|Y|R7303|Y|Z5989|Y|Z591|Y|Z7689|Y|||||||||||||||||||||||||||X58|X58|U| | | | | | | | | | | | | | | | | | | | | | |0BP17DZ|25-Aug-2019|BW03ZZZ|25-Aug-2019|||||||||||||||||||||||||||||||||||||||||||||||0|0||1|1|93229|2.0|2019-08-26T00:00:00|hospital_D|hospital_D_20190825
SYN_BENE_AF04CB1E52CD|SYN_CLM_F3F0B74DE1F5|V|60|25-Aug-2019|26-Aug-2019|30-Aug-2019||3|331131|1|1|1|| |17660.25|0.0| ||33|1972913473| |9999938092| |9999938092|||0|1| |17660.25|25-Aug-2019|3|1|A|10|0.0|3532.09|0|4|3532.09|3532.09|0|0|0|0|0|0|0|0|1|0|0|0|0|||||26-Aug-2019|951.0|0|0|Z951|Z951|Z951|N|R931|Y|I259|Y|Z604|N|E785|Y|M179|Y|E669|Y|D649|Y|R7303|Y|Z5989|Y|Z591|Y|Z7689|Y|||||||||||||||||||||||||||X58|X58|U| | | | | | | | | | | | | | | | | | | | | | |0BP17DZ|25-Aug-2019|BW03ZZZ|25-Aug-2019|||||||||||||||||||||||||||||||||||||||||||||||0|0||2|1|71046|2.0|2019-08-26T00:00:00|hospital_D|hospital_D_20190825
SYN_BENE_31AA7773840B|SYN_CLM_08A6D73C8140|V|60|25-Aug-2019|26-Aug-2019|30-Aug-2019||3|331131|1|1|1|| |17660.25|0.0| ||33|1972913473| |9999938092| |9999938092|||0|1| |17660.25|25-Aug-2019|3|1|A|10|0.0|3532.09|0|4|3532.09|3532.09|0|0|0|0|0|0|0|0|1|0|0|0|0|||||26-Aug-2019|951.0|0|0|Z951|Z951|Z951|N|R931|Y|I259|Y|Z604|N|E785|Y|M179|Y|E669|Y|D649|Y|R7303|Y|Z5989|Y|Z591|Y|Z7689|Y|||||||||||||||||||||||||||X58|X58|U| | | | | | | | | | | | | | | | | | | | | | |0BP17DZ|25-Aug-2019|BW03ZZZ|25-Aug-2019|||||||||||||||||||||||||||||||||||||||||||||||0|0||1|1|93229|2.0|2019-08-26T00:00:00|hospital_D|hospital_D_20190825
SYN_BENE_31AA7773840B|SYN_CLM_08A6D73C8140|V|60|25-Aug-2019|26-Aug-2019|30-Aug-2019||3|331131|1|1|1|| |17660.25|0.0| ||33|1972913473| |9999938092| |9999938092|||0|1| |17660.25|25-Aug-2019|3|1|A|10|0.0|3532.09|0|4|3532.09|3532.09|0|0|0|0|0|0|0|0|1|0|0|0|0|||||26-Aug-2019|951.0|0|0|Z951|Z951|Z951|N|R931|Y|I259|Y|Z604|N|E785|Y|M179|Y|E669|Y|D649|Y|R7303|Y|Z5989|Y|Z591|Y|Z7689|Y|||||||||||||||||||||||||||X58|X58|U| | | | | | | | | | | | | | | | | | | | | | |0BP17DZ|25-Aug-2019|BW03ZZZ|25-Aug-2019|||||||||||||||||||||||||||||||||||||||||||||||0|0||2|1|71046|2.0|2019-08-26T00:00:00|hospital_D|hospital_D_20190825
SYN_BENE_06DEDCE50680|SYN_CLM_D38A195E2240|V|60|25-Aug-2019|26-Aug-2019|30-Aug-2019||3|331131|1|1|1|| |24253.64|0.0| ||33|1972913473| |9999938092| |9999938092|||0|1| |24253.64|25-Aug-2019|3|4|A|10|0.0|4850.79|0|4|4850.79|4850.79|0|0|0|0|0|0|0|0|1|0|0|0|0|||||26-Aug-2019|302.0|0|0|R931|R931|Z951|N|R931|Y|I259|Y|T7432X|N|E785|Y|M179|Y|E669|Y|D649|Y|R7303|Y|Z5989|Y|Z591|Y|Z7689|Y|||||||||||||||||||||||||||W19|X58|Y| | | | | | | | | | | | | | | | | | | | | | |BW03ZZZ|25-Aug-2019|B24DZZ3|25-Aug-2019|B920ZZZ|25-Aug-2019|3E033FZ|25-Aug-2019|||||||||||||||||||||||||||||||||||||||||||0|0||1|1|93229|2.0|2019-08-26T00:00:00|hospital_D|hospital_D_20190825
SYN_BENE_06DEDCE50680|SYN_CLM_D38A195E2240|V|60|25-Aug-2019|26-Aug-2019|30-Aug-2019||3|331131|1|1|1|| |24253.64|0.0| ||33|1972913473| |9999938092| |9999938092|||0|1| |24253.64|25-Aug-2019|3|4|A|10|0.0|4850.79|0|4|4850.79|4850.79|0|0|0|0|0|0|0|0|1|0|0|0|0|||||26-Aug-2019|302.0|0|0|R931|R931|Z951|N|R931|Y|I259|Y|T7432X|N|E785|Y|M179|Y|E669|Y|D649|Y|R7303|Y|Z5989|Y|Z591|Y|Z7689|Y|||||||||||||||||||||||||||W19|X58|Y| | | | | | | | | | | | | | | | | | | | | | |BW03ZZZ|25-Aug-2019|B24DZZ3|25-Aug-2019|B920ZZZ|25-Aug-2019|3E033FZ|25-Aug-2019|||||||||||||||||||||||||||||||||||||||||||0|0||2|1|71046|2.0|2019-08-26T00:00:00|hospital_D|hospital_D_20190825
SYN_BENE_06DEDCE50680|SYN_CLM_D38A195E2240|V|60|25-Aug-2019|26-Aug-2019|30-Aug-2019||3|331131|1|1|1|| |24253.64|0.0| ||33|1972913473| |9999938092| |9999938092|||0|1| |24253.64|25-Aug-2019|3|4|A|10|0.0|4850.79|0|4|4850.79|4850.79|0|0|0|0|0|0|0|0|1|0|0|0|0|||||26-Aug-2019|302.0|0|0|R931|R931|Z951|N|R931|Y|I259|Y|T7432X|N|E785|Y|M179|Y|E669|Y|D649|Y|R7303|Y|Z5989|Y|Z591|Y|Z7689|Y|||||||||||||||||||||||||||W19|X58|Y| | | | | | | | | | | | | | | | | | | | | | |BW03ZZZ|25-Aug-2019|B24DZZ3|25-Aug-2019|B920ZZZ|25-Aug-2019|3E033FZ|25-Aug-2019|||||||||||||||||||||||||||||||||||||||||||0|0||3|1|I3C|2.0|2019-08-26T00:00:00|hospital_D|hospital_D_20190825
SYN_BENE_06DEDCE50680|SYN_CLM_D38A195E2240|V|60|25-Aug-2019|26-Aug-2019|30-Aug-2019||3|331131|1|1|1|| |24253.64|0.0| ||33|1972913473| |9999938092| |9999938092|||0|1| |24253.64|25-Aug-2019|3|4|A|10|0.0|4850.79|0|4|4850.79|4850.79|0|0|0|0|0|0|0|0|1|0|0|0|0|||||26-Aug-2019|302.0|0|0|R931|R931|Z951|N|R931|Y|I259|Y|T7432X|N|E785|Y|M179|Y|E669|Y|D649|Y|R7303|Y|Z5989|Y|Z591|Y|Z7689|Y|||||||||||||||||||||||||||W19|X58|Y| | | | | | | | | | | | | | | | | | | | | | |BW03ZZZ|25-Aug-2019|B24DZZ3|25-Aug-2019|B920ZZZ|25-Aug-2019|3E033FZ|25-Aug-2019|||||||||||||||||||||||||||||||||||||||||||0|0||4|1|G9530|2.0|2019-08-26T00:00:00|hospital_D|hospital_D_20190825
SYN_BENE_06DEDCE50680|SYN_CLM_D38A195E2240|V|60|25-Aug-2019|26-Aug-2019|30-Aug-2019||3|331131|1|1|1|| |24253.64|0.0| ||33|1972913473| |9999938092| |9999938092|||0|1| |24253.64|25-Aug-2019|3|4|A|10|0.0|4850.79|0|4|4850.79|4850.79|0|0|0|0|0|0|0|0|1|0|0|0|0|||||26-Aug-2019|302.0|0|0|R931|R931|Z951|N|R931|Y|I259|Y|T7432X|N|E785|Y|M179|Y|E669|Y|D649|Y|R7303|Y|Z5989|Y|Z591|Y|Z7689|Y|||||||||||||||||||||||||||W19|X58|Y| | | | | | | | | | | | | | | | | | | | | | |BW03ZZZ|25-Aug-2019|B24DZZ3|25-Aug-2019|B920ZZZ|25-Aug-2019|3E033FZ|25-Aug-2019|||||||||||||||||||||||||||||||||||||||||||0|0||5|1|QS|2.0|2019-08-26T00:00:00|hospital_D|hospital_D_20190825
SYN_BENE_06DEDCE50680|SYN_CLM_D38A195E2240|V|60|25-Aug-2019|26-Aug-2019|30-Aug-2019||3|331131|1|1|1|| |24253.64|0.0| ||33|1972913473| |9999938092| |9999938092|||0|1| |24253.64|25-Aug-2019|3|4|A|10|0.0|4850.79|0|4|4850.79|4850.79|0|0|0|0|0|0|0|0|1|0|0|0|0|||||26-Aug-2019|302.0|0|0|R931|R931|Z951|N|R931|Y|I259|Y|T7432X|N|E785|Y|M179|Y|E669|Y|D649|Y|R7303|Y|Z5989|Y|Z591|Y|Z7689|Y|||||||||||||||||||||||||||W19|X58|Y| | | | | | | | | | | | | | | | | | | | | | |BW03ZZZ|25-Aug-2019|B24DZZ3|25-Aug-2019|B920ZZZ|25-Aug-2019|3E033FZ|25-Aug-2019|||||||||||||||||||||||||||||||||||||||||||0|0||6|1|G8939|2.0|2019-08-26T00:00:00|hospital_D|hospital_D_20190825
SYN_BENE_95EF898BF916|SYN_CLM_7B49BC30205D|V|60|25-Aug-2019|26-Aug-2019|30-Aug-2019||3|331131|1|1|1|| |24253.64|0.0| ||33|1972913473| |9999938092| |9999938092|||0|1| |24253.64|25-Aug-2019|3|4|A|10|0.0|4850.79|0|4|4850.79|4850.79|0|0|0|0|0|0|0|0|1|0|0|0|0|||||26-Aug-2019|302.0|0|0|R931|R931|Z951|N|R931|Y|I259|Y|T7432X|N|E785|Y|M179|Y|E669|Y|D649|Y|R7303|Y|Z5989|Y|Z591|Y|Z7689|Y|||||||||||||||||||||||||||W19|X58|Y| | | | | | | | | | | | | | | | | | | | | | |BW03ZZZ|25-Aug-2019|B24DZZ3|25-Aug-2019|B920ZZZ|25-Aug-2019|3E033FZ|25-Aug-2019|||||||||||||||||||||||||||||||||||||||||||0|0||1|1|93229|2.0|2019-08-26T00:00:00|hospital_D|hospital_D_20190825
SYN_BENE_95EF898BF916|SYN_CLM_7B49BC30205D|V|60|25-Aug-2019|26-Aug-2019|30-Aug-2019||3|331131|1|1|1|| |24253.64|0.0| ||33|1972913473| |9999938092| |9999938092|||0|1| |24253.64|25-Aug-2019|3|4|A|10|0.0|4850.79|0|4|4850.79|4850.79|0|0|0|0|0|0|0|0|1|0|0|0|0|||||26-Aug-2019|302.0|0|0|R931|R931|Z951|N|R931|Y|I259|Y|T7432X|N|E785|Y|M179|Y|E669|Y|D649|Y|R7303|Y|Z5989|Y|Z591|Y|Z7689|Y|||||||||||||||||||||||||||W19|X58|Y| | | | | | | | | | | | | | | | | | | | | | |BW03ZZZ|25-Aug-2019|B24DZZ3|25-Aug-2019|B920ZZZ|25-Aug-2019|3E033FZ|25-Aug-2019|||||||||||||||||||||||||||||||||||||||||||0|0||2|1|71046|2.0|2019-08-26T00:00:00|hospital_D|hospital_D_20190825
SYN_BENE_95EF898BF916|SYN_CLM_7B49BC30205D|V|60|25-Aug-2019|26-Aug-2019|30-Aug-2019||3|331131|1|1|1|| |24253.64|0.0| ||33|1972913473| |9999938092| |9999938092|||0|1| |24253.64|25-Aug-2019|3|4|A|10|0.0|4850.79|0|4|4850.79|4850.79|0|0|0|0|0|0|0|0|1|0|0|0|0|||||26-Aug-2019|302.0|0|0|R931|R931|Z951|N|R931|Y|I259|Y|T7432X|N|E785|Y|M179|Y|E669|Y|D649|Y|R7303|Y|Z5989|Y|Z591|Y|Z7689|Y|||||||||||||||||||||||||||W19|X58|Y| | | | | | | | | | | | | | | | | | | | | | |BW03ZZZ|25-Aug-2019|B24DZZ3|25-Aug-2019|B920ZZZ|25-Aug-2019|3E033FZ|25-Aug-2019|||||||||||||||||||||||||||||||||||||||||||0|0||3|1|I3C|2.0|2019-08-26T00:00:00|hospital_D|hospital_D_20190825
SYN_BENE_95EF898BF916|SYN_CLM_7B49BC30205D|V|60|25-Aug-2019|26-Aug-2019|30-Aug-2019||3|331131|1|1|1|| |24253.64|0.0| ||33|1972913473| |9999938092| |9999938092|||0|1| |24253.64|25-Aug-2019|3|4|A|10|0.0|4850.79|0|4|4850.79|4850.79|0|0|0|0|0|0|0|0|1|0|0|0|0|||||26-Aug-2019|302.0|0|0|R931|R931|Z951|N|R931|Y|I259|Y|T7432X|N|E785|Y|M179|Y|E669|Y|D649|Y|R7303|Y|Z5989|Y|Z591|Y|Z7689|Y|||||||||||||||||||||||||||W19|X58|Y| | | | | | | | | | | | | | | | | | | | | | |BW03ZZZ|25-Aug-2019|B24DZZ3|25-Aug-2019|B920ZZZ|25-Aug-2019|3E033FZ|25-Aug-2019|||||||||||||||||||||||||||||||||||||||||||0|0||4|1|G9530|2.0|2019-08-26T00:00:00|hospital_D|hospital_D_20190825
SYN_BENE_95EF898BF916|SYN_CLM_7B49BC30205D|V|60|25-Aug-2019|26-Aug-2019|30-Aug-2019||3|331131|1|1|1|| |24253.64|0.0| ||33|1972913473| |9999938092| |9999938092|||0|1| |24253.64|25-Aug-2019|3|4|A|10|0.0|4850.79|0|4|4850.79|4850.79|0|0|0|0|0|0|0|0|1|0|0|0|0|||||26-Aug-2019|302.0|0|0|R931|R931|Z951|N|R931|Y|I259|Y|T7432X|N|E785|Y|M179|Y|E669|Y|D649|Y|R7303|Y|Z5989|Y|Z591|Y|Z7689|Y|||||||||||||||||||||||||||W19|X58|Y| | | | | | | | | | | | | | | | | | | | | | |BW03ZZZ|25-Aug-2019|B24DZZ3|25-Aug-2019|B920ZZZ|25-Aug-2019|3E033FZ|25-Aug-2019|||||||||||||||||||||||||||||||||||||||||||0|0||5|1|QS|2.0|2019-08-26T00:00:00|hospital_D|hospital_D_20190825
SYN_BENE_95EF898BF916|SYN_CLM_7B49BC30205D|V|60|25-Aug-2019|26-Aug-2019|30-Aug-2019||3|331131|1|1|1|| |24253.64|0.0| ||33|1972913473| |9999938092| |9999938092|||0|1| |24253.64|25-Aug-2019|3|4|A|10|0.0|4850.79|0|4|4850.79|4850.79|0|0|0|0|0|0|0|0|1|0|0|0|0|||||26-Aug-2019|302.0|0|0|R931|R931|Z951|N|R931|Y|I259|Y|T7432X|N|E785|Y|M179|Y|E669|Y|D649|Y|R7303|Y|Z5989|Y|Z591|Y|Z7689|Y|||||||||||||||||||||||||||W19|X58|Y| | | | | | | | | | | | | | | | | | | | | | |BW03ZZZ|25-Aug-2019|B24DZZ3|25-Aug-2019|B920ZZZ|25-Aug-2019|3E033FZ|25-Aug-2019|||||||||||||||||||||||||||||||||||||||||||0|0||6|1|G8939|2.0|2019-08-26T00:00:00|hospital_D|hospital_D_20190825
SYN_BENE_166F2F046D0D|SYN_CLM_4FEC9FB36DFB|V|60|25-Aug-2019|26-Aug-2019|30-Aug-2019||3|331131|1|1|1|| |17660.25|0.0| ||33|1972913473| |9999938092| |9999938092|||0|1| |17660.25|25-Aug-2019|3|1|A|10|0.0|3532.09|0|4|3532.09|3532.09|0|0|0|0|0|0|0|0|1|0|0|0|0|||||26-Aug-2019|951.0|0|0|Z951|Z951|Z951|N|R931|Y|I259|Y|Z604|N|E785|Y|M179|Y|E669|Y|D649|Y|R7303|Y|Z5989|Y|Z591|Y|Z7689|Y|||||||||||||||||||||||||||X58|X58|U| | | | | | | | | | | | | | | | | | | | | | |0BP17DZ|25-Aug-2019|BW03ZZZ|25-Aug-2019|||||||||||||||||||||||||||||||||||||||||||||||0|0||1|1|93229|2.0|2019-08-26T00:00:00|hospital_D|hospital_D_20190825
SYN_BENE_166F2F046D0D|SYN_CLM_4FEC9FB36DFB|V|60|25-Aug-2019|26-Aug-2019|30-Aug-2019||3|331131|1|1|1|| |17660.25|0.0| ||33|1972913473| |9999938092| |9999938092|||0|1| |17660.25|25-Aug-2019|3|1|A|10|0.0|3532.09|0|4|3532.09|3532.09|0|0|0|0|0|0|0|0|1|0|0|0|0|||||26-Aug-2019|951.0|0|0|Z951|Z951|Z951|N|R931|Y|I259|Y|Z604|N|E785|Y|M179|Y|E669|Y|D649|Y|R7303|Y|Z5989|Y|Z591|Y|Z7689|Y|||||||||||||||||||||||||||X58|X58|U| | | | | | | | | | | | | | | | | | | | | | |0BP17DZ|25-Aug-2019|BW03ZZZ|25-Aug-2019|||||||||||||||||||||||||||||||||||||||||||||||0|0||2|1|71046|2.0|2019-08-26T00:00:00|hospital_D|hospital_D_20190825
