BENE_ID|CLM_ID|NCH_NEAR_LINE_REC_IDENT_CD|NCH_CLM_TYPE_CD|CLM_FROM_DT|CLM_THRU_DT|NCH_WKLY_PROC_DT|FI_CLM_PROC_DT|CLAIM_QUERY_CODE|PRVDR_NUM|CLM_FAC_TYPE_CD|CLM_SRVC_CLSFCTN_TYPE_CD|CLM_FREQ_CD|FI_NUM|CLM_MDCR_NON_PMT_RSN_CD|CLM_PMT_AMT|NCH_PRMRY_PYR_CLM_PD_AMT|NCH_PRMRY_PYR_CD|FI_CLM_ACTN_CD|PRVDR_STATE_CD|ORG_NPI_NUM|AT_PHYSN_UPIN|AT_PHYSN_NPI|OP_PHYSN_UPIN|OP_PHYSN_NPI|OT_PHYSN_UPIN|OT_PHYSN_NPI|CLM_MCO_PD_SW|PTNT_DSCHRG_STUS_CD|CLM_PPS_IND_CD|CLM_TOT_CHRG_AMT|CLM_ADMSN_DT|CLM_IP_ADMSN_TYPE_CD|CLM_SRC_IP_ADMSN_CD|NCH_PTNT_STATUS_IND_CD|CLM_PASS_THRU_PER_DIEM_AMT|NCH_BENE_IP_DDCTBL_AMT|NCH_BENE_PTA_COINSRNC_LBLTY_AM|NCH_BENE_BLOOD_DDCTBL_LBLTY_AM|NCH_PROFNL_CMPNT_CHRG_AMT|NCH_IP_NCVRD_CHRG_AMT|NCH_IP_TOT_DDCTN_AMT|CLM_TOT_PPS_CPTL_AMT|CLM_PPS_CPTL_FSP_AMT|CLM_PPS_CPTL_OUTLIER_AMT|CLM_PPS_CPTL_DSPRPRTNT_SHR_AMT|CLM_PPS_CPTL_IME_AMT|CLM_PPS_CPTL_EXCPTN_AMT|CLM_PPS_OLD_CPTL_HLD_HRMLS_AMT|CLM_PPS_CPTL_DRG_WT_NUM|CLM_UTLZTN_DAY_CNT|BENE_TOT_COINSRNC_DAYS_CNT|BENE_LRD_USED_CNT|CLM_NON_UTLZTN_DAYS_CNT|NCH_BLOOD_PNTS_FRNSHD_QTY|NCH_VRFD_NCVRD_STAY_FROM_DT|NCH_VRFD_NCVRD_STAY_THRU_DT|NCH_ACTV_OR_CVRD_LVL_CARE_THRU|NCH_BENE_MDCR_BNFTS_EXHTD_DT_I|NCH_BENE_DSCHRG_DT|CLM_DRG_CD|CLM_DRG_OUTLIER_STAY_CD|NCH_DRG_OUTLIER_APRVD_PMT_AMT|ADMTG_DGNS_CD|PRNCPAL_DGNS_CD|ICD_DGNS_CD1|CLM_POA_IND_SW1|ICD_DGNS_CD2|CLM_POA_IND_SW2|ICD_DGNS_CD3|CLM_POA_IND_SW3|ICD_DGNS_CD4|CLM_POA_IND_SW4|ICD_DGNS_CD5|CLM_POA_IND_SW5|ICD_DGNS_CD6|CLM_POA_IND_SW6|ICD_DGNS_CD7|CLM_POA_IND_SW7|ICD_DGNS_CD8|CLM_POA_IND_SW8|ICD_DGNS_CD9|CLM_POA_IND_SW9|ICD_DGNS_CD10|CLM_POA_IND_SW10|ICD_DGNS_CD11|CLM_POA_IND_SW11|ICD_DGNS_CD12|CLM_POA_IND_SW12|ICD_DGNS_CD13|CLM_POA_IND_SW13|ICD_DGNS_CD14|CLM_POA_IND_SW14|ICD_DGNS_CD15|CLM_POA_IND_SW15|ICD_DGNS_CD16|CLM_POA_IND_SW16|ICD_DGNS_CD17|CLM_POA_IND_SW17|ICD_DGNS_CD18|CLM_POA_IND_SW18|ICD_DGNS_CD19|CLM_POA_IND_SW19|ICD_DGNS_CD20|CLM_POA_IND_SW20|ICD_DGNS_CD21|CLM_POA_IND_SW21|ICD_DGNS_CD22|CLM_POA_IND_SW22|ICD_DGNS_CD23|CLM_POA_IND_SW23|ICD_DGNS_CD24|CLM_POA_IND_SW24|ICD_DGNS_CD25|CLM_POA_IND_SW25|FST_DGNS_E_CD|ICD_DGNS_E_CD1|CLM_E_POA_IND_SW1|ICD_DGNS_E_CD2|CLM_E_POA_IND_SW2|ICD_DGNS_E_CD3|CLM_E_POA_IND_SW3|ICD_DGNS_E_CD4|CLM_E_POA_IND_SW4|ICD_DGNS_E_CD5|CLM_E_POA_IND_SW5|ICD_DGNS_E_CD6|CLM_E_POA_IND_SW6|ICD_DGNS_E_CD7|CLM_E_POA_IND_SW7|ICD_DGNS_E_CD8|CLM_E_POA_IND_SW8|ICD_DGNS_E_CD9|CLM_E_POA_IND_SW9|ICD_DGNS_E_CD10|CLM_E_POA_IND_SW10|ICD_DGNS_E_CD11|CLM_E_POA_IND_SW11|ICD_DGNS_E_CD12|CLM_E_POA_IND_SW12|ICD_PRCDR_CD1|PRCDR_DT1|ICD_PRCDR_CD2|PRCDR_DT2|ICD_PRCDR_CD3|PRCDR_DT3|ICD_PRCDR_CD4|PRCDR_DT4|ICD_PRCDR_CD5|PRCDR_DT5|ICD_PRCDR_CD6|PRCDR_DT6|ICD_PRCDR_CD7|PRCDR_DT7|ICD_PRCDR_CD8|PRCDR_DT8|ICD_PRCDR_CD9|PRCDR_DT9|ICD_PRCDR_CD10|PRCDR_DT10|ICD_PRCDR_CD11|PRCDR_DT11|ICD_PRCDR_CD12|PRCDR_DT12|ICD_PRCDR_CD13|PRCDR_DT13|ICD_PRCDR_CD14|PRCDR_DT14|ICD_PRCDR_CD15|PRCDR_DT15|ICD_PRCDR_CD16|PRCDR_DT16|ICD_PRCDR_CD17|PRCDR_DT17|ICD_PRCDR_CD18|PRCDR_DT18|ICD_PRCDR_CD19|PRCDR_DT19|ICD_PRCDR_CD20|PRCDR_DT20|ICD_PRCDR_CD21|PRCDR_DT21|ICD_PRCDR_CD22|PRCDR_DT22|ICD_PRCDR_CD23|PRCDR_DT23|ICD_PRCDR_CD24|PRCDR_DT24|ICD_PRCDR_CD25|PRCDR_DT25|IME_OP_CLM_VAL_AMT|DSH_OP_CLM_VAL_AMT|CLM_UNCOMPD_CARE_PMT_AMT|CLM_LINE_NUM|REV_CNTR|HCPCS_CD|REV_CNTR_DDCTBL_COINSRNC_CD|ingestion_timestamp|hospital_id|batch_id
-10000010282387|-10000931260442|V|60|08-Jan-2019|08-Jan-2019|11-Jan-2019||3|491581|1|1|1|| |1234.43|0.0| ||49|1063523132| |9999868992| |9999868992|||0|1| |1234.43|08-Jan-2019|1|1|A|10|0.0|246.88|0|4|0.0|0.0|0|0|0|0|0|0|0|0|0|0|0|0|0|||||08-Jan-2019|951.0|0|0||Z733|Z733|Y|Z608|Y|G309|Y|Z653|Y|N1830|Y|E1121|Y|E0922|N|E1129|Y|G43719|Y|E785|Y|E1022|N|E1121|Y|E781|Y|R931|Y|E119|Y|I259|Y|E8881|Y|E669|Y|R7303|Y|D649|Y|I10|Y|Z560|Y|Z9189|N|||||||| | | | | | | | | | | | | | | | | | | | | | |GZ3|08-Jan-2019|Z741|08-Jan-2019|F419|08-Jan-2019|Z9181|08-Jan-2019|Z1331|08-Jan-2019|Z1331|08-Jan-2019|F1990|08-Jan-2019|F109|08-Jan-2019|||||||||||||||||||||||||||||||||||0|0||1|450|99495|3.0|2019-01-09T00:00:00|hospital_B|hospital_B_20190108
-10000010282387|-10000931260442|V|60|08-Jan-2019|08-Jan-2019|11-Jan-2019||3|491581|1|1|1|| |1234.43|0.0| ||49|1063523132| |9999868992| |9999868992|||0|1| |1234.43|08-Jan-2019|1|1|A|10|0.0|246.88|0|4|0.0|0.0|0|0|0|0|0|0|0|0|0|0|0|0|0|||||08-Jan-2019|951.0|0|0||Z733|Z733|Y|Z608|Y|G309|Y|Z653|Y|N1830|Y|E1121|Y|E0922|N|E1129|Y|G43719|Y|E785|Y|E1022|N|E1121|Y|E781|Y|R931|Y|E119|Y|I259|Y|E8881|Y|E669|Y|R7303|Y|D649|Y|I10|Y|Z560|Y|Z9189|N|||||||| | | | | | | | | | | | | | | | | | | | | | |GZ3|08-Jan-2019|Z741|08-Jan-2019|F419|08-Jan-2019|Z9181|08-Jan-2019|Z1331|08-Jan-2019|Z1331|08-Jan-2019|F1990|08-Jan-2019|F109|08-Jan-2019|||||||||||||||||||||||||||||||||||0|0||2|450|96156|3.0|2019-01-09T00:00:00|hospital_B|hospital_B_20190108
-10000010282387|-10000931260442|V|60|08-Jan-2019|08-Jan-2019|11-Jan-2019||3|491581|1|1|1|| |1234.43|0.0| ||49|1063523132| |9999868992| |9999868992|||0|1| |1234.43|08-Jan-2019|1|1|A|10|0.0|246.88|0|4|0.0|0.0|0|0|0|0|0|0|0|0|0|0|0|0|0|||||08-Jan-2019|951.0|0|0||Z733|Z733|Y|Z608|Y|G309|Y|Z653|Y|N1830|Y|E1121|Y|E0922|N|E1129|Y|G43719|Y|E785|Y|E1022|N|E1121|Y|E781|Y|R931|Y|E119|Y|I259|Y|E8881|Y|E669|Y|R7303|Y|D649|Y|I10|Y|Z560|Y|Z9189|N|||||||| | | | | | | | | | | | | | | | | | | | | | |GZ3|08-Jan-2019|Z741|08-Jan-2019|F419|08-Jan-2019|Z9181|08-Jan-2019|Z1331|08-Jan-2019|Z1331|08-Jan-2019|F1990|08-Jan-2019|F109|08-Jan-2019|||||||||||||||||||||||||||||||||||0|0||3|450|96127|3.0|2019-01-09T00:00:00|hospital_B|hospital_B_20190108
-10000010282387|-10000931260442|V|60|08-Jan-2019|08-Jan-2019|11-Jan-2019||3|491581|1|1|1|| |1234.43|0.0| ||49|1063523132| |9999868992| |9999868992|||0|1| |1234.43|08-Jan-2019|1|1|A|10|0.0|246.88|0|4|0.0|0.0|0|0|0|0|0|0|0|0|0|0|0|0|0|||||08-Jan-2019|951.0|0|0||Z733|Z733|Y|Z608|Y|G309|Y|Z653|Y|N1830|Y|E1121|Y|E0922|N|E1129|Y|G43719|Y|E785|Y|E1022|N|E1121|Y|E781|Y|R931|Y|E119|Y|I259|Y|E8881|Y|E669|Y|R7303|Y|D649|Y|I10|Y|Z560|Y|Z9189|N|||||||| | | | | | | | | | | | | | | | | | | | | | |GZ3|08-Jan-2019|Z741|08-Jan-2019|F419|08-Jan-2019|Z9181|08-Jan-2019|Z1331|08-Jan-2019|Z1331|08-Jan-2019|F1990|08-Jan-2019|F109|08-Jan-2019|||||||||||||||||||||||||||||||||||0|0||4|450|M1069|3.0|2019-01-09T00:00:00|hospital_B|hospital_B_20190108
-10000010282387|-10000931260442|V|60|08-Jan-2019|08-Jan-2019|11-Jan-2019||3|491581|1|1|1|| |1234.43|0.0| ||49|1063523132| |9999868992| |9999868992|||0|1| |1234.43|08-Jan-2019|1|1|A|10|0.0|246.88|0|4|0.0|0.0|0|0|0|0|0|0|0|0|0|0|0|0|0|||||08-Jan-2019|951.0|0|0||Z733|Z733|Y|Z608|Y|G309|Y|Z653|Y|N1830|Y|E1121|Y|E0922|N|E1129|Y|G43719|Y|E785|Y|E1022|N|E1121|Y|E781|Y|R931|Y|E119|Y|I259|Y|E8881|Y|E669|Y|R7303|Y|D649|Y|I10|Y|Z560|Y|Z9189|N|||||||| | | | | | | | | | | | | | | | | | | | | | |GZ3|08-Jan-2019|Z741|08-Jan-2019|F419|08-Jan-2019|Z9181|08-Jan-2019|Z1331|08-Jan-2019|Z1331|08-Jan-2019|F1990|08-Jan-2019|F109|08-Jan-2019|||||||||||||||||||||||||||||||||||0|0||5|450|G0444|3.0|2019-01-09T00:00:00|hospital_B|hospital_B_20190108
-10000010282387|-10000931260442|V|60|08-Jan-2019|08-Jan-2019|11-Jan-2019||3|491581|1|1|1|| |1234.43|0.0| ||49|1063523132| |9999868992| |9999868992|||0|1| |1234.43|08-Jan-2019|1|1|A|10|0.0|246.88|0|4|0.0|0.0|0|0|0|0|0|0|0|0|0|0|0|0|0|||||08-Jan-2019|951.0|0|0||Z733|Z733|Y|Z608|Y|G309|Y|Z653|Y|N1830|Y|E1121|Y|E0922|N|E1129|Y|G43719|Y|E785|Y|E1022|N|E1121|Y|E781|Y|R931|Y|E119|Y|I259|Y|E8881|Y|E669|Y|R7303|Y|D649|Y|I10|Y|Z560|Y|Z9189|N|||||||| | | | | | | | | | | | | | | | | | | | | | |GZ3|08-Jan-2019|Z741|08-Jan-2019|F419|08-Jan-2019|Z9181|08-Jan-2019|Z1331|08-Jan-2019|Z1331|08-Jan-2019|F1990|08-Jan-2019|F109|08-Jan-2019|||||||||||||||||||||||||||||||||||0|0||6|450|G0444|3.0|2019-01-09T00:00:00|hospital_B|hospital_B_20190108
-10000010282387|-10000931260442|V|60|08-Jan-2019|08-Jan-2019|11-Jan-2019||3|491581|1|1|1|| |1234.43|0.0| ||49|1063523132| |9999868992| |9999868992|||0|1| |1234.43|08-Jan-2019|1|1|A|10|0.0|246.88|0|4|0.0|0.0|0|0|0|0|0|0|0|0|0|0|0|0|0|||||08-Jan-2019|951.0|0|0||Z733|Z733|Y|Z608|Y|G309|Y|Z653|Y|N1830|Y|E1121|Y|E0922|N|E1129|Y|G43719|Y|E785|Y|E1022|N|E1121|Y|E781|Y|R931|Y|E119|Y|I259|Y|E8881|Y|E669|Y|R7303|Y|D649|Y|I10|Y|Z560|Y|Z9189|N|||||||| | | | | | | | | | | | | | | | | | | | | | |GZ3|08-Jan-2019|Z741|08-Jan-2019|F419|08-Jan-2019|Z9181|08-Jan-2019|Z1331|08-Jan-2019|Z1331|08-Jan-2019|F1990|08-Jan-2019|F109|08-Jan-2019|||||||||||||||||||||||||||||||||||0|0||7|450|99408|3.0|2019-01-09T00:00:00|hospital_B|hospital_B_20190108
-10000010282387|-10000931260442|V|60|08-Jan-2019|08-Jan-2019|11-Jan-2019||3|491581|1|1|1|| |1234.43|0.0| ||49|1063523132| |9999868992| |9999868992|||0|1| |1234.43|08-Jan-2019|1|1|A|10|0.0|246.88|0|4|0.0|0.0|0|0|0|0|0|0|0|0|0|0|0|0|0|||||08-Jan-2019|951.0|0|0||Z733|Z733|Y|Z608|Y|G309|Y|Z653|Y|N1830|Y|E1121|Y|E0922|N|E1129|Y|G43719|Y|E785|Y|E1022|N|E1121|Y|E781|Y|R931|Y|E119|Y|I259|Y|E8881|Y|E669|Y|R7303|Y|D649|Y|I10|Y|Z560|Y|Z9189|N|||||||| | | | | | | | | | | | | | | | | | | | | | |GZ3|08-Jan-2019|Z741|08-Jan-2019|F419|08-Jan-2019|Z9181|08-Jan-2019|Z1331|08-Jan-2019|Z1331|08-Jan-2019|F1990|08-Jan-2019|F109|08-Jan-2019|||||||||||||||||||||||||||||||||||0|0||8|450|G0442|3.0|2019-01-09T00:00:00|hospital_B|hospital_B_20190108
SYN_BENE_D94A40CEB6B0|SYN_CLM_B9DE3E6FF507|V|60|08-Jan-2019|08-Jan-2019|11-Jan-2019||3|491581|1|1|1|| |1234.43|0.0| ||49|1063523132| |9999868992| |9999868992|||0|1| |1234.43|08-Jan-2019|1|1|A|10|0.0|246.88|0|4|0.0|0.0|0|0|0|0|0|0|0|0|0|0|0|0|0|||||08-Jan-2019|951.0|0|0||Z733|Z733|Y|Z608|Y|G309|Y|Z653|Y|N1830|Y|E1121|Y|E0922|N|E1129|Y|G43719|Y|E785|Y|E1022|N|E1121|Y|E781|Y|R931|Y|E119|Y|I259|Y|E8881|Y|E669|Y|R7303|Y|D649|Y|I10|Y|Z560|Y|Z9189|N|||||||| | | | | | | | | | | | | | | | | | | | | | |GZ3|08-Jan-2019|Z741|08-Jan-2019|F419|08-Jan-2019|Z9181|08-Jan-2019|Z1331|08-Jan-2019|Z1331|08-Jan-2019|F1990|08-Jan-2019|F109|08-Jan-2019|||||||||||||||||||||||||||||||||||0|0||1|450|99495|3.0|2019-01-09T00:00:00|hospital_B|hospital_B_20190108
SYN_BENE_D94A40CEB6B0|SYN_CLM_B9DE3E6FF507|V|60|08-Jan-2019|08-Jan-2019|11-Jan-2019||3|491581|1|1|1|| |1234.43|0.0| ||49|1063523132| |9999868992| |9999868992|||0|1| |1234.43|08-Jan-2019|1|1|A|10|0.0|246.88|0|4|0.0|0.0|0|0|0|0|0|0|0|0|0|0|0|0|0|||||08-Jan-2019|951.0|0|0||Z733|Z733|Y|Z608|Y|G309|Y|Z653|Y|N1830|Y|E1121|Y|E0922|N|E1129|Y|G43719|Y|E785|Y|E1022|N|E1121|Y|E781|Y|R931|Y|E119|Y|I259|Y|E8881|Y|E669|Y|R7303|Y|D649|Y|I10|Y|Z560|Y|Z9189|N|||||||| | | | | | | | | | | | | | | | | | | | | | |GZ3|08-Jan-2019|Z741|08-Jan-2019|F419|08-Jan-2019|Z9181|08-Jan-2019|Z1331|08-Jan-2019|Z1331|08-Jan-2019|F1990|08-Jan-2019|F109|08-Jan-2019|||||||||||||||||||||||||||||||||||0|0||2|450|96156|3.0|2019-01-09T00:00:00|hospital_B|hospital_B_20190108
SYN_BENE_D94A40CEB6B0|SYN_CLM_B9DE3E6FF507|V|60|08-Jan-2019|08-Jan-2019|11-Jan-2019||3|491581|1|1|1|| |1234.43|0.0| ||49|1063523132| |9999868992| |9999868992|||0|1| |1234.43|08-Jan-2019|1|1|A|10|0.0|246.88|0|4|0.0|0.0|0|0|0|0|0|0|0|0|0|0|0|0|0|||||08-Jan-2019|951.0|0|0||Z733|Z733|Y|Z608|Y|G309|Y|Z653|Y|N1830|Y|E1121|Y|E0922|N|E1129|Y|G43719|Y|E785|Y|E1022|N|E1121|Y|E781|Y|R931|Y|E119|Y|I259|Y|E8881|Y|E669|Y|R7303|Y|D649|Y|I10|Y|Z560|Y|Z9189|N|||||||| | | | | | | | | | | | | | | | | | | | | | |GZ3|08-Jan-2019|Z741|08-Jan-2019|F419|08-Jan-2019|Z9181|08-Jan-2019|Z1331|08-Jan-2019|Z1331|08-Jan-2019|F1990|08-Jan-2019|F109|08-Jan-2019|||||||||||||||||||||||||||||||||||0|0||3|450|96127|3.0|2019-01-09T00:00:00|hospital_B|hospital_B_20190108
SYN_BENE_D94A40CEB6B0|SYN_CLM_B9DE3E6FF507|V|60|08-Jan-2019|08-Jan-2019|11-Jan-2019||3|491581|1|1|1|| |1234.43|0.0| ||49|1063523132| |9999868992| |9999868992|||0|1| |1234.43|08-Jan-2019|1|1|A|10|0.0|246.88|0|4|0.0|0.0|0|0|0|0|0|0|0|0|0|0|0|0|0|||||08-Jan-2019|951.0|0|0||Z733|Z733|Y|Z608|Y|G309|Y|Z653|Y|N1830|Y|E1121|Y|E0922|N|E1129|Y|G43719|Y|E785|Y|E1022|N|E1121|Y|E781|Y|R931|Y|E119|Y|I259|Y|E8881|Y|E669|Y|R7303|Y|D649|Y|I10|Y|Z560|Y|Z9189|N|||||||| | | | | | | | | | | | | | | | | | | | | | |GZ3|08-Jan-2019|Z741|08-Jan-2019|F419|08-Jan-2019|Z9181|08-Jan-2019|Z1331|08-Jan-2019|Z1331|08-Jan-2019|F1990|08-Jan-2019|F109|08-Jan-2019|||||||||||||||||||||||||||||||||||0|0||4|450|M1069|3.0|2019-01-09T00:00:00|hospital_B|hospital_B_20190108
SYN_BENE_D94A40CEB6B0|SYN_CLM_B9DE3E6FF507|V|60|08-Jan-2019|08-Jan-2019|11-Jan-2019||3|491581|1|1|1|| |1234.43|0.0| ||49|1063523132| |9999868992| |9999868992|||0|1| |1234.43|08-Jan-2019|1|1|A|10|0.0|246.88|0|4|0.0|0.0|0|0|0|0|0|0|0|0|0|0|0|0|0|||||08-Jan-2019|951.0|0|0||Z733|Z733|Y|Z608|Y|G309|Y|Z653|Y|N1830|Y|E1121|Y|E0922|N|E1129|Y|G43719|Y|E785|Y|E1022|N|E1121|Y|E781|Y|R931|Y|E119|Y|I259|Y|E8881|Y|E669|Y|R7303|Y|D649|Y|I10|Y|Z560|Y|Z9189|N|||||||| | | | | | | | | | | | | | | | | | | | | | |GZ3|08-Jan-2019|Z741|08-Jan-2019|F419|08-Jan-2019|Z9181|08-Jan-2019|Z1331|08-Jan-2019|Z1331|08-Jan-2019|F1990|08-Jan-2019|F109|08-Jan-2019|||||||||||||||||||||||||||||||||||0|0||5|450|G0444|3.0|2019-01-09T00:00:00|hospital_B|hospital_B_20190108
SYN_BENE_D94A40CEB6B0|SYN_CLM_B9DE3E6FF507|V|60|08-Jan-2019|08-Jan-2019|11-Jan-2019||3|491581|1|1|1|| |1234.43|0.0| ||49|1063523132| |9999868992| |9999868992|||0|1| |1234.43|08-Jan-2019|1|1|A|10|0.0|246.88|0|4|0.0|0.0|0|0|0|0|0|0|0|0|0|0|0|0|0|||||08-Jan-2019|951.0|0|0||Z733|Z733|Y|Z608|Y|G309|Y|Z653|Y|N1830|Y|E1121|Y|E0922|N|E1129|Y|G43719|Y|E785|Y|E1022|N|E1121|Y|E781|Y|R931|Y|E119|Y|I259|Y|E8881|Y|E669|Y|R7303|Y|D649|Y|I10|Y|Z560|Y|Z9189|N|||||||| | | | | | | | | | | | | | | | | | | | | | |GZ3|08-Jan-2019|Z741|08-Jan-2019|F419|08-Jan-2019|Z9181|08-Jan-2019|Z1331|08-Jan-2019|Z1331|08-Jan-2019|F1990|08-Jan-2019|F109|08-Jan-2019|||||||||||||||||||||||||||||||||||0|0||6|450|G0444|3.0|2019-01-09T00:00:00|hospital_B|hospital_B_20190108
SYN_BENE_D94A40CEB6B0|SYN_CLM_B9DE3E6FF507|V|60|08-Jan-2019|08-Jan-2019|11-Jan-2019||3|491581|1|1|1|| |1234.43|0.0| ||49|1063523132| |9999868992| |9999868992|||0|1| |1234.43|08-Jan-2019|1|1|A|10|0.0|246.88|0|4|0.0|0.0|0|0|0|0|0|0|0|0|0|0|0|0|0|||||08-Jan-2019|951.0|0|0||Z733|Z733|Y|Z608|Y|G309|Y|Z653|Y|N1830|Y|E1121|Y|E0922|N|E1129|Y|G43719|Y|E785|Y|E1022|N|E1121|Y|E781|Y|R931|Y|E119|Y|I259|Y|E8881|Y|E669|Y|R7303|Y|D649|Y|I10|Y|Z560|Y|Z9189|N|||||||| | | | | | | | | | | | | | | | | | | | | | |GZ3|08-Jan-2019|Z741|08-Jan-2019|F419|08-Jan-2019|Z9181|08-Jan-2019|Z1331|08-Jan-2019|Z1331|08-Jan-2019|F1990|08-Jan-2019|F109|08-Jan-2019|||||||||||||||||||||||||||||||||||0|0||7|450|99408|3.0|2019-01-09T00:00:00|hospital_B|hospital_B_20190108
SYN_BENE_D94A40CEB6B0|SYN_CLM_B9DE3E6FF507|V|60|08-Jan-2019|08-Jan-2019|11-Jan-2019||3|491581|1|1|1|| |1234.43|0.0| ||49|1063523132| |9999868992| |9999868992|||0|1| |1234.43|08-Jan-2019|1|1|A|10|0.0|246.88|0|4|0.0|0.0|0|0|0|0|0|0|0|0|0|0|0|0|0|||||08-Jan-2019|951.0|0|0||Z733|Z733|Y|Z608|Y|G309|Y|Z653|Y|N1830|Y|E1121|Y|E0922|N|E1129|Y|G43719|Y|E785|Y|E1022|N|E1121|Y|E781|Y|R931|Y|E119|Y|I259|Y|E8881|Y|E669|Y|R7303|Y|D649|Y|I10|Y|Z560|Y|Z9189|N|||||||| | | | | | | | | | | | | | | | | | | | | | |GZ3|08-Jan-2019|Z741|08-Jan-2019|F419|08-Jan-2019|Z9181|08-Jan-2019|Z1331|08-Jan-2019|Z1331|08-Jan-2019|F1990|08-Jan-2019|F109|08-Jan-2019|||||||||||||||||||||||||||||||||||0|0||8|450|G0442|3.0|2019-01-09T00:00:00|hospital_B|hospital_B_20190108
SYN_BENE_95D0851C6501|SYN_CLM_C5464F8D90FA|V|60|08-Jan-2019|08-Jan-2019|11-Jan-2019||3|491581|1|1|1|| |1234.43|0.0| ||49|1063523132| |9999868992| |9999868992|||0|1| |1234.43|08-Jan-2019|1|1|A|10|0.0|246.88|0|4|0.0|0.0|0|0|0|0|0|0|0|0|0|0|0|0|0|||||08-Jan-2019|951.0|0|0||Z733|Z733|Y|Z608|Y|G309|Y|Z653|Y|N1830|Y|E1121|Y|E0922|N|E1129|Y|G43719|Y|E785|Y|E1022|N|E1121|Y|E781|Y|R931|Y|E119|Y|I259|Y|E8881|Y|E669|Y|R7303|Y|D649|Y|I10|Y|Z560|Y|Z9189|N|||||||| | | | | | | | | | | | | | | | | | | | | | |GZ3|08-Jan-2019|Z741|08-Jan-2019|F419|08-Jan-2019|Z9181|08-Jan-2019|Z1331|08-Jan-2019|Z1331|08-Jan-2019|F1990|08-Jan-2019|F109|08-Jan-2019|||||||||||||||||||||||||||||||||||0|0||1|450|99495|3.0|2019-01-09T00:00:00|hospital_B|hospital_B_20190108
SYN_BENE_95D0851C6501|SYN_CLM_C5464F8D90FA|V|60|08-Jan-2019|08-Jan-2019|11-Jan-2019||3|491581|1|1|1|| |1234.43|0.0| ||49|1063523132| |9999868992| |9999868992|||0|1| |1234.43|08-Jan-2019|1|1|A|10|0.0|246.88|0|4|0.0|0.0|0|0|0|0|0|0|0|0|0|0|0|0|0|||||08-Jan-2019|951.0|0|0||Z733|Z733|Y|Z608|Y|G309|Y|Z653|Y|N1830|Y|E1121|Y|E0922|N|E1129|Y|G43719|Y|E785|Y|E1022|N|E1121|Y|E781|Y|R931|Y|E119|Y|I259|Y|E8881|Y|E669|Y|R7303|Y|D649|Y|I10|Y|Z560|Y|Z9189|N|||||||| | | | | | | | | | | | | | | | | | | | | | |GZ3|08-Jan-2019|Z741|08-Jan-2019|F419|08-Jan-2019|Z9181|08-Jan-2019|Z1331|08-Jan-2019|Z1331|08-Jan-2019|F1990|08-Jan-2019|F109|08-Jan-2019|||||||||||||||||||||||||||||||||||0|0||2|450|96156|3.0|2019-01-09T00:00:00|hospital_B|hospital_B_20190108
SYN_BENE_95D0851C6501|SYN_CLM_C5464F8D90FA|V|60|08-Jan-2019|08-Jan-2019|11-Jan-2019||3|491581|1|1|1|| |1234.43|0.0| ||49|1063523132| |9999868992| |9999868992|||0|1| |1234.43|08-Jan-2019|1|1|A|10|0.0|246.88|0|4|0.0|0.0|0|0|0|0|0|0|0|0|0|0|0|0|0|||||08-Jan-2019|951.0|0|0||Z733|Z733|Y|Z608|Y|G309|Y|Z653|Y|N1830|Y|E1121|Y|E0922|N|E1129|Y|G43719|Y|E785|Y|E1022|N|E1121|Y|E781|Y|R931|Y|E119|Y|I259|Y|E8881|Y|E669|Y|R7303|Y|D649|Y|I10|Y|Z560|Y|Z9189|N|||||||| | | | | | | | | | | | | | | | | | | | | | |GZ3|08-Jan-2019|Z741|08-Jan-2019|F419|08-Jan-2019|Z9181|08-Jan-2019|Z1331|08-Jan-2019|Z1331|08-Jan-2019|F1990|08-Jan-2019|F109|08-Jan-2019|||||||||||||||||||||||||||||||||||0|0||3|450|96127|3.0|2019-01-09T00:00:00|hospital_B|hospital_B_20190108
SYN_BENE_95D0851C6501|SYN_CLM_C5464F8D90FA|V|60|08-Jan-2019|08-Jan-2019|11-Jan-2019||3|491581|1|1|1|| |1234.43|0.0| ||49|1063523132| |9999868992| |9999868992|||0|1| |1234.43|08-Jan-2019|1|1|A|10|0.0|246.88|0|4|0.0|0.0|0|0|0|0|0|0|0|0|0|0|0|0|0|||||08-Jan-2019|951.0|0|0||Z733|Z733|Y|Z608|Y|G309|Y|Z653|Y|N1830|Y|E1121|Y|E0922|N|E1129|Y|G43719|Y|E785|Y|E1022|N|E1121|Y|E781|Y|R931|Y|E119|Y|I259|Y|E8881|Y|E669|Y|R7303|Y|D649|Y|I10|Y|Z560|Y|Z9189|N|||||||| | | | | | | | | | | | | | | | | | | | | | |GZ3|08-Jan-2019|Z741|08-Jan-2019|F419|08-Jan-2019|Z9181|08-Jan-2019|Z1331|08-Jan-2019|Z1331|08-Jan-2019|F1990|08-Jan-2019|F109|08-Jan-2019|||||||||||||||||||||||||||||||||||0|0||4|450|M1069|3.0|2019-01-09T00:00:00|hospital_B|hospital_B_20190108
SYN_BENE_95D0851C6501|SYN_CLM_C5464F8D90FA|V|60|08-Jan-2019|08-Jan-2019|11-Jan-2019||3|491581|1|1|1|| |1234.43|0.0| ||49|1063523132| |9999868992| |9999868992|||0|1| |1234.43|08-Jan-2019|1|1|A|10|0.0|246.88|0|4|0.0|0.0|0|0|0|0|0|0|0|0|0|0|0|0|0|||||08-Jan-2019|951.0|0|0||Z733|Z733|Y|Z608|Y|G309|Y|Z653|Y|N1830|Y|E1121|Y|E0922|N|E1129|Y|G43719|Y|E785|Y|E1022|N|E1121|Y|E781|Y|R931|Y|E119|Y|I259|Y|E8881|Y|E669|Y|R7303|Y|D649|Y|I10|Y|Z560|Y|Z9189|N|||||||| | | | | | | | | | | | | | | | | | | | | | |GZ3|08-Jan-2019|Z741|08-Jan-2019|F419|08-Jan-2019|Z9181|08-Jan-2019|Z1331|08-Jan-2019|Z1331|08-Jan-2019|F1990|08-Jan-2019|F109|08-Jan-2019|||||||||||||||||||||||||||||||||||0|0||5|450|G0444|3.0|2019-01-09T00:00:00|hospital_B|hospital_B_20190108
SYN_BENE_95D0851C6501|SYN_CLM_C5464F8D90FA|V|60|08-Jan-2019|08-Jan-2019|11-Jan-2019||3|491581|1|1|1|| |1234.43|0.0| ||49|1063523132| |9999868992| |9999868992|||0|1| |1234.43|08-Jan-2019|1|1|A|10|0.0|246.88|0|4|0.0|0.0|0|0|0|0|0|0|0|0|0|0|0|0|0|||||08-Jan-2019|951.0|0|0||Z733|Z733|Y|Z608|Y|G309|Y|Z653|Y|N1830|Y|E1121|Y|E0922|N|E1129|Y|G43719|Y|E785|Y|E1022|N|E1121|Y|E781|Y|R931|Y|E119|Y|I259|Y|E8881|Y|E669|Y|R7303|Y|D649|Y|I10|Y|Z560|Y|Z9189|N|||||||| | | | | | | | | | | | | | | | | | | | | | |GZ3|08-Jan-2019|Z741|08-Jan-2019|F419|08-Jan-2019|Z9181|08-Jan-2019|Z1331|08-Jan-2019|Z1331|08-Jan-2019|F1990|08-Jan-2019|F109|08-Jan-2019|||||||||||||||||||||||||||||||||||0|0||6|450|G0444|3.0|2019-01-09T00:00:00|hospital_B|hospital_B_20190108
SYN_BENE_95D0851C6501|SYN_CLM_C5464F8D90FA|V|60|08-Jan-2019|08-Jan-2019|11-Jan-2019||3|491581|1|1|1|| |1234.43|0.0| ||49|1063523132| |9999868992| |9999868992|||0|1| |1234.43|08-Jan-2019|1|1|A|10|0.0|246.88|0|4|0.0|0.0|0|0|0|0|0|0|0|0|0|0|0|0|0|||||08-Jan-2019|951.0|0|0||Z733|Z733|Y|Z608|Y|G309|Y|Z653|Y|N1830|Y|E1121|Y|E0922|N|E1129|Y|G43719|Y|E785|Y|E1022|N|E1121|Y|E781|Y|R931|Y|E119|Y|I259|Y|E8881|Y|E669|Y|R7303|Y|D649|Y|I10|Y|Z560|Y|Z9189|N|||||||| | | | | | | | | | | | | | | | | | | | | | |GZ3|08-Jan-2019|Z741|08-Jan-2019|F419|08-Jan-2019|Z9181|08-Jan-2019|Z1331|08-Jan-2019|Z1331|08-Jan-2019|F1990|08-Jan-2019|F109|08-Jan-2019|||||||||||||||||||||||||||||||||||0|0||7|450|99408|3.0|2019-01-09T00:00:00|hospital_B|hospital_B_20190108
SYN_BENE_95D0851C6501|SYN_CLM_C5464F8D90FA|V|60|08-Jan-2019|08-Jan-2019|11-Jan-2019||3|491581|1|1|1|| |1234.43|0.0| ||49|1063523132| |9999868992| |9999868992|||0|1| |1234.43|08-Jan-2019|1|1|A|10|0.0|246.88|0|4|0.0|0.0|0|0|0|0|0|0|0|0|0|0|0|0|0|||||08-Jan-2019|951.0|0|0||Z733|Z733|Y|Z608|Y|G309|Y|Z653|Y|N1830|Y|E1121|Y|E0922|N|E1129|Y|G43719|Y|E785|Y|E1022|N|E1121|Y|E781|Y|R931|Y|E119|Y|I259|Y|E8881|Y|E669|Y|R7303|Y|D649|Y|I10|Y|Z560|Y|Z9189|N|||||||| | | | | | | | | | | | | | | | | | | | | | |GZ3|08-Jan-2019|Z741|08-Jan-2019|F419|08-Jan-2019|Z9181|08-Jan-2019|Z1331|08-Jan-2019|Z1331|08-Jan-2019|F1990|08-Jan-2019|F109|08-Jan-2019|||||||||||||||||||||||||||||||||||0|0||8|450|G0442|3.0|2019-01-09T00:00:00|hospital_B|hospital_B_20190108
SYN_BENE_01F7B1FC7668|SYN_CLM_7BDD60E0CD57|V|60|08-Jan-2019|08-Jan-2019|11-Jan-2019||3|491581|1|1|1|| |1234.43|0.0| ||49|1063523132| |9999868992| |9999868992|||0|1| |1234.43|08-Jan-2019|1|1|A|10|0.0|246.88|0|4|0.0|0.0|0|0|0|0|0|0|0|0|0|0|0|0|0|||||08-Jan-2019|951.0|0|0||Z733|Z733|Y|Z608|Y|G309|Y|Z653|Y|N1830|Y|E1121|Y|E0922|N|E1129|Y|G43719|Y|E785|Y|E1022|N|E1121|Y|E781|Y|R931|Y|E119|Y|I259|Y|E8881|Y|E669|Y|R7303|Y|D649|Y|I10|Y|Z560|Y|Z9189|N|||||||| | | | | | | | | | | | | | | | | | | | | | |GZ3|08-Jan-2019|Z741|08-Jan-2019|F419|08-Jan-2019|Z9181|08-Jan-2019|Z1331|08-Jan-2019|Z1331|08-Jan-2019|F1990|08-Jan-2019|F109|08-Jan-2019|||||||||||||||||||||||||||||||||||0|0||1|450|99495|3.0|2019-01-09T00:00:00|hospital_B|hospital_B_20190108
SYN_BENE_01F7B1FC7668|SYN_CLM_7BDD60E0CD57|V|60|08-Jan-2019|08-Jan-2019|11-Jan-2019||3|491581|1|1|1|| |1234.43|0.0| ||49|1063523132| |9999868992| |9999868992|||0|1| |1234.43|08-Jan-2019|1|1|A|10|0.0|246.88|0|4|0.0|0.0|0|0|0|0|0|0|0|0|0|0|0|0|0|||||08-Jan-2019|951.0|0|0||Z733|Z733|Y|Z608|Y|G309|Y|Z653|Y|N1830|Y|E1121|Y|E0922|N|E1129|Y|G43719|Y|E785|Y|E1022|N|E1121|Y|E781|Y|R931|Y|E119|Y|I259|Y|E8881|Y|E669|Y|R7303|Y|D649|Y|I10|Y|Z560|Y|Z9189|N|||||||| | | | | | | | | | | | | | | | | | | | | | |GZ3|08-Jan-2019|Z741|08-Jan-2019|F419|08-Jan-2019|Z9181|08-Jan-2019|Z1331|08-Jan-2019|Z1331|08-Jan-2019|F1990|08-Jan-2019|F109|08-Jan-2019|||||||||||||||||||||||||||||||||||0|0||2|450|96156|3.0|2019-01-09T00:00:00|hospital_B|hospital_B_20190108
SYN_BENE_01F7B1FC7668|SYN_CLM_7BDD60E0CD57|V|60|08-Jan-2019|08-Jan-2019|11-Jan-2019||3|491581|1|1|1|| |1234.43|0.0| ||49|1063523132| |9999868992| |9999868992|||0|1| |1234.43|08-Jan-2019|1|1|A|10|0.0|246.88|0|4|0.0|0.0|0|0|0|0|0|0|0|0|0|0|0|0|0|||||08-Jan-2019|951.0|0|0||Z733|Z733|Y|Z608|Y|G309|Y|Z653|Y|N1830|Y|E1121|Y|E0922|N|E1129|Y|G43719|Y|E785|Y|E1022|N|E1121|Y|E781|Y|R931|Y|E119|Y|I259|Y|E8881|Y|E669|Y|R7303|Y|D649|Y|I10|Y|Z560|Y|Z9189|N|||||||| | | | | | | | | | | | | | | | | | | | | | |GZ3|08-Jan-2019|Z741|08-Jan-2019|F419|08-Jan-2019|Z9181|08-Jan-2019|Z1331|08-Jan-2019|Z1331|08-Jan-2019|F1990|08-Jan-2019|F109|08-Jan-2019|||||||||||||||||||||||||||||||||||0|0||3|450|96127|3.0|2019-01-09T00:00:00|hospital_B|hospital_B_20190108
SYN_BENE_01F7B1FC7668|SYN_CLM_7BDD60E0CD57|V|60|08-Jan-2019|08-Jan-2019|11-Jan-2019||3|491581|1|1|1|| |1234.43|0.0| ||49|1063523132| |9999868992| |9999868992|||0|1| |1234.43|08-Jan-2019|1|1|A|10|0.0|246.88|0|4|0.0|0.0|0|0|0|0|0|0|0|0|0|0|0|0|0|||||08-Jan-2019|951.0|0|0||Z733|Z733|Y|Z608|Y|G309|Y|Z653|Y|N1830|Y|E1121|Y|E0922|N|E1129|Y|G43719|Y|E785|Y|E1022|N|E1121|Y|E781|Y|R931|Y|E119|Y|I259|Y|E8881|Y|E669|Y|R7303|Y|D649|Y|I10|Y|Z560|Y|Z9189|N|||||||| | | | | | | | | | | | | | | | | | | | | | |GZ3|08-Jan-2019|Z741|08-Jan-2019|F419|08-Jan-2019|Z9181|08-Jan-2019|Z1331|08-Jan-2019|Z1331|08-Jan-2019|F1990|08-Jan-2019|F109|08-Jan-2019|||||||||||||||||||||||||||||||||||0|0||4|450|M1069|3.0|2019-01-09T00:00:00|hospital_B|hospital_B_20190108
SYN_BENE_01F7B1FC7668|SYN_CLM_7BDD60E0CD57|V|60|08-Jan-2019|08-Jan-2019|11-Jan-2019||3|491581|1|1|1|| |1234.43|0.0| ||49|1063523132| |9999868992| |9999868992|||0|1| |1234.43|08-Jan-2019|1|1|A|10|0.0|246.88|0|4|0.0|0.0|0|0|0|0|0|0|0|0|0|0|0|0|0|||||08-Jan-2019|951.0|0|0||Z733|Z733|Y|Z608|Y|G309|Y|Z653|Y|N1830|Y|E1121|Y|E0922|N|E1129|Y|G43719|Y|E785|Y|E1022|N|E1121|Y|E781|Y|R931|Y|E119|Y|I259|Y|E8881|Y|E669|Y|R7303|Y|D649|Y|I10|Y|Z560|Y|Z9189|N|||||||| | | | | | | | | | | | | | | | | | | | | | |GZ3|08-Jan-2019|Z741|08-Jan-2019|F419|08-Jan-2019|Z9181|08-Jan-2019|Z1331|08-Jan-2019|Z1331|08-Jan-2019|F1990|08-Jan-2019|F109|08-Jan-2019|||||||||||||||||||||||||||||||||||0|0||5|450|G0444|3.0|2019-01-09T00:00:00|hospital_B|hospital_B_20190108
SYN_BENE_01F7B1FC7668|SYN_CLM_7BDD60E0CD57|V|60|08-Jan-2019|08-Jan-2019|11-Jan-2019||3|491581|1|1|1|| |1234.43|0.0| ||49|1063523132| |9999868992| |9999868992|||0|1| |1234.43|08-Jan-2019|1|1|A|10|0.0|246.88|0|4|0.0|0.0|0|0|0|0|0|0|0|0|0|0|0|0|0|||||08-Jan-2019|951.0|0|0||Z733|Z733|Y|Z608|Y|G309|Y|Z653|Y|N1830|Y|E1121|Y|E0922|N|E1129|Y|G43719|Y|E785|Y|E1022|N|E1121|Y|E781|Y|R931|Y|E119|Y|I259|Y|E8881|Y|E669|Y|R7303|Y|D649|Y|I10|Y|Z560|Y|Z9189|N|||||||| | | | | | | | | | | | | | | | | | | | | | |GZ3|08-Jan-2019|Z741|08-Jan-2019|F419|08-Jan-2019|Z9181|08-Jan-2019|Z1331|08-Jan-2019|Z1331|08-Jan-2019|F1990|08-Jan-2019|F109|08-Jan-2019|||||||||||||||||||||||||||||||||||0|0||6|450|G0444|3.0|2019-01-09T00:00:00|hospital_B|hospital_B_20190108
SYN_BENE_01F7B1FC7668|SYN_CLM_7BDD60E0CD57|V|60|08-Jan-2019|08-Jan-2019|11-Jan-2019||3|491581|1|1|1|| |1234.43|0.0| ||49|1063523132| |9999868992| |9999868992|||0|1| |1234.43|08-Jan-2019|1|1|A|10|0.0|246.88|0|4|0.0|0.0|0|0|0|0|0|0|0|0|0|0|0|0|0|||||08-Jan-2019|951.0|0|0||Z733|Z733|Y|Z608|Y|G309|Y|Z653|Y|N1830|Y|E1121|Y|E0922|N|E1129|Y|G43719|Y|E785|Y|E1022|N|E1121|Y|E781|Y|R931|Y|E119|Y|I259|Y|E8881|Y|E669|Y|R7303|Y|D649|Y|I10|Y|Z560|Y|Z9189|N|||||||| | | | | | | | | | | | | | | | | | | | | | |GZ3|08-Jan-2019|Z741|08-Jan-2019|F419|08-Jan-2019|Z9181|08-Jan-2019|Z1331|08-Jan-2019|Z1331|08-Jan-2019|F1990|08-Jan-2019|F109|08-Jan-2019|||||||||||||||||||||||||||||||||||0|0||7|450|99408|3.0|2019-01-09T00:00:00|hospital_B|hospital_B_20190108
SYN_BENE_01F7B1FC7668|SYN_CLM_7BDD60E0CD57|V|60|08-Jan-2019|08-Jan-2019|11-Jan-2019||3|491581|1|1|1|| |1234.43|0.0| ||49|1063523132| |9999868992| |9999868992|||0|1| |1234.43|08-Jan-2019|1|1|A|10|0.0|246.88|0|4|0.0|0.0|0|0|0|0|0|0|0|0|0|0|0|0|0|||||08-Jan-2019|951.0|0|0||Z733|Z733|Y|Z608|Y|G309|Y|Z653|Y|N1830|Y|E1121|Y|E0922|N|E1129|Y|G43719|Y|E785|Y|E1022|N|E1121|Y|E781|Y|R931|Y|E119|Y|I259|Y|E8881|Y|E669|Y|R7303|Y|D649|Y|I10|Y|Z560|Y|Z9189|N|||||||| | | | | | | | | | | | | | | | | | | | | | |GZ3|08-Jan-2019|Z741|08-Jan-2019|F419|08-Jan-2019|Z9181|08-Jan-2019|Z1331|08-Jan-2019|Z1331|08-Jan-2019|F1990|08-Jan-2019|F109|08-Jan-2019|||||||||||||||||||||||||||||||||||0|0||8|450|G0442|3.0|2019-01-09T00:00:00|hospital_B|hospital_B_20190108
SYN_BENE_7A12535BA3D3|SYN_CLM_07EE7C7D2360|V|60|08-Jan-2019|08-Jan-2019|11-Jan-2019||3|491581|1|1|1|| |1234.43|0.0| ||49|1063523132| |9999868992| |9999868992|||0|1| |1234.43|08-Jan-2019|1|1|A|10|0.0|246.88|0|4|0.0|0.0|0|0|0|0|0|0|0|0|0|0|0|0|0|||||08-Jan-2019|951.0|0|0||Z733|Z733|Y|Z608|Y|G309|Y|Z653|Y|N1830|Y|E1121|Y|E0922|N|E1129|Y|G43719|Y|E785|Y|E1022|N|E1121|Y|E781|Y|R931|Y|E119|Y|I259|Y|E8881|Y|E669|Y|R7303|Y|D649|Y|I10|Y|Z560|Y|Z9189|N|||||||| | | | | | | | | | | | | | | | | | | | | | |GZ3|08-Jan-2019|Z741|08-Jan-2019|F419|08-Jan-2019|Z9181|08-Jan-2019|Z1331|08-Jan-2019|Z1331|08-Jan-2019|F1990|08-Jan-2019|F109|08-Jan-2019|||||||||||||||||||||||||||||||||||0|0||1|450|99495|3.0|2019-01-09T00:00:00|hospital_B|hospital_B_20190108
SYN_BENE_7A12535BA3D3|SYN_CLM_07EE7C7D2360|V|60|08-Jan-2019|08-Jan-2019|11-Jan-2019||3|491581|1|1|1|| |1234.43|0.0| ||49|1063523132| |9999868992| |9999868992|||0|1| |1234.43|08-Jan-2019|1|1|A|10|0.0|246.88|0|4|0.0|0.0|0|0|0|0|0|0|0|0|0|0|0|0|0|||||08-Jan-2019|951.0|0|0||Z733|Z733|Y|Z608|Y|G309|Y|Z653|Y|N1830|Y|E1121|Y|E0922|N|E1129|Y|G43719|Y|E785|Y|E1022|N|E1121|Y|E781|Y|R931|Y|E119|Y|I259|Y|E8881|Y|E669|Y|R7303|Y|D649|Y|I10|Y|Z560|Y|Z9189|N|||||||| | | | | | | | | | | | | | | | | | | | | | |GZ3|08-Jan-2019|Z741|08-Jan-2019|F419|08-Jan-2019|Z9181|08-Jan-2019|Z1331|08-Jan-2019|Z1331|08-Jan-2019|F1990|08-Jan-2019|F109|08-Jan-2019|||||||||||||||||||||||||||||||||||0|0||2|450|96156|3.0|2019-01-09T00:00:00|hospital_B|hospital_B_20190108
SYN_BENE_7A12535BA3D3|SYN_CLM_07EE7C7D2360|V|60|08-Jan-2019|08-Jan-2019|11-Jan-2019||3|491581|1|1|1|| |1234.43|0.0| ||49|1063523132| |9999868992| |9999868992|||0|1| |1234.43|08-Jan-2019|1|1|A|10|0.0|246.88|0|4|0.0|0.0|0|0|0|0|0|0|0|0|0|0|0|0|0|||||08-Jan-2019|951.0|0|0||Z733|Z733|Y|Z608|Y|G309|Y|Z653|Y|N1830|Y|E1121|Y|E0922|N|E1129|Y|G43719|Y|E785|Y|E1022|N|E1121|Y|E781|Y|R931|Y|E119|Y|I259|Y|E8881|Y|E669|Y|R7303|Y|D649|Y|I10|Y|Z560|Y|Z9189|N|||||||| | | | | | | | | | | | | | | | | | | | | | |GZ3|08-Jan-2019|Z741|08-Jan-2019|F419|08-Jan-2019|Z9181|08-Jan-2019|Z1331|08-Jan-2019|Z1331|08-Jan-2019|F1990|08-Jan-2019|F109|08-Jan-2019|||||||||||||||||||||||||||||||||||0|0||3|450|96127|3.0|2019-01-09T00:00:00|hospital_B|hospital_B_20190108
SYN_BENE_7A12535BA3D3|SYN_CLM_07EE7C7D2360|V|60|08-Jan-2019|08-Jan-2019|11-Jan-2019||3|491581|1|1|1|| |1234.43|0.0| ||49|1063523132| |9999868992| |9999868992|||0|1| |1234.43|08-Jan-2019|1|1|A|10|0.0|246.88|0|4|0.0|0.0|0|0|0|0|0|0|0|0|0|0|0|0|0|||||08-Jan-2019|951.0|0|0||Z733|Z733|Y|Z608|Y|G309|Y|Z653|Y|N1830|Y|E1121|Y|E0922|N|E1129|Y|G43719|Y|E785|Y|E1022|N|E1121|Y|E781|Y|R931|Y|E119|Y|I259|Y|E8881|Y|E669|Y|R7303|Y|D649|Y|I10|Y|Z560|Y|Z9189|N|||||||| | | | | | | | | | | | | | | | | | | | | | |GZ3|08-Jan-2019|Z741|08-Jan-2019|F419|08-Jan-2019|Z9181|08-Jan-2019|Z1331|08-Jan-2019|Z1331|08-Jan-2019|F1990|08-Jan-2019|F109|08-Jan-2019|||||||||||||||||||||||||||||||||||0|0||4|450|M1069|3.0|2019-01-09T00:00:00|hospital_B|hospital_B_20190108
SYN_BENE_7A12535BA3D3|SYN_CLM_07EE7C7D2360|V|60|08-Jan-2019|08-Jan-2019|11-Jan-2019||3|491581|1|1|1|| |1234.43|0.0| ||49|1063523132| |9999868992| |9999868992|||0|1| |1234.43|08-Jan-2019|1|1|A|10|0.0|246.88|0|4|0.0|0.0|0|0|0|0|0|0|0|0|0|0|0|0|0|||||08-Jan-2019|951.0|0|0||Z733|Z733|Y|Z608|Y|G309|Y|Z653|Y|N1830|Y|E1121|Y|E0922|N|E1129|Y|G43719|Y|E785|Y|E1022|N|E1121|Y|E781|Y|R931|Y|E119|Y|I259|Y|E8881|Y|E669|Y|R7303|Y|D649|Y|I10|Y|Z560|Y|Z9189|N|||||||| | | | | | | | | | | | | | | | | | | | | | |GZ3|08-Jan-2019|Z741|08-Jan-2019|F419|08-Jan-2019|Z9181|08-Jan-2019|Z1331|08-Jan-2019|Z1331|08-Jan-2019|F1990|08-Jan-2019|F109|08-Jan-2019|||||||||||||||||||||||||||||||||||0|0||5|450|G0444|3.0|2019-01-09T00:00:00|hospital_B|hospital_B_20190108
SYN_BENE_7A12535BA3D3|SYN_CLM_07EE7C7D2360|V|60|08-Jan-2019|08-Jan-2019|11-Jan-2019||3|491581|1|1|1|| |1234.43|0.0| ||49|1063523132| |9999868992| |9999868992|||0|1| |1234.43|08-Jan-2019|1|1|A|10|0.0|246.88|0|4|0.0|0.0|0|0|0|0|0|0|0|0|0|0|0|0|0|||||08-Jan-2019|951.0|0|0||Z733|Z733|Y|Z608|Y|G309|Y|Z653|Y|N1830|Y|E1121|Y|E0922|N|E1129|Y|G43719|Y|E785|Y|E1022|N|E1121|Y|E781|Y|R931|Y|E119|Y|I259|Y|E8881|Y|E669|Y|R7303|Y|D649|Y|I10|Y|Z560|Y|Z9189|N|||||||| | | | | | | | | | | | | | | | | | | | | | |GZ3|08-Jan-2019|Z741|08-Jan-2019|F419|08-Jan-2019|Z9181|08-Jan-2019|Z1331|08-Jan-2019|Z1331|08-Jan-2019|F1990|08-Jan-2019|F109|08-Jan-2019|||||||||||||||||||||||||||||||||||0|0||6|450|G0444|3.0|2019-01-09T00:00:00|hospital_B|hospital_B_20190108
SYN_BENE_7A12535BA3D3|SYN_CLM_07EE7C7D2360|V|60|08-Jan-2019|08-Jan-2019|11-Jan-2019||3|491581|1|1|1|| |1234.43|0.0| ||49|1063523132| |9999868992| |9999868992|||0|1| |1234.43|08-Jan-2019|1|1|A|10|0.0|246.88|0|4|0.0|0.0|0|0|0|0|0|0|0|0|0|0|0|0|0|||||08-Jan-2019|951.0|0|0||Z733|Z733|Y|Z608|Y|G309|Y|Z653|Y|N1830|Y|E1121|Y|E0922|N|E1129|Y|G43719|Y|E785|Y|E1022|N|E1121|Y|E781|Y|R931|Y|E119|Y|I259|Y|E8881|Y|E669|Y|R7303|Y|D649|Y|I10|Y|Z560|Y|Z9189|N|||||||| | | | | | | | | | | | | | | | | | | | | | |GZ3|08-Jan-2019|Z741|08-Jan-2019|F419|08-Jan-2019|Z9181|08-Jan-2019|Z1331|08-Jan-2019|Z1331|08-Jan-2019|F1990|08-Jan-2019|F109|08-Jan-2019|||||||||||||||||||||||||||||||||||0|0||7|450|99408|3.0|2019-01-09T00:00:00|hospital_B|hospital_B_20190108
SYN_BENE_7A12535BA3D3|SYN_CLM_07EE7C7D2360|V|60|08-Jan-2019|08-Jan-2019|11-Jan-2019||3|491581|1|1|1|| |1234.43|0.0| ||49|1063523132| |9999868992| |9999868992|||0|1| |1234.43|08-Jan-2019|1|1|A|10|0.0|246.88|0|4|0.0|0.0|0|0|0|0|0|0|0|0|0|0|0|0|0|||||08-Jan-2019|951.0|0|0||Z733|Z733|Y|Z608|Y|G309|Y|Z653|Y|N1830|Y|E1121|Y|E0922|N|E1129|Y|G43719|Y|E785|Y|E1022|N|E1121|Y|E781|Y|R931|Y|E119|Y|I259|Y|E8881|Y|E669|Y|R7303|Y|D649|Y|I10|Y|Z560|Y|Z9189|N|||||||| | | | | | | | | | | | | | | | | | | | | | |GZ3|08-Jan-2019|Z741|08-Jan-2019|F419|08-Jan-2019|Z9181|08-Jan-2019|Z1331|08-Jan-2019|Z1331|08-Jan-2019|F1990|08-Jan-2019|F109|08-Jan-2019|||||||||||||||||||||||||||||||||||0|0||8|450|G0442|3.0|2019-01-09T00:00:00|hospital_B|hospital_B_20190108
SYN_BENE_D523C60EB36C|SYN_CLM_E0F57423FCC6|V|60|08-Jan-2019|08-Jan-2019|11-Jan-2019||3|491581|1|1|1|| |1234.43|0.0| ||49|1063523132| |9999868992| |9999868992|||0|1| |1234.43|08-Jan-2019|1|1|A|10|0.0|246.88|0|4|0.0|0.0|0|0|0|0|0|0|0|0|0|0|0|0|0|||||08-Jan-2019|951.0|0|0||Z733|Z733|Y|Z608|Y|G309|Y|Z653|Y|N1830|Y|E1121|Y|E0922|N|E1129|Y|G43719|Y|E785|Y|E1022|N|E1121|Y|E781|Y|R931|Y|E119|Y|I259|Y|E8881|Y|E669|Y|R7303|Y|D649|Y|I10|Y|Z560|Y|Z9189|N|||||||| | | | | | | | | | | | | | | | | | | | | | |GZ3|08-Jan-2019|Z741|08-Jan-2019|F419|08-Jan-2019|Z9181|08-Jan-2019|Z1331|08-Jan-2019|Z1331|08-Jan-2019|F1990|08-Jan-2019|F109|08-Jan-2019|||||||||||||||||||||||||||||||||||0|0||1|450|99495|3.0|2019-01-09T00:00:00|hospital_B|hospital_B_20190108
SYN_BENE_D523C60EB36C|SYN_CLM_E0F57423FCC6|V|60|08-Jan-2019|08-Jan-2019|11-Jan-2019||3|491581|1|1|1|| |1234.43|0.0| ||49|1063523132| |9999868992| |9999868992|||0|1| |1234.43|08-Jan-2019|1|1|A|10|0.0|246.88|0|4|0.0|0.0|0|0|0|0|0|0|0|0|0|0|0|0|0|||||08-Jan-2019|951.0|0|0||Z733|Z733|Y|Z608|Y|G309|Y|Z653|Y|N1830|Y|E1121|Y|E0922|N|E1129|Y|G43719|Y|E785|Y|E1022|N|E1121|Y|E781|Y|R931|Y|E119|Y|I259|Y|E8881|Y|E669|Y|R7303|Y|D649|Y|I10|Y|Z560|Y|Z9189|N|||||||| | | | | | | | | | | | | | | | | | | | | | |GZ3|08-Jan-2019|Z741|08-Jan-2019|F419|08-Jan-2019|Z9181|08-Jan-2019|Z1331|08-Jan-2019|Z1331|08-Jan-2019|F1990|08-Jan-2019|F109|08-Jan-2019|||||||||||||||||||||||||||||||||||0|0||2|450|96156|3.0|2019-01-09T00:00:00|hospital_B|hospital_B_20190108
SYN_BENE_D523C60EB36C|SYN_CLM_E0F57423FCC6|V|60|08-Jan-2019|08-Jan-2019|11-Jan-2019||3|491581|1|1|1|| |1234.43|0.0| ||49|1063523132| |9999868992| |9999868992|||0|1| |1234.43|08-Jan-2019|1|1|A|10|0.0|246.88|0|4|0.0|0.0|0|0|0|0|0|0|0|0|0|0|0|0|0|||||08-Jan-2019|951.0|0|0||Z733|Z733|Y|Z608|Y|G309|Y|Z653|Y|N1830|Y|E1121|Y|E0922|N|E1129|Y|G43719|Y|E785|Y|E1022|N|E1121|Y|E781|Y|R931|Y|E119|Y|I259|Y|E8881|Y|E669|Y|R7303|Y|D649|Y|I10|Y|Z560|Y|Z9189|N|||||||| | | | | | | | | | | | | | | | | | | | | | |GZ3|08-Jan-2019|Z741|08-Jan-2019|F419|08-Jan-2019|Z9181|08-Jan-2019|Z1331|08-Jan-2019|Z1331|08-Jan-2019|F1990|08-Jan-2019|F109|08-Jan-2019|||||||||||||||||||||||||||||||||||0|0||3|450|96127|3.0|2019-01-09T00:00:00|hospital_B|hospital_B_20190108
SYN_BENE_D523C60EB36C|SYN_CLM_E0F57423FCC6|V|60|08-Jan-2019|08-Jan-2019|11-Jan-2019||3|491581|1|1|1|| |1234.43|0.0| ||49|1063523132| |9999868992| |9999868992|||0|1| |1234.43|08-Jan-2019|1|1|A|10|0.0|246.88|0|4|0.0|0.0|0|0|0|0|0|0|0|0|0|0|0|0|0|||||08-Jan-2019|951.0|0|0||Z733|Z733|Y|Z608|Y|G309|Y|Z653|Y|N1830|Y|E1121|Y|E0922|N|E1129|Y|G43719|Y|E785|Y|E1022|N|E1121|Y|E781|Y|R931|Y|E119|Y|I259|Y|E8881|Y|E669|Y|R7303|Y|D649|Y|I10|Y|Z560|Y|Z9189|N|||||||| | | | | | | | | | | | | | | | | | | | | | |GZ3|08-Jan-2019|Z741|08-Jan-2019|F419|08-Jan-2019|Z9181|08-Jan-2019|Z1331|08-Jan-2019|Z1331|08-Jan-2019|F1990|08-Jan-2019|F109|08-Jan-2019|||||||||||||||||||||||||||||||||||0|0||4|450|M1069|3.0|2019-01-09T00:00:00|hospital_B|hospital_B_20190108
SYN_BENE_D523C60EB36C|SYN_CLM_E0F57423FCC6|V|60|08-Jan-2019|08-Jan-2019|11-Jan-2019||3|491581|1|1|1|| |1234.43|0.0| ||49|1063523132| |9999868992| |9999868992|||0|1| |1234.43|08-Jan-2019|1|1|A|10|0.0|246.88|0|4|0.0|0.0|0|0|0|0|0|0|0|0|0|0|0|0|0|||||08-Jan-2019|951.0|0|0||Z733|Z733|Y|Z608|Y|G309|Y|Z653|Y|N1830|Y|E1121|Y|E0922|N|E1129|Y|G43719|Y|E785|Y|E1022|N|E1121|Y|E781|Y|R931|Y|E119|Y|I259|Y|E8881|Y|E669|Y|R7303|Y|D649|Y|I10|Y|Z560|Y|Z9189|N|||||||| | | | | | | | | | | | | | | | | | | | | | |GZ3|08-Jan-2019|Z741|08-Jan-2019|F419|08-Jan-2019|Z9181|08-Jan-2019|Z1331|08-Jan-2019|Z1331|08-Jan-2019|F1990|08-Jan-2019|F109|08-Jan-2019|||||||||||||||||||||||||||||||||||0|0||5|450|G0444|3.0|2019-01-09T00:00:00|hospital_B|hospital_B_20190108
SYN_BENE_D523C60EB36C|SYN_CLM_E0F57423FCC6|V|60|08-Jan-2019|08-Jan-2019|11-Jan-2019||3|491581|1|1|1|| |1234.43|0.0| ||49|1063523132| |9999868992| |9999868992|||0|1| |1234.43|08-Jan-2019|1|1|A|10|0.0|246.88|0|4|0.0|0.0|0|0|0|0|0|0|0|0|0|0|0|0|0|||||08-Jan-2019|951.0|0|0||Z733|Z733|Y|Z608|Y|G309|Y|Z653|Y|N1830|Y|E1121|Y|E0922|N|E1129|Y|G43719|Y|E785|Y|E1022|N|E1121|Y|E781|Y|R931|Y|E119|Y|I259|Y|E8881|Y|E669|Y|R7303|Y|D649|Y|I10|Y|Z560|Y|Z9189|N|||||||| | | | | | | | | | | | | | | | | | | | | | |GZ3|08-Jan-2019|Z741|08-Jan-2019|F419|08-Jan-2019|Z9181|08-Jan-2019|Z1331|08-Jan-2019|Z1331|08-Jan-2019|F1990|08-Jan-2019|F109|08-Jan-2019|||||||||||||||||||||||||||||||||||0|0||6|450|G0444|3.0|2019-01-09T00:00:00|hospital_B|hospital_B_20190108
SYN_BENE_D523C60EB36C|SYN_CLM_E0F57423FCC6|V|60|08-Jan-2019|08-Jan-2019|11-Jan-2019||3|491581|1|1|1|| |1234.43|0.0| ||49|1063523132| |9999868992| |9999868992|||0|1| |1234.43|08-Jan-2019|1|1|A|10|0.0|246.88|0|4|0.0|0.0|0|0|0|0|0|0|0|0|0|0|0|0|0|||||08-Jan-2019|951.0|0|0||Z733|Z733|Y|Z608|Y|G309|Y|Z653|Y|N1830|Y|E1121|Y|E0922|N|E1129|Y|G43719|Y|E785|Y|E1022|N|E1121|Y|E781|Y|R931|Y|E119|Y|I259|Y|E8881|Y|E669|Y|R7303|Y|D649|Y|I10|Y|Z560|Y|Z9189|N|||||||| | | | | | | | | | | | | | | | | | | | | | |GZ3|08-Jan-2019|Z741|08-Jan-2019|F419|08-Jan-2019|Z9181|08-Jan-2019|Z1331|08-Jan-2019|Z1331|08-Jan-2019|F1990|08-Jan-2019|F109|08-Jan-2019|||||||||||||||||||||||||||||||||||0|0||7|450|99408|3.0|2019-01-09T00:00:00|hospital_B|hospital_B_20190108
SYN_BENE_D523C60EB36C|SYN_CLM_E0F57423FCC6|V|60|08-Jan-2019|08-Jan-2019|11-Jan-2019||3|491581|1|1|1|| |1234.43|0.0| ||49|1063523132| |9999868992| |9999868992|||0|1| |1234.43|08-Jan-2019|1|1|A|10|0.0|246.88|0|4|0.0|0.0|0|0|0|0|0|0|0|0|0|0|0|0|0|||||08-Jan-2019|951.0|0|0||Z733|Z733|Y|Z608|Y|G309|Y|Z653|Y|N1830|Y|E1121|Y|E0922|N|E1129|Y|G43719|Y|E785|Y|E1022|N|E1121|Y|E781|Y|R931|Y|E119|Y|I259|Y|E8881|Y|E669|Y|R7303|Y|D649|Y|I10|Y|Z560|Y|Z9189|N|||||||| | | | | | | | | | | | | | | | | | | | | | |GZ3|08-Jan-2019|Z741|08-Jan-2019|F419|08-Jan-2019|Z9181|08-Jan-2019|Z1331|08-Jan-2019|Z1331|08-Jan-2019|F1990|08-Jan-2019|F109|08-Jan-2019|||||||||||||||||||||||||||||||||||0|0||8|450|G0442|3.0|2019-01-09T00:00:00|hospital_B|hospital_B_20190108
SYN_BENE_90AE11E83FD0|SYN_CLM_6704A73B5FFB|V|60|08-Jan-2019|08-Jan-2019|11-Jan-2019||3|491581|1|1|1|| |1234.43|0.0| ||49|1063523132| |9999868992| |9999868992|||0|1| |1234.43|08-Jan-2019|1|1|A|10|0.0|246.88|0|4|0.0|0.0|0|0|0|0|0|0|0|0|0|0|0|0|0|||||08-Jan-2019|951.0|0|0||Z733|Z733|Y|Z608|Y|G309|Y|Z653|Y|N1830|Y|E1121|Y|E0922|N|E1129|Y|G43719|Y|E785|Y|E1022|N|E1121|Y|E781|Y|R931|Y|E119|Y|I259|Y|E8881|Y|E669|Y|R7303|Y|D649|Y|I10|Y|Z560|Y|Z9189|N|||||||| | | | | | | | | | | | | | | | | | | | | | |GZ3|08-Jan-2019|Z741|08-Jan-2019|F419|08-Jan-2019|Z9181|08-Jan-2019|Z1331|08-Jan-2019|Z1331|08-Jan-2019|F1990|08-Jan-2019|F109|08-Jan-2019|||||||||||||||||||||||||||||||||||0|0||1|450|99495|3.0|2019-01-09T00:00:00|hospital_B|hospital_B_20190108
SYN_BENE_90AE11E83FD0|SYN_CLM_6704A73B5FFB|V|60|08-Jan-2019|08-Jan-2019|11-Jan-2019||3|491581|1|1|1|| |1234.43|0.0| ||49|1063523132| |9999868992| |9999868992|||0|1| |1234.43|08-Jan-2019|1|1|A|10|0.0|246.88|0|4|0.0|0.0|0|0|0|0|0|0|0|0|0|0|0|0|0|||||08-Jan-2019|951.0|0|0||Z733|Z733|Y|Z608|Y|G309|Y|Z653|Y|N1830|Y|E1121|Y|E0922|N|E1129|Y|G43719|Y|E785|Y|E1022|N|E1121|Y|E781|Y|R931|Y|E119|Y|I259|Y|E8881|Y|E669|Y|R7303|Y|D649|Y|I10|Y|Z560|Y|Z9189|N|||||||| | | | | | | | | | | | | | | | | | | | | | |GZ3|08-Jan-2019|Z741|08-Jan-2019|F419|08-Jan-2019|Z9181|08-Jan-2019|Z1331|08-Jan-2019|Z1331|08-Jan-2019|F1990|08-Jan-2019|F109|08-Jan-2019|||||||||||||||||||||||||||||||||||0|0||2|450|96156|3.0|2019-01-09T00:00:00|hospital_B|hospital_B_20190108
SYN_BENE_90AE11E83FD0|SYN_CLM_6704A73B5FFB|V|60|08-Jan-2019|08-Jan-2019|11-Jan-2019||3|491581|1|1|1|| |1234.43|0.0| ||49|1063523132| |9999868992| |9999868992|||0|1| |1234.43|08-Jan-2019|1|1|A|10|0.0|246.88|0|4|0.0|0.0|0|0|0|0|0|0|0|0|0|0|0|0|0|||||08-Jan-2019|951.0|0|0||Z733|Z733|Y|Z608|Y|G309|Y|Z653|Y|N1830|Y|E1121|Y|E0922|N|E1129|Y|G43719|Y|E785|Y|E1022|N|E1121|Y|E781|Y|R931|Y|E119|Y|I259|Y|E8881|Y|E669|Y|R7303|Y|D649|Y|I10|Y|Z560|Y|Z9189|N|||||||| | | | | | | | | | | | | | | | | | | | | | |GZ3|08-Jan-2019|Z741|08-Jan-2019|F419|08-Jan-2019|Z9181|08-Jan-2019|Z1331|08-Jan-2019|Z1331|08-Jan-2019|F1990|08-Jan-2019|F109|08-Jan-2019|||||||||||||||||||||||||||||||||||0|0||3|450|96127|3.0|2019-01-09T00:00:00|hospital_B|hospital_B_20190108
SYN_BENE_90AE11E83FD0|SYN_CLM_6704A73B5FFB|V|60|08-Jan-2019|08-Jan-2019|11-Jan-2019||3|491581|1|1|1|| |1234.43|0.0| ||49|1063523132| |9999868992| |9999868992|||0|1| |1234.43|08-Jan-2019|1|1|A|10|0.0|246.88|0|4|0.0|0.0|0|0|0|0|0|0|0|0|0|0|0|0|0|||||08-Jan-2019|951.0|0|0||Z733|Z733|Y|Z608|Y|G309|Y|Z653|Y|N1830|Y|E1121|Y|E0922|N|E1129|Y|G43719|Y|E785|Y|E1022|N|E1121|Y|E781|Y|R931|Y|E119|Y|I259|Y|E8881|Y|E669|Y|R7303|Y|D649|Y|I10|Y|Z560|Y|Z9189|N|||||||| | | | | | | | | | | | | | | | | | | | | | |GZ3|08-Jan-2019|Z741|08-Jan-2019|F419|08-Jan-2019|Z9181|08-Jan-2019|Z1331|08-Jan-2019|Z1331|08-Jan-2019|F1990|08-Jan-2019|F109|08-Jan-2019|||||||||||||||||||||||||||||||||||0|0||4|450|M1069|3.0|2019-01-09T00:00:00|hospital_B|hospital_B_20190108
SYN_BENE_90AE11E83FD0|SYN_CLM_6704A73B5FFB|V|60|08-Jan-2019|08-Jan-2019|11-Jan-2019||3|491581|1|1|1|| |1234.43|0.0| ||49|1063523132| |9999868992| |9999868992|||0|1| |1234.43|08-Jan-2019|1|1|A|10|0.0|246.88|0|4|0.0|0.0|0|0|0|0|0|0|0|0|0|0|0|0|0|||||08-Jan-2019|951.0|0|0||Z733|Z733|Y|Z608|Y|G309|Y|Z653|Y|N1830|Y|E1121|Y|E0922|N|E1129|Y|G43719|Y|E785|Y|E1022|N|E1121|Y|E781|Y|R931|Y|E119|Y|I259|Y|E8881|Y|E669|Y|R7303|Y|D649|Y|I10|Y|Z560|Y|Z9189|N|||||||| | | | | | | | | | | | | | | | | | | | | | |GZ3|08-Jan-2019|Z741|08-Jan-2019|F419|08-Jan-2019|Z9181|08-Jan-2019|Z1331|08-Jan-2019|Z1331|08-Jan-2019|F1990|08-Jan-2019|F109|08-Jan-2019|||||||||||||||||||||||||||||||||||0|0||5|450|G0444|3.0|2019-01-09T00:00:00|hospital_B|hospital_B_20190108
SYN_BENE_90AE11E83FD0|SYN_CLM_6704A73B5FFB|V|60|08-Jan-2019|08-Jan-2019|11-Jan-2019||3|491581|1|1|1|| |1234.43|0.0| ||49|1063523132| |9999868992| |9999868992|||0|1| |1234.43|08-Jan-2019|1|1|A|10|0.0|246.88|0|4|0.0|0.0|0|0|0|0|0|0|0|0|0|0|0|0|0|||||08-Jan-2019|951.0|0|0||Z733|Z733|Y|Z608|Y|G309|Y|Z653|Y|N1830|Y|E1121|Y|E0922|N|E1129|Y|G43719|Y|E785|Y|E1022|N|E1121|Y|E781|Y|R931|Y|E119|Y|I259|Y|E8881|Y|E669|Y|R7303|Y|D649|Y|I10|Y|Z560|Y|Z9189|N|||||||| | | | | | | | | | | | | | | | | | | | | | |GZ3|08-Jan-2019|Z741|08-Jan-2019|F419|08-Jan-2019|Z9181|08-Jan-2019|Z1331|08-Jan-2019|Z1331|08-Jan-2019|F1990|08-Jan-2019|F109|08-Jan-2019|||||||||||||||||||||||||||||||||||0|0||6|450|G0444|3.0|2019-01-09T00:00:00|hospital_B|hospital_B_20190108
SYN_BENE_90AE11E83FD0|SYN_CLM_6704A73B5FFB|V|60|08-Jan-2019|08-Jan-2019|11-Jan-2019||3|491581|1|1|1|| |1234.43|0.0| ||49|1063523132| |9999868992| |9999868992|||0|1| |1234.43|08-Jan-2019|1|1|A|10|0.0|246.88|0|4|0.0|0.0|0|0|0|0|0|0|0|0|0|0|0|0|0|||||08-Jan-2019|951.0|0|0||Z733|Z733|Y|Z608|Y|G309|Y|Z653|Y|N1830|Y|E1121|Y|E0922|N|E1129|Y|G43719|Y|E785|Y|E1022|N|E1121|Y|E781|Y|R931|Y|E119|Y|I259|Y|E8881|Y|E669|Y|R7303|Y|D649|Y|I10|Y|Z560|Y|Z9189|N|||||||| | | | | | | | | | | | | | | | | | | | | | |GZ3|08-Jan-2019|Z741|08-Jan-2019|F419|08-Jan-2019|Z9181|08-Jan-2019|Z1331|08-Jan-2019|Z1331|08-Jan-2019|F1990|08-Jan-2019|F109|08-Jan-2019|||||||||||||||||||||||||||||||||||0|0||7|450|99408|3.0|2019-01-09T00:00:00|hospital_B|hospital_B_20190108
SYN_BENE_90AE11E83FD0|SYN_CLM_6704A73B5FFB|V|60|08-Jan-2019|08-Jan-2019|11-Jan-2019||3|491581|1|1|1|| |1234.43|0.0| ||49|1063523132| |9999868992| |9999868992|||0|1| |1234.43|08-Jan-2019|1|1|A|10|0.0|246.88|0|4|0.0|0.0|0|0|0|0|0|0|0|0|0|0|0|0|0|||||08-Jan-2019|951.0|0|0||Z733|Z733|Y|Z608|Y|G309|Y|Z653|Y|N1830|Y|E1121|Y|E0922|N|E1129|Y|G43719|Y|E785|Y|E1022|N|E1121|Y|E781|Y|R931|Y|E119|Y|I259|Y|E8881|Y|E669|Y|R7303|Y|D649|Y|I10|Y|Z560|Y|Z9189|N|||||||| | | | | | | | | | | | | | | | | | | | | | |GZ3|08-Jan-2019|Z741|08-Jan-2019|F419|08-Jan-2019|Z9181|08-Jan-2019|Z1331|08-Jan-2019|Z1331|08-Jan-2019|F1990|08-Jan-2019|F109|08-Jan-2019|||||||||||||||||||||||||||||||||||0|0||8|450|G0442|3.0|2019-01-09T00:00:00|hospital_B|hospital_B_20190108
SYN_BENE_894995B0ACC9|SYN_CLM_ED888434592A|V|60|08-Jan-2019|08-Jan-2019|11-Jan-2019||3|491581|1|1|1|| |1234.43|0.0| ||49|1063523132| |9999868992| |9999868992|||0|1| |1234.43|08-Jan-2019|1|1|A|10|0.0|246.88|0|4|0.0|0.0|0|0|0|0|0|0|0|0|0|0|0|0|0|||||08-Jan-2019|951.0|0|0||Z733|Z733|Y|Z608|Y|G309|Y|Z653|Y|N1830|Y|E1121|Y|E0922|N|E1129|Y|G43719|Y|E785|Y|E1022|N|E1121|Y|E781|Y|R931|Y|E119|Y|I259|Y|E8881|Y|E669|Y|R7303|Y|D649|Y|I10|Y|Z560|Y|Z9189|N|||||||| | | | | | | | | | | | | | | | | | | | | | |GZ3|08-Jan-2019|Z741|08-Jan-2019|F419|08-Jan-2019|Z9181|08-Jan-2019|Z1331|08-Jan-2019|Z1331|08-Jan-2019|F1990|08-Jan-2019|F109|08-Jan-2019|||||||||||||||||||||||||||||||||||0|0||1|450|99495|3.0|2019-01-09T00:00:00|hospital_B|hospital_B_20190108
SYN_BENE_894995B0ACC9|SYN_CLM_ED888434592A|V|60|08-Jan-2019|08-Jan-2019|11-Jan-2019||3|491581|1|1|1|| |1234.43|0.0| ||49|1063523132| |9999868992| |9999868992|||0|1| |1234.43|08-Jan-2019|1|1|A|10|0.0|246.88|0|4|0.0|0.0|0|0|0|0|0|0|0|0|0|0|0|0|0|||||08-Jan-2019|951.0|0|0||Z733|Z733|Y|Z608|Y|G309|Y|Z653|Y|N1830|Y|E1121|Y|E0922|N|E1129|Y|G43719|Y|E785|Y|E1022|N|E1121|Y|E781|Y|R931|Y|E119|Y|I259|Y|E8881|Y|E669|Y|R7303|Y|D649|Y|I10|Y|Z560|Y|Z9189|N|||||||| | | | | | | | | | | | | | | | | | | | | | |GZ3|08-Jan-2019|Z741|08-Jan-2019|F419|08-Jan-2019|Z9181|08-Jan-2019|Z1331|08-Jan-2019|Z1331|08-Jan-2019|F1990|08-Jan-2019|F109|08-Jan-2019|||||||||||||||||||||||||||||||||||0|0||2|450|96156|3.0|2019-01-09T00:00:00|hospital_B|hospital_B_20190108
SYN_BENE_894995B0ACC9|SYN_CLM_ED888434592A|V|60|08-Jan-2019|08-Jan-2019|11-Jan-2019||3|491581|1|1|1|| |1234.43|0.0| ||49|1063523132| |9999868992| |9999868992|||0|1| |1234.43|08-Jan-2019|1|1|A|10|0.0|246.88|0|4|0.0|0.0|0|0|0|0|0|0|0|0|0|0|0|0|0|||||08-Jan-2019|951.0|0|0||Z733|Z733|Y|Z608|Y|G309|Y|Z653|Y|N1830|Y|E1121|Y|E0922|N|E1129|Y|G43719|Y|E785|Y|E1022|N|E1121|Y|E781|Y|R931|Y|E119|Y|I259|Y|E8881|Y|E669|Y|R7303|Y|D649|Y|I10|Y|Z560|Y|Z9189|N|||||||| | | | | | | | | | | | | | | | | | | | | | |GZ3|08-Jan-2019|Z741|08-Jan-2019|F419|08-Jan-2019|Z9181|08-Jan-2019|Z1331|08-Jan-2019|Z1331|08-Jan-2019|F1990|08-Jan-2019|F109|08-Jan-2019|||||||||||||||||||||||||||||||||||0|0||3|450|96127|3.0|2019-01-09T00:00:00|hospital_B|hospital_B_20190108
SYN_BENE_894995B0ACC9|SYN_CLM_ED888434592A|V|60|08-Jan-2019|08-Jan-2019|11-Jan-2019||3|491581|1|1|1|| |1234.43|0.0| ||49|1063523132| |9999868992| |9999868992|||0|1| |1234.43|08-Jan-2019|1|1|A|10|0.0|246.88|0|4|0.0|0.0|0|0|0|0|0|0|0|0|0|0|0|0|0|||||08-Jan-2019|951.0|0|0||Z733|Z733|Y|Z608|Y|G309|Y|Z653|Y|N1830|Y|E1121|Y|E0922|N|E1129|Y|G43719|Y|E785|Y|E1022|N|E1121|Y|E781|Y|R931|Y|E119|Y|I259|Y|E8881|Y|E669|Y|R7303|Y|D649|Y|I10|Y|Z560|Y|Z9189|N|||||||| | | | | | | | | | | | | | | | | | | | | | |GZ3|08-Jan-2019|Z741|08-Jan-2019|F419|08-Jan-2019|Z9181|08-Jan-2019|Z1331|08-Jan-2019|Z1331|08-Jan-2019|F1990|08-Jan-2019|F109|08-Jan-2019|||||||||||||||||||||||||||||||||||0|0||4|450|M1069|3.0|2019-01-09T00:00:00|hospital_B|hospital_B_20190108
SYN_BENE_894995B0ACC9|SYN_CLM_ED888434592A|V|60|08-Jan-2019|08-Jan-2019|11-Jan-2019||3|491581|1|1|1|| |1234.43|0.0| ||49|1063523132| |9999868992| |9999868992|||0|1| |1234.43|08-Jan-2019|1|1|A|10|0.0|246.88|0|4|0.0|0.0|0|0|0|0|0|0|0|0|0|0|0|0|0|||||08-Jan-2019|951.0|0|0||Z733|Z733|Y|Z608|Y|G309|Y|Z653|Y|N1830|Y|E1121|Y|E0922|N|E1129|Y|G43719|Y|E785|Y|E1022|N|E1121|Y|E781|Y|R931|Y|E119|Y|I259|Y|E8881|Y|E669|Y|R7303|Y|D649|Y|I10|Y|Z560|Y|Z9189|N|||||||| | | | | | | | | | | | | | | | | | | | | | |GZ3|08-Jan-2019|Z741|08-Jan-2019|F419|08-Jan-2019|Z9181|08-Jan-2019|Z1331|08-Jan-2019|Z1331|08-Jan-2019|F1990|08-Jan-2019|F109|08-Jan-2019|||||||||||||||||||||||||||||||||||0|0||5|450|G0444|3.0|2019-01-09T00:00:00|hospital_B|hospital_B_20190108
SYN_BENE_894995B0ACC9|SYN_CLM_ED888434592A|V|60|08-Jan-2019|08-Jan-2019|11-Jan-2019||3|491581|1|1|1|| |1234.43|0.0| ||49|1063523132| |9999868992| |9999868992|||0|1| |1234.43|08-Jan-2019|1|1|A|10|0.0|246.88|0|4|0.0|0.0|0|0|0|0|0|0|0|0|0|0|0|0|0|||||08-Jan-2019|951.0|0|0||Z733|Z733|Y|Z608|Y|G309|Y|Z653|Y|N1830|Y|E1121|Y|E0922|N|E1129|Y|G43719|Y|E785|Y|E1022|N|E1121|Y|E781|Y|R931|Y|E119|Y|I259|Y|E8881|Y|E669|Y|R7303|Y|D649|Y|I10|Y|Z560|Y|Z9189|N|||||||| | | | | | | | | | | | | | | | | | | | | | |GZ3|08-Jan-2019|Z741|08-Jan-2019|F419|08-Jan-2019|Z9181|08-Jan-2019|Z1331|08-Jan-2019|Z1331|08-Jan-2019|F1990|08-Jan-2019|F109|08-Jan-2019|||||||||||||||||||||||||||||||||||0|0||6|450|G0444|3.0|2019-01-09T00:00:00|hospital_B|hospital_B_20190108
SYN_BENE_894995B0ACC9|SYN_CLM_ED888434592A|V|60|08-Jan-2019|08-Jan-2019|11-Jan-2019||3|491581|1|1|1|| |1234.43|0.0| ||49|1063523132| |9999868992| |9999868992|||0|1| |1234.43|08-Jan-2019|1|1|A|10|0.0|246.88|0|4|0.0|0.0|0|0|0|0|0|0|0|0|0|0|0|0|0|||||08-Jan-2019|951.0|0|0||Z733|Z733|Y|Z608|Y|G309|Y|Z653|Y|N1830|Y|E1121|Y|E0922|N|E1129|Y|G43719|Y|E785|Y|E1022|N|E1121|Y|E781|Y|R931|Y|E119|Y|I259|Y|E8881|Y|E669|Y|R7303|Y|D649|Y|I10|Y|Z560|Y|Z9189|N|||||||| | | | | | | | | | | | | | | | | | | | | | |GZ3|08-Jan-2019|Z741|08-Jan-2019|F419|08-Jan-2019|Z9181|08-Jan-2019|Z1331|08-Jan-2019|Z1331|08-Jan-2019|F1990|08-Jan-2019|F109|08-Jan-2019|||||||||||||||||||||||||||||||||||0|0||7|450|99408|3.0|2019-01-09T00:00:00|hospital_B|hospital_B_20190108
SYN_BENE_894995B0ACC9|SYN_CLM_ED888434592A|V|60|08-Jan-2019|08-Jan-2019|11-Jan-2019||3|491581|1|1|1|| |1234.43|0.0| ||49|1063523132| |9999868992| |9999868992|||0|1| |1234.43|08-Jan-2019|1|1|A|10|0.0|246.88|0|4|0.0|0.0|0|0|0|0|0|0|0|0|0|0|0|0|0|||||08-Jan-2019|951.0|0|0||Z733|Z733|Y|Z608|Y|G309|Y|Z653|Y|N1830|Y|E1121|Y|E0922|N|E1129|Y|G43719|Y|E785|Y|E1022|N|E1121|Y|E781|Y|R931|Y|E119|Y|I259|Y|E8881|Y|E669|Y|R7303|Y|D649|Y|I10|Y|Z560|Y|Z9189|N|||||||| | | | | | | | | | | | | | | | | | | | | | |GZ3|08-Jan-2019|Z741|08-Jan-2019|F419|08-Jan-2019|Z9181|08-Jan-2019|Z1331|08-Jan-2019|Z1331|08-Jan-2019|F1990|08-Jan-2019|F109|08-Jan-2019|||||||||||||||||||||||||||||||||||0|0||8|450|G0442|3.0|2019-01-09T00:00:00|hospital_B|hospital_B_20190108
SYN_BENE_4E03A096103B|SYN_CLM_00E0548C5CE2|V|60|08-Jan-2019|08-Jan-2019|11-Jan-2019||3|491581|1|1|1|| |1234.43|0.0| ||49|1063523132| |9999868992| |9999868992|||0|1| |1234.43|08-Jan-2019|1|1|A|10|0.0|246.88|0|4|0.0|0.0|0|0|0|0|0|0|0|0|0|0|0|0|0|||||08-Jan-2019|951.0|0|0||Z733|Z733|Y|Z608|Y|G309|Y|Z653|Y|N1830|Y|E1121|Y|E0922|N|E1129|Y|G43719|Y|E785|Y|E1022|N|E1121|Y|E781|Y|R931|Y|E119|Y|I259|Y|E8881|Y|E669|Y|R7303|Y|D649|Y|I10|Y|Z560|Y|Z9189|N|||||||| | | | | | | | | | | | | | | | | | | | | | |GZ3|08-Jan-2019|Z741|08-Jan-2019|F419|08-Jan-2019|Z9181|08-Jan-2019|Z1331|08-Jan-2019|Z1331|08-Jan-2019|F1990|08-Jan-2019|F109|08-Jan-2019|||||||||||||||||||||||||||||||||||0|0||1|450|99495|3.0|2019-01-09T00:00:00|hospital_B|hospital_B_20190108
SYN_BENE_4E03A096103B|SYN_CLM_00E0548C5CE2|V|60|08-Jan-2019|08-Jan-2019|11-Jan-2019||3|491581|1|1|1|| |1234.43|0.0| ||49|1063523132| |9999868992| |9999868992|||0|1| |1234.43|08-Jan-2019|1|1|A|10|0.0|246.88|0|4|0.0|0.0|0|0|0|0|0|0|0|0|0|0|0|0|0|||||08-Jan-2019|951.0|0|0||Z733|Z733|Y|Z608|Y|G309|Y|Z653|Y|N1830|Y|E1121|Y|E0922|N|E1129|Y|G43719|Y|E785|Y|E1022|N|E1121|Y|E781|Y|R931|Y|E119|Y|I259|Y|E8881|Y|E669|Y|R7303|Y|D649|Y|I10|Y|Z560|Y|Z9189|N|||||||| | | | | | | | | | | | | | | | | | | | | | |GZ3|08-Jan-2019|Z741|08-Jan-2019|F419|08-Jan-2019|Z9181|08-Jan-2019|Z1331|08-Jan-2019|Z1331|08-Jan-2019|F1990|08-Jan-2019|F109|08-Jan-2019|||||||||||||||||||||||||||||||||||0|0||2|450|96156|3.0|2019-01-09T00:00:00|hospital_B|hospital_B_20190108
SYN_BENE_4E03A096103B|SYN_CLM_00E0548C5CE2|V|60|08-Jan-2019|08-Jan-2019|11-Jan-2019||3|491581|1|1|1|| |1234.43|0.0| ||49|1063523132| |9999868992| |9999868992|||0|1| |1234.43|08-Jan-2019|1|1|A|10|0.0|246.88|0|4|0.0|0.0|0|0|0|0|0|0|0|0|0|0|0|0|0|||||08-Jan-2019|951.0|0|0||Z733|Z733|Y|Z608|Y|G309|Y|Z653|Y|N1830|Y|E1121|Y|E0922|N|E1129|Y|G43719|Y|E785|Y|E1022|N|E1121|Y|E781|Y|R931|Y|E119|Y|I259|Y|E8881|Y|E669|Y|R7303|Y|D649|Y|I10|Y|Z560|Y|Z9189|N|||||||| | | | | | | | | | | | | | | | | | | | | | |GZ3|08-Jan-2019|Z741|08-Jan-2019|F419|08-Jan-2019|Z9181|08-Jan-2019|Z1331|08-Jan-2019|Z1331|08-Jan-2019|F1990|08-Jan-2019|F109|08-Jan-2019|||||||||||||||||||||||||||||||||||0|0||3|450|96127|3.0|2019-01-09T00:00:00|hospital_B|hospital_B_20190108
SYN_BENE_4E03A096103B|SYN_CLM_00E0548C5CE2|V|60|08-Jan-2019|08-Jan-2019|11-Jan-2019||3|491581|1|1|1|| |1234.43|0.0| ||49|1063523132| |9999868992| |9999868992|||0|1| |1234.43|08-Jan-2019|1|1|A|10|0.0|246.88|0|4|0.0|0.0|0|0|0|0|0|0|0|0|0|0|0|0|0|||||08-Jan-2019|951.0|0|0||Z733|Z733|Y|Z608|Y|G309|Y|Z653|Y|N1830|Y|E1121|Y|E0922|N|E1129|Y|G43719|Y|E785|Y|E1022|N|E1121|Y|E781|Y|R931|Y|E119|Y|I259|Y|E8881|Y|E669|Y|R7303|Y|D649|Y|I10|Y|Z560|Y|Z9189|N|||||||| | | | | | | | | | | | | | | | | | | | | | |GZ3|08-Jan-2019|Z741|08-Jan-2019|F419|08-Jan-2019|Z9181|08-Jan-2019|Z1331|08-Jan-2019|Z1331|08-Jan-2019|F1990|08-Jan-2019|F109|08-Jan-2019|||||||||||||||||||||||||||||||||||0|0||4|450|M1069|3.0|2019-01-09T00:00:00|hospital_B|hospital_B_20190108
SYN_BENE_4E03A096103B|SYN_CLM_00E0548C5CE2|V|60|08-Jan-2019|08-Jan-2019|11-Jan-2019||3|491581|1|1|1|| |1234.43|0.0| ||49|1063523132| |9999868992| |9999868992|||0|1| |1234.43|08-Jan-2019|1|1|A|10|0.0|246.88|0|4|0.0|0.0|0|0|0|0|0|0|0|0|0|0|0|0|0|||||08-Jan-2019|951.0|0|0||Z733|Z733|Y|Z608|Y|G309|Y|Z653|Y|N1830|Y|E1121|Y|E0922|N|E1129|Y|G43719|Y|E785|Y|E1022|N|E1121|Y|E781|Y|R931|Y|E119|Y|I259|Y|E8881|Y|E669|Y|R7303|Y|D649|Y|I10|Y|Z560|Y|Z9189|N|||||||| | | | | | | | | | | | | | | | | | | | | | |GZ3|08-Jan-2019|Z741|08-Jan-2019|F419|08-Jan-2019|Z9181|08-Jan-2019|Z1331|08-Jan-2019|Z1331|08-Jan-2019|F1990|08-Jan-2019|F109|08-Jan-2019|||||||||||||||||||||||||||||||||||0|0||5|450|G0444|3.0|2019-01-09T00:00:00|hospital_B|hospital_B_20190108
SYN_BENE_4E03A096103B|SYN_CLM_00E0548C5CE2|V|60|08-Jan-2019|08-Jan-2019|11-Jan-2019||3|491581|1|1|1|| |1234.43|0.0| ||49|1063523132| |9999868992| |9999868992|||0|1| |1234.43|08-Jan-2019|1|1|A|10|0.0|246.88|0|4|0.0|0.0|0|0|0|0|0|0|0|0|0|0|0|0|0|||||08-Jan-2019|951.0|0|0||Z733|Z733|Y|Z608|Y|G309|Y|Z653|Y|N1830|Y|E1121|Y|E0922|N|E1129|Y|G43719|Y|E785|Y|E1022|N|E1121|Y|E781|Y|R931|Y|E119|Y|I259|Y|E8881|Y|E669|Y|R7303|Y|D649|Y|I10|Y|Z560|Y|Z9189|N|||||||| | | | | | | | | | | | | | | | | | | | | | |GZ3|08-Jan-2019|Z741|08-Jan-2019|F419|08-Jan-2019|Z9181|08-Jan-2019|Z1331|08-Jan-2019|Z1331|08-Jan-2019|F1990|08-Jan-2019|F109|08-Jan-2019|||||||||||||||||||||||||||||||||||0|0||6|450|G0444|3.0|2019-01-09T00:00:00|hospital_B|hospital_B_20190108
SYN_BENE_4E03A096103B|SYN_CLM_00E0548C5CE2|V|60|08-Jan-2019|08-Jan-2019|11-Jan-2019||3|491581|1|1|1|| |1234.43|0.0| ||49|1063523132| |9999868992| |9999868992|||0|1| |1234.43|08-Jan-2019|1|1|A|10|0.0|246.88|0|4|0.0|0.0|0|0|0|0|0|0|0|0|0|0|0|0|0|||||08-Jan-2019|951.0|0|0||Z733|Z733|Y|Z608|Y|G309|Y|Z653|Y|N1830|Y|E1121|Y|E0922|N|E1129|Y|G43719|Y|E785|Y|E1022|N|E1121|Y|E781|Y|R931|Y|E119|Y|I259|Y|E8881|Y|E669|Y|R7303|Y|D649|Y|I10|Y|Z560|Y|Z9189|N|||||||| | | | | | | | | | | | | | | | | | | | | | |GZ3|08-Jan-2019|Z741|08-Jan-2019|F419|08-Jan-2019|Z9181|08-Jan-2019|Z1331|08-Jan-2019|Z1331|08-Jan-2019|F1990|08-Jan-2019|F109|08-Jan-2019|||||||||||||||||||||||||||||||||||0|0||7|450|99408|3.0|2019-01-09T00:00:00|hospital_B|hospital_B_20190108
SYN_BENE_4E03A096103B|SYN_CLM_00E0548C5CE2|V|60|08-Jan-2019|08-Jan-2019|11-Jan-2019||3|491581|1|1|1|| |1234.43|0.0| ||49|1063523132| |9999868992| |9999868992|||0|1| |1234.43|08-Jan-2019|1|1|A|10|0.0|246.88|0|4|0.0|0.0|0|0|0|0|0|0|0|0|0|0|0|0|0|||||08-Jan-2019|951.0|0|0||Z733|Z733|Y|Z608|Y|G309|Y|Z653|Y|N1830|Y|E1121|Y|E0922|N|E1129|Y|G43719|Y|E785|Y|E1022|N|E1121|Y|E781|Y|R931|Y|E119|Y|I259|Y|E8881|Y|E669|Y|R7303|Y|D649|Y|I10|Y|Z560|Y|Z9189|N|||||||| | | | | | | | | | | | | | | | | | | | | | |GZ3|08-Jan-2019|Z741|08-Jan-2019|F419|08-Jan-2019|Z9181|08-Jan-2019|Z1331|08-Jan-2019|Z1331|08-Jan-2019|F1990|08-Jan-2019|F109|08-Jan-2019|||||||||||||||||||||||||||||||||||0|0||8|450|G0442|3.0|2019-01-09T00:00:00|hospital_B|hospital_B_20190108
SYN_BENE_336585F5A7A1|SYN_CLM_EF5F4463D603|V|60|08-Jan-2019|08-Jan-2019|11-Jan-2019||3|491581|1|1|1|| |1234.43|0.0| ||49|1063523132| |9999868992| |9999868992|||0|1| |1234.43|08-Jan-2019|1|1|A|10|0.0|246.88|0|4|0.0|0.0|0|0|0|0|0|0|0|0|0|0|0|0|0|||||08-Jan-2019|951.0|0|0||Z733|Z733|Y|Z608|Y|G309|Y|Z653|Y|N1830|Y|E1121|Y|E0922|N|E1129|Y|G43719|Y|E785|Y|E1022|N|E1121|Y|E781|Y|R931|Y|E119|Y|I259|Y|E8881|Y|E669|Y|R7303|Y|D649|Y|I10|Y|Z560|Y|Z9189|N|||||||| | | | | | | | | | | | | | | | | | | | | | |GZ3|08-Jan-2019|Z741|08-Jan-2019|F419|08-Jan-2019|Z9181|08-Jan-2019|Z1331|08-Jan-2019|Z1331|08-Jan-2019|F1990|08-Jan-2019|F109|08-Jan-2019|||||||||||||||||||||||||||||||||||0|0||1|450|99495|3.0|2019-01-09T00:00:00|hospital_B|hospital_B_20190108
SYN_BENE_336585F5A7A1|SYN_CLM_EF5F4463D603|V|60|08-Jan-2019|08-Jan-2019|11-Jan-2019||3|491581|1|1|1|| |1234.43|0.0| ||49|1063523132| |9999868992| |9999868992|||0|1| |1234.43|08-Jan-2019|1|1|A|10|0.0|246.88|0|4|0.0|0.0|0|0|0|0|0|0|0|0|0|0|0|0|0|||||08-Jan-2019|951.0|0|0||Z733|Z733|Y|Z608|Y|G309|Y|Z653|Y|N1830|Y|E1121|Y|E0922|N|E1129|Y|G43719|Y|E785|Y|E1022|N|E1121|Y|E781|Y|R931|Y|E119|Y|I259|Y|E8881|Y|E669|Y|R7303|Y|D649|Y|I10|Y|Z560|Y|Z9189|N|||||||| | | | | | | | | | | | | | | | | | | | | | |GZ3|08-Jan-2019|Z741|08-Jan-2019|F419|08-Jan-2019|Z9181|08-Jan-2019|Z1331|08-Jan-2019|Z1331|08-Jan-2019|F1990|08-Jan-2019|F109|08-Jan-2019|||||||||||||||||||||||||||||||||||0|0||2|450|96156|3.0|2019-01-09T00:00:00|hospital_B|hospital_B_20190108
SYN_BENE_336585F5A7A1|SYN_CLM_EF5F4463D603|V|60|08-Jan-2019|08-Jan-2019|11-Jan-2019||3|491581|1|1|1|| |1234.43|0.0| ||49|1063523132| |9999868992| |9999868992|||0|1| |1234.43|08-Jan-2019|1|1|A|10|0.0|246.88|0|4|0.0|0.0|0|0|0|0|0|0|0|0|0|0|0|0|0|||||08-Jan-2019|951.0|0|0||Z733|Z733|Y|Z608|Y|G309|Y|Z653|Y|N1830|Y|E1121|Y|E0922|N|E1129|Y|G43719|Y|E785|Y|E1022|N|E1121|Y|E781|Y|R931|Y|E119|Y|I259|Y|E8881|Y|E669|Y|R7303|Y|D649|Y|I10|Y|Z560|Y|Z9189|N|||||||| | | | | | | | | | | | | | | | | | | | | | |GZ3|08-Jan-2019|Z741|08-Jan-2019|F419|08-Jan-2019|Z9181|08-Jan-2019|Z1331|08-Jan-2019|Z1331|08-Jan-2019|F1990|08-Jan-2019|F109|08-Jan-2019|||||||||||||||||||||||||||||||||||0|0||3|450|96127|3.0|2019-01-09T00:00:00|hospital_B|hospital_B_20190108
SYN_BENE_336585F5A7A1|SYN_CLM_EF5F4463D603|V|60|08-Jan-2019|08-Jan-2019|11-Jan-2019||3|491581|1|1|1|| |1234.43|0.0| ||49|1063523132| |9999868992| |9999868992|||0|1| |1234.43|08-Jan-2019|1|1|A|10|0.0|246.88|0|4|0.0|0.0|0|0|0|0|0|0|0|0|0|0|0|0|0|||||08-Jan-2019|951.0|0|0||Z733|Z733|Y|Z608|Y|G309|Y|Z653|Y|N1830|Y|E1121|Y|E0922|N|E1129|Y|G43719|Y|E785|Y|E1022|N|E1121|Y|E781|Y|R931|Y|E119|Y|I259|Y|E8881|Y|E669|Y|R7303|Y|D649|Y|I10|Y|Z560|Y|Z9189|N|||||||| | | | | | | | | | | | | | | | | | | | | | |GZ3|08-Jan-2019|Z741|08-Jan-2019|F419|08-Jan-2019|Z9181|08-Jan-2019|Z1331|08-Jan-2019|Z1331|08-Jan-2019|F1990|08-Jan-2019|F109|08-Jan-2019|||||||||||||||||||||||||||||||||||0|0||4|450|M1069|3.0|2019-01-09T00:00:00|hospital_B|hospital_B_20190108
SYN_BENE_336585F5A7A1|SYN_CLM_EF5F4463D603|V|60|08-Jan-2019|08-Jan-2019|11-Jan-2019||3|491581|1|1|1|| |1234.43|0.0| ||49|1063523132| |9999868992| |9999868992|||0|1| |1234.43|08-Jan-2019|1|1|A|10|0.0|246.88|0|4|0.0|0.0|0|0|0|0|0|0|0|0|0|0|0|0|0|||||08-Jan-2019|951.0|0|0||Z733|Z733|Y|Z608|Y|G309|Y|Z653|Y|N1830|Y|E1121|Y|E0922|N|E1129|Y|G43719|Y|E785|Y|E1022|N|E1121|Y|E781|Y|R931|Y|E119|Y|I259|Y|E8881|Y|E669|Y|R7303|Y|D649|Y|I10|Y|Z560|Y|Z9189|N|||||||| | | | | | | | | | | | | | | | | | | | | | |GZ3|08-Jan-2019|Z741|08-Jan-2019|F419|08-Jan-2019|Z9181|08-Jan-2019|Z1331|08-Jan-2019|Z1331|08-Jan-2019|F1990|08-Jan-2019|F109|08-Jan-2019|||||||||||||||||||||||||||||||||||0|0||5|450|G0444|3.0|2019-01-09T00:00:00|hospital_B|hospital_B_20190108
SYN_BENE_336585F5A7A1|SYN_CLM_EF5F4463D603|V|60|08-Jan-2019|08-Jan-2019|11-Jan-2019||3|491581|1|1|1|| |1234.43|0.0| ||49|1063523132| |9999868992| |9999868992|||0|1| |1234.43|08-Jan-2019|1|1|A|10|0.0|246.88|0|4|0.0|0.0|0|0|0|0|0|0|0|0|0|0|0|0|0|||||08-Jan-2019|951.0|0|0||Z733|Z733|Y|Z608|Y|G309|Y|Z653|Y|N1830|Y|E1121|Y|E0922|N|E1129|Y|G43719|Y|E785|Y|E1022|N|E1121|Y|E781|Y|R931|Y|E119|Y|I259|Y|E8881|Y|E669|Y|R7303|Y|D649|Y|I10|Y|Z560|Y|Z9189|N|||||||| | | | | | | | | | | | | | | | | | | | | | |GZ3|08-Jan-2019|Z741|08-Jan-2019|F419|08-Jan-2019|Z9181|08-Jan-2019|Z1331|08-Jan-2019|Z1331|08-Jan-2019|F1990|08-Jan-2019|F109|08-Jan-2019|||||||||||||||||||||||||||||||||||0|0||6|450|G0444|3.0|2019-01-09T00:00:00|hospital_B|hospital_B_20190108
SYN_BENE_336585F5A7A1|SYN_CLM_EF5F4463D603|V|60|08-Jan-2019|08-Jan-2019|11-Jan-2019||3|491581|1|1|1|| |1234.43|0.0| ||49|1063523132| |9999868992| |9999868992|||0|1| |1234.43|08-Jan-2019|1|1|A|10|0.0|246.88|0|4|0.0|0.0|0|0|0|0|0|0|0|0|0|0|0|0|0|||||08-Jan-2019|951.0|0|0||Z733|Z733|Y|Z608|Y|G309|Y|Z653|Y|N1830|Y|E1121|Y|E0922|N|E1129|Y|G43719|Y|E785|Y|E1022|N|E1121|Y|E781|Y|R931|Y|E119|Y|I259|Y|E8881|Y|E669|Y|R7303|Y|D649|Y|I10|Y|Z560|Y|Z9189|N|||||||| | | | | | | | | | | | | | | | | | | | | | |GZ3|08-Jan-2019|Z741|08-Jan-2019|F419|08-Jan-2019|Z9181|08-Jan-2019|Z1331|08-Jan-2019|Z1331|08-Jan-2019|F1990|08-Jan-2019|F109|08-Jan-2019|||||||||||||||||||||||||||||||||||0|0||7|450|99408|3.0|2019-01-09T00:00:00|hospital_B|hospital_B_20190108
SYN_BENE_336585F5A7A1|SYN_CLM_EF5F4463D603|V|60|08-Jan-2019|08-Jan-2019|11-Jan-2019||3|491581|1|1|1|| |1234.43|0.0| ||49|1063523132| |9999868992| |9999868992|||0|1| |1234.43|08-Jan-2019|1|1|A|10|0.0|246.88|0|4|0.0|0.0|0|0|0|0|0|0|0|0|0|0|0|0|0|||||08-Jan-2019|951.0|0|0||Z733|Z733|Y|Z608|Y|G309|Y|Z653|Y|N1830|Y|E1121|Y|E0922|N|E1129|Y|G43719|Y|E785|Y|E1022|N|E1121|Y|E781|Y|R931|Y|E119|Y|I259|Y|E8881|Y|E669|Y|R7303|Y|D649|Y|I10|Y|Z560|Y|Z9189|N|||||||| | | | | | | | | | | | | | | | | | | | | | |GZ3|08-Jan-2019|Z741|08-Jan-2019|F419|08-Jan-2019|Z9181|08-Jan-2019|Z1331|08-Jan-2019|Z1331|08-Jan-2019|F1990|08-Jan-2019|F109|08-Jan-2019|||||||||||||||||||||||||||||||||||0|0||8|450|G0442|3.0|2019-01-09T00:00:00|hospital_B|hospital_B_20190108
SYN_BENE_FDCC04D1675D|SYN_CLM_5AC36E6073FF|V|60|08-Jan-2019|08-Jan-2019|11-Jan-2019||3|491581|1|1|1|| |1234.43|0.0| ||49|1063523132| |9999868992| |9999868992|||0|1| |1234.43|08-Jan-2019|1|1|A|10|0.0|246.88|0|4|0.0|0.0|0|0|0|0|0|0|0|0|0|0|0|0|0|||||08-Jan-2019|951.0|0|0||Z733|Z733|Y|Z608|Y|G309|Y|Z653|Y|N1830|Y|E1121|Y|E0922|N|E1129|Y|G43719|Y|E785|Y|E1022|N|E1121|Y|E781|Y|R931|Y|E119|Y|I259|Y|E8881|Y|E669|Y|R7303|Y|D649|Y|I10|Y|Z560|Y|Z9189|N|||||||| | | | | | | | | | | | | | | | | | | | | | |GZ3|08-Jan-2019|Z741|08-Jan-2019|F419|08-Jan-2019|Z9181|08-Jan-2019|Z1331|08-Jan-2019|Z1331|08-Jan-2019|F1990|08-Jan-2019|F109|08-Jan-2019|||||||||||||||||||||||||||||||||||0|0||1|450|99495|3.0|2019-01-09T00:00:00|hospital_B|hospital_B_20190108
SYN_BENE_FDCC04D1675D|SYN_CLM_5AC36E6073FF|V|60|08-Jan-2019|08-Jan-2019|11-Jan-2019||3|491581|1|1|1|| |1234.43|0.0| ||49|1063523132| |9999868992| |9999868992|||0|1| |1234.43|08-Jan-2019|1|1|A|10|0.0|246.88|0|4|0.0|0.0|0|0|0|0|0|0|0|0|0|0|0|0|0|||||08-Jan-2019|951.0|0|0||Z733|Z733|Y|Z608|Y|G309|Y|Z653|Y|N1830|Y|E1121|Y|E0922|N|E1129|Y|G43719|Y|E785|Y|E1022|N|E1121|Y|E781|Y|R931|Y|E119|Y|I259|Y|E8881|Y|E669|Y|R7303|Y|D649|Y|I10|Y|Z560|Y|Z9189|N|||||||| | | | | | | | | | | | | | | | | | | | | | |GZ3|08-Jan-2019|Z741|08-Jan-2019|F419|08-Jan-2019|Z9181|08-Jan-2019|Z1331|08-Jan-2019|Z1331|08-Jan-2019|F1990|08-Jan-2019|F109|08-Jan-2019|||||||||||||||||||||||||||||||||||0|0||2|450|96156|3.0|2019-01-09T00:00:00|hospital_B|hospital_B_20190108
SYN_BENE_FDCC04D1675D|SYN_CLM_5AC36E6073FF|V|60|08-Jan-2019|08-Jan-2019|11-Jan-2019||3|491581|1|1|1|| |1234.43|0.0| ||49|1063523132| |9999868992| |9999868992|||0|1| |1234.43|08-Jan-2019|1|1|A|10|0.0|246.88|0|4|0.0|0.0|0|0|0|0|0|0|0|0|0|0|0|0|0|||||08-Jan-2019|951.0|0|0||Z733|Z733|Y|Z608|Y|G309|Y|Z653|Y|N1830|Y|E1121|Y|E0922|N|E1129|Y|G43719|Y|E785|Y|E1022|N|E1121|Y|E781|Y|R931|Y|E119|Y|I259|Y|E8881|Y|E669|Y|R7303|Y|D649|Y|I10|Y|Z560|Y|Z9189|N|||||||| | | | | | | | | | | | | | | | | | | | | | |GZ3|08-Jan-2019|Z741|08-Jan-2019|F419|08-Jan-2019|Z9181|08-Jan-2019|Z1331|08-Jan-2019|Z1331|08-Jan-2019|F1990|08-Jan-2019|F109|08-Jan-2019|||||||||||||||||||||||||||||||||||0|0||3|450|96127|3.0|2019-01-09T00:00:00|hospital_B|hospital_B_20190108
SYN_BENE_FDCC04D1675D|SYN_CLM_5AC36E6073FF|V|60|08-Jan-2019|08-Jan-2019|11-Jan-2019||3|491581|1|1|1|| |1234.43|0.0| ||49|1063523132| |9999868992| |9999868992|||0|1| |1234.43|08-Jan-2019|1|1|A|10|0.0|246.88|0|4|0.0|0.0|0|0|0|0|0|0|0|0|0|0|0|0|0|||||08-Jan-2019|951.0|0|0||Z733|Z733|Y|Z608|Y|G309|Y|Z653|Y|N1830|Y|E1121|Y|E0922|N|E1129|Y|G43719|Y|E785|Y|E1022|N|E1121|Y|E781|Y|R931|Y|E119|Y|I259|Y|E8881|Y|E669|Y|R7303|Y|D649|Y|I10|Y|Z560|Y|Z9189|N|||||||| | | | | | | | | | | | | | | | | | | | | | |GZ3|08-Jan-2019|Z741|08-Jan-2019|F419|08-Jan-2019|Z9181|08-Jan-2019|Z1331|08-Jan-2019|Z1331|08-Jan-2019|F1990|08-Jan-2019|F109|08-Jan-2019|||||||||||||||||||||||||||||||||||0|0||4|450|M1069|3.0|2019-01-09T00:00:00|hospital_B|hospital_B_20190108
SYN_BENE_FDCC04D1675D|SYN_CLM_5AC36E6073FF|V|60|08-Jan-2019|08-Jan-2019|11-Jan-2019||3|491581|1|1|1|| |1234.43|0.0| ||49|1063523132| |9999868992| |9999868992|||0|1| |1234.43|08-Jan-2019|1|1|A|10|0.0|246.88|0|4|0.0|0.0|0|0|0|0|0|0|0|0|0|0|0|0|0|||||08-Jan-2019|951.0|0|0||Z733|Z733|Y|Z608|Y|G309|Y|Z653|Y|N1830|Y|E1121|Y|E0922|N|E1129|Y|G43719|Y|E785|Y|E1022|N|E1121|Y|E781|Y|R931|Y|E119|Y|I259|Y|E8881|Y|E669|Y|R7303|Y|D649|Y|I10|Y|Z560|Y|Z9189|N|||||||| | | | | | | | | | | | | | | | | | | | | | |GZ3|08-Jan-2019|Z741|08-Jan-2019|F419|08-Jan-2019|Z9181|08-Jan-2019|Z1331|08-Jan-2019|Z1331|08-Jan-2019|F1990|08-Jan-2019|F109|08-Jan-2019|||||||||||||||||||||||||||||||||||0|0||5|450|G0444|3.0|2019-01-09T00:00:00|hospital_B|hospital_B_20190108
SYN_BENE_FDCC04D1675D|SYN_CLM_5AC36E6073FF|V|60|08-Jan-2019|08-Jan-2019|11-Jan-2019||3|491581|1|1|1|| |1234.43|0.0| ||49|1063523132| |9999868992| |9999868992|||0|1| |1234.43|08-Jan-2019|1|1|A|10|0.0|246.88|0|4|0.0|0.0|0|0|0|0|0|0|0|0|0|0|0|0|0|||||08-Jan-2019|951.0|0|0||Z733|Z733|Y|Z608|Y|G309|Y|Z653|Y|N1830|Y|E1121|Y|E0922|N|E1129|Y|G43719|Y|E785|Y|E1022|N|E1121|Y|E781|Y|R931|Y|E119|Y|I259|Y|E8881|Y|E669|Y|R7303|Y|D649|Y|I10|Y|Z560|Y|Z9189|N|||||||| | | | | | | | | | | | | | | | | | | | | | |GZ3|08-Jan-2019|Z741|08-Jan-2019|F419|08-Jan-2019|Z9181|08-Jan-2019|Z1331|08-Jan-2019|Z1331|08-Jan-2019|F1990|08-Jan-2019|F109|08-Jan-2019|||||||||||||||||||||||||||||||||||0|0||6|450|G0444|3.0|2019-01-09T00:00:00|hospital_B|hospital_B_20190108
SYN_BENE_FDCC04D1675D|SYN_CLM_5AC36E6073FF|V|60|08-Jan-2019|08-Jan-2019|11-Jan-2019||3|491581|1|1|1|| |1234.43|0.0| ||49|1063523132| |9999868992| |9999868992|||0|1| |1234.43|08-Jan-2019|1|1|A|10|0.0|246.88|0|4|0.0|0.0|0|0|0|0|0|0|0|0|0|0|0|0|0|||||08-Jan-2019|951.0|0|0||Z733|Z733|Y|Z608|Y|G309|Y|Z653|Y|N1830|Y|E1121|Y|E0922|N|E1129|Y|G43719|Y|E785|Y|E1022|N|E1121|Y|E781|Y|R931|Y|E119|Y|I259|Y|E8881|Y|E669|Y|R7303|Y|D649|Y|I10|Y|Z560|Y|Z9189|N|||||||| | | | | | | | | | | | | | | | | | | | | | |GZ3|08-Jan-2019|Z741|08-Jan-2019|F419|08-Jan-2019|Z9181|08-Jan-2019|Z1331|08-Jan-2019|Z1331|08-Jan-2019|F1990|08-Jan-2019|F109|08-Jan-2019|||||||||||||||||||||||||||||||||||0|0||7|450|99408|3.0|2019-01-09T00:00:00|hospital_B|hospital_B_20190108
SYN_BENE_FDCC04D1675D|SYN_CLM_5AC36E6073FF|V|60|08-Jan-2019|08-Jan-2019|11-Jan-2019||3|491581|1|1|1|| |1234.43|0.0| ||49|1063523132| |9999868992| |9999868992|||0|1| |1234.43|08-Jan-2019|1|1|A|10|0.0|246.88|0|4|0.0|0.0|0|0|0|0|0|0|0|0|0|0|0|0|0|||||08-Jan-2019|951.0|0|0||Z733|Z733|Y|Z608|Y|G309|Y|Z653|Y|N1830|Y|E1121|Y|E0922|N|E1129|Y|G43719|Y|E785|Y|E1022|N|E1121|Y|E781|Y|R931|Y|E119|Y|I259|Y|E8881|Y|E669|Y|R7303|Y|D649|Y|I10|Y|Z560|Y|Z9189|N|||||||| | | | | | | | | | | | | | | | | | | | | | |GZ3|08-Jan-2019|Z741|08-Jan-2019|F419|08-Jan-2019|Z9181|08-Jan-2019|Z1331|08-Jan-2019|Z1331|08-Jan-2019|F1990|08-Jan-2019|F109|08-Jan-2019|||||||||||||||||||||||||||||||||||0|0||8|450|G0442|3.0|2019-01-09T00:00:00|hospital_B|hospital_B_20190108
SYN_BENE_EEFAC1AA6B03|SYN_CLM_3E5F77D1DE4F|V|60|08-Jan-2019|08-Jan-2019|11-Jan-2019||3|491581|1|1|1|| |1234.43|0.0| ||49|1063523132| |9999868992| |9999868992|||0|1| |1234.43|08-Jan-2019|1|1|A|10|0.0|246.88|0|4|0.0|0.0|0|0|0|0|0|0|0|0|0|0|0|0|0|||||08-Jan-2019|951.0|0|0||Z733|Z733|Y|Z608|Y|G309|Y|Z653|Y|N1830|Y|E1121|Y|E0922|N|E1129|Y|G43719|Y|E785|Y|E1022|N|E1121|Y|E781|Y|R931|Y|E119|Y|I259|Y|E8881|Y|E669|Y|R7303|Y|D649|Y|I10|Y|Z560|Y|Z9189|N|||||||| | | | | | | | | | | | | | | | | | | | | | |GZ3|08-Jan-2019|Z741|08-Jan-2019|F419|08-Jan-2019|Z9181|08-Jan-2019|Z1331|08-Jan-2019|Z1331|08-Jan-2019|F1990|08-Jan-2019|F109|08-Jan-2019|||||||||||||||||||||||||||||||||||0|0||1|450|99495|3.0|2019-01-09T00:00:00|hospital_B|hospital_B_20190108
SYN_BENE_EEFAC1AA6B03|SYN_CLM_3E5F77D1DE4F|V|60|08-Jan-2019|08-Jan-2019|11-Jan-2019||3|491581|1|1|1|| |1234.43|0.0| ||49|1063523132| |9999868992| |9999868992|||0|1| |1234.43|08-Jan-2019|1|1|A|10|0.0|246.88|0|4|0.0|0.0|0|0|0|0|0|0|0|0|0|0|0|0|0|||||08-Jan-2019|951.0|0|0||Z733|Z733|Y|Z608|Y|G309|Y|Z653|Y|N1830|Y|E1121|Y|E0922|N|E1129|Y|G43719|Y|E785|Y|E1022|N|E1121|Y|E781|Y|R931|Y|E119|Y|I259|Y|E8881|Y|E669|Y|R7303|Y|D649|Y|I10|Y|Z560|Y|Z9189|N|||||||| | | | | | | | | | | | | | | | | | | | | | |GZ3|08-Jan-2019|Z741|08-Jan-2019|F419|08-Jan-2019|Z9181|08-Jan-2019|Z1331|08-Jan-2019|Z1331|08-Jan-2019|F1990|08-Jan-2019|F109|08-Jan-2019|||||||||||||||||||||||||||||||||||0|0||2|450|96156|3.0|2019-01-09T00:00:00|hospital_B|hospital_B_20190108
SYN_BENE_EEFAC1AA6B03|SYN_CLM_3E5F77D1DE4F|V|60|08-Jan-2019|08-Jan-2019|11-Jan-2019||3|491581|1|1|1|| |1234.43|0.0| ||49|1063523132| |9999868992| |9999868992|||0|1| |1234.43|08-Jan-2019|1|1|A|10|0.0|246.88|0|4|0.0|0.0|0|0|0|0|0|0|0|0|0|0|0|0|0|||||08-Jan-2019|951.0|0|0||Z733|Z733|Y|Z608|Y|G309|Y|Z653|Y|N1830|Y|E1121|Y|E0922|N|E1129|Y|G43719|Y|E785|Y|E1022|N|E1121|Y|E781|Y|R931|Y|E119|Y|I259|Y|E8881|Y|E669|Y|R7303|Y|D649|Y|I10|Y|Z560|Y|Z9189|N|||||||| | | | | | | | | | | | | | | | | | | | | | |GZ3|08-Jan-2019|Z741|08-Jan-2019|F419|08-Jan-2019|Z9181|08-Jan-2019|Z1331|08-Jan-2019|Z1331|08-Jan-2019|F1990|08-Jan-2019|F109|08-Jan-2019|||||||||||||||||||||||||||||||||||0|0||3|450|96127|3.0|2019-01-09T00:00:00|hospital_B|hospital_B_20190108
SYN_BENE_EEFAC1AA6B03|SYN_CLM_3E5F77D1DE4F|V|60|08-Jan-2019|08-Jan-2019|11-Jan-2019||3|491581|1|1|1|| |1234.43|0.0| ||49|1063523132| |9999868992| |9999868992|||0|1| |1234.43|08-Jan-2019|1|1|A|10|0.0|246.88|0|4|0.0|0.0|0|0|0|0|0|0|0|0|0|0|0|0|0|||||08-Jan-2019|951.0|0|0||Z733|Z733|Y|Z608|Y|G309|Y|Z653|Y|N1830|Y|E1121|Y|E0922|N|E1129|Y|G43719|Y|E785|Y|E1022|N|E1121|Y|E781|Y|R931|Y|E119|Y|I259|Y|E8881|Y|E669|Y|R7303|Y|D649|Y|I10|Y|Z560|Y|Z9189|N|||||||| | | | | | | | | | | | | | | | | | | | | | |GZ3|08-Jan-2019|Z741|08-Jan-2019|F419|08-Jan-2019|Z9181|08-Jan-2019|Z1331|08-Jan-2019|Z1331|08-Jan-2019|F1990|08-Jan-2019|F109|08-Jan-2019|||||||||||||||||||||||||||||||||||0|0||4|450|M1069|3.0|2019-01-09T00:00:00|hospital_B|hospital_B_20190108
SYN_BENE_EEFAC1AA6B03|SYN_CLM_3E5F77D1DE4F|V|60|08-Jan-2019|08-Jan-2019|11-Jan-2019||3|491581|1|1|1|| |1234.43|0.0| ||49|1063523132| |9999868992| |9999868992|||0|1| |1234.43|08-Jan-2019|1|1|A|10|0.0|246.88|0|4|0.0|0.0|0|0|0|0|0|0|0|0|0|0|0|0|0|||||08-Jan-2019|951.0|0|0||Z733|Z733|Y|Z608|Y|G309|Y|Z653|Y|N1830|Y|E1121|Y|E0922|N|E1129|Y|G43719|Y|E785|Y|E1022|N|E1121|Y|E781|Y|R931|Y|E119|Y|I259|Y|E8881|Y|E669|Y|R7303|Y|D649|Y|I10|Y|Z560|Y|Z9189|N|||||||| | | | | | | | | | | | | | | | | | | | | | |GZ3|08-Jan-2019|Z741|08-Jan-2019|F419|08-Jan-2019|Z9181|08-Jan-2019|Z1331|08-Jan-2019|Z1331|08-Jan-2019|F1990|08-Jan-2019|F109|08-Jan-2019|||||||||||||||||||||||||||||||||||0|0||5|450|G0444|3.0|2019-01-09T00:00:00|hospital_B|hospital_B_20190108
SYN_BENE_EEFAC1AA6B03|SYN_CLM_3E5F77D1DE4F|V|60|08-Jan-2019|08-Jan-2019|11-Jan-2019||3|491581|1|1|1|| |1234.43|0.0| ||49|1063523132| |9999868992| |9999868992|||0|1| |1234.43|08-Jan-2019|1|1|A|10|0.0|246.88|0|4|0.0|0.0|0|0|0|0|0|0|0|0|0|0|0|0|0|||||08-Jan-2019|951.0|0|0||Z733|Z733|Y|Z608|Y|G309|Y|Z653|Y|N1830|Y|E1121|Y|E0922|N|E1129|Y|G43719|Y|E785|Y|E1022|N|E1121|Y|E781|Y|R931|Y|E119|Y|I259|Y|E8881|Y|E669|Y|R7303|Y|D649|Y|I10|Y|Z560|Y|Z9189|N|||||||| | | | | | | | | | | | | | | | | | | | | | |GZ3|08-Jan-2019|Z741|08-Jan-2019|F419|08-Jan-2019|Z9181|08-Jan-2019|Z1331|08-Jan-2019|Z1331|08-Jan-2019|F1990|08-Jan-2019|F109|08-Jan-2019|||||||||||||||||||||||||||||||||||0|0||6|450|G0444|3.0|2019-01-09T00:00:00|hospital_B|hospital_B_20190108
SYN_BENE_EEFAC1AA6B03|SYN_CLM_3E5F77D1DE4F|V|60|08-Jan-2019|08-Jan-2019|11-Jan-2019||3|491581|1|1|1|| |1234.43|0.0| ||49|1063523132| |9999868992| |9999868992|||0|1| |1234.43|08-Jan-2019|1|1|A|10|0.0|246.88|0|4|0.0|0.0|0|0|0|0|0|0|0|0|0|0|0|0|0|||||08-Jan-2019|951.0|0|0||Z733|Z733|Y|Z608|Y|G309|Y|Z653|Y|N1830|Y|E1121|Y|E0922|N|E1129|Y|G43719|Y|E785|Y|E1022|N|E1121|Y|E781|Y|R931|Y|E119|Y|I259|Y|E8881|Y|E669|Y|R7303|Y|D649|Y|I10|Y|Z560|Y|Z9189|N|||||||| | | | | | | | | | | | | | | | | | | | | | |GZ3|08-Jan-2019|Z741|08-Jan-2019|F419|08-Jan-2019|Z9181|08-Jan-2019|Z1331|08-Jan-2019|Z1331|08-Jan-2019|F1990|08-Jan-2019|F109|08-Jan-2019|||||||||||||||||||||||||||||||||||0|0||7|450|99408|3.0|2019-01-09T00:00:00|hospital_B|hospital_B_20190108
SYN_BENE_EEFAC1AA6B03|SYN_CLM_3E5F77D1DE4F|V|60|08-Jan-2019|08-Jan-2019|11-Jan-2019||3|491581|1|1|1|| |1234.43|0.0| ||49|1063523132| |9999868992| |9999868992|||0|1| |1234.43|08-Jan-2019|1|1|A|10|0.0|246.88|0|4|0.0|0.0|0|0|0|0|0|0|0|0|0|0|0|0|0|||||08-Jan-2019|951.0|0|0||Z733|Z733|Y|Z608|Y|G309|Y|Z653|Y|N1830|Y|E1121|Y|E0922|N|E1129|Y|G43719|Y|E785|Y|E1022|N|E1121|Y|E781|Y|R931|Y|E119|Y|I259|Y|E8881|Y|E669|Y|R7303|Y|D649|Y|I10|Y|Z560|Y|Z9189|N|||||||| | | | | | | | | | | | | | | | | | | | | | |GZ3|08-Jan-2019|Z741|08-Jan-2019|F419|08-Jan-2019|Z9181|08-Jan-2019|Z1331|08-Jan-2019|Z1331|08-Jan-2019|F1990|08-Jan-2019|F109|08-Jan-2019|||||||||||||||||||||||||||||||||||0|0||8|450|G0442|3.0|2019-01-09T00:00:00|hospital_B|hospital_B_20190108
SYN_BENE_AB8C5C3229B1|SYN_CLM_A7C7976A96E2|V|60|08-Jan-2019|08-Jan-2019|11-Jan-2019||3|491581|1|1|1|| |1234.43|0.0| ||49|1063523132| |9999868992| |9999868992|||0|1| |1234.43|08-Jan-2019|1|1|A|10|0.0|246.88|0|4|0.0|0.0|0|0|0|0|0|0|0|0|0|0|0|0|0|||||08-Jan-2019|951.0|0|0||Z733|Z733|Y|Z608|Y|G309|Y|Z653|Y|N1830|Y|E1121|Y|E0922|N|E1129|Y|G43719|Y|E785|Y|E1022|N|E1121|Y|E781|Y|R931|Y|E119|Y|I259|Y|E8881|Y|E669|Y|R7303|Y|D649|Y|I10|Y|Z560|Y|Z9189|N|||||||| | | | | | | | | | | | | | | | | | | | | | |GZ3|08-Jan-2019|Z741|08-Jan-2019|F419|08-Jan-2019|Z9181|08-Jan-2019|Z1331|08-Jan-2019|Z1331|08-Jan-2019|F1990|08-Jan-2019|F109|08-Jan-2019|||||||||||||||||||||||||||||||||||0|0||1|450|99495|3.0|2019-01-09T00:00:00|hospital_B|hospital_B_20190108
SYN_BENE_AB8C5C3229B1|SYN_CLM_A7C7976A96E2|V|60|08-Jan-2019|08-Jan-2019|11-Jan-2019||3|491581|1|1|1|| |1234.43|0.0| ||49|1063523132| |9999868992| |9999868992|||0|1| |1234.43|08-Jan-2019|1|1|A|10|0.0|246.88|0|4|0.0|0.0|0|0|0|0|0|0|0|0|0|0|0|0|0|||||08-Jan-2019|951.0|0|0||Z733|Z733|Y|Z608|Y|G309|Y|Z653|Y|N1830|Y|E1121|Y|E0922|N|E1129|Y|G43719|Y|E785|Y|E1022|N|E1121|Y|E781|Y|R931|Y|E119|Y|I259|Y|E8881|Y|E669|Y|R7303|Y|D649|Y|I10|Y|Z560|Y|Z9189|N|||||||| | | | | | | | | | | | | | | | | | | | | | |GZ3|08-Jan-2019|Z741|08-Jan-2019|F419|08-Jan-2019|Z9181|08-Jan-2019|Z1331|08-Jan-2019|Z1331|08-Jan-2019|F1990|08-Jan-2019|F109|08-Jan-2019|||||||||||||||||||||||||||||||||||0|0||2|450|96156|3.0|2019-01-09T00:00:00|hospital_B|hospital_B_20190108
SYN_BENE_AB8C5C3229B1|SYN_CLM_A7C7976A96E2|V|60|08-Jan-2019|08-Jan-2019|11-Jan-2019||3|491581|1|1|1|| |1234.43|0.0| ||49|1063523132| |9999868992| |9999868992|||0|1| |1234.43|08-Jan-2019|1|1|A|10|0.0|246.88|0|4|0.0|0.0|0|0|0|0|0|0|0|0|0|0|0|0|0|||||08-Jan-2019|951.0|0|0||Z733|Z733|Y|Z608|Y|G309|Y|Z653|Y|N1830|Y|E1121|Y|E0922|N|E1129|Y|G43719|Y|E785|Y|E1022|N|E1121|Y|E781|Y|R931|Y|E119|Y|I259|Y|E8881|Y|E669|Y|R7303|Y|D649|Y|I10|Y|Z560|Y|Z9189|N|||||||| | | | | | | | | | | | | | | | | | | | | | |GZ3|08-Jan-2019|Z741|08-Jan-2019|F419|08-Jan-2019|Z9181|08-Jan-2019|Z1331|08-Jan-2019|Z1331|08-Jan-2019|F1990|08-Jan-2019|F109|08-Jan-2019|||||||||||||||||||||||||||||||||||0|0||3|450|96127|3.0|2019-01-09T00:00:00|hospital_B|hospital_B_20190108
SYN_BENE_AB8C5C3229B1|SYN_CLM_A7C7976A96E2|V|60|08-Jan-2019|08-Jan-2019|11-Jan-2019||3|491581|1|1|1|| |1234.43|0.0| ||49|1063523132| |9999868992| |9999868992|||0|1| |1234.43|08-Jan-2019|1|1|A|10|0.0|246.88|0|4|0.0|0.0|0|0|0|0|0|0|0|0|0|0|0|0|0|||||08-Jan-2019|951.0|0|0||Z733|Z733|Y|Z608|Y|G309|Y|Z653|Y|N1830|Y|E1121|Y|E0922|N|E1129|Y|G43719|Y|E785|Y|E1022|N|E1121|Y|E781|Y|R931|Y|E119|Y|I259|Y|E8881|Y|E669|Y|R7303|Y|D649|Y|I10|Y|Z560|Y|Z9189|N|||||||| | | | | | | | | | | | | | | | | | | | | | |GZ3|08-Jan-2019|Z741|08-Jan-2019|F419|08-Jan-2019|Z9181|08-Jan-2019|Z1331|08-Jan-2019|Z1331|08-Jan-2019|F1990|08-Jan-2019|F109|08-Jan-2019|||||||||||||||||||||||||||||||||||0|0||4|450|M1069|3.0|2019-01-09T00:00:00|hospital_B|hospital_B_20190108
SYN_BENE_AB8C5C3229B1|SYN_CLM_A7C7976A96E2|V|60|08-Jan-2019|08-Jan-2019|11-Jan-2019||3|491581|1|1|1|| |1234.43|0.0| ||49|1063523132| |9999868992| |9999868992|||0|1| |1234.43|08-Jan-2019|1|1|A|10|0.0|246.88|0|4|0.0|0.0|0|0|0|0|0|0|0|0|0|0|0|0|0|||||08-Jan-2019|951.0|0|0||Z733|Z733|Y|Z608|Y|G309|Y|Z653|Y|N1830|Y|E1121|Y|E0922|N|E1129|Y|G43719|Y|E785|Y|E1022|N|E1121|Y|E781|Y|R931|Y|E119|Y|I259|Y|E8881|Y|E669|Y|R7303|Y|D649|Y|I10|Y|Z560|Y|Z9189|N|||||||| | | | | | | | | | | | | | | | | | | | | | |GZ3|08-Jan-2019|Z741|08-Jan-2019|F419|08-Jan-2019|Z9181|08-Jan-2019|Z1331|08-Jan-2019|Z1331|08-Jan-2019|F1990|08-Jan-2019|F109|08-Jan-2019|||||||||||||||||||||||||||||||||||0|0||5|450|G0444|3.0|2019-01-09T00:00:00|hospital_B|hospital_B_20190108
SYN_BENE_AB8C5C3229B1|SYN_CLM_A7C7976A96E2|V|60|08-Jan-2019|08-Jan-2019|11-Jan-2019||3|491581|1|1|1|| |1234.43|0.0| ||49|1063523132| |9999868992| |9999868992|||0|1| |1234.43|08-Jan-2019|1|1|A|10|0.0|246.88|0|4|0.0|0.0|0|0|0|0|0|0|0|0|0|0|0|0|0|||||08-Jan-2019|951.0|0|0||Z733|Z733|Y|Z608|Y|G309|Y|Z653|Y|N1830|Y|E1121|Y|E0922|N|E1129|Y|G43719|Y|E785|Y|E1022|N|E1121|Y|E781|Y|R931|Y|E119|Y|I259|Y|E8881|Y|E669|Y|R7303|Y|D649|Y|I10|Y|Z560|Y|Z9189|N|||||||| | | | | | | | | | | | | | | | | | | | | | |GZ3|08-Jan-2019|Z741|08-Jan-2019|F419|08-Jan-2019|Z9181|08-Jan-2019|Z1331|08-Jan-2019|Z1331|08-Jan-2019|F1990|08-Jan-2019|F109|08-Jan-2019|||||||||||||||||||||||||||||||||||0|0||6|450|G0444|3.0|2019-01-09T00:00:00|hospital_B|hospital_B_20190108
SYN_BENE_AB8C5C3229B1|SYN_CLM_A7C7976A96E2|V|60|08-Jan-2019|08-Jan-2019|11-Jan-2019||3|491581|1|1|1|| |1234.43|0.0| ||49|1063523132| |9999868992| |9999868992|||0|1| |1234.43|08-Jan-2019|1|1|A|10|0.0|246.88|0|4|0.0|0.0|0|0|0|0|0|0|0|0|0|0|0|0|0|||||08-Jan-2019|951.0|0|0||Z733|Z733|Y|Z608|Y|G309|Y|Z653|Y|N1830|Y|E1121|Y|E0922|N|E1129|Y|G43719|Y|E785|Y|E1022|N|E1121|Y|E781|Y|R931|Y|E119|Y|I259|Y|E8881|Y|E669|Y|R7303|Y|D649|Y|I10|Y|Z560|Y|Z9189|N|||||||| | | | | | | | | | | | | | | | | | | | | | |GZ3|08-Jan-2019|Z741|08-Jan-2019|F419|08-Jan-2019|Z9181|08-Jan-2019|Z1331|08-Jan-2019|Z1331|08-Jan-2019|F1990|08-Jan-2019|F109|08-Jan-2019|||||||||||||||||||||||||||||||||||0|0||7|450|99408|3.0|2019-01-09T00:00:00|hospital_B|hospital_B_20190108
SYN_BENE_AB8C5C3229B1|SYN_CLM_A7C7976A96E2|V|60|08-Jan-2019|08-Jan-2019|11-Jan-2019||3|491581|1|1|1|| |1234.43|0.0| ||49|1063523132| |9999868992| |9999868992|||0|1| |1234.43|08-Jan-2019|1|1|A|10|0.0|246.88|0|4|0.0|0.0|0|0|0|0|0|0|0|0|0|0|0|0|0|||||08-Jan-2019|951.0|0|0||Z733|Z733|Y|Z608|Y|G309|Y|Z653|Y|N1830|Y|E1121|Y|E0922|N|E1129|Y|G43719|Y|E785|Y|E1022|N|E1121|Y|E781|Y|R931|Y|E119|Y|I259|Y|E8881|Y|E669|Y|R7303|Y|D649|Y|I10|Y|Z560|Y|Z9189|N|||||||| | | | | | | | | | | | | | | | | | | | | | |GZ3|08-Jan-2019|Z741|08-Jan-2019|F419|08-Jan-2019|Z9181|08-Jan-2019|Z1331|08-Jan-2019|Z1331|08-Jan-2019|F1990|08-Jan-2019|F109|08-Jan-2019|||||||||||||||||||||||||||||||||||0|0||8|450|G0442|3.0|2019-01-09T00:00:00|hospital_B|hospital_B_20190108
SYN_BENE_187E28F5C479|SYN_CLM_1D5221D3DB46|V|60|08-Jan-2019|08-Jan-2019|11-Jan-2019||3|491581|1|1|1|| |1234.43|0.0| ||49|1063523132| |9999868992| |9999868992|||0|1| |1234.43|08-Jan-2019|1|1|A|10|0.0|246.88|0|4|0.0|0.0|0|0|0|0|0|0|0|0|0|0|0|0|0|||||08-Jan-2019|951.0|0|0||Z733|Z733|Y|Z608|Y|G309|Y|Z653|Y|N1830|Y|E1121|Y|E0922|N|E1129|Y|G43719|Y|E785|Y|E1022|N|E1121|Y|E781|Y|R931|Y|E119|Y|I259|Y|E8881|Y|E669|Y|R7303|Y|D649|Y|I10|Y|Z560|Y|Z9189|N|||||||| | | | | | | | | | | | | | | | | | | | | | |GZ3|08-Jan-2019|Z741|08-Jan-2019|F419|08-Jan-2019|Z9181|08-Jan-2019|Z1331|08-Jan-2019|Z1331|08-Jan-2019|F1990|08-Jan-2019|F109|08-Jan-2019|||||||||||||||||||||||||||||||||||0|0||1|450|99495|3.0|2019-01-09T00:00:00|hospital_B|hospital_B_20190108
SYN_BENE_187E28F5C479|SYN_CLM_1D5221D3DB46|V|60|08-Jan-2019|08-Jan-2019|11-Jan-2019||3|491581|1|1|1|| |1234.43|0.0| ||49|1063523132| |9999868992| |9999868992|||0|1| |1234.43|08-Jan-2019|1|1|A|10|0.0|246.88|0|4|0.0|0.0|0|0|0|0|0|0|0|0|0|0|0|0|0|||||08-Jan-2019|951.0|0|0||Z733|Z733|Y|Z608|Y|G309|Y|Z653|Y|N1830|Y|E1121|Y|E0922|N|E1129|Y|G43719|Y|E785|Y|E1022|N|E1121|Y|E781|Y|R931|Y|E119|Y|I259|Y|E8881|Y|E669|Y|R7303|Y|D649|Y|I10|Y|Z560|Y|Z9189|N|||||||| | | | | | | | | | | | | | | | | | | | | | |GZ3|08-Jan-2019|Z741|08-Jan-2019|F419|08-Jan-2019|Z9181|08-Jan-2019|Z1331|08-Jan-2019|Z1331|08-Jan-2019|F1990|08-Jan-2019|F109|08-Jan-2019|||||||||||||||||||||||||||||||||||0|0||2|450|96156|3.0|2019-01-09T00:00:00|hospital_B|hospital_B_20190108
SYN_BENE_187E28F5C479|SYN_CLM_1D5221D3DB46|V|60|08-Jan-2019|08-Jan-2019|11-Jan-2019||3|491581|1|1|1|| |1234.43|0.0| ||49|1063523132| |9999868992| |9999868992|||0|1| |1234.43|08-Jan-2019|1|1|A|10|0.0|246.88|0|4|0.0|0.0|0|0|0|0|0|0|0|0|0|0|0|0|0|||||08-Jan-2019|951.0|0|0||Z733|Z733|Y|Z608|Y|G309|Y|Z653|Y|N1830|Y|E1121|Y|E0922|N|E1129|Y|G43719|Y|E785|Y|E1022|N|E1121|Y|E781|Y|R931|Y|E119|Y|I259|Y|E8881|Y|E669|Y|R7303|Y|D649|Y|I10|Y|Z560|Y|Z9189|N|||||||| | | | | | | | | | | | | | | | | | | | | | |GZ3|08-Jan-2019|Z741|08-Jan-2019|F419|08-Jan-2019|Z9181|08-Jan-2019|Z1331|08-Jan-2019|Z1331|08-Jan-2019|F1990|08-Jan-2019|F109|08-Jan-2019|||||||||||||||||||||||||||||||||||0|0||3|450|96127|3.0|2019-01-09T00:00:00|hospital_B|hospital_B_20190108
SYN_BENE_187E28F5C479|SYN_CLM_1D5221D3DB46|V|60|08-Jan-2019|08-Jan-2019|11-Jan-2019||3|491581|1|1|1|| |1234.43|0.0| ||49|1063523132| |9999868992| |9999868992|||0|1| |1234.43|08-Jan-2019|1|1|A|10|0.0|246.88|0|4|0.0|0.0|0|0|0|0|0|0|0|0|0|0|0|0|0|||||08-Jan-2019|951.0|0|0||Z733|Z733|Y|Z608|Y|G309|Y|Z653|Y|N1830|Y|E1121|Y|E0922|N|E1129|Y|G43719|Y|E785|Y|E1022|N|E1121|Y|E781|Y|R931|Y|E119|Y|I259|Y|E8881|Y|E669|Y|R7303|Y|D649|Y|I10|Y|Z560|Y|Z9189|N|||||||| | | | | | | | | | | | | | | | | | | | | | |GZ3|08-Jan-2019|Z741|08-Jan-2019|F419|08-Jan-2019|Z9181|08-Jan-2019|Z1331|08-Jan-2019|Z1331|08-Jan-2019|F1990|08-Jan-2019|F109|08-Jan-2019|||||||||||||||||||||||||||||||||||0|0||4|450|M1069|3.0|2019-01-09T00:00:00|hospital_B|hospital_B_20190108
SYN_BENE_187E28F5C479|SYN_CLM_1D5221D3DB46|V|60|08-Jan-2019|08-Jan-2019|11-Jan-2019||3|491581|1|1|1|| |1234.43|0.0| ||49|1063523132| |9999868992| |9999868992|||0|1| |1234.43|08-Jan-2019|1|1|A|10|0.0|246.88|0|4|0.0|0.0|0|0|0|0|0|0|0|0|0|0|0|0|0|||||08-Jan-2019|951.0|0|0||Z733|Z733|Y|Z608|Y|G309|Y|Z653|Y|N1830|Y|E1121|Y|E0922|N|E1129|Y|G43719|Y|E785|Y|E1022|N|E1121|Y|E781|Y|R931|Y|E119|Y|I259|Y|E8881|Y|E669|Y|R7303|Y|D649|Y|I10|Y|Z560|Y|Z9189|N|||||||| | | | | | | | | | | | | | | | | | | | | | |GZ3|08-Jan-2019|Z741|08-Jan-2019|F419|08-Jan-2019|Z9181|08-Jan-2019|Z1331|08-Jan-2019|Z1331|08-Jan-2019|F1990|08-Jan-2019|F109|08-Jan-2019|||||||||||||||||||||||||||||||||||0|0||5|450|G0444|3.0|2019-01-09T00:00:00|hospital_B|hospital_B_20190108
SYN_BENE_187E28F5C479|SYN_CLM_1D5221D3DB46|V|60|08-Jan-2019|08-Jan-2019|11-Jan-2019||3|491581|1|1|1|| |1234.43|0.0| ||49|1063523132| |9999868992| |9999868992|||0|1| |1234.43|08-Jan-2019|1|1|A|10|0.0|246.88|0|4|0.0|0.0|0|0|0|0|0|0|0|0|0|0|0|0|0|||||08-Jan-2019|951.0|0|0||Z733|Z733|Y|Z608|Y|G309|Y|Z653|Y|N1830|Y|E1121|Y|E0922|N|E1129|Y|G43719|Y|E785|Y|E1022|N|E1121|Y|E781|Y|R931|Y|E119|Y|I259|Y|E8881|Y|E669|Y|R7303|Y|D649|Y|I10|Y|Z560|Y|Z9189|N|||||||| | | | | | | | | | | | | | | | | | | | | | |GZ3|08-Jan-2019|Z741|08-Jan-2019|F419|08-Jan-2019|Z9181|08-Jan-2019|Z1331|08-Jan-2019|Z1331|08-Jan-2019|F1990|08-Jan-2019|F109|08-Jan-2019|||||||||||||||||||||||||||||||||||0|0||6|450|G0444|3.0|2019-01-09T00:00:00|hospital_B|hospital_B_20190108
SYN_BENE_187E28F5C479|SYN_CLM_1D5221D3DB46|V|60|08-Jan-2019|08-Jan-2019|11-Jan-2019||3|491581|1|1|1|| |1234.43|0.0| ||49|1063523132| |9999868992| |9999868992|||0|1| |1234.43|08-Jan-2019|1|1|A|10|0.0|246.88|0|4|0.0|0.0|0|0|0|0|0|0|0|0|0|0|0|0|0|||||08-Jan-2019|951.0|0|0||Z733|Z733|Y|Z608|Y|G309|Y|Z653|Y|N1830|Y|E1121|Y|E0922|N|E1129|Y|G43719|Y|E785|Y|E1022|N|E1121|Y|E781|Y|R931|Y|E119|Y|I259|Y|E8881|Y|E669|Y|R7303|Y|D649|Y|I10|Y|Z560|Y|Z9189|N|||||||| | | | | | | | | | | | | | | | | | | | | | |GZ3|08-Jan-2019|Z741|08-Jan-2019|F419|08-Jan-2019|Z9181|08-Jan-2019|Z1331|08-Jan-2019|Z1331|08-Jan-2019|F1990|08-Jan-2019|F109|08-Jan-2019|||||||||||||||||||||||||||||||||||0|0||7|450|99408|3.0|2019-01-09T00:00:00|hospital_B|hospital_B_20190108
SYN_BENE_187E28F5C479|SYN_CLM_1D5221D3DB46|V|60|08-Jan-2019|08-Jan-2019|11-Jan-2019||3|491581|1|1|1|| |1234.43|0.0| ||49|1063523132| |9999868992| |9999868992|||0|1| |1234.43|08-Jan-2019|1|1|A|10|0.0|246.88|0|4|0.0|0.0|0|0|0|0|0|0|0|0|0|0|0|0|0|||||08-Jan-2019|951.0|0|0||Z733|Z733|Y|Z608|Y|G309|Y|Z653|Y|N1830|Y|E1121|Y|E0922|N|E1129|Y|G43719|Y|E785|Y|E1022|N|E1121|Y|E781|Y|R931|Y|E119|Y|I259|Y|E8881|Y|E669|Y|R7303|Y|D649|Y|I10|Y|Z560|Y|Z9189|N|||||||| | | | | | | | | | | | | | | | | | | | | | |GZ3|08-Jan-2019|Z741|08-Jan-2019|F419|08-Jan-2019|Z9181|08-Jan-2019|Z1331|08-Jan-2019|Z1331|08-Jan-2019|F1990|08-Jan-2019|F109|08-Jan-2019|||||||||||||||||||||||||||||||||||0|0||8|450|G0442|3.0|2019-01-09T00:00:00|hospital_B|hospital_B_20190108
SYN_BENE_7A139ADF1DD3|SYN_CLM_168FF4BAFC56|V|60|08-Jan-2019|08-Jan-2019|11-Jan-2019||3|491581|1|1|1|| |1234.43|0.0| ||49|1063523132| |9999868992| |9999868992|||0|1| |1234.43|08-Jan-2019|1|1|A|10|0.0|246.88|0|4|0.0|0.0|0|0|0|0|0|0|0|0|0|0|0|0|0|||||08-Jan-2019|951.0|0|0||Z733|Z733|Y|Z608|Y|G309|Y|Z653|Y|N1830|Y|E1121|Y|E0922|N|E1129|Y|G43719|Y|E785|Y|E1022|N|E1121|Y|E781|Y|R931|Y|E119|Y|I259|Y|E8881|Y|E669|Y|R7303|Y|D649|Y|I10|Y|Z560|Y|Z9189|N|||||||| | | | | | | | | | | | | | | | | | | | | | |GZ3|08-Jan-2019|Z741|08-Jan-2019|F419|08-Jan-2019|Z9181|08-Jan-2019|Z1331|08-Jan-2019|Z1331|08-Jan-2019|F1990|08-Jan-2019|F109|08-Jan-2019|||||||||||||||||||||||||||||||||||0|0||1|450|99495|3.0|2019-01-09T00:00:00|hospital_B|hospital_B_20190108
SYN_BENE_7A139ADF1DD3|SYN_CLM_168FF4BAFC56|V|60|08-Jan-2019|08-Jan-2019|11-Jan-2019||3|491581|1|1|1|| |1234.43|0.0| ||49|1063523132| |9999868992| |9999868992|||0|1| |1234.43|08-Jan-2019|1|1|A|10|0.0|246.88|0|4|0.0|0.0|0|0|0|0|0|0|0|0|0|0|0|0|0|||||08-Jan-2019|951.0|0|0||Z733|Z733|Y|Z608|Y|G309|Y|Z653|Y|N1830|Y|E1121|Y|E0922|N|E1129|Y|G43719|Y|E785|Y|E1022|N|E1121|Y|E781|Y|R931|Y|E119|Y|I259|Y|E8881|Y|E669|Y|R7303|Y|D649|Y|I10|Y|Z560|Y|Z9189|N|||||||| | | | | | | | | | | | | | | | | | | | | | |GZ3|08-Jan-2019|Z741|08-Jan-2019|F419|08-Jan-2019|Z9181|08-Jan-2019|Z1331|08-Jan-2019|Z1331|08-Jan-2019|F1990|08-Jan-2019|F109|08-Jan-2019|||||||||||||||||||||||||||||||||||0|0||2|450|96156|3.0|2019-01-09T00:00:00|hospital_B|hospital_B_20190108
SYN_BENE_7A139ADF1DD3|SYN_CLM_168FF4BAFC56|V|60|08-Jan-2019|08-Jan-2019|11-Jan-2019||3|491581|1|1|1|| |1234.43|0.0| ||49|1063523132| |9999868992| |9999868992|||0|1| |1234.43|08-Jan-2019|1|1|A|10|0.0|246.88|0|4|0.0|0.0|0|0|0|0|0|0|0|0|0|0|0|0|0|||||08-Jan-2019|951.0|0|0||Z733|Z733|Y|Z608|Y|G309|Y|Z653|Y|N1830|Y|E1121|Y|E0922|N|E1129|Y|G43719|Y|E785|Y|E1022|N|E1121|Y|E781|Y|R931|Y|E119|Y|I259|Y|E8881|Y|E669|Y|R7303|Y|D649|Y|I10|Y|Z560|Y|Z9189|N|||||||| | | | | | | | | | | | | | | | | | | | | | |GZ3|08-Jan-2019|Z741|08-Jan-2019|F419|08-Jan-2019|Z9181|08-Jan-2019|Z1331|08-Jan-2019|Z1331|08-Jan-2019|F1990|08-Jan-2019|F109|08-Jan-2019|||||||||||||||||||||||||||||||||||0|0||3|450|96127|3.0|2019-01-09T00:00:00|hospital_B|hospital_B_20190108
SYN_BENE_7A139ADF1DD3|SYN_CLM_168FF4BAFC56|V|60|08-Jan-2019|08-Jan-2019|11-Jan-2019||3|491581|1|1|1|| |1234.43|0.0| ||49|1063523132| |9999868992| |9999868992|||0|1| |1234.43|08-Jan-2019|1|1|A|10|0.0|246.88|0|4|0.0|0.0|0|0|0|0|0|0|0|0|0|0|0|0|0|||||08-Jan-2019|951.0|0|0||Z733|Z733|Y|Z608|Y|G309|Y|Z653|Y|N1830|Y|E1121|Y|E0922|N|E1129|Y|G43719|Y|E785|Y|E1022|N|E1121|Y|E781|Y|R931|Y|E119|Y|I259|Y|E8881|Y|E669|Y|R7303|Y|D649|Y|I10|Y|Z560|Y|Z9189|N|||||||| | | | | | | | | | | | | | | | | | | | | | |GZ3|08-Jan-2019|Z741|08-Jan-2019|F419|08-Jan-2019|Z9181|08-Jan-2019|Z1331|08-Jan-2019|Z1331|08-Jan-2019|F1990|08-Jan-2019|F109|08-Jan-2019|||||||||||||||||||||||||||||||||||0|0||4|450|M1069|3.0|2019-01-09T00:00:00|hospital_B|hospital_B_20190108
SYN_BENE_7A139ADF1DD3|SYN_CLM_168FF4BAFC56|V|60|08-Jan-2019|08-Jan-2019|11-Jan-2019||3|491581|1|1|1|| |1234.43|0.0| ||49|1063523132| |9999868992| |9999868992|||0|1| |1234.43|08-Jan-2019|1|1|A|10|0.0|246.88|0|4|0.0|0.0|0|0|0|0|0|0|0|0|0|0|0|0|0|||||08-Jan-2019|951.0|0|0||Z733|Z733|Y|Z608|Y|G309|Y|Z653|Y|N1830|Y|E1121|Y|E0922|N|E1129|Y|G43719|Y|E785|Y|E1022|N|E1121|Y|E781|Y|R931|Y|E119|Y|I259|Y|E8881|Y|E669|Y|R7303|Y|D649|Y|I10|Y|Z560|Y|Z9189|N|||||||| | | | | | | | | | | | | | | | | | | | | | |GZ3|08-Jan-2019|Z741|08-Jan-2019|F419|08-Jan-2019|Z9181|08-Jan-2019|Z1331|08-Jan-2019|Z1331|08-Jan-2019|F1990|08-Jan-2019|F109|08-Jan-2019|||||||||||||||||||||||||||||||||||0|0||5|450|G0444|3.0|2019-01-09T00:00:00|hospital_B|hospital_B_20190108
SYN_BENE_7A139ADF1DD3|SYN_CLM_168FF4BAFC56|V|60|08-Jan-2019|08-Jan-2019|11-Jan-2019||3|491581|1|1|1|| |1234.43|0.0| ||49|1063523132| |9999868992| |9999868992|||0|1| |1234.43|08-Jan-2019|1|1|A|10|0.0|246.88|0|4|0.0|0.0|0|0|0|0|0|0|0|0|0|0|0|0|0|||||08-Jan-2019|951.0|0|0||Z733|Z733|Y|Z608|Y|G309|Y|Z653|Y|N1830|Y|E1121|Y|E0922|N|E1129|Y|G43719|Y|E785|Y|E1022|N|E1121|Y|E781|Y|R931|Y|E119|Y|I259|Y|E8881|Y|E669|Y|R7303|Y|D649|Y|I10|Y|Z560|Y|Z9189|N|||||||| | | | | | | | | | | | | | | | | | | | | | |GZ3|08-Jan-2019|Z741|08-Jan-2019|F419|08-Jan-2019|Z9181|08-Jan-2019|Z1331|08-Jan-2019|Z1331|08-Jan-2019|F1990|08-Jan-2019|F109|08-Jan-2019|||||||||||||||||||||||||||||||||||0|0||6|450|G0444|3.0|2019-01-09T00:00:00|hospital_B|hospital_B_20190108
SYN_BENE_7A139ADF1DD3|SYN_CLM_168FF4BAFC56|V|60|08-Jan-2019|08-Jan-2019|11-Jan-2019||3|491581|1|1|1|| |1234.43|0.0| ||49|1063523132| |9999868992| |9999868992|||0|1| |1234.43|08-Jan-2019|1|1|A|10|0.0|246.88|0|4|0.0|0.0|0|0|0|0|0|0|0|0|0|0|0|0|0|||||08-Jan-2019|951.0|0|0||Z733|Z733|Y|Z608|Y|G309|Y|Z653|Y|N1830|Y|E1121|Y|E0922|N|E1129|Y|G43719|Y|E785|Y|E1022|N|E1121|Y|E781|Y|R931|Y|E119|Y|I259|Y|E8881|Y|E669|Y|R7303|Y|D649|Y|I10|Y|Z560|Y|Z9189|N|||||||| | | | | | | | | | | | | | | | | | | | | | |GZ3|08-Jan-2019|Z741|08-Jan-2019|F419|08-Jan-2019|Z9181|08-Jan-2019|Z1331|08-Jan-2019|Z1331|08-Jan-2019|F1990|08-Jan-2019|F109|08-Jan-2019|||||||||||||||||||||||||||||||||||0|0||7|450|99408|3.0|2019-01-09T00:00:00|hospital_B|hospital_B_20190108
SYN_BENE_7A139ADF1DD3|SYN_CLM_168FF4BAFC56|V|60|08-Jan-2019|08-Jan-2019|11-Jan-2019||3|491581|1|1|1|| |1234.43|0.0| ||49|1063523132| |9999868992| |9999868992|||0|1| |1234.43|08-Jan-2019|1|1|A|10|0.0|246.88|0|4|0.0|0.0|0|0|0|0|0|0|0|0|0|0|0|0|0|||||08-Jan-2019|951.0|0|0||Z733|Z733|Y|Z608|Y|G309|Y|Z653|Y|N1830|Y|E1121|Y|E0922|N|E1129|Y|G43719|Y|E785|Y|E1022|N|E1121|Y|E781|Y|R931|Y|E119|Y|I259|Y|E8881|Y|E669|Y|R7303|Y|D649|Y|I10|Y|Z560|Y|Z9189|N|||||||| | | | | | | | | | | | | | | | | | | | | | |GZ3|08-Jan-2019|Z741|08-Jan-2019|F419|08-Jan-2019|Z9181|08-Jan-2019|Z1331|08-Jan-2019|Z1331|08-Jan-2019|F1990|08-Jan-2019|F109|08-Jan-2019|||||||||||||||||||||||||||||||||||0|0||8|450|G0442|3.0|2019-01-09T00:00:00|hospital_B|hospital_B_20190108
SYN_BENE_FBC8860A722B|SYN_CLM_BA936275069D|V|60|08-Jan-2019|08-Jan-2019|11-Jan-2019||3|491581|1|1|1|| |1234.43|0.0| ||49|1063523132| |9999868992| |9999868992|||0|1| |1234.43|08-Jan-2019|1|1|A|10|0.0|246.88|0|4|0.0|0.0|0|0|0|0|0|0|0|0|0|0|0|0|0|||||08-Jan-2019|951.0|0|0||Z733|Z733|Y|Z608|Y|G309|Y|Z653|Y|N1830|Y|E1121|Y|E0922|N|E1129|Y|G43719|Y|E785|Y|E1022|N|E1121|Y|E781|Y|R931|Y|E119|Y|I259|Y|E8881|Y|E669|Y|R7303|Y|D649|Y|I10|Y|Z560|Y|Z9189|N|||||||| | | | | | | | | | | | | | | | | | | | | | |GZ3|08-Jan-2019|Z741|08-Jan-2019|F419|08-Jan-2019|Z9181|08-Jan-2019|Z1331|08-Jan-2019|Z1331|08-Jan-2019|F1990|08-Jan-2019|F109|08-Jan-2019|||||||||||||||||||||||||||||||||||0|0||1|450|99495|3.0|2019-01-09T00:00:00|hospital_B|hospital_B_20190108
SYN_BENE_FBC8860A722B|SYN_CLM_BA936275069D|V|60|08-Jan-2019|08-Jan-2019|11-Jan-2019||3|491581|1|1|1|| |1234.43|0.0| ||49|1063523132| |9999868992| |9999868992|||0|1| |1234.43|08-Jan-2019|1|1|A|10|0.0|246.88|0|4|0.0|0.0|0|0|0|0|0|0|0|0|0|0|0|0|0|||||08-Jan-2019|951.0|0|0||Z733|Z733|Y|Z608|Y|G309|Y|Z653|Y|N1830|Y|E1121|Y|E0922|N|E1129|Y|G43719|Y|E785|Y|E1022|N|E1121|Y|E781|Y|R931|Y|E119|Y|I259|Y|E8881|Y|E669|Y|R7303|Y|D649|Y|I10|Y|Z560|Y|Z9189|N|||||||| | | | | | | | | | | | | | | | | | | | | | |GZ3|08-Jan-2019|Z741|08-Jan-2019|F419|08-Jan-2019|Z9181|08-Jan-2019|Z1331|08-Jan-2019|Z1331|08-Jan-2019|F1990|08-Jan-2019|F109|08-Jan-2019|||||||||||||||||||||||||||||||||||0|0||2|450|96156|3.0|2019-01-09T00:00:00|hospital_B|hospital_B_20190108
SYN_BENE_FBC8860A722B|SYN_CLM_BA936275069D|V|60|08-Jan-2019|08-Jan-2019|11-Jan-2019||3|491581|1|1|1|| |1234.43|0.0| ||49|1063523132| |9999868992| |9999868992|||0|1| |1234.43|08-Jan-2019|1|1|A|10|0.0|246.88|0|4|0.0|0.0|0|0|0|0|0|0|0|0|0|0|0|0|0|||||08-Jan-2019|951.0|0|0||Z733|Z733|Y|Z608|Y|G309|Y|Z653|Y|N1830|Y|E1121|Y|E0922|N|E1129|Y|G43719|Y|E785|Y|E1022|N|E1121|Y|E781|Y|R931|Y|E119|Y|I259|Y|E8881|Y|E669|Y|R7303|Y|D649|Y|I10|Y|Z560|Y|Z9189|N|||||||| | | | | | | | | | | | | | | | | | | | | | |GZ3|08-Jan-2019|Z741|08-Jan-2019|F419|08-Jan-2019|Z9181|08-Jan-2019|Z1331|08-Jan-2019|Z1331|08-Jan-2019|F1990|08-Jan-2019|F109|08-Jan-2019|||||||||||||||||||||||||||||||||||0|0||3|450|96127|3.0|2019-01-09T00:00:00|hospital_B|hospital_B_20190108
SYN_BENE_FBC8860A722B|SYN_CLM_BA936275069D|V|60|08-Jan-2019|08-Jan-2019|11-Jan-2019||3|491581|1|1|1|| |1234.43|0.0| ||49|1063523132| |9999868992| |9999868992|||0|1| |1234.43|08-Jan-2019|1|1|A|10|0.0|246.88|0|4|0.0|0.0|0|0|0|0|0|0|0|0|0|0|0|0|0|||||08-Jan-2019|951.0|0|0||Z733|Z733|Y|Z608|Y|G309|Y|Z653|Y|N1830|Y|E1121|Y|E0922|N|E1129|Y|G43719|Y|E785|Y|E1022|N|E1121|Y|E781|Y|R931|Y|E119|Y|I259|Y|E8881|Y|E669|Y|R7303|Y|D649|Y|I10|Y|Z560|Y|Z9189|N|||||||| | | | | | | | | | | | | | | | | | | | | | |GZ3|08-Jan-2019|Z741|08-Jan-2019|F419|08-Jan-2019|Z9181|08-Jan-2019|Z1331|08-Jan-2019|Z1331|08-Jan-2019|F1990|08-Jan-2019|F109|08-Jan-2019|||||||||||||||||||||||||||||||||||0|0||4|450|M1069|3.0|2019-01-09T00:00:00|hospital_B|hospital_B_20190108
SYN_BENE_FBC8860A722B|SYN_CLM_BA936275069D|V|60|08-Jan-2019|08-Jan-2019|11-Jan-2019||3|491581|1|1|1|| |1234.43|0.0| ||49|1063523132| |9999868992| |9999868992|||0|1| |1234.43|08-Jan-2019|1|1|A|10|0.0|246.88|0|4|0.0|0.0|0|0|0|0|0|0|0|0|0|0|0|0|0|||||08-Jan-2019|951.0|0|0||Z733|Z733|Y|Z608|Y|G309|Y|Z653|Y|N1830|Y|E1121|Y|E0922|N|E1129|Y|G43719|Y|E785|Y|E1022|N|E1121|Y|E781|Y|R931|Y|E119|Y|I259|Y|E8881|Y|E669|Y|R7303|Y|D649|Y|I10|Y|Z560|Y|Z9189|N|||||||| | | | | | | | | | | | | | | | | | | | | | |GZ3|08-Jan-2019|Z741|08-Jan-2019|F419|08-Jan-2019|Z9181|08-Jan-2019|Z1331|08-Jan-2019|Z1331|08-Jan-2019|F1990|08-Jan-2019|F109|08-Jan-2019|||||||||||||||||||||||||||||||||||0|0||5|450|G0444|3.0|2019-01-09T00:00:00|hospital_B|hospital_B_20190108
SYN_BENE_FBC8860A722B|SYN_CLM_BA936275069D|V|60|08-Jan-2019|08-Jan-2019|11-Jan-2019||3|491581|1|1|1|| |1234.43|0.0| ||49|1063523132| |9999868992| |9999868992|||0|1| |1234.43|08-Jan-2019|1|1|A|10|0.0|246.88|0|4|0.0|0.0|0|0|0|0|0|0|0|0|0|0|0|0|0|||||08-Jan-2019|951.0|0|0||Z733|Z733|Y|Z608|Y|G309|Y|Z653|Y|N1830|Y|E1121|Y|E0922|N|E1129|Y|G43719|Y|E785|Y|E1022|N|E1121|Y|E781|Y|R931|Y|E119|Y|I259|Y|E8881|Y|E669|Y|R7303|Y|D649|Y|I10|Y|Z560|Y|Z9189|N|||||||| | | | | | | | | | | | | | | | | | | | | | |GZ3|08-Jan-2019|Z741|08-Jan-2019|F419|08-Jan-2019|Z9181|08-Jan-2019|Z1331|08-Jan-2019|Z1331|08-Jan-2019|F1990|08-Jan-2019|F109|08-Jan-2019|||||||||||||||||||||||||||||||||||0|0||6|450|G0444|3.0|2019-01-09T00:00:00|hospital_B|hospital_B_20190108
SYN_BENE_FBC8860A722B|SYN_CLM_BA936275069D|V|60|08-Jan-2019|08-Jan-2019|11-Jan-2019||3|491581|1|1|1|| |1234.43|0.0| ||49|1063523132| |9999868992| |9999868992|||0|1| |1234.43|08-Jan-2019|1|1|A|10|0.0|246.88|0|4|0.0|0.0|0|0|0|0|0|0|0|0|0|0|0|0|0|||||08-Jan-2019|951.0|0|0||Z733|Z733|Y|Z608|Y|G309|Y|Z653|Y|N1830|Y|E1121|Y|E0922|N|E1129|Y|G43719|Y|E785|Y|E1022|N|E1121|Y|E781|Y|R931|Y|E119|Y|I259|Y|E8881|Y|E669|Y|R7303|Y|D649|Y|I10|Y|Z560|Y|Z9189|N|||||||| | | | | | | | | | | | | | | | | | | | | | |GZ3|08-Jan-2019|Z741|08-Jan-2019|F419|08-Jan-2019|Z9181|08-Jan-2019|Z1331|08-Jan-2019|Z1331|08-Jan-2019|F1990|08-Jan-2019|F109|08-Jan-2019|||||||||||||||||||||||||||||||||||0|0||7|450|99408|3.0|2019-01-09T00:00:00|hospital_B|hospital_B_20190108
SYN_BENE_FBC8860A722B|SYN_CLM_BA936275069D|V|60|08-Jan-2019|08-Jan-2019|11-Jan-2019||3|491581|1|1|1|| |1234.43|0.0| ||49|1063523132| |9999868992| |9999868992|||0|1| |1234.43|08-Jan-2019|1|1|A|10|0.0|246.88|0|4|0.0|0.0|0|0|0|0|0|0|0|0|0|0|0|0|0|||||08-Jan-2019|951.0|0|0||Z733|Z733|Y|Z608|Y|G309|Y|Z653|Y|N1830|Y|E1121|Y|E0922|N|E1129|Y|G43719|Y|E785|Y|E1022|N|E1121|Y|E781|Y|R931|Y|E119|Y|I259|Y|E8881|Y|E669|Y|R7303|Y|D649|Y|I10|Y|Z560|Y|Z9189|N|||||||| | | | | | | | | | | | | | | | | | | | | | |GZ3|08-Jan-2019|Z741|08-Jan-2019|F419|08-Jan-2019|Z9181|08-Jan-2019|Z1331|08-Jan-2019|Z1331|08-Jan-2019|F1990|08-Jan-2019|F109|08-Jan-2019|||||||||||||||||||||||||||||||||||0|0||8|450|G0442|3.0|2019-01-09T00:00:00|hospital_B|hospital_B_20190108
SYN_BENE_282E347852D4|SYN_CLM_CC0BA6AD6AC4|V|60|08-Jan-2019|08-Jan-2019|11-Jan-2019||3|491581|1|1|1|| |1234.43|0.0| ||49|1063523132| |9999868992| |9999868992|||0|1| |1234.43|08-Jan-2019|1|1|A|10|0.0|246.88|0|4|0.0|0.0|0|0|0|0|0|0|0|0|0|0|0|0|0|||||08-Jan-2019|951.0|0|0||Z733|Z733|Y|Z608|Y|G309|Y|Z653|Y|N1830|Y|E1121|Y|E0922|N|E1129|Y|G43719|Y|E785|Y|E1022|N|E1121|Y|E781|Y|R931|Y|E119|Y|I259|Y|E8881|Y|E669|Y|R7303|Y|D649|Y|I10|Y|Z560|Y|Z9189|N|||||||| | | | | | | | | | | | | | | | | | | | | | |GZ3|08-Jan-2019|Z741|08-Jan-2019|F419|08-Jan-2019|Z9181|08-Jan-2019|Z1331|08-Jan-2019|Z1331|08-Jan-2019|F1990|08-Jan-2019|F109|08-Jan-2019|||||||||||||||||||||||||||||||||||0|0||1|450|99495|3.0|2019-01-09T00:00:00|hospital_B|hospital_B_20190108
SYN_BENE_282E347852D4|SYN_CLM_CC0BA6AD6AC4|V|60|08-Jan-2019|08-Jan-2019|11-Jan-2019||3|491581|1|1|1|| |1234.43|0.0| ||49|1063523132| |9999868992| |9999868992|||0|1| |1234.43|08-Jan-2019|1|1|A|10|0.0|246.88|0|4|0.0|0.0|0|0|0|0|0|0|0|0|0|0|0|0|0|||||08-Jan-2019|951.0|0|0||Z733|Z733|Y|Z608|Y|G309|Y|Z653|Y|N1830|Y|E1121|Y|E0922|N|E1129|Y|G43719|Y|E785|Y|E1022|N|E1121|Y|E781|Y|R931|Y|E119|Y|I259|Y|E8881|Y|E669|Y|R7303|Y|D649|Y|I10|Y|Z560|Y|Z9189|N|||||||| | | | | | | | | | | | | | | | | | | | | | |GZ3|08-Jan-2019|Z741|08-Jan-2019|F419|08-Jan-2019|Z9181|08-Jan-2019|Z1331|08-Jan-2019|Z1331|08-Jan-2019|F1990|08-Jan-2019|F109|08-Jan-2019|||||||||||||||||||||||||||||||||||0|0||2|450|96156|3.0|2019-01-09T00:00:00|hospital_B|hospital_B_20190108
SYN_BENE_282E347852D4|SYN_CLM_CC0BA6AD6AC4|V|60|08-Jan-2019|08-Jan-2019|11-Jan-2019||3|491581|1|1|1|| |1234.43|0.0| ||49|1063523132| |9999868992| |9999868992|||0|1| |1234.43|08-Jan-2019|1|1|A|10|0.0|246.88|0|4|0.0|0.0|0|0|0|0|0|0|0|0|0|0|0|0|0|||||08-Jan-2019|951.0|0|0||Z733|Z733|Y|Z608|Y|G309|Y|Z653|Y|N1830|Y|E1121|Y|E0922|N|E1129|Y|G43719|Y|E785|Y|E1022|N|E1121|Y|E781|Y|R931|Y|E119|Y|I259|Y|E8881|Y|E669|Y|R7303|Y|D649|Y|I10|Y|Z560|Y|Z9189|N|||||||| | | | | | | | | | | | | | | | | | | | | | |GZ3|08-Jan-2019|Z741|08-Jan-2019|F419|08-Jan-2019|Z9181|08-Jan-2019|Z1331|08-Jan-2019|Z1331|08-Jan-2019|F1990|08-Jan-2019|F109|08-Jan-2019|||||||||||||||||||||||||||||||||||0|0||3|450|96127|3.0|2019-01-09T00:00:00|hospital_B|hospital_B_20190108
SYN_BENE_282E347852D4|SYN_CLM_CC0BA6AD6AC4|V|60|08-Jan-2019|08-Jan-2019|11-Jan-2019||3|491581|1|1|1|| |1234.43|0.0| ||49|1063523132| |9999868992| |9999868992|||0|1| |1234.43|08-Jan-2019|1|1|A|10|0.0|246.88|0|4|0.0|0.0|0|0|0|0|0|0|0|0|0|0|0|0|0|||||08-Jan-2019|951.0|0|0||Z733|Z733|Y|Z608|Y|G309|Y|Z653|Y|N1830|Y|E1121|Y|E0922|N|E1129|Y|G43719|Y|E785|Y|E1022|N|E1121|Y|E781|Y|R931|Y|E119|Y|I259|Y|E8881|Y|E669|Y|R7303|Y|D649|Y|I10|Y|Z560|Y|Z9189|N|||||||| | | | | | | | | | | | | | | | | | | | | | |GZ3|08-Jan-2019|Z741|08-Jan-2019|F419|08-Jan-2019|Z9181|08-Jan-2019|Z1331|08-Jan-2019|Z1331|08-Jan-2019|F1990|08-Jan-2019|F109|08-Jan-2019|||||||||||||||||||||||||||||||||||0|0||4|450|M1069|3.0|2019-01-09T00:00:00|hospital_B|hospital_B_20190108
SYN_BENE_282E347852D4|SYN_CLM_CC0BA6AD6AC4|V|60|08-Jan-2019|08-Jan-2019|11-Jan-2019||3|491581|1|1|1|| |1234.43|0.0| ||49|1063523132| |9999868992| |9999868992|||0|1| |1234.43|08-Jan-2019|1|1|A|10|0.0|246.88|0|4|0.0|0.0|0|0|0|0|0|0|0|0|0|0|0|0|0|||||08-Jan-2019|951.0|0|0||Z733|Z733|Y|Z608|Y|G309|Y|Z653|Y|N1830|Y|E1121|Y|E0922|N|E1129|Y|G43719|Y|E785|Y|E1022|N|E1121|Y|E781|Y|R931|Y|E119|Y|I259|Y|E8881|Y|E669|Y|R7303|Y|D649|Y|I10|Y|Z560|Y|Z9189|N|||||||| | | | | | | | | | | | | | | | | | | | | | |GZ3|08-Jan-2019|Z741|08-Jan-2019|F419|08-Jan-2019|Z9181|08-Jan-2019|Z1331|08-Jan-2019|Z1331|08-Jan-2019|F1990|08-Jan-2019|F109|08-Jan-2019|||||||||||||||||||||||||||||||||||0|0||5|450|G0444|3.0|2019-01-09T00:00:00|hospital_B|hospital_B_20190108
SYN_BENE_282E347852D4|SYN_CLM_CC0BA6AD6AC4|V|60|08-Jan-2019|08-Jan-2019|11-Jan-2019||3|491581|1|1|1|| |1234.43|0.0| ||49|1063523132| |9999868992| |9999868992|||0|1| |1234.43|08-Jan-2019|1|1|A|10|0.0|246.88|0|4|0.0|0.0|0|0|0|0|0|0|0|0|0|0|0|0|0|||||08-Jan-2019|951.0|0|0||Z733|Z733|Y|Z608|Y|G309|Y|Z653|Y|N1830|Y|E1121|Y|E0922|N|E1129|Y|G43719|Y|E785|Y|E1022|N|E1121|Y|E781|Y|R931|Y|E119|Y|I259|Y|E8881|Y|E669|Y|R7303|Y|D649|Y|I10|Y|Z560|Y|Z9189|N|||||||| | | | | | | | | | | | | | | | | | | | | | |GZ3|08-Jan-2019|Z741|08-Jan-2019|F419|08-Jan-2019|Z9181|08-Jan-2019|Z1331|08-Jan-2019|Z1331|08-Jan-2019|F1990|08-Jan-2019|F109|08-Jan-2019|||||||||||||||||||||||||||||||||||0|0||6|450|G0444|3.0|2019-01-09T00:00:00|hospital_B|hospital_B_20190108
SYN_BENE_282E347852D4|SYN_CLM_CC0BA6AD6AC4|V|60|08-Jan-2019|08-Jan-2019|11-Jan-2019||3|491581|1|1|1|| |1234.43|0.0| ||49|1063523132| |9999868992| |9999868992|||0|1| |1234.43|08-Jan-2019|1|1|A|10|0.0|246.88|0|4|0.0|0.0|0|0|0|0|0|0|0|0|0|0|0|0|0|||||08-Jan-2019|951.0|0|0||Z733|Z733|Y|Z608|Y|G309|Y|Z653|Y|N1830|Y|E1121|Y|E0922|N|E1129|Y|G43719|Y|E785|Y|E1022|N|E1121|Y|E781|Y|R931|Y|E119|Y|I259|Y|E8881|Y|E669|Y|R7303|Y|D649|Y|I10|Y|Z560|Y|Z9189|N|||||||| | | | | | | | | | | | | | | | | | | | | | |GZ3|08-Jan-2019|Z741|08-Jan-2019|F419|08-Jan-2019|Z9181|08-Jan-2019|Z1331|08-Jan-2019|Z1331|08-Jan-2019|F1990|08-Jan-2019|F109|08-Jan-2019|||||||||||||||||||||||||||||||||||0|0||7|450|99408|3.0|2019-01-09T00:00:00|hospital_B|hospital_B_20190108
SYN_BENE_282E347852D4|SYN_CLM_CC0BA6AD6AC4|V|60|08-Jan-2019|08-Jan-2019|11-Jan-2019||3|491581|1|1|1|| |1234.43|0.0| ||49|1063523132| |9999868992| |9999868992|||0|1| |1234.43|08-Jan-2019|1|1|A|10|0.0|246.88|0|4|0.0|0.0|0|0|0|0|0|0|0|0|0|0|0|0|0|||||08-Jan-2019|951.0|0|0||Z733|Z733|Y|Z608|Y|G309|Y|Z653|Y|N1830|Y|E1121|Y|E0922|N|E1129|Y|G43719|Y|E785|Y|E1022|N|E1121|Y|E781|Y|R931|Y|E119|Y|I259|Y|E8881|Y|E669|Y|R7303|Y|D649|Y|I10|Y|Z560|Y|Z9189|N|||||||| | | | | | | | | | | | | | | | | | | | | | |GZ3|08-Jan-2019|Z741|08-Jan-2019|F419|08-Jan-2019|Z9181|08-Jan-2019|Z1331|08-Jan-2019|Z1331|08-Jan-2019|F1990|08-Jan-2019|F109|08-Jan-2019|||||||||||||||||||||||||||||||||||0|0||8|450|G0442|3.0|2019-01-09T00:00:00|hospital_B|hospital_B_20190108
SYN_BENE_44C38E587169|SYN_CLM_6A570134DEBD|V|60|08-Jan-2019|08-Jan-2019|11-Jan-2019||3|491581|1|1|1|| |1234.43|0.0| ||49|1063523132| |9999868992| |9999868992|||0|1| |1234.43|08-Jan-2019|1|1|A|10|0.0|246.88|0|4|0.0|0.0|0|0|0|0|0|0|0|0|0|0|0|0|0|||||08-Jan-2019|951.0|0|0||Z733|Z733|Y|Z608|Y|G309|Y|Z653|Y|N1830|Y|E1121|Y|E0922|N|E1129|Y|G43719|Y|E785|Y|E1022|N|E1121|Y|E781|Y|R931|Y|E119|Y|I259|Y|E8881|Y|E669|Y|R7303|Y|D649|Y|I10|Y|Z560|Y|Z9189|N|||||||| | | | | | | | | | | | | | | | | | | | | | |GZ3|08-Jan-2019|Z741|08-Jan-2019|F419|08-Jan-2019|Z9181|08-Jan-2019|Z1331|08-Jan-2019|Z1331|08-Jan-2019|F1990|08-Jan-2019|F109|08-Jan-2019|||||||||||||||||||||||||||||||||||0|0||1|450|99495|3.0|2019-01-09T00:00:00|hospital_B|hospital_B_20190108
SYN_BENE_44C38E587169|SYN_CLM_6A570134DEBD|V|60|08-Jan-2019|08-Jan-2019|11-Jan-2019||3|491581|1|1|1|| |1234.43|0.0| ||49|1063523132| |9999868992| |9999868992|||0|1| |1234.43|08-Jan-2019|1|1|A|10|0.0|246.88|0|4|0.0|0.0|0|0|0|0|0|0|0|0|0|0|0|0|0|||||08-Jan-2019|951.0|0|0||Z733|Z733|Y|Z608|Y|G309|Y|Z653|Y|N1830|Y|E1121|Y|E0922|N|E1129|Y|G43719|Y|E785|Y|E1022|N|E1121|Y|E781|Y|R931|Y|E119|Y|I259|Y|E8881|Y|E669|Y|R7303|Y|D649|Y|I10|Y|Z560|Y|Z9189|N|||||||| | | | | | | | | | | | | | | | | | | | | | |GZ3|08-Jan-2019|Z741|08-Jan-2019|F419|08-Jan-2019|Z9181|08-Jan-2019|Z1331|08-Jan-2019|Z1331|08-Jan-2019|F1990|08-Jan-2019|F109|08-Jan-2019|||||||||||||||||||||||||||||||||||0|0||2|450|96156|3.0|2019-01-09T00:00:00|hospital_B|hospital_B_20190108
SYN_BENE_44C38E587169|SYN_CLM_6A570134DEBD|V|60|08-Jan-2019|08-Jan-2019|11-Jan-2019||3|491581|1|1|1|| |1234.43|0.0| ||49|1063523132| |9999868992| |9999868992|||0|1| |1234.43|08-Jan-2019|1|1|A|10|0.0|246.88|0|4|0.0|0.0|0|0|0|0|0|0|0|0|0|0|0|0|0|||||08-Jan-2019|951.0|0|0||Z733|Z733|Y|Z608|Y|G309|Y|Z653|Y|N1830|Y|E1121|Y|E0922|N|E1129|Y|G43719|Y|E785|Y|E1022|N|E1121|Y|E781|Y|R931|Y|E119|Y|I259|Y|E8881|Y|E669|Y|R7303|Y|D649|Y|I10|Y|Z560|Y|Z9189|N|||||||| | | | | | | | | | | | | | | | | | | | | | |GZ3|08-Jan-2019|Z741|08-Jan-2019|F419|08-Jan-2019|Z9181|08-Jan-2019|Z1331|08-Jan-2019|Z1331|08-Jan-2019|F1990|08-Jan-2019|F109|08-Jan-2019|||||||||||||||||||||||||||||||||||0|0||3|450|96127|3.0|2019-01-09T00:00:00|hospital_B|hospital_B_20190108
SYN_BENE_44C38E587169|SYN_CLM_6A570134DEBD|V|60|08-Jan-2019|08-Jan-2019|11-Jan-2019||3|491581|1|1|1|| |1234.43|0.0| ||49|1063523132| |9999868992| |9999868992|||0|1| |1234.43|08-Jan-2019|1|1|A|10|0.0|246.88|0|4|0.0|0.0|0|0|0|0|0|0|0|0|0|0|0|0|0|||||08-Jan-2019|951.0|0|0||Z733|Z733|Y|Z608|Y|G309|Y|Z653|Y|N1830|Y|E1121|Y|E0922|N|E1129|Y|G43719|Y|E785|Y|E1022|N|E1121|Y|E781|Y|R931|Y|E119|Y|I259|Y|E8881|Y|E669|Y|R7303|Y|D649|Y|I10|Y|Z560|Y|Z9189|N|||||||| | | | | | | | | | | | | | | | | | | | | | |GZ3|08-Jan-2019|Z741|08-Jan-2019|F419|08-Jan-2019|Z9181|08-Jan-2019|Z1331|08-Jan-2019|Z1331|08-Jan-2019|F1990|08-Jan-2019|F109|08-Jan-2019|||||||||||||||||||||||||||||||||||0|0||4|450|M1069|3.0|2019-01-09T00:00:00|hospital_B|hospital_B_20190108
SYN_BENE_44C38E587169|SYN_CLM_6A570134DEBD|V|60|08-Jan-2019|08-Jan-2019|11-Jan-2019||3|491581|1|1|1|| |1234.43|0.0| ||49|1063523132| |9999868992| |9999868992|||0|1| |1234.43|08-Jan-2019|1|1|A|10|0.0|246.88|0|4|0.0|0.0|0|0|0|0|0|0|0|0|0|0|0|0|0|||||08-Jan-2019|951.0|0|0||Z733|Z733|Y|Z608|Y|G309|Y|Z653|Y|N1830|Y|E1121|Y|E0922|N|E1129|Y|G43719|Y|E785|Y|E1022|N|E1121|Y|E781|Y|R931|Y|E119|Y|I259|Y|E8881|Y|E669|Y|R7303|Y|D649|Y|I10|Y|Z560|Y|Z9189|N|||||||| | | | | | | | | | | | | | | | | | | | | | |GZ3|08-Jan-2019|Z741|08-Jan-2019|F419|08-Jan-2019|Z9181|08-Jan-2019|Z1331|08-Jan-2019|Z1331|08-Jan-2019|F1990|08-Jan-2019|F109|08-Jan-2019|||||||||||||||||||||||||||||||||||0|0||5|450|G0444|3.0|2019-01-09T00:00:00|hospital_B|hospital_B_20190108
SYN_BENE_44C38E587169|SYN_CLM_6A570134DEBD|V|60|08-Jan-2019|08-Jan-2019|11-Jan-2019||3|491581|1|1|1|| |1234.43|0.0| ||49|1063523132| |9999868992| |9999868992|||0|1| |1234.43|08-Jan-2019|1|1|A|10|0.0|246.88|0|4|0.0|0.0|0|0|0|0|0|0|0|0|0|0|0|0|0|||||08-Jan-2019|951.0|0|0||Z733|Z733|Y|Z608|Y|G309|Y|Z653|Y|N1830|Y|E1121|Y|E0922|N|E1129|Y|G43719|Y|E785|Y|E1022|N|E1121|Y|E781|Y|R931|Y|E119|Y|I259|Y|E8881|Y|E669|Y|R7303|Y|D649|Y|I10|Y|Z560|Y|Z9189|N|||||||| | | | | | | | | | | | | | | | | | | | | | |GZ3|08-Jan-2019|Z741|08-Jan-2019|F419|08-Jan-2019|Z9181|08-Jan-2019|Z1331|08-Jan-2019|Z1331|08-Jan-2019|F1990|08-Jan-2019|F109|08-Jan-2019|||||||||||||||||||||||||||||||||||0|0||6|450|G0444|3.0|2019-01-09T00:00:00|hospital_B|hospital_B_20190108
SYN_BENE_44C38E587169|SYN_CLM_6A570134DEBD|V|60|08-Jan-2019|08-Jan-2019|11-Jan-2019||3|491581|1|1|1|| |1234.43|0.0| ||49|1063523132| |9999868992| |9999868992|||0|1| |1234.43|08-Jan-2019|1|1|A|10|0.0|246.88|0|4|0.0|0.0|0|0|0|0|0|0|0|0|0|0|0|0|0|||||08-Jan-2019|951.0|0|0||Z733|Z733|Y|Z608|Y|G309|Y|Z653|Y|N1830|Y|E1121|Y|E0922|N|E1129|Y|G43719|Y|E785|Y|E1022|N|E1121|Y|E781|Y|R931|Y|E119|Y|I259|Y|E8881|Y|E669|Y|R7303|Y|D649|Y|I10|Y|Z560|Y|Z9189|N|||||||| | | | | | | | | | | | | | | | | | | | | | |GZ3|08-Jan-2019|Z741|08-Jan-2019|F419|08-Jan-2019|Z9181|08-Jan-2019|Z1331|08-Jan-2019|Z1331|08-Jan-2019|F1990|08-Jan-2019|F109|08-Jan-2019|||||||||||||||||||||||||||||||||||0|0||7|450|99408|3.0|2019-01-09T00:00:00|hospital_B|hospital_B_20190108
SYN_BENE_44C38E587169|SYN_CLM_6A570134DEBD|V|60|08-Jan-2019|08-Jan-2019|11-Jan-2019||3|491581|1|1|1|| |1234.43|0.0| ||49|1063523132| |9999868992| |9999868992|||0|1| |1234.43|08-Jan-2019|1|1|A|10|0.0|246.88|0|4|0.0|0.0|0|0|0|0|0|0|0|0|0|0|0|0|0|||||08-Jan-2019|951.0|0|0||Z733|Z733|Y|Z608|Y|G309|Y|Z653|Y|N1830|Y|E1121|Y|E0922|N|E1129|Y|G43719|Y|E785|Y|E1022|N|E1121|Y|E781|Y|R931|Y|E119|Y|I259|Y|E8881|Y|E669|Y|R7303|Y|D649|Y|I10|Y|Z560|Y|Z9189|N|||||||| | | | | | | | | | | | | | | | | | | | | | |GZ3|08-Jan-2019|Z741|08-Jan-2019|F419|08-Jan-2019|Z9181|08-Jan-2019|Z1331|08-Jan-2019|Z1331|08-Jan-2019|F1990|08-Jan-2019|F109|08-Jan-2019|||||||||||||||||||||||||||||||||||0|0||8|450|G0442|3.0|2019-01-09T00:00:00|hospital_B|hospital_B_20190108
SYN_BENE_0279758A9921|SYN_CLM_A2E3B8F34619|V|60|08-Jan-2019|08-Jan-2019|11-Jan-2019||3|491581|1|1|1|| |1234.43|0.0| ||49|1063523132| |9999868992| |9999868992|||0|1| |1234.43|08-Jan-2019|1|1|A|10|0.0|246.88|0|4|0.0|0.0|0|0|0|0|0|0|0|0|0|0|0|0|0|||||08-Jan-2019|951.0|0|0||Z733|Z733|Y|Z608|Y|G309|Y|Z653|Y|N1830|Y|E1121|Y|E0922|N|E1129|Y|G43719|Y|E785|Y|E1022|N|E1121|Y|E781|Y|R931|Y|E119|Y|I259|Y|E8881|Y|E669|Y|R7303|Y|D649|Y|I10|Y|Z560|Y|Z9189|N|||||||| | | | | | | | | | | | | | | | | | | | | | |GZ3|08-Jan-2019|Z741|08-Jan-2019|F419|08-Jan-2019|Z9181|08-Jan-2019|Z1331|08-Jan-2019|Z1331|08-Jan-2019|F1990|08-Jan-2019|F109|08-Jan-2019|||||||||||||||||||||||||||||||||||0|0||1|450|99495|3.0|2019-01-09T00:00:00|hospital_B|hospital_B_20190108
SYN_BENE_0279758A9921|SYN_CLM_A2E3B8F34619|V|60|08-Jan-2019|08-Jan-2019|11-Jan-2019||3|491581|1|1|1|| |1234.43|0.0| ||49|1063523132| |9999868992| |9999868992|||0|1| |1234.43|08-Jan-2019|1|1|A|10|0.0|246.88|0|4|0.0|0.0|0|0|0|0|0|0|0|0|0|0|0|0|0|||||08-Jan-2019|951.0|0|0||Z733|Z733|Y|Z608|Y|G309|Y|Z653|Y|N1830|Y|E1121|Y|E0922|N|E1129|Y|G43719|Y|E785|Y|E1022|N|E1121|Y|E781|Y|R931|Y|E119|Y|I259|Y|E8881|Y|E669|Y|R7303|Y|D649|Y|I10|Y|Z560|Y|Z9189|N|||||||| | | | | | | | | | | | | | | | | | | | | | |GZ3|08-Jan-2019|Z741|08-Jan-2019|F419|08-Jan-2019|Z9181|08-Jan-2019|Z1331|08-Jan-2019|Z1331|08-Jan-2019|F1990|08-Jan-2019|F109|08-Jan-2019|||||||||||||||||||||||||||||||||||0|0||2|450|96156|3.0|2019-01-09T00:00:00|hospital_B|hospital_B_20190108
SYN_BENE_0279758A9921|SYN_CLM_A2E3B8F34619|V|60|08-Jan-2019|08-Jan-2019|11-Jan-2019||3|491581|1|1|1|| |1234.43|0.0| ||49|1063523132| |9999868992| |9999868992|||0|1| |1234.43|08-Jan-2019|1|1|A|10|0.0|246.88|0|4|0.0|0.0|0|0|0|0|0|0|0|0|0|0|0|0|0|||||08-Jan-2019|951.0|0|0||Z733|Z733|Y|Z608|Y|G309|Y|Z653|Y|N1830|Y|E1121|Y|E0922|N|E1129|Y|G43719|Y|E785|Y|E1022|N|E1121|Y|E781|Y|R931|Y|E119|Y|I259|Y|E8881|Y|E669|Y|R7303|Y|D649|Y|I10|Y|Z560|Y|Z9189|N|||||||| | | | | | | | | | | | | | | | | | | | | | |GZ3|08-Jan-2019|Z741|08-Jan-2019|F419|08-Jan-2019|Z9181|08-Jan-2019|Z1331|08-Jan-2019|Z1331|08-Jan-2019|F1990|08-Jan-2019|F109|08-Jan-2019|||||||||||||||||||||||||||||||||||0|0||3|450|96127|3.0|2019-01-09T00:00:00|hospital_B|hospital_B_20190108
SYN_BENE_0279758A9921|SYN_CLM_A2E3B8F34619|V|60|08-Jan-2019|08-Jan-2019|11-Jan-2019||3|491581|1|1|1|| |1234.43|0.0| ||49|1063523132| |9999868992| |9999868992|||0|1| |1234.43|08-Jan-2019|1|1|A|10|0.0|246.88|0|4|0.0|0.0|0|0|0|0|0|0|0|0|0|0|0|0|0|||||08-Jan-2019|951.0|0|0||Z733|Z733|Y|Z608|Y|G309|Y|Z653|Y|N1830|Y|E1121|Y|E0922|N|E1129|Y|G43719|Y|E785|Y|E1022|N|E1121|Y|E781|Y|R931|Y|E119|Y|I259|Y|E8881|Y|E669|Y|R7303|Y|D649|Y|I10|Y|Z560|Y|Z9189|N|||||||| | | | | | | | | | | | | | | | | | | | | | |GZ3|08-Jan-2019|Z741|08-Jan-2019|F419|08-Jan-2019|Z9181|08-Jan-2019|Z1331|08-Jan-2019|Z1331|08-Jan-2019|F1990|08-Jan-2019|F109|08-Jan-2019|||||||||||||||||||||||||||||||||||0|0||4|450|M1069|3.0|2019-01-09T00:00:00|hospital_B|hospital_B_20190108
SYN_BENE_0279758A9921|SYN_CLM_A2E3B8F34619|V|60|08-Jan-2019|08-Jan-2019|11-Jan-2019||3|491581|1|1|1|| |1234.43|0.0| ||49|1063523132| |9999868992| |9999868992|||0|1| |1234.43|08-Jan-2019|1|1|A|10|0.0|246.88|0|4|0.0|0.0|0|0|0|0|0|0|0|0|0|0|0|0|0|||||08-Jan-2019|951.0|0|0||Z733|Z733|Y|Z608|Y|G309|Y|Z653|Y|N1830|Y|E1121|Y|E0922|N|E1129|Y|G43719|Y|E785|Y|E1022|N|E1121|Y|E781|Y|R931|Y|E119|Y|I259|Y|E8881|Y|E669|Y|R7303|Y|D649|Y|I10|Y|Z560|Y|Z9189|N|||||||| | | | | | | | | | | | | | | | | | | | | | |GZ3|08-Jan-2019|Z741|08-Jan-2019|F419|08-Jan-2019|Z9181|08-Jan-2019|Z1331|08-Jan-2019|Z1331|08-Jan-2019|F1990|08-Jan-2019|F109|08-Jan-2019|||||||||||||||||||||||||||||||||||0|0||5|450|G0444|3.0|2019-01-09T00:00:00|hospital_B|hospital_B_20190108
SYN_BENE_0279758A9921|SYN_CLM_A2E3B8F34619|V|60|08-Jan-2019|08-Jan-2019|11-Jan-2019||3|491581|1|1|1|| |1234.43|0.0| ||49|1063523132| |9999868992| |9999868992|||0|1| |1234.43|08-Jan-2019|1|1|A|10|0.0|246.88|0|4|0.0|0.0|0|0|0|0|0|0|0|0|0|0|0|0|0|||||08-Jan-2019|951.0|0|0||Z733|Z733|Y|Z608|Y|G309|Y|Z653|Y|N1830|Y|E1121|Y|E0922|N|E1129|Y|G43719|Y|E785|Y|E1022|N|E1121|Y|E781|Y|R931|Y|E119|Y|I259|Y|E8881|Y|E669|Y|R7303|Y|D649|Y|I10|Y|Z560|Y|Z9189|N|||||||| | | | | | | | | | | | | | | | | | | | | | |GZ3|08-Jan-2019|Z741|08-Jan-2019|F419|08-Jan-2019|Z9181|08-Jan-2019|Z1331|08-Jan-2019|Z1331|08-Jan-2019|F1990|08-Jan-2019|F109|08-Jan-2019|||||||||||||||||||||||||||||||||||0|0||6|450|G0444|3.0|2019-01-09T00:00:00|hospital_B|hospital_B_20190108
SYN_BENE_0279758A9921|SYN_CLM_A2E3B8F34619|V|60|08-Jan-2019|08-Jan-2019|11-Jan-2019||3|491581|1|1|1|| |1234.43|0.0| ||49|1063523132| |9999868992| |9999868992|||0|1| |1234.43|08-Jan-2019|1|1|A|10|0.0|246.88|0|4|0.0|0.0|0|0|0|0|0|0|0|0|0|0|0|0|0|||||08-Jan-2019|951.0|0|0||Z733|Z733|Y|Z608|Y|G309|Y|Z653|Y|N1830|Y|E1121|Y|E0922|N|E1129|Y|G43719|Y|E785|Y|E1022|N|E1121|Y|E781|Y|R931|Y|E119|Y|I259|Y|E8881|Y|E669|Y|R7303|Y|D649|Y|I10|Y|Z560|Y|Z9189|N|||||||| | | | | | | | | | | | | | | | | | | | | | |GZ3|08-Jan-2019|Z741|08-Jan-2019|F419|08-Jan-2019|Z9181|08-Jan-2019|Z1331|08-Jan-2019|Z1331|08-Jan-2019|F1990|08-Jan-2019|F109|08-Jan-2019|||||||||||||||||||||||||||||||||||0|0||7|450|99408|3.0|2019-01-09T00:00:00|hospital_B|hospital_B_20190108
SYN_BENE_0279758A9921|SYN_CLM_A2E3B8F34619|V|60|08-Jan-2019|08-Jan-2019|11-Jan-2019||3|491581|1|1|1|| |1234.43|0.0| ||49|1063523132| |9999868992| |9999868992|||0|1| |1234.43|08-Jan-2019|1|1|A|10|0.0|246.88|0|4|0.0|0.0|0|0|0|0|0|0|0|0|0|0|0|0|0|||||08-Jan-2019|951.0|0|0||Z733|Z733|Y|Z608|Y|G309|Y|Z653|Y|N1830|Y|E1121|Y|E0922|N|E1129|Y|G43719|Y|E785|Y|E1022|N|E1121|Y|E781|Y|R931|Y|E119|Y|I259|Y|E8881|Y|E669|Y|R7303|Y|D649|Y|I10|Y|Z560|Y|Z9189|N|||||||| | | | | | | | | | | | | | | | | | | | | | |GZ3|08-Jan-2019|Z741|08-Jan-2019|F419|08-Jan-2019|Z9181|08-Jan-2019|Z1331|08-Jan-2019|Z1331|08-Jan-2019|F1990|08-Jan-2019|F109|08-Jan-2019|||||||||||||||||||||||||||||||||||0|0||8|450|G0442|3.0|2019-01-09T00:00:00|hospital_B|hospital_B_20190108
SYN_BENE_7697D9F55AC0|SYN_CLM_AF6F549AA9A6|V|60|08-Jan-2019|08-Jan-2019|11-Jan-2019||3|491581|1|1|1|| |1234.43|0.0| ||49|1063523132| |9999868992| |9999868992|||0|1| |1234.43|08-Jan-2019|1|1|A|10|0.0|246.88|0|4|0.0|0.0|0|0|0|0|0|0|0|0|0|0|0|0|0|||||08-Jan-2019|951.0|0|0||Z733|Z733|Y|Z608|Y|G309|Y|Z653|Y|N1830|Y|E1121|Y|E0922|N|E1129|Y|G43719|Y|E785|Y|E1022|N|E1121|Y|E781|Y|R931|Y|E119|Y|I259|Y|E8881|Y|E669|Y|R7303|Y|D649|Y|I10|Y|Z560|Y|Z9189|N|||||||| | | | | | | | | | | | | | | | | | | | | | |GZ3|08-Jan-2019|Z741|08-Jan-2019|F419|08-Jan-2019|Z9181|08-Jan-2019|Z1331|08-Jan-2019|Z1331|08-Jan-2019|F1990|08-Jan-2019|F109|08-Jan-2019|||||||||||||||||||||||||||||||||||0|0||1|450|99495|3.0|2019-01-09T00:00:00|hospital_B|hospital_B_20190108
SYN_BENE_7697D9F55AC0|SYN_CLM_AF6F549AA9A6|V|60|08-Jan-2019|08-Jan-2019|11-Jan-2019||3|491581|1|1|1|| |1234.43|0.0| ||49|1063523132| |9999868992| |9999868992|||0|1| |1234.43|08-Jan-2019|1|1|A|10|0.0|246.88|0|4|0.0|0.0|0|0|0|0|0|0|0|0|0|0|0|0|0|||||08-Jan-2019|951.0|0|0||Z733|Z733|Y|Z608|Y|G309|Y|Z653|Y|N1830|Y|E1121|Y|E0922|N|E1129|Y|G43719|Y|E785|Y|E1022|N|E1121|Y|E781|Y|R931|Y|E119|Y|I259|Y|E8881|Y|E669|Y|R7303|Y|D649|Y|I10|Y|Z560|Y|Z9189|N|||||||| | | | | | | | | | | | | | | | | | | | | | |GZ3|08-Jan-2019|Z741|08-Jan-2019|F419|08-Jan-2019|Z9181|08-Jan-2019|Z1331|08-Jan-2019|Z1331|08-Jan-2019|F1990|08-Jan-2019|F109|08-Jan-2019|||||||||||||||||||||||||||||||||||0|0||2|450|96156|3.0|2019-01-09T00:00:00|hospital_B|hospital_B_20190108
SYN_BENE_7697D9F55AC0|SYN_CLM_AF6F549AA9A6|V|60|08-Jan-2019|08-Jan-2019|11-Jan-2019||3|491581|1|1|1|| |1234.43|0.0| ||49|1063523132| |9999868992| |9999868992|||0|1| |1234.43|08-Jan-2019|1|1|A|10|0.0|246.88|0|4|0.0|0.0|0|0|0|0|0|0|0|0|0|0|0|0|0|||||08-Jan-2019|951.0|0|0||Z733|Z733|Y|Z608|Y|G309|Y|Z653|Y|N1830|Y|E1121|Y|E0922|N|E1129|Y|G43719|Y|E785|Y|E1022|N|E1121|Y|E781|Y|R931|Y|E119|Y|I259|Y|E8881|Y|E669|Y|R7303|Y|D649|Y|I10|Y|Z560|Y|Z9189|N|||||||| | | | | | | | | | | | | | | | | | | | | | |GZ3|08-Jan-2019|Z741|08-Jan-2019|F419|08-Jan-2019|Z9181|08-Jan-2019|Z1331|08-Jan-2019|Z1331|08-Jan-2019|F1990|08-Jan-2019|F109|08-Jan-2019|||||||||||||||||||||||||||||||||||0|0||3|450|96127|3.0|2019-01-09T00:00:00|hospital_B|hospital_B_20190108
SYN_BENE_7697D9F55AC0|SYN_CLM_AF6F549AA9A6|V|60|08-Jan-2019|08-Jan-2019|11-Jan-2019||3|491581|1|1|1|| |1234.43|0.0| ||49|1063523132| |9999868992| |9999868992|||0|1| |1234.43|08-Jan-2019|1|1|A|10|0.0|246.88|0|4|0.0|0.0|0|0|0|0|0|0|0|0|0|0|0|0|0|||||08-Jan-2019|951.0|0|0||Z733|Z733|Y|Z608|Y|G309|Y|Z653|Y|N1830|Y|E1121|Y|E0922|N|E1129|Y|G43719|Y|E785|Y|E1022|N|E1121|Y|E781|Y|R931|Y|E119|Y|I259|Y|E8881|Y|E669|Y|R7303|Y|D649|Y|I10|Y|Z560|Y|Z9189|N|||||||| | | | | | | | | | | | | | | | | | | | | | |GZ3|08-Jan-2019|Z741|08-Jan-2019|F419|08-Jan-2019|Z9181|08-Jan-2019|Z1331|08-Jan-2019|Z1331|08-Jan-2019|F1990|08-Jan-2019|F109|08-Jan-2019|||||||||||||||||||||||||||||||||||0|0||4|450|M1069|3.0|2019-01-09T00:00:00|hospital_B|hospital_B_20190108
SYN_BENE_7697D9F55AC0|SYN_CLM_AF6F549AA9A6|V|60|08-Jan-2019|08-Jan-2019|11-Jan-2019||3|491581|1|1|1|| |1234.43|0.0| ||49|1063523132| |9999868992| |9999868992|||0|1| |1234.43|08-Jan-2019|1|1|A|10|0.0|246.88|0|4|0.0|0.0|0|0|0|0|0|0|0|0|0|0|0|0|0|||||08-Jan-2019|951.0|0|0||Z733|Z733|Y|Z608|Y|G309|Y|Z653|Y|N1830|Y|E1121|Y|E0922|N|E1129|Y|G43719|Y|E785|Y|E1022|N|E1121|Y|E781|Y|R931|Y|E119|Y|I259|Y|E8881|Y|E669|Y|R7303|Y|D649|Y|I10|Y|Z560|Y|Z9189|N|||||||| | | | | | | | | | | | | | | | | | | | | | |GZ3|08-Jan-2019|Z741|08-Jan-2019|F419|08-Jan-2019|Z9181|08-Jan-2019|Z1331|08-Jan-2019|Z1331|08-Jan-2019|F1990|08-Jan-2019|F109|08-Jan-2019|||||||||||||||||||||||||||||||||||0|0||5|450|G0444|3.0|2019-01-09T00:00:00|hospital_B|hospital_B_20190108
SYN_BENE_7697D9F55AC0|SYN_CLM_AF6F549AA9A6|V|60|08-Jan-2019|08-Jan-2019|11-Jan-2019||3|491581|1|1|1|| |1234.43|0.0| ||49|1063523132| |9999868992| |9999868992|||0|1| |1234.43|08-Jan-2019|1|1|A|10|0.0|246.88|0|4|0.0|0.0|0|0|0|0|0|0|0|0|0|0|0|0|0|||||08-Jan-2019|951.0|0|0||Z733|Z733|Y|Z608|Y|G309|Y|Z653|Y|N1830|Y|E1121|Y|E0922|N|E1129|Y|G43719|Y|E785|Y|E1022|N|E1121|Y|E781|Y|R931|Y|E119|Y|I259|Y|E8881|Y|E669|Y|R7303|Y|D649|Y|I10|Y|Z560|Y|Z9189|N|||||||| | | | | | | | | | | | | | | | | | | | | | |GZ3|08-Jan-2019|Z741|08-Jan-2019|F419|08-Jan-2019|Z9181|08-Jan-2019|Z1331|08-Jan-2019|Z1331|08-Jan-2019|F1990|08-Jan-2019|F109|08-Jan-2019|||||||||||||||||||||||||||||||||||0|0||6|450|G0444|3.0|2019-01-09T00:00:00|hospital_B|hospital_B_20190108
SYN_BENE_7697D9F55AC0|SYN_CLM_AF6F549AA9A6|V|60|08-Jan-2019|08-Jan-2019|11-Jan-2019||3|491581|1|1|1|| |1234.43|0.0| ||49|1063523132| |9999868992| |9999868992|||0|1| |1234.43|08-Jan-2019|1|1|A|10|0.0|246.88|0|4|0.0|0.0|0|0|0|0|0|0|0|0|0|0|0|0|0|||||08-Jan-2019|951.0|0|0||Z733|Z733|Y|Z608|Y|G309|Y|Z653|Y|N1830|Y|E1121|Y|E0922|N|E1129|Y|G43719|Y|E785|Y|E1022|N|E1121|Y|E781|Y|R931|Y|E119|Y|I259|Y|E8881|Y|E669|Y|R7303|Y|D649|Y|I10|Y|Z560|Y|Z9189|N|||||||| | | | | | | | | | | | | | | | | | | | | | |GZ3|08-Jan-2019|Z741|08-Jan-2019|F419|08-Jan-2019|Z9181|08-Jan-2019|Z1331|08-Jan-2019|Z1331|08-Jan-2019|F1990|08-Jan-2019|F109|08-Jan-2019|||||||||||||||||||||||||||||||||||0|0||7|450|99408|3.0|2019-01-09T00:00:00|hospital_B|hospital_B_20190108
SYN_BENE_7697D9F55AC0|SYN_CLM_AF6F549AA9A6|V|60|08-Jan-2019|08-Jan-2019|11-Jan-2019||3|491581|1|1|1|| |1234.43|0.0| ||49|1063523132| |9999868992| |9999868992|||0|1| |1234.43|08-Jan-2019|1|1|A|10|0.0|246.88|0|4|0.0|0.0|0|0|0|0|0|0|0|0|0|0|0|0|0|||||08-Jan-2019|951.0|0|0||Z733|Z733|Y|Z608|Y|G309|Y|Z653|Y|N1830|Y|E1121|Y|E0922|N|E1129|Y|G43719|Y|E785|Y|E1022|N|E1121|Y|E781|Y|R931|Y|E119|Y|I259|Y|E8881|Y|E669|Y|R7303|Y|D649|Y|I10|Y|Z560|Y|Z9189|N|||||||| | | | | | | | | | | | | | | | | | | | | | |GZ3|08-Jan-2019|Z741|08-Jan-2019|F419|08-Jan-2019|Z9181|08-Jan-2019|Z1331|08-Jan-2019|Z1331|08-Jan-2019|F1990|08-Jan-2019|F109|08-Jan-2019|||||||||||||||||||||||||||||||||||0|0||8|450|G0442|3.0|2019-01-09T00:00:00|hospital_B|hospital_B_20190108
SYN_BENE_560654F8B99D|SYN_CLM_6093E075C05A|V|60|08-Jan-2019|08-Jan-2019|11-Jan-2019||3|491581|1|1|1|| |1234.43|0.0| ||49|1063523132| |9999868992| |9999868992|||0|1| |1234.43|08-Jan-2019|1|1|A|10|0.0|246.88|0|4|0.0|0.0|0|0|0|0|0|0|0|0|0|0|0|0|0|||||08-Jan-2019|951.0|0|0||Z733|Z733|Y|Z608|Y|G309|Y|Z653|Y|N1830|Y|E1121|Y|E0922|N|E1129|Y|G43719|Y|E785|Y|E1022|N|E1121|Y|E781|Y|R931|Y|E119|Y|I259|Y|E8881|Y|E669|Y|R7303|Y|D649|Y|I10|Y|Z560|Y|Z9189|N|||||||| | | | | | | | | | | | | | | | | | | | | | |GZ3|08-Jan-2019|Z741|08-Jan-2019|F419|08-Jan-2019|Z9181|08-Jan-2019|Z1331|08-Jan-2019|Z1331|08-Jan-2019|F1990|08-Jan-2019|F109|08-Jan-2019|||||||||||||||||||||||||||||||||||0|0||1|450|99495|3.0|2019-01-09T00:00:00|hospital_B|hospital_B_20190108
SYN_BENE_560654F8B99D|SYN_CLM_6093E075C05A|V|60|08-Jan-2019|08-Jan-2019|11-Jan-2019||3|491581|1|1|1|| |1234.43|0.0| ||49|1063523132| |9999868992| |9999868992|||0|1| |1234.43|08-Jan-2019|1|1|A|10|0.0|246.88|0|4|0.0|0.0|0|0|0|0|0|0|0|0|0|0|0|0|0|||||08-Jan-2019|951.0|0|0||Z733|Z733|Y|Z608|Y|G309|Y|Z653|Y|N1830|Y|E1121|Y|E0922|N|E1129|Y|G43719|Y|E785|Y|E1022|N|E1121|Y|E781|Y|R931|Y|E119|Y|I259|Y|E8881|Y|E669|Y|R7303|Y|D649|Y|I10|Y|Z560|Y|Z9189|N|||||||| | | | | | | | | | | | | | | | | | | | | | |GZ3|08-Jan-2019|Z741|08-Jan-2019|F419|08-Jan-2019|Z9181|08-Jan-2019|Z1331|08-Jan-2019|Z1331|08-Jan-2019|F1990|08-Jan-2019|F109|08-Jan-2019|||||||||||||||||||||||||||||||||||0|0||2|450|96156|3.0|2019-01-09T00:00:00|hospital_B|hospital_B_20190108
SYN_BENE_560654F8B99D|SYN_CLM_6093E075C05A|V|60|08-Jan-2019|08-Jan-2019|11-Jan-2019||3|491581|1|1|1|| |1234.43|0.0| ||49|1063523132| |9999868992| |9999868992|||0|1| |1234.43|08-Jan-2019|1|1|A|10|0.0|246.88|0|4|0.0|0.0|0|0|0|0|0|0|0|0|0|0|0|0|0|||||08-Jan-2019|951.0|0|0||Z733|Z733|Y|Z608|Y|G309|Y|Z653|Y|N1830|Y|E1121|Y|E0922|N|E1129|Y|G43719|Y|E785|Y|E1022|N|E1121|Y|E781|Y|R931|Y|E119|Y|I259|Y|E8881|Y|E669|Y|R7303|Y|D649|Y|I10|Y|Z560|Y|Z9189|N|||||||| | | | | | | | | | | | | | | | | | | | | | |GZ3|08-Jan-2019|Z741|08-Jan-2019|F419|08-Jan-2019|Z9181|08-Jan-2019|Z1331|08-Jan-2019|Z1331|08-Jan-2019|F1990|08-Jan-2019|F109|08-Jan-2019|||||||||||||||||||||||||||||||||||0|0||3|450|96127|3.0|2019-01-09T00:00:00|hospital_B|hospital_B_20190108
SYN_BENE_560654F8B99D|SYN_CLM_6093E075C05A|V|60|08-Jan-2019|08-Jan-2019|11-Jan-2019||3|491581|1|1|1|| |1234.43|0.0| ||49|1063523132| |9999868992| |9999868992|||0|1| |1234.43|08-Jan-2019|1|1|A|10|0.0|246.88|0|4|0.0|0.0|0|0|0|0|0|0|0|0|0|0|0|0|0|||||08-Jan-2019|951.0|0|0||Z733|Z733|Y|Z608|Y|G309|Y|Z653|Y|N1830|Y|E1121|Y|E0922|N|E1129|Y|G43719|Y|E785|Y|E1022|N|E1121|Y|E781|Y|R931|Y|E119|Y|I259|Y|E8881|Y|E669|Y|R7303|Y|D649|Y|I10|Y|Z560|Y|Z9189|N|||||||| | | | | | | | | | | | | | | | | | | | | | |GZ3|08-Jan-2019|Z741|08-Jan-2019|F419|08-Jan-2019|Z9181|08-Jan-2019|Z1331|08-Jan-2019|Z1331|08-Jan-2019|F1990|08-Jan-2019|F109|08-Jan-2019|||||||||||||||||||||||||||||||||||0|0||4|450|M1069|3.0|2019-01-09T00:00:00|hospital_B|hospital_B_20190108
SYN_BENE_560654F8B99D|SYN_CLM_6093E075C05A|V|60|08-Jan-2019|08-Jan-2019|11-Jan-2019||3|491581|1|1|1|| |1234.43|0.0| ||49|1063523132| |9999868992| |9999868992|||0|1| |1234.43|08-Jan-2019|1|1|A|10|0.0|246.88|0|4|0.0|0.0|0|0|0|0|0|0|0|0|0|0|0|0|0|||||08-Jan-2019|951.0|0|0||Z733|Z733|Y|Z608|Y|G309|Y|Z653|Y|N1830|Y|E1121|Y|E0922|N|E1129|Y|G43719|Y|E785|Y|E1022|N|E1121|Y|E781|Y|R931|Y|E119|Y|I259|Y|E8881|Y|E669|Y|R7303|Y|D649|Y|I10|Y|Z560|Y|Z9189|N|||||||| | | | | | | | | | | | | | | | | | | | | | |GZ3|08-Jan-2019|Z741|08-Jan-2019|F419|08-Jan-2019|Z9181|08-Jan-2019|Z1331|08-Jan-2019|Z1331|08-Jan-2019|F1990|08-Jan-2019|F109|08-Jan-2019|||||||||||||||||||||||||||||||||||0|0||5|450|G0444|3.0|2019-01-09T00:00:00|hospital_B|hospital_B_20190108
SYN_BENE_560654F8B99D|SYN_CLM_6093E075C05A|V|60|08-Jan-2019|08-Jan-2019|11-Jan-2019||3|491581|1|1|1|| |1234.43|0.0| ||49|1063523132| |9999868992| |9999868992|||0|1| |1234.43|08-Jan-2019|1|1|A|10|0.0|246.88|0|4|0.0|0.0|0|0|0|0|0|0|0|0|0|0|0|0|0|||||08-Jan-2019|951.0|0|0||Z733|Z733|Y|Z608|Y|G309|Y|Z653|Y|N1830|Y|E1121|Y|E0922|N|E1129|Y|G43719|Y|E785|Y|E1022|N|E1121|Y|E781|Y|R931|Y|E119|Y|I259|Y|E8881|Y|E669|Y|R7303|Y|D649|Y|I10|Y|Z560|Y|Z9189|N|||||||| | | | | | | | | | | | | | | | | | | | | | |GZ3|08-Jan-2019|Z741|08-Jan-2019|F419|08-Jan-2019|Z9181|08-Jan-2019|Z1331|08-Jan-2019|Z1331|08-Jan-2019|F1990|08-Jan-2019|F109|08-Jan-2019|||||||||||||||||||||||||||||||||||0|0||6|450|G0444|3.0|2019-01-09T00:00:00|hospital_B|hospital_B_20190108
SYN_BENE_560654F8B99D|SYN_CLM_6093E075C05A|V|60|08-Jan-2019|08-Jan-2019|11-Jan-2019||3|491581|1|1|1|| |1234.43|0.0| ||49|1063523132| |9999868992| |9999868992|||0|1| |1234.43|08-Jan-2019|1|1|A|10|0.0|246.88|0|4|0.0|0.0|0|0|0|0|0|0|0|0|0|0|0|0|0|||||08-Jan-2019|951.0|0|0||Z733|Z733|Y|Z608|Y|G309|Y|Z653|Y|N1830|Y|E1121|Y|E0922|N|E1129|Y|G43719|Y|E785|Y|E1022|N|E1121|Y|E781|Y|R931|Y|E119|Y|I259|Y|E8881|Y|E669|Y|R7303|Y|D649|Y|I10|Y|Z560|Y|Z9189|N|||||||| | | | | | | | | | | | | | | | | | | | | | |GZ3|08-Jan-2019|Z741|08-Jan-2019|F419|08-Jan-2019|Z9181|08-Jan-2019|Z1331|08-Jan-2019|Z1331|08-Jan-2019|F1990|08-Jan-2019|F109|08-Jan-2019|||||||||||||||||||||||||||||||||||0|0||7|450|99408|3.0|2019-01-09T00:00:00|hospital_B|hospital_B_20190108
SYN_BENE_560654F8B99D|SYN_CLM_6093E075C05A|V|60|08-Jan-2019|08-Jan-2019|11-Jan-2019||3|491581|1|1|1|| |1234.43|0.0| ||49|1063523132| |9999868992| |9999868992|||0|1| |1234.43|08-Jan-2019|1|1|A|10|0.0|246.88|0|4|0.0|0.0|0|0|0|0|0|0|0|0|0|0|0|0|0|||||08-Jan-2019|951.0|0|0||Z733|Z733|Y|Z608|Y|G309|Y|Z653|Y|N1830|Y|E1121|Y|E0922|N|E1129|Y|G43719|Y|E785|Y|E1022|N|E1121|Y|E781|Y|R931|Y|E119|Y|I259|Y|E8881|Y|E669|Y|R7303|Y|D649|Y|I10|Y|Z560|Y|Z9189|N|||||||| | | | | | | | | | | | | | | | | | | | | | |GZ3|08-Jan-2019|Z741|08-Jan-2019|F419|08-Jan-2019|Z9181|08-Jan-2019|Z1331|08-Jan-2019|Z1331|08-Jan-2019|F1990|08-Jan-2019|F109|08-Jan-2019|||||||||||||||||||||||||||||||||||0|0||8|450|G0442|3.0|2019-01-09T00:00:00|hospital_B|hospital_B_20190108
SYN_BENE_1746B01EB7FB|SYN_CLM_5E5F7234D6DE|V|60|08-Jan-2019|08-Jan-2019|11-Jan-2019||3|491581|1|1|1|| |1234.43|0.0| ||49|1063523132| |9999868992| |9999868992|||0|1| |1234.43|08-Jan-2019|1|1|A|10|0.0|246.88|0|4|0.0|0.0|0|0|0|0|0|0|0|0|0|0|0|0|0|||||08-Jan-2019|951.0|0|0||Z733|Z733|Y|Z608|Y|G309|Y|Z653|Y|N1830|Y|E1121|Y|E0922|N|E1129|Y|G43719|Y|E785|Y|E1022|N|E1121|Y|E781|Y|R931|Y|E119|Y|I259|Y|E8881|Y|E669|Y|R7303|Y|D649|Y|I10|Y|Z560|Y|Z9189|N|||||||| | | | | | | | | | | | | | | | | | | | | | |GZ3|08-Jan-2019|Z741|08-Jan-2019|F419|08-Jan-2019|Z9181|08-Jan-2019|Z1331|08-Jan-2019|Z1331|08-Jan-2019|F1990|08-Jan-2019|F109|08-Jan-2019|||||||||||||||||||||||||||||||||||0|0||1|450|99495|3.0|2019-01-09T00:00:00|hospital_B|hospital_B_20190108
SYN_BENE_1746B01EB7FB|SYN_CLM_5E5F7234D6DE|V|60|08-Jan-2019|08-Jan-2019|11-Jan-2019||3|491581|1|1|1|| |1234.43|0.0| ||49|1063523132| |9999868992| |9999868992|||0|1| |1234.43|08-Jan-2019|1|1|A|10|0.0|246.88|0|4|0.0|0.0|0|0|0|0|0|0|0|0|0|0|0|0|0|||||08-Jan-2019|951.0|0|0||Z733|Z733|Y|Z608|Y|G309|Y|Z653|Y|N1830|Y|E1121|Y|E0922|N|E1129|Y|G43719|Y|E785|Y|E1022|N|E1121|Y|E781|Y|R931|Y|E119|Y|I259|Y|E8881|Y|E669|Y|R7303|Y|D649|Y|I10|Y|Z560|Y|Z9189|N|||||||| | | | | | | | | | | | | | | | | | | | | | |GZ3|08-Jan-2019|Z741|08-Jan-2019|F419|08-Jan-2019|Z9181|08-Jan-2019|Z1331|08-Jan-2019|Z1331|08-Jan-2019|F1990|08-Jan-2019|F109|08-Jan-2019|||||||||||||||||||||||||||||||||||0|0||2|450|96156|3.0|2019-01-09T00:00:00|hospital_B|hospital_B_20190108
SYN_BENE_1746B01EB7FB|SYN_CLM_5E5F7234D6DE|V|60|08-Jan-2019|08-Jan-2019|11-Jan-2019||3|491581|1|1|1|| |1234.43|0.0| ||49|1063523132| |9999868992| |9999868992|||0|1| |1234.43|08-Jan-2019|1|1|A|10|0.0|246.88|0|4|0.0|0.0|0|0|0|0|0|0|0|0|0|0|0|0|0|||||08-Jan-2019|951.0|0|0||Z733|Z733|Y|Z608|Y|G309|Y|Z653|Y|N1830|Y|E1121|Y|E0922|N|E1129|Y|G43719|Y|E785|Y|E1022|N|E1121|Y|E781|Y|R931|Y|E119|Y|I259|Y|E8881|Y|E669|Y|R7303|Y|D649|Y|I10|Y|Z560|Y|Z9189|N|||||||| | | | | | | | | | | | | | | | | | | | | | |GZ3|08-Jan-2019|Z741|08-Jan-2019|F419|08-Jan-2019|Z9181|08-Jan-2019|Z1331|08-Jan-2019|Z1331|08-Jan-2019|F1990|08-Jan-2019|F109|08-Jan-2019|||||||||||||||||||||||||||||||||||0|0||3|450|96127|3.0|2019-01-09T00:00:00|hospital_B|hospital_B_20190108
SYN_BENE_1746B01EB7FB|SYN_CLM_5E5F7234D6DE|V|60|08-Jan-2019|08-Jan-2019|11-Jan-2019||3|491581|1|1|1|| |1234.43|0.0| ||49|1063523132| |9999868992| |9999868992|||0|1| |1234.43|08-Jan-2019|1|1|A|10|0.0|246.88|0|4|0.0|0.0|0|0|0|0|0|0|0|0|0|0|0|0|0|||||08-Jan-2019|951.0|0|0||Z733|Z733|Y|Z608|Y|G309|Y|Z653|Y|N1830|Y|E1121|Y|E0922|N|E1129|Y|G43719|Y|E785|Y|E1022|N|E1121|Y|E781|Y|R931|Y|E119|Y|I259|Y|E8881|Y|E669|Y|R7303|Y|D649|Y|I10|Y|Z560|Y|Z9189|N|||||||| | | | | | | | | | | | | | | | | | | | | | |GZ3|08-Jan-2019|Z741|08-Jan-2019|F419|08-Jan-2019|Z9181|08-Jan-2019|Z1331|08-Jan-2019|Z1331|08-Jan-2019|F1990|08-Jan-2019|F109|08-Jan-2019|||||||||||||||||||||||||||||||||||0|0||4|450|M1069|3.0|2019-01-09T00:00:00|hospital_B|hospital_B_20190108
SYN_BENE_1746B01EB7FB|SYN_CLM_5E5F7234D6DE|V|60|08-Jan-2019|08-Jan-2019|11-Jan-2019||3|491581|1|1|1|| |1234.43|0.0| ||49|1063523132| |9999868992| |9999868992|||0|1| |1234.43|08-Jan-2019|1|1|A|10|0.0|246.88|0|4|0.0|0.0|0|0|0|0|0|0|0|0|0|0|0|0|0|||||08-Jan-2019|951.0|0|0||Z733|Z733|Y|Z608|Y|G309|Y|Z653|Y|N1830|Y|E1121|Y|E0922|N|E1129|Y|G43719|Y|E785|Y|E1022|N|E1121|Y|E781|Y|R931|Y|E119|Y|I259|Y|E8881|Y|E669|Y|R7303|Y|D649|Y|I10|Y|Z560|Y|Z9189|N|||||||| | | | | | | | | | | | | | | | | | | | | | |GZ3|08-Jan-2019|Z741|08-Jan-2019|F419|08-Jan-2019|Z9181|08-Jan-2019|Z1331|08-Jan-2019|Z1331|08-Jan-2019|F1990|08-Jan-2019|F109|08-Jan-2019|||||||||||||||||||||||||||||||||||0|0||5|450|G0444|3.0|2019-01-09T00:00:00|hospital_B|hospital_B_20190108
SYN_BENE_1746B01EB7FB|SYN_CLM_5E5F7234D6DE|V|60|08-Jan-2019|08-Jan-2019|11-Jan-2019||3|491581|1|1|1|| |1234.43|0.0| ||49|1063523132| |9999868992| |9999868992|||0|1| |1234.43|08-Jan-2019|1|1|A|10|0.0|246.88|0|4|0.0|0.0|0|0|0|0|0|0|0|0|0|0|0|0|0|||||08-Jan-2019|951.0|0|0||Z733|Z733|Y|Z608|Y|G309|Y|Z653|Y|N1830|Y|E1121|Y|E0922|N|E1129|Y|G43719|Y|E785|Y|E1022|N|E1121|Y|E781|Y|R931|Y|E119|Y|I259|Y|E8881|Y|E669|Y|R7303|Y|D649|Y|I10|Y|Z560|Y|Z9189|N|||||||| | | | | | | | | | | | | | | | | | | | | | |GZ3|08-Jan-2019|Z741|08-Jan-2019|F419|08-Jan-2019|Z9181|08-Jan-2019|Z1331|08-Jan-2019|Z1331|08-Jan-2019|F1990|08-Jan-2019|F109|08-Jan-2019|||||||||||||||||||||||||||||||||||0|0||6|450|G0444|3.0|2019-01-09T00:00:00|hospital_B|hospital_B_20190108
SYN_BENE_1746B01EB7FB|SYN_CLM_5E5F7234D6DE|V|60|08-Jan-2019|08-Jan-2019|11-Jan-2019||3|491581|1|1|1|| |1234.43|0.0| ||49|1063523132| |9999868992| |9999868992|||0|1| |1234.43|08-Jan-2019|1|1|A|10|0.0|246.88|0|4|0.0|0.0|0|0|0|0|0|0|0|0|0|0|0|0|0|||||08-Jan-2019|951.0|0|0||Z733|Z733|Y|Z608|Y|G309|Y|Z653|Y|N1830|Y|E1121|Y|E0922|N|E1129|Y|G43719|Y|E785|Y|E1022|N|E1121|Y|E781|Y|R931|Y|E119|Y|I259|Y|E8881|Y|E669|Y|R7303|Y|D649|Y|I10|Y|Z560|Y|Z9189|N|||||||| | | | | | | | | | | | | | | | | | | | | | |GZ3|08-Jan-2019|Z741|08-Jan-2019|F419|08-Jan-2019|Z9181|08-Jan-2019|Z1331|08-Jan-2019|Z1331|08-Jan-2019|F1990|08-Jan-2019|F109|08-Jan-2019|||||||||||||||||||||||||||||||||||0|0||7|450|99408|3.0|2019-01-09T00:00:00|hospital_B|hospital_B_20190108
SYN_BENE_1746B01EB7FB|SYN_CLM_5E5F7234D6DE|V|60|08-Jan-2019|08-Jan-2019|11-Jan-2019||3|491581|1|1|1|| |1234.43|0.0| ||49|1063523132| |9999868992| |9999868992|||0|1| |1234.43|08-Jan-2019|1|1|A|10|0.0|246.88|0|4|0.0|0.0|0|0|0|0|0|0|0|0|0|0|0|0|0|||||08-Jan-2019|951.0|0|0||Z733|Z733|Y|Z608|Y|G309|Y|Z653|Y|N1830|Y|E1121|Y|E0922|N|E1129|Y|G43719|Y|E785|Y|E1022|N|E1121|Y|E781|Y|R931|Y|E119|Y|I259|Y|E8881|Y|E669|Y|R7303|Y|D649|Y|I10|Y|Z560|Y|Z9189|N|||||||| | | | | | | | | | | | | | | | | | | | | | |GZ3|08-Jan-2019|Z741|08-Jan-2019|F419|08-Jan-2019|Z9181|08-Jan-2019|Z1331|08-Jan-2019|Z1331|08-Jan-2019|F1990|08-Jan-2019|F109|08-Jan-2019|||||||||||||||||||||||||||||||||||0|0||8|450|G0442|3.0|2019-01-09T00:00:00|hospital_B|hospital_B_20190108
SYN_BENE_CFE3DF2F18E6|SYN_CLM_EB3FAA80EA6B|V|60|08-Jan-2019|08-Jan-2019|11-Jan-2019||3|491581|1|1|1|| |1234.43|0.0| ||49|1063523132| |9999868992| |9999868992|||0|1| |1234.43|08-Jan-2019|1|1|A|10|0.0|246.88|0|4|0.0|0.0|0|0|0|0|0|0|0|0|0|0|0|0|0|||||08-Jan-2019|951.0|0|0||Z733|Z733|Y|Z608|Y|G309|Y|Z653|Y|N1830|Y|E1121|Y|E0922|N|E1129|Y|G43719|Y|E785|Y|E1022|N|E1121|Y|E781|Y|R931|Y|E119|Y|I259|Y|E8881|Y|E669|Y|R7303|Y|D649|Y|I10|Y|Z560|Y|Z9189|N|||||||| | | | | | | | | | | | | | | | | | | | | | |GZ3|08-Jan-2019|Z741|08-Jan-2019|F419|08-Jan-2019|Z9181|08-Jan-2019|Z1331|08-Jan-2019|Z1331|08-Jan-2019|F1990|08-Jan-2019|F109|08-Jan-2019|||||||||||||||||||||||||||||||||||0|0||1|450|99495|3.0|2019-01-09T00:00:00|hospital_B|hospital_B_20190108
SYN_BENE_CFE3DF2F18E6|SYN_CLM_EB3FAA80EA6B|V|60|08-Jan-2019|08-Jan-2019|11-Jan-2019||3|491581|1|1|1|| |1234.43|0.0| ||49|1063523132| |9999868992| |9999868992|||0|1| |1234.43|08-Jan-2019|1|1|A|10|0.0|246.88|0|4|0.0|0.0|0|0|0|0|0|0|0|0|0|0|0|0|0|||||08-Jan-2019|951.0|0|0||Z733|Z733|Y|Z608|Y|G309|Y|Z653|Y|N1830|Y|E1121|Y|E0922|N|E1129|Y|G43719|Y|E785|Y|E1022|N|E1121|Y|E781|Y|R931|Y|E119|Y|I259|Y|E8881|Y|E669|Y|R7303|Y|D649|Y|I10|Y|Z560|Y|Z9189|N|||||||| | | | | | | | | | | | | | | | | | | | | | |GZ3|08-Jan-2019|Z741|08-Jan-2019|F419|08-Jan-2019|Z9181|08-Jan-2019|Z1331|08-Jan-2019|Z1331|08-Jan-2019|F1990|08-Jan-2019|F109|08-Jan-2019|||||||||||||||||||||||||||||||||||0|0||2|450|96156|3.0|2019-01-09T00:00:00|hospital_B|hospital_B_20190108
SYN_BENE_CFE3DF2F18E6|SYN_CLM_EB3FAA80EA6B|V|60|08-Jan-2019|08-Jan-2019|11-Jan-2019||3|491581|1|1|1|| |1234.43|0.0| ||49|1063523132| |9999868992| |9999868992|||0|1| |1234.43|08-Jan-2019|1|1|A|10|0.0|246.88|0|4|0.0|0.0|0|0|0|0|0|0|0|0|0|0|0|0|0|||||08-Jan-2019|951.0|0|0||Z733|Z733|Y|Z608|Y|G309|Y|Z653|Y|N1830|Y|E1121|Y|E0922|N|E1129|Y|G43719|Y|E785|Y|E1022|N|E1121|Y|E781|Y|R931|Y|E119|Y|I259|Y|E8881|Y|E669|Y|R7303|Y|D649|Y|I10|Y|Z560|Y|Z9189|N|||||||| | | | | | | | | | | | | | | | | | | | | | |GZ3|08-Jan-2019|Z741|08-Jan-2019|F419|08-Jan-2019|Z9181|08-Jan-2019|Z1331|08-Jan-2019|Z1331|08-Jan-2019|F1990|08-Jan-2019|F109|08-Jan-2019|||||||||||||||||||||||||||||||||||0|0||3|450|96127|3.0|2019-01-09T00:00:00|hospital_B|hospital_B_20190108
SYN_BENE_CFE3DF2F18E6|SYN_CLM_EB3FAA80EA6B|V|60|08-Jan-2019|08-Jan-2019|11-Jan-2019||3|491581|1|1|1|| |1234.43|0.0| ||49|1063523132| |9999868992| |9999868992|||0|1| |1234.43|08-Jan-2019|1|1|A|10|0.0|246.88|0|4|0.0|0.0|0|0|0|0|0|0|0|0|0|0|0|0|0|||||08-Jan-2019|951.0|0|0||Z733|Z733|Y|Z608|Y|G309|Y|Z653|Y|N1830|Y|E1121|Y|E0922|N|E1129|Y|G43719|Y|E785|Y|E1022|N|E1121|Y|E781|Y|R931|Y|E119|Y|I259|Y|E8881|Y|E669|Y|R7303|Y|D649|Y|I10|Y|Z560|Y|Z9189|N|||||||| | | | | | | | | | | | | | | | | | | | | | |GZ3|08-Jan-2019|Z741|08-Jan-2019|F419|08-Jan-2019|Z9181|08-Jan-2019|Z1331|08-Jan-2019|Z1331|08-Jan-2019|F1990|08-Jan-2019|F109|08-Jan-2019|||||||||||||||||||||||||||||||||||0|0||4|450|M1069|3.0|2019-01-09T00:00:00|hospital_B|hospital_B_20190108
SYN_BENE_CFE3DF2F18E6|SYN_CLM_EB3FAA80EA6B|V|60|08-Jan-2019|08-Jan-2019|11-Jan-2019||3|491581|1|1|1|| |1234.43|0.0| ||49|1063523132| |9999868992| |9999868992|||0|1| |1234.43|08-Jan-2019|1|1|A|10|0.0|246.88|0|4|0.0|0.0|0|0|0|0|0|0|0|0|0|0|0|0|0|||||08-Jan-2019|951.0|0|0||Z733|Z733|Y|Z608|Y|G309|Y|Z653|Y|N1830|Y|E1121|Y|E0922|N|E1129|Y|G43719|Y|E785|Y|E1022|N|E1121|Y|E781|Y|R931|Y|E119|Y|I259|Y|E8881|Y|E669|Y|R7303|Y|D649|Y|I10|Y|Z560|Y|Z9189|N|||||||| | | | | | | | | | | | | | | | | | | | | | |GZ3|08-Jan-2019|Z741|08-Jan-2019|F419|08-Jan-2019|Z9181|08-Jan-2019|Z1331|08-Jan-2019|Z1331|08-Jan-2019|F1990|08-Jan-2019|F109|08-Jan-2019|||||||||||||||||||||||||||||||||||0|0||5|450|G0444|3.0|2019-01-09T00:00:00|hospital_B|hospital_B_20190108
SYN_BENE_CFE3DF2F18E6|SYN_CLM_EB3FAA80EA6B|V|60|08-Jan-2019|08-Jan-2019|11-Jan-2019||3|491581|1|1|1|| |1234.43|0.0| ||49|1063523132| |9999868992| |9999868992|||0|1| |1234.43|08-Jan-2019|1|1|A|10|0.0|246.88|0|4|0.0|0.0|0|0|0|0|0|0|0|0|0|0|0|0|0|||||08-Jan-2019|951.0|0|0||Z733|Z733|Y|Z608|Y|G309|Y|Z653|Y|N1830|Y|E1121|Y|E0922|N|E1129|Y|G43719|Y|E785|Y|E1022|N|E1121|Y|E781|Y|R931|Y|E119|Y|I259|Y|E8881|Y|E669|Y|R7303|Y|D649|Y|I10|Y|Z560|Y|Z9189|N|||||||| | | | | | | | | | | | | | | | | | | | | | |GZ3|08-Jan-2019|Z741|08-Jan-2019|F419|08-Jan-2019|Z9181|08-Jan-2019|Z1331|08-Jan-2019|Z1331|08-Jan-2019|F1990|08-Jan-2019|F109|08-Jan-2019|||||||||||||||||||||||||||||||||||0|0||6|450|G0444|3.0|2019-01-09T00:00:00|hospital_B|hospital_B_20190108
SYN_BENE_CFE3DF2F18E6|SYN_CLM_EB3FAA80EA6B|V|60|08-Jan-2019|08-Jan-2019|11-Jan-2019||3|491581|1|1|1|| |1234.43|0.0| ||49|1063523132| |9999868992| |9999868992|||0|1| |1234.43|08-Jan-2019|1|1|A|10|0.0|246.88|0|4|0.0|0.0|0|0|0|0|0|0|0|0|0|0|0|0|0|||||08-Jan-2019|951.0|0|0||Z733|Z733|Y|Z608|Y|G309|Y|Z653|Y|N1830|Y|E1121|Y|E0922|N|E1129|Y|G43719|Y|E785|Y|E1022|N|E1121|Y|E781|Y|R931|Y|E119|Y|I259|Y|E8881|Y|E669|Y|R7303|Y|D649|Y|I10|Y|Z560|Y|Z9189|N|||||||| | | | | | | | | | | | | | | | | | | | | | |GZ3|08-Jan-2019|Z741|08-Jan-2019|F419|08-Jan-2019|Z9181|08-Jan-2019|Z1331|08-Jan-2019|Z1331|08-Jan-2019|F1990|08-Jan-2019|F109|08-Jan-2019|||||||||||||||||||||||||||||||||||0|0||7|450|99408|3.0|2019-01-09T00:00:00|hospital_B|hospital_B_20190108
SYN_BENE_CFE3DF2F18E6|SYN_CLM_EB3FAA80EA6B|V|60|08-Jan-2019|08-Jan-2019|11-Jan-2019||3|491581|1|1|1|| |1234.43|0.0| ||49|1063523132| |9999868992| |9999868992|||0|1| |1234.43|08-Jan-2019|1|1|A|10|0.0|246.88|0|4|0.0|0.0|0|0|0|0|0|0|0|0|0|0|0|0|0|||||08-Jan-2019|951.0|0|0||Z733|Z733|Y|Z608|Y|G309|Y|Z653|Y|N1830|Y|E1121|Y|E0922|N|E1129|Y|G43719|Y|E785|Y|E1022|N|E1121|Y|E781|Y|R931|Y|E119|Y|I259|Y|E8881|Y|E669|Y|R7303|Y|D649|Y|I10|Y|Z560|Y|Z9189|N|||||||| | | | | | | | | | | | | | | | | | | | | | |GZ3|08-Jan-2019|Z741|08-Jan-2019|F419|08-Jan-2019|Z9181|08-Jan-2019|Z1331|08-Jan-2019|Z1331|08-Jan-2019|F1990|08-Jan-2019|F109|08-Jan-2019|||||||||||||||||||||||||||||||||||0|0||8|450|G0442|3.0|2019-01-09T00:00:00|hospital_B|hospital_B_20190108
SYN_BENE_CFB8C8888462|SYN_CLM_D53311E19FC8|V|60|08-Jan-2019|08-Jan-2019|11-Jan-2019||3|491581|1|1|1|| |1234.43|0.0| ||49|1063523132| |9999868992| |9999868992|||0|1| |1234.43|08-Jan-2019|1|1|A|10|0.0|246.88|0|4|0.0|0.0|0|0|0|0|0|0|0|0|0|0|0|0|0|||||08-Jan-2019|951.0|0|0||Z733|Z733|Y|Z608|Y|G309|Y|Z653|Y|N1830|Y|E1121|Y|E0922|N|E1129|Y|G43719|Y|E785|Y|E1022|N|E1121|Y|E781|Y|R931|Y|E119|Y|I259|Y|E8881|Y|E669|Y|R7303|Y|D649|Y|I10|Y|Z560|Y|Z9189|N|||||||| | | | | | | | | | | | | | | | | | | | | | |GZ3|08-Jan-2019|Z741|08-Jan-2019|F419|08-Jan-2019|Z9181|08-Jan-2019|Z1331|08-Jan-2019|Z1331|08-Jan-2019|F1990|08-Jan-2019|F109|08-Jan-2019|||||||||||||||||||||||||||||||||||0|0||1|450|99495|3.0|2019-01-09T00:00:00|hospital_B|hospital_B_20190108
SYN_BENE_CFB8C8888462|SYN_CLM_D53311E19FC8|V|60|08-Jan-2019|08-Jan-2019|11-Jan-2019||3|491581|1|1|1|| |1234.43|0.0| ||49|1063523132| |9999868992| |9999868992|||0|1| |1234.43|08-Jan-2019|1|1|A|10|0.0|246.88|0|4|0.0|0.0|0|0|0|0|0|0|0|0|0|0|0|0|0|||||08-Jan-2019|951.0|0|0||Z733|Z733|Y|Z608|Y|G309|Y|Z653|Y|N1830|Y|E1121|Y|E0922|N|E1129|Y|G43719|Y|E785|Y|E1022|N|E1121|Y|E781|Y|R931|Y|E119|Y|I259|Y|E8881|Y|E669|Y|R7303|Y|D649|Y|I10|Y|Z560|Y|Z9189|N|||||||| | | | | | | | | | | | | | | | | | | | | | |GZ3|08-Jan-2019|Z741|08-Jan-2019|F419|08-Jan-2019|Z9181|08-Jan-2019|Z1331|08-Jan-2019|Z1331|08-Jan-2019|F1990|08-Jan-2019|F109|08-Jan-2019|||||||||||||||||||||||||||||||||||0|0||2|450|96156|3.0|2019-01-09T00:00:00|hospital_B|hospital_B_20190108
SYN_BENE_CFB8C8888462|SYN_CLM_D53311E19FC8|V|60|08-Jan-2019|08-Jan-2019|11-Jan-2019||3|491581|1|1|1|| |1234.43|0.0| ||49|1063523132| |9999868992| |9999868992|||0|1| |1234.43|08-Jan-2019|1|1|A|10|0.0|246.88|0|4|0.0|0.0|0|0|0|0|0|0|0|0|0|0|0|0|0|||||08-Jan-2019|951.0|0|0||Z733|Z733|Y|Z608|Y|G309|Y|Z653|Y|N1830|Y|E1121|Y|E0922|N|E1129|Y|G43719|Y|E785|Y|E1022|N|E1121|Y|E781|Y|R931|Y|E119|Y|I259|Y|E8881|Y|E669|Y|R7303|Y|D649|Y|I10|Y|Z560|Y|Z9189|N|||||||| | | | | | | | | | | | | | | | | | | | | | |GZ3|08-Jan-2019|Z741|08-Jan-2019|F419|08-Jan-2019|Z9181|08-Jan-2019|Z1331|08-Jan-2019|Z1331|08-Jan-2019|F1990|08-Jan-2019|F109|08-Jan-2019|||||||||||||||||||||||||||||||||||0|0||3|450|96127|3.0|2019-01-09T00:00:00|hospital_B|hospital_B_20190108
SYN_BENE_CFB8C8888462|SYN_CLM_D53311E19FC8|V|60|08-Jan-2019|08-Jan-2019|11-Jan-2019||3|491581|1|1|1|| |1234.43|0.0| ||49|1063523132| |9999868992| |9999868992|||0|1| |1234.43|08-Jan-2019|1|1|A|10|0.0|246.88|0|4|0.0|0.0|0|0|0|0|0|0|0|0|0|0|0|0|0|||||08-Jan-2019|951.0|0|0||Z733|Z733|Y|Z608|Y|G309|Y|Z653|Y|N1830|Y|E1121|Y|E0922|N|E1129|Y|G43719|Y|E785|Y|E1022|N|E1121|Y|E781|Y|R931|Y|E119|Y|I259|Y|E8881|Y|E669|Y|R7303|Y|D649|Y|I10|Y|Z560|Y|Z9189|N|||||||| | | | | | | | | | | | | | | | | | | | | | |GZ3|08-Jan-2019|Z741|08-Jan-2019|F419|08-Jan-2019|Z9181|08-Jan-2019|Z1331|08-Jan-2019|Z1331|08-Jan-2019|F1990|08-Jan-2019|F109|08-Jan-2019|||||||||||||||||||||||||||||||||||0|0||4|450|M1069|3.0|2019-01-09T00:00:00|hospital_B|hospital_B_20190108
SYN_BENE_CFB8C8888462|SYN_CLM_D53311E19FC8|V|60|08-Jan-2019|08-Jan-2019|11-Jan-2019||3|491581|1|1|1|| |1234.43|0.0| ||49|1063523132| |9999868992| |9999868992|||0|1| |1234.43|08-Jan-2019|1|1|A|10|0.0|246.88|0|4|0.0|0.0|0|0|0|0|0|0|0|0|0|0|0|0|0|||||08-Jan-2019|951.0|0|0||Z733|Z733|Y|Z608|Y|G309|Y|Z653|Y|N1830|Y|E1121|Y|E0922|N|E1129|Y|G43719|Y|E785|Y|E1022|N|E1121|Y|E781|Y|R931|Y|E119|Y|I259|Y|E8881|Y|E669|Y|R7303|Y|D649|Y|I10|Y|Z560|Y|Z9189|N|||||||| | | | | | | | | | | | | | | | | | | | | | |GZ3|08-Jan-2019|Z741|08-Jan-2019|F419|08-Jan-2019|Z9181|08-Jan-2019|Z1331|08-Jan-2019|Z1331|08-Jan-2019|F1990|08-Jan-2019|F109|08-Jan-2019|||||||||||||||||||||||||||||||||||0|0||5|450|G0444|3.0|2019-01-09T00:00:00|hospital_B|hospital_B_20190108
SYN_BENE_CFB8C8888462|SYN_CLM_D53311E19FC8|V|60|08-Jan-2019|08-Jan-2019|11-Jan-2019||3|491581|1|1|1|| |1234.43|0.0| ||49|1063523132| |9999868992| |9999868992|||0|1| |1234.43|08-Jan-2019|1|1|A|10|0.0|246.88|0|4|0.0|0.0|0|0|0|0|0|0|0|0|0|0|0|0|0|||||08-Jan-2019|951.0|0|0||Z733|Z733|Y|Z608|Y|G309|Y|Z653|Y|N1830|Y|E1121|Y|E0922|N|E1129|Y|G43719|Y|E785|Y|E1022|N|E1121|Y|E781|Y|R931|Y|E119|Y|I259|Y|E8881|Y|E669|Y|R7303|Y|D649|Y|I10|Y|Z560|Y|Z9189|N|||||||| | | | | | | | | | | | | | | | | | | | | | |GZ3|08-Jan-2019|Z741|08-Jan-2019|F419|08-Jan-2019|Z9181|08-Jan-2019|Z1331|08-Jan-2019|Z1331|08-Jan-2019|F1990|08-Jan-2019|F109|08-Jan-2019|||||||||||||||||||||||||||||||||||0|0||6|450|G0444|3.0|2019-01-09T00:00:00|hospital_B|hospital_B_20190108
SYN_BENE_CFB8C8888462|SYN_CLM_D53311E19FC8|V|60|08-Jan-2019|08-Jan-2019|11-Jan-2019||3|491581|1|1|1|| |1234.43|0.0| ||49|1063523132| |9999868992| |9999868992|||0|1| |1234.43|08-Jan-2019|1|1|A|10|0.0|246.88|0|4|0.0|0.0|0|0|0|0|0|0|0|0|0|0|0|0|0|||||08-Jan-2019|951.0|0|0||Z733|Z733|Y|Z608|Y|G309|Y|Z653|Y|N1830|Y|E1121|Y|E0922|N|E1129|Y|G43719|Y|E785|Y|E1022|N|E1121|Y|E781|Y|R931|Y|E119|Y|I259|Y|E8881|Y|E669|Y|R7303|Y|D649|Y|I10|Y|Z560|Y|Z9189|N|||||||| | | | | | | | | | | | | | | | | | | | | | |GZ3|08-Jan-2019|Z741|08-Jan-2019|F419|08-Jan-2019|Z9181|08-Jan-2019|Z1331|08-Jan-2019|Z1331|08-Jan-2019|F1990|08-Jan-2019|F109|08-Jan-2019|||||||||||||||||||||||||||||||||||0|0||7|450|99408|3.0|2019-01-09T00:00:00|hospital_B|hospital_B_20190108
SYN_BENE_CFB8C8888462|SYN_CLM_D53311E19FC8|V|60|08-Jan-2019|08-Jan-2019|11-Jan-2019||3|491581|1|1|1|| |1234.43|0.0| ||49|1063523132| |9999868992| |9999868992|||0|1| |1234.43|08-Jan-2019|1|1|A|10|0.0|246.88|0|4|0.0|0.0|0|0|0|0|0|0|0|0|0|0|0|0|0|||||08-Jan-2019|951.0|0|0||Z733|Z733|Y|Z608|Y|G309|Y|Z653|Y|N1830|Y|E1121|Y|E0922|N|E1129|Y|G43719|Y|E785|Y|E1022|N|E1121|Y|E781|Y|R931|Y|E119|Y|I259|Y|E8881|Y|E669|Y|R7303|Y|D649|Y|I10|Y|Z560|Y|Z9189|N|||||||| | | | | | | | | | | | | | | | | | | | | | |GZ3|08-Jan-2019|Z741|08-Jan-2019|F419|08-Jan-2019|Z9181|08-Jan-2019|Z1331|08-Jan-2019|Z1331|08-Jan-2019|F1990|08-Jan-2019|F109|08-Jan-2019|||||||||||||||||||||||||||||||||||0|0||8|450|G0442|3.0|2019-01-09T00:00:00|hospital_B|hospital_B_20190108
SYN_BENE_FD65F74BCD27|SYN_CLM_7F11F96013DD|V|60|08-Jan-2019|08-Jan-2019|11-Jan-2019||3|491581|1|1|1|| |1234.43|0.0| ||49|1063523132| |9999868992| |9999868992|||0|1| |1234.43|08-Jan-2019|1|1|A|10|0.0|246.88|0|4|0.0|0.0|0|0|0|0|0|0|0|0|0|0|0|0|0|||||08-Jan-2019|951.0|0|0||Z733|Z733|Y|Z608|Y|G309|Y|Z653|Y|N1830|Y|E1121|Y|E0922|N|E1129|Y|G43719|Y|E785|Y|E1022|N|E1121|Y|E781|Y|R931|Y|E119|Y|I259|Y|E8881|Y|E669|Y|R7303|Y|D649|Y|I10|Y|Z560|Y|Z9189|N|||||||| | | | | | | | | | | | | | | | | | | | | | |GZ3|08-Jan-2019|Z741|08-Jan-2019|F419|08-Jan-2019|Z9181|08-Jan-2019|Z1331|08-Jan-2019|Z1331|08-Jan-2019|F1990|08-Jan-2019|F109|08-Jan-2019|||||||||||||||||||||||||||||||||||0|0||1|450|99495|3.0|2019-01-09T00:00:00|hospital_B|hospital_B_20190108
SYN_BENE_FD65F74BCD27|SYN_CLM_7F11F96013DD|V|60|08-Jan-2019|08-Jan-2019|11-Jan-2019||3|491581|1|1|1|| |1234.43|0.0| ||49|1063523132| |9999868992| |9999868992|||0|1| |1234.43|08-Jan-2019|1|1|A|10|0.0|246.88|0|4|0.0|0.0|0|0|0|0|0|0|0|0|0|0|0|0|0|||||08-Jan-2019|951.0|0|0||Z733|Z733|Y|Z608|Y|G309|Y|Z653|Y|N1830|Y|E1121|Y|E0922|N|E1129|Y|G43719|Y|E785|Y|E1022|N|E1121|Y|E781|Y|R931|Y|E119|Y|I259|Y|E8881|Y|E669|Y|R7303|Y|D649|Y|I10|Y|Z560|Y|Z9189|N|||||||| | | | | | | | | | | | | | | | | | | | | | |GZ3|08-Jan-2019|Z741|08-Jan-2019|F419|08-Jan-2019|Z9181|08-Jan-2019|Z1331|08-Jan-2019|Z1331|08-Jan-2019|F1990|08-Jan-2019|F109|08-Jan-2019|||||||||||||||||||||||||||||||||||0|0||2|450|96156|3.0|2019-01-09T00:00:00|hospital_B|hospital_B_20190108
SYN_BENE_FD65F74BCD27|SYN_CLM_7F11F96013DD|V|60|08-Jan-2019|08-Jan-2019|11-Jan-2019||3|491581|1|1|1|| |1234.43|0.0| ||49|1063523132| |9999868992| |9999868992|||0|1| |1234.43|08-Jan-2019|1|1|A|10|0.0|246.88|0|4|0.0|0.0|0|0|0|0|0|0|0|0|0|0|0|0|0|||||08-Jan-2019|951.0|0|0||Z733|Z733|Y|Z608|Y|G309|Y|Z653|Y|N1830|Y|E1121|Y|E0922|N|E1129|Y|G43719|Y|E785|Y|E1022|N|E1121|Y|E781|Y|R931|Y|E119|Y|I259|Y|E8881|Y|E669|Y|R7303|Y|D649|Y|I10|Y|Z560|Y|Z9189|N|||||||| | | | | | | | | | | | | | | | | | | | | | |GZ3|08-Jan-2019|Z741|08-Jan-2019|F419|08-Jan-2019|Z9181|08-Jan-2019|Z1331|08-Jan-2019|Z1331|08-Jan-2019|F1990|08-Jan-2019|F109|08-Jan-2019|||||||||||||||||||||||||||||||||||0|0||3|450|96127|3.0|2019-01-09T00:00:00|hospital_B|hospital_B_20190108
SYN_BENE_FD65F74BCD27|SYN_CLM_7F11F96013DD|V|60|08-Jan-2019|08-Jan-2019|11-Jan-2019||3|491581|1|1|1|| |1234.43|0.0| ||49|1063523132| |9999868992| |9999868992|||0|1| |1234.43|08-Jan-2019|1|1|A|10|0.0|246.88|0|4|0.0|0.0|0|0|0|0|0|0|0|0|0|0|0|0|0|||||08-Jan-2019|951.0|0|0||Z733|Z733|Y|Z608|Y|G309|Y|Z653|Y|N1830|Y|E1121|Y|E0922|N|E1129|Y|G43719|Y|E785|Y|E1022|N|E1121|Y|E781|Y|R931|Y|E119|Y|I259|Y|E8881|Y|E669|Y|R7303|Y|D649|Y|I10|Y|Z560|Y|Z9189|N|||||||| | | | | | | | | | | | | | | | | | | | | | |GZ3|08-Jan-2019|Z741|08-Jan-2019|F419|08-Jan-2019|Z9181|08-Jan-2019|Z1331|08-Jan-2019|Z1331|08-Jan-2019|F1990|08-Jan-2019|F109|08-Jan-2019|||||||||||||||||||||||||||||||||||0|0||4|450|M1069|3.0|2019-01-09T00:00:00|hospital_B|hospital_B_20190108
SYN_BENE_FD65F74BCD27|SYN_CLM_7F11F96013DD|V|60|08-Jan-2019|08-Jan-2019|11-Jan-2019||3|491581|1|1|1|| |1234.43|0.0| ||49|1063523132| |9999868992| |9999868992|||0|1| |1234.43|08-Jan-2019|1|1|A|10|0.0|246.88|0|4|0.0|0.0|0|0|0|0|0|0|0|0|0|0|0|0|0|||||08-Jan-2019|951.0|0|0||Z733|Z733|Y|Z608|Y|G309|Y|Z653|Y|N1830|Y|E1121|Y|E0922|N|E1129|Y|G43719|Y|E785|Y|E1022|N|E1121|Y|E781|Y|R931|Y|E119|Y|I259|Y|E8881|Y|E669|Y|R7303|Y|D649|Y|I10|Y|Z560|Y|Z9189|N|||||||| | | | | | | | | | | | | | | | | | | | | | |GZ3|08-Jan-2019|Z741|08-Jan-2019|F419|08-Jan-2019|Z9181|08-Jan-2019|Z1331|08-Jan-2019|Z1331|08-Jan-2019|F1990|08-Jan-2019|F109|08-Jan-2019|||||||||||||||||||||||||||||||||||0|0||5|450|G0444|3.0|2019-01-09T00:00:00|hospital_B|hospital_B_20190108
SYN_BENE_FD65F74BCD27|SYN_CLM_7F11F96013DD|V|60|08-Jan-2019|08-Jan-2019|11-Jan-2019||3|491581|1|1|1|| |1234.43|0.0| ||49|1063523132| |9999868992| |9999868992|||0|1| |1234.43|08-Jan-2019|1|1|A|10|0.0|246.88|0|4|0.0|0.0|0|0|0|0|0|0|0|0|0|0|0|0|0|||||08-Jan-2019|951.0|0|0||Z733|Z733|Y|Z608|Y|G309|Y|Z653|Y|N1830|Y|E1121|Y|E0922|N|E1129|Y|G43719|Y|E785|Y|E1022|N|E1121|Y|E781|Y|R931|Y|E119|Y|I259|Y|E8881|Y|E669|Y|R7303|Y|D649|Y|I10|Y|Z560|Y|Z9189|N|||||||| | | | | | | | | | | | | | | | | | | | | | |GZ3|08-Jan-2019|Z741|08-Jan-2019|F419|08-Jan-2019|Z9181|08-Jan-2019|Z1331|08-Jan-2019|Z1331|08-Jan-2019|F1990|08-Jan-2019|F109|08-Jan-2019|||||||||||||||||||||||||||||||||||0|0||6|450|G0444|3.0|2019-01-09T00:00:00|hospital_B|hospital_B_20190108
SYN_BENE_FD65F74BCD27|SYN_CLM_7F11F96013DD|V|60|08-Jan-2019|08-Jan-2019|11-Jan-2019||3|491581|1|1|1|| |1234.43|0.0| ||49|1063523132| |9999868992| |9999868992|||0|1| |1234.43|08-Jan-2019|1|1|A|10|0.0|246.88|0|4|0.0|0.0|0|0|0|0|0|0|0|0|0|0|0|0|0|||||08-Jan-2019|951.0|0|0||Z733|Z733|Y|Z608|Y|G309|Y|Z653|Y|N1830|Y|E1121|Y|E0922|N|E1129|Y|G43719|Y|E785|Y|E1022|N|E1121|Y|E781|Y|R931|Y|E119|Y|I259|Y|E8881|Y|E669|Y|R7303|Y|D649|Y|I10|Y|Z560|Y|Z9189|N|||||||| | | | | | | | | | | | | | | | | | | | | | |GZ3|08-Jan-2019|Z741|08-Jan-2019|F419|08-Jan-2019|Z9181|08-Jan-2019|Z1331|08-Jan-2019|Z1331|08-Jan-2019|F1990|08-Jan-2019|F109|08-Jan-2019|||||||||||||||||||||||||||||||||||0|0||7|450|99408|3.0|2019-01-09T00:00:00|hospital_B|hospital_B_20190108
SYN_BENE_FD65F74BCD27|SYN_CLM_7F11F96013DD|V|60|08-Jan-2019|08-Jan-2019|11-Jan-2019||3|491581|1|1|1|| |1234.43|0.0| ||49|1063523132| |9999868992| |9999868992|||0|1| |1234.43|08-Jan-2019|1|1|A|10|0.0|246.88|0|4|0.0|0.0|0|0|0|0|0|0|0|0|0|0|0|0|0|||||08-Jan-2019|951.0|0|0||Z733|Z733|Y|Z608|Y|G309|Y|Z653|Y|N1830|Y|E1121|Y|E0922|N|E1129|Y|G43719|Y|E785|Y|E1022|N|E1121|Y|E781|Y|R931|Y|E119|Y|I259|Y|E8881|Y|E669|Y|R7303|Y|D649|Y|I10|Y|Z560|Y|Z9189|N|||||||| | | | | | | | | | | | | | | | | | | | | | |GZ3|08-Jan-2019|Z741|08-Jan-2019|F419|08-Jan-2019|Z9181|08-Jan-2019|Z1331|08-Jan-2019|Z1331|08-Jan-2019|F1990|08-Jan-2019|F109|08-Jan-2019|||||||||||||||||||||||||||||||||||0|0||8|450|G0442|3.0|2019-01-09T00:00:00|hospital_B|hospital_B_20190108
SYN_BENE_4DD1C26257C1|SYN_CLM_1FB87F9D2065|V|60|08-Jan-2019|08-Jan-2019|11-Jan-2019||3|491581|1|1|1|| |1234.43|0.0| ||49|1063523132| |9999868992| |9999868992|||0|1| |1234.43|08-Jan-2019|1|1|A|10|0.0|246.88|0|4|0.0|0.0|0|0|0|0|0|0|0|0|0|0|0|0|0|||||08-Jan-2019|951.0|0|0||Z733|Z733|Y|Z608|Y|G309|Y|Z653|Y|N1830|Y|E1121|Y|E0922|N|E1129|Y|G43719|Y|E785|Y|E1022|N|E1121|Y|E781|Y|R931|Y|E119|Y|I259|Y|E8881|Y|E669|Y|R7303|Y|D649|Y|I10|Y|Z560|Y|Z9189|N|||||||| | | | | | | | | | | | | | | | | | | | | | |GZ3|08-Jan-2019|Z741|08-Jan-2019|F419|08-Jan-2019|Z9181|08-Jan-2019|Z1331|08-Jan-2019|Z1331|08-Jan-2019|F1990|08-Jan-2019|F109|08-Jan-2019|||||||||||||||||||||||||||||||||||0|0||1|450|99495|3.0|2019-01-09T00:00:00|hospital_B|hospital_B_20190108
SYN_BENE_4DD1C26257C1|SYN_CLM_1FB87F9D2065|V|60|08-Jan-2019|08-Jan-2019|11-Jan-2019||3|491581|1|1|1|| |1234.43|0.0| ||49|1063523132| |9999868992| |9999868992|||0|1| |1234.43|08-Jan-2019|1|1|A|10|0.0|246.88|0|4|0.0|0.0|0|0|0|0|0|0|0|0|0|0|0|0|0|||||08-Jan-2019|951.0|0|0||Z733|Z733|Y|Z608|Y|G309|Y|Z653|Y|N1830|Y|E1121|Y|E0922|N|E1129|Y|G43719|Y|E785|Y|E1022|N|E1121|Y|E781|Y|R931|Y|E119|Y|I259|Y|E8881|Y|E669|Y|R7303|Y|D649|Y|I10|Y|Z560|Y|Z9189|N|||||||| | | | | | | | | | | | | | | | | | | | | | |GZ3|08-Jan-2019|Z741|08-Jan-2019|F419|08-Jan-2019|Z9181|08-Jan-2019|Z1331|08-Jan-2019|Z1331|08-Jan-2019|F1990|08-Jan-2019|F109|08-Jan-2019|||||||||||||||||||||||||||||||||||0|0||2|450|96156|3.0|2019-01-09T00:00:00|hospital_B|hospital_B_20190108
SYN_BENE_4DD1C26257C1|SYN_CLM_1FB87F9D2065|V|60|08-Jan-2019|08-Jan-2019|11-Jan-2019||3|491581|1|1|1|| |1234.43|0.0| ||49|1063523132| |9999868992| |9999868992|||0|1| |1234.43|08-Jan-2019|1|1|A|10|0.0|246.88|0|4|0.0|0.0|0|0|0|0|0|0|0|0|0|0|0|0|0|||||08-Jan-2019|951.0|0|0||Z733|Z733|Y|Z608|Y|G309|Y|Z653|Y|N1830|Y|E1121|Y|E0922|N|E1129|Y|G43719|Y|E785|Y|E1022|N|E1121|Y|E781|Y|R931|Y|E119|Y|I259|Y|E8881|Y|E669|Y|R7303|Y|D649|Y|I10|Y|Z560|Y|Z9189|N|||||||| | | | | | | | | | | | | | | | | | | | | | |GZ3|08-Jan-2019|Z741|08-Jan-2019|F419|08-Jan-2019|Z9181|08-Jan-2019|Z1331|08-Jan-2019|Z1331|08-Jan-2019|F1990|08-Jan-2019|F109|08-Jan-2019|||||||||||||||||||||||||||||||||||0|0||3|450|96127|3.0|2019-01-09T00:00:00|hospital_B|hospital_B_20190108
SYN_BENE_4DD1C26257C1|SYN_CLM_1FB87F9D2065|V|60|08-Jan-2019|08-Jan-2019|11-Jan-2019||3|491581|1|1|1|| |1234.43|0.0| ||49|1063523132| |9999868992| |9999868992|||0|1| |1234.43|08-Jan-2019|1|1|A|10|0.0|246.88|0|4|0.0|0.0|0|0|0|0|0|0|0|0|0|0|0|0|0|||||08-Jan-2019|951.0|0|0||Z733|Z733|Y|Z608|Y|G309|Y|Z653|Y|N1830|Y|E1121|Y|E0922|N|E1129|Y|G43719|Y|E785|Y|E1022|N|E1121|Y|E781|Y|R931|Y|E119|Y|I259|Y|E8881|Y|E669|Y|R7303|Y|D649|Y|I10|Y|Z560|Y|Z9189|N|||||||| | | | | | | | | | | | | | | | | | | | | | |GZ3|08-Jan-2019|Z741|08-Jan-2019|F419|08-Jan-2019|Z9181|08-Jan-2019|Z1331|08-Jan-2019|Z1331|08-Jan-2019|F1990|08-Jan-2019|F109|08-Jan-2019|||||||||||||||||||||||||||||||||||0|0||4|450|M1069|3.0|2019-01-09T00:00:00|hospital_B|hospital_B_20190108
SYN_BENE_4DD1C26257C1|SYN_CLM_1FB87F9D2065|V|60|08-Jan-2019|08-Jan-2019|11-Jan-2019||3|491581|1|1|1|| |1234.43|0.0| ||49|1063523132| |9999868992| |9999868992|||0|1| |1234.43|08-Jan-2019|1|1|A|10|0.0|246.88|0|4|0.0|0.0|0|0|0|0|0|0|0|0|0|0|0|0|0|||||08-Jan-2019|951.0|0|0||Z733|Z733|Y|Z608|Y|G309|Y|Z653|Y|N1830|Y|E1121|Y|E0922|N|E1129|Y|G43719|Y|E785|Y|E1022|N|E1121|Y|E781|Y|R931|Y|E119|Y|I259|Y|E8881|Y|E669|Y|R7303|Y|D649|Y|I10|Y|Z560|Y|Z9189|N|||||||| | | | | | | | | | | | | | | | | | | | | | |GZ3|08-Jan-2019|Z741|08-Jan-2019|F419|08-Jan-2019|Z9181|08-Jan-2019|Z1331|08-Jan-2019|Z1331|08-Jan-2019|F1990|08-Jan-2019|F109|08-Jan-2019|||||||||||||||||||||||||||||||||||0|0||5|450|G0444|3.0|2019-01-09T00:00:00|hospital_B|hospital_B_20190108
SYN_BENE_4DD1C26257C1|SYN_CLM_1FB87F9D2065|V|60|08-Jan-2019|08-Jan-2019|11-Jan-2019||3|491581|1|1|1|| |1234.43|0.0| ||49|1063523132| |9999868992| |9999868992|||0|1| |1234.43|08-Jan-2019|1|1|A|10|0.0|246.88|0|4|0.0|0.0|0|0|0|0|0|0|0|0|0|0|0|0|0|||||08-Jan-2019|951.0|0|0||Z733|Z733|Y|Z608|Y|G309|Y|Z653|Y|N1830|Y|E1121|Y|E0922|N|E1129|Y|G43719|Y|E785|Y|E1022|N|E1121|Y|E781|Y|R931|Y|E119|Y|I259|Y|E8881|Y|E669|Y|R7303|Y|D649|Y|I10|Y|Z560|Y|Z9189|N|||||||| | | | | | | | | | | | | | | | | | | | | | |GZ3|08-Jan-2019|Z741|08-Jan-2019|F419|08-Jan-2019|Z9181|08-Jan-2019|Z1331|08-Jan-2019|Z1331|08-Jan-2019|F1990|08-Jan-2019|F109|08-Jan-2019|||||||||||||||||||||||||||||||||||0|0||6|450|G0444|3.0|2019-01-09T00:00:00|hospital_B|hospital_B_20190108
SYN_BENE_4DD1C26257C1|SYN_CLM_1FB87F9D2065|V|60|08-Jan-2019|08-Jan-2019|11-Jan-2019||3|491581|1|1|1|| |1234.43|0.0| ||49|1063523132| |9999868992| |9999868992|||0|1| |1234.43|08-Jan-2019|1|1|A|10|0.0|246.88|0|4|0.0|0.0|0|0|0|0|0|0|0|0|0|0|0|0|0|||||08-Jan-2019|951.0|0|0||Z733|Z733|Y|Z608|Y|G309|Y|Z653|Y|N1830|Y|E1121|Y|E0922|N|E1129|Y|G43719|Y|E785|Y|E1022|N|E1121|Y|E781|Y|R931|Y|E119|Y|I259|Y|E8881|Y|E669|Y|R7303|Y|D649|Y|I10|Y|Z560|Y|Z9189|N|||||||| | | | | | | | | | | | | | | | | | | | | | |GZ3|08-Jan-2019|Z741|08-Jan-2019|F419|08-Jan-2019|Z9181|08-Jan-2019|Z1331|08-Jan-2019|Z1331|08-Jan-2019|F1990|08-Jan-2019|F109|08-Jan-2019|||||||||||||||||||||||||||||||||||0|0||7|450|99408|3.0|2019-01-09T00:00:00|hospital_B|hospital_B_20190108
SYN_BENE_4DD1C26257C1|SYN_CLM_1FB87F9D2065|V|60|08-Jan-2019|08-Jan-2019|11-Jan-2019||3|491581|1|1|1|| |1234.43|0.0| ||49|1063523132| |9999868992| |9999868992|||0|1| |1234.43|08-Jan-2019|1|1|A|10|0.0|246.88|0|4|0.0|0.0|0|0|0|0|0|0|0|0|0|0|0|0|0|||||08-Jan-2019|951.0|0|0||Z733|Z733|Y|Z608|Y|G309|Y|Z653|Y|N1830|Y|E1121|Y|E0922|N|E1129|Y|G43719|Y|E785|Y|E1022|N|E1121|Y|E781|Y|R931|Y|E119|Y|I259|Y|E8881|Y|E669|Y|R7303|Y|D649|Y|I10|Y|Z560|Y|Z9189|N|||||||| | | | | | | | | | | | | | | | | | | | | | |GZ3|08-Jan-2019|Z741|08-Jan-2019|F419|08-Jan-2019|Z9181|08-Jan-2019|Z1331|08-Jan-2019|Z1331|08-Jan-2019|F1990|08-Jan-2019|F109|08-Jan-2019|||||||||||||||||||||||||||||||||||0|0||8|450|G0442|3.0|2019-01-09T00:00:00|hospital_B|hospital_B_20190108
SYN_BENE_97707CDD3E5F|SYN_CLM_863D0794860F|V|60|08-Jan-2019|08-Jan-2019|11-Jan-2019||3|491581|1|1|1|| |1234.43|0.0| ||49|1063523132| |9999868992| |9999868992|||0|1| |1234.43|08-Jan-2019|1|1|A|10|0.0|246.88|0|4|0.0|0.0|0|0|0|0|0|0|0|0|0|0|0|0|0|||||08-Jan-2019|951.0|0|0||Z733|Z733|Y|Z608|Y|G309|Y|Z653|Y|N1830|Y|E1121|Y|E0922|N|E1129|Y|G43719|Y|E785|Y|E1022|N|E1121|Y|E781|Y|R931|Y|E119|Y|I259|Y|E8881|Y|E669|Y|R7303|Y|D649|Y|I10|Y|Z560|Y|Z9189|N|||||||| | | | | | | | | | | | | | | | | | | | | | |GZ3|08-Jan-2019|Z741|08-Jan-2019|F419|08-Jan-2019|Z9181|08-Jan-2019|Z1331|08-Jan-2019|Z1331|08-Jan-2019|F1990|08-Jan-2019|F109|08-Jan-2019|||||||||||||||||||||||||||||||||||0|0||1|450|99495|3.0|2019-01-09T00:00:00|hospital_B|hospital_B_20190108
SYN_BENE_97707CDD3E5F|SYN_CLM_863D0794860F|V|60|08-Jan-2019|08-Jan-2019|11-Jan-2019||3|491581|1|1|1|| |1234.43|0.0| ||49|1063523132| |9999868992| |9999868992|||0|1| |1234.43|08-Jan-2019|1|1|A|10|0.0|246.88|0|4|0.0|0.0|0|0|0|0|0|0|0|0|0|0|0|0|0|||||08-Jan-2019|951.0|0|0||Z733|Z733|Y|Z608|Y|G309|Y|Z653|Y|N1830|Y|E1121|Y|E0922|N|E1129|Y|G43719|Y|E785|Y|E1022|N|E1121|Y|E781|Y|R931|Y|E119|Y|I259|Y|E8881|Y|E669|Y|R7303|Y|D649|Y|I10|Y|Z560|Y|Z9189|N|||||||| | | | | | | | | | | | | | | | | | | | | | |GZ3|08-Jan-2019|Z741|08-Jan-2019|F419|08-Jan-2019|Z9181|08-Jan-2019|Z1331|08-Jan-2019|Z1331|08-Jan-2019|F1990|08-Jan-2019|F109|08-Jan-2019|||||||||||||||||||||||||||||||||||0|0||2|450|96156|3.0|2019-01-09T00:00:00|hospital_B|hospital_B_20190108
SYN_BENE_97707CDD3E5F|SYN_CLM_863D0794860F|V|60|08-Jan-2019|08-Jan-2019|11-Jan-2019||3|491581|1|1|1|| |1234.43|0.0| ||49|1063523132| |9999868992| |9999868992|||0|1| |1234.43|08-Jan-2019|1|1|A|10|0.0|246.88|0|4|0.0|0.0|0|0|0|0|0|0|0|0|0|0|0|0|0|||||08-Jan-2019|951.0|0|0||Z733|Z733|Y|Z608|Y|G309|Y|Z653|Y|N1830|Y|E1121|Y|E0922|N|E1129|Y|G43719|Y|E785|Y|E1022|N|E1121|Y|E781|Y|R931|Y|E119|Y|I259|Y|E8881|Y|E669|Y|R7303|Y|D649|Y|I10|Y|Z560|Y|Z9189|N|||||||| | | | | | | | | | | | | | | | | | | | | | |GZ3|08-Jan-2019|Z741|08-Jan-2019|F419|08-Jan-2019|Z9181|08-Jan-2019|Z1331|08-Jan-2019|Z1331|08-Jan-2019|F1990|08-Jan-2019|F109|08-Jan-2019|||||||||||||||||||||||||||||||||||0|0||3|450|96127|3.0|2019-01-09T00:00:00|hospital_B|hospital_B_20190108
SYN_BENE_97707CDD3E5F|SYN_CLM_863D0794860F|V|60|08-Jan-2019|08-Jan-2019|11-Jan-2019||3|491581|1|1|1|| |1234.43|0.0| ||49|1063523132| |9999868992| |9999868992|||0|1| |1234.43|08-Jan-2019|1|1|A|10|0.0|246.88|0|4|0.0|0.0|0|0|0|0|0|0|0|0|0|0|0|0|0|||||08-Jan-2019|951.0|0|0||Z733|Z733|Y|Z608|Y|G309|Y|Z653|Y|N1830|Y|E1121|Y|E0922|N|E1129|Y|G43719|Y|E785|Y|E1022|N|E1121|Y|E781|Y|R931|Y|E119|Y|I259|Y|E8881|Y|E669|Y|R7303|Y|D649|Y|I10|Y|Z560|Y|Z9189|N|||||||| | | | | | | | | | | | | | | | | | | | | | |GZ3|08-Jan-2019|Z741|08-Jan-2019|F419|08-Jan-2019|Z9181|08-Jan-2019|Z1331|08-Jan-2019|Z1331|08-Jan-2019|F1990|08-Jan-2019|F109|08-Jan-2019|||||||||||||||||||||||||||||||||||0|0||4|450|M1069|3.0|2019-01-09T00:00:00|hospital_B|hospital_B_20190108
SYN_BENE_97707CDD3E5F|SYN_CLM_863D0794860F|V|60|08-Jan-2019|08-Jan-2019|11-Jan-2019||3|491581|1|1|1|| |1234.43|0.0| ||49|1063523132| |9999868992| |9999868992|||0|1| |1234.43|08-Jan-2019|1|1|A|10|0.0|246.88|0|4|0.0|0.0|0|0|0|0|0|0|0|0|0|0|0|0|0|||||08-Jan-2019|951.0|0|0||Z733|Z733|Y|Z608|Y|G309|Y|Z653|Y|N1830|Y|E1121|Y|E0922|N|E1129|Y|G43719|Y|E785|Y|E1022|N|E1121|Y|E781|Y|R931|Y|E119|Y|I259|Y|E8881|Y|E669|Y|R7303|Y|D649|Y|I10|Y|Z560|Y|Z9189|N|||||||| | | | | | | | | | | | | | | | | | | | | | |GZ3|08-Jan-2019|Z741|08-Jan-2019|F419|08-Jan-2019|Z9181|08-Jan-2019|Z1331|08-Jan-2019|Z1331|08-Jan-2019|F1990|08-Jan-2019|F109|08-Jan-2019|||||||||||||||||||||||||||||||||||0|0||5|450|G0444|3.0|2019-01-09T00:00:00|hospital_B|hospital_B_20190108
SYN_BENE_97707CDD3E5F|SYN_CLM_863D0794860F|V|60|08-Jan-2019|08-Jan-2019|11-Jan-2019||3|491581|1|1|1|| |1234.43|0.0| ||49|1063523132| |9999868992| |9999868992|||0|1| |1234.43|08-Jan-2019|1|1|A|10|0.0|246.88|0|4|0.0|0.0|0|0|0|0|0|0|0|0|0|0|0|0|0|||||08-Jan-2019|951.0|0|0||Z733|Z733|Y|Z608|Y|G309|Y|Z653|Y|N1830|Y|E1121|Y|E0922|N|E1129|Y|G43719|Y|E785|Y|E1022|N|E1121|Y|E781|Y|R931|Y|E119|Y|I259|Y|E8881|Y|E669|Y|R7303|Y|D649|Y|I10|Y|Z560|Y|Z9189|N|||||||| | | | | | | | | | | | | | | | | | | | | | |GZ3|08-Jan-2019|Z741|08-Jan-2019|F419|08-Jan-2019|Z9181|08-Jan-2019|Z1331|08-Jan-2019|Z1331|08-Jan-2019|F1990|08-Jan-2019|F109|08-Jan-2019|||||||||||||||||||||||||||||||||||0|0||6|450|G0444|3.0|2019-01-09T00:00:00|hospital_B|hospital_B_20190108
SYN_BENE_97707CDD3E5F|SYN_CLM_863D0794860F|V|60|08-Jan-2019|08-Jan-2019|11-Jan-2019||3|491581|1|1|1|| |1234.43|0.0| ||49|1063523132| |9999868992| |9999868992|||0|1| |1234.43|08-Jan-2019|1|1|A|10|0.0|246.88|0|4|0.0|0.0|0|0|0|0|0|0|0|0|0|0|0|0|0|||||08-Jan-2019|951.0|0|0||Z733|Z733|Y|Z608|Y|G309|Y|Z653|Y|N1830|Y|E1121|Y|E0922|N|E1129|Y|G43719|Y|E785|Y|E1022|N|E1121|Y|E781|Y|R931|Y|E119|Y|I259|Y|E8881|Y|E669|Y|R7303|Y|D649|Y|I10|Y|Z560|Y|Z9189|N|||||||| | | | | | | | | | | | | | | | | | | | | | |GZ3|08-Jan-2019|Z741|08-Jan-2019|F419|08-Jan-2019|Z9181|08-Jan-2019|Z1331|08-Jan-2019|Z1331|08-Jan-2019|F1990|08-Jan-2019|F109|08-Jan-2019|||||||||||||||||||||||||||||||||||0|0||7|450|99408|3.0|2019-01-09T00:00:00|hospital_B|hospital_B_20190108
SYN_BENE_97707CDD3E5F|SYN_CLM_863D0794860F|V|60|08-Jan-2019|08-Jan-2019|11-Jan-2019||3|491581|1|1|1|| |1234.43|0.0| ||49|1063523132| |9999868992| |9999868992|||0|1| |1234.43|08-Jan-2019|1|1|A|10|0.0|246.88|0|4|0.0|0.0|0|0|0|0|0|0|0|0|0|0|0|0|0|||||08-Jan-2019|951.0|0|0||Z733|Z733|Y|Z608|Y|G309|Y|Z653|Y|N1830|Y|E1121|Y|E0922|N|E1129|Y|G43719|Y|E785|Y|E1022|N|E1121|Y|E781|Y|R931|Y|E119|Y|I259|Y|E8881|Y|E669|Y|R7303|Y|D649|Y|I10|Y|Z560|Y|Z9189|N|||||||| | | | | | | | | | | | | | | | | | | | | | |GZ3|08-Jan-2019|Z741|08-Jan-2019|F419|08-Jan-2019|Z9181|08-Jan-2019|Z1331|08-Jan-2019|Z1331|08-Jan-2019|F1990|08-Jan-2019|F109|08-Jan-2019|||||||||||||||||||||||||||||||||||0|0||8|450|G0442|3.0|2019-01-09T00:00:00|hospital_B|hospital_B_20190108
SYN_BENE_DFF1A8FF4452|SYN_CLM_2621F23ADBEF|V|60|08-Jan-2019|08-Jan-2019|11-Jan-2019||3|491581|1|1|1|| |1234.43|0.0| ||49|1063523132| |9999868992| |9999868992|||0|1| |1234.43|08-Jan-2019|1|1|A|10|0.0|246.88|0|4|0.0|0.0|0|0|0|0|0|0|0|0|0|0|0|0|0|||||08-Jan-2019|951.0|0|0||Z733|Z733|Y|Z608|Y|G309|Y|Z653|Y|N1830|Y|E1121|Y|E0922|N|E1129|Y|G43719|Y|E785|Y|E1022|N|E1121|Y|E781|Y|R931|Y|E119|Y|I259|Y|E8881|Y|E669|Y|R7303|Y|D649|Y|I10|Y|Z560|Y|Z9189|N|||||||| | | | | | | | | | | | | | | | | | | | | | |GZ3|08-Jan-2019|Z741|08-Jan-2019|F419|08-Jan-2019|Z9181|08-Jan-2019|Z1331|08-Jan-2019|Z1331|08-Jan-2019|F1990|08-Jan-2019|F109|08-Jan-2019|||||||||||||||||||||||||||||||||||0|0||1|450|99495|3.0|2019-01-09T00:00:00|hospital_B|hospital_B_20190108
SYN_BENE_DFF1A8FF4452|SYN_CLM_2621F23ADBEF|V|60|08-Jan-2019|08-Jan-2019|11-Jan-2019||3|491581|1|1|1|| |1234.43|0.0| ||49|1063523132| |9999868992| |9999868992|||0|1| |1234.43|08-Jan-2019|1|1|A|10|0.0|246.88|0|4|0.0|0.0|0|0|0|0|0|0|0|0|0|0|0|0|0|||||08-Jan-2019|951.0|0|0||Z733|Z733|Y|Z608|Y|G309|Y|Z653|Y|N1830|Y|E1121|Y|E0922|N|E1129|Y|G43719|Y|E785|Y|E1022|N|E1121|Y|E781|Y|R931|Y|E119|Y|I259|Y|E8881|Y|E669|Y|R7303|Y|D649|Y|I10|Y|Z560|Y|Z9189|N|||||||| | | | | | | | | | | | | | | | | | | | | | |GZ3|08-Jan-2019|Z741|08-Jan-2019|F419|08-Jan-2019|Z9181|08-Jan-2019|Z1331|08-Jan-2019|Z1331|08-Jan-2019|F1990|08-Jan-2019|F109|08-Jan-2019|||||||||||||||||||||||||||||||||||0|0||2|450|96156|3.0|2019-01-09T00:00:00|hospital_B|hospital_B_20190108
SYN_BENE_DFF1A8FF4452|SYN_CLM_2621F23ADBEF|V|60|08-Jan-2019|08-Jan-2019|11-Jan-2019||3|491581|1|1|1|| |1234.43|0.0| ||49|1063523132| |9999868992| |9999868992|||0|1| |1234.43|08-Jan-2019|1|1|A|10|0.0|246.88|0|4|0.0|0.0|0|0|0|0|0|0|0|0|0|0|0|0|0|||||08-Jan-2019|951.0|0|0||Z733|Z733|Y|Z608|Y|G309|Y|Z653|Y|N1830|Y|E1121|Y|E0922|N|E1129|Y|G43719|Y|E785|Y|E1022|N|E1121|Y|E781|Y|R931|Y|E119|Y|I259|Y|E8881|Y|E669|Y|R7303|Y|D649|Y|I10|Y|Z560|Y|Z9189|N|||||||| | | | | | | | | | | | | | | | | | | | | | |GZ3|08-Jan-2019|Z741|08-Jan-2019|F419|08-Jan-2019|Z9181|08-Jan-2019|Z1331|08-Jan-2019|Z1331|08-Jan-2019|F1990|08-Jan-2019|F109|08-Jan-2019|||||||||||||||||||||||||||||||||||0|0||3|450|96127|3.0|2019-01-09T00:00:00|hospital_B|hospital_B_20190108
SYN_BENE_DFF1A8FF4452|SYN_CLM_2621F23ADBEF|V|60|08-Jan-2019|08-Jan-2019|11-Jan-2019||3|491581|1|1|1|| |1234.43|0.0| ||49|1063523132| |9999868992| |9999868992|||0|1| |1234.43|08-Jan-2019|1|1|A|10|0.0|246.88|0|4|0.0|0.0|0|0|0|0|0|0|0|0|0|0|0|0|0|||||08-Jan-2019|951.0|0|0||Z733|Z733|Y|Z608|Y|G309|Y|Z653|Y|N1830|Y|E1121|Y|E0922|N|E1129|Y|G43719|Y|E785|Y|E1022|N|E1121|Y|E781|Y|R931|Y|E119|Y|I259|Y|E8881|Y|E669|Y|R7303|Y|D649|Y|I10|Y|Z560|Y|Z9189|N|||||||| | | | | | | | | | | | | | | | | | | | | | |GZ3|08-Jan-2019|Z741|08-Jan-2019|F419|08-Jan-2019|Z9181|08-Jan-2019|Z1331|08-Jan-2019|Z1331|08-Jan-2019|F1990|08-Jan-2019|F109|08-Jan-2019|||||||||||||||||||||||||||||||||||0|0||4|450|M1069|3.0|2019-01-09T00:00:00|hospital_B|hospital_B_20190108
SYN_BENE_DFF1A8FF4452|SYN_CLM_2621F23ADBEF|V|60|08-Jan-2019|08-Jan-2019|11-Jan-2019||3|491581|1|1|1|| |1234.43|0.0| ||49|1063523132| |9999868992| |9999868992|||0|1| |1234.43|08-Jan-2019|1|1|A|10|0.0|246.88|0|4|0.0|0.0|0|0|0|0|0|0|0|0|0|0|0|0|0|||||08-Jan-2019|951.0|0|0||Z733|Z733|Y|Z608|Y|G309|Y|Z653|Y|N1830|Y|E1121|Y|E0922|N|E1129|Y|G43719|Y|E785|Y|E1022|N|E1121|Y|E781|Y|R931|Y|E119|Y|I259|Y|E8881|Y|E669|Y|R7303|Y|D649|Y|I10|Y|Z560|Y|Z9189|N|||||||| | | | | | | | | | | | | | | | | | | | | | |GZ3|08-Jan-2019|Z741|08-Jan-2019|F419|08-Jan-2019|Z9181|08-Jan-2019|Z1331|08-Jan-2019|Z1331|08-Jan-2019|F1990|08-Jan-2019|F109|08-Jan-2019|||||||||||||||||||||||||||||||||||0|0||5|450|G0444|3.0|2019-01-09T00:00:00|hospital_B|hospital_B_20190108
SYN_BENE_DFF1A8FF4452|SYN_CLM_2621F23ADBEF|V|60|08-Jan-2019|08-Jan-2019|11-Jan-2019||3|491581|1|1|1|| |1234.43|0.0| ||49|1063523132| |9999868992| |9999868992|||0|1| |1234.43|08-Jan-2019|1|1|A|10|0.0|246.88|0|4|0.0|0.0|0|0|0|0|0|0|0|0|0|0|0|0|0|||||08-Jan-2019|951.0|0|0||Z733|Z733|Y|Z608|Y|G309|Y|Z653|Y|N1830|Y|E1121|Y|E0922|N|E1129|Y|G43719|Y|E785|Y|E1022|N|E1121|Y|E781|Y|R931|Y|E119|Y|I259|Y|E8881|Y|E669|Y|R7303|Y|D649|Y|I10|Y|Z560|Y|Z9189|N|||||||| | | | | | | | | | | | | | | | | | | | | | |GZ3|08-Jan-2019|Z741|08-Jan-2019|F419|08-Jan-2019|Z9181|08-Jan-2019|Z1331|08-Jan-2019|Z1331|08-Jan-2019|F1990|08-Jan-2019|F109|08-Jan-2019|||||||||||||||||||||||||||||||||||0|0||6|450|G0444|3.0|2019-01-09T00:00:00|hospital_B|hospital_B_20190108
SYN_BENE_DFF1A8FF4452|SYN_CLM_2621F23ADBEF|V|60|08-Jan-2019|08-Jan-2019|11-Jan-2019||3|491581|1|1|1|| |1234.43|0.0| ||49|1063523132| |9999868992| |9999868992|||0|1| |1234.43|08-Jan-2019|1|1|A|10|0.0|246.88|0|4|0.0|0.0|0|0|0|0|0|0|0|0|0|0|0|0|0|||||08-Jan-2019|951.0|0|0||Z733|Z733|Y|Z608|Y|G309|Y|Z653|Y|N1830|Y|E1121|Y|E0922|N|E1129|Y|G43719|Y|E785|Y|E1022|N|E1121|Y|E781|Y|R931|Y|E119|Y|I259|Y|E8881|Y|E669|Y|R7303|Y|D649|Y|I10|Y|Z560|Y|Z9189|N|||||||| | | | | | | | | | | | | | | | | | | | | | |GZ3|08-Jan-2019|Z741|08-Jan-2019|F419|08-Jan-2019|Z9181|08-Jan-2019|Z1331|08-Jan-2019|Z1331|08-Jan-2019|F1990|08-Jan-2019|F109|08-Jan-2019|||||||||||||||||||||||||||||||||||0|0||7|450|99408|3.0|2019-01-09T00:00:00|hospital_B|hospital_B_20190108
SYN_BENE_DFF1A8FF4452|SYN_CLM_2621F23ADBEF|V|60|08-Jan-2019|08-Jan-2019|11-Jan-2019||3|491581|1|1|1|| |1234.43|0.0| ||49|1063523132| |9999868992| |9999868992|||0|1| |1234.43|08-Jan-2019|1|1|A|10|0.0|246.88|0|4|0.0|0.0|0|0|0|0|0|0|0|0|0|0|0|0|0|||||08-Jan-2019|951.0|0|0||Z733|Z733|Y|Z608|Y|G309|Y|Z653|Y|N1830|Y|E1121|Y|E0922|N|E1129|Y|G43719|Y|E785|Y|E1022|N|E1121|Y|E781|Y|R931|Y|E119|Y|I259|Y|E8881|Y|E669|Y|R7303|Y|D649|Y|I10|Y|Z560|Y|Z9189|N|||||||| | | | | | | | | | | | | | | | | | | | | | |GZ3|08-Jan-2019|Z741|08-Jan-2019|F419|08-Jan-2019|Z9181|08-Jan-2019|Z1331|08-Jan-2019|Z1331|08-Jan-2019|F1990|08-Jan-2019|F109|08-Jan-2019|||||||||||||||||||||||||||||||||||0|0||8|450|G0442|3.0|2019-01-09T00:00:00|hospital_B|hospital_B_20190108
SYN_BENE_A8F01A871F28|SYN_CLM_F012917559A6|V|60|08-Jan-2019|08-Jan-2019|11-Jan-2019||3|491581|1|1|1|| |1234.43|0.0| ||49|1063523132| |9999868992| |9999868992|||0|1| |1234.43|08-Jan-2019|1|1|A|10|0.0|246.88|0|4|0.0|0.0|0|0|0|0|0|0|0|0|0|0|0|0|0|||||08-Jan-2019|951.0|0|0||Z733|Z733|Y|Z608|Y|G309|Y|Z653|Y|N1830|Y|E1121|Y|E0922|N|E1129|Y|G43719|Y|E785|Y|E1022|N|E1121|Y|E781|Y|R931|Y|E119|Y|I259|Y|E8881|Y|E669|Y|R7303|Y|D649|Y|I10|Y|Z560|Y|Z9189|N|||||||| | | | | | | | | | | | | | | | | | | | | | |GZ3|08-Jan-2019|Z741|08-Jan-2019|F419|08-Jan-2019|Z9181|08-Jan-2019|Z1331|08-Jan-2019|Z1331|08-Jan-2019|F1990|08-Jan-2019|F109|08-Jan-2019|||||||||||||||||||||||||||||||||||0|0||1|450|99495|3.0|2019-01-09T00:00:00|hospital_B|hospital_B_20190108
SYN_BENE_A8F01A871F28|SYN_CLM_F012917559A6|V|60|08-Jan-2019|08-Jan-2019|11-Jan-2019||3|491581|1|1|1|| |1234.43|0.0| ||49|1063523132| |9999868992| |9999868992|||0|1| |1234.43|08-Jan-2019|1|1|A|10|0.0|246.88|0|4|0.0|0.0|0|0|0|0|0|0|0|0|0|0|0|0|0|||||08-Jan-2019|951.0|0|0||Z733|Z733|Y|Z608|Y|G309|Y|Z653|Y|N1830|Y|E1121|Y|E0922|N|E1129|Y|G43719|Y|E785|Y|E1022|N|E1121|Y|E781|Y|R931|Y|E119|Y|I259|Y|E8881|Y|E669|Y|R7303|Y|D649|Y|I10|Y|Z560|Y|Z9189|N|||||||| | | | | | | | | | | | | | | | | | | | | | |GZ3|08-Jan-2019|Z741|08-Jan-2019|F419|08-Jan-2019|Z9181|08-Jan-2019|Z1331|08-Jan-2019|Z1331|08-Jan-2019|F1990|08-Jan-2019|F109|08-Jan-2019|||||||||||||||||||||||||||||||||||0|0||2|450|96156|3.0|2019-01-09T00:00:00|hospital_B|hospital_B_20190108
SYN_BENE_A8F01A871F28|SYN_CLM_F012917559A6|V|60|08-Jan-2019|08-Jan-2019|11-Jan-2019||3|491581|1|1|1|| |1234.43|0.0| ||49|1063523132| |9999868992| |9999868992|||0|1| |1234.43|08-Jan-2019|1|1|A|10|0.0|246.88|0|4|0.0|0.0|0|0|0|0|0|0|0|0|0|0|0|0|0|||||08-Jan-2019|951.0|0|0||Z733|Z733|Y|Z608|Y|G309|Y|Z653|Y|N1830|Y|E1121|Y|E0922|N|E1129|Y|G43719|Y|E785|Y|E1022|N|E1121|Y|E781|Y|R931|Y|E119|Y|I259|Y|E8881|Y|E669|Y|R7303|Y|D649|Y|I10|Y|Z560|Y|Z9189|N|||||||| | | | | | | | | | | | | | | | | | | | | | |GZ3|08-Jan-2019|Z741|08-Jan-2019|F419|08-Jan-2019|Z9181|08-Jan-2019|Z1331|08-Jan-2019|Z1331|08-Jan-2019|F1990|08-Jan-2019|F109|08-Jan-2019|||||||||||||||||||||||||||||||||||0|0||3|450|96127|3.0|2019-01-09T00:00:00|hospital_B|hospital_B_20190108
SYN_BENE_A8F01A871F28|SYN_CLM_F012917559A6|V|60|08-Jan-2019|08-Jan-2019|11-Jan-2019||3|491581|1|1|1|| |1234.43|0.0| ||49|1063523132| |9999868992| |9999868992|||0|1| |1234.43|08-Jan-2019|1|1|A|10|0.0|246.88|0|4|0.0|0.0|0|0|0|0|0|0|0|0|0|0|0|0|0|||||08-Jan-2019|951.0|0|0||Z733|Z733|Y|Z608|Y|G309|Y|Z653|Y|N1830|Y|E1121|Y|E0922|N|E1129|Y|G43719|Y|E785|Y|E1022|N|E1121|Y|E781|Y|R931|Y|E119|Y|I259|Y|E8881|Y|E669|Y|R7303|Y|D649|Y|I10|Y|Z560|Y|Z9189|N|||||||| | | | | | | | | | | | | | | | | | | | | | |GZ3|08-Jan-2019|Z741|08-Jan-2019|F419|08-Jan-2019|Z9181|08-Jan-2019|Z1331|08-Jan-2019|Z1331|08-Jan-2019|F1990|08-Jan-2019|F109|08-Jan-2019|||||||||||||||||||||||||||||||||||0|0||4|450|M1069|3.0|2019-01-09T00:00:00|hospital_B|hospital_B_20190108
SYN_BENE_A8F01A871F28|SYN_CLM_F012917559A6|V|60|08-Jan-2019|08-Jan-2019|11-Jan-2019||3|491581|1|1|1|| |1234.43|0.0| ||49|1063523132| |9999868992| |9999868992|||0|1| |1234.43|08-Jan-2019|1|1|A|10|0.0|246.88|0|4|0.0|0.0|0|0|0|0|0|0|0|0|0|0|0|0|0|||||08-Jan-2019|951.0|0|0||Z733|Z733|Y|Z608|Y|G309|Y|Z653|Y|N1830|Y|E1121|Y|E0922|N|E1129|Y|G43719|Y|E785|Y|E1022|N|E1121|Y|E781|Y|R931|Y|E119|Y|I259|Y|E8881|Y|E669|Y|R7303|Y|D649|Y|I10|Y|Z560|Y|Z9189|N|||||||| | | | | | | | | | | | | | | | | | | | | | |GZ3|08-Jan-2019|Z741|08-Jan-2019|F419|08-Jan-2019|Z9181|08-Jan-2019|Z1331|08-Jan-2019|Z1331|08-Jan-2019|F1990|08-Jan-2019|F109|08-Jan-2019|||||||||||||||||||||||||||||||||||0|0||5|450|G0444|3.0|2019-01-09T00:00:00|hospital_B|hospital_B_20190108
SYN_BENE_A8F01A871F28|SYN_CLM_F012917559A6|V|60|08-Jan-2019|08-Jan-2019|11-Jan-2019||3|491581|1|1|1|| |1234.43|0.0| ||49|1063523132| |9999868992| |9999868992|||0|1| |1234.43|08-Jan-2019|1|1|A|10|0.0|246.88|0|4|0.0|0.0|0|0|0|0|0|0|0|0|0|0|0|0|0|||||08-Jan-2019|951.0|0|0||Z733|Z733|Y|Z608|Y|G309|Y|Z653|Y|N1830|Y|E1121|Y|E0922|N|E1129|Y|G43719|Y|E785|Y|E1022|N|E1121|Y|E781|Y|R931|Y|E119|Y|I259|Y|E8881|Y|E669|Y|R7303|Y|D649|Y|I10|Y|Z560|Y|Z9189|N|||||||| | | | | | | | | | | | | | | | | | | | | | |GZ3|08-Jan-2019|Z741|08-Jan-2019|F419|08-Jan-2019|Z9181|08-Jan-2019|Z1331|08-Jan-2019|Z1331|08-Jan-2019|F1990|08-Jan-2019|F109|08-Jan-2019|||||||||||||||||||||||||||||||||||0|0||6|450|G0444|3.0|2019-01-09T00:00:00|hospital_B|hospital_B_20190108
SYN_BENE_A8F01A871F28|SYN_CLM_F012917559A6|V|60|08-Jan-2019|08-Jan-2019|11-Jan-2019||3|491581|1|1|1|| |1234.43|0.0| ||49|1063523132| |9999868992| |9999868992|||0|1| |1234.43|08-Jan-2019|1|1|A|10|0.0|246.88|0|4|0.0|0.0|0|0|0|0|0|0|0|0|0|0|0|0|0|||||08-Jan-2019|951.0|0|0||Z733|Z733|Y|Z608|Y|G309|Y|Z653|Y|N1830|Y|E1121|Y|E0922|N|E1129|Y|G43719|Y|E785|Y|E1022|N|E1121|Y|E781|Y|R931|Y|E119|Y|I259|Y|E8881|Y|E669|Y|R7303|Y|D649|Y|I10|Y|Z560|Y|Z9189|N|||||||| | | | | | | | | | | | | | | | | | | | | | |GZ3|08-Jan-2019|Z741|08-Jan-2019|F419|08-Jan-2019|Z9181|08-Jan-2019|Z1331|08-Jan-2019|Z1331|08-Jan-2019|F1990|08-Jan-2019|F109|08-Jan-2019|||||||||||||||||||||||||||||||||||0|0||7|450|99408|3.0|2019-01-09T00:00:00|hospital_B|hospital_B_20190108
SYN_BENE_A8F01A871F28|SYN_CLM_F012917559A6|V|60|08-Jan-2019|08-Jan-2019|11-Jan-2019||3|491581|1|1|1|| |1234.43|0.0| ||49|1063523132| |9999868992| |9999868992|||0|1| |1234.43|08-Jan-2019|1|1|A|10|0.0|246.88|0|4|0.0|0.0|0|0|0|0|0|0|0|0|0|0|0|0|0|||||08-Jan-2019|951.0|0|0||Z733|Z733|Y|Z608|Y|G309|Y|Z653|Y|N1830|Y|E1121|Y|E0922|N|E1129|Y|G43719|Y|E785|Y|E1022|N|E1121|Y|E781|Y|R931|Y|E119|Y|I259|Y|E8881|Y|E669|Y|R7303|Y|D649|Y|I10|Y|Z560|Y|Z9189|N|||||||| | | | | | | | | | | | | | | | | | | | | | |GZ3|08-Jan-2019|Z741|08-Jan-2019|F419|08-Jan-2019|Z9181|08-Jan-2019|Z1331|08-Jan-2019|Z1331|08-Jan-2019|F1990|08-Jan-2019|F109|08-Jan-2019|||||||||||||||||||||||||||||||||||0|0||8|450|G0442|3.0|2019-01-09T00:00:00|hospital_B|hospital_B_20190108
SYN_BENE_CB8314F91A48|SYN_CLM_8C00353AA59E|V|60|08-Jan-2019|08-Jan-2019|11-Jan-2019||3|491581|1|1|1|| |1234.43|0.0| ||49|1063523132| |9999868992| |9999868992|||0|1| |1234.43|08-Jan-2019|1|1|A|10|0.0|246.88|0|4|0.0|0.0|0|0|0|0|0|0|0|0|0|0|0|0|0|||||08-Jan-2019|951.0|0|0||Z733|Z733|Y|Z608|Y|G309|Y|Z653|Y|N1830|Y|E1121|Y|E0922|N|E1129|Y|G43719|Y|E785|Y|E1022|N|E1121|Y|E781|Y|R931|Y|E119|Y|I259|Y|E8881|Y|E669|Y|R7303|Y|D649|Y|I10|Y|Z560|Y|Z9189|N|||||||| | | | | | | | | | | | | | | | | | | | | | |GZ3|08-Jan-2019|Z741|08-Jan-2019|F419|08-Jan-2019|Z9181|08-Jan-2019|Z1331|08-Jan-2019|Z1331|08-Jan-2019|F1990|08-Jan-2019|F109|08-Jan-2019|||||||||||||||||||||||||||||||||||0|0||1|450|99495|3.0|2019-01-09T00:00:00|hospital_B|hospital_B_20190108
SYN_BENE_CB8314F91A48|SYN_CLM_8C00353AA59E|V|60|08-Jan-2019|08-Jan-2019|11-Jan-2019||3|491581|1|1|1|| |1234.43|0.0| ||49|1063523132| |9999868992| |9999868992|||0|1| |1234.43|08-Jan-2019|1|1|A|10|0.0|246.88|0|4|0.0|0.0|0|0|0|0|0|0|0|0|0|0|0|0|0|||||08-Jan-2019|951.0|0|0||Z733|Z733|Y|Z608|Y|G309|Y|Z653|Y|N1830|Y|E1121|Y|E0922|N|E1129|Y|G43719|Y|E785|Y|E1022|N|E1121|Y|E781|Y|R931|Y|E119|Y|I259|Y|E8881|Y|E669|Y|R7303|Y|D649|Y|I10|Y|Z560|Y|Z9189|N|||||||| | | | | | | | | | | | | | | | | | | | | | |GZ3|08-Jan-2019|Z741|08-Jan-2019|F419|08-Jan-2019|Z9181|08-Jan-2019|Z1331|08-Jan-2019|Z1331|08-Jan-2019|F1990|08-Jan-2019|F109|08-Jan-2019|||||||||||||||||||||||||||||||||||0|0||2|450|96156|3.0|2019-01-09T00:00:00|hospital_B|hospital_B_20190108
SYN_BENE_CB8314F91A48|SYN_CLM_8C00353AA59E|V|60|08-Jan-2019|08-Jan-2019|11-Jan-2019||3|491581|1|1|1|| |1234.43|0.0| ||49|1063523132| |9999868992| |9999868992|||0|1| |1234.43|08-Jan-2019|1|1|A|10|0.0|246.88|0|4|0.0|0.0|0|0|0|0|0|0|0|0|0|0|0|0|0|||||08-Jan-2019|951.0|0|0||Z733|Z733|Y|Z608|Y|G309|Y|Z653|Y|N1830|Y|E1121|Y|E0922|N|E1129|Y|G43719|Y|E785|Y|E1022|N|E1121|Y|E781|Y|R931|Y|E119|Y|I259|Y|E8881|Y|E669|Y|R7303|Y|D649|Y|I10|Y|Z560|Y|Z9189|N|||||||| | | | | | | | | | | | | | | | | | | | | | |GZ3|08-Jan-2019|Z741|08-Jan-2019|F419|08-Jan-2019|Z9181|08-Jan-2019|Z1331|08-Jan-2019|Z1331|08-Jan-2019|F1990|08-Jan-2019|F109|08-Jan-2019|||||||||||||||||||||||||||||||||||0|0||3|450|96127|3.0|2019-01-09T00:00:00|hospital_B|hospital_B_20190108
SYN_BENE_CB8314F91A48|SYN_CLM_8C00353AA59E|V|60|08-Jan-2019|08-Jan-2019|11-Jan-2019||3|491581|1|1|1|| |1234.43|0.0| ||49|1063523132| |9999868992| |9999868992|||0|1| |1234.43|08-Jan-2019|1|1|A|10|0.0|246.88|0|4|0.0|0.0|0|0|0|0|0|0|0|0|0|0|0|0|0|||||08-Jan-2019|951.0|0|0||Z733|Z733|Y|Z608|Y|G309|Y|Z653|Y|N1830|Y|E1121|Y|E0922|N|E1129|Y|G43719|Y|E785|Y|E1022|N|E1121|Y|E781|Y|R931|Y|E119|Y|I259|Y|E8881|Y|E669|Y|R7303|Y|D649|Y|I10|Y|Z560|Y|Z9189|N|||||||| | | | | | | | | | | | | | | | | | | | | | |GZ3|08-Jan-2019|Z741|08-Jan-2019|F419|08-Jan-2019|Z9181|08-Jan-2019|Z1331|08-Jan-2019|Z1331|08-Jan-2019|F1990|08-Jan-2019|F109|08-Jan-2019|||||||||||||||||||||||||||||||||||0|0||4|450|M1069|3.0|2019-01-09T00:00:00|hospital_B|hospital_B_20190108
SYN_BENE_CB8314F91A48|SYN_CLM_8C00353AA59E|V|60|08-Jan-2019|08-Jan-2019|11-Jan-2019||3|491581|1|1|1|| |1234.43|0.0| ||49|1063523132| |9999868992| |9999868992|||0|1| |1234.43|08-Jan-2019|1|1|A|10|0.0|246.88|0|4|0.0|0.0|0|0|0|0|0|0|0|0|0|0|0|0|0|||||08-Jan-2019|951.0|0|0||Z733|Z733|Y|Z608|Y|G309|Y|Z653|Y|N1830|Y|E1121|Y|E0922|N|E1129|Y|G43719|Y|E785|Y|E1022|N|E1121|Y|E781|Y|R931|Y|E119|Y|I259|Y|E8881|Y|E669|Y|R7303|Y|D649|Y|I10|Y|Z560|Y|Z9189|N|||||||| | | | | | | | | | | | | | | | | | | | | | |GZ3|08-Jan-2019|Z741|08-Jan-2019|F419|08-Jan-2019|Z9181|08-Jan-2019|Z1331|08-Jan-2019|Z1331|08-Jan-2019|F1990|08-Jan-2019|F109|08-Jan-2019|||||||||||||||||||||||||||||||||||0|0||5|450|G0444|3.0|2019-01-09T00:00:00|hospital_B|hospital_B_20190108
SYN_BENE_CB8314F91A48|SYN_CLM_8C00353AA59E|V|60|08-Jan-2019|08-Jan-2019|11-Jan-2019||3|491581|1|1|1|| |1234.43|0.0| ||49|1063523132| |9999868992| |9999868992|||0|1| |1234.43|08-Jan-2019|1|1|A|10|0.0|246.88|0|4|0.0|0.0|0|0|0|0|0|0|0|0|0|0|0|0|0|||||08-Jan-2019|951.0|0|0||Z733|Z733|Y|Z608|Y|G309|Y|Z653|Y|N1830|Y|E1121|Y|E0922|N|E1129|Y|G43719|Y|E785|Y|E1022|N|E1121|Y|E781|Y|R931|Y|E119|Y|I259|Y|E8881|Y|E669|Y|R7303|Y|D649|Y|I10|Y|Z560|Y|Z9189|N|||||||| | | | | | | | | | | | | | | | | | | | | | |GZ3|08-Jan-2019|Z741|08-Jan-2019|F419|08-Jan-2019|Z9181|08-Jan-2019|Z1331|08-Jan-2019|Z1331|08-Jan-2019|F1990|08-Jan-2019|F109|08-Jan-2019|||||||||||||||||||||||||||||||||||0|0||6|450|G0444|3.0|2019-01-09T00:00:00|hospital_B|hospital_B_20190108
SYN_BENE_CB8314F91A48|SYN_CLM_8C00353AA59E|V|60|08-Jan-2019|08-Jan-2019|11-Jan-2019||3|491581|1|1|1|| |1234.43|0.0| ||49|1063523132| |9999868992| |9999868992|||0|1| |1234.43|08-Jan-2019|1|1|A|10|0.0|246.88|0|4|0.0|0.0|0|0|0|0|0|0|0|0|0|0|0|0|0|||||08-Jan-2019|951.0|0|0||Z733|Z733|Y|Z608|Y|G309|Y|Z653|Y|N1830|Y|E1121|Y|E0922|N|E1129|Y|G43719|Y|E785|Y|E1022|N|E1121|Y|E781|Y|R931|Y|E119|Y|I259|Y|E8881|Y|E669|Y|R7303|Y|D649|Y|I10|Y|Z560|Y|Z9189|N|||||||| | | | | | | | | | | | | | | | | | | | | | |GZ3|08-Jan-2019|Z741|08-Jan-2019|F419|08-Jan-2019|Z9181|08-Jan-2019|Z1331|08-Jan-2019|Z1331|08-Jan-2019|F1990|08-Jan-2019|F109|08-Jan-2019|||||||||||||||||||||||||||||||||||0|0||7|450|99408|3.0|2019-01-09T00:00:00|hospital_B|hospital_B_20190108
SYN_BENE_CB8314F91A48|SYN_CLM_8C00353AA59E|V|60|08-Jan-2019|08-Jan-2019|11-Jan-2019||3|491581|1|1|1|| |1234.43|0.0| ||49|1063523132| |9999868992| |9999868992|||0|1| |1234.43|08-Jan-2019|1|1|A|10|0.0|246.88|0|4|0.0|0.0|0|0|0|0|0|0|0|0|0|0|0|0|0|||||08-Jan-2019|951.0|0|0||Z733|Z733|Y|Z608|Y|G309|Y|Z653|Y|N1830|Y|E1121|Y|E0922|N|E1129|Y|G43719|Y|E785|Y|E1022|N|E1121|Y|E781|Y|R931|Y|E119|Y|I259|Y|E8881|Y|E669|Y|R7303|Y|D649|Y|I10|Y|Z560|Y|Z9189|N|||||||| | | | | | | | | | | | | | | | | | | | | | |GZ3|08-Jan-2019|Z741|08-Jan-2019|F419|08-Jan-2019|Z9181|08-Jan-2019|Z1331|08-Jan-2019|Z1331|08-Jan-2019|F1990|08-Jan-2019|F109|08-Jan-2019|||||||||||||||||||||||||||||||||||0|0||8|450|G0442|3.0|2019-01-09T00:00:00|hospital_B|hospital_B_20190108
