BENE_ID|CLM_ID|NCH_NEAR_LINE_REC_IDENT_CD|NCH_CLM_TYPE_CD|CLM_FROM_DT|CLM_THRU_DT|NCH_WKLY_PROC_DT|FI_CLM_PROC_DT|CLAIM_QUERY_CODE|PRVDR_NUM|CLM_FAC_TYPE_CD|CLM_SRVC_CLSFCTN_TYPE_CD|CLM_FREQ_CD|FI_NUM|CLM_MDCR_NON_PMT_RSN_CD|CLM_PMT_AMT|NCH_PRMRY_PYR_CLM_PD_AMT|NCH_PRMRY_PYR_CD|FI_CLM_ACTN_CD|PRVDR_STATE_CD|ORG_NPI_NUM|AT_PHYSN_UPIN|AT_PHYSN_NPI|OP_PHYSN_UPIN|OP_PHYSN_NPI|OT_PHYSN_UPIN|OT_PHYSN_NPI|CLM_MCO_PD_SW|PTNT_DSCHRG_STUS_CD|CLM_PPS_IND_CD|CLM_TOT_CHRG_AMT|CLM_ADMSN_DT|CLM_IP_ADMSN_TYPE_CD|CLM_SRC_IP_ADMSN_CD|NCH_PTNT_STATUS_IND_CD|CLM_PASS_THRU_PER_DIEM_AMT|NCH_BENE_IP_DDCTBL_AMT|NCH_BENE_PTA_COINSRNC_LBLTY_AM|NCH_BENE_BLOOD_DDCTBL_LBLTY_AM|NCH_PROFNL_CMPNT_CHRG_AMT|NCH_IP_NCVRD_CHRG_AMT|NCH_IP_TOT_DDCTN_AMT|CLM_TOT_PPS_CPTL_AMT|CLM_PPS_CPTL_FSP_AMT|CLM_PPS_CPTL_OUTLIER_AMT|CLM_PPS_CPTL_DSPRPRTNT_SHR_AMT|CLM_PPS_CPTL_IME_AMT|CLM_PPS_CPTL_EXCPTN_AMT|CLM_PPS_OLD_CPTL_HLD_HRMLS_AMT|CLM_PPS_CPTL_DRG_WT_NUM|CLM_UTLZTN_DAY_CNT|BENE_TOT_COINSRNC_DAYS_CNT|BENE_LRD_USED_CNT|CLM_NON_UTLZTN_DAYS_CNT|NCH_BLOOD_PNTS_FRNSHD_QTY|NCH_VRFD_NCVRD_STAY_FROM_DT|NCH_VRFD_NCVRD_STAY_THRU_DT|NCH_ACTV_OR_CVRD_LVL_CARE_THRU|NCH_BENE_MDCR_BNFTS_EXHTD_DT_I|NCH_BENE_DSCHRG_DT|CLM_DRG_CD|CLM_DRG_OUTLIER_STAY_CD|NCH_DRG_OUTLIER_APRVD_PMT_AMT|ADMTG_DGNS_CD|PRNCPAL_DGNS_CD|ICD_DGNS_CD1|CLM_POA_IND_SW1|ICD_DGNS_CD2|CLM_POA_IND_SW2|ICD_DGNS_CD3|CLM_POA_IND_SW3|ICD_DGNS_CD4|CLM_POA_IND_SW4|ICD_DGNS_CD5|CLM_POA_IND_SW5|ICD_DGNS_CD6|CLM_POA_IND_SW6|ICD_DGNS_CD7|CLM_POA_IND_SW7|ICD_DGNS_CD8|CLM_POA_IND_SW8|ICD_DGNS_CD9|CLM_POA_IND_SW9|ICD_DGNS_CD10|CLM_POA_IND_SW10|ICD_DGNS_CD11|CLM_POA_IND_SW11|ICD_DGNS_CD12|CLM_POA_IND_SW12|ICD_DGNS_CD13|CLM_POA_IND_SW13|ICD_DGNS_CD14|CLM_POA_IND_SW14|ICD_DGNS_CD15|CLM_POA_IND_SW15|ICD_DGNS_CD16|CLM_POA_IND_SW16|ICD_DGNS_CD17|CLM_POA_IND_SW17|ICD_DGNS_CD18|CLM_POA_IND_SW18|ICD_DGNS_CD19|CLM_POA_IND_SW19|ICD_DGNS_CD20|CLM_POA_IND_SW20|ICD_DGNS_CD21|CLM_POA_IND_SW21|ICD_DGNS_CD22|CLM_POA_IND_SW22|ICD_DGNS_CD23|CLM_POA_IND_SW23|ICD_DGNS_CD24|CLM_POA_IND_SW24|ICD_DGNS_CD25|CLM_POA_IND_SW25|FST_DGNS_E_CD|ICD_DGNS_E_CD1|CLM_E_POA_IND_SW1|ICD_DGNS_E_CD2|CLM_E_POA_IND_SW2|ICD_DGNS_E_CD3|CLM_E_POA_IND_SW3|ICD_DGNS_E_CD4|CLM_E_POA_IND_SW4|ICD_DGNS_E_CD5|CLM_E_POA_IND_SW5|ICD_DGNS_E_CD6|CLM_E_POA_IND_SW6|ICD_DGNS_E_CD7|CLM_E_POA_IND_SW7|ICD_DGNS_E_CD8|CLM_E_POA_IND_SW8|ICD_DGNS_E_CD9|CLM_E_POA_IND_SW9|ICD_DGNS_E_CD10|CLM_E_POA_IND_SW10|ICD_DGNS_E_CD11|CLM_E_POA_IND_SW11|ICD_DGNS_E_CD12|CLM_E_POA_IND_SW12|ICD_PRCDR_CD1|PRCDR_DT1|ICD_PRCDR_CD2|PRCDR_DT2|ICD_PRCDR_CD3|PRCDR_DT3|ICD_PRCDR_CD4|PRCDR_DT4|ICD_PRCDR_CD5|PRCDR_DT5|ICD_PRCDR_CD6|PRCDR_DT6|ICD_PRCDR_CD7|PRCDR_DT7|ICD_PRCDR_CD8|PRCDR_DT8|ICD_PRCDR_CD9|PRCDR_DT9|ICD_PRCDR_CD10|PRCDR_DT10|ICD_PRCDR_CD11|PRCDR_DT11|ICD_PRCDR_CD12|PRCDR_DT12|ICD_PRCDR_CD13|PRCDR_DT13|ICD_PRCDR_CD14|PRCDR_DT14|ICD_PRCDR_CD15|PRCDR_DT15|ICD_PRCDR_CD16|PRCDR_DT16|ICD_PRCDR_CD17|PRCDR_DT17|ICD_PRCDR_CD18|PRCDR_DT18|ICD_PRCDR_CD19|PRCDR_DT19|ICD_PRCDR_CD20|PRCDR_DT20|ICD_PRCDR_CD21|PRCDR_DT21|ICD_PRCDR_CD22|PRCDR_DT22|ICD_PRCDR_CD23|PRCDR_DT23|ICD_PRCDR_CD24|PRCDR_DT24|ICD_PRCDR_CD25|PRCDR_DT25|IME_OP_CLM_VAL_AMT|DSH_OP_CLM_VAL_AMT|CLM_UNCOMPD_CARE_PMT_AMT|CLM_LINE_NUM|REV_CNTR|HCPCS_CD|REV_CNTR_DDCTBL_COINSRNC_CD|ingestion_timestamp|hospital_id|batch_id
-10000010282387|-10000931260649|V|60|23-Nov-2021|23-Nov-2021|26-Nov-2021||3|491581|1|1|1|| |950.31|0.0| ||49|1063523132| |9999868992| |9999868992|||0|1| |950.31|23-Nov-2021|1|4|A|10|0.0|190.06|0|4|0.0|0.0|0|0|0|0|0|0|0|0|0|0|0|0|0|||||23-Nov-2021|951.0|0|0||Z608|Z608|Y|Z733|Y|G309|Y|Z653|Y|N1830|Y|R809|Y|E1122|N|R809|Y|G43719|Y|E785|Y|I1310|N|E1121|Y|E781|Y|R931|Y|E119|Y|I259|Y|E8881|Y|E669|Y|R7303|Y|D649|Y|P292|Y|Z560|Y|Z7289|Y|||||W86|W86|Y| | | | | | | | | | | | | | | | | | | | | | |Z741|23-Nov-2021|Z1331|23-Nov-2021|Z1331|23-Nov-2021|F1990|23-Nov-2021|Z715|23-Nov-2021|||||||||||||||||||||||||||||||||||||||||0|0||1|450|96156|3.0|2021-11-24T00:00:00|hospital_B|hospital_B_20211123
-10000010282387|-10000931260649|V|60|23-Nov-2021|23-Nov-2021|26-Nov-2021||3|491581|1|1|1|| |950.31|0.0| ||49|1063523132| |9999868992| |9999868992|||0|1| |950.31|23-Nov-2021|1|4|A|10|0.0|190.06|0|4|0.0|0.0|0|0|0|0|0|0|0|0|0|0|0|0|0|||||23-Nov-2021|951.0|0|0||Z608|Z608|Y|Z733|Y|G309|Y|Z653|Y|N1830|Y|R809|Y|E1122|N|R809|Y|G43719|Y|E785|Y|I1310|N|E1121|Y|E781|Y|R931|Y|E119|Y|I259|Y|E8881|Y|E669|Y|R7303|Y|D649|Y|P292|Y|Z560|Y|Z7289|Y|||||W86|W86|Y| | | | | | | | | | | | | | | | | | | | | | |Z741|23-Nov-2021|Z1331|23-Nov-2021|Z1331|23-Nov-2021|F1990|23-Nov-2021|Z715|23-Nov-2021|||||||||||||||||||||||||||||||||||||||||0|0||2|450|G0444|3.0|2021-11-24T00:00:00|hospital_B|hospital_B_20211123
-10000010282387|-10000931260649|V|60|23-Nov-2021|23-Nov-2021|26-Nov-2021||3|491581|1|1|1|| |950.31|0.0| ||49|1063523132| |9999868992| |9999868992|||0|1| |950.31|23-Nov-2021|1|4|A|10|0.0|190.06|0|4|0.0|0.0|0|0|0|0|0|0|0|0|0|0|0|0|0|||||23-Nov-2021|951.0|0|0||Z608|Z608|Y|Z733|Y|G309|Y|Z653|Y|N1830|Y|R809|Y|E1122|N|R809|Y|G43719|Y|E785|Y|I1310|N|E1121|Y|E781|Y|R931|Y|E119|Y|I259|Y|E8881|Y|E669|Y|R7303|Y|D649|Y|P292|Y|Z560|Y|Z7289|Y|||||W86|W86|Y| | | | | | | | | | | | | | | | | | | | | | |Z741|23-Nov-2021|Z1331|23-Nov-2021|Z1331|23-Nov-2021|F1990|23-Nov-2021|Z715|23-Nov-2021|||||||||||||||||||||||||||||||||||||||||0|0||3|450|G0444|3.0|2021-11-24T00:00:00|hospital_B|hospital_B_20211123
-10000010282387|-10000931260649|V|60|23-Nov-2021|23-Nov-2021|26-Nov-2021||3|491581|1|1|1|| |950.31|0.0| ||49|1063523132| |9999868992| |9999868992|||0|1| |950.31|23-Nov-2021|1|4|A|10|0.0|190.06|0|4|0.0|0.0|0|0|0|0|0|0|0|0|0|0|0|0|0|||||23-Nov-2021|951.0|0|0||Z608|Z608|Y|Z733|Y|G309|Y|Z653|Y|N1830|Y|R809|Y|E1122|N|R809|Y|G43719|Y|E785|Y|I1310|N|E1121|Y|E781|Y|R931|Y|E119|Y|I259|Y|E8881|Y|E669|Y|R7303|Y|D649|Y|P292|Y|Z560|Y|Z7289|Y|||||W86|W86|Y| | | | | | | | | | | | | | | | | | | | | | |Z741|23-Nov-2021|Z1331|23-Nov-2021|Z1331|23-Nov-2021|F1990|23-Nov-2021|Z715|23-Nov-2021|||||||||||||||||||||||||||||||||||||||||0|0||4|450|99408|3.0|2021-11-24T00:00:00|hospital_B|hospital_B_20211123
-10000010282387|-10000931260649|V|60|23-Nov-2021|23-Nov-2021|26-Nov-2021||3|491581|1|1|1|| |950.31|0.0| ||49|1063523132| |9999868992| |9999868992|||0|1| |950.31|23-Nov-2021|1|4|A|10|0.0|190.06|0|4|0.0|0.0|0|0|0|0|0|0|0|0|0|0|0|0|0|||||23-Nov-2021|951.0|0|0||Z608|Z608|Y|Z733|Y|G309|Y|Z653|Y|N1830|Y|R809|Y|E1122|N|R809|Y|G43719|Y|E785|Y|I1310|N|E1121|Y|E781|Y|R931|Y|E119|Y|I259|Y|E8881|Y|E669|Y|R7303|Y|D649|Y|P292|Y|Z560|Y|Z7289|Y|||||W86|W86|Y| | | | | | | | | | | | | | | | | | | | | | |Z741|23-Nov-2021|Z1331|23-Nov-2021|Z1331|23-Nov-2021|F1990|23-Nov-2021|Z715|23-Nov-2021|||||||||||||||||||||||||||||||||||||||||0|0||5|450|99408|3.0|2021-11-24T00:00:00|hospital_B|hospital_B_20211123
SYN_BENE_8F158F38764C|SYN_CLM_2716A0C5AD27|V|60|23-Nov-2021|23-Nov-2021|26-Nov-2021||3|491581|1|1|1|| |950.31|0.0| ||49|1063523132| |9999868992| |9999868992|||0|1| |950.31|23-Nov-2021|1|4|A|10|0.0|190.06|0|4|0.0|0.0|0|0|0|0|0|0|0|0|0|0|0|0|0|||||23-Nov-2021|951.0|0|0||Z608|Z608|Y|Z733|Y|G309|Y|Z653|Y|N1830|Y|R809|Y|E1122|N|R809|Y|G43719|Y|E785|Y|I1310|N|E1121|Y|E781|Y|R931|Y|E119|Y|I259|Y|E8881|Y|E669|Y|R7303|Y|D649|Y|P292|Y|Z560|Y|Z7289|Y|||||W86|W86|Y| | | | | | | | | | | | | | | | | | | | | | |Z741|23-Nov-2021|Z1331|23-Nov-2021|Z1331|23-Nov-2021|F1990|23-Nov-2021|Z715|23-Nov-2021|||||||||||||||||||||||||||||||||||||||||0|0||1|450|96156|3.0|2021-11-24T00:00:00|hospital_B|hospital_B_20211123
SYN_BENE_8F158F38764C|SYN_CLM_2716A0C5AD27|V|60|23-Nov-2021|23-Nov-2021|26-Nov-2021||3|491581|1|1|1|| |950.31|0.0| ||49|1063523132| |9999868992| |9999868992|||0|1| |950.31|23-Nov-2021|1|4|A|10|0.0|190.06|0|4|0.0|0.0|0|0|0|0|0|0|0|0|0|0|0|0|0|||||23-Nov-2021|951.0|0|0||Z608|Z608|Y|Z733|Y|G309|Y|Z653|Y|N1830|Y|R809|Y|E1122|N|R809|Y|G43719|Y|E785|Y|I1310|N|E1121|Y|E781|Y|R931|Y|E119|Y|I259|Y|E8881|Y|E669|Y|R7303|Y|D649|Y|P292|Y|Z560|Y|Z7289|Y|||||W86|W86|Y| | | | | | | | | | | | | | | | | | | | | | |Z741|23-Nov-2021|Z1331|23-Nov-2021|Z1331|23-Nov-2021|F1990|23-Nov-2021|Z715|23-Nov-2021|||||||||||||||||||||||||||||||||||||||||0|0||2|450|G0444|3.0|2021-11-24T00:00:00|hospital_B|hospital_B_20211123
SYN_BENE_8F158F38764C|SYN_CLM_2716A0C5AD27|V|60|23-Nov-2021|23-Nov-2021|26-Nov-2021||3|491581|1|1|1|| |950.31|0.0| ||49|1063523132| |9999868992| |9999868992|||0|1| |950.31|23-Nov-2021|1|4|A|10|0.0|190.06|0|4|0.0|0.0|0|0|0|0|0|0|0|0|0|0|0|0|0|||||23-Nov-2021|951.0|0|0||Z608|Z608|Y|Z733|Y|G309|Y|Z653|Y|N1830|Y|R809|Y|E1122|N|R809|Y|G43719|Y|E785|Y|I1310|N|E1121|Y|E781|Y|R931|Y|E119|Y|I259|Y|E8881|Y|E669|Y|R7303|Y|D649|Y|P292|Y|Z560|Y|Z7289|Y|||||W86|W86|Y| | | | | | | | | | | | | | | | | | | | | | |Z741|23-Nov-2021|Z1331|23-Nov-2021|Z1331|23-Nov-2021|F1990|23-Nov-2021|Z715|23-Nov-2021|||||||||||||||||||||||||||||||||||||||||0|0||3|450|G0444|3.0|2021-11-24T00:00:00|hospital_B|hospital_B_20211123
SYN_BENE_8F158F38764C|SYN_CLM_2716A0C5AD27|V|60|23-Nov-2021|23-Nov-2021|26-Nov-2021||3|491581|1|1|1|| |950.31|0.0| ||49|1063523132| |9999868992| |9999868992|||0|1| |950.31|23-Nov-2021|1|4|A|10|0.0|190.06|0|4|0.0|0.0|0|0|0|0|0|0|0|0|0|0|0|0|0|||||23-Nov-2021|951.0|0|0||Z608|Z608|Y|Z733|Y|G309|Y|Z653|Y|N1830|Y|R809|Y|E1122|N|R809|Y|G43719|Y|E785|Y|I1310|N|E1121|Y|E781|Y|R931|Y|E119|Y|I259|Y|E8881|Y|E669|Y|R7303|Y|D649|Y|P292|Y|Z560|Y|Z7289|Y|||||W86|W86|Y| | | | | | | | | | | | | | | | | | | | | | |Z741|23-Nov-2021|Z1331|23-Nov-2021|Z1331|23-Nov-2021|F1990|23-Nov-2021|Z715|23-Nov-2021|||||||||||||||||||||||||||||||||||||||||0|0||4|450|99408|3.0|2021-11-24T00:00:00|hospital_B|hospital_B_20211123
SYN_BENE_8F158F38764C|SYN_CLM_2716A0C5AD27|V|60|23-Nov-2021|23-Nov-2021|26-Nov-2021||3|491581|1|1|1|| |950.31|0.0| ||49|1063523132| |9999868992| |9999868992|||0|1| |950.31|23-Nov-2021|1|4|A|10|0.0|190.06|0|4|0.0|0.0|0|0|0|0|0|0|0|0|0|0|0|0|0|||||23-Nov-2021|951.0|0|0||Z608|Z608|Y|Z733|Y|G309|Y|Z653|Y|N1830|Y|R809|Y|E1122|N|R809|Y|G43719|Y|E785|Y|I1310|N|E1121|Y|E781|Y|R931|Y|E119|Y|I259|Y|E8881|Y|E669|Y|R7303|Y|D649|Y|P292|Y|Z560|Y|Z7289|Y|||||W86|W86|Y| | | | | | | | | | | | | | | | | | | | | | |Z741|23-Nov-2021|Z1331|23-Nov-2021|Z1331|23-Nov-2021|F1990|23-Nov-2021|Z715|23-Nov-2021|||||||||||||||||||||||||||||||||||||||||0|0||5|450|99408|3.0|2021-11-24T00:00:00|hospital_B|hospital_B_20211123
SYN_BENE_0D02F104192D|SYN_CLM_5A06906C4382|V|60|23-Nov-2021|23-Nov-2021|26-Nov-2021||3|491581|1|1|1|| |950.31|0.0| ||49|1063523132| |9999868992| |9999868992|||0|1| |950.31|23-Nov-2021|1|4|A|10|0.0|190.06|0|4|0.0|0.0|0|0|0|0|0|0|0|0|0|0|0|0|0|||||23-Nov-2021|951.0|0|0||Z608|Z608|Y|Z733|Y|G309|Y|Z653|Y|N1830|Y|R809|Y|E1122|N|R809|Y|G43719|Y|E785|Y|I1310|N|E1121|Y|E781|Y|R931|Y|E119|Y|I259|Y|E8881|Y|E669|Y|R7303|Y|D649|Y|P292|Y|Z560|Y|Z7289|Y|||||W86|W86|Y| | | | | | | | | | | | | | | | | | | | | | |Z741|23-Nov-2021|Z1331|23-Nov-2021|Z1331|23-Nov-2021|F1990|23-Nov-2021|Z715|23-Nov-2021|||||||||||||||||||||||||||||||||||||||||0|0||1|450|96156|3.0|2021-11-24T00:00:00|hospital_B|hospital_B_20211123
SYN_BENE_0D02F104192D|SYN_CLM_5A06906C4382|V|60|23-Nov-2021|23-Nov-2021|26-Nov-2021||3|491581|1|1|1|| |950.31|0.0| ||49|1063523132| |9999868992| |9999868992|||0|1| |950.31|23-Nov-2021|1|4|A|10|0.0|190.06|0|4|0.0|0.0|0|0|0|0|0|0|0|0|0|0|0|0|0|||||23-Nov-2021|951.0|0|0||Z608|Z608|Y|Z733|Y|G309|Y|Z653|Y|N1830|Y|R809|Y|E1122|N|R809|Y|G43719|Y|E785|Y|I1310|N|E1121|Y|E781|Y|R931|Y|E119|Y|I259|Y|E8881|Y|E669|Y|R7303|Y|D649|Y|P292|Y|Z560|Y|Z7289|Y|||||W86|W86|Y| | | | | | | | | | | | | | | | | | | | | | |Z741|23-Nov-2021|Z1331|23-Nov-2021|Z1331|23-Nov-2021|F1990|23-Nov-2021|Z715|23-Nov-2021|||||||||||||||||||||||||||||||||||||||||0|0||2|450|G0444|3.0|2021-11-24T00:00:00|hospital_B|hospital_B_20211123
SYN_BENE_0D02F104192D|SYN_CLM_5A06906C4382|V|60|23-Nov-2021|23-Nov-2021|26-Nov-2021||3|491581|1|1|1|| |950.31|0.0| ||49|1063523132| |9999868992| |9999868992|||0|1| |950.31|23-Nov-2021|1|4|A|10|0.0|190.06|0|4|0.0|0.0|0|0|0|0|0|0|0|0|0|0|0|0|0|||||23-Nov-2021|951.0|0|0||Z608|Z608|Y|Z733|Y|G309|Y|Z653|Y|N1830|Y|R809|Y|E1122|N|R809|Y|G43719|Y|E785|Y|I1310|N|E1121|Y|E781|Y|R931|Y|E119|Y|I259|Y|E8881|Y|E669|Y|R7303|Y|D649|Y|P292|Y|Z560|Y|Z7289|Y|||||W86|W86|Y| | | | | | | | | | | | | | | | | | | | | | |Z741|23-Nov-2021|Z1331|23-Nov-2021|Z1331|23-Nov-2021|F1990|23-Nov-2021|Z715|23-Nov-2021|||||||||||||||||||||||||||||||||||||||||0|0||3|450|G0444|3.0|2021-11-24T00:00:00|hospital_B|hospital_B_20211123
SYN_BENE_0D02F104192D|SYN_CLM_5A06906C4382|V|60|23-Nov-2021|23-Nov-2021|26-Nov-2021||3|491581|1|1|1|| |950.31|0.0| ||49|1063523132| |9999868992| |9999868992|||0|1| |950.31|23-Nov-2021|1|4|A|10|0.0|190.06|0|4|0.0|0.0|0|0|0|0|0|0|0|0|0|0|0|0|0|||||23-Nov-2021|951.0|0|0||Z608|Z608|Y|Z733|Y|G309|Y|Z653|Y|N1830|Y|R809|Y|E1122|N|R809|Y|G43719|Y|E785|Y|I1310|N|E1121|Y|E781|Y|R931|Y|E119|Y|I259|Y|E8881|Y|E669|Y|R7303|Y|D649|Y|P292|Y|Z560|Y|Z7289|Y|||||W86|W86|Y| | | | | | | | | | | | | | | | | | | | | | |Z741|23-Nov-2021|Z1331|23-Nov-2021|Z1331|23-Nov-2021|F1990|23-Nov-2021|Z715|23-Nov-2021|||||||||||||||||||||||||||||||||||||||||0|0||4|450|99408|3.0|2021-11-24T00:00:00|hospital_B|hospital_B_20211123
SYN_BENE_0D02F104192D|SYN_CLM_5A06906C4382|V|60|23-Nov-2021|23-Nov-2021|26-Nov-2021||3|491581|1|1|1|| |950.31|0.0| ||49|1063523132| |9999868992| |9999868992|||0|1| |950.31|23-Nov-2021|1|4|A|10|0.0|190.06|0|4|0.0|0.0|0|0|0|0|0|0|0|0|0|0|0|0|0|||||23-Nov-2021|951.0|0|0||Z608|Z608|Y|Z733|Y|G309|Y|Z653|Y|N1830|Y|R809|Y|E1122|N|R809|Y|G43719|Y|E785|Y|I1310|N|E1121|Y|E781|Y|R931|Y|E119|Y|I259|Y|E8881|Y|E669|Y|R7303|Y|D649|Y|P292|Y|Z560|Y|Z7289|Y|||||W86|W86|Y| | | | | | | | | | | | | | | | | | | | | | |Z741|23-Nov-2021|Z1331|23-Nov-2021|Z1331|23-Nov-2021|F1990|23-Nov-2021|Z715|23-Nov-2021|||||||||||||||||||||||||||||||||||||||||0|0||5|450|99408|3.0|2021-11-24T00:00:00|hospital_B|hospital_B_20211123
SYN_BENE_551430371025|SYN_CLM_8659837E32F7|V|60|23-Nov-2021|23-Nov-2021|26-Nov-2021||3|491581|1|1|1|| |950.31|0.0| ||49|1063523132| |9999868992| |9999868992|||0|1| |950.31|23-Nov-2021|1|4|A|10|0.0|190.06|0|4|0.0|0.0|0|0|0|0|0|0|0|0|0|0|0|0|0|||||23-Nov-2021|951.0|0|0||Z608|Z608|Y|Z733|Y|G309|Y|Z653|Y|N1830|Y|R809|Y|E1122|N|R809|Y|G43719|Y|E785|Y|I1310|N|E1121|Y|E781|Y|R931|Y|E119|Y|I259|Y|E8881|Y|E669|Y|R7303|Y|D649|Y|P292|Y|Z560|Y|Z7289|Y|||||W86|W86|Y| | | | | | | | | | | | | | | | | | | | | | |Z741|23-Nov-2021|Z1331|23-Nov-2021|Z1331|23-Nov-2021|F1990|23-Nov-2021|Z715|23-Nov-2021|||||||||||||||||||||||||||||||||||||||||0|0||1|450|96156|3.0|2021-11-24T00:00:00|hospital_B|hospital_B_20211123
SYN_BENE_551430371025|SYN_CLM_8659837E32F7|V|60|23-Nov-2021|23-Nov-2021|26-Nov-2021||3|491581|1|1|1|| |950.31|0.0| ||49|1063523132| |9999868992| |9999868992|||0|1| |950.31|23-Nov-2021|1|4|A|10|0.0|190.06|0|4|0.0|0.0|0|0|0|0|0|0|0|0|0|0|0|0|0|||||23-Nov-2021|951.0|0|0||Z608|Z608|Y|Z733|Y|G309|Y|Z653|Y|N1830|Y|R809|Y|E1122|N|R809|Y|G43719|Y|E785|Y|I1310|N|E1121|Y|E781|Y|R931|Y|E119|Y|I259|Y|E8881|Y|E669|Y|R7303|Y|D649|Y|P292|Y|Z560|Y|Z7289|Y|||||W86|W86|Y| | | | | | | | | | | | | | | | | | | | | | |Z741|23-Nov-2021|Z1331|23-Nov-2021|Z1331|23-Nov-2021|F1990|23-Nov-2021|Z715|23-Nov-2021|||||||||||||||||||||||||||||||||||||||||0|0||2|450|G0444|3.0|2021-11-24T00:00:00|hospital_B|hospital_B_20211123
SYN_BENE_551430371025|SYN_CLM_8659837E32F7|V|60|23-Nov-2021|23-Nov-2021|26-Nov-2021||3|491581|1|1|1|| |950.31|0.0| ||49|1063523132| |9999868992| |9999868992|||0|1| |950.31|23-Nov-2021|1|4|A|10|0.0|190.06|0|4|0.0|0.0|0|0|0|0|0|0|0|0|0|0|0|0|0|||||23-Nov-2021|951.0|0|0||Z608|Z608|Y|Z733|Y|G309|Y|Z653|Y|N1830|Y|R809|Y|E1122|N|R809|Y|G43719|Y|E785|Y|I1310|N|E1121|Y|E781|Y|R931|Y|E119|Y|I259|Y|E8881|Y|E669|Y|R7303|Y|D649|Y|P292|Y|Z560|Y|Z7289|Y|||||W86|W86|Y| | | | | | | | | | | | | | | | | | | | | | |Z741|23-Nov-2021|Z1331|23-Nov-2021|Z1331|23-Nov-2021|F1990|23-Nov-2021|Z715|23-Nov-2021|||||||||||||||||||||||||||||||||||||||||0|0||3|450|G0444|3.0|2021-11-24T00:00:00|hospital_B|hospital_B_20211123
SYN_BENE_551430371025|SYN_CLM_8659837E32F7|V|60|23-Nov-2021|23-Nov-2021|26-Nov-2021||3|491581|1|1|1|| |950.31|0.0| ||49|1063523132| |9999868992| |9999868992|||0|1| |950.31|23-Nov-2021|1|4|A|10|0.0|190.06|0|4|0.0|0.0|0|0|0|0|0|0|0|0|0|0|0|0|0|||||23-Nov-2021|951.0|0|0||Z608|Z608|Y|Z733|Y|G309|Y|Z653|Y|N1830|Y|R809|Y|E1122|N|R809|Y|G43719|Y|E785|Y|I1310|N|E1121|Y|E781|Y|R931|Y|E119|Y|I259|Y|E8881|Y|E669|Y|R7303|Y|D649|Y|P292|Y|Z560|Y|Z7289|Y|||||W86|W86|Y| | | | | | | | | | | | | | | | | | | | | | |Z741|23-Nov-2021|Z1331|23-Nov-2021|Z1331|23-Nov-2021|F1990|23-Nov-2021|Z715|23-Nov-2021|||||||||||||||||||||||||||||||||||||||||0|0||4|450|99408|3.0|2021-11-24T00:00:00|hospital_B|hospital_B_20211123
SYN_BENE_551430371025|SYN_CLM_8659837E32F7|V|60|23-Nov-2021|23-Nov-2021|26-Nov-2021||3|491581|1|1|1|| |950.31|0.0| ||49|1063523132| |9999868992| |9999868992|||0|1| |950.31|23-Nov-2021|1|4|A|10|0.0|190.06|0|4|0.0|0.0|0|0|0|0|0|0|0|0|0|0|0|0|0|||||23-Nov-2021|951.0|0|0||Z608|Z608|Y|Z733|Y|G309|Y|Z653|Y|N1830|Y|R809|Y|E1122|N|R809|Y|G43719|Y|E785|Y|I1310|N|E1121|Y|E781|Y|R931|Y|E119|Y|I259|Y|E8881|Y|E669|Y|R7303|Y|D649|Y|P292|Y|Z560|Y|Z7289|Y|||||W86|W86|Y| | | | | | | | | | | | | | | | | | | | | | |Z741|23-Nov-2021|Z1331|23-Nov-2021|Z1331|23-Nov-2021|F1990|23-Nov-2021|Z715|23-Nov-2021|||||||||||||||||||||||||||||||||||||||||0|0||5|450|99408|3.0|2021-11-24T00:00:00|hospital_B|hospital_B_20211123
SYN_BENE_3F508280EF41|SYN_CLM_740101E3D5FB|V|60|23-Nov-2021|23-Nov-2021|26-Nov-2021||3|491581|1|1|1|| |950.31|0.0| ||49|1063523132| |9999868992| |9999868992|||0|1| |950.31|23-Nov-2021|1|4|A|10|0.0|190.06|0|4|0.0|0.0|0|0|0|0|0|0|0|0|0|0|0|0|0|||||23-Nov-2021|951.0|0|0||Z608|Z608|Y|Z733|Y|G309|Y|Z653|Y|N1830|Y|R809|Y|E1122|N|R809|Y|G43719|Y|E785|Y|I1310|N|E1121|Y|E781|Y|R931|Y|E119|Y|I259|Y|E8881|Y|E669|Y|R7303|Y|D649|Y|P292|Y|Z560|Y|Z7289|Y|||||W86|W86|Y| | | | | | | | | | | | | | | | | | | | | | |Z741|23-Nov-2021|Z1331|23-Nov-2021|Z1331|23-Nov-2021|F1990|23-Nov-2021|Z715|23-Nov-2021|||||||||||||||||||||||||||||||||||||||||0|0||1|450|96156|3.0|2021-11-24T00:00:00|hospital_B|hospital_B_20211123
SYN_BENE_3F508280EF41|SYN_CLM_740101E3D5FB|V|60|23-Nov-2021|23-Nov-2021|26-Nov-2021||3|491581|1|1|1|| |950.31|0.0| ||49|1063523132| |9999868992| |9999868992|||0|1| |950.31|23-Nov-2021|1|4|A|10|0.0|190.06|0|4|0.0|0.0|0|0|0|0|0|0|0|0|0|0|0|0|0|||||23-Nov-2021|951.0|0|0||Z608|Z608|Y|Z733|Y|G309|Y|Z653|Y|N1830|Y|R809|Y|E1122|N|R809|Y|G43719|Y|E785|Y|I1310|N|E1121|Y|E781|Y|R931|Y|E119|Y|I259|Y|E8881|Y|E669|Y|R7303|Y|D649|Y|P292|Y|Z560|Y|Z7289|Y|||||W86|W86|Y| | | | | | | | | | | | | | | | | | | | | | |Z741|23-Nov-2021|Z1331|23-Nov-2021|Z1331|23-Nov-2021|F1990|23-Nov-2021|Z715|23-Nov-2021|||||||||||||||||||||||||||||||||||||||||0|0||2|450|G0444|3.0|2021-11-24T00:00:00|hospital_B|hospital_B_20211123
SYN_BENE_3F508280EF41|SYN_CLM_740101E3D5FB|V|60|23-Nov-2021|23-Nov-2021|26-Nov-2021||3|491581|1|1|1|| |950.31|0.0| ||49|1063523132| |9999868992| |9999868992|||0|1| |950.31|23-Nov-2021|1|4|A|10|0.0|190.06|0|4|0.0|0.0|0|0|0|0|0|0|0|0|0|0|0|0|0|||||23-Nov-2021|951.0|0|0||Z608|Z608|Y|Z733|Y|G309|Y|Z653|Y|N1830|Y|R809|Y|E1122|N|R809|Y|G43719|Y|E785|Y|I1310|N|E1121|Y|E781|Y|R931|Y|E119|Y|I259|Y|E8881|Y|E669|Y|R7303|Y|D649|Y|P292|Y|Z560|Y|Z7289|Y|||||W86|W86|Y| | | | | | | | | | | | | | | | | | | | | | |Z741|23-Nov-2021|Z1331|23-Nov-2021|Z1331|23-Nov-2021|F1990|23-Nov-2021|Z715|23-Nov-2021|||||||||||||||||||||||||||||||||||||||||0|0||3|450|G0444|3.0|2021-11-24T00:00:00|hospital_B|hospital_B_20211123
SYN_BENE_3F508280EF41|SYN_CLM_740101E3D5FB|V|60|23-Nov-2021|23-Nov-2021|26-Nov-2021||3|491581|1|1|1|| |950.31|0.0| ||49|1063523132| |9999868992| |9999868992|||0|1| |950.31|23-Nov-2021|1|4|A|10|0.0|190.06|0|4|0.0|0.0|0|0|0|0|0|0|0|0|0|0|0|0|0|||||23-Nov-2021|951.0|0|0||Z608|Z608|Y|Z733|Y|G309|Y|Z653|Y|N1830|Y|R809|Y|E1122|N|R809|Y|G43719|Y|E785|Y|I1310|N|E1121|Y|E781|Y|R931|Y|E119|Y|I259|Y|E8881|Y|E669|Y|R7303|Y|D649|Y|P292|Y|Z560|Y|Z7289|Y|||||W86|W86|Y| | | | | | | | | | | | | | | | | | | | | | |Z741|23-Nov-2021|Z1331|23-Nov-2021|Z1331|23-Nov-2021|F1990|23-Nov-2021|Z715|23-Nov-2021|||||||||||||||||||||||||||||||||||||||||0|0||4|450|99408|3.0|2021-11-24T00:00:00|hospital_B|hospital_B_20211123
SYN_BENE_3F508280EF41|SYN_CLM_740101E3D5FB|V|60|23-Nov-2021|23-Nov-2021|26-Nov-2021||3|491581|1|1|1|| |950.31|0.0| ||49|1063523132| |9999868992| |9999868992|||0|1| |950.31|23-Nov-2021|1|4|A|10|0.0|190.06|0|4|0.0|0.0|0|0|0|0|0|0|0|0|0|0|0|0|0|||||23-Nov-2021|951.0|0|0||Z608|Z608|Y|Z733|Y|G309|Y|Z653|Y|N1830|Y|R809|Y|E1122|N|R809|Y|G43719|Y|E785|Y|I1310|N|E1121|Y|E781|Y|R931|Y|E119|Y|I259|Y|E8881|Y|E669|Y|R7303|Y|D649|Y|P292|Y|Z560|Y|Z7289|Y|||||W86|W86|Y| | | | | | | | | | | | | | | | | | | | | | |Z741|23-Nov-2021|Z1331|23-Nov-2021|Z1331|23-Nov-2021|F1990|23-Nov-2021|Z715|23-Nov-2021|||||||||||||||||||||||||||||||||||||||||0|0||5|450|99408|3.0|2021-11-24T00:00:00|hospital_B|hospital_B_20211123
SYN_BENE_8B630C1C8DFD|SYN_CLM_D1067C618E9B|V|60|23-Nov-2021|23-Nov-2021|26-Nov-2021||3|491581|1|1|1|| |950.31|0.0| ||49|1063523132| |9999868992| |9999868992|||0|1| |950.31|23-Nov-2021|1|4|A|10|0.0|190.06|0|4|0.0|0.0|0|0|0|0|0|0|0|0|0|0|0|0|0|||||23-Nov-2021|951.0|0|0||Z608|Z608|Y|Z733|Y|G309|Y|Z653|Y|N1830|Y|R809|Y|E1122|N|R809|Y|G43719|Y|E785|Y|I1310|N|E1121|Y|E781|Y|R931|Y|E119|Y|I259|Y|E8881|Y|E669|Y|R7303|Y|D649|Y|P292|Y|Z560|Y|Z7289|Y|||||W86|W86|Y| | | | | | | | | | | | | | | | | | | | | | |Z741|23-Nov-2021|Z1331|23-Nov-2021|Z1331|23-Nov-2021|F1990|23-Nov-2021|Z715|23-Nov-2021|||||||||||||||||||||||||||||||||||||||||0|0||1|450|96156|3.0|2021-11-24T00:00:00|hospital_B|hospital_B_20211123
SYN_BENE_8B630C1C8DFD|SYN_CLM_D1067C618E9B|V|60|23-Nov-2021|23-Nov-2021|26-Nov-2021||3|491581|1|1|1|| |950.31|0.0| ||49|1063523132| |9999868992| |9999868992|||0|1| |950.31|23-Nov-2021|1|4|A|10|0.0|190.06|0|4|0.0|0.0|0|0|0|0|0|0|0|0|0|0|0|0|0|||||23-Nov-2021|951.0|0|0||Z608|Z608|Y|Z733|Y|G309|Y|Z653|Y|N1830|Y|R809|Y|E1122|N|R809|Y|G43719|Y|E785|Y|I1310|N|E1121|Y|E781|Y|R931|Y|E119|Y|I259|Y|E8881|Y|E669|Y|R7303|Y|D649|Y|P292|Y|Z560|Y|Z7289|Y|||||W86|W86|Y| | | | | | | | | | | | | | | | | | | | | | |Z741|23-Nov-2021|Z1331|23-Nov-2021|Z1331|23-Nov-2021|F1990|23-Nov-2021|Z715|23-Nov-2021|||||||||||||||||||||||||||||||||||||||||0|0||2|450|G0444|3.0|2021-11-24T00:00:00|hospital_B|hospital_B_20211123
SYN_BENE_8B630C1C8DFD|SYN_CLM_D1067C618E9B|V|60|23-Nov-2021|23-Nov-2021|26-Nov-2021||3|491581|1|1|1|| |950.31|0.0| ||49|1063523132| |9999868992| |9999868992|||0|1| |950.31|23-Nov-2021|1|4|A|10|0.0|190.06|0|4|0.0|0.0|0|0|0|0|0|0|0|0|0|0|0|0|0|||||23-Nov-2021|951.0|0|0||Z608|Z608|Y|Z733|Y|G309|Y|Z653|Y|N1830|Y|R809|Y|E1122|N|R809|Y|G43719|Y|E785|Y|I1310|N|E1121|Y|E781|Y|R931|Y|E119|Y|I259|Y|E8881|Y|E669|Y|R7303|Y|D649|Y|P292|Y|Z560|Y|Z7289|Y|||||W86|W86|Y| | | | | | | | | | | | | | | | | | | | | | |Z741|23-Nov-2021|Z1331|23-Nov-2021|Z1331|23-Nov-2021|F1990|23-Nov-2021|Z715|23-Nov-2021|||||||||||||||||||||||||||||||||||||||||0|0||3|450|G0444|3.0|2021-11-24T00:00:00|hospital_B|hospital_B_20211123
SYN_BENE_8B630C1C8DFD|SYN_CLM_D1067C618E9B|V|60|23-Nov-2021|23-Nov-2021|26-Nov-2021||3|491581|1|1|1|| |950.31|0.0| ||49|1063523132| |9999868992| |9999868992|||0|1| |950.31|23-Nov-2021|1|4|A|10|0.0|190.06|0|4|0.0|0.0|0|0|0|0|0|0|0|0|0|0|0|0|0|||||23-Nov-2021|951.0|0|0||Z608|Z608|Y|Z733|Y|G309|Y|Z653|Y|N1830|Y|R809|Y|E1122|N|R809|Y|G43719|Y|E785|Y|I1310|N|E1121|Y|E781|Y|R931|Y|E119|Y|I259|Y|E8881|Y|E669|Y|R7303|Y|D649|Y|P292|Y|Z560|Y|Z7289|Y|||||W86|W86|Y| | | | | | | | | | | | | | | | | | | | | | |Z741|23-Nov-2021|Z1331|23-Nov-2021|Z1331|23-Nov-2021|F1990|23-Nov-2021|Z715|23-Nov-2021|||||||||||||||||||||||||||||||||||||||||0|0||4|450|99408|3.0|2021-11-24T00:00:00|hospital_B|hospital_B_20211123
SYN_BENE_8B630C1C8DFD|SYN_CLM_D1067C618E9B|V|60|23-Nov-2021|23-Nov-2021|26-Nov-2021||3|491581|1|1|1|| |950.31|0.0| ||49|1063523132| |9999868992| |9999868992|||0|1| |950.31|23-Nov-2021|1|4|A|10|0.0|190.06|0|4|0.0|0.0|0|0|0|0|0|0|0|0|0|0|0|0|0|||||23-Nov-2021|951.0|0|0||Z608|Z608|Y|Z733|Y|G309|Y|Z653|Y|N1830|Y|R809|Y|E1122|N|R809|Y|G43719|Y|E785|Y|I1310|N|E1121|Y|E781|Y|R931|Y|E119|Y|I259|Y|E8881|Y|E669|Y|R7303|Y|D649|Y|P292|Y|Z560|Y|Z7289|Y|||||W86|W86|Y| | | | | | | | | | | | | | | | | | | | | | |Z741|23-Nov-2021|Z1331|23-Nov-2021|Z1331|23-Nov-2021|F1990|23-Nov-2021|Z715|23-Nov-2021|||||||||||||||||||||||||||||||||||||||||0|0||5|450|99408|3.0|2021-11-24T00:00:00|hospital_B|hospital_B_20211123
SYN_BENE_A512EE720177|SYN_CLM_7BBF70E09ED6|V|60|23-Nov-2021|23-Nov-2021|26-Nov-2021||3|491581|1|1|1|| |950.31|0.0| ||49|1063523132| |9999868992| |9999868992|||0|1| |950.31|23-Nov-2021|1|4|A|10|0.0|190.06|0|4|0.0|0.0|0|0|0|0|0|0|0|0|0|0|0|0|0|||||23-Nov-2021|951.0|0|0||Z608|Z608|Y|Z733|Y|G309|Y|Z653|Y|N1830|Y|R809|Y|E1122|N|R809|Y|G43719|Y|E785|Y|I1310|N|E1121|Y|E781|Y|R931|Y|E119|Y|I259|Y|E8881|Y|E669|Y|R7303|Y|D649|Y|P292|Y|Z560|Y|Z7289|Y|||||W86|W86|Y| | | | | | | | | | | | | | | | | | | | | | |Z741|23-Nov-2021|Z1331|23-Nov-2021|Z1331|23-Nov-2021|F1990|23-Nov-2021|Z715|23-Nov-2021|||||||||||||||||||||||||||||||||||||||||0|0||1|450|96156|3.0|2021-11-24T00:00:00|hospital_B|hospital_B_20211123
SYN_BENE_A512EE720177|SYN_CLM_7BBF70E09ED6|V|60|23-Nov-2021|23-Nov-2021|26-Nov-2021||3|491581|1|1|1|| |950.31|0.0| ||49|1063523132| |9999868992| |9999868992|||0|1| |950.31|23-Nov-2021|1|4|A|10|0.0|190.06|0|4|0.0|0.0|0|0|0|0|0|0|0|0|0|0|0|0|0|||||23-Nov-2021|951.0|0|0||Z608|Z608|Y|Z733|Y|G309|Y|Z653|Y|N1830|Y|R809|Y|E1122|N|R809|Y|G43719|Y|E785|Y|I1310|N|E1121|Y|E781|Y|R931|Y|E119|Y|I259|Y|E8881|Y|E669|Y|R7303|Y|D649|Y|P292|Y|Z560|Y|Z7289|Y|||||W86|W86|Y| | | | | | | | | | | | | | | | | | | | | | |Z741|23-Nov-2021|Z1331|23-Nov-2021|Z1331|23-Nov-2021|F1990|23-Nov-2021|Z715|23-Nov-2021|||||||||||||||||||||||||||||||||||||||||0|0||2|450|G0444|3.0|2021-11-24T00:00:00|hospital_B|hospital_B_20211123
SYN_BENE_A512EE720177|SYN_CLM_7BBF70E09ED6|V|60|23-Nov-2021|23-Nov-2021|26-Nov-2021||3|491581|1|1|1|| |950.31|0.0| ||49|1063523132| |9999868992| |9999868992|||0|1| |950.31|23-Nov-2021|1|4|A|10|0.0|190.06|0|4|0.0|0.0|0|0|0|0|0|0|0|0|0|0|0|0|0|||||23-Nov-2021|951.0|0|0||Z608|Z608|Y|Z733|Y|G309|Y|Z653|Y|N1830|Y|R809|Y|E1122|N|R809|Y|G43719|Y|E785|Y|I1310|N|E1121|Y|E781|Y|R931|Y|E119|Y|I259|Y|E8881|Y|E669|Y|R7303|Y|D649|Y|P292|Y|Z560|Y|Z7289|Y|||||W86|W86|Y| | | | | | | | | | | | | | | | | | | | | | |Z741|23-Nov-2021|Z1331|23-Nov-2021|Z1331|23-Nov-2021|F1990|23-Nov-2021|Z715|23-Nov-2021|||||||||||||||||||||||||||||||||||||||||0|0||3|450|G0444|3.0|2021-11-24T00:00:00|hospital_B|hospital_B_20211123
SYN_BENE_A512EE720177|SYN_CLM_7BBF70E09ED6|V|60|23-Nov-2021|23-Nov-2021|26-Nov-2021||3|491581|1|1|1|| |950.31|0.0| ||49|1063523132| |9999868992| |9999868992|||0|1| |950.31|23-Nov-2021|1|4|A|10|0.0|190.06|0|4|0.0|0.0|0|0|0|0|0|0|0|0|0|0|0|0|0|||||23-Nov-2021|951.0|0|0||Z608|Z608|Y|Z733|Y|G309|Y|Z653|Y|N1830|Y|R809|Y|E1122|N|R809|Y|G43719|Y|E785|Y|I1310|N|E1121|Y|E781|Y|R931|Y|E119|Y|I259|Y|E8881|Y|E669|Y|R7303|Y|D649|Y|P292|Y|Z560|Y|Z7289|Y|||||W86|W86|Y| | | | | | | | | | | | | | | | | | | | | | |Z741|23-Nov-2021|Z1331|23-Nov-2021|Z1331|23-Nov-2021|F1990|23-Nov-2021|Z715|23-Nov-2021|||||||||||||||||||||||||||||||||||||||||0|0||4|450|99408|3.0|2021-11-24T00:00:00|hospital_B|hospital_B_20211123
SYN_BENE_A512EE720177|SYN_CLM_7BBF70E09ED6|V|60|23-Nov-2021|23-Nov-2021|26-Nov-2021||3|491581|1|1|1|| |950.31|0.0| ||49|1063523132| |9999868992| |9999868992|||0|1| |950.31|23-Nov-2021|1|4|A|10|0.0|190.06|0|4|0.0|0.0|0|0|0|0|0|0|0|0|0|0|0|0|0|||||23-Nov-2021|951.0|0|0||Z608|Z608|Y|Z733|Y|G309|Y|Z653|Y|N1830|Y|R809|Y|E1122|N|R809|Y|G43719|Y|E785|Y|I1310|N|E1121|Y|E781|Y|R931|Y|E119|Y|I259|Y|E8881|Y|E669|Y|R7303|Y|D649|Y|P292|Y|Z560|Y|Z7289|Y|||||W86|W86|Y| | | | | | | | | | | | | | | | | | | | | | |Z741|23-Nov-2021|Z1331|23-Nov-2021|Z1331|23-Nov-2021|F1990|23-Nov-2021|Z715|23-Nov-2021|||||||||||||||||||||||||||||||||||||||||0|0||5|450|99408|3.0|2021-11-24T00:00:00|hospital_B|hospital_B_20211123
SYN_BENE_F164EA3926D1|SYN_CLM_C1640F31B39D|V|60|23-Nov-2021|23-Nov-2021|26-Nov-2021||3|491581|1|1|1|| |950.31|0.0| ||49|1063523132| |9999868992| |9999868992|||0|1| |950.31|23-Nov-2021|1|4|A|10|0.0|190.06|0|4|0.0|0.0|0|0|0|0|0|0|0|0|0|0|0|0|0|||||23-Nov-2021|951.0|0|0||Z608|Z608|Y|Z733|Y|G309|Y|Z653|Y|N1830|Y|R809|Y|E1122|N|R809|Y|G43719|Y|E785|Y|I1310|N|E1121|Y|E781|Y|R931|Y|E119|Y|I259|Y|E8881|Y|E669|Y|R7303|Y|D649|Y|P292|Y|Z560|Y|Z7289|Y|||||W86|W86|Y| | | | | | | | | | | | | | | | | | | | | | |Z741|23-Nov-2021|Z1331|23-Nov-2021|Z1331|23-Nov-2021|F1990|23-Nov-2021|Z715|23-Nov-2021|||||||||||||||||||||||||||||||||||||||||0|0||1|450|96156|3.0|2021-11-24T00:00:00|hospital_B|hospital_B_20211123
SYN_BENE_F164EA3926D1|SYN_CLM_C1640F31B39D|V|60|23-Nov-2021|23-Nov-2021|26-Nov-2021||3|491581|1|1|1|| |950.31|0.0| ||49|1063523132| |9999868992| |9999868992|||0|1| |950.31|23-Nov-2021|1|4|A|10|0.0|190.06|0|4|0.0|0.0|0|0|0|0|0|0|0|0|0|0|0|0|0|||||23-Nov-2021|951.0|0|0||Z608|Z608|Y|Z733|Y|G309|Y|Z653|Y|N1830|Y|R809|Y|E1122|N|R809|Y|G43719|Y|E785|Y|I1310|N|E1121|Y|E781|Y|R931|Y|E119|Y|I259|Y|E8881|Y|E669|Y|R7303|Y|D649|Y|P292|Y|Z560|Y|Z7289|Y|||||W86|W86|Y| | | | | | | | | | | | | | | | | | | | | | |Z741|23-Nov-2021|Z1331|23-Nov-2021|Z1331|23-Nov-2021|F1990|23-Nov-2021|Z715|23-Nov-2021|||||||||||||||||||||||||||||||||||||||||0|0||2|450|G0444|3.0|2021-11-24T00:00:00|hospital_B|hospital_B_20211123
SYN_BENE_F164EA3926D1|SYN_CLM_C1640F31B39D|V|60|23-Nov-2021|23-Nov-2021|26-Nov-2021||3|491581|1|1|1|| |950.31|0.0| ||49|1063523132| |9999868992| |9999868992|||0|1| |950.31|23-Nov-2021|1|4|A|10|0.0|190.06|0|4|0.0|0.0|0|0|0|0|0|0|0|0|0|0|0|0|0|||||23-Nov-2021|951.0|0|0||Z608|Z608|Y|Z733|Y|G309|Y|Z653|Y|N1830|Y|R809|Y|E1122|N|R809|Y|G43719|Y|E785|Y|I1310|N|E1121|Y|E781|Y|R931|Y|E119|Y|I259|Y|E8881|Y|E669|Y|R7303|Y|D649|Y|P292|Y|Z560|Y|Z7289|Y|||||W86|W86|Y| | | | | | | | | | | | | | | | | | | | | | |Z741|23-Nov-2021|Z1331|23-Nov-2021|Z1331|23-Nov-2021|F1990|23-Nov-2021|Z715|23-Nov-2021|||||||||||||||||||||||||||||||||||||||||0|0||3|450|G0444|3.0|2021-11-24T00:00:00|hospital_B|hospital_B_20211123
SYN_BENE_F164EA3926D1|SYN_CLM_C1640F31B39D|V|60|23-Nov-2021|23-Nov-2021|26-Nov-2021||3|491581|1|1|1|| |950.31|0.0| ||49|1063523132| |9999868992| |9999868992|||0|1| |950.31|23-Nov-2021|1|4|A|10|0.0|190.06|0|4|0.0|0.0|0|0|0|0|0|0|0|0|0|0|0|0|0|||||23-Nov-2021|951.0|0|0||Z608|Z608|Y|Z733|Y|G309|Y|Z653|Y|N1830|Y|R809|Y|E1122|N|R809|Y|G43719|Y|E785|Y|I1310|N|E1121|Y|E781|Y|R931|Y|E119|Y|I259|Y|E8881|Y|E669|Y|R7303|Y|D649|Y|P292|Y|Z560|Y|Z7289|Y|||||W86|W86|Y| | | | | | | | | | | | | | | | | | | | | | |Z741|23-Nov-2021|Z1331|23-Nov-2021|Z1331|23-Nov-2021|F1990|23-Nov-2021|Z715|23-Nov-2021|||||||||||||||||||||||||||||||||||||||||0|0||4|450|99408|3.0|2021-11-24T00:00:00|hospital_B|hospital_B_20211123
SYN_BENE_F164EA3926D1|SYN_CLM_C1640F31B39D|V|60|23-Nov-2021|23-Nov-2021|26-Nov-2021||3|491581|1|1|1|| |950.31|0.0| ||49|1063523132| |9999868992| |9999868992|||0|1| |950.31|23-Nov-2021|1|4|A|10|0.0|190.06|0|4|0.0|0.0|0|0|0|0|0|0|0|0|0|0|0|0|0|||||23-Nov-2021|951.0|0|0||Z608|Z608|Y|Z733|Y|G309|Y|Z653|Y|N1830|Y|R809|Y|E1122|N|R809|Y|G43719|Y|E785|Y|I1310|N|E1121|Y|E781|Y|R931|Y|E119|Y|I259|Y|E8881|Y|E669|Y|R7303|Y|D649|Y|P292|Y|Z560|Y|Z7289|Y|||||W86|W86|Y| | | | | | | | | | | | | | | | | | | | | | |Z741|23-Nov-2021|Z1331|23-Nov-2021|Z1331|23-Nov-2021|F1990|23-Nov-2021|Z715|23-Nov-2021|||||||||||||||||||||||||||||||||||||||||0|0||5|450|99408|3.0|2021-11-24T00:00:00|hospital_B|hospital_B_20211123
SYN_BENE_4F77C7F1D064|SYN_CLM_06BBEB1F6D21|V|60|23-Nov-2021|23-Nov-2021|26-Nov-2021||3|491581|1|1|1|| |950.31|0.0| ||49|1063523132| |9999868992| |9999868992|||0|1| |950.31|23-Nov-2021|1|4|A|10|0.0|190.06|0|4|0.0|0.0|0|0|0|0|0|0|0|0|0|0|0|0|0|||||23-Nov-2021|951.0|0|0||Z608|Z608|Y|Z733|Y|G309|Y|Z653|Y|N1830|Y|R809|Y|E1122|N|R809|Y|G43719|Y|E785|Y|I1310|N|E1121|Y|E781|Y|R931|Y|E119|Y|I259|Y|E8881|Y|E669|Y|R7303|Y|D649|Y|P292|Y|Z560|Y|Z7289|Y|||||W86|W86|Y| | | | | | | | | | | | | | | | | | | | | | |Z741|23-Nov-2021|Z1331|23-Nov-2021|Z1331|23-Nov-2021|F1990|23-Nov-2021|Z715|23-Nov-2021|||||||||||||||||||||||||||||||||||||||||0|0||1|450|96156|3.0|2021-11-24T00:00:00|hospital_B|hospital_B_20211123
SYN_BENE_4F77C7F1D064|SYN_CLM_06BBEB1F6D21|V|60|23-Nov-2021|23-Nov-2021|26-Nov-2021||3|491581|1|1|1|| |950.31|0.0| ||49|1063523132| |9999868992| |9999868992|||0|1| |950.31|23-Nov-2021|1|4|A|10|0.0|190.06|0|4|0.0|0.0|0|0|0|0|0|0|0|0|0|0|0|0|0|||||23-Nov-2021|951.0|0|0||Z608|Z608|Y|Z733|Y|G309|Y|Z653|Y|N1830|Y|R809|Y|E1122|N|R809|Y|G43719|Y|E785|Y|I1310|N|E1121|Y|E781|Y|R931|Y|E119|Y|I259|Y|E8881|Y|E669|Y|R7303|Y|D649|Y|P292|Y|Z560|Y|Z7289|Y|||||W86|W86|Y| | | | | | | | | | | | | | | | | | | | | | |Z741|23-Nov-2021|Z1331|23-Nov-2021|Z1331|23-Nov-2021|F1990|23-Nov-2021|Z715|23-Nov-2021|||||||||||||||||||||||||||||||||||||||||0|0||2|450|G0444|3.0|2021-11-24T00:00:00|hospital_B|hospital_B_20211123
SYN_BENE_4F77C7F1D064|SYN_CLM_06BBEB1F6D21|V|60|23-Nov-2021|23-Nov-2021|26-Nov-2021||3|491581|1|1|1|| |950.31|0.0| ||49|1063523132| |9999868992| |9999868992|||0|1| |950.31|23-Nov-2021|1|4|A|10|0.0|190.06|0|4|0.0|0.0|0|0|0|0|0|0|0|0|0|0|0|0|0|||||23-Nov-2021|951.0|0|0||Z608|Z608|Y|Z733|Y|G309|Y|Z653|Y|N1830|Y|R809|Y|E1122|N|R809|Y|G43719|Y|E785|Y|I1310|N|E1121|Y|E781|Y|R931|Y|E119|Y|I259|Y|E8881|Y|E669|Y|R7303|Y|D649|Y|P292|Y|Z560|Y|Z7289|Y|||||W86|W86|Y| | | | | | | | | | | | | | | | | | | | | | |Z741|23-Nov-2021|Z1331|23-Nov-2021|Z1331|23-Nov-2021|F1990|23-Nov-2021|Z715|23-Nov-2021|||||||||||||||||||||||||||||||||||||||||0|0||3|450|G0444|3.0|2021-11-24T00:00:00|hospital_B|hospital_B_20211123
SYN_BENE_4F77C7F1D064|SYN_CLM_06BBEB1F6D21|V|60|23-Nov-2021|23-Nov-2021|26-Nov-2021||3|491581|1|1|1|| |950.31|0.0| ||49|1063523132| |9999868992| |9999868992|||0|1| |950.31|23-Nov-2021|1|4|A|10|0.0|190.06|0|4|0.0|0.0|0|0|0|0|0|0|0|0|0|0|0|0|0|||||23-Nov-2021|951.0|0|0||Z608|Z608|Y|Z733|Y|G309|Y|Z653|Y|N1830|Y|R809|Y|E1122|N|R809|Y|G43719|Y|E785|Y|I1310|N|E1121|Y|E781|Y|R931|Y|E119|Y|I259|Y|E8881|Y|E669|Y|R7303|Y|D649|Y|P292|Y|Z560|Y|Z7289|Y|||||W86|W86|Y| | | | | | | | | | | | | | | | | | | | | | |Z741|23-Nov-2021|Z1331|23-Nov-2021|Z1331|23-Nov-2021|F1990|23-Nov-2021|Z715|23-Nov-2021|||||||||||||||||||||||||||||||||||||||||0|0||4|450|99408|3.0|2021-11-24T00:00:00|hospital_B|hospital_B_20211123
SYN_BENE_4F77C7F1D064|SYN_CLM_06BBEB1F6D21|V|60|23-Nov-2021|23-Nov-2021|26-Nov-2021||3|491581|1|1|1|| |950.31|0.0| ||49|1063523132| |9999868992| |9999868992|||0|1| |950.31|23-Nov-2021|1|4|A|10|0.0|190.06|0|4|0.0|0.0|0|0|0|0|0|0|0|0|0|0|0|0|0|||||23-Nov-2021|951.0|0|0||Z608|Z608|Y|Z733|Y|G309|Y|Z653|Y|N1830|Y|R809|Y|E1122|N|R809|Y|G43719|Y|E785|Y|I1310|N|E1121|Y|E781|Y|R931|Y|E119|Y|I259|Y|E8881|Y|E669|Y|R7303|Y|D649|Y|P292|Y|Z560|Y|Z7289|Y|||||W86|W86|Y| | | | | | | | | | | | | | | | | | | | | | |Z741|23-Nov-2021|Z1331|23-Nov-2021|Z1331|23-Nov-2021|F1990|23-Nov-2021|Z715|23-Nov-2021|||||||||||||||||||||||||||||||||||||||||0|0||5|450|99408|3.0|2021-11-24T00:00:00|hospital_B|hospital_B_20211123
SYN_BENE_F301386FD9F0|SYN_CLM_C68F7A8A641B|V|60|23-Nov-2021|23-Nov-2021|26-Nov-2021||3|491581|1|1|1|| |950.31|0.0| ||49|1063523132| |9999868992| |9999868992|||0|1| |950.31|23-Nov-2021|1|4|A|10|0.0|190.06|0|4|0.0|0.0|0|0|0|0|0|0|0|0|0|0|0|0|0|||||23-Nov-2021|951.0|0|0||Z608|Z608|Y|Z733|Y|G309|Y|Z653|Y|N1830|Y|R809|Y|E1122|N|R809|Y|G43719|Y|E785|Y|I1310|N|E1121|Y|E781|Y|R931|Y|E119|Y|I259|Y|E8881|Y|E669|Y|R7303|Y|D649|Y|P292|Y|Z560|Y|Z7289|Y|||||W86|W86|Y| | | | | | | | | | | | | | | | | | | | | | |Z741|23-Nov-2021|Z1331|23-Nov-2021|Z1331|23-Nov-2021|F1990|23-Nov-2021|Z715|23-Nov-2021|||||||||||||||||||||||||||||||||||||||||0|0||1|450|96156|3.0|2021-11-24T00:00:00|hospital_B|hospital_B_20211123
SYN_BENE_F301386FD9F0|SYN_CLM_C68F7A8A641B|V|60|23-Nov-2021|23-Nov-2021|26-Nov-2021||3|491581|1|1|1|| |950.31|0.0| ||49|1063523132| |9999868992| |9999868992|||0|1| |950.31|23-Nov-2021|1|4|A|10|0.0|190.06|0|4|0.0|0.0|0|0|0|0|0|0|0|0|0|0|0|0|0|||||23-Nov-2021|951.0|0|0||Z608|Z608|Y|Z733|Y|G309|Y|Z653|Y|N1830|Y|R809|Y|E1122|N|R809|Y|G43719|Y|E785|Y|I1310|N|E1121|Y|E781|Y|R931|Y|E119|Y|I259|Y|E8881|Y|E669|Y|R7303|Y|D649|Y|P292|Y|Z560|Y|Z7289|Y|||||W86|W86|Y| | | | | | | | | | | | | | | | | | | | | | |Z741|23-Nov-2021|Z1331|23-Nov-2021|Z1331|23-Nov-2021|F1990|23-Nov-2021|Z715|23-Nov-2021|||||||||||||||||||||||||||||||||||||||||0|0||2|450|G0444|3.0|2021-11-24T00:00:00|hospital_B|hospital_B_20211123
SYN_BENE_F301386FD9F0|SYN_CLM_C68F7A8A641B|V|60|23-Nov-2021|23-Nov-2021|26-Nov-2021||3|491581|1|1|1|| |950.31|0.0| ||49|1063523132| |9999868992| |9999868992|||0|1| |950.31|23-Nov-2021|1|4|A|10|0.0|190.06|0|4|0.0|0.0|0|0|0|0|0|0|0|0|0|0|0|0|0|||||23-Nov-2021|951.0|0|0||Z608|Z608|Y|Z733|Y|G309|Y|Z653|Y|N1830|Y|R809|Y|E1122|N|R809|Y|G43719|Y|E785|Y|I1310|N|E1121|Y|E781|Y|R931|Y|E119|Y|I259|Y|E8881|Y|E669|Y|R7303|Y|D649|Y|P292|Y|Z560|Y|Z7289|Y|||||W86|W86|Y| | | | | | | | | | | | | | | | | | | | | | |Z741|23-Nov-2021|Z1331|23-Nov-2021|Z1331|23-Nov-2021|F1990|23-Nov-2021|Z715|23-Nov-2021|||||||||||||||||||||||||||||||||||||||||0|0||3|450|G0444|3.0|2021-11-24T00:00:00|hospital_B|hospital_B_20211123
SYN_BENE_F301386FD9F0|SYN_CLM_C68F7A8A641B|V|60|23-Nov-2021|23-Nov-2021|26-Nov-2021||3|491581|1|1|1|| |950.31|0.0| ||49|1063523132| |9999868992| |9999868992|||0|1| |950.31|23-Nov-2021|1|4|A|10|0.0|190.06|0|4|0.0|0.0|0|0|0|0|0|0|0|0|0|0|0|0|0|||||23-Nov-2021|951.0|0|0||Z608|Z608|Y|Z733|Y|G309|Y|Z653|Y|N1830|Y|R809|Y|E1122|N|R809|Y|G43719|Y|E785|Y|I1310|N|E1121|Y|E781|Y|R931|Y|E119|Y|I259|Y|E8881|Y|E669|Y|R7303|Y|D649|Y|P292|Y|Z560|Y|Z7289|Y|||||W86|W86|Y| | | | | | | | | | | | | | | | | | | | | | |Z741|23-Nov-2021|Z1331|23-Nov-2021|Z1331|23-Nov-2021|F1990|23-Nov-2021|Z715|23-Nov-2021|||||||||||||||||||||||||||||||||||||||||0|0||4|450|99408|3.0|2021-11-24T00:00:00|hospital_B|hospital_B_20211123
SYN_BENE_F301386FD9F0|SYN_CLM_C68F7A8A641B|V|60|23-Nov-2021|23-Nov-2021|26-Nov-2021||3|491581|1|1|1|| |950.31|0.0| ||49|1063523132| |9999868992| |9999868992|||0|1| |950.31|23-Nov-2021|1|4|A|10|0.0|190.06|0|4|0.0|0.0|0|0|0|0|0|0|0|0|0|0|0|0|0|||||23-Nov-2021|951.0|0|0||Z608|Z608|Y|Z733|Y|G309|Y|Z653|Y|N1830|Y|R809|Y|E1122|N|R809|Y|G43719|Y|E785|Y|I1310|N|E1121|Y|E781|Y|R931|Y|E119|Y|I259|Y|E8881|Y|E669|Y|R7303|Y|D649|Y|P292|Y|Z560|Y|Z7289|Y|||||W86|W86|Y| | | | | | | | | | | | | | | | | | | | | | |Z741|23-Nov-2021|Z1331|23-Nov-2021|Z1331|23-Nov-2021|F1990|23-Nov-2021|Z715|23-Nov-2021|||||||||||||||||||||||||||||||||||||||||0|0||5|450|99408|3.0|2021-11-24T00:00:00|hospital_B|hospital_B_20211123
SYN_BENE_1484621FB4F6|SYN_CLM_F2DB149404AC|V|60|23-Nov-2021|23-Nov-2021|26-Nov-2021||3|491581|1|1|1|| |950.31|0.0| ||49|1063523132| |9999868992| |9999868992|||0|1| |950.31|23-Nov-2021|1|4|A|10|0.0|190.06|0|4|0.0|0.0|0|0|0|0|0|0|0|0|0|0|0|0|0|||||23-Nov-2021|951.0|0|0||Z608|Z608|Y|Z733|Y|G309|Y|Z653|Y|N1830|Y|R809|Y|E1122|N|R809|Y|G43719|Y|E785|Y|I1310|N|E1121|Y|E781|Y|R931|Y|E119|Y|I259|Y|E8881|Y|E669|Y|R7303|Y|D649|Y|P292|Y|Z560|Y|Z7289|Y|||||W86|W86|Y| | | | | | | | | | | | | | | | | | | | | | |Z741|23-Nov-2021|Z1331|23-Nov-2021|Z1331|23-Nov-2021|F1990|23-Nov-2021|Z715|23-Nov-2021|||||||||||||||||||||||||||||||||||||||||0|0||1|450|96156|3.0|2021-11-24T00:00:00|hospital_B|hospital_B_20211123
SYN_BENE_1484621FB4F6|SYN_CLM_F2DB149404AC|V|60|23-Nov-2021|23-Nov-2021|26-Nov-2021||3|491581|1|1|1|| |950.31|0.0| ||49|1063523132| |9999868992| |9999868992|||0|1| |950.31|23-Nov-2021|1|4|A|10|0.0|190.06|0|4|0.0|0.0|0|0|0|0|0|0|0|0|0|0|0|0|0|||||23-Nov-2021|951.0|0|0||Z608|Z608|Y|Z733|Y|G309|Y|Z653|Y|N1830|Y|R809|Y|E1122|N|R809|Y|G43719|Y|E785|Y|I1310|N|E1121|Y|E781|Y|R931|Y|E119|Y|I259|Y|E8881|Y|E669|Y|R7303|Y|D649|Y|P292|Y|Z560|Y|Z7289|Y|||||W86|W86|Y| | | | | | | | | | | | | | | | | | | | | | |Z741|23-Nov-2021|Z1331|23-Nov-2021|Z1331|23-Nov-2021|F1990|23-Nov-2021|Z715|23-Nov-2021|||||||||||||||||||||||||||||||||||||||||0|0||2|450|G0444|3.0|2021-11-24T00:00:00|hospital_B|hospital_B_20211123
SYN_BENE_1484621FB4F6|SYN_CLM_F2DB149404AC|V|60|23-Nov-2021|23-Nov-2021|26-Nov-2021||3|491581|1|1|1|| |950.31|0.0| ||49|1063523132| |9999868992| |9999868992|||0|1| |950.31|23-Nov-2021|1|4|A|10|0.0|190.06|0|4|0.0|0.0|0|0|0|0|0|0|0|0|0|0|0|0|0|||||23-Nov-2021|951.0|0|0||Z608|Z608|Y|Z733|Y|G309|Y|Z653|Y|N1830|Y|R809|Y|E1122|N|R809|Y|G43719|Y|E785|Y|I1310|N|E1121|Y|E781|Y|R931|Y|E119|Y|I259|Y|E8881|Y|E669|Y|R7303|Y|D649|Y|P292|Y|Z560|Y|Z7289|Y|||||W86|W86|Y| | | | | | | | | | | | | | | | | | | | | | |Z741|23-Nov-2021|Z1331|23-Nov-2021|Z1331|23-Nov-2021|F1990|23-Nov-2021|Z715|23-Nov-2021|||||||||||||||||||||||||||||||||||||||||0|0||3|450|G0444|3.0|2021-11-24T00:00:00|hospital_B|hospital_B_20211123
SYN_BENE_1484621FB4F6|SYN_CLM_F2DB149404AC|V|60|23-Nov-2021|23-Nov-2021|26-Nov-2021||3|491581|1|1|1|| |950.31|0.0| ||49|1063523132| |9999868992| |9999868992|||0|1| |950.31|23-Nov-2021|1|4|A|10|0.0|190.06|0|4|0.0|0.0|0|0|0|0|0|0|0|0|0|0|0|0|0|||||23-Nov-2021|951.0|0|0||Z608|Z608|Y|Z733|Y|G309|Y|Z653|Y|N1830|Y|R809|Y|E1122|N|R809|Y|G43719|Y|E785|Y|I1310|N|E1121|Y|E781|Y|R931|Y|E119|Y|I259|Y|E8881|Y|E669|Y|R7303|Y|D649|Y|P292|Y|Z560|Y|Z7289|Y|||||W86|W86|Y| | | | | | | | | | | | | | | | | | | | | | |Z741|23-Nov-2021|Z1331|23-Nov-2021|Z1331|23-Nov-2021|F1990|23-Nov-2021|Z715|23-Nov-2021|||||||||||||||||||||||||||||||||||||||||0|0||4|450|99408|3.0|2021-11-24T00:00:00|hospital_B|hospital_B_20211123
SYN_BENE_1484621FB4F6|SYN_CLM_F2DB149404AC|V|60|23-Nov-2021|23-Nov-2021|26-Nov-2021||3|491581|1|1|1|| |950.31|0.0| ||49|1063523132| |9999868992| |9999868992|||0|1| |950.31|23-Nov-2021|1|4|A|10|0.0|190.06|0|4|0.0|0.0|0|0|0|0|0|0|0|0|0|0|0|0|0|||||23-Nov-2021|951.0|0|0||Z608|Z608|Y|Z733|Y|G309|Y|Z653|Y|N1830|Y|R809|Y|E1122|N|R809|Y|G43719|Y|E785|Y|I1310|N|E1121|Y|E781|Y|R931|Y|E119|Y|I259|Y|E8881|Y|E669|Y|R7303|Y|D649|Y|P292|Y|Z560|Y|Z7289|Y|||||W86|W86|Y| | | | | | | | | | | | | | | | | | | | | | |Z741|23-Nov-2021|Z1331|23-Nov-2021|Z1331|23-Nov-2021|F1990|23-Nov-2021|Z715|23-Nov-2021|||||||||||||||||||||||||||||||||||||||||0|0||5|450|99408|3.0|2021-11-24T00:00:00|hospital_B|hospital_B_20211123
SYN_BENE_B93E939D742E|SYN_CLM_065A810EECF0|V|60|23-Nov-2021|23-Nov-2021|26-Nov-2021||3|491581|1|1|1|| |950.31|0.0| ||49|1063523132| |9999868992| |9999868992|||0|1| |950.31|23-Nov-2021|1|4|A|10|0.0|190.06|0|4|0.0|0.0|0|0|0|0|0|0|0|0|0|0|0|0|0|||||23-Nov-2021|951.0|0|0||Z608|Z608|Y|Z733|Y|G309|Y|Z653|Y|N1830|Y|R809|Y|E1122|N|R809|Y|G43719|Y|E785|Y|I1310|N|E1121|Y|E781|Y|R931|Y|E119|Y|I259|Y|E8881|Y|E669|Y|R7303|Y|D649|Y|P292|Y|Z560|Y|Z7289|Y|||||W86|W86|Y| | | | | | | | | | | | | | | | | | | | | | |Z741|23-Nov-2021|Z1331|23-Nov-2021|Z1331|23-Nov-2021|F1990|23-Nov-2021|Z715|23-Nov-2021|||||||||||||||||||||||||||||||||||||||||0|0||1|450|96156|3.0|2021-11-24T00:00:00|hospital_B|hospital_B_20211123
SYN_BENE_B93E939D742E|SYN_CLM_065A810EECF0|V|60|23-Nov-2021|23-Nov-2021|26-Nov-2021||3|491581|1|1|1|| |950.31|0.0| ||49|1063523132| |9999868992| |9999868992|||0|1| |950.31|23-Nov-2021|1|4|A|10|0.0|190.06|0|4|0.0|0.0|0|0|0|0|0|0|0|0|0|0|0|0|0|||||23-Nov-2021|951.0|0|0||Z608|Z608|Y|Z733|Y|G309|Y|Z653|Y|N1830|Y|R809|Y|E1122|N|R809|Y|G43719|Y|E785|Y|I1310|N|E1121|Y|E781|Y|R931|Y|E119|Y|I259|Y|E8881|Y|E669|Y|R7303|Y|D649|Y|P292|Y|Z560|Y|Z7289|Y|||||W86|W86|Y| | | | | | | | | | | | | | | | | | | | | | |Z741|23-Nov-2021|Z1331|23-Nov-2021|Z1331|23-Nov-2021|F1990|23-Nov-2021|Z715|23-Nov-2021|||||||||||||||||||||||||||||||||||||||||0|0||2|450|G0444|3.0|2021-11-24T00:00:00|hospital_B|hospital_B_20211123
SYN_BENE_B93E939D742E|SYN_CLM_065A810EECF0|V|60|23-Nov-2021|23-Nov-2021|26-Nov-2021||3|491581|1|1|1|| |950.31|0.0| ||49|1063523132| |9999868992| |9999868992|||0|1| |950.31|23-Nov-2021|1|4|A|10|0.0|190.06|0|4|0.0|0.0|0|0|0|0|0|0|0|0|0|0|0|0|0|||||23-Nov-2021|951.0|0|0||Z608|Z608|Y|Z733|Y|G309|Y|Z653|Y|N1830|Y|R809|Y|E1122|N|R809|Y|G43719|Y|E785|Y|I1310|N|E1121|Y|E781|Y|R931|Y|E119|Y|I259|Y|E8881|Y|E669|Y|R7303|Y|D649|Y|P292|Y|Z560|Y|Z7289|Y|||||W86|W86|Y| | | | | | | | | | | | | | | | | | | | | | |Z741|23-Nov-2021|Z1331|23-Nov-2021|Z1331|23-Nov-2021|F1990|23-Nov-2021|Z715|23-Nov-2021|||||||||||||||||||||||||||||||||||||||||0|0||3|450|G0444|3.0|2021-11-24T00:00:00|hospital_B|hospital_B_20211123
SYN_BENE_B93E939D742E|SYN_CLM_065A810EECF0|V|60|23-Nov-2021|23-Nov-2021|26-Nov-2021||3|491581|1|1|1|| |950.31|0.0| ||49|1063523132| |9999868992| |9999868992|||0|1| |950.31|23-Nov-2021|1|4|A|10|0.0|190.06|0|4|0.0|0.0|0|0|0|0|0|0|0|0|0|0|0|0|0|||||23-Nov-2021|951.0|0|0||Z608|Z608|Y|Z733|Y|G309|Y|Z653|Y|N1830|Y|R809|Y|E1122|N|R809|Y|G43719|Y|E785|Y|I1310|N|E1121|Y|E781|Y|R931|Y|E119|Y|I259|Y|E8881|Y|E669|Y|R7303|Y|D649|Y|P292|Y|Z560|Y|Z7289|Y|||||W86|W86|Y| | | | | | | | | | | | | | | | | | | | | | |Z741|23-Nov-2021|Z1331|23-Nov-2021|Z1331|23-Nov-2021|F1990|23-Nov-2021|Z715|23-Nov-2021|||||||||||||||||||||||||||||||||||||||||0|0||4|450|99408|3.0|2021-11-24T00:00:00|hospital_B|hospital_B_20211123
SYN_BENE_B93E939D742E|SYN_CLM_065A810EECF0|V|60|23-Nov-2021|23-Nov-2021|26-Nov-2021||3|491581|1|1|1|| |950.31|0.0| ||49|1063523132| |9999868992| |9999868992|||0|1| |950.31|23-Nov-2021|1|4|A|10|0.0|190.06|0|4|0.0|0.0|0|0|0|0|0|0|0|0|0|0|0|0|0|||||23-Nov-2021|951.0|0|0||Z608|Z608|Y|Z733|Y|G309|Y|Z653|Y|N1830|Y|R809|Y|E1122|N|R809|Y|G43719|Y|E785|Y|I1310|N|E1121|Y|E781|Y|R931|Y|E119|Y|I259|Y|E8881|Y|E669|Y|R7303|Y|D649|Y|P292|Y|Z560|Y|Z7289|Y|||||W86|W86|Y| | | | | | | | | | | | | | | | | | | | | | |Z741|23-Nov-2021|Z1331|23-Nov-2021|Z1331|23-Nov-2021|F1990|23-Nov-2021|Z715|23-Nov-2021|||||||||||||||||||||||||||||||||||||||||0|0||5|450|99408|3.0|2021-11-24T00:00:00|hospital_B|hospital_B_20211123
SYN_BENE_4AF0E7F41C08|SYN_CLM_247617D38A93|V|60|23-Nov-2021|23-Nov-2021|26-Nov-2021||3|491581|1|1|1|| |950.31|0.0| ||49|1063523132| |9999868992| |9999868992|||0|1| |950.31|23-Nov-2021|1|4|A|10|0.0|190.06|0|4|0.0|0.0|0|0|0|0|0|0|0|0|0|0|0|0|0|||||23-Nov-2021|951.0|0|0||Z608|Z608|Y|Z733|Y|G309|Y|Z653|Y|N1830|Y|R809|Y|E1122|N|R809|Y|G43719|Y|E785|Y|I1310|N|E1121|Y|E781|Y|R931|Y|E119|Y|I259|Y|E8881|Y|E669|Y|R7303|Y|D649|Y|P292|Y|Z560|Y|Z7289|Y|||||W86|W86|Y| | | | | | | | | | | | | | | | | | | | | | |Z741|23-Nov-2021|Z1331|23-Nov-2021|Z1331|23-Nov-2021|F1990|23-Nov-2021|Z715|23-Nov-2021|||||||||||||||||||||||||||||||||||||||||0|0||1|450|96156|3.0|2021-11-24T00:00:00|hospital_B|hospital_B_20211123
SYN_BENE_4AF0E7F41C08|SYN_CLM_247617D38A93|V|60|23-Nov-2021|23-Nov-2021|26-Nov-2021||3|491581|1|1|1|| |950.31|0.0| ||49|1063523132| |9999868992| |9999868992|||0|1| |950.31|23-Nov-2021|1|4|A|10|0.0|190.06|0|4|0.0|0.0|0|0|0|0|0|0|0|0|0|0|0|0|0|||||23-Nov-2021|951.0|0|0||Z608|Z608|Y|Z733|Y|G309|Y|Z653|Y|N1830|Y|R809|Y|E1122|N|R809|Y|G43719|Y|E785|Y|I1310|N|E1121|Y|E781|Y|R931|Y|E119|Y|I259|Y|E8881|Y|E669|Y|R7303|Y|D649|Y|P292|Y|Z560|Y|Z7289|Y|||||W86|W86|Y| | | | | | | | | | | | | | | | | | | | | | |Z741|23-Nov-2021|Z1331|23-Nov-2021|Z1331|23-Nov-2021|F1990|23-Nov-2021|Z715|23-Nov-2021|||||||||||||||||||||||||||||||||||||||||0|0||2|450|G0444|3.0|2021-11-24T00:00:00|hospital_B|hospital_B_20211123
SYN_BENE_4AF0E7F41C08|SYN_CLM_247617D38A93|V|60|23-Nov-2021|23-Nov-2021|26-Nov-2021||3|491581|1|1|1|| |950.31|0.0| ||49|1063523132| |9999868992| |9999868992|||0|1| |950.31|23-Nov-2021|1|4|A|10|0.0|190.06|0|4|0.0|0.0|0|0|0|0|0|0|0|0|0|0|0|0|0|||||23-Nov-2021|951.0|0|0||Z608|Z608|Y|Z733|Y|G309|Y|Z653|Y|N1830|Y|R809|Y|E1122|N|R809|Y|G43719|Y|E785|Y|I1310|N|E1121|Y|E781|Y|R931|Y|E119|Y|I259|Y|E8881|Y|E669|Y|R7303|Y|D649|Y|P292|Y|Z560|Y|Z7289|Y|||||W86|W86|Y| | | | | | | | | | | | | | | | | | | | | | |Z741|23-Nov-2021|Z1331|23-Nov-2021|Z1331|23-Nov-2021|F1990|23-Nov-2021|Z715|23-Nov-2021|||||||||||||||||||||||||||||||||||||||||0|0||3|450|G0444|3.0|2021-11-24T00:00:00|hospital_B|hospital_B_20211123
SYN_BENE_4AF0E7F41C08|SYN_CLM_247617D38A93|V|60|23-Nov-2021|23-Nov-2021|26-Nov-2021||3|491581|1|1|1|| |950.31|0.0| ||49|1063523132| |9999868992| |9999868992|||0|1| |950.31|23-Nov-2021|1|4|A|10|0.0|190.06|0|4|0.0|0.0|0|0|0|0|0|0|0|0|0|0|0|0|0|||||23-Nov-2021|951.0|0|0||Z608|Z608|Y|Z733|Y|G309|Y|Z653|Y|N1830|Y|R809|Y|E1122|N|R809|Y|G43719|Y|E785|Y|I1310|N|E1121|Y|E781|Y|R931|Y|E119|Y|I259|Y|E8881|Y|E669|Y|R7303|Y|D649|Y|P292|Y|Z560|Y|Z7289|Y|||||W86|W86|Y| | | | | | | | | | | | | | | | | | | | | | |Z741|23-Nov-2021|Z1331|23-Nov-2021|Z1331|23-Nov-2021|F1990|23-Nov-2021|Z715|23-Nov-2021|||||||||||||||||||||||||||||||||||||||||0|0||4|450|99408|3.0|2021-11-24T00:00:00|hospital_B|hospital_B_20211123
SYN_BENE_4AF0E7F41C08|SYN_CLM_247617D38A93|V|60|23-Nov-2021|23-Nov-2021|26-Nov-2021||3|491581|1|1|1|| |950.31|0.0| ||49|1063523132| |9999868992| |9999868992|||0|1| |950.31|23-Nov-2021|1|4|A|10|0.0|190.06|0|4|0.0|0.0|0|0|0|0|0|0|0|0|0|0|0|0|0|||||23-Nov-2021|951.0|0|0||Z608|Z608|Y|Z733|Y|G309|Y|Z653|Y|N1830|Y|R809|Y|E1122|N|R809|Y|G43719|Y|E785|Y|I1310|N|E1121|Y|E781|Y|R931|Y|E119|Y|I259|Y|E8881|Y|E669|Y|R7303|Y|D649|Y|P292|Y|Z560|Y|Z7289|Y|||||W86|W86|Y| | | | | | | | | | | | | | | | | | | | | | |Z741|23-Nov-2021|Z1331|23-Nov-2021|Z1331|23-Nov-2021|F1990|23-Nov-2021|Z715|23-Nov-2021|||||||||||||||||||||||||||||||||||||||||0|0||5|450|99408|3.0|2021-11-24T00:00:00|hospital_B|hospital_B_20211123
SYN_BENE_9A7CA43FBF0D|SYN_CLM_BD83E5B45D33|V|60|23-Nov-2021|23-Nov-2021|26-Nov-2021||3|491581|1|1|1|| |950.31|0.0| ||49|1063523132| |9999868992| |9999868992|||0|1| |950.31|23-Nov-2021|1|4|A|10|0.0|190.06|0|4|0.0|0.0|0|0|0|0|0|0|0|0|0|0|0|0|0|||||23-Nov-2021|951.0|0|0||Z608|Z608|Y|Z733|Y|G309|Y|Z653|Y|N1830|Y|R809|Y|E1122|N|R809|Y|G43719|Y|E785|Y|I1310|N|E1121|Y|E781|Y|R931|Y|E119|Y|I259|Y|E8881|Y|E669|Y|R7303|Y|D649|Y|P292|Y|Z560|Y|Z7289|Y|||||W86|W86|Y| | | | | | | | | | | | | | | | | | | | | | |Z741|23-Nov-2021|Z1331|23-Nov-2021|Z1331|23-Nov-2021|F1990|23-Nov-2021|Z715|23-Nov-2021|||||||||||||||||||||||||||||||||||||||||0|0||1|450|96156|3.0|2021-11-24T00:00:00|hospital_B|hospital_B_20211123
SYN_BENE_9A7CA43FBF0D|SYN_CLM_BD83E5B45D33|V|60|23-Nov-2021|23-Nov-2021|26-Nov-2021||3|491581|1|1|1|| |950.31|0.0| ||49|1063523132| |9999868992| |9999868992|||0|1| |950.31|23-Nov-2021|1|4|A|10|0.0|190.06|0|4|0.0|0.0|0|0|0|0|0|0|0|0|0|0|0|0|0|||||23-Nov-2021|951.0|0|0||Z608|Z608|Y|Z733|Y|G309|Y|Z653|Y|N1830|Y|R809|Y|E1122|N|R809|Y|G43719|Y|E785|Y|I1310|N|E1121|Y|E781|Y|R931|Y|E119|Y|I259|Y|E8881|Y|E669|Y|R7303|Y|D649|Y|P292|Y|Z560|Y|Z7289|Y|||||W86|W86|Y| | | | | | | | | | | | | | | | | | | | | | |Z741|23-Nov-2021|Z1331|23-Nov-2021|Z1331|23-Nov-2021|F1990|23-Nov-2021|Z715|23-Nov-2021|||||||||||||||||||||||||||||||||||||||||0|0||2|450|G0444|3.0|2021-11-24T00:00:00|hospital_B|hospital_B_20211123
SYN_BENE_9A7CA43FBF0D|SYN_CLM_BD83E5B45D33|V|60|23-Nov-2021|23-Nov-2021|26-Nov-2021||3|491581|1|1|1|| |950.31|0.0| ||49|1063523132| |9999868992| |9999868992|||0|1| |950.31|23-Nov-2021|1|4|A|10|0.0|190.06|0|4|0.0|0.0|0|0|0|0|0|0|0|0|0|0|0|0|0|||||23-Nov-2021|951.0|0|0||Z608|Z608|Y|Z733|Y|G309|Y|Z653|Y|N1830|Y|R809|Y|E1122|N|R809|Y|G43719|Y|E785|Y|I1310|N|E1121|Y|E781|Y|R931|Y|E119|Y|I259|Y|E8881|Y|E669|Y|R7303|Y|D649|Y|P292|Y|Z560|Y|Z7289|Y|||||W86|W86|Y| | | | | | | | | | | | | | | | | | | | | | |Z741|23-Nov-2021|Z1331|23-Nov-2021|Z1331|23-Nov-2021|F1990|23-Nov-2021|Z715|23-Nov-2021|||||||||||||||||||||||||||||||||||||||||0|0||3|450|G0444|3.0|2021-11-24T00:00:00|hospital_B|hospital_B_20211123
SYN_BENE_9A7CA43FBF0D|SYN_CLM_BD83E5B45D33|V|60|23-Nov-2021|23-Nov-2021|26-Nov-2021||3|491581|1|1|1|| |950.31|0.0| ||49|1063523132| |9999868992| |9999868992|||0|1| |950.31|23-Nov-2021|1|4|A|10|0.0|190.06|0|4|0.0|0.0|0|0|0|0|0|0|0|0|0|0|0|0|0|||||23-Nov-2021|951.0|0|0||Z608|Z608|Y|Z733|Y|G309|Y|Z653|Y|N1830|Y|R809|Y|E1122|N|R809|Y|G43719|Y|E785|Y|I1310|N|E1121|Y|E781|Y|R931|Y|E119|Y|I259|Y|E8881|Y|E669|Y|R7303|Y|D649|Y|P292|Y|Z560|Y|Z7289|Y|||||W86|W86|Y| | | | | | | | | | | | | | | | | | | | | | |Z741|23-Nov-2021|Z1331|23-Nov-2021|Z1331|23-Nov-2021|F1990|23-Nov-2021|Z715|23-Nov-2021|||||||||||||||||||||||||||||||||||||||||0|0||4|450|99408|3.0|2021-11-24T00:00:00|hospital_B|hospital_B_20211123
SYN_BENE_9A7CA43FBF0D|SYN_CLM_BD83E5B45D33|V|60|23-Nov-2021|23-Nov-2021|26-Nov-2021||3|491581|1|1|1|| |950.31|0.0| ||49|1063523132| |9999868992| |9999868992|||0|1| |950.31|23-Nov-2021|1|4|A|10|0.0|190.06|0|4|0.0|0.0|0|0|0|0|0|0|0|0|0|0|0|0|0|||||23-Nov-2021|951.0|0|0||Z608|Z608|Y|Z733|Y|G309|Y|Z653|Y|N1830|Y|R809|Y|E1122|N|R809|Y|G43719|Y|E785|Y|I1310|N|E1121|Y|E781|Y|R931|Y|E119|Y|I259|Y|E8881|Y|E669|Y|R7303|Y|D649|Y|P292|Y|Z560|Y|Z7289|Y|||||W86|W86|Y| | | | | | | | | | | | | | | | | | | | | | |Z741|23-Nov-2021|Z1331|23-Nov-2021|Z1331|23-Nov-2021|F1990|23-Nov-2021|Z715|23-Nov-2021|||||||||||||||||||||||||||||||||||||||||0|0||5|450|99408|3.0|2021-11-24T00:00:00|hospital_B|hospital_B_20211123
SYN_BENE_19CAA7549AB3|SYN_CLM_183269AF0DF1|V|60|23-Nov-2021|23-Nov-2021|26-Nov-2021||3|491581|1|1|1|| |950.31|0.0| ||49|1063523132| |9999868992| |9999868992|||0|1| |950.31|23-Nov-2021|1|4|A|10|0.0|190.06|0|4|0.0|0.0|0|0|0|0|0|0|0|0|0|0|0|0|0|||||23-Nov-2021|951.0|0|0||Z608|Z608|Y|Z733|Y|G309|Y|Z653|Y|N1830|Y|R809|Y|E1122|N|R809|Y|G43719|Y|E785|Y|I1310|N|E1121|Y|E781|Y|R931|Y|E119|Y|I259|Y|E8881|Y|E669|Y|R7303|Y|D649|Y|P292|Y|Z560|Y|Z7289|Y|||||W86|W86|Y| | | | | | | | | | | | | | | | | | | | | | |Z741|23-Nov-2021|Z1331|23-Nov-2021|Z1331|23-Nov-2021|F1990|23-Nov-2021|Z715|23-Nov-2021|||||||||||||||||||||||||||||||||||||||||0|0||1|450|96156|3.0|2021-11-24T00:00:00|hospital_B|hospital_B_20211123
SYN_BENE_19CAA7549AB3|SYN_CLM_183269AF0DF1|V|60|23-Nov-2021|23-Nov-2021|26-Nov-2021||3|491581|1|1|1|| |950.31|0.0| ||49|1063523132| |9999868992| |9999868992|||0|1| |950.31|23-Nov-2021|1|4|A|10|0.0|190.06|0|4|0.0|0.0|0|0|0|0|0|0|0|0|0|0|0|0|0|||||23-Nov-2021|951.0|0|0||Z608|Z608|Y|Z733|Y|G309|Y|Z653|Y|N1830|Y|R809|Y|E1122|N|R809|Y|G43719|Y|E785|Y|I1310|N|E1121|Y|E781|Y|R931|Y|E119|Y|I259|Y|E8881|Y|E669|Y|R7303|Y|D649|Y|P292|Y|Z560|Y|Z7289|Y|||||W86|W86|Y| | | | | | | | | | | | | | | | | | | | | | |Z741|23-Nov-2021|Z1331|23-Nov-2021|Z1331|23-Nov-2021|F1990|23-Nov-2021|Z715|23-Nov-2021|||||||||||||||||||||||||||||||||||||||||0|0||2|450|G0444|3.0|2021-11-24T00:00:00|hospital_B|hospital_B_20211123
SYN_BENE_19CAA7549AB3|SYN_CLM_183269AF0DF1|V|60|23-Nov-2021|23-Nov-2021|26-Nov-2021||3|491581|1|1|1|| |950.31|0.0| ||49|1063523132| |9999868992| |9999868992|||0|1| |950.31|23-Nov-2021|1|4|A|10|0.0|190.06|0|4|0.0|0.0|0|0|0|0|0|0|0|0|0|0|0|0|0|||||23-Nov-2021|951.0|0|0||Z608|Z608|Y|Z733|Y|G309|Y|Z653|Y|N1830|Y|R809|Y|E1122|N|R809|Y|G43719|Y|E785|Y|I1310|N|E1121|Y|E781|Y|R931|Y|E119|Y|I259|Y|E8881|Y|E669|Y|R7303|Y|D649|Y|P292|Y|Z560|Y|Z7289|Y|||||W86|W86|Y| | | | | | | | | | | | | | | | | | | | | | |Z741|23-Nov-2021|Z1331|23-Nov-2021|Z1331|23-Nov-2021|F1990|23-Nov-2021|Z715|23-Nov-2021|||||||||||||||||||||||||||||||||||||||||0|0||3|450|G0444|3.0|2021-11-24T00:00:00|hospital_B|hospital_B_20211123
SYN_BENE_19CAA7549AB3|SYN_CLM_183269AF0DF1|V|60|23-Nov-2021|23-Nov-2021|26-Nov-2021||3|491581|1|1|1|| |950.31|0.0| ||49|1063523132| |9999868992| |9999868992|||0|1| |950.31|23-Nov-2021|1|4|A|10|0.0|190.06|0|4|0.0|0.0|0|0|0|0|0|0|0|0|0|0|0|0|0|||||23-Nov-2021|951.0|0|0||Z608|Z608|Y|Z733|Y|G309|Y|Z653|Y|N1830|Y|R809|Y|E1122|N|R809|Y|G43719|Y|E785|Y|I1310|N|E1121|Y|E781|Y|R931|Y|E119|Y|I259|Y|E8881|Y|E669|Y|R7303|Y|D649|Y|P292|Y|Z560|Y|Z7289|Y|||||W86|W86|Y| | | | | | | | | | | | | | | | | | | | | | |Z741|23-Nov-2021|Z1331|23-Nov-2021|Z1331|23-Nov-2021|F1990|23-Nov-2021|Z715|23-Nov-2021|||||||||||||||||||||||||||||||||||||||||0|0||4|450|99408|3.0|2021-11-24T00:00:00|hospital_B|hospital_B_20211123
SYN_BENE_19CAA7549AB3|SYN_CLM_183269AF0DF1|V|60|23-Nov-2021|23-Nov-2021|26-Nov-2021||3|491581|1|1|1|| |950.31|0.0| ||49|1063523132| |9999868992| |9999868992|||0|1| |950.31|23-Nov-2021|1|4|A|10|0.0|190.06|0|4|0.0|0.0|0|0|0|0|0|0|0|0|0|0|0|0|0|||||23-Nov-2021|951.0|0|0||Z608|Z608|Y|Z733|Y|G309|Y|Z653|Y|N1830|Y|R809|Y|E1122|N|R809|Y|G43719|Y|E785|Y|I1310|N|E1121|Y|E781|Y|R931|Y|E119|Y|I259|Y|E8881|Y|E669|Y|R7303|Y|D649|Y|P292|Y|Z560|Y|Z7289|Y|||||W86|W86|Y| | | | | | | | | | | | | | | | | | | | | | |Z741|23-Nov-2021|Z1331|23-Nov-2021|Z1331|23-Nov-2021|F1990|23-Nov-2021|Z715|23-Nov-2021|||||||||||||||||||||||||||||||||||||||||0|0||5|450|99408|3.0|2021-11-24T00:00:00|hospital_B|hospital_B_20211123
SYN_BENE_E5152FD3C8C4|SYN_CLM_FFE3CF0E1D25|V|60|23-Nov-2021|23-Nov-2021|26-Nov-2021||3|491581|1|1|1|| |950.31|0.0| ||49|1063523132| |9999868992| |9999868992|||0|1| |950.31|23-Nov-2021|1|4|A|10|0.0|190.06|0|4|0.0|0.0|0|0|0|0|0|0|0|0|0|0|0|0|0|||||23-Nov-2021|951.0|0|0||Z608|Z608|Y|Z733|Y|G309|Y|Z653|Y|N1830|Y|R809|Y|E1122|N|R809|Y|G43719|Y|E785|Y|I1310|N|E1121|Y|E781|Y|R931|Y|E119|Y|I259|Y|E8881|Y|E669|Y|R7303|Y|D649|Y|P292|Y|Z560|Y|Z7289|Y|||||W86|W86|Y| | | | | | | | | | | | | | | | | | | | | | |Z741|23-Nov-2021|Z1331|23-Nov-2021|Z1331|23-Nov-2021|F1990|23-Nov-2021|Z715|23-Nov-2021|||||||||||||||||||||||||||||||||||||||||0|0||1|450|96156|3.0|2021-11-24T00:00:00|hospital_B|hospital_B_20211123
SYN_BENE_E5152FD3C8C4|SYN_CLM_FFE3CF0E1D25|V|60|23-Nov-2021|23-Nov-2021|26-Nov-2021||3|491581|1|1|1|| |950.31|0.0| ||49|1063523132| |9999868992| |9999868992|||0|1| |950.31|23-Nov-2021|1|4|A|10|0.0|190.06|0|4|0.0|0.0|0|0|0|0|0|0|0|0|0|0|0|0|0|||||23-Nov-2021|951.0|0|0||Z608|Z608|Y|Z733|Y|G309|Y|Z653|Y|N1830|Y|R809|Y|E1122|N|R809|Y|G43719|Y|E785|Y|I1310|N|E1121|Y|E781|Y|R931|Y|E119|Y|I259|Y|E8881|Y|E669|Y|R7303|Y|D649|Y|P292|Y|Z560|Y|Z7289|Y|||||W86|W86|Y| | | | | | | | | | | | | | | | | | | | | | |Z741|23-Nov-2021|Z1331|23-Nov-2021|Z1331|23-Nov-2021|F1990|23-Nov-2021|Z715|23-Nov-2021|||||||||||||||||||||||||||||||||||||||||0|0||2|450|G0444|3.0|2021-11-24T00:00:00|hospital_B|hospital_B_20211123
SYN_BENE_E5152FD3C8C4|SYN_CLM_FFE3CF0E1D25|V|60|23-Nov-2021|23-Nov-2021|26-Nov-2021||3|491581|1|1|1|| |950.31|0.0| ||49|1063523132| |9999868992| |9999868992|||0|1| |950.31|23-Nov-2021|1|4|A|10|0.0|190.06|0|4|0.0|0.0|0|0|0|0|0|0|0|0|0|0|0|0|0|||||23-Nov-2021|951.0|0|0||Z608|Z608|Y|Z733|Y|G309|Y|Z653|Y|N1830|Y|R809|Y|E1122|N|R809|Y|G43719|Y|E785|Y|I1310|N|E1121|Y|E781|Y|R931|Y|E119|Y|I259|Y|E8881|Y|E669|Y|R7303|Y|D649|Y|P292|Y|Z560|Y|Z7289|Y|||||W86|W86|Y| | | | | | | | | | | | | | | | | | | | | | |Z741|23-Nov-2021|Z1331|23-Nov-2021|Z1331|23-Nov-2021|F1990|23-Nov-2021|Z715|23-Nov-2021|||||||||||||||||||||||||||||||||||||||||0|0||3|450|G0444|3.0|2021-11-24T00:00:00|hospital_B|hospital_B_20211123
SYN_BENE_E5152FD3C8C4|SYN_CLM_FFE3CF0E1D25|V|60|23-Nov-2021|23-Nov-2021|26-Nov-2021||3|491581|1|1|1|| |950.31|0.0| ||49|1063523132| |9999868992| |9999868992|||0|1| |950.31|23-Nov-2021|1|4|A|10|0.0|190.06|0|4|0.0|0.0|0|0|0|0|0|0|0|0|0|0|0|0|0|||||23-Nov-2021|951.0|0|0||Z608|Z608|Y|Z733|Y|G309|Y|Z653|Y|N1830|Y|R809|Y|E1122|N|R809|Y|G43719|Y|E785|Y|I1310|N|E1121|Y|E781|Y|R931|Y|E119|Y|I259|Y|E8881|Y|E669|Y|R7303|Y|D649|Y|P292|Y|Z560|Y|Z7289|Y|||||W86|W86|Y| | | | | | | | | | | | | | | | | | | | | | |Z741|23-Nov-2021|Z1331|23-Nov-2021|Z1331|23-Nov-2021|F1990|23-Nov-2021|Z715|23-Nov-2021|||||||||||||||||||||||||||||||||||||||||0|0||4|450|99408|3.0|2021-11-24T00:00:00|hospital_B|hospital_B_20211123
SYN_BENE_E5152FD3C8C4|SYN_CLM_FFE3CF0E1D25|V|60|23-Nov-2021|23-Nov-2021|26-Nov-2021||3|491581|1|1|1|| |950.31|0.0| ||49|1063523132| |9999868992| |9999868992|||0|1| |950.31|23-Nov-2021|1|4|A|10|0.0|190.06|0|4|0.0|0.0|0|0|0|0|0|0|0|0|0|0|0|0|0|||||23-Nov-2021|951.0|0|0||Z608|Z608|Y|Z733|Y|G309|Y|Z653|Y|N1830|Y|R809|Y|E1122|N|R809|Y|G43719|Y|E785|Y|I1310|N|E1121|Y|E781|Y|R931|Y|E119|Y|I259|Y|E8881|Y|E669|Y|R7303|Y|D649|Y|P292|Y|Z560|Y|Z7289|Y|||||W86|W86|Y| | | | | | | | | | | | | | | | | | | | | | |Z741|23-Nov-2021|Z1331|23-Nov-2021|Z1331|23-Nov-2021|F1990|23-Nov-2021|Z715|23-Nov-2021|||||||||||||||||||||||||||||||||||||||||0|0||5|450|99408|3.0|2021-11-24T00:00:00|hospital_B|hospital_B_20211123
SYN_BENE_5074F0C2158C|SYN_CLM_B06391C8B440|V|60|23-Nov-2021|23-Nov-2021|26-Nov-2021||3|491581|1|1|1|| |950.31|0.0| ||49|1063523132| |9999868992| |9999868992|||0|1| |950.31|23-Nov-2021|1|4|A|10|0.0|190.06|0|4|0.0|0.0|0|0|0|0|0|0|0|0|0|0|0|0|0|||||23-Nov-2021|951.0|0|0||Z608|Z608|Y|Z733|Y|G309|Y|Z653|Y|N1830|Y|R809|Y|E1122|N|R809|Y|G43719|Y|E785|Y|I1310|N|E1121|Y|E781|Y|R931|Y|E119|Y|I259|Y|E8881|Y|E669|Y|R7303|Y|D649|Y|P292|Y|Z560|Y|Z7289|Y|||||W86|W86|Y| | | | | | | | | | | | | | | | | | | | | | |Z741|23-Nov-2021|Z1331|23-Nov-2021|Z1331|23-Nov-2021|F1990|23-Nov-2021|Z715|23-Nov-2021|||||||||||||||||||||||||||||||||||||||||0|0||1|450|96156|3.0|2021-11-24T00:00:00|hospital_B|hospital_B_20211123
SYN_BENE_5074F0C2158C|SYN_CLM_B06391C8B440|V|60|23-Nov-2021|23-Nov-2021|26-Nov-2021||3|491581|1|1|1|| |950.31|0.0| ||49|1063523132| |9999868992| |9999868992|||0|1| |950.31|23-Nov-2021|1|4|A|10|0.0|190.06|0|4|0.0|0.0|0|0|0|0|0|0|0|0|0|0|0|0|0|||||23-Nov-2021|951.0|0|0||Z608|Z608|Y|Z733|Y|G309|Y|Z653|Y|N1830|Y|R809|Y|E1122|N|R809|Y|G43719|Y|E785|Y|I1310|N|E1121|Y|E781|Y|R931|Y|E119|Y|I259|Y|E8881|Y|E669|Y|R7303|Y|D649|Y|P292|Y|Z560|Y|Z7289|Y|||||W86|W86|Y| | | | | | | | | | | | | | | | | | | | | | |Z741|23-Nov-2021|Z1331|23-Nov-2021|Z1331|23-Nov-2021|F1990|23-Nov-2021|Z715|23-Nov-2021|||||||||||||||||||||||||||||||||||||||||0|0||2|450|G0444|3.0|2021-11-24T00:00:00|hospital_B|hospital_B_20211123
SYN_BENE_5074F0C2158C|SYN_CLM_B06391C8B440|V|60|23-Nov-2021|23-Nov-2021|26-Nov-2021||3|491581|1|1|1|| |950.31|0.0| ||49|1063523132| |9999868992| |9999868992|||0|1| |950.31|23-Nov-2021|1|4|A|10|0.0|190.06|0|4|0.0|0.0|0|0|0|0|0|0|0|0|0|0|0|0|0|||||23-Nov-2021|951.0|0|0||Z608|Z608|Y|Z733|Y|G309|Y|Z653|Y|N1830|Y|R809|Y|E1122|N|R809|Y|G43719|Y|E785|Y|I1310|N|E1121|Y|E781|Y|R931|Y|E119|Y|I259|Y|E8881|Y|E669|Y|R7303|Y|D649|Y|P292|Y|Z560|Y|Z7289|Y|||||W86|W86|Y| | | | | | | | | | | | | | | | | | | | | | |Z741|23-Nov-2021|Z1331|23-Nov-2021|Z1331|23-Nov-2021|F1990|23-Nov-2021|Z715|23-Nov-2021|||||||||||||||||||||||||||||||||||||||||0|0||3|450|G0444|3.0|2021-11-24T00:00:00|hospital_B|hospital_B_20211123
SYN_BENE_5074F0C2158C|SYN_CLM_B06391C8B440|V|60|23-Nov-2021|23-Nov-2021|26-Nov-2021||3|491581|1|1|1|| |950.31|0.0| ||49|1063523132| |9999868992| |9999868992|||0|1| |950.31|23-Nov-2021|1|4|A|10|0.0|190.06|0|4|0.0|0.0|0|0|0|0|0|0|0|0|0|0|0|0|0|||||23-Nov-2021|951.0|0|0||Z608|Z608|Y|Z733|Y|G309|Y|Z653|Y|N1830|Y|R809|Y|E1122|N|R809|Y|G43719|Y|E785|Y|I1310|N|E1121|Y|E781|Y|R931|Y|E119|Y|I259|Y|E8881|Y|E669|Y|R7303|Y|D649|Y|P292|Y|Z560|Y|Z7289|Y|||||W86|W86|Y| | | | | | | | | | | | | | | | | | | | | | |Z741|23-Nov-2021|Z1331|23-Nov-2021|Z1331|23-Nov-2021|F1990|23-Nov-2021|Z715|23-Nov-2021|||||||||||||||||||||||||||||||||||||||||0|0||4|450|99408|3.0|2021-11-24T00:00:00|hospital_B|hospital_B_20211123
SYN_BENE_5074F0C2158C|SYN_CLM_B06391C8B440|V|60|23-Nov-2021|23-Nov-2021|26-Nov-2021||3|491581|1|1|1|| |950.31|0.0| ||49|1063523132| |9999868992| |9999868992|||0|1| |950.31|23-Nov-2021|1|4|A|10|0.0|190.06|0|4|0.0|0.0|0|0|0|0|0|0|0|0|0|0|0|0|0|||||23-Nov-2021|951.0|0|0||Z608|Z608|Y|Z733|Y|G309|Y|Z653|Y|N1830|Y|R809|Y|E1122|N|R809|Y|G43719|Y|E785|Y|I1310|N|E1121|Y|E781|Y|R931|Y|E119|Y|I259|Y|E8881|Y|E669|Y|R7303|Y|D649|Y|P292|Y|Z560|Y|Z7289|Y|||||W86|W86|Y| | | | | | | | | | | | | | | | | | | | | | |Z741|23-Nov-2021|Z1331|23-Nov-2021|Z1331|23-Nov-2021|F1990|23-Nov-2021|Z715|23-Nov-2021|||||||||||||||||||||||||||||||||||||||||0|0||5|450|99408|3.0|2021-11-24T00:00:00|hospital_B|hospital_B_20211123
SYN_BENE_57B45B99748E|SYN_CLM_2903D8C0B356|V|60|23-Nov-2021|23-Nov-2021|26-Nov-2021||3|491581|1|1|1|| |950.31|0.0| ||49|1063523132| |9999868992| |9999868992|||0|1| |950.31|23-Nov-2021|1|4|A|10|0.0|190.06|0|4|0.0|0.0|0|0|0|0|0|0|0|0|0|0|0|0|0|||||23-Nov-2021|951.0|0|0||Z608|Z608|Y|Z733|Y|G309|Y|Z653|Y|N1830|Y|R809|Y|E1122|N|R809|Y|G43719|Y|E785|Y|I1310|N|E1121|Y|E781|Y|R931|Y|E119|Y|I259|Y|E8881|Y|E669|Y|R7303|Y|D649|Y|P292|Y|Z560|Y|Z7289|Y|||||W86|W86|Y| | | | | | | | | | | | | | | | | | | | | | |Z741|23-Nov-2021|Z1331|23-Nov-2021|Z1331|23-Nov-2021|F1990|23-Nov-2021|Z715|23-Nov-2021|||||||||||||||||||||||||||||||||||||||||0|0||1|450|96156|3.0|2021-11-24T00:00:00|hospital_B|hospital_B_20211123
SYN_BENE_57B45B99748E|SYN_CLM_2903D8C0B356|V|60|23-Nov-2021|23-Nov-2021|26-Nov-2021||3|491581|1|1|1|| |950.31|0.0| ||49|1063523132| |9999868992| |9999868992|||0|1| |950.31|23-Nov-2021|1|4|A|10|0.0|190.06|0|4|0.0|0.0|0|0|0|0|0|0|0|0|0|0|0|0|0|||||23-Nov-2021|951.0|0|0||Z608|Z608|Y|Z733|Y|G309|Y|Z653|Y|N1830|Y|R809|Y|E1122|N|R809|Y|G43719|Y|E785|Y|I1310|N|E1121|Y|E781|Y|R931|Y|E119|Y|I259|Y|E8881|Y|E669|Y|R7303|Y|D649|Y|P292|Y|Z560|Y|Z7289|Y|||||W86|W86|Y| | | | | | | | | | | | | | | | | | | | | | |Z741|23-Nov-2021|Z1331|23-Nov-2021|Z1331|23-Nov-2021|F1990|23-Nov-2021|Z715|23-Nov-2021|||||||||||||||||||||||||||||||||||||||||0|0||2|450|G0444|3.0|2021-11-24T00:00:00|hospital_B|hospital_B_20211123
SYN_BENE_57B45B99748E|SYN_CLM_2903D8C0B356|V|60|23-Nov-2021|23-Nov-2021|26-Nov-2021||3|491581|1|1|1|| |950.31|0.0| ||49|1063523132| |9999868992| |9999868992|||0|1| |950.31|23-Nov-2021|1|4|A|10|0.0|190.06|0|4|0.0|0.0|0|0|0|0|0|0|0|0|0|0|0|0|0|||||23-Nov-2021|951.0|0|0||Z608|Z608|Y|Z733|Y|G309|Y|Z653|Y|N1830|Y|R809|Y|E1122|N|R809|Y|G43719|Y|E785|Y|I1310|N|E1121|Y|E781|Y|R931|Y|E119|Y|I259|Y|E8881|Y|E669|Y|R7303|Y|D649|Y|P292|Y|Z560|Y|Z7289|Y|||||W86|W86|Y| | | | | | | | | | | | | | | | | | | | | | |Z741|23-Nov-2021|Z1331|23-Nov-2021|Z1331|23-Nov-2021|F1990|23-Nov-2021|Z715|23-Nov-2021|||||||||||||||||||||||||||||||||||||||||0|0||3|450|G0444|3.0|2021-11-24T00:00:00|hospital_B|hospital_B_20211123
SYN_BENE_57B45B99748E|SYN_CLM_2903D8C0B356|V|60|23-Nov-2021|23-Nov-2021|26-Nov-2021||3|491581|1|1|1|| |950.31|0.0| ||49|1063523132| |9999868992| |9999868992|||0|1| |950.31|23-Nov-2021|1|4|A|10|0.0|190.06|0|4|0.0|0.0|0|0|0|0|0|0|0|0|0|0|0|0|0|||||23-Nov-2021|951.0|0|0||Z608|Z608|Y|Z733|Y|G309|Y|Z653|Y|N1830|Y|R809|Y|E1122|N|R809|Y|G43719|Y|E785|Y|I1310|N|E1121|Y|E781|Y|R931|Y|E119|Y|I259|Y|E8881|Y|E669|Y|R7303|Y|D649|Y|P292|Y|Z560|Y|Z7289|Y|||||W86|W86|Y| | | | | | | | | | | | | | | | | | | | | | |Z741|23-Nov-2021|Z1331|23-Nov-2021|Z1331|23-Nov-2021|F1990|23-Nov-2021|Z715|23-Nov-2021|||||||||||||||||||||||||||||||||||||||||0|0||4|450|99408|3.0|2021-11-24T00:00:00|hospital_B|hospital_B_20211123
SYN_BENE_57B45B99748E|SYN_CLM_2903D8C0B356|V|60|23-Nov-2021|23-Nov-2021|26-Nov-2021||3|491581|1|1|1|| |950.31|0.0| ||49|1063523132| |9999868992| |9999868992|||0|1| |950.31|23-Nov-2021|1|4|A|10|0.0|190.06|0|4|0.0|0.0|0|0|0|0|0|0|0|0|0|0|0|0|0|||||23-Nov-2021|951.0|0|0||Z608|Z608|Y|Z733|Y|G309|Y|Z653|Y|N1830|Y|R809|Y|E1122|N|R809|Y|G43719|Y|E785|Y|I1310|N|E1121|Y|E781|Y|R931|Y|E119|Y|I259|Y|E8881|Y|E669|Y|R7303|Y|D649|Y|P292|Y|Z560|Y|Z7289|Y|||||W86|W86|Y| | | | | | | | | | | | | | | | | | | | | | |Z741|23-Nov-2021|Z1331|23-Nov-2021|Z1331|23-Nov-2021|F1990|23-Nov-2021|Z715|23-Nov-2021|||||||||||||||||||||||||||||||||||||||||0|0||5|450|99408|3.0|2021-11-24T00:00:00|hospital_B|hospital_B_20211123
SYN_BENE_1A279DD96438|SYN_CLM_A01F360DB39D|V|60|23-Nov-2021|23-Nov-2021|26-Nov-2021||3|491581|1|1|1|| |950.31|0.0| ||49|1063523132| |9999868992| |9999868992|||0|1| |950.31|23-Nov-2021|1|4|A|10|0.0|190.06|0|4|0.0|0.0|0|0|0|0|0|0|0|0|0|0|0|0|0|||||23-Nov-2021|951.0|0|0||Z608|Z608|Y|Z733|Y|G309|Y|Z653|Y|N1830|Y|R809|Y|E1122|N|R809|Y|G43719|Y|E785|Y|I1310|N|E1121|Y|E781|Y|R931|Y|E119|Y|I259|Y|E8881|Y|E669|Y|R7303|Y|D649|Y|P292|Y|Z560|Y|Z7289|Y|||||W86|W86|Y| | | | | | | | | | | | | | | | | | | | | | |Z741|23-Nov-2021|Z1331|23-Nov-2021|Z1331|23-Nov-2021|F1990|23-Nov-2021|Z715|23-Nov-2021|||||||||||||||||||||||||||||||||||||||||0|0||1|450|96156|3.0|2021-11-24T00:00:00|hospital_B|hospital_B_20211123
SYN_BENE_1A279DD96438|SYN_CLM_A01F360DB39D|V|60|23-Nov-2021|23-Nov-2021|26-Nov-2021||3|491581|1|1|1|| |950.31|0.0| ||49|1063523132| |9999868992| |9999868992|||0|1| |950.31|23-Nov-2021|1|4|A|10|0.0|190.06|0|4|0.0|0.0|0|0|0|0|0|0|0|0|0|0|0|0|0|||||23-Nov-2021|951.0|0|0||Z608|Z608|Y|Z733|Y|G309|Y|Z653|Y|N1830|Y|R809|Y|E1122|N|R809|Y|G43719|Y|E785|Y|I1310|N|E1121|Y|E781|Y|R931|Y|E119|Y|I259|Y|E8881|Y|E669|Y|R7303|Y|D649|Y|P292|Y|Z560|Y|Z7289|Y|||||W86|W86|Y| | | | | | | | | | | | | | | | | | | | | | |Z741|23-Nov-2021|Z1331|23-Nov-2021|Z1331|23-Nov-2021|F1990|23-Nov-2021|Z715|23-Nov-2021|||||||||||||||||||||||||||||||||||||||||0|0||2|450|G0444|3.0|2021-11-24T00:00:00|hospital_B|hospital_B_20211123
SYN_BENE_1A279DD96438|SYN_CLM_A01F360DB39D|V|60|23-Nov-2021|23-Nov-2021|26-Nov-2021||3|491581|1|1|1|| |950.31|0.0| ||49|1063523132| |9999868992| |9999868992|||0|1| |950.31|23-Nov-2021|1|4|A|10|0.0|190.06|0|4|0.0|0.0|0|0|0|0|0|0|0|0|0|0|0|0|0|||||23-Nov-2021|951.0|0|0||Z608|Z608|Y|Z733|Y|G309|Y|Z653|Y|N1830|Y|R809|Y|E1122|N|R809|Y|G43719|Y|E785|Y|I1310|N|E1121|Y|E781|Y|R931|Y|E119|Y|I259|Y|E8881|Y|E669|Y|R7303|Y|D649|Y|P292|Y|Z560|Y|Z7289|Y|||||W86|W86|Y| | | | | | | | | | | | | | | | | | | | | | |Z741|23-Nov-2021|Z1331|23-Nov-2021|Z1331|23-Nov-2021|F1990|23-Nov-2021|Z715|23-Nov-2021|||||||||||||||||||||||||||||||||||||||||0|0||3|450|G0444|3.0|2021-11-24T00:00:00|hospital_B|hospital_B_20211123
SYN_BENE_1A279DD96438|SYN_CLM_A01F360DB39D|V|60|23-Nov-2021|23-Nov-2021|26-Nov-2021||3|491581|1|1|1|| |950.31|0.0| ||49|1063523132| |9999868992| |9999868992|||0|1| |950.31|23-Nov-2021|1|4|A|10|0.0|190.06|0|4|0.0|0.0|0|0|0|0|0|0|0|0|0|0|0|0|0|||||23-Nov-2021|951.0|0|0||Z608|Z608|Y|Z733|Y|G309|Y|Z653|Y|N1830|Y|R809|Y|E1122|N|R809|Y|G43719|Y|E785|Y|I1310|N|E1121|Y|E781|Y|R931|Y|E119|Y|I259|Y|E8881|Y|E669|Y|R7303|Y|D649|Y|P292|Y|Z560|Y|Z7289|Y|||||W86|W86|Y| | | | | | | | | | | | | | | | | | | | | | |Z741|23-Nov-2021|Z1331|23-Nov-2021|Z1331|23-Nov-2021|F1990|23-Nov-2021|Z715|23-Nov-2021|||||||||||||||||||||||||||||||||||||||||0|0||4|450|99408|3.0|2021-11-24T00:00:00|hospital_B|hospital_B_20211123
SYN_BENE_1A279DD96438|SYN_CLM_A01F360DB39D|V|60|23-Nov-2021|23-Nov-2021|26-Nov-2021||3|491581|1|1|1|| |950.31|0.0| ||49|1063523132| |9999868992| |9999868992|||0|1| |950.31|23-Nov-2021|1|4|A|10|0.0|190.06|0|4|0.0|0.0|0|0|0|0|0|0|0|0|0|0|0|0|0|||||23-Nov-2021|951.0|0|0||Z608|Z608|Y|Z733|Y|G309|Y|Z653|Y|N1830|Y|R809|Y|E1122|N|R809|Y|G43719|Y|E785|Y|I1310|N|E1121|Y|E781|Y|R931|Y|E119|Y|I259|Y|E8881|Y|E669|Y|R7303|Y|D649|Y|P292|Y|Z560|Y|Z7289|Y|||||W86|W86|Y| | | | | | | | | | | | | | | | | | | | | | |Z741|23-Nov-2021|Z1331|23-Nov-2021|Z1331|23-Nov-2021|F1990|23-Nov-2021|Z715|23-Nov-2021|||||||||||||||||||||||||||||||||||||||||0|0||5|450|99408|3.0|2021-11-24T00:00:00|hospital_B|hospital_B_20211123
SYN_BENE_9BD29FCF7786|SYN_CLM_9E45F87FA5D7|V|60|23-Nov-2021|23-Nov-2021|26-Nov-2021||3|491581|1|1|1|| |950.31|0.0| ||49|1063523132| |9999868992| |9999868992|||0|1| |950.31|23-Nov-2021|1|4|A|10|0.0|190.06|0|4|0.0|0.0|0|0|0|0|0|0|0|0|0|0|0|0|0|||||23-Nov-2021|951.0|0|0||Z608|Z608|Y|Z733|Y|G309|Y|Z653|Y|N1830|Y|R809|Y|E1122|N|R809|Y|G43719|Y|E785|Y|I1310|N|E1121|Y|E781|Y|R931|Y|E119|Y|I259|Y|E8881|Y|E669|Y|R7303|Y|D649|Y|P292|Y|Z560|Y|Z7289|Y|||||W86|W86|Y| | | | | | | | | | | | | | | | | | | | | | |Z741|23-Nov-2021|Z1331|23-Nov-2021|Z1331|23-Nov-2021|F1990|23-Nov-2021|Z715|23-Nov-2021|||||||||||||||||||||||||||||||||||||||||0|0||1|450|96156|3.0|2021-11-24T00:00:00|hospital_B|hospital_B_20211123
SYN_BENE_9BD29FCF7786|SYN_CLM_9E45F87FA5D7|V|60|23-Nov-2021|23-Nov-2021|26-Nov-2021||3|491581|1|1|1|| |950.31|0.0| ||49|1063523132| |9999868992| |9999868992|||0|1| |950.31|23-Nov-2021|1|4|A|10|0.0|190.06|0|4|0.0|0.0|0|0|0|0|0|0|0|0|0|0|0|0|0|||||23-Nov-2021|951.0|0|0||Z608|Z608|Y|Z733|Y|G309|Y|Z653|Y|N1830|Y|R809|Y|E1122|N|R809|Y|G43719|Y|E785|Y|I1310|N|E1121|Y|E781|Y|R931|Y|E119|Y|I259|Y|E8881|Y|E669|Y|R7303|Y|D649|Y|P292|Y|Z560|Y|Z7289|Y|||||W86|W86|Y| | | | | | | | | | | | | | | | | | | | | | |Z741|23-Nov-2021|Z1331|23-Nov-2021|Z1331|23-Nov-2021|F1990|23-Nov-2021|Z715|23-Nov-2021|||||||||||||||||||||||||||||||||||||||||0|0||2|450|G0444|3.0|2021-11-24T00:00:00|hospital_B|hospital_B_20211123
SYN_BENE_9BD29FCF7786|SYN_CLM_9E45F87FA5D7|V|60|23-Nov-2021|23-Nov-2021|26-Nov-2021||3|491581|1|1|1|| |950.31|0.0| ||49|1063523132| |9999868992| |9999868992|||0|1| |950.31|23-Nov-2021|1|4|A|10|0.0|190.06|0|4|0.0|0.0|0|0|0|0|0|0|0|0|0|0|0|0|0|||||23-Nov-2021|951.0|0|0||Z608|Z608|Y|Z733|Y|G309|Y|Z653|Y|N1830|Y|R809|Y|E1122|N|R809|Y|G43719|Y|E785|Y|I1310|N|E1121|Y|E781|Y|R931|Y|E119|Y|I259|Y|E8881|Y|E669|Y|R7303|Y|D649|Y|P292|Y|Z560|Y|Z7289|Y|||||W86|W86|Y| | | | | | | | | | | | | | | | | | | | | | |Z741|23-Nov-2021|Z1331|23-Nov-2021|Z1331|23-Nov-2021|F1990|23-Nov-2021|Z715|23-Nov-2021|||||||||||||||||||||||||||||||||||||||||0|0||3|450|G0444|3.0|2021-11-24T00:00:00|hospital_B|hospital_B_20211123
SYN_BENE_9BD29FCF7786|SYN_CLM_9E45F87FA5D7|V|60|23-Nov-2021|23-Nov-2021|26-Nov-2021||3|491581|1|1|1|| |950.31|0.0| ||49|1063523132| |9999868992| |9999868992|||0|1| |950.31|23-Nov-2021|1|4|A|10|0.0|190.06|0|4|0.0|0.0|0|0|0|0|0|0|0|0|0|0|0|0|0|||||23-Nov-2021|951.0|0|0||Z608|Z608|Y|Z733|Y|G309|Y|Z653|Y|N1830|Y|R809|Y|E1122|N|R809|Y|G43719|Y|E785|Y|I1310|N|E1121|Y|E781|Y|R931|Y|E119|Y|I259|Y|E8881|Y|E669|Y|R7303|Y|D649|Y|P292|Y|Z560|Y|Z7289|Y|||||W86|W86|Y| | | | | | | | | | | | | | | | | | | | | | |Z741|23-Nov-2021|Z1331|23-Nov-2021|Z1331|23-Nov-2021|F1990|23-Nov-2021|Z715|23-Nov-2021|||||||||||||||||||||||||||||||||||||||||0|0||4|450|99408|3.0|2021-11-24T00:00:00|hospital_B|hospital_B_20211123
SYN_BENE_9BD29FCF7786|SYN_CLM_9E45F87FA5D7|V|60|23-Nov-2021|23-Nov-2021|26-Nov-2021||3|491581|1|1|1|| |950.31|0.0| ||49|1063523132| |9999868992| |9999868992|||0|1| |950.31|23-Nov-2021|1|4|A|10|0.0|190.06|0|4|0.0|0.0|0|0|0|0|0|0|0|0|0|0|0|0|0|||||23-Nov-2021|951.0|0|0||Z608|Z608|Y|Z733|Y|G309|Y|Z653|Y|N1830|Y|R809|Y|E1122|N|R809|Y|G43719|Y|E785|Y|I1310|N|E1121|Y|E781|Y|R931|Y|E119|Y|I259|Y|E8881|Y|E669|Y|R7303|Y|D649|Y|P292|Y|Z560|Y|Z7289|Y|||||W86|W86|Y| | | | | | | | | | | | | | | | | | | | | | |Z741|23-Nov-2021|Z1331|23-Nov-2021|Z1331|23-Nov-2021|F1990|23-Nov-2021|Z715|23-Nov-2021|||||||||||||||||||||||||||||||||||||||||0|0||5|450|99408|3.0|2021-11-24T00:00:00|hospital_B|hospital_B_20211123
SYN_BENE_4D21855116CC|SYN_CLM_22102A18F401|V|60|23-Nov-2021|23-Nov-2021|26-Nov-2021||3|491581|1|1|1|| |950.31|0.0| ||49|1063523132| |9999868992| |9999868992|||0|1| |950.31|23-Nov-2021|1|4|A|10|0.0|190.06|0|4|0.0|0.0|0|0|0|0|0|0|0|0|0|0|0|0|0|||||23-Nov-2021|951.0|0|0||Z608|Z608|Y|Z733|Y|G309|Y|Z653|Y|N1830|Y|R809|Y|E1122|N|R809|Y|G43719|Y|E785|Y|I1310|N|E1121|Y|E781|Y|R931|Y|E119|Y|I259|Y|E8881|Y|E669|Y|R7303|Y|D649|Y|P292|Y|Z560|Y|Z7289|Y|||||W86|W86|Y| | | | | | | | | | | | | | | | | | | | | | |Z741|23-Nov-2021|Z1331|23-Nov-2021|Z1331|23-Nov-2021|F1990|23-Nov-2021|Z715|23-Nov-2021|||||||||||||||||||||||||||||||||||||||||0|0||1|450|96156|3.0|2021-11-24T00:00:00|hospital_B|hospital_B_20211123
SYN_BENE_4D21855116CC|SYN_CLM_22102A18F401|V|60|23-Nov-2021|23-Nov-2021|26-Nov-2021||3|491581|1|1|1|| |950.31|0.0| ||49|1063523132| |9999868992| |9999868992|||0|1| |950.31|23-Nov-2021|1|4|A|10|0.0|190.06|0|4|0.0|0.0|0|0|0|0|0|0|0|0|0|0|0|0|0|||||23-Nov-2021|951.0|0|0||Z608|Z608|Y|Z733|Y|G309|Y|Z653|Y|N1830|Y|R809|Y|E1122|N|R809|Y|G43719|Y|E785|Y|I1310|N|E1121|Y|E781|Y|R931|Y|E119|Y|I259|Y|E8881|Y|E669|Y|R7303|Y|D649|Y|P292|Y|Z560|Y|Z7289|Y|||||W86|W86|Y| | | | | | | | | | | | | | | | | | | | | | |Z741|23-Nov-2021|Z1331|23-Nov-2021|Z1331|23-Nov-2021|F1990|23-Nov-2021|Z715|23-Nov-2021|||||||||||||||||||||||||||||||||||||||||0|0||2|450|G0444|3.0|2021-11-24T00:00:00|hospital_B|hospital_B_20211123
SYN_BENE_4D21855116CC|SYN_CLM_22102A18F401|V|60|23-Nov-2021|23-Nov-2021|26-Nov-2021||3|491581|1|1|1|| |950.31|0.0| ||49|1063523132| |9999868992| |9999868992|||0|1| |950.31|23-Nov-2021|1|4|A|10|0.0|190.06|0|4|0.0|0.0|0|0|0|0|0|0|0|0|0|0|0|0|0|||||23-Nov-2021|951.0|0|0||Z608|Z608|Y|Z733|Y|G309|Y|Z653|Y|N1830|Y|R809|Y|E1122|N|R809|Y|G43719|Y|E785|Y|I1310|N|E1121|Y|E781|Y|R931|Y|E119|Y|I259|Y|E8881|Y|E669|Y|R7303|Y|D649|Y|P292|Y|Z560|Y|Z7289|Y|||||W86|W86|Y| | | | | | | | | | | | | | | | | | | | | | |Z741|23-Nov-2021|Z1331|23-Nov-2021|Z1331|23-Nov-2021|F1990|23-Nov-2021|Z715|23-Nov-2021|||||||||||||||||||||||||||||||||||||||||0|0||3|450|G0444|3.0|2021-11-24T00:00:00|hospital_B|hospital_B_20211123
SYN_BENE_4D21855116CC|SYN_CLM_22102A18F401|V|60|23-Nov-2021|23-Nov-2021|26-Nov-2021||3|491581|1|1|1|| |950.31|0.0| ||49|1063523132| |9999868992| |9999868992|||0|1| |950.31|23-Nov-2021|1|4|A|10|0.0|190.06|0|4|0.0|0.0|0|0|0|0|0|0|0|0|0|0|0|0|0|||||23-Nov-2021|951.0|0|0||Z608|Z608|Y|Z733|Y|G309|Y|Z653|Y|N1830|Y|R809|Y|E1122|N|R809|Y|G43719|Y|E785|Y|I1310|N|E1121|Y|E781|Y|R931|Y|E119|Y|I259|Y|E8881|Y|E669|Y|R7303|Y|D649|Y|P292|Y|Z560|Y|Z7289|Y|||||W86|W86|Y| | | | | | | | | | | | | | | | | | | | | | |Z741|23-Nov-2021|Z1331|23-Nov-2021|Z1331|23-Nov-2021|F1990|23-Nov-2021|Z715|23-Nov-2021|||||||||||||||||||||||||||||||||||||||||0|0||4|450|99408|3.0|2021-11-24T00:00:00|hospital_B|hospital_B_20211123
SYN_BENE_4D21855116CC|SYN_CLM_22102A18F401|V|60|23-Nov-2021|23-Nov-2021|26-Nov-2021||3|491581|1|1|1|| |950.31|0.0| ||49|1063523132| |9999868992| |9999868992|||0|1| |950.31|23-Nov-2021|1|4|A|10|0.0|190.06|0|4|0.0|0.0|0|0|0|0|0|0|0|0|0|0|0|0|0|||||23-Nov-2021|951.0|0|0||Z608|Z608|Y|Z733|Y|G309|Y|Z653|Y|N1830|Y|R809|Y|E1122|N|R809|Y|G43719|Y|E785|Y|I1310|N|E1121|Y|E781|Y|R931|Y|E119|Y|I259|Y|E8881|Y|E669|Y|R7303|Y|D649|Y|P292|Y|Z560|Y|Z7289|Y|||||W86|W86|Y| | | | | | | | | | | | | | | | | | | | | | |Z741|23-Nov-2021|Z1331|23-Nov-2021|Z1331|23-Nov-2021|F1990|23-Nov-2021|Z715|23-Nov-2021|||||||||||||||||||||||||||||||||||||||||0|0||5|450|99408|3.0|2021-11-24T00:00:00|hospital_B|hospital_B_20211123
SYN_BENE_4AC3AE772AE4|SYN_CLM_272E67528F52|V|60|23-Nov-2021|23-Nov-2021|26-Nov-2021||3|491581|1|1|1|| |950.31|0.0| ||49|1063523132| |9999868992| |9999868992|||0|1| |950.31|23-Nov-2021|1|4|A|10|0.0|190.06|0|4|0.0|0.0|0|0|0|0|0|0|0|0|0|0|0|0|0|||||23-Nov-2021|951.0|0|0||Z608|Z608|Y|Z733|Y|G309|Y|Z653|Y|N1830|Y|R809|Y|E1122|N|R809|Y|G43719|Y|E785|Y|I1310|N|E1121|Y|E781|Y|R931|Y|E119|Y|I259|Y|E8881|Y|E669|Y|R7303|Y|D649|Y|P292|Y|Z560|Y|Z7289|Y|||||W86|W86|Y| | | | | | | | | | | | | | | | | | | | | | |Z741|23-Nov-2021|Z1331|23-Nov-2021|Z1331|23-Nov-2021|F1990|23-Nov-2021|Z715|23-Nov-2021|||||||||||||||||||||||||||||||||||||||||0|0||1|450|96156|3.0|2021-11-24T00:00:00|hospital_B|hospital_B_20211123
SYN_BENE_4AC3AE772AE4|SYN_CLM_272E67528F52|V|60|23-Nov-2021|23-Nov-2021|26-Nov-2021||3|491581|1|1|1|| |950.31|0.0| ||49|1063523132| |9999868992| |9999868992|||0|1| |950.31|23-Nov-2021|1|4|A|10|0.0|190.06|0|4|0.0|0.0|0|0|0|0|0|0|0|0|0|0|0|0|0|||||23-Nov-2021|951.0|0|0||Z608|Z608|Y|Z733|Y|G309|Y|Z653|Y|N1830|Y|R809|Y|E1122|N|R809|Y|G43719|Y|E785|Y|I1310|N|E1121|Y|E781|Y|R931|Y|E119|Y|I259|Y|E8881|Y|E669|Y|R7303|Y|D649|Y|P292|Y|Z560|Y|Z7289|Y|||||W86|W86|Y| | | | | | | | | | | | | | | | | | | | | | |Z741|23-Nov-2021|Z1331|23-Nov-2021|Z1331|23-Nov-2021|F1990|23-Nov-2021|Z715|23-Nov-2021|||||||||||||||||||||||||||||||||||||||||0|0||2|450|G0444|3.0|2021-11-24T00:00:00|hospital_B|hospital_B_20211123
SYN_BENE_4AC3AE772AE4|SYN_CLM_272E67528F52|V|60|23-Nov-2021|23-Nov-2021|26-Nov-2021||3|491581|1|1|1|| |950.31|0.0| ||49|1063523132| |9999868992| |9999868992|||0|1| |950.31|23-Nov-2021|1|4|A|10|0.0|190.06|0|4|0.0|0.0|0|0|0|0|0|0|0|0|0|0|0|0|0|||||23-Nov-2021|951.0|0|0||Z608|Z608|Y|Z733|Y|G309|Y|Z653|Y|N1830|Y|R809|Y|E1122|N|R809|Y|G43719|Y|E785|Y|I1310|N|E1121|Y|E781|Y|R931|Y|E119|Y|I259|Y|E8881|Y|E669|Y|R7303|Y|D649|Y|P292|Y|Z560|Y|Z7289|Y|||||W86|W86|Y| | | | | | | | | | | | | | | | | | | | | | |Z741|23-Nov-2021|Z1331|23-Nov-2021|Z1331|23-Nov-2021|F1990|23-Nov-2021|Z715|23-Nov-2021|||||||||||||||||||||||||||||||||||||||||0|0||3|450|G0444|3.0|2021-11-24T00:00:00|hospital_B|hospital_B_20211123
SYN_BENE_4AC3AE772AE4|SYN_CLM_272E67528F52|V|60|23-Nov-2021|23-Nov-2021|26-Nov-2021||3|491581|1|1|1|| |950.31|0.0| ||49|1063523132| |9999868992| |9999868992|||0|1| |950.31|23-Nov-2021|1|4|A|10|0.0|190.06|0|4|0.0|0.0|0|0|0|0|0|0|0|0|0|0|0|0|0|||||23-Nov-2021|951.0|0|0||Z608|Z608|Y|Z733|Y|G309|Y|Z653|Y|N1830|Y|R809|Y|E1122|N|R809|Y|G43719|Y|E785|Y|I1310|N|E1121|Y|E781|Y|R931|Y|E119|Y|I259|Y|E8881|Y|E669|Y|R7303|Y|D649|Y|P292|Y|Z560|Y|Z7289|Y|||||W86|W86|Y| | | | | | | | | | | | | | | | | | | | | | |Z741|23-Nov-2021|Z1331|23-Nov-2021|Z1331|23-Nov-2021|F1990|23-Nov-2021|Z715|23-Nov-2021|||||||||||||||||||||||||||||||||||||||||0|0||4|450|99408|3.0|2021-11-24T00:00:00|hospital_B|hospital_B_20211123
SYN_BENE_4AC3AE772AE4|SYN_CLM_272E67528F52|V|60|23-Nov-2021|23-Nov-2021|26-Nov-2021||3|491581|1|1|1|| |950.31|0.0| ||49|1063523132| |9999868992| |9999868992|||0|1| |950.31|23-Nov-2021|1|4|A|10|0.0|190.06|0|4|0.0|0.0|0|0|0|0|0|0|0|0|0|0|0|0|0|||||23-Nov-2021|951.0|0|0||Z608|Z608|Y|Z733|Y|G309|Y|Z653|Y|N1830|Y|R809|Y|E1122|N|R809|Y|G43719|Y|E785|Y|I1310|N|E1121|Y|E781|Y|R931|Y|E119|Y|I259|Y|E8881|Y|E669|Y|R7303|Y|D649|Y|P292|Y|Z560|Y|Z7289|Y|||||W86|W86|Y| | | | | | | | | | | | | | | | | | | | | | |Z741|23-Nov-2021|Z1331|23-Nov-2021|Z1331|23-Nov-2021|F1990|23-Nov-2021|Z715|23-Nov-2021|||||||||||||||||||||||||||||||||||||||||0|0||5|450|99408|3.0|2021-11-24T00:00:00|hospital_B|hospital_B_20211123
SYN_BENE_89A35ED0EC17|SYN_CLM_6C9D986C971A|V|60|23-Nov-2021|23-Nov-2021|26-Nov-2021||3|491581|1|1|1|| |950.31|0.0| ||49|1063523132| |9999868992| |9999868992|||0|1| |950.31|23-Nov-2021|1|4|A|10|0.0|190.06|0|4|0.0|0.0|0|0|0|0|0|0|0|0|0|0|0|0|0|||||23-Nov-2021|951.0|0|0||Z608|Z608|Y|Z733|Y|G309|Y|Z653|Y|N1830|Y|R809|Y|E1122|N|R809|Y|G43719|Y|E785|Y|I1310|N|E1121|Y|E781|Y|R931|Y|E119|Y|I259|Y|E8881|Y|E669|Y|R7303|Y|D649|Y|P292|Y|Z560|Y|Z7289|Y|||||W86|W86|Y| | | | | | | | | | | | | | | | | | | | | | |Z741|23-Nov-2021|Z1331|23-Nov-2021|Z1331|23-Nov-2021|F1990|23-Nov-2021|Z715|23-Nov-2021|||||||||||||||||||||||||||||||||||||||||0|0||1|450|96156|3.0|2021-11-24T00:00:00|hospital_B|hospital_B_20211123
SYN_BENE_89A35ED0EC17|SYN_CLM_6C9D986C971A|V|60|23-Nov-2021|23-Nov-2021|26-Nov-2021||3|491581|1|1|1|| |950.31|0.0| ||49|1063523132| |9999868992| |9999868992|||0|1| |950.31|23-Nov-2021|1|4|A|10|0.0|190.06|0|4|0.0|0.0|0|0|0|0|0|0|0|0|0|0|0|0|0|||||23-Nov-2021|951.0|0|0||Z608|Z608|Y|Z733|Y|G309|Y|Z653|Y|N1830|Y|R809|Y|E1122|N|R809|Y|G43719|Y|E785|Y|I1310|N|E1121|Y|E781|Y|R931|Y|E119|Y|I259|Y|E8881|Y|E669|Y|R7303|Y|D649|Y|P292|Y|Z560|Y|Z7289|Y|||||W86|W86|Y| | | | | | | | | | | | | | | | | | | | | | |Z741|23-Nov-2021|Z1331|23-Nov-2021|Z1331|23-Nov-2021|F1990|23-Nov-2021|Z715|23-Nov-2021|||||||||||||||||||||||||||||||||||||||||0|0||2|450|G0444|3.0|2021-11-24T00:00:00|hospital_B|hospital_B_20211123
SYN_BENE_89A35ED0EC17|SYN_CLM_6C9D986C971A|V|60|23-Nov-2021|23-Nov-2021|26-Nov-2021||3|491581|1|1|1|| |950.31|0.0| ||49|1063523132| |9999868992| |9999868992|||0|1| |950.31|23-Nov-2021|1|4|A|10|0.0|190.06|0|4|0.0|0.0|0|0|0|0|0|0|0|0|0|0|0|0|0|||||23-Nov-2021|951.0|0|0||Z608|Z608|Y|Z733|Y|G309|Y|Z653|Y|N1830|Y|R809|Y|E1122|N|R809|Y|G43719|Y|E785|Y|I1310|N|E1121|Y|E781|Y|R931|Y|E119|Y|I259|Y|E8881|Y|E669|Y|R7303|Y|D649|Y|P292|Y|Z560|Y|Z7289|Y|||||W86|W86|Y| | | | | | | | | | | | | | | | | | | | | | |Z741|23-Nov-2021|Z1331|23-Nov-2021|Z1331|23-Nov-2021|F1990|23-Nov-2021|Z715|23-Nov-2021|||||||||||||||||||||||||||||||||||||||||0|0||3|450|G0444|3.0|2021-11-24T00:00:00|hospital_B|hospital_B_20211123
SYN_BENE_89A35ED0EC17|SYN_CLM_6C9D986C971A|V|60|23-Nov-2021|23-Nov-2021|26-Nov-2021||3|491581|1|1|1|| |950.31|0.0| ||49|1063523132| |9999868992| |9999868992|||0|1| |950.31|23-Nov-2021|1|4|A|10|0.0|190.06|0|4|0.0|0.0|0|0|0|0|0|0|0|0|0|0|0|0|0|||||23-Nov-2021|951.0|0|0||Z608|Z608|Y|Z733|Y|G309|Y|Z653|Y|N1830|Y|R809|Y|E1122|N|R809|Y|G43719|Y|E785|Y|I1310|N|E1121|Y|E781|Y|R931|Y|E119|Y|I259|Y|E8881|Y|E669|Y|R7303|Y|D649|Y|P292|Y|Z560|Y|Z7289|Y|||||W86|W86|Y| | | | | | | | | | | | | | | | | | | | | | |Z741|23-Nov-2021|Z1331|23-Nov-2021|Z1331|23-Nov-2021|F1990|23-Nov-2021|Z715|23-Nov-2021|||||||||||||||||||||||||||||||||||||||||0|0||4|450|99408|3.0|2021-11-24T00:00:00|hospital_B|hospital_B_20211123
SYN_BENE_89A35ED0EC17|SYN_CLM_6C9D986C971A|V|60|23-Nov-2021|23-Nov-2021|26-Nov-2021||3|491581|1|1|1|| |950.31|0.0| ||49|1063523132| |9999868992| |9999868992|||0|1| |950.31|23-Nov-2021|1|4|A|10|0.0|190.06|0|4|0.0|0.0|0|0|0|0|0|0|0|0|0|0|0|0|0|||||23-Nov-2021|951.0|0|0||Z608|Z608|Y|Z733|Y|G309|Y|Z653|Y|N1830|Y|R809|Y|E1122|N|R809|Y|G43719|Y|E785|Y|I1310|N|E1121|Y|E781|Y|R931|Y|E119|Y|I259|Y|E8881|Y|E669|Y|R7303|Y|D649|Y|P292|Y|Z560|Y|Z7289|Y|||||W86|W86|Y| | | | | | | | | | | | | | | | | | | | | | |Z741|23-Nov-2021|Z1331|23-Nov-2021|Z1331|23-Nov-2021|F1990|23-Nov-2021|Z715|23-Nov-2021|||||||||||||||||||||||||||||||||||||||||0|0||5|450|99408|3.0|2021-11-24T00:00:00|hospital_B|hospital_B_20211123
SYN_BENE_BF8B9A68BD13|SYN_CLM_AC4A073042A3|V|60|23-Nov-2021|23-Nov-2021|26-Nov-2021||3|491581|1|1|1|| |950.31|0.0| ||49|1063523132| |9999868992| |9999868992|||0|1| |950.31|23-Nov-2021|1|4|A|10|0.0|190.06|0|4|0.0|0.0|0|0|0|0|0|0|0|0|0|0|0|0|0|||||23-Nov-2021|951.0|0|0||Z608|Z608|Y|Z733|Y|G309|Y|Z653|Y|N1830|Y|R809|Y|E1122|N|R809|Y|G43719|Y|E785|Y|I1310|N|E1121|Y|E781|Y|R931|Y|E119|Y|I259|Y|E8881|Y|E669|Y|R7303|Y|D649|Y|P292|Y|Z560|Y|Z7289|Y|||||W86|W86|Y| | | | | | | | | | | | | | | | | | | | | | |Z741|23-Nov-2021|Z1331|23-Nov-2021|Z1331|23-Nov-2021|F1990|23-Nov-2021|Z715|23-Nov-2021|||||||||||||||||||||||||||||||||||||||||0|0||1|450|96156|3.0|2021-11-24T00:00:00|hospital_B|hospital_B_20211123
SYN_BENE_BF8B9A68BD13|SYN_CLM_AC4A073042A3|V|60|23-Nov-2021|23-Nov-2021|26-Nov-2021||3|491581|1|1|1|| |950.31|0.0| ||49|1063523132| |9999868992| |9999868992|||0|1| |950.31|23-Nov-2021|1|4|A|10|0.0|190.06|0|4|0.0|0.0|0|0|0|0|0|0|0|0|0|0|0|0|0|||||23-Nov-2021|951.0|0|0||Z608|Z608|Y|Z733|Y|G309|Y|Z653|Y|N1830|Y|R809|Y|E1122|N|R809|Y|G43719|Y|E785|Y|I1310|N|E1121|Y|E781|Y|R931|Y|E119|Y|I259|Y|E8881|Y|E669|Y|R7303|Y|D649|Y|P292|Y|Z560|Y|Z7289|Y|||||W86|W86|Y| | | | | | | | | | | | | | | | | | | | | | |Z741|23-Nov-2021|Z1331|23-Nov-2021|Z1331|23-Nov-2021|F1990|23-Nov-2021|Z715|23-Nov-2021|||||||||||||||||||||||||||||||||||||||||0|0||2|450|G0444|3.0|2021-11-24T00:00:00|hospital_B|hospital_B_20211123
SYN_BENE_BF8B9A68BD13|SYN_CLM_AC4A073042A3|V|60|23-Nov-2021|23-Nov-2021|26-Nov-2021||3|491581|1|1|1|| |950.31|0.0| ||49|1063523132| |9999868992| |9999868992|||0|1| |950.31|23-Nov-2021|1|4|A|10|0.0|190.06|0|4|0.0|0.0|0|0|0|0|0|0|0|0|0|0|0|0|0|||||23-Nov-2021|951.0|0|0||Z608|Z608|Y|Z733|Y|G309|Y|Z653|Y|N1830|Y|R809|Y|E1122|N|R809|Y|G43719|Y|E785|Y|I1310|N|E1121|Y|E781|Y|R931|Y|E119|Y|I259|Y|E8881|Y|E669|Y|R7303|Y|D649|Y|P292|Y|Z560|Y|Z7289|Y|||||W86|W86|Y| | | | | | | | | | | | | | | | | | | | | | |Z741|23-Nov-2021|Z1331|23-Nov-2021|Z1331|23-Nov-2021|F1990|23-Nov-2021|Z715|23-Nov-2021|||||||||||||||||||||||||||||||||||||||||0|0||3|450|G0444|3.0|2021-11-24T00:00:00|hospital_B|hospital_B_20211123
SYN_BENE_BF8B9A68BD13|SYN_CLM_AC4A073042A3|V|60|23-Nov-2021|23-Nov-2021|26-Nov-2021||3|491581|1|1|1|| |950.31|0.0| ||49|1063523132| |9999868992| |9999868992|||0|1| |950.31|23-Nov-2021|1|4|A|10|0.0|190.06|0|4|0.0|0.0|0|0|0|0|0|0|0|0|0|0|0|0|0|||||23-Nov-2021|951.0|0|0||Z608|Z608|Y|Z733|Y|G309|Y|Z653|Y|N1830|Y|R809|Y|E1122|N|R809|Y|G43719|Y|E785|Y|I1310|N|E1121|Y|E781|Y|R931|Y|E119|Y|I259|Y|E8881|Y|E669|Y|R7303|Y|D649|Y|P292|Y|Z560|Y|Z7289|Y|||||W86|W86|Y| | | | | | | | | | | | | | | | | | | | | | |Z741|23-Nov-2021|Z1331|23-Nov-2021|Z1331|23-Nov-2021|F1990|23-Nov-2021|Z715|23-Nov-2021|||||||||||||||||||||||||||||||||||||||||0|0||4|450|99408|3.0|2021-11-24T00:00:00|hospital_B|hospital_B_20211123
SYN_BENE_BF8B9A68BD13|SYN_CLM_AC4A073042A3|V|60|23-Nov-2021|23-Nov-2021|26-Nov-2021||3|491581|1|1|1|| |950.31|0.0| ||49|1063523132| |9999868992| |9999868992|||0|1| |950.31|23-Nov-2021|1|4|A|10|0.0|190.06|0|4|0.0|0.0|0|0|0|0|0|0|0|0|0|0|0|0|0|||||23-Nov-2021|951.0|0|0||Z608|Z608|Y|Z733|Y|G309|Y|Z653|Y|N1830|Y|R809|Y|E1122|N|R809|Y|G43719|Y|E785|Y|I1310|N|E1121|Y|E781|Y|R931|Y|E119|Y|I259|Y|E8881|Y|E669|Y|R7303|Y|D649|Y|P292|Y|Z560|Y|Z7289|Y|||||W86|W86|Y| | | | | | | | | | | | | | | | | | | | | | |Z741|23-Nov-2021|Z1331|23-Nov-2021|Z1331|23-Nov-2021|F1990|23-Nov-2021|Z715|23-Nov-2021|||||||||||||||||||||||||||||||||||||||||0|0||5|450|99408|3.0|2021-11-24T00:00:00|hospital_B|hospital_B_20211123
SYN_BENE_500FBDBF4F6B|SYN_CLM_B9AAD4FB5AD2|V|60|23-Nov-2021|23-Nov-2021|26-Nov-2021||3|491581|1|1|1|| |950.31|0.0| ||49|1063523132| |9999868992| |9999868992|||0|1| |950.31|23-Nov-2021|1|4|A|10|0.0|190.06|0|4|0.0|0.0|0|0|0|0|0|0|0|0|0|0|0|0|0|||||23-Nov-2021|951.0|0|0||Z608|Z608|Y|Z733|Y|G309|Y|Z653|Y|N1830|Y|R809|Y|E1122|N|R809|Y|G43719|Y|E785|Y|I1310|N|E1121|Y|E781|Y|R931|Y|E119|Y|I259|Y|E8881|Y|E669|Y|R7303|Y|D649|Y|P292|Y|Z560|Y|Z7289|Y|||||W86|W86|Y| | | | | | | | | | | | | | | | | | | | | | |Z741|23-Nov-2021|Z1331|23-Nov-2021|Z1331|23-Nov-2021|F1990|23-Nov-2021|Z715|23-Nov-2021|||||||||||||||||||||||||||||||||||||||||0|0||1|450|96156|3.0|2021-11-24T00:00:00|hospital_B|hospital_B_20211123
SYN_BENE_500FBDBF4F6B|SYN_CLM_B9AAD4FB5AD2|V|60|23-Nov-2021|23-Nov-2021|26-Nov-2021||3|491581|1|1|1|| |950.31|0.0| ||49|1063523132| |9999868992| |9999868992|||0|1| |950.31|23-Nov-2021|1|4|A|10|0.0|190.06|0|4|0.0|0.0|0|0|0|0|0|0|0|0|0|0|0|0|0|||||23-Nov-2021|951.0|0|0||Z608|Z608|Y|Z733|Y|G309|Y|Z653|Y|N1830|Y|R809|Y|E1122|N|R809|Y|G43719|Y|E785|Y|I1310|N|E1121|Y|E781|Y|R931|Y|E119|Y|I259|Y|E8881|Y|E669|Y|R7303|Y|D649|Y|P292|Y|Z560|Y|Z7289|Y|||||W86|W86|Y| | | | | | | | | | | | | | | | | | | | | | |Z741|23-Nov-2021|Z1331|23-Nov-2021|Z1331|23-Nov-2021|F1990|23-Nov-2021|Z715|23-Nov-2021|||||||||||||||||||||||||||||||||||||||||0|0||2|450|G0444|3.0|2021-11-24T00:00:00|hospital_B|hospital_B_20211123
SYN_BENE_500FBDBF4F6B|SYN_CLM_B9AAD4FB5AD2|V|60|23-Nov-2021|23-Nov-2021|26-Nov-2021||3|491581|1|1|1|| |950.31|0.0| ||49|1063523132| |9999868992| |9999868992|||0|1| |950.31|23-Nov-2021|1|4|A|10|0.0|190.06|0|4|0.0|0.0|0|0|0|0|0|0|0|0|0|0|0|0|0|||||23-Nov-2021|951.0|0|0||Z608|Z608|Y|Z733|Y|G309|Y|Z653|Y|N1830|Y|R809|Y|E1122|N|R809|Y|G43719|Y|E785|Y|I1310|N|E1121|Y|E781|Y|R931|Y|E119|Y|I259|Y|E8881|Y|E669|Y|R7303|Y|D649|Y|P292|Y|Z560|Y|Z7289|Y|||||W86|W86|Y| | | | | | | | | | | | | | | | | | | | | | |Z741|23-Nov-2021|Z1331|23-Nov-2021|Z1331|23-Nov-2021|F1990|23-Nov-2021|Z715|23-Nov-2021|||||||||||||||||||||||||||||||||||||||||0|0||3|450|G0444|3.0|2021-11-24T00:00:00|hospital_B|hospital_B_20211123
SYN_BENE_500FBDBF4F6B|SYN_CLM_B9AAD4FB5AD2|V|60|23-Nov-2021|23-Nov-2021|26-Nov-2021||3|491581|1|1|1|| |950.31|0.0| ||49|1063523132| |9999868992| |9999868992|||0|1| |950.31|23-Nov-2021|1|4|A|10|0.0|190.06|0|4|0.0|0.0|0|0|0|0|0|0|0|0|0|0|0|0|0|||||23-Nov-2021|951.0|0|0||Z608|Z608|Y|Z733|Y|G309|Y|Z653|Y|N1830|Y|R809|Y|E1122|N|R809|Y|G43719|Y|E785|Y|I1310|N|E1121|Y|E781|Y|R931|Y|E119|Y|I259|Y|E8881|Y|E669|Y|R7303|Y|D649|Y|P292|Y|Z560|Y|Z7289|Y|||||W86|W86|Y| | | | | | | | | | | | | | | | | | | | | | |Z741|23-Nov-2021|Z1331|23-Nov-2021|Z1331|23-Nov-2021|F1990|23-Nov-2021|Z715|23-Nov-2021|||||||||||||||||||||||||||||||||||||||||0|0||4|450|99408|3.0|2021-11-24T00:00:00|hospital_B|hospital_B_20211123
SYN_BENE_500FBDBF4F6B|SYN_CLM_B9AAD4FB5AD2|V|60|23-Nov-2021|23-Nov-2021|26-Nov-2021||3|491581|1|1|1|| |950.31|0.0| ||49|1063523132| |9999868992| |9999868992|||0|1| |950.31|23-Nov-2021|1|4|A|10|0.0|190.06|0|4|0.0|0.0|0|0|0|0|0|0|0|0|0|0|0|0|0|||||23-Nov-2021|951.0|0|0||Z608|Z608|Y|Z733|Y|G309|Y|Z653|Y|N1830|Y|R809|Y|E1122|N|R809|Y|G43719|Y|E785|Y|I1310|N|E1121|Y|E781|Y|R931|Y|E119|Y|I259|Y|E8881|Y|E669|Y|R7303|Y|D649|Y|P292|Y|Z560|Y|Z7289|Y|||||W86|W86|Y| | | | | | | | | | | | | | | | | | | | | | |Z741|23-Nov-2021|Z1331|23-Nov-2021|Z1331|23-Nov-2021|F1990|23-Nov-2021|Z715|23-Nov-2021|||||||||||||||||||||||||||||||||||||||||0|0||5|450|99408|3.0|2021-11-24T00:00:00|hospital_B|hospital_B_20211123
SYN_BENE_B17E11F8F0A3|SYN_CLM_2C492EB96634|V|60|23-Nov-2021|23-Nov-2021|26-Nov-2021||3|491581|1|1|1|| |950.31|0.0| ||49|1063523132| |9999868992| |9999868992|||0|1| |950.31|23-Nov-2021|1|4|A|10|0.0|190.06|0|4|0.0|0.0|0|0|0|0|0|0|0|0|0|0|0|0|0|||||23-Nov-2021|951.0|0|0||Z608|Z608|Y|Z733|Y|G309|Y|Z653|Y|N1830|Y|R809|Y|E1122|N|R809|Y|G43719|Y|E785|Y|I1310|N|E1121|Y|E781|Y|R931|Y|E119|Y|I259|Y|E8881|Y|E669|Y|R7303|Y|D649|Y|P292|Y|Z560|Y|Z7289|Y|||||W86|W86|Y| | | | | | | | | | | | | | | | | | | | | | |Z741|23-Nov-2021|Z1331|23-Nov-2021|Z1331|23-Nov-2021|F1990|23-Nov-2021|Z715|23-Nov-2021|||||||||||||||||||||||||||||||||||||||||0|0||1|450|96156|3.0|2021-11-24T00:00:00|hospital_B|hospital_B_20211123
SYN_BENE_B17E11F8F0A3|SYN_CLM_2C492EB96634|V|60|23-Nov-2021|23-Nov-2021|26-Nov-2021||3|491581|1|1|1|| |950.31|0.0| ||49|1063523132| |9999868992| |9999868992|||0|1| |950.31|23-Nov-2021|1|4|A|10|0.0|190.06|0|4|0.0|0.0|0|0|0|0|0|0|0|0|0|0|0|0|0|||||23-Nov-2021|951.0|0|0||Z608|Z608|Y|Z733|Y|G309|Y|Z653|Y|N1830|Y|R809|Y|E1122|N|R809|Y|G43719|Y|E785|Y|I1310|N|E1121|Y|E781|Y|R931|Y|E119|Y|I259|Y|E8881|Y|E669|Y|R7303|Y|D649|Y|P292|Y|Z560|Y|Z7289|Y|||||W86|W86|Y| | | | | | | | | | | | | | | | | | | | | | |Z741|23-Nov-2021|Z1331|23-Nov-2021|Z1331|23-Nov-2021|F1990|23-Nov-2021|Z715|23-Nov-2021|||||||||||||||||||||||||||||||||||||||||0|0||2|450|G0444|3.0|2021-11-24T00:00:00|hospital_B|hospital_B_20211123
SYN_BENE_B17E11F8F0A3|SYN_CLM_2C492EB96634|V|60|23-Nov-2021|23-Nov-2021|26-Nov-2021||3|491581|1|1|1|| |950.31|0.0| ||49|1063523132| |9999868992| |9999868992|||0|1| |950.31|23-Nov-2021|1|4|A|10|0.0|190.06|0|4|0.0|0.0|0|0|0|0|0|0|0|0|0|0|0|0|0|||||23-Nov-2021|951.0|0|0||Z608|Z608|Y|Z733|Y|G309|Y|Z653|Y|N1830|Y|R809|Y|E1122|N|R809|Y|G43719|Y|E785|Y|I1310|N|E1121|Y|E781|Y|R931|Y|E119|Y|I259|Y|E8881|Y|E669|Y|R7303|Y|D649|Y|P292|Y|Z560|Y|Z7289|Y|||||W86|W86|Y| | | | | | | | | | | | | | | | | | | | | | |Z741|23-Nov-2021|Z1331|23-Nov-2021|Z1331|23-Nov-2021|F1990|23-Nov-2021|Z715|23-Nov-2021|||||||||||||||||||||||||||||||||||||||||0|0||3|450|G0444|3.0|2021-11-24T00:00:00|hospital_B|hospital_B_20211123
SYN_BENE_B17E11F8F0A3|SYN_CLM_2C492EB96634|V|60|23-Nov-2021|23-Nov-2021|26-Nov-2021||3|491581|1|1|1|| |950.31|0.0| ||49|1063523132| |9999868992| |9999868992|||0|1| |950.31|23-Nov-2021|1|4|A|10|0.0|190.06|0|4|0.0|0.0|0|0|0|0|0|0|0|0|0|0|0|0|0|||||23-Nov-2021|951.0|0|0||Z608|Z608|Y|Z733|Y|G309|Y|Z653|Y|N1830|Y|R809|Y|E1122|N|R809|Y|G43719|Y|E785|Y|I1310|N|E1121|Y|E781|Y|R931|Y|E119|Y|I259|Y|E8881|Y|E669|Y|R7303|Y|D649|Y|P292|Y|Z560|Y|Z7289|Y|||||W86|W86|Y| | | | | | | | | | | | | | | | | | | | | | |Z741|23-Nov-2021|Z1331|23-Nov-2021|Z1331|23-Nov-2021|F1990|23-Nov-2021|Z715|23-Nov-2021|||||||||||||||||||||||||||||||||||||||||0|0||4|450|99408|3.0|2021-11-24T00:00:00|hospital_B|hospital_B_20211123
SYN_BENE_B17E11F8F0A3|SYN_CLM_2C492EB96634|V|60|23-Nov-2021|23-Nov-2021|26-Nov-2021||3|491581|1|1|1|| |950.31|0.0| ||49|1063523132| |9999868992| |9999868992|||0|1| |950.31|23-Nov-2021|1|4|A|10|0.0|190.06|0|4|0.0|0.0|0|0|0|0|0|0|0|0|0|0|0|0|0|||||23-Nov-2021|951.0|0|0||Z608|Z608|Y|Z733|Y|G309|Y|Z653|Y|N1830|Y|R809|Y|E1122|N|R809|Y|G43719|Y|E785|Y|I1310|N|E1121|Y|E781|Y|R931|Y|E119|Y|I259|Y|E8881|Y|E669|Y|R7303|Y|D649|Y|P292|Y|Z560|Y|Z7289|Y|||||W86|W86|Y| | | | | | | | | | | | | | | | | | | | | | |Z741|23-Nov-2021|Z1331|23-Nov-2021|Z1331|23-Nov-2021|F1990|23-Nov-2021|Z715|23-Nov-2021|||||||||||||||||||||||||||||||||||||||||0|0||5|450|99408|3.0|2021-11-24T00:00:00|hospital_B|hospital_B_20211123
SYN_BENE_88E3D53F5FA3|SYN_CLM_E971B19109D2|V|60|23-Nov-2021|23-Nov-2021|26-Nov-2021||3|491581|1|1|1|| |950.31|0.0| ||49|1063523132| |9999868992| |9999868992|||0|1| |950.31|23-Nov-2021|1|4|A|10|0.0|190.06|0|4|0.0|0.0|0|0|0|0|0|0|0|0|0|0|0|0|0|||||23-Nov-2021|951.0|0|0||Z608|Z608|Y|Z733|Y|G309|Y|Z653|Y|N1830|Y|R809|Y|E1122|N|R809|Y|G43719|Y|E785|Y|I1310|N|E1121|Y|E781|Y|R931|Y|E119|Y|I259|Y|E8881|Y|E669|Y|R7303|Y|D649|Y|P292|Y|Z560|Y|Z7289|Y|||||W86|W86|Y| | | | | | | | | | | | | | | | | | | | | | |Z741|23-Nov-2021|Z1331|23-Nov-2021|Z1331|23-Nov-2021|F1990|23-Nov-2021|Z715|23-Nov-2021|||||||||||||||||||||||||||||||||||||||||0|0||1|450|96156|3.0|2021-11-24T00:00:00|hospital_B|hospital_B_20211123
SYN_BENE_88E3D53F5FA3|SYN_CLM_E971B19109D2|V|60|23-Nov-2021|23-Nov-2021|26-Nov-2021||3|491581|1|1|1|| |950.31|0.0| ||49|1063523132| |9999868992| |9999868992|||0|1| |950.31|23-Nov-2021|1|4|A|10|0.0|190.06|0|4|0.0|0.0|0|0|0|0|0|0|0|0|0|0|0|0|0|||||23-Nov-2021|951.0|0|0||Z608|Z608|Y|Z733|Y|G309|Y|Z653|Y|N1830|Y|R809|Y|E1122|N|R809|Y|G43719|Y|E785|Y|I1310|N|E1121|Y|E781|Y|R931|Y|E119|Y|I259|Y|E8881|Y|E669|Y|R7303|Y|D649|Y|P292|Y|Z560|Y|Z7289|Y|||||W86|W86|Y| | | | | | | | | | | | | | | | | | | | | | |Z741|23-Nov-2021|Z1331|23-Nov-2021|Z1331|23-Nov-2021|F1990|23-Nov-2021|Z715|23-Nov-2021|||||||||||||||||||||||||||||||||||||||||0|0||2|450|G0444|3.0|2021-11-24T00:00:00|hospital_B|hospital_B_20211123
SYN_BENE_88E3D53F5FA3|SYN_CLM_E971B19109D2|V|60|23-Nov-2021|23-Nov-2021|26-Nov-2021||3|491581|1|1|1|| |950.31|0.0| ||49|1063523132| |9999868992| |9999868992|||0|1| |950.31|23-Nov-2021|1|4|A|10|0.0|190.06|0|4|0.0|0.0|0|0|0|0|0|0|0|0|0|0|0|0|0|||||23-Nov-2021|951.0|0|0||Z608|Z608|Y|Z733|Y|G309|Y|Z653|Y|N1830|Y|R809|Y|E1122|N|R809|Y|G43719|Y|E785|Y|I1310|N|E1121|Y|E781|Y|R931|Y|E119|Y|I259|Y|E8881|Y|E669|Y|R7303|Y|D649|Y|P292|Y|Z560|Y|Z7289|Y|||||W86|W86|Y| | | | | | | | | | | | | | | | | | | | | | |Z741|23-Nov-2021|Z1331|23-Nov-2021|Z1331|23-Nov-2021|F1990|23-Nov-2021|Z715|23-Nov-2021|||||||||||||||||||||||||||||||||||||||||0|0||3|450|G0444|3.0|2021-11-24T00:00:00|hospital_B|hospital_B_20211123
SYN_BENE_88E3D53F5FA3|SYN_CLM_E971B19109D2|V|60|23-Nov-2021|23-Nov-2021|26-Nov-2021||3|491581|1|1|1|| |950.31|0.0| ||49|1063523132| |9999868992| |9999868992|||0|1| |950.31|23-Nov-2021|1|4|A|10|0.0|190.06|0|4|0.0|0.0|0|0|0|0|0|0|0|0|0|0|0|0|0|||||23-Nov-2021|951.0|0|0||Z608|Z608|Y|Z733|Y|G309|Y|Z653|Y|N1830|Y|R809|Y|E1122|N|R809|Y|G43719|Y|E785|Y|I1310|N|E1121|Y|E781|Y|R931|Y|E119|Y|I259|Y|E8881|Y|E669|Y|R7303|Y|D649|Y|P292|Y|Z560|Y|Z7289|Y|||||W86|W86|Y| | | | | | | | | | | | | | | | | | | | | | |Z741|23-Nov-2021|Z1331|23-Nov-2021|Z1331|23-Nov-2021|F1990|23-Nov-2021|Z715|23-Nov-2021|||||||||||||||||||||||||||||||||||||||||0|0||4|450|99408|3.0|2021-11-24T00:00:00|hospital_B|hospital_B_20211123
SYN_BENE_88E3D53F5FA3|SYN_CLM_E971B19109D2|V|60|23-Nov-2021|23-Nov-2021|26-Nov-2021||3|491581|1|1|1|| |950.31|0.0| ||49|1063523132| |9999868992| |9999868992|||0|1| |950.31|23-Nov-2021|1|4|A|10|0.0|190.06|0|4|0.0|0.0|0|0|0|0|0|0|0|0|0|0|0|0|0|||||23-Nov-2021|951.0|0|0||Z608|Z608|Y|Z733|Y|G309|Y|Z653|Y|N1830|Y|R809|Y|E1122|N|R809|Y|G43719|Y|E785|Y|I1310|N|E1121|Y|E781|Y|R931|Y|E119|Y|I259|Y|E8881|Y|E669|Y|R7303|Y|D649|Y|P292|Y|Z560|Y|Z7289|Y|||||W86|W86|Y| | | | | | | | | | | | | | | | | | | | | | |Z741|23-Nov-2021|Z1331|23-Nov-2021|Z1331|23-Nov-2021|F1990|23-Nov-2021|Z715|23-Nov-2021|||||||||||||||||||||||||||||||||||||||||0|0||5|450|99408|3.0|2021-11-24T00:00:00|hospital_B|hospital_B_20211123
SYN_BENE_BE11FD2A3559|SYN_CLM_7C0AA1ABED0C|V|60|23-Nov-2021|23-Nov-2021|26-Nov-2021||3|491581|1|1|1|| |950.31|0.0| ||49|1063523132| |9999868992| |9999868992|||0|1| |950.31|23-Nov-2021|1|4|A|10|0.0|190.06|0|4|0.0|0.0|0|0|0|0|0|0|0|0|0|0|0|0|0|||||23-Nov-2021|951.0|0|0||Z608|Z608|Y|Z733|Y|G309|Y|Z653|Y|N1830|Y|R809|Y|E1122|N|R809|Y|G43719|Y|E785|Y|I1310|N|E1121|Y|E781|Y|R931|Y|E119|Y|I259|Y|E8881|Y|E669|Y|R7303|Y|D649|Y|P292|Y|Z560|Y|Z7289|Y|||||W86|W86|Y| | | | | | | | | | | | | | | | | | | | | | |Z741|23-Nov-2021|Z1331|23-Nov-2021|Z1331|23-Nov-2021|F1990|23-Nov-2021|Z715|23-Nov-2021|||||||||||||||||||||||||||||||||||||||||0|0||1|450|96156|3.0|2021-11-24T00:00:00|hospital_B|hospital_B_20211123
SYN_BENE_BE11FD2A3559|SYN_CLM_7C0AA1ABED0C|V|60|23-Nov-2021|23-Nov-2021|26-Nov-2021||3|491581|1|1|1|| |950.31|0.0| ||49|1063523132| |9999868992| |9999868992|||0|1| |950.31|23-Nov-2021|1|4|A|10|0.0|190.06|0|4|0.0|0.0|0|0|0|0|0|0|0|0|0|0|0|0|0|||||23-Nov-2021|951.0|0|0||Z608|Z608|Y|Z733|Y|G309|Y|Z653|Y|N1830|Y|R809|Y|E1122|N|R809|Y|G43719|Y|E785|Y|I1310|N|E1121|Y|E781|Y|R931|Y|E119|Y|I259|Y|E8881|Y|E669|Y|R7303|Y|D649|Y|P292|Y|Z560|Y|Z7289|Y|||||W86|W86|Y| | | | | | | | | | | | | | | | | | | | | | |Z741|23-Nov-2021|Z1331|23-Nov-2021|Z1331|23-Nov-2021|F1990|23-Nov-2021|Z715|23-Nov-2021|||||||||||||||||||||||||||||||||||||||||0|0||2|450|G0444|3.0|2021-11-24T00:00:00|hospital_B|hospital_B_20211123
SYN_BENE_BE11FD2A3559|SYN_CLM_7C0AA1ABED0C|V|60|23-Nov-2021|23-Nov-2021|26-Nov-2021||3|491581|1|1|1|| |950.31|0.0| ||49|1063523132| |9999868992| |9999868992|||0|1| |950.31|23-Nov-2021|1|4|A|10|0.0|190.06|0|4|0.0|0.0|0|0|0|0|0|0|0|0|0|0|0|0|0|||||23-Nov-2021|951.0|0|0||Z608|Z608|Y|Z733|Y|G309|Y|Z653|Y|N1830|Y|R809|Y|E1122|N|R809|Y|G43719|Y|E785|Y|I1310|N|E1121|Y|E781|Y|R931|Y|E119|Y|I259|Y|E8881|Y|E669|Y|R7303|Y|D649|Y|P292|Y|Z560|Y|Z7289|Y|||||W86|W86|Y| | | | | | | | | | | | | | | | | | | | | | |Z741|23-Nov-2021|Z1331|23-Nov-2021|Z1331|23-Nov-2021|F1990|23-Nov-2021|Z715|23-Nov-2021|||||||||||||||||||||||||||||||||||||||||0|0||3|450|G0444|3.0|2021-11-24T00:00:00|hospital_B|hospital_B_20211123
SYN_BENE_BE11FD2A3559|SYN_CLM_7C0AA1ABED0C|V|60|23-Nov-2021|23-Nov-2021|26-Nov-2021||3|491581|1|1|1|| |950.31|0.0| ||49|1063523132| |9999868992| |9999868992|||0|1| |950.31|23-Nov-2021|1|4|A|10|0.0|190.06|0|4|0.0|0.0|0|0|0|0|0|0|0|0|0|0|0|0|0|||||23-Nov-2021|951.0|0|0||Z608|Z608|Y|Z733|Y|G309|Y|Z653|Y|N1830|Y|R809|Y|E1122|N|R809|Y|G43719|Y|E785|Y|I1310|N|E1121|Y|E781|Y|R931|Y|E119|Y|I259|Y|E8881|Y|E669|Y|R7303|Y|D649|Y|P292|Y|Z560|Y|Z7289|Y|||||W86|W86|Y| | | | | | | | | | | | | | | | | | | | | | |Z741|23-Nov-2021|Z1331|23-Nov-2021|Z1331|23-Nov-2021|F1990|23-Nov-2021|Z715|23-Nov-2021|||||||||||||||||||||||||||||||||||||||||0|0||4|450|99408|3.0|2021-11-24T00:00:00|hospital_B|hospital_B_20211123
SYN_BENE_BE11FD2A3559|SYN_CLM_7C0AA1ABED0C|V|60|23-Nov-2021|23-Nov-2021|26-Nov-2021||3|491581|1|1|1|| |950.31|0.0| ||49|1063523132| |9999868992| |9999868992|||0|1| |950.31|23-Nov-2021|1|4|A|10|0.0|190.06|0|4|0.0|0.0|0|0|0|0|0|0|0|0|0|0|0|0|0|||||23-Nov-2021|951.0|0|0||Z608|Z608|Y|Z733|Y|G309|Y|Z653|Y|N1830|Y|R809|Y|E1122|N|R809|Y|G43719|Y|E785|Y|I1310|N|E1121|Y|E781|Y|R931|Y|E119|Y|I259|Y|E8881|Y|E669|Y|R7303|Y|D649|Y|P292|Y|Z560|Y|Z7289|Y|||||W86|W86|Y| | | | | | | | | | | | | | | | | | | | | | |Z741|23-Nov-2021|Z1331|23-Nov-2021|Z1331|23-Nov-2021|F1990|23-Nov-2021|Z715|23-Nov-2021|||||||||||||||||||||||||||||||||||||||||0|0||5|450|99408|3.0|2021-11-24T00:00:00|hospital_B|hospital_B_20211123
SYN_BENE_213BE2B41FA0|SYN_CLM_7C18F0E0CFC2|V|60|23-Nov-2021|23-Nov-2021|26-Nov-2021||3|491581|1|1|1|| |950.31|0.0| ||49|1063523132| |9999868992| |9999868992|||0|1| |950.31|23-Nov-2021|1|4|A|10|0.0|190.06|0|4|0.0|0.0|0|0|0|0|0|0|0|0|0|0|0|0|0|||||23-Nov-2021|951.0|0|0||Z608|Z608|Y|Z733|Y|G309|Y|Z653|Y|N1830|Y|R809|Y|E1122|N|R809|Y|G43719|Y|E785|Y|I1310|N|E1121|Y|E781|Y|R931|Y|E119|Y|I259|Y|E8881|Y|E669|Y|R7303|Y|D649|Y|P292|Y|Z560|Y|Z7289|Y|||||W86|W86|Y| | | | | | | | | | | | | | | | | | | | | | |Z741|23-Nov-2021|Z1331|23-Nov-2021|Z1331|23-Nov-2021|F1990|23-Nov-2021|Z715|23-Nov-2021|||||||||||||||||||||||||||||||||||||||||0|0||1|450|96156|3.0|2021-11-24T00:00:00|hospital_B|hospital_B_20211123
SYN_BENE_213BE2B41FA0|SYN_CLM_7C18F0E0CFC2|V|60|23-Nov-2021|23-Nov-2021|26-Nov-2021||3|491581|1|1|1|| |950.31|0.0| ||49|1063523132| |9999868992| |9999868992|||0|1| |950.31|23-Nov-2021|1|4|A|10|0.0|190.06|0|4|0.0|0.0|0|0|0|0|0|0|0|0|0|0|0|0|0|||||23-Nov-2021|951.0|0|0||Z608|Z608|Y|Z733|Y|G309|Y|Z653|Y|N1830|Y|R809|Y|E1122|N|R809|Y|G43719|Y|E785|Y|I1310|N|E1121|Y|E781|Y|R931|Y|E119|Y|I259|Y|E8881|Y|E669|Y|R7303|Y|D649|Y|P292|Y|Z560|Y|Z7289|Y|||||W86|W86|Y| | | | | | | | | | | | | | | | | | | | | | |Z741|23-Nov-2021|Z1331|23-Nov-2021|Z1331|23-Nov-2021|F1990|23-Nov-2021|Z715|23-Nov-2021|||||||||||||||||||||||||||||||||||||||||0|0||2|450|G0444|3.0|2021-11-24T00:00:00|hospital_B|hospital_B_20211123
SYN_BENE_213BE2B41FA0|SYN_CLM_7C18F0E0CFC2|V|60|23-Nov-2021|23-Nov-2021|26-Nov-2021||3|491581|1|1|1|| |950.31|0.0| ||49|1063523132| |9999868992| |9999868992|||0|1| |950.31|23-Nov-2021|1|4|A|10|0.0|190.06|0|4|0.0|0.0|0|0|0|0|0|0|0|0|0|0|0|0|0|||||23-Nov-2021|951.0|0|0||Z608|Z608|Y|Z733|Y|G309|Y|Z653|Y|N1830|Y|R809|Y|E1122|N|R809|Y|G43719|Y|E785|Y|I1310|N|E1121|Y|E781|Y|R931|Y|E119|Y|I259|Y|E8881|Y|E669|Y|R7303|Y|D649|Y|P292|Y|Z560|Y|Z7289|Y|||||W86|W86|Y| | | | | | | | | | | | | | | | | | | | | | |Z741|23-Nov-2021|Z1331|23-Nov-2021|Z1331|23-Nov-2021|F1990|23-Nov-2021|Z715|23-Nov-2021|||||||||||||||||||||||||||||||||||||||||0|0||3|450|G0444|3.0|2021-11-24T00:00:00|hospital_B|hospital_B_20211123
SYN_BENE_213BE2B41FA0|SYN_CLM_7C18F0E0CFC2|V|60|23-Nov-2021|23-Nov-2021|26-Nov-2021||3|491581|1|1|1|| |950.31|0.0| ||49|1063523132| |9999868992| |9999868992|||0|1| |950.31|23-Nov-2021|1|4|A|10|0.0|190.06|0|4|0.0|0.0|0|0|0|0|0|0|0|0|0|0|0|0|0|||||23-Nov-2021|951.0|0|0||Z608|Z608|Y|Z733|Y|G309|Y|Z653|Y|N1830|Y|R809|Y|E1122|N|R809|Y|G43719|Y|E785|Y|I1310|N|E1121|Y|E781|Y|R931|Y|E119|Y|I259|Y|E8881|Y|E669|Y|R7303|Y|D649|Y|P292|Y|Z560|Y|Z7289|Y|||||W86|W86|Y| | | | | | | | | | | | | | | | | | | | | | |Z741|23-Nov-2021|Z1331|23-Nov-2021|Z1331|23-Nov-2021|F1990|23-Nov-2021|Z715|23-Nov-2021|||||||||||||||||||||||||||||||||||||||||0|0||4|450|99408|3.0|2021-11-24T00:00:00|hospital_B|hospital_B_20211123
SYN_BENE_213BE2B41FA0|SYN_CLM_7C18F0E0CFC2|V|60|23-Nov-2021|23-Nov-2021|26-Nov-2021||3|491581|1|1|1|| |950.31|0.0| ||49|1063523132| |9999868992| |9999868992|||0|1| |950.31|23-Nov-2021|1|4|A|10|0.0|190.06|0|4|0.0|0.0|0|0|0|0|0|0|0|0|0|0|0|0|0|||||23-Nov-2021|951.0|0|0||Z608|Z608|Y|Z733|Y|G309|Y|Z653|Y|N1830|Y|R809|Y|E1122|N|R809|Y|G43719|Y|E785|Y|I1310|N|E1121|Y|E781|Y|R931|Y|E119|Y|I259|Y|E8881|Y|E669|Y|R7303|Y|D649|Y|P292|Y|Z560|Y|Z7289|Y|||||W86|W86|Y| | | | | | | | | | | | | | | | | | | | | | |Z741|23-Nov-2021|Z1331|23-Nov-2021|Z1331|23-Nov-2021|F1990|23-Nov-2021|Z715|23-Nov-2021|||||||||||||||||||||||||||||||||||||||||0|0||5|450|99408|3.0|2021-11-24T00:00:00|hospital_B|hospital_B_20211123
