BENE_ID|CLM_ID|NCH_NEAR_LINE_REC_IDENT_CD|NCH_CLM_TYPE_CD|CLM_FROM_DT|CLM_THRU_DT|NCH_WKLY_PROC_DT|FI_CLM_PROC_DT|CLAIM_QUERY_CODE|PRVDR_NUM|CLM_FAC_TYPE_CD|CLM_SRVC_CLSFCTN_TYPE_CD|CLM_FREQ_CD|FI_NUM|CLM_MDCR_NON_PMT_RSN_CD|CLM_PMT_AMT|NCH_PRMRY_PYR_CLM_PD_AMT|NCH_PRMRY_PYR_CD|FI_CLM_ACTN_CD|PRVDR_STATE_CD|ORG_NPI_NUM|AT_PHYSN_UPIN|AT_PHYSN_NPI|OP_PHYSN_UPIN|OP_PHYSN_NPI|OT_PHYSN_UPIN|OT_PHYSN_NPI|CLM_MCO_PD_SW|PTNT_DSCHRG_STUS_CD|CLM_PPS_IND_CD|CLM_TOT_CHRG_AMT|CLM_ADMSN_DT|CLM_IP_ADMSN_TYPE_CD|CLM_SRC_IP_ADMSN_CD|NCH_PTNT_STATUS_IND_CD|CLM_PASS_THRU_PER_DIEM_AMT|NCH_BENE_IP_DDCTBL_AMT|NCH_BENE_PTA_COINSRNC_LBLTY_AM|NCH_BENE_BLOOD_DDCTBL_LBLTY_AM|NCH_PROFNL_CMPNT_CHRG_AMT|NCH_IP_NCVRD_CHRG_AMT|NCH_IP_TOT_DDCTN_AMT|CLM_TOT_PPS_CPTL_AMT|CLM_PPS_CPTL_FSP_AMT|CLM_PPS_CPTL_OUTLIER_AMT|CLM_PPS_CPTL_DSPRPRTNT_SHR_AMT|CLM_PPS_CPTL_IME_AMT|CLM_PPS_CPTL_EXCPTN_AMT|CLM_PPS_OLD_CPTL_HLD_HRMLS_AMT|CLM_PPS_CPTL_DRG_WT_NUM|CLM_UTLZTN_DAY_CNT|BENE_TOT_COINSRNC_DAYS_CNT|BENE_LRD_USED_CNT|CLM_NON_UTLZTN_DAYS_CNT|NCH_BLOOD_PNTS_FRNSHD_QTY|NCH_VRFD_NCVRD_STAY_FROM_DT|NCH_VRFD_NCVRD_STAY_THRU_DT|NCH_ACTV_OR_CVRD_LVL_CARE_THRU|NCH_BENE_MDCR_BNFTS_EXHTD_DT_I|NCH_BENE_DSCHRG_DT|CLM_DRG_CD|CLM_DRG_OUTLIER_STAY_CD|NCH_DRG_OUTLIER_APRVD_PMT_AMT|ADMTG_DGNS_CD|PRNCPAL_DGNS_CD|ICD_DGNS_CD1|CLM_POA_IND_SW1|ICD_DGNS_CD2|CLM_POA_IND_SW2|ICD_DGNS_CD3|CLM_POA_IND_SW3|ICD_DGNS_CD4|CLM_POA_IND_SW4|ICD_DGNS_CD5|CLM_POA_IND_SW5|ICD_DGNS_CD6|CLM_POA_IND_SW6|ICD_DGNS_CD7|CLM_POA_IND_SW7|ICD_DGNS_CD8|CLM_POA_IND_SW8|ICD_DGNS_CD9|CLM_POA_IND_SW9|ICD_DGNS_CD10|CLM_POA_IND_SW10|ICD_DGNS_CD11|CLM_POA_IND_SW11|ICD_DGNS_CD12|CLM_POA_IND_SW12|ICD_DGNS_CD13|CLM_POA_IND_SW13|ICD_DGNS_CD14|CLM_POA_IND_SW14|ICD_DGNS_CD15|CLM_POA_IND_SW15|ICD_DGNS_CD16|CLM_POA_IND_SW16|ICD_DGNS_CD17|CLM_POA_IND_SW17|ICD_DGNS_CD18|CLM_POA_IND_SW18|ICD_DGNS_CD19|CLM_POA_IND_SW19|ICD_DGNS_CD20|CLM_POA_IND_SW20|ICD_DGNS_CD21|CLM_POA_IND_SW21|ICD_DGNS_CD22|CLM_POA_IND_SW22|ICD_DGNS_CD23|CLM_POA_IND_SW23|ICD_DGNS_CD24|CLM_POA_IND_SW24|ICD_DGNS_CD25|CLM_POA_IND_SW25|FST_DGNS_E_CD|ICD_DGNS_E_CD1|CLM_E_POA_IND_SW1|ICD_DGNS_E_CD2|CLM_E_POA_IND_SW2|ICD_DGNS_E_CD3|CLM_E_POA_IND_SW3|ICD_DGNS_E_CD4|CLM_E_POA_IND_SW4|ICD_DGNS_E_CD5|CLM_E_POA_IND_SW5|ICD_DGNS_E_CD6|CLM_E_POA_IND_SW6|ICD_DGNS_E_CD7|CLM_E_POA_IND_SW7|ICD_DGNS_E_CD8|CLM_E_POA_IND_SW8|ICD_DGNS_E_CD9|CLM_E_POA_IND_SW9|ICD_DGNS_E_CD10|CLM_E_POA_IND_SW10|ICD_DGNS_E_CD11|CLM_E_POA_IND_SW11|ICD_DGNS_E_CD12|CLM_E_POA_IND_SW12|ICD_PRCDR_CD1|PRCDR_DT1|ICD_PRCDR_CD2|PRCDR_DT2|ICD_PRCDR_CD3|PRCDR_DT3|ICD_PRCDR_CD4|PRCDR_DT4|ICD_PRCDR_CD5|PRCDR_DT5|ICD_PRCDR_CD6|PRCDR_DT6|ICD_PRCDR_CD7|PRCDR_DT7|ICD_PRCDR_CD8|PRCDR_DT8|ICD_PRCDR_CD9|PRCDR_DT9|ICD_PRCDR_CD10|PRCDR_DT10|ICD_PRCDR_CD11|PRCDR_DT11|ICD_PRCDR_CD12|PRCDR_DT12|ICD_PRCDR_CD13|PRCDR_DT13|ICD_PRCDR_CD14|PRCDR_DT14|ICD_PRCDR_CD15|PRCDR_DT15|ICD_PRCDR_CD16|PRCDR_DT16|ICD_PRCDR_CD17|PRCDR_DT17|ICD_PRCDR_CD18|PRCDR_DT18|ICD_PRCDR_CD19|PRCDR_DT19|ICD_PRCDR_CD20|PRCDR_DT20|ICD_PRCDR_CD21|PRCDR_DT21|ICD_PRCDR_CD22|PRCDR_DT22|ICD_PRCDR_CD23|PRCDR_DT23|ICD_PRCDR_CD24|PRCDR_DT24|ICD_PRCDR_CD25|PRCDR_DT25|IME_OP_CLM_VAL_AMT|DSH_OP_CLM_VAL_AMT|CLM_UNCOMPD_CARE_PMT_AMT|CLM_LINE_NUM|REV_CNTR|HCPCS_CD|REV_CNTR_DDCTBL_COINSRNC_CD|ingestion_timestamp|hospital_id|batch_id
-10000010282387|-10000931260383|V|60|14-Nov-2017|14-Nov-2017|17-Nov-2017||3|491581|1|1|1|| |950.31|0.0| ||49|1063523132| |9999868992| |9999868992|||0|1| |950.31|14-Nov-2017|1|4|A|10|0.0|190.06|0|4|0.0|0.0|0|0|0|0|0|0|0|0|0|0|0|0|0|||||14-Nov-2017|951.0|0|0||Z733|Z733|N|G309|Y|Z653|Y|N1830|Y|R801|Y|N182|N|R801|Y|G43719|Y|E785|Y|N181|N|E1121|Y|E781|Y|R931|Y|E119|Y|I259|Y|E8881|Y|E669|Y|R7303|Y|D649|Y|P292|N|Z560|Y|R4689|N|||||||||| | | | | | | | | | | | | | | | | | | | | | |Z741|14-Nov-2017|Z9181|14-Nov-2017|Z139|14-Nov-2017|Z1331|14-Nov-2017|Z1331|14-Nov-2017|F1990|14-Nov-2017|Z715|14-Nov-2017|||||||||||||||||||||||||||||||||||||0|0||1|450|96156|3.0|2017-11-15T00:00:00|hospital_B|hospital_B_20171114
-10000010282387|-10000931260383|V|60|14-Nov-2017|14-Nov-2017|17-Nov-2017||3|491581|1|1|1|| |950.31|0.0| ||49|1063523132| |9999868992| |9999868992|||0|1| |950.31|14-Nov-2017|1|4|A|10|0.0|190.06|0|4|0.0|0.0|0|0|0|0|0|0|0|0|0|0|0|0|0|||||14-Nov-2017|951.0|0|0||Z733|Z733|N|G309|Y|Z653|Y|N1830|Y|R801|Y|N182|N|R801|Y|G43719|Y|E785|Y|N181|N|E1121|Y|E781|Y|R931|Y|E119|Y|I259|Y|E8881|Y|E669|Y|R7303|Y|D649|Y|P292|N|Z560|Y|R4689|N|||||||||| | | | | | | | | | | | | | | | | | | | | | |Z741|14-Nov-2017|Z9181|14-Nov-2017|Z139|14-Nov-2017|Z1331|14-Nov-2017|Z1331|14-Nov-2017|F1990|14-Nov-2017|Z715|14-Nov-2017|||||||||||||||||||||||||||||||||||||0|0||2|450|M1069|3.0|2017-11-15T00:00:00|hospital_B|hospital_B_20171114
-10000010282387|-10000931260383|V|60|14-Nov-2017|14-Nov-2017|17-Nov-2017||3|491581|1|1|1|| |950.31|0.0| ||49|1063523132| |9999868992| |9999868992|||0|1| |950.31|14-Nov-2017|1|4|A|10|0.0|190.06|0|4|0.0|0.0|0|0|0|0|0|0|0|0|0|0|0|0|0|||||14-Nov-2017|951.0|0|0||Z733|Z733|N|G309|Y|Z653|Y|N1830|Y|R801|Y|N182|N|R801|Y|G43719|Y|E785|Y|N181|N|E1121|Y|E781|Y|R931|Y|E119|Y|I259|Y|E8881|Y|E669|Y|R7303|Y|D649|Y|P292|N|Z560|Y|R4689|N|||||||||| | | | | | | | | | | | | | | | | | | | | | |Z741|14-Nov-2017|Z9181|14-Nov-2017|Z139|14-Nov-2017|Z1331|14-Nov-2017|Z1331|14-Nov-2017|F1990|14-Nov-2017|Z715|14-Nov-2017|||||||||||||||||||||||||||||||||||||0|0||3|450|99401|3.0|2017-11-15T00:00:00|hospital_B|hospital_B_20171114
-10000010282387|-10000931260383|V|60|14-Nov-2017|14-Nov-2017|17-Nov-2017||3|491581|1|1|1|| |950.31|0.0| ||49|1063523132| |9999868992| |9999868992|||0|1| |950.31|14-Nov-2017|1|4|A|10|0.0|190.06|0|4|0.0|0.0|0|0|0|0|0|0|0|0|0|0|0|0|0|||||14-Nov-2017|951.0|0|0||Z733|Z733|N|G309|Y|Z653|Y|N1830|Y|R801|Y|N182|N|R801|Y|G43719|Y|E785|Y|N181|N|E1121|Y|E781|Y|R931|Y|E119|Y|I259|Y|E8881|Y|E669|Y|R7303|Y|D649|Y|P292|N|Z560|Y|R4689|N|||||||||| | | | | | | | | | | | | | | | | | | | | | |Z741|14-Nov-2017|Z9181|14-Nov-2017|Z139|14-Nov-2017|Z1331|14-Nov-2017|Z1331|14-Nov-2017|F1990|14-Nov-2017|Z715|14-Nov-2017|||||||||||||||||||||||||||||||||||||0|0||4|450|G0444|3.0|2017-11-15T00:00:00|hospital_B|hospital_B_20171114
-10000010282387|-10000931260383|V|60|14-Nov-2017|14-Nov-2017|17-Nov-2017||3|491581|1|1|1|| |950.31|0.0| ||49|1063523132| |9999868992| |9999868992|||0|1| |950.31|14-Nov-2017|1|4|A|10|0.0|190.06|0|4|0.0|0.0|0|0|0|0|0|0|0|0|0|0|0|0|0|||||14-Nov-2017|951.0|0|0||Z733|Z733|N|G309|Y|Z653|Y|N1830|Y|R801|Y|N182|N|R801|Y|G43719|Y|E785|Y|N181|N|E1121|Y|E781|Y|R931|Y|E119|Y|I259|Y|E8881|Y|E669|Y|R7303|Y|D649|Y|P292|N|Z560|Y|R4689|N|||||||||| | | | | | | | | | | | | | | | | | | | | | |Z741|14-Nov-2017|Z9181|14-Nov-2017|Z139|14-Nov-2017|Z1331|14-Nov-2017|Z1331|14-Nov-2017|F1990|14-Nov-2017|Z715|14-Nov-2017|||||||||||||||||||||||||||||||||||||0|0||5|450|G0444|3.0|2017-11-15T00:00:00|hospital_B|hospital_B_20171114
-10000010282387|-10000931260383|V|60|14-Nov-2017|14-Nov-2017|17-Nov-2017||3|491581|1|1|1|| |950.31|0.0| ||49|1063523132| |9999868992| |9999868992|||0|1| |950.31|14-Nov-2017|1|4|A|10|0.0|190.06|0|4|0.0|0.0|0|0|0|0|0|0|0|0|0|0|0|0|0|||||14-Nov-2017|951.0|0|0||Z733|Z733|N|G309|Y|Z653|Y|N1830|Y|R801|Y|N182|N|R801|Y|G43719|Y|E785|Y|N181|N|E1121|Y|E781|Y|R931|Y|E119|Y|I259|Y|E8881|Y|E669|Y|R7303|Y|D649|Y|P292|N|Z560|Y|R4689|N|||||||||| | | | | | | | | | | | | | | | | | | | | | |Z741|14-Nov-2017|Z9181|14-Nov-2017|Z139|14-Nov-2017|Z1331|14-Nov-2017|Z1331|14-Nov-2017|F1990|14-Nov-2017|Z715|14-Nov-2017|||||||||||||||||||||||||||||||||||||0|0||6|450|99408|3.0|2017-11-15T00:00:00|hospital_B|hospital_B_20171114
-10000010282387|-10000931260383|V|60|14-Nov-2017|14-Nov-2017|17-Nov-2017||3|491581|1|1|1|| |950.31|0.0| ||49|1063523132| |9999868992| |9999868992|||0|1| |950.31|14-Nov-2017|1|4|A|10|0.0|190.06|0|4|0.0|0.0|0|0|0|0|0|0|0|0|0|0|0|0|0|||||14-Nov-2017|951.0|0|0||Z733|Z733|N|G309|Y|Z653|Y|N1830|Y|R801|Y|N182|N|R801|Y|G43719|Y|E785|Y|N181|N|E1121|Y|E781|Y|R931|Y|E119|Y|I259|Y|E8881|Y|E669|Y|R7303|Y|D649|Y|P292|N|Z560|Y|R4689|N|||||||||| | | | | | | | | | | | | | | | | | | | | | |Z741|14-Nov-2017|Z9181|14-Nov-2017|Z139|14-Nov-2017|Z1331|14-Nov-2017|Z1331|14-Nov-2017|F1990|14-Nov-2017|Z715|14-Nov-2017|||||||||||||||||||||||||||||||||||||0|0||7|450|99408|3.0|2017-11-15T00:00:00|hospital_B|hospital_B_20171114
SYN_BENE_8F5350E97146|SYN_CLM_5368260ECD0C|V|60|14-Nov-2017|14-Nov-2017|17-Nov-2017||3|491581|1|1|1|| |950.31|0.0| ||49|1063523132| |9999868992| |9999868992|||0|1| |950.31|14-Nov-2017|1|4|A|10|0.0|190.06|0|4|0.0|0.0|0|0|0|0|0|0|0|0|0|0|0|0|0|||||14-Nov-2017|951.0|0|0||Z733|Z733|N|G309|Y|Z653|Y|N1830|Y|R801|Y|N182|N|R801|Y|G43719|Y|E785|Y|N181|N|E1121|Y|E781|Y|R931|Y|E119|Y|I259|Y|E8881|Y|E669|Y|R7303|Y|D649|Y|P292|N|Z560|Y|R4689|N|||||||||| | | | | | | | | | | | | | | | | | | | | | |Z741|14-Nov-2017|Z9181|14-Nov-2017|Z139|14-Nov-2017|Z1331|14-Nov-2017|Z1331|14-Nov-2017|F1990|14-Nov-2017|Z715|14-Nov-2017|||||||||||||||||||||||||||||||||||||0|0||1|450|96156|3.0|2017-11-15T00:00:00|hospital_B|hospital_B_20171114
SYN_BENE_8F5350E97146|SYN_CLM_5368260ECD0C|V|60|14-Nov-2017|14-Nov-2017|17-Nov-2017||3|491581|1|1|1|| |950.31|0.0| ||49|1063523132| |9999868992| |9999868992|||0|1| |950.31|14-Nov-2017|1|4|A|10|0.0|190.06|0|4|0.0|0.0|0|0|0|0|0|0|0|0|0|0|0|0|0|||||14-Nov-2017|951.0|0|0||Z733|Z733|N|G309|Y|Z653|Y|N1830|Y|R801|Y|N182|N|R801|Y|G43719|Y|E785|Y|N181|N|E1121|Y|E781|Y|R931|Y|E119|Y|I259|Y|E8881|Y|E669|Y|R7303|Y|D649|Y|P292|N|Z560|Y|R4689|N|||||||||| | | | | | | | | | | | | | | | | | | | | | |Z741|14-Nov-2017|Z9181|14-Nov-2017|Z139|14-Nov-2017|Z1331|14-Nov-2017|Z1331|14-Nov-2017|F1990|14-Nov-2017|Z715|14-Nov-2017|||||||||||||||||||||||||||||||||||||0|0||2|450|M1069|3.0|2017-11-15T00:00:00|hospital_B|hospital_B_20171114
SYN_BENE_8F5350E97146|SYN_CLM_5368260ECD0C|V|60|14-Nov-2017|14-Nov-2017|17-Nov-2017||3|491581|1|1|1|| |950.31|0.0| ||49|1063523132| |9999868992| |9999868992|||0|1| |950.31|14-Nov-2017|1|4|A|10|0.0|190.06|0|4|0.0|0.0|0|0|0|0|0|0|0|0|0|0|0|0|0|||||14-Nov-2017|951.0|0|0||Z733|Z733|N|G309|Y|Z653|Y|N1830|Y|R801|Y|N182|N|R801|Y|G43719|Y|E785|Y|N181|N|E1121|Y|E781|Y|R931|Y|E119|Y|I259|Y|E8881|Y|E669|Y|R7303|Y|D649|Y|P292|N|Z560|Y|R4689|N|||||||||| | | | | | | | | | | | | | | | | | | | | | |Z741|14-Nov-2017|Z9181|14-Nov-2017|Z139|14-Nov-2017|Z1331|14-Nov-2017|Z1331|14-Nov-2017|F1990|14-Nov-2017|Z715|14-Nov-2017|||||||||||||||||||||||||||||||||||||0|0||3|450|99401|3.0|2017-11-15T00:00:00|hospital_B|hospital_B_20171114
SYN_BENE_8F5350E97146|SYN_CLM_5368260ECD0C|V|60|14-Nov-2017|14-Nov-2017|17-Nov-2017||3|491581|1|1|1|| |950.31|0.0| ||49|1063523132| |9999868992| |9999868992|||0|1| |950.31|14-Nov-2017|1|4|A|10|0.0|190.06|0|4|0.0|0.0|0|0|0|0|0|0|0|0|0|0|0|0|0|||||14-Nov-2017|951.0|0|0||Z733|Z733|N|G309|Y|Z653|Y|N1830|Y|R801|Y|N182|N|R801|Y|G43719|Y|E785|Y|N181|N|E1121|Y|E781|Y|R931|Y|E119|Y|I259|Y|E8881|Y|E669|Y|R7303|Y|D649|Y|P292|N|Z560|Y|R4689|N|||||||||| | | | | | | | | | | | | | | | | | | | | | |Z741|14-Nov-2017|Z9181|14-Nov-2017|Z139|14-Nov-2017|Z1331|14-Nov-2017|Z1331|14-Nov-2017|F1990|14-Nov-2017|Z715|14-Nov-2017|||||||||||||||||||||||||||||||||||||0|0||4|450|G0444|3.0|2017-11-15T00:00:00|hospital_B|hospital_B_20171114
SYN_BENE_8F5350E97146|SYN_CLM_5368260ECD0C|V|60|14-Nov-2017|14-Nov-2017|17-Nov-2017||3|491581|1|1|1|| |950.31|0.0| ||49|1063523132| |9999868992| |9999868992|||0|1| |950.31|14-Nov-2017|1|4|A|10|0.0|190.06|0|4|0.0|0.0|0|0|0|0|0|0|0|0|0|0|0|0|0|||||14-Nov-2017|951.0|0|0||Z733|Z733|N|G309|Y|Z653|Y|N1830|Y|R801|Y|N182|N|R801|Y|G43719|Y|E785|Y|N181|N|E1121|Y|E781|Y|R931|Y|E119|Y|I259|Y|E8881|Y|E669|Y|R7303|Y|D649|Y|P292|N|Z560|Y|R4689|N|||||||||| | | | | | | | | | | | | | | | | | | | | | |Z741|14-Nov-2017|Z9181|14-Nov-2017|Z139|14-Nov-2017|Z1331|14-Nov-2017|Z1331|14-Nov-2017|F1990|14-Nov-2017|Z715|14-Nov-2017|||||||||||||||||||||||||||||||||||||0|0||5|450|G0444|3.0|2017-11-15T00:00:00|hospital_B|hospital_B_20171114
SYN_BENE_8F5350E97146|SYN_CLM_5368260ECD0C|V|60|14-Nov-2017|14-Nov-2017|17-Nov-2017||3|491581|1|1|1|| |950.31|0.0| ||49|1063523132| |9999868992| |9999868992|||0|1| |950.31|14-Nov-2017|1|4|A|10|0.0|190.06|0|4|0.0|0.0|0|0|0|0|0|0|0|0|0|0|0|0|0|||||14-Nov-2017|951.0|0|0||Z733|Z733|N|G309|Y|Z653|Y|N1830|Y|R801|Y|N182|N|R801|Y|G43719|Y|E785|Y|N181|N|E1121|Y|E781|Y|R931|Y|E119|Y|I259|Y|E8881|Y|E669|Y|R7303|Y|D649|Y|P292|N|Z560|Y|R4689|N|||||||||| | | | | | | | | | | | | | | | | | | | | | |Z741|14-Nov-2017|Z9181|14-Nov-2017|Z139|14-Nov-2017|Z1331|14-Nov-2017|Z1331|14-Nov-2017|F1990|14-Nov-2017|Z715|14-Nov-2017|||||||||||||||||||||||||||||||||||||0|0||6|450|99408|3.0|2017-11-15T00:00:00|hospital_B|hospital_B_20171114
SYN_BENE_8F5350E97146|SYN_CLM_5368260ECD0C|V|60|14-Nov-2017|14-Nov-2017|17-Nov-2017||3|491581|1|1|1|| |950.31|0.0| ||49|1063523132| |9999868992| |9999868992|||0|1| |950.31|14-Nov-2017|1|4|A|10|0.0|190.06|0|4|0.0|0.0|0|0|0|0|0|0|0|0|0|0|0|0|0|||||14-Nov-2017|951.0|0|0||Z733|Z733|N|G309|Y|Z653|Y|N1830|Y|R801|Y|N182|N|R801|Y|G43719|Y|E785|Y|N181|N|E1121|Y|E781|Y|R931|Y|E119|Y|I259|Y|E8881|Y|E669|Y|R7303|Y|D649|Y|P292|N|Z560|Y|R4689|N|||||||||| | | | | | | | | | | | | | | | | | | | | | |Z741|14-Nov-2017|Z9181|14-Nov-2017|Z139|14-Nov-2017|Z1331|14-Nov-2017|Z1331|14-Nov-2017|F1990|14-Nov-2017|Z715|14-Nov-2017|||||||||||||||||||||||||||||||||||||0|0||7|450|99408|3.0|2017-11-15T00:00:00|hospital_B|hospital_B_20171114
SYN_BENE_75EB0F9A2CB8|SYN_CLM_74EB18970AAE|V|60|14-Nov-2017|14-Nov-2017|17-Nov-2017||3|491581|1|1|1|| |950.31|0.0| ||49|1063523132| |9999868992| |9999868992|||0|1| |950.31|14-Nov-2017|1|4|A|10|0.0|190.06|0|4|0.0|0.0|0|0|0|0|0|0|0|0|0|0|0|0|0|||||14-Nov-2017|951.0|0|0||Z733|Z733|N|G309|Y|Z653|Y|N1830|Y|R801|Y|N182|N|R801|Y|G43719|Y|E785|Y|N181|N|E1121|Y|E781|Y|R931|Y|E119|Y|I259|Y|E8881|Y|E669|Y|R7303|Y|D649|Y|P292|N|Z560|Y|R4689|N|||||||||| | | | | | | | | | | | | | | | | | | | | | |Z741|14-Nov-2017|Z9181|14-Nov-2017|Z139|14-Nov-2017|Z1331|14-Nov-2017|Z1331|14-Nov-2017|F1990|14-Nov-2017|Z715|14-Nov-2017|||||||||||||||||||||||||||||||||||||0|0||1|450|96156|3.0|2017-11-15T00:00:00|hospital_B|hospital_B_20171114
SYN_BENE_75EB0F9A2CB8|SYN_CLM_74EB18970AAE|V|60|14-Nov-2017|14-Nov-2017|17-Nov-2017||3|491581|1|1|1|| |950.31|0.0| ||49|1063523132| |9999868992| |9999868992|||0|1| |950.31|14-Nov-2017|1|4|A|10|0.0|190.06|0|4|0.0|0.0|0|0|0|0|0|0|0|0|0|0|0|0|0|||||14-Nov-2017|951.0|0|0||Z733|Z733|N|G309|Y|Z653|Y|N1830|Y|R801|Y|N182|N|R801|Y|G43719|Y|E785|Y|N181|N|E1121|Y|E781|Y|R931|Y|E119|Y|I259|Y|E8881|Y|E669|Y|R7303|Y|D649|Y|P292|N|Z560|Y|R4689|N|||||||||| | | | | | | | | | | | | | | | | | | | | | |Z741|14-Nov-2017|Z9181|14-Nov-2017|Z139|14-Nov-2017|Z1331|14-Nov-2017|Z1331|14-Nov-2017|F1990|14-Nov-2017|Z715|14-Nov-2017|||||||||||||||||||||||||||||||||||||0|0||2|450|M1069|3.0|2017-11-15T00:00:00|hospital_B|hospital_B_20171114
SYN_BENE_75EB0F9A2CB8|SYN_CLM_74EB18970AAE|V|60|14-Nov-2017|14-Nov-2017|17-Nov-2017||3|491581|1|1|1|| |950.31|0.0| ||49|1063523132| |9999868992| |9999868992|||0|1| |950.31|14-Nov-2017|1|4|A|10|0.0|190.06|0|4|0.0|0.0|0|0|0|0|0|0|0|0|0|0|0|0|0|||||14-Nov-2017|951.0|0|0||Z733|Z733|N|G309|Y|Z653|Y|N1830|Y|R801|Y|N182|N|R801|Y|G43719|Y|E785|Y|N181|N|E1121|Y|E781|Y|R931|Y|E119|Y|I259|Y|E8881|Y|E669|Y|R7303|Y|D649|Y|P292|N|Z560|Y|R4689|N|||||||||| | | | | | | | | | | | | | | | | | | | | | |Z741|14-Nov-2017|Z9181|14-Nov-2017|Z139|14-Nov-2017|Z1331|14-Nov-2017|Z1331|14-Nov-2017|F1990|14-Nov-2017|Z715|14-Nov-2017|||||||||||||||||||||||||||||||||||||0|0||3|450|99401|3.0|2017-11-15T00:00:00|hospital_B|hospital_B_20171114
SYN_BENE_75EB0F9A2CB8|SYN_CLM_74EB18970AAE|V|60|14-Nov-2017|14-Nov-2017|17-Nov-2017||3|491581|1|1|1|| |950.31|0.0| ||49|1063523132| |9999868992| |9999868992|||0|1| |950.31|14-Nov-2017|1|4|A|10|0.0|190.06|0|4|0.0|0.0|0|0|0|0|0|0|0|0|0|0|0|0|0|||||14-Nov-2017|951.0|0|0||Z733|Z733|N|G309|Y|Z653|Y|N1830|Y|R801|Y|N182|N|R801|Y|G43719|Y|E785|Y|N181|N|E1121|Y|E781|Y|R931|Y|E119|Y|I259|Y|E8881|Y|E669|Y|R7303|Y|D649|Y|P292|N|Z560|Y|R4689|N|||||||||| | | | | | | | | | | | | | | | | | | | | | |Z741|14-Nov-2017|Z9181|14-Nov-2017|Z139|14-Nov-2017|Z1331|14-Nov-2017|Z1331|14-Nov-2017|F1990|14-Nov-2017|Z715|14-Nov-2017|||||||||||||||||||||||||||||||||||||0|0||4|450|G0444|3.0|2017-11-15T00:00:00|hospital_B|hospital_B_20171114
SYN_BENE_75EB0F9A2CB8|SYN_CLM_74EB18970AAE|V|60|14-Nov-2017|14-Nov-2017|17-Nov-2017||3|491581|1|1|1|| |950.31|0.0| ||49|1063523132| |9999868992| |9999868992|||0|1| |950.31|14-Nov-2017|1|4|A|10|0.0|190.06|0|4|0.0|0.0|0|0|0|0|0|0|0|0|0|0|0|0|0|||||14-Nov-2017|951.0|0|0||Z733|Z733|N|G309|Y|Z653|Y|N1830|Y|R801|Y|N182|N|R801|Y|G43719|Y|E785|Y|N181|N|E1121|Y|E781|Y|R931|Y|E119|Y|I259|Y|E8881|Y|E669|Y|R7303|Y|D649|Y|P292|N|Z560|Y|R4689|N|||||||||| | | | | | | | | | | | | | | | | | | | | | |Z741|14-Nov-2017|Z9181|14-Nov-2017|Z139|14-Nov-2017|Z1331|14-Nov-2017|Z1331|14-Nov-2017|F1990|14-Nov-2017|Z715|14-Nov-2017|||||||||||||||||||||||||||||||||||||0|0||5|450|G0444|3.0|2017-11-15T00:00:00|hospital_B|hospital_B_20171114
SYN_BENE_75EB0F9A2CB8|SYN_CLM_74EB18970AAE|V|60|14-Nov-2017|14-Nov-2017|17-Nov-2017||3|491581|1|1|1|| |950.31|0.0| ||49|1063523132| |9999868992| |9999868992|||0|1| |950.31|14-Nov-2017|1|4|A|10|0.0|190.06|0|4|0.0|0.0|0|0|0|0|0|0|0|0|0|0|0|0|0|||||14-Nov-2017|951.0|0|0||Z733|Z733|N|G309|Y|Z653|Y|N1830|Y|R801|Y|N182|N|R801|Y|G43719|Y|E785|Y|N181|N|E1121|Y|E781|Y|R931|Y|E119|Y|I259|Y|E8881|Y|E669|Y|R7303|Y|D649|Y|P292|N|Z560|Y|R4689|N|||||||||| | | | | | | | | | | | | | | | | | | | | | |Z741|14-Nov-2017|Z9181|14-Nov-2017|Z139|14-Nov-2017|Z1331|14-Nov-2017|Z1331|14-Nov-2017|F1990|14-Nov-2017|Z715|14-Nov-2017|||||||||||||||||||||||||||||||||||||0|0||6|450|99408|3.0|2017-11-15T00:00:00|hospital_B|hospital_B_20171114
SYN_BENE_75EB0F9A2CB8|SYN_CLM_74EB18970AAE|V|60|14-Nov-2017|14-Nov-2017|17-Nov-2017||3|491581|1|1|1|| |950.31|0.0| ||49|1063523132| |9999868992| |9999868992|||0|1| |950.31|14-Nov-2017|1|4|A|10|0.0|190.06|0|4|0.0|0.0|0|0|0|0|0|0|0|0|0|0|0|0|0|||||14-Nov-2017|951.0|0|0||Z733|Z733|N|G309|Y|Z653|Y|N1830|Y|R801|Y|N182|N|R801|Y|G43719|Y|E785|Y|N181|N|E1121|Y|E781|Y|R931|Y|E119|Y|I259|Y|E8881|Y|E669|Y|R7303|Y|D649|Y|P292|N|Z560|Y|R4689|N|||||||||| | | | | | | | | | | | | | | | | | | | | | |Z741|14-Nov-2017|Z9181|14-Nov-2017|Z139|14-Nov-2017|Z1331|14-Nov-2017|Z1331|14-Nov-2017|F1990|14-Nov-2017|Z715|14-Nov-2017|||||||||||||||||||||||||||||||||||||0|0||7|450|99408|3.0|2017-11-15T00:00:00|hospital_B|hospital_B_20171114
SYN_BENE_084B31BD4FF4|SYN_CLM_9715BC1077EA|V|60|14-Nov-2017|14-Nov-2017|17-Nov-2017||3|491581|1|1|1|| |950.31|0.0| ||49|1063523132| |9999868992| |9999868992|||0|1| |950.31|14-Nov-2017|1|4|A|10|0.0|190.06|0|4|0.0|0.0|0|0|0|0|0|0|0|0|0|0|0|0|0|||||14-Nov-2017|951.0|0|0||Z733|Z733|N|G309|Y|Z653|Y|N1830|Y|R801|Y|N182|N|R801|Y|G43719|Y|E785|Y|N181|N|E1121|Y|E781|Y|R931|Y|E119|Y|I259|Y|E8881|Y|E669|Y|R7303|Y|D649|Y|P292|N|Z560|Y|R4689|N|||||||||| | | | | | | | | | | | | | | | | | | | | | |Z741|14-Nov-2017|Z9181|14-Nov-2017|Z139|14-Nov-2017|Z1331|14-Nov-2017|Z1331|14-Nov-2017|F1990|14-Nov-2017|Z715|14-Nov-2017|||||||||||||||||||||||||||||||||||||0|0||1|450|96156|3.0|2017-11-15T00:00:00|hospital_B|hospital_B_20171114
SYN_BENE_084B31BD4FF4|SYN_CLM_9715BC1077EA|V|60|14-Nov-2017|14-Nov-2017|17-Nov-2017||3|491581|1|1|1|| |950.31|0.0| ||49|1063523132| |9999868992| |9999868992|||0|1| |950.31|14-Nov-2017|1|4|A|10|0.0|190.06|0|4|0.0|0.0|0|0|0|0|0|0|0|0|0|0|0|0|0|||||14-Nov-2017|951.0|0|0||Z733|Z733|N|G309|Y|Z653|Y|N1830|Y|R801|Y|N182|N|R801|Y|G43719|Y|E785|Y|N181|N|E1121|Y|E781|Y|R931|Y|E119|Y|I259|Y|E8881|Y|E669|Y|R7303|Y|D649|Y|P292|N|Z560|Y|R4689|N|||||||||| | | | | | | | | | | | | | | | | | | | | | |Z741|14-Nov-2017|Z9181|14-Nov-2017|Z139|14-Nov-2017|Z1331|14-Nov-2017|Z1331|14-Nov-2017|F1990|14-Nov-2017|Z715|14-Nov-2017|||||||||||||||||||||||||||||||||||||0|0||2|450|M1069|3.0|2017-11-15T00:00:00|hospital_B|hospital_B_20171114
SYN_BENE_084B31BD4FF4|SYN_CLM_9715BC1077EA|V|60|14-Nov-2017|14-Nov-2017|17-Nov-2017||3|491581|1|1|1|| |950.31|0.0| ||49|1063523132| |9999868992| |9999868992|||0|1| |950.31|14-Nov-2017|1|4|A|10|0.0|190.06|0|4|0.0|0.0|0|0|0|0|0|0|0|0|0|0|0|0|0|||||14-Nov-2017|951.0|0|0||Z733|Z733|N|G309|Y|Z653|Y|N1830|Y|R801|Y|N182|N|R801|Y|G43719|Y|E785|Y|N181|N|E1121|Y|E781|Y|R931|Y|E119|Y|I259|Y|E8881|Y|E669|Y|R7303|Y|D649|Y|P292|N|Z560|Y|R4689|N|||||||||| | | | | | | | | | | | | | | | | | | | | | |Z741|14-Nov-2017|Z9181|14-Nov-2017|Z139|14-Nov-2017|Z1331|14-Nov-2017|Z1331|14-Nov-2017|F1990|14-Nov-2017|Z715|14-Nov-2017|||||||||||||||||||||||||||||||||||||0|0||3|450|99401|3.0|2017-11-15T00:00:00|hospital_B|hospital_B_20171114
SYN_BENE_084B31BD4FF4|SYN_CLM_9715BC1077EA|V|60|14-Nov-2017|14-Nov-2017|17-Nov-2017||3|491581|1|1|1|| |950.31|0.0| ||49|1063523132| |9999868992| |9999868992|||0|1| |950.31|14-Nov-2017|1|4|A|10|0.0|190.06|0|4|0.0|0.0|0|0|0|0|0|0|0|0|0|0|0|0|0|||||14-Nov-2017|951.0|0|0||Z733|Z733|N|G309|Y|Z653|Y|N1830|Y|R801|Y|N182|N|R801|Y|G43719|Y|E785|Y|N181|N|E1121|Y|E781|Y|R931|Y|E119|Y|I259|Y|E8881|Y|E669|Y|R7303|Y|D649|Y|P292|N|Z560|Y|R4689|N|||||||||| | | | | | | | | | | | | | | | | | | | | | |Z741|14-Nov-2017|Z9181|14-Nov-2017|Z139|14-Nov-2017|Z1331|14-Nov-2017|Z1331|14-Nov-2017|F1990|14-Nov-2017|Z715|14-Nov-2017|||||||||||||||||||||||||||||||||||||0|0||4|450|G0444|3.0|2017-11-15T00:00:00|hospital_B|hospital_B_20171114
SYN_BENE_084B31BD4FF4|SYN_CLM_9715BC1077EA|V|60|14-Nov-2017|14-Nov-2017|17-Nov-2017||3|491581|1|1|1|| |950.31|0.0| ||49|1063523132| |9999868992| |9999868992|||0|1| |950.31|14-Nov-2017|1|4|A|10|0.0|190.06|0|4|0.0|0.0|0|0|0|0|0|0|0|0|0|0|0|0|0|||||14-Nov-2017|951.0|0|0||Z733|Z733|N|G309|Y|Z653|Y|N1830|Y|R801|Y|N182|N|R801|Y|G43719|Y|E785|Y|N181|N|E1121|Y|E781|Y|R931|Y|E119|Y|I259|Y|E8881|Y|E669|Y|R7303|Y|D649|Y|P292|N|Z560|Y|R4689|N|||||||||| | | | | | | | | | | | | | | | | | | | | | |Z741|14-Nov-2017|Z9181|14-Nov-2017|Z139|14-Nov-2017|Z1331|14-Nov-2017|Z1331|14-Nov-2017|F1990|14-Nov-2017|Z715|14-Nov-2017|||||||||||||||||||||||||||||||||||||0|0||5|450|G0444|3.0|2017-11-15T00:00:00|hospital_B|hospital_B_20171114
SYN_BENE_084B31BD4FF4|SYN_CLM_9715BC1077EA|V|60|14-Nov-2017|14-Nov-2017|17-Nov-2017||3|491581|1|1|1|| |950.31|0.0| ||49|1063523132| |9999868992| |9999868992|||0|1| |950.31|14-Nov-2017|1|4|A|10|0.0|190.06|0|4|0.0|0.0|0|0|0|0|0|0|0|0|0|0|0|0|0|||||14-Nov-2017|951.0|0|0||Z733|Z733|N|G309|Y|Z653|Y|N1830|Y|R801|Y|N182|N|R801|Y|G43719|Y|E785|Y|N181|N|E1121|Y|E781|Y|R931|Y|E119|Y|I259|Y|E8881|Y|E669|Y|R7303|Y|D649|Y|P292|N|Z560|Y|R4689|N|||||||||| | | | | | | | | | | | | | | | | | | | | | |Z741|14-Nov-2017|Z9181|14-Nov-2017|Z139|14-Nov-2017|Z1331|14-Nov-2017|Z1331|14-Nov-2017|F1990|14-Nov-2017|Z715|14-Nov-2017|||||||||||||||||||||||||||||||||||||0|0||6|450|99408|3.0|2017-11-15T00:00:00|hospital_B|hospital_B_20171114
SYN_BENE_084B31BD4FF4|SYN_CLM_9715BC1077EA|V|60|14-Nov-2017|14-Nov-2017|17-Nov-2017||3|491581|1|1|1|| |950.31|0.0| ||49|1063523132| |9999868992| |9999868992|||0|1| |950.31|14-Nov-2017|1|4|A|10|0.0|190.06|0|4|0.0|0.0|0|0|0|0|0|0|0|0|0|0|0|0|0|||||14-Nov-2017|951.0|0|0||Z733|Z733|N|G309|Y|Z653|Y|N1830|Y|R801|Y|N182|N|R801|Y|G43719|Y|E785|Y|N181|N|E1121|Y|E781|Y|R931|Y|E119|Y|I259|Y|E8881|Y|E669|Y|R7303|Y|D649|Y|P292|N|Z560|Y|R4689|N|||||||||| | | | | | | | | | | | | | | | | | | | | | |Z741|14-Nov-2017|Z9181|14-Nov-2017|Z139|14-Nov-2017|Z1331|14-Nov-2017|Z1331|14-Nov-2017|F1990|14-Nov-2017|Z715|14-Nov-2017|||||||||||||||||||||||||||||||||||||0|0||7|450|99408|3.0|2017-11-15T00:00:00|hospital_B|hospital_B_20171114
SYN_BENE_6B60A0E3299B|SYN_CLM_D520ED414C3A|V|60|14-Nov-2017|14-Nov-2017|17-Nov-2017||3|491581|1|1|1|| |950.31|0.0| ||49|1063523132| |9999868992| |9999868992|||0|1| |950.31|14-Nov-2017|1|4|A|10|0.0|190.06|0|4|0.0|0.0|0|0|0|0|0|0|0|0|0|0|0|0|0|||||14-Nov-2017|951.0|0|0||Z733|Z733|N|G309|Y|Z653|Y|N1830|Y|R801|Y|N182|N|R801|Y|G43719|Y|E785|Y|N181|N|E1121|Y|E781|Y|R931|Y|E119|Y|I259|Y|E8881|Y|E669|Y|R7303|Y|D649|Y|P292|N|Z560|Y|R4689|N|||||||||| | | | | | | | | | | | | | | | | | | | | | |Z741|14-Nov-2017|Z9181|14-Nov-2017|Z139|14-Nov-2017|Z1331|14-Nov-2017|Z1331|14-Nov-2017|F1990|14-Nov-2017|Z715|14-Nov-2017|||||||||||||||||||||||||||||||||||||0|0||1|450|96156|3.0|2017-11-15T00:00:00|hospital_B|hospital_B_20171114
SYN_BENE_6B60A0E3299B|SYN_CLM_D520ED414C3A|V|60|14-Nov-2017|14-Nov-2017|17-Nov-2017||3|491581|1|1|1|| |950.31|0.0| ||49|1063523132| |9999868992| |9999868992|||0|1| |950.31|14-Nov-2017|1|4|A|10|0.0|190.06|0|4|0.0|0.0|0|0|0|0|0|0|0|0|0|0|0|0|0|||||14-Nov-2017|951.0|0|0||Z733|Z733|N|G309|Y|Z653|Y|N1830|Y|R801|Y|N182|N|R801|Y|G43719|Y|E785|Y|N181|N|E1121|Y|E781|Y|R931|Y|E119|Y|I259|Y|E8881|Y|E669|Y|R7303|Y|D649|Y|P292|N|Z560|Y|R4689|N|||||||||| | | | | | | | | | | | | | | | | | | | | | |Z741|14-Nov-2017|Z9181|14-Nov-2017|Z139|14-Nov-2017|Z1331|14-Nov-2017|Z1331|14-Nov-2017|F1990|14-Nov-2017|Z715|14-Nov-2017|||||||||||||||||||||||||||||||||||||0|0||2|450|M1069|3.0|2017-11-15T00:00:00|hospital_B|hospital_B_20171114
SYN_BENE_6B60A0E3299B|SYN_CLM_D520ED414C3A|V|60|14-Nov-2017|14-Nov-2017|17-Nov-2017||3|491581|1|1|1|| |950.31|0.0| ||49|1063523132| |9999868992| |9999868992|||0|1| |950.31|14-Nov-2017|1|4|A|10|0.0|190.06|0|4|0.0|0.0|0|0|0|0|0|0|0|0|0|0|0|0|0|||||14-Nov-2017|951.0|0|0||Z733|Z733|N|G309|Y|Z653|Y|N1830|Y|R801|Y|N182|N|R801|Y|G43719|Y|E785|Y|N181|N|E1121|Y|E781|Y|R931|Y|E119|Y|I259|Y|E8881|Y|E669|Y|R7303|Y|D649|Y|P292|N|Z560|Y|R4689|N|||||||||| | | | | | | | | | | | | | | | | | | | | | |Z741|14-Nov-2017|Z9181|14-Nov-2017|Z139|14-Nov-2017|Z1331|14-Nov-2017|Z1331|14-Nov-2017|F1990|14-Nov-2017|Z715|14-Nov-2017|||||||||||||||||||||||||||||||||||||0|0||3|450|99401|3.0|2017-11-15T00:00:00|hospital_B|hospital_B_20171114
SYN_BENE_6B60A0E3299B|SYN_CLM_D520ED414C3A|V|60|14-Nov-2017|14-Nov-2017|17-Nov-2017||3|491581|1|1|1|| |950.31|0.0| ||49|1063523132| |9999868992| |9999868992|||0|1| |950.31|14-Nov-2017|1|4|A|10|0.0|190.06|0|4|0.0|0.0|0|0|0|0|0|0|0|0|0|0|0|0|0|||||14-Nov-2017|951.0|0|0||Z733|Z733|N|G309|Y|Z653|Y|N1830|Y|R801|Y|N182|N|R801|Y|G43719|Y|E785|Y|N181|N|E1121|Y|E781|Y|R931|Y|E119|Y|I259|Y|E8881|Y|E669|Y|R7303|Y|D649|Y|P292|N|Z560|Y|R4689|N|||||||||| | | | | | | | | | | | | | | | | | | | | | |Z741|14-Nov-2017|Z9181|14-Nov-2017|Z139|14-Nov-2017|Z1331|14-Nov-2017|Z1331|14-Nov-2017|F1990|14-Nov-2017|Z715|14-Nov-2017|||||||||||||||||||||||||||||||||||||0|0||4|450|G0444|3.0|2017-11-15T00:00:00|hospital_B|hospital_B_20171114
SYN_BENE_6B60A0E3299B|SYN_CLM_D520ED414C3A|V|60|14-Nov-2017|14-Nov-2017|17-Nov-2017||3|491581|1|1|1|| |950.31|0.0| ||49|1063523132| |9999868992| |9999868992|||0|1| |950.31|14-Nov-2017|1|4|A|10|0.0|190.06|0|4|0.0|0.0|0|0|0|0|0|0|0|0|0|0|0|0|0|||||14-Nov-2017|951.0|0|0||Z733|Z733|N|G309|Y|Z653|Y|N1830|Y|R801|Y|N182|N|R801|Y|G43719|Y|E785|Y|N181|N|E1121|Y|E781|Y|R931|Y|E119|Y|I259|Y|E8881|Y|E669|Y|R7303|Y|D649|Y|P292|N|Z560|Y|R4689|N|||||||||| | | | | | | | | | | | | | | | | | | | | | |Z741|14-Nov-2017|Z9181|14-Nov-2017|Z139|14-Nov-2017|Z1331|14-Nov-2017|Z1331|14-Nov-2017|F1990|14-Nov-2017|Z715|14-Nov-2017|||||||||||||||||||||||||||||||||||||0|0||5|450|G0444|3.0|2017-11-15T00:00:00|hospital_B|hospital_B_20171114
SYN_BENE_6B60A0E3299B|SYN_CLM_D520ED414C3A|V|60|14-Nov-2017|14-Nov-2017|17-Nov-2017||3|491581|1|1|1|| |950.31|0.0| ||49|1063523132| |9999868992| |9999868992|||0|1| |950.31|14-Nov-2017|1|4|A|10|0.0|190.06|0|4|0.0|0.0|0|0|0|0|0|0|0|0|0|0|0|0|0|||||14-Nov-2017|951.0|0|0||Z733|Z733|N|G309|Y|Z653|Y|N1830|Y|R801|Y|N182|N|R801|Y|G43719|Y|E785|Y|N181|N|E1121|Y|E781|Y|R931|Y|E119|Y|I259|Y|E8881|Y|E669|Y|R7303|Y|D649|Y|P292|N|Z560|Y|R4689|N|||||||||| | | | | | | | | | | | | | | | | | | | | | |Z741|14-Nov-2017|Z9181|14-Nov-2017|Z139|14-Nov-2017|Z1331|14-Nov-2017|Z1331|14-Nov-2017|F1990|14-Nov-2017|Z715|14-Nov-2017|||||||||||||||||||||||||||||||||||||0|0||6|450|99408|3.0|2017-11-15T00:00:00|hospital_B|hospital_B_20171114
SYN_BENE_6B60A0E3299B|SYN_CLM_D520ED414C3A|V|60|14-Nov-2017|14-Nov-2017|17-Nov-2017||3|491581|1|1|1|| |950.31|0.0| ||49|1063523132| |9999868992| |9999868992|||0|1| |950.31|14-Nov-2017|1|4|A|10|0.0|190.06|0|4|0.0|0.0|0|0|0|0|0|0|0|0|0|0|0|0|0|||||14-Nov-2017|951.0|0|0||Z733|Z733|N|G309|Y|Z653|Y|N1830|Y|R801|Y|N182|N|R801|Y|G43719|Y|E785|Y|N181|N|E1121|Y|E781|Y|R931|Y|E119|Y|I259|Y|E8881|Y|E669|Y|R7303|Y|D649|Y|P292|N|Z560|Y|R4689|N|||||||||| | | | | | | | | | | | | | | | | | | | | | |Z741|14-Nov-2017|Z9181|14-Nov-2017|Z139|14-Nov-2017|Z1331|14-Nov-2017|Z1331|14-Nov-2017|F1990|14-Nov-2017|Z715|14-Nov-2017|||||||||||||||||||||||||||||||||||||0|0||7|450|99408|3.0|2017-11-15T00:00:00|hospital_B|hospital_B_20171114
SYN_BENE_21B63A92FD71|SYN_CLM_D5F021825417|V|60|14-Nov-2017|14-Nov-2017|17-Nov-2017||3|491581|1|1|1|| |950.31|0.0| ||49|1063523132| |9999868992| |9999868992|||0|1| |950.31|14-Nov-2017|1|4|A|10|0.0|190.06|0|4|0.0|0.0|0|0|0|0|0|0|0|0|0|0|0|0|0|||||14-Nov-2017|951.0|0|0||Z733|Z733|N|G309|Y|Z653|Y|N1830|Y|R801|Y|N182|N|R801|Y|G43719|Y|E785|Y|N181|N|E1121|Y|E781|Y|R931|Y|E119|Y|I259|Y|E8881|Y|E669|Y|R7303|Y|D649|Y|P292|N|Z560|Y|R4689|N|||||||||| | | | | | | | | | | | | | | | | | | | | | |Z741|14-Nov-2017|Z9181|14-Nov-2017|Z139|14-Nov-2017|Z1331|14-Nov-2017|Z1331|14-Nov-2017|F1990|14-Nov-2017|Z715|14-Nov-2017|||||||||||||||||||||||||||||||||||||0|0||1|450|96156|3.0|2017-11-15T00:00:00|hospital_B|hospital_B_20171114
SYN_BENE_21B63A92FD71|SYN_CLM_D5F021825417|V|60|14-Nov-2017|14-Nov-2017|17-Nov-2017||3|491581|1|1|1|| |950.31|0.0| ||49|1063523132| |9999868992| |9999868992|||0|1| |950.31|14-Nov-2017|1|4|A|10|0.0|190.06|0|4|0.0|0.0|0|0|0|0|0|0|0|0|0|0|0|0|0|||||14-Nov-2017|951.0|0|0||Z733|Z733|N|G309|Y|Z653|Y|N1830|Y|R801|Y|N182|N|R801|Y|G43719|Y|E785|Y|N181|N|E1121|Y|E781|Y|R931|Y|E119|Y|I259|Y|E8881|Y|E669|Y|R7303|Y|D649|Y|P292|N|Z560|Y|R4689|N|||||||||| | | | | | | | | | | | | | | | | | | | | | |Z741|14-Nov-2017|Z9181|14-Nov-2017|Z139|14-Nov-2017|Z1331|14-Nov-2017|Z1331|14-Nov-2017|F1990|14-Nov-2017|Z715|14-Nov-2017|||||||||||||||||||||||||||||||||||||0|0||2|450|M1069|3.0|2017-11-15T00:00:00|hospital_B|hospital_B_20171114
SYN_BENE_21B63A92FD71|SYN_CLM_D5F021825417|V|60|14-Nov-2017|14-Nov-2017|17-Nov-2017||3|491581|1|1|1|| |950.31|0.0| ||49|1063523132| |9999868992| |9999868992|||0|1| |950.31|14-Nov-2017|1|4|A|10|0.0|190.06|0|4|0.0|0.0|0|0|0|0|0|0|0|0|0|0|0|0|0|||||14-Nov-2017|951.0|0|0||Z733|Z733|N|G309|Y|Z653|Y|N1830|Y|R801|Y|N182|N|R801|Y|G43719|Y|E785|Y|N181|N|E1121|Y|E781|Y|R931|Y|E119|Y|I259|Y|E8881|Y|E669|Y|R7303|Y|D649|Y|P292|N|Z560|Y|R4689|N|||||||||| | | | | | | | | | | | | | | | | | | | | | |Z741|14-Nov-2017|Z9181|14-Nov-2017|Z139|14-Nov-2017|Z1331|14-Nov-2017|Z1331|14-Nov-2017|F1990|14-Nov-2017|Z715|14-Nov-2017|||||||||||||||||||||||||||||||||||||0|0||3|450|99401|3.0|2017-11-15T00:00:00|hospital_B|hospital_B_20171114
SYN_BENE_21B63A92FD71|SYN_CLM_D5F021825417|V|60|14-Nov-2017|14-Nov-2017|17-Nov-2017||3|491581|1|1|1|| |950.31|0.0| ||49|1063523132| |9999868992| |9999868992|||0|1| |950.31|14-Nov-2017|1|4|A|10|0.0|190.06|0|4|0.0|0.0|0|0|0|0|0|0|0|0|0|0|0|0|0|||||14-Nov-2017|951.0|0|0||Z733|Z733|N|G309|Y|Z653|Y|N1830|Y|R801|Y|N182|N|R801|Y|G43719|Y|E785|Y|N181|N|E1121|Y|E781|Y|R931|Y|E119|Y|I259|Y|E8881|Y|E669|Y|R7303|Y|D649|Y|P292|N|Z560|Y|R4689|N|||||||||| | | | | | | | | | | | | | | | | | | | | | |Z741|14-Nov-2017|Z9181|14-Nov-2017|Z139|14-Nov-2017|Z1331|14-Nov-2017|Z1331|14-Nov-2017|F1990|14-Nov-2017|Z715|14-Nov-2017|||||||||||||||||||||||||||||||||||||0|0||4|450|G0444|3.0|2017-11-15T00:00:00|hospital_B|hospital_B_20171114
SYN_BENE_21B63A92FD71|SYN_CLM_D5F021825417|V|60|14-Nov-2017|14-Nov-2017|17-Nov-2017||3|491581|1|1|1|| |950.31|0.0| ||49|1063523132| |9999868992| |9999868992|||0|1| |950.31|14-Nov-2017|1|4|A|10|0.0|190.06|0|4|0.0|0.0|0|0|0|0|0|0|0|0|0|0|0|0|0|||||14-Nov-2017|951.0|0|0||Z733|Z733|N|G309|Y|Z653|Y|N1830|Y|R801|Y|N182|N|R801|Y|G43719|Y|E785|Y|N181|N|E1121|Y|E781|Y|R931|Y|E119|Y|I259|Y|E8881|Y|E669|Y|R7303|Y|D649|Y|P292|N|Z560|Y|R4689|N|||||||||| | | | | | | | | | | | | | | | | | | | | | |Z741|14-Nov-2017|Z9181|14-Nov-2017|Z139|14-Nov-2017|Z1331|14-Nov-2017|Z1331|14-Nov-2017|F1990|14-Nov-2017|Z715|14-Nov-2017|||||||||||||||||||||||||||||||||||||0|0||5|450|G0444|3.0|2017-11-15T00:00:00|hospital_B|hospital_B_20171114
SYN_BENE_21B63A92FD71|SYN_CLM_D5F021825417|V|60|14-Nov-2017|14-Nov-2017|17-Nov-2017||3|491581|1|1|1|| |950.31|0.0| ||49|1063523132| |9999868992| |9999868992|||0|1| |950.31|14-Nov-2017|1|4|A|10|0.0|190.06|0|4|0.0|0.0|0|0|0|0|0|0|0|0|0|0|0|0|0|||||14-Nov-2017|951.0|0|0||Z733|Z733|N|G309|Y|Z653|Y|N1830|Y|R801|Y|N182|N|R801|Y|G43719|Y|E785|Y|N181|N|E1121|Y|E781|Y|R931|Y|E119|Y|I259|Y|E8881|Y|E669|Y|R7303|Y|D649|Y|P292|N|Z560|Y|R4689|N|||||||||| | | | | | | | | | | | | | | | | | | | | | |Z741|14-Nov-2017|Z9181|14-Nov-2017|Z139|14-Nov-2017|Z1331|14-Nov-2017|Z1331|14-Nov-2017|F1990|14-Nov-2017|Z715|14-Nov-2017|||||||||||||||||||||||||||||||||||||0|0||6|450|99408|3.0|2017-11-15T00:00:00|hospital_B|hospital_B_20171114
SYN_BENE_21B63A92FD71|SYN_CLM_D5F021825417|V|60|14-Nov-2017|14-Nov-2017|17-Nov-2017||3|491581|1|1|1|| |950.31|0.0| ||49|1063523132| |9999868992| |9999868992|||0|1| |950.31|14-Nov-2017|1|4|A|10|0.0|190.06|0|4|0.0|0.0|0|0|0|0|0|0|0|0|0|0|0|0|0|||||14-Nov-2017|951.0|0|0||Z733|Z733|N|G309|Y|Z653|Y|N1830|Y|R801|Y|N182|N|R801|Y|G43719|Y|E785|Y|N181|N|E1121|Y|E781|Y|R931|Y|E119|Y|I259|Y|E8881|Y|E669|Y|R7303|Y|D649|Y|P292|N|Z560|Y|R4689|N|||||||||| | | | | | | | | | | | | | | | | | | | | | |Z741|14-Nov-2017|Z9181|14-Nov-2017|Z139|14-Nov-2017|Z1331|14-Nov-2017|Z1331|14-Nov-2017|F1990|14-Nov-2017|Z715|14-Nov-2017|||||||||||||||||||||||||||||||||||||0|0||7|450|99408|3.0|2017-11-15T00:00:00|hospital_B|hospital_B_20171114
SYN_BENE_3F503B2C8AB2|SYN_CLM_6A349A58242A|V|60|14-Nov-2017|14-Nov-2017|17-Nov-2017||3|491581|1|1|1|| |950.31|0.0| ||49|1063523132| |9999868992| |9999868992|||0|1| |950.31|14-Nov-2017|1|4|A|10|0.0|190.06|0|4|0.0|0.0|0|0|0|0|0|0|0|0|0|0|0|0|0|||||14-Nov-2017|951.0|0|0||Z733|Z733|N|G309|Y|Z653|Y|N1830|Y|R801|Y|N182|N|R801|Y|G43719|Y|E785|Y|N181|N|E1121|Y|E781|Y|R931|Y|E119|Y|I259|Y|E8881|Y|E669|Y|R7303|Y|D649|Y|P292|N|Z560|Y|R4689|N|||||||||| | | | | | | | | | | | | | | | | | | | | | |Z741|14-Nov-2017|Z9181|14-Nov-2017|Z139|14-Nov-2017|Z1331|14-Nov-2017|Z1331|14-Nov-2017|F1990|14-Nov-2017|Z715|14-Nov-2017|||||||||||||||||||||||||||||||||||||0|0||1|450|96156|3.0|2017-11-15T00:00:00|hospital_B|hospital_B_20171114
SYN_BENE_3F503B2C8AB2|SYN_CLM_6A349A58242A|V|60|14-Nov-2017|14-Nov-2017|17-Nov-2017||3|491581|1|1|1|| |950.31|0.0| ||49|1063523132| |9999868992| |9999868992|||0|1| |950.31|14-Nov-2017|1|4|A|10|0.0|190.06|0|4|0.0|0.0|0|0|0|0|0|0|0|0|0|0|0|0|0|||||14-Nov-2017|951.0|0|0||Z733|Z733|N|G309|Y|Z653|Y|N1830|Y|R801|Y|N182|N|R801|Y|G43719|Y|E785|Y|N181|N|E1121|Y|E781|Y|R931|Y|E119|Y|I259|Y|E8881|Y|E669|Y|R7303|Y|D649|Y|P292|N|Z560|Y|R4689|N|||||||||| | | | | | | | | | | | | | | | | | | | | | |Z741|14-Nov-2017|Z9181|14-Nov-2017|Z139|14-Nov-2017|Z1331|14-Nov-2017|Z1331|14-Nov-2017|F1990|14-Nov-2017|Z715|14-Nov-2017|||||||||||||||||||||||||||||||||||||0|0||2|450|M1069|3.0|2017-11-15T00:00:00|hospital_B|hospital_B_20171114
SYN_BENE_3F503B2C8AB2|SYN_CLM_6A349A58242A|V|60|14-Nov-2017|14-Nov-2017|17-Nov-2017||3|491581|1|1|1|| |950.31|0.0| ||49|1063523132| |9999868992| |9999868992|||0|1| |950.31|14-Nov-2017|1|4|A|10|0.0|190.06|0|4|0.0|0.0|0|0|0|0|0|0|0|0|0|0|0|0|0|||||14-Nov-2017|951.0|0|0||Z733|Z733|N|G309|Y|Z653|Y|N1830|Y|R801|Y|N182|N|R801|Y|G43719|Y|E785|Y|N181|N|E1121|Y|E781|Y|R931|Y|E119|Y|I259|Y|E8881|Y|E669|Y|R7303|Y|D649|Y|P292|N|Z560|Y|R4689|N|||||||||| | | | | | | | | | | | | | | | | | | | | | |Z741|14-Nov-2017|Z9181|14-Nov-2017|Z139|14-Nov-2017|Z1331|14-Nov-2017|Z1331|14-Nov-2017|F1990|14-Nov-2017|Z715|14-Nov-2017|||||||||||||||||||||||||||||||||||||0|0||3|450|99401|3.0|2017-11-15T00:00:00|hospital_B|hospital_B_20171114
SYN_BENE_3F503B2C8AB2|SYN_CLM_6A349A58242A|V|60|14-Nov-2017|14-Nov-2017|17-Nov-2017||3|491581|1|1|1|| |950.31|0.0| ||49|1063523132| |9999868992| |9999868992|||0|1| |950.31|14-Nov-2017|1|4|A|10|0.0|190.06|0|4|0.0|0.0|0|0|0|0|0|0|0|0|0|0|0|0|0|||||14-Nov-2017|951.0|0|0||Z733|Z733|N|G309|Y|Z653|Y|N1830|Y|R801|Y|N182|N|R801|Y|G43719|Y|E785|Y|N181|N|E1121|Y|E781|Y|R931|Y|E119|Y|I259|Y|E8881|Y|E669|Y|R7303|Y|D649|Y|P292|N|Z560|Y|R4689|N|||||||||| | | | | | | | | | | | | | | | | | | | | | |Z741|14-Nov-2017|Z9181|14-Nov-2017|Z139|14-Nov-2017|Z1331|14-Nov-2017|Z1331|14-Nov-2017|F1990|14-Nov-2017|Z715|14-Nov-2017|||||||||||||||||||||||||||||||||||||0|0||4|450|G0444|3.0|2017-11-15T00:00:00|hospital_B|hospital_B_20171114
SYN_BENE_3F503B2C8AB2|SYN_CLM_6A349A58242A|V|60|14-Nov-2017|14-Nov-2017|17-Nov-2017||3|491581|1|1|1|| |950.31|0.0| ||49|1063523132| |9999868992| |9999868992|||0|1| |950.31|14-Nov-2017|1|4|A|10|0.0|190.06|0|4|0.0|0.0|0|0|0|0|0|0|0|0|0|0|0|0|0|||||14-Nov-2017|951.0|0|0||Z733|Z733|N|G309|Y|Z653|Y|N1830|Y|R801|Y|N182|N|R801|Y|G43719|Y|E785|Y|N181|N|E1121|Y|E781|Y|R931|Y|E119|Y|I259|Y|E8881|Y|E669|Y|R7303|Y|D649|Y|P292|N|Z560|Y|R4689|N|||||||||| | | | | | | | | | | | | | | | | | | | | | |Z741|14-Nov-2017|Z9181|14-Nov-2017|Z139|14-Nov-2017|Z1331|14-Nov-2017|Z1331|14-Nov-2017|F1990|14-Nov-2017|Z715|14-Nov-2017|||||||||||||||||||||||||||||||||||||0|0||5|450|G0444|3.0|2017-11-15T00:00:00|hospital_B|hospital_B_20171114
SYN_BENE_3F503B2C8AB2|SYN_CLM_6A349A58242A|V|60|14-Nov-2017|14-Nov-2017|17-Nov-2017||3|491581|1|1|1|| |950.31|0.0| ||49|1063523132| |9999868992| |9999868992|||0|1| |950.31|14-Nov-2017|1|4|A|10|0.0|190.06|0|4|0.0|0.0|0|0|0|0|0|0|0|0|0|0|0|0|0|||||14-Nov-2017|951.0|0|0||Z733|Z733|N|G309|Y|Z653|Y|N1830|Y|R801|Y|N182|N|R801|Y|G43719|Y|E785|Y|N181|N|E1121|Y|E781|Y|R931|Y|E119|Y|I259|Y|E8881|Y|E669|Y|R7303|Y|D649|Y|P292|N|Z560|Y|R4689|N|||||||||| | | | | | | | | | | | | | | | | | | | | | |Z741|14-Nov-2017|Z9181|14-Nov-2017|Z139|14-Nov-2017|Z1331|14-Nov-2017|Z1331|14-Nov-2017|F1990|14-Nov-2017|Z715|14-Nov-2017|||||||||||||||||||||||||||||||||||||0|0||6|450|99408|3.0|2017-11-15T00:00:00|hospital_B|hospital_B_20171114
SYN_BENE_3F503B2C8AB2|SYN_CLM_6A349A58242A|V|60|14-Nov-2017|14-Nov-2017|17-Nov-2017||3|491581|1|1|1|| |950.31|0.0| ||49|1063523132| |9999868992| |9999868992|||0|1| |950.31|14-Nov-2017|1|4|A|10|0.0|190.06|0|4|0.0|0.0|0|0|0|0|0|0|0|0|0|0|0|0|0|||||14-Nov-2017|951.0|0|0||Z733|Z733|N|G309|Y|Z653|Y|N1830|Y|R801|Y|N182|N|R801|Y|G43719|Y|E785|Y|N181|N|E1121|Y|E781|Y|R931|Y|E119|Y|I259|Y|E8881|Y|E669|Y|R7303|Y|D649|Y|P292|N|Z560|Y|R4689|N|||||||||| | | | | | | | | | | | | | | | | | | | | | |Z741|14-Nov-2017|Z9181|14-Nov-2017|Z139|14-Nov-2017|Z1331|14-Nov-2017|Z1331|14-Nov-2017|F1990|14-Nov-2017|Z715|14-Nov-2017|||||||||||||||||||||||||||||||||||||0|0||7|450|99408|3.0|2017-11-15T00:00:00|hospital_B|hospital_B_20171114
SYN_BENE_E18ED455E4A2|SYN_CLM_463AEDA40A78|V|60|14-Nov-2017|14-Nov-2017|17-Nov-2017||3|491581|1|1|1|| |950.31|0.0| ||49|1063523132| |9999868992| |9999868992|||0|1| |950.31|14-Nov-2017|1|4|A|10|0.0|190.06|0|4|0.0|0.0|0|0|0|0|0|0|0|0|0|0|0|0|0|||||14-Nov-2017|951.0|0|0||Z733|Z733|N|G309|Y|Z653|Y|N1830|Y|R801|Y|N182|N|R801|Y|G43719|Y|E785|Y|N181|N|E1121|Y|E781|Y|R931|Y|E119|Y|I259|Y|E8881|Y|E669|Y|R7303|Y|D649|Y|P292|N|Z560|Y|R4689|N|||||||||| | | | | | | | | | | | | | | | | | | | | | |Z741|14-Nov-2017|Z9181|14-Nov-2017|Z139|14-Nov-2017|Z1331|14-Nov-2017|Z1331|14-Nov-2017|F1990|14-Nov-2017|Z715|14-Nov-2017|||||||||||||||||||||||||||||||||||||0|0||1|450|96156|3.0|2017-11-15T00:00:00|hospital_B|hospital_B_20171114
SYN_BENE_E18ED455E4A2|SYN_CLM_463AEDA40A78|V|60|14-Nov-2017|14-Nov-2017|17-Nov-2017||3|491581|1|1|1|| |950.31|0.0| ||49|1063523132| |9999868992| |9999868992|||0|1| |950.31|14-Nov-2017|1|4|A|10|0.0|190.06|0|4|0.0|0.0|0|0|0|0|0|0|0|0|0|0|0|0|0|||||14-Nov-2017|951.0|0|0||Z733|Z733|N|G309|Y|Z653|Y|N1830|Y|R801|Y|N182|N|R801|Y|G43719|Y|E785|Y|N181|N|E1121|Y|E781|Y|R931|Y|E119|Y|I259|Y|E8881|Y|E669|Y|R7303|Y|D649|Y|P292|N|Z560|Y|R4689|N|||||||||| | | | | | | | | | | | | | | | | | | | | | |Z741|14-Nov-2017|Z9181|14-Nov-2017|Z139|14-Nov-2017|Z1331|14-Nov-2017|Z1331|14-Nov-2017|F1990|14-Nov-2017|Z715|14-Nov-2017|||||||||||||||||||||||||||||||||||||0|0||2|450|M1069|3.0|2017-11-15T00:00:00|hospital_B|hospital_B_20171114
SYN_BENE_E18ED455E4A2|SYN_CLM_463AEDA40A78|V|60|14-Nov-2017|14-Nov-2017|17-Nov-2017||3|491581|1|1|1|| |950.31|0.0| ||49|1063523132| |9999868992| |9999868992|||0|1| |950.31|14-Nov-2017|1|4|A|10|0.0|190.06|0|4|0.0|0.0|0|0|0|0|0|0|0|0|0|0|0|0|0|||||14-Nov-2017|951.0|0|0||Z733|Z733|N|G309|Y|Z653|Y|N1830|Y|R801|Y|N182|N|R801|Y|G43719|Y|E785|Y|N181|N|E1121|Y|E781|Y|R931|Y|E119|Y|I259|Y|E8881|Y|E669|Y|R7303|Y|D649|Y|P292|N|Z560|Y|R4689|N|||||||||| | | | | | | | | | | | | | | | | | | | | | |Z741|14-Nov-2017|Z9181|14-Nov-2017|Z139|14-Nov-2017|Z1331|14-Nov-2017|Z1331|14-Nov-2017|F1990|14-Nov-2017|Z715|14-Nov-2017|||||||||||||||||||||||||||||||||||||0|0||3|450|99401|3.0|2017-11-15T00:00:00|hospital_B|hospital_B_20171114
SYN_BENE_E18ED455E4A2|SYN_CLM_463AEDA40A78|V|60|14-Nov-2017|14-Nov-2017|17-Nov-2017||3|491581|1|1|1|| |950.31|0.0| ||49|1063523132| |9999868992| |9999868992|||0|1| |950.31|14-Nov-2017|1|4|A|10|0.0|190.06|0|4|0.0|0.0|0|0|0|0|0|0|0|0|0|0|0|0|0|||||14-Nov-2017|951.0|0|0||Z733|Z733|N|G309|Y|Z653|Y|N1830|Y|R801|Y|N182|N|R801|Y|G43719|Y|E785|Y|N181|N|E1121|Y|E781|Y|R931|Y|E119|Y|I259|Y|E8881|Y|E669|Y|R7303|Y|D649|Y|P292|N|Z560|Y|R4689|N|||||||||| | | | | | | | | | | | | | | | | | | | | | |Z741|14-Nov-2017|Z9181|14-Nov-2017|Z139|14-Nov-2017|Z1331|14-Nov-2017|Z1331|14-Nov-2017|F1990|14-Nov-2017|Z715|14-Nov-2017|||||||||||||||||||||||||||||||||||||0|0||4|450|G0444|3.0|2017-11-15T00:00:00|hospital_B|hospital_B_20171114
SYN_BENE_E18ED455E4A2|SYN_CLM_463AEDA40A78|V|60|14-Nov-2017|14-Nov-2017|17-Nov-2017||3|491581|1|1|1|| |950.31|0.0| ||49|1063523132| |9999868992| |9999868992|||0|1| |950.31|14-Nov-2017|1|4|A|10|0.0|190.06|0|4|0.0|0.0|0|0|0|0|0|0|0|0|0|0|0|0|0|||||14-Nov-2017|951.0|0|0||Z733|Z733|N|G309|Y|Z653|Y|N1830|Y|R801|Y|N182|N|R801|Y|G43719|Y|E785|Y|N181|N|E1121|Y|E781|Y|R931|Y|E119|Y|I259|Y|E8881|Y|E669|Y|R7303|Y|D649|Y|P292|N|Z560|Y|R4689|N|||||||||| | | | | | | | | | | | | | | | | | | | | | |Z741|14-Nov-2017|Z9181|14-Nov-2017|Z139|14-Nov-2017|Z1331|14-Nov-2017|Z1331|14-Nov-2017|F1990|14-Nov-2017|Z715|14-Nov-2017|||||||||||||||||||||||||||||||||||||0|0||5|450|G0444|3.0|2017-11-15T00:00:00|hospital_B|hospital_B_20171114
SYN_BENE_E18ED455E4A2|SYN_CLM_463AEDA40A78|V|60|14-Nov-2017|14-Nov-2017|17-Nov-2017||3|491581|1|1|1|| |950.31|0.0| ||49|1063523132| |9999868992| |9999868992|||0|1| |950.31|14-Nov-2017|1|4|A|10|0.0|190.06|0|4|0.0|0.0|0|0|0|0|0|0|0|0|0|0|0|0|0|||||14-Nov-2017|951.0|0|0||Z733|Z733|N|G309|Y|Z653|Y|N1830|Y|R801|Y|N182|N|R801|Y|G43719|Y|E785|Y|N181|N|E1121|Y|E781|Y|R931|Y|E119|Y|I259|Y|E8881|Y|E669|Y|R7303|Y|D649|Y|P292|N|Z560|Y|R4689|N|||||||||| | | | | | | | | | | | | | | | | | | | | | |Z741|14-Nov-2017|Z9181|14-Nov-2017|Z139|14-Nov-2017|Z1331|14-Nov-2017|Z1331|14-Nov-2017|F1990|14-Nov-2017|Z715|14-Nov-2017|||||||||||||||||||||||||||||||||||||0|0||6|450|99408|3.0|2017-11-15T00:00:00|hospital_B|hospital_B_20171114
SYN_BENE_E18ED455E4A2|SYN_CLM_463AEDA40A78|V|60|14-Nov-2017|14-Nov-2017|17-Nov-2017||3|491581|1|1|1|| |950.31|0.0| ||49|1063523132| |9999868992| |9999868992|||0|1| |950.31|14-Nov-2017|1|4|A|10|0.0|190.06|0|4|0.0|0.0|0|0|0|0|0|0|0|0|0|0|0|0|0|||||14-Nov-2017|951.0|0|0||Z733|Z733|N|G309|Y|Z653|Y|N1830|Y|R801|Y|N182|N|R801|Y|G43719|Y|E785|Y|N181|N|E1121|Y|E781|Y|R931|Y|E119|Y|I259|Y|E8881|Y|E669|Y|R7303|Y|D649|Y|P292|N|Z560|Y|R4689|N|||||||||| | | | | | | | | | | | | | | | | | | | | | |Z741|14-Nov-2017|Z9181|14-Nov-2017|Z139|14-Nov-2017|Z1331|14-Nov-2017|Z1331|14-Nov-2017|F1990|14-Nov-2017|Z715|14-Nov-2017|||||||||||||||||||||||||||||||||||||0|0||7|450|99408|3.0|2017-11-15T00:00:00|hospital_B|hospital_B_20171114
SYN_BENE_454CD3324D6C|SYN_CLM_B06C3100BCFB|V|60|14-Nov-2017|14-Nov-2017|17-Nov-2017||3|491581|1|1|1|| |950.31|0.0| ||49|1063523132| |9999868992| |9999868992|||0|1| |950.31|14-Nov-2017|1|4|A|10|0.0|190.06|0|4|0.0|0.0|0|0|0|0|0|0|0|0|0|0|0|0|0|||||14-Nov-2017|951.0|0|0||Z733|Z733|N|G309|Y|Z653|Y|N1830|Y|R801|Y|N182|N|R801|Y|G43719|Y|E785|Y|N181|N|E1121|Y|E781|Y|R931|Y|E119|Y|I259|Y|E8881|Y|E669|Y|R7303|Y|D649|Y|P292|N|Z560|Y|R4689|N|||||||||| | | | | | | | | | | | | | | | | | | | | | |Z741|14-Nov-2017|Z9181|14-Nov-2017|Z139|14-Nov-2017|Z1331|14-Nov-2017|Z1331|14-Nov-2017|F1990|14-Nov-2017|Z715|14-Nov-2017|||||||||||||||||||||||||||||||||||||0|0||1|450|96156|3.0|2017-11-15T00:00:00|hospital_B|hospital_B_20171114
SYN_BENE_454CD3324D6C|SYN_CLM_B06C3100BCFB|V|60|14-Nov-2017|14-Nov-2017|17-Nov-2017||3|491581|1|1|1|| |950.31|0.0| ||49|1063523132| |9999868992| |9999868992|||0|1| |950.31|14-Nov-2017|1|4|A|10|0.0|190.06|0|4|0.0|0.0|0|0|0|0|0|0|0|0|0|0|0|0|0|||||14-Nov-2017|951.0|0|0||Z733|Z733|N|G309|Y|Z653|Y|N1830|Y|R801|Y|N182|N|R801|Y|G43719|Y|E785|Y|N181|N|E1121|Y|E781|Y|R931|Y|E119|Y|I259|Y|E8881|Y|E669|Y|R7303|Y|D649|Y|P292|N|Z560|Y|R4689|N|||||||||| | | | | | | | | | | | | | | | | | | | | | |Z741|14-Nov-2017|Z9181|14-Nov-2017|Z139|14-Nov-2017|Z1331|14-Nov-2017|Z1331|14-Nov-2017|F1990|14-Nov-2017|Z715|14-Nov-2017|||||||||||||||||||||||||||||||||||||0|0||2|450|M1069|3.0|2017-11-15T00:00:00|hospital_B|hospital_B_20171114
SYN_BENE_454CD3324D6C|SYN_CLM_B06C3100BCFB|V|60|14-Nov-2017|14-Nov-2017|17-Nov-2017||3|491581|1|1|1|| |950.31|0.0| ||49|1063523132| |9999868992| |9999868992|||0|1| |950.31|14-Nov-2017|1|4|A|10|0.0|190.06|0|4|0.0|0.0|0|0|0|0|0|0|0|0|0|0|0|0|0|||||14-Nov-2017|951.0|0|0||Z733|Z733|N|G309|Y|Z653|Y|N1830|Y|R801|Y|N182|N|R801|Y|G43719|Y|E785|Y|N181|N|E1121|Y|E781|Y|R931|Y|E119|Y|I259|Y|E8881|Y|E669|Y|R7303|Y|D649|Y|P292|N|Z560|Y|R4689|N|||||||||| | | | | | | | | | | | | | | | | | | | | | |Z741|14-Nov-2017|Z9181|14-Nov-2017|Z139|14-Nov-2017|Z1331|14-Nov-2017|Z1331|14-Nov-2017|F1990|14-Nov-2017|Z715|14-Nov-2017|||||||||||||||||||||||||||||||||||||0|0||3|450|99401|3.0|2017-11-15T00:00:00|hospital_B|hospital_B_20171114
SYN_BENE_454CD3324D6C|SYN_CLM_B06C3100BCFB|V|60|14-Nov-2017|14-Nov-2017|17-Nov-2017||3|491581|1|1|1|| |950.31|0.0| ||49|1063523132| |9999868992| |9999868992|||0|1| |950.31|14-Nov-2017|1|4|A|10|0.0|190.06|0|4|0.0|0.0|0|0|0|0|0|0|0|0|0|0|0|0|0|||||14-Nov-2017|951.0|0|0||Z733|Z733|N|G309|Y|Z653|Y|N1830|Y|R801|Y|N182|N|R801|Y|G43719|Y|E785|Y|N181|N|E1121|Y|E781|Y|R931|Y|E119|Y|I259|Y|E8881|Y|E669|Y|R7303|Y|D649|Y|P292|N|Z560|Y|R4689|N|||||||||| | | | | | | | | | | | | | | | | | | | | | |Z741|14-Nov-2017|Z9181|14-Nov-2017|Z139|14-Nov-2017|Z1331|14-Nov-2017|Z1331|14-Nov-2017|F1990|14-Nov-2017|Z715|14-Nov-2017|||||||||||||||||||||||||||||||||||||0|0||4|450|G0444|3.0|2017-11-15T00:00:00|hospital_B|hospital_B_20171114
SYN_BENE_454CD3324D6C|SYN_CLM_B06C3100BCFB|V|60|14-Nov-2017|14-Nov-2017|17-Nov-2017||3|491581|1|1|1|| |950.31|0.0| ||49|1063523132| |9999868992| |9999868992|||0|1| |950.31|14-Nov-2017|1|4|A|10|0.0|190.06|0|4|0.0|0.0|0|0|0|0|0|0|0|0|0|0|0|0|0|||||14-Nov-2017|951.0|0|0||Z733|Z733|N|G309|Y|Z653|Y|N1830|Y|R801|Y|N182|N|R801|Y|G43719|Y|E785|Y|N181|N|E1121|Y|E781|Y|R931|Y|E119|Y|I259|Y|E8881|Y|E669|Y|R7303|Y|D649|Y|P292|N|Z560|Y|R4689|N|||||||||| | | | | | | | | | | | | | | | | | | | | | |Z741|14-Nov-2017|Z9181|14-Nov-2017|Z139|14-Nov-2017|Z1331|14-Nov-2017|Z1331|14-Nov-2017|F1990|14-Nov-2017|Z715|14-Nov-2017|||||||||||||||||||||||||||||||||||||0|0||5|450|G0444|3.0|2017-11-15T00:00:00|hospital_B|hospital_B_20171114
SYN_BENE_454CD3324D6C|SYN_CLM_B06C3100BCFB|V|60|14-Nov-2017|14-Nov-2017|17-Nov-2017||3|491581|1|1|1|| |950.31|0.0| ||49|1063523132| |9999868992| |9999868992|||0|1| |950.31|14-Nov-2017|1|4|A|10|0.0|190.06|0|4|0.0|0.0|0|0|0|0|0|0|0|0|0|0|0|0|0|||||14-Nov-2017|951.0|0|0||Z733|Z733|N|G309|Y|Z653|Y|N1830|Y|R801|Y|N182|N|R801|Y|G43719|Y|E785|Y|N181|N|E1121|Y|E781|Y|R931|Y|E119|Y|I259|Y|E8881|Y|E669|Y|R7303|Y|D649|Y|P292|N|Z560|Y|R4689|N|||||||||| | | | | | | | | | | | | | | | | | | | | | |Z741|14-Nov-2017|Z9181|14-Nov-2017|Z139|14-Nov-2017|Z1331|14-Nov-2017|Z1331|14-Nov-2017|F1990|14-Nov-2017|Z715|14-Nov-2017|||||||||||||||||||||||||||||||||||||0|0||6|450|99408|3.0|2017-11-15T00:00:00|hospital_B|hospital_B_20171114
SYN_BENE_454CD3324D6C|SYN_CLM_B06C3100BCFB|V|60|14-Nov-2017|14-Nov-2017|17-Nov-2017||3|491581|1|1|1|| |950.31|0.0| ||49|1063523132| |9999868992| |9999868992|||0|1| |950.31|14-Nov-2017|1|4|A|10|0.0|190.06|0|4|0.0|0.0|0|0|0|0|0|0|0|0|0|0|0|0|0|||||14-Nov-2017|951.0|0|0||Z733|Z733|N|G309|Y|Z653|Y|N1830|Y|R801|Y|N182|N|R801|Y|G43719|Y|E785|Y|N181|N|E1121|Y|E781|Y|R931|Y|E119|Y|I259|Y|E8881|Y|E669|Y|R7303|Y|D649|Y|P292|N|Z560|Y|R4689|N|||||||||| | | | | | | | | | | | | | | | | | | | | | |Z741|14-Nov-2017|Z9181|14-Nov-2017|Z139|14-Nov-2017|Z1331|14-Nov-2017|Z1331|14-Nov-2017|F1990|14-Nov-2017|Z715|14-Nov-2017|||||||||||||||||||||||||||||||||||||0|0||7|450|99408|3.0|2017-11-15T00:00:00|hospital_B|hospital_B_20171114
SYN_BENE_520F9BB6BB07|SYN_CLM_2678C9F3E5E5|V|60|14-Nov-2017|14-Nov-2017|17-Nov-2017||3|491581|1|1|1|| |950.31|0.0| ||49|1063523132| |9999868992| |9999868992|||0|1| |950.31|14-Nov-2017|1|4|A|10|0.0|190.06|0|4|0.0|0.0|0|0|0|0|0|0|0|0|0|0|0|0|0|||||14-Nov-2017|951.0|0|0||Z733|Z733|N|G309|Y|Z653|Y|N1830|Y|R801|Y|N182|N|R801|Y|G43719|Y|E785|Y|N181|N|E1121|Y|E781|Y|R931|Y|E119|Y|I259|Y|E8881|Y|E669|Y|R7303|Y|D649|Y|P292|N|Z560|Y|R4689|N|||||||||| | | | | | | | | | | | | | | | | | | | | | |Z741|14-Nov-2017|Z9181|14-Nov-2017|Z139|14-Nov-2017|Z1331|14-Nov-2017|Z1331|14-Nov-2017|F1990|14-Nov-2017|Z715|14-Nov-2017|||||||||||||||||||||||||||||||||||||0|0||1|450|96156|3.0|2017-11-15T00:00:00|hospital_B|hospital_B_20171114
SYN_BENE_520F9BB6BB07|SYN_CLM_2678C9F3E5E5|V|60|14-Nov-2017|14-Nov-2017|17-Nov-2017||3|491581|1|1|1|| |950.31|0.0| ||49|1063523132| |9999868992| |9999868992|||0|1| |950.31|14-Nov-2017|1|4|A|10|0.0|190.06|0|4|0.0|0.0|0|0|0|0|0|0|0|0|0|0|0|0|0|||||14-Nov-2017|951.0|0|0||Z733|Z733|N|G309|Y|Z653|Y|N1830|Y|R801|Y|N182|N|R801|Y|G43719|Y|E785|Y|N181|N|E1121|Y|E781|Y|R931|Y|E119|Y|I259|Y|E8881|Y|E669|Y|R7303|Y|D649|Y|P292|N|Z560|Y|R4689|N|||||||||| | | | | | | | | | | | | | | | | | | | | | |Z741|14-Nov-2017|Z9181|14-Nov-2017|Z139|14-Nov-2017|Z1331|14-Nov-2017|Z1331|14-Nov-2017|F1990|14-Nov-2017|Z715|14-Nov-2017|||||||||||||||||||||||||||||||||||||0|0||2|450|M1069|3.0|2017-11-15T00:00:00|hospital_B|hospital_B_20171114
SYN_BENE_520F9BB6BB07|SYN_CLM_2678C9F3E5E5|V|60|14-Nov-2017|14-Nov-2017|17-Nov-2017||3|491581|1|1|1|| |950.31|0.0| ||49|1063523132| |9999868992| |9999868992|||0|1| |950.31|14-Nov-2017|1|4|A|10|0.0|190.06|0|4|0.0|0.0|0|0|0|0|0|0|0|0|0|0|0|0|0|||||14-Nov-2017|951.0|0|0||Z733|Z733|N|G309|Y|Z653|Y|N1830|Y|R801|Y|N182|N|R801|Y|G43719|Y|E785|Y|N181|N|E1121|Y|E781|Y|R931|Y|E119|Y|I259|Y|E8881|Y|E669|Y|R7303|Y|D649|Y|P292|N|Z560|Y|R4689|N|||||||||| | | | | | | | | | | | | | | | | | | | | | |Z741|14-Nov-2017|Z9181|14-Nov-2017|Z139|14-Nov-2017|Z1331|14-Nov-2017|Z1331|14-Nov-2017|F1990|14-Nov-2017|Z715|14-Nov-2017|||||||||||||||||||||||||||||||||||||0|0||3|450|99401|3.0|2017-11-15T00:00:00|hospital_B|hospital_B_20171114
SYN_BENE_520F9BB6BB07|SYN_CLM_2678C9F3E5E5|V|60|14-Nov-2017|14-Nov-2017|17-Nov-2017||3|491581|1|1|1|| |950.31|0.0| ||49|1063523132| |9999868992| |9999868992|||0|1| |950.31|14-Nov-2017|1|4|A|10|0.0|190.06|0|4|0.0|0.0|0|0|0|0|0|0|0|0|0|0|0|0|0|||||14-Nov-2017|951.0|0|0||Z733|Z733|N|G309|Y|Z653|Y|N1830|Y|R801|Y|N182|N|R801|Y|G43719|Y|E785|Y|N181|N|E1121|Y|E781|Y|R931|Y|E119|Y|I259|Y|E8881|Y|E669|Y|R7303|Y|D649|Y|P292|N|Z560|Y|R4689|N|||||||||| | | | | | | | | | | | | | | | | | | | | | |Z741|14-Nov-2017|Z9181|14-Nov-2017|Z139|14-Nov-2017|Z1331|14-Nov-2017|Z1331|14-Nov-2017|F1990|14-Nov-2017|Z715|14-Nov-2017|||||||||||||||||||||||||||||||||||||0|0||4|450|G0444|3.0|2017-11-15T00:00:00|hospital_B|hospital_B_20171114
SYN_BENE_520F9BB6BB07|SYN_CLM_2678C9F3E5E5|V|60|14-Nov-2017|14-Nov-2017|17-Nov-2017||3|491581|1|1|1|| |950.31|0.0| ||49|1063523132| |9999868992| |9999868992|||0|1| |950.31|14-Nov-2017|1|4|A|10|0.0|190.06|0|4|0.0|0.0|0|0|0|0|0|0|0|0|0|0|0|0|0|||||14-Nov-2017|951.0|0|0||Z733|Z733|N|G309|Y|Z653|Y|N1830|Y|R801|Y|N182|N|R801|Y|G43719|Y|E785|Y|N181|N|E1121|Y|E781|Y|R931|Y|E119|Y|I259|Y|E8881|Y|E669|Y|R7303|Y|D649|Y|P292|N|Z560|Y|R4689|N|||||||||| | | | | | | | | | | | | | | | | | | | | | |Z741|14-Nov-2017|Z9181|14-Nov-2017|Z139|14-Nov-2017|Z1331|14-Nov-2017|Z1331|14-Nov-2017|F1990|14-Nov-2017|Z715|14-Nov-2017|||||||||||||||||||||||||||||||||||||0|0||5|450|G0444|3.0|2017-11-15T00:00:00|hospital_B|hospital_B_20171114
SYN_BENE_520F9BB6BB07|SYN_CLM_2678C9F3E5E5|V|60|14-Nov-2017|14-Nov-2017|17-Nov-2017||3|491581|1|1|1|| |950.31|0.0| ||49|1063523132| |9999868992| |9999868992|||0|1| |950.31|14-Nov-2017|1|4|A|10|0.0|190.06|0|4|0.0|0.0|0|0|0|0|0|0|0|0|0|0|0|0|0|||||14-Nov-2017|951.0|0|0||Z733|Z733|N|G309|Y|Z653|Y|N1830|Y|R801|Y|N182|N|R801|Y|G43719|Y|E785|Y|N181|N|E1121|Y|E781|Y|R931|Y|E119|Y|I259|Y|E8881|Y|E669|Y|R7303|Y|D649|Y|P292|N|Z560|Y|R4689|N|||||||||| | | | | | | | | | | | | | | | | | | | | | |Z741|14-Nov-2017|Z9181|14-Nov-2017|Z139|14-Nov-2017|Z1331|14-Nov-2017|Z1331|14-Nov-2017|F1990|14-Nov-2017|Z715|14-Nov-2017|||||||||||||||||||||||||||||||||||||0|0||6|450|99408|3.0|2017-11-15T00:00:00|hospital_B|hospital_B_20171114
SYN_BENE_520F9BB6BB07|SYN_CLM_2678C9F3E5E5|V|60|14-Nov-2017|14-Nov-2017|17-Nov-2017||3|491581|1|1|1|| |950.31|0.0| ||49|1063523132| |9999868992| |9999868992|||0|1| |950.31|14-Nov-2017|1|4|A|10|0.0|190.06|0|4|0.0|0.0|0|0|0|0|0|0|0|0|0|0|0|0|0|||||14-Nov-2017|951.0|0|0||Z733|Z733|N|G309|Y|Z653|Y|N1830|Y|R801|Y|N182|N|R801|Y|G43719|Y|E785|Y|N181|N|E1121|Y|E781|Y|R931|Y|E119|Y|I259|Y|E8881|Y|E669|Y|R7303|Y|D649|Y|P292|N|Z560|Y|R4689|N|||||||||| | | | | | | | | | | | | | | | | | | | | | |Z741|14-Nov-2017|Z9181|14-Nov-2017|Z139|14-Nov-2017|Z1331|14-Nov-2017|Z1331|14-Nov-2017|F1990|14-Nov-2017|Z715|14-Nov-2017|||||||||||||||||||||||||||||||||||||0|0||7|450|99408|3.0|2017-11-15T00:00:00|hospital_B|hospital_B_20171114
SYN_BENE_4C915A6E13ED|SYN_CLM_0EEE35142137|V|60|14-Nov-2017|14-Nov-2017|17-Nov-2017||3|491581|1|1|1|| |950.31|0.0| ||49|1063523132| |9999868992| |9999868992|||0|1| |950.31|14-Nov-2017|1|4|A|10|0.0|190.06|0|4|0.0|0.0|0|0|0|0|0|0|0|0|0|0|0|0|0|||||14-Nov-2017|951.0|0|0||Z733|Z733|N|G309|Y|Z653|Y|N1830|Y|R801|Y|N182|N|R801|Y|G43719|Y|E785|Y|N181|N|E1121|Y|E781|Y|R931|Y|E119|Y|I259|Y|E8881|Y|E669|Y|R7303|Y|D649|Y|P292|N|Z560|Y|R4689|N|||||||||| | | | | | | | | | | | | | | | | | | | | | |Z741|14-Nov-2017|Z9181|14-Nov-2017|Z139|14-Nov-2017|Z1331|14-Nov-2017|Z1331|14-Nov-2017|F1990|14-Nov-2017|Z715|14-Nov-2017|||||||||||||||||||||||||||||||||||||0|0||1|450|96156|3.0|2017-11-15T00:00:00|hospital_B|hospital_B_20171114
SYN_BENE_4C915A6E13ED|SYN_CLM_0EEE35142137|V|60|14-Nov-2017|14-Nov-2017|17-Nov-2017||3|491581|1|1|1|| |950.31|0.0| ||49|1063523132| |9999868992| |9999868992|||0|1| |950.31|14-Nov-2017|1|4|A|10|0.0|190.06|0|4|0.0|0.0|0|0|0|0|0|0|0|0|0|0|0|0|0|||||14-Nov-2017|951.0|0|0||Z733|Z733|N|G309|Y|Z653|Y|N1830|Y|R801|Y|N182|N|R801|Y|G43719|Y|E785|Y|N181|N|E1121|Y|E781|Y|R931|Y|E119|Y|I259|Y|E8881|Y|E669|Y|R7303|Y|D649|Y|P292|N|Z560|Y|R4689|N|||||||||| | | | | | | | | | | | | | | | | | | | | | |Z741|14-Nov-2017|Z9181|14-Nov-2017|Z139|14-Nov-2017|Z1331|14-Nov-2017|Z1331|14-Nov-2017|F1990|14-Nov-2017|Z715|14-Nov-2017|||||||||||||||||||||||||||||||||||||0|0||2|450|M1069|3.0|2017-11-15T00:00:00|hospital_B|hospital_B_20171114
SYN_BENE_4C915A6E13ED|SYN_CLM_0EEE35142137|V|60|14-Nov-2017|14-Nov-2017|17-Nov-2017||3|491581|1|1|1|| |950.31|0.0| ||49|1063523132| |9999868992| |9999868992|||0|1| |950.31|14-Nov-2017|1|4|A|10|0.0|190.06|0|4|0.0|0.0|0|0|0|0|0|0|0|0|0|0|0|0|0|||||14-Nov-2017|951.0|0|0||Z733|Z733|N|G309|Y|Z653|Y|N1830|Y|R801|Y|N182|N|R801|Y|G43719|Y|E785|Y|N181|N|E1121|Y|E781|Y|R931|Y|E119|Y|I259|Y|E8881|Y|E669|Y|R7303|Y|D649|Y|P292|N|Z560|Y|R4689|N|||||||||| | | | | | | | | | | | | | | | | | | | | | |Z741|14-Nov-2017|Z9181|14-Nov-2017|Z139|14-Nov-2017|Z1331|14-Nov-2017|Z1331|14-Nov-2017|F1990|14-Nov-2017|Z715|14-Nov-2017|||||||||||||||||||||||||||||||||||||0|0||3|450|99401|3.0|2017-11-15T00:00:00|hospital_B|hospital_B_20171114
SYN_BENE_4C915A6E13ED|SYN_CLM_0EEE35142137|V|60|14-Nov-2017|14-Nov-2017|17-Nov-2017||3|491581|1|1|1|| |950.31|0.0| ||49|1063523132| |9999868992| |9999868992|||0|1| |950.31|14-Nov-2017|1|4|A|10|0.0|190.06|0|4|0.0|0.0|0|0|0|0|0|0|0|0|0|0|0|0|0|||||14-Nov-2017|951.0|0|0||Z733|Z733|N|G309|Y|Z653|Y|N1830|Y|R801|Y|N182|N|R801|Y|G43719|Y|E785|Y|N181|N|E1121|Y|E781|Y|R931|Y|E119|Y|I259|Y|E8881|Y|E669|Y|R7303|Y|D649|Y|P292|N|Z560|Y|R4689|N|||||||||| | | | | | | | | | | | | | | | | | | | | | |Z741|14-Nov-2017|Z9181|14-Nov-2017|Z139|14-Nov-2017|Z1331|14-Nov-2017|Z1331|14-Nov-2017|F1990|14-Nov-2017|Z715|14-Nov-2017|||||||||||||||||||||||||||||||||||||0|0||4|450|G0444|3.0|2017-11-15T00:00:00|hospital_B|hospital_B_20171114
SYN_BENE_4C915A6E13ED|SYN_CLM_0EEE35142137|V|60|14-Nov-2017|14-Nov-2017|17-Nov-2017||3|491581|1|1|1|| |950.31|0.0| ||49|1063523132| |9999868992| |9999868992|||0|1| |950.31|14-Nov-2017|1|4|A|10|0.0|190.06|0|4|0.0|0.0|0|0|0|0|0|0|0|0|0|0|0|0|0|||||14-Nov-2017|951.0|0|0||Z733|Z733|N|G309|Y|Z653|Y|N1830|Y|R801|Y|N182|N|R801|Y|G43719|Y|E785|Y|N181|N|E1121|Y|E781|Y|R931|Y|E119|Y|I259|Y|E8881|Y|E669|Y|R7303|Y|D649|Y|P292|N|Z560|Y|R4689|N|||||||||| | | | | | | | | | | | | | | | | | | | | | |Z741|14-Nov-2017|Z9181|14-Nov-2017|Z139|14-Nov-2017|Z1331|14-Nov-2017|Z1331|14-Nov-2017|F1990|14-Nov-2017|Z715|14-Nov-2017|||||||||||||||||||||||||||||||||||||0|0||5|450|G0444|3.0|2017-11-15T00:00:00|hospital_B|hospital_B_20171114
SYN_BENE_4C915A6E13ED|SYN_CLM_0EEE35142137|V|60|14-Nov-2017|14-Nov-2017|17-Nov-2017||3|491581|1|1|1|| |950.31|0.0| ||49|1063523132| |9999868992| |9999868992|||0|1| |950.31|14-Nov-2017|1|4|A|10|0.0|190.06|0|4|0.0|0.0|0|0|0|0|0|0|0|0|0|0|0|0|0|||||14-Nov-2017|951.0|0|0||Z733|Z733|N|G309|Y|Z653|Y|N1830|Y|R801|Y|N182|N|R801|Y|G43719|Y|E785|Y|N181|N|E1121|Y|E781|Y|R931|Y|E119|Y|I259|Y|E8881|Y|E669|Y|R7303|Y|D649|Y|P292|N|Z560|Y|R4689|N|||||||||| | | | | | | | | | | | | | | | | | | | | | |Z741|14-Nov-2017|Z9181|14-Nov-2017|Z139|14-Nov-2017|Z1331|14-Nov-2017|Z1331|14-Nov-2017|F1990|14-Nov-2017|Z715|14-Nov-2017|||||||||||||||||||||||||||||||||||||0|0||6|450|99408|3.0|2017-11-15T00:00:00|hospital_B|hospital_B_20171114
SYN_BENE_4C915A6E13ED|SYN_CLM_0EEE35142137|V|60|14-Nov-2017|14-Nov-2017|17-Nov-2017||3|491581|1|1|1|| |950.31|0.0| ||49|1063523132| |9999868992| |9999868992|||0|1| |950.31|14-Nov-2017|1|4|A|10|0.0|190.06|0|4|0.0|0.0|0|0|0|0|0|0|0|0|0|0|0|0|0|||||14-Nov-2017|951.0|0|0||Z733|Z733|N|G309|Y|Z653|Y|N1830|Y|R801|Y|N182|N|R801|Y|G43719|Y|E785|Y|N181|N|E1121|Y|E781|Y|R931|Y|E119|Y|I259|Y|E8881|Y|E669|Y|R7303|Y|D649|Y|P292|N|Z560|Y|R4689|N|||||||||| | | | | | | | | | | | | | | | | | | | | | |Z741|14-Nov-2017|Z9181|14-Nov-2017|Z139|14-Nov-2017|Z1331|14-Nov-2017|Z1331|14-Nov-2017|F1990|14-Nov-2017|Z715|14-Nov-2017|||||||||||||||||||||||||||||||||||||0|0||7|450|99408|3.0|2017-11-15T00:00:00|hospital_B|hospital_B_20171114
SYN_BENE_89982BE7124F|SYN_CLM_1CC10192BDF5|V|60|14-Nov-2017|14-Nov-2017|17-Nov-2017||3|491581|1|1|1|| |950.31|0.0| ||49|1063523132| |9999868992| |9999868992|||0|1| |950.31|14-Nov-2017|1|4|A|10|0.0|190.06|0|4|0.0|0.0|0|0|0|0|0|0|0|0|0|0|0|0|0|||||14-Nov-2017|951.0|0|0||Z733|Z733|N|G309|Y|Z653|Y|N1830|Y|R801|Y|N182|N|R801|Y|G43719|Y|E785|Y|N181|N|E1121|Y|E781|Y|R931|Y|E119|Y|I259|Y|E8881|Y|E669|Y|R7303|Y|D649|Y|P292|N|Z560|Y|R4689|N|||||||||| | | | | | | | | | | | | | | | | | | | | | |Z741|14-Nov-2017|Z9181|14-Nov-2017|Z139|14-Nov-2017|Z1331|14-Nov-2017|Z1331|14-Nov-2017|F1990|14-Nov-2017|Z715|14-Nov-2017|||||||||||||||||||||||||||||||||||||0|0||1|450|96156|3.0|2017-11-15T00:00:00|hospital_B|hospital_B_20171114
SYN_BENE_89982BE7124F|SYN_CLM_1CC10192BDF5|V|60|14-Nov-2017|14-Nov-2017|17-Nov-2017||3|491581|1|1|1|| |950.31|0.0| ||49|1063523132| |9999868992| |9999868992|||0|1| |950.31|14-Nov-2017|1|4|A|10|0.0|190.06|0|4|0.0|0.0|0|0|0|0|0|0|0|0|0|0|0|0|0|||||14-Nov-2017|951.0|0|0||Z733|Z733|N|G309|Y|Z653|Y|N1830|Y|R801|Y|N182|N|R801|Y|G43719|Y|E785|Y|N181|N|E1121|Y|E781|Y|R931|Y|E119|Y|I259|Y|E8881|Y|E669|Y|R7303|Y|D649|Y|P292|N|Z560|Y|R4689|N|||||||||| | | | | | | | | | | | | | | | | | | | | | |Z741|14-Nov-2017|Z9181|14-Nov-2017|Z139|14-Nov-2017|Z1331|14-Nov-2017|Z1331|14-Nov-2017|F1990|14-Nov-2017|Z715|14-Nov-2017|||||||||||||||||||||||||||||||||||||0|0||2|450|M1069|3.0|2017-11-15T00:00:00|hospital_B|hospital_B_20171114
SYN_BENE_89982BE7124F|SYN_CLM_1CC10192BDF5|V|60|14-Nov-2017|14-Nov-2017|17-Nov-2017||3|491581|1|1|1|| |950.31|0.0| ||49|1063523132| |9999868992| |9999868992|||0|1| |950.31|14-Nov-2017|1|4|A|10|0.0|190.06|0|4|0.0|0.0|0|0|0|0|0|0|0|0|0|0|0|0|0|||||14-Nov-2017|951.0|0|0||Z733|Z733|N|G309|Y|Z653|Y|N1830|Y|R801|Y|N182|N|R801|Y|G43719|Y|E785|Y|N181|N|E1121|Y|E781|Y|R931|Y|E119|Y|I259|Y|E8881|Y|E669|Y|R7303|Y|D649|Y|P292|N|Z560|Y|R4689|N|||||||||| | | | | | | | | | | | | | | | | | | | | | |Z741|14-Nov-2017|Z9181|14-Nov-2017|Z139|14-Nov-2017|Z1331|14-Nov-2017|Z1331|14-Nov-2017|F1990|14-Nov-2017|Z715|14-Nov-2017|||||||||||||||||||||||||||||||||||||0|0||3|450|99401|3.0|2017-11-15T00:00:00|hospital_B|hospital_B_20171114
SYN_BENE_89982BE7124F|SYN_CLM_1CC10192BDF5|V|60|14-Nov-2017|14-Nov-2017|17-Nov-2017||3|491581|1|1|1|| |950.31|0.0| ||49|1063523132| |9999868992| |9999868992|||0|1| |950.31|14-Nov-2017|1|4|A|10|0.0|190.06|0|4|0.0|0.0|0|0|0|0|0|0|0|0|0|0|0|0|0|||||14-Nov-2017|951.0|0|0||Z733|Z733|N|G309|Y|Z653|Y|N1830|Y|R801|Y|N182|N|R801|Y|G43719|Y|E785|Y|N181|N|E1121|Y|E781|Y|R931|Y|E119|Y|I259|Y|E8881|Y|E669|Y|R7303|Y|D649|Y|P292|N|Z560|Y|R4689|N|||||||||| | | | | | | | | | | | | | | | | | | | | | |Z741|14-Nov-2017|Z9181|14-Nov-2017|Z139|14-Nov-2017|Z1331|14-Nov-2017|Z1331|14-Nov-2017|F1990|14-Nov-2017|Z715|14-Nov-2017|||||||||||||||||||||||||||||||||||||0|0||4|450|G0444|3.0|2017-11-15T00:00:00|hospital_B|hospital_B_20171114
SYN_BENE_89982BE7124F|SYN_CLM_1CC10192BDF5|V|60|14-Nov-2017|14-Nov-2017|17-Nov-2017||3|491581|1|1|1|| |950.31|0.0| ||49|1063523132| |9999868992| |9999868992|||0|1| |950.31|14-Nov-2017|1|4|A|10|0.0|190.06|0|4|0.0|0.0|0|0|0|0|0|0|0|0|0|0|0|0|0|||||14-Nov-2017|951.0|0|0||Z733|Z733|N|G309|Y|Z653|Y|N1830|Y|R801|Y|N182|N|R801|Y|G43719|Y|E785|Y|N181|N|E1121|Y|E781|Y|R931|Y|E119|Y|I259|Y|E8881|Y|E669|Y|R7303|Y|D649|Y|P292|N|Z560|Y|R4689|N|||||||||| | | | | | | | | | | | | | | | | | | | | | |Z741|14-Nov-2017|Z9181|14-Nov-2017|Z139|14-Nov-2017|Z1331|14-Nov-2017|Z1331|14-Nov-2017|F1990|14-Nov-2017|Z715|14-Nov-2017|||||||||||||||||||||||||||||||||||||0|0||5|450|G0444|3.0|2017-11-15T00:00:00|hospital_B|hospital_B_20171114
SYN_BENE_89982BE7124F|SYN_CLM_1CC10192BDF5|V|60|14-Nov-2017|14-Nov-2017|17-Nov-2017||3|491581|1|1|1|| |950.31|0.0| ||49|1063523132| |9999868992| |9999868992|||0|1| |950.31|14-Nov-2017|1|4|A|10|0.0|190.06|0|4|0.0|0.0|0|0|0|0|0|0|0|0|0|0|0|0|0|||||14-Nov-2017|951.0|0|0||Z733|Z733|N|G309|Y|Z653|Y|N1830|Y|R801|Y|N182|N|R801|Y|G43719|Y|E785|Y|N181|N|E1121|Y|E781|Y|R931|Y|E119|Y|I259|Y|E8881|Y|E669|Y|R7303|Y|D649|Y|P292|N|Z560|Y|R4689|N|||||||||| | | | | | | | | | | | | | | | | | | | | | |Z741|14-Nov-2017|Z9181|14-Nov-2017|Z139|14-Nov-2017|Z1331|14-Nov-2017|Z1331|14-Nov-2017|F1990|14-Nov-2017|Z715|14-Nov-2017|||||||||||||||||||||||||||||||||||||0|0||6|450|99408|3.0|2017-11-15T00:00:00|hospital_B|hospital_B_20171114
SYN_BENE_89982BE7124F|SYN_CLM_1CC10192BDF5|V|60|14-Nov-2017|14-Nov-2017|17-Nov-2017||3|491581|1|1|1|| |950.31|0.0| ||49|1063523132| |9999868992| |9999868992|||0|1| |950.31|14-Nov-2017|1|4|A|10|0.0|190.06|0|4|0.0|0.0|0|0|0|0|0|0|0|0|0|0|0|0|0|||||14-Nov-2017|951.0|0|0||Z733|Z733|N|G309|Y|Z653|Y|N1830|Y|R801|Y|N182|N|R801|Y|G43719|Y|E785|Y|N181|N|E1121|Y|E781|Y|R931|Y|E119|Y|I259|Y|E8881|Y|E669|Y|R7303|Y|D649|Y|P292|N|Z560|Y|R4689|N|||||||||| | | | | | | | | | | | | | | | | | | | | | |Z741|14-Nov-2017|Z9181|14-Nov-2017|Z139|14-Nov-2017|Z1331|14-Nov-2017|Z1331|14-Nov-2017|F1990|14-Nov-2017|Z715|14-Nov-2017|||||||||||||||||||||||||||||||||||||0|0||7|450|99408|3.0|2017-11-15T00:00:00|hospital_B|hospital_B_20171114
SYN_BENE_A81386CFFA0F|SYN_CLM_392530B36B0B|V|60|14-Nov-2017|14-Nov-2017|17-Nov-2017||3|491581|1|1|1|| |950.31|0.0| ||49|1063523132| |9999868992| |9999868992|||0|1| |950.31|14-Nov-2017|1|4|A|10|0.0|190.06|0|4|0.0|0.0|0|0|0|0|0|0|0|0|0|0|0|0|0|||||14-Nov-2017|951.0|0|0||Z733|Z733|N|G309|Y|Z653|Y|N1830|Y|R801|Y|N182|N|R801|Y|G43719|Y|E785|Y|N181|N|E1121|Y|E781|Y|R931|Y|E119|Y|I259|Y|E8881|Y|E669|Y|R7303|Y|D649|Y|P292|N|Z560|Y|R4689|N|||||||||| | | | | | | | | | | | | | | | | | | | | | |Z741|14-Nov-2017|Z9181|14-Nov-2017|Z139|14-Nov-2017|Z1331|14-Nov-2017|Z1331|14-Nov-2017|F1990|14-Nov-2017|Z715|14-Nov-2017|||||||||||||||||||||||||||||||||||||0|0||1|450|96156|3.0|2017-11-15T00:00:00|hospital_B|hospital_B_20171114
SYN_BENE_A81386CFFA0F|SYN_CLM_392530B36B0B|V|60|14-Nov-2017|14-Nov-2017|17-Nov-2017||3|491581|1|1|1|| |950.31|0.0| ||49|1063523132| |9999868992| |9999868992|||0|1| |950.31|14-Nov-2017|1|4|A|10|0.0|190.06|0|4|0.0|0.0|0|0|0|0|0|0|0|0|0|0|0|0|0|||||14-Nov-2017|951.0|0|0||Z733|Z733|N|G309|Y|Z653|Y|N1830|Y|R801|Y|N182|N|R801|Y|G43719|Y|E785|Y|N181|N|E1121|Y|E781|Y|R931|Y|E119|Y|I259|Y|E8881|Y|E669|Y|R7303|Y|D649|Y|P292|N|Z560|Y|R4689|N|||||||||| | | | | | | | | | | | | | | | | | | | | | |Z741|14-Nov-2017|Z9181|14-Nov-2017|Z139|14-Nov-2017|Z1331|14-Nov-2017|Z1331|14-Nov-2017|F1990|14-Nov-2017|Z715|14-Nov-2017|||||||||||||||||||||||||||||||||||||0|0||2|450|M1069|3.0|2017-11-15T00:00:00|hospital_B|hospital_B_20171114
SYN_BENE_A81386CFFA0F|SYN_CLM_392530B36B0B|V|60|14-Nov-2017|14-Nov-2017|17-Nov-2017||3|491581|1|1|1|| |950.31|0.0| ||49|1063523132| |9999868992| |9999868992|||0|1| |950.31|14-Nov-2017|1|4|A|10|0.0|190.06|0|4|0.0|0.0|0|0|0|0|0|0|0|0|0|0|0|0|0|||||14-Nov-2017|951.0|0|0||Z733|Z733|N|G309|Y|Z653|Y|N1830|Y|R801|Y|N182|N|R801|Y|G43719|Y|E785|Y|N181|N|E1121|Y|E781|Y|R931|Y|E119|Y|I259|Y|E8881|Y|E669|Y|R7303|Y|D649|Y|P292|N|Z560|Y|R4689|N|||||||||| | | | | | | | | | | | | | | | | | | | | | |Z741|14-Nov-2017|Z9181|14-Nov-2017|Z139|14-Nov-2017|Z1331|14-Nov-2017|Z1331|14-Nov-2017|F1990|14-Nov-2017|Z715|14-Nov-2017|||||||||||||||||||||||||||||||||||||0|0||3|450|99401|3.0|2017-11-15T00:00:00|hospital_B|hospital_B_20171114
SYN_BENE_A81386CFFA0F|SYN_CLM_392530B36B0B|V|60|14-Nov-2017|14-Nov-2017|17-Nov-2017||3|491581|1|1|1|| |950.31|0.0| ||49|1063523132| |9999868992| |9999868992|||0|1| |950.31|14-Nov-2017|1|4|A|10|0.0|190.06|0|4|0.0|0.0|0|0|0|0|0|0|0|0|0|0|0|0|0|||||14-Nov-2017|951.0|0|0||Z733|Z733|N|G309|Y|Z653|Y|N1830|Y|R801|Y|N182|N|R801|Y|G43719|Y|E785|Y|N181|N|E1121|Y|E781|Y|R931|Y|E119|Y|I259|Y|E8881|Y|E669|Y|R7303|Y|D649|Y|P292|N|Z560|Y|R4689|N|||||||||| | | | | | | | | | | | | | | | | | | | | | |Z741|14-Nov-2017|Z9181|14-Nov-2017|Z139|14-Nov-2017|Z1331|14-Nov-2017|Z1331|14-Nov-2017|F1990|14-Nov-2017|Z715|14-Nov-2017|||||||||||||||||||||||||||||||||||||0|0||4|450|G0444|3.0|2017-11-15T00:00:00|hospital_B|hospital_B_20171114
SYN_BENE_A81386CFFA0F|SYN_CLM_392530B36B0B|V|60|14-Nov-2017|14-Nov-2017|17-Nov-2017||3|491581|1|1|1|| |950.31|0.0| ||49|1063523132| |9999868992| |9999868992|||0|1| |950.31|14-Nov-2017|1|4|A|10|0.0|190.06|0|4|0.0|0.0|0|0|0|0|0|0|0|0|0|0|0|0|0|||||14-Nov-2017|951.0|0|0||Z733|Z733|N|G309|Y|Z653|Y|N1830|Y|R801|Y|N182|N|R801|Y|G43719|Y|E785|Y|N181|N|E1121|Y|E781|Y|R931|Y|E119|Y|I259|Y|E8881|Y|E669|Y|R7303|Y|D649|Y|P292|N|Z560|Y|R4689|N|||||||||| | | | | | | | | | | | | | | | | | | | | | |Z741|14-Nov-2017|Z9181|14-Nov-2017|Z139|14-Nov-2017|Z1331|14-Nov-2017|Z1331|14-Nov-2017|F1990|14-Nov-2017|Z715|14-Nov-2017|||||||||||||||||||||||||||||||||||||0|0||5|450|G0444|3.0|2017-11-15T00:00:00|hospital_B|hospital_B_20171114
SYN_BENE_A81386CFFA0F|SYN_CLM_392530B36B0B|V|60|14-Nov-2017|14-Nov-2017|17-Nov-2017||3|491581|1|1|1|| |950.31|0.0| ||49|1063523132| |9999868992| |9999868992|||0|1| |950.31|14-Nov-2017|1|4|A|10|0.0|190.06|0|4|0.0|0.0|0|0|0|0|0|0|0|0|0|0|0|0|0|||||14-Nov-2017|951.0|0|0||Z733|Z733|N|G309|Y|Z653|Y|N1830|Y|R801|Y|N182|N|R801|Y|G43719|Y|E785|Y|N181|N|E1121|Y|E781|Y|R931|Y|E119|Y|I259|Y|E8881|Y|E669|Y|R7303|Y|D649|Y|P292|N|Z560|Y|R4689|N|||||||||| | | | | | | | | | | | | | | | | | | | | | |Z741|14-Nov-2017|Z9181|14-Nov-2017|Z139|14-Nov-2017|Z1331|14-Nov-2017|Z1331|14-Nov-2017|F1990|14-Nov-2017|Z715|14-Nov-2017|||||||||||||||||||||||||||||||||||||0|0||6|450|99408|3.0|2017-11-15T00:00:00|hospital_B|hospital_B_20171114
SYN_BENE_A81386CFFA0F|SYN_CLM_392530B36B0B|V|60|14-Nov-2017|14-Nov-2017|17-Nov-2017||3|491581|1|1|1|| |950.31|0.0| ||49|1063523132| |9999868992| |9999868992|||0|1| |950.31|14-Nov-2017|1|4|A|10|0.0|190.06|0|4|0.0|0.0|0|0|0|0|0|0|0|0|0|0|0|0|0|||||14-Nov-2017|951.0|0|0||Z733|Z733|N|G309|Y|Z653|Y|N1830|Y|R801|Y|N182|N|R801|Y|G43719|Y|E785|Y|N181|N|E1121|Y|E781|Y|R931|Y|E119|Y|I259|Y|E8881|Y|E669|Y|R7303|Y|D649|Y|P292|N|Z560|Y|R4689|N|||||||||| | | | | | | | | | | | | | | | | | | | | | |Z741|14-Nov-2017|Z9181|14-Nov-2017|Z139|14-Nov-2017|Z1331|14-Nov-2017|Z1331|14-Nov-2017|F1990|14-Nov-2017|Z715|14-Nov-2017|||||||||||||||||||||||||||||||||||||0|0||7|450|99408|3.0|2017-11-15T00:00:00|hospital_B|hospital_B_20171114
SYN_BENE_60DB439BF4FB|SYN_CLM_8DD59331A3E9|V|60|14-Nov-2017|14-Nov-2017|17-Nov-2017||3|491581|1|1|1|| |950.31|0.0| ||49|1063523132| |9999868992| |9999868992|||0|1| |950.31|14-Nov-2017|1|4|A|10|0.0|190.06|0|4|0.0|0.0|0|0|0|0|0|0|0|0|0|0|0|0|0|||||14-Nov-2017|951.0|0|0||Z733|Z733|N|G309|Y|Z653|Y|N1830|Y|R801|Y|N182|N|R801|Y|G43719|Y|E785|Y|N181|N|E1121|Y|E781|Y|R931|Y|E119|Y|I259|Y|E8881|Y|E669|Y|R7303|Y|D649|Y|P292|N|Z560|Y|R4689|N|||||||||| | | | | | | | | | | | | | | | | | | | | | |Z741|14-Nov-2017|Z9181|14-Nov-2017|Z139|14-Nov-2017|Z1331|14-Nov-2017|Z1331|14-Nov-2017|F1990|14-Nov-2017|Z715|14-Nov-2017|||||||||||||||||||||||||||||||||||||0|0||1|450|96156|3.0|2017-11-15T00:00:00|hospital_B|hospital_B_20171114
SYN_BENE_60DB439BF4FB|SYN_CLM_8DD59331A3E9|V|60|14-Nov-2017|14-Nov-2017|17-Nov-2017||3|491581|1|1|1|| |950.31|0.0| ||49|1063523132| |9999868992| |9999868992|||0|1| |950.31|14-Nov-2017|1|4|A|10|0.0|190.06|0|4|0.0|0.0|0|0|0|0|0|0|0|0|0|0|0|0|0|||||14-Nov-2017|951.0|0|0||Z733|Z733|N|G309|Y|Z653|Y|N1830|Y|R801|Y|N182|N|R801|Y|G43719|Y|E785|Y|N181|N|E1121|Y|E781|Y|R931|Y|E119|Y|I259|Y|E8881|Y|E669|Y|R7303|Y|D649|Y|P292|N|Z560|Y|R4689|N|||||||||| | | | | | | | | | | | | | | | | | | | | | |Z741|14-Nov-2017|Z9181|14-Nov-2017|Z139|14-Nov-2017|Z1331|14-Nov-2017|Z1331|14-Nov-2017|F1990|14-Nov-2017|Z715|14-Nov-2017|||||||||||||||||||||||||||||||||||||0|0||2|450|M1069|3.0|2017-11-15T00:00:00|hospital_B|hospital_B_20171114
SYN_BENE_60DB439BF4FB|SYN_CLM_8DD59331A3E9|V|60|14-Nov-2017|14-Nov-2017|17-Nov-2017||3|491581|1|1|1|| |950.31|0.0| ||49|1063523132| |9999868992| |9999868992|||0|1| |950.31|14-Nov-2017|1|4|A|10|0.0|190.06|0|4|0.0|0.0|0|0|0|0|0|0|0|0|0|0|0|0|0|||||14-Nov-2017|951.0|0|0||Z733|Z733|N|G309|Y|Z653|Y|N1830|Y|R801|Y|N182|N|R801|Y|G43719|Y|E785|Y|N181|N|E1121|Y|E781|Y|R931|Y|E119|Y|I259|Y|E8881|Y|E669|Y|R7303|Y|D649|Y|P292|N|Z560|Y|R4689|N|||||||||| | | | | | | | | | | | | | | | | | | | | | |Z741|14-Nov-2017|Z9181|14-Nov-2017|Z139|14-Nov-2017|Z1331|14-Nov-2017|Z1331|14-Nov-2017|F1990|14-Nov-2017|Z715|14-Nov-2017|||||||||||||||||||||||||||||||||||||0|0||3|450|99401|3.0|2017-11-15T00:00:00|hospital_B|hospital_B_20171114
SYN_BENE_60DB439BF4FB|SYN_CLM_8DD59331A3E9|V|60|14-Nov-2017|14-Nov-2017|17-Nov-2017||3|491581|1|1|1|| |950.31|0.0| ||49|1063523132| |9999868992| |9999868992|||0|1| |950.31|14-Nov-2017|1|4|A|10|0.0|190.06|0|4|0.0|0.0|0|0|0|0|0|0|0|0|0|0|0|0|0|||||14-Nov-2017|951.0|0|0||Z733|Z733|N|G309|Y|Z653|Y|N1830|Y|R801|Y|N182|N|R801|Y|G43719|Y|E785|Y|N181|N|E1121|Y|E781|Y|R931|Y|E119|Y|I259|Y|E8881|Y|E669|Y|R7303|Y|D649|Y|P292|N|Z560|Y|R4689|N|||||||||| | | | | | | | | | | | | | | | | | | | | | |Z741|14-Nov-2017|Z9181|14-Nov-2017|Z139|14-Nov-2017|Z1331|14-Nov-2017|Z1331|14-Nov-2017|F1990|14-Nov-2017|Z715|14-Nov-2017|||||||||||||||||||||||||||||||||||||0|0||4|450|G0444|3.0|2017-11-15T00:00:00|hospital_B|hospital_B_20171114
SYN_BENE_60DB439BF4FB|SYN_CLM_8DD59331A3E9|V|60|14-Nov-2017|14-Nov-2017|17-Nov-2017||3|491581|1|1|1|| |950.31|0.0| ||49|1063523132| |9999868992| |9999868992|||0|1| |950.31|14-Nov-2017|1|4|A|10|0.0|190.06|0|4|0.0|0.0|0|0|0|0|0|0|0|0|0|0|0|0|0|||||14-Nov-2017|951.0|0|0||Z733|Z733|N|G309|Y|Z653|Y|N1830|Y|R801|Y|N182|N|R801|Y|G43719|Y|E785|Y|N181|N|E1121|Y|E781|Y|R931|Y|E119|Y|I259|Y|E8881|Y|E669|Y|R7303|Y|D649|Y|P292|N|Z560|Y|R4689|N|||||||||| | | | | | | | | | | | | | | | | | | | | | |Z741|14-Nov-2017|Z9181|14-Nov-2017|Z139|14-Nov-2017|Z1331|14-Nov-2017|Z1331|14-Nov-2017|F1990|14-Nov-2017|Z715|14-Nov-2017|||||||||||||||||||||||||||||||||||||0|0||5|450|G0444|3.0|2017-11-15T00:00:00|hospital_B|hospital_B_20171114
SYN_BENE_60DB439BF4FB|SYN_CLM_8DD59331A3E9|V|60|14-Nov-2017|14-Nov-2017|17-Nov-2017||3|491581|1|1|1|| |950.31|0.0| ||49|1063523132| |9999868992| |9999868992|||0|1| |950.31|14-Nov-2017|1|4|A|10|0.0|190.06|0|4|0.0|0.0|0|0|0|0|0|0|0|0|0|0|0|0|0|||||14-Nov-2017|951.0|0|0||Z733|Z733|N|G309|Y|Z653|Y|N1830|Y|R801|Y|N182|N|R801|Y|G43719|Y|E785|Y|N181|N|E1121|Y|E781|Y|R931|Y|E119|Y|I259|Y|E8881|Y|E669|Y|R7303|Y|D649|Y|P292|N|Z560|Y|R4689|N|||||||||| | | | | | | | | | | | | | | | | | | | | | |Z741|14-Nov-2017|Z9181|14-Nov-2017|Z139|14-Nov-2017|Z1331|14-Nov-2017|Z1331|14-Nov-2017|F1990|14-Nov-2017|Z715|14-Nov-2017|||||||||||||||||||||||||||||||||||||0|0||6|450|99408|3.0|2017-11-15T00:00:00|hospital_B|hospital_B_20171114
SYN_BENE_60DB439BF4FB|SYN_CLM_8DD59331A3E9|V|60|14-Nov-2017|14-Nov-2017|17-Nov-2017||3|491581|1|1|1|| |950.31|0.0| ||49|1063523132| |9999868992| |9999868992|||0|1| |950.31|14-Nov-2017|1|4|A|10|0.0|190.06|0|4|0.0|0.0|0|0|0|0|0|0|0|0|0|0|0|0|0|||||14-Nov-2017|951.0|0|0||Z733|Z733|N|G309|Y|Z653|Y|N1830|Y|R801|Y|N182|N|R801|Y|G43719|Y|E785|Y|N181|N|E1121|Y|E781|Y|R931|Y|E119|Y|I259|Y|E8881|Y|E669|Y|R7303|Y|D649|Y|P292|N|Z560|Y|R4689|N|||||||||| | | | | | | | | | | | | | | | | | | | | | |Z741|14-Nov-2017|Z9181|14-Nov-2017|Z139|14-Nov-2017|Z1331|14-Nov-2017|Z1331|14-Nov-2017|F1990|14-Nov-2017|Z715|14-Nov-2017|||||||||||||||||||||||||||||||||||||0|0||7|450|99408|3.0|2017-11-15T00:00:00|hospital_B|hospital_B_20171114
SYN_BENE_60D546896FE1|SYN_CLM_DD4782188FD4|V|60|14-Nov-2017|14-Nov-2017|17-Nov-2017||3|491581|1|1|1|| |950.31|0.0| ||49|1063523132| |9999868992| |9999868992|||0|1| |950.31|14-Nov-2017|1|4|A|10|0.0|190.06|0|4|0.0|0.0|0|0|0|0|0|0|0|0|0|0|0|0|0|||||14-Nov-2017|951.0|0|0||Z733|Z733|N|G309|Y|Z653|Y|N1830|Y|R801|Y|N182|N|R801|Y|G43719|Y|E785|Y|N181|N|E1121|Y|E781|Y|R931|Y|E119|Y|I259|Y|E8881|Y|E669|Y|R7303|Y|D649|Y|P292|N|Z560|Y|R4689|N|||||||||| | | | | | | | | | | | | | | | | | | | | | |Z741|14-Nov-2017|Z9181|14-Nov-2017|Z139|14-Nov-2017|Z1331|14-Nov-2017|Z1331|14-Nov-2017|F1990|14-Nov-2017|Z715|14-Nov-2017|||||||||||||||||||||||||||||||||||||0|0||1|450|96156|3.0|2017-11-15T00:00:00|hospital_B|hospital_B_20171114
SYN_BENE_60D546896FE1|SYN_CLM_DD4782188FD4|V|60|14-Nov-2017|14-Nov-2017|17-Nov-2017||3|491581|1|1|1|| |950.31|0.0| ||49|1063523132| |9999868992| |9999868992|||0|1| |950.31|14-Nov-2017|1|4|A|10|0.0|190.06|0|4|0.0|0.0|0|0|0|0|0|0|0|0|0|0|0|0|0|||||14-Nov-2017|951.0|0|0||Z733|Z733|N|G309|Y|Z653|Y|N1830|Y|R801|Y|N182|N|R801|Y|G43719|Y|E785|Y|N181|N|E1121|Y|E781|Y|R931|Y|E119|Y|I259|Y|E8881|Y|E669|Y|R7303|Y|D649|Y|P292|N|Z560|Y|R4689|N|||||||||| | | | | | | | | | | | | | | | | | | | | | |Z741|14-Nov-2017|Z9181|14-Nov-2017|Z139|14-Nov-2017|Z1331|14-Nov-2017|Z1331|14-Nov-2017|F1990|14-Nov-2017|Z715|14-Nov-2017|||||||||||||||||||||||||||||||||||||0|0||2|450|M1069|3.0|2017-11-15T00:00:00|hospital_B|hospital_B_20171114
SYN_BENE_60D546896FE1|SYN_CLM_DD4782188FD4|V|60|14-Nov-2017|14-Nov-2017|17-Nov-2017||3|491581|1|1|1|| |950.31|0.0| ||49|1063523132| |9999868992| |9999868992|||0|1| |950.31|14-Nov-2017|1|4|A|10|0.0|190.06|0|4|0.0|0.0|0|0|0|0|0|0|0|0|0|0|0|0|0|||||14-Nov-2017|951.0|0|0||Z733|Z733|N|G309|Y|Z653|Y|N1830|Y|R801|Y|N182|N|R801|Y|G43719|Y|E785|Y|N181|N|E1121|Y|E781|Y|R931|Y|E119|Y|I259|Y|E8881|Y|E669|Y|R7303|Y|D649|Y|P292|N|Z560|Y|R4689|N|||||||||| | | | | | | | | | | | | | | | | | | | | | |Z741|14-Nov-2017|Z9181|14-Nov-2017|Z139|14-Nov-2017|Z1331|14-Nov-2017|Z1331|14-Nov-2017|F1990|14-Nov-2017|Z715|14-Nov-2017|||||||||||||||||||||||||||||||||||||0|0||3|450|99401|3.0|2017-11-15T00:00:00|hospital_B|hospital_B_20171114
SYN_BENE_60D546896FE1|SYN_CLM_DD4782188FD4|V|60|14-Nov-2017|14-Nov-2017|17-Nov-2017||3|491581|1|1|1|| |950.31|0.0| ||49|1063523132| |9999868992| |9999868992|||0|1| |950.31|14-Nov-2017|1|4|A|10|0.0|190.06|0|4|0.0|0.0|0|0|0|0|0|0|0|0|0|0|0|0|0|||||14-Nov-2017|951.0|0|0||Z733|Z733|N|G309|Y|Z653|Y|N1830|Y|R801|Y|N182|N|R801|Y|G43719|Y|E785|Y|N181|N|E1121|Y|E781|Y|R931|Y|E119|Y|I259|Y|E8881|Y|E669|Y|R7303|Y|D649|Y|P292|N|Z560|Y|R4689|N|||||||||| | | | | | | | | | | | | | | | | | | | | | |Z741|14-Nov-2017|Z9181|14-Nov-2017|Z139|14-Nov-2017|Z1331|14-Nov-2017|Z1331|14-Nov-2017|F1990|14-Nov-2017|Z715|14-Nov-2017|||||||||||||||||||||||||||||||||||||0|0||4|450|G0444|3.0|2017-11-15T00:00:00|hospital_B|hospital_B_20171114
SYN_BENE_60D546896FE1|SYN_CLM_DD4782188FD4|V|60|14-Nov-2017|14-Nov-2017|17-Nov-2017||3|491581|1|1|1|| |950.31|0.0| ||49|1063523132| |9999868992| |9999868992|||0|1| |950.31|14-Nov-2017|1|4|A|10|0.0|190.06|0|4|0.0|0.0|0|0|0|0|0|0|0|0|0|0|0|0|0|||||14-Nov-2017|951.0|0|0||Z733|Z733|N|G309|Y|Z653|Y|N1830|Y|R801|Y|N182|N|R801|Y|G43719|Y|E785|Y|N181|N|E1121|Y|E781|Y|R931|Y|E119|Y|I259|Y|E8881|Y|E669|Y|R7303|Y|D649|Y|P292|N|Z560|Y|R4689|N|||||||||| | | | | | | | | | | | | | | | | | | | | | |Z741|14-Nov-2017|Z9181|14-Nov-2017|Z139|14-Nov-2017|Z1331|14-Nov-2017|Z1331|14-Nov-2017|F1990|14-Nov-2017|Z715|14-Nov-2017|||||||||||||||||||||||||||||||||||||0|0||5|450|G0444|3.0|2017-11-15T00:00:00|hospital_B|hospital_B_20171114
SYN_BENE_60D546896FE1|SYN_CLM_DD4782188FD4|V|60|14-Nov-2017|14-Nov-2017|17-Nov-2017||3|491581|1|1|1|| |950.31|0.0| ||49|1063523132| |9999868992| |9999868992|||0|1| |950.31|14-Nov-2017|1|4|A|10|0.0|190.06|0|4|0.0|0.0|0|0|0|0|0|0|0|0|0|0|0|0|0|||||14-Nov-2017|951.0|0|0||Z733|Z733|N|G309|Y|Z653|Y|N1830|Y|R801|Y|N182|N|R801|Y|G43719|Y|E785|Y|N181|N|E1121|Y|E781|Y|R931|Y|E119|Y|I259|Y|E8881|Y|E669|Y|R7303|Y|D649|Y|P292|N|Z560|Y|R4689|N|||||||||| | | | | | | | | | | | | | | | | | | | | | |Z741|14-Nov-2017|Z9181|14-Nov-2017|Z139|14-Nov-2017|Z1331|14-Nov-2017|Z1331|14-Nov-2017|F1990|14-Nov-2017|Z715|14-Nov-2017|||||||||||||||||||||||||||||||||||||0|0||6|450|99408|3.0|2017-11-15T00:00:00|hospital_B|hospital_B_20171114
SYN_BENE_60D546896FE1|SYN_CLM_DD4782188FD4|V|60|14-Nov-2017|14-Nov-2017|17-Nov-2017||3|491581|1|1|1|| |950.31|0.0| ||49|1063523132| |9999868992| |9999868992|||0|1| |950.31|14-Nov-2017|1|4|A|10|0.0|190.06|0|4|0.0|0.0|0|0|0|0|0|0|0|0|0|0|0|0|0|||||14-Nov-2017|951.0|0|0||Z733|Z733|N|G309|Y|Z653|Y|N1830|Y|R801|Y|N182|N|R801|Y|G43719|Y|E785|Y|N181|N|E1121|Y|E781|Y|R931|Y|E119|Y|I259|Y|E8881|Y|E669|Y|R7303|Y|D649|Y|P292|N|Z560|Y|R4689|N|||||||||| | | | | | | | | | | | | | | | | | | | | | |Z741|14-Nov-2017|Z9181|14-Nov-2017|Z139|14-Nov-2017|Z1331|14-Nov-2017|Z1331|14-Nov-2017|F1990|14-Nov-2017|Z715|14-Nov-2017|||||||||||||||||||||||||||||||||||||0|0||7|450|99408|3.0|2017-11-15T00:00:00|hospital_B|hospital_B_20171114
SYN_BENE_E936252C0D9A|SYN_CLM_1C9969273693|V|60|14-Nov-2017|14-Nov-2017|17-Nov-2017||3|491581|1|1|1|| |950.31|0.0| ||49|1063523132| |9999868992| |9999868992|||0|1| |950.31|14-Nov-2017|1|4|A|10|0.0|190.06|0|4|0.0|0.0|0|0|0|0|0|0|0|0|0|0|0|0|0|||||14-Nov-2017|951.0|0|0||Z733|Z733|N|G309|Y|Z653|Y|N1830|Y|R801|Y|N182|N|R801|Y|G43719|Y|E785|Y|N181|N|E1121|Y|E781|Y|R931|Y|E119|Y|I259|Y|E8881|Y|E669|Y|R7303|Y|D649|Y|P292|N|Z560|Y|R4689|N|||||||||| | | | | | | | | | | | | | | | | | | | | | |Z741|14-Nov-2017|Z9181|14-Nov-2017|Z139|14-Nov-2017|Z1331|14-Nov-2017|Z1331|14-Nov-2017|F1990|14-Nov-2017|Z715|14-Nov-2017|||||||||||||||||||||||||||||||||||||0|0||1|450|96156|3.0|2017-11-15T00:00:00|hospital_B|hospital_B_20171114
SYN_BENE_E936252C0D9A|SYN_CLM_1C9969273693|V|60|14-Nov-2017|14-Nov-2017|17-Nov-2017||3|491581|1|1|1|| |950.31|0.0| ||49|1063523132| |9999868992| |9999868992|||0|1| |950.31|14-Nov-2017|1|4|A|10|0.0|190.06|0|4|0.0|0.0|0|0|0|0|0|0|0|0|0|0|0|0|0|||||14-Nov-2017|951.0|0|0||Z733|Z733|N|G309|Y|Z653|Y|N1830|Y|R801|Y|N182|N|R801|Y|G43719|Y|E785|Y|N181|N|E1121|Y|E781|Y|R931|Y|E119|Y|I259|Y|E8881|Y|E669|Y|R7303|Y|D649|Y|P292|N|Z560|Y|R4689|N|||||||||| | | | | | | | | | | | | | | | | | | | | | |Z741|14-Nov-2017|Z9181|14-Nov-2017|Z139|14-Nov-2017|Z1331|14-Nov-2017|Z1331|14-Nov-2017|F1990|14-Nov-2017|Z715|14-Nov-2017|||||||||||||||||||||||||||||||||||||0|0||2|450|M1069|3.0|2017-11-15T00:00:00|hospital_B|hospital_B_20171114
SYN_BENE_E936252C0D9A|SYN_CLM_1C9969273693|V|60|14-Nov-2017|14-Nov-2017|17-Nov-2017||3|491581|1|1|1|| |950.31|0.0| ||49|1063523132| |9999868992| |9999868992|||0|1| |950.31|14-Nov-2017|1|4|A|10|0.0|190.06|0|4|0.0|0.0|0|0|0|0|0|0|0|0|0|0|0|0|0|||||14-Nov-2017|951.0|0|0||Z733|Z733|N|G309|Y|Z653|Y|N1830|Y|R801|Y|N182|N|R801|Y|G43719|Y|E785|Y|N181|N|E1121|Y|E781|Y|R931|Y|E119|Y|I259|Y|E8881|Y|E669|Y|R7303|Y|D649|Y|P292|N|Z560|Y|R4689|N|||||||||| | | | | | | | | | | | | | | | | | | | | | |Z741|14-Nov-2017|Z9181|14-Nov-2017|Z139|14-Nov-2017|Z1331|14-Nov-2017|Z1331|14-Nov-2017|F1990|14-Nov-2017|Z715|14-Nov-2017|||||||||||||||||||||||||||||||||||||0|0||3|450|99401|3.0|2017-11-15T00:00:00|hospital_B|hospital_B_20171114
SYN_BENE_E936252C0D9A|SYN_CLM_1C9969273693|V|60|14-Nov-2017|14-Nov-2017|17-Nov-2017||3|491581|1|1|1|| |950.31|0.0| ||49|1063523132| |9999868992| |9999868992|||0|1| |950.31|14-Nov-2017|1|4|A|10|0.0|190.06|0|4|0.0|0.0|0|0|0|0|0|0|0|0|0|0|0|0|0|||||14-Nov-2017|951.0|0|0||Z733|Z733|N|G309|Y|Z653|Y|N1830|Y|R801|Y|N182|N|R801|Y|G43719|Y|E785|Y|N181|N|E1121|Y|E781|Y|R931|Y|E119|Y|I259|Y|E8881|Y|E669|Y|R7303|Y|D649|Y|P292|N|Z560|Y|R4689|N|||||||||| | | | | | | | | | | | | | | | | | | | | | |Z741|14-Nov-2017|Z9181|14-Nov-2017|Z139|14-Nov-2017|Z1331|14-Nov-2017|Z1331|14-Nov-2017|F1990|14-Nov-2017|Z715|14-Nov-2017|||||||||||||||||||||||||||||||||||||0|0||4|450|G0444|3.0|2017-11-15T00:00:00|hospital_B|hospital_B_20171114
SYN_BENE_E936252C0D9A|SYN_CLM_1C9969273693|V|60|14-Nov-2017|14-Nov-2017|17-Nov-2017||3|491581|1|1|1|| |950.31|0.0| ||49|1063523132| |9999868992| |9999868992|||0|1| |950.31|14-Nov-2017|1|4|A|10|0.0|190.06|0|4|0.0|0.0|0|0|0|0|0|0|0|0|0|0|0|0|0|||||14-Nov-2017|951.0|0|0||Z733|Z733|N|G309|Y|Z653|Y|N1830|Y|R801|Y|N182|N|R801|Y|G43719|Y|E785|Y|N181|N|E1121|Y|E781|Y|R931|Y|E119|Y|I259|Y|E8881|Y|E669|Y|R7303|Y|D649|Y|P292|N|Z560|Y|R4689|N|||||||||| | | | | | | | | | | | | | | | | | | | | | |Z741|14-Nov-2017|Z9181|14-Nov-2017|Z139|14-Nov-2017|Z1331|14-Nov-2017|Z1331|14-Nov-2017|F1990|14-Nov-2017|Z715|14-Nov-2017|||||||||||||||||||||||||||||||||||||0|0||5|450|G0444|3.0|2017-11-15T00:00:00|hospital_B|hospital_B_20171114
SYN_BENE_E936252C0D9A|SYN_CLM_1C9969273693|V|60|14-Nov-2017|14-Nov-2017|17-Nov-2017||3|491581|1|1|1|| |950.31|0.0| ||49|1063523132| |9999868992| |9999868992|||0|1| |950.31|14-Nov-2017|1|4|A|10|0.0|190.06|0|4|0.0|0.0|0|0|0|0|0|0|0|0|0|0|0|0|0|||||14-Nov-2017|951.0|0|0||Z733|Z733|N|G309|Y|Z653|Y|N1830|Y|R801|Y|N182|N|R801|Y|G43719|Y|E785|Y|N181|N|E1121|Y|E781|Y|R931|Y|E119|Y|I259|Y|E8881|Y|E669|Y|R7303|Y|D649|Y|P292|N|Z560|Y|R4689|N|||||||||| | | | | | | | | | | | | | | | | | | | | | |Z741|14-Nov-2017|Z9181|14-Nov-2017|Z139|14-Nov-2017|Z1331|14-Nov-2017|Z1331|14-Nov-2017|F1990|14-Nov-2017|Z715|14-Nov-2017|||||||||||||||||||||||||||||||||||||0|0||6|450|99408|3.0|2017-11-15T00:00:00|hospital_B|hospital_B_20171114
SYN_BENE_E936252C0D9A|SYN_CLM_1C9969273693|V|60|14-Nov-2017|14-Nov-2017|17-Nov-2017||3|491581|1|1|1|| |950.31|0.0| ||49|1063523132| |9999868992| |9999868992|||0|1| |950.31|14-Nov-2017|1|4|A|10|0.0|190.06|0|4|0.0|0.0|0|0|0|0|0|0|0|0|0|0|0|0|0|||||14-Nov-2017|951.0|0|0||Z733|Z733|N|G309|Y|Z653|Y|N1830|Y|R801|Y|N182|N|R801|Y|G43719|Y|E785|Y|N181|N|E1121|Y|E781|Y|R931|Y|E119|Y|I259|Y|E8881|Y|E669|Y|R7303|Y|D649|Y|P292|N|Z560|Y|R4689|N|||||||||| | | | | | | | | | | | | | | | | | | | | | |Z741|14-Nov-2017|Z9181|14-Nov-2017|Z139|14-Nov-2017|Z1331|14-Nov-2017|Z1331|14-Nov-2017|F1990|14-Nov-2017|Z715|14-Nov-2017|||||||||||||||||||||||||||||||||||||0|0||7|450|99408|3.0|2017-11-15T00:00:00|hospital_B|hospital_B_20171114
SYN_BENE_9B1388812A73|SYN_CLM_1C4D9EDFFFA4|V|60|14-Nov-2017|14-Nov-2017|17-Nov-2017||3|491581|1|1|1|| |950.31|0.0| ||49|1063523132| |9999868992| |9999868992|||0|1| |950.31|14-Nov-2017|1|4|A|10|0.0|190.06|0|4|0.0|0.0|0|0|0|0|0|0|0|0|0|0|0|0|0|||||14-Nov-2017|951.0|0|0||Z733|Z733|N|G309|Y|Z653|Y|N1830|Y|R801|Y|N182|N|R801|Y|G43719|Y|E785|Y|N181|N|E1121|Y|E781|Y|R931|Y|E119|Y|I259|Y|E8881|Y|E669|Y|R7303|Y|D649|Y|P292|N|Z560|Y|R4689|N|||||||||| | | | | | | | | | | | | | | | | | | | | | |Z741|14-Nov-2017|Z9181|14-Nov-2017|Z139|14-Nov-2017|Z1331|14-Nov-2017|Z1331|14-Nov-2017|F1990|14-Nov-2017|Z715|14-Nov-2017|||||||||||||||||||||||||||||||||||||0|0||1|450|96156|3.0|2017-11-15T00:00:00|hospital_B|hospital_B_20171114
SYN_BENE_9B1388812A73|SYN_CLM_1C4D9EDFFFA4|V|60|14-Nov-2017|14-Nov-2017|17-Nov-2017||3|491581|1|1|1|| |950.31|0.0| ||49|1063523132| |9999868992| |9999868992|||0|1| |950.31|14-Nov-2017|1|4|A|10|0.0|190.06|0|4|0.0|0.0|0|0|0|0|0|0|0|0|0|0|0|0|0|||||14-Nov-2017|951.0|0|0||Z733|Z733|N|G309|Y|Z653|Y|N1830|Y|R801|Y|N182|N|R801|Y|G43719|Y|E785|Y|N181|N|E1121|Y|E781|Y|R931|Y|E119|Y|I259|Y|E8881|Y|E669|Y|R7303|Y|D649|Y|P292|N|Z560|Y|R4689|N|||||||||| | | | | | | | | | | | | | | | | | | | | | |Z741|14-Nov-2017|Z9181|14-Nov-2017|Z139|14-Nov-2017|Z1331|14-Nov-2017|Z1331|14-Nov-2017|F1990|14-Nov-2017|Z715|14-Nov-2017|||||||||||||||||||||||||||||||||||||0|0||2|450|M1069|3.0|2017-11-15T00:00:00|hospital_B|hospital_B_20171114
SYN_BENE_9B1388812A73|SYN_CLM_1C4D9EDFFFA4|V|60|14-Nov-2017|14-Nov-2017|17-Nov-2017||3|491581|1|1|1|| |950.31|0.0| ||49|1063523132| |9999868992| |9999868992|||0|1| |950.31|14-Nov-2017|1|4|A|10|0.0|190.06|0|4|0.0|0.0|0|0|0|0|0|0|0|0|0|0|0|0|0|||||14-Nov-2017|951.0|0|0||Z733|Z733|N|G309|Y|Z653|Y|N1830|Y|R801|Y|N182|N|R801|Y|G43719|Y|E785|Y|N181|N|E1121|Y|E781|Y|R931|Y|E119|Y|I259|Y|E8881|Y|E669|Y|R7303|Y|D649|Y|P292|N|Z560|Y|R4689|N|||||||||| | | | | | | | | | | | | | | | | | | | | | |Z741|14-Nov-2017|Z9181|14-Nov-2017|Z139|14-Nov-2017|Z1331|14-Nov-2017|Z1331|14-Nov-2017|F1990|14-Nov-2017|Z715|14-Nov-2017|||||||||||||||||||||||||||||||||||||0|0||3|450|99401|3.0|2017-11-15T00:00:00|hospital_B|hospital_B_20171114
SYN_BENE_9B1388812A73|SYN_CLM_1C4D9EDFFFA4|V|60|14-Nov-2017|14-Nov-2017|17-Nov-2017||3|491581|1|1|1|| |950.31|0.0| ||49|1063523132| |9999868992| |9999868992|||0|1| |950.31|14-Nov-2017|1|4|A|10|0.0|190.06|0|4|0.0|0.0|0|0|0|0|0|0|0|0|0|0|0|0|0|||||14-Nov-2017|951.0|0|0||Z733|Z733|N|G309|Y|Z653|Y|N1830|Y|R801|Y|N182|N|R801|Y|G43719|Y|E785|Y|N181|N|E1121|Y|E781|Y|R931|Y|E119|Y|I259|Y|E8881|Y|E669|Y|R7303|Y|D649|Y|P292|N|Z560|Y|R4689|N|||||||||| | | | | | | | | | | | | | | | | | | | | | |Z741|14-Nov-2017|Z9181|14-Nov-2017|Z139|14-Nov-2017|Z1331|14-Nov-2017|Z1331|14-Nov-2017|F1990|14-Nov-2017|Z715|14-Nov-2017|||||||||||||||||||||||||||||||||||||0|0||4|450|G0444|3.0|2017-11-15T00:00:00|hospital_B|hospital_B_20171114
SYN_BENE_9B1388812A73|SYN_CLM_1C4D9EDFFFA4|V|60|14-Nov-2017|14-Nov-2017|17-Nov-2017||3|491581|1|1|1|| |950.31|0.0| ||49|1063523132| |9999868992| |9999868992|||0|1| |950.31|14-Nov-2017|1|4|A|10|0.0|190.06|0|4|0.0|0.0|0|0|0|0|0|0|0|0|0|0|0|0|0|||||14-Nov-2017|951.0|0|0||Z733|Z733|N|G309|Y|Z653|Y|N1830|Y|R801|Y|N182|N|R801|Y|G43719|Y|E785|Y|N181|N|E1121|Y|E781|Y|R931|Y|E119|Y|I259|Y|E8881|Y|E669|Y|R7303|Y|D649|Y|P292|N|Z560|Y|R4689|N|||||||||| | | | | | | | | | | | | | | | | | | | | | |Z741|14-Nov-2017|Z9181|14-Nov-2017|Z139|14-Nov-2017|Z1331|14-Nov-2017|Z1331|14-Nov-2017|F1990|14-Nov-2017|Z715|14-Nov-2017|||||||||||||||||||||||||||||||||||||0|0||5|450|G0444|3.0|2017-11-15T00:00:00|hospital_B|hospital_B_20171114
SYN_BENE_9B1388812A73|SYN_CLM_1C4D9EDFFFA4|V|60|14-Nov-2017|14-Nov-2017|17-Nov-2017||3|491581|1|1|1|| |950.31|0.0| ||49|1063523132| |9999868992| |9999868992|||0|1| |950.31|14-Nov-2017|1|4|A|10|0.0|190.06|0|4|0.0|0.0|0|0|0|0|0|0|0|0|0|0|0|0|0|||||14-Nov-2017|951.0|0|0||Z733|Z733|N|G309|Y|Z653|Y|N1830|Y|R801|Y|N182|N|R801|Y|G43719|Y|E785|Y|N181|N|E1121|Y|E781|Y|R931|Y|E119|Y|I259|Y|E8881|Y|E669|Y|R7303|Y|D649|Y|P292|N|Z560|Y|R4689|N|||||||||| | | | | | | | | | | | | | | | | | | | | | |Z741|14-Nov-2017|Z9181|14-Nov-2017|Z139|14-Nov-2017|Z1331|14-Nov-2017|Z1331|14-Nov-2017|F1990|14-Nov-2017|Z715|14-Nov-2017|||||||||||||||||||||||||||||||||||||0|0||6|450|99408|3.0|2017-11-15T00:00:00|hospital_B|hospital_B_20171114
SYN_BENE_9B1388812A73|SYN_CLM_1C4D9EDFFFA4|V|60|14-Nov-2017|14-Nov-2017|17-Nov-2017||3|491581|1|1|1|| |950.31|0.0| ||49|1063523132| |9999868992| |9999868992|||0|1| |950.31|14-Nov-2017|1|4|A|10|0.0|190.06|0|4|0.0|0.0|0|0|0|0|0|0|0|0|0|0|0|0|0|||||14-Nov-2017|951.0|0|0||Z733|Z733|N|G309|Y|Z653|Y|N1830|Y|R801|Y|N182|N|R801|Y|G43719|Y|E785|Y|N181|N|E1121|Y|E781|Y|R931|Y|E119|Y|I259|Y|E8881|Y|E669|Y|R7303|Y|D649|Y|P292|N|Z560|Y|R4689|N|||||||||| | | | | | | | | | | | | | | | | | | | | | |Z741|14-Nov-2017|Z9181|14-Nov-2017|Z139|14-Nov-2017|Z1331|14-Nov-2017|Z1331|14-Nov-2017|F1990|14-Nov-2017|Z715|14-Nov-2017|||||||||||||||||||||||||||||||||||||0|0||7|450|99408|3.0|2017-11-15T00:00:00|hospital_B|hospital_B_20171114
SYN_BENE_895BA94A6C45|SYN_CLM_781C216C32C4|V|60|14-Nov-2017|14-Nov-2017|17-Nov-2017||3|491581|1|1|1|| |950.31|0.0| ||49|1063523132| |9999868992| |9999868992|||0|1| |950.31|14-Nov-2017|1|4|A|10|0.0|190.06|0|4|0.0|0.0|0|0|0|0|0|0|0|0|0|0|0|0|0|||||14-Nov-2017|951.0|0|0||Z733|Z733|N|G309|Y|Z653|Y|N1830|Y|R801|Y|N182|N|R801|Y|G43719|Y|E785|Y|N181|N|E1121|Y|E781|Y|R931|Y|E119|Y|I259|Y|E8881|Y|E669|Y|R7303|Y|D649|Y|P292|N|Z560|Y|R4689|N|||||||||| | | | | | | | | | | | | | | | | | | | | | |Z741|14-Nov-2017|Z9181|14-Nov-2017|Z139|14-Nov-2017|Z1331|14-Nov-2017|Z1331|14-Nov-2017|F1990|14-Nov-2017|Z715|14-Nov-2017|||||||||||||||||||||||||||||||||||||0|0||1|450|96156|3.0|2017-11-15T00:00:00|hospital_B|hospital_B_20171114
SYN_BENE_895BA94A6C45|SYN_CLM_781C216C32C4|V|60|14-Nov-2017|14-Nov-2017|17-Nov-2017||3|491581|1|1|1|| |950.31|0.0| ||49|1063523132| |9999868992| |9999868992|||0|1| |950.31|14-Nov-2017|1|4|A|10|0.0|190.06|0|4|0.0|0.0|0|0|0|0|0|0|0|0|0|0|0|0|0|||||14-Nov-2017|951.0|0|0||Z733|Z733|N|G309|Y|Z653|Y|N1830|Y|R801|Y|N182|N|R801|Y|G43719|Y|E785|Y|N181|N|E1121|Y|E781|Y|R931|Y|E119|Y|I259|Y|E8881|Y|E669|Y|R7303|Y|D649|Y|P292|N|Z560|Y|R4689|N|||||||||| | | | | | | | | | | | | | | | | | | | | | |Z741|14-Nov-2017|Z9181|14-Nov-2017|Z139|14-Nov-2017|Z1331|14-Nov-2017|Z1331|14-Nov-2017|F1990|14-Nov-2017|Z715|14-Nov-2017|||||||||||||||||||||||||||||||||||||0|0||2|450|M1069|3.0|2017-11-15T00:00:00|hospital_B|hospital_B_20171114
SYN_BENE_895BA94A6C45|SYN_CLM_781C216C32C4|V|60|14-Nov-2017|14-Nov-2017|17-Nov-2017||3|491581|1|1|1|| |950.31|0.0| ||49|1063523132| |9999868992| |9999868992|||0|1| |950.31|14-Nov-2017|1|4|A|10|0.0|190.06|0|4|0.0|0.0|0|0|0|0|0|0|0|0|0|0|0|0|0|||||14-Nov-2017|951.0|0|0||Z733|Z733|N|G309|Y|Z653|Y|N1830|Y|R801|Y|N182|N|R801|Y|G43719|Y|E785|Y|N181|N|E1121|Y|E781|Y|R931|Y|E119|Y|I259|Y|E8881|Y|E669|Y|R7303|Y|D649|Y|P292|N|Z560|Y|R4689|N|||||||||| | | | | | | | | | | | | | | | | | | | | | |Z741|14-Nov-2017|Z9181|14-Nov-2017|Z139|14-Nov-2017|Z1331|14-Nov-2017|Z1331|14-Nov-2017|F1990|14-Nov-2017|Z715|14-Nov-2017|||||||||||||||||||||||||||||||||||||0|0||3|450|99401|3.0|2017-11-15T00:00:00|hospital_B|hospital_B_20171114
SYN_BENE_895BA94A6C45|SYN_CLM_781C216C32C4|V|60|14-Nov-2017|14-Nov-2017|17-Nov-2017||3|491581|1|1|1|| |950.31|0.0| ||49|1063523132| |9999868992| |9999868992|||0|1| |950.31|14-Nov-2017|1|4|A|10|0.0|190.06|0|4|0.0|0.0|0|0|0|0|0|0|0|0|0|0|0|0|0|||||14-Nov-2017|951.0|0|0||Z733|Z733|N|G309|Y|Z653|Y|N1830|Y|R801|Y|N182|N|R801|Y|G43719|Y|E785|Y|N181|N|E1121|Y|E781|Y|R931|Y|E119|Y|I259|Y|E8881|Y|E669|Y|R7303|Y|D649|Y|P292|N|Z560|Y|R4689|N|||||||||| | | | | | | | | | | | | | | | | | | | | | |Z741|14-Nov-2017|Z9181|14-Nov-2017|Z139|14-Nov-2017|Z1331|14-Nov-2017|Z1331|14-Nov-2017|F1990|14-Nov-2017|Z715|14-Nov-2017|||||||||||||||||||||||||||||||||||||0|0||4|450|G0444|3.0|2017-11-15T00:00:00|hospital_B|hospital_B_20171114
SYN_BENE_895BA94A6C45|SYN_CLM_781C216C32C4|V|60|14-Nov-2017|14-Nov-2017|17-Nov-2017||3|491581|1|1|1|| |950.31|0.0| ||49|1063523132| |9999868992| |9999868992|||0|1| |950.31|14-Nov-2017|1|4|A|10|0.0|190.06|0|4|0.0|0.0|0|0|0|0|0|0|0|0|0|0|0|0|0|||||14-Nov-2017|951.0|0|0||Z733|Z733|N|G309|Y|Z653|Y|N1830|Y|R801|Y|N182|N|R801|Y|G43719|Y|E785|Y|N181|N|E1121|Y|E781|Y|R931|Y|E119|Y|I259|Y|E8881|Y|E669|Y|R7303|Y|D649|Y|P292|N|Z560|Y|R4689|N|||||||||| | | | | | | | | | | | | | | | | | | | | | |Z741|14-Nov-2017|Z9181|14-Nov-2017|Z139|14-Nov-2017|Z1331|14-Nov-2017|Z1331|14-Nov-2017|F1990|14-Nov-2017|Z715|14-Nov-2017|||||||||||||||||||||||||||||||||||||0|0||5|450|G0444|3.0|2017-11-15T00:00:00|hospital_B|hospital_B_20171114
SYN_BENE_895BA94A6C45|SYN_CLM_781C216C32C4|V|60|14-Nov-2017|14-Nov-2017|17-Nov-2017||3|491581|1|1|1|| |950.31|0.0| ||49|1063523132| |9999868992| |9999868992|||0|1| |950.31|14-Nov-2017|1|4|A|10|0.0|190.06|0|4|0.0|0.0|0|0|0|0|0|0|0|0|0|0|0|0|0|||||14-Nov-2017|951.0|0|0||Z733|Z733|N|G309|Y|Z653|Y|N1830|Y|R801|Y|N182|N|R801|Y|G43719|Y|E785|Y|N181|N|E1121|Y|E781|Y|R931|Y|E119|Y|I259|Y|E8881|Y|E669|Y|R7303|Y|D649|Y|P292|N|Z560|Y|R4689|N|||||||||| | | | | | | | | | | | | | | | | | | | | | |Z741|14-Nov-2017|Z9181|14-Nov-2017|Z139|14-Nov-2017|Z1331|14-Nov-2017|Z1331|14-Nov-2017|F1990|14-Nov-2017|Z715|14-Nov-2017|||||||||||||||||||||||||||||||||||||0|0||6|450|99408|3.0|2017-11-15T00:00:00|hospital_B|hospital_B_20171114
SYN_BENE_895BA94A6C45|SYN_CLM_781C216C32C4|V|60|14-Nov-2017|14-Nov-2017|17-Nov-2017||3|491581|1|1|1|| |950.31|0.0| ||49|1063523132| |9999868992| |9999868992|||0|1| |950.31|14-Nov-2017|1|4|A|10|0.0|190.06|0|4|0.0|0.0|0|0|0|0|0|0|0|0|0|0|0|0|0|||||14-Nov-2017|951.0|0|0||Z733|Z733|N|G309|Y|Z653|Y|N1830|Y|R801|Y|N182|N|R801|Y|G43719|Y|E785|Y|N181|N|E1121|Y|E781|Y|R931|Y|E119|Y|I259|Y|E8881|Y|E669|Y|R7303|Y|D649|Y|P292|N|Z560|Y|R4689|N|||||||||| | | | | | | | | | | | | | | | | | | | | | |Z741|14-Nov-2017|Z9181|14-Nov-2017|Z139|14-Nov-2017|Z1331|14-Nov-2017|Z1331|14-Nov-2017|F1990|14-Nov-2017|Z715|14-Nov-2017|||||||||||||||||||||||||||||||||||||0|0||7|450|99408|3.0|2017-11-15T00:00:00|hospital_B|hospital_B_20171114
SYN_BENE_C0AF95C3C975|SYN_CLM_1A3B7C96B912|V|60|14-Nov-2017|14-Nov-2017|17-Nov-2017||3|491581|1|1|1|| |950.31|0.0| ||49|1063523132| |9999868992| |9999868992|||0|1| |950.31|14-Nov-2017|1|4|A|10|0.0|190.06|0|4|0.0|0.0|0|0|0|0|0|0|0|0|0|0|0|0|0|||||14-Nov-2017|951.0|0|0||Z733|Z733|N|G309|Y|Z653|Y|N1830|Y|R801|Y|N182|N|R801|Y|G43719|Y|E785|Y|N181|N|E1121|Y|E781|Y|R931|Y|E119|Y|I259|Y|E8881|Y|E669|Y|R7303|Y|D649|Y|P292|N|Z560|Y|R4689|N|||||||||| | | | | | | | | | | | | | | | | | | | | | |Z741|14-Nov-2017|Z9181|14-Nov-2017|Z139|14-Nov-2017|Z1331|14-Nov-2017|Z1331|14-Nov-2017|F1990|14-Nov-2017|Z715|14-Nov-2017|||||||||||||||||||||||||||||||||||||0|0||1|450|96156|3.0|2017-11-15T00:00:00|hospital_B|hospital_B_20171114
SYN_BENE_C0AF95C3C975|SYN_CLM_1A3B7C96B912|V|60|14-Nov-2017|14-Nov-2017|17-Nov-2017||3|491581|1|1|1|| |950.31|0.0| ||49|1063523132| |9999868992| |9999868992|||0|1| |950.31|14-Nov-2017|1|4|A|10|0.0|190.06|0|4|0.0|0.0|0|0|0|0|0|0|0|0|0|0|0|0|0|||||14-Nov-2017|951.0|0|0||Z733|Z733|N|G309|Y|Z653|Y|N1830|Y|R801|Y|N182|N|R801|Y|G43719|Y|E785|Y|N181|N|E1121|Y|E781|Y|R931|Y|E119|Y|I259|Y|E8881|Y|E669|Y|R7303|Y|D649|Y|P292|N|Z560|Y|R4689|N|||||||||| | | | | | | | | | | | | | | | | | | | | | |Z741|14-Nov-2017|Z9181|14-Nov-2017|Z139|14-Nov-2017|Z1331|14-Nov-2017|Z1331|14-Nov-2017|F1990|14-Nov-2017|Z715|14-Nov-2017|||||||||||||||||||||||||||||||||||||0|0||2|450|M1069|3.0|2017-11-15T00:00:00|hospital_B|hospital_B_20171114
SYN_BENE_C0AF95C3C975|SYN_CLM_1A3B7C96B912|V|60|14-Nov-2017|14-Nov-2017|17-Nov-2017||3|491581|1|1|1|| |950.31|0.0| ||49|1063523132| |9999868992| |9999868992|||0|1| |950.31|14-Nov-2017|1|4|A|10|0.0|190.06|0|4|0.0|0.0|0|0|0|0|0|0|0|0|0|0|0|0|0|||||14-Nov-2017|951.0|0|0||Z733|Z733|N|G309|Y|Z653|Y|N1830|Y|R801|Y|N182|N|R801|Y|G43719|Y|E785|Y|N181|N|E1121|Y|E781|Y|R931|Y|E119|Y|I259|Y|E8881|Y|E669|Y|R7303|Y|D649|Y|P292|N|Z560|Y|R4689|N|||||||||| | | | | | | | | | | | | | | | | | | | | | |Z741|14-Nov-2017|Z9181|14-Nov-2017|Z139|14-Nov-2017|Z1331|14-Nov-2017|Z1331|14-Nov-2017|F1990|14-Nov-2017|Z715|14-Nov-2017|||||||||||||||||||||||||||||||||||||0|0||3|450|99401|3.0|2017-11-15T00:00:00|hospital_B|hospital_B_20171114
SYN_BENE_C0AF95C3C975|SYN_CLM_1A3B7C96B912|V|60|14-Nov-2017|14-Nov-2017|17-Nov-2017||3|491581|1|1|1|| |950.31|0.0| ||49|1063523132| |9999868992| |9999868992|||0|1| |950.31|14-Nov-2017|1|4|A|10|0.0|190.06|0|4|0.0|0.0|0|0|0|0|0|0|0|0|0|0|0|0|0|||||14-Nov-2017|951.0|0|0||Z733|Z733|N|G309|Y|Z653|Y|N1830|Y|R801|Y|N182|N|R801|Y|G43719|Y|E785|Y|N181|N|E1121|Y|E781|Y|R931|Y|E119|Y|I259|Y|E8881|Y|E669|Y|R7303|Y|D649|Y|P292|N|Z560|Y|R4689|N|||||||||| | | | | | | | | | | | | | | | | | | | | | |Z741|14-Nov-2017|Z9181|14-Nov-2017|Z139|14-Nov-2017|Z1331|14-Nov-2017|Z1331|14-Nov-2017|F1990|14-Nov-2017|Z715|14-Nov-2017|||||||||||||||||||||||||||||||||||||0|0||4|450|G0444|3.0|2017-11-15T00:00:00|hospital_B|hospital_B_20171114
SYN_BENE_C0AF95C3C975|SYN_CLM_1A3B7C96B912|V|60|14-Nov-2017|14-Nov-2017|17-Nov-2017||3|491581|1|1|1|| |950.31|0.0| ||49|1063523132| |9999868992| |9999868992|||0|1| |950.31|14-Nov-2017|1|4|A|10|0.0|190.06|0|4|0.0|0.0|0|0|0|0|0|0|0|0|0|0|0|0|0|||||14-Nov-2017|951.0|0|0||Z733|Z733|N|G309|Y|Z653|Y|N1830|Y|R801|Y|N182|N|R801|Y|G43719|Y|E785|Y|N181|N|E1121|Y|E781|Y|R931|Y|E119|Y|I259|Y|E8881|Y|E669|Y|R7303|Y|D649|Y|P292|N|Z560|Y|R4689|N|||||||||| | | | | | | | | | | | | | | | | | | | | | |Z741|14-Nov-2017|Z9181|14-Nov-2017|Z139|14-Nov-2017|Z1331|14-Nov-2017|Z1331|14-Nov-2017|F1990|14-Nov-2017|Z715|14-Nov-2017|||||||||||||||||||||||||||||||||||||0|0||5|450|G0444|3.0|2017-11-15T00:00:00|hospital_B|hospital_B_20171114
SYN_BENE_C0AF95C3C975|SYN_CLM_1A3B7C96B912|V|60|14-Nov-2017|14-Nov-2017|17-Nov-2017||3|491581|1|1|1|| |950.31|0.0| ||49|1063523132| |9999868992| |9999868992|||0|1| |950.31|14-Nov-2017|1|4|A|10|0.0|190.06|0|4|0.0|0.0|0|0|0|0|0|0|0|0|0|0|0|0|0|||||14-Nov-2017|951.0|0|0||Z733|Z733|N|G309|Y|Z653|Y|N1830|Y|R801|Y|N182|N|R801|Y|G43719|Y|E785|Y|N181|N|E1121|Y|E781|Y|R931|Y|E119|Y|I259|Y|E8881|Y|E669|Y|R7303|Y|D649|Y|P292|N|Z560|Y|R4689|N|||||||||| | | | | | | | | | | | | | | | | | | | | | |Z741|14-Nov-2017|Z9181|14-Nov-2017|Z139|14-Nov-2017|Z1331|14-Nov-2017|Z1331|14-Nov-2017|F1990|14-Nov-2017|Z715|14-Nov-2017|||||||||||||||||||||||||||||||||||||0|0||6|450|99408|3.0|2017-11-15T00:00:00|hospital_B|hospital_B_20171114
SYN_BENE_C0AF95C3C975|SYN_CLM_1A3B7C96B912|V|60|14-Nov-2017|14-Nov-2017|17-Nov-2017||3|491581|1|1|1|| |950.31|0.0| ||49|1063523132| |9999868992| |9999868992|||0|1| |950.31|14-Nov-2017|1|4|A|10|0.0|190.06|0|4|0.0|0.0|0|0|0|0|0|0|0|0|0|0|0|0|0|||||14-Nov-2017|951.0|0|0||Z733|Z733|N|G309|Y|Z653|Y|N1830|Y|R801|Y|N182|N|R801|Y|G43719|Y|E785|Y|N181|N|E1121|Y|E781|Y|R931|Y|E119|Y|I259|Y|E8881|Y|E669|Y|R7303|Y|D649|Y|P292|N|Z560|Y|R4689|N|||||||||| | | | | | | | | | | | | | | | | | | | | | |Z741|14-Nov-2017|Z9181|14-Nov-2017|Z139|14-Nov-2017|Z1331|14-Nov-2017|Z1331|14-Nov-2017|F1990|14-Nov-2017|Z715|14-Nov-2017|||||||||||||||||||||||||||||||||||||0|0||7|450|99408|3.0|2017-11-15T00:00:00|hospital_B|hospital_B_20171114
SYN_BENE_7396436B69D6|SYN_CLM_F448D33E062D|V|60|14-Nov-2017|14-Nov-2017|17-Nov-2017||3|491581|1|1|1|| |950.31|0.0| ||49|1063523132| |9999868992| |9999868992|||0|1| |950.31|14-Nov-2017|1|4|A|10|0.0|190.06|0|4|0.0|0.0|0|0|0|0|0|0|0|0|0|0|0|0|0|||||14-Nov-2017|951.0|0|0||Z733|Z733|N|G309|Y|Z653|Y|N1830|Y|R801|Y|N182|N|R801|Y|G43719|Y|E785|Y|N181|N|E1121|Y|E781|Y|R931|Y|E119|Y|I259|Y|E8881|Y|E669|Y|R7303|Y|D649|Y|P292|N|Z560|Y|R4689|N|||||||||| | | | | | | | | | | | | | | | | | | | | | |Z741|14-Nov-2017|Z9181|14-Nov-2017|Z139|14-Nov-2017|Z1331|14-Nov-2017|Z1331|14-Nov-2017|F1990|14-Nov-2017|Z715|14-Nov-2017|||||||||||||||||||||||||||||||||||||0|0||1|450|96156|3.0|2017-11-15T00:00:00|hospital_B|hospital_B_20171114
SYN_BENE_7396436B69D6|SYN_CLM_F448D33E062D|V|60|14-Nov-2017|14-Nov-2017|17-Nov-2017||3|491581|1|1|1|| |950.31|0.0| ||49|1063523132| |9999868992| |9999868992|||0|1| |950.31|14-Nov-2017|1|4|A|10|0.0|190.06|0|4|0.0|0.0|0|0|0|0|0|0|0|0|0|0|0|0|0|||||14-Nov-2017|951.0|0|0||Z733|Z733|N|G309|Y|Z653|Y|N1830|Y|R801|Y|N182|N|R801|Y|G43719|Y|E785|Y|N181|N|E1121|Y|E781|Y|R931|Y|E119|Y|I259|Y|E8881|Y|E669|Y|R7303|Y|D649|Y|P292|N|Z560|Y|R4689|N|||||||||| | | | | | | | | | | | | | | | | | | | | | |Z741|14-Nov-2017|Z9181|14-Nov-2017|Z139|14-Nov-2017|Z1331|14-Nov-2017|Z1331|14-Nov-2017|F1990|14-Nov-2017|Z715|14-Nov-2017|||||||||||||||||||||||||||||||||||||0|0||2|450|M1069|3.0|2017-11-15T00:00:00|hospital_B|hospital_B_20171114
SYN_BENE_7396436B69D6|SYN_CLM_F448D33E062D|V|60|14-Nov-2017|14-Nov-2017|17-Nov-2017||3|491581|1|1|1|| |950.31|0.0| ||49|1063523132| |9999868992| |9999868992|||0|1| |950.31|14-Nov-2017|1|4|A|10|0.0|190.06|0|4|0.0|0.0|0|0|0|0|0|0|0|0|0|0|0|0|0|||||14-Nov-2017|951.0|0|0||Z733|Z733|N|G309|Y|Z653|Y|N1830|Y|R801|Y|N182|N|R801|Y|G43719|Y|E785|Y|N181|N|E1121|Y|E781|Y|R931|Y|E119|Y|I259|Y|E8881|Y|E669|Y|R7303|Y|D649|Y|P292|N|Z560|Y|R4689|N|||||||||| | | | | | | | | | | | | | | | | | | | | | |Z741|14-Nov-2017|Z9181|14-Nov-2017|Z139|14-Nov-2017|Z1331|14-Nov-2017|Z1331|14-Nov-2017|F1990|14-Nov-2017|Z715|14-Nov-2017|||||||||||||||||||||||||||||||||||||0|0||3|450|99401|3.0|2017-11-15T00:00:00|hospital_B|hospital_B_20171114
SYN_BENE_7396436B69D6|SYN_CLM_F448D33E062D|V|60|14-Nov-2017|14-Nov-2017|17-Nov-2017||3|491581|1|1|1|| |950.31|0.0| ||49|1063523132| |9999868992| |9999868992|||0|1| |950.31|14-Nov-2017|1|4|A|10|0.0|190.06|0|4|0.0|0.0|0|0|0|0|0|0|0|0|0|0|0|0|0|||||14-Nov-2017|951.0|0|0||Z733|Z733|N|G309|Y|Z653|Y|N1830|Y|R801|Y|N182|N|R801|Y|G43719|Y|E785|Y|N181|N|E1121|Y|E781|Y|R931|Y|E119|Y|I259|Y|E8881|Y|E669|Y|R7303|Y|D649|Y|P292|N|Z560|Y|R4689|N|||||||||| | | | | | | | | | | | | | | | | | | | | | |Z741|14-Nov-2017|Z9181|14-Nov-2017|Z139|14-Nov-2017|Z1331|14-Nov-2017|Z1331|14-Nov-2017|F1990|14-Nov-2017|Z715|14-Nov-2017|||||||||||||||||||||||||||||||||||||0|0||4|450|G0444|3.0|2017-11-15T00:00:00|hospital_B|hospital_B_20171114
SYN_BENE_7396436B69D6|SYN_CLM_F448D33E062D|V|60|14-Nov-2017|14-Nov-2017|17-Nov-2017||3|491581|1|1|1|| |950.31|0.0| ||49|1063523132| |9999868992| |9999868992|||0|1| |950.31|14-Nov-2017|1|4|A|10|0.0|190.06|0|4|0.0|0.0|0|0|0|0|0|0|0|0|0|0|0|0|0|||||14-Nov-2017|951.0|0|0||Z733|Z733|N|G309|Y|Z653|Y|N1830|Y|R801|Y|N182|N|R801|Y|G43719|Y|E785|Y|N181|N|E1121|Y|E781|Y|R931|Y|E119|Y|I259|Y|E8881|Y|E669|Y|R7303|Y|D649|Y|P292|N|Z560|Y|R4689|N|||||||||| | | | | | | | | | | | | | | | | | | | | | |Z741|14-Nov-2017|Z9181|14-Nov-2017|Z139|14-Nov-2017|Z1331|14-Nov-2017|Z1331|14-Nov-2017|F1990|14-Nov-2017|Z715|14-Nov-2017|||||||||||||||||||||||||||||||||||||0|0||5|450|G0444|3.0|2017-11-15T00:00:00|hospital_B|hospital_B_20171114
SYN_BENE_7396436B69D6|SYN_CLM_F448D33E062D|V|60|14-Nov-2017|14-Nov-2017|17-Nov-2017||3|491581|1|1|1|| |950.31|0.0| ||49|1063523132| |9999868992| |9999868992|||0|1| |950.31|14-Nov-2017|1|4|A|10|0.0|190.06|0|4|0.0|0.0|0|0|0|0|0|0|0|0|0|0|0|0|0|||||14-Nov-2017|951.0|0|0||Z733|Z733|N|G309|Y|Z653|Y|N1830|Y|R801|Y|N182|N|R801|Y|G43719|Y|E785|Y|N181|N|E1121|Y|E781|Y|R931|Y|E119|Y|I259|Y|E8881|Y|E669|Y|R7303|Y|D649|Y|P292|N|Z560|Y|R4689|N|||||||||| | | | | | | | | | | | | | | | | | | | | | |Z741|14-Nov-2017|Z9181|14-Nov-2017|Z139|14-Nov-2017|Z1331|14-Nov-2017|Z1331|14-Nov-2017|F1990|14-Nov-2017|Z715|14-Nov-2017|||||||||||||||||||||||||||||||||||||0|0||6|450|99408|3.0|2017-11-15T00:00:00|hospital_B|hospital_B_20171114
SYN_BENE_7396436B69D6|SYN_CLM_F448D33E062D|V|60|14-Nov-2017|14-Nov-2017|17-Nov-2017||3|491581|1|1|1|| |950.31|0.0| ||49|1063523132| |9999868992| |9999868992|||0|1| |950.31|14-Nov-2017|1|4|A|10|0.0|190.06|0|4|0.0|0.0|0|0|0|0|0|0|0|0|0|0|0|0|0|||||14-Nov-2017|951.0|0|0||Z733|Z733|N|G309|Y|Z653|Y|N1830|Y|R801|Y|N182|N|R801|Y|G43719|Y|E785|Y|N181|N|E1121|Y|E781|Y|R931|Y|E119|Y|I259|Y|E8881|Y|E669|Y|R7303|Y|D649|Y|P292|N|Z560|Y|R4689|N|||||||||| | | | | | | | | | | | | | | | | | | | | | |Z741|14-Nov-2017|Z9181|14-Nov-2017|Z139|14-Nov-2017|Z1331|14-Nov-2017|Z1331|14-Nov-2017|F1990|14-Nov-2017|Z715|14-Nov-2017|||||||||||||||||||||||||||||||||||||0|0||7|450|99408|3.0|2017-11-15T00:00:00|hospital_B|hospital_B_20171114
SYN_BENE_1F35D16B9C4E|SYN_CLM_10BB76266CC4|V|60|14-Nov-2017|14-Nov-2017|17-Nov-2017||3|491581|1|1|1|| |950.31|0.0| ||49|1063523132| |9999868992| |9999868992|||0|1| |950.31|14-Nov-2017|1|4|A|10|0.0|190.06|0|4|0.0|0.0|0|0|0|0|0|0|0|0|0|0|0|0|0|||||14-Nov-2017|951.0|0|0||Z733|Z733|N|G309|Y|Z653|Y|N1830|Y|R801|Y|N182|N|R801|Y|G43719|Y|E785|Y|N181|N|E1121|Y|E781|Y|R931|Y|E119|Y|I259|Y|E8881|Y|E669|Y|R7303|Y|D649|Y|P292|N|Z560|Y|R4689|N|||||||||| | | | | | | | | | | | | | | | | | | | | | |Z741|14-Nov-2017|Z9181|14-Nov-2017|Z139|14-Nov-2017|Z1331|14-Nov-2017|Z1331|14-Nov-2017|F1990|14-Nov-2017|Z715|14-Nov-2017|||||||||||||||||||||||||||||||||||||0|0||1|450|96156|3.0|2017-11-15T00:00:00|hospital_B|hospital_B_20171114
SYN_BENE_1F35D16B9C4E|SYN_CLM_10BB76266CC4|V|60|14-Nov-2017|14-Nov-2017|17-Nov-2017||3|491581|1|1|1|| |950.31|0.0| ||49|1063523132| |9999868992| |9999868992|||0|1| |950.31|14-Nov-2017|1|4|A|10|0.0|190.06|0|4|0.0|0.0|0|0|0|0|0|0|0|0|0|0|0|0|0|||||14-Nov-2017|951.0|0|0||Z733|Z733|N|G309|Y|Z653|Y|N1830|Y|R801|Y|N182|N|R801|Y|G43719|Y|E785|Y|N181|N|E1121|Y|E781|Y|R931|Y|E119|Y|I259|Y|E8881|Y|E669|Y|R7303|Y|D649|Y|P292|N|Z560|Y|R4689|N|||||||||| | | | | | | | | | | | | | | | | | | | | | |Z741|14-Nov-2017|Z9181|14-Nov-2017|Z139|14-Nov-2017|Z1331|14-Nov-2017|Z1331|14-Nov-2017|F1990|14-Nov-2017|Z715|14-Nov-2017|||||||||||||||||||||||||||||||||||||0|0||2|450|M1069|3.0|2017-11-15T00:00:00|hospital_B|hospital_B_20171114
SYN_BENE_1F35D16B9C4E|SYN_CLM_10BB76266CC4|V|60|14-Nov-2017|14-Nov-2017|17-Nov-2017||3|491581|1|1|1|| |950.31|0.0| ||49|1063523132| |9999868992| |9999868992|||0|1| |950.31|14-Nov-2017|1|4|A|10|0.0|190.06|0|4|0.0|0.0|0|0|0|0|0|0|0|0|0|0|0|0|0|||||14-Nov-2017|951.0|0|0||Z733|Z733|N|G309|Y|Z653|Y|N1830|Y|R801|Y|N182|N|R801|Y|G43719|Y|E785|Y|N181|N|E1121|Y|E781|Y|R931|Y|E119|Y|I259|Y|E8881|Y|E669|Y|R7303|Y|D649|Y|P292|N|Z560|Y|R4689|N|||||||||| | | | | | | | | | | | | | | | | | | | | | |Z741|14-Nov-2017|Z9181|14-Nov-2017|Z139|14-Nov-2017|Z1331|14-Nov-2017|Z1331|14-Nov-2017|F1990|14-Nov-2017|Z715|14-Nov-2017|||||||||||||||||||||||||||||||||||||0|0||3|450|99401|3.0|2017-11-15T00:00:00|hospital_B|hospital_B_20171114
SYN_BENE_1F35D16B9C4E|SYN_CLM_10BB76266CC4|V|60|14-Nov-2017|14-Nov-2017|17-Nov-2017||3|491581|1|1|1|| |950.31|0.0| ||49|1063523132| |9999868992| |9999868992|||0|1| |950.31|14-Nov-2017|1|4|A|10|0.0|190.06|0|4|0.0|0.0|0|0|0|0|0|0|0|0|0|0|0|0|0|||||14-Nov-2017|951.0|0|0||Z733|Z733|N|G309|Y|Z653|Y|N1830|Y|R801|Y|N182|N|R801|Y|G43719|Y|E785|Y|N181|N|E1121|Y|E781|Y|R931|Y|E119|Y|I259|Y|E8881|Y|E669|Y|R7303|Y|D649|Y|P292|N|Z560|Y|R4689|N|||||||||| | | | | | | | | | | | | | | | | | | | | | |Z741|14-Nov-2017|Z9181|14-Nov-2017|Z139|14-Nov-2017|Z1331|14-Nov-2017|Z1331|14-Nov-2017|F1990|14-Nov-2017|Z715|14-Nov-2017|||||||||||||||||||||||||||||||||||||0|0||4|450|G0444|3.0|2017-11-15T00:00:00|hospital_B|hospital_B_20171114
SYN_BENE_1F35D16B9C4E|SYN_CLM_10BB76266CC4|V|60|14-Nov-2017|14-Nov-2017|17-Nov-2017||3|491581|1|1|1|| |950.31|0.0| ||49|1063523132| |9999868992| |9999868992|||0|1| |950.31|14-Nov-2017|1|4|A|10|0.0|190.06|0|4|0.0|0.0|0|0|0|0|0|0|0|0|0|0|0|0|0|||||14-Nov-2017|951.0|0|0||Z733|Z733|N|G309|Y|Z653|Y|N1830|Y|R801|Y|N182|N|R801|Y|G43719|Y|E785|Y|N181|N|E1121|Y|E781|Y|R931|Y|E119|Y|I259|Y|E8881|Y|E669|Y|R7303|Y|D649|Y|P292|N|Z560|Y|R4689|N|||||||||| | | | | | | | | | | | | | | | | | | | | | |Z741|14-Nov-2017|Z9181|14-Nov-2017|Z139|14-Nov-2017|Z1331|14-Nov-2017|Z1331|14-Nov-2017|F1990|14-Nov-2017|Z715|14-Nov-2017|||||||||||||||||||||||||||||||||||||0|0||5|450|G0444|3.0|2017-11-15T00:00:00|hospital_B|hospital_B_20171114
SYN_BENE_1F35D16B9C4E|SYN_CLM_10BB76266CC4|V|60|14-Nov-2017|14-Nov-2017|17-Nov-2017||3|491581|1|1|1|| |950.31|0.0| ||49|1063523132| |9999868992| |9999868992|||0|1| |950.31|14-Nov-2017|1|4|A|10|0.0|190.06|0|4|0.0|0.0|0|0|0|0|0|0|0|0|0|0|0|0|0|||||14-Nov-2017|951.0|0|0||Z733|Z733|N|G309|Y|Z653|Y|N1830|Y|R801|Y|N182|N|R801|Y|G43719|Y|E785|Y|N181|N|E1121|Y|E781|Y|R931|Y|E119|Y|I259|Y|E8881|Y|E669|Y|R7303|Y|D649|Y|P292|N|Z560|Y|R4689|N|||||||||| | | | | | | | | | | | | | | | | | | | | | |Z741|14-Nov-2017|Z9181|14-Nov-2017|Z139|14-Nov-2017|Z1331|14-Nov-2017|Z1331|14-Nov-2017|F1990|14-Nov-2017|Z715|14-Nov-2017|||||||||||||||||||||||||||||||||||||0|0||6|450|99408|3.0|2017-11-15T00:00:00|hospital_B|hospital_B_20171114
SYN_BENE_1F35D16B9C4E|SYN_CLM_10BB76266CC4|V|60|14-Nov-2017|14-Nov-2017|17-Nov-2017||3|491581|1|1|1|| |950.31|0.0| ||49|1063523132| |9999868992| |9999868992|||0|1| |950.31|14-Nov-2017|1|4|A|10|0.0|190.06|0|4|0.0|0.0|0|0|0|0|0|0|0|0|0|0|0|0|0|||||14-Nov-2017|951.0|0|0||Z733|Z733|N|G309|Y|Z653|Y|N1830|Y|R801|Y|N182|N|R801|Y|G43719|Y|E785|Y|N181|N|E1121|Y|E781|Y|R931|Y|E119|Y|I259|Y|E8881|Y|E669|Y|R7303|Y|D649|Y|P292|N|Z560|Y|R4689|N|||||||||| | | | | | | | | | | | | | | | | | | | | | |Z741|14-Nov-2017|Z9181|14-Nov-2017|Z139|14-Nov-2017|Z1331|14-Nov-2017|Z1331|14-Nov-2017|F1990|14-Nov-2017|Z715|14-Nov-2017|||||||||||||||||||||||||||||||||||||0|0||7|450|99408|3.0|2017-11-15T00:00:00|hospital_B|hospital_B_20171114
SYN_BENE_81A74889B686|SYN_CLM_893689A0709F|V|60|14-Nov-2017|14-Nov-2017|17-Nov-2017||3|491581|1|1|1|| |950.31|0.0| ||49|1063523132| |9999868992| |9999868992|||0|1| |950.31|14-Nov-2017|1|4|A|10|0.0|190.06|0|4|0.0|0.0|0|0|0|0|0|0|0|0|0|0|0|0|0|||||14-Nov-2017|951.0|0|0||Z733|Z733|N|G309|Y|Z653|Y|N1830|Y|R801|Y|N182|N|R801|Y|G43719|Y|E785|Y|N181|N|E1121|Y|E781|Y|R931|Y|E119|Y|I259|Y|E8881|Y|E669|Y|R7303|Y|D649|Y|P292|N|Z560|Y|R4689|N|||||||||| | | | | | | | | | | | | | | | | | | | | | |Z741|14-Nov-2017|Z9181|14-Nov-2017|Z139|14-Nov-2017|Z1331|14-Nov-2017|Z1331|14-Nov-2017|F1990|14-Nov-2017|Z715|14-Nov-2017|||||||||||||||||||||||||||||||||||||0|0||1|450|96156|3.0|2017-11-15T00:00:00|hospital_B|hospital_B_20171114
SYN_BENE_81A74889B686|SYN_CLM_893689A0709F|V|60|14-Nov-2017|14-Nov-2017|17-Nov-2017||3|491581|1|1|1|| |950.31|0.0| ||49|1063523132| |9999868992| |9999868992|||0|1| |950.31|14-Nov-2017|1|4|A|10|0.0|190.06|0|4|0.0|0.0|0|0|0|0|0|0|0|0|0|0|0|0|0|||||14-Nov-2017|951.0|0|0||Z733|Z733|N|G309|Y|Z653|Y|N1830|Y|R801|Y|N182|N|R801|Y|G43719|Y|E785|Y|N181|N|E1121|Y|E781|Y|R931|Y|E119|Y|I259|Y|E8881|Y|E669|Y|R7303|Y|D649|Y|P292|N|Z560|Y|R4689|N|||||||||| | | | | | | | | | | | | | | | | | | | | | |Z741|14-Nov-2017|Z9181|14-Nov-2017|Z139|14-Nov-2017|Z1331|14-Nov-2017|Z1331|14-Nov-2017|F1990|14-Nov-2017|Z715|14-Nov-2017|||||||||||||||||||||||||||||||||||||0|0||2|450|M1069|3.0|2017-11-15T00:00:00|hospital_B|hospital_B_20171114
SYN_BENE_81A74889B686|SYN_CLM_893689A0709F|V|60|14-Nov-2017|14-Nov-2017|17-Nov-2017||3|491581|1|1|1|| |950.31|0.0| ||49|1063523132| |9999868992| |9999868992|||0|1| |950.31|14-Nov-2017|1|4|A|10|0.0|190.06|0|4|0.0|0.0|0|0|0|0|0|0|0|0|0|0|0|0|0|||||14-Nov-2017|951.0|0|0||Z733|Z733|N|G309|Y|Z653|Y|N1830|Y|R801|Y|N182|N|R801|Y|G43719|Y|E785|Y|N181|N|E1121|Y|E781|Y|R931|Y|E119|Y|I259|Y|E8881|Y|E669|Y|R7303|Y|D649|Y|P292|N|Z560|Y|R4689|N|||||||||| | | | | | | | | | | | | | | | | | | | | | |Z741|14-Nov-2017|Z9181|14-Nov-2017|Z139|14-Nov-2017|Z1331|14-Nov-2017|Z1331|14-Nov-2017|F1990|14-Nov-2017|Z715|14-Nov-2017|||||||||||||||||||||||||||||||||||||0|0||3|450|99401|3.0|2017-11-15T00:00:00|hospital_B|hospital_B_20171114
SYN_BENE_81A74889B686|SYN_CLM_893689A0709F|V|60|14-Nov-2017|14-Nov-2017|17-Nov-2017||3|491581|1|1|1|| |950.31|0.0| ||49|1063523132| |9999868992| |9999868992|||0|1| |950.31|14-Nov-2017|1|4|A|10|0.0|190.06|0|4|0.0|0.0|0|0|0|0|0|0|0|0|0|0|0|0|0|||||14-Nov-2017|951.0|0|0||Z733|Z733|N|G309|Y|Z653|Y|N1830|Y|R801|Y|N182|N|R801|Y|G43719|Y|E785|Y|N181|N|E1121|Y|E781|Y|R931|Y|E119|Y|I259|Y|E8881|Y|E669|Y|R7303|Y|D649|Y|P292|N|Z560|Y|R4689|N|||||||||| | | | | | | | | | | | | | | | | | | | | | |Z741|14-Nov-2017|Z9181|14-Nov-2017|Z139|14-Nov-2017|Z1331|14-Nov-2017|Z1331|14-Nov-2017|F1990|14-Nov-2017|Z715|14-Nov-2017|||||||||||||||||||||||||||||||||||||0|0||4|450|G0444|3.0|2017-11-15T00:00:00|hospital_B|hospital_B_20171114
SYN_BENE_81A74889B686|SYN_CLM_893689A0709F|V|60|14-Nov-2017|14-Nov-2017|17-Nov-2017||3|491581|1|1|1|| |950.31|0.0| ||49|1063523132| |9999868992| |9999868992|||0|1| |950.31|14-Nov-2017|1|4|A|10|0.0|190.06|0|4|0.0|0.0|0|0|0|0|0|0|0|0|0|0|0|0|0|||||14-Nov-2017|951.0|0|0||Z733|Z733|N|G309|Y|Z653|Y|N1830|Y|R801|Y|N182|N|R801|Y|G43719|Y|E785|Y|N181|N|E1121|Y|E781|Y|R931|Y|E119|Y|I259|Y|E8881|Y|E669|Y|R7303|Y|D649|Y|P292|N|Z560|Y|R4689|N|||||||||| | | | | | | | | | | | | | | | | | | | | | |Z741|14-Nov-2017|Z9181|14-Nov-2017|Z139|14-Nov-2017|Z1331|14-Nov-2017|Z1331|14-Nov-2017|F1990|14-Nov-2017|Z715|14-Nov-2017|||||||||||||||||||||||||||||||||||||0|0||5|450|G0444|3.0|2017-11-15T00:00:00|hospital_B|hospital_B_20171114
SYN_BENE_81A74889B686|SYN_CLM_893689A0709F|V|60|14-Nov-2017|14-Nov-2017|17-Nov-2017||3|491581|1|1|1|| |950.31|0.0| ||49|1063523132| |9999868992| |9999868992|||0|1| |950.31|14-Nov-2017|1|4|A|10|0.0|190.06|0|4|0.0|0.0|0|0|0|0|0|0|0|0|0|0|0|0|0|||||14-Nov-2017|951.0|0|0||Z733|Z733|N|G309|Y|Z653|Y|N1830|Y|R801|Y|N182|N|R801|Y|G43719|Y|E785|Y|N181|N|E1121|Y|E781|Y|R931|Y|E119|Y|I259|Y|E8881|Y|E669|Y|R7303|Y|D649|Y|P292|N|Z560|Y|R4689|N|||||||||| | | | | | | | | | | | | | | | | | | | | | |Z741|14-Nov-2017|Z9181|14-Nov-2017|Z139|14-Nov-2017|Z1331|14-Nov-2017|Z1331|14-Nov-2017|F1990|14-Nov-2017|Z715|14-Nov-2017|||||||||||||||||||||||||||||||||||||0|0||6|450|99408|3.0|2017-11-15T00:00:00|hospital_B|hospital_B_20171114
SYN_BENE_81A74889B686|SYN_CLM_893689A0709F|V|60|14-Nov-2017|14-Nov-2017|17-Nov-2017||3|491581|1|1|1|| |950.31|0.0| ||49|1063523132| |9999868992| |9999868992|||0|1| |950.31|14-Nov-2017|1|4|A|10|0.0|190.06|0|4|0.0|0.0|0|0|0|0|0|0|0|0|0|0|0|0|0|||||14-Nov-2017|951.0|0|0||Z733|Z733|N|G309|Y|Z653|Y|N1830|Y|R801|Y|N182|N|R801|Y|G43719|Y|E785|Y|N181|N|E1121|Y|E781|Y|R931|Y|E119|Y|I259|Y|E8881|Y|E669|Y|R7303|Y|D649|Y|P292|N|Z560|Y|R4689|N|||||||||| | | | | | | | | | | | | | | | | | | | | | |Z741|14-Nov-2017|Z9181|14-Nov-2017|Z139|14-Nov-2017|Z1331|14-Nov-2017|Z1331|14-Nov-2017|F1990|14-Nov-2017|Z715|14-Nov-2017|||||||||||||||||||||||||||||||||||||0|0||7|450|99408|3.0|2017-11-15T00:00:00|hospital_B|hospital_B_20171114
SYN_BENE_9EDCF5F72EC1|SYN_CLM_CB2D51C672EC|V|60|14-Nov-2017|14-Nov-2017|17-Nov-2017||3|491581|1|1|1|| |950.31|0.0| ||49|1063523132| |9999868992| |9999868992|||0|1| |950.31|14-Nov-2017|1|4|A|10|0.0|190.06|0|4|0.0|0.0|0|0|0|0|0|0|0|0|0|0|0|0|0|||||14-Nov-2017|951.0|0|0||Z733|Z733|N|G309|Y|Z653|Y|N1830|Y|R801|Y|N182|N|R801|Y|G43719|Y|E785|Y|N181|N|E1121|Y|E781|Y|R931|Y|E119|Y|I259|Y|E8881|Y|E669|Y|R7303|Y|D649|Y|P292|N|Z560|Y|R4689|N|||||||||| | | | | | | | | | | | | | | | | | | | | | |Z741|14-Nov-2017|Z9181|14-Nov-2017|Z139|14-Nov-2017|Z1331|14-Nov-2017|Z1331|14-Nov-2017|F1990|14-Nov-2017|Z715|14-Nov-2017|||||||||||||||||||||||||||||||||||||0|0||1|450|96156|3.0|2017-11-15T00:00:00|hospital_B|hospital_B_20171114
SYN_BENE_9EDCF5F72EC1|SYN_CLM_CB2D51C672EC|V|60|14-Nov-2017|14-Nov-2017|17-Nov-2017||3|491581|1|1|1|| |950.31|0.0| ||49|1063523132| |9999868992| |9999868992|||0|1| |950.31|14-Nov-2017|1|4|A|10|0.0|190.06|0|4|0.0|0.0|0|0|0|0|0|0|0|0|0|0|0|0|0|||||14-Nov-2017|951.0|0|0||Z733|Z733|N|G309|Y|Z653|Y|N1830|Y|R801|Y|N182|N|R801|Y|G43719|Y|E785|Y|N181|N|E1121|Y|E781|Y|R931|Y|E119|Y|I259|Y|E8881|Y|E669|Y|R7303|Y|D649|Y|P292|N|Z560|Y|R4689|N|||||||||| | | | | | | | | | | | | | | | | | | | | | |Z741|14-Nov-2017|Z9181|14-Nov-2017|Z139|14-Nov-2017|Z1331|14-Nov-2017|Z1331|14-Nov-2017|F1990|14-Nov-2017|Z715|14-Nov-2017|||||||||||||||||||||||||||||||||||||0|0||2|450|M1069|3.0|2017-11-15T00:00:00|hospital_B|hospital_B_20171114
SYN_BENE_9EDCF5F72EC1|SYN_CLM_CB2D51C672EC|V|60|14-Nov-2017|14-Nov-2017|17-Nov-2017||3|491581|1|1|1|| |950.31|0.0| ||49|1063523132| |9999868992| |9999868992|||0|1| |950.31|14-Nov-2017|1|4|A|10|0.0|190.06|0|4|0.0|0.0|0|0|0|0|0|0|0|0|0|0|0|0|0|||||14-Nov-2017|951.0|0|0||Z733|Z733|N|G309|Y|Z653|Y|N1830|Y|R801|Y|N182|N|R801|Y|G43719|Y|E785|Y|N181|N|E1121|Y|E781|Y|R931|Y|E119|Y|I259|Y|E8881|Y|E669|Y|R7303|Y|D649|Y|P292|N|Z560|Y|R4689|N|||||||||| | | | | | | | | | | | | | | | | | | | | | |Z741|14-Nov-2017|Z9181|14-Nov-2017|Z139|14-Nov-2017|Z1331|14-Nov-2017|Z1331|14-Nov-2017|F1990|14-Nov-2017|Z715|14-Nov-2017|||||||||||||||||||||||||||||||||||||0|0||3|450|99401|3.0|2017-11-15T00:00:00|hospital_B|hospital_B_20171114
SYN_BENE_9EDCF5F72EC1|SYN_CLM_CB2D51C672EC|V|60|14-Nov-2017|14-Nov-2017|17-Nov-2017||3|491581|1|1|1|| |950.31|0.0| ||49|1063523132| |9999868992| |9999868992|||0|1| |950.31|14-Nov-2017|1|4|A|10|0.0|190.06|0|4|0.0|0.0|0|0|0|0|0|0|0|0|0|0|0|0|0|||||14-Nov-2017|951.0|0|0||Z733|Z733|N|G309|Y|Z653|Y|N1830|Y|R801|Y|N182|N|R801|Y|G43719|Y|E785|Y|N181|N|E1121|Y|E781|Y|R931|Y|E119|Y|I259|Y|E8881|Y|E669|Y|R7303|Y|D649|Y|P292|N|Z560|Y|R4689|N|||||||||| | | | | | | | | | | | | | | | | | | | | | |Z741|14-Nov-2017|Z9181|14-Nov-2017|Z139|14-Nov-2017|Z1331|14-Nov-2017|Z1331|14-Nov-2017|F1990|14-Nov-2017|Z715|14-Nov-2017|||||||||||||||||||||||||||||||||||||0|0||4|450|G0444|3.0|2017-11-15T00:00:00|hospital_B|hospital_B_20171114
SYN_BENE_9EDCF5F72EC1|SYN_CLM_CB2D51C672EC|V|60|14-Nov-2017|14-Nov-2017|17-Nov-2017||3|491581|1|1|1|| |950.31|0.0| ||49|1063523132| |9999868992| |9999868992|||0|1| |950.31|14-Nov-2017|1|4|A|10|0.0|190.06|0|4|0.0|0.0|0|0|0|0|0|0|0|0|0|0|0|0|0|||||14-Nov-2017|951.0|0|0||Z733|Z733|N|G309|Y|Z653|Y|N1830|Y|R801|Y|N182|N|R801|Y|G43719|Y|E785|Y|N181|N|E1121|Y|E781|Y|R931|Y|E119|Y|I259|Y|E8881|Y|E669|Y|R7303|Y|D649|Y|P292|N|Z560|Y|R4689|N|||||||||| | | | | | | | | | | | | | | | | | | | | | |Z741|14-Nov-2017|Z9181|14-Nov-2017|Z139|14-Nov-2017|Z1331|14-Nov-2017|Z1331|14-Nov-2017|F1990|14-Nov-2017|Z715|14-Nov-2017|||||||||||||||||||||||||||||||||||||0|0||5|450|G0444|3.0|2017-11-15T00:00:00|hospital_B|hospital_B_20171114
SYN_BENE_9EDCF5F72EC1|SYN_CLM_CB2D51C672EC|V|60|14-Nov-2017|14-Nov-2017|17-Nov-2017||3|491581|1|1|1|| |950.31|0.0| ||49|1063523132| |9999868992| |9999868992|||0|1| |950.31|14-Nov-2017|1|4|A|10|0.0|190.06|0|4|0.0|0.0|0|0|0|0|0|0|0|0|0|0|0|0|0|||||14-Nov-2017|951.0|0|0||Z733|Z733|N|G309|Y|Z653|Y|N1830|Y|R801|Y|N182|N|R801|Y|G43719|Y|E785|Y|N181|N|E1121|Y|E781|Y|R931|Y|E119|Y|I259|Y|E8881|Y|E669|Y|R7303|Y|D649|Y|P292|N|Z560|Y|R4689|N|||||||||| | | | | | | | | | | | | | | | | | | | | | |Z741|14-Nov-2017|Z9181|14-Nov-2017|Z139|14-Nov-2017|Z1331|14-Nov-2017|Z1331|14-Nov-2017|F1990|14-Nov-2017|Z715|14-Nov-2017|||||||||||||||||||||||||||||||||||||0|0||6|450|99408|3.0|2017-11-15T00:00:00|hospital_B|hospital_B_20171114
SYN_BENE_9EDCF5F72EC1|SYN_CLM_CB2D51C672EC|V|60|14-Nov-2017|14-Nov-2017|17-Nov-2017||3|491581|1|1|1|| |950.31|0.0| ||49|1063523132| |9999868992| |9999868992|||0|1| |950.31|14-Nov-2017|1|4|A|10|0.0|190.06|0|4|0.0|0.0|0|0|0|0|0|0|0|0|0|0|0|0|0|||||14-Nov-2017|951.0|0|0||Z733|Z733|N|G309|Y|Z653|Y|N1830|Y|R801|Y|N182|N|R801|Y|G43719|Y|E785|Y|N181|N|E1121|Y|E781|Y|R931|Y|E119|Y|I259|Y|E8881|Y|E669|Y|R7303|Y|D649|Y|P292|N|Z560|Y|R4689|N|||||||||| | | | | | | | | | | | | | | | | | | | | | |Z741|14-Nov-2017|Z9181|14-Nov-2017|Z139|14-Nov-2017|Z1331|14-Nov-2017|Z1331|14-Nov-2017|F1990|14-Nov-2017|Z715|14-Nov-2017|||||||||||||||||||||||||||||||||||||0|0||7|450|99408|3.0|2017-11-15T00:00:00|hospital_B|hospital_B_20171114
SYN_BENE_7BB949558762|SYN_CLM_841C7450BD19|V|60|14-Nov-2017|14-Nov-2017|17-Nov-2017||3|491581|1|1|1|| |950.31|0.0| ||49|1063523132| |9999868992| |9999868992|||0|1| |950.31|14-Nov-2017|1|4|A|10|0.0|190.06|0|4|0.0|0.0|0|0|0|0|0|0|0|0|0|0|0|0|0|||||14-Nov-2017|951.0|0|0||Z733|Z733|N|G309|Y|Z653|Y|N1830|Y|R801|Y|N182|N|R801|Y|G43719|Y|E785|Y|N181|N|E1121|Y|E781|Y|R931|Y|E119|Y|I259|Y|E8881|Y|E669|Y|R7303|Y|D649|Y|P292|N|Z560|Y|R4689|N|||||||||| | | | | | | | | | | | | | | | | | | | | | |Z741|14-Nov-2017|Z9181|14-Nov-2017|Z139|14-Nov-2017|Z1331|14-Nov-2017|Z1331|14-Nov-2017|F1990|14-Nov-2017|Z715|14-Nov-2017|||||||||||||||||||||||||||||||||||||0|0||1|450|96156|3.0|2017-11-15T00:00:00|hospital_B|hospital_B_20171114
SYN_BENE_7BB949558762|SYN_CLM_841C7450BD19|V|60|14-Nov-2017|14-Nov-2017|17-Nov-2017||3|491581|1|1|1|| |950.31|0.0| ||49|1063523132| |9999868992| |9999868992|||0|1| |950.31|14-Nov-2017|1|4|A|10|0.0|190.06|0|4|0.0|0.0|0|0|0|0|0|0|0|0|0|0|0|0|0|||||14-Nov-2017|951.0|0|0||Z733|Z733|N|G309|Y|Z653|Y|N1830|Y|R801|Y|N182|N|R801|Y|G43719|Y|E785|Y|N181|N|E1121|Y|E781|Y|R931|Y|E119|Y|I259|Y|E8881|Y|E669|Y|R7303|Y|D649|Y|P292|N|Z560|Y|R4689|N|||||||||| | | | | | | | | | | | | | | | | | | | | | |Z741|14-Nov-2017|Z9181|14-Nov-2017|Z139|14-Nov-2017|Z1331|14-Nov-2017|Z1331|14-Nov-2017|F1990|14-Nov-2017|Z715|14-Nov-2017|||||||||||||||||||||||||||||||||||||0|0||2|450|M1069|3.0|2017-11-15T00:00:00|hospital_B|hospital_B_20171114
SYN_BENE_7BB949558762|SYN_CLM_841C7450BD19|V|60|14-Nov-2017|14-Nov-2017|17-Nov-2017||3|491581|1|1|1|| |950.31|0.0| ||49|1063523132| |9999868992| |9999868992|||0|1| |950.31|14-Nov-2017|1|4|A|10|0.0|190.06|0|4|0.0|0.0|0|0|0|0|0|0|0|0|0|0|0|0|0|||||14-Nov-2017|951.0|0|0||Z733|Z733|N|G309|Y|Z653|Y|N1830|Y|R801|Y|N182|N|R801|Y|G43719|Y|E785|Y|N181|N|E1121|Y|E781|Y|R931|Y|E119|Y|I259|Y|E8881|Y|E669|Y|R7303|Y|D649|Y|P292|N|Z560|Y|R4689|N|||||||||| | | | | | | | | | | | | | | | | | | | | | |Z741|14-Nov-2017|Z9181|14-Nov-2017|Z139|14-Nov-2017|Z1331|14-Nov-2017|Z1331|14-Nov-2017|F1990|14-Nov-2017|Z715|14-Nov-2017|||||||||||||||||||||||||||||||||||||0|0||3|450|99401|3.0|2017-11-15T00:00:00|hospital_B|hospital_B_20171114
SYN_BENE_7BB949558762|SYN_CLM_841C7450BD19|V|60|14-Nov-2017|14-Nov-2017|17-Nov-2017||3|491581|1|1|1|| |950.31|0.0| ||49|1063523132| |9999868992| |9999868992|||0|1| |950.31|14-Nov-2017|1|4|A|10|0.0|190.06|0|4|0.0|0.0|0|0|0|0|0|0|0|0|0|0|0|0|0|||||14-Nov-2017|951.0|0|0||Z733|Z733|N|G309|Y|Z653|Y|N1830|Y|R801|Y|N182|N|R801|Y|G43719|Y|E785|Y|N181|N|E1121|Y|E781|Y|R931|Y|E119|Y|I259|Y|E8881|Y|E669|Y|R7303|Y|D649|Y|P292|N|Z560|Y|R4689|N|||||||||| | | | | | | | | | | | | | | | | | | | | | |Z741|14-Nov-2017|Z9181|14-Nov-2017|Z139|14-Nov-2017|Z1331|14-Nov-2017|Z1331|14-Nov-2017|F1990|14-Nov-2017|Z715|14-Nov-2017|||||||||||||||||||||||||||||||||||||0|0||4|450|G0444|3.0|2017-11-15T00:00:00|hospital_B|hospital_B_20171114
SYN_BENE_7BB949558762|SYN_CLM_841C7450BD19|V|60|14-Nov-2017|14-Nov-2017|17-Nov-2017||3|491581|1|1|1|| |950.31|0.0| ||49|1063523132| |9999868992| |9999868992|||0|1| |950.31|14-Nov-2017|1|4|A|10|0.0|190.06|0|4|0.0|0.0|0|0|0|0|0|0|0|0|0|0|0|0|0|||||14-Nov-2017|951.0|0|0||Z733|Z733|N|G309|Y|Z653|Y|N1830|Y|R801|Y|N182|N|R801|Y|G43719|Y|E785|Y|N181|N|E1121|Y|E781|Y|R931|Y|E119|Y|I259|Y|E8881|Y|E669|Y|R7303|Y|D649|Y|P292|N|Z560|Y|R4689|N|||||||||| | | | | | | | | | | | | | | | | | | | | | |Z741|14-Nov-2017|Z9181|14-Nov-2017|Z139|14-Nov-2017|Z1331|14-Nov-2017|Z1331|14-Nov-2017|F1990|14-Nov-2017|Z715|14-Nov-2017|||||||||||||||||||||||||||||||||||||0|0||5|450|G0444|3.0|2017-11-15T00:00:00|hospital_B|hospital_B_20171114
SYN_BENE_7BB949558762|SYN_CLM_841C7450BD19|V|60|14-Nov-2017|14-Nov-2017|17-Nov-2017||3|491581|1|1|1|| |950.31|0.0| ||49|1063523132| |9999868992| |9999868992|||0|1| |950.31|14-Nov-2017|1|4|A|10|0.0|190.06|0|4|0.0|0.0|0|0|0|0|0|0|0|0|0|0|0|0|0|||||14-Nov-2017|951.0|0|0||Z733|Z733|N|G309|Y|Z653|Y|N1830|Y|R801|Y|N182|N|R801|Y|G43719|Y|E785|Y|N181|N|E1121|Y|E781|Y|R931|Y|E119|Y|I259|Y|E8881|Y|E669|Y|R7303|Y|D649|Y|P292|N|Z560|Y|R4689|N|||||||||| | | | | | | | | | | | | | | | | | | | | | |Z741|14-Nov-2017|Z9181|14-Nov-2017|Z139|14-Nov-2017|Z1331|14-Nov-2017|Z1331|14-Nov-2017|F1990|14-Nov-2017|Z715|14-Nov-2017|||||||||||||||||||||||||||||||||||||0|0||6|450|99408|3.0|2017-11-15T00:00:00|hospital_B|hospital_B_20171114
SYN_BENE_7BB949558762|SYN_CLM_841C7450BD19|V|60|14-Nov-2017|14-Nov-2017|17-Nov-2017||3|491581|1|1|1|| |950.31|0.0| ||49|1063523132| |9999868992| |9999868992|||0|1| |950.31|14-Nov-2017|1|4|A|10|0.0|190.06|0|4|0.0|0.0|0|0|0|0|0|0|0|0|0|0|0|0|0|||||14-Nov-2017|951.0|0|0||Z733|Z733|N|G309|Y|Z653|Y|N1830|Y|R801|Y|N182|N|R801|Y|G43719|Y|E785|Y|N181|N|E1121|Y|E781|Y|R931|Y|E119|Y|I259|Y|E8881|Y|E669|Y|R7303|Y|D649|Y|P292|N|Z560|Y|R4689|N|||||||||| | | | | | | | | | | | | | | | | | | | | | |Z741|14-Nov-2017|Z9181|14-Nov-2017|Z139|14-Nov-2017|Z1331|14-Nov-2017|Z1331|14-Nov-2017|F1990|14-Nov-2017|Z715|14-Nov-2017|||||||||||||||||||||||||||||||||||||0|0||7|450|99408|3.0|2017-11-15T00:00:00|hospital_B|hospital_B_20171114
SYN_BENE_9E8416BF9823|SYN_CLM_3E0F8C12A6A6|V|60|14-Nov-2017|14-Nov-2017|17-Nov-2017||3|491581|1|1|1|| |950.31|0.0| ||49|1063523132| |9999868992| |9999868992|||0|1| |950.31|14-Nov-2017|1|4|A|10|0.0|190.06|0|4|0.0|0.0|0|0|0|0|0|0|0|0|0|0|0|0|0|||||14-Nov-2017|951.0|0|0||Z733|Z733|N|G309|Y|Z653|Y|N1830|Y|R801|Y|N182|N|R801|Y|G43719|Y|E785|Y|N181|N|E1121|Y|E781|Y|R931|Y|E119|Y|I259|Y|E8881|Y|E669|Y|R7303|Y|D649|Y|P292|N|Z560|Y|R4689|N|||||||||| | | | | | | | | | | | | | | | | | | | | | |Z741|14-Nov-2017|Z9181|14-Nov-2017|Z139|14-Nov-2017|Z1331|14-Nov-2017|Z1331|14-Nov-2017|F1990|14-Nov-2017|Z715|14-Nov-2017|||||||||||||||||||||||||||||||||||||0|0||1|450|96156|3.0|2017-11-15T00:00:00|hospital_B|hospital_B_20171114
SYN_BENE_9E8416BF9823|SYN_CLM_3E0F8C12A6A6|V|60|14-Nov-2017|14-Nov-2017|17-Nov-2017||3|491581|1|1|1|| |950.31|0.0| ||49|1063523132| |9999868992| |9999868992|||0|1| |950.31|14-Nov-2017|1|4|A|10|0.0|190.06|0|4|0.0|0.0|0|0|0|0|0|0|0|0|0|0|0|0|0|||||14-Nov-2017|951.0|0|0||Z733|Z733|N|G309|Y|Z653|Y|N1830|Y|R801|Y|N182|N|R801|Y|G43719|Y|E785|Y|N181|N|E1121|Y|E781|Y|R931|Y|E119|Y|I259|Y|E8881|Y|E669|Y|R7303|Y|D649|Y|P292|N|Z560|Y|R4689|N|||||||||| | | | | | | | | | | | | | | | | | | | | | |Z741|14-Nov-2017|Z9181|14-Nov-2017|Z139|14-Nov-2017|Z1331|14-Nov-2017|Z1331|14-Nov-2017|F1990|14-Nov-2017|Z715|14-Nov-2017|||||||||||||||||||||||||||||||||||||0|0||2|450|M1069|3.0|2017-11-15T00:00:00|hospital_B|hospital_B_20171114
SYN_BENE_9E8416BF9823|SYN_CLM_3E0F8C12A6A6|V|60|14-Nov-2017|14-Nov-2017|17-Nov-2017||3|491581|1|1|1|| |950.31|0.0| ||49|1063523132| |9999868992| |9999868992|||0|1| |950.31|14-Nov-2017|1|4|A|10|0.0|190.06|0|4|0.0|0.0|0|0|0|0|0|0|0|0|0|0|0|0|0|||||14-Nov-2017|951.0|0|0||Z733|Z733|N|G309|Y|Z653|Y|N1830|Y|R801|Y|N182|N|R801|Y|G43719|Y|E785|Y|N181|N|E1121|Y|E781|Y|R931|Y|E119|Y|I259|Y|E8881|Y|E669|Y|R7303|Y|D649|Y|P292|N|Z560|Y|R4689|N|||||||||| | | | | | | | | | | | | | | | | | | | | | |Z741|14-Nov-2017|Z9181|14-Nov-2017|Z139|14-Nov-2017|Z1331|14-Nov-2017|Z1331|14-Nov-2017|F1990|14-Nov-2017|Z715|14-Nov-2017|||||||||||||||||||||||||||||||||||||0|0||3|450|99401|3.0|2017-11-15T00:00:00|hospital_B|hospital_B_20171114
SYN_BENE_9E8416BF9823|SYN_CLM_3E0F8C12A6A6|V|60|14-Nov-2017|14-Nov-2017|17-Nov-2017||3|491581|1|1|1|| |950.31|0.0| ||49|1063523132| |9999868992| |9999868992|||0|1| |950.31|14-Nov-2017|1|4|A|10|0.0|190.06|0|4|0.0|0.0|0|0|0|0|0|0|0|0|0|0|0|0|0|||||14-Nov-2017|951.0|0|0||Z733|Z733|N|G309|Y|Z653|Y|N1830|Y|R801|Y|N182|N|R801|Y|G43719|Y|E785|Y|N181|N|E1121|Y|E781|Y|R931|Y|E119|Y|I259|Y|E8881|Y|E669|Y|R7303|Y|D649|Y|P292|N|Z560|Y|R4689|N|||||||||| | | | | | | | | | | | | | | | | | | | | | |Z741|14-Nov-2017|Z9181|14-Nov-2017|Z139|14-Nov-2017|Z1331|14-Nov-2017|Z1331|14-Nov-2017|F1990|14-Nov-2017|Z715|14-Nov-2017|||||||||||||||||||||||||||||||||||||0|0||4|450|G0444|3.0|2017-11-15T00:00:00|hospital_B|hospital_B_20171114
SYN_BENE_9E8416BF9823|SYN_CLM_3E0F8C12A6A6|V|60|14-Nov-2017|14-Nov-2017|17-Nov-2017||3|491581|1|1|1|| |950.31|0.0| ||49|1063523132| |9999868992| |9999868992|||0|1| |950.31|14-Nov-2017|1|4|A|10|0.0|190.06|0|4|0.0|0.0|0|0|0|0|0|0|0|0|0|0|0|0|0|||||14-Nov-2017|951.0|0|0||Z733|Z733|N|G309|Y|Z653|Y|N1830|Y|R801|Y|N182|N|R801|Y|G43719|Y|E785|Y|N181|N|E1121|Y|E781|Y|R931|Y|E119|Y|I259|Y|E8881|Y|E669|Y|R7303|Y|D649|Y|P292|N|Z560|Y|R4689|N|||||||||| | | | | | | | | | | | | | | | | | | | | | |Z741|14-Nov-2017|Z9181|14-Nov-2017|Z139|14-Nov-2017|Z1331|14-Nov-2017|Z1331|14-Nov-2017|F1990|14-Nov-2017|Z715|14-Nov-2017|||||||||||||||||||||||||||||||||||||0|0||5|450|G0444|3.0|2017-11-15T00:00:00|hospital_B|hospital_B_20171114
SYN_BENE_9E8416BF9823|SYN_CLM_3E0F8C12A6A6|V|60|14-Nov-2017|14-Nov-2017|17-Nov-2017||3|491581|1|1|1|| |950.31|0.0| ||49|1063523132| |9999868992| |9999868992|||0|1| |950.31|14-Nov-2017|1|4|A|10|0.0|190.06|0|4|0.0|0.0|0|0|0|0|0|0|0|0|0|0|0|0|0|||||14-Nov-2017|951.0|0|0||Z733|Z733|N|G309|Y|Z653|Y|N1830|Y|R801|Y|N182|N|R801|Y|G43719|Y|E785|Y|N181|N|E1121|Y|E781|Y|R931|Y|E119|Y|I259|Y|E8881|Y|E669|Y|R7303|Y|D649|Y|P292|N|Z560|Y|R4689|N|||||||||| | | | | | | | | | | | | | | | | | | | | | |Z741|14-Nov-2017|Z9181|14-Nov-2017|Z139|14-Nov-2017|Z1331|14-Nov-2017|Z1331|14-Nov-2017|F1990|14-Nov-2017|Z715|14-Nov-2017|||||||||||||||||||||||||||||||||||||0|0||6|450|99408|3.0|2017-11-15T00:00:00|hospital_B|hospital_B_20171114
SYN_BENE_9E8416BF9823|SYN_CLM_3E0F8C12A6A6|V|60|14-Nov-2017|14-Nov-2017|17-Nov-2017||3|491581|1|1|1|| |950.31|0.0| ||49|1063523132| |9999868992| |9999868992|||0|1| |950.31|14-Nov-2017|1|4|A|10|0.0|190.06|0|4|0.0|0.0|0|0|0|0|0|0|0|0|0|0|0|0|0|||||14-Nov-2017|951.0|0|0||Z733|Z733|N|G309|Y|Z653|Y|N1830|Y|R801|Y|N182|N|R801|Y|G43719|Y|E785|Y|N181|N|E1121|Y|E781|Y|R931|Y|E119|Y|I259|Y|E8881|Y|E669|Y|R7303|Y|D649|Y|P292|N|Z560|Y|R4689|N|||||||||| | | | | | | | | | | | | | | | | | | | | | |Z741|14-Nov-2017|Z9181|14-Nov-2017|Z139|14-Nov-2017|Z1331|14-Nov-2017|Z1331|14-Nov-2017|F1990|14-Nov-2017|Z715|14-Nov-2017|||||||||||||||||||||||||||||||||||||0|0||7|450|99408|3.0|2017-11-15T00:00:00|hospital_B|hospital_B_20171114
SYN_BENE_DAE03A021FEC|SYN_CLM_372E48EF6E78|V|60|14-Nov-2017|14-Nov-2017|17-Nov-2017||3|491581|1|1|1|| |950.31|0.0| ||49|1063523132| |9999868992| |9999868992|||0|1| |950.31|14-Nov-2017|1|4|A|10|0.0|190.06|0|4|0.0|0.0|0|0|0|0|0|0|0|0|0|0|0|0|0|||||14-Nov-2017|951.0|0|0||Z733|Z733|N|G309|Y|Z653|Y|N1830|Y|R801|Y|N182|N|R801|Y|G43719|Y|E785|Y|N181|N|E1121|Y|E781|Y|R931|Y|E119|Y|I259|Y|E8881|Y|E669|Y|R7303|Y|D649|Y|P292|N|Z560|Y|R4689|N|||||||||| | | | | | | | | | | | | | | | | | | | | | |Z741|14-Nov-2017|Z9181|14-Nov-2017|Z139|14-Nov-2017|Z1331|14-Nov-2017|Z1331|14-Nov-2017|F1990|14-Nov-2017|Z715|14-Nov-2017|||||||||||||||||||||||||||||||||||||0|0||1|450|96156|3.0|2017-11-15T00:00:00|hospital_B|hospital_B_20171114
SYN_BENE_DAE03A021FEC|SYN_CLM_372E48EF6E78|V|60|14-Nov-2017|14-Nov-2017|17-Nov-2017||3|491581|1|1|1|| |950.31|0.0| ||49|1063523132| |9999868992| |9999868992|||0|1| |950.31|14-Nov-2017|1|4|A|10|0.0|190.06|0|4|0.0|0.0|0|0|0|0|0|0|0|0|0|0|0|0|0|||||14-Nov-2017|951.0|0|0||Z733|Z733|N|G309|Y|Z653|Y|N1830|Y|R801|Y|N182|N|R801|Y|G43719|Y|E785|Y|N181|N|E1121|Y|E781|Y|R931|Y|E119|Y|I259|Y|E8881|Y|E669|Y|R7303|Y|D649|Y|P292|N|Z560|Y|R4689|N|||||||||| | | | | | | | | | | | | | | | | | | | | | |Z741|14-Nov-2017|Z9181|14-Nov-2017|Z139|14-Nov-2017|Z1331|14-Nov-2017|Z1331|14-Nov-2017|F1990|14-Nov-2017|Z715|14-Nov-2017|||||||||||||||||||||||||||||||||||||0|0||2|450|M1069|3.0|2017-11-15T00:00:00|hospital_B|hospital_B_20171114
SYN_BENE_DAE03A021FEC|SYN_CLM_372E48EF6E78|V|60|14-Nov-2017|14-Nov-2017|17-Nov-2017||3|491581|1|1|1|| |950.31|0.0| ||49|1063523132| |9999868992| |9999868992|||0|1| |950.31|14-Nov-2017|1|4|A|10|0.0|190.06|0|4|0.0|0.0|0|0|0|0|0|0|0|0|0|0|0|0|0|||||14-Nov-2017|951.0|0|0||Z733|Z733|N|G309|Y|Z653|Y|N1830|Y|R801|Y|N182|N|R801|Y|G43719|Y|E785|Y|N181|N|E1121|Y|E781|Y|R931|Y|E119|Y|I259|Y|E8881|Y|E669|Y|R7303|Y|D649|Y|P292|N|Z560|Y|R4689|N|||||||||| | | | | | | | | | | | | | | | | | | | | | |Z741|14-Nov-2017|Z9181|14-Nov-2017|Z139|14-Nov-2017|Z1331|14-Nov-2017|Z1331|14-Nov-2017|F1990|14-Nov-2017|Z715|14-Nov-2017|||||||||||||||||||||||||||||||||||||0|0||3|450|99401|3.0|2017-11-15T00:00:00|hospital_B|hospital_B_20171114
SYN_BENE_DAE03A021FEC|SYN_CLM_372E48EF6E78|V|60|14-Nov-2017|14-Nov-2017|17-Nov-2017||3|491581|1|1|1|| |950.31|0.0| ||49|1063523132| |9999868992| |9999868992|||0|1| |950.31|14-Nov-2017|1|4|A|10|0.0|190.06|0|4|0.0|0.0|0|0|0|0|0|0|0|0|0|0|0|0|0|||||14-Nov-2017|951.0|0|0||Z733|Z733|N|G309|Y|Z653|Y|N1830|Y|R801|Y|N182|N|R801|Y|G43719|Y|E785|Y|N181|N|E1121|Y|E781|Y|R931|Y|E119|Y|I259|Y|E8881|Y|E669|Y|R7303|Y|D649|Y|P292|N|Z560|Y|R4689|N|||||||||| | | | | | | | | | | | | | | | | | | | | | |Z741|14-Nov-2017|Z9181|14-Nov-2017|Z139|14-Nov-2017|Z1331|14-Nov-2017|Z1331|14-Nov-2017|F1990|14-Nov-2017|Z715|14-Nov-2017|||||||||||||||||||||||||||||||||||||0|0||4|450|G0444|3.0|2017-11-15T00:00:00|hospital_B|hospital_B_20171114
SYN_BENE_DAE03A021FEC|SYN_CLM_372E48EF6E78|V|60|14-Nov-2017|14-Nov-2017|17-Nov-2017||3|491581|1|1|1|| |950.31|0.0| ||49|1063523132| |9999868992| |9999868992|||0|1| |950.31|14-Nov-2017|1|4|A|10|0.0|190.06|0|4|0.0|0.0|0|0|0|0|0|0|0|0|0|0|0|0|0|||||14-Nov-2017|951.0|0|0||Z733|Z733|N|G309|Y|Z653|Y|N1830|Y|R801|Y|N182|N|R801|Y|G43719|Y|E785|Y|N181|N|E1121|Y|E781|Y|R931|Y|E119|Y|I259|Y|E8881|Y|E669|Y|R7303|Y|D649|Y|P292|N|Z560|Y|R4689|N|||||||||| | | | | | | | | | | | | | | | | | | | | | |Z741|14-Nov-2017|Z9181|14-Nov-2017|Z139|14-Nov-2017|Z1331|14-Nov-2017|Z1331|14-Nov-2017|F1990|14-Nov-2017|Z715|14-Nov-2017|||||||||||||||||||||||||||||||||||||0|0||5|450|G0444|3.0|2017-11-15T00:00:00|hospital_B|hospital_B_20171114
SYN_BENE_DAE03A021FEC|SYN_CLM_372E48EF6E78|V|60|14-Nov-2017|14-Nov-2017|17-Nov-2017||3|491581|1|1|1|| |950.31|0.0| ||49|1063523132| |9999868992| |9999868992|||0|1| |950.31|14-Nov-2017|1|4|A|10|0.0|190.06|0|4|0.0|0.0|0|0|0|0|0|0|0|0|0|0|0|0|0|||||14-Nov-2017|951.0|0|0||Z733|Z733|N|G309|Y|Z653|Y|N1830|Y|R801|Y|N182|N|R801|Y|G43719|Y|E785|Y|N181|N|E1121|Y|E781|Y|R931|Y|E119|Y|I259|Y|E8881|Y|E669|Y|R7303|Y|D649|Y|P292|N|Z560|Y|R4689|N|||||||||| | | | | | | | | | | | | | | | | | | | | | |Z741|14-Nov-2017|Z9181|14-Nov-2017|Z139|14-Nov-2017|Z1331|14-Nov-2017|Z1331|14-Nov-2017|F1990|14-Nov-2017|Z715|14-Nov-2017|||||||||||||||||||||||||||||||||||||0|0||6|450|99408|3.0|2017-11-15T00:00:00|hospital_B|hospital_B_20171114
SYN_BENE_DAE03A021FEC|SYN_CLM_372E48EF6E78|V|60|14-Nov-2017|14-Nov-2017|17-Nov-2017||3|491581|1|1|1|| |950.31|0.0| ||49|1063523132| |9999868992| |9999868992|||0|1| |950.31|14-Nov-2017|1|4|A|10|0.0|190.06|0|4|0.0|0.0|0|0|0|0|0|0|0|0|0|0|0|0|0|||||14-Nov-2017|951.0|0|0||Z733|Z733|N|G309|Y|Z653|Y|N1830|Y|R801|Y|N182|N|R801|Y|G43719|Y|E785|Y|N181|N|E1121|Y|E781|Y|R931|Y|E119|Y|I259|Y|E8881|Y|E669|Y|R7303|Y|D649|Y|P292|N|Z560|Y|R4689|N|||||||||| | | | | | | | | | | | | | | | | | | | | | |Z741|14-Nov-2017|Z9181|14-Nov-2017|Z139|14-Nov-2017|Z1331|14-Nov-2017|Z1331|14-Nov-2017|F1990|14-Nov-2017|Z715|14-Nov-2017|||||||||||||||||||||||||||||||||||||0|0||7|450|99408|3.0|2017-11-15T00:00:00|hospital_B|hospital_B_20171114
SYN_BENE_7C5739DCB802|SYN_CLM_3A8763BA5D56|V|60|14-Nov-2017|14-Nov-2017|17-Nov-2017||3|491581|1|1|1|| |950.31|0.0| ||49|1063523132| |9999868992| |9999868992|||0|1| |950.31|14-Nov-2017|1|4|A|10|0.0|190.06|0|4|0.0|0.0|0|0|0|0|0|0|0|0|0|0|0|0|0|||||14-Nov-2017|951.0|0|0||Z733|Z733|N|G309|Y|Z653|Y|N1830|Y|R801|Y|N182|N|R801|Y|G43719|Y|E785|Y|N181|N|E1121|Y|E781|Y|R931|Y|E119|Y|I259|Y|E8881|Y|E669|Y|R7303|Y|D649|Y|P292|N|Z560|Y|R4689|N|||||||||| | | | | | | | | | | | | | | | | | | | | | |Z741|14-Nov-2017|Z9181|14-Nov-2017|Z139|14-Nov-2017|Z1331|14-Nov-2017|Z1331|14-Nov-2017|F1990|14-Nov-2017|Z715|14-Nov-2017|||||||||||||||||||||||||||||||||||||0|0||1|450|96156|3.0|2017-11-15T00:00:00|hospital_B|hospital_B_20171114
SYN_BENE_7C5739DCB802|SYN_CLM_3A8763BA5D56|V|60|14-Nov-2017|14-Nov-2017|17-Nov-2017||3|491581|1|1|1|| |950.31|0.0| ||49|1063523132| |9999868992| |9999868992|||0|1| |950.31|14-Nov-2017|1|4|A|10|0.0|190.06|0|4|0.0|0.0|0|0|0|0|0|0|0|0|0|0|0|0|0|||||14-Nov-2017|951.0|0|0||Z733|Z733|N|G309|Y|Z653|Y|N1830|Y|R801|Y|N182|N|R801|Y|G43719|Y|E785|Y|N181|N|E1121|Y|E781|Y|R931|Y|E119|Y|I259|Y|E8881|Y|E669|Y|R7303|Y|D649|Y|P292|N|Z560|Y|R4689|N|||||||||| | | | | | | | | | | | | | | | | | | | | | |Z741|14-Nov-2017|Z9181|14-Nov-2017|Z139|14-Nov-2017|Z1331|14-Nov-2017|Z1331|14-Nov-2017|F1990|14-Nov-2017|Z715|14-Nov-2017|||||||||||||||||||||||||||||||||||||0|0||2|450|M1069|3.0|2017-11-15T00:00:00|hospital_B|hospital_B_20171114
SYN_BENE_7C5739DCB802|SYN_CLM_3A8763BA5D56|V|60|14-Nov-2017|14-Nov-2017|17-Nov-2017||3|491581|1|1|1|| |950.31|0.0| ||49|1063523132| |9999868992| |9999868992|||0|1| |950.31|14-Nov-2017|1|4|A|10|0.0|190.06|0|4|0.0|0.0|0|0|0|0|0|0|0|0|0|0|0|0|0|||||14-Nov-2017|951.0|0|0||Z733|Z733|N|G309|Y|Z653|Y|N1830|Y|R801|Y|N182|N|R801|Y|G43719|Y|E785|Y|N181|N|E1121|Y|E781|Y|R931|Y|E119|Y|I259|Y|E8881|Y|E669|Y|R7303|Y|D649|Y|P292|N|Z560|Y|R4689|N|||||||||| | | | | | | | | | | | | | | | | | | | | | |Z741|14-Nov-2017|Z9181|14-Nov-2017|Z139|14-Nov-2017|Z1331|14-Nov-2017|Z1331|14-Nov-2017|F1990|14-Nov-2017|Z715|14-Nov-2017|||||||||||||||||||||||||||||||||||||0|0||3|450|99401|3.0|2017-11-15T00:00:00|hospital_B|hospital_B_20171114
SYN_BENE_7C5739DCB802|SYN_CLM_3A8763BA5D56|V|60|14-Nov-2017|14-Nov-2017|17-Nov-2017||3|491581|1|1|1|| |950.31|0.0| ||49|1063523132| |9999868992| |9999868992|||0|1| |950.31|14-Nov-2017|1|4|A|10|0.0|190.06|0|4|0.0|0.0|0|0|0|0|0|0|0|0|0|0|0|0|0|||||14-Nov-2017|951.0|0|0||Z733|Z733|N|G309|Y|Z653|Y|N1830|Y|R801|Y|N182|N|R801|Y|G43719|Y|E785|Y|N181|N|E1121|Y|E781|Y|R931|Y|E119|Y|I259|Y|E8881|Y|E669|Y|R7303|Y|D649|Y|P292|N|Z560|Y|R4689|N|||||||||| | | | | | | | | | | | | | | | | | | | | | |Z741|14-Nov-2017|Z9181|14-Nov-2017|Z139|14-Nov-2017|Z1331|14-Nov-2017|Z1331|14-Nov-2017|F1990|14-Nov-2017|Z715|14-Nov-2017|||||||||||||||||||||||||||||||||||||0|0||4|450|G0444|3.0|2017-11-15T00:00:00|hospital_B|hospital_B_20171114
SYN_BENE_7C5739DCB802|SYN_CLM_3A8763BA5D56|V|60|14-Nov-2017|14-Nov-2017|17-Nov-2017||3|491581|1|1|1|| |950.31|0.0| ||49|1063523132| |9999868992| |9999868992|||0|1| |950.31|14-Nov-2017|1|4|A|10|0.0|190.06|0|4|0.0|0.0|0|0|0|0|0|0|0|0|0|0|0|0|0|||||14-Nov-2017|951.0|0|0||Z733|Z733|N|G309|Y|Z653|Y|N1830|Y|R801|Y|N182|N|R801|Y|G43719|Y|E785|Y|N181|N|E1121|Y|E781|Y|R931|Y|E119|Y|I259|Y|E8881|Y|E669|Y|R7303|Y|D649|Y|P292|N|Z560|Y|R4689|N|||||||||| | | | | | | | | | | | | | | | | | | | | | |Z741|14-Nov-2017|Z9181|14-Nov-2017|Z139|14-Nov-2017|Z1331|14-Nov-2017|Z1331|14-Nov-2017|F1990|14-Nov-2017|Z715|14-Nov-2017|||||||||||||||||||||||||||||||||||||0|0||5|450|G0444|3.0|2017-11-15T00:00:00|hospital_B|hospital_B_20171114
SYN_BENE_7C5739DCB802|SYN_CLM_3A8763BA5D56|V|60|14-Nov-2017|14-Nov-2017|17-Nov-2017||3|491581|1|1|1|| |950.31|0.0| ||49|1063523132| |9999868992| |9999868992|||0|1| |950.31|14-Nov-2017|1|4|A|10|0.0|190.06|0|4|0.0|0.0|0|0|0|0|0|0|0|0|0|0|0|0|0|||||14-Nov-2017|951.0|0|0||Z733|Z733|N|G309|Y|Z653|Y|N1830|Y|R801|Y|N182|N|R801|Y|G43719|Y|E785|Y|N181|N|E1121|Y|E781|Y|R931|Y|E119|Y|I259|Y|E8881|Y|E669|Y|R7303|Y|D649|Y|P292|N|Z560|Y|R4689|N|||||||||| | | | | | | | | | | | | | | | | | | | | | |Z741|14-Nov-2017|Z9181|14-Nov-2017|Z139|14-Nov-2017|Z1331|14-Nov-2017|Z1331|14-Nov-2017|F1990|14-Nov-2017|Z715|14-Nov-2017|||||||||||||||||||||||||||||||||||||0|0||6|450|99408|3.0|2017-11-15T00:00:00|hospital_B|hospital_B_20171114
SYN_BENE_7C5739DCB802|SYN_CLM_3A8763BA5D56|V|60|14-Nov-2017|14-Nov-2017|17-Nov-2017||3|491581|1|1|1|| |950.31|0.0| ||49|1063523132| |9999868992| |9999868992|||0|1| |950.31|14-Nov-2017|1|4|A|10|0.0|190.06|0|4|0.0|0.0|0|0|0|0|0|0|0|0|0|0|0|0|0|||||14-Nov-2017|951.0|0|0||Z733|Z733|N|G309|Y|Z653|Y|N1830|Y|R801|Y|N182|N|R801|Y|G43719|Y|E785|Y|N181|N|E1121|Y|E781|Y|R931|Y|E119|Y|I259|Y|E8881|Y|E669|Y|R7303|Y|D649|Y|P292|N|Z560|Y|R4689|N|||||||||| | | | | | | | | | | | | | | | | | | | | | |Z741|14-Nov-2017|Z9181|14-Nov-2017|Z139|14-Nov-2017|Z1331|14-Nov-2017|Z1331|14-Nov-2017|F1990|14-Nov-2017|Z715|14-Nov-2017|||||||||||||||||||||||||||||||||||||0|0||7|450|99408|3.0|2017-11-15T00:00:00|hospital_B|hospital_B_20171114
SYN_BENE_8E323DD73E58|SYN_CLM_774E7AF95FBA|V|60|14-Nov-2017|14-Nov-2017|17-Nov-2017||3|491581|1|1|1|| |950.31|0.0| ||49|1063523132| |9999868992| |9999868992|||0|1| |950.31|14-Nov-2017|1|4|A|10|0.0|190.06|0|4|0.0|0.0|0|0|0|0|0|0|0|0|0|0|0|0|0|||||14-Nov-2017|951.0|0|0||Z733|Z733|N|G309|Y|Z653|Y|N1830|Y|R801|Y|N182|N|R801|Y|G43719|Y|E785|Y|N181|N|E1121|Y|E781|Y|R931|Y|E119|Y|I259|Y|E8881|Y|E669|Y|R7303|Y|D649|Y|P292|N|Z560|Y|R4689|N|||||||||| | | | | | | | | | | | | | | | | | | | | | |Z741|14-Nov-2017|Z9181|14-Nov-2017|Z139|14-Nov-2017|Z1331|14-Nov-2017|Z1331|14-Nov-2017|F1990|14-Nov-2017|Z715|14-Nov-2017|||||||||||||||||||||||||||||||||||||0|0||1|450|96156|3.0|2017-11-15T00:00:00|hospital_B|hospital_B_20171114
SYN_BENE_8E323DD73E58|SYN_CLM_774E7AF95FBA|V|60|14-Nov-2017|14-Nov-2017|17-Nov-2017||3|491581|1|1|1|| |950.31|0.0| ||49|1063523132| |9999868992| |9999868992|||0|1| |950.31|14-Nov-2017|1|4|A|10|0.0|190.06|0|4|0.0|0.0|0|0|0|0|0|0|0|0|0|0|0|0|0|||||14-Nov-2017|951.0|0|0||Z733|Z733|N|G309|Y|Z653|Y|N1830|Y|R801|Y|N182|N|R801|Y|G43719|Y|E785|Y|N181|N|E1121|Y|E781|Y|R931|Y|E119|Y|I259|Y|E8881|Y|E669|Y|R7303|Y|D649|Y|P292|N|Z560|Y|R4689|N|||||||||| | | | | | | | | | | | | | | | | | | | | | |Z741|14-Nov-2017|Z9181|14-Nov-2017|Z139|14-Nov-2017|Z1331|14-Nov-2017|Z1331|14-Nov-2017|F1990|14-Nov-2017|Z715|14-Nov-2017|||||||||||||||||||||||||||||||||||||0|0||2|450|M1069|3.0|2017-11-15T00:00:00|hospital_B|hospital_B_20171114
SYN_BENE_8E323DD73E58|SYN_CLM_774E7AF95FBA|V|60|14-Nov-2017|14-Nov-2017|17-Nov-2017||3|491581|1|1|1|| |950.31|0.0| ||49|1063523132| |9999868992| |9999868992|||0|1| |950.31|14-Nov-2017|1|4|A|10|0.0|190.06|0|4|0.0|0.0|0|0|0|0|0|0|0|0|0|0|0|0|0|||||14-Nov-2017|951.0|0|0||Z733|Z733|N|G309|Y|Z653|Y|N1830|Y|R801|Y|N182|N|R801|Y|G43719|Y|E785|Y|N181|N|E1121|Y|E781|Y|R931|Y|E119|Y|I259|Y|E8881|Y|E669|Y|R7303|Y|D649|Y|P292|N|Z560|Y|R4689|N|||||||||| | | | | | | | | | | | | | | | | | | | | | |Z741|14-Nov-2017|Z9181|14-Nov-2017|Z139|14-Nov-2017|Z1331|14-Nov-2017|Z1331|14-Nov-2017|F1990|14-Nov-2017|Z715|14-Nov-2017|||||||||||||||||||||||||||||||||||||0|0||3|450|99401|3.0|2017-11-15T00:00:00|hospital_B|hospital_B_20171114
SYN_BENE_8E323DD73E58|SYN_CLM_774E7AF95FBA|V|60|14-Nov-2017|14-Nov-2017|17-Nov-2017||3|491581|1|1|1|| |950.31|0.0| ||49|1063523132| |9999868992| |9999868992|||0|1| |950.31|14-Nov-2017|1|4|A|10|0.0|190.06|0|4|0.0|0.0|0|0|0|0|0|0|0|0|0|0|0|0|0|||||14-Nov-2017|951.0|0|0||Z733|Z733|N|G309|Y|Z653|Y|N1830|Y|R801|Y|N182|N|R801|Y|G43719|Y|E785|Y|N181|N|E1121|Y|E781|Y|R931|Y|E119|Y|I259|Y|E8881|Y|E669|Y|R7303|Y|D649|Y|P292|N|Z560|Y|R4689|N|||||||||| | | | | | | | | | | | | | | | | | | | | | |Z741|14-Nov-2017|Z9181|14-Nov-2017|Z139|14-Nov-2017|Z1331|14-Nov-2017|Z1331|14-Nov-2017|F1990|14-Nov-2017|Z715|14-Nov-2017|||||||||||||||||||||||||||||||||||||0|0||4|450|G0444|3.0|2017-11-15T00:00:00|hospital_B|hospital_B_20171114
SYN_BENE_8E323DD73E58|SYN_CLM_774E7AF95FBA|V|60|14-Nov-2017|14-Nov-2017|17-Nov-2017||3|491581|1|1|1|| |950.31|0.0| ||49|1063523132| |9999868992| |9999868992|||0|1| |950.31|14-Nov-2017|1|4|A|10|0.0|190.06|0|4|0.0|0.0|0|0|0|0|0|0|0|0|0|0|0|0|0|||||14-Nov-2017|951.0|0|0||Z733|Z733|N|G309|Y|Z653|Y|N1830|Y|R801|Y|N182|N|R801|Y|G43719|Y|E785|Y|N181|N|E1121|Y|E781|Y|R931|Y|E119|Y|I259|Y|E8881|Y|E669|Y|R7303|Y|D649|Y|P292|N|Z560|Y|R4689|N|||||||||| | | | | | | | | | | | | | | | | | | | | | |Z741|14-Nov-2017|Z9181|14-Nov-2017|Z139|14-Nov-2017|Z1331|14-Nov-2017|Z1331|14-Nov-2017|F1990|14-Nov-2017|Z715|14-Nov-2017|||||||||||||||||||||||||||||||||||||0|0||5|450|G0444|3.0|2017-11-15T00:00:00|hospital_B|hospital_B_20171114
SYN_BENE_8E323DD73E58|SYN_CLM_774E7AF95FBA|V|60|14-Nov-2017|14-Nov-2017|17-Nov-2017||3|491581|1|1|1|| |950.31|0.0| ||49|1063523132| |9999868992| |9999868992|||0|1| |950.31|14-Nov-2017|1|4|A|10|0.0|190.06|0|4|0.0|0.0|0|0|0|0|0|0|0|0|0|0|0|0|0|||||14-Nov-2017|951.0|0|0||Z733|Z733|N|G309|Y|Z653|Y|N1830|Y|R801|Y|N182|N|R801|Y|G43719|Y|E785|Y|N181|N|E1121|Y|E781|Y|R931|Y|E119|Y|I259|Y|E8881|Y|E669|Y|R7303|Y|D649|Y|P292|N|Z560|Y|R4689|N|||||||||| | | | | | | | | | | | | | | | | | | | | | |Z741|14-Nov-2017|Z9181|14-Nov-2017|Z139|14-Nov-2017|Z1331|14-Nov-2017|Z1331|14-Nov-2017|F1990|14-Nov-2017|Z715|14-Nov-2017|||||||||||||||||||||||||||||||||||||0|0||6|450|99408|3.0|2017-11-15T00:00:00|hospital_B|hospital_B_20171114
SYN_BENE_8E323DD73E58|SYN_CLM_774E7AF95FBA|V|60|14-Nov-2017|14-Nov-2017|17-Nov-2017||3|491581|1|1|1|| |950.31|0.0| ||49|1063523132| |9999868992| |9999868992|||0|1| |950.31|14-Nov-2017|1|4|A|10|0.0|190.06|0|4|0.0|0.0|0|0|0|0|0|0|0|0|0|0|0|0|0|||||14-Nov-2017|951.0|0|0||Z733|Z733|N|G309|Y|Z653|Y|N1830|Y|R801|Y|N182|N|R801|Y|G43719|Y|E785|Y|N181|N|E1121|Y|E781|Y|R931|Y|E119|Y|I259|Y|E8881|Y|E669|Y|R7303|Y|D649|Y|P292|N|Z560|Y|R4689|N|||||||||| | | | | | | | | | | | | | | | | | | | | | |Z741|14-Nov-2017|Z9181|14-Nov-2017|Z139|14-Nov-2017|Z1331|14-Nov-2017|Z1331|14-Nov-2017|F1990|14-Nov-2017|Z715|14-Nov-2017|||||||||||||||||||||||||||||||||||||0|0||7|450|99408|3.0|2017-11-15T00:00:00|hospital_B|hospital_B_20171114
SYN_BENE_8B5173F17D61|SYN_CLM_5D57E7C68C4A|V|60|14-Nov-2017|14-Nov-2017|17-Nov-2017||3|491581|1|1|1|| |950.31|0.0| ||49|1063523132| |9999868992| |9999868992|||0|1| |950.31|14-Nov-2017|1|4|A|10|0.0|190.06|0|4|0.0|0.0|0|0|0|0|0|0|0|0|0|0|0|0|0|||||14-Nov-2017|951.0|0|0||Z733|Z733|N|G309|Y|Z653|Y|N1830|Y|R801|Y|N182|N|R801|Y|G43719|Y|E785|Y|N181|N|E1121|Y|E781|Y|R931|Y|E119|Y|I259|Y|E8881|Y|E669|Y|R7303|Y|D649|Y|P292|N|Z560|Y|R4689|N|||||||||| | | | | | | | | | | | | | | | | | | | | | |Z741|14-Nov-2017|Z9181|14-Nov-2017|Z139|14-Nov-2017|Z1331|14-Nov-2017|Z1331|14-Nov-2017|F1990|14-Nov-2017|Z715|14-Nov-2017|||||||||||||||||||||||||||||||||||||0|0||1|450|96156|3.0|2017-11-15T00:00:00|hospital_B|hospital_B_20171114
SYN_BENE_8B5173F17D61|SYN_CLM_5D57E7C68C4A|V|60|14-Nov-2017|14-Nov-2017|17-Nov-2017||3|491581|1|1|1|| |950.31|0.0| ||49|1063523132| |9999868992| |9999868992|||0|1| |950.31|14-Nov-2017|1|4|A|10|0.0|190.06|0|4|0.0|0.0|0|0|0|0|0|0|0|0|0|0|0|0|0|||||14-Nov-2017|951.0|0|0||Z733|Z733|N|G309|Y|Z653|Y|N1830|Y|R801|Y|N182|N|R801|Y|G43719|Y|E785|Y|N181|N|E1121|Y|E781|Y|R931|Y|E119|Y|I259|Y|E8881|Y|E669|Y|R7303|Y|D649|Y|P292|N|Z560|Y|R4689|N|||||||||| | | | | | | | | | | | | | | | | | | | | | |Z741|14-Nov-2017|Z9181|14-Nov-2017|Z139|14-Nov-2017|Z1331|14-Nov-2017|Z1331|14-Nov-2017|F1990|14-Nov-2017|Z715|14-Nov-2017|||||||||||||||||||||||||||||||||||||0|0||2|450|M1069|3.0|2017-11-15T00:00:00|hospital_B|hospital_B_20171114
SYN_BENE_8B5173F17D61|SYN_CLM_5D57E7C68C4A|V|60|14-Nov-2017|14-Nov-2017|17-Nov-2017||3|491581|1|1|1|| |950.31|0.0| ||49|1063523132| |9999868992| |9999868992|||0|1| |950.31|14-Nov-2017|1|4|A|10|0.0|190.06|0|4|0.0|0.0|0|0|0|0|0|0|0|0|0|0|0|0|0|||||14-Nov-2017|951.0|0|0||Z733|Z733|N|G309|Y|Z653|Y|N1830|Y|R801|Y|N182|N|R801|Y|G43719|Y|E785|Y|N181|N|E1121|Y|E781|Y|R931|Y|E119|Y|I259|Y|E8881|Y|E669|Y|R7303|Y|D649|Y|P292|N|Z560|Y|R4689|N|||||||||| | | | | | | | | | | | | | | | | | | | | | |Z741|14-Nov-2017|Z9181|14-Nov-2017|Z139|14-Nov-2017|Z1331|14-Nov-2017|Z1331|14-Nov-2017|F1990|14-Nov-2017|Z715|14-Nov-2017|||||||||||||||||||||||||||||||||||||0|0||3|450|99401|3.0|2017-11-15T00:00:00|hospital_B|hospital_B_20171114
SYN_BENE_8B5173F17D61|SYN_CLM_5D57E7C68C4A|V|60|14-Nov-2017|14-Nov-2017|17-Nov-2017||3|491581|1|1|1|| |950.31|0.0| ||49|1063523132| |9999868992| |9999868992|||0|1| |950.31|14-Nov-2017|1|4|A|10|0.0|190.06|0|4|0.0|0.0|0|0|0|0|0|0|0|0|0|0|0|0|0|||||14-Nov-2017|951.0|0|0||Z733|Z733|N|G309|Y|Z653|Y|N1830|Y|R801|Y|N182|N|R801|Y|G43719|Y|E785|Y|N181|N|E1121|Y|E781|Y|R931|Y|E119|Y|I259|Y|E8881|Y|E669|Y|R7303|Y|D649|Y|P292|N|Z560|Y|R4689|N|||||||||| | | | | | | | | | | | | | | | | | | | | | |Z741|14-Nov-2017|Z9181|14-Nov-2017|Z139|14-Nov-2017|Z1331|14-Nov-2017|Z1331|14-Nov-2017|F1990|14-Nov-2017|Z715|14-Nov-2017|||||||||||||||||||||||||||||||||||||0|0||4|450|G0444|3.0|2017-11-15T00:00:00|hospital_B|hospital_B_20171114
SYN_BENE_8B5173F17D61|SYN_CLM_5D57E7C68C4A|V|60|14-Nov-2017|14-Nov-2017|17-Nov-2017||3|491581|1|1|1|| |950.31|0.0| ||49|1063523132| |9999868992| |9999868992|||0|1| |950.31|14-Nov-2017|1|4|A|10|0.0|190.06|0|4|0.0|0.0|0|0|0|0|0|0|0|0|0|0|0|0|0|||||14-Nov-2017|951.0|0|0||Z733|Z733|N|G309|Y|Z653|Y|N1830|Y|R801|Y|N182|N|R801|Y|G43719|Y|E785|Y|N181|N|E1121|Y|E781|Y|R931|Y|E119|Y|I259|Y|E8881|Y|E669|Y|R7303|Y|D649|Y|P292|N|Z560|Y|R4689|N|||||||||| | | | | | | | | | | | | | | | | | | | | | |Z741|14-Nov-2017|Z9181|14-Nov-2017|Z139|14-Nov-2017|Z1331|14-Nov-2017|Z1331|14-Nov-2017|F1990|14-Nov-2017|Z715|14-Nov-2017|||||||||||||||||||||||||||||||||||||0|0||5|450|G0444|3.0|2017-11-15T00:00:00|hospital_B|hospital_B_20171114
SYN_BENE_8B5173F17D61|SYN_CLM_5D57E7C68C4A|V|60|14-Nov-2017|14-Nov-2017|17-Nov-2017||3|491581|1|1|1|| |950.31|0.0| ||49|1063523132| |9999868992| |9999868992|||0|1| |950.31|14-Nov-2017|1|4|A|10|0.0|190.06|0|4|0.0|0.0|0|0|0|0|0|0|0|0|0|0|0|0|0|||||14-Nov-2017|951.0|0|0||Z733|Z733|N|G309|Y|Z653|Y|N1830|Y|R801|Y|N182|N|R801|Y|G43719|Y|E785|Y|N181|N|E1121|Y|E781|Y|R931|Y|E119|Y|I259|Y|E8881|Y|E669|Y|R7303|Y|D649|Y|P292|N|Z560|Y|R4689|N|||||||||| | | | | | | | | | | | | | | | | | | | | | |Z741|14-Nov-2017|Z9181|14-Nov-2017|Z139|14-Nov-2017|Z1331|14-Nov-2017|Z1331|14-Nov-2017|F1990|14-Nov-2017|Z715|14-Nov-2017|||||||||||||||||||||||||||||||||||||0|0||6|450|99408|3.0|2017-11-15T00:00:00|hospital_B|hospital_B_20171114
SYN_BENE_8B5173F17D61|SYN_CLM_5D57E7C68C4A|V|60|14-Nov-2017|14-Nov-2017|17-Nov-2017||3|491581|1|1|1|| |950.31|0.0| ||49|1063523132| |9999868992| |9999868992|||0|1| |950.31|14-Nov-2017|1|4|A|10|0.0|190.06|0|4|0.0|0.0|0|0|0|0|0|0|0|0|0|0|0|0|0|||||14-Nov-2017|951.0|0|0||Z733|Z733|N|G309|Y|Z653|Y|N1830|Y|R801|Y|N182|N|R801|Y|G43719|Y|E785|Y|N181|N|E1121|Y|E781|Y|R931|Y|E119|Y|I259|Y|E8881|Y|E669|Y|R7303|Y|D649|Y|P292|N|Z560|Y|R4689|N|||||||||| | | | | | | | | | | | | | | | | | | | | | |Z741|14-Nov-2017|Z9181|14-Nov-2017|Z139|14-Nov-2017|Z1331|14-Nov-2017|Z1331|14-Nov-2017|F1990|14-Nov-2017|Z715|14-Nov-2017|||||||||||||||||||||||||||||||||||||0|0||7|450|99408|3.0|2017-11-15T00:00:00|hospital_B|hospital_B_20171114
SYN_BENE_CAC4216D58EB|SYN_CLM_D7381C9F69D4|V|60|14-Nov-2017|14-Nov-2017|17-Nov-2017||3|491581|1|1|1|| |950.31|0.0| ||49|1063523132| |9999868992| |9999868992|||0|1| |950.31|14-Nov-2017|1|4|A|10|0.0|190.06|0|4|0.0|0.0|0|0|0|0|0|0|0|0|0|0|0|0|0|||||14-Nov-2017|951.0|0|0||Z733|Z733|N|G309|Y|Z653|Y|N1830|Y|R801|Y|N182|N|R801|Y|G43719|Y|E785|Y|N181|N|E1121|Y|E781|Y|R931|Y|E119|Y|I259|Y|E8881|Y|E669|Y|R7303|Y|D649|Y|P292|N|Z560|Y|R4689|N|||||||||| | | | | | | | | | | | | | | | | | | | | | |Z741|14-Nov-2017|Z9181|14-Nov-2017|Z139|14-Nov-2017|Z1331|14-Nov-2017|Z1331|14-Nov-2017|F1990|14-Nov-2017|Z715|14-Nov-2017|||||||||||||||||||||||||||||||||||||0|0||1|450|96156|3.0|2017-11-15T00:00:00|hospital_B|hospital_B_20171114
SYN_BENE_CAC4216D58EB|SYN_CLM_D7381C9F69D4|V|60|14-Nov-2017|14-Nov-2017|17-Nov-2017||3|491581|1|1|1|| |950.31|0.0| ||49|1063523132| |9999868992| |9999868992|||0|1| |950.31|14-Nov-2017|1|4|A|10|0.0|190.06|0|4|0.0|0.0|0|0|0|0|0|0|0|0|0|0|0|0|0|||||14-Nov-2017|951.0|0|0||Z733|Z733|N|G309|Y|Z653|Y|N1830|Y|R801|Y|N182|N|R801|Y|G43719|Y|E785|Y|N181|N|E1121|Y|E781|Y|R931|Y|E119|Y|I259|Y|E8881|Y|E669|Y|R7303|Y|D649|Y|P292|N|Z560|Y|R4689|N|||||||||| | | | | | | | | | | | | | | | | | | | | | |Z741|14-Nov-2017|Z9181|14-Nov-2017|Z139|14-Nov-2017|Z1331|14-Nov-2017|Z1331|14-Nov-2017|F1990|14-Nov-2017|Z715|14-Nov-2017|||||||||||||||||||||||||||||||||||||0|0||2|450|M1069|3.0|2017-11-15T00:00:00|hospital_B|hospital_B_20171114
SYN_BENE_CAC4216D58EB|SYN_CLM_D7381C9F69D4|V|60|14-Nov-2017|14-Nov-2017|17-Nov-2017||3|491581|1|1|1|| |950.31|0.0| ||49|1063523132| |9999868992| |9999868992|||0|1| |950.31|14-Nov-2017|1|4|A|10|0.0|190.06|0|4|0.0|0.0|0|0|0|0|0|0|0|0|0|0|0|0|0|||||14-Nov-2017|951.0|0|0||Z733|Z733|N|G309|Y|Z653|Y|N1830|Y|R801|Y|N182|N|R801|Y|G43719|Y|E785|Y|N181|N|E1121|Y|E781|Y|R931|Y|E119|Y|I259|Y|E8881|Y|E669|Y|R7303|Y|D649|Y|P292|N|Z560|Y|R4689|N|||||||||| | | | | | | | | | | | | | | | | | | | | | |Z741|14-Nov-2017|Z9181|14-Nov-2017|Z139|14-Nov-2017|Z1331|14-Nov-2017|Z1331|14-Nov-2017|F1990|14-Nov-2017|Z715|14-Nov-2017|||||||||||||||||||||||||||||||||||||0|0||3|450|99401|3.0|2017-11-15T00:00:00|hospital_B|hospital_B_20171114
SYN_BENE_CAC4216D58EB|SYN_CLM_D7381C9F69D4|V|60|14-Nov-2017|14-Nov-2017|17-Nov-2017||3|491581|1|1|1|| |950.31|0.0| ||49|1063523132| |9999868992| |9999868992|||0|1| |950.31|14-Nov-2017|1|4|A|10|0.0|190.06|0|4|0.0|0.0|0|0|0|0|0|0|0|0|0|0|0|0|0|||||14-Nov-2017|951.0|0|0||Z733|Z733|N|G309|Y|Z653|Y|N1830|Y|R801|Y|N182|N|R801|Y|G43719|Y|E785|Y|N181|N|E1121|Y|E781|Y|R931|Y|E119|Y|I259|Y|E8881|Y|E669|Y|R7303|Y|D649|Y|P292|N|Z560|Y|R4689|N|||||||||| | | | | | | | | | | | | | | | | | | | | | |Z741|14-Nov-2017|Z9181|14-Nov-2017|Z139|14-Nov-2017|Z1331|14-Nov-2017|Z1331|14-Nov-2017|F1990|14-Nov-2017|Z715|14-Nov-2017|||||||||||||||||||||||||||||||||||||0|0||4|450|G0444|3.0|2017-11-15T00:00:00|hospital_B|hospital_B_20171114
SYN_BENE_CAC4216D58EB|SYN_CLM_D7381C9F69D4|V|60|14-Nov-2017|14-Nov-2017|17-Nov-2017||3|491581|1|1|1|| |950.31|0.0| ||49|1063523132| |9999868992| |9999868992|||0|1| |950.31|14-Nov-2017|1|4|A|10|0.0|190.06|0|4|0.0|0.0|0|0|0|0|0|0|0|0|0|0|0|0|0|||||14-Nov-2017|951.0|0|0||Z733|Z733|N|G309|Y|Z653|Y|N1830|Y|R801|Y|N182|N|R801|Y|G43719|Y|E785|Y|N181|N|E1121|Y|E781|Y|R931|Y|E119|Y|I259|Y|E8881|Y|E669|Y|R7303|Y|D649|Y|P292|N|Z560|Y|R4689|N|||||||||| | | | | | | | | | | | | | | | | | | | | | |Z741|14-Nov-2017|Z9181|14-Nov-2017|Z139|14-Nov-2017|Z1331|14-Nov-2017|Z1331|14-Nov-2017|F1990|14-Nov-2017|Z715|14-Nov-2017|||||||||||||||||||||||||||||||||||||0|0||5|450|G0444|3.0|2017-11-15T00:00:00|hospital_B|hospital_B_20171114
SYN_BENE_CAC4216D58EB|SYN_CLM_D7381C9F69D4|V|60|14-Nov-2017|14-Nov-2017|17-Nov-2017||3|491581|1|1|1|| |950.31|0.0| ||49|1063523132| |9999868992| |9999868992|||0|1| |950.31|14-Nov-2017|1|4|A|10|0.0|190.06|0|4|0.0|0.0|0|0|0|0|0|0|0|0|0|0|0|0|0|||||14-Nov-2017|951.0|0|0||Z733|Z733|N|G309|Y|Z653|Y|N1830|Y|R801|Y|N182|N|R801|Y|G43719|Y|E785|Y|N181|N|E1121|Y|E781|Y|R931|Y|E119|Y|I259|Y|E8881|Y|E669|Y|R7303|Y|D649|Y|P292|N|Z560|Y|R4689|N|||||||||| | | | | | | | | | | | | | | | | | | | | | |Z741|14-Nov-2017|Z9181|14-Nov-2017|Z139|14-Nov-2017|Z1331|14-Nov-2017|Z1331|14-Nov-2017|F1990|14-Nov-2017|Z715|14-Nov-2017|||||||||||||||||||||||||||||||||||||0|0||6|450|99408|3.0|2017-11-15T00:00:00|hospital_B|hospital_B_20171114
SYN_BENE_CAC4216D58EB|SYN_CLM_D7381C9F69D4|V|60|14-Nov-2017|14-Nov-2017|17-Nov-2017||3|491581|1|1|1|| |950.31|0.0| ||49|1063523132| |9999868992| |9999868992|||0|1| |950.31|14-Nov-2017|1|4|A|10|0.0|190.06|0|4|0.0|0.0|0|0|0|0|0|0|0|0|0|0|0|0|0|||||14-Nov-2017|951.0|0|0||Z733|Z733|N|G309|Y|Z653|Y|N1830|Y|R801|Y|N182|N|R801|Y|G43719|Y|E785|Y|N181|N|E1121|Y|E781|Y|R931|Y|E119|Y|I259|Y|E8881|Y|E669|Y|R7303|Y|D649|Y|P292|N|Z560|Y|R4689|N|||||||||| | | | | | | | | | | | | | | | | | | | | | |Z741|14-Nov-2017|Z9181|14-Nov-2017|Z139|14-Nov-2017|Z1331|14-Nov-2017|Z1331|14-Nov-2017|F1990|14-Nov-2017|Z715|14-Nov-2017|||||||||||||||||||||||||||||||||||||0|0||7|450|99408|3.0|2017-11-15T00:00:00|hospital_B|hospital_B_20171114
