BENE_ID|CLM_ID|NCH_NEAR_LINE_REC_IDENT_CD|NCH_CLM_TYPE_CD|CLM_FROM_DT|CLM_THRU_DT|NCH_WKLY_PROC_DT|FI_CLM_PROC_DT|CLAIM_QUERY_CODE|PRVDR_NUM|CLM_FAC_TYPE_CD|CLM_SRVC_CLSFCTN_TYPE_CD|CLM_FREQ_CD|FI_NUM|CLM_MDCR_NON_PMT_RSN_CD|CLM_PMT_AMT|NCH_PRMRY_PYR_CLM_PD_AMT|NCH_PRMRY_PYR_CD|FI_CLM_ACTN_CD|PRVDR_STATE_CD|ORG_NPI_NUM|AT_PHYSN_UPIN|AT_PHYSN_NPI|OP_PHYSN_UPIN|OP_PHYSN_NPI|OT_PHYSN_UPIN|OT_PHYSN_NPI|CLM_MCO_PD_SW|PTNT_DSCHRG_STUS_CD|CLM_PPS_IND_CD|CLM_TOT_CHRG_AMT|CLM_ADMSN_DT|CLM_IP_ADMSN_TYPE_CD|CLM_SRC_IP_ADMSN_CD|NCH_PTNT_STATUS_IND_CD|CLM_PASS_THRU_PER_DIEM_AMT|NCH_BENE_IP_DDCTBL_AMT|NCH_BENE_PTA_COINSRNC_LBLTY_AM|NCH_BENE_BLOOD_DDCTBL_LBLTY_AM|NCH_PROFNL_CMPNT_CHRG_AMT|NCH_IP_NCVRD_CHRG_AMT|NCH_IP_TOT_DDCTN_AMT|CLM_TOT_PPS_CPTL_AMT|CLM_PPS_CPTL_FSP_AMT|CLM_PPS_CPTL_OUTLIER_AMT|CLM_PPS_CPTL_DSPRPRTNT_SHR_AMT|CLM_PPS_CPTL_IME_AMT|CLM_PPS_CPTL_EXCPTN_AMT|CLM_PPS_OLD_CPTL_HLD_HRMLS_AMT|CLM_PPS_CPTL_DRG_WT_NUM|CLM_UTLZTN_DAY_CNT|BENE_TOT_COINSRNC_DAYS_CNT|BENE_LRD_USED_CNT|CLM_NON_UTLZTN_DAYS_CNT|NCH_BLOOD_PNTS_FRNSHD_QTY|NCH_VRFD_NCVRD_STAY_FROM_DT|NCH_VRFD_NCVRD_STAY_THRU_DT|NCH_ACTV_OR_CVRD_LVL_CARE_THRU|NCH_BENE_MDCR_BNFTS_EXHTD_DT_I|NCH_BENE_DSCHRG_DT|CLM_DRG_CD|CLM_DRG_OUTLIER_STAY_CD|NCH_DRG_OUTLIER_APRVD_PMT_AMT|ADMTG_DGNS_CD|PRNCPAL_DGNS_CD|ICD_DGNS_CD1|CLM_POA_IND_SW1|ICD_DGNS_CD2|CLM_POA_IND_SW2|ICD_DGNS_CD3|CLM_POA_IND_SW3|ICD_DGNS_CD4|CLM_POA_IND_SW4|ICD_DGNS_CD5|CLM_POA_IND_SW5|ICD_DGNS_CD6|CLM_POA_IND_SW6|ICD_DGNS_CD7|CLM_POA_IND_SW7|ICD_DGNS_CD8|CLM_POA_IND_SW8|ICD_DGNS_CD9|CLM_POA_IND_SW9|ICD_DGNS_CD10|CLM_POA_IND_SW10|ICD_DGNS_CD11|CLM_POA_IND_SW11|ICD_DGNS_CD12|CLM_POA_IND_SW12|ICD_DGNS_CD13|CLM_POA_IND_SW13|ICD_DGNS_CD14|CLM_POA_IND_SW14|ICD_DGNS_CD15|CLM_POA_IND_SW15|ICD_DGNS_CD16|CLM_POA_IND_SW16|ICD_DGNS_CD17|CLM_POA_IND_SW17|ICD_DGNS_CD18|CLM_POA_IND_SW18|ICD_DGNS_CD19|CLM_POA_IND_SW19|ICD_DGNS_CD20|CLM_POA_IND_SW20|ICD_DGNS_CD21|CLM_POA_IND_SW21|ICD_DGNS_CD22|CLM_POA_IND_SW22|ICD_DGNS_CD23|CLM_POA_IND_SW23|ICD_DGNS_CD24|CLM_POA_IND_SW24|ICD_DGNS_CD25|CLM_POA_IND_SW25|FST_DGNS_E_CD|ICD_DGNS_E_CD1|CLM_E_POA_IND_SW1|ICD_DGNS_E_CD2|CLM_E_POA_IND_SW2|ICD_DGNS_E_CD3|CLM_E_POA_IND_SW3|ICD_DGNS_E_CD4|CLM_E_POA_IND_SW4|ICD_DGNS_E_CD5|CLM_E_POA_IND_SW5|ICD_DGNS_E_CD6|CLM_E_POA_IND_SW6|ICD_DGNS_E_CD7|CLM_E_POA_IND_SW7|ICD_DGNS_E_CD8|CLM_E_POA_IND_SW8|ICD_DGNS_E_CD9|CLM_E_POA_IND_SW9|ICD_DGNS_E_CD10|CLM_E_POA_IND_SW10|ICD_DGNS_E_CD11|CLM_E_POA_IND_SW11|ICD_DGNS_E_CD12|CLM_E_POA_IND_SW12|ICD_PRCDR_CD1|PRCDR_DT1|ICD_PRCDR_CD2|PRCDR_DT2|ICD_PRCDR_CD3|PRCDR_DT3|ICD_PRCDR_CD4|PRCDR_DT4|ICD_PRCDR_CD5|PRCDR_DT5|ICD_PRCDR_CD6|PRCDR_DT6|ICD_PRCDR_CD7|PRCDR_DT7|ICD_PRCDR_CD8|PRCDR_DT8|ICD_PRCDR_CD9|PRCDR_DT9|ICD_PRCDR_CD10|PRCDR_DT10|ICD_PRCDR_CD11|PRCDR_DT11|ICD_PRCDR_CD12|PRCDR_DT12|ICD_PRCDR_CD13|PRCDR_DT13|ICD_PRCDR_CD14|PRCDR_DT14|ICD_PRCDR_CD15|PRCDR_DT15|ICD_PRCDR_CD16|PRCDR_DT16|ICD_PRCDR_CD17|PRCDR_DT17|ICD_PRCDR_CD18|PRCDR_DT18|ICD_PRCDR_CD19|PRCDR_DT19|ICD_PRCDR_CD20|PRCDR_DT20|ICD_PRCDR_CD21|PRCDR_DT21|ICD_PRCDR_CD22|PRCDR_DT22|ICD_PRCDR_CD23|PRCDR_DT23|ICD_PRCDR_CD24|PRCDR_DT24|ICD_PRCDR_CD25|PRCDR_DT25|IME_OP_CLM_VAL_AMT|DSH_OP_CLM_VAL_AMT|CLM_UNCOMPD_CARE_PMT_AMT|CLM_LINE_NUM|REV_CNTR|HCPCS_CD|REV_CNTR_DDCTBL_COINSRNC_CD|ingestion_timestamp|hospital_id|batch_id
-10000010282387|-10000931260481|V|60|15-Oct-2019|15-Oct-2019|18-Oct-2019||3|491581|1|1|1|| |1520.18|0.0| ||49|1063523132| |9999868992| |9999868992|||0|1| |1520.18|15-Oct-2019|1|5|A|10|0.0|304.03|0|4|0.0|0.0|0|0|0|0|0|0|0|0|0|0|0|0|0|||||15-Oct-2019|951.0|0|0||Z733|Z733|N|F0280|N|Z653|Y|N1830|Y|E1121|Y|N182|N|E1129|N|G43719|Y|E785|Y|N181|N|E1121|Y|E781|Y|R931|Y|E119|Y|I259|Y|E8881|Y|E669|Y|R7303|Y|D649|Y|I10|Y|Z560|Y|R4689|Y|||||||||| | | | | | | | | | | | | | | | | | | | | | |GZ3|15-Oct-2019|Z741|15-Oct-2019|Z9181|15-Oct-2019|Z1331|15-Oct-2019|Z1331|15-Oct-2019|||||||||||||||||||||||||||||||||||||||||0|0||1|450|99495|3.0|2019-10-16T00:00:00|hospital_B|hospital_B_20191015
-10000010282387|-10000931260481|V|60|15-Oct-2019|15-Oct-2019|18-Oct-2019||3|491581|1|1|1|| |1520.18|0.0| ||49|1063523132| |9999868992| |9999868992|||0|1| |1520.18|15-Oct-2019|1|5|A|10|0.0|304.03|0|4|0.0|0.0|0|0|0|0|0|0|0|0|0|0|0|0|0|||||15-Oct-2019|951.0|0|0||Z733|Z733|N|F0280|N|Z653|Y|N1830|Y|E1121|Y|N182|N|E1129|N|G43719|Y|E785|Y|N181|N|E1121|Y|E781|Y|R931|Y|E119|Y|I259|Y|E8881|Y|E669|Y|R7303|Y|D649|Y|I10|Y|Z560|Y|R4689|Y|||||||||| | | | | | | | | | | | | | | | | | | | | | |GZ3|15-Oct-2019|Z741|15-Oct-2019|Z9181|15-Oct-2019|Z1331|15-Oct-2019|Z1331|15-Oct-2019|||||||||||||||||||||||||||||||||||||||||0|0||2|450|96156|3.0|2019-10-16T00:00:00|hospital_B|hospital_B_20191015
-10000010282387|-10000931260481|V|60|15-Oct-2019|15-Oct-2019|18-Oct-2019||3|491581|1|1|1|| |1520.18|0.0| ||49|1063523132| |9999868992| |9999868992|||0|1| |1520.18|15-Oct-2019|1|5|A|10|0.0|304.03|0|4|0.0|0.0|0|0|0|0|0|0|0|0|0|0|0|0|0|||||15-Oct-2019|951.0|0|0||Z733|Z733|N|F0280|N|Z653|Y|N1830|Y|E1121|Y|N182|N|E1129|N|G43719|Y|E785|Y|N181|N|E1121|Y|E781|Y|R931|Y|E119|Y|I259|Y|E8881|Y|E669|Y|R7303|Y|D649|Y|I10|Y|Z560|Y|R4689|Y|||||||||| | | | | | | | | | | | | | | | | | | | | | |GZ3|15-Oct-2019|Z741|15-Oct-2019|Z9181|15-Oct-2019|Z1331|15-Oct-2019|Z1331|15-Oct-2019|||||||||||||||||||||||||||||||||||||||||0|0||3|450|M1069|3.0|2019-10-16T00:00:00|hospital_B|hospital_B_20191015
-10000010282387|-10000931260481|V|60|15-Oct-2019|15-Oct-2019|18-Oct-2019||3|491581|1|1|1|| |1520.18|0.0| ||49|1063523132| |9999868992| |9999868992|||0|1| |1520.18|15-Oct-2019|1|5|A|10|0.0|304.03|0|4|0.0|0.0|0|0|0|0|0|0|0|0|0|0|0|0|0|||||15-Oct-2019|951.0|0|0||Z733|Z733|N|F0280|N|Z653|Y|N1830|Y|E1121|Y|N182|N|E1129|N|G43719|Y|E785|Y|N181|N|E1121|Y|E781|Y|R931|Y|E119|Y|I259|Y|E8881|Y|E669|Y|R7303|Y|D649|Y|I10|Y|Z560|Y|R4689|Y|||||||||| | | | | | | | | | | | | | | | | | | | | | |GZ3|15-Oct-2019|Z741|15-Oct-2019|Z9181|15-Oct-2019|Z1331|15-Oct-2019|Z1331|15-Oct-2019|||||||||||||||||||||||||||||||||||||||||0|0||4|450|G0444|3.0|2019-10-16T00:00:00|hospital_B|hospital_B_20191015
-10000010282387|-10000931260481|V|60|15-Oct-2019|15-Oct-2019|18-Oct-2019||3|491581|1|1|1|| |1520.18|0.0| ||49|1063523132| |9999868992| |9999868992|||0|1| |1520.18|15-Oct-2019|1|5|A|10|0.0|304.03|0|4|0.0|0.0|0|0|0|0|0|0|0|0|0|0|0|0|0|||||15-Oct-2019|951.0|0|0||Z733|Z733|N|F0280|N|Z653|Y|N1830|Y|E1121|Y|N182|N|E1129|N|G43719|Y|E785|Y|N181|N|E1121|Y|E781|Y|R931|Y|E119|Y|I259|Y|E8881|Y|E669|Y|R7303|Y|D649|Y|I10|Y|Z560|Y|R4689|Y|||||||||| | | | | | | | | | | | | | | | | | | | | | |GZ3|15-Oct-2019|Z741|15-Oct-2019|Z9181|15-Oct-2019|Z1331|15-Oct-2019|Z1331|15-Oct-2019|||||||||||||||||||||||||||||||||||||||||0|0||5|450|G0444|3.0|2019-10-16T00:00:00|hospital_B|hospital_B_20191015
SYN_BENE_91DC791DA7A0|SYN_CLM_5765525655A4|V|60|15-Oct-2019|15-Oct-2019|18-Oct-2019||3|491581|1|1|1|| |1520.18|0.0| ||49|1063523132| |9999868992| |9999868992|||0|1| |1520.18|15-Oct-2019|1|5|A|10|0.0|304.03|0|4|0.0|0.0|0|0|0|0|0|0|0|0|0|0|0|0|0|||||15-Oct-2019|951.0|0|0||Z733|Z733|N|F0280|N|Z653|Y|N1830|Y|E1121|Y|N182|N|E1129|N|G43719|Y|E785|Y|N181|N|E1121|Y|E781|Y|R931|Y|E119|Y|I259|Y|E8881|Y|E669|Y|R7303|Y|D649|Y|I10|Y|Z560|Y|R4689|Y|||||||||| | | | | | | | | | | | | | | | | | | | | | |GZ3|15-Oct-2019|Z741|15-Oct-2019|Z9181|15-Oct-2019|Z1331|15-Oct-2019|Z1331|15-Oct-2019|||||||||||||||||||||||||||||||||||||||||0|0||1|450|99495|3.0|2019-10-16T00:00:00|hospital_B|hospital_B_20191015
SYN_BENE_91DC791DA7A0|SYN_CLM_5765525655A4|V|60|15-Oct-2019|15-Oct-2019|18-Oct-2019||3|491581|1|1|1|| |1520.18|0.0| ||49|1063523132| |9999868992| |9999868992|||0|1| |1520.18|15-Oct-2019|1|5|A|10|0.0|304.03|0|4|0.0|0.0|0|0|0|0|0|0|0|0|0|0|0|0|0|||||15-Oct-2019|951.0|0|0||Z733|Z733|N|F0280|N|Z653|Y|N1830|Y|E1121|Y|N182|N|E1129|N|G43719|Y|E785|Y|N181|N|E1121|Y|E781|Y|R931|Y|E119|Y|I259|Y|E8881|Y|E669|Y|R7303|Y|D649|Y|I10|Y|Z560|Y|R4689|Y|||||||||| | | | | | | | | | | | | | | | | | | | | | |GZ3|15-Oct-2019|Z741|15-Oct-2019|Z9181|15-Oct-2019|Z1331|15-Oct-2019|Z1331|15-Oct-2019|||||||||||||||||||||||||||||||||||||||||0|0||2|450|96156|3.0|2019-10-16T00:00:00|hospital_B|hospital_B_20191015
SYN_BENE_91DC791DA7A0|SYN_CLM_5765525655A4|V|60|15-Oct-2019|15-Oct-2019|18-Oct-2019||3|491581|1|1|1|| |1520.18|0.0| ||49|1063523132| |9999868992| |9999868992|||0|1| |1520.18|15-Oct-2019|1|5|A|10|0.0|304.03|0|4|0.0|0.0|0|0|0|0|0|0|0|0|0|0|0|0|0|||||15-Oct-2019|951.0|0|0||Z733|Z733|N|F0280|N|Z653|Y|N1830|Y|E1121|Y|N182|N|E1129|N|G43719|Y|E785|Y|N181|N|E1121|Y|E781|Y|R931|Y|E119|Y|I259|Y|E8881|Y|E669|Y|R7303|Y|D649|Y|I10|Y|Z560|Y|R4689|Y|||||||||| | | | | | | | | | | | | | | | | | | | | | |GZ3|15-Oct-2019|Z741|15-Oct-2019|Z9181|15-Oct-2019|Z1331|15-Oct-2019|Z1331|15-Oct-2019|||||||||||||||||||||||||||||||||||||||||0|0||3|450|M1069|3.0|2019-10-16T00:00:00|hospital_B|hospital_B_20191015
SYN_BENE_91DC791DA7A0|SYN_CLM_5765525655A4|V|60|15-Oct-2019|15-Oct-2019|18-Oct-2019||3|491581|1|1|1|| |1520.18|0.0| ||49|1063523132| |9999868992| |9999868992|||0|1| |1520.18|15-Oct-2019|1|5|A|10|0.0|304.03|0|4|0.0|0.0|0|0|0|0|0|0|0|0|0|0|0|0|0|||||15-Oct-2019|951.0|0|0||Z733|Z733|N|F0280|N|Z653|Y|N1830|Y|E1121|Y|N182|N|E1129|N|G43719|Y|E785|Y|N181|N|E1121|Y|E781|Y|R931|Y|E119|Y|I259|Y|E8881|Y|E669|Y|R7303|Y|D649|Y|I10|Y|Z560|Y|R4689|Y|||||||||| | | | | | | | | | | | | | | | | | | | | | |GZ3|15-Oct-2019|Z741|15-Oct-2019|Z9181|15-Oct-2019|Z1331|15-Oct-2019|Z1331|15-Oct-2019|||||||||||||||||||||||||||||||||||||||||0|0||4|450|G0444|3.0|2019-10-16T00:00:00|hospital_B|hospital_B_20191015
SYN_BENE_91DC791DA7A0|SYN_CLM_5765525655A4|V|60|15-Oct-2019|15-Oct-2019|18-Oct-2019||3|491581|1|1|1|| |1520.18|0.0| ||49|1063523132| |9999868992| |9999868992|||0|1| |1520.18|15-Oct-2019|1|5|A|10|0.0|304.03|0|4|0.0|0.0|0|0|0|0|0|0|0|0|0|0|0|0|0|||||15-Oct-2019|951.0|0|0||Z733|Z733|N|F0280|N|Z653|Y|N1830|Y|E1121|Y|N182|N|E1129|N|G43719|Y|E785|Y|N181|N|E1121|Y|E781|Y|R931|Y|E119|Y|I259|Y|E8881|Y|E669|Y|R7303|Y|D649|Y|I10|Y|Z560|Y|R4689|Y|||||||||| | | | | | | | | | | | | | | | | | | | | | |GZ3|15-Oct-2019|Z741|15-Oct-2019|Z9181|15-Oct-2019|Z1331|15-Oct-2019|Z1331|15-Oct-2019|||||||||||||||||||||||||||||||||||||||||0|0||5|450|G0444|3.0|2019-10-16T00:00:00|hospital_B|hospital_B_20191015
SYN_BENE_31CEEC7F965D|SYN_CLM_AA54F09517EA|V|60|15-Oct-2019|15-Oct-2019|18-Oct-2019||3|491581|1|1|1|| |1520.18|0.0| ||49|1063523132| |9999868992| |9999868992|||0|1| |1520.18|15-Oct-2019|1|5|A|10|0.0|304.03|0|4|0.0|0.0|0|0|0|0|0|0|0|0|0|0|0|0|0|||||15-Oct-2019|951.0|0|0||Z733|Z733|N|F0280|N|Z653|Y|N1830|Y|E1121|Y|N182|N|E1129|N|G43719|Y|E785|Y|N181|N|E1121|Y|E781|Y|R931|Y|E119|Y|I259|Y|E8881|Y|E669|Y|R7303|Y|D649|Y|I10|Y|Z560|Y|R4689|Y|||||||||| | | | | | | | | | | | | | | | | | | | | | |GZ3|15-Oct-2019|Z741|15-Oct-2019|Z9181|15-Oct-2019|Z1331|15-Oct-2019|Z1331|15-Oct-2019|||||||||||||||||||||||||||||||||||||||||0|0||1|450|99495|3.0|2019-10-16T00:00:00|hospital_B|hospital_B_20191015
SYN_BENE_31CEEC7F965D|SYN_CLM_AA54F09517EA|V|60|15-Oct-2019|15-Oct-2019|18-Oct-2019||3|491581|1|1|1|| |1520.18|0.0| ||49|1063523132| |9999868992| |9999868992|||0|1| |1520.18|15-Oct-2019|1|5|A|10|0.0|304.03|0|4|0.0|0.0|0|0|0|0|0|0|0|0|0|0|0|0|0|||||15-Oct-2019|951.0|0|0||Z733|Z733|N|F0280|N|Z653|Y|N1830|Y|E1121|Y|N182|N|E1129|N|G43719|Y|E785|Y|N181|N|E1121|Y|E781|Y|R931|Y|E119|Y|I259|Y|E8881|Y|E669|Y|R7303|Y|D649|Y|I10|Y|Z560|Y|R4689|Y|||||||||| | | | | | | | | | | | | | | | | | | | | | |GZ3|15-Oct-2019|Z741|15-Oct-2019|Z9181|15-Oct-2019|Z1331|15-Oct-2019|Z1331|15-Oct-2019|||||||||||||||||||||||||||||||||||||||||0|0||2|450|96156|3.0|2019-10-16T00:00:00|hospital_B|hospital_B_20191015
SYN_BENE_31CEEC7F965D|SYN_CLM_AA54F09517EA|V|60|15-Oct-2019|15-Oct-2019|18-Oct-2019||3|491581|1|1|1|| |1520.18|0.0| ||49|1063523132| |9999868992| |9999868992|||0|1| |1520.18|15-Oct-2019|1|5|A|10|0.0|304.03|0|4|0.0|0.0|0|0|0|0|0|0|0|0|0|0|0|0|0|||||15-Oct-2019|951.0|0|0||Z733|Z733|N|F0280|N|Z653|Y|N1830|Y|E1121|Y|N182|N|E1129|N|G43719|Y|E785|Y|N181|N|E1121|Y|E781|Y|R931|Y|E119|Y|I259|Y|E8881|Y|E669|Y|R7303|Y|D649|Y|I10|Y|Z560|Y|R4689|Y|||||||||| | | | | | | | | | | | | | | | | | | | | | |GZ3|15-Oct-2019|Z741|15-Oct-2019|Z9181|15-Oct-2019|Z1331|15-Oct-2019|Z1331|15-Oct-2019|||||||||||||||||||||||||||||||||||||||||0|0||3|450|M1069|3.0|2019-10-16T00:00:00|hospital_B|hospital_B_20191015
SYN_BENE_31CEEC7F965D|SYN_CLM_AA54F09517EA|V|60|15-Oct-2019|15-Oct-2019|18-Oct-2019||3|491581|1|1|1|| |1520.18|0.0| ||49|1063523132| |9999868992| |9999868992|||0|1| |1520.18|15-Oct-2019|1|5|A|10|0.0|304.03|0|4|0.0|0.0|0|0|0|0|0|0|0|0|0|0|0|0|0|||||15-Oct-2019|951.0|0|0||Z733|Z733|N|F0280|N|Z653|Y|N1830|Y|E1121|Y|N182|N|E1129|N|G43719|Y|E785|Y|N181|N|E1121|Y|E781|Y|R931|Y|E119|Y|I259|Y|E8881|Y|E669|Y|R7303|Y|D649|Y|I10|Y|Z560|Y|R4689|Y|||||||||| | | | | | | | | | | | | | | | | | | | | | |GZ3|15-Oct-2019|Z741|15-Oct-2019|Z9181|15-Oct-2019|Z1331|15-Oct-2019|Z1331|15-Oct-2019|||||||||||||||||||||||||||||||||||||||||0|0||4|450|G0444|3.0|2019-10-16T00:00:00|hospital_B|hospital_B_20191015
SYN_BENE_31CEEC7F965D|SYN_CLM_AA54F09517EA|V|60|15-Oct-2019|15-Oct-2019|18-Oct-2019||3|491581|1|1|1|| |1520.18|0.0| ||49|1063523132| |9999868992| |9999868992|||0|1| |1520.18|15-Oct-2019|1|5|A|10|0.0|304.03|0|4|0.0|0.0|0|0|0|0|0|0|0|0|0|0|0|0|0|||||15-Oct-2019|951.0|0|0||Z733|Z733|N|F0280|N|Z653|Y|N1830|Y|E1121|Y|N182|N|E1129|N|G43719|Y|E785|Y|N181|N|E1121|Y|E781|Y|R931|Y|E119|Y|I259|Y|E8881|Y|E669|Y|R7303|Y|D649|Y|I10|Y|Z560|Y|R4689|Y|||||||||| | | | | | | | | | | | | | | | | | | | | | |GZ3|15-Oct-2019|Z741|15-Oct-2019|Z9181|15-Oct-2019|Z1331|15-Oct-2019|Z1331|15-Oct-2019|||||||||||||||||||||||||||||||||||||||||0|0||5|450|G0444|3.0|2019-10-16T00:00:00|hospital_B|hospital_B_20191015
SYN_BENE_85C4DBA7F0E8|SYN_CLM_EAA074281B9D|V|60|15-Oct-2019|15-Oct-2019|18-Oct-2019||3|491581|1|1|1|| |1520.18|0.0| ||49|1063523132| |9999868992| |9999868992|||0|1| |1520.18|15-Oct-2019|1|5|A|10|0.0|304.03|0|4|0.0|0.0|0|0|0|0|0|0|0|0|0|0|0|0|0|||||15-Oct-2019|951.0|0|0||Z733|Z733|N|F0280|N|Z653|Y|N1830|Y|E1121|Y|N182|N|E1129|N|G43719|Y|E785|Y|N181|N|E1121|Y|E781|Y|R931|Y|E119|Y|I259|Y|E8881|Y|E669|Y|R7303|Y|D649|Y|I10|Y|Z560|Y|R4689|Y|||||||||| | | | | | | | | | | | | | | | | | | | | | |GZ3|15-Oct-2019|Z741|15-Oct-2019|Z9181|15-Oct-2019|Z1331|15-Oct-2019|Z1331|15-Oct-2019|||||||||||||||||||||||||||||||||||||||||0|0||1|450|99495|3.0|2019-10-16T00:00:00|hospital_B|hospital_B_20191015
SYN_BENE_85C4DBA7F0E8|SYN_CLM_EAA074281B9D|V|60|15-Oct-2019|15-Oct-2019|18-Oct-2019||3|491581|1|1|1|| |1520.18|0.0| ||49|1063523132| |9999868992| |9999868992|||0|1| |1520.18|15-Oct-2019|1|5|A|10|0.0|304.03|0|4|0.0|0.0|0|0|0|0|0|0|0|0|0|0|0|0|0|||||15-Oct-2019|951.0|0|0||Z733|Z733|N|F0280|N|Z653|Y|N1830|Y|E1121|Y|N182|N|E1129|N|G43719|Y|E785|Y|N181|N|E1121|Y|E781|Y|R931|Y|E119|Y|I259|Y|E8881|Y|E669|Y|R7303|Y|D649|Y|I10|Y|Z560|Y|R4689|Y|||||||||| | | | | | | | | | | | | | | | | | | | | | |GZ3|15-Oct-2019|Z741|15-Oct-2019|Z9181|15-Oct-2019|Z1331|15-Oct-2019|Z1331|15-Oct-2019|||||||||||||||||||||||||||||||||||||||||0|0||2|450|96156|3.0|2019-10-16T00:00:00|hospital_B|hospital_B_20191015
SYN_BENE_85C4DBA7F0E8|SYN_CLM_EAA074281B9D|V|60|15-Oct-2019|15-Oct-2019|18-Oct-2019||3|491581|1|1|1|| |1520.18|0.0| ||49|1063523132| |9999868992| |9999868992|||0|1| |1520.18|15-Oct-2019|1|5|A|10|0.0|304.03|0|4|0.0|0.0|0|0|0|0|0|0|0|0|0|0|0|0|0|||||15-Oct-2019|951.0|0|0||Z733|Z733|N|F0280|N|Z653|Y|N1830|Y|E1121|Y|N182|N|E1129|N|G43719|Y|E785|Y|N181|N|E1121|Y|E781|Y|R931|Y|E119|Y|I259|Y|E8881|Y|E669|Y|R7303|Y|D649|Y|I10|Y|Z560|Y|R4689|Y|||||||||| | | | | | | | | | | | | | | | | | | | | | |GZ3|15-Oct-2019|Z741|15-Oct-2019|Z9181|15-Oct-2019|Z1331|15-Oct-2019|Z1331|15-Oct-2019|||||||||||||||||||||||||||||||||||||||||0|0||3|450|M1069|3.0|2019-10-16T00:00:00|hospital_B|hospital_B_20191015
SYN_BENE_85C4DBA7F0E8|SYN_CLM_EAA074281B9D|V|60|15-Oct-2019|15-Oct-2019|18-Oct-2019||3|491581|1|1|1|| |1520.18|0.0| ||49|1063523132| |9999868992| |9999868992|||0|1| |1520.18|15-Oct-2019|1|5|A|10|0.0|304.03|0|4|0.0|0.0|0|0|0|0|0|0|0|0|0|0|0|0|0|||||15-Oct-2019|951.0|0|0||Z733|Z733|N|F0280|N|Z653|Y|N1830|Y|E1121|Y|N182|N|E1129|N|G43719|Y|E785|Y|N181|N|E1121|Y|E781|Y|R931|Y|E119|Y|I259|Y|E8881|Y|E669|Y|R7303|Y|D649|Y|I10|Y|Z560|Y|R4689|Y|||||||||| | | | | | | | | | | | | | | | | | | | | | |GZ3|15-Oct-2019|Z741|15-Oct-2019|Z9181|15-Oct-2019|Z1331|15-Oct-2019|Z1331|15-Oct-2019|||||||||||||||||||||||||||||||||||||||||0|0||4|450|G0444|3.0|2019-10-16T00:00:00|hospital_B|hospital_B_20191015
SYN_BENE_85C4DBA7F0E8|SYN_CLM_EAA074281B9D|V|60|15-Oct-2019|15-Oct-2019|18-Oct-2019||3|491581|1|1|1|| |1520.18|0.0| ||49|1063523132| |9999868992| |9999868992|||0|1| |1520.18|15-Oct-2019|1|5|A|10|0.0|304.03|0|4|0.0|0.0|0|0|0|0|0|0|0|0|0|0|0|0|0|||||15-Oct-2019|951.0|0|0||Z733|Z733|N|F0280|N|Z653|Y|N1830|Y|E1121|Y|N182|N|E1129|N|G43719|Y|E785|Y|N181|N|E1121|Y|E781|Y|R931|Y|E119|Y|I259|Y|E8881|Y|E669|Y|R7303|Y|D649|Y|I10|Y|Z560|Y|R4689|Y|||||||||| | | | | | | | | | | | | | | | | | | | | | |GZ3|15-Oct-2019|Z741|15-Oct-2019|Z9181|15-Oct-2019|Z1331|15-Oct-2019|Z1331|15-Oct-2019|||||||||||||||||||||||||||||||||||||||||0|0||5|450|G0444|3.0|2019-10-16T00:00:00|hospital_B|hospital_B_20191015
SYN_BENE_108FC9CBB513|SYN_CLM_B671831DC630|V|60|15-Oct-2019|15-Oct-2019|18-Oct-2019||3|491581|1|1|1|| |1520.18|0.0| ||49|1063523132| |9999868992| |9999868992|||0|1| |1520.18|15-Oct-2019|1|5|A|10|0.0|304.03|0|4|0.0|0.0|0|0|0|0|0|0|0|0|0|0|0|0|0|||||15-Oct-2019|951.0|0|0||Z733|Z733|N|F0280|N|Z653|Y|N1830|Y|E1121|Y|N182|N|E1129|N|G43719|Y|E785|Y|N181|N|E1121|Y|E781|Y|R931|Y|E119|Y|I259|Y|E8881|Y|E669|Y|R7303|Y|D649|Y|I10|Y|Z560|Y|R4689|Y|||||||||| | | | | | | | | | | | | | | | | | | | | | |GZ3|15-Oct-2019|Z741|15-Oct-2019|Z9181|15-Oct-2019|Z1331|15-Oct-2019|Z1331|15-Oct-2019|||||||||||||||||||||||||||||||||||||||||0|0||1|450|99495|3.0|2019-10-16T00:00:00|hospital_B|hospital_B_20191015
SYN_BENE_108FC9CBB513|SYN_CLM_B671831DC630|V|60|15-Oct-2019|15-Oct-2019|18-Oct-2019||3|491581|1|1|1|| |1520.18|0.0| ||49|1063523132| |9999868992| |9999868992|||0|1| |1520.18|15-Oct-2019|1|5|A|10|0.0|304.03|0|4|0.0|0.0|0|0|0|0|0|0|0|0|0|0|0|0|0|||||15-Oct-2019|951.0|0|0||Z733|Z733|N|F0280|N|Z653|Y|N1830|Y|E1121|Y|N182|N|E1129|N|G43719|Y|E785|Y|N181|N|E1121|Y|E781|Y|R931|Y|E119|Y|I259|Y|E8881|Y|E669|Y|R7303|Y|D649|Y|I10|Y|Z560|Y|R4689|Y|||||||||| | | | | | | | | | | | | | | | | | | | | | |GZ3|15-Oct-2019|Z741|15-Oct-2019|Z9181|15-Oct-2019|Z1331|15-Oct-2019|Z1331|15-Oct-2019|||||||||||||||||||||||||||||||||||||||||0|0||2|450|96156|3.0|2019-10-16T00:00:00|hospital_B|hospital_B_20191015
SYN_BENE_108FC9CBB513|SYN_CLM_B671831DC630|V|60|15-Oct-2019|15-Oct-2019|18-Oct-2019||3|491581|1|1|1|| |1520.18|0.0| ||49|1063523132| |9999868992| |9999868992|||0|1| |1520.18|15-Oct-2019|1|5|A|10|0.0|304.03|0|4|0.0|0.0|0|0|0|0|0|0|0|0|0|0|0|0|0|||||15-Oct-2019|951.0|0|0||Z733|Z733|N|F0280|N|Z653|Y|N1830|Y|E1121|Y|N182|N|E1129|N|G43719|Y|E785|Y|N181|N|E1121|Y|E781|Y|R931|Y|E119|Y|I259|Y|E8881|Y|E669|Y|R7303|Y|D649|Y|I10|Y|Z560|Y|R4689|Y|||||||||| | | | | | | | | | | | | | | | | | | | | | |GZ3|15-Oct-2019|Z741|15-Oct-2019|Z9181|15-Oct-2019|Z1331|15-Oct-2019|Z1331|15-Oct-2019|||||||||||||||||||||||||||||||||||||||||0|0||3|450|M1069|3.0|2019-10-16T00:00:00|hospital_B|hospital_B_20191015
SYN_BENE_108FC9CBB513|SYN_CLM_B671831DC630|V|60|15-Oct-2019|15-Oct-2019|18-Oct-2019||3|491581|1|1|1|| |1520.18|0.0| ||49|1063523132| |9999868992| |9999868992|||0|1| |1520.18|15-Oct-2019|1|5|A|10|0.0|304.03|0|4|0.0|0.0|0|0|0|0|0|0|0|0|0|0|0|0|0|||||15-Oct-2019|951.0|0|0||Z733|Z733|N|F0280|N|Z653|Y|N1830|Y|E1121|Y|N182|N|E1129|N|G43719|Y|E785|Y|N181|N|E1121|Y|E781|Y|R931|Y|E119|Y|I259|Y|E8881|Y|E669|Y|R7303|Y|D649|Y|I10|Y|Z560|Y|R4689|Y|||||||||| | | | | | | | | | | | | | | | | | | | | | |GZ3|15-Oct-2019|Z741|15-Oct-2019|Z9181|15-Oct-2019|Z1331|15-Oct-2019|Z1331|15-Oct-2019|||||||||||||||||||||||||||||||||||||||||0|0||4|450|G0444|3.0|2019-10-16T00:00:00|hospital_B|hospital_B_20191015
SYN_BENE_108FC9CBB513|SYN_CLM_B671831DC630|V|60|15-Oct-2019|15-Oct-2019|18-Oct-2019||3|491581|1|1|1|| |1520.18|0.0| ||49|1063523132| |9999868992| |9999868992|||0|1| |1520.18|15-Oct-2019|1|5|A|10|0.0|304.03|0|4|0.0|0.0|0|0|0|0|0|0|0|0|0|0|0|0|0|||||15-Oct-2019|951.0|0|0||Z733|Z733|N|F0280|N|Z653|Y|N1830|Y|E1121|Y|N182|N|E1129|N|G43719|Y|E785|Y|N181|N|E1121|Y|E781|Y|R931|Y|E119|Y|I259|Y|E8881|Y|E669|Y|R7303|Y|D649|Y|I10|Y|Z560|Y|R4689|Y|||||||||| | | | | | | | | | | | | | | | | | | | | | |GZ3|15-Oct-2019|Z741|15-Oct-2019|Z9181|15-Oct-2019|Z1331|15-Oct-2019|Z1331|15-Oct-2019|||||||||||||||||||||||||||||||||||||||||0|0||5|450|G0444|3.0|2019-10-16T00:00:00|hospital_B|hospital_B_20191015
SYN_BENE_FB21DDD8FB7B|SYN_CLM_2CA77E8628B4|V|60|15-Oct-2019|15-Oct-2019|18-Oct-2019||3|491581|1|1|1|| |1520.18|0.0| ||49|1063523132| |9999868992| |9999868992|||0|1| |1520.18|15-Oct-2019|1|5|A|10|0.0|304.03|0|4|0.0|0.0|0|0|0|0|0|0|0|0|0|0|0|0|0|||||15-Oct-2019|951.0|0|0||Z733|Z733|N|F0280|N|Z653|Y|N1830|Y|E1121|Y|N182|N|E1129|N|G43719|Y|E785|Y|N181|N|E1121|Y|E781|Y|R931|Y|E119|Y|I259|Y|E8881|Y|E669|Y|R7303|Y|D649|Y|I10|Y|Z560|Y|R4689|Y|||||||||| | | | | | | | | | | | | | | | | | | | | | |GZ3|15-Oct-2019|Z741|15-Oct-2019|Z9181|15-Oct-2019|Z1331|15-Oct-2019|Z1331|15-Oct-2019|||||||||||||||||||||||||||||||||||||||||0|0||1|450|99495|3.0|2019-10-16T00:00:00|hospital_B|hospital_B_20191015
SYN_BENE_FB21DDD8FB7B|SYN_CLM_2CA77E8628B4|V|60|15-Oct-2019|15-Oct-2019|18-Oct-2019||3|491581|1|1|1|| |1520.18|0.0| ||49|1063523132| |9999868992| |9999868992|||0|1| |1520.18|15-Oct-2019|1|5|A|10|0.0|304.03|0|4|0.0|0.0|0|0|0|0|0|0|0|0|0|0|0|0|0|||||15-Oct-2019|951.0|0|0||Z733|Z733|N|F0280|N|Z653|Y|N1830|Y|E1121|Y|N182|N|E1129|N|G43719|Y|E785|Y|N181|N|E1121|Y|E781|Y|R931|Y|E119|Y|I259|Y|E8881|Y|E669|Y|R7303|Y|D649|Y|I10|Y|Z560|Y|R4689|Y|||||||||| | | | | | | | | | | | | | | | | | | | | | |GZ3|15-Oct-2019|Z741|15-Oct-2019|Z9181|15-Oct-2019|Z1331|15-Oct-2019|Z1331|15-Oct-2019|||||||||||||||||||||||||||||||||||||||||0|0||2|450|96156|3.0|2019-10-16T00:00:00|hospital_B|hospital_B_20191015
SYN_BENE_FB21DDD8FB7B|SYN_CLM_2CA77E8628B4|V|60|15-Oct-2019|15-Oct-2019|18-Oct-2019||3|491581|1|1|1|| |1520.18|0.0| ||49|1063523132| |9999868992| |9999868992|||0|1| |1520.18|15-Oct-2019|1|5|A|10|0.0|304.03|0|4|0.0|0.0|0|0|0|0|0|0|0|0|0|0|0|0|0|||||15-Oct-2019|951.0|0|0||Z733|Z733|N|F0280|N|Z653|Y|N1830|Y|E1121|Y|N182|N|E1129|N|G43719|Y|E785|Y|N181|N|E1121|Y|E781|Y|R931|Y|E119|Y|I259|Y|E8881|Y|E669|Y|R7303|Y|D649|Y|I10|Y|Z560|Y|R4689|Y|||||||||| | | | | | | | | | | | | | | | | | | | | | |GZ3|15-Oct-2019|Z741|15-Oct-2019|Z9181|15-Oct-2019|Z1331|15-Oct-2019|Z1331|15-Oct-2019|||||||||||||||||||||||||||||||||||||||||0|0||3|450|M1069|3.0|2019-10-16T00:00:00|hospital_B|hospital_B_20191015
SYN_BENE_FB21DDD8FB7B|SYN_CLM_2CA77E8628B4|V|60|15-Oct-2019|15-Oct-2019|18-Oct-2019||3|491581|1|1|1|| |1520.18|0.0| ||49|1063523132| |9999868992| |9999868992|||0|1| |1520.18|15-Oct-2019|1|5|A|10|0.0|304.03|0|4|0.0|0.0|0|0|0|0|0|0|0|0|0|0|0|0|0|||||15-Oct-2019|951.0|0|0||Z733|Z733|N|F0280|N|Z653|Y|N1830|Y|E1121|Y|N182|N|E1129|N|G43719|Y|E785|Y|N181|N|E1121|Y|E781|Y|R931|Y|E119|Y|I259|Y|E8881|Y|E669|Y|R7303|Y|D649|Y|I10|Y|Z560|Y|R4689|Y|||||||||| | | | | | | | | | | | | | | | | | | | | | |GZ3|15-Oct-2019|Z741|15-Oct-2019|Z9181|15-Oct-2019|Z1331|15-Oct-2019|Z1331|15-Oct-2019|||||||||||||||||||||||||||||||||||||||||0|0||4|450|G0444|3.0|2019-10-16T00:00:00|hospital_B|hospital_B_20191015
SYN_BENE_FB21DDD8FB7B|SYN_CLM_2CA77E8628B4|V|60|15-Oct-2019|15-Oct-2019|18-Oct-2019||3|491581|1|1|1|| |1520.18|0.0| ||49|1063523132| |9999868992| |9999868992|||0|1| |1520.18|15-Oct-2019|1|5|A|10|0.0|304.03|0|4|0.0|0.0|0|0|0|0|0|0|0|0|0|0|0|0|0|||||15-Oct-2019|951.0|0|0||Z733|Z733|N|F0280|N|Z653|Y|N1830|Y|E1121|Y|N182|N|E1129|N|G43719|Y|E785|Y|N181|N|E1121|Y|E781|Y|R931|Y|E119|Y|I259|Y|E8881|Y|E669|Y|R7303|Y|D649|Y|I10|Y|Z560|Y|R4689|Y|||||||||| | | | | | | | | | | | | | | | | | | | | | |GZ3|15-Oct-2019|Z741|15-Oct-2019|Z9181|15-Oct-2019|Z1331|15-Oct-2019|Z1331|15-Oct-2019|||||||||||||||||||||||||||||||||||||||||0|0||5|450|G0444|3.0|2019-10-16T00:00:00|hospital_B|hospital_B_20191015
SYN_BENE_4C538A6134B0|SYN_CLM_4F79B4FA748A|V|60|15-Oct-2019|15-Oct-2019|18-Oct-2019||3|491581|1|1|1|| |1520.18|0.0| ||49|1063523132| |9999868992| |9999868992|||0|1| |1520.18|15-Oct-2019|1|5|A|10|0.0|304.03|0|4|0.0|0.0|0|0|0|0|0|0|0|0|0|0|0|0|0|||||15-Oct-2019|951.0|0|0||Z733|Z733|N|F0280|N|Z653|Y|N1830|Y|E1121|Y|N182|N|E1129|N|G43719|Y|E785|Y|N181|N|E1121|Y|E781|Y|R931|Y|E119|Y|I259|Y|E8881|Y|E669|Y|R7303|Y|D649|Y|I10|Y|Z560|Y|R4689|Y|||||||||| | | | | | | | | | | | | | | | | | | | | | |GZ3|15-Oct-2019|Z741|15-Oct-2019|Z9181|15-Oct-2019|Z1331|15-Oct-2019|Z1331|15-Oct-2019|||||||||||||||||||||||||||||||||||||||||0|0||1|450|99495|3.0|2019-10-16T00:00:00|hospital_B|hospital_B_20191015
SYN_BENE_4C538A6134B0|SYN_CLM_4F79B4FA748A|V|60|15-Oct-2019|15-Oct-2019|18-Oct-2019||3|491581|1|1|1|| |1520.18|0.0| ||49|1063523132| |9999868992| |9999868992|||0|1| |1520.18|15-Oct-2019|1|5|A|10|0.0|304.03|0|4|0.0|0.0|0|0|0|0|0|0|0|0|0|0|0|0|0|||||15-Oct-2019|951.0|0|0||Z733|Z733|N|F0280|N|Z653|Y|N1830|Y|E1121|Y|N182|N|E1129|N|G43719|Y|E785|Y|N181|N|E1121|Y|E781|Y|R931|Y|E119|Y|I259|Y|E8881|Y|E669|Y|R7303|Y|D649|Y|I10|Y|Z560|Y|R4689|Y|||||||||| | | | | | | | | | | | | | | | | | | | | | |GZ3|15-Oct-2019|Z741|15-Oct-2019|Z9181|15-Oct-2019|Z1331|15-Oct-2019|Z1331|15-Oct-2019|||||||||||||||||||||||||||||||||||||||||0|0||2|450|96156|3.0|2019-10-16T00:00:00|hospital_B|hospital_B_20191015
SYN_BENE_4C538A6134B0|SYN_CLM_4F79B4FA748A|V|60|15-Oct-2019|15-Oct-2019|18-Oct-2019||3|491581|1|1|1|| |1520.18|0.0| ||49|1063523132| |9999868992| |9999868992|||0|1| |1520.18|15-Oct-2019|1|5|A|10|0.0|304.03|0|4|0.0|0.0|0|0|0|0|0|0|0|0|0|0|0|0|0|||||15-Oct-2019|951.0|0|0||Z733|Z733|N|F0280|N|Z653|Y|N1830|Y|E1121|Y|N182|N|E1129|N|G43719|Y|E785|Y|N181|N|E1121|Y|E781|Y|R931|Y|E119|Y|I259|Y|E8881|Y|E669|Y|R7303|Y|D649|Y|I10|Y|Z560|Y|R4689|Y|||||||||| | | | | | | | | | | | | | | | | | | | | | |GZ3|15-Oct-2019|Z741|15-Oct-2019|Z9181|15-Oct-2019|Z1331|15-Oct-2019|Z1331|15-Oct-2019|||||||||||||||||||||||||||||||||||||||||0|0||3|450|M1069|3.0|2019-10-16T00:00:00|hospital_B|hospital_B_20191015
SYN_BENE_4C538A6134B0|SYN_CLM_4F79B4FA748A|V|60|15-Oct-2019|15-Oct-2019|18-Oct-2019||3|491581|1|1|1|| |1520.18|0.0| ||49|1063523132| |9999868992| |9999868992|||0|1| |1520.18|15-Oct-2019|1|5|A|10|0.0|304.03|0|4|0.0|0.0|0|0|0|0|0|0|0|0|0|0|0|0|0|||||15-Oct-2019|951.0|0|0||Z733|Z733|N|F0280|N|Z653|Y|N1830|Y|E1121|Y|N182|N|E1129|N|G43719|Y|E785|Y|N181|N|E1121|Y|E781|Y|R931|Y|E119|Y|I259|Y|E8881|Y|E669|Y|R7303|Y|D649|Y|I10|Y|Z560|Y|R4689|Y|||||||||| | | | | | | | | | | | | | | | | | | | | | |GZ3|15-Oct-2019|Z741|15-Oct-2019|Z9181|15-Oct-2019|Z1331|15-Oct-2019|Z1331|15-Oct-2019|||||||||||||||||||||||||||||||||||||||||0|0||4|450|G0444|3.0|2019-10-16T00:00:00|hospital_B|hospital_B_20191015
SYN_BENE_4C538A6134B0|SYN_CLM_4F79B4FA748A|V|60|15-Oct-2019|15-Oct-2019|18-Oct-2019||3|491581|1|1|1|| |1520.18|0.0| ||49|1063523132| |9999868992| |9999868992|||0|1| |1520.18|15-Oct-2019|1|5|A|10|0.0|304.03|0|4|0.0|0.0|0|0|0|0|0|0|0|0|0|0|0|0|0|||||15-Oct-2019|951.0|0|0||Z733|Z733|N|F0280|N|Z653|Y|N1830|Y|E1121|Y|N182|N|E1129|N|G43719|Y|E785|Y|N181|N|E1121|Y|E781|Y|R931|Y|E119|Y|I259|Y|E8881|Y|E669|Y|R7303|Y|D649|Y|I10|Y|Z560|Y|R4689|Y|||||||||| | | | | | | | | | | | | | | | | | | | | | |GZ3|15-Oct-2019|Z741|15-Oct-2019|Z9181|15-Oct-2019|Z1331|15-Oct-2019|Z1331|15-Oct-2019|||||||||||||||||||||||||||||||||||||||||0|0||5|450|G0444|3.0|2019-10-16T00:00:00|hospital_B|hospital_B_20191015
SYN_BENE_CDF1EE0FC04D|SYN_CLM_A8A48C6B38D1|V|60|15-Oct-2019|15-Oct-2019|18-Oct-2019||3|491581|1|1|1|| |1520.18|0.0| ||49|1063523132| |9999868992| |9999868992|||0|1| |1520.18|15-Oct-2019|1|5|A|10|0.0|304.03|0|4|0.0|0.0|0|0|0|0|0|0|0|0|0|0|0|0|0|||||15-Oct-2019|951.0|0|0||Z733|Z733|N|F0280|N|Z653|Y|N1830|Y|E1121|Y|N182|N|E1129|N|G43719|Y|E785|Y|N181|N|E1121|Y|E781|Y|R931|Y|E119|Y|I259|Y|E8881|Y|E669|Y|R7303|Y|D649|Y|I10|Y|Z560|Y|R4689|Y|||||||||| | | | | | | | | | | | | | | | | | | | | | |GZ3|15-Oct-2019|Z741|15-Oct-2019|Z9181|15-Oct-2019|Z1331|15-Oct-2019|Z1331|15-Oct-2019|||||||||||||||||||||||||||||||||||||||||0|0||1|450|99495|3.0|2019-10-16T00:00:00|hospital_B|hospital_B_20191015
SYN_BENE_CDF1EE0FC04D|SYN_CLM_A8A48C6B38D1|V|60|15-Oct-2019|15-Oct-2019|18-Oct-2019||3|491581|1|1|1|| |1520.18|0.0| ||49|1063523132| |9999868992| |9999868992|||0|1| |1520.18|15-Oct-2019|1|5|A|10|0.0|304.03|0|4|0.0|0.0|0|0|0|0|0|0|0|0|0|0|0|0|0|||||15-Oct-2019|951.0|0|0||Z733|Z733|N|F0280|N|Z653|Y|N1830|Y|E1121|Y|N182|N|E1129|N|G43719|Y|E785|Y|N181|N|E1121|Y|E781|Y|R931|Y|E119|Y|I259|Y|E8881|Y|E669|Y|R7303|Y|D649|Y|I10|Y|Z560|Y|R4689|Y|||||||||| | | | | | | | | | | | | | | | | | | | | | |GZ3|15-Oct-2019|Z741|15-Oct-2019|Z9181|15-Oct-2019|Z1331|15-Oct-2019|Z1331|15-Oct-2019|||||||||||||||||||||||||||||||||||||||||0|0||2|450|96156|3.0|2019-10-16T00:00:00|hospital_B|hospital_B_20191015
SYN_BENE_CDF1EE0FC04D|SYN_CLM_A8A48C6B38D1|V|60|15-Oct-2019|15-Oct-2019|18-Oct-2019||3|491581|1|1|1|| |1520.18|0.0| ||49|1063523132| |9999868992| |9999868992|||0|1| |1520.18|15-Oct-2019|1|5|A|10|0.0|304.03|0|4|0.0|0.0|0|0|0|0|0|0|0|0|0|0|0|0|0|||||15-Oct-2019|951.0|0|0||Z733|Z733|N|F0280|N|Z653|Y|N1830|Y|E1121|Y|N182|N|E1129|N|G43719|Y|E785|Y|N181|N|E1121|Y|E781|Y|R931|Y|E119|Y|I259|Y|E8881|Y|E669|Y|R7303|Y|D649|Y|I10|Y|Z560|Y|R4689|Y|||||||||| | | | | | | | | | | | | | | | | | | | | | |GZ3|15-Oct-2019|Z741|15-Oct-2019|Z9181|15-Oct-2019|Z1331|15-Oct-2019|Z1331|15-Oct-2019|||||||||||||||||||||||||||||||||||||||||0|0||3|450|M1069|3.0|2019-10-16T00:00:00|hospital_B|hospital_B_20191015
SYN_BENE_CDF1EE0FC04D|SYN_CLM_A8A48C6B38D1|V|60|15-Oct-2019|15-Oct-2019|18-Oct-2019||3|491581|1|1|1|| |1520.18|0.0| ||49|1063523132| |9999868992| |9999868992|||0|1| |1520.18|15-Oct-2019|1|5|A|10|0.0|304.03|0|4|0.0|0.0|0|0|0|0|0|0|0|0|0|0|0|0|0|||||15-Oct-2019|951.0|0|0||Z733|Z733|N|F0280|N|Z653|Y|N1830|Y|E1121|Y|N182|N|E1129|N|G43719|Y|E785|Y|N181|N|E1121|Y|E781|Y|R931|Y|E119|Y|I259|Y|E8881|Y|E669|Y|R7303|Y|D649|Y|I10|Y|Z560|Y|R4689|Y|||||||||| | | | | | | | | | | | | | | | | | | | | | |GZ3|15-Oct-2019|Z741|15-Oct-2019|Z9181|15-Oct-2019|Z1331|15-Oct-2019|Z1331|15-Oct-2019|||||||||||||||||||||||||||||||||||||||||0|0||4|450|G0444|3.0|2019-10-16T00:00:00|hospital_B|hospital_B_20191015
SYN_BENE_CDF1EE0FC04D|SYN_CLM_A8A48C6B38D1|V|60|15-Oct-2019|15-Oct-2019|18-Oct-2019||3|491581|1|1|1|| |1520.18|0.0| ||49|1063523132| |9999868992| |9999868992|||0|1| |1520.18|15-Oct-2019|1|5|A|10|0.0|304.03|0|4|0.0|0.0|0|0|0|0|0|0|0|0|0|0|0|0|0|||||15-Oct-2019|951.0|0|0||Z733|Z733|N|F0280|N|Z653|Y|N1830|Y|E1121|Y|N182|N|E1129|N|G43719|Y|E785|Y|N181|N|E1121|Y|E781|Y|R931|Y|E119|Y|I259|Y|E8881|Y|E669|Y|R7303|Y|D649|Y|I10|Y|Z560|Y|R4689|Y|||||||||| | | | | | | | | | | | | | | | | | | | | | |GZ3|15-Oct-2019|Z741|15-Oct-2019|Z9181|15-Oct-2019|Z1331|15-Oct-2019|Z1331|15-Oct-2019|||||||||||||||||||||||||||||||||||||||||0|0||5|450|G0444|3.0|2019-10-16T00:00:00|hospital_B|hospital_B_20191015
SYN_BENE_E81FE63DDED7|SYN_CLM_3B36FB28050D|V|60|15-Oct-2019|15-Oct-2019|18-Oct-2019||3|491581|1|1|1|| |1520.18|0.0| ||49|1063523132| |9999868992| |9999868992|||0|1| |1520.18|15-Oct-2019|1|5|A|10|0.0|304.03|0|4|0.0|0.0|0|0|0|0|0|0|0|0|0|0|0|0|0|||||15-Oct-2019|951.0|0|0||Z733|Z733|N|F0280|N|Z653|Y|N1830|Y|E1121|Y|N182|N|E1129|N|G43719|Y|E785|Y|N181|N|E1121|Y|E781|Y|R931|Y|E119|Y|I259|Y|E8881|Y|E669|Y|R7303|Y|D649|Y|I10|Y|Z560|Y|R4689|Y|||||||||| | | | | | | | | | | | | | | | | | | | | | |GZ3|15-Oct-2019|Z741|15-Oct-2019|Z9181|15-Oct-2019|Z1331|15-Oct-2019|Z1331|15-Oct-2019|||||||||||||||||||||||||||||||||||||||||0|0||1|450|99495|3.0|2019-10-16T00:00:00|hospital_B|hospital_B_20191015
SYN_BENE_E81FE63DDED7|SYN_CLM_3B36FB28050D|V|60|15-Oct-2019|15-Oct-2019|18-Oct-2019||3|491581|1|1|1|| |1520.18|0.0| ||49|1063523132| |9999868992| |9999868992|||0|1| |1520.18|15-Oct-2019|1|5|A|10|0.0|304.03|0|4|0.0|0.0|0|0|0|0|0|0|0|0|0|0|0|0|0|||||15-Oct-2019|951.0|0|0||Z733|Z733|N|F0280|N|Z653|Y|N1830|Y|E1121|Y|N182|N|E1129|N|G43719|Y|E785|Y|N181|N|E1121|Y|E781|Y|R931|Y|E119|Y|I259|Y|E8881|Y|E669|Y|R7303|Y|D649|Y|I10|Y|Z560|Y|R4689|Y|||||||||| | | | | | | | | | | | | | | | | | | | | | |GZ3|15-Oct-2019|Z741|15-Oct-2019|Z9181|15-Oct-2019|Z1331|15-Oct-2019|Z1331|15-Oct-2019|||||||||||||||||||||||||||||||||||||||||0|0||2|450|96156|3.0|2019-10-16T00:00:00|hospital_B|hospital_B_20191015
SYN_BENE_E81FE63DDED7|SYN_CLM_3B36FB28050D|V|60|15-Oct-2019|15-Oct-2019|18-Oct-2019||3|491581|1|1|1|| |1520.18|0.0| ||49|1063523132| |9999868992| |9999868992|||0|1| |1520.18|15-Oct-2019|1|5|A|10|0.0|304.03|0|4|0.0|0.0|0|0|0|0|0|0|0|0|0|0|0|0|0|||||15-Oct-2019|951.0|0|0||Z733|Z733|N|F0280|N|Z653|Y|N1830|Y|E1121|Y|N182|N|E1129|N|G43719|Y|E785|Y|N181|N|E1121|Y|E781|Y|R931|Y|E119|Y|I259|Y|E8881|Y|E669|Y|R7303|Y|D649|Y|I10|Y|Z560|Y|R4689|Y|||||||||| | | | | | | | | | | | | | | | | | | | | | |GZ3|15-Oct-2019|Z741|15-Oct-2019|Z9181|15-Oct-2019|Z1331|15-Oct-2019|Z1331|15-Oct-2019|||||||||||||||||||||||||||||||||||||||||0|0||3|450|M1069|3.0|2019-10-16T00:00:00|hospital_B|hospital_B_20191015
SYN_BENE_E81FE63DDED7|SYN_CLM_3B36FB28050D|V|60|15-Oct-2019|15-Oct-2019|18-Oct-2019||3|491581|1|1|1|| |1520.18|0.0| ||49|1063523132| |9999868992| |9999868992|||0|1| |1520.18|15-Oct-2019|1|5|A|10|0.0|304.03|0|4|0.0|0.0|0|0|0|0|0|0|0|0|0|0|0|0|0|||||15-Oct-2019|951.0|0|0||Z733|Z733|N|F0280|N|Z653|Y|N1830|Y|E1121|Y|N182|N|E1129|N|G43719|Y|E785|Y|N181|N|E1121|Y|E781|Y|R931|Y|E119|Y|I259|Y|E8881|Y|E669|Y|R7303|Y|D649|Y|I10|Y|Z560|Y|R4689|Y|||||||||| | | | | | | | | | | | | | | | | | | | | | |GZ3|15-Oct-2019|Z741|15-Oct-2019|Z9181|15-Oct-2019|Z1331|15-Oct-2019|Z1331|15-Oct-2019|||||||||||||||||||||||||||||||||||||||||0|0||4|450|G0444|3.0|2019-10-16T00:00:00|hospital_B|hospital_B_20191015
SYN_BENE_E81FE63DDED7|SYN_CLM_3B36FB28050D|V|60|15-Oct-2019|15-Oct-2019|18-Oct-2019||3|491581|1|1|1|| |1520.18|0.0| ||49|1063523132| |9999868992| |9999868992|||0|1| |1520.18|15-Oct-2019|1|5|A|10|0.0|304.03|0|4|0.0|0.0|0|0|0|0|0|0|0|0|0|0|0|0|0|||||15-Oct-2019|951.0|0|0||Z733|Z733|N|F0280|N|Z653|Y|N1830|Y|E1121|Y|N182|N|E1129|N|G43719|Y|E785|Y|N181|N|E1121|Y|E781|Y|R931|Y|E119|Y|I259|Y|E8881|Y|E669|Y|R7303|Y|D649|Y|I10|Y|Z560|Y|R4689|Y|||||||||| | | | | | | | | | | | | | | | | | | | | | |GZ3|15-Oct-2019|Z741|15-Oct-2019|Z9181|15-Oct-2019|Z1331|15-Oct-2019|Z1331|15-Oct-2019|||||||||||||||||||||||||||||||||||||||||0|0||5|450|G0444|3.0|2019-10-16T00:00:00|hospital_B|hospital_B_20191015
SYN_BENE_B4F1E8CFAD46|SYN_CLM_86EE43CFF985|V|60|15-Oct-2019|15-Oct-2019|18-Oct-2019||3|491581|1|1|1|| |1520.18|0.0| ||49|1063523132| |9999868992| |9999868992|||0|1| |1520.18|15-Oct-2019|1|5|A|10|0.0|304.03|0|4|0.0|0.0|0|0|0|0|0|0|0|0|0|0|0|0|0|||||15-Oct-2019|951.0|0|0||Z733|Z733|N|F0280|N|Z653|Y|N1830|Y|E1121|Y|N182|N|E1129|N|G43719|Y|E785|Y|N181|N|E1121|Y|E781|Y|R931|Y|E119|Y|I259|Y|E8881|Y|E669|Y|R7303|Y|D649|Y|I10|Y|Z560|Y|R4689|Y|||||||||| | | | | | | | | | | | | | | | | | | | | | |GZ3|15-Oct-2019|Z741|15-Oct-2019|Z9181|15-Oct-2019|Z1331|15-Oct-2019|Z1331|15-Oct-2019|||||||||||||||||||||||||||||||||||||||||0|0||1|450|99495|3.0|2019-10-16T00:00:00|hospital_B|hospital_B_20191015
SYN_BENE_B4F1E8CFAD46|SYN_CLM_86EE43CFF985|V|60|15-Oct-2019|15-Oct-2019|18-Oct-2019||3|491581|1|1|1|| |1520.18|0.0| ||49|1063523132| |9999868992| |9999868992|||0|1| |1520.18|15-Oct-2019|1|5|A|10|0.0|304.03|0|4|0.0|0.0|0|0|0|0|0|0|0|0|0|0|0|0|0|||||15-Oct-2019|951.0|0|0||Z733|Z733|N|F0280|N|Z653|Y|N1830|Y|E1121|Y|N182|N|E1129|N|G43719|Y|E785|Y|N181|N|E1121|Y|E781|Y|R931|Y|E119|Y|I259|Y|E8881|Y|E669|Y|R7303|Y|D649|Y|I10|Y|Z560|Y|R4689|Y|||||||||| | | | | | | | | | | | | | | | | | | | | | |GZ3|15-Oct-2019|Z741|15-Oct-2019|Z9181|15-Oct-2019|Z1331|15-Oct-2019|Z1331|15-Oct-2019|||||||||||||||||||||||||||||||||||||||||0|0||2|450|96156|3.0|2019-10-16T00:00:00|hospital_B|hospital_B_20191015
SYN_BENE_B4F1E8CFAD46|SYN_CLM_86EE43CFF985|V|60|15-Oct-2019|15-Oct-2019|18-Oct-2019||3|491581|1|1|1|| |1520.18|0.0| ||49|1063523132| |9999868992| |9999868992|||0|1| |1520.18|15-Oct-2019|1|5|A|10|0.0|304.03|0|4|0.0|0.0|0|0|0|0|0|0|0|0|0|0|0|0|0|||||15-Oct-2019|951.0|0|0||Z733|Z733|N|F0280|N|Z653|Y|N1830|Y|E1121|Y|N182|N|E1129|N|G43719|Y|E785|Y|N181|N|E1121|Y|E781|Y|R931|Y|E119|Y|I259|Y|E8881|Y|E669|Y|R7303|Y|D649|Y|I10|Y|Z560|Y|R4689|Y|||||||||| | | | | | | | | | | | | | | | | | | | | | |GZ3|15-Oct-2019|Z741|15-Oct-2019|Z9181|15-Oct-2019|Z1331|15-Oct-2019|Z1331|15-Oct-2019|||||||||||||||||||||||||||||||||||||||||0|0||3|450|M1069|3.0|2019-10-16T00:00:00|hospital_B|hospital_B_20191015
SYN_BENE_B4F1E8CFAD46|SYN_CLM_86EE43CFF985|V|60|15-Oct-2019|15-Oct-2019|18-Oct-2019||3|491581|1|1|1|| |1520.18|0.0| ||49|1063523132| |9999868992| |9999868992|||0|1| |1520.18|15-Oct-2019|1|5|A|10|0.0|304.03|0|4|0.0|0.0|0|0|0|0|0|0|0|0|0|0|0|0|0|||||15-Oct-2019|951.0|0|0||Z733|Z733|N|F0280|N|Z653|Y|N1830|Y|E1121|Y|N182|N|E1129|N|G43719|Y|E785|Y|N181|N|E1121|Y|E781|Y|R931|Y|E119|Y|I259|Y|E8881|Y|E669|Y|R7303|Y|D649|Y|I10|Y|Z560|Y|R4689|Y|||||||||| | | | | | | | | | | | | | | | | | | | | | |GZ3|15-Oct-2019|Z741|15-Oct-2019|Z9181|15-Oct-2019|Z1331|15-Oct-2019|Z1331|15-Oct-2019|||||||||||||||||||||||||||||||||||||||||0|0||4|450|G0444|3.0|2019-10-16T00:00:00|hospital_B|hospital_B_20191015
SYN_BENE_B4F1E8CFAD46|SYN_CLM_86EE43CFF985|V|60|15-Oct-2019|15-Oct-2019|18-Oct-2019||3|491581|1|1|1|| |1520.18|0.0| ||49|1063523132| |9999868992| |9999868992|||0|1| |1520.18|15-Oct-2019|1|5|A|10|0.0|304.03|0|4|0.0|0.0|0|0|0|0|0|0|0|0|0|0|0|0|0|||||15-Oct-2019|951.0|0|0||Z733|Z733|N|F0280|N|Z653|Y|N1830|Y|E1121|Y|N182|N|E1129|N|G43719|Y|E785|Y|N181|N|E1121|Y|E781|Y|R931|Y|E119|Y|I259|Y|E8881|Y|E669|Y|R7303|Y|D649|Y|I10|Y|Z560|Y|R4689|Y|||||||||| | | | | | | | | | | | | | | | | | | | | | |GZ3|15-Oct-2019|Z741|15-Oct-2019|Z9181|15-Oct-2019|Z1331|15-Oct-2019|Z1331|15-Oct-2019|||||||||||||||||||||||||||||||||||||||||0|0||5|450|G0444|3.0|2019-10-16T00:00:00|hospital_B|hospital_B_20191015
SYN_BENE_97B475E3CFBF|SYN_CLM_23D82C4506A4|V|60|15-Oct-2019|15-Oct-2019|18-Oct-2019||3|491581|1|1|1|| |1520.18|0.0| ||49|1063523132| |9999868992| |9999868992|||0|1| |1520.18|15-Oct-2019|1|5|A|10|0.0|304.03|0|4|0.0|0.0|0|0|0|0|0|0|0|0|0|0|0|0|0|||||15-Oct-2019|951.0|0|0||Z733|Z733|N|F0280|N|Z653|Y|N1830|Y|E1121|Y|N182|N|E1129|N|G43719|Y|E785|Y|N181|N|E1121|Y|E781|Y|R931|Y|E119|Y|I259|Y|E8881|Y|E669|Y|R7303|Y|D649|Y|I10|Y|Z560|Y|R4689|Y|||||||||| | | | | | | | | | | | | | | | | | | | | | |GZ3|15-Oct-2019|Z741|15-Oct-2019|Z9181|15-Oct-2019|Z1331|15-Oct-2019|Z1331|15-Oct-2019|||||||||||||||||||||||||||||||||||||||||0|0||1|450|99495|3.0|2019-10-16T00:00:00|hospital_B|hospital_B_20191015
SYN_BENE_97B475E3CFBF|SYN_CLM_23D82C4506A4|V|60|15-Oct-2019|15-Oct-2019|18-Oct-2019||3|491581|1|1|1|| |1520.18|0.0| ||49|1063523132| |9999868992| |9999868992|||0|1| |1520.18|15-Oct-2019|1|5|A|10|0.0|304.03|0|4|0.0|0.0|0|0|0|0|0|0|0|0|0|0|0|0|0|||||15-Oct-2019|951.0|0|0||Z733|Z733|N|F0280|N|Z653|Y|N1830|Y|E1121|Y|N182|N|E1129|N|G43719|Y|E785|Y|N181|N|E1121|Y|E781|Y|R931|Y|E119|Y|I259|Y|E8881|Y|E669|Y|R7303|Y|D649|Y|I10|Y|Z560|Y|R4689|Y|||||||||| | | | | | | | | | | | | | | | | | | | | | |GZ3|15-Oct-2019|Z741|15-Oct-2019|Z9181|15-Oct-2019|Z1331|15-Oct-2019|Z1331|15-Oct-2019|||||||||||||||||||||||||||||||||||||||||0|0||2|450|96156|3.0|2019-10-16T00:00:00|hospital_B|hospital_B_20191015
SYN_BENE_97B475E3CFBF|SYN_CLM_23D82C4506A4|V|60|15-Oct-2019|15-Oct-2019|18-Oct-2019||3|491581|1|1|1|| |1520.18|0.0| ||49|1063523132| |9999868992| |9999868992|||0|1| |1520.18|15-Oct-2019|1|5|A|10|0.0|304.03|0|4|0.0|0.0|0|0|0|0|0|0|0|0|0|0|0|0|0|||||15-Oct-2019|951.0|0|0||Z733|Z733|N|F0280|N|Z653|Y|N1830|Y|E1121|Y|N182|N|E1129|N|G43719|Y|E785|Y|N181|N|E1121|Y|E781|Y|R931|Y|E119|Y|I259|Y|E8881|Y|E669|Y|R7303|Y|D649|Y|I10|Y|Z560|Y|R4689|Y|||||||||| | | | | | | | | | | | | | | | | | | | | | |GZ3|15-Oct-2019|Z741|15-Oct-2019|Z9181|15-Oct-2019|Z1331|15-Oct-2019|Z1331|15-Oct-2019|||||||||||||||||||||||||||||||||||||||||0|0||3|450|M1069|3.0|2019-10-16T00:00:00|hospital_B|hospital_B_20191015
SYN_BENE_97B475E3CFBF|SYN_CLM_23D82C4506A4|V|60|15-Oct-2019|15-Oct-2019|18-Oct-2019||3|491581|1|1|1|| |1520.18|0.0| ||49|1063523132| |9999868992| |9999868992|||0|1| |1520.18|15-Oct-2019|1|5|A|10|0.0|304.03|0|4|0.0|0.0|0|0|0|0|0|0|0|0|0|0|0|0|0|||||15-Oct-2019|951.0|0|0||Z733|Z733|N|F0280|N|Z653|Y|N1830|Y|E1121|Y|N182|N|E1129|N|G43719|Y|E785|Y|N181|N|E1121|Y|E781|Y|R931|Y|E119|Y|I259|Y|E8881|Y|E669|Y|R7303|Y|D649|Y|I10|Y|Z560|Y|R4689|Y|||||||||| | | | | | | | | | | | | | | | | | | | | | |GZ3|15-Oct-2019|Z741|15-Oct-2019|Z9181|15-Oct-2019|Z1331|15-Oct-2019|Z1331|15-Oct-2019|||||||||||||||||||||||||||||||||||||||||0|0||4|450|G0444|3.0|2019-10-16T00:00:00|hospital_B|hospital_B_20191015
SYN_BENE_97B475E3CFBF|SYN_CLM_23D82C4506A4|V|60|15-Oct-2019|15-Oct-2019|18-Oct-2019||3|491581|1|1|1|| |1520.18|0.0| ||49|1063523132| |9999868992| |9999868992|||0|1| |1520.18|15-Oct-2019|1|5|A|10|0.0|304.03|0|4|0.0|0.0|0|0|0|0|0|0|0|0|0|0|0|0|0|||||15-Oct-2019|951.0|0|0||Z733|Z733|N|F0280|N|Z653|Y|N1830|Y|E1121|Y|N182|N|E1129|N|G43719|Y|E785|Y|N181|N|E1121|Y|E781|Y|R931|Y|E119|Y|I259|Y|E8881|Y|E669|Y|R7303|Y|D649|Y|I10|Y|Z560|Y|R4689|Y|||||||||| | | | | | | | | | | | | | | | | | | | | | |GZ3|15-Oct-2019|Z741|15-Oct-2019|Z9181|15-Oct-2019|Z1331|15-Oct-2019|Z1331|15-Oct-2019|||||||||||||||||||||||||||||||||||||||||0|0||5|450|G0444|3.0|2019-10-16T00:00:00|hospital_B|hospital_B_20191015
SYN_BENE_48D8E0A65AC6|SYN_CLM_8A1C40C578D0|V|60|15-Oct-2019|15-Oct-2019|18-Oct-2019||3|491581|1|1|1|| |1520.18|0.0| ||49|1063523132| |9999868992| |9999868992|||0|1| |1520.18|15-Oct-2019|1|5|A|10|0.0|304.03|0|4|0.0|0.0|0|0|0|0|0|0|0|0|0|0|0|0|0|||||15-Oct-2019|951.0|0|0||Z733|Z733|N|F0280|N|Z653|Y|N1830|Y|E1121|Y|N182|N|E1129|N|G43719|Y|E785|Y|N181|N|E1121|Y|E781|Y|R931|Y|E119|Y|I259|Y|E8881|Y|E669|Y|R7303|Y|D649|Y|I10|Y|Z560|Y|R4689|Y|||||||||| | | | | | | | | | | | | | | | | | | | | | |GZ3|15-Oct-2019|Z741|15-Oct-2019|Z9181|15-Oct-2019|Z1331|15-Oct-2019|Z1331|15-Oct-2019|||||||||||||||||||||||||||||||||||||||||0|0||1|450|99495|3.0|2019-10-16T00:00:00|hospital_B|hospital_B_20191015
SYN_BENE_48D8E0A65AC6|SYN_CLM_8A1C40C578D0|V|60|15-Oct-2019|15-Oct-2019|18-Oct-2019||3|491581|1|1|1|| |1520.18|0.0| ||49|1063523132| |9999868992| |9999868992|||0|1| |1520.18|15-Oct-2019|1|5|A|10|0.0|304.03|0|4|0.0|0.0|0|0|0|0|0|0|0|0|0|0|0|0|0|||||15-Oct-2019|951.0|0|0||Z733|Z733|N|F0280|N|Z653|Y|N1830|Y|E1121|Y|N182|N|E1129|N|G43719|Y|E785|Y|N181|N|E1121|Y|E781|Y|R931|Y|E119|Y|I259|Y|E8881|Y|E669|Y|R7303|Y|D649|Y|I10|Y|Z560|Y|R4689|Y|||||||||| | | | | | | | | | | | | | | | | | | | | | |GZ3|15-Oct-2019|Z741|15-Oct-2019|Z9181|15-Oct-2019|Z1331|15-Oct-2019|Z1331|15-Oct-2019|||||||||||||||||||||||||||||||||||||||||0|0||2|450|96156|3.0|2019-10-16T00:00:00|hospital_B|hospital_B_20191015
SYN_BENE_48D8E0A65AC6|SYN_CLM_8A1C40C578D0|V|60|15-Oct-2019|15-Oct-2019|18-Oct-2019||3|491581|1|1|1|| |1520.18|0.0| ||49|1063523132| |9999868992| |9999868992|||0|1| |1520.18|15-Oct-2019|1|5|A|10|0.0|304.03|0|4|0.0|0.0|0|0|0|0|0|0|0|0|0|0|0|0|0|||||15-Oct-2019|951.0|0|0||Z733|Z733|N|F0280|N|Z653|Y|N1830|Y|E1121|Y|N182|N|E1129|N|G43719|Y|E785|Y|N181|N|E1121|Y|E781|Y|R931|Y|E119|Y|I259|Y|E8881|Y|E669|Y|R7303|Y|D649|Y|I10|Y|Z560|Y|R4689|Y|||||||||| | | | | | | | | | | | | | | | | | | | | | |GZ3|15-Oct-2019|Z741|15-Oct-2019|Z9181|15-Oct-2019|Z1331|15-Oct-2019|Z1331|15-Oct-2019|||||||||||||||||||||||||||||||||||||||||0|0||3|450|M1069|3.0|2019-10-16T00:00:00|hospital_B|hospital_B_20191015
SYN_BENE_48D8E0A65AC6|SYN_CLM_8A1C40C578D0|V|60|15-Oct-2019|15-Oct-2019|18-Oct-2019||3|491581|1|1|1|| |1520.18|0.0| ||49|1063523132| |9999868992| |9999868992|||0|1| |1520.18|15-Oct-2019|1|5|A|10|0.0|304.03|0|4|0.0|0.0|0|0|0|0|0|0|0|0|0|0|0|0|0|||||15-Oct-2019|951.0|0|0||Z733|Z733|N|F0280|N|Z653|Y|N1830|Y|E1121|Y|N182|N|E1129|N|G43719|Y|E785|Y|N181|N|E1121|Y|E781|Y|R931|Y|E119|Y|I259|Y|E8881|Y|E669|Y|R7303|Y|D649|Y|I10|Y|Z560|Y|R4689|Y|||||||||| | | | | | | | | | | | | | | | | | | | | | |GZ3|15-Oct-2019|Z741|15-Oct-2019|Z9181|15-Oct-2019|Z1331|15-Oct-2019|Z1331|15-Oct-2019|||||||||||||||||||||||||||||||||||||||||0|0||4|450|G0444|3.0|2019-10-16T00:00:00|hospital_B|hospital_B_20191015
SYN_BENE_48D8E0A65AC6|SYN_CLM_8A1C40C578D0|V|60|15-Oct-2019|15-Oct-2019|18-Oct-2019||3|491581|1|1|1|| |1520.18|0.0| ||49|1063523132| |9999868992| |9999868992|||0|1| |1520.18|15-Oct-2019|1|5|A|10|0.0|304.03|0|4|0.0|0.0|0|0|0|0|0|0|0|0|0|0|0|0|0|||||15-Oct-2019|951.0|0|0||Z733|Z733|N|F0280|N|Z653|Y|N1830|Y|E1121|Y|N182|N|E1129|N|G43719|Y|E785|Y|N181|N|E1121|Y|E781|Y|R931|Y|E119|Y|I259|Y|E8881|Y|E669|Y|R7303|Y|D649|Y|I10|Y|Z560|Y|R4689|Y|||||||||| | | | | | | | | | | | | | | | | | | | | | |GZ3|15-Oct-2019|Z741|15-Oct-2019|Z9181|15-Oct-2019|Z1331|15-Oct-2019|Z1331|15-Oct-2019|||||||||||||||||||||||||||||||||||||||||0|0||5|450|G0444|3.0|2019-10-16T00:00:00|hospital_B|hospital_B_20191015
SYN_BENE_3C98A194A19F|SYN_CLM_9A50B73D79D7|V|60|15-Oct-2019|15-Oct-2019|18-Oct-2019||3|491581|1|1|1|| |1520.18|0.0| ||49|1063523132| |9999868992| |9999868992|||0|1| |1520.18|15-Oct-2019|1|5|A|10|0.0|304.03|0|4|0.0|0.0|0|0|0|0|0|0|0|0|0|0|0|0|0|||||15-Oct-2019|951.0|0|0||Z733|Z733|N|F0280|N|Z653|Y|N1830|Y|E1121|Y|N182|N|E1129|N|G43719|Y|E785|Y|N181|N|E1121|Y|E781|Y|R931|Y|E119|Y|I259|Y|E8881|Y|E669|Y|R7303|Y|D649|Y|I10|Y|Z560|Y|R4689|Y|||||||||| | | | | | | | | | | | | | | | | | | | | | |GZ3|15-Oct-2019|Z741|15-Oct-2019|Z9181|15-Oct-2019|Z1331|15-Oct-2019|Z1331|15-Oct-2019|||||||||||||||||||||||||||||||||||||||||0|0||1|450|99495|3.0|2019-10-16T00:00:00|hospital_B|hospital_B_20191015
SYN_BENE_3C98A194A19F|SYN_CLM_9A50B73D79D7|V|60|15-Oct-2019|15-Oct-2019|18-Oct-2019||3|491581|1|1|1|| |1520.18|0.0| ||49|1063523132| |9999868992| |9999868992|||0|1| |1520.18|15-Oct-2019|1|5|A|10|0.0|304.03|0|4|0.0|0.0|0|0|0|0|0|0|0|0|0|0|0|0|0|||||15-Oct-2019|951.0|0|0||Z733|Z733|N|F0280|N|Z653|Y|N1830|Y|E1121|Y|N182|N|E1129|N|G43719|Y|E785|Y|N181|N|E1121|Y|E781|Y|R931|Y|E119|Y|I259|Y|E8881|Y|E669|Y|R7303|Y|D649|Y|I10|Y|Z560|Y|R4689|Y|||||||||| | | | | | | | | | | | | | | | | | | | | | |GZ3|15-Oct-2019|Z741|15-Oct-2019|Z9181|15-Oct-2019|Z1331|15-Oct-2019|Z1331|15-Oct-2019|||||||||||||||||||||||||||||||||||||||||0|0||2|450|96156|3.0|2019-10-16T00:00:00|hospital_B|hospital_B_20191015
SYN_BENE_3C98A194A19F|SYN_CLM_9A50B73D79D7|V|60|15-Oct-2019|15-Oct-2019|18-Oct-2019||3|491581|1|1|1|| |1520.18|0.0| ||49|1063523132| |9999868992| |9999868992|||0|1| |1520.18|15-Oct-2019|1|5|A|10|0.0|304.03|0|4|0.0|0.0|0|0|0|0|0|0|0|0|0|0|0|0|0|||||15-Oct-2019|951.0|0|0||Z733|Z733|N|F0280|N|Z653|Y|N1830|Y|E1121|Y|N182|N|E1129|N|G43719|Y|E785|Y|N181|N|E1121|Y|E781|Y|R931|Y|E119|Y|I259|Y|E8881|Y|E669|Y|R7303|Y|D649|Y|I10|Y|Z560|Y|R4689|Y|||||||||| | | | | | | | | | | | | | | | | | | | | | |GZ3|15-Oct-2019|Z741|15-Oct-2019|Z9181|15-Oct-2019|Z1331|15-Oct-2019|Z1331|15-Oct-2019|||||||||||||||||||||||||||||||||||||||||0|0||3|450|M1069|3.0|2019-10-16T00:00:00|hospital_B|hospital_B_20191015
SYN_BENE_3C98A194A19F|SYN_CLM_9A50B73D79D7|V|60|15-Oct-2019|15-Oct-2019|18-Oct-2019||3|491581|1|1|1|| |1520.18|0.0| ||49|1063523132| |9999868992| |9999868992|||0|1| |1520.18|15-Oct-2019|1|5|A|10|0.0|304.03|0|4|0.0|0.0|0|0|0|0|0|0|0|0|0|0|0|0|0|||||15-Oct-2019|951.0|0|0||Z733|Z733|N|F0280|N|Z653|Y|N1830|Y|E1121|Y|N182|N|E1129|N|G43719|Y|E785|Y|N181|N|E1121|Y|E781|Y|R931|Y|E119|Y|I259|Y|E8881|Y|E669|Y|R7303|Y|D649|Y|I10|Y|Z560|Y|R4689|Y|||||||||| | | | | | | | | | | | | | | | | | | | | | |GZ3|15-Oct-2019|Z741|15-Oct-2019|Z9181|15-Oct-2019|Z1331|15-Oct-2019|Z1331|15-Oct-2019|||||||||||||||||||||||||||||||||||||||||0|0||4|450|G0444|3.0|2019-10-16T00:00:00|hospital_B|hospital_B_20191015
SYN_BENE_3C98A194A19F|SYN_CLM_9A50B73D79D7|V|60|15-Oct-2019|15-Oct-2019|18-Oct-2019||3|491581|1|1|1|| |1520.18|0.0| ||49|1063523132| |9999868992| |9999868992|||0|1| |1520.18|15-Oct-2019|1|5|A|10|0.0|304.03|0|4|0.0|0.0|0|0|0|0|0|0|0|0|0|0|0|0|0|||||15-Oct-2019|951.0|0|0||Z733|Z733|N|F0280|N|Z653|Y|N1830|Y|E1121|Y|N182|N|E1129|N|G43719|Y|E785|Y|N181|N|E1121|Y|E781|Y|R931|Y|E119|Y|I259|Y|E8881|Y|E669|Y|R7303|Y|D649|Y|I10|Y|Z560|Y|R4689|Y|||||||||| | | | | | | | | | | | | | | | | | | | | | |GZ3|15-Oct-2019|Z741|15-Oct-2019|Z9181|15-Oct-2019|Z1331|15-Oct-2019|Z1331|15-Oct-2019|||||||||||||||||||||||||||||||||||||||||0|0||5|450|G0444|3.0|2019-10-16T00:00:00|hospital_B|hospital_B_20191015
SYN_BENE_46FEC3C9D521|SYN_CLM_460E0FE7494D|V|60|15-Oct-2019|15-Oct-2019|18-Oct-2019||3|491581|1|1|1|| |1520.18|0.0| ||49|1063523132| |9999868992| |9999868992|||0|1| |1520.18|15-Oct-2019|1|5|A|10|0.0|304.03|0|4|0.0|0.0|0|0|0|0|0|0|0|0|0|0|0|0|0|||||15-Oct-2019|951.0|0|0||Z733|Z733|N|F0280|N|Z653|Y|N1830|Y|E1121|Y|N182|N|E1129|N|G43719|Y|E785|Y|N181|N|E1121|Y|E781|Y|R931|Y|E119|Y|I259|Y|E8881|Y|E669|Y|R7303|Y|D649|Y|I10|Y|Z560|Y|R4689|Y|||||||||| | | | | | | | | | | | | | | | | | | | | | |GZ3|15-Oct-2019|Z741|15-Oct-2019|Z9181|15-Oct-2019|Z1331|15-Oct-2019|Z1331|15-Oct-2019|||||||||||||||||||||||||||||||||||||||||0|0||1|450|99495|3.0|2019-10-16T00:00:00|hospital_B|hospital_B_20191015
SYN_BENE_46FEC3C9D521|SYN_CLM_460E0FE7494D|V|60|15-Oct-2019|15-Oct-2019|18-Oct-2019||3|491581|1|1|1|| |1520.18|0.0| ||49|1063523132| |9999868992| |9999868992|||0|1| |1520.18|15-Oct-2019|1|5|A|10|0.0|304.03|0|4|0.0|0.0|0|0|0|0|0|0|0|0|0|0|0|0|0|||||15-Oct-2019|951.0|0|0||Z733|Z733|N|F0280|N|Z653|Y|N1830|Y|E1121|Y|N182|N|E1129|N|G43719|Y|E785|Y|N181|N|E1121|Y|E781|Y|R931|Y|E119|Y|I259|Y|E8881|Y|E669|Y|R7303|Y|D649|Y|I10|Y|Z560|Y|R4689|Y|||||||||| | | | | | | | | | | | | | | | | | | | | | |GZ3|15-Oct-2019|Z741|15-Oct-2019|Z9181|15-Oct-2019|Z1331|15-Oct-2019|Z1331|15-Oct-2019|||||||||||||||||||||||||||||||||||||||||0|0||2|450|96156|3.0|2019-10-16T00:00:00|hospital_B|hospital_B_20191015
SYN_BENE_46FEC3C9D521|SYN_CLM_460E0FE7494D|V|60|15-Oct-2019|15-Oct-2019|18-Oct-2019||3|491581|1|1|1|| |1520.18|0.0| ||49|1063523132| |9999868992| |9999868992|||0|1| |1520.18|15-Oct-2019|1|5|A|10|0.0|304.03|0|4|0.0|0.0|0|0|0|0|0|0|0|0|0|0|0|0|0|||||15-Oct-2019|951.0|0|0||Z733|Z733|N|F0280|N|Z653|Y|N1830|Y|E1121|Y|N182|N|E1129|N|G43719|Y|E785|Y|N181|N|E1121|Y|E781|Y|R931|Y|E119|Y|I259|Y|E8881|Y|E669|Y|R7303|Y|D649|Y|I10|Y|Z560|Y|R4689|Y|||||||||| | | | | | | | | | | | | | | | | | | | | | |GZ3|15-Oct-2019|Z741|15-Oct-2019|Z9181|15-Oct-2019|Z1331|15-Oct-2019|Z1331|15-Oct-2019|||||||||||||||||||||||||||||||||||||||||0|0||3|450|M1069|3.0|2019-10-16T00:00:00|hospital_B|hospital_B_20191015
SYN_BENE_46FEC3C9D521|SYN_CLM_460E0FE7494D|V|60|15-Oct-2019|15-Oct-2019|18-Oct-2019||3|491581|1|1|1|| |1520.18|0.0| ||49|1063523132| |9999868992| |9999868992|||0|1| |1520.18|15-Oct-2019|1|5|A|10|0.0|304.03|0|4|0.0|0.0|0|0|0|0|0|0|0|0|0|0|0|0|0|||||15-Oct-2019|951.0|0|0||Z733|Z733|N|F0280|N|Z653|Y|N1830|Y|E1121|Y|N182|N|E1129|N|G43719|Y|E785|Y|N181|N|E1121|Y|E781|Y|R931|Y|E119|Y|I259|Y|E8881|Y|E669|Y|R7303|Y|D649|Y|I10|Y|Z560|Y|R4689|Y|||||||||| | | | | | | | | | | | | | | | | | | | | | |GZ3|15-Oct-2019|Z741|15-Oct-2019|Z9181|15-Oct-2019|Z1331|15-Oct-2019|Z1331|15-Oct-2019|||||||||||||||||||||||||||||||||||||||||0|0||4|450|G0444|3.0|2019-10-16T00:00:00|hospital_B|hospital_B_20191015
SYN_BENE_46FEC3C9D521|SYN_CLM_460E0FE7494D|V|60|15-Oct-2019|15-Oct-2019|18-Oct-2019||3|491581|1|1|1|| |1520.18|0.0| ||49|1063523132| |9999868992| |9999868992|||0|1| |1520.18|15-Oct-2019|1|5|A|10|0.0|304.03|0|4|0.0|0.0|0|0|0|0|0|0|0|0|0|0|0|0|0|||||15-Oct-2019|951.0|0|0||Z733|Z733|N|F0280|N|Z653|Y|N1830|Y|E1121|Y|N182|N|E1129|N|G43719|Y|E785|Y|N181|N|E1121|Y|E781|Y|R931|Y|E119|Y|I259|Y|E8881|Y|E669|Y|R7303|Y|D649|Y|I10|Y|Z560|Y|R4689|Y|||||||||| | | | | | | | | | | | | | | | | | | | | | |GZ3|15-Oct-2019|Z741|15-Oct-2019|Z9181|15-Oct-2019|Z1331|15-Oct-2019|Z1331|15-Oct-2019|||||||||||||||||||||||||||||||||||||||||0|0||5|450|G0444|3.0|2019-10-16T00:00:00|hospital_B|hospital_B_20191015
SYN_BENE_8E8DA27C4962|SYN_CLM_AD7F5157A438|V|60|15-Oct-2019|15-Oct-2019|18-Oct-2019||3|491581|1|1|1|| |1520.18|0.0| ||49|1063523132| |9999868992| |9999868992|||0|1| |1520.18|15-Oct-2019|1|5|A|10|0.0|304.03|0|4|0.0|0.0|0|0|0|0|0|0|0|0|0|0|0|0|0|||||15-Oct-2019|951.0|0|0||Z733|Z733|N|F0280|N|Z653|Y|N1830|Y|E1121|Y|N182|N|E1129|N|G43719|Y|E785|Y|N181|N|E1121|Y|E781|Y|R931|Y|E119|Y|I259|Y|E8881|Y|E669|Y|R7303|Y|D649|Y|I10|Y|Z560|Y|R4689|Y|||||||||| | | | | | | | | | | | | | | | | | | | | | |GZ3|15-Oct-2019|Z741|15-Oct-2019|Z9181|15-Oct-2019|Z1331|15-Oct-2019|Z1331|15-Oct-2019|||||||||||||||||||||||||||||||||||||||||0|0||1|450|99495|3.0|2019-10-16T00:00:00|hospital_B|hospital_B_20191015
SYN_BENE_8E8DA27C4962|SYN_CLM_AD7F5157A438|V|60|15-Oct-2019|15-Oct-2019|18-Oct-2019||3|491581|1|1|1|| |1520.18|0.0| ||49|1063523132| |9999868992| |9999868992|||0|1| |1520.18|15-Oct-2019|1|5|A|10|0.0|304.03|0|4|0.0|0.0|0|0|0|0|0|0|0|0|0|0|0|0|0|||||15-Oct-2019|951.0|0|0||Z733|Z733|N|F0280|N|Z653|Y|N1830|Y|E1121|Y|N182|N|E1129|N|G43719|Y|E785|Y|N181|N|E1121|Y|E781|Y|R931|Y|E119|Y|I259|Y|E8881|Y|E669|Y|R7303|Y|D649|Y|I10|Y|Z560|Y|R4689|Y|||||||||| | | | | | | | | | | | | | | | | | | | | | |GZ3|15-Oct-2019|Z741|15-Oct-2019|Z9181|15-Oct-2019|Z1331|15-Oct-2019|Z1331|15-Oct-2019|||||||||||||||||||||||||||||||||||||||||0|0||2|450|96156|3.0|2019-10-16T00:00:00|hospital_B|hospital_B_20191015
SYN_BENE_8E8DA27C4962|SYN_CLM_AD7F5157A438|V|60|15-Oct-2019|15-Oct-2019|18-Oct-2019||3|491581|1|1|1|| |1520.18|0.0| ||49|1063523132| |9999868992| |9999868992|||0|1| |1520.18|15-Oct-2019|1|5|A|10|0.0|304.03|0|4|0.0|0.0|0|0|0|0|0|0|0|0|0|0|0|0|0|||||15-Oct-2019|951.0|0|0||Z733|Z733|N|F0280|N|Z653|Y|N1830|Y|E1121|Y|N182|N|E1129|N|G43719|Y|E785|Y|N181|N|E1121|Y|E781|Y|R931|Y|E119|Y|I259|Y|E8881|Y|E669|Y|R7303|Y|D649|Y|I10|Y|Z560|Y|R4689|Y|||||||||| | | | | | | | | | | | | | | | | | | | | | |GZ3|15-Oct-2019|Z741|15-Oct-2019|Z9181|15-Oct-2019|Z1331|15-Oct-2019|Z1331|15-Oct-2019|||||||||||||||||||||||||||||||||||||||||0|0||3|450|M1069|3.0|2019-10-16T00:00:00|hospital_B|hospital_B_20191015
SYN_BENE_8E8DA27C4962|SYN_CLM_AD7F5157A438|V|60|15-Oct-2019|15-Oct-2019|18-Oct-2019||3|491581|1|1|1|| |1520.18|0.0| ||49|1063523132| |9999868992| |9999868992|||0|1| |1520.18|15-Oct-2019|1|5|A|10|0.0|304.03|0|4|0.0|0.0|0|0|0|0|0|0|0|0|0|0|0|0|0|||||15-Oct-2019|951.0|0|0||Z733|Z733|N|F0280|N|Z653|Y|N1830|Y|E1121|Y|N182|N|E1129|N|G43719|Y|E785|Y|N181|N|E1121|Y|E781|Y|R931|Y|E119|Y|I259|Y|E8881|Y|E669|Y|R7303|Y|D649|Y|I10|Y|Z560|Y|R4689|Y|||||||||| | | | | | | | | | | | | | | | | | | | | | |GZ3|15-Oct-2019|Z741|15-Oct-2019|Z9181|15-Oct-2019|Z1331|15-Oct-2019|Z1331|15-Oct-2019|||||||||||||||||||||||||||||||||||||||||0|0||4|450|G0444|3.0|2019-10-16T00:00:00|hospital_B|hospital_B_20191015
SYN_BENE_8E8DA27C4962|SYN_CLM_AD7F5157A438|V|60|15-Oct-2019|15-Oct-2019|18-Oct-2019||3|491581|1|1|1|| |1520.18|0.0| ||49|1063523132| |9999868992| |9999868992|||0|1| |1520.18|15-Oct-2019|1|5|A|10|0.0|304.03|0|4|0.0|0.0|0|0|0|0|0|0|0|0|0|0|0|0|0|||||15-Oct-2019|951.0|0|0||Z733|Z733|N|F0280|N|Z653|Y|N1830|Y|E1121|Y|N182|N|E1129|N|G43719|Y|E785|Y|N181|N|E1121|Y|E781|Y|R931|Y|E119|Y|I259|Y|E8881|Y|E669|Y|R7303|Y|D649|Y|I10|Y|Z560|Y|R4689|Y|||||||||| | | | | | | | | | | | | | | | | | | | | | |GZ3|15-Oct-2019|Z741|15-Oct-2019|Z9181|15-Oct-2019|Z1331|15-Oct-2019|Z1331|15-Oct-2019|||||||||||||||||||||||||||||||||||||||||0|0||5|450|G0444|3.0|2019-10-16T00:00:00|hospital_B|hospital_B_20191015
SYN_BENE_DDBB53E273D6|SYN_CLM_FB4F120DCBB6|V|60|15-Oct-2019|15-Oct-2019|18-Oct-2019||3|491581|1|1|1|| |1520.18|0.0| ||49|1063523132| |9999868992| |9999868992|||0|1| |1520.18|15-Oct-2019|1|5|A|10|0.0|304.03|0|4|0.0|0.0|0|0|0|0|0|0|0|0|0|0|0|0|0|||||15-Oct-2019|951.0|0|0||Z733|Z733|N|F0280|N|Z653|Y|N1830|Y|E1121|Y|N182|N|E1129|N|G43719|Y|E785|Y|N181|N|E1121|Y|E781|Y|R931|Y|E119|Y|I259|Y|E8881|Y|E669|Y|R7303|Y|D649|Y|I10|Y|Z560|Y|R4689|Y|||||||||| | | | | | | | | | | | | | | | | | | | | | |GZ3|15-Oct-2019|Z741|15-Oct-2019|Z9181|15-Oct-2019|Z1331|15-Oct-2019|Z1331|15-Oct-2019|||||||||||||||||||||||||||||||||||||||||0|0||1|450|99495|3.0|2019-10-16T00:00:00|hospital_B|hospital_B_20191015
SYN_BENE_DDBB53E273D6|SYN_CLM_FB4F120DCBB6|V|60|15-Oct-2019|15-Oct-2019|18-Oct-2019||3|491581|1|1|1|| |1520.18|0.0| ||49|1063523132| |9999868992| |9999868992|||0|1| |1520.18|15-Oct-2019|1|5|A|10|0.0|304.03|0|4|0.0|0.0|0|0|0|0|0|0|0|0|0|0|0|0|0|||||15-Oct-2019|951.0|0|0||Z733|Z733|N|F0280|N|Z653|Y|N1830|Y|E1121|Y|N182|N|E1129|N|G43719|Y|E785|Y|N181|N|E1121|Y|E781|Y|R931|Y|E119|Y|I259|Y|E8881|Y|E669|Y|R7303|Y|D649|Y|I10|Y|Z560|Y|R4689|Y|||||||||| | | | | | | | | | | | | | | | | | | | | | |GZ3|15-Oct-2019|Z741|15-Oct-2019|Z9181|15-Oct-2019|Z1331|15-Oct-2019|Z1331|15-Oct-2019|||||||||||||||||||||||||||||||||||||||||0|0||2|450|96156|3.0|2019-10-16T00:00:00|hospital_B|hospital_B_20191015
SYN_BENE_DDBB53E273D6|SYN_CLM_FB4F120DCBB6|V|60|15-Oct-2019|15-Oct-2019|18-Oct-2019||3|491581|1|1|1|| |1520.18|0.0| ||49|1063523132| |9999868992| |9999868992|||0|1| |1520.18|15-Oct-2019|1|5|A|10|0.0|304.03|0|4|0.0|0.0|0|0|0|0|0|0|0|0|0|0|0|0|0|||||15-Oct-2019|951.0|0|0||Z733|Z733|N|F0280|N|Z653|Y|N1830|Y|E1121|Y|N182|N|E1129|N|G43719|Y|E785|Y|N181|N|E1121|Y|E781|Y|R931|Y|E119|Y|I259|Y|E8881|Y|E669|Y|R7303|Y|D649|Y|I10|Y|Z560|Y|R4689|Y|||||||||| | | | | | | | | | | | | | | | | | | | | | |GZ3|15-Oct-2019|Z741|15-Oct-2019|Z9181|15-Oct-2019|Z1331|15-Oct-2019|Z1331|15-Oct-2019|||||||||||||||||||||||||||||||||||||||||0|0||3|450|M1069|3.0|2019-10-16T00:00:00|hospital_B|hospital_B_20191015
SYN_BENE_DDBB53E273D6|SYN_CLM_FB4F120DCBB6|V|60|15-Oct-2019|15-Oct-2019|18-Oct-2019||3|491581|1|1|1|| |1520.18|0.0| ||49|1063523132| |9999868992| |9999868992|||0|1| |1520.18|15-Oct-2019|1|5|A|10|0.0|304.03|0|4|0.0|0.0|0|0|0|0|0|0|0|0|0|0|0|0|0|||||15-Oct-2019|951.0|0|0||Z733|Z733|N|F0280|N|Z653|Y|N1830|Y|E1121|Y|N182|N|E1129|N|G43719|Y|E785|Y|N181|N|E1121|Y|E781|Y|R931|Y|E119|Y|I259|Y|E8881|Y|E669|Y|R7303|Y|D649|Y|I10|Y|Z560|Y|R4689|Y|||||||||| | | | | | | | | | | | | | | | | | | | | | |GZ3|15-Oct-2019|Z741|15-Oct-2019|Z9181|15-Oct-2019|Z1331|15-Oct-2019|Z1331|15-Oct-2019|||||||||||||||||||||||||||||||||||||||||0|0||4|450|G0444|3.0|2019-10-16T00:00:00|hospital_B|hospital_B_20191015
SYN_BENE_DDBB53E273D6|SYN_CLM_FB4F120DCBB6|V|60|15-Oct-2019|15-Oct-2019|18-Oct-2019||3|491581|1|1|1|| |1520.18|0.0| ||49|1063523132| |9999868992| |9999868992|||0|1| |1520.18|15-Oct-2019|1|5|A|10|0.0|304.03|0|4|0.0|0.0|0|0|0|0|0|0|0|0|0|0|0|0|0|||||15-Oct-2019|951.0|0|0||Z733|Z733|N|F0280|N|Z653|Y|N1830|Y|E1121|Y|N182|N|E1129|N|G43719|Y|E785|Y|N181|N|E1121|Y|E781|Y|R931|Y|E119|Y|I259|Y|E8881|Y|E669|Y|R7303|Y|D649|Y|I10|Y|Z560|Y|R4689|Y|||||||||| | | | | | | | | | | | | | | | | | | | | | |GZ3|15-Oct-2019|Z741|15-Oct-2019|Z9181|15-Oct-2019|Z1331|15-Oct-2019|Z1331|15-Oct-2019|||||||||||||||||||||||||||||||||||||||||0|0||5|450|G0444|3.0|2019-10-16T00:00:00|hospital_B|hospital_B_20191015
SYN_BENE_868583E899AB|SYN_CLM_11562475109B|V|60|15-Oct-2019|15-Oct-2019|18-Oct-2019||3|491581|1|1|1|| |1520.18|0.0| ||49|1063523132| |9999868992| |9999868992|||0|1| |1520.18|15-Oct-2019|1|5|A|10|0.0|304.03|0|4|0.0|0.0|0|0|0|0|0|0|0|0|0|0|0|0|0|||||15-Oct-2019|951.0|0|0||Z733|Z733|N|F0280|N|Z653|Y|N1830|Y|E1121|Y|N182|N|E1129|N|G43719|Y|E785|Y|N181|N|E1121|Y|E781|Y|R931|Y|E119|Y|I259|Y|E8881|Y|E669|Y|R7303|Y|D649|Y|I10|Y|Z560|Y|R4689|Y|||||||||| | | | | | | | | | | | | | | | | | | | | | |GZ3|15-Oct-2019|Z741|15-Oct-2019|Z9181|15-Oct-2019|Z1331|15-Oct-2019|Z1331|15-Oct-2019|||||||||||||||||||||||||||||||||||||||||0|0||1|450|99495|3.0|2019-10-16T00:00:00|hospital_B|hospital_B_20191015
SYN_BENE_868583E899AB|SYN_CLM_11562475109B|V|60|15-Oct-2019|15-Oct-2019|18-Oct-2019||3|491581|1|1|1|| |1520.18|0.0| ||49|1063523132| |9999868992| |9999868992|||0|1| |1520.18|15-Oct-2019|1|5|A|10|0.0|304.03|0|4|0.0|0.0|0|0|0|0|0|0|0|0|0|0|0|0|0|||||15-Oct-2019|951.0|0|0||Z733|Z733|N|F0280|N|Z653|Y|N1830|Y|E1121|Y|N182|N|E1129|N|G43719|Y|E785|Y|N181|N|E1121|Y|E781|Y|R931|Y|E119|Y|I259|Y|E8881|Y|E669|Y|R7303|Y|D649|Y|I10|Y|Z560|Y|R4689|Y|||||||||| | | | | | | | | | | | | | | | | | | | | | |GZ3|15-Oct-2019|Z741|15-Oct-2019|Z9181|15-Oct-2019|Z1331|15-Oct-2019|Z1331|15-Oct-2019|||||||||||||||||||||||||||||||||||||||||0|0||2|450|96156|3.0|2019-10-16T00:00:00|hospital_B|hospital_B_20191015
SYN_BENE_868583E899AB|SYN_CLM_11562475109B|V|60|15-Oct-2019|15-Oct-2019|18-Oct-2019||3|491581|1|1|1|| |1520.18|0.0| ||49|1063523132| |9999868992| |9999868992|||0|1| |1520.18|15-Oct-2019|1|5|A|10|0.0|304.03|0|4|0.0|0.0|0|0|0|0|0|0|0|0|0|0|0|0|0|||||15-Oct-2019|951.0|0|0||Z733|Z733|N|F0280|N|Z653|Y|N1830|Y|E1121|Y|N182|N|E1129|N|G43719|Y|E785|Y|N181|N|E1121|Y|E781|Y|R931|Y|E119|Y|I259|Y|E8881|Y|E669|Y|R7303|Y|D649|Y|I10|Y|Z560|Y|R4689|Y|||||||||| | | | | | | | | | | | | | | | | | | | | | |GZ3|15-Oct-2019|Z741|15-Oct-2019|Z9181|15-Oct-2019|Z1331|15-Oct-2019|Z1331|15-Oct-2019|||||||||||||||||||||||||||||||||||||||||0|0||3|450|M1069|3.0|2019-10-16T00:00:00|hospital_B|hospital_B_20191015
SYN_BENE_868583E899AB|SYN_CLM_11562475109B|V|60|15-Oct-2019|15-Oct-2019|18-Oct-2019||3|491581|1|1|1|| |1520.18|0.0| ||49|1063523132| |9999868992| |9999868992|||0|1| |1520.18|15-Oct-2019|1|5|A|10|0.0|304.03|0|4|0.0|0.0|0|0|0|0|0|0|0|0|0|0|0|0|0|||||15-Oct-2019|951.0|0|0||Z733|Z733|N|F0280|N|Z653|Y|N1830|Y|E1121|Y|N182|N|E1129|N|G43719|Y|E785|Y|N181|N|E1121|Y|E781|Y|R931|Y|E119|Y|I259|Y|E8881|Y|E669|Y|R7303|Y|D649|Y|I10|Y|Z560|Y|R4689|Y|||||||||| | | | | | | | | | | | | | | | | | | | | | |GZ3|15-Oct-2019|Z741|15-Oct-2019|Z9181|15-Oct-2019|Z1331|15-Oct-2019|Z1331|15-Oct-2019|||||||||||||||||||||||||||||||||||||||||0|0||4|450|G0444|3.0|2019-10-16T00:00:00|hospital_B|hospital_B_20191015
SYN_BENE_868583E899AB|SYN_CLM_11562475109B|V|60|15-Oct-2019|15-Oct-2019|18-Oct-2019||3|491581|1|1|1|| |1520.18|0.0| ||49|1063523132| |9999868992| |9999868992|||0|1| |1520.18|15-Oct-2019|1|5|A|10|0.0|304.03|0|4|0.0|0.0|0|0|0|0|0|0|0|0|0|0|0|0|0|||||15-Oct-2019|951.0|0|0||Z733|Z733|N|F0280|N|Z653|Y|N1830|Y|E1121|Y|N182|N|E1129|N|G43719|Y|E785|Y|N181|N|E1121|Y|E781|Y|R931|Y|E119|Y|I259|Y|E8881|Y|E669|Y|R7303|Y|D649|Y|I10|Y|Z560|Y|R4689|Y|||||||||| | | | | | | | | | | | | | | | | | | | | | |GZ3|15-Oct-2019|Z741|15-Oct-2019|Z9181|15-Oct-2019|Z1331|15-Oct-2019|Z1331|15-Oct-2019|||||||||||||||||||||||||||||||||||||||||0|0||5|450|G0444|3.0|2019-10-16T00:00:00|hospital_B|hospital_B_20191015
SYN_BENE_EE63250C9631|SYN_CLM_CD64968843B1|V|60|15-Oct-2019|15-Oct-2019|18-Oct-2019||3|491581|1|1|1|| |1520.18|0.0| ||49|1063523132| |9999868992| |9999868992|||0|1| |1520.18|15-Oct-2019|1|5|A|10|0.0|304.03|0|4|0.0|0.0|0|0|0|0|0|0|0|0|0|0|0|0|0|||||15-Oct-2019|951.0|0|0||Z733|Z733|N|F0280|N|Z653|Y|N1830|Y|E1121|Y|N182|N|E1129|N|G43719|Y|E785|Y|N181|N|E1121|Y|E781|Y|R931|Y|E119|Y|I259|Y|E8881|Y|E669|Y|R7303|Y|D649|Y|I10|Y|Z560|Y|R4689|Y|||||||||| | | | | | | | | | | | | | | | | | | | | | |GZ3|15-Oct-2019|Z741|15-Oct-2019|Z9181|15-Oct-2019|Z1331|15-Oct-2019|Z1331|15-Oct-2019|||||||||||||||||||||||||||||||||||||||||0|0||1|450|99495|3.0|2019-10-16T00:00:00|hospital_B|hospital_B_20191015
SYN_BENE_EE63250C9631|SYN_CLM_CD64968843B1|V|60|15-Oct-2019|15-Oct-2019|18-Oct-2019||3|491581|1|1|1|| |1520.18|0.0| ||49|1063523132| |9999868992| |9999868992|||0|1| |1520.18|15-Oct-2019|1|5|A|10|0.0|304.03|0|4|0.0|0.0|0|0|0|0|0|0|0|0|0|0|0|0|0|||||15-Oct-2019|951.0|0|0||Z733|Z733|N|F0280|N|Z653|Y|N1830|Y|E1121|Y|N182|N|E1129|N|G43719|Y|E785|Y|N181|N|E1121|Y|E781|Y|R931|Y|E119|Y|I259|Y|E8881|Y|E669|Y|R7303|Y|D649|Y|I10|Y|Z560|Y|R4689|Y|||||||||| | | | | | | | | | | | | | | | | | | | | | |GZ3|15-Oct-2019|Z741|15-Oct-2019|Z9181|15-Oct-2019|Z1331|15-Oct-2019|Z1331|15-Oct-2019|||||||||||||||||||||||||||||||||||||||||0|0||2|450|96156|3.0|2019-10-16T00:00:00|hospital_B|hospital_B_20191015
SYN_BENE_EE63250C9631|SYN_CLM_CD64968843B1|V|60|15-Oct-2019|15-Oct-2019|18-Oct-2019||3|491581|1|1|1|| |1520.18|0.0| ||49|1063523132| |9999868992| |9999868992|||0|1| |1520.18|15-Oct-2019|1|5|A|10|0.0|304.03|0|4|0.0|0.0|0|0|0|0|0|0|0|0|0|0|0|0|0|||||15-Oct-2019|951.0|0|0||Z733|Z733|N|F0280|N|Z653|Y|N1830|Y|E1121|Y|N182|N|E1129|N|G43719|Y|E785|Y|N181|N|E1121|Y|E781|Y|R931|Y|E119|Y|I259|Y|E8881|Y|E669|Y|R7303|Y|D649|Y|I10|Y|Z560|Y|R4689|Y|||||||||| | | | | | | | | | | | | | | | | | | | | | |GZ3|15-Oct-2019|Z741|15-Oct-2019|Z9181|15-Oct-2019|Z1331|15-Oct-2019|Z1331|15-Oct-2019|||||||||||||||||||||||||||||||||||||||||0|0||3|450|M1069|3.0|2019-10-16T00:00:00|hospital_B|hospital_B_20191015
SYN_BENE_EE63250C9631|SYN_CLM_CD64968843B1|V|60|15-Oct-2019|15-Oct-2019|18-Oct-2019||3|491581|1|1|1|| |1520.18|0.0| ||49|1063523132| |9999868992| |9999868992|||0|1| |1520.18|15-Oct-2019|1|5|A|10|0.0|304.03|0|4|0.0|0.0|0|0|0|0|0|0|0|0|0|0|0|0|0|||||15-Oct-2019|951.0|0|0||Z733|Z733|N|F0280|N|Z653|Y|N1830|Y|E1121|Y|N182|N|E1129|N|G43719|Y|E785|Y|N181|N|E1121|Y|E781|Y|R931|Y|E119|Y|I259|Y|E8881|Y|E669|Y|R7303|Y|D649|Y|I10|Y|Z560|Y|R4689|Y|||||||||| | | | | | | | | | | | | | | | | | | | | | |GZ3|15-Oct-2019|Z741|15-Oct-2019|Z9181|15-Oct-2019|Z1331|15-Oct-2019|Z1331|15-Oct-2019|||||||||||||||||||||||||||||||||||||||||0|0||4|450|G0444|3.0|2019-10-16T00:00:00|hospital_B|hospital_B_20191015
SYN_BENE_EE63250C9631|SYN_CLM_CD64968843B1|V|60|15-Oct-2019|15-Oct-2019|18-Oct-2019||3|491581|1|1|1|| |1520.18|0.0| ||49|1063523132| |9999868992| |9999868992|||0|1| |1520.18|15-Oct-2019|1|5|A|10|0.0|304.03|0|4|0.0|0.0|0|0|0|0|0|0|0|0|0|0|0|0|0|||||15-Oct-2019|951.0|0|0||Z733|Z733|N|F0280|N|Z653|Y|N1830|Y|E1121|Y|N182|N|E1129|N|G43719|Y|E785|Y|N181|N|E1121|Y|E781|Y|R931|Y|E119|Y|I259|Y|E8881|Y|E669|Y|R7303|Y|D649|Y|I10|Y|Z560|Y|R4689|Y|||||||||| | | | | | | | | | | | | | | | | | | | | | |GZ3|15-Oct-2019|Z741|15-Oct-2019|Z9181|15-Oct-2019|Z1331|15-Oct-2019|Z1331|15-Oct-2019|||||||||||||||||||||||||||||||||||||||||0|0||5|450|G0444|3.0|2019-10-16T00:00:00|hospital_B|hospital_B_20191015
SYN_BENE_765FA1612857|SYN_CLM_1D01360E99A9|V|60|15-Oct-2019|15-Oct-2019|18-Oct-2019||3|491581|1|1|1|| |1520.18|0.0| ||49|1063523132| |9999868992| |9999868992|||0|1| |1520.18|15-Oct-2019|1|5|A|10|0.0|304.03|0|4|0.0|0.0|0|0|0|0|0|0|0|0|0|0|0|0|0|||||15-Oct-2019|951.0|0|0||Z733|Z733|N|F0280|N|Z653|Y|N1830|Y|E1121|Y|N182|N|E1129|N|G43719|Y|E785|Y|N181|N|E1121|Y|E781|Y|R931|Y|E119|Y|I259|Y|E8881|Y|E669|Y|R7303|Y|D649|Y|I10|Y|Z560|Y|R4689|Y|||||||||| | | | | | | | | | | | | | | | | | | | | | |GZ3|15-Oct-2019|Z741|15-Oct-2019|Z9181|15-Oct-2019|Z1331|15-Oct-2019|Z1331|15-Oct-2019|||||||||||||||||||||||||||||||||||||||||0|0||1|450|99495|3.0|2019-10-16T00:00:00|hospital_B|hospital_B_20191015
SYN_BENE_765FA1612857|SYN_CLM_1D01360E99A9|V|60|15-Oct-2019|15-Oct-2019|18-Oct-2019||3|491581|1|1|1|| |1520.18|0.0| ||49|1063523132| |9999868992| |9999868992|||0|1| |1520.18|15-Oct-2019|1|5|A|10|0.0|304.03|0|4|0.0|0.0|0|0|0|0|0|0|0|0|0|0|0|0|0|||||15-Oct-2019|951.0|0|0||Z733|Z733|N|F0280|N|Z653|Y|N1830|Y|E1121|Y|N182|N|E1129|N|G43719|Y|E785|Y|N181|N|E1121|Y|E781|Y|R931|Y|E119|Y|I259|Y|E8881|Y|E669|Y|R7303|Y|D649|Y|I10|Y|Z560|Y|R4689|Y|||||||||| | | | | | | | | | | | | | | | | | | | | | |GZ3|15-Oct-2019|Z741|15-Oct-2019|Z9181|15-Oct-2019|Z1331|15-Oct-2019|Z1331|15-Oct-2019|||||||||||||||||||||||||||||||||||||||||0|0||2|450|96156|3.0|2019-10-16T00:00:00|hospital_B|hospital_B_20191015
SYN_BENE_765FA1612857|SYN_CLM_1D01360E99A9|V|60|15-Oct-2019|15-Oct-2019|18-Oct-2019||3|491581|1|1|1|| |1520.18|0.0| ||49|1063523132| |9999868992| |9999868992|||0|1| |1520.18|15-Oct-2019|1|5|A|10|0.0|304.03|0|4|0.0|0.0|0|0|0|0|0|0|0|0|0|0|0|0|0|||||15-Oct-2019|951.0|0|0||Z733|Z733|N|F0280|N|Z653|Y|N1830|Y|E1121|Y|N182|N|E1129|N|G43719|Y|E785|Y|N181|N|E1121|Y|E781|Y|R931|Y|E119|Y|I259|Y|E8881|Y|E669|Y|R7303|Y|D649|Y|I10|Y|Z560|Y|R4689|Y|||||||||| | | | | | | | | | | | | | | | | | | | | | |GZ3|15-Oct-2019|Z741|15-Oct-2019|Z9181|15-Oct-2019|Z1331|15-Oct-2019|Z1331|15-Oct-2019|||||||||||||||||||||||||||||||||||||||||0|0||3|450|M1069|3.0|2019-10-16T00:00:00|hospital_B|hospital_B_20191015
SYN_BENE_765FA1612857|SYN_CLM_1D01360E99A9|V|60|15-Oct-2019|15-Oct-2019|18-Oct-2019||3|491581|1|1|1|| |1520.18|0.0| ||49|1063523132| |9999868992| |9999868992|||0|1| |1520.18|15-Oct-2019|1|5|A|10|0.0|304.03|0|4|0.0|0.0|0|0|0|0|0|0|0|0|0|0|0|0|0|||||15-Oct-2019|951.0|0|0||Z733|Z733|N|F0280|N|Z653|Y|N1830|Y|E1121|Y|N182|N|E1129|N|G43719|Y|E785|Y|N181|N|E1121|Y|E781|Y|R931|Y|E119|Y|I259|Y|E8881|Y|E669|Y|R7303|Y|D649|Y|I10|Y|Z560|Y|R4689|Y|||||||||| | | | | | | | | | | | | | | | | | | | | | |GZ3|15-Oct-2019|Z741|15-Oct-2019|Z9181|15-Oct-2019|Z1331|15-Oct-2019|Z1331|15-Oct-2019|||||||||||||||||||||||||||||||||||||||||0|0||4|450|G0444|3.0|2019-10-16T00:00:00|hospital_B|hospital_B_20191015
SYN_BENE_765FA1612857|SYN_CLM_1D01360E99A9|V|60|15-Oct-2019|15-Oct-2019|18-Oct-2019||3|491581|1|1|1|| |1520.18|0.0| ||49|1063523132| |9999868992| |9999868992|||0|1| |1520.18|15-Oct-2019|1|5|A|10|0.0|304.03|0|4|0.0|0.0|0|0|0|0|0|0|0|0|0|0|0|0|0|||||15-Oct-2019|951.0|0|0||Z733|Z733|N|F0280|N|Z653|Y|N1830|Y|E1121|Y|N182|N|E1129|N|G43719|Y|E785|Y|N181|N|E1121|Y|E781|Y|R931|Y|E119|Y|I259|Y|E8881|Y|E669|Y|R7303|Y|D649|Y|I10|Y|Z560|Y|R4689|Y|||||||||| | | | | | | | | | | | | | | | | | | | | | |GZ3|15-Oct-2019|Z741|15-Oct-2019|Z9181|15-Oct-2019|Z1331|15-Oct-2019|Z1331|15-Oct-2019|||||||||||||||||||||||||||||||||||||||||0|0||5|450|G0444|3.0|2019-10-16T00:00:00|hospital_B|hospital_B_20191015
SYN_BENE_B34D109AFD31|SYN_CLM_3A6ACDEBCBB6|V|60|15-Oct-2019|15-Oct-2019|18-Oct-2019||3|491581|1|1|1|| |1520.18|0.0| ||49|1063523132| |9999868992| |9999868992|||0|1| |1520.18|15-Oct-2019|1|5|A|10|0.0|304.03|0|4|0.0|0.0|0|0|0|0|0|0|0|0|0|0|0|0|0|||||15-Oct-2019|951.0|0|0||Z733|Z733|N|F0280|N|Z653|Y|N1830|Y|E1121|Y|N182|N|E1129|N|G43719|Y|E785|Y|N181|N|E1121|Y|E781|Y|R931|Y|E119|Y|I259|Y|E8881|Y|E669|Y|R7303|Y|D649|Y|I10|Y|Z560|Y|R4689|Y|||||||||| | | | | | | | | | | | | | | | | | | | | | |GZ3|15-Oct-2019|Z741|15-Oct-2019|Z9181|15-Oct-2019|Z1331|15-Oct-2019|Z1331|15-Oct-2019|||||||||||||||||||||||||||||||||||||||||0|0||1|450|99495|3.0|2019-10-16T00:00:00|hospital_B|hospital_B_20191015
SYN_BENE_B34D109AFD31|SYN_CLM_3A6ACDEBCBB6|V|60|15-Oct-2019|15-Oct-2019|18-Oct-2019||3|491581|1|1|1|| |1520.18|0.0| ||49|1063523132| |9999868992| |9999868992|||0|1| |1520.18|15-Oct-2019|1|5|A|10|0.0|304.03|0|4|0.0|0.0|0|0|0|0|0|0|0|0|0|0|0|0|0|||||15-Oct-2019|951.0|0|0||Z733|Z733|N|F0280|N|Z653|Y|N1830|Y|E1121|Y|N182|N|E1129|N|G43719|Y|E785|Y|N181|N|E1121|Y|E781|Y|R931|Y|E119|Y|I259|Y|E8881|Y|E669|Y|R7303|Y|D649|Y|I10|Y|Z560|Y|R4689|Y|||||||||| | | | | | | | | | | | | | | | | | | | | | |GZ3|15-Oct-2019|Z741|15-Oct-2019|Z9181|15-Oct-2019|Z1331|15-Oct-2019|Z1331|15-Oct-2019|||||||||||||||||||||||||||||||||||||||||0|0||2|450|96156|3.0|2019-10-16T00:00:00|hospital_B|hospital_B_20191015
SYN_BENE_B34D109AFD31|SYN_CLM_3A6ACDEBCBB6|V|60|15-Oct-2019|15-Oct-2019|18-Oct-2019||3|491581|1|1|1|| |1520.18|0.0| ||49|1063523132| |9999868992| |9999868992|||0|1| |1520.18|15-Oct-2019|1|5|A|10|0.0|304.03|0|4|0.0|0.0|0|0|0|0|0|0|0|0|0|0|0|0|0|||||15-Oct-2019|951.0|0|0||Z733|Z733|N|F0280|N|Z653|Y|N1830|Y|E1121|Y|N182|N|E1129|N|G43719|Y|E785|Y|N181|N|E1121|Y|E781|Y|R931|Y|E119|Y|I259|Y|E8881|Y|E669|Y|R7303|Y|D649|Y|I10|Y|Z560|Y|R4689|Y|||||||||| | | | | | | | | | | | | | | | | | | | | | |GZ3|15-Oct-2019|Z741|15-Oct-2019|Z9181|15-Oct-2019|Z1331|15-Oct-2019|Z1331|15-Oct-2019|||||||||||||||||||||||||||||||||||||||||0|0||3|450|M1069|3.0|2019-10-16T00:00:00|hospital_B|hospital_B_20191015
SYN_BENE_B34D109AFD31|SYN_CLM_3A6ACDEBCBB6|V|60|15-Oct-2019|15-Oct-2019|18-Oct-2019||3|491581|1|1|1|| |1520.18|0.0| ||49|1063523132| |9999868992| |9999868992|||0|1| |1520.18|15-Oct-2019|1|5|A|10|0.0|304.03|0|4|0.0|0.0|0|0|0|0|0|0|0|0|0|0|0|0|0|||||15-Oct-2019|951.0|0|0||Z733|Z733|N|F0280|N|Z653|Y|N1830|Y|E1121|Y|N182|N|E1129|N|G43719|Y|E785|Y|N181|N|E1121|Y|E781|Y|R931|Y|E119|Y|I259|Y|E8881|Y|E669|Y|R7303|Y|D649|Y|I10|Y|Z560|Y|R4689|Y|||||||||| | | | | | | | | | | | | | | | | | | | | | |GZ3|15-Oct-2019|Z741|15-Oct-2019|Z9181|15-Oct-2019|Z1331|15-Oct-2019|Z1331|15-Oct-2019|||||||||||||||||||||||||||||||||||||||||0|0||4|450|G0444|3.0|2019-10-16T00:00:00|hospital_B|hospital_B_20191015
SYN_BENE_B34D109AFD31|SYN_CLM_3A6ACDEBCBB6|V|60|15-Oct-2019|15-Oct-2019|18-Oct-2019||3|491581|1|1|1|| |1520.18|0.0| ||49|1063523132| |9999868992| |9999868992|||0|1| |1520.18|15-Oct-2019|1|5|A|10|0.0|304.03|0|4|0.0|0.0|0|0|0|0|0|0|0|0|0|0|0|0|0|||||15-Oct-2019|951.0|0|0||Z733|Z733|N|F0280|N|Z653|Y|N1830|Y|E1121|Y|N182|N|E1129|N|G43719|Y|E785|Y|N181|N|E1121|Y|E781|Y|R931|Y|E119|Y|I259|Y|E8881|Y|E669|Y|R7303|Y|D649|Y|I10|Y|Z560|Y|R4689|Y|||||||||| | | | | | | | | | | | | | | | | | | | | | |GZ3|15-Oct-2019|Z741|15-Oct-2019|Z9181|15-Oct-2019|Z1331|15-Oct-2019|Z1331|15-Oct-2019|||||||||||||||||||||||||||||||||||||||||0|0||5|450|G0444|3.0|2019-10-16T00:00:00|hospital_B|hospital_B_20191015
SYN_BENE_A2A5FC1FCBDC|SYN_CLM_770D60F3A61B|V|60|15-Oct-2019|15-Oct-2019|18-Oct-2019||3|491581|1|1|1|| |1520.18|0.0| ||49|1063523132| |9999868992| |9999868992|||0|1| |1520.18|15-Oct-2019|1|5|A|10|0.0|304.03|0|4|0.0|0.0|0|0|0|0|0|0|0|0|0|0|0|0|0|||||15-Oct-2019|951.0|0|0||Z733|Z733|N|F0280|N|Z653|Y|N1830|Y|E1121|Y|N182|N|E1129|N|G43719|Y|E785|Y|N181|N|E1121|Y|E781|Y|R931|Y|E119|Y|I259|Y|E8881|Y|E669|Y|R7303|Y|D649|Y|I10|Y|Z560|Y|R4689|Y|||||||||| | | | | | | | | | | | | | | | | | | | | | |GZ3|15-Oct-2019|Z741|15-Oct-2019|Z9181|15-Oct-2019|Z1331|15-Oct-2019|Z1331|15-Oct-2019|||||||||||||||||||||||||||||||||||||||||0|0||1|450|99495|3.0|2019-10-16T00:00:00|hospital_B|hospital_B_20191015
SYN_BENE_A2A5FC1FCBDC|SYN_CLM_770D60F3A61B|V|60|15-Oct-2019|15-Oct-2019|18-Oct-2019||3|491581|1|1|1|| |1520.18|0.0| ||49|1063523132| |9999868992| |9999868992|||0|1| |1520.18|15-Oct-2019|1|5|A|10|0.0|304.03|0|4|0.0|0.0|0|0|0|0|0|0|0|0|0|0|0|0|0|||||15-Oct-2019|951.0|0|0||Z733|Z733|N|F0280|N|Z653|Y|N1830|Y|E1121|Y|N182|N|E1129|N|G43719|Y|E785|Y|N181|N|E1121|Y|E781|Y|R931|Y|E119|Y|I259|Y|E8881|Y|E669|Y|R7303|Y|D649|Y|I10|Y|Z560|Y|R4689|Y|||||||||| | | | | | | | | | | | | | | | | | | | | | |GZ3|15-Oct-2019|Z741|15-Oct-2019|Z9181|15-Oct-2019|Z1331|15-Oct-2019|Z1331|15-Oct-2019|||||||||||||||||||||||||||||||||||||||||0|0||2|450|96156|3.0|2019-10-16T00:00:00|hospital_B|hospital_B_20191015
SYN_BENE_A2A5FC1FCBDC|SYN_CLM_770D60F3A61B|V|60|15-Oct-2019|15-Oct-2019|18-Oct-2019||3|491581|1|1|1|| |1520.18|0.0| ||49|1063523132| |9999868992| |9999868992|||0|1| |1520.18|15-Oct-2019|1|5|A|10|0.0|304.03|0|4|0.0|0.0|0|0|0|0|0|0|0|0|0|0|0|0|0|||||15-Oct-2019|951.0|0|0||Z733|Z733|N|F0280|N|Z653|Y|N1830|Y|E1121|Y|N182|N|E1129|N|G43719|Y|E785|Y|N181|N|E1121|Y|E781|Y|R931|Y|E119|Y|I259|Y|E8881|Y|E669|Y|R7303|Y|D649|Y|I10|Y|Z560|Y|R4689|Y|||||||||| | | | | | | | | | | | | | | | | | | | | | |GZ3|15-Oct-2019|Z741|15-Oct-2019|Z9181|15-Oct-2019|Z1331|15-Oct-2019|Z1331|15-Oct-2019|||||||||||||||||||||||||||||||||||||||||0|0||3|450|M1069|3.0|2019-10-16T00:00:00|hospital_B|hospital_B_20191015
SYN_BENE_A2A5FC1FCBDC|SYN_CLM_770D60F3A61B|V|60|15-Oct-2019|15-Oct-2019|18-Oct-2019||3|491581|1|1|1|| |1520.18|0.0| ||49|1063523132| |9999868992| |9999868992|||0|1| |1520.18|15-Oct-2019|1|5|A|10|0.0|304.03|0|4|0.0|0.0|0|0|0|0|0|0|0|0|0|0|0|0|0|||||15-Oct-2019|951.0|0|0||Z733|Z733|N|F0280|N|Z653|Y|N1830|Y|E1121|Y|N182|N|E1129|N|G43719|Y|E785|Y|N181|N|E1121|Y|E781|Y|R931|Y|E119|Y|I259|Y|E8881|Y|E669|Y|R7303|Y|D649|Y|I10|Y|Z560|Y|R4689|Y|||||||||| | | | | | | | | | | | | | | | | | | | | | |GZ3|15-Oct-2019|Z741|15-Oct-2019|Z9181|15-Oct-2019|Z1331|15-Oct-2019|Z1331|15-Oct-2019|||||||||||||||||||||||||||||||||||||||||0|0||4|450|G0444|3.0|2019-10-16T00:00:00|hospital_B|hospital_B_20191015
SYN_BENE_A2A5FC1FCBDC|SYN_CLM_770D60F3A61B|V|60|15-Oct-2019|15-Oct-2019|18-Oct-2019||3|491581|1|1|1|| |1520.18|0.0| ||49|1063523132| |9999868992| |9999868992|||0|1| |1520.18|15-Oct-2019|1|5|A|10|0.0|304.03|0|4|0.0|0.0|0|0|0|0|0|0|0|0|0|0|0|0|0|||||15-Oct-2019|951.0|0|0||Z733|Z733|N|F0280|N|Z653|Y|N1830|Y|E1121|Y|N182|N|E1129|N|G43719|Y|E785|Y|N181|N|E1121|Y|E781|Y|R931|Y|E119|Y|I259|Y|E8881|Y|E669|Y|R7303|Y|D649|Y|I10|Y|Z560|Y|R4689|Y|||||||||| | | | | | | | | | | | | | | | | | | | | | |GZ3|15-Oct-2019|Z741|15-Oct-2019|Z9181|15-Oct-2019|Z1331|15-Oct-2019|Z1331|15-Oct-2019|||||||||||||||||||||||||||||||||||||||||0|0||5|450|G0444|3.0|2019-10-16T00:00:00|hospital_B|hospital_B_20191015
SYN_BENE_35518218F8F3|SYN_CLM_1A10B6338F36|V|60|15-Oct-2019|15-Oct-2019|18-Oct-2019||3|491581|1|1|1|| |1520.18|0.0| ||49|1063523132| |9999868992| |9999868992|||0|1| |1520.18|15-Oct-2019|1|5|A|10|0.0|304.03|0|4|0.0|0.0|0|0|0|0|0|0|0|0|0|0|0|0|0|||||15-Oct-2019|951.0|0|0||Z733|Z733|N|F0280|N|Z653|Y|N1830|Y|E1121|Y|N182|N|E1129|N|G43719|Y|E785|Y|N181|N|E1121|Y|E781|Y|R931|Y|E119|Y|I259|Y|E8881|Y|E669|Y|R7303|Y|D649|Y|I10|Y|Z560|Y|R4689|Y|||||||||| | | | | | | | | | | | | | | | | | | | | | |GZ3|15-Oct-2019|Z741|15-Oct-2019|Z9181|15-Oct-2019|Z1331|15-Oct-2019|Z1331|15-Oct-2019|||||||||||||||||||||||||||||||||||||||||0|0||1|450|99495|3.0|2019-10-16T00:00:00|hospital_B|hospital_B_20191015
SYN_BENE_35518218F8F3|SYN_CLM_1A10B6338F36|V|60|15-Oct-2019|15-Oct-2019|18-Oct-2019||3|491581|1|1|1|| |1520.18|0.0| ||49|1063523132| |9999868992| |9999868992|||0|1| |1520.18|15-Oct-2019|1|5|A|10|0.0|304.03|0|4|0.0|0.0|0|0|0|0|0|0|0|0|0|0|0|0|0|||||15-Oct-2019|951.0|0|0||Z733|Z733|N|F0280|N|Z653|Y|N1830|Y|E1121|Y|N182|N|E1129|N|G43719|Y|E785|Y|N181|N|E1121|Y|E781|Y|R931|Y|E119|Y|I259|Y|E8881|Y|E669|Y|R7303|Y|D649|Y|I10|Y|Z560|Y|R4689|Y|||||||||| | | | | | | | | | | | | | | | | | | | | | |GZ3|15-Oct-2019|Z741|15-Oct-2019|Z9181|15-Oct-2019|Z1331|15-Oct-2019|Z1331|15-Oct-2019|||||||||||||||||||||||||||||||||||||||||0|0||2|450|96156|3.0|2019-10-16T00:00:00|hospital_B|hospital_B_20191015
SYN_BENE_35518218F8F3|SYN_CLM_1A10B6338F36|V|60|15-Oct-2019|15-Oct-2019|18-Oct-2019||3|491581|1|1|1|| |1520.18|0.0| ||49|1063523132| |9999868992| |9999868992|||0|1| |1520.18|15-Oct-2019|1|5|A|10|0.0|304.03|0|4|0.0|0.0|0|0|0|0|0|0|0|0|0|0|0|0|0|||||15-Oct-2019|951.0|0|0||Z733|Z733|N|F0280|N|Z653|Y|N1830|Y|E1121|Y|N182|N|E1129|N|G43719|Y|E785|Y|N181|N|E1121|Y|E781|Y|R931|Y|E119|Y|I259|Y|E8881|Y|E669|Y|R7303|Y|D649|Y|I10|Y|Z560|Y|R4689|Y|||||||||| | | | | | | | | | | | | | | | | | | | | | |GZ3|15-Oct-2019|Z741|15-Oct-2019|Z9181|15-Oct-2019|Z1331|15-Oct-2019|Z1331|15-Oct-2019|||||||||||||||||||||||||||||||||||||||||0|0||3|450|M1069|3.0|2019-10-16T00:00:00|hospital_B|hospital_B_20191015
SYN_BENE_35518218F8F3|SYN_CLM_1A10B6338F36|V|60|15-Oct-2019|15-Oct-2019|18-Oct-2019||3|491581|1|1|1|| |1520.18|0.0| ||49|1063523132| |9999868992| |9999868992|||0|1| |1520.18|15-Oct-2019|1|5|A|10|0.0|304.03|0|4|0.0|0.0|0|0|0|0|0|0|0|0|0|0|0|0|0|||||15-Oct-2019|951.0|0|0||Z733|Z733|N|F0280|N|Z653|Y|N1830|Y|E1121|Y|N182|N|E1129|N|G43719|Y|E785|Y|N181|N|E1121|Y|E781|Y|R931|Y|E119|Y|I259|Y|E8881|Y|E669|Y|R7303|Y|D649|Y|I10|Y|Z560|Y|R4689|Y|||||||||| | | | | | | | | | | | | | | | | | | | | | |GZ3|15-Oct-2019|Z741|15-Oct-2019|Z9181|15-Oct-2019|Z1331|15-Oct-2019|Z1331|15-Oct-2019|||||||||||||||||||||||||||||||||||||||||0|0||4|450|G0444|3.0|2019-10-16T00:00:00|hospital_B|hospital_B_20191015
SYN_BENE_35518218F8F3|SYN_CLM_1A10B6338F36|V|60|15-Oct-2019|15-Oct-2019|18-Oct-2019||3|491581|1|1|1|| |1520.18|0.0| ||49|1063523132| |9999868992| |9999868992|||0|1| |1520.18|15-Oct-2019|1|5|A|10|0.0|304.03|0|4|0.0|0.0|0|0|0|0|0|0|0|0|0|0|0|0|0|||||15-Oct-2019|951.0|0|0||Z733|Z733|N|F0280|N|Z653|Y|N1830|Y|E1121|Y|N182|N|E1129|N|G43719|Y|E785|Y|N181|N|E1121|Y|E781|Y|R931|Y|E119|Y|I259|Y|E8881|Y|E669|Y|R7303|Y|D649|Y|I10|Y|Z560|Y|R4689|Y|||||||||| | | | | | | | | | | | | | | | | | | | | | |GZ3|15-Oct-2019|Z741|15-Oct-2019|Z9181|15-Oct-2019|Z1331|15-Oct-2019|Z1331|15-Oct-2019|||||||||||||||||||||||||||||||||||||||||0|0||5|450|G0444|3.0|2019-10-16T00:00:00|hospital_B|hospital_B_20191015
SYN_BENE_C98A7386A3A7|SYN_CLM_A9357E152FDA|V|60|15-Oct-2019|15-Oct-2019|18-Oct-2019||3|491581|1|1|1|| |1520.18|0.0| ||49|1063523132| |9999868992| |9999868992|||0|1| |1520.18|15-Oct-2019|1|5|A|10|0.0|304.03|0|4|0.0|0.0|0|0|0|0|0|0|0|0|0|0|0|0|0|||||15-Oct-2019|951.0|0|0||Z733|Z733|N|F0280|N|Z653|Y|N1830|Y|E1121|Y|N182|N|E1129|N|G43719|Y|E785|Y|N181|N|E1121|Y|E781|Y|R931|Y|E119|Y|I259|Y|E8881|Y|E669|Y|R7303|Y|D649|Y|I10|Y|Z560|Y|R4689|Y|||||||||| | | | | | | | | | | | | | | | | | | | | | |GZ3|15-Oct-2019|Z741|15-Oct-2019|Z9181|15-Oct-2019|Z1331|15-Oct-2019|Z1331|15-Oct-2019|||||||||||||||||||||||||||||||||||||||||0|0||1|450|99495|3.0|2019-10-16T00:00:00|hospital_B|hospital_B_20191015
SYN_BENE_C98A7386A3A7|SYN_CLM_A9357E152FDA|V|60|15-Oct-2019|15-Oct-2019|18-Oct-2019||3|491581|1|1|1|| |1520.18|0.0| ||49|1063523132| |9999868992| |9999868992|||0|1| |1520.18|15-Oct-2019|1|5|A|10|0.0|304.03|0|4|0.0|0.0|0|0|0|0|0|0|0|0|0|0|0|0|0|||||15-Oct-2019|951.0|0|0||Z733|Z733|N|F0280|N|Z653|Y|N1830|Y|E1121|Y|N182|N|E1129|N|G43719|Y|E785|Y|N181|N|E1121|Y|E781|Y|R931|Y|E119|Y|I259|Y|E8881|Y|E669|Y|R7303|Y|D649|Y|I10|Y|Z560|Y|R4689|Y|||||||||| | | | | | | | | | | | | | | | | | | | | | |GZ3|15-Oct-2019|Z741|15-Oct-2019|Z9181|15-Oct-2019|Z1331|15-Oct-2019|Z1331|15-Oct-2019|||||||||||||||||||||||||||||||||||||||||0|0||2|450|96156|3.0|2019-10-16T00:00:00|hospital_B|hospital_B_20191015
SYN_BENE_C98A7386A3A7|SYN_CLM_A9357E152FDA|V|60|15-Oct-2019|15-Oct-2019|18-Oct-2019||3|491581|1|1|1|| |1520.18|0.0| ||49|1063523132| |9999868992| |9999868992|||0|1| |1520.18|15-Oct-2019|1|5|A|10|0.0|304.03|0|4|0.0|0.0|0|0|0|0|0|0|0|0|0|0|0|0|0|||||15-Oct-2019|951.0|0|0||Z733|Z733|N|F0280|N|Z653|Y|N1830|Y|E1121|Y|N182|N|E1129|N|G43719|Y|E785|Y|N181|N|E1121|Y|E781|Y|R931|Y|E119|Y|I259|Y|E8881|Y|E669|Y|R7303|Y|D649|Y|I10|Y|Z560|Y|R4689|Y|||||||||| | | | | | | | | | | | | | | | | | | | | | |GZ3|15-Oct-2019|Z741|15-Oct-2019|Z9181|15-Oct-2019|Z1331|15-Oct-2019|Z1331|15-Oct-2019|||||||||||||||||||||||||||||||||||||||||0|0||3|450|M1069|3.0|2019-10-16T00:00:00|hospital_B|hospital_B_20191015
SYN_BENE_C98A7386A3A7|SYN_CLM_A9357E152FDA|V|60|15-Oct-2019|15-Oct-2019|18-Oct-2019||3|491581|1|1|1|| |1520.18|0.0| ||49|1063523132| |9999868992| |9999868992|||0|1| |1520.18|15-Oct-2019|1|5|A|10|0.0|304.03|0|4|0.0|0.0|0|0|0|0|0|0|0|0|0|0|0|0|0|||||15-Oct-2019|951.0|0|0||Z733|Z733|N|F0280|N|Z653|Y|N1830|Y|E1121|Y|N182|N|E1129|N|G43719|Y|E785|Y|N181|N|E1121|Y|E781|Y|R931|Y|E119|Y|I259|Y|E8881|Y|E669|Y|R7303|Y|D649|Y|I10|Y|Z560|Y|R4689|Y|||||||||| | | | | | | | | | | | | | | | | | | | | | |GZ3|15-Oct-2019|Z741|15-Oct-2019|Z9181|15-Oct-2019|Z1331|15-Oct-2019|Z1331|15-Oct-2019|||||||||||||||||||||||||||||||||||||||||0|0||4|450|G0444|3.0|2019-10-16T00:00:00|hospital_B|hospital_B_20191015
SYN_BENE_C98A7386A3A7|SYN_CLM_A9357E152FDA|V|60|15-Oct-2019|15-Oct-2019|18-Oct-2019||3|491581|1|1|1|| |1520.18|0.0| ||49|1063523132| |9999868992| |9999868992|||0|1| |1520.18|15-Oct-2019|1|5|A|10|0.0|304.03|0|4|0.0|0.0|0|0|0|0|0|0|0|0|0|0|0|0|0|||||15-Oct-2019|951.0|0|0||Z733|Z733|N|F0280|N|Z653|Y|N1830|Y|E1121|Y|N182|N|E1129|N|G43719|Y|E785|Y|N181|N|E1121|Y|E781|Y|R931|Y|E119|Y|I259|Y|E8881|Y|E669|Y|R7303|Y|D649|Y|I10|Y|Z560|Y|R4689|Y|||||||||| | | | | | | | | | | | | | | | | | | | | | |GZ3|15-Oct-2019|Z741|15-Oct-2019|Z9181|15-Oct-2019|Z1331|15-Oct-2019|Z1331|15-Oct-2019|||||||||||||||||||||||||||||||||||||||||0|0||5|450|G0444|3.0|2019-10-16T00:00:00|hospital_B|hospital_B_20191015
SYN_BENE_62ACCEFC23FB|SYN_CLM_C5FB5B4E29B0|V|60|15-Oct-2019|15-Oct-2019|18-Oct-2019||3|491581|1|1|1|| |1520.18|0.0| ||49|1063523132| |9999868992| |9999868992|||0|1| |1520.18|15-Oct-2019|1|5|A|10|0.0|304.03|0|4|0.0|0.0|0|0|0|0|0|0|0|0|0|0|0|0|0|||||15-Oct-2019|951.0|0|0||Z733|Z733|N|F0280|N|Z653|Y|N1830|Y|E1121|Y|N182|N|E1129|N|G43719|Y|E785|Y|N181|N|E1121|Y|E781|Y|R931|Y|E119|Y|I259|Y|E8881|Y|E669|Y|R7303|Y|D649|Y|I10|Y|Z560|Y|R4689|Y|||||||||| | | | | | | | | | | | | | | | | | | | | | |GZ3|15-Oct-2019|Z741|15-Oct-2019|Z9181|15-Oct-2019|Z1331|15-Oct-2019|Z1331|15-Oct-2019|||||||||||||||||||||||||||||||||||||||||0|0||1|450|99495|3.0|2019-10-16T00:00:00|hospital_B|hospital_B_20191015
SYN_BENE_62ACCEFC23FB|SYN_CLM_C5FB5B4E29B0|V|60|15-Oct-2019|15-Oct-2019|18-Oct-2019||3|491581|1|1|1|| |1520.18|0.0| ||49|1063523132| |9999868992| |9999868992|||0|1| |1520.18|15-Oct-2019|1|5|A|10|0.0|304.03|0|4|0.0|0.0|0|0|0|0|0|0|0|0|0|0|0|0|0|||||15-Oct-2019|951.0|0|0||Z733|Z733|N|F0280|N|Z653|Y|N1830|Y|E1121|Y|N182|N|E1129|N|G43719|Y|E785|Y|N181|N|E1121|Y|E781|Y|R931|Y|E119|Y|I259|Y|E8881|Y|E669|Y|R7303|Y|D649|Y|I10|Y|Z560|Y|R4689|Y|||||||||| | | | | | | | | | | | | | | | | | | | | | |GZ3|15-Oct-2019|Z741|15-Oct-2019|Z9181|15-Oct-2019|Z1331|15-Oct-2019|Z1331|15-Oct-2019|||||||||||||||||||||||||||||||||||||||||0|0||2|450|96156|3.0|2019-10-16T00:00:00|hospital_B|hospital_B_20191015
SYN_BENE_62ACCEFC23FB|SYN_CLM_C5FB5B4E29B0|V|60|15-Oct-2019|15-Oct-2019|18-Oct-2019||3|491581|1|1|1|| |1520.18|0.0| ||49|1063523132| |9999868992| |9999868992|||0|1| |1520.18|15-Oct-2019|1|5|A|10|0.0|304.03|0|4|0.0|0.0|0|0|0|0|0|0|0|0|0|0|0|0|0|||||15-Oct-2019|951.0|0|0||Z733|Z733|N|F0280|N|Z653|Y|N1830|Y|E1121|Y|N182|N|E1129|N|G43719|Y|E785|Y|N181|N|E1121|Y|E781|Y|R931|Y|E119|Y|I259|Y|E8881|Y|E669|Y|R7303|Y|D649|Y|I10|Y|Z560|Y|R4689|Y|||||||||| | | | | | | | | | | | | | | | | | | | | | |GZ3|15-Oct-2019|Z741|15-Oct-2019|Z9181|15-Oct-2019|Z1331|15-Oct-2019|Z1331|15-Oct-2019|||||||||||||||||||||||||||||||||||||||||0|0||3|450|M1069|3.0|2019-10-16T00:00:00|hospital_B|hospital_B_20191015
SYN_BENE_62ACCEFC23FB|SYN_CLM_C5FB5B4E29B0|V|60|15-Oct-2019|15-Oct-2019|18-Oct-2019||3|491581|1|1|1|| |1520.18|0.0| ||49|1063523132| |9999868992| |9999868992|||0|1| |1520.18|15-Oct-2019|1|5|A|10|0.0|304.03|0|4|0.0|0.0|0|0|0|0|0|0|0|0|0|0|0|0|0|||||15-Oct-2019|951.0|0|0||Z733|Z733|N|F0280|N|Z653|Y|N1830|Y|E1121|Y|N182|N|E1129|N|G43719|Y|E785|Y|N181|N|E1121|Y|E781|Y|R931|Y|E119|Y|I259|Y|E8881|Y|E669|Y|R7303|Y|D649|Y|I10|Y|Z560|Y|R4689|Y|||||||||| | | | | | | | | | | | | | | | | | | | | | |GZ3|15-Oct-2019|Z741|15-Oct-2019|Z9181|15-Oct-2019|Z1331|15-Oct-2019|Z1331|15-Oct-2019|||||||||||||||||||||||||||||||||||||||||0|0||4|450|G0444|3.0|2019-10-16T00:00:00|hospital_B|hospital_B_20191015
SYN_BENE_62ACCEFC23FB|SYN_CLM_C5FB5B4E29B0|V|60|15-Oct-2019|15-Oct-2019|18-Oct-2019||3|491581|1|1|1|| |1520.18|0.0| ||49|1063523132| |9999868992| |9999868992|||0|1| |1520.18|15-Oct-2019|1|5|A|10|0.0|304.03|0|4|0.0|0.0|0|0|0|0|0|0|0|0|0|0|0|0|0|||||15-Oct-2019|951.0|0|0||Z733|Z733|N|F0280|N|Z653|Y|N1830|Y|E1121|Y|N182|N|E1129|N|G43719|Y|E785|Y|N181|N|E1121|Y|E781|Y|R931|Y|E119|Y|I259|Y|E8881|Y|E669|Y|R7303|Y|D649|Y|I10|Y|Z560|Y|R4689|Y|||||||||| | | | | | | | | | | | | | | | | | | | | | |GZ3|15-Oct-2019|Z741|15-Oct-2019|Z9181|15-Oct-2019|Z1331|15-Oct-2019|Z1331|15-Oct-2019|||||||||||||||||||||||||||||||||||||||||0|0||5|450|G0444|3.0|2019-10-16T00:00:00|hospital_B|hospital_B_20191015
SYN_BENE_CCE3087ED4F1|SYN_CLM_6F9A150DB29F|V|60|15-Oct-2019|15-Oct-2019|18-Oct-2019||3|491581|1|1|1|| |1520.18|0.0| ||49|1063523132| |9999868992| |9999868992|||0|1| |1520.18|15-Oct-2019|1|5|A|10|0.0|304.03|0|4|0.0|0.0|0|0|0|0|0|0|0|0|0|0|0|0|0|||||15-Oct-2019|951.0|0|0||Z733|Z733|N|F0280|N|Z653|Y|N1830|Y|E1121|Y|N182|N|E1129|N|G43719|Y|E785|Y|N181|N|E1121|Y|E781|Y|R931|Y|E119|Y|I259|Y|E8881|Y|E669|Y|R7303|Y|D649|Y|I10|Y|Z560|Y|R4689|Y|||||||||| | | | | | | | | | | | | | | | | | | | | | |GZ3|15-Oct-2019|Z741|15-Oct-2019|Z9181|15-Oct-2019|Z1331|15-Oct-2019|Z1331|15-Oct-2019|||||||||||||||||||||||||||||||||||||||||0|0||1|450|99495|3.0|2019-10-16T00:00:00|hospital_B|hospital_B_20191015
SYN_BENE_CCE3087ED4F1|SYN_CLM_6F9A150DB29F|V|60|15-Oct-2019|15-Oct-2019|18-Oct-2019||3|491581|1|1|1|| |1520.18|0.0| ||49|1063523132| |9999868992| |9999868992|||0|1| |1520.18|15-Oct-2019|1|5|A|10|0.0|304.03|0|4|0.0|0.0|0|0|0|0|0|0|0|0|0|0|0|0|0|||||15-Oct-2019|951.0|0|0||Z733|Z733|N|F0280|N|Z653|Y|N1830|Y|E1121|Y|N182|N|E1129|N|G43719|Y|E785|Y|N181|N|E1121|Y|E781|Y|R931|Y|E119|Y|I259|Y|E8881|Y|E669|Y|R7303|Y|D649|Y|I10|Y|Z560|Y|R4689|Y|||||||||| | | | | | | | | | | | | | | | | | | | | | |GZ3|15-Oct-2019|Z741|15-Oct-2019|Z9181|15-Oct-2019|Z1331|15-Oct-2019|Z1331|15-Oct-2019|||||||||||||||||||||||||||||||||||||||||0|0||2|450|96156|3.0|2019-10-16T00:00:00|hospital_B|hospital_B_20191015
SYN_BENE_CCE3087ED4F1|SYN_CLM_6F9A150DB29F|V|60|15-Oct-2019|15-Oct-2019|18-Oct-2019||3|491581|1|1|1|| |1520.18|0.0| ||49|1063523132| |9999868992| |9999868992|||0|1| |1520.18|15-Oct-2019|1|5|A|10|0.0|304.03|0|4|0.0|0.0|0|0|0|0|0|0|0|0|0|0|0|0|0|||||15-Oct-2019|951.0|0|0||Z733|Z733|N|F0280|N|Z653|Y|N1830|Y|E1121|Y|N182|N|E1129|N|G43719|Y|E785|Y|N181|N|E1121|Y|E781|Y|R931|Y|E119|Y|I259|Y|E8881|Y|E669|Y|R7303|Y|D649|Y|I10|Y|Z560|Y|R4689|Y|||||||||| | | | | | | | | | | | | | | | | | | | | | |GZ3|15-Oct-2019|Z741|15-Oct-2019|Z9181|15-Oct-2019|Z1331|15-Oct-2019|Z1331|15-Oct-2019|||||||||||||||||||||||||||||||||||||||||0|0||3|450|M1069|3.0|2019-10-16T00:00:00|hospital_B|hospital_B_20191015
SYN_BENE_CCE3087ED4F1|SYN_CLM_6F9A150DB29F|V|60|15-Oct-2019|15-Oct-2019|18-Oct-2019||3|491581|1|1|1|| |1520.18|0.0| ||49|1063523132| |9999868992| |9999868992|||0|1| |1520.18|15-Oct-2019|1|5|A|10|0.0|304.03|0|4|0.0|0.0|0|0|0|0|0|0|0|0|0|0|0|0|0|||||15-Oct-2019|951.0|0|0||Z733|Z733|N|F0280|N|Z653|Y|N1830|Y|E1121|Y|N182|N|E1129|N|G43719|Y|E785|Y|N181|N|E1121|Y|E781|Y|R931|Y|E119|Y|I259|Y|E8881|Y|E669|Y|R7303|Y|D649|Y|I10|Y|Z560|Y|R4689|Y|||||||||| | | | | | | | | | | | | | | | | | | | | | |GZ3|15-Oct-2019|Z741|15-Oct-2019|Z9181|15-Oct-2019|Z1331|15-Oct-2019|Z1331|15-Oct-2019|||||||||||||||||||||||||||||||||||||||||0|0||4|450|G0444|3.0|2019-10-16T00:00:00|hospital_B|hospital_B_20191015
SYN_BENE_CCE3087ED4F1|SYN_CLM_6F9A150DB29F|V|60|15-Oct-2019|15-Oct-2019|18-Oct-2019||3|491581|1|1|1|| |1520.18|0.0| ||49|1063523132| |9999868992| |9999868992|||0|1| |1520.18|15-Oct-2019|1|5|A|10|0.0|304.03|0|4|0.0|0.0|0|0|0|0|0|0|0|0|0|0|0|0|0|||||15-Oct-2019|951.0|0|0||Z733|Z733|N|F0280|N|Z653|Y|N1830|Y|E1121|Y|N182|N|E1129|N|G43719|Y|E785|Y|N181|N|E1121|Y|E781|Y|R931|Y|E119|Y|I259|Y|E8881|Y|E669|Y|R7303|Y|D649|Y|I10|Y|Z560|Y|R4689|Y|||||||||| | | | | | | | | | | | | | | | | | | | | | |GZ3|15-Oct-2019|Z741|15-Oct-2019|Z9181|15-Oct-2019|Z1331|15-Oct-2019|Z1331|15-Oct-2019|||||||||||||||||||||||||||||||||||||||||0|0||5|450|G0444|3.0|2019-10-16T00:00:00|hospital_B|hospital_B_20191015
SYN_BENE_9D7D0F993261|SYN_CLM_A287EF755300|V|60|15-Oct-2019|15-Oct-2019|18-Oct-2019||3|491581|1|1|1|| |1520.18|0.0| ||49|1063523132| |9999868992| |9999868992|||0|1| |1520.18|15-Oct-2019|1|5|A|10|0.0|304.03|0|4|0.0|0.0|0|0|0|0|0|0|0|0|0|0|0|0|0|||||15-Oct-2019|951.0|0|0||Z733|Z733|N|F0280|N|Z653|Y|N1830|Y|E1121|Y|N182|N|E1129|N|G43719|Y|E785|Y|N181|N|E1121|Y|E781|Y|R931|Y|E119|Y|I259|Y|E8881|Y|E669|Y|R7303|Y|D649|Y|I10|Y|Z560|Y|R4689|Y|||||||||| | | | | | | | | | | | | | | | | | | | | | |GZ3|15-Oct-2019|Z741|15-Oct-2019|Z9181|15-Oct-2019|Z1331|15-Oct-2019|Z1331|15-Oct-2019|||||||||||||||||||||||||||||||||||||||||0|0||1|450|99495|3.0|2019-10-16T00:00:00|hospital_B|hospital_B_20191015
SYN_BENE_9D7D0F993261|SYN_CLM_A287EF755300|V|60|15-Oct-2019|15-Oct-2019|18-Oct-2019||3|491581|1|1|1|| |1520.18|0.0| ||49|1063523132| |9999868992| |9999868992|||0|1| |1520.18|15-Oct-2019|1|5|A|10|0.0|304.03|0|4|0.0|0.0|0|0|0|0|0|0|0|0|0|0|0|0|0|||||15-Oct-2019|951.0|0|0||Z733|Z733|N|F0280|N|Z653|Y|N1830|Y|E1121|Y|N182|N|E1129|N|G43719|Y|E785|Y|N181|N|E1121|Y|E781|Y|R931|Y|E119|Y|I259|Y|E8881|Y|E669|Y|R7303|Y|D649|Y|I10|Y|Z560|Y|R4689|Y|||||||||| | | | | | | | | | | | | | | | | | | | | | |GZ3|15-Oct-2019|Z741|15-Oct-2019|Z9181|15-Oct-2019|Z1331|15-Oct-2019|Z1331|15-Oct-2019|||||||||||||||||||||||||||||||||||||||||0|0||2|450|96156|3.0|2019-10-16T00:00:00|hospital_B|hospital_B_20191015
SYN_BENE_9D7D0F993261|SYN_CLM_A287EF755300|V|60|15-Oct-2019|15-Oct-2019|18-Oct-2019||3|491581|1|1|1|| |1520.18|0.0| ||49|1063523132| |9999868992| |9999868992|||0|1| |1520.18|15-Oct-2019|1|5|A|10|0.0|304.03|0|4|0.0|0.0|0|0|0|0|0|0|0|0|0|0|0|0|0|||||15-Oct-2019|951.0|0|0||Z733|Z733|N|F0280|N|Z653|Y|N1830|Y|E1121|Y|N182|N|E1129|N|G43719|Y|E785|Y|N181|N|E1121|Y|E781|Y|R931|Y|E119|Y|I259|Y|E8881|Y|E669|Y|R7303|Y|D649|Y|I10|Y|Z560|Y|R4689|Y|||||||||| | | | | | | | | | | | | | | | | | | | | | |GZ3|15-Oct-2019|Z741|15-Oct-2019|Z9181|15-Oct-2019|Z1331|15-Oct-2019|Z1331|15-Oct-2019|||||||||||||||||||||||||||||||||||||||||0|0||3|450|M1069|3.0|2019-10-16T00:00:00|hospital_B|hospital_B_20191015
SYN_BENE_9D7D0F993261|SYN_CLM_A287EF755300|V|60|15-Oct-2019|15-Oct-2019|18-Oct-2019||3|491581|1|1|1|| |1520.18|0.0| ||49|1063523132| |9999868992| |9999868992|||0|1| |1520.18|15-Oct-2019|1|5|A|10|0.0|304.03|0|4|0.0|0.0|0|0|0|0|0|0|0|0|0|0|0|0|0|||||15-Oct-2019|951.0|0|0||Z733|Z733|N|F0280|N|Z653|Y|N1830|Y|E1121|Y|N182|N|E1129|N|G43719|Y|E785|Y|N181|N|E1121|Y|E781|Y|R931|Y|E119|Y|I259|Y|E8881|Y|E669|Y|R7303|Y|D649|Y|I10|Y|Z560|Y|R4689|Y|||||||||| | | | | | | | | | | | | | | | | | | | | | |GZ3|15-Oct-2019|Z741|15-Oct-2019|Z9181|15-Oct-2019|Z1331|15-Oct-2019|Z1331|15-Oct-2019|||||||||||||||||||||||||||||||||||||||||0|0||4|450|G0444|3.0|2019-10-16T00:00:00|hospital_B|hospital_B_20191015
SYN_BENE_9D7D0F993261|SYN_CLM_A287EF755300|V|60|15-Oct-2019|15-Oct-2019|18-Oct-2019||3|491581|1|1|1|| |1520.18|0.0| ||49|1063523132| |9999868992| |9999868992|||0|1| |1520.18|15-Oct-2019|1|5|A|10|0.0|304.03|0|4|0.0|0.0|0|0|0|0|0|0|0|0|0|0|0|0|0|||||15-Oct-2019|951.0|0|0||Z733|Z733|N|F0280|N|Z653|Y|N1830|Y|E1121|Y|N182|N|E1129|N|G43719|Y|E785|Y|N181|N|E1121|Y|E781|Y|R931|Y|E119|Y|I259|Y|E8881|Y|E669|Y|R7303|Y|D649|Y|I10|Y|Z560|Y|R4689|Y|||||||||| | | | | | | | | | | | | | | | | | | | | | |GZ3|15-Oct-2019|Z741|15-Oct-2019|Z9181|15-Oct-2019|Z1331|15-Oct-2019|Z1331|15-Oct-2019|||||||||||||||||||||||||||||||||||||||||0|0||5|450|G0444|3.0|2019-10-16T00:00:00|hospital_B|hospital_B_20191015
SYN_BENE_7D8C1E98AC5B|SYN_CLM_7BBB97AC7A9D|V|60|15-Oct-2019|15-Oct-2019|18-Oct-2019||3|491581|1|1|1|| |1520.18|0.0| ||49|1063523132| |9999868992| |9999868992|||0|1| |1520.18|15-Oct-2019|1|5|A|10|0.0|304.03|0|4|0.0|0.0|0|0|0|0|0|0|0|0|0|0|0|0|0|||||15-Oct-2019|951.0|0|0||Z733|Z733|N|F0280|N|Z653|Y|N1830|Y|E1121|Y|N182|N|E1129|N|G43719|Y|E785|Y|N181|N|E1121|Y|E781|Y|R931|Y|E119|Y|I259|Y|E8881|Y|E669|Y|R7303|Y|D649|Y|I10|Y|Z560|Y|R4689|Y|||||||||| | | | | | | | | | | | | | | | | | | | | | |GZ3|15-Oct-2019|Z741|15-Oct-2019|Z9181|15-Oct-2019|Z1331|15-Oct-2019|Z1331|15-Oct-2019|||||||||||||||||||||||||||||||||||||||||0|0||1|450|99495|3.0|2019-10-16T00:00:00|hospital_B|hospital_B_20191015
SYN_BENE_7D8C1E98AC5B|SYN_CLM_7BBB97AC7A9D|V|60|15-Oct-2019|15-Oct-2019|18-Oct-2019||3|491581|1|1|1|| |1520.18|0.0| ||49|1063523132| |9999868992| |9999868992|||0|1| |1520.18|15-Oct-2019|1|5|A|10|0.0|304.03|0|4|0.0|0.0|0|0|0|0|0|0|0|0|0|0|0|0|0|||||15-Oct-2019|951.0|0|0||Z733|Z733|N|F0280|N|Z653|Y|N1830|Y|E1121|Y|N182|N|E1129|N|G43719|Y|E785|Y|N181|N|E1121|Y|E781|Y|R931|Y|E119|Y|I259|Y|E8881|Y|E669|Y|R7303|Y|D649|Y|I10|Y|Z560|Y|R4689|Y|||||||||| | | | | | | | | | | | | | | | | | | | | | |GZ3|15-Oct-2019|Z741|15-Oct-2019|Z9181|15-Oct-2019|Z1331|15-Oct-2019|Z1331|15-Oct-2019|||||||||||||||||||||||||||||||||||||||||0|0||2|450|96156|3.0|2019-10-16T00:00:00|hospital_B|hospital_B_20191015
SYN_BENE_7D8C1E98AC5B|SYN_CLM_7BBB97AC7A9D|V|60|15-Oct-2019|15-Oct-2019|18-Oct-2019||3|491581|1|1|1|| |1520.18|0.0| ||49|1063523132| |9999868992| |9999868992|||0|1| |1520.18|15-Oct-2019|1|5|A|10|0.0|304.03|0|4|0.0|0.0|0|0|0|0|0|0|0|0|0|0|0|0|0|||||15-Oct-2019|951.0|0|0||Z733|Z733|N|F0280|N|Z653|Y|N1830|Y|E1121|Y|N182|N|E1129|N|G43719|Y|E785|Y|N181|N|E1121|Y|E781|Y|R931|Y|E119|Y|I259|Y|E8881|Y|E669|Y|R7303|Y|D649|Y|I10|Y|Z560|Y|R4689|Y|||||||||| | | | | | | | | | | | | | | | | | | | | | |GZ3|15-Oct-2019|Z741|15-Oct-2019|Z9181|15-Oct-2019|Z1331|15-Oct-2019|Z1331|15-Oct-2019|||||||||||||||||||||||||||||||||||||||||0|0||3|450|M1069|3.0|2019-10-16T00:00:00|hospital_B|hospital_B_20191015
SYN_BENE_7D8C1E98AC5B|SYN_CLM_7BBB97AC7A9D|V|60|15-Oct-2019|15-Oct-2019|18-Oct-2019||3|491581|1|1|1|| |1520.18|0.0| ||49|1063523132| |9999868992| |9999868992|||0|1| |1520.18|15-Oct-2019|1|5|A|10|0.0|304.03|0|4|0.0|0.0|0|0|0|0|0|0|0|0|0|0|0|0|0|||||15-Oct-2019|951.0|0|0||Z733|Z733|N|F0280|N|Z653|Y|N1830|Y|E1121|Y|N182|N|E1129|N|G43719|Y|E785|Y|N181|N|E1121|Y|E781|Y|R931|Y|E119|Y|I259|Y|E8881|Y|E669|Y|R7303|Y|D649|Y|I10|Y|Z560|Y|R4689|Y|||||||||| | | | | | | | | | | | | | | | | | | | | | |GZ3|15-Oct-2019|Z741|15-Oct-2019|Z9181|15-Oct-2019|Z1331|15-Oct-2019|Z1331|15-Oct-2019|||||||||||||||||||||||||||||||||||||||||0|0||4|450|G0444|3.0|2019-10-16T00:00:00|hospital_B|hospital_B_20191015
SYN_BENE_7D8C1E98AC5B|SYN_CLM_7BBB97AC7A9D|V|60|15-Oct-2019|15-Oct-2019|18-Oct-2019||3|491581|1|1|1|| |1520.18|0.0| ||49|1063523132| |9999868992| |9999868992|||0|1| |1520.18|15-Oct-2019|1|5|A|10|0.0|304.03|0|4|0.0|0.0|0|0|0|0|0|0|0|0|0|0|0|0|0|||||15-Oct-2019|951.0|0|0||Z733|Z733|N|F0280|N|Z653|Y|N1830|Y|E1121|Y|N182|N|E1129|N|G43719|Y|E785|Y|N181|N|E1121|Y|E781|Y|R931|Y|E119|Y|I259|Y|E8881|Y|E669|Y|R7303|Y|D649|Y|I10|Y|Z560|Y|R4689|Y|||||||||| | | | | | | | | | | | | | | | | | | | | | |GZ3|15-Oct-2019|Z741|15-Oct-2019|Z9181|15-Oct-2019|Z1331|15-Oct-2019|Z1331|15-Oct-2019|||||||||||||||||||||||||||||||||||||||||0|0||5|450|G0444|3.0|2019-10-16T00:00:00|hospital_B|hospital_B_20191015
SYN_BENE_EC6BEB6693A0|SYN_CLM_63640DA06EFA|V|60|15-Oct-2019|15-Oct-2019|18-Oct-2019||3|491581|1|1|1|| |1520.18|0.0| ||49|1063523132| |9999868992| |9999868992|||0|1| |1520.18|15-Oct-2019|1|5|A|10|0.0|304.03|0|4|0.0|0.0|0|0|0|0|0|0|0|0|0|0|0|0|0|||||15-Oct-2019|951.0|0|0||Z733|Z733|N|F0280|N|Z653|Y|N1830|Y|E1121|Y|N182|N|E1129|N|G43719|Y|E785|Y|N181|N|E1121|Y|E781|Y|R931|Y|E119|Y|I259|Y|E8881|Y|E669|Y|R7303|Y|D649|Y|I10|Y|Z560|Y|R4689|Y|||||||||| | | | | | | | | | | | | | | | | | | | | | |GZ3|15-Oct-2019|Z741|15-Oct-2019|Z9181|15-Oct-2019|Z1331|15-Oct-2019|Z1331|15-Oct-2019|||||||||||||||||||||||||||||||||||||||||0|0||1|450|99495|3.0|2019-10-16T00:00:00|hospital_B|hospital_B_20191015
SYN_BENE_EC6BEB6693A0|SYN_CLM_63640DA06EFA|V|60|15-Oct-2019|15-Oct-2019|18-Oct-2019||3|491581|1|1|1|| |1520.18|0.0| ||49|1063523132| |9999868992| |9999868992|||0|1| |1520.18|15-Oct-2019|1|5|A|10|0.0|304.03|0|4|0.0|0.0|0|0|0|0|0|0|0|0|0|0|0|0|0|||||15-Oct-2019|951.0|0|0||Z733|Z733|N|F0280|N|Z653|Y|N1830|Y|E1121|Y|N182|N|E1129|N|G43719|Y|E785|Y|N181|N|E1121|Y|E781|Y|R931|Y|E119|Y|I259|Y|E8881|Y|E669|Y|R7303|Y|D649|Y|I10|Y|Z560|Y|R4689|Y|||||||||| | | | | | | | | | | | | | | | | | | | | | |GZ3|15-Oct-2019|Z741|15-Oct-2019|Z9181|15-Oct-2019|Z1331|15-Oct-2019|Z1331|15-Oct-2019|||||||||||||||||||||||||||||||||||||||||0|0||2|450|96156|3.0|2019-10-16T00:00:00|hospital_B|hospital_B_20191015
SYN_BENE_EC6BEB6693A0|SYN_CLM_63640DA06EFA|V|60|15-Oct-2019|15-Oct-2019|18-Oct-2019||3|491581|1|1|1|| |1520.18|0.0| ||49|1063523132| |9999868992| |9999868992|||0|1| |1520.18|15-Oct-2019|1|5|A|10|0.0|304.03|0|4|0.0|0.0|0|0|0|0|0|0|0|0|0|0|0|0|0|||||15-Oct-2019|951.0|0|0||Z733|Z733|N|F0280|N|Z653|Y|N1830|Y|E1121|Y|N182|N|E1129|N|G43719|Y|E785|Y|N181|N|E1121|Y|E781|Y|R931|Y|E119|Y|I259|Y|E8881|Y|E669|Y|R7303|Y|D649|Y|I10|Y|Z560|Y|R4689|Y|||||||||| | | | | | | | | | | | | | | | | | | | | | |GZ3|15-Oct-2019|Z741|15-Oct-2019|Z9181|15-Oct-2019|Z1331|15-Oct-2019|Z1331|15-Oct-2019|||||||||||||||||||||||||||||||||||||||||0|0||3|450|M1069|3.0|2019-10-16T00:00:00|hospital_B|hospital_B_20191015
SYN_BENE_EC6BEB6693A0|SYN_CLM_63640DA06EFA|V|60|15-Oct-2019|15-Oct-2019|18-Oct-2019||3|491581|1|1|1|| |1520.18|0.0| ||49|1063523132| |9999868992| |9999868992|||0|1| |1520.18|15-Oct-2019|1|5|A|10|0.0|304.03|0|4|0.0|0.0|0|0|0|0|0|0|0|0|0|0|0|0|0|||||15-Oct-2019|951.0|0|0||Z733|Z733|N|F0280|N|Z653|Y|N1830|Y|E1121|Y|N182|N|E1129|N|G43719|Y|E785|Y|N181|N|E1121|Y|E781|Y|R931|Y|E119|Y|I259|Y|E8881|Y|E669|Y|R7303|Y|D649|Y|I10|Y|Z560|Y|R4689|Y|||||||||| | | | | | | | | | | | | | | | | | | | | | |GZ3|15-Oct-2019|Z741|15-Oct-2019|Z9181|15-Oct-2019|Z1331|15-Oct-2019|Z1331|15-Oct-2019|||||||||||||||||||||||||||||||||||||||||0|0||4|450|G0444|3.0|2019-10-16T00:00:00|hospital_B|hospital_B_20191015
SYN_BENE_EC6BEB6693A0|SYN_CLM_63640DA06EFA|V|60|15-Oct-2019|15-Oct-2019|18-Oct-2019||3|491581|1|1|1|| |1520.18|0.0| ||49|1063523132| |9999868992| |9999868992|||0|1| |1520.18|15-Oct-2019|1|5|A|10|0.0|304.03|0|4|0.0|0.0|0|0|0|0|0|0|0|0|0|0|0|0|0|||||15-Oct-2019|951.0|0|0||Z733|Z733|N|F0280|N|Z653|Y|N1830|Y|E1121|Y|N182|N|E1129|N|G43719|Y|E785|Y|N181|N|E1121|Y|E781|Y|R931|Y|E119|Y|I259|Y|E8881|Y|E669|Y|R7303|Y|D649|Y|I10|Y|Z560|Y|R4689|Y|||||||||| | | | | | | | | | | | | | | | | | | | | | |GZ3|15-Oct-2019|Z741|15-Oct-2019|Z9181|15-Oct-2019|Z1331|15-Oct-2019|Z1331|15-Oct-2019|||||||||||||||||||||||||||||||||||||||||0|0||5|450|G0444|3.0|2019-10-16T00:00:00|hospital_B|hospital_B_20191015
SYN_BENE_1838E9B5CF1D|SYN_CLM_3839843701B7|V|60|15-Oct-2019|15-Oct-2019|18-Oct-2019||3|491581|1|1|1|| |1520.18|0.0| ||49|1063523132| |9999868992| |9999868992|||0|1| |1520.18|15-Oct-2019|1|5|A|10|0.0|304.03|0|4|0.0|0.0|0|0|0|0|0|0|0|0|0|0|0|0|0|||||15-Oct-2019|951.0|0|0||Z733|Z733|N|F0280|N|Z653|Y|N1830|Y|E1121|Y|N182|N|E1129|N|G43719|Y|E785|Y|N181|N|E1121|Y|E781|Y|R931|Y|E119|Y|I259|Y|E8881|Y|E669|Y|R7303|Y|D649|Y|I10|Y|Z560|Y|R4689|Y|||||||||| | | | | | | | | | | | | | | | | | | | | | |GZ3|15-Oct-2019|Z741|15-Oct-2019|Z9181|15-Oct-2019|Z1331|15-Oct-2019|Z1331|15-Oct-2019|||||||||||||||||||||||||||||||||||||||||0|0||1|450|99495|3.0|2019-10-16T00:00:00|hospital_B|hospital_B_20191015
SYN_BENE_1838E9B5CF1D|SYN_CLM_3839843701B7|V|60|15-Oct-2019|15-Oct-2019|18-Oct-2019||3|491581|1|1|1|| |1520.18|0.0| ||49|1063523132| |9999868992| |9999868992|||0|1| |1520.18|15-Oct-2019|1|5|A|10|0.0|304.03|0|4|0.0|0.0|0|0|0|0|0|0|0|0|0|0|0|0|0|||||15-Oct-2019|951.0|0|0||Z733|Z733|N|F0280|N|Z653|Y|N1830|Y|E1121|Y|N182|N|E1129|N|G43719|Y|E785|Y|N181|N|E1121|Y|E781|Y|R931|Y|E119|Y|I259|Y|E8881|Y|E669|Y|R7303|Y|D649|Y|I10|Y|Z560|Y|R4689|Y|||||||||| | | | | | | | | | | | | | | | | | | | | | |GZ3|15-Oct-2019|Z741|15-Oct-2019|Z9181|15-Oct-2019|Z1331|15-Oct-2019|Z1331|15-Oct-2019|||||||||||||||||||||||||||||||||||||||||0|0||2|450|96156|3.0|2019-10-16T00:00:00|hospital_B|hospital_B_20191015
SYN_BENE_1838E9B5CF1D|SYN_CLM_3839843701B7|V|60|15-Oct-2019|15-Oct-2019|18-Oct-2019||3|491581|1|1|1|| |1520.18|0.0| ||49|1063523132| |9999868992| |9999868992|||0|1| |1520.18|15-Oct-2019|1|5|A|10|0.0|304.03|0|4|0.0|0.0|0|0|0|0|0|0|0|0|0|0|0|0|0|||||15-Oct-2019|951.0|0|0||Z733|Z733|N|F0280|N|Z653|Y|N1830|Y|E1121|Y|N182|N|E1129|N|G43719|Y|E785|Y|N181|N|E1121|Y|E781|Y|R931|Y|E119|Y|I259|Y|E8881|Y|E669|Y|R7303|Y|D649|Y|I10|Y|Z560|Y|R4689|Y|||||||||| | | | | | | | | | | | | | | | | | | | | | |GZ3|15-Oct-2019|Z741|15-Oct-2019|Z9181|15-Oct-2019|Z1331|15-Oct-2019|Z1331|15-Oct-2019|||||||||||||||||||||||||||||||||||||||||0|0||3|450|M1069|3.0|2019-10-16T00:00:00|hospital_B|hospital_B_20191015
SYN_BENE_1838E9B5CF1D|SYN_CLM_3839843701B7|V|60|15-Oct-2019|15-Oct-2019|18-Oct-2019||3|491581|1|1|1|| |1520.18|0.0| ||49|1063523132| |9999868992| |9999868992|||0|1| |1520.18|15-Oct-2019|1|5|A|10|0.0|304.03|0|4|0.0|0.0|0|0|0|0|0|0|0|0|0|0|0|0|0|||||15-Oct-2019|951.0|0|0||Z733|Z733|N|F0280|N|Z653|Y|N1830|Y|E1121|Y|N182|N|E1129|N|G43719|Y|E785|Y|N181|N|E1121|Y|E781|Y|R931|Y|E119|Y|I259|Y|E8881|Y|E669|Y|R7303|Y|D649|Y|I10|Y|Z560|Y|R4689|Y|||||||||| | | | | | | | | | | | | | | | | | | | | | |GZ3|15-Oct-2019|Z741|15-Oct-2019|Z9181|15-Oct-2019|Z1331|15-Oct-2019|Z1331|15-Oct-2019|||||||||||||||||||||||||||||||||||||||||0|0||4|450|G0444|3.0|2019-10-16T00:00:00|hospital_B|hospital_B_20191015
SYN_BENE_1838E9B5CF1D|SYN_CLM_3839843701B7|V|60|15-Oct-2019|15-Oct-2019|18-Oct-2019||3|491581|1|1|1|| |1520.18|0.0| ||49|1063523132| |9999868992| |9999868992|||0|1| |1520.18|15-Oct-2019|1|5|A|10|0.0|304.03|0|4|0.0|0.0|0|0|0|0|0|0|0|0|0|0|0|0|0|||||15-Oct-2019|951.0|0|0||Z733|Z733|N|F0280|N|Z653|Y|N1830|Y|E1121|Y|N182|N|E1129|N|G43719|Y|E785|Y|N181|N|E1121|Y|E781|Y|R931|Y|E119|Y|I259|Y|E8881|Y|E669|Y|R7303|Y|D649|Y|I10|Y|Z560|Y|R4689|Y|||||||||| | | | | | | | | | | | | | | | | | | | | | |GZ3|15-Oct-2019|Z741|15-Oct-2019|Z9181|15-Oct-2019|Z1331|15-Oct-2019|Z1331|15-Oct-2019|||||||||||||||||||||||||||||||||||||||||0|0||5|450|G0444|3.0|2019-10-16T00:00:00|hospital_B|hospital_B_20191015
