BENE_ID|CLM_ID|NCH_NEAR_LINE_REC_IDENT_CD|NCH_CLM_TYPE_CD|CLM_FROM_DT|CLM_THRU_DT|NCH_WKLY_PROC_DT|FI_CLM_PROC_DT|CLAIM_QUERY_CODE|PRVDR_NUM|CLM_FAC_TYPE_CD|CLM_SRVC_CLSFCTN_TYPE_CD|CLM_FREQ_CD|FI_NUM|CLM_MDCR_NON_PMT_RSN_CD|CLM_PMT_AMT|NCH_PRMRY_PYR_CLM_PD_AMT|NCH_PRMRY_PYR_CD|FI_CLM_ACTN_CD|PRVDR_STATE_CD|ORG_NPI_NUM|AT_PHYSN_UPIN|AT_PHYSN_NPI|OP_PHYSN_UPIN|OP_PHYSN_NPI|OT_PHYSN_UPIN|OT_PHYSN_NPI|CLM_MCO_PD_SW|PTNT_DSCHRG_STUS_CD|CLM_PPS_IND_CD|CLM_TOT_CHRG_AMT|CLM_ADMSN_DT|CLM_IP_ADMSN_TYPE_CD|CLM_SRC_IP_ADMSN_CD|NCH_PTNT_STATUS_IND_CD|CLM_PASS_THRU_PER_DIEM_AMT|NCH_BENE_IP_DDCTBL_AMT|NCH_BENE_PTA_COINSRNC_LBLTY_AM|NCH_BENE_BLOOD_DDCTBL_LBLTY_AM|NCH_PROFNL_CMPNT_CHRG_AMT|NCH_IP_NCVRD_CHRG_AMT|NCH_IP_TOT_DDCTN_AMT|CLM_TOT_PPS_CPTL_AMT|CLM_PPS_CPTL_FSP_AMT|CLM_PPS_CPTL_OUTLIER_AMT|CLM_PPS_CPTL_DSPRPRTNT_SHR_AMT|CLM_PPS_CPTL_IME_AMT|CLM_PPS_CPTL_EXCPTN_AMT|CLM_PPS_OLD_CPTL_HLD_HRMLS_AMT|CLM_PPS_CPTL_DRG_WT_NUM|CLM_UTLZTN_DAY_CNT|BENE_TOT_COINSRNC_DAYS_CNT|BENE_LRD_USED_CNT|CLM_NON_UTLZTN_DAYS_CNT|NCH_BLOOD_PNTS_FRNSHD_QTY|NCH_VRFD_NCVRD_STAY_FROM_DT|NCH_VRFD_NCVRD_STAY_THRU_DT|NCH_ACTV_OR_CVRD_LVL_CARE_THRU|NCH_BENE_MDCR_BNFTS_EXHTD_DT_I|NCH_BENE_DSCHRG_DT|CLM_DRG_CD|CLM_DRG_OUTLIER_STAY_CD|NCH_DRG_OUTLIER_APRVD_PMT_AMT|ADMTG_DGNS_CD|PRNCPAL_DGNS_CD|ICD_DGNS_CD1|CLM_POA_IND_SW1|ICD_DGNS_CD2|CLM_POA_IND_SW2|ICD_DGNS_CD3|CLM_POA_IND_SW3|ICD_DGNS_CD4|CLM_POA_IND_SW4|ICD_DGNS_CD5|CLM_POA_IND_SW5|ICD_DGNS_CD6|CLM_POA_IND_SW6|ICD_DGNS_CD7|CLM_POA_IND_SW7|ICD_DGNS_CD8|CLM_POA_IND_SW8|ICD_DGNS_CD9|CLM_POA_IND_SW9|ICD_DGNS_CD10|CLM_POA_IND_SW10|ICD_DGNS_CD11|CLM_POA_IND_SW11|ICD_DGNS_CD12|CLM_POA_IND_SW12|ICD_DGNS_CD13|CLM_POA_IND_SW13|ICD_DGNS_CD14|CLM_POA_IND_SW14|ICD_DGNS_CD15|CLM_POA_IND_SW15|ICD_DGNS_CD16|CLM_POA_IND_SW16|ICD_DGNS_CD17|CLM_POA_IND_SW17|ICD_DGNS_CD18|CLM_POA_IND_SW18|ICD_DGNS_CD19|CLM_POA_IND_SW19|ICD_DGNS_CD20|CLM_POA_IND_SW20|ICD_DGNS_CD21|CLM_POA_IND_SW21|ICD_DGNS_CD22|CLM_POA_IND_SW22|ICD_DGNS_CD23|CLM_POA_IND_SW23|ICD_DGNS_CD24|CLM_POA_IND_SW24|ICD_DGNS_CD25|CLM_POA_IND_SW25|FST_DGNS_E_CD|ICD_DGNS_E_CD1|CLM_E_POA_IND_SW1|ICD_DGNS_E_CD2|CLM_E_POA_IND_SW2|ICD_DGNS_E_CD3|CLM_E_POA_IND_SW3|ICD_DGNS_E_CD4|CLM_E_POA_IND_SW4|ICD_DGNS_E_CD5|CLM_E_POA_IND_SW5|ICD_DGNS_E_CD6|CLM_E_POA_IND_SW6|ICD_DGNS_E_CD7|CLM_E_POA_IND_SW7|ICD_DGNS_E_CD8|CLM_E_POA_IND_SW8|ICD_DGNS_E_CD9|CLM_E_POA_IND_SW9|ICD_DGNS_E_CD10|CLM_E_POA_IND_SW10|ICD_DGNS_E_CD11|CLM_E_POA_IND_SW11|ICD_DGNS_E_CD12|CLM_E_POA_IND_SW12|ICD_PRCDR_CD1|PRCDR_DT1|ICD_PRCDR_CD2|PRCDR_DT2|ICD_PRCDR_CD3|PRCDR_DT3|ICD_PRCDR_CD4|PRCDR_DT4|ICD_PRCDR_CD5|PRCDR_DT5|ICD_PRCDR_CD6|PRCDR_DT6|ICD_PRCDR_CD7|PRCDR_DT7|ICD_PRCDR_CD8|PRCDR_DT8|ICD_PRCDR_CD9|PRCDR_DT9|ICD_PRCDR_CD10|PRCDR_DT10|ICD_PRCDR_CD11|PRCDR_DT11|ICD_PRCDR_CD12|PRCDR_DT12|ICD_PRCDR_CD13|PRCDR_DT13|ICD_PRCDR_CD14|PRCDR_DT14|ICD_PRCDR_CD15|PRCDR_DT15|ICD_PRCDR_CD16|PRCDR_DT16|ICD_PRCDR_CD17|PRCDR_DT17|ICD_PRCDR_CD18|PRCDR_DT18|ICD_PRCDR_CD19|PRCDR_DT19|ICD_PRCDR_CD20|PRCDR_DT20|ICD_PRCDR_CD21|PRCDR_DT21|ICD_PRCDR_CD22|PRCDR_DT22|ICD_PRCDR_CD23|PRCDR_DT23|ICD_PRCDR_CD24|PRCDR_DT24|ICD_PRCDR_CD25|PRCDR_DT25|IME_OP_CLM_VAL_AMT|DSH_OP_CLM_VAL_AMT|CLM_UNCOMPD_CARE_PMT_AMT|CLM_LINE_NUM|REV_CNTR|HCPCS_CD|REV_CNTR_DDCTBL_COINSRNC_CD|ingestion_timestamp|hospital_id|batch_id
-10000010282387|-10000931260401|V|60|20-Mar-2018|20-Mar-2018|23-Mar-2018||3|491581|1|1|1|| |950.31|0.0| ||49|1063523132| |9999868992| |9999868992|||0|1| |950.31|20-Mar-2018|1|2|A|10|0.0|190.06|0|4|0.0|0.0|0|0|0|0|0|0|0|0|0|0|0|0|0|||||20-Mar-2018|951.0|0|0||Z733|Z733|N|G309|Y|Z653|Y|N1830|Y|R809|Y|E0922|N|E1129|Y|G43719|Y|E785|Y|E0922|N|E1121|Y|E781|Y|R931|Y|E119|Y|I259|Y|E8881|Y|E669|Y|R7303|Y|D649|Y|I10|N|Z560|Y|Z9189|N|||||||||| | | | | | | | | | | | | | | | | | | | | | |Z741|20-Mar-2018|F419|20-Mar-2018|Z9181|20-Mar-2018|Z1331|20-Mar-2018|Z1331|20-Mar-2018|||||||||||||||||||||||||||||||||||||||||0|0||1|450|96156|3.0|2018-03-21T00:00:00|hospital_B|hospital_B_20180320
-10000010282387|-10000931260401|V|60|20-Mar-2018|20-Mar-2018|23-Mar-2018||3|491581|1|1|1|| |950.31|0.0| ||49|1063523132| |9999868992| |9999868992|||0|1| |950.31|20-Mar-2018|1|2|A|10|0.0|190.06|0|4|0.0|0.0|0|0|0|0|0|0|0|0|0|0|0|0|0|||||20-Mar-2018|951.0|0|0||Z733|Z733|N|G309|Y|Z653|Y|N1830|Y|R809|Y|E0922|N|E1129|Y|G43719|Y|E785|Y|E0922|N|E1121|Y|E781|Y|R931|Y|E119|Y|I259|Y|E8881|Y|E669|Y|R7303|Y|D649|Y|I10|N|Z560|Y|Z9189|N|||||||||| | | | | | | | | | | | | | | | | | | | | | |Z741|20-Mar-2018|F419|20-Mar-2018|Z9181|20-Mar-2018|Z1331|20-Mar-2018|Z1331|20-Mar-2018|||||||||||||||||||||||||||||||||||||||||0|0||2|450|96127|3.0|2018-03-21T00:00:00|hospital_B|hospital_B_20180320
-10000010282387|-10000931260401|V|60|20-Mar-2018|20-Mar-2018|23-Mar-2018||3|491581|1|1|1|| |950.31|0.0| ||49|1063523132| |9999868992| |9999868992|||0|1| |950.31|20-Mar-2018|1|2|A|10|0.0|190.06|0|4|0.0|0.0|0|0|0|0|0|0|0|0|0|0|0|0|0|||||20-Mar-2018|951.0|0|0||Z733|Z733|N|G309|Y|Z653|Y|N1830|Y|R809|Y|E0922|N|E1129|Y|G43719|Y|E785|Y|E0922|N|E1121|Y|E781|Y|R931|Y|E119|Y|I259|Y|E8881|Y|E669|Y|R7303|Y|D649|Y|I10|N|Z560|Y|Z9189|N|||||||||| | | | | | | | | | | | | | | | | | | | | | |Z741|20-Mar-2018|F419|20-Mar-2018|Z9181|20-Mar-2018|Z1331|20-Mar-2018|Z1331|20-Mar-2018|||||||||||||||||||||||||||||||||||||||||0|0||3|450|M1069|3.0|2018-03-21T00:00:00|hospital_B|hospital_B_20180320
-10000010282387|-10000931260401|V|60|20-Mar-2018|20-Mar-2018|23-Mar-2018||3|491581|1|1|1|| |950.31|0.0| ||49|1063523132| |9999868992| |9999868992|||0|1| |950.31|20-Mar-2018|1|2|A|10|0.0|190.06|0|4|0.0|0.0|0|0|0|0|0|0|0|0|0|0|0|0|0|||||20-Mar-2018|951.0|0|0||Z733|Z733|N|G309|Y|Z653|Y|N1830|Y|R809|Y|E0922|N|E1129|Y|G43719|Y|E785|Y|E0922|N|E1121|Y|E781|Y|R931|Y|E119|Y|I259|Y|E8881|Y|E669|Y|R7303|Y|D649|Y|I10|N|Z560|Y|Z9189|N|||||||||| | | | | | | | | | | | | | | | | | | | | | |Z741|20-Mar-2018|F419|20-Mar-2018|Z9181|20-Mar-2018|Z1331|20-Mar-2018|Z1331|20-Mar-2018|||||||||||||||||||||||||||||||||||||||||0|0||4|450|G0444|3.0|2018-03-21T00:00:00|hospital_B|hospital_B_20180320
-10000010282387|-10000931260401|V|60|20-Mar-2018|20-Mar-2018|23-Mar-2018||3|491581|1|1|1|| |950.31|0.0| ||49|1063523132| |9999868992| |9999868992|||0|1| |950.31|20-Mar-2018|1|2|A|10|0.0|190.06|0|4|0.0|0.0|0|0|0|0|0|0|0|0|0|0|0|0|0|||||20-Mar-2018|951.0|0|0||Z733|Z733|N|G309|Y|Z653|Y|N1830|Y|R809|Y|E0922|N|E1129|Y|G43719|Y|E785|Y|E0922|N|E1121|Y|E781|Y|R931|Y|E119|Y|I259|Y|E8881|Y|E669|Y|R7303|Y|D649|Y|I10|N|Z560|Y|Z9189|N|||||||||| | | | | | | | | | | | | | | | | | | | | | |Z741|20-Mar-2018|F419|20-Mar-2018|Z9181|20-Mar-2018|Z1331|20-Mar-2018|Z1331|20-Mar-2018|||||||||||||||||||||||||||||||||||||||||0|0||5|450|G0444|3.0|2018-03-21T00:00:00|hospital_B|hospital_B_20180320
SYN_BENE_FA392B407E17|SYN_CLM_6D10C65343D1|V|60|20-Mar-2018|20-Mar-2018|23-Mar-2018||3|491581|1|1|1|| |950.31|0.0| ||49|1063523132| |9999868992| |9999868992|||0|1| |950.31|20-Mar-2018|1|2|A|10|0.0|190.06|0|4|0.0|0.0|0|0|0|0|0|0|0|0|0|0|0|0|0|||||20-Mar-2018|951.0|0|0||Z733|Z733|N|G309|Y|Z653|Y|N1830|Y|R809|Y|E0922|N|E1129|Y|G43719|Y|E785|Y|E0922|N|E1121|Y|E781|Y|R931|Y|E119|Y|I259|Y|E8881|Y|E669|Y|R7303|Y|D649|Y|I10|N|Z560|Y|Z9189|N|||||||||| | | | | | | | | | | | | | | | | | | | | | |Z741|20-Mar-2018|F419|20-Mar-2018|Z9181|20-Mar-2018|Z1331|20-Mar-2018|Z1331|20-Mar-2018|||||||||||||||||||||||||||||||||||||||||0|0||1|450|96156|3.0|2018-03-21T00:00:00|hospital_B|hospital_B_20180320
SYN_BENE_FA392B407E17|SYN_CLM_6D10C65343D1|V|60|20-Mar-2018|20-Mar-2018|23-Mar-2018||3|491581|1|1|1|| |950.31|0.0| ||49|1063523132| |9999868992| |9999868992|||0|1| |950.31|20-Mar-2018|1|2|A|10|0.0|190.06|0|4|0.0|0.0|0|0|0|0|0|0|0|0|0|0|0|0|0|||||20-Mar-2018|951.0|0|0||Z733|Z733|N|G309|Y|Z653|Y|N1830|Y|R809|Y|E0922|N|E1129|Y|G43719|Y|E785|Y|E0922|N|E1121|Y|E781|Y|R931|Y|E119|Y|I259|Y|E8881|Y|E669|Y|R7303|Y|D649|Y|I10|N|Z560|Y|Z9189|N|||||||||| | | | | | | | | | | | | | | | | | | | | | |Z741|20-Mar-2018|F419|20-Mar-2018|Z9181|20-Mar-2018|Z1331|20-Mar-2018|Z1331|20-Mar-2018|||||||||||||||||||||||||||||||||||||||||0|0||2|450|96127|3.0|2018-03-21T00:00:00|hospital_B|hospital_B_20180320
SYN_BENE_FA392B407E17|SYN_CLM_6D10C65343D1|V|60|20-Mar-2018|20-Mar-2018|23-Mar-2018||3|491581|1|1|1|| |950.31|0.0| ||49|1063523132| |9999868992| |9999868992|||0|1| |950.31|20-Mar-2018|1|2|A|10|0.0|190.06|0|4|0.0|0.0|0|0|0|0|0|0|0|0|0|0|0|0|0|||||20-Mar-2018|951.0|0|0||Z733|Z733|N|G309|Y|Z653|Y|N1830|Y|R809|Y|E0922|N|E1129|Y|G43719|Y|E785|Y|E0922|N|E1121|Y|E781|Y|R931|Y|E119|Y|I259|Y|E8881|Y|E669|Y|R7303|Y|D649|Y|I10|N|Z560|Y|Z9189|N|||||||||| | | | | | | | | | | | | | | | | | | | | | |Z741|20-Mar-2018|F419|20-Mar-2018|Z9181|20-Mar-2018|Z1331|20-Mar-2018|Z1331|20-Mar-2018|||||||||||||||||||||||||||||||||||||||||0|0||3|450|M1069|3.0|2018-03-21T00:00:00|hospital_B|hospital_B_20180320
SYN_BENE_FA392B407E17|SYN_CLM_6D10C65343D1|V|60|20-Mar-2018|20-Mar-2018|23-Mar-2018||3|491581|1|1|1|| |950.31|0.0| ||49|1063523132| |9999868992| |9999868992|||0|1| |950.31|20-Mar-2018|1|2|A|10|0.0|190.06|0|4|0.0|0.0|0|0|0|0|0|0|0|0|0|0|0|0|0|||||20-Mar-2018|951.0|0|0||Z733|Z733|N|G309|Y|Z653|Y|N1830|Y|R809|Y|E0922|N|E1129|Y|G43719|Y|E785|Y|E0922|N|E1121|Y|E781|Y|R931|Y|E119|Y|I259|Y|E8881|Y|E669|Y|R7303|Y|D649|Y|I10|N|Z560|Y|Z9189|N|||||||||| | | | | | | | | | | | | | | | | | | | | | |Z741|20-Mar-2018|F419|20-Mar-2018|Z9181|20-Mar-2018|Z1331|20-Mar-2018|Z1331|20-Mar-2018|||||||||||||||||||||||||||||||||||||||||0|0||4|450|G0444|3.0|2018-03-21T00:00:00|hospital_B|hospital_B_20180320
SYN_BENE_FA392B407E17|SYN_CLM_6D10C65343D1|V|60|20-Mar-2018|20-Mar-2018|23-Mar-2018||3|491581|1|1|1|| |950.31|0.0| ||49|1063523132| |9999868992| |9999868992|||0|1| |950.31|20-Mar-2018|1|2|A|10|0.0|190.06|0|4|0.0|0.0|0|0|0|0|0|0|0|0|0|0|0|0|0|||||20-Mar-2018|951.0|0|0||Z733|Z733|N|G309|Y|Z653|Y|N1830|Y|R809|Y|E0922|N|E1129|Y|G43719|Y|E785|Y|E0922|N|E1121|Y|E781|Y|R931|Y|E119|Y|I259|Y|E8881|Y|E669|Y|R7303|Y|D649|Y|I10|N|Z560|Y|Z9189|N|||||||||| | | | | | | | | | | | | | | | | | | | | | |Z741|20-Mar-2018|F419|20-Mar-2018|Z9181|20-Mar-2018|Z1331|20-Mar-2018|Z1331|20-Mar-2018|||||||||||||||||||||||||||||||||||||||||0|0||5|450|G0444|3.0|2018-03-21T00:00:00|hospital_B|hospital_B_20180320
SYN_BENE_DFAB1B5FB8D5|SYN_CLM_C5000EE81460|V|60|20-Mar-2018|20-Mar-2018|23-Mar-2018||3|491581|1|1|1|| |950.31|0.0| ||49|1063523132| |9999868992| |9999868992|||0|1| |950.31|20-Mar-2018|1|2|A|10|0.0|190.06|0|4|0.0|0.0|0|0|0|0|0|0|0|0|0|0|0|0|0|||||20-Mar-2018|951.0|0|0||Z733|Z733|N|G309|Y|Z653|Y|N1830|Y|R809|Y|E0922|N|E1129|Y|G43719|Y|E785|Y|E0922|N|E1121|Y|E781|Y|R931|Y|E119|Y|I259|Y|E8881|Y|E669|Y|R7303|Y|D649|Y|I10|N|Z560|Y|Z9189|N|||||||||| | | | | | | | | | | | | | | | | | | | | | |Z741|20-Mar-2018|F419|20-Mar-2018|Z9181|20-Mar-2018|Z1331|20-Mar-2018|Z1331|20-Mar-2018|||||||||||||||||||||||||||||||||||||||||0|0||1|450|96156|3.0|2018-03-21T00:00:00|hospital_B|hospital_B_20180320
SYN_BENE_DFAB1B5FB8D5|SYN_CLM_C5000EE81460|V|60|20-Mar-2018|20-Mar-2018|23-Mar-2018||3|491581|1|1|1|| |950.31|0.0| ||49|1063523132| |9999868992| |9999868992|||0|1| |950.31|20-Mar-2018|1|2|A|10|0.0|190.06|0|4|0.0|0.0|0|0|0|0|0|0|0|0|0|0|0|0|0|||||20-Mar-2018|951.0|0|0||Z733|Z733|N|G309|Y|Z653|Y|N1830|Y|R809|Y|E0922|N|E1129|Y|G43719|Y|E785|Y|E0922|N|E1121|Y|E781|Y|R931|Y|E119|Y|I259|Y|E8881|Y|E669|Y|R7303|Y|D649|Y|I10|N|Z560|Y|Z9189|N|||||||||| | | | | | | | | | | | | | | | | | | | | | |Z741|20-Mar-2018|F419|20-Mar-2018|Z9181|20-Mar-2018|Z1331|20-Mar-2018|Z1331|20-Mar-2018|||||||||||||||||||||||||||||||||||||||||0|0||2|450|96127|3.0|2018-03-21T00:00:00|hospital_B|hospital_B_20180320
SYN_BENE_DFAB1B5FB8D5|SYN_CLM_C5000EE81460|V|60|20-Mar-2018|20-Mar-2018|23-Mar-2018||3|491581|1|1|1|| |950.31|0.0| ||49|1063523132| |9999868992| |9999868992|||0|1| |950.31|20-Mar-2018|1|2|A|10|0.0|190.06|0|4|0.0|0.0|0|0|0|0|0|0|0|0|0|0|0|0|0|||||20-Mar-2018|951.0|0|0||Z733|Z733|N|G309|Y|Z653|Y|N1830|Y|R809|Y|E0922|N|E1129|Y|G43719|Y|E785|Y|E0922|N|E1121|Y|E781|Y|R931|Y|E119|Y|I259|Y|E8881|Y|E669|Y|R7303|Y|D649|Y|I10|N|Z560|Y|Z9189|N|||||||||| | | | | | | | | | | | | | | | | | | | | | |Z741|20-Mar-2018|F419|20-Mar-2018|Z9181|20-Mar-2018|Z1331|20-Mar-2018|Z1331|20-Mar-2018|||||||||||||||||||||||||||||||||||||||||0|0||3|450|M1069|3.0|2018-03-21T00:00:00|hospital_B|hospital_B_20180320
SYN_BENE_DFAB1B5FB8D5|SYN_CLM_C5000EE81460|V|60|20-Mar-2018|20-Mar-2018|23-Mar-2018||3|491581|1|1|1|| |950.31|0.0| ||49|1063523132| |9999868992| |9999868992|||0|1| |950.31|20-Mar-2018|1|2|A|10|0.0|190.06|0|4|0.0|0.0|0|0|0|0|0|0|0|0|0|0|0|0|0|||||20-Mar-2018|951.0|0|0||Z733|Z733|N|G309|Y|Z653|Y|N1830|Y|R809|Y|E0922|N|E1129|Y|G43719|Y|E785|Y|E0922|N|E1121|Y|E781|Y|R931|Y|E119|Y|I259|Y|E8881|Y|E669|Y|R7303|Y|D649|Y|I10|N|Z560|Y|Z9189|N|||||||||| | | | | | | | | | | | | | | | | | | | | | |Z741|20-Mar-2018|F419|20-Mar-2018|Z9181|20-Mar-2018|Z1331|20-Mar-2018|Z1331|20-Mar-2018|||||||||||||||||||||||||||||||||||||||||0|0||4|450|G0444|3.0|2018-03-21T00:00:00|hospital_B|hospital_B_20180320
SYN_BENE_DFAB1B5FB8D5|SYN_CLM_C5000EE81460|V|60|20-Mar-2018|20-Mar-2018|23-Mar-2018||3|491581|1|1|1|| |950.31|0.0| ||49|1063523132| |9999868992| |9999868992|||0|1| |950.31|20-Mar-2018|1|2|A|10|0.0|190.06|0|4|0.0|0.0|0|0|0|0|0|0|0|0|0|0|0|0|0|||||20-Mar-2018|951.0|0|0||Z733|Z733|N|G309|Y|Z653|Y|N1830|Y|R809|Y|E0922|N|E1129|Y|G43719|Y|E785|Y|E0922|N|E1121|Y|E781|Y|R931|Y|E119|Y|I259|Y|E8881|Y|E669|Y|R7303|Y|D649|Y|I10|N|Z560|Y|Z9189|N|||||||||| | | | | | | | | | | | | | | | | | | | | | |Z741|20-Mar-2018|F419|20-Mar-2018|Z9181|20-Mar-2018|Z1331|20-Mar-2018|Z1331|20-Mar-2018|||||||||||||||||||||||||||||||||||||||||0|0||5|450|G0444|3.0|2018-03-21T00:00:00|hospital_B|hospital_B_20180320
SYN_BENE_F635334A02F0|SYN_CLM_1A43BF93C3D9|V|60|20-Mar-2018|20-Mar-2018|23-Mar-2018||3|491581|1|1|1|| |950.31|0.0| ||49|1063523132| |9999868992| |9999868992|||0|1| |950.31|20-Mar-2018|1|2|A|10|0.0|190.06|0|4|0.0|0.0|0|0|0|0|0|0|0|0|0|0|0|0|0|||||20-Mar-2018|951.0|0|0||Z733|Z733|N|G309|Y|Z653|Y|N1830|Y|R809|Y|E0922|N|E1129|Y|G43719|Y|E785|Y|E0922|N|E1121|Y|E781|Y|R931|Y|E119|Y|I259|Y|E8881|Y|E669|Y|R7303|Y|D649|Y|I10|N|Z560|Y|Z9189|N|||||||||| | | | | | | | | | | | | | | | | | | | | | |Z741|20-Mar-2018|F419|20-Mar-2018|Z9181|20-Mar-2018|Z1331|20-Mar-2018|Z1331|20-Mar-2018|||||||||||||||||||||||||||||||||||||||||0|0||1|450|96156|3.0|2018-03-21T00:00:00|hospital_B|hospital_B_20180320
SYN_BENE_F635334A02F0|SYN_CLM_1A43BF93C3D9|V|60|20-Mar-2018|20-Mar-2018|23-Mar-2018||3|491581|1|1|1|| |950.31|0.0| ||49|1063523132| |9999868992| |9999868992|||0|1| |950.31|20-Mar-2018|1|2|A|10|0.0|190.06|0|4|0.0|0.0|0|0|0|0|0|0|0|0|0|0|0|0|0|||||20-Mar-2018|951.0|0|0||Z733|Z733|N|G309|Y|Z653|Y|N1830|Y|R809|Y|E0922|N|E1129|Y|G43719|Y|E785|Y|E0922|N|E1121|Y|E781|Y|R931|Y|E119|Y|I259|Y|E8881|Y|E669|Y|R7303|Y|D649|Y|I10|N|Z560|Y|Z9189|N|||||||||| | | | | | | | | | | | | | | | | | | | | | |Z741|20-Mar-2018|F419|20-Mar-2018|Z9181|20-Mar-2018|Z1331|20-Mar-2018|Z1331|20-Mar-2018|||||||||||||||||||||||||||||||||||||||||0|0||2|450|96127|3.0|2018-03-21T00:00:00|hospital_B|hospital_B_20180320
SYN_BENE_F635334A02F0|SYN_CLM_1A43BF93C3D9|V|60|20-Mar-2018|20-Mar-2018|23-Mar-2018||3|491581|1|1|1|| |950.31|0.0| ||49|1063523132| |9999868992| |9999868992|||0|1| |950.31|20-Mar-2018|1|2|A|10|0.0|190.06|0|4|0.0|0.0|0|0|0|0|0|0|0|0|0|0|0|0|0|||||20-Mar-2018|951.0|0|0||Z733|Z733|N|G309|Y|Z653|Y|N1830|Y|R809|Y|E0922|N|E1129|Y|G43719|Y|E785|Y|E0922|N|E1121|Y|E781|Y|R931|Y|E119|Y|I259|Y|E8881|Y|E669|Y|R7303|Y|D649|Y|I10|N|Z560|Y|Z9189|N|||||||||| | | | | | | | | | | | | | | | | | | | | | |Z741|20-Mar-2018|F419|20-Mar-2018|Z9181|20-Mar-2018|Z1331|20-Mar-2018|Z1331|20-Mar-2018|||||||||||||||||||||||||||||||||||||||||0|0||3|450|M1069|3.0|2018-03-21T00:00:00|hospital_B|hospital_B_20180320
SYN_BENE_F635334A02F0|SYN_CLM_1A43BF93C3D9|V|60|20-Mar-2018|20-Mar-2018|23-Mar-2018||3|491581|1|1|1|| |950.31|0.0| ||49|1063523132| |9999868992| |9999868992|||0|1| |950.31|20-Mar-2018|1|2|A|10|0.0|190.06|0|4|0.0|0.0|0|0|0|0|0|0|0|0|0|0|0|0|0|||||20-Mar-2018|951.0|0|0||Z733|Z733|N|G309|Y|Z653|Y|N1830|Y|R809|Y|E0922|N|E1129|Y|G43719|Y|E785|Y|E0922|N|E1121|Y|E781|Y|R931|Y|E119|Y|I259|Y|E8881|Y|E669|Y|R7303|Y|D649|Y|I10|N|Z560|Y|Z9189|N|||||||||| | | | | | | | | | | | | | | | | | | | | | |Z741|20-Mar-2018|F419|20-Mar-2018|Z9181|20-Mar-2018|Z1331|20-Mar-2018|Z1331|20-Mar-2018|||||||||||||||||||||||||||||||||||||||||0|0||4|450|G0444|3.0|2018-03-21T00:00:00|hospital_B|hospital_B_20180320
SYN_BENE_F635334A02F0|SYN_CLM_1A43BF93C3D9|V|60|20-Mar-2018|20-Mar-2018|23-Mar-2018||3|491581|1|1|1|| |950.31|0.0| ||49|1063523132| |9999868992| |9999868992|||0|1| |950.31|20-Mar-2018|1|2|A|10|0.0|190.06|0|4|0.0|0.0|0|0|0|0|0|0|0|0|0|0|0|0|0|||||20-Mar-2018|951.0|0|0||Z733|Z733|N|G309|Y|Z653|Y|N1830|Y|R809|Y|E0922|N|E1129|Y|G43719|Y|E785|Y|E0922|N|E1121|Y|E781|Y|R931|Y|E119|Y|I259|Y|E8881|Y|E669|Y|R7303|Y|D649|Y|I10|N|Z560|Y|Z9189|N|||||||||| | | | | | | | | | | | | | | | | | | | | | |Z741|20-Mar-2018|F419|20-Mar-2018|Z9181|20-Mar-2018|Z1331|20-Mar-2018|Z1331|20-Mar-2018|||||||||||||||||||||||||||||||||||||||||0|0||5|450|G0444|3.0|2018-03-21T00:00:00|hospital_B|hospital_B_20180320
SYN_BENE_59AB4CE63C60|SYN_CLM_0C4B3B17D210|V|60|20-Mar-2018|20-Mar-2018|23-Mar-2018||3|491581|1|1|1|| |950.31|0.0| ||49|1063523132| |9999868992| |9999868992|||0|1| |950.31|20-Mar-2018|1|2|A|10|0.0|190.06|0|4|0.0|0.0|0|0|0|0|0|0|0|0|0|0|0|0|0|||||20-Mar-2018|951.0|0|0||Z733|Z733|N|G309|Y|Z653|Y|N1830|Y|R809|Y|E0922|N|E1129|Y|G43719|Y|E785|Y|E0922|N|E1121|Y|E781|Y|R931|Y|E119|Y|I259|Y|E8881|Y|E669|Y|R7303|Y|D649|Y|I10|N|Z560|Y|Z9189|N|||||||||| | | | | | | | | | | | | | | | | | | | | | |Z741|20-Mar-2018|F419|20-Mar-2018|Z9181|20-Mar-2018|Z1331|20-Mar-2018|Z1331|20-Mar-2018|||||||||||||||||||||||||||||||||||||||||0|0||1|450|96156|3.0|2018-03-21T00:00:00|hospital_B|hospital_B_20180320
SYN_BENE_59AB4CE63C60|SYN_CLM_0C4B3B17D210|V|60|20-Mar-2018|20-Mar-2018|23-Mar-2018||3|491581|1|1|1|| |950.31|0.0| ||49|1063523132| |9999868992| |9999868992|||0|1| |950.31|20-Mar-2018|1|2|A|10|0.0|190.06|0|4|0.0|0.0|0|0|0|0|0|0|0|0|0|0|0|0|0|||||20-Mar-2018|951.0|0|0||Z733|Z733|N|G309|Y|Z653|Y|N1830|Y|R809|Y|E0922|N|E1129|Y|G43719|Y|E785|Y|E0922|N|E1121|Y|E781|Y|R931|Y|E119|Y|I259|Y|E8881|Y|E669|Y|R7303|Y|D649|Y|I10|N|Z560|Y|Z9189|N|||||||||| | | | | | | | | | | | | | | | | | | | | | |Z741|20-Mar-2018|F419|20-Mar-2018|Z9181|20-Mar-2018|Z1331|20-Mar-2018|Z1331|20-Mar-2018|||||||||||||||||||||||||||||||||||||||||0|0||2|450|96127|3.0|2018-03-21T00:00:00|hospital_B|hospital_B_20180320
SYN_BENE_59AB4CE63C60|SYN_CLM_0C4B3B17D210|V|60|20-Mar-2018|20-Mar-2018|23-Mar-2018||3|491581|1|1|1|| |950.31|0.0| ||49|1063523132| |9999868992| |9999868992|||0|1| |950.31|20-Mar-2018|1|2|A|10|0.0|190.06|0|4|0.0|0.0|0|0|0|0|0|0|0|0|0|0|0|0|0|||||20-Mar-2018|951.0|0|0||Z733|Z733|N|G309|Y|Z653|Y|N1830|Y|R809|Y|E0922|N|E1129|Y|G43719|Y|E785|Y|E0922|N|E1121|Y|E781|Y|R931|Y|E119|Y|I259|Y|E8881|Y|E669|Y|R7303|Y|D649|Y|I10|N|Z560|Y|Z9189|N|||||||||| | | | | | | | | | | | | | | | | | | | | | |Z741|20-Mar-2018|F419|20-Mar-2018|Z9181|20-Mar-2018|Z1331|20-Mar-2018|Z1331|20-Mar-2018|||||||||||||||||||||||||||||||||||||||||0|0||3|450|M1069|3.0|2018-03-21T00:00:00|hospital_B|hospital_B_20180320
SYN_BENE_59AB4CE63C60|SYN_CLM_0C4B3B17D210|V|60|20-Mar-2018|20-Mar-2018|23-Mar-2018||3|491581|1|1|1|| |950.31|0.0| ||49|1063523132| |9999868992| |9999868992|||0|1| |950.31|20-Mar-2018|1|2|A|10|0.0|190.06|0|4|0.0|0.0|0|0|0|0|0|0|0|0|0|0|0|0|0|||||20-Mar-2018|951.0|0|0||Z733|Z733|N|G309|Y|Z653|Y|N1830|Y|R809|Y|E0922|N|E1129|Y|G43719|Y|E785|Y|E0922|N|E1121|Y|E781|Y|R931|Y|E119|Y|I259|Y|E8881|Y|E669|Y|R7303|Y|D649|Y|I10|N|Z560|Y|Z9189|N|||||||||| | | | | | | | | | | | | | | | | | | | | | |Z741|20-Mar-2018|F419|20-Mar-2018|Z9181|20-Mar-2018|Z1331|20-Mar-2018|Z1331|20-Mar-2018|||||||||||||||||||||||||||||||||||||||||0|0||4|450|G0444|3.0|2018-03-21T00:00:00|hospital_B|hospital_B_20180320
SYN_BENE_59AB4CE63C60|SYN_CLM_0C4B3B17D210|V|60|20-Mar-2018|20-Mar-2018|23-Mar-2018||3|491581|1|1|1|| |950.31|0.0| ||49|1063523132| |9999868992| |9999868992|||0|1| |950.31|20-Mar-2018|1|2|A|10|0.0|190.06|0|4|0.0|0.0|0|0|0|0|0|0|0|0|0|0|0|0|0|||||20-Mar-2018|951.0|0|0||Z733|Z733|N|G309|Y|Z653|Y|N1830|Y|R809|Y|E0922|N|E1129|Y|G43719|Y|E785|Y|E0922|N|E1121|Y|E781|Y|R931|Y|E119|Y|I259|Y|E8881|Y|E669|Y|R7303|Y|D649|Y|I10|N|Z560|Y|Z9189|N|||||||||| | | | | | | | | | | | | | | | | | | | | | |Z741|20-Mar-2018|F419|20-Mar-2018|Z9181|20-Mar-2018|Z1331|20-Mar-2018|Z1331|20-Mar-2018|||||||||||||||||||||||||||||||||||||||||0|0||5|450|G0444|3.0|2018-03-21T00:00:00|hospital_B|hospital_B_20180320
SYN_BENE_A18417057045|SYN_CLM_A7B5262AAB0C|V|60|20-Mar-2018|20-Mar-2018|23-Mar-2018||3|491581|1|1|1|| |950.31|0.0| ||49|1063523132| |9999868992| |9999868992|||0|1| |950.31|20-Mar-2018|1|2|A|10|0.0|190.06|0|4|0.0|0.0|0|0|0|0|0|0|0|0|0|0|0|0|0|||||20-Mar-2018|951.0|0|0||Z733|Z733|N|G309|Y|Z653|Y|N1830|Y|R809|Y|E0922|N|E1129|Y|G43719|Y|E785|Y|E0922|N|E1121|Y|E781|Y|R931|Y|E119|Y|I259|Y|E8881|Y|E669|Y|R7303|Y|D649|Y|I10|N|Z560|Y|Z9189|N|||||||||| | | | | | | | | | | | | | | | | | | | | | |Z741|20-Mar-2018|F419|20-Mar-2018|Z9181|20-Mar-2018|Z1331|20-Mar-2018|Z1331|20-Mar-2018|||||||||||||||||||||||||||||||||||||||||0|0||1|450|96156|3.0|2018-03-21T00:00:00|hospital_B|hospital_B_20180320
SYN_BENE_A18417057045|SYN_CLM_A7B5262AAB0C|V|60|20-Mar-2018|20-Mar-2018|23-Mar-2018||3|491581|1|1|1|| |950.31|0.0| ||49|1063523132| |9999868992| |9999868992|||0|1| |950.31|20-Mar-2018|1|2|A|10|0.0|190.06|0|4|0.0|0.0|0|0|0|0|0|0|0|0|0|0|0|0|0|||||20-Mar-2018|951.0|0|0||Z733|Z733|N|G309|Y|Z653|Y|N1830|Y|R809|Y|E0922|N|E1129|Y|G43719|Y|E785|Y|E0922|N|E1121|Y|E781|Y|R931|Y|E119|Y|I259|Y|E8881|Y|E669|Y|R7303|Y|D649|Y|I10|N|Z560|Y|Z9189|N|||||||||| | | | | | | | | | | | | | | | | | | | | | |Z741|20-Mar-2018|F419|20-Mar-2018|Z9181|20-Mar-2018|Z1331|20-Mar-2018|Z1331|20-Mar-2018|||||||||||||||||||||||||||||||||||||||||0|0||2|450|96127|3.0|2018-03-21T00:00:00|hospital_B|hospital_B_20180320
SYN_BENE_A18417057045|SYN_CLM_A7B5262AAB0C|V|60|20-Mar-2018|20-Mar-2018|23-Mar-2018||3|491581|1|1|1|| |950.31|0.0| ||49|1063523132| |9999868992| |9999868992|||0|1| |950.31|20-Mar-2018|1|2|A|10|0.0|190.06|0|4|0.0|0.0|0|0|0|0|0|0|0|0|0|0|0|0|0|||||20-Mar-2018|951.0|0|0||Z733|Z733|N|G309|Y|Z653|Y|N1830|Y|R809|Y|E0922|N|E1129|Y|G43719|Y|E785|Y|E0922|N|E1121|Y|E781|Y|R931|Y|E119|Y|I259|Y|E8881|Y|E669|Y|R7303|Y|D649|Y|I10|N|Z560|Y|Z9189|N|||||||||| | | | | | | | | | | | | | | | | | | | | | |Z741|20-Mar-2018|F419|20-Mar-2018|Z9181|20-Mar-2018|Z1331|20-Mar-2018|Z1331|20-Mar-2018|||||||||||||||||||||||||||||||||||||||||0|0||3|450|M1069|3.0|2018-03-21T00:00:00|hospital_B|hospital_B_20180320
SYN_BENE_A18417057045|SYN_CLM_A7B5262AAB0C|V|60|20-Mar-2018|20-Mar-2018|23-Mar-2018||3|491581|1|1|1|| |950.31|0.0| ||49|1063523132| |9999868992| |9999868992|||0|1| |950.31|20-Mar-2018|1|2|A|10|0.0|190.06|0|4|0.0|0.0|0|0|0|0|0|0|0|0|0|0|0|0|0|||||20-Mar-2018|951.0|0|0||Z733|Z733|N|G309|Y|Z653|Y|N1830|Y|R809|Y|E0922|N|E1129|Y|G43719|Y|E785|Y|E0922|N|E1121|Y|E781|Y|R931|Y|E119|Y|I259|Y|E8881|Y|E669|Y|R7303|Y|D649|Y|I10|N|Z560|Y|Z9189|N|||||||||| | | | | | | | | | | | | | | | | | | | | | |Z741|20-Mar-2018|F419|20-Mar-2018|Z9181|20-Mar-2018|Z1331|20-Mar-2018|Z1331|20-Mar-2018|||||||||||||||||||||||||||||||||||||||||0|0||4|450|G0444|3.0|2018-03-21T00:00:00|hospital_B|hospital_B_20180320
SYN_BENE_A18417057045|SYN_CLM_A7B5262AAB0C|V|60|20-Mar-2018|20-Mar-2018|23-Mar-2018||3|491581|1|1|1|| |950.31|0.0| ||49|1063523132| |9999868992| |9999868992|||0|1| |950.31|20-Mar-2018|1|2|A|10|0.0|190.06|0|4|0.0|0.0|0|0|0|0|0|0|0|0|0|0|0|0|0|||||20-Mar-2018|951.0|0|0||Z733|Z733|N|G309|Y|Z653|Y|N1830|Y|R809|Y|E0922|N|E1129|Y|G43719|Y|E785|Y|E0922|N|E1121|Y|E781|Y|R931|Y|E119|Y|I259|Y|E8881|Y|E669|Y|R7303|Y|D649|Y|I10|N|Z560|Y|Z9189|N|||||||||| | | | | | | | | | | | | | | | | | | | | | |Z741|20-Mar-2018|F419|20-Mar-2018|Z9181|20-Mar-2018|Z1331|20-Mar-2018|Z1331|20-Mar-2018|||||||||||||||||||||||||||||||||||||||||0|0||5|450|G0444|3.0|2018-03-21T00:00:00|hospital_B|hospital_B_20180320
SYN_BENE_27EB5C47B2D2|SYN_CLM_928D7F38EF21|V|60|20-Mar-2018|20-Mar-2018|23-Mar-2018||3|491581|1|1|1|| |950.31|0.0| ||49|1063523132| |9999868992| |9999868992|||0|1| |950.31|20-Mar-2018|1|2|A|10|0.0|190.06|0|4|0.0|0.0|0|0|0|0|0|0|0|0|0|0|0|0|0|||||20-Mar-2018|951.0|0|0||Z733|Z733|N|G309|Y|Z653|Y|N1830|Y|R809|Y|E0922|N|E1129|Y|G43719|Y|E785|Y|E0922|N|E1121|Y|E781|Y|R931|Y|E119|Y|I259|Y|E8881|Y|E669|Y|R7303|Y|D649|Y|I10|N|Z560|Y|Z9189|N|||||||||| | | | | | | | | | | | | | | | | | | | | | |Z741|20-Mar-2018|F419|20-Mar-2018|Z9181|20-Mar-2018|Z1331|20-Mar-2018|Z1331|20-Mar-2018|||||||||||||||||||||||||||||||||||||||||0|0||1|450|96156|3.0|2018-03-21T00:00:00|hospital_B|hospital_B_20180320
SYN_BENE_27EB5C47B2D2|SYN_CLM_928D7F38EF21|V|60|20-Mar-2018|20-Mar-2018|23-Mar-2018||3|491581|1|1|1|| |950.31|0.0| ||49|1063523132| |9999868992| |9999868992|||0|1| |950.31|20-Mar-2018|1|2|A|10|0.0|190.06|0|4|0.0|0.0|0|0|0|0|0|0|0|0|0|0|0|0|0|||||20-Mar-2018|951.0|0|0||Z733|Z733|N|G309|Y|Z653|Y|N1830|Y|R809|Y|E0922|N|E1129|Y|G43719|Y|E785|Y|E0922|N|E1121|Y|E781|Y|R931|Y|E119|Y|I259|Y|E8881|Y|E669|Y|R7303|Y|D649|Y|I10|N|Z560|Y|Z9189|N|||||||||| | | | | | | | | | | | | | | | | | | | | | |Z741|20-Mar-2018|F419|20-Mar-2018|Z9181|20-Mar-2018|Z1331|20-Mar-2018|Z1331|20-Mar-2018|||||||||||||||||||||||||||||||||||||||||0|0||2|450|96127|3.0|2018-03-21T00:00:00|hospital_B|hospital_B_20180320
SYN_BENE_27EB5C47B2D2|SYN_CLM_928D7F38EF21|V|60|20-Mar-2018|20-Mar-2018|23-Mar-2018||3|491581|1|1|1|| |950.31|0.0| ||49|1063523132| |9999868992| |9999868992|||0|1| |950.31|20-Mar-2018|1|2|A|10|0.0|190.06|0|4|0.0|0.0|0|0|0|0|0|0|0|0|0|0|0|0|0|||||20-Mar-2018|951.0|0|0||Z733|Z733|N|G309|Y|Z653|Y|N1830|Y|R809|Y|E0922|N|E1129|Y|G43719|Y|E785|Y|E0922|N|E1121|Y|E781|Y|R931|Y|E119|Y|I259|Y|E8881|Y|E669|Y|R7303|Y|D649|Y|I10|N|Z560|Y|Z9189|N|||||||||| | | | | | | | | | | | | | | | | | | | | | |Z741|20-Mar-2018|F419|20-Mar-2018|Z9181|20-Mar-2018|Z1331|20-Mar-2018|Z1331|20-Mar-2018|||||||||||||||||||||||||||||||||||||||||0|0||3|450|M1069|3.0|2018-03-21T00:00:00|hospital_B|hospital_B_20180320
SYN_BENE_27EB5C47B2D2|SYN_CLM_928D7F38EF21|V|60|20-Mar-2018|20-Mar-2018|23-Mar-2018||3|491581|1|1|1|| |950.31|0.0| ||49|1063523132| |9999868992| |9999868992|||0|1| |950.31|20-Mar-2018|1|2|A|10|0.0|190.06|0|4|0.0|0.0|0|0|0|0|0|0|0|0|0|0|0|0|0|||||20-Mar-2018|951.0|0|0||Z733|Z733|N|G309|Y|Z653|Y|N1830|Y|R809|Y|E0922|N|E1129|Y|G43719|Y|E785|Y|E0922|N|E1121|Y|E781|Y|R931|Y|E119|Y|I259|Y|E8881|Y|E669|Y|R7303|Y|D649|Y|I10|N|Z560|Y|Z9189|N|||||||||| | | | | | | | | | | | | | | | | | | | | | |Z741|20-Mar-2018|F419|20-Mar-2018|Z9181|20-Mar-2018|Z1331|20-Mar-2018|Z1331|20-Mar-2018|||||||||||||||||||||||||||||||||||||||||0|0||4|450|G0444|3.0|2018-03-21T00:00:00|hospital_B|hospital_B_20180320
SYN_BENE_27EB5C47B2D2|SYN_CLM_928D7F38EF21|V|60|20-Mar-2018|20-Mar-2018|23-Mar-2018||3|491581|1|1|1|| |950.31|0.0| ||49|1063523132| |9999868992| |9999868992|||0|1| |950.31|20-Mar-2018|1|2|A|10|0.0|190.06|0|4|0.0|0.0|0|0|0|0|0|0|0|0|0|0|0|0|0|||||20-Mar-2018|951.0|0|0||Z733|Z733|N|G309|Y|Z653|Y|N1830|Y|R809|Y|E0922|N|E1129|Y|G43719|Y|E785|Y|E0922|N|E1121|Y|E781|Y|R931|Y|E119|Y|I259|Y|E8881|Y|E669|Y|R7303|Y|D649|Y|I10|N|Z560|Y|Z9189|N|||||||||| | | | | | | | | | | | | | | | | | | | | | |Z741|20-Mar-2018|F419|20-Mar-2018|Z9181|20-Mar-2018|Z1331|20-Mar-2018|Z1331|20-Mar-2018|||||||||||||||||||||||||||||||||||||||||0|0||5|450|G0444|3.0|2018-03-21T00:00:00|hospital_B|hospital_B_20180320
SYN_BENE_DE3A31C9140D|SYN_CLM_1E04FFFC6721|V|60|20-Mar-2018|20-Mar-2018|23-Mar-2018||3|491581|1|1|1|| |950.31|0.0| ||49|1063523132| |9999868992| |9999868992|||0|1| |950.31|20-Mar-2018|1|2|A|10|0.0|190.06|0|4|0.0|0.0|0|0|0|0|0|0|0|0|0|0|0|0|0|||||20-Mar-2018|951.0|0|0||Z733|Z733|N|G309|Y|Z653|Y|N1830|Y|R809|Y|E0922|N|E1129|Y|G43719|Y|E785|Y|E0922|N|E1121|Y|E781|Y|R931|Y|E119|Y|I259|Y|E8881|Y|E669|Y|R7303|Y|D649|Y|I10|N|Z560|Y|Z9189|N|||||||||| | | | | | | | | | | | | | | | | | | | | | |Z741|20-Mar-2018|F419|20-Mar-2018|Z9181|20-Mar-2018|Z1331|20-Mar-2018|Z1331|20-Mar-2018|||||||||||||||||||||||||||||||||||||||||0|0||1|450|96156|3.0|2018-03-21T00:00:00|hospital_B|hospital_B_20180320
SYN_BENE_DE3A31C9140D|SYN_CLM_1E04FFFC6721|V|60|20-Mar-2018|20-Mar-2018|23-Mar-2018||3|491581|1|1|1|| |950.31|0.0| ||49|1063523132| |9999868992| |9999868992|||0|1| |950.31|20-Mar-2018|1|2|A|10|0.0|190.06|0|4|0.0|0.0|0|0|0|0|0|0|0|0|0|0|0|0|0|||||20-Mar-2018|951.0|0|0||Z733|Z733|N|G309|Y|Z653|Y|N1830|Y|R809|Y|E0922|N|E1129|Y|G43719|Y|E785|Y|E0922|N|E1121|Y|E781|Y|R931|Y|E119|Y|I259|Y|E8881|Y|E669|Y|R7303|Y|D649|Y|I10|N|Z560|Y|Z9189|N|||||||||| | | | | | | | | | | | | | | | | | | | | | |Z741|20-Mar-2018|F419|20-Mar-2018|Z9181|20-Mar-2018|Z1331|20-Mar-2018|Z1331|20-Mar-2018|||||||||||||||||||||||||||||||||||||||||0|0||2|450|96127|3.0|2018-03-21T00:00:00|hospital_B|hospital_B_20180320
SYN_BENE_DE3A31C9140D|SYN_CLM_1E04FFFC6721|V|60|20-Mar-2018|20-Mar-2018|23-Mar-2018||3|491581|1|1|1|| |950.31|0.0| ||49|1063523132| |9999868992| |9999868992|||0|1| |950.31|20-Mar-2018|1|2|A|10|0.0|190.06|0|4|0.0|0.0|0|0|0|0|0|0|0|0|0|0|0|0|0|||||20-Mar-2018|951.0|0|0||Z733|Z733|N|G309|Y|Z653|Y|N1830|Y|R809|Y|E0922|N|E1129|Y|G43719|Y|E785|Y|E0922|N|E1121|Y|E781|Y|R931|Y|E119|Y|I259|Y|E8881|Y|E669|Y|R7303|Y|D649|Y|I10|N|Z560|Y|Z9189|N|||||||||| | | | | | | | | | | | | | | | | | | | | | |Z741|20-Mar-2018|F419|20-Mar-2018|Z9181|20-Mar-2018|Z1331|20-Mar-2018|Z1331|20-Mar-2018|||||||||||||||||||||||||||||||||||||||||0|0||3|450|M1069|3.0|2018-03-21T00:00:00|hospital_B|hospital_B_20180320
SYN_BENE_DE3A31C9140D|SYN_CLM_1E04FFFC6721|V|60|20-Mar-2018|20-Mar-2018|23-Mar-2018||3|491581|1|1|1|| |950.31|0.0| ||49|1063523132| |9999868992| |9999868992|||0|1| |950.31|20-Mar-2018|1|2|A|10|0.0|190.06|0|4|0.0|0.0|0|0|0|0|0|0|0|0|0|0|0|0|0|||||20-Mar-2018|951.0|0|0||Z733|Z733|N|G309|Y|Z653|Y|N1830|Y|R809|Y|E0922|N|E1129|Y|G43719|Y|E785|Y|E0922|N|E1121|Y|E781|Y|R931|Y|E119|Y|I259|Y|E8881|Y|E669|Y|R7303|Y|D649|Y|I10|N|Z560|Y|Z9189|N|||||||||| | | | | | | | | | | | | | | | | | | | | | |Z741|20-Mar-2018|F419|20-Mar-2018|Z9181|20-Mar-2018|Z1331|20-Mar-2018|Z1331|20-Mar-2018|||||||||||||||||||||||||||||||||||||||||0|0||4|450|G0444|3.0|2018-03-21T00:00:00|hospital_B|hospital_B_20180320
SYN_BENE_DE3A31C9140D|SYN_CLM_1E04FFFC6721|V|60|20-Mar-2018|20-Mar-2018|23-Mar-2018||3|491581|1|1|1|| |950.31|0.0| ||49|1063523132| |9999868992| |9999868992|||0|1| |950.31|20-Mar-2018|1|2|A|10|0.0|190.06|0|4|0.0|0.0|0|0|0|0|0|0|0|0|0|0|0|0|0|||||20-Mar-2018|951.0|0|0||Z733|Z733|N|G309|Y|Z653|Y|N1830|Y|R809|Y|E0922|N|E1129|Y|G43719|Y|E785|Y|E0922|N|E1121|Y|E781|Y|R931|Y|E119|Y|I259|Y|E8881|Y|E669|Y|R7303|Y|D649|Y|I10|N|Z560|Y|Z9189|N|||||||||| | | | | | | | | | | | | | | | | | | | | | |Z741|20-Mar-2018|F419|20-Mar-2018|Z9181|20-Mar-2018|Z1331|20-Mar-2018|Z1331|20-Mar-2018|||||||||||||||||||||||||||||||||||||||||0|0||5|450|G0444|3.0|2018-03-21T00:00:00|hospital_B|hospital_B_20180320
SYN_BENE_89AC67FEFB44|SYN_CLM_49A65E73B7FF|V|60|20-Mar-2018|20-Mar-2018|23-Mar-2018||3|491581|1|1|1|| |950.31|0.0| ||49|1063523132| |9999868992| |9999868992|||0|1| |950.31|20-Mar-2018|1|2|A|10|0.0|190.06|0|4|0.0|0.0|0|0|0|0|0|0|0|0|0|0|0|0|0|||||20-Mar-2018|951.0|0|0||Z733|Z733|N|G309|Y|Z653|Y|N1830|Y|R809|Y|E0922|N|E1129|Y|G43719|Y|E785|Y|E0922|N|E1121|Y|E781|Y|R931|Y|E119|Y|I259|Y|E8881|Y|E669|Y|R7303|Y|D649|Y|I10|N|Z560|Y|Z9189|N|||||||||| | | | | | | | | | | | | | | | | | | | | | |Z741|20-Mar-2018|F419|20-Mar-2018|Z9181|20-Mar-2018|Z1331|20-Mar-2018|Z1331|20-Mar-2018|||||||||||||||||||||||||||||||||||||||||0|0||1|450|96156|3.0|2018-03-21T00:00:00|hospital_B|hospital_B_20180320
SYN_BENE_89AC67FEFB44|SYN_CLM_49A65E73B7FF|V|60|20-Mar-2018|20-Mar-2018|23-Mar-2018||3|491581|1|1|1|| |950.31|0.0| ||49|1063523132| |9999868992| |9999868992|||0|1| |950.31|20-Mar-2018|1|2|A|10|0.0|190.06|0|4|0.0|0.0|0|0|0|0|0|0|0|0|0|0|0|0|0|||||20-Mar-2018|951.0|0|0||Z733|Z733|N|G309|Y|Z653|Y|N1830|Y|R809|Y|E0922|N|E1129|Y|G43719|Y|E785|Y|E0922|N|E1121|Y|E781|Y|R931|Y|E119|Y|I259|Y|E8881|Y|E669|Y|R7303|Y|D649|Y|I10|N|Z560|Y|Z9189|N|||||||||| | | | | | | | | | | | | | | | | | | | | | |Z741|20-Mar-2018|F419|20-Mar-2018|Z9181|20-Mar-2018|Z1331|20-Mar-2018|Z1331|20-Mar-2018|||||||||||||||||||||||||||||||||||||||||0|0||2|450|96127|3.0|2018-03-21T00:00:00|hospital_B|hospital_B_20180320
SYN_BENE_89AC67FEFB44|SYN_CLM_49A65E73B7FF|V|60|20-Mar-2018|20-Mar-2018|23-Mar-2018||3|491581|1|1|1|| |950.31|0.0| ||49|1063523132| |9999868992| |9999868992|||0|1| |950.31|20-Mar-2018|1|2|A|10|0.0|190.06|0|4|0.0|0.0|0|0|0|0|0|0|0|0|0|0|0|0|0|||||20-Mar-2018|951.0|0|0||Z733|Z733|N|G309|Y|Z653|Y|N1830|Y|R809|Y|E0922|N|E1129|Y|G43719|Y|E785|Y|E0922|N|E1121|Y|E781|Y|R931|Y|E119|Y|I259|Y|E8881|Y|E669|Y|R7303|Y|D649|Y|I10|N|Z560|Y|Z9189|N|||||||||| | | | | | | | | | | | | | | | | | | | | | |Z741|20-Mar-2018|F419|20-Mar-2018|Z9181|20-Mar-2018|Z1331|20-Mar-2018|Z1331|20-Mar-2018|||||||||||||||||||||||||||||||||||||||||0|0||3|450|M1069|3.0|2018-03-21T00:00:00|hospital_B|hospital_B_20180320
SYN_BENE_89AC67FEFB44|SYN_CLM_49A65E73B7FF|V|60|20-Mar-2018|20-Mar-2018|23-Mar-2018||3|491581|1|1|1|| |950.31|0.0| ||49|1063523132| |9999868992| |9999868992|||0|1| |950.31|20-Mar-2018|1|2|A|10|0.0|190.06|0|4|0.0|0.0|0|0|0|0|0|0|0|0|0|0|0|0|0|||||20-Mar-2018|951.0|0|0||Z733|Z733|N|G309|Y|Z653|Y|N1830|Y|R809|Y|E0922|N|E1129|Y|G43719|Y|E785|Y|E0922|N|E1121|Y|E781|Y|R931|Y|E119|Y|I259|Y|E8881|Y|E669|Y|R7303|Y|D649|Y|I10|N|Z560|Y|Z9189|N|||||||||| | | | | | | | | | | | | | | | | | | | | | |Z741|20-Mar-2018|F419|20-Mar-2018|Z9181|20-Mar-2018|Z1331|20-Mar-2018|Z1331|20-Mar-2018|||||||||||||||||||||||||||||||||||||||||0|0||4|450|G0444|3.0|2018-03-21T00:00:00|hospital_B|hospital_B_20180320
SYN_BENE_89AC67FEFB44|SYN_CLM_49A65E73B7FF|V|60|20-Mar-2018|20-Mar-2018|23-Mar-2018||3|491581|1|1|1|| |950.31|0.0| ||49|1063523132| |9999868992| |9999868992|||0|1| |950.31|20-Mar-2018|1|2|A|10|0.0|190.06|0|4|0.0|0.0|0|0|0|0|0|0|0|0|0|0|0|0|0|||||20-Mar-2018|951.0|0|0||Z733|Z733|N|G309|Y|Z653|Y|N1830|Y|R809|Y|E0922|N|E1129|Y|G43719|Y|E785|Y|E0922|N|E1121|Y|E781|Y|R931|Y|E119|Y|I259|Y|E8881|Y|E669|Y|R7303|Y|D649|Y|I10|N|Z560|Y|Z9189|N|||||||||| | | | | | | | | | | | | | | | | | | | | | |Z741|20-Mar-2018|F419|20-Mar-2018|Z9181|20-Mar-2018|Z1331|20-Mar-2018|Z1331|20-Mar-2018|||||||||||||||||||||||||||||||||||||||||0|0||5|450|G0444|3.0|2018-03-21T00:00:00|hospital_B|hospital_B_20180320
SYN_BENE_929412224DB1|SYN_CLM_A1FD7B98301D|V|60|20-Mar-2018|20-Mar-2018|23-Mar-2018||3|491581|1|1|1|| |950.31|0.0| ||49|1063523132| |9999868992| |9999868992|||0|1| |950.31|20-Mar-2018|1|2|A|10|0.0|190.06|0|4|0.0|0.0|0|0|0|0|0|0|0|0|0|0|0|0|0|||||20-Mar-2018|951.0|0|0||Z733|Z733|N|G309|Y|Z653|Y|N1830|Y|R809|Y|E0922|N|E1129|Y|G43719|Y|E785|Y|E0922|N|E1121|Y|E781|Y|R931|Y|E119|Y|I259|Y|E8881|Y|E669|Y|R7303|Y|D649|Y|I10|N|Z560|Y|Z9189|N|||||||||| | | | | | | | | | | | | | | | | | | | | | |Z741|20-Mar-2018|F419|20-Mar-2018|Z9181|20-Mar-2018|Z1331|20-Mar-2018|Z1331|20-Mar-2018|||||||||||||||||||||||||||||||||||||||||0|0||1|450|96156|3.0|2018-03-21T00:00:00|hospital_B|hospital_B_20180320
SYN_BENE_929412224DB1|SYN_CLM_A1FD7B98301D|V|60|20-Mar-2018|20-Mar-2018|23-Mar-2018||3|491581|1|1|1|| |950.31|0.0| ||49|1063523132| |9999868992| |9999868992|||0|1| |950.31|20-Mar-2018|1|2|A|10|0.0|190.06|0|4|0.0|0.0|0|0|0|0|0|0|0|0|0|0|0|0|0|||||20-Mar-2018|951.0|0|0||Z733|Z733|N|G309|Y|Z653|Y|N1830|Y|R809|Y|E0922|N|E1129|Y|G43719|Y|E785|Y|E0922|N|E1121|Y|E781|Y|R931|Y|E119|Y|I259|Y|E8881|Y|E669|Y|R7303|Y|D649|Y|I10|N|Z560|Y|Z9189|N|||||||||| | | | | | | | | | | | | | | | | | | | | | |Z741|20-Mar-2018|F419|20-Mar-2018|Z9181|20-Mar-2018|Z1331|20-Mar-2018|Z1331|20-Mar-2018|||||||||||||||||||||||||||||||||||||||||0|0||2|450|96127|3.0|2018-03-21T00:00:00|hospital_B|hospital_B_20180320
SYN_BENE_929412224DB1|SYN_CLM_A1FD7B98301D|V|60|20-Mar-2018|20-Mar-2018|23-Mar-2018||3|491581|1|1|1|| |950.31|0.0| ||49|1063523132| |9999868992| |9999868992|||0|1| |950.31|20-Mar-2018|1|2|A|10|0.0|190.06|0|4|0.0|0.0|0|0|0|0|0|0|0|0|0|0|0|0|0|||||20-Mar-2018|951.0|0|0||Z733|Z733|N|G309|Y|Z653|Y|N1830|Y|R809|Y|E0922|N|E1129|Y|G43719|Y|E785|Y|E0922|N|E1121|Y|E781|Y|R931|Y|E119|Y|I259|Y|E8881|Y|E669|Y|R7303|Y|D649|Y|I10|N|Z560|Y|Z9189|N|||||||||| | | | | | | | | | | | | | | | | | | | | | |Z741|20-Mar-2018|F419|20-Mar-2018|Z9181|20-Mar-2018|Z1331|20-Mar-2018|Z1331|20-Mar-2018|||||||||||||||||||||||||||||||||||||||||0|0||3|450|M1069|3.0|2018-03-21T00:00:00|hospital_B|hospital_B_20180320
SYN_BENE_929412224DB1|SYN_CLM_A1FD7B98301D|V|60|20-Mar-2018|20-Mar-2018|23-Mar-2018||3|491581|1|1|1|| |950.31|0.0| ||49|1063523132| |9999868992| |9999868992|||0|1| |950.31|20-Mar-2018|1|2|A|10|0.0|190.06|0|4|0.0|0.0|0|0|0|0|0|0|0|0|0|0|0|0|0|||||20-Mar-2018|951.0|0|0||Z733|Z733|N|G309|Y|Z653|Y|N1830|Y|R809|Y|E0922|N|E1129|Y|G43719|Y|E785|Y|E0922|N|E1121|Y|E781|Y|R931|Y|E119|Y|I259|Y|E8881|Y|E669|Y|R7303|Y|D649|Y|I10|N|Z560|Y|Z9189|N|||||||||| | | | | | | | | | | | | | | | | | | | | | |Z741|20-Mar-2018|F419|20-Mar-2018|Z9181|20-Mar-2018|Z1331|20-Mar-2018|Z1331|20-Mar-2018|||||||||||||||||||||||||||||||||||||||||0|0||4|450|G0444|3.0|2018-03-21T00:00:00|hospital_B|hospital_B_20180320
SYN_BENE_929412224DB1|SYN_CLM_A1FD7B98301D|V|60|20-Mar-2018|20-Mar-2018|23-Mar-2018||3|491581|1|1|1|| |950.31|0.0| ||49|1063523132| |9999868992| |9999868992|||0|1| |950.31|20-Mar-2018|1|2|A|10|0.0|190.06|0|4|0.0|0.0|0|0|0|0|0|0|0|0|0|0|0|0|0|||||20-Mar-2018|951.0|0|0||Z733|Z733|N|G309|Y|Z653|Y|N1830|Y|R809|Y|E0922|N|E1129|Y|G43719|Y|E785|Y|E0922|N|E1121|Y|E781|Y|R931|Y|E119|Y|I259|Y|E8881|Y|E669|Y|R7303|Y|D649|Y|I10|N|Z560|Y|Z9189|N|||||||||| | | | | | | | | | | | | | | | | | | | | | |Z741|20-Mar-2018|F419|20-Mar-2018|Z9181|20-Mar-2018|Z1331|20-Mar-2018|Z1331|20-Mar-2018|||||||||||||||||||||||||||||||||||||||||0|0||5|450|G0444|3.0|2018-03-21T00:00:00|hospital_B|hospital_B_20180320
SYN_BENE_910101AD00BD|SYN_CLM_E4F0392BD8C9|V|60|20-Mar-2018|20-Mar-2018|23-Mar-2018||3|491581|1|1|1|| |950.31|0.0| ||49|1063523132| |9999868992| |9999868992|||0|1| |950.31|20-Mar-2018|1|2|A|10|0.0|190.06|0|4|0.0|0.0|0|0|0|0|0|0|0|0|0|0|0|0|0|||||20-Mar-2018|951.0|0|0||Z733|Z733|N|G309|Y|Z653|Y|N1830|Y|R809|Y|E0922|N|E1129|Y|G43719|Y|E785|Y|E0922|N|E1121|Y|E781|Y|R931|Y|E119|Y|I259|Y|E8881|Y|E669|Y|R7303|Y|D649|Y|I10|N|Z560|Y|Z9189|N|||||||||| | | | | | | | | | | | | | | | | | | | | | |Z741|20-Mar-2018|F419|20-Mar-2018|Z9181|20-Mar-2018|Z1331|20-Mar-2018|Z1331|20-Mar-2018|||||||||||||||||||||||||||||||||||||||||0|0||1|450|96156|3.0|2018-03-21T00:00:00|hospital_B|hospital_B_20180320
SYN_BENE_910101AD00BD|SYN_CLM_E4F0392BD8C9|V|60|20-Mar-2018|20-Mar-2018|23-Mar-2018||3|491581|1|1|1|| |950.31|0.0| ||49|1063523132| |9999868992| |9999868992|||0|1| |950.31|20-Mar-2018|1|2|A|10|0.0|190.06|0|4|0.0|0.0|0|0|0|0|0|0|0|0|0|0|0|0|0|||||20-Mar-2018|951.0|0|0||Z733|Z733|N|G309|Y|Z653|Y|N1830|Y|R809|Y|E0922|N|E1129|Y|G43719|Y|E785|Y|E0922|N|E1121|Y|E781|Y|R931|Y|E119|Y|I259|Y|E8881|Y|E669|Y|R7303|Y|D649|Y|I10|N|Z560|Y|Z9189|N|||||||||| | | | | | | | | | | | | | | | | | | | | | |Z741|20-Mar-2018|F419|20-Mar-2018|Z9181|20-Mar-2018|Z1331|20-Mar-2018|Z1331|20-Mar-2018|||||||||||||||||||||||||||||||||||||||||0|0||2|450|96127|3.0|2018-03-21T00:00:00|hospital_B|hospital_B_20180320
SYN_BENE_910101AD00BD|SYN_CLM_E4F0392BD8C9|V|60|20-Mar-2018|20-Mar-2018|23-Mar-2018||3|491581|1|1|1|| |950.31|0.0| ||49|1063523132| |9999868992| |9999868992|||0|1| |950.31|20-Mar-2018|1|2|A|10|0.0|190.06|0|4|0.0|0.0|0|0|0|0|0|0|0|0|0|0|0|0|0|||||20-Mar-2018|951.0|0|0||Z733|Z733|N|G309|Y|Z653|Y|N1830|Y|R809|Y|E0922|N|E1129|Y|G43719|Y|E785|Y|E0922|N|E1121|Y|E781|Y|R931|Y|E119|Y|I259|Y|E8881|Y|E669|Y|R7303|Y|D649|Y|I10|N|Z560|Y|Z9189|N|||||||||| | | | | | | | | | | | | | | | | | | | | | |Z741|20-Mar-2018|F419|20-Mar-2018|Z9181|20-Mar-2018|Z1331|20-Mar-2018|Z1331|20-Mar-2018|||||||||||||||||||||||||||||||||||||||||0|0||3|450|M1069|3.0|2018-03-21T00:00:00|hospital_B|hospital_B_20180320
SYN_BENE_910101AD00BD|SYN_CLM_E4F0392BD8C9|V|60|20-Mar-2018|20-Mar-2018|23-Mar-2018||3|491581|1|1|1|| |950.31|0.0| ||49|1063523132| |9999868992| |9999868992|||0|1| |950.31|20-Mar-2018|1|2|A|10|0.0|190.06|0|4|0.0|0.0|0|0|0|0|0|0|0|0|0|0|0|0|0|||||20-Mar-2018|951.0|0|0||Z733|Z733|N|G309|Y|Z653|Y|N1830|Y|R809|Y|E0922|N|E1129|Y|G43719|Y|E785|Y|E0922|N|E1121|Y|E781|Y|R931|Y|E119|Y|I259|Y|E8881|Y|E669|Y|R7303|Y|D649|Y|I10|N|Z560|Y|Z9189|N|||||||||| | | | | | | | | | | | | | | | | | | | | | |Z741|20-Mar-2018|F419|20-Mar-2018|Z9181|20-Mar-2018|Z1331|20-Mar-2018|Z1331|20-Mar-2018|||||||||||||||||||||||||||||||||||||||||0|0||4|450|G0444|3.0|2018-03-21T00:00:00|hospital_B|hospital_B_20180320
SYN_BENE_910101AD00BD|SYN_CLM_E4F0392BD8C9|V|60|20-Mar-2018|20-Mar-2018|23-Mar-2018||3|491581|1|1|1|| |950.31|0.0| ||49|1063523132| |9999868992| |9999868992|||0|1| |950.31|20-Mar-2018|1|2|A|10|0.0|190.06|0|4|0.0|0.0|0|0|0|0|0|0|0|0|0|0|0|0|0|||||20-Mar-2018|951.0|0|0||Z733|Z733|N|G309|Y|Z653|Y|N1830|Y|R809|Y|E0922|N|E1129|Y|G43719|Y|E785|Y|E0922|N|E1121|Y|E781|Y|R931|Y|E119|Y|I259|Y|E8881|Y|E669|Y|R7303|Y|D649|Y|I10|N|Z560|Y|Z9189|N|||||||||| | | | | | | | | | | | | | | | | | | | | | |Z741|20-Mar-2018|F419|20-Mar-2018|Z9181|20-Mar-2018|Z1331|20-Mar-2018|Z1331|20-Mar-2018|||||||||||||||||||||||||||||||||||||||||0|0||5|450|G0444|3.0|2018-03-21T00:00:00|hospital_B|hospital_B_20180320
SYN_BENE_BBA302F16C82|SYN_CLM_E0C6BB97F200|V|60|20-Mar-2018|20-Mar-2018|23-Mar-2018||3|491581|1|1|1|| |950.31|0.0| ||49|1063523132| |9999868992| |9999868992|||0|1| |950.31|20-Mar-2018|1|2|A|10|0.0|190.06|0|4|0.0|0.0|0|0|0|0|0|0|0|0|0|0|0|0|0|||||20-Mar-2018|951.0|0|0||Z733|Z733|N|G309|Y|Z653|Y|N1830|Y|R809|Y|E0922|N|E1129|Y|G43719|Y|E785|Y|E0922|N|E1121|Y|E781|Y|R931|Y|E119|Y|I259|Y|E8881|Y|E669|Y|R7303|Y|D649|Y|I10|N|Z560|Y|Z9189|N|||||||||| | | | | | | | | | | | | | | | | | | | | | |Z741|20-Mar-2018|F419|20-Mar-2018|Z9181|20-Mar-2018|Z1331|20-Mar-2018|Z1331|20-Mar-2018|||||||||||||||||||||||||||||||||||||||||0|0||1|450|96156|3.0|2018-03-21T00:00:00|hospital_B|hospital_B_20180320
SYN_BENE_BBA302F16C82|SYN_CLM_E0C6BB97F200|V|60|20-Mar-2018|20-Mar-2018|23-Mar-2018||3|491581|1|1|1|| |950.31|0.0| ||49|1063523132| |9999868992| |9999868992|||0|1| |950.31|20-Mar-2018|1|2|A|10|0.0|190.06|0|4|0.0|0.0|0|0|0|0|0|0|0|0|0|0|0|0|0|||||20-Mar-2018|951.0|0|0||Z733|Z733|N|G309|Y|Z653|Y|N1830|Y|R809|Y|E0922|N|E1129|Y|G43719|Y|E785|Y|E0922|N|E1121|Y|E781|Y|R931|Y|E119|Y|I259|Y|E8881|Y|E669|Y|R7303|Y|D649|Y|I10|N|Z560|Y|Z9189|N|||||||||| | | | | | | | | | | | | | | | | | | | | | |Z741|20-Mar-2018|F419|20-Mar-2018|Z9181|20-Mar-2018|Z1331|20-Mar-2018|Z1331|20-Mar-2018|||||||||||||||||||||||||||||||||||||||||0|0||2|450|96127|3.0|2018-03-21T00:00:00|hospital_B|hospital_B_20180320
SYN_BENE_BBA302F16C82|SYN_CLM_E0C6BB97F200|V|60|20-Mar-2018|20-Mar-2018|23-Mar-2018||3|491581|1|1|1|| |950.31|0.0| ||49|1063523132| |9999868992| |9999868992|||0|1| |950.31|20-Mar-2018|1|2|A|10|0.0|190.06|0|4|0.0|0.0|0|0|0|0|0|0|0|0|0|0|0|0|0|||||20-Mar-2018|951.0|0|0||Z733|Z733|N|G309|Y|Z653|Y|N1830|Y|R809|Y|E0922|N|E1129|Y|G43719|Y|E785|Y|E0922|N|E1121|Y|E781|Y|R931|Y|E119|Y|I259|Y|E8881|Y|E669|Y|R7303|Y|D649|Y|I10|N|Z560|Y|Z9189|N|||||||||| | | | | | | | | | | | | | | | | | | | | | |Z741|20-Mar-2018|F419|20-Mar-2018|Z9181|20-Mar-2018|Z1331|20-Mar-2018|Z1331|20-Mar-2018|||||||||||||||||||||||||||||||||||||||||0|0||3|450|M1069|3.0|2018-03-21T00:00:00|hospital_B|hospital_B_20180320
SYN_BENE_BBA302F16C82|SYN_CLM_E0C6BB97F200|V|60|20-Mar-2018|20-Mar-2018|23-Mar-2018||3|491581|1|1|1|| |950.31|0.0| ||49|1063523132| |9999868992| |9999868992|||0|1| |950.31|20-Mar-2018|1|2|A|10|0.0|190.06|0|4|0.0|0.0|0|0|0|0|0|0|0|0|0|0|0|0|0|||||20-Mar-2018|951.0|0|0||Z733|Z733|N|G309|Y|Z653|Y|N1830|Y|R809|Y|E0922|N|E1129|Y|G43719|Y|E785|Y|E0922|N|E1121|Y|E781|Y|R931|Y|E119|Y|I259|Y|E8881|Y|E669|Y|R7303|Y|D649|Y|I10|N|Z560|Y|Z9189|N|||||||||| | | | | | | | | | | | | | | | | | | | | | |Z741|20-Mar-2018|F419|20-Mar-2018|Z9181|20-Mar-2018|Z1331|20-Mar-2018|Z1331|20-Mar-2018|||||||||||||||||||||||||||||||||||||||||0|0||4|450|G0444|3.0|2018-03-21T00:00:00|hospital_B|hospital_B_20180320
SYN_BENE_BBA302F16C82|SYN_CLM_E0C6BB97F200|V|60|20-Mar-2018|20-Mar-2018|23-Mar-2018||3|491581|1|1|1|| |950.31|0.0| ||49|1063523132| |9999868992| |9999868992|||0|1| |950.31|20-Mar-2018|1|2|A|10|0.0|190.06|0|4|0.0|0.0|0|0|0|0|0|0|0|0|0|0|0|0|0|||||20-Mar-2018|951.0|0|0||Z733|Z733|N|G309|Y|Z653|Y|N1830|Y|R809|Y|E0922|N|E1129|Y|G43719|Y|E785|Y|E0922|N|E1121|Y|E781|Y|R931|Y|E119|Y|I259|Y|E8881|Y|E669|Y|R7303|Y|D649|Y|I10|N|Z560|Y|Z9189|N|||||||||| | | | | | | | | | | | | | | | | | | | | | |Z741|20-Mar-2018|F419|20-Mar-2018|Z9181|20-Mar-2018|Z1331|20-Mar-2018|Z1331|20-Mar-2018|||||||||||||||||||||||||||||||||||||||||0|0||5|450|G0444|3.0|2018-03-21T00:00:00|hospital_B|hospital_B_20180320
SYN_BENE_9A70EDC5E728|SYN_CLM_5B81C0AC2071|V|60|20-Mar-2018|20-Mar-2018|23-Mar-2018||3|491581|1|1|1|| |950.31|0.0| ||49|1063523132| |9999868992| |9999868992|||0|1| |950.31|20-Mar-2018|1|2|A|10|0.0|190.06|0|4|0.0|0.0|0|0|0|0|0|0|0|0|0|0|0|0|0|||||20-Mar-2018|951.0|0|0||Z733|Z733|N|G309|Y|Z653|Y|N1830|Y|R809|Y|E0922|N|E1129|Y|G43719|Y|E785|Y|E0922|N|E1121|Y|E781|Y|R931|Y|E119|Y|I259|Y|E8881|Y|E669|Y|R7303|Y|D649|Y|I10|N|Z560|Y|Z9189|N|||||||||| | | | | | | | | | | | | | | | | | | | | | |Z741|20-Mar-2018|F419|20-Mar-2018|Z9181|20-Mar-2018|Z1331|20-Mar-2018|Z1331|20-Mar-2018|||||||||||||||||||||||||||||||||||||||||0|0||1|450|96156|3.0|2018-03-21T00:00:00|hospital_B|hospital_B_20180320
SYN_BENE_9A70EDC5E728|SYN_CLM_5B81C0AC2071|V|60|20-Mar-2018|20-Mar-2018|23-Mar-2018||3|491581|1|1|1|| |950.31|0.0| ||49|1063523132| |9999868992| |9999868992|||0|1| |950.31|20-Mar-2018|1|2|A|10|0.0|190.06|0|4|0.0|0.0|0|0|0|0|0|0|0|0|0|0|0|0|0|||||20-Mar-2018|951.0|0|0||Z733|Z733|N|G309|Y|Z653|Y|N1830|Y|R809|Y|E0922|N|E1129|Y|G43719|Y|E785|Y|E0922|N|E1121|Y|E781|Y|R931|Y|E119|Y|I259|Y|E8881|Y|E669|Y|R7303|Y|D649|Y|I10|N|Z560|Y|Z9189|N|||||||||| | | | | | | | | | | | | | | | | | | | | | |Z741|20-Mar-2018|F419|20-Mar-2018|Z9181|20-Mar-2018|Z1331|20-Mar-2018|Z1331|20-Mar-2018|||||||||||||||||||||||||||||||||||||||||0|0||2|450|96127|3.0|2018-03-21T00:00:00|hospital_B|hospital_B_20180320
SYN_BENE_9A70EDC5E728|SYN_CLM_5B81C0AC2071|V|60|20-Mar-2018|20-Mar-2018|23-Mar-2018||3|491581|1|1|1|| |950.31|0.0| ||49|1063523132| |9999868992| |9999868992|||0|1| |950.31|20-Mar-2018|1|2|A|10|0.0|190.06|0|4|0.0|0.0|0|0|0|0|0|0|0|0|0|0|0|0|0|||||20-Mar-2018|951.0|0|0||Z733|Z733|N|G309|Y|Z653|Y|N1830|Y|R809|Y|E0922|N|E1129|Y|G43719|Y|E785|Y|E0922|N|E1121|Y|E781|Y|R931|Y|E119|Y|I259|Y|E8881|Y|E669|Y|R7303|Y|D649|Y|I10|N|Z560|Y|Z9189|N|||||||||| | | | | | | | | | | | | | | | | | | | | | |Z741|20-Mar-2018|F419|20-Mar-2018|Z9181|20-Mar-2018|Z1331|20-Mar-2018|Z1331|20-Mar-2018|||||||||||||||||||||||||||||||||||||||||0|0||3|450|M1069|3.0|2018-03-21T00:00:00|hospital_B|hospital_B_20180320
SYN_BENE_9A70EDC5E728|SYN_CLM_5B81C0AC2071|V|60|20-Mar-2018|20-Mar-2018|23-Mar-2018||3|491581|1|1|1|| |950.31|0.0| ||49|1063523132| |9999868992| |9999868992|||0|1| |950.31|20-Mar-2018|1|2|A|10|0.0|190.06|0|4|0.0|0.0|0|0|0|0|0|0|0|0|0|0|0|0|0|||||20-Mar-2018|951.0|0|0||Z733|Z733|N|G309|Y|Z653|Y|N1830|Y|R809|Y|E0922|N|E1129|Y|G43719|Y|E785|Y|E0922|N|E1121|Y|E781|Y|R931|Y|E119|Y|I259|Y|E8881|Y|E669|Y|R7303|Y|D649|Y|I10|N|Z560|Y|Z9189|N|||||||||| | | | | | | | | | | | | | | | | | | | | | |Z741|20-Mar-2018|F419|20-Mar-2018|Z9181|20-Mar-2018|Z1331|20-Mar-2018|Z1331|20-Mar-2018|||||||||||||||||||||||||||||||||||||||||0|0||4|450|G0444|3.0|2018-03-21T00:00:00|hospital_B|hospital_B_20180320
SYN_BENE_9A70EDC5E728|SYN_CLM_5B81C0AC2071|V|60|20-Mar-2018|20-Mar-2018|23-Mar-2018||3|491581|1|1|1|| |950.31|0.0| ||49|1063523132| |9999868992| |9999868992|||0|1| |950.31|20-Mar-2018|1|2|A|10|0.0|190.06|0|4|0.0|0.0|0|0|0|0|0|0|0|0|0|0|0|0|0|||||20-Mar-2018|951.0|0|0||Z733|Z733|N|G309|Y|Z653|Y|N1830|Y|R809|Y|E0922|N|E1129|Y|G43719|Y|E785|Y|E0922|N|E1121|Y|E781|Y|R931|Y|E119|Y|I259|Y|E8881|Y|E669|Y|R7303|Y|D649|Y|I10|N|Z560|Y|Z9189|N|||||||||| | | | | | | | | | | | | | | | | | | | | | |Z741|20-Mar-2018|F419|20-Mar-2018|Z9181|20-Mar-2018|Z1331|20-Mar-2018|Z1331|20-Mar-2018|||||||||||||||||||||||||||||||||||||||||0|0||5|450|G0444|3.0|2018-03-21T00:00:00|hospital_B|hospital_B_20180320
SYN_BENE_B4CE36BCAA68|SYN_CLM_93B546381A4C|V|60|20-Mar-2018|20-Mar-2018|23-Mar-2018||3|491581|1|1|1|| |950.31|0.0| ||49|1063523132| |9999868992| |9999868992|||0|1| |950.31|20-Mar-2018|1|2|A|10|0.0|190.06|0|4|0.0|0.0|0|0|0|0|0|0|0|0|0|0|0|0|0|||||20-Mar-2018|951.0|0|0||Z733|Z733|N|G309|Y|Z653|Y|N1830|Y|R809|Y|E0922|N|E1129|Y|G43719|Y|E785|Y|E0922|N|E1121|Y|E781|Y|R931|Y|E119|Y|I259|Y|E8881|Y|E669|Y|R7303|Y|D649|Y|I10|N|Z560|Y|Z9189|N|||||||||| | | | | | | | | | | | | | | | | | | | | | |Z741|20-Mar-2018|F419|20-Mar-2018|Z9181|20-Mar-2018|Z1331|20-Mar-2018|Z1331|20-Mar-2018|||||||||||||||||||||||||||||||||||||||||0|0||1|450|96156|3.0|2018-03-21T00:00:00|hospital_B|hospital_B_20180320
SYN_BENE_B4CE36BCAA68|SYN_CLM_93B546381A4C|V|60|20-Mar-2018|20-Mar-2018|23-Mar-2018||3|491581|1|1|1|| |950.31|0.0| ||49|1063523132| |9999868992| |9999868992|||0|1| |950.31|20-Mar-2018|1|2|A|10|0.0|190.06|0|4|0.0|0.0|0|0|0|0|0|0|0|0|0|0|0|0|0|||||20-Mar-2018|951.0|0|0||Z733|Z733|N|G309|Y|Z653|Y|N1830|Y|R809|Y|E0922|N|E1129|Y|G43719|Y|E785|Y|E0922|N|E1121|Y|E781|Y|R931|Y|E119|Y|I259|Y|E8881|Y|E669|Y|R7303|Y|D649|Y|I10|N|Z560|Y|Z9189|N|||||||||| | | | | | | | | | | | | | | | | | | | | | |Z741|20-Mar-2018|F419|20-Mar-2018|Z9181|20-Mar-2018|Z1331|20-Mar-2018|Z1331|20-Mar-2018|||||||||||||||||||||||||||||||||||||||||0|0||2|450|96127|3.0|2018-03-21T00:00:00|hospital_B|hospital_B_20180320
SYN_BENE_B4CE36BCAA68|SYN_CLM_93B546381A4C|V|60|20-Mar-2018|20-Mar-2018|23-Mar-2018||3|491581|1|1|1|| |950.31|0.0| ||49|1063523132| |9999868992| |9999868992|||0|1| |950.31|20-Mar-2018|1|2|A|10|0.0|190.06|0|4|0.0|0.0|0|0|0|0|0|0|0|0|0|0|0|0|0|||||20-Mar-2018|951.0|0|0||Z733|Z733|N|G309|Y|Z653|Y|N1830|Y|R809|Y|E0922|N|E1129|Y|G43719|Y|E785|Y|E0922|N|E1121|Y|E781|Y|R931|Y|E119|Y|I259|Y|E8881|Y|E669|Y|R7303|Y|D649|Y|I10|N|Z560|Y|Z9189|N|||||||||| | | | | | | | | | | | | | | | | | | | | | |Z741|20-Mar-2018|F419|20-Mar-2018|Z9181|20-Mar-2018|Z1331|20-Mar-2018|Z1331|20-Mar-2018|||||||||||||||||||||||||||||||||||||||||0|0||3|450|M1069|3.0|2018-03-21T00:00:00|hospital_B|hospital_B_20180320
SYN_BENE_B4CE36BCAA68|SYN_CLM_93B546381A4C|V|60|20-Mar-2018|20-Mar-2018|23-Mar-2018||3|491581|1|1|1|| |950.31|0.0| ||49|1063523132| |9999868992| |9999868992|||0|1| |950.31|20-Mar-2018|1|2|A|10|0.0|190.06|0|4|0.0|0.0|0|0|0|0|0|0|0|0|0|0|0|0|0|||||20-Mar-2018|951.0|0|0||Z733|Z733|N|G309|Y|Z653|Y|N1830|Y|R809|Y|E0922|N|E1129|Y|G43719|Y|E785|Y|E0922|N|E1121|Y|E781|Y|R931|Y|E119|Y|I259|Y|E8881|Y|E669|Y|R7303|Y|D649|Y|I10|N|Z560|Y|Z9189|N|||||||||| | | | | | | | | | | | | | | | | | | | | | |Z741|20-Mar-2018|F419|20-Mar-2018|Z9181|20-Mar-2018|Z1331|20-Mar-2018|Z1331|20-Mar-2018|||||||||||||||||||||||||||||||||||||||||0|0||4|450|G0444|3.0|2018-03-21T00:00:00|hospital_B|hospital_B_20180320
SYN_BENE_B4CE36BCAA68|SYN_CLM_93B546381A4C|V|60|20-Mar-2018|20-Mar-2018|23-Mar-2018||3|491581|1|1|1|| |950.31|0.0| ||49|1063523132| |9999868992| |9999868992|||0|1| |950.31|20-Mar-2018|1|2|A|10|0.0|190.06|0|4|0.0|0.0|0|0|0|0|0|0|0|0|0|0|0|0|0|||||20-Mar-2018|951.0|0|0||Z733|Z733|N|G309|Y|Z653|Y|N1830|Y|R809|Y|E0922|N|E1129|Y|G43719|Y|E785|Y|E0922|N|E1121|Y|E781|Y|R931|Y|E119|Y|I259|Y|E8881|Y|E669|Y|R7303|Y|D649|Y|I10|N|Z560|Y|Z9189|N|||||||||| | | | | | | | | | | | | | | | | | | | | | |Z741|20-Mar-2018|F419|20-Mar-2018|Z9181|20-Mar-2018|Z1331|20-Mar-2018|Z1331|20-Mar-2018|||||||||||||||||||||||||||||||||||||||||0|0||5|450|G0444|3.0|2018-03-21T00:00:00|hospital_B|hospital_B_20180320
SYN_BENE_17AB6B4AA223|SYN_CLM_53DE88A96DD0|V|60|20-Mar-2018|20-Mar-2018|23-Mar-2018||3|491581|1|1|1|| |950.31|0.0| ||49|1063523132| |9999868992| |9999868992|||0|1| |950.31|20-Mar-2018|1|2|A|10|0.0|190.06|0|4|0.0|0.0|0|0|0|0|0|0|0|0|0|0|0|0|0|||||20-Mar-2018|951.0|0|0||Z733|Z733|N|G309|Y|Z653|Y|N1830|Y|R809|Y|E0922|N|E1129|Y|G43719|Y|E785|Y|E0922|N|E1121|Y|E781|Y|R931|Y|E119|Y|I259|Y|E8881|Y|E669|Y|R7303|Y|D649|Y|I10|N|Z560|Y|Z9189|N|||||||||| | | | | | | | | | | | | | | | | | | | | | |Z741|20-Mar-2018|F419|20-Mar-2018|Z9181|20-Mar-2018|Z1331|20-Mar-2018|Z1331|20-Mar-2018|||||||||||||||||||||||||||||||||||||||||0|0||1|450|96156|3.0|2018-03-21T00:00:00|hospital_B|hospital_B_20180320
SYN_BENE_17AB6B4AA223|SYN_CLM_53DE88A96DD0|V|60|20-Mar-2018|20-Mar-2018|23-Mar-2018||3|491581|1|1|1|| |950.31|0.0| ||49|1063523132| |9999868992| |9999868992|||0|1| |950.31|20-Mar-2018|1|2|A|10|0.0|190.06|0|4|0.0|0.0|0|0|0|0|0|0|0|0|0|0|0|0|0|||||20-Mar-2018|951.0|0|0||Z733|Z733|N|G309|Y|Z653|Y|N1830|Y|R809|Y|E0922|N|E1129|Y|G43719|Y|E785|Y|E0922|N|E1121|Y|E781|Y|R931|Y|E119|Y|I259|Y|E8881|Y|E669|Y|R7303|Y|D649|Y|I10|N|Z560|Y|Z9189|N|||||||||| | | | | | | | | | | | | | | | | | | | | | |Z741|20-Mar-2018|F419|20-Mar-2018|Z9181|20-Mar-2018|Z1331|20-Mar-2018|Z1331|20-Mar-2018|||||||||||||||||||||||||||||||||||||||||0|0||2|450|96127|3.0|2018-03-21T00:00:00|hospital_B|hospital_B_20180320
SYN_BENE_17AB6B4AA223|SYN_CLM_53DE88A96DD0|V|60|20-Mar-2018|20-Mar-2018|23-Mar-2018||3|491581|1|1|1|| |950.31|0.0| ||49|1063523132| |9999868992| |9999868992|||0|1| |950.31|20-Mar-2018|1|2|A|10|0.0|190.06|0|4|0.0|0.0|0|0|0|0|0|0|0|0|0|0|0|0|0|||||20-Mar-2018|951.0|0|0||Z733|Z733|N|G309|Y|Z653|Y|N1830|Y|R809|Y|E0922|N|E1129|Y|G43719|Y|E785|Y|E0922|N|E1121|Y|E781|Y|R931|Y|E119|Y|I259|Y|E8881|Y|E669|Y|R7303|Y|D649|Y|I10|N|Z560|Y|Z9189|N|||||||||| | | | | | | | | | | | | | | | | | | | | | |Z741|20-Mar-2018|F419|20-Mar-2018|Z9181|20-Mar-2018|Z1331|20-Mar-2018|Z1331|20-Mar-2018|||||||||||||||||||||||||||||||||||||||||0|0||3|450|M1069|3.0|2018-03-21T00:00:00|hospital_B|hospital_B_20180320
SYN_BENE_17AB6B4AA223|SYN_CLM_53DE88A96DD0|V|60|20-Mar-2018|20-Mar-2018|23-Mar-2018||3|491581|1|1|1|| |950.31|0.0| ||49|1063523132| |9999868992| |9999868992|||0|1| |950.31|20-Mar-2018|1|2|A|10|0.0|190.06|0|4|0.0|0.0|0|0|0|0|0|0|0|0|0|0|0|0|0|||||20-Mar-2018|951.0|0|0||Z733|Z733|N|G309|Y|Z653|Y|N1830|Y|R809|Y|E0922|N|E1129|Y|G43719|Y|E785|Y|E0922|N|E1121|Y|E781|Y|R931|Y|E119|Y|I259|Y|E8881|Y|E669|Y|R7303|Y|D649|Y|I10|N|Z560|Y|Z9189|N|||||||||| | | | | | | | | | | | | | | | | | | | | | |Z741|20-Mar-2018|F419|20-Mar-2018|Z9181|20-Mar-2018|Z1331|20-Mar-2018|Z1331|20-Mar-2018|||||||||||||||||||||||||||||||||||||||||0|0||4|450|G0444|3.0|2018-03-21T00:00:00|hospital_B|hospital_B_20180320
SYN_BENE_17AB6B4AA223|SYN_CLM_53DE88A96DD0|V|60|20-Mar-2018|20-Mar-2018|23-Mar-2018||3|491581|1|1|1|| |950.31|0.0| ||49|1063523132| |9999868992| |9999868992|||0|1| |950.31|20-Mar-2018|1|2|A|10|0.0|190.06|0|4|0.0|0.0|0|0|0|0|0|0|0|0|0|0|0|0|0|||||20-Mar-2018|951.0|0|0||Z733|Z733|N|G309|Y|Z653|Y|N1830|Y|R809|Y|E0922|N|E1129|Y|G43719|Y|E785|Y|E0922|N|E1121|Y|E781|Y|R931|Y|E119|Y|I259|Y|E8881|Y|E669|Y|R7303|Y|D649|Y|I10|N|Z560|Y|Z9189|N|||||||||| | | | | | | | | | | | | | | | | | | | | | |Z741|20-Mar-2018|F419|20-Mar-2018|Z9181|20-Mar-2018|Z1331|20-Mar-2018|Z1331|20-Mar-2018|||||||||||||||||||||||||||||||||||||||||0|0||5|450|G0444|3.0|2018-03-21T00:00:00|hospital_B|hospital_B_20180320
SYN_BENE_EB2757D6DCCD|SYN_CLM_3931D4FB874C|V|60|20-Mar-2018|20-Mar-2018|23-Mar-2018||3|491581|1|1|1|| |950.31|0.0| ||49|1063523132| |9999868992| |9999868992|||0|1| |950.31|20-Mar-2018|1|2|A|10|0.0|190.06|0|4|0.0|0.0|0|0|0|0|0|0|0|0|0|0|0|0|0|||||20-Mar-2018|951.0|0|0||Z733|Z733|N|G309|Y|Z653|Y|N1830|Y|R809|Y|E0922|N|E1129|Y|G43719|Y|E785|Y|E0922|N|E1121|Y|E781|Y|R931|Y|E119|Y|I259|Y|E8881|Y|E669|Y|R7303|Y|D649|Y|I10|N|Z560|Y|Z9189|N|||||||||| | | | | | | | | | | | | | | | | | | | | | |Z741|20-Mar-2018|F419|20-Mar-2018|Z9181|20-Mar-2018|Z1331|20-Mar-2018|Z1331|20-Mar-2018|||||||||||||||||||||||||||||||||||||||||0|0||1|450|96156|3.0|2018-03-21T00:00:00|hospital_B|hospital_B_20180320
SYN_BENE_EB2757D6DCCD|SYN_CLM_3931D4FB874C|V|60|20-Mar-2018|20-Mar-2018|23-Mar-2018||3|491581|1|1|1|| |950.31|0.0| ||49|1063523132| |9999868992| |9999868992|||0|1| |950.31|20-Mar-2018|1|2|A|10|0.0|190.06|0|4|0.0|0.0|0|0|0|0|0|0|0|0|0|0|0|0|0|||||20-Mar-2018|951.0|0|0||Z733|Z733|N|G309|Y|Z653|Y|N1830|Y|R809|Y|E0922|N|E1129|Y|G43719|Y|E785|Y|E0922|N|E1121|Y|E781|Y|R931|Y|E119|Y|I259|Y|E8881|Y|E669|Y|R7303|Y|D649|Y|I10|N|Z560|Y|Z9189|N|||||||||| | | | | | | | | | | | | | | | | | | | | | |Z741|20-Mar-2018|F419|20-Mar-2018|Z9181|20-Mar-2018|Z1331|20-Mar-2018|Z1331|20-Mar-2018|||||||||||||||||||||||||||||||||||||||||0|0||2|450|96127|3.0|2018-03-21T00:00:00|hospital_B|hospital_B_20180320
SYN_BENE_EB2757D6DCCD|SYN_CLM_3931D4FB874C|V|60|20-Mar-2018|20-Mar-2018|23-Mar-2018||3|491581|1|1|1|| |950.31|0.0| ||49|1063523132| |9999868992| |9999868992|||0|1| |950.31|20-Mar-2018|1|2|A|10|0.0|190.06|0|4|0.0|0.0|0|0|0|0|0|0|0|0|0|0|0|0|0|||||20-Mar-2018|951.0|0|0||Z733|Z733|N|G309|Y|Z653|Y|N1830|Y|R809|Y|E0922|N|E1129|Y|G43719|Y|E785|Y|E0922|N|E1121|Y|E781|Y|R931|Y|E119|Y|I259|Y|E8881|Y|E669|Y|R7303|Y|D649|Y|I10|N|Z560|Y|Z9189|N|||||||||| | | | | | | | | | | | | | | | | | | | | | |Z741|20-Mar-2018|F419|20-Mar-2018|Z9181|20-Mar-2018|Z1331|20-Mar-2018|Z1331|20-Mar-2018|||||||||||||||||||||||||||||||||||||||||0|0||3|450|M1069|3.0|2018-03-21T00:00:00|hospital_B|hospital_B_20180320
SYN_BENE_EB2757D6DCCD|SYN_CLM_3931D4FB874C|V|60|20-Mar-2018|20-Mar-2018|23-Mar-2018||3|491581|1|1|1|| |950.31|0.0| ||49|1063523132| |9999868992| |9999868992|||0|1| |950.31|20-Mar-2018|1|2|A|10|0.0|190.06|0|4|0.0|0.0|0|0|0|0|0|0|0|0|0|0|0|0|0|||||20-Mar-2018|951.0|0|0||Z733|Z733|N|G309|Y|Z653|Y|N1830|Y|R809|Y|E0922|N|E1129|Y|G43719|Y|E785|Y|E0922|N|E1121|Y|E781|Y|R931|Y|E119|Y|I259|Y|E8881|Y|E669|Y|R7303|Y|D649|Y|I10|N|Z560|Y|Z9189|N|||||||||| | | | | | | | | | | | | | | | | | | | | | |Z741|20-Mar-2018|F419|20-Mar-2018|Z9181|20-Mar-2018|Z1331|20-Mar-2018|Z1331|20-Mar-2018|||||||||||||||||||||||||||||||||||||||||0|0||4|450|G0444|3.0|2018-03-21T00:00:00|hospital_B|hospital_B_20180320
SYN_BENE_EB2757D6DCCD|SYN_CLM_3931D4FB874C|V|60|20-Mar-2018|20-Mar-2018|23-Mar-2018||3|491581|1|1|1|| |950.31|0.0| ||49|1063523132| |9999868992| |9999868992|||0|1| |950.31|20-Mar-2018|1|2|A|10|0.0|190.06|0|4|0.0|0.0|0|0|0|0|0|0|0|0|0|0|0|0|0|||||20-Mar-2018|951.0|0|0||Z733|Z733|N|G309|Y|Z653|Y|N1830|Y|R809|Y|E0922|N|E1129|Y|G43719|Y|E785|Y|E0922|N|E1121|Y|E781|Y|R931|Y|E119|Y|I259|Y|E8881|Y|E669|Y|R7303|Y|D649|Y|I10|N|Z560|Y|Z9189|N|||||||||| | | | | | | | | | | | | | | | | | | | | | |Z741|20-Mar-2018|F419|20-Mar-2018|Z9181|20-Mar-2018|Z1331|20-Mar-2018|Z1331|20-Mar-2018|||||||||||||||||||||||||||||||||||||||||0|0||5|450|G0444|3.0|2018-03-21T00:00:00|hospital_B|hospital_B_20180320
SYN_BENE_A0A4AA5B4E57|SYN_CLM_9251DD644E1D|V|60|20-Mar-2018|20-Mar-2018|23-Mar-2018||3|491581|1|1|1|| |950.31|0.0| ||49|1063523132| |9999868992| |9999868992|||0|1| |950.31|20-Mar-2018|1|2|A|10|0.0|190.06|0|4|0.0|0.0|0|0|0|0|0|0|0|0|0|0|0|0|0|||||20-Mar-2018|951.0|0|0||Z733|Z733|N|G309|Y|Z653|Y|N1830|Y|R809|Y|E0922|N|E1129|Y|G43719|Y|E785|Y|E0922|N|E1121|Y|E781|Y|R931|Y|E119|Y|I259|Y|E8881|Y|E669|Y|R7303|Y|D649|Y|I10|N|Z560|Y|Z9189|N|||||||||| | | | | | | | | | | | | | | | | | | | | | |Z741|20-Mar-2018|F419|20-Mar-2018|Z9181|20-Mar-2018|Z1331|20-Mar-2018|Z1331|20-Mar-2018|||||||||||||||||||||||||||||||||||||||||0|0||1|450|96156|3.0|2018-03-21T00:00:00|hospital_B|hospital_B_20180320
SYN_BENE_A0A4AA5B4E57|SYN_CLM_9251DD644E1D|V|60|20-Mar-2018|20-Mar-2018|23-Mar-2018||3|491581|1|1|1|| |950.31|0.0| ||49|1063523132| |9999868992| |9999868992|||0|1| |950.31|20-Mar-2018|1|2|A|10|0.0|190.06|0|4|0.0|0.0|0|0|0|0|0|0|0|0|0|0|0|0|0|||||20-Mar-2018|951.0|0|0||Z733|Z733|N|G309|Y|Z653|Y|N1830|Y|R809|Y|E0922|N|E1129|Y|G43719|Y|E785|Y|E0922|N|E1121|Y|E781|Y|R931|Y|E119|Y|I259|Y|E8881|Y|E669|Y|R7303|Y|D649|Y|I10|N|Z560|Y|Z9189|N|||||||||| | | | | | | | | | | | | | | | | | | | | | |Z741|20-Mar-2018|F419|20-Mar-2018|Z9181|20-Mar-2018|Z1331|20-Mar-2018|Z1331|20-Mar-2018|||||||||||||||||||||||||||||||||||||||||0|0||2|450|96127|3.0|2018-03-21T00:00:00|hospital_B|hospital_B_20180320
SYN_BENE_A0A4AA5B4E57|SYN_CLM_9251DD644E1D|V|60|20-Mar-2018|20-Mar-2018|23-Mar-2018||3|491581|1|1|1|| |950.31|0.0| ||49|1063523132| |9999868992| |9999868992|||0|1| |950.31|20-Mar-2018|1|2|A|10|0.0|190.06|0|4|0.0|0.0|0|0|0|0|0|0|0|0|0|0|0|0|0|||||20-Mar-2018|951.0|0|0||Z733|Z733|N|G309|Y|Z653|Y|N1830|Y|R809|Y|E0922|N|E1129|Y|G43719|Y|E785|Y|E0922|N|E1121|Y|E781|Y|R931|Y|E119|Y|I259|Y|E8881|Y|E669|Y|R7303|Y|D649|Y|I10|N|Z560|Y|Z9189|N|||||||||| | | | | | | | | | | | | | | | | | | | | | |Z741|20-Mar-2018|F419|20-Mar-2018|Z9181|20-Mar-2018|Z1331|20-Mar-2018|Z1331|20-Mar-2018|||||||||||||||||||||||||||||||||||||||||0|0||3|450|M1069|3.0|2018-03-21T00:00:00|hospital_B|hospital_B_20180320
SYN_BENE_A0A4AA5B4E57|SYN_CLM_9251DD644E1D|V|60|20-Mar-2018|20-Mar-2018|23-Mar-2018||3|491581|1|1|1|| |950.31|0.0| ||49|1063523132| |9999868992| |9999868992|||0|1| |950.31|20-Mar-2018|1|2|A|10|0.0|190.06|0|4|0.0|0.0|0|0|0|0|0|0|0|0|0|0|0|0|0|||||20-Mar-2018|951.0|0|0||Z733|Z733|N|G309|Y|Z653|Y|N1830|Y|R809|Y|E0922|N|E1129|Y|G43719|Y|E785|Y|E0922|N|E1121|Y|E781|Y|R931|Y|E119|Y|I259|Y|E8881|Y|E669|Y|R7303|Y|D649|Y|I10|N|Z560|Y|Z9189|N|||||||||| | | | | | | | | | | | | | | | | | | | | | |Z741|20-Mar-2018|F419|20-Mar-2018|Z9181|20-Mar-2018|Z1331|20-Mar-2018|Z1331|20-Mar-2018|||||||||||||||||||||||||||||||||||||||||0|0||4|450|G0444|3.0|2018-03-21T00:00:00|hospital_B|hospital_B_20180320
SYN_BENE_A0A4AA5B4E57|SYN_CLM_9251DD644E1D|V|60|20-Mar-2018|20-Mar-2018|23-Mar-2018||3|491581|1|1|1|| |950.31|0.0| ||49|1063523132| |9999868992| |9999868992|||0|1| |950.31|20-Mar-2018|1|2|A|10|0.0|190.06|0|4|0.0|0.0|0|0|0|0|0|0|0|0|0|0|0|0|0|||||20-Mar-2018|951.0|0|0||Z733|Z733|N|G309|Y|Z653|Y|N1830|Y|R809|Y|E0922|N|E1129|Y|G43719|Y|E785|Y|E0922|N|E1121|Y|E781|Y|R931|Y|E119|Y|I259|Y|E8881|Y|E669|Y|R7303|Y|D649|Y|I10|N|Z560|Y|Z9189|N|||||||||| | | | | | | | | | | | | | | | | | | | | | |Z741|20-Mar-2018|F419|20-Mar-2018|Z9181|20-Mar-2018|Z1331|20-Mar-2018|Z1331|20-Mar-2018|||||||||||||||||||||||||||||||||||||||||0|0||5|450|G0444|3.0|2018-03-21T00:00:00|hospital_B|hospital_B_20180320
SYN_BENE_5E00DD0E1A03|SYN_CLM_77DE4FB333C0|V|60|20-Mar-2018|20-Mar-2018|23-Mar-2018||3|491581|1|1|1|| |950.31|0.0| ||49|1063523132| |9999868992| |9999868992|||0|1| |950.31|20-Mar-2018|1|2|A|10|0.0|190.06|0|4|0.0|0.0|0|0|0|0|0|0|0|0|0|0|0|0|0|||||20-Mar-2018|951.0|0|0||Z733|Z733|N|G309|Y|Z653|Y|N1830|Y|R809|Y|E0922|N|E1129|Y|G43719|Y|E785|Y|E0922|N|E1121|Y|E781|Y|R931|Y|E119|Y|I259|Y|E8881|Y|E669|Y|R7303|Y|D649|Y|I10|N|Z560|Y|Z9189|N|||||||||| | | | | | | | | | | | | | | | | | | | | | |Z741|20-Mar-2018|F419|20-Mar-2018|Z9181|20-Mar-2018|Z1331|20-Mar-2018|Z1331|20-Mar-2018|||||||||||||||||||||||||||||||||||||||||0|0||1|450|96156|3.0|2018-03-21T00:00:00|hospital_B|hospital_B_20180320
SYN_BENE_5E00DD0E1A03|SYN_CLM_77DE4FB333C0|V|60|20-Mar-2018|20-Mar-2018|23-Mar-2018||3|491581|1|1|1|| |950.31|0.0| ||49|1063523132| |9999868992| |9999868992|||0|1| |950.31|20-Mar-2018|1|2|A|10|0.0|190.06|0|4|0.0|0.0|0|0|0|0|0|0|0|0|0|0|0|0|0|||||20-Mar-2018|951.0|0|0||Z733|Z733|N|G309|Y|Z653|Y|N1830|Y|R809|Y|E0922|N|E1129|Y|G43719|Y|E785|Y|E0922|N|E1121|Y|E781|Y|R931|Y|E119|Y|I259|Y|E8881|Y|E669|Y|R7303|Y|D649|Y|I10|N|Z560|Y|Z9189|N|||||||||| | | | | | | | | | | | | | | | | | | | | | |Z741|20-Mar-2018|F419|20-Mar-2018|Z9181|20-Mar-2018|Z1331|20-Mar-2018|Z1331|20-Mar-2018|||||||||||||||||||||||||||||||||||||||||0|0||2|450|96127|3.0|2018-03-21T00:00:00|hospital_B|hospital_B_20180320
SYN_BENE_5E00DD0E1A03|SYN_CLM_77DE4FB333C0|V|60|20-Mar-2018|20-Mar-2018|23-Mar-2018||3|491581|1|1|1|| |950.31|0.0| ||49|1063523132| |9999868992| |9999868992|||0|1| |950.31|20-Mar-2018|1|2|A|10|0.0|190.06|0|4|0.0|0.0|0|0|0|0|0|0|0|0|0|0|0|0|0|||||20-Mar-2018|951.0|0|0||Z733|Z733|N|G309|Y|Z653|Y|N1830|Y|R809|Y|E0922|N|E1129|Y|G43719|Y|E785|Y|E0922|N|E1121|Y|E781|Y|R931|Y|E119|Y|I259|Y|E8881|Y|E669|Y|R7303|Y|D649|Y|I10|N|Z560|Y|Z9189|N|||||||||| | | | | | | | | | | | | | | | | | | | | | |Z741|20-Mar-2018|F419|20-Mar-2018|Z9181|20-Mar-2018|Z1331|20-Mar-2018|Z1331|20-Mar-2018|||||||||||||||||||||||||||||||||||||||||0|0||3|450|M1069|3.0|2018-03-21T00:00:00|hospital_B|hospital_B_20180320
SYN_BENE_5E00DD0E1A03|SYN_CLM_77DE4FB333C0|V|60|20-Mar-2018|20-Mar-2018|23-Mar-2018||3|491581|1|1|1|| |950.31|0.0| ||49|1063523132| |9999868992| |9999868992|||0|1| |950.31|20-Mar-2018|1|2|A|10|0.0|190.06|0|4|0.0|0.0|0|0|0|0|0|0|0|0|0|0|0|0|0|||||20-Mar-2018|951.0|0|0||Z733|Z733|N|G309|Y|Z653|Y|N1830|Y|R809|Y|E0922|N|E1129|Y|G43719|Y|E785|Y|E0922|N|E1121|Y|E781|Y|R931|Y|E119|Y|I259|Y|E8881|Y|E669|Y|R7303|Y|D649|Y|I10|N|Z560|Y|Z9189|N|||||||||| | | | | | | | | | | | | | | | | | | | | | |Z741|20-Mar-2018|F419|20-Mar-2018|Z9181|20-Mar-2018|Z1331|20-Mar-2018|Z1331|20-Mar-2018|||||||||||||||||||||||||||||||||||||||||0|0||4|450|G0444|3.0|2018-03-21T00:00:00|hospital_B|hospital_B_20180320
SYN_BENE_5E00DD0E1A03|SYN_CLM_77DE4FB333C0|V|60|20-Mar-2018|20-Mar-2018|23-Mar-2018||3|491581|1|1|1|| |950.31|0.0| ||49|1063523132| |9999868992| |9999868992|||0|1| |950.31|20-Mar-2018|1|2|A|10|0.0|190.06|0|4|0.0|0.0|0|0|0|0|0|0|0|0|0|0|0|0|0|||||20-Mar-2018|951.0|0|0||Z733|Z733|N|G309|Y|Z653|Y|N1830|Y|R809|Y|E0922|N|E1129|Y|G43719|Y|E785|Y|E0922|N|E1121|Y|E781|Y|R931|Y|E119|Y|I259|Y|E8881|Y|E669|Y|R7303|Y|D649|Y|I10|N|Z560|Y|Z9189|N|||||||||| | | | | | | | | | | | | | | | | | | | | | |Z741|20-Mar-2018|F419|20-Mar-2018|Z9181|20-Mar-2018|Z1331|20-Mar-2018|Z1331|20-Mar-2018|||||||||||||||||||||||||||||||||||||||||0|0||5|450|G0444|3.0|2018-03-21T00:00:00|hospital_B|hospital_B_20180320
SYN_BENE_435F40784E69|SYN_CLM_FBE340671E0C|V|60|20-Mar-2018|20-Mar-2018|23-Mar-2018||3|491581|1|1|1|| |950.31|0.0| ||49|1063523132| |9999868992| |9999868992|||0|1| |950.31|20-Mar-2018|1|2|A|10|0.0|190.06|0|4|0.0|0.0|0|0|0|0|0|0|0|0|0|0|0|0|0|||||20-Mar-2018|951.0|0|0||Z733|Z733|N|G309|Y|Z653|Y|N1830|Y|R809|Y|E0922|N|E1129|Y|G43719|Y|E785|Y|E0922|N|E1121|Y|E781|Y|R931|Y|E119|Y|I259|Y|E8881|Y|E669|Y|R7303|Y|D649|Y|I10|N|Z560|Y|Z9189|N|||||||||| | | | | | | | | | | | | | | | | | | | | | |Z741|20-Mar-2018|F419|20-Mar-2018|Z9181|20-Mar-2018|Z1331|20-Mar-2018|Z1331|20-Mar-2018|||||||||||||||||||||||||||||||||||||||||0|0||1|450|96156|3.0|2018-03-21T00:00:00|hospital_B|hospital_B_20180320
SYN_BENE_435F40784E69|SYN_CLM_FBE340671E0C|V|60|20-Mar-2018|20-Mar-2018|23-Mar-2018||3|491581|1|1|1|| |950.31|0.0| ||49|1063523132| |9999868992| |9999868992|||0|1| |950.31|20-Mar-2018|1|2|A|10|0.0|190.06|0|4|0.0|0.0|0|0|0|0|0|0|0|0|0|0|0|0|0|||||20-Mar-2018|951.0|0|0||Z733|Z733|N|G309|Y|Z653|Y|N1830|Y|R809|Y|E0922|N|E1129|Y|G43719|Y|E785|Y|E0922|N|E1121|Y|E781|Y|R931|Y|E119|Y|I259|Y|E8881|Y|E669|Y|R7303|Y|D649|Y|I10|N|Z560|Y|Z9189|N|||||||||| | | | | | | | | | | | | | | | | | | | | | |Z741|20-Mar-2018|F419|20-Mar-2018|Z9181|20-Mar-2018|Z1331|20-Mar-2018|Z1331|20-Mar-2018|||||||||||||||||||||||||||||||||||||||||0|0||2|450|96127|3.0|2018-03-21T00:00:00|hospital_B|hospital_B_20180320
SYN_BENE_435F40784E69|SYN_CLM_FBE340671E0C|V|60|20-Mar-2018|20-Mar-2018|23-Mar-2018||3|491581|1|1|1|| |950.31|0.0| ||49|1063523132| |9999868992| |9999868992|||0|1| |950.31|20-Mar-2018|1|2|A|10|0.0|190.06|0|4|0.0|0.0|0|0|0|0|0|0|0|0|0|0|0|0|0|||||20-Mar-2018|951.0|0|0||Z733|Z733|N|G309|Y|Z653|Y|N1830|Y|R809|Y|E0922|N|E1129|Y|G43719|Y|E785|Y|E0922|N|E1121|Y|E781|Y|R931|Y|E119|Y|I259|Y|E8881|Y|E669|Y|R7303|Y|D649|Y|I10|N|Z560|Y|Z9189|N|||||||||| | | | | | | | | | | | | | | | | | | | | | |Z741|20-Mar-2018|F419|20-Mar-2018|Z9181|20-Mar-2018|Z1331|20-Mar-2018|Z1331|20-Mar-2018|||||||||||||||||||||||||||||||||||||||||0|0||3|450|M1069|3.0|2018-03-21T00:00:00|hospital_B|hospital_B_20180320
SYN_BENE_435F40784E69|SYN_CLM_FBE340671E0C|V|60|20-Mar-2018|20-Mar-2018|23-Mar-2018||3|491581|1|1|1|| |950.31|0.0| ||49|1063523132| |9999868992| |9999868992|||0|1| |950.31|20-Mar-2018|1|2|A|10|0.0|190.06|0|4|0.0|0.0|0|0|0|0|0|0|0|0|0|0|0|0|0|||||20-Mar-2018|951.0|0|0||Z733|Z733|N|G309|Y|Z653|Y|N1830|Y|R809|Y|E0922|N|E1129|Y|G43719|Y|E785|Y|E0922|N|E1121|Y|E781|Y|R931|Y|E119|Y|I259|Y|E8881|Y|E669|Y|R7303|Y|D649|Y|I10|N|Z560|Y|Z9189|N|||||||||| | | | | | | | | | | | | | | | | | | | | | |Z741|20-Mar-2018|F419|20-Mar-2018|Z9181|20-Mar-2018|Z1331|20-Mar-2018|Z1331|20-Mar-2018|||||||||||||||||||||||||||||||||||||||||0|0||4|450|G0444|3.0|2018-03-21T00:00:00|hospital_B|hospital_B_20180320
SYN_BENE_435F40784E69|SYN_CLM_FBE340671E0C|V|60|20-Mar-2018|20-Mar-2018|23-Mar-2018||3|491581|1|1|1|| |950.31|0.0| ||49|1063523132| |9999868992| |9999868992|||0|1| |950.31|20-Mar-2018|1|2|A|10|0.0|190.06|0|4|0.0|0.0|0|0|0|0|0|0|0|0|0|0|0|0|0|||||20-Mar-2018|951.0|0|0||Z733|Z733|N|G309|Y|Z653|Y|N1830|Y|R809|Y|E0922|N|E1129|Y|G43719|Y|E785|Y|E0922|N|E1121|Y|E781|Y|R931|Y|E119|Y|I259|Y|E8881|Y|E669|Y|R7303|Y|D649|Y|I10|N|Z560|Y|Z9189|N|||||||||| | | | | | | | | | | | | | | | | | | | | | |Z741|20-Mar-2018|F419|20-Mar-2018|Z9181|20-Mar-2018|Z1331|20-Mar-2018|Z1331|20-Mar-2018|||||||||||||||||||||||||||||||||||||||||0|0||5|450|G0444|3.0|2018-03-21T00:00:00|hospital_B|hospital_B_20180320
SYN_BENE_FE65CE4DC58D|SYN_CLM_8380FD4F019D|V|60|20-Mar-2018|20-Mar-2018|23-Mar-2018||3|491581|1|1|1|| |950.31|0.0| ||49|1063523132| |9999868992| |9999868992|||0|1| |950.31|20-Mar-2018|1|2|A|10|0.0|190.06|0|4|0.0|0.0|0|0|0|0|0|0|0|0|0|0|0|0|0|||||20-Mar-2018|951.0|0|0||Z733|Z733|N|G309|Y|Z653|Y|N1830|Y|R809|Y|E0922|N|E1129|Y|G43719|Y|E785|Y|E0922|N|E1121|Y|E781|Y|R931|Y|E119|Y|I259|Y|E8881|Y|E669|Y|R7303|Y|D649|Y|I10|N|Z560|Y|Z9189|N|||||||||| | | | | | | | | | | | | | | | | | | | | | |Z741|20-Mar-2018|F419|20-Mar-2018|Z9181|20-Mar-2018|Z1331|20-Mar-2018|Z1331|20-Mar-2018|||||||||||||||||||||||||||||||||||||||||0|0||1|450|96156|3.0|2018-03-21T00:00:00|hospital_B|hospital_B_20180320
SYN_BENE_FE65CE4DC58D|SYN_CLM_8380FD4F019D|V|60|20-Mar-2018|20-Mar-2018|23-Mar-2018||3|491581|1|1|1|| |950.31|0.0| ||49|1063523132| |9999868992| |9999868992|||0|1| |950.31|20-Mar-2018|1|2|A|10|0.0|190.06|0|4|0.0|0.0|0|0|0|0|0|0|0|0|0|0|0|0|0|||||20-Mar-2018|951.0|0|0||Z733|Z733|N|G309|Y|Z653|Y|N1830|Y|R809|Y|E0922|N|E1129|Y|G43719|Y|E785|Y|E0922|N|E1121|Y|E781|Y|R931|Y|E119|Y|I259|Y|E8881|Y|E669|Y|R7303|Y|D649|Y|I10|N|Z560|Y|Z9189|N|||||||||| | | | | | | | | | | | | | | | | | | | | | |Z741|20-Mar-2018|F419|20-Mar-2018|Z9181|20-Mar-2018|Z1331|20-Mar-2018|Z1331|20-Mar-2018|||||||||||||||||||||||||||||||||||||||||0|0||2|450|96127|3.0|2018-03-21T00:00:00|hospital_B|hospital_B_20180320
SYN_BENE_FE65CE4DC58D|SYN_CLM_8380FD4F019D|V|60|20-Mar-2018|20-Mar-2018|23-Mar-2018||3|491581|1|1|1|| |950.31|0.0| ||49|1063523132| |9999868992| |9999868992|||0|1| |950.31|20-Mar-2018|1|2|A|10|0.0|190.06|0|4|0.0|0.0|0|0|0|0|0|0|0|0|0|0|0|0|0|||||20-Mar-2018|951.0|0|0||Z733|Z733|N|G309|Y|Z653|Y|N1830|Y|R809|Y|E0922|N|E1129|Y|G43719|Y|E785|Y|E0922|N|E1121|Y|E781|Y|R931|Y|E119|Y|I259|Y|E8881|Y|E669|Y|R7303|Y|D649|Y|I10|N|Z560|Y|Z9189|N|||||||||| | | | | | | | | | | | | | | | | | | | | | |Z741|20-Mar-2018|F419|20-Mar-2018|Z9181|20-Mar-2018|Z1331|20-Mar-2018|Z1331|20-Mar-2018|||||||||||||||||||||||||||||||||||||||||0|0||3|450|M1069|3.0|2018-03-21T00:00:00|hospital_B|hospital_B_20180320
SYN_BENE_FE65CE4DC58D|SYN_CLM_8380FD4F019D|V|60|20-Mar-2018|20-Mar-2018|23-Mar-2018||3|491581|1|1|1|| |950.31|0.0| ||49|1063523132| |9999868992| |9999868992|||0|1| |950.31|20-Mar-2018|1|2|A|10|0.0|190.06|0|4|0.0|0.0|0|0|0|0|0|0|0|0|0|0|0|0|0|||||20-Mar-2018|951.0|0|0||Z733|Z733|N|G309|Y|Z653|Y|N1830|Y|R809|Y|E0922|N|E1129|Y|G43719|Y|E785|Y|E0922|N|E1121|Y|E781|Y|R931|Y|E119|Y|I259|Y|E8881|Y|E669|Y|R7303|Y|D649|Y|I10|N|Z560|Y|Z9189|N|||||||||| | | | | | | | | | | | | | | | | | | | | | |Z741|20-Mar-2018|F419|20-Mar-2018|Z9181|20-Mar-2018|Z1331|20-Mar-2018|Z1331|20-Mar-2018|||||||||||||||||||||||||||||||||||||||||0|0||4|450|G0444|3.0|2018-03-21T00:00:00|hospital_B|hospital_B_20180320
SYN_BENE_FE65CE4DC58D|SYN_CLM_8380FD4F019D|V|60|20-Mar-2018|20-Mar-2018|23-Mar-2018||3|491581|1|1|1|| |950.31|0.0| ||49|1063523132| |9999868992| |9999868992|||0|1| |950.31|20-Mar-2018|1|2|A|10|0.0|190.06|0|4|0.0|0.0|0|0|0|0|0|0|0|0|0|0|0|0|0|||||20-Mar-2018|951.0|0|0||Z733|Z733|N|G309|Y|Z653|Y|N1830|Y|R809|Y|E0922|N|E1129|Y|G43719|Y|E785|Y|E0922|N|E1121|Y|E781|Y|R931|Y|E119|Y|I259|Y|E8881|Y|E669|Y|R7303|Y|D649|Y|I10|N|Z560|Y|Z9189|N|||||||||| | | | | | | | | | | | | | | | | | | | | | |Z741|20-Mar-2018|F419|20-Mar-2018|Z9181|20-Mar-2018|Z1331|20-Mar-2018|Z1331|20-Mar-2018|||||||||||||||||||||||||||||||||||||||||0|0||5|450|G0444|3.0|2018-03-21T00:00:00|hospital_B|hospital_B_20180320
SYN_BENE_BBFDAAAF035F|SYN_CLM_25615908700D|V|60|20-Mar-2018|20-Mar-2018|23-Mar-2018||3|491581|1|1|1|| |950.31|0.0| ||49|1063523132| |9999868992| |9999868992|||0|1| |950.31|20-Mar-2018|1|2|A|10|0.0|190.06|0|4|0.0|0.0|0|0|0|0|0|0|0|0|0|0|0|0|0|||||20-Mar-2018|951.0|0|0||Z733|Z733|N|G309|Y|Z653|Y|N1830|Y|R809|Y|E0922|N|E1129|Y|G43719|Y|E785|Y|E0922|N|E1121|Y|E781|Y|R931|Y|E119|Y|I259|Y|E8881|Y|E669|Y|R7303|Y|D649|Y|I10|N|Z560|Y|Z9189|N|||||||||| | | | | | | | | | | | | | | | | | | | | | |Z741|20-Mar-2018|F419|20-Mar-2018|Z9181|20-Mar-2018|Z1331|20-Mar-2018|Z1331|20-Mar-2018|||||||||||||||||||||||||||||||||||||||||0|0||1|450|96156|3.0|2018-03-21T00:00:00|hospital_B|hospital_B_20180320
SYN_BENE_BBFDAAAF035F|SYN_CLM_25615908700D|V|60|20-Mar-2018|20-Mar-2018|23-Mar-2018||3|491581|1|1|1|| |950.31|0.0| ||49|1063523132| |9999868992| |9999868992|||0|1| |950.31|20-Mar-2018|1|2|A|10|0.0|190.06|0|4|0.0|0.0|0|0|0|0|0|0|0|0|0|0|0|0|0|||||20-Mar-2018|951.0|0|0||Z733|Z733|N|G309|Y|Z653|Y|N1830|Y|R809|Y|E0922|N|E1129|Y|G43719|Y|E785|Y|E0922|N|E1121|Y|E781|Y|R931|Y|E119|Y|I259|Y|E8881|Y|E669|Y|R7303|Y|D649|Y|I10|N|Z560|Y|Z9189|N|||||||||| | | | | | | | | | | | | | | | | | | | | | |Z741|20-Mar-2018|F419|20-Mar-2018|Z9181|20-Mar-2018|Z1331|20-Mar-2018|Z1331|20-Mar-2018|||||||||||||||||||||||||||||||||||||||||0|0||2|450|96127|3.0|2018-03-21T00:00:00|hospital_B|hospital_B_20180320
SYN_BENE_BBFDAAAF035F|SYN_CLM_25615908700D|V|60|20-Mar-2018|20-Mar-2018|23-Mar-2018||3|491581|1|1|1|| |950.31|0.0| ||49|1063523132| |9999868992| |9999868992|||0|1| |950.31|20-Mar-2018|1|2|A|10|0.0|190.06|0|4|0.0|0.0|0|0|0|0|0|0|0|0|0|0|0|0|0|||||20-Mar-2018|951.0|0|0||Z733|Z733|N|G309|Y|Z653|Y|N1830|Y|R809|Y|E0922|N|E1129|Y|G43719|Y|E785|Y|E0922|N|E1121|Y|E781|Y|R931|Y|E119|Y|I259|Y|E8881|Y|E669|Y|R7303|Y|D649|Y|I10|N|Z560|Y|Z9189|N|||||||||| | | | | | | | | | | | | | | | | | | | | | |Z741|20-Mar-2018|F419|20-Mar-2018|Z9181|20-Mar-2018|Z1331|20-Mar-2018|Z1331|20-Mar-2018|||||||||||||||||||||||||||||||||||||||||0|0||3|450|M1069|3.0|2018-03-21T00:00:00|hospital_B|hospital_B_20180320
SYN_BENE_BBFDAAAF035F|SYN_CLM_25615908700D|V|60|20-Mar-2018|20-Mar-2018|23-Mar-2018||3|491581|1|1|1|| |950.31|0.0| ||49|1063523132| |9999868992| |9999868992|||0|1| |950.31|20-Mar-2018|1|2|A|10|0.0|190.06|0|4|0.0|0.0|0|0|0|0|0|0|0|0|0|0|0|0|0|||||20-Mar-2018|951.0|0|0||Z733|Z733|N|G309|Y|Z653|Y|N1830|Y|R809|Y|E0922|N|E1129|Y|G43719|Y|E785|Y|E0922|N|E1121|Y|E781|Y|R931|Y|E119|Y|I259|Y|E8881|Y|E669|Y|R7303|Y|D649|Y|I10|N|Z560|Y|Z9189|N|||||||||| | | | | | | | | | | | | | | | | | | | | | |Z741|20-Mar-2018|F419|20-Mar-2018|Z9181|20-Mar-2018|Z1331|20-Mar-2018|Z1331|20-Mar-2018|||||||||||||||||||||||||||||||||||||||||0|0||4|450|G0444|3.0|2018-03-21T00:00:00|hospital_B|hospital_B_20180320
SYN_BENE_BBFDAAAF035F|SYN_CLM_25615908700D|V|60|20-Mar-2018|20-Mar-2018|23-Mar-2018||3|491581|1|1|1|| |950.31|0.0| ||49|1063523132| |9999868992| |9999868992|||0|1| |950.31|20-Mar-2018|1|2|A|10|0.0|190.06|0|4|0.0|0.0|0|0|0|0|0|0|0|0|0|0|0|0|0|||||20-Mar-2018|951.0|0|0||Z733|Z733|N|G309|Y|Z653|Y|N1830|Y|R809|Y|E0922|N|E1129|Y|G43719|Y|E785|Y|E0922|N|E1121|Y|E781|Y|R931|Y|E119|Y|I259|Y|E8881|Y|E669|Y|R7303|Y|D649|Y|I10|N|Z560|Y|Z9189|N|||||||||| | | | | | | | | | | | | | | | | | | | | | |Z741|20-Mar-2018|F419|20-Mar-2018|Z9181|20-Mar-2018|Z1331|20-Mar-2018|Z1331|20-Mar-2018|||||||||||||||||||||||||||||||||||||||||0|0||5|450|G0444|3.0|2018-03-21T00:00:00|hospital_B|hospital_B_20180320
SYN_BENE_FA19DF9271FC|SYN_CLM_1FC7A1175AAF|V|60|20-Mar-2018|20-Mar-2018|23-Mar-2018||3|491581|1|1|1|| |950.31|0.0| ||49|1063523132| |9999868992| |9999868992|||0|1| |950.31|20-Mar-2018|1|2|A|10|0.0|190.06|0|4|0.0|0.0|0|0|0|0|0|0|0|0|0|0|0|0|0|||||20-Mar-2018|951.0|0|0||Z733|Z733|N|G309|Y|Z653|Y|N1830|Y|R809|Y|E0922|N|E1129|Y|G43719|Y|E785|Y|E0922|N|E1121|Y|E781|Y|R931|Y|E119|Y|I259|Y|E8881|Y|E669|Y|R7303|Y|D649|Y|I10|N|Z560|Y|Z9189|N|||||||||| | | | | | | | | | | | | | | | | | | | | | |Z741|20-Mar-2018|F419|20-Mar-2018|Z9181|20-Mar-2018|Z1331|20-Mar-2018|Z1331|20-Mar-2018|||||||||||||||||||||||||||||||||||||||||0|0||1|450|96156|3.0|2018-03-21T00:00:00|hospital_B|hospital_B_20180320
SYN_BENE_FA19DF9271FC|SYN_CLM_1FC7A1175AAF|V|60|20-Mar-2018|20-Mar-2018|23-Mar-2018||3|491581|1|1|1|| |950.31|0.0| ||49|1063523132| |9999868992| |9999868992|||0|1| |950.31|20-Mar-2018|1|2|A|10|0.0|190.06|0|4|0.0|0.0|0|0|0|0|0|0|0|0|0|0|0|0|0|||||20-Mar-2018|951.0|0|0||Z733|Z733|N|G309|Y|Z653|Y|N1830|Y|R809|Y|E0922|N|E1129|Y|G43719|Y|E785|Y|E0922|N|E1121|Y|E781|Y|R931|Y|E119|Y|I259|Y|E8881|Y|E669|Y|R7303|Y|D649|Y|I10|N|Z560|Y|Z9189|N|||||||||| | | | | | | | | | | | | | | | | | | | | | |Z741|20-Mar-2018|F419|20-Mar-2018|Z9181|20-Mar-2018|Z1331|20-Mar-2018|Z1331|20-Mar-2018|||||||||||||||||||||||||||||||||||||||||0|0||2|450|96127|3.0|2018-03-21T00:00:00|hospital_B|hospital_B_20180320
SYN_BENE_FA19DF9271FC|SYN_CLM_1FC7A1175AAF|V|60|20-Mar-2018|20-Mar-2018|23-Mar-2018||3|491581|1|1|1|| |950.31|0.0| ||49|1063523132| |9999868992| |9999868992|||0|1| |950.31|20-Mar-2018|1|2|A|10|0.0|190.06|0|4|0.0|0.0|0|0|0|0|0|0|0|0|0|0|0|0|0|||||20-Mar-2018|951.0|0|0||Z733|Z733|N|G309|Y|Z653|Y|N1830|Y|R809|Y|E0922|N|E1129|Y|G43719|Y|E785|Y|E0922|N|E1121|Y|E781|Y|R931|Y|E119|Y|I259|Y|E8881|Y|E669|Y|R7303|Y|D649|Y|I10|N|Z560|Y|Z9189|N|||||||||| | | | | | | | | | | | | | | | | | | | | | |Z741|20-Mar-2018|F419|20-Mar-2018|Z9181|20-Mar-2018|Z1331|20-Mar-2018|Z1331|20-Mar-2018|||||||||||||||||||||||||||||||||||||||||0|0||3|450|M1069|3.0|2018-03-21T00:00:00|hospital_B|hospital_B_20180320
SYN_BENE_FA19DF9271FC|SYN_CLM_1FC7A1175AAF|V|60|20-Mar-2018|20-Mar-2018|23-Mar-2018||3|491581|1|1|1|| |950.31|0.0| ||49|1063523132| |9999868992| |9999868992|||0|1| |950.31|20-Mar-2018|1|2|A|10|0.0|190.06|0|4|0.0|0.0|0|0|0|0|0|0|0|0|0|0|0|0|0|||||20-Mar-2018|951.0|0|0||Z733|Z733|N|G309|Y|Z653|Y|N1830|Y|R809|Y|E0922|N|E1129|Y|G43719|Y|E785|Y|E0922|N|E1121|Y|E781|Y|R931|Y|E119|Y|I259|Y|E8881|Y|E669|Y|R7303|Y|D649|Y|I10|N|Z560|Y|Z9189|N|||||||||| | | | | | | | | | | | | | | | | | | | | | |Z741|20-Mar-2018|F419|20-Mar-2018|Z9181|20-Mar-2018|Z1331|20-Mar-2018|Z1331|20-Mar-2018|||||||||||||||||||||||||||||||||||||||||0|0||4|450|G0444|3.0|2018-03-21T00:00:00|hospital_B|hospital_B_20180320
SYN_BENE_FA19DF9271FC|SYN_CLM_1FC7A1175AAF|V|60|20-Mar-2018|20-Mar-2018|23-Mar-2018||3|491581|1|1|1|| |950.31|0.0| ||49|1063523132| |9999868992| |9999868992|||0|1| |950.31|20-Mar-2018|1|2|A|10|0.0|190.06|0|4|0.0|0.0|0|0|0|0|0|0|0|0|0|0|0|0|0|||||20-Mar-2018|951.0|0|0||Z733|Z733|N|G309|Y|Z653|Y|N1830|Y|R809|Y|E0922|N|E1129|Y|G43719|Y|E785|Y|E0922|N|E1121|Y|E781|Y|R931|Y|E119|Y|I259|Y|E8881|Y|E669|Y|R7303|Y|D649|Y|I10|N|Z560|Y|Z9189|N|||||||||| | | | | | | | | | | | | | | | | | | | | | |Z741|20-Mar-2018|F419|20-Mar-2018|Z9181|20-Mar-2018|Z1331|20-Mar-2018|Z1331|20-Mar-2018|||||||||||||||||||||||||||||||||||||||||0|0||5|450|G0444|3.0|2018-03-21T00:00:00|hospital_B|hospital_B_20180320
SYN_BENE_07C811D4D22A|SYN_CLM_CD8117200480|V|60|20-Mar-2018|20-Mar-2018|23-Mar-2018||3|491581|1|1|1|| |950.31|0.0| ||49|1063523132| |9999868992| |9999868992|||0|1| |950.31|20-Mar-2018|1|2|A|10|0.0|190.06|0|4|0.0|0.0|0|0|0|0|0|0|0|0|0|0|0|0|0|||||20-Mar-2018|951.0|0|0||Z733|Z733|N|G309|Y|Z653|Y|N1830|Y|R809|Y|E0922|N|E1129|Y|G43719|Y|E785|Y|E0922|N|E1121|Y|E781|Y|R931|Y|E119|Y|I259|Y|E8881|Y|E669|Y|R7303|Y|D649|Y|I10|N|Z560|Y|Z9189|N|||||||||| | | | | | | | | | | | | | | | | | | | | | |Z741|20-Mar-2018|F419|20-Mar-2018|Z9181|20-Mar-2018|Z1331|20-Mar-2018|Z1331|20-Mar-2018|||||||||||||||||||||||||||||||||||||||||0|0||1|450|96156|3.0|2018-03-21T00:00:00|hospital_B|hospital_B_20180320
SYN_BENE_07C811D4D22A|SYN_CLM_CD8117200480|V|60|20-Mar-2018|20-Mar-2018|23-Mar-2018||3|491581|1|1|1|| |950.31|0.0| ||49|1063523132| |9999868992| |9999868992|||0|1| |950.31|20-Mar-2018|1|2|A|10|0.0|190.06|0|4|0.0|0.0|0|0|0|0|0|0|0|0|0|0|0|0|0|||||20-Mar-2018|951.0|0|0||Z733|Z733|N|G309|Y|Z653|Y|N1830|Y|R809|Y|E0922|N|E1129|Y|G43719|Y|E785|Y|E0922|N|E1121|Y|E781|Y|R931|Y|E119|Y|I259|Y|E8881|Y|E669|Y|R7303|Y|D649|Y|I10|N|Z560|Y|Z9189|N|||||||||| | | | | | | | | | | | | | | | | | | | | | |Z741|20-Mar-2018|F419|20-Mar-2018|Z9181|20-Mar-2018|Z1331|20-Mar-2018|Z1331|20-Mar-2018|||||||||||||||||||||||||||||||||||||||||0|0||2|450|96127|3.0|2018-03-21T00:00:00|hospital_B|hospital_B_20180320
SYN_BENE_07C811D4D22A|SYN_CLM_CD8117200480|V|60|20-Mar-2018|20-Mar-2018|23-Mar-2018||3|491581|1|1|1|| |950.31|0.0| ||49|1063523132| |9999868992| |9999868992|||0|1| |950.31|20-Mar-2018|1|2|A|10|0.0|190.06|0|4|0.0|0.0|0|0|0|0|0|0|0|0|0|0|0|0|0|||||20-Mar-2018|951.0|0|0||Z733|Z733|N|G309|Y|Z653|Y|N1830|Y|R809|Y|E0922|N|E1129|Y|G43719|Y|E785|Y|E0922|N|E1121|Y|E781|Y|R931|Y|E119|Y|I259|Y|E8881|Y|E669|Y|R7303|Y|D649|Y|I10|N|Z560|Y|Z9189|N|||||||||| | | | | | | | | | | | | | | | | | | | | | |Z741|20-Mar-2018|F419|20-Mar-2018|Z9181|20-Mar-2018|Z1331|20-Mar-2018|Z1331|20-Mar-2018|||||||||||||||||||||||||||||||||||||||||0|0||3|450|M1069|3.0|2018-03-21T00:00:00|hospital_B|hospital_B_20180320
SYN_BENE_07C811D4D22A|SYN_CLM_CD8117200480|V|60|20-Mar-2018|20-Mar-2018|23-Mar-2018||3|491581|1|1|1|| |950.31|0.0| ||49|1063523132| |9999868992| |9999868992|||0|1| |950.31|20-Mar-2018|1|2|A|10|0.0|190.06|0|4|0.0|0.0|0|0|0|0|0|0|0|0|0|0|0|0|0|||||20-Mar-2018|951.0|0|0||Z733|Z733|N|G309|Y|Z653|Y|N1830|Y|R809|Y|E0922|N|E1129|Y|G43719|Y|E785|Y|E0922|N|E1121|Y|E781|Y|R931|Y|E119|Y|I259|Y|E8881|Y|E669|Y|R7303|Y|D649|Y|I10|N|Z560|Y|Z9189|N|||||||||| | | | | | | | | | | | | | | | | | | | | | |Z741|20-Mar-2018|F419|20-Mar-2018|Z9181|20-Mar-2018|Z1331|20-Mar-2018|Z1331|20-Mar-2018|||||||||||||||||||||||||||||||||||||||||0|0||4|450|G0444|3.0|2018-03-21T00:00:00|hospital_B|hospital_B_20180320
SYN_BENE_07C811D4D22A|SYN_CLM_CD8117200480|V|60|20-Mar-2018|20-Mar-2018|23-Mar-2018||3|491581|1|1|1|| |950.31|0.0| ||49|1063523132| |9999868992| |9999868992|||0|1| |950.31|20-Mar-2018|1|2|A|10|0.0|190.06|0|4|0.0|0.0|0|0|0|0|0|0|0|0|0|0|0|0|0|||||20-Mar-2018|951.0|0|0||Z733|Z733|N|G309|Y|Z653|Y|N1830|Y|R809|Y|E0922|N|E1129|Y|G43719|Y|E785|Y|E0922|N|E1121|Y|E781|Y|R931|Y|E119|Y|I259|Y|E8881|Y|E669|Y|R7303|Y|D649|Y|I10|N|Z560|Y|Z9189|N|||||||||| | | | | | | | | | | | | | | | | | | | | | |Z741|20-Mar-2018|F419|20-Mar-2018|Z9181|20-Mar-2018|Z1331|20-Mar-2018|Z1331|20-Mar-2018|||||||||||||||||||||||||||||||||||||||||0|0||5|450|G0444|3.0|2018-03-21T00:00:00|hospital_B|hospital_B_20180320
SYN_BENE_2BBED07B0F40|SYN_CLM_45229D7C2A5C|V|60|20-Mar-2018|20-Mar-2018|23-Mar-2018||3|491581|1|1|1|| |950.31|0.0| ||49|1063523132| |9999868992| |9999868992|||0|1| |950.31|20-Mar-2018|1|2|A|10|0.0|190.06|0|4|0.0|0.0|0|0|0|0|0|0|0|0|0|0|0|0|0|||||20-Mar-2018|951.0|0|0||Z733|Z733|N|G309|Y|Z653|Y|N1830|Y|R809|Y|E0922|N|E1129|Y|G43719|Y|E785|Y|E0922|N|E1121|Y|E781|Y|R931|Y|E119|Y|I259|Y|E8881|Y|E669|Y|R7303|Y|D649|Y|I10|N|Z560|Y|Z9189|N|||||||||| | | | | | | | | | | | | | | | | | | | | | |Z741|20-Mar-2018|F419|20-Mar-2018|Z9181|20-Mar-2018|Z1331|20-Mar-2018|Z1331|20-Mar-2018|||||||||||||||||||||||||||||||||||||||||0|0||1|450|96156|3.0|2018-03-21T00:00:00|hospital_B|hospital_B_20180320
SYN_BENE_2BBED07B0F40|SYN_CLM_45229D7C2A5C|V|60|20-Mar-2018|20-Mar-2018|23-Mar-2018||3|491581|1|1|1|| |950.31|0.0| ||49|1063523132| |9999868992| |9999868992|||0|1| |950.31|20-Mar-2018|1|2|A|10|0.0|190.06|0|4|0.0|0.0|0|0|0|0|0|0|0|0|0|0|0|0|0|||||20-Mar-2018|951.0|0|0||Z733|Z733|N|G309|Y|Z653|Y|N1830|Y|R809|Y|E0922|N|E1129|Y|G43719|Y|E785|Y|E0922|N|E1121|Y|E781|Y|R931|Y|E119|Y|I259|Y|E8881|Y|E669|Y|R7303|Y|D649|Y|I10|N|Z560|Y|Z9189|N|||||||||| | | | | | | | | | | | | | | | | | | | | | |Z741|20-Mar-2018|F419|20-Mar-2018|Z9181|20-Mar-2018|Z1331|20-Mar-2018|Z1331|20-Mar-2018|||||||||||||||||||||||||||||||||||||||||0|0||2|450|96127|3.0|2018-03-21T00:00:00|hospital_B|hospital_B_20180320
SYN_BENE_2BBED07B0F40|SYN_CLM_45229D7C2A5C|V|60|20-Mar-2018|20-Mar-2018|23-Mar-2018||3|491581|1|1|1|| |950.31|0.0| ||49|1063523132| |9999868992| |9999868992|||0|1| |950.31|20-Mar-2018|1|2|A|10|0.0|190.06|0|4|0.0|0.0|0|0|0|0|0|0|0|0|0|0|0|0|0|||||20-Mar-2018|951.0|0|0||Z733|Z733|N|G309|Y|Z653|Y|N1830|Y|R809|Y|E0922|N|E1129|Y|G43719|Y|E785|Y|E0922|N|E1121|Y|E781|Y|R931|Y|E119|Y|I259|Y|E8881|Y|E669|Y|R7303|Y|D649|Y|I10|N|Z560|Y|Z9189|N|||||||||| | | | | | | | | | | | | | | | | | | | | | |Z741|20-Mar-2018|F419|20-Mar-2018|Z9181|20-Mar-2018|Z1331|20-Mar-2018|Z1331|20-Mar-2018|||||||||||||||||||||||||||||||||||||||||0|0||3|450|M1069|3.0|2018-03-21T00:00:00|hospital_B|hospital_B_20180320
SYN_BENE_2BBED07B0F40|SYN_CLM_45229D7C2A5C|V|60|20-Mar-2018|20-Mar-2018|23-Mar-2018||3|491581|1|1|1|| |950.31|0.0| ||49|1063523132| |9999868992| |9999868992|||0|1| |950.31|20-Mar-2018|1|2|A|10|0.0|190.06|0|4|0.0|0.0|0|0|0|0|0|0|0|0|0|0|0|0|0|||||20-Mar-2018|951.0|0|0||Z733|Z733|N|G309|Y|Z653|Y|N1830|Y|R809|Y|E0922|N|E1129|Y|G43719|Y|E785|Y|E0922|N|E1121|Y|E781|Y|R931|Y|E119|Y|I259|Y|E8881|Y|E669|Y|R7303|Y|D649|Y|I10|N|Z560|Y|Z9189|N|||||||||| | | | | | | | | | | | | | | | | | | | | | |Z741|20-Mar-2018|F419|20-Mar-2018|Z9181|20-Mar-2018|Z1331|20-Mar-2018|Z1331|20-Mar-2018|||||||||||||||||||||||||||||||||||||||||0|0||4|450|G0444|3.0|2018-03-21T00:00:00|hospital_B|hospital_B_20180320
SYN_BENE_2BBED07B0F40|SYN_CLM_45229D7C2A5C|V|60|20-Mar-2018|20-Mar-2018|23-Mar-2018||3|491581|1|1|1|| |950.31|0.0| ||49|1063523132| |9999868992| |9999868992|||0|1| |950.31|20-Mar-2018|1|2|A|10|0.0|190.06|0|4|0.0|0.0|0|0|0|0|0|0|0|0|0|0|0|0|0|||||20-Mar-2018|951.0|0|0||Z733|Z733|N|G309|Y|Z653|Y|N1830|Y|R809|Y|E0922|N|E1129|Y|G43719|Y|E785|Y|E0922|N|E1121|Y|E781|Y|R931|Y|E119|Y|I259|Y|E8881|Y|E669|Y|R7303|Y|D649|Y|I10|N|Z560|Y|Z9189|N|||||||||| | | | | | | | | | | | | | | | | | | | | | |Z741|20-Mar-2018|F419|20-Mar-2018|Z9181|20-Mar-2018|Z1331|20-Mar-2018|Z1331|20-Mar-2018|||||||||||||||||||||||||||||||||||||||||0|0||5|450|G0444|3.0|2018-03-21T00:00:00|hospital_B|hospital_B_20180320
SYN_BENE_679D03C33557|SYN_CLM_6762850F4EDA|V|60|20-Mar-2018|20-Mar-2018|23-Mar-2018||3|491581|1|1|1|| |950.31|0.0| ||49|1063523132| |9999868992| |9999868992|||0|1| |950.31|20-Mar-2018|1|2|A|10|0.0|190.06|0|4|0.0|0.0|0|0|0|0|0|0|0|0|0|0|0|0|0|||||20-Mar-2018|951.0|0|0||Z733|Z733|N|G309|Y|Z653|Y|N1830|Y|R809|Y|E0922|N|E1129|Y|G43719|Y|E785|Y|E0922|N|E1121|Y|E781|Y|R931|Y|E119|Y|I259|Y|E8881|Y|E669|Y|R7303|Y|D649|Y|I10|N|Z560|Y|Z9189|N|||||||||| | | | | | | | | | | | | | | | | | | | | | |Z741|20-Mar-2018|F419|20-Mar-2018|Z9181|20-Mar-2018|Z1331|20-Mar-2018|Z1331|20-Mar-2018|||||||||||||||||||||||||||||||||||||||||0|0||1|450|96156|3.0|2018-03-21T00:00:00|hospital_B|hospital_B_20180320
SYN_BENE_679D03C33557|SYN_CLM_6762850F4EDA|V|60|20-Mar-2018|20-Mar-2018|23-Mar-2018||3|491581|1|1|1|| |950.31|0.0| ||49|1063523132| |9999868992| |9999868992|||0|1| |950.31|20-Mar-2018|1|2|A|10|0.0|190.06|0|4|0.0|0.0|0|0|0|0|0|0|0|0|0|0|0|0|0|||||20-Mar-2018|951.0|0|0||Z733|Z733|N|G309|Y|Z653|Y|N1830|Y|R809|Y|E0922|N|E1129|Y|G43719|Y|E785|Y|E0922|N|E1121|Y|E781|Y|R931|Y|E119|Y|I259|Y|E8881|Y|E669|Y|R7303|Y|D649|Y|I10|N|Z560|Y|Z9189|N|||||||||| | | | | | | | | | | | | | | | | | | | | | |Z741|20-Mar-2018|F419|20-Mar-2018|Z9181|20-Mar-2018|Z1331|20-Mar-2018|Z1331|20-Mar-2018|||||||||||||||||||||||||||||||||||||||||0|0||2|450|96127|3.0|2018-03-21T00:00:00|hospital_B|hospital_B_20180320
SYN_BENE_679D03C33557|SYN_CLM_6762850F4EDA|V|60|20-Mar-2018|20-Mar-2018|23-Mar-2018||3|491581|1|1|1|| |950.31|0.0| ||49|1063523132| |9999868992| |9999868992|||0|1| |950.31|20-Mar-2018|1|2|A|10|0.0|190.06|0|4|0.0|0.0|0|0|0|0|0|0|0|0|0|0|0|0|0|||||20-Mar-2018|951.0|0|0||Z733|Z733|N|G309|Y|Z653|Y|N1830|Y|R809|Y|E0922|N|E1129|Y|G43719|Y|E785|Y|E0922|N|E1121|Y|E781|Y|R931|Y|E119|Y|I259|Y|E8881|Y|E669|Y|R7303|Y|D649|Y|I10|N|Z560|Y|Z9189|N|||||||||| | | | | | | | | | | | | | | | | | | | | | |Z741|20-Mar-2018|F419|20-Mar-2018|Z9181|20-Mar-2018|Z1331|20-Mar-2018|Z1331|20-Mar-2018|||||||||||||||||||||||||||||||||||||||||0|0||3|450|M1069|3.0|2018-03-21T00:00:00|hospital_B|hospital_B_20180320
SYN_BENE_679D03C33557|SYN_CLM_6762850F4EDA|V|60|20-Mar-2018|20-Mar-2018|23-Mar-2018||3|491581|1|1|1|| |950.31|0.0| ||49|1063523132| |9999868992| |9999868992|||0|1| |950.31|20-Mar-2018|1|2|A|10|0.0|190.06|0|4|0.0|0.0|0|0|0|0|0|0|0|0|0|0|0|0|0|||||20-Mar-2018|951.0|0|0||Z733|Z733|N|G309|Y|Z653|Y|N1830|Y|R809|Y|E0922|N|E1129|Y|G43719|Y|E785|Y|E0922|N|E1121|Y|E781|Y|R931|Y|E119|Y|I259|Y|E8881|Y|E669|Y|R7303|Y|D649|Y|I10|N|Z560|Y|Z9189|N|||||||||| | | | | | | | | | | | | | | | | | | | | | |Z741|20-Mar-2018|F419|20-Mar-2018|Z9181|20-Mar-2018|Z1331|20-Mar-2018|Z1331|20-Mar-2018|||||||||||||||||||||||||||||||||||||||||0|0||4|450|G0444|3.0|2018-03-21T00:00:00|hospital_B|hospital_B_20180320
SYN_BENE_679D03C33557|SYN_CLM_6762850F4EDA|V|60|20-Mar-2018|20-Mar-2018|23-Mar-2018||3|491581|1|1|1|| |950.31|0.0| ||49|1063523132| |9999868992| |9999868992|||0|1| |950.31|20-Mar-2018|1|2|A|10|0.0|190.06|0|4|0.0|0.0|0|0|0|0|0|0|0|0|0|0|0|0|0|||||20-Mar-2018|951.0|0|0||Z733|Z733|N|G309|Y|Z653|Y|N1830|Y|R809|Y|E0922|N|E1129|Y|G43719|Y|E785|Y|E0922|N|E1121|Y|E781|Y|R931|Y|E119|Y|I259|Y|E8881|Y|E669|Y|R7303|Y|D649|Y|I10|N|Z560|Y|Z9189|N|||||||||| | | | | | | | | | | | | | | | | | | | | | |Z741|20-Mar-2018|F419|20-Mar-2018|Z9181|20-Mar-2018|Z1331|20-Mar-2018|Z1331|20-Mar-2018|||||||||||||||||||||||||||||||||||||||||0|0||5|450|G0444|3.0|2018-03-21T00:00:00|hospital_B|hospital_B_20180320
SYN_BENE_67DBA4F53EBC|SYN_CLM_9B18442FAF69|V|60|20-Mar-2018|20-Mar-2018|23-Mar-2018||3|491581|1|1|1|| |950.31|0.0| ||49|1063523132| |9999868992| |9999868992|||0|1| |950.31|20-Mar-2018|1|2|A|10|0.0|190.06|0|4|0.0|0.0|0|0|0|0|0|0|0|0|0|0|0|0|0|||||20-Mar-2018|951.0|0|0||Z733|Z733|N|G309|Y|Z653|Y|N1830|Y|R809|Y|E0922|N|E1129|Y|G43719|Y|E785|Y|E0922|N|E1121|Y|E781|Y|R931|Y|E119|Y|I259|Y|E8881|Y|E669|Y|R7303|Y|D649|Y|I10|N|Z560|Y|Z9189|N|||||||||| | | | | | | | | | | | | | | | | | | | | | |Z741|20-Mar-2018|F419|20-Mar-2018|Z9181|20-Mar-2018|Z1331|20-Mar-2018|Z1331|20-Mar-2018|||||||||||||||||||||||||||||||||||||||||0|0||1|450|96156|3.0|2018-03-21T00:00:00|hospital_B|hospital_B_20180320
SYN_BENE_67DBA4F53EBC|SYN_CLM_9B18442FAF69|V|60|20-Mar-2018|20-Mar-2018|23-Mar-2018||3|491581|1|1|1|| |950.31|0.0| ||49|1063523132| |9999868992| |9999868992|||0|1| |950.31|20-Mar-2018|1|2|A|10|0.0|190.06|0|4|0.0|0.0|0|0|0|0|0|0|0|0|0|0|0|0|0|||||20-Mar-2018|951.0|0|0||Z733|Z733|N|G309|Y|Z653|Y|N1830|Y|R809|Y|E0922|N|E1129|Y|G43719|Y|E785|Y|E0922|N|E1121|Y|E781|Y|R931|Y|E119|Y|I259|Y|E8881|Y|E669|Y|R7303|Y|D649|Y|I10|N|Z560|Y|Z9189|N|||||||||| | | | | | | | | | | | | | | | | | | | | | |Z741|20-Mar-2018|F419|20-Mar-2018|Z9181|20-Mar-2018|Z1331|20-Mar-2018|Z1331|20-Mar-2018|||||||||||||||||||||||||||||||||||||||||0|0||2|450|96127|3.0|2018-03-21T00:00:00|hospital_B|hospital_B_20180320
SYN_BENE_67DBA4F53EBC|SYN_CLM_9B18442FAF69|V|60|20-Mar-2018|20-Mar-2018|23-Mar-2018||3|491581|1|1|1|| |950.31|0.0| ||49|1063523132| |9999868992| |9999868992|||0|1| |950.31|20-Mar-2018|1|2|A|10|0.0|190.06|0|4|0.0|0.0|0|0|0|0|0|0|0|0|0|0|0|0|0|||||20-Mar-2018|951.0|0|0||Z733|Z733|N|G309|Y|Z653|Y|N1830|Y|R809|Y|E0922|N|E1129|Y|G43719|Y|E785|Y|E0922|N|E1121|Y|E781|Y|R931|Y|E119|Y|I259|Y|E8881|Y|E669|Y|R7303|Y|D649|Y|I10|N|Z560|Y|Z9189|N|||||||||| | | | | | | | | | | | | | | | | | | | | | |Z741|20-Mar-2018|F419|20-Mar-2018|Z9181|20-Mar-2018|Z1331|20-Mar-2018|Z1331|20-Mar-2018|||||||||||||||||||||||||||||||||||||||||0|0||3|450|M1069|3.0|2018-03-21T00:00:00|hospital_B|hospital_B_20180320
SYN_BENE_67DBA4F53EBC|SYN_CLM_9B18442FAF69|V|60|20-Mar-2018|20-Mar-2018|23-Mar-2018||3|491581|1|1|1|| |950.31|0.0| ||49|1063523132| |9999868992| |9999868992|||0|1| |950.31|20-Mar-2018|1|2|A|10|0.0|190.06|0|4|0.0|0.0|0|0|0|0|0|0|0|0|0|0|0|0|0|||||20-Mar-2018|951.0|0|0||Z733|Z733|N|G309|Y|Z653|Y|N1830|Y|R809|Y|E0922|N|E1129|Y|G43719|Y|E785|Y|E0922|N|E1121|Y|E781|Y|R931|Y|E119|Y|I259|Y|E8881|Y|E669|Y|R7303|Y|D649|Y|I10|N|Z560|Y|Z9189|N|||||||||| | | | | | | | | | | | | | | | | | | | | | |Z741|20-Mar-2018|F419|20-Mar-2018|Z9181|20-Mar-2018|Z1331|20-Mar-2018|Z1331|20-Mar-2018|||||||||||||||||||||||||||||||||||||||||0|0||4|450|G0444|3.0|2018-03-21T00:00:00|hospital_B|hospital_B_20180320
SYN_BENE_67DBA4F53EBC|SYN_CLM_9B18442FAF69|V|60|20-Mar-2018|20-Mar-2018|23-Mar-2018||3|491581|1|1|1|| |950.31|0.0| ||49|1063523132| |9999868992| |9999868992|||0|1| |950.31|20-Mar-2018|1|2|A|10|0.0|190.06|0|4|0.0|0.0|0|0|0|0|0|0|0|0|0|0|0|0|0|||||20-Mar-2018|951.0|0|0||Z733|Z733|N|G309|Y|Z653|Y|N1830|Y|R809|Y|E0922|N|E1129|Y|G43719|Y|E785|Y|E0922|N|E1121|Y|E781|Y|R931|Y|E119|Y|I259|Y|E8881|Y|E669|Y|R7303|Y|D649|Y|I10|N|Z560|Y|Z9189|N|||||||||| | | | | | | | | | | | | | | | | | | | | | |Z741|20-Mar-2018|F419|20-Mar-2018|Z9181|20-Mar-2018|Z1331|20-Mar-2018|Z1331|20-Mar-2018|||||||||||||||||||||||||||||||||||||||||0|0||5|450|G0444|3.0|2018-03-21T00:00:00|hospital_B|hospital_B_20180320
SYN_BENE_3454D3AC8F8D|SYN_CLM_450A76532D43|V|60|20-Mar-2018|20-Mar-2018|23-Mar-2018||3|491581|1|1|1|| |950.31|0.0| ||49|1063523132| |9999868992| |9999868992|||0|1| |950.31|20-Mar-2018|1|2|A|10|0.0|190.06|0|4|0.0|0.0|0|0|0|0|0|0|0|0|0|0|0|0|0|||||20-Mar-2018|951.0|0|0||Z733|Z733|N|G309|Y|Z653|Y|N1830|Y|R809|Y|E0922|N|E1129|Y|G43719|Y|E785|Y|E0922|N|E1121|Y|E781|Y|R931|Y|E119|Y|I259|Y|E8881|Y|E669|Y|R7303|Y|D649|Y|I10|N|Z560|Y|Z9189|N|||||||||| | | | | | | | | | | | | | | | | | | | | | |Z741|20-Mar-2018|F419|20-Mar-2018|Z9181|20-Mar-2018|Z1331|20-Mar-2018|Z1331|20-Mar-2018|||||||||||||||||||||||||||||||||||||||||0|0||1|450|96156|3.0|2018-03-21T00:00:00|hospital_B|hospital_B_20180320
SYN_BENE_3454D3AC8F8D|SYN_CLM_450A76532D43|V|60|20-Mar-2018|20-Mar-2018|23-Mar-2018||3|491581|1|1|1|| |950.31|0.0| ||49|1063523132| |9999868992| |9999868992|||0|1| |950.31|20-Mar-2018|1|2|A|10|0.0|190.06|0|4|0.0|0.0|0|0|0|0|0|0|0|0|0|0|0|0|0|||||20-Mar-2018|951.0|0|0||Z733|Z733|N|G309|Y|Z653|Y|N1830|Y|R809|Y|E0922|N|E1129|Y|G43719|Y|E785|Y|E0922|N|E1121|Y|E781|Y|R931|Y|E119|Y|I259|Y|E8881|Y|E669|Y|R7303|Y|D649|Y|I10|N|Z560|Y|Z9189|N|||||||||| | | | | | | | | | | | | | | | | | | | | | |Z741|20-Mar-2018|F419|20-Mar-2018|Z9181|20-Mar-2018|Z1331|20-Mar-2018|Z1331|20-Mar-2018|||||||||||||||||||||||||||||||||||||||||0|0||2|450|96127|3.0|2018-03-21T00:00:00|hospital_B|hospital_B_20180320
SYN_BENE_3454D3AC8F8D|SYN_CLM_450A76532D43|V|60|20-Mar-2018|20-Mar-2018|23-Mar-2018||3|491581|1|1|1|| |950.31|0.0| ||49|1063523132| |9999868992| |9999868992|||0|1| |950.31|20-Mar-2018|1|2|A|10|0.0|190.06|0|4|0.0|0.0|0|0|0|0|0|0|0|0|0|0|0|0|0|||||20-Mar-2018|951.0|0|0||Z733|Z733|N|G309|Y|Z653|Y|N1830|Y|R809|Y|E0922|N|E1129|Y|G43719|Y|E785|Y|E0922|N|E1121|Y|E781|Y|R931|Y|E119|Y|I259|Y|E8881|Y|E669|Y|R7303|Y|D649|Y|I10|N|Z560|Y|Z9189|N|||||||||| | | | | | | | | | | | | | | | | | | | | | |Z741|20-Mar-2018|F419|20-Mar-2018|Z9181|20-Mar-2018|Z1331|20-Mar-2018|Z1331|20-Mar-2018|||||||||||||||||||||||||||||||||||||||||0|0||3|450|M1069|3.0|2018-03-21T00:00:00|hospital_B|hospital_B_20180320
SYN_BENE_3454D3AC8F8D|SYN_CLM_450A76532D43|V|60|20-Mar-2018|20-Mar-2018|23-Mar-2018||3|491581|1|1|1|| |950.31|0.0| ||49|1063523132| |9999868992| |9999868992|||0|1| |950.31|20-Mar-2018|1|2|A|10|0.0|190.06|0|4|0.0|0.0|0|0|0|0|0|0|0|0|0|0|0|0|0|||||20-Mar-2018|951.0|0|0||Z733|Z733|N|G309|Y|Z653|Y|N1830|Y|R809|Y|E0922|N|E1129|Y|G43719|Y|E785|Y|E0922|N|E1121|Y|E781|Y|R931|Y|E119|Y|I259|Y|E8881|Y|E669|Y|R7303|Y|D649|Y|I10|N|Z560|Y|Z9189|N|||||||||| | | | | | | | | | | | | | | | | | | | | | |Z741|20-Mar-2018|F419|20-Mar-2018|Z9181|20-Mar-2018|Z1331|20-Mar-2018|Z1331|20-Mar-2018|||||||||||||||||||||||||||||||||||||||||0|0||4|450|G0444|3.0|2018-03-21T00:00:00|hospital_B|hospital_B_20180320
SYN_BENE_3454D3AC8F8D|SYN_CLM_450A76532D43|V|60|20-Mar-2018|20-Mar-2018|23-Mar-2018||3|491581|1|1|1|| |950.31|0.0| ||49|1063523132| |9999868992| |9999868992|||0|1| |950.31|20-Mar-2018|1|2|A|10|0.0|190.06|0|4|0.0|0.0|0|0|0|0|0|0|0|0|0|0|0|0|0|||||20-Mar-2018|951.0|0|0||Z733|Z733|N|G309|Y|Z653|Y|N1830|Y|R809|Y|E0922|N|E1129|Y|G43719|Y|E785|Y|E0922|N|E1121|Y|E781|Y|R931|Y|E119|Y|I259|Y|E8881|Y|E669|Y|R7303|Y|D649|Y|I10|N|Z560|Y|Z9189|N|||||||||| | | | | | | | | | | | | | | | | | | | | | |Z741|20-Mar-2018|F419|20-Mar-2018|Z9181|20-Mar-2018|Z1331|20-Mar-2018|Z1331|20-Mar-2018|||||||||||||||||||||||||||||||||||||||||0|0||5|450|G0444|3.0|2018-03-21T00:00:00|hospital_B|hospital_B_20180320
SYN_BENE_3C52CC655CA7|SYN_CLM_149481614D3D|V|60|20-Mar-2018|20-Mar-2018|23-Mar-2018||3|491581|1|1|1|| |950.31|0.0| ||49|1063523132| |9999868992| |9999868992|||0|1| |950.31|20-Mar-2018|1|2|A|10|0.0|190.06|0|4|0.0|0.0|0|0|0|0|0|0|0|0|0|0|0|0|0|||||20-Mar-2018|951.0|0|0||Z733|Z733|N|G309|Y|Z653|Y|N1830|Y|R809|Y|E0922|N|E1129|Y|G43719|Y|E785|Y|E0922|N|E1121|Y|E781|Y|R931|Y|E119|Y|I259|Y|E8881|Y|E669|Y|R7303|Y|D649|Y|I10|N|Z560|Y|Z9189|N|||||||||| | | | | | | | | | | | | | | | | | | | | | |Z741|20-Mar-2018|F419|20-Mar-2018|Z9181|20-Mar-2018|Z1331|20-Mar-2018|Z1331|20-Mar-2018|||||||||||||||||||||||||||||||||||||||||0|0||1|450|96156|3.0|2018-03-21T00:00:00|hospital_B|hospital_B_20180320
SYN_BENE_3C52CC655CA7|SYN_CLM_149481614D3D|V|60|20-Mar-2018|20-Mar-2018|23-Mar-2018||3|491581|1|1|1|| |950.31|0.0| ||49|1063523132| |9999868992| |9999868992|||0|1| |950.31|20-Mar-2018|1|2|A|10|0.0|190.06|0|4|0.0|0.0|0|0|0|0|0|0|0|0|0|0|0|0|0|||||20-Mar-2018|951.0|0|0||Z733|Z733|N|G309|Y|Z653|Y|N1830|Y|R809|Y|E0922|N|E1129|Y|G43719|Y|E785|Y|E0922|N|E1121|Y|E781|Y|R931|Y|E119|Y|I259|Y|E8881|Y|E669|Y|R7303|Y|D649|Y|I10|N|Z560|Y|Z9189|N|||||||||| | | | | | | | | | | | | | | | | | | | | | |Z741|20-Mar-2018|F419|20-Mar-2018|Z9181|20-Mar-2018|Z1331|20-Mar-2018|Z1331|20-Mar-2018|||||||||||||||||||||||||||||||||||||||||0|0||2|450|96127|3.0|2018-03-21T00:00:00|hospital_B|hospital_B_20180320
SYN_BENE_3C52CC655CA7|SYN_CLM_149481614D3D|V|60|20-Mar-2018|20-Mar-2018|23-Mar-2018||3|491581|1|1|1|| |950.31|0.0| ||49|1063523132| |9999868992| |9999868992|||0|1| |950.31|20-Mar-2018|1|2|A|10|0.0|190.06|0|4|0.0|0.0|0|0|0|0|0|0|0|0|0|0|0|0|0|||||20-Mar-2018|951.0|0|0||Z733|Z733|N|G309|Y|Z653|Y|N1830|Y|R809|Y|E0922|N|E1129|Y|G43719|Y|E785|Y|E0922|N|E1121|Y|E781|Y|R931|Y|E119|Y|I259|Y|E8881|Y|E669|Y|R7303|Y|D649|Y|I10|N|Z560|Y|Z9189|N|||||||||| | | | | | | | | | | | | | | | | | | | | | |Z741|20-Mar-2018|F419|20-Mar-2018|Z9181|20-Mar-2018|Z1331|20-Mar-2018|Z1331|20-Mar-2018|||||||||||||||||||||||||||||||||||||||||0|0||3|450|M1069|3.0|2018-03-21T00:00:00|hospital_B|hospital_B_20180320
SYN_BENE_3C52CC655CA7|SYN_CLM_149481614D3D|V|60|20-Mar-2018|20-Mar-2018|23-Mar-2018||3|491581|1|1|1|| |950.31|0.0| ||49|1063523132| |9999868992| |9999868992|||0|1| |950.31|20-Mar-2018|1|2|A|10|0.0|190.06|0|4|0.0|0.0|0|0|0|0|0|0|0|0|0|0|0|0|0|||||20-Mar-2018|951.0|0|0||Z733|Z733|N|G309|Y|Z653|Y|N1830|Y|R809|Y|E0922|N|E1129|Y|G43719|Y|E785|Y|E0922|N|E1121|Y|E781|Y|R931|Y|E119|Y|I259|Y|E8881|Y|E669|Y|R7303|Y|D649|Y|I10|N|Z560|Y|Z9189|N|||||||||| | | | | | | | | | | | | | | | | | | | | | |Z741|20-Mar-2018|F419|20-Mar-2018|Z9181|20-Mar-2018|Z1331|20-Mar-2018|Z1331|20-Mar-2018|||||||||||||||||||||||||||||||||||||||||0|0||4|450|G0444|3.0|2018-03-21T00:00:00|hospital_B|hospital_B_20180320
SYN_BENE_3C52CC655CA7|SYN_CLM_149481614D3D|V|60|20-Mar-2018|20-Mar-2018|23-Mar-2018||3|491581|1|1|1|| |950.31|0.0| ||49|1063523132| |9999868992| |9999868992|||0|1| |950.31|20-Mar-2018|1|2|A|10|0.0|190.06|0|4|0.0|0.0|0|0|0|0|0|0|0|0|0|0|0|0|0|||||20-Mar-2018|951.0|0|0||Z733|Z733|N|G309|Y|Z653|Y|N1830|Y|R809|Y|E0922|N|E1129|Y|G43719|Y|E785|Y|E0922|N|E1121|Y|E781|Y|R931|Y|E119|Y|I259|Y|E8881|Y|E669|Y|R7303|Y|D649|Y|I10|N|Z560|Y|Z9189|N|||||||||| | | | | | | | | | | | | | | | | | | | | | |Z741|20-Mar-2018|F419|20-Mar-2018|Z9181|20-Mar-2018|Z1331|20-Mar-2018|Z1331|20-Mar-2018|||||||||||||||||||||||||||||||||||||||||0|0||5|450|G0444|3.0|2018-03-21T00:00:00|hospital_B|hospital_B_20180320
SYN_BENE_6618A908C9D2|SYN_CLM_EFA8723922DF|V|60|20-Mar-2018|20-Mar-2018|23-Mar-2018||3|491581|1|1|1|| |950.31|0.0| ||49|1063523132| |9999868992| |9999868992|||0|1| |950.31|20-Mar-2018|1|2|A|10|0.0|190.06|0|4|0.0|0.0|0|0|0|0|0|0|0|0|0|0|0|0|0|||||20-Mar-2018|951.0|0|0||Z733|Z733|N|G309|Y|Z653|Y|N1830|Y|R809|Y|E0922|N|E1129|Y|G43719|Y|E785|Y|E0922|N|E1121|Y|E781|Y|R931|Y|E119|Y|I259|Y|E8881|Y|E669|Y|R7303|Y|D649|Y|I10|N|Z560|Y|Z9189|N|||||||||| | | | | | | | | | | | | | | | | | | | | | |Z741|20-Mar-2018|F419|20-Mar-2018|Z9181|20-Mar-2018|Z1331|20-Mar-2018|Z1331|20-Mar-2018|||||||||||||||||||||||||||||||||||||||||0|0||1|450|96156|3.0|2018-03-21T00:00:00|hospital_B|hospital_B_20180320
SYN_BENE_6618A908C9D2|SYN_CLM_EFA8723922DF|V|60|20-Mar-2018|20-Mar-2018|23-Mar-2018||3|491581|1|1|1|| |950.31|0.0| ||49|1063523132| |9999868992| |9999868992|||0|1| |950.31|20-Mar-2018|1|2|A|10|0.0|190.06|0|4|0.0|0.0|0|0|0|0|0|0|0|0|0|0|0|0|0|||||20-Mar-2018|951.0|0|0||Z733|Z733|N|G309|Y|Z653|Y|N1830|Y|R809|Y|E0922|N|E1129|Y|G43719|Y|E785|Y|E0922|N|E1121|Y|E781|Y|R931|Y|E119|Y|I259|Y|E8881|Y|E669|Y|R7303|Y|D649|Y|I10|N|Z560|Y|Z9189|N|||||||||| | | | | | | | | | | | | | | | | | | | | | |Z741|20-Mar-2018|F419|20-Mar-2018|Z9181|20-Mar-2018|Z1331|20-Mar-2018|Z1331|20-Mar-2018|||||||||||||||||||||||||||||||||||||||||0|0||2|450|96127|3.0|2018-03-21T00:00:00|hospital_B|hospital_B_20180320
SYN_BENE_6618A908C9D2|SYN_CLM_EFA8723922DF|V|60|20-Mar-2018|20-Mar-2018|23-Mar-2018||3|491581|1|1|1|| |950.31|0.0| ||49|1063523132| |9999868992| |9999868992|||0|1| |950.31|20-Mar-2018|1|2|A|10|0.0|190.06|0|4|0.0|0.0|0|0|0|0|0|0|0|0|0|0|0|0|0|||||20-Mar-2018|951.0|0|0||Z733|Z733|N|G309|Y|Z653|Y|N1830|Y|R809|Y|E0922|N|E1129|Y|G43719|Y|E785|Y|E0922|N|E1121|Y|E781|Y|R931|Y|E119|Y|I259|Y|E8881|Y|E669|Y|R7303|Y|D649|Y|I10|N|Z560|Y|Z9189|N|||||||||| | | | | | | | | | | | | | | | | | | | | | |Z741|20-Mar-2018|F419|20-Mar-2018|Z9181|20-Mar-2018|Z1331|20-Mar-2018|Z1331|20-Mar-2018|||||||||||||||||||||||||||||||||||||||||0|0||3|450|M1069|3.0|2018-03-21T00:00:00|hospital_B|hospital_B_20180320
SYN_BENE_6618A908C9D2|SYN_CLM_EFA8723922DF|V|60|20-Mar-2018|20-Mar-2018|23-Mar-2018||3|491581|1|1|1|| |950.31|0.0| ||49|1063523132| |9999868992| |9999868992|||0|1| |950.31|20-Mar-2018|1|2|A|10|0.0|190.06|0|4|0.0|0.0|0|0|0|0|0|0|0|0|0|0|0|0|0|||||20-Mar-2018|951.0|0|0||Z733|Z733|N|G309|Y|Z653|Y|N1830|Y|R809|Y|E0922|N|E1129|Y|G43719|Y|E785|Y|E0922|N|E1121|Y|E781|Y|R931|Y|E119|Y|I259|Y|E8881|Y|E669|Y|R7303|Y|D649|Y|I10|N|Z560|Y|Z9189|N|||||||||| | | | | | | | | | | | | | | | | | | | | | |Z741|20-Mar-2018|F419|20-Mar-2018|Z9181|20-Mar-2018|Z1331|20-Mar-2018|Z1331|20-Mar-2018|||||||||||||||||||||||||||||||||||||||||0|0||4|450|G0444|3.0|2018-03-21T00:00:00|hospital_B|hospital_B_20180320
SYN_BENE_6618A908C9D2|SYN_CLM_EFA8723922DF|V|60|20-Mar-2018|20-Mar-2018|23-Mar-2018||3|491581|1|1|1|| |950.31|0.0| ||49|1063523132| |9999868992| |9999868992|||0|1| |950.31|20-Mar-2018|1|2|A|10|0.0|190.06|0|4|0.0|0.0|0|0|0|0|0|0|0|0|0|0|0|0|0|||||20-Mar-2018|951.0|0|0||Z733|Z733|N|G309|Y|Z653|Y|N1830|Y|R809|Y|E0922|N|E1129|Y|G43719|Y|E785|Y|E0922|N|E1121|Y|E781|Y|R931|Y|E119|Y|I259|Y|E8881|Y|E669|Y|R7303|Y|D649|Y|I10|N|Z560|Y|Z9189|N|||||||||| | | | | | | | | | | | | | | | | | | | | | |Z741|20-Mar-2018|F419|20-Mar-2018|Z9181|20-Mar-2018|Z1331|20-Mar-2018|Z1331|20-Mar-2018|||||||||||||||||||||||||||||||||||||||||0|0||5|450|G0444|3.0|2018-03-21T00:00:00|hospital_B|hospital_B_20180320
SYN_BENE_28D372C227BC|SYN_CLM_413FB3EDF898|V|60|20-Mar-2018|20-Mar-2018|23-Mar-2018||3|491581|1|1|1|| |950.31|0.0| ||49|1063523132| |9999868992| |9999868992|||0|1| |950.31|20-Mar-2018|1|2|A|10|0.0|190.06|0|4|0.0|0.0|0|0|0|0|0|0|0|0|0|0|0|0|0|||||20-Mar-2018|951.0|0|0||Z733|Z733|N|G309|Y|Z653|Y|N1830|Y|R809|Y|E0922|N|E1129|Y|G43719|Y|E785|Y|E0922|N|E1121|Y|E781|Y|R931|Y|E119|Y|I259|Y|E8881|Y|E669|Y|R7303|Y|D649|Y|I10|N|Z560|Y|Z9189|N|||||||||| | | | | | | | | | | | | | | | | | | | | | |Z741|20-Mar-2018|F419|20-Mar-2018|Z9181|20-Mar-2018|Z1331|20-Mar-2018|Z1331|20-Mar-2018|||||||||||||||||||||||||||||||||||||||||0|0||1|450|96156|3.0|2018-03-21T00:00:00|hospital_B|hospital_B_20180320
SYN_BENE_28D372C227BC|SYN_CLM_413FB3EDF898|V|60|20-Mar-2018|20-Mar-2018|23-Mar-2018||3|491581|1|1|1|| |950.31|0.0| ||49|1063523132| |9999868992| |9999868992|||0|1| |950.31|20-Mar-2018|1|2|A|10|0.0|190.06|0|4|0.0|0.0|0|0|0|0|0|0|0|0|0|0|0|0|0|||||20-Mar-2018|951.0|0|0||Z733|Z733|N|G309|Y|Z653|Y|N1830|Y|R809|Y|E0922|N|E1129|Y|G43719|Y|E785|Y|E0922|N|E1121|Y|E781|Y|R931|Y|E119|Y|I259|Y|E8881|Y|E669|Y|R7303|Y|D649|Y|I10|N|Z560|Y|Z9189|N|||||||||| | | | | | | | | | | | | | | | | | | | | | |Z741|20-Mar-2018|F419|20-Mar-2018|Z9181|20-Mar-2018|Z1331|20-Mar-2018|Z1331|20-Mar-2018|||||||||||||||||||||||||||||||||||||||||0|0||2|450|96127|3.0|2018-03-21T00:00:00|hospital_B|hospital_B_20180320
SYN_BENE_28D372C227BC|SYN_CLM_413FB3EDF898|V|60|20-Mar-2018|20-Mar-2018|23-Mar-2018||3|491581|1|1|1|| |950.31|0.0| ||49|1063523132| |9999868992| |9999868992|||0|1| |950.31|20-Mar-2018|1|2|A|10|0.0|190.06|0|4|0.0|0.0|0|0|0|0|0|0|0|0|0|0|0|0|0|||||20-Mar-2018|951.0|0|0||Z733|Z733|N|G309|Y|Z653|Y|N1830|Y|R809|Y|E0922|N|E1129|Y|G43719|Y|E785|Y|E0922|N|E1121|Y|E781|Y|R931|Y|E119|Y|I259|Y|E8881|Y|E669|Y|R7303|Y|D649|Y|I10|N|Z560|Y|Z9189|N|||||||||| | | | | | | | | | | | | | | | | | | | | | |Z741|20-Mar-2018|F419|20-Mar-2018|Z9181|20-Mar-2018|Z1331|20-Mar-2018|Z1331|20-Mar-2018|||||||||||||||||||||||||||||||||||||||||0|0||3|450|M1069|3.0|2018-03-21T00:00:00|hospital_B|hospital_B_20180320
SYN_BENE_28D372C227BC|SYN_CLM_413FB3EDF898|V|60|20-Mar-2018|20-Mar-2018|23-Mar-2018||3|491581|1|1|1|| |950.31|0.0| ||49|1063523132| |9999868992| |9999868992|||0|1| |950.31|20-Mar-2018|1|2|A|10|0.0|190.06|0|4|0.0|0.0|0|0|0|0|0|0|0|0|0|0|0|0|0|||||20-Mar-2018|951.0|0|0||Z733|Z733|N|G309|Y|Z653|Y|N1830|Y|R809|Y|E0922|N|E1129|Y|G43719|Y|E785|Y|E0922|N|E1121|Y|E781|Y|R931|Y|E119|Y|I259|Y|E8881|Y|E669|Y|R7303|Y|D649|Y|I10|N|Z560|Y|Z9189|N|||||||||| | | | | | | | | | | | | | | | | | | | | | |Z741|20-Mar-2018|F419|20-Mar-2018|Z9181|20-Mar-2018|Z1331|20-Mar-2018|Z1331|20-Mar-2018|||||||||||||||||||||||||||||||||||||||||0|0||4|450|G0444|3.0|2018-03-21T00:00:00|hospital_B|hospital_B_20180320
SYN_BENE_28D372C227BC|SYN_CLM_413FB3EDF898|V|60|20-Mar-2018|20-Mar-2018|23-Mar-2018||3|491581|1|1|1|| |950.31|0.0| ||49|1063523132| |9999868992| |9999868992|||0|1| |950.31|20-Mar-2018|1|2|A|10|0.0|190.06|0|4|0.0|0.0|0|0|0|0|0|0|0|0|0|0|0|0|0|||||20-Mar-2018|951.0|0|0||Z733|Z733|N|G309|Y|Z653|Y|N1830|Y|R809|Y|E0922|N|E1129|Y|G43719|Y|E785|Y|E0922|N|E1121|Y|E781|Y|R931|Y|E119|Y|I259|Y|E8881|Y|E669|Y|R7303|Y|D649|Y|I10|N|Z560|Y|Z9189|N|||||||||| | | | | | | | | | | | | | | | | | | | | | |Z741|20-Mar-2018|F419|20-Mar-2018|Z9181|20-Mar-2018|Z1331|20-Mar-2018|Z1331|20-Mar-2018|||||||||||||||||||||||||||||||||||||||||0|0||5|450|G0444|3.0|2018-03-21T00:00:00|hospital_B|hospital_B_20180320
SYN_BENE_63EA03111A57|SYN_CLM_1EE1D6D96576|V|60|20-Mar-2018|20-Mar-2018|23-Mar-2018||3|491581|1|1|1|| |950.31|0.0| ||49|1063523132| |9999868992| |9999868992|||0|1| |950.31|20-Mar-2018|1|2|A|10|0.0|190.06|0|4|0.0|0.0|0|0|0|0|0|0|0|0|0|0|0|0|0|||||20-Mar-2018|951.0|0|0||Z733|Z733|N|G309|Y|Z653|Y|N1830|Y|R809|Y|E0922|N|E1129|Y|G43719|Y|E785|Y|E0922|N|E1121|Y|E781|Y|R931|Y|E119|Y|I259|Y|E8881|Y|E669|Y|R7303|Y|D649|Y|I10|N|Z560|Y|Z9189|N|||||||||| | | | | | | | | | | | | | | | | | | | | | |Z741|20-Mar-2018|F419|20-Mar-2018|Z9181|20-Mar-2018|Z1331|20-Mar-2018|Z1331|20-Mar-2018|||||||||||||||||||||||||||||||||||||||||0|0||1|450|96156|3.0|2018-03-21T00:00:00|hospital_B|hospital_B_20180320
SYN_BENE_63EA03111A57|SYN_CLM_1EE1D6D96576|V|60|20-Mar-2018|20-Mar-2018|23-Mar-2018||3|491581|1|1|1|| |950.31|0.0| ||49|1063523132| |9999868992| |9999868992|||0|1| |950.31|20-Mar-2018|1|2|A|10|0.0|190.06|0|4|0.0|0.0|0|0|0|0|0|0|0|0|0|0|0|0|0|||||20-Mar-2018|951.0|0|0||Z733|Z733|N|G309|Y|Z653|Y|N1830|Y|R809|Y|E0922|N|E1129|Y|G43719|Y|E785|Y|E0922|N|E1121|Y|E781|Y|R931|Y|E119|Y|I259|Y|E8881|Y|E669|Y|R7303|Y|D649|Y|I10|N|Z560|Y|Z9189|N|||||||||| | | | | | | | | | | | | | | | | | | | | | |Z741|20-Mar-2018|F419|20-Mar-2018|Z9181|20-Mar-2018|Z1331|20-Mar-2018|Z1331|20-Mar-2018|||||||||||||||||||||||||||||||||||||||||0|0||2|450|96127|3.0|2018-03-21T00:00:00|hospital_B|hospital_B_20180320
SYN_BENE_63EA03111A57|SYN_CLM_1EE1D6D96576|V|60|20-Mar-2018|20-Mar-2018|23-Mar-2018||3|491581|1|1|1|| |950.31|0.0| ||49|1063523132| |9999868992| |9999868992|||0|1| |950.31|20-Mar-2018|1|2|A|10|0.0|190.06|0|4|0.0|0.0|0|0|0|0|0|0|0|0|0|0|0|0|0|||||20-Mar-2018|951.0|0|0||Z733|Z733|N|G309|Y|Z653|Y|N1830|Y|R809|Y|E0922|N|E1129|Y|G43719|Y|E785|Y|E0922|N|E1121|Y|E781|Y|R931|Y|E119|Y|I259|Y|E8881|Y|E669|Y|R7303|Y|D649|Y|I10|N|Z560|Y|Z9189|N|||||||||| | | | | | | | | | | | | | | | | | | | | | |Z741|20-Mar-2018|F419|20-Mar-2018|Z9181|20-Mar-2018|Z1331|20-Mar-2018|Z1331|20-Mar-2018|||||||||||||||||||||||||||||||||||||||||0|0||3|450|M1069|3.0|2018-03-21T00:00:00|hospital_B|hospital_B_20180320
SYN_BENE_63EA03111A57|SYN_CLM_1EE1D6D96576|V|60|20-Mar-2018|20-Mar-2018|23-Mar-2018||3|491581|1|1|1|| |950.31|0.0| ||49|1063523132| |9999868992| |9999868992|||0|1| |950.31|20-Mar-2018|1|2|A|10|0.0|190.06|0|4|0.0|0.0|0|0|0|0|0|0|0|0|0|0|0|0|0|||||20-Mar-2018|951.0|0|0||Z733|Z733|N|G309|Y|Z653|Y|N1830|Y|R809|Y|E0922|N|E1129|Y|G43719|Y|E785|Y|E0922|N|E1121|Y|E781|Y|R931|Y|E119|Y|I259|Y|E8881|Y|E669|Y|R7303|Y|D649|Y|I10|N|Z560|Y|Z9189|N|||||||||| | | | | | | | | | | | | | | | | | | | | | |Z741|20-Mar-2018|F419|20-Mar-2018|Z9181|20-Mar-2018|Z1331|20-Mar-2018|Z1331|20-Mar-2018|||||||||||||||||||||||||||||||||||||||||0|0||4|450|G0444|3.0|2018-03-21T00:00:00|hospital_B|hospital_B_20180320
SYN_BENE_63EA03111A57|SYN_CLM_1EE1D6D96576|V|60|20-Mar-2018|20-Mar-2018|23-Mar-2018||3|491581|1|1|1|| |950.31|0.0| ||49|1063523132| |9999868992| |9999868992|||0|1| |950.31|20-Mar-2018|1|2|A|10|0.0|190.06|0|4|0.0|0.0|0|0|0|0|0|0|0|0|0|0|0|0|0|||||20-Mar-2018|951.0|0|0||Z733|Z733|N|G309|Y|Z653|Y|N1830|Y|R809|Y|E0922|N|E1129|Y|G43719|Y|E785|Y|E0922|N|E1121|Y|E781|Y|R931|Y|E119|Y|I259|Y|E8881|Y|E669|Y|R7303|Y|D649|Y|I10|N|Z560|Y|Z9189|N|||||||||| | | | | | | | | | | | | | | | | | | | | | |Z741|20-Mar-2018|F419|20-Mar-2018|Z9181|20-Mar-2018|Z1331|20-Mar-2018|Z1331|20-Mar-2018|||||||||||||||||||||||||||||||||||||||||0|0||5|450|G0444|3.0|2018-03-21T00:00:00|hospital_B|hospital_B_20180320
SYN_BENE_3DC648444355|SYN_CLM_D79BA877A81E|V|60|20-Mar-2018|20-Mar-2018|23-Mar-2018||3|491581|1|1|1|| |950.31|0.0| ||49|1063523132| |9999868992| |9999868992|||0|1| |950.31|20-Mar-2018|1|2|A|10|0.0|190.06|0|4|0.0|0.0|0|0|0|0|0|0|0|0|0|0|0|0|0|||||20-Mar-2018|951.0|0|0||Z733|Z733|N|G309|Y|Z653|Y|N1830|Y|R809|Y|E0922|N|E1129|Y|G43719|Y|E785|Y|E0922|N|E1121|Y|E781|Y|R931|Y|E119|Y|I259|Y|E8881|Y|E669|Y|R7303|Y|D649|Y|I10|N|Z560|Y|Z9189|N|||||||||| | | | | | | | | | | | | | | | | | | | | | |Z741|20-Mar-2018|F419|20-Mar-2018|Z9181|20-Mar-2018|Z1331|20-Mar-2018|Z1331|20-Mar-2018|||||||||||||||||||||||||||||||||||||||||0|0||1|450|96156|3.0|2018-03-21T00:00:00|hospital_B|hospital_B_20180320
SYN_BENE_3DC648444355|SYN_CLM_D79BA877A81E|V|60|20-Mar-2018|20-Mar-2018|23-Mar-2018||3|491581|1|1|1|| |950.31|0.0| ||49|1063523132| |9999868992| |9999868992|||0|1| |950.31|20-Mar-2018|1|2|A|10|0.0|190.06|0|4|0.0|0.0|0|0|0|0|0|0|0|0|0|0|0|0|0|||||20-Mar-2018|951.0|0|0||Z733|Z733|N|G309|Y|Z653|Y|N1830|Y|R809|Y|E0922|N|E1129|Y|G43719|Y|E785|Y|E0922|N|E1121|Y|E781|Y|R931|Y|E119|Y|I259|Y|E8881|Y|E669|Y|R7303|Y|D649|Y|I10|N|Z560|Y|Z9189|N|||||||||| | | | | | | | | | | | | | | | | | | | | | |Z741|20-Mar-2018|F419|20-Mar-2018|Z9181|20-Mar-2018|Z1331|20-Mar-2018|Z1331|20-Mar-2018|||||||||||||||||||||||||||||||||||||||||0|0||2|450|96127|3.0|2018-03-21T00:00:00|hospital_B|hospital_B_20180320
SYN_BENE_3DC648444355|SYN_CLM_D79BA877A81E|V|60|20-Mar-2018|20-Mar-2018|23-Mar-2018||3|491581|1|1|1|| |950.31|0.0| ||49|1063523132| |9999868992| |9999868992|||0|1| |950.31|20-Mar-2018|1|2|A|10|0.0|190.06|0|4|0.0|0.0|0|0|0|0|0|0|0|0|0|0|0|0|0|||||20-Mar-2018|951.0|0|0||Z733|Z733|N|G309|Y|Z653|Y|N1830|Y|R809|Y|E0922|N|E1129|Y|G43719|Y|E785|Y|E0922|N|E1121|Y|E781|Y|R931|Y|E119|Y|I259|Y|E8881|Y|E669|Y|R7303|Y|D649|Y|I10|N|Z560|Y|Z9189|N|||||||||| | | | | | | | | | | | | | | | | | | | | | |Z741|20-Mar-2018|F419|20-Mar-2018|Z9181|20-Mar-2018|Z1331|20-Mar-2018|Z1331|20-Mar-2018|||||||||||||||||||||||||||||||||||||||||0|0||3|450|M1069|3.0|2018-03-21T00:00:00|hospital_B|hospital_B_20180320
SYN_BENE_3DC648444355|SYN_CLM_D79BA877A81E|V|60|20-Mar-2018|20-Mar-2018|23-Mar-2018||3|491581|1|1|1|| |950.31|0.0| ||49|1063523132| |9999868992| |9999868992|||0|1| |950.31|20-Mar-2018|1|2|A|10|0.0|190.06|0|4|0.0|0.0|0|0|0|0|0|0|0|0|0|0|0|0|0|||||20-Mar-2018|951.0|0|0||Z733|Z733|N|G309|Y|Z653|Y|N1830|Y|R809|Y|E0922|N|E1129|Y|G43719|Y|E785|Y|E0922|N|E1121|Y|E781|Y|R931|Y|E119|Y|I259|Y|E8881|Y|E669|Y|R7303|Y|D649|Y|I10|N|Z560|Y|Z9189|N|||||||||| | | | | | | | | | | | | | | | | | | | | | |Z741|20-Mar-2018|F419|20-Mar-2018|Z9181|20-Mar-2018|Z1331|20-Mar-2018|Z1331|20-Mar-2018|||||||||||||||||||||||||||||||||||||||||0|0||4|450|G0444|3.0|2018-03-21T00:00:00|hospital_B|hospital_B_20180320
SYN_BENE_3DC648444355|SYN_CLM_D79BA877A81E|V|60|20-Mar-2018|20-Mar-2018|23-Mar-2018||3|491581|1|1|1|| |950.31|0.0| ||49|1063523132| |9999868992| |9999868992|||0|1| |950.31|20-Mar-2018|1|2|A|10|0.0|190.06|0|4|0.0|0.0|0|0|0|0|0|0|0|0|0|0|0|0|0|||||20-Mar-2018|951.0|0|0||Z733|Z733|N|G309|Y|Z653|Y|N1830|Y|R809|Y|E0922|N|E1129|Y|G43719|Y|E785|Y|E0922|N|E1121|Y|E781|Y|R931|Y|E119|Y|I259|Y|E8881|Y|E669|Y|R7303|Y|D649|Y|I10|N|Z560|Y|Z9189|N|||||||||| | | | | | | | | | | | | | | | | | | | | | |Z741|20-Mar-2018|F419|20-Mar-2018|Z9181|20-Mar-2018|Z1331|20-Mar-2018|Z1331|20-Mar-2018|||||||||||||||||||||||||||||||||||||||||0|0||5|450|G0444|3.0|2018-03-21T00:00:00|hospital_B|hospital_B_20180320
SYN_BENE_A67790BDD8F6|SYN_CLM_16769DD49E51|V|60|20-Mar-2018|20-Mar-2018|23-Mar-2018||3|491581|1|1|1|| |950.31|0.0| ||49|1063523132| |9999868992| |9999868992|||0|1| |950.31|20-Mar-2018|1|2|A|10|0.0|190.06|0|4|0.0|0.0|0|0|0|0|0|0|0|0|0|0|0|0|0|||||20-Mar-2018|951.0|0|0||Z733|Z733|N|G309|Y|Z653|Y|N1830|Y|R809|Y|E0922|N|E1129|Y|G43719|Y|E785|Y|E0922|N|E1121|Y|E781|Y|R931|Y|E119|Y|I259|Y|E8881|Y|E669|Y|R7303|Y|D649|Y|I10|N|Z560|Y|Z9189|N|||||||||| | | | | | | | | | | | | | | | | | | | | | |Z741|20-Mar-2018|F419|20-Mar-2018|Z9181|20-Mar-2018|Z1331|20-Mar-2018|Z1331|20-Mar-2018|||||||||||||||||||||||||||||||||||||||||0|0||1|450|96156|3.0|2018-03-21T00:00:00|hospital_B|hospital_B_20180320
SYN_BENE_A67790BDD8F6|SYN_CLM_16769DD49E51|V|60|20-Mar-2018|20-Mar-2018|23-Mar-2018||3|491581|1|1|1|| |950.31|0.0| ||49|1063523132| |9999868992| |9999868992|||0|1| |950.31|20-Mar-2018|1|2|A|10|0.0|190.06|0|4|0.0|0.0|0|0|0|0|0|0|0|0|0|0|0|0|0|||||20-Mar-2018|951.0|0|0||Z733|Z733|N|G309|Y|Z653|Y|N1830|Y|R809|Y|E0922|N|E1129|Y|G43719|Y|E785|Y|E0922|N|E1121|Y|E781|Y|R931|Y|E119|Y|I259|Y|E8881|Y|E669|Y|R7303|Y|D649|Y|I10|N|Z560|Y|Z9189|N|||||||||| | | | | | | | | | | | | | | | | | | | | | |Z741|20-Mar-2018|F419|20-Mar-2018|Z9181|20-Mar-2018|Z1331|20-Mar-2018|Z1331|20-Mar-2018|||||||||||||||||||||||||||||||||||||||||0|0||2|450|96127|3.0|2018-03-21T00:00:00|hospital_B|hospital_B_20180320
SYN_BENE_A67790BDD8F6|SYN_CLM_16769DD49E51|V|60|20-Mar-2018|20-Mar-2018|23-Mar-2018||3|491581|1|1|1|| |950.31|0.0| ||49|1063523132| |9999868992| |9999868992|||0|1| |950.31|20-Mar-2018|1|2|A|10|0.0|190.06|0|4|0.0|0.0|0|0|0|0|0|0|0|0|0|0|0|0|0|||||20-Mar-2018|951.0|0|0||Z733|Z733|N|G309|Y|Z653|Y|N1830|Y|R809|Y|E0922|N|E1129|Y|G43719|Y|E785|Y|E0922|N|E1121|Y|E781|Y|R931|Y|E119|Y|I259|Y|E8881|Y|E669|Y|R7303|Y|D649|Y|I10|N|Z560|Y|Z9189|N|||||||||| | | | | | | | | | | | | | | | | | | | | | |Z741|20-Mar-2018|F419|20-Mar-2018|Z9181|20-Mar-2018|Z1331|20-Mar-2018|Z1331|20-Mar-2018|||||||||||||||||||||||||||||||||||||||||0|0||3|450|M1069|3.0|2018-03-21T00:00:00|hospital_B|hospital_B_20180320
SYN_BENE_A67790BDD8F6|SYN_CLM_16769DD49E51|V|60|20-Mar-2018|20-Mar-2018|23-Mar-2018||3|491581|1|1|1|| |950.31|0.0| ||49|1063523132| |9999868992| |9999868992|||0|1| |950.31|20-Mar-2018|1|2|A|10|0.0|190.06|0|4|0.0|0.0|0|0|0|0|0|0|0|0|0|0|0|0|0|||||20-Mar-2018|951.0|0|0||Z733|Z733|N|G309|Y|Z653|Y|N1830|Y|R809|Y|E0922|N|E1129|Y|G43719|Y|E785|Y|E0922|N|E1121|Y|E781|Y|R931|Y|E119|Y|I259|Y|E8881|Y|E669|Y|R7303|Y|D649|Y|I10|N|Z560|Y|Z9189|N|||||||||| | | | | | | | | | | | | | | | | | | | | | |Z741|20-Mar-2018|F419|20-Mar-2018|Z9181|20-Mar-2018|Z1331|20-Mar-2018|Z1331|20-Mar-2018|||||||||||||||||||||||||||||||||||||||||0|0||4|450|G0444|3.0|2018-03-21T00:00:00|hospital_B|hospital_B_20180320
SYN_BENE_A67790BDD8F6|SYN_CLM_16769DD49E51|V|60|20-Mar-2018|20-Mar-2018|23-Mar-2018||3|491581|1|1|1|| |950.31|0.0| ||49|1063523132| |9999868992| |9999868992|||0|1| |950.31|20-Mar-2018|1|2|A|10|0.0|190.06|0|4|0.0|0.0|0|0|0|0|0|0|0|0|0|0|0|0|0|||||20-Mar-2018|951.0|0|0||Z733|Z733|N|G309|Y|Z653|Y|N1830|Y|R809|Y|E0922|N|E1129|Y|G43719|Y|E785|Y|E0922|N|E1121|Y|E781|Y|R931|Y|E119|Y|I259|Y|E8881|Y|E669|Y|R7303|Y|D649|Y|I10|N|Z560|Y|Z9189|N|||||||||| | | | | | | | | | | | | | | | | | | | | | |Z741|20-Mar-2018|F419|20-Mar-2018|Z9181|20-Mar-2018|Z1331|20-Mar-2018|Z1331|20-Mar-2018|||||||||||||||||||||||||||||||||||||||||0|0||5|450|G0444|3.0|2018-03-21T00:00:00|hospital_B|hospital_B_20180320
