BENE_ID|CLM_ID|NCH_NEAR_LINE_REC_IDENT_CD|NCH_CLM_TYPE_CD|CLM_FROM_DT|CLM_THRU_DT|NCH_WKLY_PROC_DT|FI_CLM_PROC_DT|CLAIM_QUERY_CODE|PRVDR_NUM|CLM_FAC_TYPE_CD|CLM_SRVC_CLSFCTN_TYPE_CD|CLM_FREQ_CD|FI_NUM|CLM_MDCR_NON_PMT_RSN_CD|CLM_PMT_AMT|NCH_PRMRY_PYR_CLM_PD_AMT|NCH_PRMRY_PYR_CD|FI_CLM_ACTN_CD|PRVDR_STATE_CD|ORG_NPI_NUM|AT_PHYSN_UPIN|AT_PHYSN_NPI|OP_PHYSN_UPIN|OP_PHYSN_NPI|OT_PHYSN_UPIN|OT_PHYSN_NPI|CLM_MCO_PD_SW|PTNT_DSCHRG_STUS_CD|CLM_PPS_IND_CD|CLM_TOT_CHRG_AMT|CLM_ADMSN_DT|CLM_IP_ADMSN_TYPE_CD|CLM_SRC_IP_ADMSN_CD|NCH_PTNT_STATUS_IND_CD|CLM_PASS_THRU_PER_DIEM_AMT|NCH_BENE_IP_DDCTBL_AMT|NCH_BENE_PTA_COINSRNC_LBLTY_AM|NCH_BENE_BLOOD_DDCTBL_LBLTY_AM|NCH_PROFNL_CMPNT_CHRG_AMT|NCH_IP_NCVRD_CHRG_AMT|NCH_IP_TOT_DDCTN_AMT|CLM_TOT_PPS_CPTL_AMT|CLM_PPS_CPTL_FSP_AMT|CLM_PPS_CPTL_OUTLIER_AMT|CLM_PPS_CPTL_DSPRPRTNT_SHR_AMT|CLM_PPS_CPTL_IME_AMT|CLM_PPS_CPTL_EXCPTN_AMT|CLM_PPS_OLD_CPTL_HLD_HRMLS_AMT|CLM_PPS_CPTL_DRG_WT_NUM|CLM_UTLZTN_DAY_CNT|BENE_TOT_COINSRNC_DAYS_CNT|BENE_LRD_USED_CNT|CLM_NON_UTLZTN_DAYS_CNT|NCH_BLOOD_PNTS_FRNSHD_QTY|NCH_VRFD_NCVRD_STAY_FROM_DT|NCH_VRFD_NCVRD_STAY_THRU_DT|NCH_ACTV_OR_CVRD_LVL_CARE_THRU|NCH_BENE_MDCR_BNFTS_EXHTD_DT_I|NCH_BENE_DSCHRG_DT|CLM_DRG_CD|CLM_DRG_OUTLIER_STAY_CD|NCH_DRG_OUTLIER_APRVD_PMT_AMT|ADMTG_DGNS_CD|PRNCPAL_DGNS_CD|ICD_DGNS_CD1|CLM_POA_IND_SW1|ICD_DGNS_CD2|CLM_POA_IND_SW2|ICD_DGNS_CD3|CLM_POA_IND_SW3|ICD_DGNS_CD4|CLM_POA_IND_SW4|ICD_DGNS_CD5|CLM_POA_IND_SW5|ICD_DGNS_CD6|CLM_POA_IND_SW6|ICD_DGNS_CD7|CLM_POA_IND_SW7|ICD_DGNS_CD8|CLM_POA_IND_SW8|ICD_DGNS_CD9|CLM_POA_IND_SW9|ICD_DGNS_CD10|CLM_POA_IND_SW10|ICD_DGNS_CD11|CLM_POA_IND_SW11|ICD_DGNS_CD12|CLM_POA_IND_SW12|ICD_DGNS_CD13|CLM_POA_IND_SW13|ICD_DGNS_CD14|CLM_POA_IND_SW14|ICD_DGNS_CD15|CLM_POA_IND_SW15|ICD_DGNS_CD16|CLM_POA_IND_SW16|ICD_DGNS_CD17|CLM_POA_IND_SW17|ICD_DGNS_CD18|CLM_POA_IND_SW18|ICD_DGNS_CD19|CLM_POA_IND_SW19|ICD_DGNS_CD20|CLM_POA_IND_SW20|ICD_DGNS_CD21|CLM_POA_IND_SW21|ICD_DGNS_CD22|CLM_POA_IND_SW22|ICD_DGNS_CD23|CLM_POA_IND_SW23|ICD_DGNS_CD24|CLM_POA_IND_SW24|ICD_DGNS_CD25|CLM_POA_IND_SW25|FST_DGNS_E_CD|ICD_DGNS_E_CD1|CLM_E_POA_IND_SW1|ICD_DGNS_E_CD2|CLM_E_POA_IND_SW2|ICD_DGNS_E_CD3|CLM_E_POA_IND_SW3|ICD_DGNS_E_CD4|CLM_E_POA_IND_SW4|ICD_DGNS_E_CD5|CLM_E_POA_IND_SW5|ICD_DGNS_E_CD6|CLM_E_POA_IND_SW6|ICD_DGNS_E_CD7|CLM_E_POA_IND_SW7|ICD_DGNS_E_CD8|CLM_E_POA_IND_SW8|ICD_DGNS_E_CD9|CLM_E_POA_IND_SW9|ICD_DGNS_E_CD10|CLM_E_POA_IND_SW10|ICD_DGNS_E_CD11|CLM_E_POA_IND_SW11|ICD_DGNS_E_CD12|CLM_E_POA_IND_SW12|ICD_PRCDR_CD1|PRCDR_DT1|ICD_PRCDR_CD2|PRCDR_DT2|ICD_PRCDR_CD3|PRCDR_DT3|ICD_PRCDR_CD4|PRCDR_DT4|ICD_PRCDR_CD5|PRCDR_DT5|ICD_PRCDR_CD6|PRCDR_DT6|ICD_PRCDR_CD7|PRCDR_DT7|ICD_PRCDR_CD8|PRCDR_DT8|ICD_PRCDR_CD9|PRCDR_DT9|ICD_PRCDR_CD10|PRCDR_DT10|ICD_PRCDR_CD11|PRCDR_DT11|ICD_PRCDR_CD12|PRCDR_DT12|ICD_PRCDR_CD13|PRCDR_DT13|ICD_PRCDR_CD14|PRCDR_DT14|ICD_PRCDR_CD15|PRCDR_DT15|ICD_PRCDR_CD16|PRCDR_DT16|ICD_PRCDR_CD17|PRCDR_DT17|ICD_PRCDR_CD18|PRCDR_DT18|ICD_PRCDR_CD19|PRCDR_DT19|ICD_PRCDR_CD20|PRCDR_DT20|ICD_PRCDR_CD21|PRCDR_DT21|ICD_PRCDR_CD22|PRCDR_DT22|ICD_PRCDR_CD23|PRCDR_DT23|ICD_PRCDR_CD24|PRCDR_DT24|ICD_PRCDR_CD25|PRCDR_DT25|IME_OP_CLM_VAL_AMT|DSH_OP_CLM_VAL_AMT|CLM_UNCOMPD_CARE_PMT_AMT|CLM_LINE_NUM|REV_CNTR|HCPCS_CD|REV_CNTR_DDCTBL_COINSRNC_CD|ingestion_timestamp|hospital_id|batch_id
-10000010255799|-10000930085310|V|60|15-Jul-2019|15-Jul-2019|19-Jul-2019||3|030115|1|1|1|| |1705.4|0.0| ||3|1275566200| |9999997494| |9999997494|||0|1| |1705.4|15-Jul-2019|1|1|A|10|0.0|0.0|0|4|1705.4|1705.4|0|0|0|0|0|0|0|0|0|0|0|0|0|||||15-Jul-2019|950.0|0|0||T7432X|T7432X|Y|N184|Y|F0280|Y|M810|Y|N1830|Y|E1022|Y|Z653|Y|N181|N|Z940|Y|E1129|Y|R809|N|D4959|Y|D075|Y|E1121|Y|F1110|Y|R931|Y|E11319|Y|I259|Y|I4891|Y|R739|Y|E781|Y|E8881|Y|E119|Y|R7303|Y|D649|Y|Y04|X58|Y| | | | | | | | | | | | | | | | | | | | | | |GZ3|15-Jul-2019|Z741|15-Jul-2019|F419|15-Jul-2019|Z9181|15-Jul-2019|Z139|15-Jul-2019|Z1331|16-Jul-2019|Z1331|16-Jul-2019|||||||||||||||||||||||||||||||||||||0|0||1|450|99495|2.0|2019-07-16T00:00:00|hospital_A|hospital_A_20190715
-10000010255799|-10000930085310|V|60|15-Jul-2019|15-Jul-2019|19-Jul-2019||3|030115|1|1|1|| |1705.4|0.0| ||3|1275566200| |9999997494| |9999997494|||0|1| |1705.4|15-Jul-2019|1|1|A|10|0.0|0.0|0|4|1705.4|1705.4|0|0|0|0|0|0|0|0|0|0|0|0|0|||||15-Jul-2019|950.0|0|0||T7432X|T7432X|Y|N184|Y|F0280|Y|M810|Y|N1830|Y|E1022|Y|Z653|Y|N181|N|Z940|Y|E1129|Y|R809|N|D4959|Y|D075|Y|E1121|Y|F1110|Y|R931|Y|E11319|Y|I259|Y|I4891|Y|R739|Y|E781|Y|E8881|Y|E119|Y|R7303|Y|D649|Y|Y04|X58|Y| | | | | | | | | | | | | | | | | | | | | | |GZ3|15-Jul-2019|Z741|15-Jul-2019|F419|15-Jul-2019|Z9181|15-Jul-2019|Z139|15-Jul-2019|Z1331|16-Jul-2019|Z1331|16-Jul-2019|||||||||||||||||||||||||||||||||||||0|0||2|450|96156|2.0|2019-07-16T00:00:00|hospital_A|hospital_A_20190715
-10000010255799|-10000930085310|V|60|15-Jul-2019|15-Jul-2019|19-Jul-2019||3|030115|1|1|1|| |1705.4|0.0| ||3|1275566200| |9999997494| |9999997494|||0|1| |1705.4|15-Jul-2019|1|1|A|10|0.0|0.0|0|4|1705.4|1705.4|0|0|0|0|0|0|0|0|0|0|0|0|0|||||15-Jul-2019|950.0|0|0||T7432X|T7432X|Y|N184|Y|F0280|Y|M810|Y|N1830|Y|E1022|Y|Z653|Y|N181|N|Z940|Y|E1129|Y|R809|N|D4959|Y|D075|Y|E1121|Y|F1110|Y|R931|Y|E11319|Y|I259|Y|I4891|Y|R739|Y|E781|Y|E8881|Y|E119|Y|R7303|Y|D649|Y|Y04|X58|Y| | | | | | | | | | | | | | | | | | | | | | |GZ3|15-Jul-2019|Z741|15-Jul-2019|F419|15-Jul-2019|Z9181|15-Jul-2019|Z139|15-Jul-2019|Z1331|16-Jul-2019|Z1331|16-Jul-2019|||||||||||||||||||||||||||||||||||||0|0||3|450|96127|3.0|2019-07-16T00:00:00|hospital_A|hospital_A_20190715
-10000010255799|-10000930085310|V|60|15-Jul-2019|15-Jul-2019|19-Jul-2019||3|030115|1|1|1|| |1705.4|0.0| ||3|1275566200| |9999997494| |9999997494|||0|1| |1705.4|15-Jul-2019|1|1|A|10|0.0|0.0|0|4|1705.4|1705.4|0|0|0|0|0|0|0|0|0|0|0|0|0|||||15-Jul-2019|950.0|0|0||T7432X|T7432X|Y|N184|Y|F0280|Y|M810|Y|N1830|Y|E1022|Y|Z653|Y|N181|N|Z940|Y|E1129|Y|R809|N|D4959|Y|D075|Y|E1121|Y|F1110|Y|R931|Y|E11319|Y|I259|Y|I4891|Y|R739|Y|E781|Y|E8881|Y|E119|Y|R7303|Y|D649|Y|Y04|X58|Y| | | | | | | | | | | | | | | | | | | | | | |GZ3|15-Jul-2019|Z741|15-Jul-2019|F419|15-Jul-2019|Z9181|15-Jul-2019|Z139|15-Jul-2019|Z1331|16-Jul-2019|Z1331|16-Jul-2019|||||||||||||||||||||||||||||||||||||0|0||4|450|M1069|3.0|2019-07-16T00:00:00|hospital_A|hospital_A_20190715
-10000010255799|-10000930085310|V|60|15-Jul-2019|15-Jul-2019|19-Jul-2019||3|030115|1|1|1|| |1705.4|0.0| ||3|1275566200| |9999997494| |9999997494|||0|1| |1705.4|15-Jul-2019|1|1|A|10|0.0|0.0|0|4|1705.4|1705.4|0|0|0|0|0|0|0|0|0|0|0|0|0|||||15-Jul-2019|950.0|0|0||T7432X|T7432X|Y|N184|Y|F0280|Y|M810|Y|N1830|Y|E1022|Y|Z653|Y|N181|N|Z940|Y|E1129|Y|R809|N|D4959|Y|D075|Y|E1121|Y|F1110|Y|R931|Y|E11319|Y|I259|Y|I4891|Y|R739|Y|E781|Y|E8881|Y|E119|Y|R7303|Y|D649|Y|Y04|X58|Y| | | | | | | | | | | | | | | | | | | | | | |GZ3|15-Jul-2019|Z741|15-Jul-2019|F419|15-Jul-2019|Z9181|15-Jul-2019|Z139|15-Jul-2019|Z1331|16-Jul-2019|Z1331|16-Jul-2019|||||||||||||||||||||||||||||||||||||0|0||5|450|99401|3.0|2019-07-16T00:00:00|hospital_A|hospital_A_20190715
-10000010255799|-10000930085310|V|60|15-Jul-2019|15-Jul-2019|19-Jul-2019||3|030115|1|1|1|| |1705.4|0.0| ||3|1275566200| |9999997494| |9999997494|||0|1| |1705.4|15-Jul-2019|1|1|A|10|0.0|0.0|0|4|1705.4|1705.4|0|0|0|0|0|0|0|0|0|0|0|0|0|||||15-Jul-2019|950.0|0|0||T7432X|T7432X|Y|N184|Y|F0280|Y|M810|Y|N1830|Y|E1022|Y|Z653|Y|N181|N|Z940|Y|E1129|Y|R809|N|D4959|Y|D075|Y|E1121|Y|F1110|Y|R931|Y|E11319|Y|I259|Y|I4891|Y|R739|Y|E781|Y|E8881|Y|E119|Y|R7303|Y|D649|Y|Y04|X58|Y| | | | | | | | | | | | | | | | | | | | | | |GZ3|15-Jul-2019|Z741|15-Jul-2019|F419|15-Jul-2019|Z9181|15-Jul-2019|Z139|15-Jul-2019|Z1331|16-Jul-2019|Z1331|16-Jul-2019|||||||||||||||||||||||||||||||||||||0|0||6|450|G0444|3.0|2019-07-16T00:00:00|hospital_A|hospital_A_20190715
-10000010255799|-10000930085310|V|60|15-Jul-2019|15-Jul-2019|19-Jul-2019||3|030115|1|1|1|| |1705.4|0.0| ||3|1275566200| |9999997494| |9999997494|||0|1| |1705.4|15-Jul-2019|1|1|A|10|0.0|0.0|0|4|1705.4|1705.4|0|0|0|0|0|0|0|0|0|0|0|0|0|||||15-Jul-2019|950.0|0|0||T7432X|T7432X|Y|N184|Y|F0280|Y|M810|Y|N1830|Y|E1022|Y|Z653|Y|N181|N|Z940|Y|E1129|Y|R809|N|D4959|Y|D075|Y|E1121|Y|F1110|Y|R931|Y|E11319|Y|I259|Y|I4891|Y|R739|Y|E781|Y|E8881|Y|E119|Y|R7303|Y|D649|Y|Y04|X58|Y| | | | | | | | | | | | | | | | | | | | | | |GZ3|15-Jul-2019|Z741|15-Jul-2019|F419|15-Jul-2019|Z9181|15-Jul-2019|Z139|15-Jul-2019|Z1331|16-Jul-2019|Z1331|16-Jul-2019|||||||||||||||||||||||||||||||||||||0|0||7|450|G0444|3.0|2019-07-16T00:00:00|hospital_A|hospital_A_20190715
SYN_BENE_F138B7C26428|SYN_CLM_4D39E4061BAA|V|60|15-Jul-2019|15-Jul-2019|19-Jul-2019||3|030115|1|1|1|| |1705.4|0.0| ||3|1275566200| |9999997494| |9999997494|||0|1| |1705.4|15-Jul-2019|1|1|A|10|0.0|0.0|0|4|1705.4|1705.4|0|0|0|0|0|0|0|0|0|0|0|0|0|||||15-Jul-2019|950.0|0|0||T7432X|T7432X|Y|N184|Y|F0280|Y|M810|Y|N1830|Y|E1022|Y|Z653|Y|N181|N|Z940|Y|E1129|Y|R809|N|D4959|Y|D075|Y|E1121|Y|F1110|Y|R931|Y|E11319|Y|I259|Y|I4891|Y|R739|Y|E781|Y|E8881|Y|E119|Y|R7303|Y|D649|Y|Y04|X58|Y| | | | | | | | | | | | | | | | | | | | | | |GZ3|15-Jul-2019|Z741|15-Jul-2019|F419|15-Jul-2019|Z9181|15-Jul-2019|Z139|15-Jul-2019|Z1331|16-Jul-2019|Z1331|16-Jul-2019|||||||||||||||||||||||||||||||||||||0|0||1|450|99495|2.0|2019-07-16T00:00:00|hospital_A|hospital_A_20190715
SYN_BENE_F138B7C26428|SYN_CLM_4D39E4061BAA|V|60|15-Jul-2019|15-Jul-2019|19-Jul-2019||3|030115|1|1|1|| |1705.4|0.0| ||3|1275566200| |9999997494| |9999997494|||0|1| |1705.4|15-Jul-2019|1|1|A|10|0.0|0.0|0|4|1705.4|1705.4|0|0|0|0|0|0|0|0|0|0|0|0|0|||||15-Jul-2019|950.0|0|0||T7432X|T7432X|Y|N184|Y|F0280|Y|M810|Y|N1830|Y|E1022|Y|Z653|Y|N181|N|Z940|Y|E1129|Y|R809|N|D4959|Y|D075|Y|E1121|Y|F1110|Y|R931|Y|E11319|Y|I259|Y|I4891|Y|R739|Y|E781|Y|E8881|Y|E119|Y|R7303|Y|D649|Y|Y04|X58|Y| | | | | | | | | | | | | | | | | | | | | | |GZ3|15-Jul-2019|Z741|15-Jul-2019|F419|15-Jul-2019|Z9181|15-Jul-2019|Z139|15-Jul-2019|Z1331|16-Jul-2019|Z1331|16-Jul-2019|||||||||||||||||||||||||||||||||||||0|0||2|450|96156|2.0|2019-07-16T00:00:00|hospital_A|hospital_A_20190715
SYN_BENE_F138B7C26428|SYN_CLM_4D39E4061BAA|V|60|15-Jul-2019|15-Jul-2019|19-Jul-2019||3|030115|1|1|1|| |1705.4|0.0| ||3|1275566200| |9999997494| |9999997494|||0|1| |1705.4|15-Jul-2019|1|1|A|10|0.0|0.0|0|4|1705.4|1705.4|0|0|0|0|0|0|0|0|0|0|0|0|0|||||15-Jul-2019|950.0|0|0||T7432X|T7432X|Y|N184|Y|F0280|Y|M810|Y|N1830|Y|E1022|Y|Z653|Y|N181|N|Z940|Y|E1129|Y|R809|N|D4959|Y|D075|Y|E1121|Y|F1110|Y|R931|Y|E11319|Y|I259|Y|I4891|Y|R739|Y|E781|Y|E8881|Y|E119|Y|R7303|Y|D649|Y|Y04|X58|Y| | | | | | | | | | | | | | | | | | | | | | |GZ3|15-Jul-2019|Z741|15-Jul-2019|F419|15-Jul-2019|Z9181|15-Jul-2019|Z139|15-Jul-2019|Z1331|16-Jul-2019|Z1331|16-Jul-2019|||||||||||||||||||||||||||||||||||||0|0||3|450|96127|3.0|2019-07-16T00:00:00|hospital_A|hospital_A_20190715
SYN_BENE_F138B7C26428|SYN_CLM_4D39E4061BAA|V|60|15-Jul-2019|15-Jul-2019|19-Jul-2019||3|030115|1|1|1|| |1705.4|0.0| ||3|1275566200| |9999997494| |9999997494|||0|1| |1705.4|15-Jul-2019|1|1|A|10|0.0|0.0|0|4|1705.4|1705.4|0|0|0|0|0|0|0|0|0|0|0|0|0|||||15-Jul-2019|950.0|0|0||T7432X|T7432X|Y|N184|Y|F0280|Y|M810|Y|N1830|Y|E1022|Y|Z653|Y|N181|N|Z940|Y|E1129|Y|R809|N|D4959|Y|D075|Y|E1121|Y|F1110|Y|R931|Y|E11319|Y|I259|Y|I4891|Y|R739|Y|E781|Y|E8881|Y|E119|Y|R7303|Y|D649|Y|Y04|X58|Y| | | | | | | | | | | | | | | | | | | | | | |GZ3|15-Jul-2019|Z741|15-Jul-2019|F419|15-Jul-2019|Z9181|15-Jul-2019|Z139|15-Jul-2019|Z1331|16-Jul-2019|Z1331|16-Jul-2019|||||||||||||||||||||||||||||||||||||0|0||4|450|M1069|3.0|2019-07-16T00:00:00|hospital_A|hospital_A_20190715
SYN_BENE_F138B7C26428|SYN_CLM_4D39E4061BAA|V|60|15-Jul-2019|15-Jul-2019|19-Jul-2019||3|030115|1|1|1|| |1705.4|0.0| ||3|1275566200| |9999997494| |9999997494|||0|1| |1705.4|15-Jul-2019|1|1|A|10|0.0|0.0|0|4|1705.4|1705.4|0|0|0|0|0|0|0|0|0|0|0|0|0|||||15-Jul-2019|950.0|0|0||T7432X|T7432X|Y|N184|Y|F0280|Y|M810|Y|N1830|Y|E1022|Y|Z653|Y|N181|N|Z940|Y|E1129|Y|R809|N|D4959|Y|D075|Y|E1121|Y|F1110|Y|R931|Y|E11319|Y|I259|Y|I4891|Y|R739|Y|E781|Y|E8881|Y|E119|Y|R7303|Y|D649|Y|Y04|X58|Y| | | | | | | | | | | | | | | | | | | | | | |GZ3|15-Jul-2019|Z741|15-Jul-2019|F419|15-Jul-2019|Z9181|15-Jul-2019|Z139|15-Jul-2019|Z1331|16-Jul-2019|Z1331|16-Jul-2019|||||||||||||||||||||||||||||||||||||0|0||5|450|99401|3.0|2019-07-16T00:00:00|hospital_A|hospital_A_20190715
SYN_BENE_F138B7C26428|SYN_CLM_4D39E4061BAA|V|60|15-Jul-2019|15-Jul-2019|19-Jul-2019||3|030115|1|1|1|| |1705.4|0.0| ||3|1275566200| |9999997494| |9999997494|||0|1| |1705.4|15-Jul-2019|1|1|A|10|0.0|0.0|0|4|1705.4|1705.4|0|0|0|0|0|0|0|0|0|0|0|0|0|||||15-Jul-2019|950.0|0|0||T7432X|T7432X|Y|N184|Y|F0280|Y|M810|Y|N1830|Y|E1022|Y|Z653|Y|N181|N|Z940|Y|E1129|Y|R809|N|D4959|Y|D075|Y|E1121|Y|F1110|Y|R931|Y|E11319|Y|I259|Y|I4891|Y|R739|Y|E781|Y|E8881|Y|E119|Y|R7303|Y|D649|Y|Y04|X58|Y| | | | | | | | | | | | | | | | | | | | | | |GZ3|15-Jul-2019|Z741|15-Jul-2019|F419|15-Jul-2019|Z9181|15-Jul-2019|Z139|15-Jul-2019|Z1331|16-Jul-2019|Z1331|16-Jul-2019|||||||||||||||||||||||||||||||||||||0|0||6|450|G0444|3.0|2019-07-16T00:00:00|hospital_A|hospital_A_20190715
SYN_BENE_F138B7C26428|SYN_CLM_4D39E4061BAA|V|60|15-Jul-2019|15-Jul-2019|19-Jul-2019||3|030115|1|1|1|| |1705.4|0.0| ||3|1275566200| |9999997494| |9999997494|||0|1| |1705.4|15-Jul-2019|1|1|A|10|0.0|0.0|0|4|1705.4|1705.4|0|0|0|0|0|0|0|0|0|0|0|0|0|||||15-Jul-2019|950.0|0|0||T7432X|T7432X|Y|N184|Y|F0280|Y|M810|Y|N1830|Y|E1022|Y|Z653|Y|N181|N|Z940|Y|E1129|Y|R809|N|D4959|Y|D075|Y|E1121|Y|F1110|Y|R931|Y|E11319|Y|I259|Y|I4891|Y|R739|Y|E781|Y|E8881|Y|E119|Y|R7303|Y|D649|Y|Y04|X58|Y| | | | | | | | | | | | | | | | | | | | | | |GZ3|15-Jul-2019|Z741|15-Jul-2019|F419|15-Jul-2019|Z9181|15-Jul-2019|Z139|15-Jul-2019|Z1331|16-Jul-2019|Z1331|16-Jul-2019|||||||||||||||||||||||||||||||||||||0|0||7|450|G0444|3.0|2019-07-16T00:00:00|hospital_A|hospital_A_20190715
SYN_BENE_0B8EF935714A|SYN_CLM_8FCBDC3AC20D|V|60|15-Jul-2019|15-Jul-2019|19-Jul-2019||3|030115|1|1|1|| |1705.4|0.0| ||3|1275566200| |9999997494| |9999997494|||0|1| |1705.4|15-Jul-2019|1|1|A|10|0.0|0.0|0|4|1705.4|1705.4|0|0|0|0|0|0|0|0|0|0|0|0|0|||||15-Jul-2019|950.0|0|0||T7432X|T7432X|Y|N184|Y|F0280|Y|M810|Y|N1830|Y|E1022|Y|Z653|Y|N181|N|Z940|Y|E1129|Y|R809|N|D4959|Y|D075|Y|E1121|Y|F1110|Y|R931|Y|E11319|Y|I259|Y|I4891|Y|R739|Y|E781|Y|E8881|Y|E119|Y|R7303|Y|D649|Y|Y04|X58|Y| | | | | | | | | | | | | | | | | | | | | | |GZ3|15-Jul-2019|Z741|15-Jul-2019|F419|15-Jul-2019|Z9181|15-Jul-2019|Z139|15-Jul-2019|Z1331|16-Jul-2019|Z1331|16-Jul-2019|||||||||||||||||||||||||||||||||||||0|0||1|450|99495|2.0|2019-07-16T00:00:00|hospital_A|hospital_A_20190715
SYN_BENE_0B8EF935714A|SYN_CLM_8FCBDC3AC20D|V|60|15-Jul-2019|15-Jul-2019|19-Jul-2019||3|030115|1|1|1|| |1705.4|0.0| ||3|1275566200| |9999997494| |9999997494|||0|1| |1705.4|15-Jul-2019|1|1|A|10|0.0|0.0|0|4|1705.4|1705.4|0|0|0|0|0|0|0|0|0|0|0|0|0|||||15-Jul-2019|950.0|0|0||T7432X|T7432X|Y|N184|Y|F0280|Y|M810|Y|N1830|Y|E1022|Y|Z653|Y|N181|N|Z940|Y|E1129|Y|R809|N|D4959|Y|D075|Y|E1121|Y|F1110|Y|R931|Y|E11319|Y|I259|Y|I4891|Y|R739|Y|E781|Y|E8881|Y|E119|Y|R7303|Y|D649|Y|Y04|X58|Y| | | | | | | | | | | | | | | | | | | | | | |GZ3|15-Jul-2019|Z741|15-Jul-2019|F419|15-Jul-2019|Z9181|15-Jul-2019|Z139|15-Jul-2019|Z1331|16-Jul-2019|Z1331|16-Jul-2019|||||||||||||||||||||||||||||||||||||0|0||2|450|96156|2.0|2019-07-16T00:00:00|hospital_A|hospital_A_20190715
SYN_BENE_0B8EF935714A|SYN_CLM_8FCBDC3AC20D|V|60|15-Jul-2019|15-Jul-2019|19-Jul-2019||3|030115|1|1|1|| |1705.4|0.0| ||3|1275566200| |9999997494| |9999997494|||0|1| |1705.4|15-Jul-2019|1|1|A|10|0.0|0.0|0|4|1705.4|1705.4|0|0|0|0|0|0|0|0|0|0|0|0|0|||||15-Jul-2019|950.0|0|0||T7432X|T7432X|Y|N184|Y|F0280|Y|M810|Y|N1830|Y|E1022|Y|Z653|Y|N181|N|Z940|Y|E1129|Y|R809|N|D4959|Y|D075|Y|E1121|Y|F1110|Y|R931|Y|E11319|Y|I259|Y|I4891|Y|R739|Y|E781|Y|E8881|Y|E119|Y|R7303|Y|D649|Y|Y04|X58|Y| | | | | | | | | | | | | | | | | | | | | | |GZ3|15-Jul-2019|Z741|15-Jul-2019|F419|15-Jul-2019|Z9181|15-Jul-2019|Z139|15-Jul-2019|Z1331|16-Jul-2019|Z1331|16-Jul-2019|||||||||||||||||||||||||||||||||||||0|0||3|450|96127|3.0|2019-07-16T00:00:00|hospital_A|hospital_A_20190715
SYN_BENE_0B8EF935714A|SYN_CLM_8FCBDC3AC20D|V|60|15-Jul-2019|15-Jul-2019|19-Jul-2019||3|030115|1|1|1|| |1705.4|0.0| ||3|1275566200| |9999997494| |9999997494|||0|1| |1705.4|15-Jul-2019|1|1|A|10|0.0|0.0|0|4|1705.4|1705.4|0|0|0|0|0|0|0|0|0|0|0|0|0|||||15-Jul-2019|950.0|0|0||T7432X|T7432X|Y|N184|Y|F0280|Y|M810|Y|N1830|Y|E1022|Y|Z653|Y|N181|N|Z940|Y|E1129|Y|R809|N|D4959|Y|D075|Y|E1121|Y|F1110|Y|R931|Y|E11319|Y|I259|Y|I4891|Y|R739|Y|E781|Y|E8881|Y|E119|Y|R7303|Y|D649|Y|Y04|X58|Y| | | | | | | | | | | | | | | | | | | | | | |GZ3|15-Jul-2019|Z741|15-Jul-2019|F419|15-Jul-2019|Z9181|15-Jul-2019|Z139|15-Jul-2019|Z1331|16-Jul-2019|Z1331|16-Jul-2019|||||||||||||||||||||||||||||||||||||0|0||4|450|M1069|3.0|2019-07-16T00:00:00|hospital_A|hospital_A_20190715
SYN_BENE_0B8EF935714A|SYN_CLM_8FCBDC3AC20D|V|60|15-Jul-2019|15-Jul-2019|19-Jul-2019||3|030115|1|1|1|| |1705.4|0.0| ||3|1275566200| |9999997494| |9999997494|||0|1| |1705.4|15-Jul-2019|1|1|A|10|0.0|0.0|0|4|1705.4|1705.4|0|0|0|0|0|0|0|0|0|0|0|0|0|||||15-Jul-2019|950.0|0|0||T7432X|T7432X|Y|N184|Y|F0280|Y|M810|Y|N1830|Y|E1022|Y|Z653|Y|N181|N|Z940|Y|E1129|Y|R809|N|D4959|Y|D075|Y|E1121|Y|F1110|Y|R931|Y|E11319|Y|I259|Y|I4891|Y|R739|Y|E781|Y|E8881|Y|E119|Y|R7303|Y|D649|Y|Y04|X58|Y| | | | | | | | | | | | | | | | | | | | | | |GZ3|15-Jul-2019|Z741|15-Jul-2019|F419|15-Jul-2019|Z9181|15-Jul-2019|Z139|15-Jul-2019|Z1331|16-Jul-2019|Z1331|16-Jul-2019|||||||||||||||||||||||||||||||||||||0|0||5|450|99401|3.0|2019-07-16T00:00:00|hospital_A|hospital_A_20190715
SYN_BENE_0B8EF935714A|SYN_CLM_8FCBDC3AC20D|V|60|15-Jul-2019|15-Jul-2019|19-Jul-2019||3|030115|1|1|1|| |1705.4|0.0| ||3|1275566200| |9999997494| |9999997494|||0|1| |1705.4|15-Jul-2019|1|1|A|10|0.0|0.0|0|4|1705.4|1705.4|0|0|0|0|0|0|0|0|0|0|0|0|0|||||15-Jul-2019|950.0|0|0||T7432X|T7432X|Y|N184|Y|F0280|Y|M810|Y|N1830|Y|E1022|Y|Z653|Y|N181|N|Z940|Y|E1129|Y|R809|N|D4959|Y|D075|Y|E1121|Y|F1110|Y|R931|Y|E11319|Y|I259|Y|I4891|Y|R739|Y|E781|Y|E8881|Y|E119|Y|R7303|Y|D649|Y|Y04|X58|Y| | | | | | | | | | | | | | | | | | | | | | |GZ3|15-Jul-2019|Z741|15-Jul-2019|F419|15-Jul-2019|Z9181|15-Jul-2019|Z139|15-Jul-2019|Z1331|16-Jul-2019|Z1331|16-Jul-2019|||||||||||||||||||||||||||||||||||||0|0||6|450|G0444|3.0|2019-07-16T00:00:00|hospital_A|hospital_A_20190715
SYN_BENE_0B8EF935714A|SYN_CLM_8FCBDC3AC20D|V|60|15-Jul-2019|15-Jul-2019|19-Jul-2019||3|030115|1|1|1|| |1705.4|0.0| ||3|1275566200| |9999997494| |9999997494|||0|1| |1705.4|15-Jul-2019|1|1|A|10|0.0|0.0|0|4|1705.4|1705.4|0|0|0|0|0|0|0|0|0|0|0|0|0|||||15-Jul-2019|950.0|0|0||T7432X|T7432X|Y|N184|Y|F0280|Y|M810|Y|N1830|Y|E1022|Y|Z653|Y|N181|N|Z940|Y|E1129|Y|R809|N|D4959|Y|D075|Y|E1121|Y|F1110|Y|R931|Y|E11319|Y|I259|Y|I4891|Y|R739|Y|E781|Y|E8881|Y|E119|Y|R7303|Y|D649|Y|Y04|X58|Y| | | | | | | | | | | | | | | | | | | | | | |GZ3|15-Jul-2019|Z741|15-Jul-2019|F419|15-Jul-2019|Z9181|15-Jul-2019|Z139|15-Jul-2019|Z1331|16-Jul-2019|Z1331|16-Jul-2019|||||||||||||||||||||||||||||||||||||0|0||7|450|G0444|3.0|2019-07-16T00:00:00|hospital_A|hospital_A_20190715
SYN_BENE_C45862377C07|SYN_CLM_346723D0797D|V|60|15-Jul-2019|15-Jul-2019|19-Jul-2019||3|030115|1|1|1|| |1705.4|0.0| ||3|1275566200| |9999997494| |9999997494|||0|1| |1705.4|15-Jul-2019|1|1|A|10|0.0|0.0|0|4|1705.4|1705.4|0|0|0|0|0|0|0|0|0|0|0|0|0|||||15-Jul-2019|950.0|0|0||T7432X|T7432X|Y|N184|Y|F0280|Y|M810|Y|N1830|Y|E1022|Y|Z653|Y|N181|N|Z940|Y|E1129|Y|R809|N|D4959|Y|D075|Y|E1121|Y|F1110|Y|R931|Y|E11319|Y|I259|Y|I4891|Y|R739|Y|E781|Y|E8881|Y|E119|Y|R7303|Y|D649|Y|Y04|X58|Y| | | | | | | | | | | | | | | | | | | | | | |GZ3|15-Jul-2019|Z741|15-Jul-2019|F419|15-Jul-2019|Z9181|15-Jul-2019|Z139|15-Jul-2019|Z1331|16-Jul-2019|Z1331|16-Jul-2019|||||||||||||||||||||||||||||||||||||0|0||1|450|99495|2.0|2019-07-16T00:00:00|hospital_A|hospital_A_20190715
SYN_BENE_C45862377C07|SYN_CLM_346723D0797D|V|60|15-Jul-2019|15-Jul-2019|19-Jul-2019||3|030115|1|1|1|| |1705.4|0.0| ||3|1275566200| |9999997494| |9999997494|||0|1| |1705.4|15-Jul-2019|1|1|A|10|0.0|0.0|0|4|1705.4|1705.4|0|0|0|0|0|0|0|0|0|0|0|0|0|||||15-Jul-2019|950.0|0|0||T7432X|T7432X|Y|N184|Y|F0280|Y|M810|Y|N1830|Y|E1022|Y|Z653|Y|N181|N|Z940|Y|E1129|Y|R809|N|D4959|Y|D075|Y|E1121|Y|F1110|Y|R931|Y|E11319|Y|I259|Y|I4891|Y|R739|Y|E781|Y|E8881|Y|E119|Y|R7303|Y|D649|Y|Y04|X58|Y| | | | | | | | | | | | | | | | | | | | | | |GZ3|15-Jul-2019|Z741|15-Jul-2019|F419|15-Jul-2019|Z9181|15-Jul-2019|Z139|15-Jul-2019|Z1331|16-Jul-2019|Z1331|16-Jul-2019|||||||||||||||||||||||||||||||||||||0|0||2|450|96156|2.0|2019-07-16T00:00:00|hospital_A|hospital_A_20190715
SYN_BENE_C45862377C07|SYN_CLM_346723D0797D|V|60|15-Jul-2019|15-Jul-2019|19-Jul-2019||3|030115|1|1|1|| |1705.4|0.0| ||3|1275566200| |9999997494| |9999997494|||0|1| |1705.4|15-Jul-2019|1|1|A|10|0.0|0.0|0|4|1705.4|1705.4|0|0|0|0|0|0|0|0|0|0|0|0|0|||||15-Jul-2019|950.0|0|0||T7432X|T7432X|Y|N184|Y|F0280|Y|M810|Y|N1830|Y|E1022|Y|Z653|Y|N181|N|Z940|Y|E1129|Y|R809|N|D4959|Y|D075|Y|E1121|Y|F1110|Y|R931|Y|E11319|Y|I259|Y|I4891|Y|R739|Y|E781|Y|E8881|Y|E119|Y|R7303|Y|D649|Y|Y04|X58|Y| | | | | | | | | | | | | | | | | | | | | | |GZ3|15-Jul-2019|Z741|15-Jul-2019|F419|15-Jul-2019|Z9181|15-Jul-2019|Z139|15-Jul-2019|Z1331|16-Jul-2019|Z1331|16-Jul-2019|||||||||||||||||||||||||||||||||||||0|0||3|450|96127|3.0|2019-07-16T00:00:00|hospital_A|hospital_A_20190715
SYN_BENE_C45862377C07|SYN_CLM_346723D0797D|V|60|15-Jul-2019|15-Jul-2019|19-Jul-2019||3|030115|1|1|1|| |1705.4|0.0| ||3|1275566200| |9999997494| |9999997494|||0|1| |1705.4|15-Jul-2019|1|1|A|10|0.0|0.0|0|4|1705.4|1705.4|0|0|0|0|0|0|0|0|0|0|0|0|0|||||15-Jul-2019|950.0|0|0||T7432X|T7432X|Y|N184|Y|F0280|Y|M810|Y|N1830|Y|E1022|Y|Z653|Y|N181|N|Z940|Y|E1129|Y|R809|N|D4959|Y|D075|Y|E1121|Y|F1110|Y|R931|Y|E11319|Y|I259|Y|I4891|Y|R739|Y|E781|Y|E8881|Y|E119|Y|R7303|Y|D649|Y|Y04|X58|Y| | | | | | | | | | | | | | | | | | | | | | |GZ3|15-Jul-2019|Z741|15-Jul-2019|F419|15-Jul-2019|Z9181|15-Jul-2019|Z139|15-Jul-2019|Z1331|16-Jul-2019|Z1331|16-Jul-2019|||||||||||||||||||||||||||||||||||||0|0||4|450|M1069|3.0|2019-07-16T00:00:00|hospital_A|hospital_A_20190715
SYN_BENE_C45862377C07|SYN_CLM_346723D0797D|V|60|15-Jul-2019|15-Jul-2019|19-Jul-2019||3|030115|1|1|1|| |1705.4|0.0| ||3|1275566200| |9999997494| |9999997494|||0|1| |1705.4|15-Jul-2019|1|1|A|10|0.0|0.0|0|4|1705.4|1705.4|0|0|0|0|0|0|0|0|0|0|0|0|0|||||15-Jul-2019|950.0|0|0||T7432X|T7432X|Y|N184|Y|F0280|Y|M810|Y|N1830|Y|E1022|Y|Z653|Y|N181|N|Z940|Y|E1129|Y|R809|N|D4959|Y|D075|Y|E1121|Y|F1110|Y|R931|Y|E11319|Y|I259|Y|I4891|Y|R739|Y|E781|Y|E8881|Y|E119|Y|R7303|Y|D649|Y|Y04|X58|Y| | | | | | | | | | | | | | | | | | | | | | |GZ3|15-Jul-2019|Z741|15-Jul-2019|F419|15-Jul-2019|Z9181|15-Jul-2019|Z139|15-Jul-2019|Z1331|16-Jul-2019|Z1331|16-Jul-2019|||||||||||||||||||||||||||||||||||||0|0||5|450|99401|3.0|2019-07-16T00:00:00|hospital_A|hospital_A_20190715
SYN_BENE_C45862377C07|SYN_CLM_346723D0797D|V|60|15-Jul-2019|15-Jul-2019|19-Jul-2019||3|030115|1|1|1|| |1705.4|0.0| ||3|1275566200| |9999997494| |9999997494|||0|1| |1705.4|15-Jul-2019|1|1|A|10|0.0|0.0|0|4|1705.4|1705.4|0|0|0|0|0|0|0|0|0|0|0|0|0|||||15-Jul-2019|950.0|0|0||T7432X|T7432X|Y|N184|Y|F0280|Y|M810|Y|N1830|Y|E1022|Y|Z653|Y|N181|N|Z940|Y|E1129|Y|R809|N|D4959|Y|D075|Y|E1121|Y|F1110|Y|R931|Y|E11319|Y|I259|Y|I4891|Y|R739|Y|E781|Y|E8881|Y|E119|Y|R7303|Y|D649|Y|Y04|X58|Y| | | | | | | | | | | | | | | | | | | | | | |GZ3|15-Jul-2019|Z741|15-Jul-2019|F419|15-Jul-2019|Z9181|15-Jul-2019|Z139|15-Jul-2019|Z1331|16-Jul-2019|Z1331|16-Jul-2019|||||||||||||||||||||||||||||||||||||0|0||6|450|G0444|3.0|2019-07-16T00:00:00|hospital_A|hospital_A_20190715
SYN_BENE_C45862377C07|SYN_CLM_346723D0797D|V|60|15-Jul-2019|15-Jul-2019|19-Jul-2019||3|030115|1|1|1|| |1705.4|0.0| ||3|1275566200| |9999997494| |9999997494|||0|1| |1705.4|15-Jul-2019|1|1|A|10|0.0|0.0|0|4|1705.4|1705.4|0|0|0|0|0|0|0|0|0|0|0|0|0|||||15-Jul-2019|950.0|0|0||T7432X|T7432X|Y|N184|Y|F0280|Y|M810|Y|N1830|Y|E1022|Y|Z653|Y|N181|N|Z940|Y|E1129|Y|R809|N|D4959|Y|D075|Y|E1121|Y|F1110|Y|R931|Y|E11319|Y|I259|Y|I4891|Y|R739|Y|E781|Y|E8881|Y|E119|Y|R7303|Y|D649|Y|Y04|X58|Y| | | | | | | | | | | | | | | | | | | | | | |GZ3|15-Jul-2019|Z741|15-Jul-2019|F419|15-Jul-2019|Z9181|15-Jul-2019|Z139|15-Jul-2019|Z1331|16-Jul-2019|Z1331|16-Jul-2019|||||||||||||||||||||||||||||||||||||0|0||7|450|G0444|3.0|2019-07-16T00:00:00|hospital_A|hospital_A_20190715
SYN_BENE_46E883A5808B|SYN_CLM_8377882B59CE|V|60|15-Jul-2019|15-Jul-2019|19-Jul-2019||3|030115|1|1|1|| |1705.4|0.0| ||3|1275566200| |9999997494| |9999997494|||0|1| |1705.4|15-Jul-2019|1|1|A|10|0.0|0.0|0|4|1705.4|1705.4|0|0|0|0|0|0|0|0|0|0|0|0|0|||||15-Jul-2019|950.0|0|0||T7432X|T7432X|Y|N184|Y|F0280|Y|M810|Y|N1830|Y|E1022|Y|Z653|Y|N181|N|Z940|Y|E1129|Y|R809|N|D4959|Y|D075|Y|E1121|Y|F1110|Y|R931|Y|E11319|Y|I259|Y|I4891|Y|R739|Y|E781|Y|E8881|Y|E119|Y|R7303|Y|D649|Y|Y04|X58|Y| | | | | | | | | | | | | | | | | | | | | | |GZ3|15-Jul-2019|Z741|15-Jul-2019|F419|15-Jul-2019|Z9181|15-Jul-2019|Z139|15-Jul-2019|Z1331|16-Jul-2019|Z1331|16-Jul-2019|||||||||||||||||||||||||||||||||||||0|0||1|450|99495|2.0|2019-07-16T00:00:00|hospital_A|hospital_A_20190715
SYN_BENE_46E883A5808B|SYN_CLM_8377882B59CE|V|60|15-Jul-2019|15-Jul-2019|19-Jul-2019||3|030115|1|1|1|| |1705.4|0.0| ||3|1275566200| |9999997494| |9999997494|||0|1| |1705.4|15-Jul-2019|1|1|A|10|0.0|0.0|0|4|1705.4|1705.4|0|0|0|0|0|0|0|0|0|0|0|0|0|||||15-Jul-2019|950.0|0|0||T7432X|T7432X|Y|N184|Y|F0280|Y|M810|Y|N1830|Y|E1022|Y|Z653|Y|N181|N|Z940|Y|E1129|Y|R809|N|D4959|Y|D075|Y|E1121|Y|F1110|Y|R931|Y|E11319|Y|I259|Y|I4891|Y|R739|Y|E781|Y|E8881|Y|E119|Y|R7303|Y|D649|Y|Y04|X58|Y| | | | | | | | | | | | | | | | | | | | | | |GZ3|15-Jul-2019|Z741|15-Jul-2019|F419|15-Jul-2019|Z9181|15-Jul-2019|Z139|15-Jul-2019|Z1331|16-Jul-2019|Z1331|16-Jul-2019|||||||||||||||||||||||||||||||||||||0|0||2|450|96156|2.0|2019-07-16T00:00:00|hospital_A|hospital_A_20190715
SYN_BENE_46E883A5808B|SYN_CLM_8377882B59CE|V|60|15-Jul-2019|15-Jul-2019|19-Jul-2019||3|030115|1|1|1|| |1705.4|0.0| ||3|1275566200| |9999997494| |9999997494|||0|1| |1705.4|15-Jul-2019|1|1|A|10|0.0|0.0|0|4|1705.4|1705.4|0|0|0|0|0|0|0|0|0|0|0|0|0|||||15-Jul-2019|950.0|0|0||T7432X|T7432X|Y|N184|Y|F0280|Y|M810|Y|N1830|Y|E1022|Y|Z653|Y|N181|N|Z940|Y|E1129|Y|R809|N|D4959|Y|D075|Y|E1121|Y|F1110|Y|R931|Y|E11319|Y|I259|Y|I4891|Y|R739|Y|E781|Y|E8881|Y|E119|Y|R7303|Y|D649|Y|Y04|X58|Y| | | | | | | | | | | | | | | | | | | | | | |GZ3|15-Jul-2019|Z741|15-Jul-2019|F419|15-Jul-2019|Z9181|15-Jul-2019|Z139|15-Jul-2019|Z1331|16-Jul-2019|Z1331|16-Jul-2019|||||||||||||||||||||||||||||||||||||0|0||3|450|96127|3.0|2019-07-16T00:00:00|hospital_A|hospital_A_20190715
SYN_BENE_46E883A5808B|SYN_CLM_8377882B59CE|V|60|15-Jul-2019|15-Jul-2019|19-Jul-2019||3|030115|1|1|1|| |1705.4|0.0| ||3|1275566200| |9999997494| |9999997494|||0|1| |1705.4|15-Jul-2019|1|1|A|10|0.0|0.0|0|4|1705.4|1705.4|0|0|0|0|0|0|0|0|0|0|0|0|0|||||15-Jul-2019|950.0|0|0||T7432X|T7432X|Y|N184|Y|F0280|Y|M810|Y|N1830|Y|E1022|Y|Z653|Y|N181|N|Z940|Y|E1129|Y|R809|N|D4959|Y|D075|Y|E1121|Y|F1110|Y|R931|Y|E11319|Y|I259|Y|I4891|Y|R739|Y|E781|Y|E8881|Y|E119|Y|R7303|Y|D649|Y|Y04|X58|Y| | | | | | | | | | | | | | | | | | | | | | |GZ3|15-Jul-2019|Z741|15-Jul-2019|F419|15-Jul-2019|Z9181|15-Jul-2019|Z139|15-Jul-2019|Z1331|16-Jul-2019|Z1331|16-Jul-2019|||||||||||||||||||||||||||||||||||||0|0||4|450|M1069|3.0|2019-07-16T00:00:00|hospital_A|hospital_A_20190715
SYN_BENE_46E883A5808B|SYN_CLM_8377882B59CE|V|60|15-Jul-2019|15-Jul-2019|19-Jul-2019||3|030115|1|1|1|| |1705.4|0.0| ||3|1275566200| |9999997494| |9999997494|||0|1| |1705.4|15-Jul-2019|1|1|A|10|0.0|0.0|0|4|1705.4|1705.4|0|0|0|0|0|0|0|0|0|0|0|0|0|||||15-Jul-2019|950.0|0|0||T7432X|T7432X|Y|N184|Y|F0280|Y|M810|Y|N1830|Y|E1022|Y|Z653|Y|N181|N|Z940|Y|E1129|Y|R809|N|D4959|Y|D075|Y|E1121|Y|F1110|Y|R931|Y|E11319|Y|I259|Y|I4891|Y|R739|Y|E781|Y|E8881|Y|E119|Y|R7303|Y|D649|Y|Y04|X58|Y| | | | | | | | | | | | | | | | | | | | | | |GZ3|15-Jul-2019|Z741|15-Jul-2019|F419|15-Jul-2019|Z9181|15-Jul-2019|Z139|15-Jul-2019|Z1331|16-Jul-2019|Z1331|16-Jul-2019|||||||||||||||||||||||||||||||||||||0|0||5|450|99401|3.0|2019-07-16T00:00:00|hospital_A|hospital_A_20190715
SYN_BENE_46E883A5808B|SYN_CLM_8377882B59CE|V|60|15-Jul-2019|15-Jul-2019|19-Jul-2019||3|030115|1|1|1|| |1705.4|0.0| ||3|1275566200| |9999997494| |9999997494|||0|1| |1705.4|15-Jul-2019|1|1|A|10|0.0|0.0|0|4|1705.4|1705.4|0|0|0|0|0|0|0|0|0|0|0|0|0|||||15-Jul-2019|950.0|0|0||T7432X|T7432X|Y|N184|Y|F0280|Y|M810|Y|N1830|Y|E1022|Y|Z653|Y|N181|N|Z940|Y|E1129|Y|R809|N|D4959|Y|D075|Y|E1121|Y|F1110|Y|R931|Y|E11319|Y|I259|Y|I4891|Y|R739|Y|E781|Y|E8881|Y|E119|Y|R7303|Y|D649|Y|Y04|X58|Y| | | | | | | | | | | | | | | | | | | | | | |GZ3|15-Jul-2019|Z741|15-Jul-2019|F419|15-Jul-2019|Z9181|15-Jul-2019|Z139|15-Jul-2019|Z1331|16-Jul-2019|Z1331|16-Jul-2019|||||||||||||||||||||||||||||||||||||0|0||6|450|G0444|3.0|2019-07-16T00:00:00|hospital_A|hospital_A_20190715
SYN_BENE_46E883A5808B|SYN_CLM_8377882B59CE|V|60|15-Jul-2019|15-Jul-2019|19-Jul-2019||3|030115|1|1|1|| |1705.4|0.0| ||3|1275566200| |9999997494| |9999997494|||0|1| |1705.4|15-Jul-2019|1|1|A|10|0.0|0.0|0|4|1705.4|1705.4|0|0|0|0|0|0|0|0|0|0|0|0|0|||||15-Jul-2019|950.0|0|0||T7432X|T7432X|Y|N184|Y|F0280|Y|M810|Y|N1830|Y|E1022|Y|Z653|Y|N181|N|Z940|Y|E1129|Y|R809|N|D4959|Y|D075|Y|E1121|Y|F1110|Y|R931|Y|E11319|Y|I259|Y|I4891|Y|R739|Y|E781|Y|E8881|Y|E119|Y|R7303|Y|D649|Y|Y04|X58|Y| | | | | | | | | | | | | | | | | | | | | | |GZ3|15-Jul-2019|Z741|15-Jul-2019|F419|15-Jul-2019|Z9181|15-Jul-2019|Z139|15-Jul-2019|Z1331|16-Jul-2019|Z1331|16-Jul-2019|||||||||||||||||||||||||||||||||||||0|0||7|450|G0444|3.0|2019-07-16T00:00:00|hospital_A|hospital_A_20190715
SYN_BENE_145A43CBDA77|SYN_CLM_94F89D752F20|V|60|15-Jul-2019|15-Jul-2019|19-Jul-2019||3|030115|1|1|1|| |1705.4|0.0| ||3|1275566200| |9999997494| |9999997494|||0|1| |1705.4|15-Jul-2019|1|1|A|10|0.0|0.0|0|4|1705.4|1705.4|0|0|0|0|0|0|0|0|0|0|0|0|0|||||15-Jul-2019|950.0|0|0||T7432X|T7432X|Y|N184|Y|F0280|Y|M810|Y|N1830|Y|E1022|Y|Z653|Y|N181|N|Z940|Y|E1129|Y|R809|N|D4959|Y|D075|Y|E1121|Y|F1110|Y|R931|Y|E11319|Y|I259|Y|I4891|Y|R739|Y|E781|Y|E8881|Y|E119|Y|R7303|Y|D649|Y|Y04|X58|Y| | | | | | | | | | | | | | | | | | | | | | |GZ3|15-Jul-2019|Z741|15-Jul-2019|F419|15-Jul-2019|Z9181|15-Jul-2019|Z139|15-Jul-2019|Z1331|16-Jul-2019|Z1331|16-Jul-2019|||||||||||||||||||||||||||||||||||||0|0||1|450|99495|2.0|2019-07-16T00:00:00|hospital_A|hospital_A_20190715
SYN_BENE_145A43CBDA77|SYN_CLM_94F89D752F20|V|60|15-Jul-2019|15-Jul-2019|19-Jul-2019||3|030115|1|1|1|| |1705.4|0.0| ||3|1275566200| |9999997494| |9999997494|||0|1| |1705.4|15-Jul-2019|1|1|A|10|0.0|0.0|0|4|1705.4|1705.4|0|0|0|0|0|0|0|0|0|0|0|0|0|||||15-Jul-2019|950.0|0|0||T7432X|T7432X|Y|N184|Y|F0280|Y|M810|Y|N1830|Y|E1022|Y|Z653|Y|N181|N|Z940|Y|E1129|Y|R809|N|D4959|Y|D075|Y|E1121|Y|F1110|Y|R931|Y|E11319|Y|I259|Y|I4891|Y|R739|Y|E781|Y|E8881|Y|E119|Y|R7303|Y|D649|Y|Y04|X58|Y| | | | | | | | | | | | | | | | | | | | | | |GZ3|15-Jul-2019|Z741|15-Jul-2019|F419|15-Jul-2019|Z9181|15-Jul-2019|Z139|15-Jul-2019|Z1331|16-Jul-2019|Z1331|16-Jul-2019|||||||||||||||||||||||||||||||||||||0|0||2|450|96156|2.0|2019-07-16T00:00:00|hospital_A|hospital_A_20190715
SYN_BENE_145A43CBDA77|SYN_CLM_94F89D752F20|V|60|15-Jul-2019|15-Jul-2019|19-Jul-2019||3|030115|1|1|1|| |1705.4|0.0| ||3|1275566200| |9999997494| |9999997494|||0|1| |1705.4|15-Jul-2019|1|1|A|10|0.0|0.0|0|4|1705.4|1705.4|0|0|0|0|0|0|0|0|0|0|0|0|0|||||15-Jul-2019|950.0|0|0||T7432X|T7432X|Y|N184|Y|F0280|Y|M810|Y|N1830|Y|E1022|Y|Z653|Y|N181|N|Z940|Y|E1129|Y|R809|N|D4959|Y|D075|Y|E1121|Y|F1110|Y|R931|Y|E11319|Y|I259|Y|I4891|Y|R739|Y|E781|Y|E8881|Y|E119|Y|R7303|Y|D649|Y|Y04|X58|Y| | | | | | | | | | | | | | | | | | | | | | |GZ3|15-Jul-2019|Z741|15-Jul-2019|F419|15-Jul-2019|Z9181|15-Jul-2019|Z139|15-Jul-2019|Z1331|16-Jul-2019|Z1331|16-Jul-2019|||||||||||||||||||||||||||||||||||||0|0||3|450|96127|3.0|2019-07-16T00:00:00|hospital_A|hospital_A_20190715
SYN_BENE_145A43CBDA77|SYN_CLM_94F89D752F20|V|60|15-Jul-2019|15-Jul-2019|19-Jul-2019||3|030115|1|1|1|| |1705.4|0.0| ||3|1275566200| |9999997494| |9999997494|||0|1| |1705.4|15-Jul-2019|1|1|A|10|0.0|0.0|0|4|1705.4|1705.4|0|0|0|0|0|0|0|0|0|0|0|0|0|||||15-Jul-2019|950.0|0|0||T7432X|T7432X|Y|N184|Y|F0280|Y|M810|Y|N1830|Y|E1022|Y|Z653|Y|N181|N|Z940|Y|E1129|Y|R809|N|D4959|Y|D075|Y|E1121|Y|F1110|Y|R931|Y|E11319|Y|I259|Y|I4891|Y|R739|Y|E781|Y|E8881|Y|E119|Y|R7303|Y|D649|Y|Y04|X58|Y| | | | | | | | | | | | | | | | | | | | | | |GZ3|15-Jul-2019|Z741|15-Jul-2019|F419|15-Jul-2019|Z9181|15-Jul-2019|Z139|15-Jul-2019|Z1331|16-Jul-2019|Z1331|16-Jul-2019|||||||||||||||||||||||||||||||||||||0|0||4|450|M1069|3.0|2019-07-16T00:00:00|hospital_A|hospital_A_20190715
SYN_BENE_145A43CBDA77|SYN_CLM_94F89D752F20|V|60|15-Jul-2019|15-Jul-2019|19-Jul-2019||3|030115|1|1|1|| |1705.4|0.0| ||3|1275566200| |9999997494| |9999997494|||0|1| |1705.4|15-Jul-2019|1|1|A|10|0.0|0.0|0|4|1705.4|1705.4|0|0|0|0|0|0|0|0|0|0|0|0|0|||||15-Jul-2019|950.0|0|0||T7432X|T7432X|Y|N184|Y|F0280|Y|M810|Y|N1830|Y|E1022|Y|Z653|Y|N181|N|Z940|Y|E1129|Y|R809|N|D4959|Y|D075|Y|E1121|Y|F1110|Y|R931|Y|E11319|Y|I259|Y|I4891|Y|R739|Y|E781|Y|E8881|Y|E119|Y|R7303|Y|D649|Y|Y04|X58|Y| | | | | | | | | | | | | | | | | | | | | | |GZ3|15-Jul-2019|Z741|15-Jul-2019|F419|15-Jul-2019|Z9181|15-Jul-2019|Z139|15-Jul-2019|Z1331|16-Jul-2019|Z1331|16-Jul-2019|||||||||||||||||||||||||||||||||||||0|0||5|450|99401|3.0|2019-07-16T00:00:00|hospital_A|hospital_A_20190715
SYN_BENE_145A43CBDA77|SYN_CLM_94F89D752F20|V|60|15-Jul-2019|15-Jul-2019|19-Jul-2019||3|030115|1|1|1|| |1705.4|0.0| ||3|1275566200| |9999997494| |9999997494|||0|1| |1705.4|15-Jul-2019|1|1|A|10|0.0|0.0|0|4|1705.4|1705.4|0|0|0|0|0|0|0|0|0|0|0|0|0|||||15-Jul-2019|950.0|0|0||T7432X|T7432X|Y|N184|Y|F0280|Y|M810|Y|N1830|Y|E1022|Y|Z653|Y|N181|N|Z940|Y|E1129|Y|R809|N|D4959|Y|D075|Y|E1121|Y|F1110|Y|R931|Y|E11319|Y|I259|Y|I4891|Y|R739|Y|E781|Y|E8881|Y|E119|Y|R7303|Y|D649|Y|Y04|X58|Y| | | | | | | | | | | | | | | | | | | | | | |GZ3|15-Jul-2019|Z741|15-Jul-2019|F419|15-Jul-2019|Z9181|15-Jul-2019|Z139|15-Jul-2019|Z1331|16-Jul-2019|Z1331|16-Jul-2019|||||||||||||||||||||||||||||||||||||0|0||6|450|G0444|3.0|2019-07-16T00:00:00|hospital_A|hospital_A_20190715
SYN_BENE_145A43CBDA77|SYN_CLM_94F89D752F20|V|60|15-Jul-2019|15-Jul-2019|19-Jul-2019||3|030115|1|1|1|| |1705.4|0.0| ||3|1275566200| |9999997494| |9999997494|||0|1| |1705.4|15-Jul-2019|1|1|A|10|0.0|0.0|0|4|1705.4|1705.4|0|0|0|0|0|0|0|0|0|0|0|0|0|||||15-Jul-2019|950.0|0|0||T7432X|T7432X|Y|N184|Y|F0280|Y|M810|Y|N1830|Y|E1022|Y|Z653|Y|N181|N|Z940|Y|E1129|Y|R809|N|D4959|Y|D075|Y|E1121|Y|F1110|Y|R931|Y|E11319|Y|I259|Y|I4891|Y|R739|Y|E781|Y|E8881|Y|E119|Y|R7303|Y|D649|Y|Y04|X58|Y| | | | | | | | | | | | | | | | | | | | | | |GZ3|15-Jul-2019|Z741|15-Jul-2019|F419|15-Jul-2019|Z9181|15-Jul-2019|Z139|15-Jul-2019|Z1331|16-Jul-2019|Z1331|16-Jul-2019|||||||||||||||||||||||||||||||||||||0|0||7|450|G0444|3.0|2019-07-16T00:00:00|hospital_A|hospital_A_20190715
SYN_BENE_083DC5B582A3|SYN_CLM_884246A58C72|V|60|15-Jul-2019|15-Jul-2019|19-Jul-2019||3|030115|1|1|1|| |1705.4|0.0| ||3|1275566200| |9999997494| |9999997494|||0|1| |1705.4|15-Jul-2019|1|1|A|10|0.0|0.0|0|4|1705.4|1705.4|0|0|0|0|0|0|0|0|0|0|0|0|0|||||15-Jul-2019|950.0|0|0||T7432X|T7432X|Y|N184|Y|F0280|Y|M810|Y|N1830|Y|E1022|Y|Z653|Y|N181|N|Z940|Y|E1129|Y|R809|N|D4959|Y|D075|Y|E1121|Y|F1110|Y|R931|Y|E11319|Y|I259|Y|I4891|Y|R739|Y|E781|Y|E8881|Y|E119|Y|R7303|Y|D649|Y|Y04|X58|Y| | | | | | | | | | | | | | | | | | | | | | |GZ3|15-Jul-2019|Z741|15-Jul-2019|F419|15-Jul-2019|Z9181|15-Jul-2019|Z139|15-Jul-2019|Z1331|16-Jul-2019|Z1331|16-Jul-2019|||||||||||||||||||||||||||||||||||||0|0||1|450|99495|2.0|2019-07-16T00:00:00|hospital_A|hospital_A_20190715
SYN_BENE_083DC5B582A3|SYN_CLM_884246A58C72|V|60|15-Jul-2019|15-Jul-2019|19-Jul-2019||3|030115|1|1|1|| |1705.4|0.0| ||3|1275566200| |9999997494| |9999997494|||0|1| |1705.4|15-Jul-2019|1|1|A|10|0.0|0.0|0|4|1705.4|1705.4|0|0|0|0|0|0|0|0|0|0|0|0|0|||||15-Jul-2019|950.0|0|0||T7432X|T7432X|Y|N184|Y|F0280|Y|M810|Y|N1830|Y|E1022|Y|Z653|Y|N181|N|Z940|Y|E1129|Y|R809|N|D4959|Y|D075|Y|E1121|Y|F1110|Y|R931|Y|E11319|Y|I259|Y|I4891|Y|R739|Y|E781|Y|E8881|Y|E119|Y|R7303|Y|D649|Y|Y04|X58|Y| | | | | | | | | | | | | | | | | | | | | | |GZ3|15-Jul-2019|Z741|15-Jul-2019|F419|15-Jul-2019|Z9181|15-Jul-2019|Z139|15-Jul-2019|Z1331|16-Jul-2019|Z1331|16-Jul-2019|||||||||||||||||||||||||||||||||||||0|0||2|450|96156|2.0|2019-07-16T00:00:00|hospital_A|hospital_A_20190715
SYN_BENE_083DC5B582A3|SYN_CLM_884246A58C72|V|60|15-Jul-2019|15-Jul-2019|19-Jul-2019||3|030115|1|1|1|| |1705.4|0.0| ||3|1275566200| |9999997494| |9999997494|||0|1| |1705.4|15-Jul-2019|1|1|A|10|0.0|0.0|0|4|1705.4|1705.4|0|0|0|0|0|0|0|0|0|0|0|0|0|||||15-Jul-2019|950.0|0|0||T7432X|T7432X|Y|N184|Y|F0280|Y|M810|Y|N1830|Y|E1022|Y|Z653|Y|N181|N|Z940|Y|E1129|Y|R809|N|D4959|Y|D075|Y|E1121|Y|F1110|Y|R931|Y|E11319|Y|I259|Y|I4891|Y|R739|Y|E781|Y|E8881|Y|E119|Y|R7303|Y|D649|Y|Y04|X58|Y| | | | | | | | | | | | | | | | | | | | | | |GZ3|15-Jul-2019|Z741|15-Jul-2019|F419|15-Jul-2019|Z9181|15-Jul-2019|Z139|15-Jul-2019|Z1331|16-Jul-2019|Z1331|16-Jul-2019|||||||||||||||||||||||||||||||||||||0|0||3|450|96127|3.0|2019-07-16T00:00:00|hospital_A|hospital_A_20190715
SYN_BENE_083DC5B582A3|SYN_CLM_884246A58C72|V|60|15-Jul-2019|15-Jul-2019|19-Jul-2019||3|030115|1|1|1|| |1705.4|0.0| ||3|1275566200| |9999997494| |9999997494|||0|1| |1705.4|15-Jul-2019|1|1|A|10|0.0|0.0|0|4|1705.4|1705.4|0|0|0|0|0|0|0|0|0|0|0|0|0|||||15-Jul-2019|950.0|0|0||T7432X|T7432X|Y|N184|Y|F0280|Y|M810|Y|N1830|Y|E1022|Y|Z653|Y|N181|N|Z940|Y|E1129|Y|R809|N|D4959|Y|D075|Y|E1121|Y|F1110|Y|R931|Y|E11319|Y|I259|Y|I4891|Y|R739|Y|E781|Y|E8881|Y|E119|Y|R7303|Y|D649|Y|Y04|X58|Y| | | | | | | | | | | | | | | | | | | | | | |GZ3|15-Jul-2019|Z741|15-Jul-2019|F419|15-Jul-2019|Z9181|15-Jul-2019|Z139|15-Jul-2019|Z1331|16-Jul-2019|Z1331|16-Jul-2019|||||||||||||||||||||||||||||||||||||0|0||4|450|M1069|3.0|2019-07-16T00:00:00|hospital_A|hospital_A_20190715
SYN_BENE_083DC5B582A3|SYN_CLM_884246A58C72|V|60|15-Jul-2019|15-Jul-2019|19-Jul-2019||3|030115|1|1|1|| |1705.4|0.0| ||3|1275566200| |9999997494| |9999997494|||0|1| |1705.4|15-Jul-2019|1|1|A|10|0.0|0.0|0|4|1705.4|1705.4|0|0|0|0|0|0|0|0|0|0|0|0|0|||||15-Jul-2019|950.0|0|0||T7432X|T7432X|Y|N184|Y|F0280|Y|M810|Y|N1830|Y|E1022|Y|Z653|Y|N181|N|Z940|Y|E1129|Y|R809|N|D4959|Y|D075|Y|E1121|Y|F1110|Y|R931|Y|E11319|Y|I259|Y|I4891|Y|R739|Y|E781|Y|E8881|Y|E119|Y|R7303|Y|D649|Y|Y04|X58|Y| | | | | | | | | | | | | | | | | | | | | | |GZ3|15-Jul-2019|Z741|15-Jul-2019|F419|15-Jul-2019|Z9181|15-Jul-2019|Z139|15-Jul-2019|Z1331|16-Jul-2019|Z1331|16-Jul-2019|||||||||||||||||||||||||||||||||||||0|0||5|450|99401|3.0|2019-07-16T00:00:00|hospital_A|hospital_A_20190715
SYN_BENE_083DC5B582A3|SYN_CLM_884246A58C72|V|60|15-Jul-2019|15-Jul-2019|19-Jul-2019||3|030115|1|1|1|| |1705.4|0.0| ||3|1275566200| |9999997494| |9999997494|||0|1| |1705.4|15-Jul-2019|1|1|A|10|0.0|0.0|0|4|1705.4|1705.4|0|0|0|0|0|0|0|0|0|0|0|0|0|||||15-Jul-2019|950.0|0|0||T7432X|T7432X|Y|N184|Y|F0280|Y|M810|Y|N1830|Y|E1022|Y|Z653|Y|N181|N|Z940|Y|E1129|Y|R809|N|D4959|Y|D075|Y|E1121|Y|F1110|Y|R931|Y|E11319|Y|I259|Y|I4891|Y|R739|Y|E781|Y|E8881|Y|E119|Y|R7303|Y|D649|Y|Y04|X58|Y| | | | | | | | | | | | | | | | | | | | | | |GZ3|15-Jul-2019|Z741|15-Jul-2019|F419|15-Jul-2019|Z9181|15-Jul-2019|Z139|15-Jul-2019|Z1331|16-Jul-2019|Z1331|16-Jul-2019|||||||||||||||||||||||||||||||||||||0|0||6|450|G0444|3.0|2019-07-16T00:00:00|hospital_A|hospital_A_20190715
SYN_BENE_083DC5B582A3|SYN_CLM_884246A58C72|V|60|15-Jul-2019|15-Jul-2019|19-Jul-2019||3|030115|1|1|1|| |1705.4|0.0| ||3|1275566200| |9999997494| |9999997494|||0|1| |1705.4|15-Jul-2019|1|1|A|10|0.0|0.0|0|4|1705.4|1705.4|0|0|0|0|0|0|0|0|0|0|0|0|0|||||15-Jul-2019|950.0|0|0||T7432X|T7432X|Y|N184|Y|F0280|Y|M810|Y|N1830|Y|E1022|Y|Z653|Y|N181|N|Z940|Y|E1129|Y|R809|N|D4959|Y|D075|Y|E1121|Y|F1110|Y|R931|Y|E11319|Y|I259|Y|I4891|Y|R739|Y|E781|Y|E8881|Y|E119|Y|R7303|Y|D649|Y|Y04|X58|Y| | | | | | | | | | | | | | | | | | | | | | |GZ3|15-Jul-2019|Z741|15-Jul-2019|F419|15-Jul-2019|Z9181|15-Jul-2019|Z139|15-Jul-2019|Z1331|16-Jul-2019|Z1331|16-Jul-2019|||||||||||||||||||||||||||||||||||||0|0||7|450|G0444|3.0|2019-07-16T00:00:00|hospital_A|hospital_A_20190715
SYN_BENE_0C3876FE0516|SYN_CLM_16C7C3F2C297|V|60|15-Jul-2019|15-Jul-2019|19-Jul-2019||3|030115|1|1|1|| |1705.4|0.0| ||3|1275566200| |9999997494| |9999997494|||0|1| |1705.4|15-Jul-2019|1|1|A|10|0.0|0.0|0|4|1705.4|1705.4|0|0|0|0|0|0|0|0|0|0|0|0|0|||||15-Jul-2019|950.0|0|0||T7432X|T7432X|Y|N184|Y|F0280|Y|M810|Y|N1830|Y|E1022|Y|Z653|Y|N181|N|Z940|Y|E1129|Y|R809|N|D4959|Y|D075|Y|E1121|Y|F1110|Y|R931|Y|E11319|Y|I259|Y|I4891|Y|R739|Y|E781|Y|E8881|Y|E119|Y|R7303|Y|D649|Y|Y04|X58|Y| | | | | | | | | | | | | | | | | | | | | | |GZ3|15-Jul-2019|Z741|15-Jul-2019|F419|15-Jul-2019|Z9181|15-Jul-2019|Z139|15-Jul-2019|Z1331|16-Jul-2019|Z1331|16-Jul-2019|||||||||||||||||||||||||||||||||||||0|0||1|450|99495|2.0|2019-07-16T00:00:00|hospital_A|hospital_A_20190715
SYN_BENE_0C3876FE0516|SYN_CLM_16C7C3F2C297|V|60|15-Jul-2019|15-Jul-2019|19-Jul-2019||3|030115|1|1|1|| |1705.4|0.0| ||3|1275566200| |9999997494| |9999997494|||0|1| |1705.4|15-Jul-2019|1|1|A|10|0.0|0.0|0|4|1705.4|1705.4|0|0|0|0|0|0|0|0|0|0|0|0|0|||||15-Jul-2019|950.0|0|0||T7432X|T7432X|Y|N184|Y|F0280|Y|M810|Y|N1830|Y|E1022|Y|Z653|Y|N181|N|Z940|Y|E1129|Y|R809|N|D4959|Y|D075|Y|E1121|Y|F1110|Y|R931|Y|E11319|Y|I259|Y|I4891|Y|R739|Y|E781|Y|E8881|Y|E119|Y|R7303|Y|D649|Y|Y04|X58|Y| | | | | | | | | | | | | | | | | | | | | | |GZ3|15-Jul-2019|Z741|15-Jul-2019|F419|15-Jul-2019|Z9181|15-Jul-2019|Z139|15-Jul-2019|Z1331|16-Jul-2019|Z1331|16-Jul-2019|||||||||||||||||||||||||||||||||||||0|0||2|450|96156|2.0|2019-07-16T00:00:00|hospital_A|hospital_A_20190715
SYN_BENE_0C3876FE0516|SYN_CLM_16C7C3F2C297|V|60|15-Jul-2019|15-Jul-2019|19-Jul-2019||3|030115|1|1|1|| |1705.4|0.0| ||3|1275566200| |9999997494| |9999997494|||0|1| |1705.4|15-Jul-2019|1|1|A|10|0.0|0.0|0|4|1705.4|1705.4|0|0|0|0|0|0|0|0|0|0|0|0|0|||||15-Jul-2019|950.0|0|0||T7432X|T7432X|Y|N184|Y|F0280|Y|M810|Y|N1830|Y|E1022|Y|Z653|Y|N181|N|Z940|Y|E1129|Y|R809|N|D4959|Y|D075|Y|E1121|Y|F1110|Y|R931|Y|E11319|Y|I259|Y|I4891|Y|R739|Y|E781|Y|E8881|Y|E119|Y|R7303|Y|D649|Y|Y04|X58|Y| | | | | | | | | | | | | | | | | | | | | | |GZ3|15-Jul-2019|Z741|15-Jul-2019|F419|15-Jul-2019|Z9181|15-Jul-2019|Z139|15-Jul-2019|Z1331|16-Jul-2019|Z1331|16-Jul-2019|||||||||||||||||||||||||||||||||||||0|0||3|450|96127|3.0|2019-07-16T00:00:00|hospital_A|hospital_A_20190715
SYN_BENE_0C3876FE0516|SYN_CLM_16C7C3F2C297|V|60|15-Jul-2019|15-Jul-2019|19-Jul-2019||3|030115|1|1|1|| |1705.4|0.0| ||3|1275566200| |9999997494| |9999997494|||0|1| |1705.4|15-Jul-2019|1|1|A|10|0.0|0.0|0|4|1705.4|1705.4|0|0|0|0|0|0|0|0|0|0|0|0|0|||||15-Jul-2019|950.0|0|0||T7432X|T7432X|Y|N184|Y|F0280|Y|M810|Y|N1830|Y|E1022|Y|Z653|Y|N181|N|Z940|Y|E1129|Y|R809|N|D4959|Y|D075|Y|E1121|Y|F1110|Y|R931|Y|E11319|Y|I259|Y|I4891|Y|R739|Y|E781|Y|E8881|Y|E119|Y|R7303|Y|D649|Y|Y04|X58|Y| | | | | | | | | | | | | | | | | | | | | | |GZ3|15-Jul-2019|Z741|15-Jul-2019|F419|15-Jul-2019|Z9181|15-Jul-2019|Z139|15-Jul-2019|Z1331|16-Jul-2019|Z1331|16-Jul-2019|||||||||||||||||||||||||||||||||||||0|0||4|450|M1069|3.0|2019-07-16T00:00:00|hospital_A|hospital_A_20190715
SYN_BENE_0C3876FE0516|SYN_CLM_16C7C3F2C297|V|60|15-Jul-2019|15-Jul-2019|19-Jul-2019||3|030115|1|1|1|| |1705.4|0.0| ||3|1275566200| |9999997494| |9999997494|||0|1| |1705.4|15-Jul-2019|1|1|A|10|0.0|0.0|0|4|1705.4|1705.4|0|0|0|0|0|0|0|0|0|0|0|0|0|||||15-Jul-2019|950.0|0|0||T7432X|T7432X|Y|N184|Y|F0280|Y|M810|Y|N1830|Y|E1022|Y|Z653|Y|N181|N|Z940|Y|E1129|Y|R809|N|D4959|Y|D075|Y|E1121|Y|F1110|Y|R931|Y|E11319|Y|I259|Y|I4891|Y|R739|Y|E781|Y|E8881|Y|E119|Y|R7303|Y|D649|Y|Y04|X58|Y| | | | | | | | | | | | | | | | | | | | | | |GZ3|15-Jul-2019|Z741|15-Jul-2019|F419|15-Jul-2019|Z9181|15-Jul-2019|Z139|15-Jul-2019|Z1331|16-Jul-2019|Z1331|16-Jul-2019|||||||||||||||||||||||||||||||||||||0|0||5|450|99401|3.0|2019-07-16T00:00:00|hospital_A|hospital_A_20190715
SYN_BENE_0C3876FE0516|SYN_CLM_16C7C3F2C297|V|60|15-Jul-2019|15-Jul-2019|19-Jul-2019||3|030115|1|1|1|| |1705.4|0.0| ||3|1275566200| |9999997494| |9999997494|||0|1| |1705.4|15-Jul-2019|1|1|A|10|0.0|0.0|0|4|1705.4|1705.4|0|0|0|0|0|0|0|0|0|0|0|0|0|||||15-Jul-2019|950.0|0|0||T7432X|T7432X|Y|N184|Y|F0280|Y|M810|Y|N1830|Y|E1022|Y|Z653|Y|N181|N|Z940|Y|E1129|Y|R809|N|D4959|Y|D075|Y|E1121|Y|F1110|Y|R931|Y|E11319|Y|I259|Y|I4891|Y|R739|Y|E781|Y|E8881|Y|E119|Y|R7303|Y|D649|Y|Y04|X58|Y| | | | | | | | | | | | | | | | | | | | | | |GZ3|15-Jul-2019|Z741|15-Jul-2019|F419|15-Jul-2019|Z9181|15-Jul-2019|Z139|15-Jul-2019|Z1331|16-Jul-2019|Z1331|16-Jul-2019|||||||||||||||||||||||||||||||||||||0|0||6|450|G0444|3.0|2019-07-16T00:00:00|hospital_A|hospital_A_20190715
SYN_BENE_0C3876FE0516|SYN_CLM_16C7C3F2C297|V|60|15-Jul-2019|15-Jul-2019|19-Jul-2019||3|030115|1|1|1|| |1705.4|0.0| ||3|1275566200| |9999997494| |9999997494|||0|1| |1705.4|15-Jul-2019|1|1|A|10|0.0|0.0|0|4|1705.4|1705.4|0|0|0|0|0|0|0|0|0|0|0|0|0|||||15-Jul-2019|950.0|0|0||T7432X|T7432X|Y|N184|Y|F0280|Y|M810|Y|N1830|Y|E1022|Y|Z653|Y|N181|N|Z940|Y|E1129|Y|R809|N|D4959|Y|D075|Y|E1121|Y|F1110|Y|R931|Y|E11319|Y|I259|Y|I4891|Y|R739|Y|E781|Y|E8881|Y|E119|Y|R7303|Y|D649|Y|Y04|X58|Y| | | | | | | | | | | | | | | | | | | | | | |GZ3|15-Jul-2019|Z741|15-Jul-2019|F419|15-Jul-2019|Z9181|15-Jul-2019|Z139|15-Jul-2019|Z1331|16-Jul-2019|Z1331|16-Jul-2019|||||||||||||||||||||||||||||||||||||0|0||7|450|G0444|3.0|2019-07-16T00:00:00|hospital_A|hospital_A_20190715
SYN_BENE_B9167DA50FCE|SYN_CLM_804A22CF145D|V|60|15-Jul-2019|15-Jul-2019|19-Jul-2019||3|030115|1|1|1|| |1705.4|0.0| ||3|1275566200| |9999997494| |9999997494|||0|1| |1705.4|15-Jul-2019|1|1|A|10|0.0|0.0|0|4|1705.4|1705.4|0|0|0|0|0|0|0|0|0|0|0|0|0|||||15-Jul-2019|950.0|0|0||T7432X|T7432X|Y|N184|Y|F0280|Y|M810|Y|N1830|Y|E1022|Y|Z653|Y|N181|N|Z940|Y|E1129|Y|R809|N|D4959|Y|D075|Y|E1121|Y|F1110|Y|R931|Y|E11319|Y|I259|Y|I4891|Y|R739|Y|E781|Y|E8881|Y|E119|Y|R7303|Y|D649|Y|Y04|X58|Y| | | | | | | | | | | | | | | | | | | | | | |GZ3|15-Jul-2019|Z741|15-Jul-2019|F419|15-Jul-2019|Z9181|15-Jul-2019|Z139|15-Jul-2019|Z1331|16-Jul-2019|Z1331|16-Jul-2019|||||||||||||||||||||||||||||||||||||0|0||1|450|99495|2.0|2019-07-16T00:00:00|hospital_A|hospital_A_20190715
SYN_BENE_B9167DA50FCE|SYN_CLM_804A22CF145D|V|60|15-Jul-2019|15-Jul-2019|19-Jul-2019||3|030115|1|1|1|| |1705.4|0.0| ||3|1275566200| |9999997494| |9999997494|||0|1| |1705.4|15-Jul-2019|1|1|A|10|0.0|0.0|0|4|1705.4|1705.4|0|0|0|0|0|0|0|0|0|0|0|0|0|||||15-Jul-2019|950.0|0|0||T7432X|T7432X|Y|N184|Y|F0280|Y|M810|Y|N1830|Y|E1022|Y|Z653|Y|N181|N|Z940|Y|E1129|Y|R809|N|D4959|Y|D075|Y|E1121|Y|F1110|Y|R931|Y|E11319|Y|I259|Y|I4891|Y|R739|Y|E781|Y|E8881|Y|E119|Y|R7303|Y|D649|Y|Y04|X58|Y| | | | | | | | | | | | | | | | | | | | | | |GZ3|15-Jul-2019|Z741|15-Jul-2019|F419|15-Jul-2019|Z9181|15-Jul-2019|Z139|15-Jul-2019|Z1331|16-Jul-2019|Z1331|16-Jul-2019|||||||||||||||||||||||||||||||||||||0|0||2|450|96156|2.0|2019-07-16T00:00:00|hospital_A|hospital_A_20190715
SYN_BENE_B9167DA50FCE|SYN_CLM_804A22CF145D|V|60|15-Jul-2019|15-Jul-2019|19-Jul-2019||3|030115|1|1|1|| |1705.4|0.0| ||3|1275566200| |9999997494| |9999997494|||0|1| |1705.4|15-Jul-2019|1|1|A|10|0.0|0.0|0|4|1705.4|1705.4|0|0|0|0|0|0|0|0|0|0|0|0|0|||||15-Jul-2019|950.0|0|0||T7432X|T7432X|Y|N184|Y|F0280|Y|M810|Y|N1830|Y|E1022|Y|Z653|Y|N181|N|Z940|Y|E1129|Y|R809|N|D4959|Y|D075|Y|E1121|Y|F1110|Y|R931|Y|E11319|Y|I259|Y|I4891|Y|R739|Y|E781|Y|E8881|Y|E119|Y|R7303|Y|D649|Y|Y04|X58|Y| | | | | | | | | | | | | | | | | | | | | | |GZ3|15-Jul-2019|Z741|15-Jul-2019|F419|15-Jul-2019|Z9181|15-Jul-2019|Z139|15-Jul-2019|Z1331|16-Jul-2019|Z1331|16-Jul-2019|||||||||||||||||||||||||||||||||||||0|0||3|450|96127|3.0|2019-07-16T00:00:00|hospital_A|hospital_A_20190715
SYN_BENE_B9167DA50FCE|SYN_CLM_804A22CF145D|V|60|15-Jul-2019|15-Jul-2019|19-Jul-2019||3|030115|1|1|1|| |1705.4|0.0| ||3|1275566200| |9999997494| |9999997494|||0|1| |1705.4|15-Jul-2019|1|1|A|10|0.0|0.0|0|4|1705.4|1705.4|0|0|0|0|0|0|0|0|0|0|0|0|0|||||15-Jul-2019|950.0|0|0||T7432X|T7432X|Y|N184|Y|F0280|Y|M810|Y|N1830|Y|E1022|Y|Z653|Y|N181|N|Z940|Y|E1129|Y|R809|N|D4959|Y|D075|Y|E1121|Y|F1110|Y|R931|Y|E11319|Y|I259|Y|I4891|Y|R739|Y|E781|Y|E8881|Y|E119|Y|R7303|Y|D649|Y|Y04|X58|Y| | | | | | | | | | | | | | | | | | | | | | |GZ3|15-Jul-2019|Z741|15-Jul-2019|F419|15-Jul-2019|Z9181|15-Jul-2019|Z139|15-Jul-2019|Z1331|16-Jul-2019|Z1331|16-Jul-2019|||||||||||||||||||||||||||||||||||||0|0||4|450|M1069|3.0|2019-07-16T00:00:00|hospital_A|hospital_A_20190715
SYN_BENE_B9167DA50FCE|SYN_CLM_804A22CF145D|V|60|15-Jul-2019|15-Jul-2019|19-Jul-2019||3|030115|1|1|1|| |1705.4|0.0| ||3|1275566200| |9999997494| |9999997494|||0|1| |1705.4|15-Jul-2019|1|1|A|10|0.0|0.0|0|4|1705.4|1705.4|0|0|0|0|0|0|0|0|0|0|0|0|0|||||15-Jul-2019|950.0|0|0||T7432X|T7432X|Y|N184|Y|F0280|Y|M810|Y|N1830|Y|E1022|Y|Z653|Y|N181|N|Z940|Y|E1129|Y|R809|N|D4959|Y|D075|Y|E1121|Y|F1110|Y|R931|Y|E11319|Y|I259|Y|I4891|Y|R739|Y|E781|Y|E8881|Y|E119|Y|R7303|Y|D649|Y|Y04|X58|Y| | | | | | | | | | | | | | | | | | | | | | |GZ3|15-Jul-2019|Z741|15-Jul-2019|F419|15-Jul-2019|Z9181|15-Jul-2019|Z139|15-Jul-2019|Z1331|16-Jul-2019|Z1331|16-Jul-2019|||||||||||||||||||||||||||||||||||||0|0||5|450|99401|3.0|2019-07-16T00:00:00|hospital_A|hospital_A_20190715
SYN_BENE_B9167DA50FCE|SYN_CLM_804A22CF145D|V|60|15-Jul-2019|15-Jul-2019|19-Jul-2019||3|030115|1|1|1|| |1705.4|0.0| ||3|1275566200| |9999997494| |9999997494|||0|1| |1705.4|15-Jul-2019|1|1|A|10|0.0|0.0|0|4|1705.4|1705.4|0|0|0|0|0|0|0|0|0|0|0|0|0|||||15-Jul-2019|950.0|0|0||T7432X|T7432X|Y|N184|Y|F0280|Y|M810|Y|N1830|Y|E1022|Y|Z653|Y|N181|N|Z940|Y|E1129|Y|R809|N|D4959|Y|D075|Y|E1121|Y|F1110|Y|R931|Y|E11319|Y|I259|Y|I4891|Y|R739|Y|E781|Y|E8881|Y|E119|Y|R7303|Y|D649|Y|Y04|X58|Y| | | | | | | | | | | | | | | | | | | | | | |GZ3|15-Jul-2019|Z741|15-Jul-2019|F419|15-Jul-2019|Z9181|15-Jul-2019|Z139|15-Jul-2019|Z1331|16-Jul-2019|Z1331|16-Jul-2019|||||||||||||||||||||||||||||||||||||0|0||6|450|G0444|3.0|2019-07-16T00:00:00|hospital_A|hospital_A_20190715
SYN_BENE_B9167DA50FCE|SYN_CLM_804A22CF145D|V|60|15-Jul-2019|15-Jul-2019|19-Jul-2019||3|030115|1|1|1|| |1705.4|0.0| ||3|1275566200| |9999997494| |9999997494|||0|1| |1705.4|15-Jul-2019|1|1|A|10|0.0|0.0|0|4|1705.4|1705.4|0|0|0|0|0|0|0|0|0|0|0|0|0|||||15-Jul-2019|950.0|0|0||T7432X|T7432X|Y|N184|Y|F0280|Y|M810|Y|N1830|Y|E1022|Y|Z653|Y|N181|N|Z940|Y|E1129|Y|R809|N|D4959|Y|D075|Y|E1121|Y|F1110|Y|R931|Y|E11319|Y|I259|Y|I4891|Y|R739|Y|E781|Y|E8881|Y|E119|Y|R7303|Y|D649|Y|Y04|X58|Y| | | | | | | | | | | | | | | | | | | | | | |GZ3|15-Jul-2019|Z741|15-Jul-2019|F419|15-Jul-2019|Z9181|15-Jul-2019|Z139|15-Jul-2019|Z1331|16-Jul-2019|Z1331|16-Jul-2019|||||||||||||||||||||||||||||||||||||0|0||7|450|G0444|3.0|2019-07-16T00:00:00|hospital_A|hospital_A_20190715
SYN_BENE_684B1D4DE38C|SYN_CLM_81259A9CC2BF|V|60|15-Jul-2019|15-Jul-2019|19-Jul-2019||3|030115|1|1|1|| |1705.4|0.0| ||3|1275566200| |9999997494| |9999997494|||0|1| |1705.4|15-Jul-2019|1|1|A|10|0.0|0.0|0|4|1705.4|1705.4|0|0|0|0|0|0|0|0|0|0|0|0|0|||||15-Jul-2019|950.0|0|0||T7432X|T7432X|Y|N184|Y|F0280|Y|M810|Y|N1830|Y|E1022|Y|Z653|Y|N181|N|Z940|Y|E1129|Y|R809|N|D4959|Y|D075|Y|E1121|Y|F1110|Y|R931|Y|E11319|Y|I259|Y|I4891|Y|R739|Y|E781|Y|E8881|Y|E119|Y|R7303|Y|D649|Y|Y04|X58|Y| | | | | | | | | | | | | | | | | | | | | | |GZ3|15-Jul-2019|Z741|15-Jul-2019|F419|15-Jul-2019|Z9181|15-Jul-2019|Z139|15-Jul-2019|Z1331|16-Jul-2019|Z1331|16-Jul-2019|||||||||||||||||||||||||||||||||||||0|0||1|450|99495|2.0|2019-07-16T00:00:00|hospital_A|hospital_A_20190715
SYN_BENE_684B1D4DE38C|SYN_CLM_81259A9CC2BF|V|60|15-Jul-2019|15-Jul-2019|19-Jul-2019||3|030115|1|1|1|| |1705.4|0.0| ||3|1275566200| |9999997494| |9999997494|||0|1| |1705.4|15-Jul-2019|1|1|A|10|0.0|0.0|0|4|1705.4|1705.4|0|0|0|0|0|0|0|0|0|0|0|0|0|||||15-Jul-2019|950.0|0|0||T7432X|T7432X|Y|N184|Y|F0280|Y|M810|Y|N1830|Y|E1022|Y|Z653|Y|N181|N|Z940|Y|E1129|Y|R809|N|D4959|Y|D075|Y|E1121|Y|F1110|Y|R931|Y|E11319|Y|I259|Y|I4891|Y|R739|Y|E781|Y|E8881|Y|E119|Y|R7303|Y|D649|Y|Y04|X58|Y| | | | | | | | | | | | | | | | | | | | | | |GZ3|15-Jul-2019|Z741|15-Jul-2019|F419|15-Jul-2019|Z9181|15-Jul-2019|Z139|15-Jul-2019|Z1331|16-Jul-2019|Z1331|16-Jul-2019|||||||||||||||||||||||||||||||||||||0|0||2|450|96156|2.0|2019-07-16T00:00:00|hospital_A|hospital_A_20190715
SYN_BENE_684B1D4DE38C|SYN_CLM_81259A9CC2BF|V|60|15-Jul-2019|15-Jul-2019|19-Jul-2019||3|030115|1|1|1|| |1705.4|0.0| ||3|1275566200| |9999997494| |9999997494|||0|1| |1705.4|15-Jul-2019|1|1|A|10|0.0|0.0|0|4|1705.4|1705.4|0|0|0|0|0|0|0|0|0|0|0|0|0|||||15-Jul-2019|950.0|0|0||T7432X|T7432X|Y|N184|Y|F0280|Y|M810|Y|N1830|Y|E1022|Y|Z653|Y|N181|N|Z940|Y|E1129|Y|R809|N|D4959|Y|D075|Y|E1121|Y|F1110|Y|R931|Y|E11319|Y|I259|Y|I4891|Y|R739|Y|E781|Y|E8881|Y|E119|Y|R7303|Y|D649|Y|Y04|X58|Y| | | | | | | | | | | | | | | | | | | | | | |GZ3|15-Jul-2019|Z741|15-Jul-2019|F419|15-Jul-2019|Z9181|15-Jul-2019|Z139|15-Jul-2019|Z1331|16-Jul-2019|Z1331|16-Jul-2019|||||||||||||||||||||||||||||||||||||0|0||3|450|96127|3.0|2019-07-16T00:00:00|hospital_A|hospital_A_20190715
SYN_BENE_684B1D4DE38C|SYN_CLM_81259A9CC2BF|V|60|15-Jul-2019|15-Jul-2019|19-Jul-2019||3|030115|1|1|1|| |1705.4|0.0| ||3|1275566200| |9999997494| |9999997494|||0|1| |1705.4|15-Jul-2019|1|1|A|10|0.0|0.0|0|4|1705.4|1705.4|0|0|0|0|0|0|0|0|0|0|0|0|0|||||15-Jul-2019|950.0|0|0||T7432X|T7432X|Y|N184|Y|F0280|Y|M810|Y|N1830|Y|E1022|Y|Z653|Y|N181|N|Z940|Y|E1129|Y|R809|N|D4959|Y|D075|Y|E1121|Y|F1110|Y|R931|Y|E11319|Y|I259|Y|I4891|Y|R739|Y|E781|Y|E8881|Y|E119|Y|R7303|Y|D649|Y|Y04|X58|Y| | | | | | | | | | | | | | | | | | | | | | |GZ3|15-Jul-2019|Z741|15-Jul-2019|F419|15-Jul-2019|Z9181|15-Jul-2019|Z139|15-Jul-2019|Z1331|16-Jul-2019|Z1331|16-Jul-2019|||||||||||||||||||||||||||||||||||||0|0||4|450|M1069|3.0|2019-07-16T00:00:00|hospital_A|hospital_A_20190715
SYN_BENE_684B1D4DE38C|SYN_CLM_81259A9CC2BF|V|60|15-Jul-2019|15-Jul-2019|19-Jul-2019||3|030115|1|1|1|| |1705.4|0.0| ||3|1275566200| |9999997494| |9999997494|||0|1| |1705.4|15-Jul-2019|1|1|A|10|0.0|0.0|0|4|1705.4|1705.4|0|0|0|0|0|0|0|0|0|0|0|0|0|||||15-Jul-2019|950.0|0|0||T7432X|T7432X|Y|N184|Y|F0280|Y|M810|Y|N1830|Y|E1022|Y|Z653|Y|N181|N|Z940|Y|E1129|Y|R809|N|D4959|Y|D075|Y|E1121|Y|F1110|Y|R931|Y|E11319|Y|I259|Y|I4891|Y|R739|Y|E781|Y|E8881|Y|E119|Y|R7303|Y|D649|Y|Y04|X58|Y| | | | | | | | | | | | | | | | | | | | | | |GZ3|15-Jul-2019|Z741|15-Jul-2019|F419|15-Jul-2019|Z9181|15-Jul-2019|Z139|15-Jul-2019|Z1331|16-Jul-2019|Z1331|16-Jul-2019|||||||||||||||||||||||||||||||||||||0|0||5|450|99401|3.0|2019-07-16T00:00:00|hospital_A|hospital_A_20190715
SYN_BENE_684B1D4DE38C|SYN_CLM_81259A9CC2BF|V|60|15-Jul-2019|15-Jul-2019|19-Jul-2019||3|030115|1|1|1|| |1705.4|0.0| ||3|1275566200| |9999997494| |9999997494|||0|1| |1705.4|15-Jul-2019|1|1|A|10|0.0|0.0|0|4|1705.4|1705.4|0|0|0|0|0|0|0|0|0|0|0|0|0|||||15-Jul-2019|950.0|0|0||T7432X|T7432X|Y|N184|Y|F0280|Y|M810|Y|N1830|Y|E1022|Y|Z653|Y|N181|N|Z940|Y|E1129|Y|R809|N|D4959|Y|D075|Y|E1121|Y|F1110|Y|R931|Y|E11319|Y|I259|Y|I4891|Y|R739|Y|E781|Y|E8881|Y|E119|Y|R7303|Y|D649|Y|Y04|X58|Y| | | | | | | | | | | | | | | | | | | | | | |GZ3|15-Jul-2019|Z741|15-Jul-2019|F419|15-Jul-2019|Z9181|15-Jul-2019|Z139|15-Jul-2019|Z1331|16-Jul-2019|Z1331|16-Jul-2019|||||||||||||||||||||||||||||||||||||0|0||6|450|G0444|3.0|2019-07-16T00:00:00|hospital_A|hospital_A_20190715
SYN_BENE_684B1D4DE38C|SYN_CLM_81259A9CC2BF|V|60|15-Jul-2019|15-Jul-2019|19-Jul-2019||3|030115|1|1|1|| |1705.4|0.0| ||3|1275566200| |9999997494| |9999997494|||0|1| |1705.4|15-Jul-2019|1|1|A|10|0.0|0.0|0|4|1705.4|1705.4|0|0|0|0|0|0|0|0|0|0|0|0|0|||||15-Jul-2019|950.0|0|0||T7432X|T7432X|Y|N184|Y|F0280|Y|M810|Y|N1830|Y|E1022|Y|Z653|Y|N181|N|Z940|Y|E1129|Y|R809|N|D4959|Y|D075|Y|E1121|Y|F1110|Y|R931|Y|E11319|Y|I259|Y|I4891|Y|R739|Y|E781|Y|E8881|Y|E119|Y|R7303|Y|D649|Y|Y04|X58|Y| | | | | | | | | | | | | | | | | | | | | | |GZ3|15-Jul-2019|Z741|15-Jul-2019|F419|15-Jul-2019|Z9181|15-Jul-2019|Z139|15-Jul-2019|Z1331|16-Jul-2019|Z1331|16-Jul-2019|||||||||||||||||||||||||||||||||||||0|0||7|450|G0444|3.0|2019-07-16T00:00:00|hospital_A|hospital_A_20190715
SYN_BENE_88D97287ABE1|SYN_CLM_7EB521FF4DD3|V|60|15-Jul-2019|15-Jul-2019|19-Jul-2019||3|030115|1|1|1|| |1705.4|0.0| ||3|1275566200| |9999997494| |9999997494|||0|1| |1705.4|15-Jul-2019|1|1|A|10|0.0|0.0|0|4|1705.4|1705.4|0|0|0|0|0|0|0|0|0|0|0|0|0|||||15-Jul-2019|950.0|0|0||T7432X|T7432X|Y|N184|Y|F0280|Y|M810|Y|N1830|Y|E1022|Y|Z653|Y|N181|N|Z940|Y|E1129|Y|R809|N|D4959|Y|D075|Y|E1121|Y|F1110|Y|R931|Y|E11319|Y|I259|Y|I4891|Y|R739|Y|E781|Y|E8881|Y|E119|Y|R7303|Y|D649|Y|Y04|X58|Y| | | | | | | | | | | | | | | | | | | | | | |GZ3|15-Jul-2019|Z741|15-Jul-2019|F419|15-Jul-2019|Z9181|15-Jul-2019|Z139|15-Jul-2019|Z1331|16-Jul-2019|Z1331|16-Jul-2019|||||||||||||||||||||||||||||||||||||0|0||1|450|99495|2.0|2019-07-16T00:00:00|hospital_A|hospital_A_20190715
SYN_BENE_88D97287ABE1|SYN_CLM_7EB521FF4DD3|V|60|15-Jul-2019|15-Jul-2019|19-Jul-2019||3|030115|1|1|1|| |1705.4|0.0| ||3|1275566200| |9999997494| |9999997494|||0|1| |1705.4|15-Jul-2019|1|1|A|10|0.0|0.0|0|4|1705.4|1705.4|0|0|0|0|0|0|0|0|0|0|0|0|0|||||15-Jul-2019|950.0|0|0||T7432X|T7432X|Y|N184|Y|F0280|Y|M810|Y|N1830|Y|E1022|Y|Z653|Y|N181|N|Z940|Y|E1129|Y|R809|N|D4959|Y|D075|Y|E1121|Y|F1110|Y|R931|Y|E11319|Y|I259|Y|I4891|Y|R739|Y|E781|Y|E8881|Y|E119|Y|R7303|Y|D649|Y|Y04|X58|Y| | | | | | | | | | | | | | | | | | | | | | |GZ3|15-Jul-2019|Z741|15-Jul-2019|F419|15-Jul-2019|Z9181|15-Jul-2019|Z139|15-Jul-2019|Z1331|16-Jul-2019|Z1331|16-Jul-2019|||||||||||||||||||||||||||||||||||||0|0||2|450|96156|2.0|2019-07-16T00:00:00|hospital_A|hospital_A_20190715
SYN_BENE_88D97287ABE1|SYN_CLM_7EB521FF4DD3|V|60|15-Jul-2019|15-Jul-2019|19-Jul-2019||3|030115|1|1|1|| |1705.4|0.0| ||3|1275566200| |9999997494| |9999997494|||0|1| |1705.4|15-Jul-2019|1|1|A|10|0.0|0.0|0|4|1705.4|1705.4|0|0|0|0|0|0|0|0|0|0|0|0|0|||||15-Jul-2019|950.0|0|0||T7432X|T7432X|Y|N184|Y|F0280|Y|M810|Y|N1830|Y|E1022|Y|Z653|Y|N181|N|Z940|Y|E1129|Y|R809|N|D4959|Y|D075|Y|E1121|Y|F1110|Y|R931|Y|E11319|Y|I259|Y|I4891|Y|R739|Y|E781|Y|E8881|Y|E119|Y|R7303|Y|D649|Y|Y04|X58|Y| | | | | | | | | | | | | | | | | | | | | | |GZ3|15-Jul-2019|Z741|15-Jul-2019|F419|15-Jul-2019|Z9181|15-Jul-2019|Z139|15-Jul-2019|Z1331|16-Jul-2019|Z1331|16-Jul-2019|||||||||||||||||||||||||||||||||||||0|0||3|450|96127|3.0|2019-07-16T00:00:00|hospital_A|hospital_A_20190715
SYN_BENE_88D97287ABE1|SYN_CLM_7EB521FF4DD3|V|60|15-Jul-2019|15-Jul-2019|19-Jul-2019||3|030115|1|1|1|| |1705.4|0.0| ||3|1275566200| |9999997494| |9999997494|||0|1| |1705.4|15-Jul-2019|1|1|A|10|0.0|0.0|0|4|1705.4|1705.4|0|0|0|0|0|0|0|0|0|0|0|0|0|||||15-Jul-2019|950.0|0|0||T7432X|T7432X|Y|N184|Y|F0280|Y|M810|Y|N1830|Y|E1022|Y|Z653|Y|N181|N|Z940|Y|E1129|Y|R809|N|D4959|Y|D075|Y|E1121|Y|F1110|Y|R931|Y|E11319|Y|I259|Y|I4891|Y|R739|Y|E781|Y|E8881|Y|E119|Y|R7303|Y|D649|Y|Y04|X58|Y| | | | | | | | | | | | | | | | | | | | | | |GZ3|15-Jul-2019|Z741|15-Jul-2019|F419|15-Jul-2019|Z9181|15-Jul-2019|Z139|15-Jul-2019|Z1331|16-Jul-2019|Z1331|16-Jul-2019|||||||||||||||||||||||||||||||||||||0|0||4|450|M1069|3.0|2019-07-16T00:00:00|hospital_A|hospital_A_20190715
SYN_BENE_88D97287ABE1|SYN_CLM_7EB521FF4DD3|V|60|15-Jul-2019|15-Jul-2019|19-Jul-2019||3|030115|1|1|1|| |1705.4|0.0| ||3|1275566200| |9999997494| |9999997494|||0|1| |1705.4|15-Jul-2019|1|1|A|10|0.0|0.0|0|4|1705.4|1705.4|0|0|0|0|0|0|0|0|0|0|0|0|0|||||15-Jul-2019|950.0|0|0||T7432X|T7432X|Y|N184|Y|F0280|Y|M810|Y|N1830|Y|E1022|Y|Z653|Y|N181|N|Z940|Y|E1129|Y|R809|N|D4959|Y|D075|Y|E1121|Y|F1110|Y|R931|Y|E11319|Y|I259|Y|I4891|Y|R739|Y|E781|Y|E8881|Y|E119|Y|R7303|Y|D649|Y|Y04|X58|Y| | | | | | | | | | | | | | | | | | | | | | |GZ3|15-Jul-2019|Z741|15-Jul-2019|F419|15-Jul-2019|Z9181|15-Jul-2019|Z139|15-Jul-2019|Z1331|16-Jul-2019|Z1331|16-Jul-2019|||||||||||||||||||||||||||||||||||||0|0||5|450|99401|3.0|2019-07-16T00:00:00|hospital_A|hospital_A_20190715
SYN_BENE_88D97287ABE1|SYN_CLM_7EB521FF4DD3|V|60|15-Jul-2019|15-Jul-2019|19-Jul-2019||3|030115|1|1|1|| |1705.4|0.0| ||3|1275566200| |9999997494| |9999997494|||0|1| |1705.4|15-Jul-2019|1|1|A|10|0.0|0.0|0|4|1705.4|1705.4|0|0|0|0|0|0|0|0|0|0|0|0|0|||||15-Jul-2019|950.0|0|0||T7432X|T7432X|Y|N184|Y|F0280|Y|M810|Y|N1830|Y|E1022|Y|Z653|Y|N181|N|Z940|Y|E1129|Y|R809|N|D4959|Y|D075|Y|E1121|Y|F1110|Y|R931|Y|E11319|Y|I259|Y|I4891|Y|R739|Y|E781|Y|E8881|Y|E119|Y|R7303|Y|D649|Y|Y04|X58|Y| | | | | | | | | | | | | | | | | | | | | | |GZ3|15-Jul-2019|Z741|15-Jul-2019|F419|15-Jul-2019|Z9181|15-Jul-2019|Z139|15-Jul-2019|Z1331|16-Jul-2019|Z1331|16-Jul-2019|||||||||||||||||||||||||||||||||||||0|0||6|450|G0444|3.0|2019-07-16T00:00:00|hospital_A|hospital_A_20190715
SYN_BENE_88D97287ABE1|SYN_CLM_7EB521FF4DD3|V|60|15-Jul-2019|15-Jul-2019|19-Jul-2019||3|030115|1|1|1|| |1705.4|0.0| ||3|1275566200| |9999997494| |9999997494|||0|1| |1705.4|15-Jul-2019|1|1|A|10|0.0|0.0|0|4|1705.4|1705.4|0|0|0|0|0|0|0|0|0|0|0|0|0|||||15-Jul-2019|950.0|0|0||T7432X|T7432X|Y|N184|Y|F0280|Y|M810|Y|N1830|Y|E1022|Y|Z653|Y|N181|N|Z940|Y|E1129|Y|R809|N|D4959|Y|D075|Y|E1121|Y|F1110|Y|R931|Y|E11319|Y|I259|Y|I4891|Y|R739|Y|E781|Y|E8881|Y|E119|Y|R7303|Y|D649|Y|Y04|X58|Y| | | | | | | | | | | | | | | | | | | | | | |GZ3|15-Jul-2019|Z741|15-Jul-2019|F419|15-Jul-2019|Z9181|15-Jul-2019|Z139|15-Jul-2019|Z1331|16-Jul-2019|Z1331|16-Jul-2019|||||||||||||||||||||||||||||||||||||0|0||7|450|G0444|3.0|2019-07-16T00:00:00|hospital_A|hospital_A_20190715
SYN_BENE_B57E63936D20|SYN_CLM_78C02436F527|V|60|15-Jul-2019|15-Jul-2019|19-Jul-2019||3|030115|1|1|1|| |1705.4|0.0| ||3|1275566200| |9999997494| |9999997494|||0|1| |1705.4|15-Jul-2019|1|1|A|10|0.0|0.0|0|4|1705.4|1705.4|0|0|0|0|0|0|0|0|0|0|0|0|0|||||15-Jul-2019|950.0|0|0||T7432X|T7432X|Y|N184|Y|F0280|Y|M810|Y|N1830|Y|E1022|Y|Z653|Y|N181|N|Z940|Y|E1129|Y|R809|N|D4959|Y|D075|Y|E1121|Y|F1110|Y|R931|Y|E11319|Y|I259|Y|I4891|Y|R739|Y|E781|Y|E8881|Y|E119|Y|R7303|Y|D649|Y|Y04|X58|Y| | | | | | | | | | | | | | | | | | | | | | |GZ3|15-Jul-2019|Z741|15-Jul-2019|F419|15-Jul-2019|Z9181|15-Jul-2019|Z139|15-Jul-2019|Z1331|16-Jul-2019|Z1331|16-Jul-2019|||||||||||||||||||||||||||||||||||||0|0||1|450|99495|2.0|2019-07-16T00:00:00|hospital_A|hospital_A_20190715
SYN_BENE_B57E63936D20|SYN_CLM_78C02436F527|V|60|15-Jul-2019|15-Jul-2019|19-Jul-2019||3|030115|1|1|1|| |1705.4|0.0| ||3|1275566200| |9999997494| |9999997494|||0|1| |1705.4|15-Jul-2019|1|1|A|10|0.0|0.0|0|4|1705.4|1705.4|0|0|0|0|0|0|0|0|0|0|0|0|0|||||15-Jul-2019|950.0|0|0||T7432X|T7432X|Y|N184|Y|F0280|Y|M810|Y|N1830|Y|E1022|Y|Z653|Y|N181|N|Z940|Y|E1129|Y|R809|N|D4959|Y|D075|Y|E1121|Y|F1110|Y|R931|Y|E11319|Y|I259|Y|I4891|Y|R739|Y|E781|Y|E8881|Y|E119|Y|R7303|Y|D649|Y|Y04|X58|Y| | | | | | | | | | | | | | | | | | | | | | |GZ3|15-Jul-2019|Z741|15-Jul-2019|F419|15-Jul-2019|Z9181|15-Jul-2019|Z139|15-Jul-2019|Z1331|16-Jul-2019|Z1331|16-Jul-2019|||||||||||||||||||||||||||||||||||||0|0||2|450|96156|2.0|2019-07-16T00:00:00|hospital_A|hospital_A_20190715
SYN_BENE_B57E63936D20|SYN_CLM_78C02436F527|V|60|15-Jul-2019|15-Jul-2019|19-Jul-2019||3|030115|1|1|1|| |1705.4|0.0| ||3|1275566200| |9999997494| |9999997494|||0|1| |1705.4|15-Jul-2019|1|1|A|10|0.0|0.0|0|4|1705.4|1705.4|0|0|0|0|0|0|0|0|0|0|0|0|0|||||15-Jul-2019|950.0|0|0||T7432X|T7432X|Y|N184|Y|F0280|Y|M810|Y|N1830|Y|E1022|Y|Z653|Y|N181|N|Z940|Y|E1129|Y|R809|N|D4959|Y|D075|Y|E1121|Y|F1110|Y|R931|Y|E11319|Y|I259|Y|I4891|Y|R739|Y|E781|Y|E8881|Y|E119|Y|R7303|Y|D649|Y|Y04|X58|Y| | | | | | | | | | | | | | | | | | | | | | |GZ3|15-Jul-2019|Z741|15-Jul-2019|F419|15-Jul-2019|Z9181|15-Jul-2019|Z139|15-Jul-2019|Z1331|16-Jul-2019|Z1331|16-Jul-2019|||||||||||||||||||||||||||||||||||||0|0||3|450|96127|3.0|2019-07-16T00:00:00|hospital_A|hospital_A_20190715
SYN_BENE_B57E63936D20|SYN_CLM_78C02436F527|V|60|15-Jul-2019|15-Jul-2019|19-Jul-2019||3|030115|1|1|1|| |1705.4|0.0| ||3|1275566200| |9999997494| |9999997494|||0|1| |1705.4|15-Jul-2019|1|1|A|10|0.0|0.0|0|4|1705.4|1705.4|0|0|0|0|0|0|0|0|0|0|0|0|0|||||15-Jul-2019|950.0|0|0||T7432X|T7432X|Y|N184|Y|F0280|Y|M810|Y|N1830|Y|E1022|Y|Z653|Y|N181|N|Z940|Y|E1129|Y|R809|N|D4959|Y|D075|Y|E1121|Y|F1110|Y|R931|Y|E11319|Y|I259|Y|I4891|Y|R739|Y|E781|Y|E8881|Y|E119|Y|R7303|Y|D649|Y|Y04|X58|Y| | | | | | | | | | | | | | | | | | | | | | |GZ3|15-Jul-2019|Z741|15-Jul-2019|F419|15-Jul-2019|Z9181|15-Jul-2019|Z139|15-Jul-2019|Z1331|16-Jul-2019|Z1331|16-Jul-2019|||||||||||||||||||||||||||||||||||||0|0||4|450|M1069|3.0|2019-07-16T00:00:00|hospital_A|hospital_A_20190715
SYN_BENE_B57E63936D20|SYN_CLM_78C02436F527|V|60|15-Jul-2019|15-Jul-2019|19-Jul-2019||3|030115|1|1|1|| |1705.4|0.0| ||3|1275566200| |9999997494| |9999997494|||0|1| |1705.4|15-Jul-2019|1|1|A|10|0.0|0.0|0|4|1705.4|1705.4|0|0|0|0|0|0|0|0|0|0|0|0|0|||||15-Jul-2019|950.0|0|0||T7432X|T7432X|Y|N184|Y|F0280|Y|M810|Y|N1830|Y|E1022|Y|Z653|Y|N181|N|Z940|Y|E1129|Y|R809|N|D4959|Y|D075|Y|E1121|Y|F1110|Y|R931|Y|E11319|Y|I259|Y|I4891|Y|R739|Y|E781|Y|E8881|Y|E119|Y|R7303|Y|D649|Y|Y04|X58|Y| | | | | | | | | | | | | | | | | | | | | | |GZ3|15-Jul-2019|Z741|15-Jul-2019|F419|15-Jul-2019|Z9181|15-Jul-2019|Z139|15-Jul-2019|Z1331|16-Jul-2019|Z1331|16-Jul-2019|||||||||||||||||||||||||||||||||||||0|0||5|450|99401|3.0|2019-07-16T00:00:00|hospital_A|hospital_A_20190715
SYN_BENE_B57E63936D20|SYN_CLM_78C02436F527|V|60|15-Jul-2019|15-Jul-2019|19-Jul-2019||3|030115|1|1|1|| |1705.4|0.0| ||3|1275566200| |9999997494| |9999997494|||0|1| |1705.4|15-Jul-2019|1|1|A|10|0.0|0.0|0|4|1705.4|1705.4|0|0|0|0|0|0|0|0|0|0|0|0|0|||||15-Jul-2019|950.0|0|0||T7432X|T7432X|Y|N184|Y|F0280|Y|M810|Y|N1830|Y|E1022|Y|Z653|Y|N181|N|Z940|Y|E1129|Y|R809|N|D4959|Y|D075|Y|E1121|Y|F1110|Y|R931|Y|E11319|Y|I259|Y|I4891|Y|R739|Y|E781|Y|E8881|Y|E119|Y|R7303|Y|D649|Y|Y04|X58|Y| | | | | | | | | | | | | | | | | | | | | | |GZ3|15-Jul-2019|Z741|15-Jul-2019|F419|15-Jul-2019|Z9181|15-Jul-2019|Z139|15-Jul-2019|Z1331|16-Jul-2019|Z1331|16-Jul-2019|||||||||||||||||||||||||||||||||||||0|0||6|450|G0444|3.0|2019-07-16T00:00:00|hospital_A|hospital_A_20190715
SYN_BENE_B57E63936D20|SYN_CLM_78C02436F527|V|60|15-Jul-2019|15-Jul-2019|19-Jul-2019||3|030115|1|1|1|| |1705.4|0.0| ||3|1275566200| |9999997494| |9999997494|||0|1| |1705.4|15-Jul-2019|1|1|A|10|0.0|0.0|0|4|1705.4|1705.4|0|0|0|0|0|0|0|0|0|0|0|0|0|||||15-Jul-2019|950.0|0|0||T7432X|T7432X|Y|N184|Y|F0280|Y|M810|Y|N1830|Y|E1022|Y|Z653|Y|N181|N|Z940|Y|E1129|Y|R809|N|D4959|Y|D075|Y|E1121|Y|F1110|Y|R931|Y|E11319|Y|I259|Y|I4891|Y|R739|Y|E781|Y|E8881|Y|E119|Y|R7303|Y|D649|Y|Y04|X58|Y| | | | | | | | | | | | | | | | | | | | | | |GZ3|15-Jul-2019|Z741|15-Jul-2019|F419|15-Jul-2019|Z9181|15-Jul-2019|Z139|15-Jul-2019|Z1331|16-Jul-2019|Z1331|16-Jul-2019|||||||||||||||||||||||||||||||||||||0|0||7|450|G0444|3.0|2019-07-16T00:00:00|hospital_A|hospital_A_20190715
SYN_BENE_9174F064C543|SYN_CLM_E83E1C056732|V|60|15-Jul-2019|15-Jul-2019|19-Jul-2019||3|030115|1|1|1|| |1705.4|0.0| ||3|1275566200| |9999997494| |9999997494|||0|1| |1705.4|15-Jul-2019|1|1|A|10|0.0|0.0|0|4|1705.4|1705.4|0|0|0|0|0|0|0|0|0|0|0|0|0|||||15-Jul-2019|950.0|0|0||T7432X|T7432X|Y|N184|Y|F0280|Y|M810|Y|N1830|Y|E1022|Y|Z653|Y|N181|N|Z940|Y|E1129|Y|R809|N|D4959|Y|D075|Y|E1121|Y|F1110|Y|R931|Y|E11319|Y|I259|Y|I4891|Y|R739|Y|E781|Y|E8881|Y|E119|Y|R7303|Y|D649|Y|Y04|X58|Y| | | | | | | | | | | | | | | | | | | | | | |GZ3|15-Jul-2019|Z741|15-Jul-2019|F419|15-Jul-2019|Z9181|15-Jul-2019|Z139|15-Jul-2019|Z1331|16-Jul-2019|Z1331|16-Jul-2019|||||||||||||||||||||||||||||||||||||0|0||1|450|99495|2.0|2019-07-16T00:00:00|hospital_A|hospital_A_20190715
SYN_BENE_9174F064C543|SYN_CLM_E83E1C056732|V|60|15-Jul-2019|15-Jul-2019|19-Jul-2019||3|030115|1|1|1|| |1705.4|0.0| ||3|1275566200| |9999997494| |9999997494|||0|1| |1705.4|15-Jul-2019|1|1|A|10|0.0|0.0|0|4|1705.4|1705.4|0|0|0|0|0|0|0|0|0|0|0|0|0|||||15-Jul-2019|950.0|0|0||T7432X|T7432X|Y|N184|Y|F0280|Y|M810|Y|N1830|Y|E1022|Y|Z653|Y|N181|N|Z940|Y|E1129|Y|R809|N|D4959|Y|D075|Y|E1121|Y|F1110|Y|R931|Y|E11319|Y|I259|Y|I4891|Y|R739|Y|E781|Y|E8881|Y|E119|Y|R7303|Y|D649|Y|Y04|X58|Y| | | | | | | | | | | | | | | | | | | | | | |GZ3|15-Jul-2019|Z741|15-Jul-2019|F419|15-Jul-2019|Z9181|15-Jul-2019|Z139|15-Jul-2019|Z1331|16-Jul-2019|Z1331|16-Jul-2019|||||||||||||||||||||||||||||||||||||0|0||2|450|96156|2.0|2019-07-16T00:00:00|hospital_A|hospital_A_20190715
SYN_BENE_9174F064C543|SYN_CLM_E83E1C056732|V|60|15-Jul-2019|15-Jul-2019|19-Jul-2019||3|030115|1|1|1|| |1705.4|0.0| ||3|1275566200| |9999997494| |9999997494|||0|1| |1705.4|15-Jul-2019|1|1|A|10|0.0|0.0|0|4|1705.4|1705.4|0|0|0|0|0|0|0|0|0|0|0|0|0|||||15-Jul-2019|950.0|0|0||T7432X|T7432X|Y|N184|Y|F0280|Y|M810|Y|N1830|Y|E1022|Y|Z653|Y|N181|N|Z940|Y|E1129|Y|R809|N|D4959|Y|D075|Y|E1121|Y|F1110|Y|R931|Y|E11319|Y|I259|Y|I4891|Y|R739|Y|E781|Y|E8881|Y|E119|Y|R7303|Y|D649|Y|Y04|X58|Y| | | | | | | | | | | | | | | | | | | | | | |GZ3|15-Jul-2019|Z741|15-Jul-2019|F419|15-Jul-2019|Z9181|15-Jul-2019|Z139|15-Jul-2019|Z1331|16-Jul-2019|Z1331|16-Jul-2019|||||||||||||||||||||||||||||||||||||0|0||3|450|96127|3.0|2019-07-16T00:00:00|hospital_A|hospital_A_20190715
SYN_BENE_9174F064C543|SYN_CLM_E83E1C056732|V|60|15-Jul-2019|15-Jul-2019|19-Jul-2019||3|030115|1|1|1|| |1705.4|0.0| ||3|1275566200| |9999997494| |9999997494|||0|1| |1705.4|15-Jul-2019|1|1|A|10|0.0|0.0|0|4|1705.4|1705.4|0|0|0|0|0|0|0|0|0|0|0|0|0|||||15-Jul-2019|950.0|0|0||T7432X|T7432X|Y|N184|Y|F0280|Y|M810|Y|N1830|Y|E1022|Y|Z653|Y|N181|N|Z940|Y|E1129|Y|R809|N|D4959|Y|D075|Y|E1121|Y|F1110|Y|R931|Y|E11319|Y|I259|Y|I4891|Y|R739|Y|E781|Y|E8881|Y|E119|Y|R7303|Y|D649|Y|Y04|X58|Y| | | | | | | | | | | | | | | | | | | | | | |GZ3|15-Jul-2019|Z741|15-Jul-2019|F419|15-Jul-2019|Z9181|15-Jul-2019|Z139|15-Jul-2019|Z1331|16-Jul-2019|Z1331|16-Jul-2019|||||||||||||||||||||||||||||||||||||0|0||4|450|M1069|3.0|2019-07-16T00:00:00|hospital_A|hospital_A_20190715
SYN_BENE_9174F064C543|SYN_CLM_E83E1C056732|V|60|15-Jul-2019|15-Jul-2019|19-Jul-2019||3|030115|1|1|1|| |1705.4|0.0| ||3|1275566200| |9999997494| |9999997494|||0|1| |1705.4|15-Jul-2019|1|1|A|10|0.0|0.0|0|4|1705.4|1705.4|0|0|0|0|0|0|0|0|0|0|0|0|0|||||15-Jul-2019|950.0|0|0||T7432X|T7432X|Y|N184|Y|F0280|Y|M810|Y|N1830|Y|E1022|Y|Z653|Y|N181|N|Z940|Y|E1129|Y|R809|N|D4959|Y|D075|Y|E1121|Y|F1110|Y|R931|Y|E11319|Y|I259|Y|I4891|Y|R739|Y|E781|Y|E8881|Y|E119|Y|R7303|Y|D649|Y|Y04|X58|Y| | | | | | | | | | | | | | | | | | | | | | |GZ3|15-Jul-2019|Z741|15-Jul-2019|F419|15-Jul-2019|Z9181|15-Jul-2019|Z139|15-Jul-2019|Z1331|16-Jul-2019|Z1331|16-Jul-2019|||||||||||||||||||||||||||||||||||||0|0||5|450|99401|3.0|2019-07-16T00:00:00|hospital_A|hospital_A_20190715
SYN_BENE_9174F064C543|SYN_CLM_E83E1C056732|V|60|15-Jul-2019|15-Jul-2019|19-Jul-2019||3|030115|1|1|1|| |1705.4|0.0| ||3|1275566200| |9999997494| |9999997494|||0|1| |1705.4|15-Jul-2019|1|1|A|10|0.0|0.0|0|4|1705.4|1705.4|0|0|0|0|0|0|0|0|0|0|0|0|0|||||15-Jul-2019|950.0|0|0||T7432X|T7432X|Y|N184|Y|F0280|Y|M810|Y|N1830|Y|E1022|Y|Z653|Y|N181|N|Z940|Y|E1129|Y|R809|N|D4959|Y|D075|Y|E1121|Y|F1110|Y|R931|Y|E11319|Y|I259|Y|I4891|Y|R739|Y|E781|Y|E8881|Y|E119|Y|R7303|Y|D649|Y|Y04|X58|Y| | | | | | | | | | | | | | | | | | | | | | |GZ3|15-Jul-2019|Z741|15-Jul-2019|F419|15-Jul-2019|Z9181|15-Jul-2019|Z139|15-Jul-2019|Z1331|16-Jul-2019|Z1331|16-Jul-2019|||||||||||||||||||||||||||||||||||||0|0||6|450|G0444|3.0|2019-07-16T00:00:00|hospital_A|hospital_A_20190715
SYN_BENE_9174F064C543|SYN_CLM_E83E1C056732|V|60|15-Jul-2019|15-Jul-2019|19-Jul-2019||3|030115|1|1|1|| |1705.4|0.0| ||3|1275566200| |9999997494| |9999997494|||0|1| |1705.4|15-Jul-2019|1|1|A|10|0.0|0.0|0|4|1705.4|1705.4|0|0|0|0|0|0|0|0|0|0|0|0|0|||||15-Jul-2019|950.0|0|0||T7432X|T7432X|Y|N184|Y|F0280|Y|M810|Y|N1830|Y|E1022|Y|Z653|Y|N181|N|Z940|Y|E1129|Y|R809|N|D4959|Y|D075|Y|E1121|Y|F1110|Y|R931|Y|E11319|Y|I259|Y|I4891|Y|R739|Y|E781|Y|E8881|Y|E119|Y|R7303|Y|D649|Y|Y04|X58|Y| | | | | | | | | | | | | | | | | | | | | | |GZ3|15-Jul-2019|Z741|15-Jul-2019|F419|15-Jul-2019|Z9181|15-Jul-2019|Z139|15-Jul-2019|Z1331|16-Jul-2019|Z1331|16-Jul-2019|||||||||||||||||||||||||||||||||||||0|0||7|450|G0444|3.0|2019-07-16T00:00:00|hospital_A|hospital_A_20190715
SYN_BENE_079C4D237428|SYN_CLM_F1EFD33ED72E|V|60|15-Jul-2019|15-Jul-2019|19-Jul-2019||3|030115|1|1|1|| |1705.4|0.0| ||3|1275566200| |9999997494| |9999997494|||0|1| |1705.4|15-Jul-2019|1|1|A|10|0.0|0.0|0|4|1705.4|1705.4|0|0|0|0|0|0|0|0|0|0|0|0|0|||||15-Jul-2019|950.0|0|0||T7432X|T7432X|Y|N184|Y|F0280|Y|M810|Y|N1830|Y|E1022|Y|Z653|Y|N181|N|Z940|Y|E1129|Y|R809|N|D4959|Y|D075|Y|E1121|Y|F1110|Y|R931|Y|E11319|Y|I259|Y|I4891|Y|R739|Y|E781|Y|E8881|Y|E119|Y|R7303|Y|D649|Y|Y04|X58|Y| | | | | | | | | | | | | | | | | | | | | | |GZ3|15-Jul-2019|Z741|15-Jul-2019|F419|15-Jul-2019|Z9181|15-Jul-2019|Z139|15-Jul-2019|Z1331|16-Jul-2019|Z1331|16-Jul-2019|||||||||||||||||||||||||||||||||||||0|0||1|450|99495|2.0|2019-07-16T00:00:00|hospital_A|hospital_A_20190715
SYN_BENE_079C4D237428|SYN_CLM_F1EFD33ED72E|V|60|15-Jul-2019|15-Jul-2019|19-Jul-2019||3|030115|1|1|1|| |1705.4|0.0| ||3|1275566200| |9999997494| |9999997494|||0|1| |1705.4|15-Jul-2019|1|1|A|10|0.0|0.0|0|4|1705.4|1705.4|0|0|0|0|0|0|0|0|0|0|0|0|0|||||15-Jul-2019|950.0|0|0||T7432X|T7432X|Y|N184|Y|F0280|Y|M810|Y|N1830|Y|E1022|Y|Z653|Y|N181|N|Z940|Y|E1129|Y|R809|N|D4959|Y|D075|Y|E1121|Y|F1110|Y|R931|Y|E11319|Y|I259|Y|I4891|Y|R739|Y|E781|Y|E8881|Y|E119|Y|R7303|Y|D649|Y|Y04|X58|Y| | | | | | | | | | | | | | | | | | | | | | |GZ3|15-Jul-2019|Z741|15-Jul-2019|F419|15-Jul-2019|Z9181|15-Jul-2019|Z139|15-Jul-2019|Z1331|16-Jul-2019|Z1331|16-Jul-2019|||||||||||||||||||||||||||||||||||||0|0||2|450|96156|2.0|2019-07-16T00:00:00|hospital_A|hospital_A_20190715
SYN_BENE_079C4D237428|SYN_CLM_F1EFD33ED72E|V|60|15-Jul-2019|15-Jul-2019|19-Jul-2019||3|030115|1|1|1|| |1705.4|0.0| ||3|1275566200| |9999997494| |9999997494|||0|1| |1705.4|15-Jul-2019|1|1|A|10|0.0|0.0|0|4|1705.4|1705.4|0|0|0|0|0|0|0|0|0|0|0|0|0|||||15-Jul-2019|950.0|0|0||T7432X|T7432X|Y|N184|Y|F0280|Y|M810|Y|N1830|Y|E1022|Y|Z653|Y|N181|N|Z940|Y|E1129|Y|R809|N|D4959|Y|D075|Y|E1121|Y|F1110|Y|R931|Y|E11319|Y|I259|Y|I4891|Y|R739|Y|E781|Y|E8881|Y|E119|Y|R7303|Y|D649|Y|Y04|X58|Y| | | | | | | | | | | | | | | | | | | | | | |GZ3|15-Jul-2019|Z741|15-Jul-2019|F419|15-Jul-2019|Z9181|15-Jul-2019|Z139|15-Jul-2019|Z1331|16-Jul-2019|Z1331|16-Jul-2019|||||||||||||||||||||||||||||||||||||0|0||3|450|96127|3.0|2019-07-16T00:00:00|hospital_A|hospital_A_20190715
SYN_BENE_079C4D237428|SYN_CLM_F1EFD33ED72E|V|60|15-Jul-2019|15-Jul-2019|19-Jul-2019||3|030115|1|1|1|| |1705.4|0.0| ||3|1275566200| |9999997494| |9999997494|||0|1| |1705.4|15-Jul-2019|1|1|A|10|0.0|0.0|0|4|1705.4|1705.4|0|0|0|0|0|0|0|0|0|0|0|0|0|||||15-Jul-2019|950.0|0|0||T7432X|T7432X|Y|N184|Y|F0280|Y|M810|Y|N1830|Y|E1022|Y|Z653|Y|N181|N|Z940|Y|E1129|Y|R809|N|D4959|Y|D075|Y|E1121|Y|F1110|Y|R931|Y|E11319|Y|I259|Y|I4891|Y|R739|Y|E781|Y|E8881|Y|E119|Y|R7303|Y|D649|Y|Y04|X58|Y| | | | | | | | | | | | | | | | | | | | | | |GZ3|15-Jul-2019|Z741|15-Jul-2019|F419|15-Jul-2019|Z9181|15-Jul-2019|Z139|15-Jul-2019|Z1331|16-Jul-2019|Z1331|16-Jul-2019|||||||||||||||||||||||||||||||||||||0|0||4|450|M1069|3.0|2019-07-16T00:00:00|hospital_A|hospital_A_20190715
SYN_BENE_079C4D237428|SYN_CLM_F1EFD33ED72E|V|60|15-Jul-2019|15-Jul-2019|19-Jul-2019||3|030115|1|1|1|| |1705.4|0.0| ||3|1275566200| |9999997494| |9999997494|||0|1| |1705.4|15-Jul-2019|1|1|A|10|0.0|0.0|0|4|1705.4|1705.4|0|0|0|0|0|0|0|0|0|0|0|0|0|||||15-Jul-2019|950.0|0|0||T7432X|T7432X|Y|N184|Y|F0280|Y|M810|Y|N1830|Y|E1022|Y|Z653|Y|N181|N|Z940|Y|E1129|Y|R809|N|D4959|Y|D075|Y|E1121|Y|F1110|Y|R931|Y|E11319|Y|I259|Y|I4891|Y|R739|Y|E781|Y|E8881|Y|E119|Y|R7303|Y|D649|Y|Y04|X58|Y| | | | | | | | | | | | | | | | | | | | | | |GZ3|15-Jul-2019|Z741|15-Jul-2019|F419|15-Jul-2019|Z9181|15-Jul-2019|Z139|15-Jul-2019|Z1331|16-Jul-2019|Z1331|16-Jul-2019|||||||||||||||||||||||||||||||||||||0|0||5|450|99401|3.0|2019-07-16T00:00:00|hospital_A|hospital_A_20190715
SYN_BENE_079C4D237428|SYN_CLM_F1EFD33ED72E|V|60|15-Jul-2019|15-Jul-2019|19-Jul-2019||3|030115|1|1|1|| |1705.4|0.0| ||3|1275566200| |9999997494| |9999997494|||0|1| |1705.4|15-Jul-2019|1|1|A|10|0.0|0.0|0|4|1705.4|1705.4|0|0|0|0|0|0|0|0|0|0|0|0|0|||||15-Jul-2019|950.0|0|0||T7432X|T7432X|Y|N184|Y|F0280|Y|M810|Y|N1830|Y|E1022|Y|Z653|Y|N181|N|Z940|Y|E1129|Y|R809|N|D4959|Y|D075|Y|E1121|Y|F1110|Y|R931|Y|E11319|Y|I259|Y|I4891|Y|R739|Y|E781|Y|E8881|Y|E119|Y|R7303|Y|D649|Y|Y04|X58|Y| | | | | | | | | | | | | | | | | | | | | | |GZ3|15-Jul-2019|Z741|15-Jul-2019|F419|15-Jul-2019|Z9181|15-Jul-2019|Z139|15-Jul-2019|Z1331|16-Jul-2019|Z1331|16-Jul-2019|||||||||||||||||||||||||||||||||||||0|0||6|450|G0444|3.0|2019-07-16T00:00:00|hospital_A|hospital_A_20190715
SYN_BENE_079C4D237428|SYN_CLM_F1EFD33ED72E|V|60|15-Jul-2019|15-Jul-2019|19-Jul-2019||3|030115|1|1|1|| |1705.4|0.0| ||3|1275566200| |9999997494| |9999997494|||0|1| |1705.4|15-Jul-2019|1|1|A|10|0.0|0.0|0|4|1705.4|1705.4|0|0|0|0|0|0|0|0|0|0|0|0|0|||||15-Jul-2019|950.0|0|0||T7432X|T7432X|Y|N184|Y|F0280|Y|M810|Y|N1830|Y|E1022|Y|Z653|Y|N181|N|Z940|Y|E1129|Y|R809|N|D4959|Y|D075|Y|E1121|Y|F1110|Y|R931|Y|E11319|Y|I259|Y|I4891|Y|R739|Y|E781|Y|E8881|Y|E119|Y|R7303|Y|D649|Y|Y04|X58|Y| | | | | | | | | | | | | | | | | | | | | | |GZ3|15-Jul-2019|Z741|15-Jul-2019|F419|15-Jul-2019|Z9181|15-Jul-2019|Z139|15-Jul-2019|Z1331|16-Jul-2019|Z1331|16-Jul-2019|||||||||||||||||||||||||||||||||||||0|0||7|450|G0444|3.0|2019-07-16T00:00:00|hospital_A|hospital_A_20190715
SYN_BENE_540D30CA8213|SYN_CLM_56AC0F32EFFC|V|60|15-Jul-2019|15-Jul-2019|19-Jul-2019||3|030115|1|1|1|| |1705.4|0.0| ||3|1275566200| |9999997494| |9999997494|||0|1| |1705.4|15-Jul-2019|1|1|A|10|0.0|0.0|0|4|1705.4|1705.4|0|0|0|0|0|0|0|0|0|0|0|0|0|||||15-Jul-2019|950.0|0|0||T7432X|T7432X|Y|N184|Y|F0280|Y|M810|Y|N1830|Y|E1022|Y|Z653|Y|N181|N|Z940|Y|E1129|Y|R809|N|D4959|Y|D075|Y|E1121|Y|F1110|Y|R931|Y|E11319|Y|I259|Y|I4891|Y|R739|Y|E781|Y|E8881|Y|E119|Y|R7303|Y|D649|Y|Y04|X58|Y| | | | | | | | | | | | | | | | | | | | | | |GZ3|15-Jul-2019|Z741|15-Jul-2019|F419|15-Jul-2019|Z9181|15-Jul-2019|Z139|15-Jul-2019|Z1331|16-Jul-2019|Z1331|16-Jul-2019|||||||||||||||||||||||||||||||||||||0|0||1|450|99495|2.0|2019-07-16T00:00:00|hospital_A|hospital_A_20190715
SYN_BENE_540D30CA8213|SYN_CLM_56AC0F32EFFC|V|60|15-Jul-2019|15-Jul-2019|19-Jul-2019||3|030115|1|1|1|| |1705.4|0.0| ||3|1275566200| |9999997494| |9999997494|||0|1| |1705.4|15-Jul-2019|1|1|A|10|0.0|0.0|0|4|1705.4|1705.4|0|0|0|0|0|0|0|0|0|0|0|0|0|||||15-Jul-2019|950.0|0|0||T7432X|T7432X|Y|N184|Y|F0280|Y|M810|Y|N1830|Y|E1022|Y|Z653|Y|N181|N|Z940|Y|E1129|Y|R809|N|D4959|Y|D075|Y|E1121|Y|F1110|Y|R931|Y|E11319|Y|I259|Y|I4891|Y|R739|Y|E781|Y|E8881|Y|E119|Y|R7303|Y|D649|Y|Y04|X58|Y| | | | | | | | | | | | | | | | | | | | | | |GZ3|15-Jul-2019|Z741|15-Jul-2019|F419|15-Jul-2019|Z9181|15-Jul-2019|Z139|15-Jul-2019|Z1331|16-Jul-2019|Z1331|16-Jul-2019|||||||||||||||||||||||||||||||||||||0|0||2|450|96156|2.0|2019-07-16T00:00:00|hospital_A|hospital_A_20190715
SYN_BENE_540D30CA8213|SYN_CLM_56AC0F32EFFC|V|60|15-Jul-2019|15-Jul-2019|19-Jul-2019||3|030115|1|1|1|| |1705.4|0.0| ||3|1275566200| |9999997494| |9999997494|||0|1| |1705.4|15-Jul-2019|1|1|A|10|0.0|0.0|0|4|1705.4|1705.4|0|0|0|0|0|0|0|0|0|0|0|0|0|||||15-Jul-2019|950.0|0|0||T7432X|T7432X|Y|N184|Y|F0280|Y|M810|Y|N1830|Y|E1022|Y|Z653|Y|N181|N|Z940|Y|E1129|Y|R809|N|D4959|Y|D075|Y|E1121|Y|F1110|Y|R931|Y|E11319|Y|I259|Y|I4891|Y|R739|Y|E781|Y|E8881|Y|E119|Y|R7303|Y|D649|Y|Y04|X58|Y| | | | | | | | | | | | | | | | | | | | | | |GZ3|15-Jul-2019|Z741|15-Jul-2019|F419|15-Jul-2019|Z9181|15-Jul-2019|Z139|15-Jul-2019|Z1331|16-Jul-2019|Z1331|16-Jul-2019|||||||||||||||||||||||||||||||||||||0|0||3|450|96127|3.0|2019-07-16T00:00:00|hospital_A|hospital_A_20190715
SYN_BENE_540D30CA8213|SYN_CLM_56AC0F32EFFC|V|60|15-Jul-2019|15-Jul-2019|19-Jul-2019||3|030115|1|1|1|| |1705.4|0.0| ||3|1275566200| |9999997494| |9999997494|||0|1| |1705.4|15-Jul-2019|1|1|A|10|0.0|0.0|0|4|1705.4|1705.4|0|0|0|0|0|0|0|0|0|0|0|0|0|||||15-Jul-2019|950.0|0|0||T7432X|T7432X|Y|N184|Y|F0280|Y|M810|Y|N1830|Y|E1022|Y|Z653|Y|N181|N|Z940|Y|E1129|Y|R809|N|D4959|Y|D075|Y|E1121|Y|F1110|Y|R931|Y|E11319|Y|I259|Y|I4891|Y|R739|Y|E781|Y|E8881|Y|E119|Y|R7303|Y|D649|Y|Y04|X58|Y| | | | | | | | | | | | | | | | | | | | | | |GZ3|15-Jul-2019|Z741|15-Jul-2019|F419|15-Jul-2019|Z9181|15-Jul-2019|Z139|15-Jul-2019|Z1331|16-Jul-2019|Z1331|16-Jul-2019|||||||||||||||||||||||||||||||||||||0|0||4|450|M1069|3.0|2019-07-16T00:00:00|hospital_A|hospital_A_20190715
SYN_BENE_540D30CA8213|SYN_CLM_56AC0F32EFFC|V|60|15-Jul-2019|15-Jul-2019|19-Jul-2019||3|030115|1|1|1|| |1705.4|0.0| ||3|1275566200| |9999997494| |9999997494|||0|1| |1705.4|15-Jul-2019|1|1|A|10|0.0|0.0|0|4|1705.4|1705.4|0|0|0|0|0|0|0|0|0|0|0|0|0|||||15-Jul-2019|950.0|0|0||T7432X|T7432X|Y|N184|Y|F0280|Y|M810|Y|N1830|Y|E1022|Y|Z653|Y|N181|N|Z940|Y|E1129|Y|R809|N|D4959|Y|D075|Y|E1121|Y|F1110|Y|R931|Y|E11319|Y|I259|Y|I4891|Y|R739|Y|E781|Y|E8881|Y|E119|Y|R7303|Y|D649|Y|Y04|X58|Y| | | | | | | | | | | | | | | | | | | | | | |GZ3|15-Jul-2019|Z741|15-Jul-2019|F419|15-Jul-2019|Z9181|15-Jul-2019|Z139|15-Jul-2019|Z1331|16-Jul-2019|Z1331|16-Jul-2019|||||||||||||||||||||||||||||||||||||0|0||5|450|99401|3.0|2019-07-16T00:00:00|hospital_A|hospital_A_20190715
SYN_BENE_540D30CA8213|SYN_CLM_56AC0F32EFFC|V|60|15-Jul-2019|15-Jul-2019|19-Jul-2019||3|030115|1|1|1|| |1705.4|0.0| ||3|1275566200| |9999997494| |9999997494|||0|1| |1705.4|15-Jul-2019|1|1|A|10|0.0|0.0|0|4|1705.4|1705.4|0|0|0|0|0|0|0|0|0|0|0|0|0|||||15-Jul-2019|950.0|0|0||T7432X|T7432X|Y|N184|Y|F0280|Y|M810|Y|N1830|Y|E1022|Y|Z653|Y|N181|N|Z940|Y|E1129|Y|R809|N|D4959|Y|D075|Y|E1121|Y|F1110|Y|R931|Y|E11319|Y|I259|Y|I4891|Y|R739|Y|E781|Y|E8881|Y|E119|Y|R7303|Y|D649|Y|Y04|X58|Y| | | | | | | | | | | | | | | | | | | | | | |GZ3|15-Jul-2019|Z741|15-Jul-2019|F419|15-Jul-2019|Z9181|15-Jul-2019|Z139|15-Jul-2019|Z1331|16-Jul-2019|Z1331|16-Jul-2019|||||||||||||||||||||||||||||||||||||0|0||6|450|G0444|3.0|2019-07-16T00:00:00|hospital_A|hospital_A_20190715
SYN_BENE_540D30CA8213|SYN_CLM_56AC0F32EFFC|V|60|15-Jul-2019|15-Jul-2019|19-Jul-2019||3|030115|1|1|1|| |1705.4|0.0| ||3|1275566200| |9999997494| |9999997494|||0|1| |1705.4|15-Jul-2019|1|1|A|10|0.0|0.0|0|4|1705.4|1705.4|0|0|0|0|0|0|0|0|0|0|0|0|0|||||15-Jul-2019|950.0|0|0||T7432X|T7432X|Y|N184|Y|F0280|Y|M810|Y|N1830|Y|E1022|Y|Z653|Y|N181|N|Z940|Y|E1129|Y|R809|N|D4959|Y|D075|Y|E1121|Y|F1110|Y|R931|Y|E11319|Y|I259|Y|I4891|Y|R739|Y|E781|Y|E8881|Y|E119|Y|R7303|Y|D649|Y|Y04|X58|Y| | | | | | | | | | | | | | | | | | | | | | |GZ3|15-Jul-2019|Z741|15-Jul-2019|F419|15-Jul-2019|Z9181|15-Jul-2019|Z139|15-Jul-2019|Z1331|16-Jul-2019|Z1331|16-Jul-2019|||||||||||||||||||||||||||||||||||||0|0||7|450|G0444|3.0|2019-07-16T00:00:00|hospital_A|hospital_A_20190715
SYN_BENE_7361FD97F848|SYN_CLM_1FD364FFDEC1|V|60|15-Jul-2019|15-Jul-2019|19-Jul-2019||3|030115|1|1|1|| |1705.4|0.0| ||3|1275566200| |9999997494| |9999997494|||0|1| |1705.4|15-Jul-2019|1|1|A|10|0.0|0.0|0|4|1705.4|1705.4|0|0|0|0|0|0|0|0|0|0|0|0|0|||||15-Jul-2019|950.0|0|0||T7432X|T7432X|Y|N184|Y|F0280|Y|M810|Y|N1830|Y|E1022|Y|Z653|Y|N181|N|Z940|Y|E1129|Y|R809|N|D4959|Y|D075|Y|E1121|Y|F1110|Y|R931|Y|E11319|Y|I259|Y|I4891|Y|R739|Y|E781|Y|E8881|Y|E119|Y|R7303|Y|D649|Y|Y04|X58|Y| | | | | | | | | | | | | | | | | | | | | | |GZ3|15-Jul-2019|Z741|15-Jul-2019|F419|15-Jul-2019|Z9181|15-Jul-2019|Z139|15-Jul-2019|Z1331|16-Jul-2019|Z1331|16-Jul-2019|||||||||||||||||||||||||||||||||||||0|0||1|450|99495|2.0|2019-07-16T00:00:00|hospital_A|hospital_A_20190715
SYN_BENE_7361FD97F848|SYN_CLM_1FD364FFDEC1|V|60|15-Jul-2019|15-Jul-2019|19-Jul-2019||3|030115|1|1|1|| |1705.4|0.0| ||3|1275566200| |9999997494| |9999997494|||0|1| |1705.4|15-Jul-2019|1|1|A|10|0.0|0.0|0|4|1705.4|1705.4|0|0|0|0|0|0|0|0|0|0|0|0|0|||||15-Jul-2019|950.0|0|0||T7432X|T7432X|Y|N184|Y|F0280|Y|M810|Y|N1830|Y|E1022|Y|Z653|Y|N181|N|Z940|Y|E1129|Y|R809|N|D4959|Y|D075|Y|E1121|Y|F1110|Y|R931|Y|E11319|Y|I259|Y|I4891|Y|R739|Y|E781|Y|E8881|Y|E119|Y|R7303|Y|D649|Y|Y04|X58|Y| | | | | | | | | | | | | | | | | | | | | | |GZ3|15-Jul-2019|Z741|15-Jul-2019|F419|15-Jul-2019|Z9181|15-Jul-2019|Z139|15-Jul-2019|Z1331|16-Jul-2019|Z1331|16-Jul-2019|||||||||||||||||||||||||||||||||||||0|0||2|450|96156|2.0|2019-07-16T00:00:00|hospital_A|hospital_A_20190715
SYN_BENE_7361FD97F848|SYN_CLM_1FD364FFDEC1|V|60|15-Jul-2019|15-Jul-2019|19-Jul-2019||3|030115|1|1|1|| |1705.4|0.0| ||3|1275566200| |9999997494| |9999997494|||0|1| |1705.4|15-Jul-2019|1|1|A|10|0.0|0.0|0|4|1705.4|1705.4|0|0|0|0|0|0|0|0|0|0|0|0|0|||||15-Jul-2019|950.0|0|0||T7432X|T7432X|Y|N184|Y|F0280|Y|M810|Y|N1830|Y|E1022|Y|Z653|Y|N181|N|Z940|Y|E1129|Y|R809|N|D4959|Y|D075|Y|E1121|Y|F1110|Y|R931|Y|E11319|Y|I259|Y|I4891|Y|R739|Y|E781|Y|E8881|Y|E119|Y|R7303|Y|D649|Y|Y04|X58|Y| | | | | | | | | | | | | | | | | | | | | | |GZ3|15-Jul-2019|Z741|15-Jul-2019|F419|15-Jul-2019|Z9181|15-Jul-2019|Z139|15-Jul-2019|Z1331|16-Jul-2019|Z1331|16-Jul-2019|||||||||||||||||||||||||||||||||||||0|0||3|450|96127|3.0|2019-07-16T00:00:00|hospital_A|hospital_A_20190715
SYN_BENE_7361FD97F848|SYN_CLM_1FD364FFDEC1|V|60|15-Jul-2019|15-Jul-2019|19-Jul-2019||3|030115|1|1|1|| |1705.4|0.0| ||3|1275566200| |9999997494| |9999997494|||0|1| |1705.4|15-Jul-2019|1|1|A|10|0.0|0.0|0|4|1705.4|1705.4|0|0|0|0|0|0|0|0|0|0|0|0|0|||||15-Jul-2019|950.0|0|0||T7432X|T7432X|Y|N184|Y|F0280|Y|M810|Y|N1830|Y|E1022|Y|Z653|Y|N181|N|Z940|Y|E1129|Y|R809|N|D4959|Y|D075|Y|E1121|Y|F1110|Y|R931|Y|E11319|Y|I259|Y|I4891|Y|R739|Y|E781|Y|E8881|Y|E119|Y|R7303|Y|D649|Y|Y04|X58|Y| | | | | | | | | | | | | | | | | | | | | | |GZ3|15-Jul-2019|Z741|15-Jul-2019|F419|15-Jul-2019|Z9181|15-Jul-2019|Z139|15-Jul-2019|Z1331|16-Jul-2019|Z1331|16-Jul-2019|||||||||||||||||||||||||||||||||||||0|0||4|450|M1069|3.0|2019-07-16T00:00:00|hospital_A|hospital_A_20190715
SYN_BENE_7361FD97F848|SYN_CLM_1FD364FFDEC1|V|60|15-Jul-2019|15-Jul-2019|19-Jul-2019||3|030115|1|1|1|| |1705.4|0.0| ||3|1275566200| |9999997494| |9999997494|||0|1| |1705.4|15-Jul-2019|1|1|A|10|0.0|0.0|0|4|1705.4|1705.4|0|0|0|0|0|0|0|0|0|0|0|0|0|||||15-Jul-2019|950.0|0|0||T7432X|T7432X|Y|N184|Y|F0280|Y|M810|Y|N1830|Y|E1022|Y|Z653|Y|N181|N|Z940|Y|E1129|Y|R809|N|D4959|Y|D075|Y|E1121|Y|F1110|Y|R931|Y|E11319|Y|I259|Y|I4891|Y|R739|Y|E781|Y|E8881|Y|E119|Y|R7303|Y|D649|Y|Y04|X58|Y| | | | | | | | | | | | | | | | | | | | | | |GZ3|15-Jul-2019|Z741|15-Jul-2019|F419|15-Jul-2019|Z9181|15-Jul-2019|Z139|15-Jul-2019|Z1331|16-Jul-2019|Z1331|16-Jul-2019|||||||||||||||||||||||||||||||||||||0|0||5|450|99401|3.0|2019-07-16T00:00:00|hospital_A|hospital_A_20190715
SYN_BENE_7361FD97F848|SYN_CLM_1FD364FFDEC1|V|60|15-Jul-2019|15-Jul-2019|19-Jul-2019||3|030115|1|1|1|| |1705.4|0.0| ||3|1275566200| |9999997494| |9999997494|||0|1| |1705.4|15-Jul-2019|1|1|A|10|0.0|0.0|0|4|1705.4|1705.4|0|0|0|0|0|0|0|0|0|0|0|0|0|||||15-Jul-2019|950.0|0|0||T7432X|T7432X|Y|N184|Y|F0280|Y|M810|Y|N1830|Y|E1022|Y|Z653|Y|N181|N|Z940|Y|E1129|Y|R809|N|D4959|Y|D075|Y|E1121|Y|F1110|Y|R931|Y|E11319|Y|I259|Y|I4891|Y|R739|Y|E781|Y|E8881|Y|E119|Y|R7303|Y|D649|Y|Y04|X58|Y| | | | | | | | | | | | | | | | | | | | | | |GZ3|15-Jul-2019|Z741|15-Jul-2019|F419|15-Jul-2019|Z9181|15-Jul-2019|Z139|15-Jul-2019|Z1331|16-Jul-2019|Z1331|16-Jul-2019|||||||||||||||||||||||||||||||||||||0|0||6|450|G0444|3.0|2019-07-16T00:00:00|hospital_A|hospital_A_20190715
SYN_BENE_7361FD97F848|SYN_CLM_1FD364FFDEC1|V|60|15-Jul-2019|15-Jul-2019|19-Jul-2019||3|030115|1|1|1|| |1705.4|0.0| ||3|1275566200| |9999997494| |9999997494|||0|1| |1705.4|15-Jul-2019|1|1|A|10|0.0|0.0|0|4|1705.4|1705.4|0|0|0|0|0|0|0|0|0|0|0|0|0|||||15-Jul-2019|950.0|0|0||T7432X|T7432X|Y|N184|Y|F0280|Y|M810|Y|N1830|Y|E1022|Y|Z653|Y|N181|N|Z940|Y|E1129|Y|R809|N|D4959|Y|D075|Y|E1121|Y|F1110|Y|R931|Y|E11319|Y|I259|Y|I4891|Y|R739|Y|E781|Y|E8881|Y|E119|Y|R7303|Y|D649|Y|Y04|X58|Y| | | | | | | | | | | | | | | | | | | | | | |GZ3|15-Jul-2019|Z741|15-Jul-2019|F419|15-Jul-2019|Z9181|15-Jul-2019|Z139|15-Jul-2019|Z1331|16-Jul-2019|Z1331|16-Jul-2019|||||||||||||||||||||||||||||||||||||0|0||7|450|G0444|3.0|2019-07-16T00:00:00|hospital_A|hospital_A_20190715
SYN_BENE_2E4CC89DA2C2|SYN_CLM_617025A8CE91|V|60|15-Jul-2019|15-Jul-2019|19-Jul-2019||3|030115|1|1|1|| |1705.4|0.0| ||3|1275566200| |9999997494| |9999997494|||0|1| |1705.4|15-Jul-2019|1|1|A|10|0.0|0.0|0|4|1705.4|1705.4|0|0|0|0|0|0|0|0|0|0|0|0|0|||||15-Jul-2019|950.0|0|0||T7432X|T7432X|Y|N184|Y|F0280|Y|M810|Y|N1830|Y|E1022|Y|Z653|Y|N181|N|Z940|Y|E1129|Y|R809|N|D4959|Y|D075|Y|E1121|Y|F1110|Y|R931|Y|E11319|Y|I259|Y|I4891|Y|R739|Y|E781|Y|E8881|Y|E119|Y|R7303|Y|D649|Y|Y04|X58|Y| | | | | | | | | | | | | | | | | | | | | | |GZ3|15-Jul-2019|Z741|15-Jul-2019|F419|15-Jul-2019|Z9181|15-Jul-2019|Z139|15-Jul-2019|Z1331|16-Jul-2019|Z1331|16-Jul-2019|||||||||||||||||||||||||||||||||||||0|0||1|450|99495|2.0|2019-07-16T00:00:00|hospital_A|hospital_A_20190715
SYN_BENE_2E4CC89DA2C2|SYN_CLM_617025A8CE91|V|60|15-Jul-2019|15-Jul-2019|19-Jul-2019||3|030115|1|1|1|| |1705.4|0.0| ||3|1275566200| |9999997494| |9999997494|||0|1| |1705.4|15-Jul-2019|1|1|A|10|0.0|0.0|0|4|1705.4|1705.4|0|0|0|0|0|0|0|0|0|0|0|0|0|||||15-Jul-2019|950.0|0|0||T7432X|T7432X|Y|N184|Y|F0280|Y|M810|Y|N1830|Y|E1022|Y|Z653|Y|N181|N|Z940|Y|E1129|Y|R809|N|D4959|Y|D075|Y|E1121|Y|F1110|Y|R931|Y|E11319|Y|I259|Y|I4891|Y|R739|Y|E781|Y|E8881|Y|E119|Y|R7303|Y|D649|Y|Y04|X58|Y| | | | | | | | | | | | | | | | | | | | | | |GZ3|15-Jul-2019|Z741|15-Jul-2019|F419|15-Jul-2019|Z9181|15-Jul-2019|Z139|15-Jul-2019|Z1331|16-Jul-2019|Z1331|16-Jul-2019|||||||||||||||||||||||||||||||||||||0|0||2|450|96156|2.0|2019-07-16T00:00:00|hospital_A|hospital_A_20190715
SYN_BENE_2E4CC89DA2C2|SYN_CLM_617025A8CE91|V|60|15-Jul-2019|15-Jul-2019|19-Jul-2019||3|030115|1|1|1|| |1705.4|0.0| ||3|1275566200| |9999997494| |9999997494|||0|1| |1705.4|15-Jul-2019|1|1|A|10|0.0|0.0|0|4|1705.4|1705.4|0|0|0|0|0|0|0|0|0|0|0|0|0|||||15-Jul-2019|950.0|0|0||T7432X|T7432X|Y|N184|Y|F0280|Y|M810|Y|N1830|Y|E1022|Y|Z653|Y|N181|N|Z940|Y|E1129|Y|R809|N|D4959|Y|D075|Y|E1121|Y|F1110|Y|R931|Y|E11319|Y|I259|Y|I4891|Y|R739|Y|E781|Y|E8881|Y|E119|Y|R7303|Y|D649|Y|Y04|X58|Y| | | | | | | | | | | | | | | | | | | | | | |GZ3|15-Jul-2019|Z741|15-Jul-2019|F419|15-Jul-2019|Z9181|15-Jul-2019|Z139|15-Jul-2019|Z1331|16-Jul-2019|Z1331|16-Jul-2019|||||||||||||||||||||||||||||||||||||0|0||3|450|96127|3.0|2019-07-16T00:00:00|hospital_A|hospital_A_20190715
SYN_BENE_2E4CC89DA2C2|SYN_CLM_617025A8CE91|V|60|15-Jul-2019|15-Jul-2019|19-Jul-2019||3|030115|1|1|1|| |1705.4|0.0| ||3|1275566200| |9999997494| |9999997494|||0|1| |1705.4|15-Jul-2019|1|1|A|10|0.0|0.0|0|4|1705.4|1705.4|0|0|0|0|0|0|0|0|0|0|0|0|0|||||15-Jul-2019|950.0|0|0||T7432X|T7432X|Y|N184|Y|F0280|Y|M810|Y|N1830|Y|E1022|Y|Z653|Y|N181|N|Z940|Y|E1129|Y|R809|N|D4959|Y|D075|Y|E1121|Y|F1110|Y|R931|Y|E11319|Y|I259|Y|I4891|Y|R739|Y|E781|Y|E8881|Y|E119|Y|R7303|Y|D649|Y|Y04|X58|Y| | | | | | | | | | | | | | | | | | | | | | |GZ3|15-Jul-2019|Z741|15-Jul-2019|F419|15-Jul-2019|Z9181|15-Jul-2019|Z139|15-Jul-2019|Z1331|16-Jul-2019|Z1331|16-Jul-2019|||||||||||||||||||||||||||||||||||||0|0||4|450|M1069|3.0|2019-07-16T00:00:00|hospital_A|hospital_A_20190715
SYN_BENE_2E4CC89DA2C2|SYN_CLM_617025A8CE91|V|60|15-Jul-2019|15-Jul-2019|19-Jul-2019||3|030115|1|1|1|| |1705.4|0.0| ||3|1275566200| |9999997494| |9999997494|||0|1| |1705.4|15-Jul-2019|1|1|A|10|0.0|0.0|0|4|1705.4|1705.4|0|0|0|0|0|0|0|0|0|0|0|0|0|||||15-Jul-2019|950.0|0|0||T7432X|T7432X|Y|N184|Y|F0280|Y|M810|Y|N1830|Y|E1022|Y|Z653|Y|N181|N|Z940|Y|E1129|Y|R809|N|D4959|Y|D075|Y|E1121|Y|F1110|Y|R931|Y|E11319|Y|I259|Y|I4891|Y|R739|Y|E781|Y|E8881|Y|E119|Y|R7303|Y|D649|Y|Y04|X58|Y| | | | | | | | | | | | | | | | | | | | | | |GZ3|15-Jul-2019|Z741|15-Jul-2019|F419|15-Jul-2019|Z9181|15-Jul-2019|Z139|15-Jul-2019|Z1331|16-Jul-2019|Z1331|16-Jul-2019|||||||||||||||||||||||||||||||||||||0|0||5|450|99401|3.0|2019-07-16T00:00:00|hospital_A|hospital_A_20190715
SYN_BENE_2E4CC89DA2C2|SYN_CLM_617025A8CE91|V|60|15-Jul-2019|15-Jul-2019|19-Jul-2019||3|030115|1|1|1|| |1705.4|0.0| ||3|1275566200| |9999997494| |9999997494|||0|1| |1705.4|15-Jul-2019|1|1|A|10|0.0|0.0|0|4|1705.4|1705.4|0|0|0|0|0|0|0|0|0|0|0|0|0|||||15-Jul-2019|950.0|0|0||T7432X|T7432X|Y|N184|Y|F0280|Y|M810|Y|N1830|Y|E1022|Y|Z653|Y|N181|N|Z940|Y|E1129|Y|R809|N|D4959|Y|D075|Y|E1121|Y|F1110|Y|R931|Y|E11319|Y|I259|Y|I4891|Y|R739|Y|E781|Y|E8881|Y|E119|Y|R7303|Y|D649|Y|Y04|X58|Y| | | | | | | | | | | | | | | | | | | | | | |GZ3|15-Jul-2019|Z741|15-Jul-2019|F419|15-Jul-2019|Z9181|15-Jul-2019|Z139|15-Jul-2019|Z1331|16-Jul-2019|Z1331|16-Jul-2019|||||||||||||||||||||||||||||||||||||0|0||6|450|G0444|3.0|2019-07-16T00:00:00|hospital_A|hospital_A_20190715
SYN_BENE_2E4CC89DA2C2|SYN_CLM_617025A8CE91|V|60|15-Jul-2019|15-Jul-2019|19-Jul-2019||3|030115|1|1|1|| |1705.4|0.0| ||3|1275566200| |9999997494| |9999997494|||0|1| |1705.4|15-Jul-2019|1|1|A|10|0.0|0.0|0|4|1705.4|1705.4|0|0|0|0|0|0|0|0|0|0|0|0|0|||||15-Jul-2019|950.0|0|0||T7432X|T7432X|Y|N184|Y|F0280|Y|M810|Y|N1830|Y|E1022|Y|Z653|Y|N181|N|Z940|Y|E1129|Y|R809|N|D4959|Y|D075|Y|E1121|Y|F1110|Y|R931|Y|E11319|Y|I259|Y|I4891|Y|R739|Y|E781|Y|E8881|Y|E119|Y|R7303|Y|D649|Y|Y04|X58|Y| | | | | | | | | | | | | | | | | | | | | | |GZ3|15-Jul-2019|Z741|15-Jul-2019|F419|15-Jul-2019|Z9181|15-Jul-2019|Z139|15-Jul-2019|Z1331|16-Jul-2019|Z1331|16-Jul-2019|||||||||||||||||||||||||||||||||||||0|0||7|450|G0444|3.0|2019-07-16T00:00:00|hospital_A|hospital_A_20190715
SYN_BENE_56DBD18AEE01|SYN_CLM_8623A62DCB4E|V|60|15-Jul-2019|15-Jul-2019|19-Jul-2019||3|030115|1|1|1|| |1705.4|0.0| ||3|1275566200| |9999997494| |9999997494|||0|1| |1705.4|15-Jul-2019|1|1|A|10|0.0|0.0|0|4|1705.4|1705.4|0|0|0|0|0|0|0|0|0|0|0|0|0|||||15-Jul-2019|950.0|0|0||T7432X|T7432X|Y|N184|Y|F0280|Y|M810|Y|N1830|Y|E1022|Y|Z653|Y|N181|N|Z940|Y|E1129|Y|R809|N|D4959|Y|D075|Y|E1121|Y|F1110|Y|R931|Y|E11319|Y|I259|Y|I4891|Y|R739|Y|E781|Y|E8881|Y|E119|Y|R7303|Y|D649|Y|Y04|X58|Y| | | | | | | | | | | | | | | | | | | | | | |GZ3|15-Jul-2019|Z741|15-Jul-2019|F419|15-Jul-2019|Z9181|15-Jul-2019|Z139|15-Jul-2019|Z1331|16-Jul-2019|Z1331|16-Jul-2019|||||||||||||||||||||||||||||||||||||0|0||1|450|99495|2.0|2019-07-16T00:00:00|hospital_A|hospital_A_20190715
SYN_BENE_56DBD18AEE01|SYN_CLM_8623A62DCB4E|V|60|15-Jul-2019|15-Jul-2019|19-Jul-2019||3|030115|1|1|1|| |1705.4|0.0| ||3|1275566200| |9999997494| |9999997494|||0|1| |1705.4|15-Jul-2019|1|1|A|10|0.0|0.0|0|4|1705.4|1705.4|0|0|0|0|0|0|0|0|0|0|0|0|0|||||15-Jul-2019|950.0|0|0||T7432X|T7432X|Y|N184|Y|F0280|Y|M810|Y|N1830|Y|E1022|Y|Z653|Y|N181|N|Z940|Y|E1129|Y|R809|N|D4959|Y|D075|Y|E1121|Y|F1110|Y|R931|Y|E11319|Y|I259|Y|I4891|Y|R739|Y|E781|Y|E8881|Y|E119|Y|R7303|Y|D649|Y|Y04|X58|Y| | | | | | | | | | | | | | | | | | | | | | |GZ3|15-Jul-2019|Z741|15-Jul-2019|F419|15-Jul-2019|Z9181|15-Jul-2019|Z139|15-Jul-2019|Z1331|16-Jul-2019|Z1331|16-Jul-2019|||||||||||||||||||||||||||||||||||||0|0||2|450|96156|2.0|2019-07-16T00:00:00|hospital_A|hospital_A_20190715
SYN_BENE_56DBD18AEE01|SYN_CLM_8623A62DCB4E|V|60|15-Jul-2019|15-Jul-2019|19-Jul-2019||3|030115|1|1|1|| |1705.4|0.0| ||3|1275566200| |9999997494| |9999997494|||0|1| |1705.4|15-Jul-2019|1|1|A|10|0.0|0.0|0|4|1705.4|1705.4|0|0|0|0|0|0|0|0|0|0|0|0|0|||||15-Jul-2019|950.0|0|0||T7432X|T7432X|Y|N184|Y|F0280|Y|M810|Y|N1830|Y|E1022|Y|Z653|Y|N181|N|Z940|Y|E1129|Y|R809|N|D4959|Y|D075|Y|E1121|Y|F1110|Y|R931|Y|E11319|Y|I259|Y|I4891|Y|R739|Y|E781|Y|E8881|Y|E119|Y|R7303|Y|D649|Y|Y04|X58|Y| | | | | | | | | | | | | | | | | | | | | | |GZ3|15-Jul-2019|Z741|15-Jul-2019|F419|15-Jul-2019|Z9181|15-Jul-2019|Z139|15-Jul-2019|Z1331|16-Jul-2019|Z1331|16-Jul-2019|||||||||||||||||||||||||||||||||||||0|0||3|450|96127|3.0|2019-07-16T00:00:00|hospital_A|hospital_A_20190715
SYN_BENE_56DBD18AEE01|SYN_CLM_8623A62DCB4E|V|60|15-Jul-2019|15-Jul-2019|19-Jul-2019||3|030115|1|1|1|| |1705.4|0.0| ||3|1275566200| |9999997494| |9999997494|||0|1| |1705.4|15-Jul-2019|1|1|A|10|0.0|0.0|0|4|1705.4|1705.4|0|0|0|0|0|0|0|0|0|0|0|0|0|||||15-Jul-2019|950.0|0|0||T7432X|T7432X|Y|N184|Y|F0280|Y|M810|Y|N1830|Y|E1022|Y|Z653|Y|N181|N|Z940|Y|E1129|Y|R809|N|D4959|Y|D075|Y|E1121|Y|F1110|Y|R931|Y|E11319|Y|I259|Y|I4891|Y|R739|Y|E781|Y|E8881|Y|E119|Y|R7303|Y|D649|Y|Y04|X58|Y| | | | | | | | | | | | | | | | | | | | | | |GZ3|15-Jul-2019|Z741|15-Jul-2019|F419|15-Jul-2019|Z9181|15-Jul-2019|Z139|15-Jul-2019|Z1331|16-Jul-2019|Z1331|16-Jul-2019|||||||||||||||||||||||||||||||||||||0|0||4|450|M1069|3.0|2019-07-16T00:00:00|hospital_A|hospital_A_20190715
SYN_BENE_56DBD18AEE01|SYN_CLM_8623A62DCB4E|V|60|15-Jul-2019|15-Jul-2019|19-Jul-2019||3|030115|1|1|1|| |1705.4|0.0| ||3|1275566200| |9999997494| |9999997494|||0|1| |1705.4|15-Jul-2019|1|1|A|10|0.0|0.0|0|4|1705.4|1705.4|0|0|0|0|0|0|0|0|0|0|0|0|0|||||15-Jul-2019|950.0|0|0||T7432X|T7432X|Y|N184|Y|F0280|Y|M810|Y|N1830|Y|E1022|Y|Z653|Y|N181|N|Z940|Y|E1129|Y|R809|N|D4959|Y|D075|Y|E1121|Y|F1110|Y|R931|Y|E11319|Y|I259|Y|I4891|Y|R739|Y|E781|Y|E8881|Y|E119|Y|R7303|Y|D649|Y|Y04|X58|Y| | | | | | | | | | | | | | | | | | | | | | |GZ3|15-Jul-2019|Z741|15-Jul-2019|F419|15-Jul-2019|Z9181|15-Jul-2019|Z139|15-Jul-2019|Z1331|16-Jul-2019|Z1331|16-Jul-2019|||||||||||||||||||||||||||||||||||||0|0||5|450|99401|3.0|2019-07-16T00:00:00|hospital_A|hospital_A_20190715
SYN_BENE_56DBD18AEE01|SYN_CLM_8623A62DCB4E|V|60|15-Jul-2019|15-Jul-2019|19-Jul-2019||3|030115|1|1|1|| |1705.4|0.0| ||3|1275566200| |9999997494| |9999997494|||0|1| |1705.4|15-Jul-2019|1|1|A|10|0.0|0.0|0|4|1705.4|1705.4|0|0|0|0|0|0|0|0|0|0|0|0|0|||||15-Jul-2019|950.0|0|0||T7432X|T7432X|Y|N184|Y|F0280|Y|M810|Y|N1830|Y|E1022|Y|Z653|Y|N181|N|Z940|Y|E1129|Y|R809|N|D4959|Y|D075|Y|E1121|Y|F1110|Y|R931|Y|E11319|Y|I259|Y|I4891|Y|R739|Y|E781|Y|E8881|Y|E119|Y|R7303|Y|D649|Y|Y04|X58|Y| | | | | | | | | | | | | | | | | | | | | | |GZ3|15-Jul-2019|Z741|15-Jul-2019|F419|15-Jul-2019|Z9181|15-Jul-2019|Z139|15-Jul-2019|Z1331|16-Jul-2019|Z1331|16-Jul-2019|||||||||||||||||||||||||||||||||||||0|0||6|450|G0444|3.0|2019-07-16T00:00:00|hospital_A|hospital_A_20190715
SYN_BENE_56DBD18AEE01|SYN_CLM_8623A62DCB4E|V|60|15-Jul-2019|15-Jul-2019|19-Jul-2019||3|030115|1|1|1|| |1705.4|0.0| ||3|1275566200| |9999997494| |9999997494|||0|1| |1705.4|15-Jul-2019|1|1|A|10|0.0|0.0|0|4|1705.4|1705.4|0|0|0|0|0|0|0|0|0|0|0|0|0|||||15-Jul-2019|950.0|0|0||T7432X|T7432X|Y|N184|Y|F0280|Y|M810|Y|N1830|Y|E1022|Y|Z653|Y|N181|N|Z940|Y|E1129|Y|R809|N|D4959|Y|D075|Y|E1121|Y|F1110|Y|R931|Y|E11319|Y|I259|Y|I4891|Y|R739|Y|E781|Y|E8881|Y|E119|Y|R7303|Y|D649|Y|Y04|X58|Y| | | | | | | | | | | | | | | | | | | | | | |GZ3|15-Jul-2019|Z741|15-Jul-2019|F419|15-Jul-2019|Z9181|15-Jul-2019|Z139|15-Jul-2019|Z1331|16-Jul-2019|Z1331|16-Jul-2019|||||||||||||||||||||||||||||||||||||0|0||7|450|G0444|3.0|2019-07-16T00:00:00|hospital_A|hospital_A_20190715
SYN_BENE_D5BFABC891CD|SYN_CLM_E8AF3EB502D0|V|60|15-Jul-2019|15-Jul-2019|19-Jul-2019||3|030115|1|1|1|| |1705.4|0.0| ||3|1275566200| |9999997494| |9999997494|||0|1| |1705.4|15-Jul-2019|1|1|A|10|0.0|0.0|0|4|1705.4|1705.4|0|0|0|0|0|0|0|0|0|0|0|0|0|||||15-Jul-2019|950.0|0|0||T7432X|T7432X|Y|N184|Y|F0280|Y|M810|Y|N1830|Y|E1022|Y|Z653|Y|N181|N|Z940|Y|E1129|Y|R809|N|D4959|Y|D075|Y|E1121|Y|F1110|Y|R931|Y|E11319|Y|I259|Y|I4891|Y|R739|Y|E781|Y|E8881|Y|E119|Y|R7303|Y|D649|Y|Y04|X58|Y| | | | | | | | | | | | | | | | | | | | | | |GZ3|15-Jul-2019|Z741|15-Jul-2019|F419|15-Jul-2019|Z9181|15-Jul-2019|Z139|15-Jul-2019|Z1331|16-Jul-2019|Z1331|16-Jul-2019|||||||||||||||||||||||||||||||||||||0|0||1|450|99495|2.0|2019-07-16T00:00:00|hospital_A|hospital_A_20190715
SYN_BENE_D5BFABC891CD|SYN_CLM_E8AF3EB502D0|V|60|15-Jul-2019|15-Jul-2019|19-Jul-2019||3|030115|1|1|1|| |1705.4|0.0| ||3|1275566200| |9999997494| |9999997494|||0|1| |1705.4|15-Jul-2019|1|1|A|10|0.0|0.0|0|4|1705.4|1705.4|0|0|0|0|0|0|0|0|0|0|0|0|0|||||15-Jul-2019|950.0|0|0||T7432X|T7432X|Y|N184|Y|F0280|Y|M810|Y|N1830|Y|E1022|Y|Z653|Y|N181|N|Z940|Y|E1129|Y|R809|N|D4959|Y|D075|Y|E1121|Y|F1110|Y|R931|Y|E11319|Y|I259|Y|I4891|Y|R739|Y|E781|Y|E8881|Y|E119|Y|R7303|Y|D649|Y|Y04|X58|Y| | | | | | | | | | | | | | | | | | | | | | |GZ3|15-Jul-2019|Z741|15-Jul-2019|F419|15-Jul-2019|Z9181|15-Jul-2019|Z139|15-Jul-2019|Z1331|16-Jul-2019|Z1331|16-Jul-2019|||||||||||||||||||||||||||||||||||||0|0||2|450|96156|2.0|2019-07-16T00:00:00|hospital_A|hospital_A_20190715
SYN_BENE_D5BFABC891CD|SYN_CLM_E8AF3EB502D0|V|60|15-Jul-2019|15-Jul-2019|19-Jul-2019||3|030115|1|1|1|| |1705.4|0.0| ||3|1275566200| |9999997494| |9999997494|||0|1| |1705.4|15-Jul-2019|1|1|A|10|0.0|0.0|0|4|1705.4|1705.4|0|0|0|0|0|0|0|0|0|0|0|0|0|||||15-Jul-2019|950.0|0|0||T7432X|T7432X|Y|N184|Y|F0280|Y|M810|Y|N1830|Y|E1022|Y|Z653|Y|N181|N|Z940|Y|E1129|Y|R809|N|D4959|Y|D075|Y|E1121|Y|F1110|Y|R931|Y|E11319|Y|I259|Y|I4891|Y|R739|Y|E781|Y|E8881|Y|E119|Y|R7303|Y|D649|Y|Y04|X58|Y| | | | | | | | | | | | | | | | | | | | | | |GZ3|15-Jul-2019|Z741|15-Jul-2019|F419|15-Jul-2019|Z9181|15-Jul-2019|Z139|15-Jul-2019|Z1331|16-Jul-2019|Z1331|16-Jul-2019|||||||||||||||||||||||||||||||||||||0|0||3|450|96127|3.0|2019-07-16T00:00:00|hospital_A|hospital_A_20190715
SYN_BENE_D5BFABC891CD|SYN_CLM_E8AF3EB502D0|V|60|15-Jul-2019|15-Jul-2019|19-Jul-2019||3|030115|1|1|1|| |1705.4|0.0| ||3|1275566200| |9999997494| |9999997494|||0|1| |1705.4|15-Jul-2019|1|1|A|10|0.0|0.0|0|4|1705.4|1705.4|0|0|0|0|0|0|0|0|0|0|0|0|0|||||15-Jul-2019|950.0|0|0||T7432X|T7432X|Y|N184|Y|F0280|Y|M810|Y|N1830|Y|E1022|Y|Z653|Y|N181|N|Z940|Y|E1129|Y|R809|N|D4959|Y|D075|Y|E1121|Y|F1110|Y|R931|Y|E11319|Y|I259|Y|I4891|Y|R739|Y|E781|Y|E8881|Y|E119|Y|R7303|Y|D649|Y|Y04|X58|Y| | | | | | | | | | | | | | | | | | | | | | |GZ3|15-Jul-2019|Z741|15-Jul-2019|F419|15-Jul-2019|Z9181|15-Jul-2019|Z139|15-Jul-2019|Z1331|16-Jul-2019|Z1331|16-Jul-2019|||||||||||||||||||||||||||||||||||||0|0||4|450|M1069|3.0|2019-07-16T00:00:00|hospital_A|hospital_A_20190715
SYN_BENE_D5BFABC891CD|SYN_CLM_E8AF3EB502D0|V|60|15-Jul-2019|15-Jul-2019|19-Jul-2019||3|030115|1|1|1|| |1705.4|0.0| ||3|1275566200| |9999997494| |9999997494|||0|1| |1705.4|15-Jul-2019|1|1|A|10|0.0|0.0|0|4|1705.4|1705.4|0|0|0|0|0|0|0|0|0|0|0|0|0|||||15-Jul-2019|950.0|0|0||T7432X|T7432X|Y|N184|Y|F0280|Y|M810|Y|N1830|Y|E1022|Y|Z653|Y|N181|N|Z940|Y|E1129|Y|R809|N|D4959|Y|D075|Y|E1121|Y|F1110|Y|R931|Y|E11319|Y|I259|Y|I4891|Y|R739|Y|E781|Y|E8881|Y|E119|Y|R7303|Y|D649|Y|Y04|X58|Y| | | | | | | | | | | | | | | | | | | | | | |GZ3|15-Jul-2019|Z741|15-Jul-2019|F419|15-Jul-2019|Z9181|15-Jul-2019|Z139|15-Jul-2019|Z1331|16-Jul-2019|Z1331|16-Jul-2019|||||||||||||||||||||||||||||||||||||0|0||5|450|99401|3.0|2019-07-16T00:00:00|hospital_A|hospital_A_20190715
SYN_BENE_D5BFABC891CD|SYN_CLM_E8AF3EB502D0|V|60|15-Jul-2019|15-Jul-2019|19-Jul-2019||3|030115|1|1|1|| |1705.4|0.0| ||3|1275566200| |9999997494| |9999997494|||0|1| |1705.4|15-Jul-2019|1|1|A|10|0.0|0.0|0|4|1705.4|1705.4|0|0|0|0|0|0|0|0|0|0|0|0|0|||||15-Jul-2019|950.0|0|0||T7432X|T7432X|Y|N184|Y|F0280|Y|M810|Y|N1830|Y|E1022|Y|Z653|Y|N181|N|Z940|Y|E1129|Y|R809|N|D4959|Y|D075|Y|E1121|Y|F1110|Y|R931|Y|E11319|Y|I259|Y|I4891|Y|R739|Y|E781|Y|E8881|Y|E119|Y|R7303|Y|D649|Y|Y04|X58|Y| | | | | | | | | | | | | | | | | | | | | | |GZ3|15-Jul-2019|Z741|15-Jul-2019|F419|15-Jul-2019|Z9181|15-Jul-2019|Z139|15-Jul-2019|Z1331|16-Jul-2019|Z1331|16-Jul-2019|||||||||||||||||||||||||||||||||||||0|0||6|450|G0444|3.0|2019-07-16T00:00:00|hospital_A|hospital_A_20190715
SYN_BENE_D5BFABC891CD|SYN_CLM_E8AF3EB502D0|V|60|15-Jul-2019|15-Jul-2019|19-Jul-2019||3|030115|1|1|1|| |1705.4|0.0| ||3|1275566200| |9999997494| |9999997494|||0|1| |1705.4|15-Jul-2019|1|1|A|10|0.0|0.0|0|4|1705.4|1705.4|0|0|0|0|0|0|0|0|0|0|0|0|0|||||15-Jul-2019|950.0|0|0||T7432X|T7432X|Y|N184|Y|F0280|Y|M810|Y|N1830|Y|E1022|Y|Z653|Y|N181|N|Z940|Y|E1129|Y|R809|N|D4959|Y|D075|Y|E1121|Y|F1110|Y|R931|Y|E11319|Y|I259|Y|I4891|Y|R739|Y|E781|Y|E8881|Y|E119|Y|R7303|Y|D649|Y|Y04|X58|Y| | | | | | | | | | | | | | | | | | | | | | |GZ3|15-Jul-2019|Z741|15-Jul-2019|F419|15-Jul-2019|Z9181|15-Jul-2019|Z139|15-Jul-2019|Z1331|16-Jul-2019|Z1331|16-Jul-2019|||||||||||||||||||||||||||||||||||||0|0||7|450|G0444|3.0|2019-07-16T00:00:00|hospital_A|hospital_A_20190715
SYN_BENE_A2297757F5F6|SYN_CLM_F11F9E81F94C|V|60|15-Jul-2019|15-Jul-2019|19-Jul-2019||3|030115|1|1|1|| |1705.4|0.0| ||3|1275566200| |9999997494| |9999997494|||0|1| |1705.4|15-Jul-2019|1|1|A|10|0.0|0.0|0|4|1705.4|1705.4|0|0|0|0|0|0|0|0|0|0|0|0|0|||||15-Jul-2019|950.0|0|0||T7432X|T7432X|Y|N184|Y|F0280|Y|M810|Y|N1830|Y|E1022|Y|Z653|Y|N181|N|Z940|Y|E1129|Y|R809|N|D4959|Y|D075|Y|E1121|Y|F1110|Y|R931|Y|E11319|Y|I259|Y|I4891|Y|R739|Y|E781|Y|E8881|Y|E119|Y|R7303|Y|D649|Y|Y04|X58|Y| | | | | | | | | | | | | | | | | | | | | | |GZ3|15-Jul-2019|Z741|15-Jul-2019|F419|15-Jul-2019|Z9181|15-Jul-2019|Z139|15-Jul-2019|Z1331|16-Jul-2019|Z1331|16-Jul-2019|||||||||||||||||||||||||||||||||||||0|0||1|450|99495|2.0|2019-07-16T00:00:00|hospital_A|hospital_A_20190715
SYN_BENE_A2297757F5F6|SYN_CLM_F11F9E81F94C|V|60|15-Jul-2019|15-Jul-2019|19-Jul-2019||3|030115|1|1|1|| |1705.4|0.0| ||3|1275566200| |9999997494| |9999997494|||0|1| |1705.4|15-Jul-2019|1|1|A|10|0.0|0.0|0|4|1705.4|1705.4|0|0|0|0|0|0|0|0|0|0|0|0|0|||||15-Jul-2019|950.0|0|0||T7432X|T7432X|Y|N184|Y|F0280|Y|M810|Y|N1830|Y|E1022|Y|Z653|Y|N181|N|Z940|Y|E1129|Y|R809|N|D4959|Y|D075|Y|E1121|Y|F1110|Y|R931|Y|E11319|Y|I259|Y|I4891|Y|R739|Y|E781|Y|E8881|Y|E119|Y|R7303|Y|D649|Y|Y04|X58|Y| | | | | | | | | | | | | | | | | | | | | | |GZ3|15-Jul-2019|Z741|15-Jul-2019|F419|15-Jul-2019|Z9181|15-Jul-2019|Z139|15-Jul-2019|Z1331|16-Jul-2019|Z1331|16-Jul-2019|||||||||||||||||||||||||||||||||||||0|0||2|450|96156|2.0|2019-07-16T00:00:00|hospital_A|hospital_A_20190715
SYN_BENE_A2297757F5F6|SYN_CLM_F11F9E81F94C|V|60|15-Jul-2019|15-Jul-2019|19-Jul-2019||3|030115|1|1|1|| |1705.4|0.0| ||3|1275566200| |9999997494| |9999997494|||0|1| |1705.4|15-Jul-2019|1|1|A|10|0.0|0.0|0|4|1705.4|1705.4|0|0|0|0|0|0|0|0|0|0|0|0|0|||||15-Jul-2019|950.0|0|0||T7432X|T7432X|Y|N184|Y|F0280|Y|M810|Y|N1830|Y|E1022|Y|Z653|Y|N181|N|Z940|Y|E1129|Y|R809|N|D4959|Y|D075|Y|E1121|Y|F1110|Y|R931|Y|E11319|Y|I259|Y|I4891|Y|R739|Y|E781|Y|E8881|Y|E119|Y|R7303|Y|D649|Y|Y04|X58|Y| | | | | | | | | | | | | | | | | | | | | | |GZ3|15-Jul-2019|Z741|15-Jul-2019|F419|15-Jul-2019|Z9181|15-Jul-2019|Z139|15-Jul-2019|Z1331|16-Jul-2019|Z1331|16-Jul-2019|||||||||||||||||||||||||||||||||||||0|0||3|450|96127|3.0|2019-07-16T00:00:00|hospital_A|hospital_A_20190715
SYN_BENE_A2297757F5F6|SYN_CLM_F11F9E81F94C|V|60|15-Jul-2019|15-Jul-2019|19-Jul-2019||3|030115|1|1|1|| |1705.4|0.0| ||3|1275566200| |9999997494| |9999997494|||0|1| |1705.4|15-Jul-2019|1|1|A|10|0.0|0.0|0|4|1705.4|1705.4|0|0|0|0|0|0|0|0|0|0|0|0|0|||||15-Jul-2019|950.0|0|0||T7432X|T7432X|Y|N184|Y|F0280|Y|M810|Y|N1830|Y|E1022|Y|Z653|Y|N181|N|Z940|Y|E1129|Y|R809|N|D4959|Y|D075|Y|E1121|Y|F1110|Y|R931|Y|E11319|Y|I259|Y|I4891|Y|R739|Y|E781|Y|E8881|Y|E119|Y|R7303|Y|D649|Y|Y04|X58|Y| | | | | | | | | | | | | | | | | | | | | | |GZ3|15-Jul-2019|Z741|15-Jul-2019|F419|15-Jul-2019|Z9181|15-Jul-2019|Z139|15-Jul-2019|Z1331|16-Jul-2019|Z1331|16-Jul-2019|||||||||||||||||||||||||||||||||||||0|0||4|450|M1069|3.0|2019-07-16T00:00:00|hospital_A|hospital_A_20190715
SYN_BENE_A2297757F5F6|SYN_CLM_F11F9E81F94C|V|60|15-Jul-2019|15-Jul-2019|19-Jul-2019||3|030115|1|1|1|| |1705.4|0.0| ||3|1275566200| |9999997494| |9999997494|||0|1| |1705.4|15-Jul-2019|1|1|A|10|0.0|0.0|0|4|1705.4|1705.4|0|0|0|0|0|0|0|0|0|0|0|0|0|||||15-Jul-2019|950.0|0|0||T7432X|T7432X|Y|N184|Y|F0280|Y|M810|Y|N1830|Y|E1022|Y|Z653|Y|N181|N|Z940|Y|E1129|Y|R809|N|D4959|Y|D075|Y|E1121|Y|F1110|Y|R931|Y|E11319|Y|I259|Y|I4891|Y|R739|Y|E781|Y|E8881|Y|E119|Y|R7303|Y|D649|Y|Y04|X58|Y| | | | | | | | | | | | | | | | | | | | | | |GZ3|15-Jul-2019|Z741|15-Jul-2019|F419|15-Jul-2019|Z9181|15-Jul-2019|Z139|15-Jul-2019|Z1331|16-Jul-2019|Z1331|16-Jul-2019|||||||||||||||||||||||||||||||||||||0|0||5|450|99401|3.0|2019-07-16T00:00:00|hospital_A|hospital_A_20190715
SYN_BENE_A2297757F5F6|SYN_CLM_F11F9E81F94C|V|60|15-Jul-2019|15-Jul-2019|19-Jul-2019||3|030115|1|1|1|| |1705.4|0.0| ||3|1275566200| |9999997494| |9999997494|||0|1| |1705.4|15-Jul-2019|1|1|A|10|0.0|0.0|0|4|1705.4|1705.4|0|0|0|0|0|0|0|0|0|0|0|0|0|||||15-Jul-2019|950.0|0|0||T7432X|T7432X|Y|N184|Y|F0280|Y|M810|Y|N1830|Y|E1022|Y|Z653|Y|N181|N|Z940|Y|E1129|Y|R809|N|D4959|Y|D075|Y|E1121|Y|F1110|Y|R931|Y|E11319|Y|I259|Y|I4891|Y|R739|Y|E781|Y|E8881|Y|E119|Y|R7303|Y|D649|Y|Y04|X58|Y| | | | | | | | | | | | | | | | | | | | | | |GZ3|15-Jul-2019|Z741|15-Jul-2019|F419|15-Jul-2019|Z9181|15-Jul-2019|Z139|15-Jul-2019|Z1331|16-Jul-2019|Z1331|16-Jul-2019|||||||||||||||||||||||||||||||||||||0|0||6|450|G0444|3.0|2019-07-16T00:00:00|hospital_A|hospital_A_20190715
SYN_BENE_A2297757F5F6|SYN_CLM_F11F9E81F94C|V|60|15-Jul-2019|15-Jul-2019|19-Jul-2019||3|030115|1|1|1|| |1705.4|0.0| ||3|1275566200| |9999997494| |9999997494|||0|1| |1705.4|15-Jul-2019|1|1|A|10|0.0|0.0|0|4|1705.4|1705.4|0|0|0|0|0|0|0|0|0|0|0|0|0|||||15-Jul-2019|950.0|0|0||T7432X|T7432X|Y|N184|Y|F0280|Y|M810|Y|N1830|Y|E1022|Y|Z653|Y|N181|N|Z940|Y|E1129|Y|R809|N|D4959|Y|D075|Y|E1121|Y|F1110|Y|R931|Y|E11319|Y|I259|Y|I4891|Y|R739|Y|E781|Y|E8881|Y|E119|Y|R7303|Y|D649|Y|Y04|X58|Y| | | | | | | | | | | | | | | | | | | | | | |GZ3|15-Jul-2019|Z741|15-Jul-2019|F419|15-Jul-2019|Z9181|15-Jul-2019|Z139|15-Jul-2019|Z1331|16-Jul-2019|Z1331|16-Jul-2019|||||||||||||||||||||||||||||||||||||0|0||7|450|G0444|3.0|2019-07-16T00:00:00|hospital_A|hospital_A_20190715
SYN_BENE_E3177A266996|SYN_CLM_2E82B23F5011|V|60|15-Jul-2019|15-Jul-2019|19-Jul-2019||3|030115|1|1|1|| |1705.4|0.0| ||3|1275566200| |9999997494| |9999997494|||0|1| |1705.4|15-Jul-2019|1|1|A|10|0.0|0.0|0|4|1705.4|1705.4|0|0|0|0|0|0|0|0|0|0|0|0|0|||||15-Jul-2019|950.0|0|0||T7432X|T7432X|Y|N184|Y|F0280|Y|M810|Y|N1830|Y|E1022|Y|Z653|Y|N181|N|Z940|Y|E1129|Y|R809|N|D4959|Y|D075|Y|E1121|Y|F1110|Y|R931|Y|E11319|Y|I259|Y|I4891|Y|R739|Y|E781|Y|E8881|Y|E119|Y|R7303|Y|D649|Y|Y04|X58|Y| | | | | | | | | | | | | | | | | | | | | | |GZ3|15-Jul-2019|Z741|15-Jul-2019|F419|15-Jul-2019|Z9181|15-Jul-2019|Z139|15-Jul-2019|Z1331|16-Jul-2019|Z1331|16-Jul-2019|||||||||||||||||||||||||||||||||||||0|0||1|450|99495|2.0|2019-07-16T00:00:00|hospital_A|hospital_A_20190715
SYN_BENE_E3177A266996|SYN_CLM_2E82B23F5011|V|60|15-Jul-2019|15-Jul-2019|19-Jul-2019||3|030115|1|1|1|| |1705.4|0.0| ||3|1275566200| |9999997494| |9999997494|||0|1| |1705.4|15-Jul-2019|1|1|A|10|0.0|0.0|0|4|1705.4|1705.4|0|0|0|0|0|0|0|0|0|0|0|0|0|||||15-Jul-2019|950.0|0|0||T7432X|T7432X|Y|N184|Y|F0280|Y|M810|Y|N1830|Y|E1022|Y|Z653|Y|N181|N|Z940|Y|E1129|Y|R809|N|D4959|Y|D075|Y|E1121|Y|F1110|Y|R931|Y|E11319|Y|I259|Y|I4891|Y|R739|Y|E781|Y|E8881|Y|E119|Y|R7303|Y|D649|Y|Y04|X58|Y| | | | | | | | | | | | | | | | | | | | | | |GZ3|15-Jul-2019|Z741|15-Jul-2019|F419|15-Jul-2019|Z9181|15-Jul-2019|Z139|15-Jul-2019|Z1331|16-Jul-2019|Z1331|16-Jul-2019|||||||||||||||||||||||||||||||||||||0|0||2|450|96156|2.0|2019-07-16T00:00:00|hospital_A|hospital_A_20190715
SYN_BENE_E3177A266996|SYN_CLM_2E82B23F5011|V|60|15-Jul-2019|15-Jul-2019|19-Jul-2019||3|030115|1|1|1|| |1705.4|0.0| ||3|1275566200| |9999997494| |9999997494|||0|1| |1705.4|15-Jul-2019|1|1|A|10|0.0|0.0|0|4|1705.4|1705.4|0|0|0|0|0|0|0|0|0|0|0|0|0|||||15-Jul-2019|950.0|0|0||T7432X|T7432X|Y|N184|Y|F0280|Y|M810|Y|N1830|Y|E1022|Y|Z653|Y|N181|N|Z940|Y|E1129|Y|R809|N|D4959|Y|D075|Y|E1121|Y|F1110|Y|R931|Y|E11319|Y|I259|Y|I4891|Y|R739|Y|E781|Y|E8881|Y|E119|Y|R7303|Y|D649|Y|Y04|X58|Y| | | | | | | | | | | | | | | | | | | | | | |GZ3|15-Jul-2019|Z741|15-Jul-2019|F419|15-Jul-2019|Z9181|15-Jul-2019|Z139|15-Jul-2019|Z1331|16-Jul-2019|Z1331|16-Jul-2019|||||||||||||||||||||||||||||||||||||0|0||3|450|96127|3.0|2019-07-16T00:00:00|hospital_A|hospital_A_20190715
SYN_BENE_E3177A266996|SYN_CLM_2E82B23F5011|V|60|15-Jul-2019|15-Jul-2019|19-Jul-2019||3|030115|1|1|1|| |1705.4|0.0| ||3|1275566200| |9999997494| |9999997494|||0|1| |1705.4|15-Jul-2019|1|1|A|10|0.0|0.0|0|4|1705.4|1705.4|0|0|0|0|0|0|0|0|0|0|0|0|0|||||15-Jul-2019|950.0|0|0||T7432X|T7432X|Y|N184|Y|F0280|Y|M810|Y|N1830|Y|E1022|Y|Z653|Y|N181|N|Z940|Y|E1129|Y|R809|N|D4959|Y|D075|Y|E1121|Y|F1110|Y|R931|Y|E11319|Y|I259|Y|I4891|Y|R739|Y|E781|Y|E8881|Y|E119|Y|R7303|Y|D649|Y|Y04|X58|Y| | | | | | | | | | | | | | | | | | | | | | |GZ3|15-Jul-2019|Z741|15-Jul-2019|F419|15-Jul-2019|Z9181|15-Jul-2019|Z139|15-Jul-2019|Z1331|16-Jul-2019|Z1331|16-Jul-2019|||||||||||||||||||||||||||||||||||||0|0||4|450|M1069|3.0|2019-07-16T00:00:00|hospital_A|hospital_A_20190715
SYN_BENE_E3177A266996|SYN_CLM_2E82B23F5011|V|60|15-Jul-2019|15-Jul-2019|19-Jul-2019||3|030115|1|1|1|| |1705.4|0.0| ||3|1275566200| |9999997494| |9999997494|||0|1| |1705.4|15-Jul-2019|1|1|A|10|0.0|0.0|0|4|1705.4|1705.4|0|0|0|0|0|0|0|0|0|0|0|0|0|||||15-Jul-2019|950.0|0|0||T7432X|T7432X|Y|N184|Y|F0280|Y|M810|Y|N1830|Y|E1022|Y|Z653|Y|N181|N|Z940|Y|E1129|Y|R809|N|D4959|Y|D075|Y|E1121|Y|F1110|Y|R931|Y|E11319|Y|I259|Y|I4891|Y|R739|Y|E781|Y|E8881|Y|E119|Y|R7303|Y|D649|Y|Y04|X58|Y| | | | | | | | | | | | | | | | | | | | | | |GZ3|15-Jul-2019|Z741|15-Jul-2019|F419|15-Jul-2019|Z9181|15-Jul-2019|Z139|15-Jul-2019|Z1331|16-Jul-2019|Z1331|16-Jul-2019|||||||||||||||||||||||||||||||||||||0|0||5|450|99401|3.0|2019-07-16T00:00:00|hospital_A|hospital_A_20190715
SYN_BENE_E3177A266996|SYN_CLM_2E82B23F5011|V|60|15-Jul-2019|15-Jul-2019|19-Jul-2019||3|030115|1|1|1|| |1705.4|0.0| ||3|1275566200| |9999997494| |9999997494|||0|1| |1705.4|15-Jul-2019|1|1|A|10|0.0|0.0|0|4|1705.4|1705.4|0|0|0|0|0|0|0|0|0|0|0|0|0|||||15-Jul-2019|950.0|0|0||T7432X|T7432X|Y|N184|Y|F0280|Y|M810|Y|N1830|Y|E1022|Y|Z653|Y|N181|N|Z940|Y|E1129|Y|R809|N|D4959|Y|D075|Y|E1121|Y|F1110|Y|R931|Y|E11319|Y|I259|Y|I4891|Y|R739|Y|E781|Y|E8881|Y|E119|Y|R7303|Y|D649|Y|Y04|X58|Y| | | | | | | | | | | | | | | | | | | | | | |GZ3|15-Jul-2019|Z741|15-Jul-2019|F419|15-Jul-2019|Z9181|15-Jul-2019|Z139|15-Jul-2019|Z1331|16-Jul-2019|Z1331|16-Jul-2019|||||||||||||||||||||||||||||||||||||0|0||6|450|G0444|3.0|2019-07-16T00:00:00|hospital_A|hospital_A_20190715
SYN_BENE_E3177A266996|SYN_CLM_2E82B23F5011|V|60|15-Jul-2019|15-Jul-2019|19-Jul-2019||3|030115|1|1|1|| |1705.4|0.0| ||3|1275566200| |9999997494| |9999997494|||0|1| |1705.4|15-Jul-2019|1|1|A|10|0.0|0.0|0|4|1705.4|1705.4|0|0|0|0|0|0|0|0|0|0|0|0|0|||||15-Jul-2019|950.0|0|0||T7432X|T7432X|Y|N184|Y|F0280|Y|M810|Y|N1830|Y|E1022|Y|Z653|Y|N181|N|Z940|Y|E1129|Y|R809|N|D4959|Y|D075|Y|E1121|Y|F1110|Y|R931|Y|E11319|Y|I259|Y|I4891|Y|R739|Y|E781|Y|E8881|Y|E119|Y|R7303|Y|D649|Y|Y04|X58|Y| | | | | | | | | | | | | | | | | | | | | | |GZ3|15-Jul-2019|Z741|15-Jul-2019|F419|15-Jul-2019|Z9181|15-Jul-2019|Z139|15-Jul-2019|Z1331|16-Jul-2019|Z1331|16-Jul-2019|||||||||||||||||||||||||||||||||||||0|0||7|450|G0444|3.0|2019-07-16T00:00:00|hospital_A|hospital_A_20190715
SYN_BENE_D0649B42C294|SYN_CLM_CDF207482974|V|60|15-Jul-2019|15-Jul-2019|19-Jul-2019||3|030115|1|1|1|| |1705.4|0.0| ||3|1275566200| |9999997494| |9999997494|||0|1| |1705.4|15-Jul-2019|1|1|A|10|0.0|0.0|0|4|1705.4|1705.4|0|0|0|0|0|0|0|0|0|0|0|0|0|||||15-Jul-2019|950.0|0|0||T7432X|T7432X|Y|N184|Y|F0280|Y|M810|Y|N1830|Y|E1022|Y|Z653|Y|N181|N|Z940|Y|E1129|Y|R809|N|D4959|Y|D075|Y|E1121|Y|F1110|Y|R931|Y|E11319|Y|I259|Y|I4891|Y|R739|Y|E781|Y|E8881|Y|E119|Y|R7303|Y|D649|Y|Y04|X58|Y| | | | | | | | | | | | | | | | | | | | | | |GZ3|15-Jul-2019|Z741|15-Jul-2019|F419|15-Jul-2019|Z9181|15-Jul-2019|Z139|15-Jul-2019|Z1331|16-Jul-2019|Z1331|16-Jul-2019|||||||||||||||||||||||||||||||||||||0|0||1|450|99495|2.0|2019-07-16T00:00:00|hospital_A|hospital_A_20190715
SYN_BENE_D0649B42C294|SYN_CLM_CDF207482974|V|60|15-Jul-2019|15-Jul-2019|19-Jul-2019||3|030115|1|1|1|| |1705.4|0.0| ||3|1275566200| |9999997494| |9999997494|||0|1| |1705.4|15-Jul-2019|1|1|A|10|0.0|0.0|0|4|1705.4|1705.4|0|0|0|0|0|0|0|0|0|0|0|0|0|||||15-Jul-2019|950.0|0|0||T7432X|T7432X|Y|N184|Y|F0280|Y|M810|Y|N1830|Y|E1022|Y|Z653|Y|N181|N|Z940|Y|E1129|Y|R809|N|D4959|Y|D075|Y|E1121|Y|F1110|Y|R931|Y|E11319|Y|I259|Y|I4891|Y|R739|Y|E781|Y|E8881|Y|E119|Y|R7303|Y|D649|Y|Y04|X58|Y| | | | | | | | | | | | | | | | | | | | | | |GZ3|15-Jul-2019|Z741|15-Jul-2019|F419|15-Jul-2019|Z9181|15-Jul-2019|Z139|15-Jul-2019|Z1331|16-Jul-2019|Z1331|16-Jul-2019|||||||||||||||||||||||||||||||||||||0|0||2|450|96156|2.0|2019-07-16T00:00:00|hospital_A|hospital_A_20190715
SYN_BENE_D0649B42C294|SYN_CLM_CDF207482974|V|60|15-Jul-2019|15-Jul-2019|19-Jul-2019||3|030115|1|1|1|| |1705.4|0.0| ||3|1275566200| |9999997494| |9999997494|||0|1| |1705.4|15-Jul-2019|1|1|A|10|0.0|0.0|0|4|1705.4|1705.4|0|0|0|0|0|0|0|0|0|0|0|0|0|||||15-Jul-2019|950.0|0|0||T7432X|T7432X|Y|N184|Y|F0280|Y|M810|Y|N1830|Y|E1022|Y|Z653|Y|N181|N|Z940|Y|E1129|Y|R809|N|D4959|Y|D075|Y|E1121|Y|F1110|Y|R931|Y|E11319|Y|I259|Y|I4891|Y|R739|Y|E781|Y|E8881|Y|E119|Y|R7303|Y|D649|Y|Y04|X58|Y| | | | | | | | | | | | | | | | | | | | | | |GZ3|15-Jul-2019|Z741|15-Jul-2019|F419|15-Jul-2019|Z9181|15-Jul-2019|Z139|15-Jul-2019|Z1331|16-Jul-2019|Z1331|16-Jul-2019|||||||||||||||||||||||||||||||||||||0|0||3|450|96127|3.0|2019-07-16T00:00:00|hospital_A|hospital_A_20190715
SYN_BENE_D0649B42C294|SYN_CLM_CDF207482974|V|60|15-Jul-2019|15-Jul-2019|19-Jul-2019||3|030115|1|1|1|| |1705.4|0.0| ||3|1275566200| |9999997494| |9999997494|||0|1| |1705.4|15-Jul-2019|1|1|A|10|0.0|0.0|0|4|1705.4|1705.4|0|0|0|0|0|0|0|0|0|0|0|0|0|||||15-Jul-2019|950.0|0|0||T7432X|T7432X|Y|N184|Y|F0280|Y|M810|Y|N1830|Y|E1022|Y|Z653|Y|N181|N|Z940|Y|E1129|Y|R809|N|D4959|Y|D075|Y|E1121|Y|F1110|Y|R931|Y|E11319|Y|I259|Y|I4891|Y|R739|Y|E781|Y|E8881|Y|E119|Y|R7303|Y|D649|Y|Y04|X58|Y| | | | | | | | | | | | | | | | | | | | | | |GZ3|15-Jul-2019|Z741|15-Jul-2019|F419|15-Jul-2019|Z9181|15-Jul-2019|Z139|15-Jul-2019|Z1331|16-Jul-2019|Z1331|16-Jul-2019|||||||||||||||||||||||||||||||||||||0|0||4|450|M1069|3.0|2019-07-16T00:00:00|hospital_A|hospital_A_20190715
SYN_BENE_D0649B42C294|SYN_CLM_CDF207482974|V|60|15-Jul-2019|15-Jul-2019|19-Jul-2019||3|030115|1|1|1|| |1705.4|0.0| ||3|1275566200| |9999997494| |9999997494|||0|1| |1705.4|15-Jul-2019|1|1|A|10|0.0|0.0|0|4|1705.4|1705.4|0|0|0|0|0|0|0|0|0|0|0|0|0|||||15-Jul-2019|950.0|0|0||T7432X|T7432X|Y|N184|Y|F0280|Y|M810|Y|N1830|Y|E1022|Y|Z653|Y|N181|N|Z940|Y|E1129|Y|R809|N|D4959|Y|D075|Y|E1121|Y|F1110|Y|R931|Y|E11319|Y|I259|Y|I4891|Y|R739|Y|E781|Y|E8881|Y|E119|Y|R7303|Y|D649|Y|Y04|X58|Y| | | | | | | | | | | | | | | | | | | | | | |GZ3|15-Jul-2019|Z741|15-Jul-2019|F419|15-Jul-2019|Z9181|15-Jul-2019|Z139|15-Jul-2019|Z1331|16-Jul-2019|Z1331|16-Jul-2019|||||||||||||||||||||||||||||||||||||0|0||5|450|99401|3.0|2019-07-16T00:00:00|hospital_A|hospital_A_20190715
SYN_BENE_D0649B42C294|SYN_CLM_CDF207482974|V|60|15-Jul-2019|15-Jul-2019|19-Jul-2019||3|030115|1|1|1|| |1705.4|0.0| ||3|1275566200| |9999997494| |9999997494|||0|1| |1705.4|15-Jul-2019|1|1|A|10|0.0|0.0|0|4|1705.4|1705.4|0|0|0|0|0|0|0|0|0|0|0|0|0|||||15-Jul-2019|950.0|0|0||T7432X|T7432X|Y|N184|Y|F0280|Y|M810|Y|N1830|Y|E1022|Y|Z653|Y|N181|N|Z940|Y|E1129|Y|R809|N|D4959|Y|D075|Y|E1121|Y|F1110|Y|R931|Y|E11319|Y|I259|Y|I4891|Y|R739|Y|E781|Y|E8881|Y|E119|Y|R7303|Y|D649|Y|Y04|X58|Y| | | | | | | | | | | | | | | | | | | | | | |GZ3|15-Jul-2019|Z741|15-Jul-2019|F419|15-Jul-2019|Z9181|15-Jul-2019|Z139|15-Jul-2019|Z1331|16-Jul-2019|Z1331|16-Jul-2019|||||||||||||||||||||||||||||||||||||0|0||6|450|G0444|3.0|2019-07-16T00:00:00|hospital_A|hospital_A_20190715
SYN_BENE_D0649B42C294|SYN_CLM_CDF207482974|V|60|15-Jul-2019|15-Jul-2019|19-Jul-2019||3|030115|1|1|1|| |1705.4|0.0| ||3|1275566200| |9999997494| |9999997494|||0|1| |1705.4|15-Jul-2019|1|1|A|10|0.0|0.0|0|4|1705.4|1705.4|0|0|0|0|0|0|0|0|0|0|0|0|0|||||15-Jul-2019|950.0|0|0||T7432X|T7432X|Y|N184|Y|F0280|Y|M810|Y|N1830|Y|E1022|Y|Z653|Y|N181|N|Z940|Y|E1129|Y|R809|N|D4959|Y|D075|Y|E1121|Y|F1110|Y|R931|Y|E11319|Y|I259|Y|I4891|Y|R739|Y|E781|Y|E8881|Y|E119|Y|R7303|Y|D649|Y|Y04|X58|Y| | | | | | | | | | | | | | | | | | | | | | |GZ3|15-Jul-2019|Z741|15-Jul-2019|F419|15-Jul-2019|Z9181|15-Jul-2019|Z139|15-Jul-2019|Z1331|16-Jul-2019|Z1331|16-Jul-2019|||||||||||||||||||||||||||||||||||||0|0||7|450|G0444|3.0|2019-07-16T00:00:00|hospital_A|hospital_A_20190715
SYN_BENE_8D408DA23EBB|SYN_CLM_D503B0620CEF|V|60|15-Jul-2019|15-Jul-2019|19-Jul-2019||3|030115|1|1|1|| |1705.4|0.0| ||3|1275566200| |9999997494| |9999997494|||0|1| |1705.4|15-Jul-2019|1|1|A|10|0.0|0.0|0|4|1705.4|1705.4|0|0|0|0|0|0|0|0|0|0|0|0|0|||||15-Jul-2019|950.0|0|0||T7432X|T7432X|Y|N184|Y|F0280|Y|M810|Y|N1830|Y|E1022|Y|Z653|Y|N181|N|Z940|Y|E1129|Y|R809|N|D4959|Y|D075|Y|E1121|Y|F1110|Y|R931|Y|E11319|Y|I259|Y|I4891|Y|R739|Y|E781|Y|E8881|Y|E119|Y|R7303|Y|D649|Y|Y04|X58|Y| | | | | | | | | | | | | | | | | | | | | | |GZ3|15-Jul-2019|Z741|15-Jul-2019|F419|15-Jul-2019|Z9181|15-Jul-2019|Z139|15-Jul-2019|Z1331|16-Jul-2019|Z1331|16-Jul-2019|||||||||||||||||||||||||||||||||||||0|0||1|450|99495|2.0|2019-07-16T00:00:00|hospital_A|hospital_A_20190715
SYN_BENE_8D408DA23EBB|SYN_CLM_D503B0620CEF|V|60|15-Jul-2019|15-Jul-2019|19-Jul-2019||3|030115|1|1|1|| |1705.4|0.0| ||3|1275566200| |9999997494| |9999997494|||0|1| |1705.4|15-Jul-2019|1|1|A|10|0.0|0.0|0|4|1705.4|1705.4|0|0|0|0|0|0|0|0|0|0|0|0|0|||||15-Jul-2019|950.0|0|0||T7432X|T7432X|Y|N184|Y|F0280|Y|M810|Y|N1830|Y|E1022|Y|Z653|Y|N181|N|Z940|Y|E1129|Y|R809|N|D4959|Y|D075|Y|E1121|Y|F1110|Y|R931|Y|E11319|Y|I259|Y|I4891|Y|R739|Y|E781|Y|E8881|Y|E119|Y|R7303|Y|D649|Y|Y04|X58|Y| | | | | | | | | | | | | | | | | | | | | | |GZ3|15-Jul-2019|Z741|15-Jul-2019|F419|15-Jul-2019|Z9181|15-Jul-2019|Z139|15-Jul-2019|Z1331|16-Jul-2019|Z1331|16-Jul-2019|||||||||||||||||||||||||||||||||||||0|0||2|450|96156|2.0|2019-07-16T00:00:00|hospital_A|hospital_A_20190715
SYN_BENE_8D408DA23EBB|SYN_CLM_D503B0620CEF|V|60|15-Jul-2019|15-Jul-2019|19-Jul-2019||3|030115|1|1|1|| |1705.4|0.0| ||3|1275566200| |9999997494| |9999997494|||0|1| |1705.4|15-Jul-2019|1|1|A|10|0.0|0.0|0|4|1705.4|1705.4|0|0|0|0|0|0|0|0|0|0|0|0|0|||||15-Jul-2019|950.0|0|0||T7432X|T7432X|Y|N184|Y|F0280|Y|M810|Y|N1830|Y|E1022|Y|Z653|Y|N181|N|Z940|Y|E1129|Y|R809|N|D4959|Y|D075|Y|E1121|Y|F1110|Y|R931|Y|E11319|Y|I259|Y|I4891|Y|R739|Y|E781|Y|E8881|Y|E119|Y|R7303|Y|D649|Y|Y04|X58|Y| | | | | | | | | | | | | | | | | | | | | | |GZ3|15-Jul-2019|Z741|15-Jul-2019|F419|15-Jul-2019|Z9181|15-Jul-2019|Z139|15-Jul-2019|Z1331|16-Jul-2019|Z1331|16-Jul-2019|||||||||||||||||||||||||||||||||||||0|0||3|450|96127|3.0|2019-07-16T00:00:00|hospital_A|hospital_A_20190715
SYN_BENE_8D408DA23EBB|SYN_CLM_D503B0620CEF|V|60|15-Jul-2019|15-Jul-2019|19-Jul-2019||3|030115|1|1|1|| |1705.4|0.0| ||3|1275566200| |9999997494| |9999997494|||0|1| |1705.4|15-Jul-2019|1|1|A|10|0.0|0.0|0|4|1705.4|1705.4|0|0|0|0|0|0|0|0|0|0|0|0|0|||||15-Jul-2019|950.0|0|0||T7432X|T7432X|Y|N184|Y|F0280|Y|M810|Y|N1830|Y|E1022|Y|Z653|Y|N181|N|Z940|Y|E1129|Y|R809|N|D4959|Y|D075|Y|E1121|Y|F1110|Y|R931|Y|E11319|Y|I259|Y|I4891|Y|R739|Y|E781|Y|E8881|Y|E119|Y|R7303|Y|D649|Y|Y04|X58|Y| | | | | | | | | | | | | | | | | | | | | | |GZ3|15-Jul-2019|Z741|15-Jul-2019|F419|15-Jul-2019|Z9181|15-Jul-2019|Z139|15-Jul-2019|Z1331|16-Jul-2019|Z1331|16-Jul-2019|||||||||||||||||||||||||||||||||||||0|0||4|450|M1069|3.0|2019-07-16T00:00:00|hospital_A|hospital_A_20190715
SYN_BENE_8D408DA23EBB|SYN_CLM_D503B0620CEF|V|60|15-Jul-2019|15-Jul-2019|19-Jul-2019||3|030115|1|1|1|| |1705.4|0.0| ||3|1275566200| |9999997494| |9999997494|||0|1| |1705.4|15-Jul-2019|1|1|A|10|0.0|0.0|0|4|1705.4|1705.4|0|0|0|0|0|0|0|0|0|0|0|0|0|||||15-Jul-2019|950.0|0|0||T7432X|T7432X|Y|N184|Y|F0280|Y|M810|Y|N1830|Y|E1022|Y|Z653|Y|N181|N|Z940|Y|E1129|Y|R809|N|D4959|Y|D075|Y|E1121|Y|F1110|Y|R931|Y|E11319|Y|I259|Y|I4891|Y|R739|Y|E781|Y|E8881|Y|E119|Y|R7303|Y|D649|Y|Y04|X58|Y| | | | | | | | | | | | | | | | | | | | | | |GZ3|15-Jul-2019|Z741|15-Jul-2019|F419|15-Jul-2019|Z9181|15-Jul-2019|Z139|15-Jul-2019|Z1331|16-Jul-2019|Z1331|16-Jul-2019|||||||||||||||||||||||||||||||||||||0|0||5|450|99401|3.0|2019-07-16T00:00:00|hospital_A|hospital_A_20190715
SYN_BENE_8D408DA23EBB|SYN_CLM_D503B0620CEF|V|60|15-Jul-2019|15-Jul-2019|19-Jul-2019||3|030115|1|1|1|| |1705.4|0.0| ||3|1275566200| |9999997494| |9999997494|||0|1| |1705.4|15-Jul-2019|1|1|A|10|0.0|0.0|0|4|1705.4|1705.4|0|0|0|0|0|0|0|0|0|0|0|0|0|||||15-Jul-2019|950.0|0|0||T7432X|T7432X|Y|N184|Y|F0280|Y|M810|Y|N1830|Y|E1022|Y|Z653|Y|N181|N|Z940|Y|E1129|Y|R809|N|D4959|Y|D075|Y|E1121|Y|F1110|Y|R931|Y|E11319|Y|I259|Y|I4891|Y|R739|Y|E781|Y|E8881|Y|E119|Y|R7303|Y|D649|Y|Y04|X58|Y| | | | | | | | | | | | | | | | | | | | | | |GZ3|15-Jul-2019|Z741|15-Jul-2019|F419|15-Jul-2019|Z9181|15-Jul-2019|Z139|15-Jul-2019|Z1331|16-Jul-2019|Z1331|16-Jul-2019|||||||||||||||||||||||||||||||||||||0|0||6|450|G0444|3.0|2019-07-16T00:00:00|hospital_A|hospital_A_20190715
SYN_BENE_8D408DA23EBB|SYN_CLM_D503B0620CEF|V|60|15-Jul-2019|15-Jul-2019|19-Jul-2019||3|030115|1|1|1|| |1705.4|0.0| ||3|1275566200| |9999997494| |9999997494|||0|1| |1705.4|15-Jul-2019|1|1|A|10|0.0|0.0|0|4|1705.4|1705.4|0|0|0|0|0|0|0|0|0|0|0|0|0|||||15-Jul-2019|950.0|0|0||T7432X|T7432X|Y|N184|Y|F0280|Y|M810|Y|N1830|Y|E1022|Y|Z653|Y|N181|N|Z940|Y|E1129|Y|R809|N|D4959|Y|D075|Y|E1121|Y|F1110|Y|R931|Y|E11319|Y|I259|Y|I4891|Y|R739|Y|E781|Y|E8881|Y|E119|Y|R7303|Y|D649|Y|Y04|X58|Y| | | | | | | | | | | | | | | | | | | | | | |GZ3|15-Jul-2019|Z741|15-Jul-2019|F419|15-Jul-2019|Z9181|15-Jul-2019|Z139|15-Jul-2019|Z1331|16-Jul-2019|Z1331|16-Jul-2019|||||||||||||||||||||||||||||||||||||0|0||7|450|G0444|3.0|2019-07-16T00:00:00|hospital_A|hospital_A_20190715
SYN_BENE_026C79FA7712|SYN_CLM_65FFD5299906|V|60|15-Jul-2019|15-Jul-2019|19-Jul-2019||3|030115|1|1|1|| |1705.4|0.0| ||3|1275566200| |9999997494| |9999997494|||0|1| |1705.4|15-Jul-2019|1|1|A|10|0.0|0.0|0|4|1705.4|1705.4|0|0|0|0|0|0|0|0|0|0|0|0|0|||||15-Jul-2019|950.0|0|0||T7432X|T7432X|Y|N184|Y|F0280|Y|M810|Y|N1830|Y|E1022|Y|Z653|Y|N181|N|Z940|Y|E1129|Y|R809|N|D4959|Y|D075|Y|E1121|Y|F1110|Y|R931|Y|E11319|Y|I259|Y|I4891|Y|R739|Y|E781|Y|E8881|Y|E119|Y|R7303|Y|D649|Y|Y04|X58|Y| | | | | | | | | | | | | | | | | | | | | | |GZ3|15-Jul-2019|Z741|15-Jul-2019|F419|15-Jul-2019|Z9181|15-Jul-2019|Z139|15-Jul-2019|Z1331|16-Jul-2019|Z1331|16-Jul-2019|||||||||||||||||||||||||||||||||||||0|0||1|450|99495|2.0|2019-07-16T00:00:00|hospital_A|hospital_A_20190715
SYN_BENE_026C79FA7712|SYN_CLM_65FFD5299906|V|60|15-Jul-2019|15-Jul-2019|19-Jul-2019||3|030115|1|1|1|| |1705.4|0.0| ||3|1275566200| |9999997494| |9999997494|||0|1| |1705.4|15-Jul-2019|1|1|A|10|0.0|0.0|0|4|1705.4|1705.4|0|0|0|0|0|0|0|0|0|0|0|0|0|||||15-Jul-2019|950.0|0|0||T7432X|T7432X|Y|N184|Y|F0280|Y|M810|Y|N1830|Y|E1022|Y|Z653|Y|N181|N|Z940|Y|E1129|Y|R809|N|D4959|Y|D075|Y|E1121|Y|F1110|Y|R931|Y|E11319|Y|I259|Y|I4891|Y|R739|Y|E781|Y|E8881|Y|E119|Y|R7303|Y|D649|Y|Y04|X58|Y| | | | | | | | | | | | | | | | | | | | | | |GZ3|15-Jul-2019|Z741|15-Jul-2019|F419|15-Jul-2019|Z9181|15-Jul-2019|Z139|15-Jul-2019|Z1331|16-Jul-2019|Z1331|16-Jul-2019|||||||||||||||||||||||||||||||||||||0|0||2|450|96156|2.0|2019-07-16T00:00:00|hospital_A|hospital_A_20190715
SYN_BENE_026C79FA7712|SYN_CLM_65FFD5299906|V|60|15-Jul-2019|15-Jul-2019|19-Jul-2019||3|030115|1|1|1|| |1705.4|0.0| ||3|1275566200| |9999997494| |9999997494|||0|1| |1705.4|15-Jul-2019|1|1|A|10|0.0|0.0|0|4|1705.4|1705.4|0|0|0|0|0|0|0|0|0|0|0|0|0|||||15-Jul-2019|950.0|0|0||T7432X|T7432X|Y|N184|Y|F0280|Y|M810|Y|N1830|Y|E1022|Y|Z653|Y|N181|N|Z940|Y|E1129|Y|R809|N|D4959|Y|D075|Y|E1121|Y|F1110|Y|R931|Y|E11319|Y|I259|Y|I4891|Y|R739|Y|E781|Y|E8881|Y|E119|Y|R7303|Y|D649|Y|Y04|X58|Y| | | | | | | | | | | | | | | | | | | | | | |GZ3|15-Jul-2019|Z741|15-Jul-2019|F419|15-Jul-2019|Z9181|15-Jul-2019|Z139|15-Jul-2019|Z1331|16-Jul-2019|Z1331|16-Jul-2019|||||||||||||||||||||||||||||||||||||0|0||3|450|96127|3.0|2019-07-16T00:00:00|hospital_A|hospital_A_20190715
SYN_BENE_026C79FA7712|SYN_CLM_65FFD5299906|V|60|15-Jul-2019|15-Jul-2019|19-Jul-2019||3|030115|1|1|1|| |1705.4|0.0| ||3|1275566200| |9999997494| |9999997494|||0|1| |1705.4|15-Jul-2019|1|1|A|10|0.0|0.0|0|4|1705.4|1705.4|0|0|0|0|0|0|0|0|0|0|0|0|0|||||15-Jul-2019|950.0|0|0||T7432X|T7432X|Y|N184|Y|F0280|Y|M810|Y|N1830|Y|E1022|Y|Z653|Y|N181|N|Z940|Y|E1129|Y|R809|N|D4959|Y|D075|Y|E1121|Y|F1110|Y|R931|Y|E11319|Y|I259|Y|I4891|Y|R739|Y|E781|Y|E8881|Y|E119|Y|R7303|Y|D649|Y|Y04|X58|Y| | | | | | | | | | | | | | | | | | | | | | |GZ3|15-Jul-2019|Z741|15-Jul-2019|F419|15-Jul-2019|Z9181|15-Jul-2019|Z139|15-Jul-2019|Z1331|16-Jul-2019|Z1331|16-Jul-2019|||||||||||||||||||||||||||||||||||||0|0||4|450|M1069|3.0|2019-07-16T00:00:00|hospital_A|hospital_A_20190715
SYN_BENE_026C79FA7712|SYN_CLM_65FFD5299906|V|60|15-Jul-2019|15-Jul-2019|19-Jul-2019||3|030115|1|1|1|| |1705.4|0.0| ||3|1275566200| |9999997494| |9999997494|||0|1| |1705.4|15-Jul-2019|1|1|A|10|0.0|0.0|0|4|1705.4|1705.4|0|0|0|0|0|0|0|0|0|0|0|0|0|||||15-Jul-2019|950.0|0|0||T7432X|T7432X|Y|N184|Y|F0280|Y|M810|Y|N1830|Y|E1022|Y|Z653|Y|N181|N|Z940|Y|E1129|Y|R809|N|D4959|Y|D075|Y|E1121|Y|F1110|Y|R931|Y|E11319|Y|I259|Y|I4891|Y|R739|Y|E781|Y|E8881|Y|E119|Y|R7303|Y|D649|Y|Y04|X58|Y| | | | | | | | | | | | | | | | | | | | | | |GZ3|15-Jul-2019|Z741|15-Jul-2019|F419|15-Jul-2019|Z9181|15-Jul-2019|Z139|15-Jul-2019|Z1331|16-Jul-2019|Z1331|16-Jul-2019|||||||||||||||||||||||||||||||||||||0|0||5|450|99401|3.0|2019-07-16T00:00:00|hospital_A|hospital_A_20190715
SYN_BENE_026C79FA7712|SYN_CLM_65FFD5299906|V|60|15-Jul-2019|15-Jul-2019|19-Jul-2019||3|030115|1|1|1|| |1705.4|0.0| ||3|1275566200| |9999997494| |9999997494|||0|1| |1705.4|15-Jul-2019|1|1|A|10|0.0|0.0|0|4|1705.4|1705.4|0|0|0|0|0|0|0|0|0|0|0|0|0|||||15-Jul-2019|950.0|0|0||T7432X|T7432X|Y|N184|Y|F0280|Y|M810|Y|N1830|Y|E1022|Y|Z653|Y|N181|N|Z940|Y|E1129|Y|R809|N|D4959|Y|D075|Y|E1121|Y|F1110|Y|R931|Y|E11319|Y|I259|Y|I4891|Y|R739|Y|E781|Y|E8881|Y|E119|Y|R7303|Y|D649|Y|Y04|X58|Y| | | | | | | | | | | | | | | | | | | | | | |GZ3|15-Jul-2019|Z741|15-Jul-2019|F419|15-Jul-2019|Z9181|15-Jul-2019|Z139|15-Jul-2019|Z1331|16-Jul-2019|Z1331|16-Jul-2019|||||||||||||||||||||||||||||||||||||0|0||6|450|G0444|3.0|2019-07-16T00:00:00|hospital_A|hospital_A_20190715
SYN_BENE_026C79FA7712|SYN_CLM_65FFD5299906|V|60|15-Jul-2019|15-Jul-2019|19-Jul-2019||3|030115|1|1|1|| |1705.4|0.0| ||3|1275566200| |9999997494| |9999997494|||0|1| |1705.4|15-Jul-2019|1|1|A|10|0.0|0.0|0|4|1705.4|1705.4|0|0|0|0|0|0|0|0|0|0|0|0|0|||||15-Jul-2019|950.0|0|0||T7432X|T7432X|Y|N184|Y|F0280|Y|M810|Y|N1830|Y|E1022|Y|Z653|Y|N181|N|Z940|Y|E1129|Y|R809|N|D4959|Y|D075|Y|E1121|Y|F1110|Y|R931|Y|E11319|Y|I259|Y|I4891|Y|R739|Y|E781|Y|E8881|Y|E119|Y|R7303|Y|D649|Y|Y04|X58|Y| | | | | | | | | | | | | | | | | | | | | | |GZ3|15-Jul-2019|Z741|15-Jul-2019|F419|15-Jul-2019|Z9181|15-Jul-2019|Z139|15-Jul-2019|Z1331|16-Jul-2019|Z1331|16-Jul-2019|||||||||||||||||||||||||||||||||||||0|0||7|450|G0444|3.0|2019-07-16T00:00:00|hospital_A|hospital_A_20190715
SYN_BENE_0429B4F095A9|SYN_CLM_FBE9B011A90E|V|60|15-Jul-2019|15-Jul-2019|19-Jul-2019||3|030115|1|1|1|| |1705.4|0.0| ||3|1275566200| |9999997494| |9999997494|||0|1| |1705.4|15-Jul-2019|1|1|A|10|0.0|0.0|0|4|1705.4|1705.4|0|0|0|0|0|0|0|0|0|0|0|0|0|||||15-Jul-2019|950.0|0|0||T7432X|T7432X|Y|N184|Y|F0280|Y|M810|Y|N1830|Y|E1022|Y|Z653|Y|N181|N|Z940|Y|E1129|Y|R809|N|D4959|Y|D075|Y|E1121|Y|F1110|Y|R931|Y|E11319|Y|I259|Y|I4891|Y|R739|Y|E781|Y|E8881|Y|E119|Y|R7303|Y|D649|Y|Y04|X58|Y| | | | | | | | | | | | | | | | | | | | | | |GZ3|15-Jul-2019|Z741|15-Jul-2019|F419|15-Jul-2019|Z9181|15-Jul-2019|Z139|15-Jul-2019|Z1331|16-Jul-2019|Z1331|16-Jul-2019|||||||||||||||||||||||||||||||||||||0|0||1|450|99495|2.0|2019-07-16T00:00:00|hospital_A|hospital_A_20190715
SYN_BENE_0429B4F095A9|SYN_CLM_FBE9B011A90E|V|60|15-Jul-2019|15-Jul-2019|19-Jul-2019||3|030115|1|1|1|| |1705.4|0.0| ||3|1275566200| |9999997494| |9999997494|||0|1| |1705.4|15-Jul-2019|1|1|A|10|0.0|0.0|0|4|1705.4|1705.4|0|0|0|0|0|0|0|0|0|0|0|0|0|||||15-Jul-2019|950.0|0|0||T7432X|T7432X|Y|N184|Y|F0280|Y|M810|Y|N1830|Y|E1022|Y|Z653|Y|N181|N|Z940|Y|E1129|Y|R809|N|D4959|Y|D075|Y|E1121|Y|F1110|Y|R931|Y|E11319|Y|I259|Y|I4891|Y|R739|Y|E781|Y|E8881|Y|E119|Y|R7303|Y|D649|Y|Y04|X58|Y| | | | | | | | | | | | | | | | | | | | | | |GZ3|15-Jul-2019|Z741|15-Jul-2019|F419|15-Jul-2019|Z9181|15-Jul-2019|Z139|15-Jul-2019|Z1331|16-Jul-2019|Z1331|16-Jul-2019|||||||||||||||||||||||||||||||||||||0|0||2|450|96156|2.0|2019-07-16T00:00:00|hospital_A|hospital_A_20190715
SYN_BENE_0429B4F095A9|SYN_CLM_FBE9B011A90E|V|60|15-Jul-2019|15-Jul-2019|19-Jul-2019||3|030115|1|1|1|| |1705.4|0.0| ||3|1275566200| |9999997494| |9999997494|||0|1| |1705.4|15-Jul-2019|1|1|A|10|0.0|0.0|0|4|1705.4|1705.4|0|0|0|0|0|0|0|0|0|0|0|0|0|||||15-Jul-2019|950.0|0|0||T7432X|T7432X|Y|N184|Y|F0280|Y|M810|Y|N1830|Y|E1022|Y|Z653|Y|N181|N|Z940|Y|E1129|Y|R809|N|D4959|Y|D075|Y|E1121|Y|F1110|Y|R931|Y|E11319|Y|I259|Y|I4891|Y|R739|Y|E781|Y|E8881|Y|E119|Y|R7303|Y|D649|Y|Y04|X58|Y| | | | | | | | | | | | | | | | | | | | | | |GZ3|15-Jul-2019|Z741|15-Jul-2019|F419|15-Jul-2019|Z9181|15-Jul-2019|Z139|15-Jul-2019|Z1331|16-Jul-2019|Z1331|16-Jul-2019|||||||||||||||||||||||||||||||||||||0|0||3|450|96127|3.0|2019-07-16T00:00:00|hospital_A|hospital_A_20190715
SYN_BENE_0429B4F095A9|SYN_CLM_FBE9B011A90E|V|60|15-Jul-2019|15-Jul-2019|19-Jul-2019||3|030115|1|1|1|| |1705.4|0.0| ||3|1275566200| |9999997494| |9999997494|||0|1| |1705.4|15-Jul-2019|1|1|A|10|0.0|0.0|0|4|1705.4|1705.4|0|0|0|0|0|0|0|0|0|0|0|0|0|||||15-Jul-2019|950.0|0|0||T7432X|T7432X|Y|N184|Y|F0280|Y|M810|Y|N1830|Y|E1022|Y|Z653|Y|N181|N|Z940|Y|E1129|Y|R809|N|D4959|Y|D075|Y|E1121|Y|F1110|Y|R931|Y|E11319|Y|I259|Y|I4891|Y|R739|Y|E781|Y|E8881|Y|E119|Y|R7303|Y|D649|Y|Y04|X58|Y| | | | | | | | | | | | | | | | | | | | | | |GZ3|15-Jul-2019|Z741|15-Jul-2019|F419|15-Jul-2019|Z9181|15-Jul-2019|Z139|15-Jul-2019|Z1331|16-Jul-2019|Z1331|16-Jul-2019|||||||||||||||||||||||||||||||||||||0|0||4|450|M1069|3.0|2019-07-16T00:00:00|hospital_A|hospital_A_20190715
SYN_BENE_0429B4F095A9|SYN_CLM_FBE9B011A90E|V|60|15-Jul-2019|15-Jul-2019|19-Jul-2019||3|030115|1|1|1|| |1705.4|0.0| ||3|1275566200| |9999997494| |9999997494|||0|1| |1705.4|15-Jul-2019|1|1|A|10|0.0|0.0|0|4|1705.4|1705.4|0|0|0|0|0|0|0|0|0|0|0|0|0|||||15-Jul-2019|950.0|0|0||T7432X|T7432X|Y|N184|Y|F0280|Y|M810|Y|N1830|Y|E1022|Y|Z653|Y|N181|N|Z940|Y|E1129|Y|R809|N|D4959|Y|D075|Y|E1121|Y|F1110|Y|R931|Y|E11319|Y|I259|Y|I4891|Y|R739|Y|E781|Y|E8881|Y|E119|Y|R7303|Y|D649|Y|Y04|X58|Y| | | | | | | | | | | | | | | | | | | | | | |GZ3|15-Jul-2019|Z741|15-Jul-2019|F419|15-Jul-2019|Z9181|15-Jul-2019|Z139|15-Jul-2019|Z1331|16-Jul-2019|Z1331|16-Jul-2019|||||||||||||||||||||||||||||||||||||0|0||5|450|99401|3.0|2019-07-16T00:00:00|hospital_A|hospital_A_20190715
SYN_BENE_0429B4F095A9|SYN_CLM_FBE9B011A90E|V|60|15-Jul-2019|15-Jul-2019|19-Jul-2019||3|030115|1|1|1|| |1705.4|0.0| ||3|1275566200| |9999997494| |9999997494|||0|1| |1705.4|15-Jul-2019|1|1|A|10|0.0|0.0|0|4|1705.4|1705.4|0|0|0|0|0|0|0|0|0|0|0|0|0|||||15-Jul-2019|950.0|0|0||T7432X|T7432X|Y|N184|Y|F0280|Y|M810|Y|N1830|Y|E1022|Y|Z653|Y|N181|N|Z940|Y|E1129|Y|R809|N|D4959|Y|D075|Y|E1121|Y|F1110|Y|R931|Y|E11319|Y|I259|Y|I4891|Y|R739|Y|E781|Y|E8881|Y|E119|Y|R7303|Y|D649|Y|Y04|X58|Y| | | | | | | | | | | | | | | | | | | | | | |GZ3|15-Jul-2019|Z741|15-Jul-2019|F419|15-Jul-2019|Z9181|15-Jul-2019|Z139|15-Jul-2019|Z1331|16-Jul-2019|Z1331|16-Jul-2019|||||||||||||||||||||||||||||||||||||0|0||6|450|G0444|3.0|2019-07-16T00:00:00|hospital_A|hospital_A_20190715
SYN_BENE_0429B4F095A9|SYN_CLM_FBE9B011A90E|V|60|15-Jul-2019|15-Jul-2019|19-Jul-2019||3|030115|1|1|1|| |1705.4|0.0| ||3|1275566200| |9999997494| |9999997494|||0|1| |1705.4|15-Jul-2019|1|1|A|10|0.0|0.0|0|4|1705.4|1705.4|0|0|0|0|0|0|0|0|0|0|0|0|0|||||15-Jul-2019|950.0|0|0||T7432X|T7432X|Y|N184|Y|F0280|Y|M810|Y|N1830|Y|E1022|Y|Z653|Y|N181|N|Z940|Y|E1129|Y|R809|N|D4959|Y|D075|Y|E1121|Y|F1110|Y|R931|Y|E11319|Y|I259|Y|I4891|Y|R739|Y|E781|Y|E8881|Y|E119|Y|R7303|Y|D649|Y|Y04|X58|Y| | | | | | | | | | | | | | | | | | | | | | |GZ3|15-Jul-2019|Z741|15-Jul-2019|F419|15-Jul-2019|Z9181|15-Jul-2019|Z139|15-Jul-2019|Z1331|16-Jul-2019|Z1331|16-Jul-2019|||||||||||||||||||||||||||||||||||||0|0||7|450|G0444|3.0|2019-07-16T00:00:00|hospital_A|hospital_A_20190715
SYN_BENE_82C9F7AA2AE2|SYN_CLM_03F09F92CCDB|V|60|15-Jul-2019|15-Jul-2019|19-Jul-2019||3|030115|1|1|1|| |1705.4|0.0| ||3|1275566200| |9999997494| |9999997494|||0|1| |1705.4|15-Jul-2019|1|1|A|10|0.0|0.0|0|4|1705.4|1705.4|0|0|0|0|0|0|0|0|0|0|0|0|0|||||15-Jul-2019|950.0|0|0||T7432X|T7432X|Y|N184|Y|F0280|Y|M810|Y|N1830|Y|E1022|Y|Z653|Y|N181|N|Z940|Y|E1129|Y|R809|N|D4959|Y|D075|Y|E1121|Y|F1110|Y|R931|Y|E11319|Y|I259|Y|I4891|Y|R739|Y|E781|Y|E8881|Y|E119|Y|R7303|Y|D649|Y|Y04|X58|Y| | | | | | | | | | | | | | | | | | | | | | |GZ3|15-Jul-2019|Z741|15-Jul-2019|F419|15-Jul-2019|Z9181|15-Jul-2019|Z139|15-Jul-2019|Z1331|16-Jul-2019|Z1331|16-Jul-2019|||||||||||||||||||||||||||||||||||||0|0||1|450|99495|2.0|2019-07-16T00:00:00|hospital_A|hospital_A_20190715
SYN_BENE_82C9F7AA2AE2|SYN_CLM_03F09F92CCDB|V|60|15-Jul-2019|15-Jul-2019|19-Jul-2019||3|030115|1|1|1|| |1705.4|0.0| ||3|1275566200| |9999997494| |9999997494|||0|1| |1705.4|15-Jul-2019|1|1|A|10|0.0|0.0|0|4|1705.4|1705.4|0|0|0|0|0|0|0|0|0|0|0|0|0|||||15-Jul-2019|950.0|0|0||T7432X|T7432X|Y|N184|Y|F0280|Y|M810|Y|N1830|Y|E1022|Y|Z653|Y|N181|N|Z940|Y|E1129|Y|R809|N|D4959|Y|D075|Y|E1121|Y|F1110|Y|R931|Y|E11319|Y|I259|Y|I4891|Y|R739|Y|E781|Y|E8881|Y|E119|Y|R7303|Y|D649|Y|Y04|X58|Y| | | | | | | | | | | | | | | | | | | | | | |GZ3|15-Jul-2019|Z741|15-Jul-2019|F419|15-Jul-2019|Z9181|15-Jul-2019|Z139|15-Jul-2019|Z1331|16-Jul-2019|Z1331|16-Jul-2019|||||||||||||||||||||||||||||||||||||0|0||2|450|96156|2.0|2019-07-16T00:00:00|hospital_A|hospital_A_20190715
SYN_BENE_82C9F7AA2AE2|SYN_CLM_03F09F92CCDB|V|60|15-Jul-2019|15-Jul-2019|19-Jul-2019||3|030115|1|1|1|| |1705.4|0.0| ||3|1275566200| |9999997494| |9999997494|||0|1| |1705.4|15-Jul-2019|1|1|A|10|0.0|0.0|0|4|1705.4|1705.4|0|0|0|0|0|0|0|0|0|0|0|0|0|||||15-Jul-2019|950.0|0|0||T7432X|T7432X|Y|N184|Y|F0280|Y|M810|Y|N1830|Y|E1022|Y|Z653|Y|N181|N|Z940|Y|E1129|Y|R809|N|D4959|Y|D075|Y|E1121|Y|F1110|Y|R931|Y|E11319|Y|I259|Y|I4891|Y|R739|Y|E781|Y|E8881|Y|E119|Y|R7303|Y|D649|Y|Y04|X58|Y| | | | | | | | | | | | | | | | | | | | | | |GZ3|15-Jul-2019|Z741|15-Jul-2019|F419|15-Jul-2019|Z9181|15-Jul-2019|Z139|15-Jul-2019|Z1331|16-Jul-2019|Z1331|16-Jul-2019|||||||||||||||||||||||||||||||||||||0|0||3|450|96127|3.0|2019-07-16T00:00:00|hospital_A|hospital_A_20190715
SYN_BENE_82C9F7AA2AE2|SYN_CLM_03F09F92CCDB|V|60|15-Jul-2019|15-Jul-2019|19-Jul-2019||3|030115|1|1|1|| |1705.4|0.0| ||3|1275566200| |9999997494| |9999997494|||0|1| |1705.4|15-Jul-2019|1|1|A|10|0.0|0.0|0|4|1705.4|1705.4|0|0|0|0|0|0|0|0|0|0|0|0|0|||||15-Jul-2019|950.0|0|0||T7432X|T7432X|Y|N184|Y|F0280|Y|M810|Y|N1830|Y|E1022|Y|Z653|Y|N181|N|Z940|Y|E1129|Y|R809|N|D4959|Y|D075|Y|E1121|Y|F1110|Y|R931|Y|E11319|Y|I259|Y|I4891|Y|R739|Y|E781|Y|E8881|Y|E119|Y|R7303|Y|D649|Y|Y04|X58|Y| | | | | | | | | | | | | | | | | | | | | | |GZ3|15-Jul-2019|Z741|15-Jul-2019|F419|15-Jul-2019|Z9181|15-Jul-2019|Z139|15-Jul-2019|Z1331|16-Jul-2019|Z1331|16-Jul-2019|||||||||||||||||||||||||||||||||||||0|0||4|450|M1069|3.0|2019-07-16T00:00:00|hospital_A|hospital_A_20190715
SYN_BENE_82C9F7AA2AE2|SYN_CLM_03F09F92CCDB|V|60|15-Jul-2019|15-Jul-2019|19-Jul-2019||3|030115|1|1|1|| |1705.4|0.0| ||3|1275566200| |9999997494| |9999997494|||0|1| |1705.4|15-Jul-2019|1|1|A|10|0.0|0.0|0|4|1705.4|1705.4|0|0|0|0|0|0|0|0|0|0|0|0|0|||||15-Jul-2019|950.0|0|0||T7432X|T7432X|Y|N184|Y|F0280|Y|M810|Y|N1830|Y|E1022|Y|Z653|Y|N181|N|Z940|Y|E1129|Y|R809|N|D4959|Y|D075|Y|E1121|Y|F1110|Y|R931|Y|E11319|Y|I259|Y|I4891|Y|R739|Y|E781|Y|E8881|Y|E119|Y|R7303|Y|D649|Y|Y04|X58|Y| | | | | | | | | | | | | | | | | | | | | | |GZ3|15-Jul-2019|Z741|15-Jul-2019|F419|15-Jul-2019|Z9181|15-Jul-2019|Z139|15-Jul-2019|Z1331|16-Jul-2019|Z1331|16-Jul-2019|||||||||||||||||||||||||||||||||||||0|0||5|450|99401|3.0|2019-07-16T00:00:00|hospital_A|hospital_A_20190715
SYN_BENE_82C9F7AA2AE2|SYN_CLM_03F09F92CCDB|V|60|15-Jul-2019|15-Jul-2019|19-Jul-2019||3|030115|1|1|1|| |1705.4|0.0| ||3|1275566200| |9999997494| |9999997494|||0|1| |1705.4|15-Jul-2019|1|1|A|10|0.0|0.0|0|4|1705.4|1705.4|0|0|0|0|0|0|0|0|0|0|0|0|0|||||15-Jul-2019|950.0|0|0||T7432X|T7432X|Y|N184|Y|F0280|Y|M810|Y|N1830|Y|E1022|Y|Z653|Y|N181|N|Z940|Y|E1129|Y|R809|N|D4959|Y|D075|Y|E1121|Y|F1110|Y|R931|Y|E11319|Y|I259|Y|I4891|Y|R739|Y|E781|Y|E8881|Y|E119|Y|R7303|Y|D649|Y|Y04|X58|Y| | | | | | | | | | | | | | | | | | | | | | |GZ3|15-Jul-2019|Z741|15-Jul-2019|F419|15-Jul-2019|Z9181|15-Jul-2019|Z139|15-Jul-2019|Z1331|16-Jul-2019|Z1331|16-Jul-2019|||||||||||||||||||||||||||||||||||||0|0||6|450|G0444|3.0|2019-07-16T00:00:00|hospital_A|hospital_A_20190715
SYN_BENE_82C9F7AA2AE2|SYN_CLM_03F09F92CCDB|V|60|15-Jul-2019|15-Jul-2019|19-Jul-2019||3|030115|1|1|1|| |1705.4|0.0| ||3|1275566200| |9999997494| |9999997494|||0|1| |1705.4|15-Jul-2019|1|1|A|10|0.0|0.0|0|4|1705.4|1705.4|0|0|0|0|0|0|0|0|0|0|0|0|0|||||15-Jul-2019|950.0|0|0||T7432X|T7432X|Y|N184|Y|F0280|Y|M810|Y|N1830|Y|E1022|Y|Z653|Y|N181|N|Z940|Y|E1129|Y|R809|N|D4959|Y|D075|Y|E1121|Y|F1110|Y|R931|Y|E11319|Y|I259|Y|I4891|Y|R739|Y|E781|Y|E8881|Y|E119|Y|R7303|Y|D649|Y|Y04|X58|Y| | | | | | | | | | | | | | | | | | | | | | |GZ3|15-Jul-2019|Z741|15-Jul-2019|F419|15-Jul-2019|Z9181|15-Jul-2019|Z139|15-Jul-2019|Z1331|16-Jul-2019|Z1331|16-Jul-2019|||||||||||||||||||||||||||||||||||||0|0||7|450|G0444|3.0|2019-07-16T00:00:00|hospital_A|hospital_A_20190715
SYN_BENE_87C9E754087B|SYN_CLM_AD278FD6A6C1|V|60|15-Jul-2019|15-Jul-2019|19-Jul-2019||3|030115|1|1|1|| |1705.4|0.0| ||3|1275566200| |9999997494| |9999997494|||0|1| |1705.4|15-Jul-2019|1|1|A|10|0.0|0.0|0|4|1705.4|1705.4|0|0|0|0|0|0|0|0|0|0|0|0|0|||||15-Jul-2019|950.0|0|0||T7432X|T7432X|Y|N184|Y|F0280|Y|M810|Y|N1830|Y|E1022|Y|Z653|Y|N181|N|Z940|Y|E1129|Y|R809|N|D4959|Y|D075|Y|E1121|Y|F1110|Y|R931|Y|E11319|Y|I259|Y|I4891|Y|R739|Y|E781|Y|E8881|Y|E119|Y|R7303|Y|D649|Y|Y04|X58|Y| | | | | | | | | | | | | | | | | | | | | | |GZ3|15-Jul-2019|Z741|15-Jul-2019|F419|15-Jul-2019|Z9181|15-Jul-2019|Z139|15-Jul-2019|Z1331|16-Jul-2019|Z1331|16-Jul-2019|||||||||||||||||||||||||||||||||||||0|0||1|450|99495|2.0|2019-07-16T00:00:00|hospital_A|hospital_A_20190715
SYN_BENE_87C9E754087B|SYN_CLM_AD278FD6A6C1|V|60|15-Jul-2019|15-Jul-2019|19-Jul-2019||3|030115|1|1|1|| |1705.4|0.0| ||3|1275566200| |9999997494| |9999997494|||0|1| |1705.4|15-Jul-2019|1|1|A|10|0.0|0.0|0|4|1705.4|1705.4|0|0|0|0|0|0|0|0|0|0|0|0|0|||||15-Jul-2019|950.0|0|0||T7432X|T7432X|Y|N184|Y|F0280|Y|M810|Y|N1830|Y|E1022|Y|Z653|Y|N181|N|Z940|Y|E1129|Y|R809|N|D4959|Y|D075|Y|E1121|Y|F1110|Y|R931|Y|E11319|Y|I259|Y|I4891|Y|R739|Y|E781|Y|E8881|Y|E119|Y|R7303|Y|D649|Y|Y04|X58|Y| | | | | | | | | | | | | | | | | | | | | | |GZ3|15-Jul-2019|Z741|15-Jul-2019|F419|15-Jul-2019|Z9181|15-Jul-2019|Z139|15-Jul-2019|Z1331|16-Jul-2019|Z1331|16-Jul-2019|||||||||||||||||||||||||||||||||||||0|0||2|450|96156|2.0|2019-07-16T00:00:00|hospital_A|hospital_A_20190715
SYN_BENE_87C9E754087B|SYN_CLM_AD278FD6A6C1|V|60|15-Jul-2019|15-Jul-2019|19-Jul-2019||3|030115|1|1|1|| |1705.4|0.0| ||3|1275566200| |9999997494| |9999997494|||0|1| |1705.4|15-Jul-2019|1|1|A|10|0.0|0.0|0|4|1705.4|1705.4|0|0|0|0|0|0|0|0|0|0|0|0|0|||||15-Jul-2019|950.0|0|0||T7432X|T7432X|Y|N184|Y|F0280|Y|M810|Y|N1830|Y|E1022|Y|Z653|Y|N181|N|Z940|Y|E1129|Y|R809|N|D4959|Y|D075|Y|E1121|Y|F1110|Y|R931|Y|E11319|Y|I259|Y|I4891|Y|R739|Y|E781|Y|E8881|Y|E119|Y|R7303|Y|D649|Y|Y04|X58|Y| | | | | | | | | | | | | | | | | | | | | | |GZ3|15-Jul-2019|Z741|15-Jul-2019|F419|15-Jul-2019|Z9181|15-Jul-2019|Z139|15-Jul-2019|Z1331|16-Jul-2019|Z1331|16-Jul-2019|||||||||||||||||||||||||||||||||||||0|0||3|450|96127|3.0|2019-07-16T00:00:00|hospital_A|hospital_A_20190715
SYN_BENE_87C9E754087B|SYN_CLM_AD278FD6A6C1|V|60|15-Jul-2019|15-Jul-2019|19-Jul-2019||3|030115|1|1|1|| |1705.4|0.0| ||3|1275566200| |9999997494| |9999997494|||0|1| |1705.4|15-Jul-2019|1|1|A|10|0.0|0.0|0|4|1705.4|1705.4|0|0|0|0|0|0|0|0|0|0|0|0|0|||||15-Jul-2019|950.0|0|0||T7432X|T7432X|Y|N184|Y|F0280|Y|M810|Y|N1830|Y|E1022|Y|Z653|Y|N181|N|Z940|Y|E1129|Y|R809|N|D4959|Y|D075|Y|E1121|Y|F1110|Y|R931|Y|E11319|Y|I259|Y|I4891|Y|R739|Y|E781|Y|E8881|Y|E119|Y|R7303|Y|D649|Y|Y04|X58|Y| | | | | | | | | | | | | | | | | | | | | | |GZ3|15-Jul-2019|Z741|15-Jul-2019|F419|15-Jul-2019|Z9181|15-Jul-2019|Z139|15-Jul-2019|Z1331|16-Jul-2019|Z1331|16-Jul-2019|||||||||||||||||||||||||||||||||||||0|0||4|450|M1069|3.0|2019-07-16T00:00:00|hospital_A|hospital_A_20190715
SYN_BENE_87C9E754087B|SYN_CLM_AD278FD6A6C1|V|60|15-Jul-2019|15-Jul-2019|19-Jul-2019||3|030115|1|1|1|| |1705.4|0.0| ||3|1275566200| |9999997494| |9999997494|||0|1| |1705.4|15-Jul-2019|1|1|A|10|0.0|0.0|0|4|1705.4|1705.4|0|0|0|0|0|0|0|0|0|0|0|0|0|||||15-Jul-2019|950.0|0|0||T7432X|T7432X|Y|N184|Y|F0280|Y|M810|Y|N1830|Y|E1022|Y|Z653|Y|N181|N|Z940|Y|E1129|Y|R809|N|D4959|Y|D075|Y|E1121|Y|F1110|Y|R931|Y|E11319|Y|I259|Y|I4891|Y|R739|Y|E781|Y|E8881|Y|E119|Y|R7303|Y|D649|Y|Y04|X58|Y| | | | | | | | | | | | | | | | | | | | | | |GZ3|15-Jul-2019|Z741|15-Jul-2019|F419|15-Jul-2019|Z9181|15-Jul-2019|Z139|15-Jul-2019|Z1331|16-Jul-2019|Z1331|16-Jul-2019|||||||||||||||||||||||||||||||||||||0|0||5|450|99401|3.0|2019-07-16T00:00:00|hospital_A|hospital_A_20190715
SYN_BENE_87C9E754087B|SYN_CLM_AD278FD6A6C1|V|60|15-Jul-2019|15-Jul-2019|19-Jul-2019||3|030115|1|1|1|| |1705.4|0.0| ||3|1275566200| |9999997494| |9999997494|||0|1| |1705.4|15-Jul-2019|1|1|A|10|0.0|0.0|0|4|1705.4|1705.4|0|0|0|0|0|0|0|0|0|0|0|0|0|||||15-Jul-2019|950.0|0|0||T7432X|T7432X|Y|N184|Y|F0280|Y|M810|Y|N1830|Y|E1022|Y|Z653|Y|N181|N|Z940|Y|E1129|Y|R809|N|D4959|Y|D075|Y|E1121|Y|F1110|Y|R931|Y|E11319|Y|I259|Y|I4891|Y|R739|Y|E781|Y|E8881|Y|E119|Y|R7303|Y|D649|Y|Y04|X58|Y| | | | | | | | | | | | | | | | | | | | | | |GZ3|15-Jul-2019|Z741|15-Jul-2019|F419|15-Jul-2019|Z9181|15-Jul-2019|Z139|15-Jul-2019|Z1331|16-Jul-2019|Z1331|16-Jul-2019|||||||||||||||||||||||||||||||||||||0|0||6|450|G0444|3.0|2019-07-16T00:00:00|hospital_A|hospital_A_20190715
SYN_BENE_87C9E754087B|SYN_CLM_AD278FD6A6C1|V|60|15-Jul-2019|15-Jul-2019|19-Jul-2019||3|030115|1|1|1|| |1705.4|0.0| ||3|1275566200| |9999997494| |9999997494|||0|1| |1705.4|15-Jul-2019|1|1|A|10|0.0|0.0|0|4|1705.4|1705.4|0|0|0|0|0|0|0|0|0|0|0|0|0|||||15-Jul-2019|950.0|0|0||T7432X|T7432X|Y|N184|Y|F0280|Y|M810|Y|N1830|Y|E1022|Y|Z653|Y|N181|N|Z940|Y|E1129|Y|R809|N|D4959|Y|D075|Y|E1121|Y|F1110|Y|R931|Y|E11319|Y|I259|Y|I4891|Y|R739|Y|E781|Y|E8881|Y|E119|Y|R7303|Y|D649|Y|Y04|X58|Y| | | | | | | | | | | | | | | | | | | | | | |GZ3|15-Jul-2019|Z741|15-Jul-2019|F419|15-Jul-2019|Z9181|15-Jul-2019|Z139|15-Jul-2019|Z1331|16-Jul-2019|Z1331|16-Jul-2019|||||||||||||||||||||||||||||||||||||0|0||7|450|G0444|3.0|2019-07-16T00:00:00|hospital_A|hospital_A_20190715
SYN_BENE_E35187C2579E|SYN_CLM_AB4500F779B5|V|60|15-Jul-2019|15-Jul-2019|19-Jul-2019||3|030115|1|1|1|| |1705.4|0.0| ||3|1275566200| |9999997494| |9999997494|||0|1| |1705.4|15-Jul-2019|1|1|A|10|0.0|0.0|0|4|1705.4|1705.4|0|0|0|0|0|0|0|0|0|0|0|0|0|||||15-Jul-2019|950.0|0|0||T7432X|T7432X|Y|N184|Y|F0280|Y|M810|Y|N1830|Y|E1022|Y|Z653|Y|N181|N|Z940|Y|E1129|Y|R809|N|D4959|Y|D075|Y|E1121|Y|F1110|Y|R931|Y|E11319|Y|I259|Y|I4891|Y|R739|Y|E781|Y|E8881|Y|E119|Y|R7303|Y|D649|Y|Y04|X58|Y| | | | | | | | | | | | | | | | | | | | | | |GZ3|15-Jul-2019|Z741|15-Jul-2019|F419|15-Jul-2019|Z9181|15-Jul-2019|Z139|15-Jul-2019|Z1331|16-Jul-2019|Z1331|16-Jul-2019|||||||||||||||||||||||||||||||||||||0|0||1|450|99495|2.0|2019-07-16T00:00:00|hospital_A|hospital_A_20190715
SYN_BENE_E35187C2579E|SYN_CLM_AB4500F779B5|V|60|15-Jul-2019|15-Jul-2019|19-Jul-2019||3|030115|1|1|1|| |1705.4|0.0| ||3|1275566200| |9999997494| |9999997494|||0|1| |1705.4|15-Jul-2019|1|1|A|10|0.0|0.0|0|4|1705.4|1705.4|0|0|0|0|0|0|0|0|0|0|0|0|0|||||15-Jul-2019|950.0|0|0||T7432X|T7432X|Y|N184|Y|F0280|Y|M810|Y|N1830|Y|E1022|Y|Z653|Y|N181|N|Z940|Y|E1129|Y|R809|N|D4959|Y|D075|Y|E1121|Y|F1110|Y|R931|Y|E11319|Y|I259|Y|I4891|Y|R739|Y|E781|Y|E8881|Y|E119|Y|R7303|Y|D649|Y|Y04|X58|Y| | | | | | | | | | | | | | | | | | | | | | |GZ3|15-Jul-2019|Z741|15-Jul-2019|F419|15-Jul-2019|Z9181|15-Jul-2019|Z139|15-Jul-2019|Z1331|16-Jul-2019|Z1331|16-Jul-2019|||||||||||||||||||||||||||||||||||||0|0||2|450|96156|2.0|2019-07-16T00:00:00|hospital_A|hospital_A_20190715
SYN_BENE_E35187C2579E|SYN_CLM_AB4500F779B5|V|60|15-Jul-2019|15-Jul-2019|19-Jul-2019||3|030115|1|1|1|| |1705.4|0.0| ||3|1275566200| |9999997494| |9999997494|||0|1| |1705.4|15-Jul-2019|1|1|A|10|0.0|0.0|0|4|1705.4|1705.4|0|0|0|0|0|0|0|0|0|0|0|0|0|||||15-Jul-2019|950.0|0|0||T7432X|T7432X|Y|N184|Y|F0280|Y|M810|Y|N1830|Y|E1022|Y|Z653|Y|N181|N|Z940|Y|E1129|Y|R809|N|D4959|Y|D075|Y|E1121|Y|F1110|Y|R931|Y|E11319|Y|I259|Y|I4891|Y|R739|Y|E781|Y|E8881|Y|E119|Y|R7303|Y|D649|Y|Y04|X58|Y| | | | | | | | | | | | | | | | | | | | | | |GZ3|15-Jul-2019|Z741|15-Jul-2019|F419|15-Jul-2019|Z9181|15-Jul-2019|Z139|15-Jul-2019|Z1331|16-Jul-2019|Z1331|16-Jul-2019|||||||||||||||||||||||||||||||||||||0|0||3|450|96127|3.0|2019-07-16T00:00:00|hospital_A|hospital_A_20190715
SYN_BENE_E35187C2579E|SYN_CLM_AB4500F779B5|V|60|15-Jul-2019|15-Jul-2019|19-Jul-2019||3|030115|1|1|1|| |1705.4|0.0| ||3|1275566200| |9999997494| |9999997494|||0|1| |1705.4|15-Jul-2019|1|1|A|10|0.0|0.0|0|4|1705.4|1705.4|0|0|0|0|0|0|0|0|0|0|0|0|0|||||15-Jul-2019|950.0|0|0||T7432X|T7432X|Y|N184|Y|F0280|Y|M810|Y|N1830|Y|E1022|Y|Z653|Y|N181|N|Z940|Y|E1129|Y|R809|N|D4959|Y|D075|Y|E1121|Y|F1110|Y|R931|Y|E11319|Y|I259|Y|I4891|Y|R739|Y|E781|Y|E8881|Y|E119|Y|R7303|Y|D649|Y|Y04|X58|Y| | | | | | | | | | | | | | | | | | | | | | |GZ3|15-Jul-2019|Z741|15-Jul-2019|F419|15-Jul-2019|Z9181|15-Jul-2019|Z139|15-Jul-2019|Z1331|16-Jul-2019|Z1331|16-Jul-2019|||||||||||||||||||||||||||||||||||||0|0||4|450|M1069|3.0|2019-07-16T00:00:00|hospital_A|hospital_A_20190715
SYN_BENE_E35187C2579E|SYN_CLM_AB4500F779B5|V|60|15-Jul-2019|15-Jul-2019|19-Jul-2019||3|030115|1|1|1|| |1705.4|0.0| ||3|1275566200| |9999997494| |9999997494|||0|1| |1705.4|15-Jul-2019|1|1|A|10|0.0|0.0|0|4|1705.4|1705.4|0|0|0|0|0|0|0|0|0|0|0|0|0|||||15-Jul-2019|950.0|0|0||T7432X|T7432X|Y|N184|Y|F0280|Y|M810|Y|N1830|Y|E1022|Y|Z653|Y|N181|N|Z940|Y|E1129|Y|R809|N|D4959|Y|D075|Y|E1121|Y|F1110|Y|R931|Y|E11319|Y|I259|Y|I4891|Y|R739|Y|E781|Y|E8881|Y|E119|Y|R7303|Y|D649|Y|Y04|X58|Y| | | | | | | | | | | | | | | | | | | | | | |GZ3|15-Jul-2019|Z741|15-Jul-2019|F419|15-Jul-2019|Z9181|15-Jul-2019|Z139|15-Jul-2019|Z1331|16-Jul-2019|Z1331|16-Jul-2019|||||||||||||||||||||||||||||||||||||0|0||5|450|99401|3.0|2019-07-16T00:00:00|hospital_A|hospital_A_20190715
SYN_BENE_E35187C2579E|SYN_CLM_AB4500F779B5|V|60|15-Jul-2019|15-Jul-2019|19-Jul-2019||3|030115|1|1|1|| |1705.4|0.0| ||3|1275566200| |9999997494| |9999997494|||0|1| |1705.4|15-Jul-2019|1|1|A|10|0.0|0.0|0|4|1705.4|1705.4|0|0|0|0|0|0|0|0|0|0|0|0|0|||||15-Jul-2019|950.0|0|0||T7432X|T7432X|Y|N184|Y|F0280|Y|M810|Y|N1830|Y|E1022|Y|Z653|Y|N181|N|Z940|Y|E1129|Y|R809|N|D4959|Y|D075|Y|E1121|Y|F1110|Y|R931|Y|E11319|Y|I259|Y|I4891|Y|R739|Y|E781|Y|E8881|Y|E119|Y|R7303|Y|D649|Y|Y04|X58|Y| | | | | | | | | | | | | | | | | | | | | | |GZ3|15-Jul-2019|Z741|15-Jul-2019|F419|15-Jul-2019|Z9181|15-Jul-2019|Z139|15-Jul-2019|Z1331|16-Jul-2019|Z1331|16-Jul-2019|||||||||||||||||||||||||||||||||||||0|0||6|450|G0444|3.0|2019-07-16T00:00:00|hospital_A|hospital_A_20190715
SYN_BENE_E35187C2579E|SYN_CLM_AB4500F779B5|V|60|15-Jul-2019|15-Jul-2019|19-Jul-2019||3|030115|1|1|1|| |1705.4|0.0| ||3|1275566200| |9999997494| |9999997494|||0|1| |1705.4|15-Jul-2019|1|1|A|10|0.0|0.0|0|4|1705.4|1705.4|0|0|0|0|0|0|0|0|0|0|0|0|0|||||15-Jul-2019|950.0|0|0||T7432X|T7432X|Y|N184|Y|F0280|Y|M810|Y|N1830|Y|E1022|Y|Z653|Y|N181|N|Z940|Y|E1129|Y|R809|N|D4959|Y|D075|Y|E1121|Y|F1110|Y|R931|Y|E11319|Y|I259|Y|I4891|Y|R739|Y|E781|Y|E8881|Y|E119|Y|R7303|Y|D649|Y|Y04|X58|Y| | | | | | | | | | | | | | | | | | | | | | |GZ3|15-Jul-2019|Z741|15-Jul-2019|F419|15-Jul-2019|Z9181|15-Jul-2019|Z139|15-Jul-2019|Z1331|16-Jul-2019|Z1331|16-Jul-2019|||||||||||||||||||||||||||||||||||||0|0||7|450|G0444|3.0|2019-07-16T00:00:00|hospital_A|hospital_A_20190715
SYN_BENE_8B6F151D86B0|SYN_CLM_10CB43590795|V|60|15-Jul-2019|15-Jul-2019|19-Jul-2019||3|030115|1|1|1|| |1705.4|0.0| ||3|1275566200| |9999997494| |9999997494|||0|1| |1705.4|15-Jul-2019|1|1|A|10|0.0|0.0|0|4|1705.4|1705.4|0|0|0|0|0|0|0|0|0|0|0|0|0|||||15-Jul-2019|950.0|0|0||T7432X|T7432X|Y|N184|Y|F0280|Y|M810|Y|N1830|Y|E1022|Y|Z653|Y|N181|N|Z940|Y|E1129|Y|R809|N|D4959|Y|D075|Y|E1121|Y|F1110|Y|R931|Y|E11319|Y|I259|Y|I4891|Y|R739|Y|E781|Y|E8881|Y|E119|Y|R7303|Y|D649|Y|Y04|X58|Y| | | | | | | | | | | | | | | | | | | | | | |GZ3|15-Jul-2019|Z741|15-Jul-2019|F419|15-Jul-2019|Z9181|15-Jul-2019|Z139|15-Jul-2019|Z1331|16-Jul-2019|Z1331|16-Jul-2019|||||||||||||||||||||||||||||||||||||0|0||1|450|99495|2.0|2019-07-16T00:00:00|hospital_A|hospital_A_20190715
SYN_BENE_8B6F151D86B0|SYN_CLM_10CB43590795|V|60|15-Jul-2019|15-Jul-2019|19-Jul-2019||3|030115|1|1|1|| |1705.4|0.0| ||3|1275566200| |9999997494| |9999997494|||0|1| |1705.4|15-Jul-2019|1|1|A|10|0.0|0.0|0|4|1705.4|1705.4|0|0|0|0|0|0|0|0|0|0|0|0|0|||||15-Jul-2019|950.0|0|0||T7432X|T7432X|Y|N184|Y|F0280|Y|M810|Y|N1830|Y|E1022|Y|Z653|Y|N181|N|Z940|Y|E1129|Y|R809|N|D4959|Y|D075|Y|E1121|Y|F1110|Y|R931|Y|E11319|Y|I259|Y|I4891|Y|R739|Y|E781|Y|E8881|Y|E119|Y|R7303|Y|D649|Y|Y04|X58|Y| | | | | | | | | | | | | | | | | | | | | | |GZ3|15-Jul-2019|Z741|15-Jul-2019|F419|15-Jul-2019|Z9181|15-Jul-2019|Z139|15-Jul-2019|Z1331|16-Jul-2019|Z1331|16-Jul-2019|||||||||||||||||||||||||||||||||||||0|0||2|450|96156|2.0|2019-07-16T00:00:00|hospital_A|hospital_A_20190715
SYN_BENE_8B6F151D86B0|SYN_CLM_10CB43590795|V|60|15-Jul-2019|15-Jul-2019|19-Jul-2019||3|030115|1|1|1|| |1705.4|0.0| ||3|1275566200| |9999997494| |9999997494|||0|1| |1705.4|15-Jul-2019|1|1|A|10|0.0|0.0|0|4|1705.4|1705.4|0|0|0|0|0|0|0|0|0|0|0|0|0|||||15-Jul-2019|950.0|0|0||T7432X|T7432X|Y|N184|Y|F0280|Y|M810|Y|N1830|Y|E1022|Y|Z653|Y|N181|N|Z940|Y|E1129|Y|R809|N|D4959|Y|D075|Y|E1121|Y|F1110|Y|R931|Y|E11319|Y|I259|Y|I4891|Y|R739|Y|E781|Y|E8881|Y|E119|Y|R7303|Y|D649|Y|Y04|X58|Y| | | | | | | | | | | | | | | | | | | | | | |GZ3|15-Jul-2019|Z741|15-Jul-2019|F419|15-Jul-2019|Z9181|15-Jul-2019|Z139|15-Jul-2019|Z1331|16-Jul-2019|Z1331|16-Jul-2019|||||||||||||||||||||||||||||||||||||0|0||3|450|96127|3.0|2019-07-16T00:00:00|hospital_A|hospital_A_20190715
SYN_BENE_8B6F151D86B0|SYN_CLM_10CB43590795|V|60|15-Jul-2019|15-Jul-2019|19-Jul-2019||3|030115|1|1|1|| |1705.4|0.0| ||3|1275566200| |9999997494| |9999997494|||0|1| |1705.4|15-Jul-2019|1|1|A|10|0.0|0.0|0|4|1705.4|1705.4|0|0|0|0|0|0|0|0|0|0|0|0|0|||||15-Jul-2019|950.0|0|0||T7432X|T7432X|Y|N184|Y|F0280|Y|M810|Y|N1830|Y|E1022|Y|Z653|Y|N181|N|Z940|Y|E1129|Y|R809|N|D4959|Y|D075|Y|E1121|Y|F1110|Y|R931|Y|E11319|Y|I259|Y|I4891|Y|R739|Y|E781|Y|E8881|Y|E119|Y|R7303|Y|D649|Y|Y04|X58|Y| | | | | | | | | | | | | | | | | | | | | | |GZ3|15-Jul-2019|Z741|15-Jul-2019|F419|15-Jul-2019|Z9181|15-Jul-2019|Z139|15-Jul-2019|Z1331|16-Jul-2019|Z1331|16-Jul-2019|||||||||||||||||||||||||||||||||||||0|0||4|450|M1069|3.0|2019-07-16T00:00:00|hospital_A|hospital_A_20190715
SYN_BENE_8B6F151D86B0|SYN_CLM_10CB43590795|V|60|15-Jul-2019|15-Jul-2019|19-Jul-2019||3|030115|1|1|1|| |1705.4|0.0| ||3|1275566200| |9999997494| |9999997494|||0|1| |1705.4|15-Jul-2019|1|1|A|10|0.0|0.0|0|4|1705.4|1705.4|0|0|0|0|0|0|0|0|0|0|0|0|0|||||15-Jul-2019|950.0|0|0||T7432X|T7432X|Y|N184|Y|F0280|Y|M810|Y|N1830|Y|E1022|Y|Z653|Y|N181|N|Z940|Y|E1129|Y|R809|N|D4959|Y|D075|Y|E1121|Y|F1110|Y|R931|Y|E11319|Y|I259|Y|I4891|Y|R739|Y|E781|Y|E8881|Y|E119|Y|R7303|Y|D649|Y|Y04|X58|Y| | | | | | | | | | | | | | | | | | | | | | |GZ3|15-Jul-2019|Z741|15-Jul-2019|F419|15-Jul-2019|Z9181|15-Jul-2019|Z139|15-Jul-2019|Z1331|16-Jul-2019|Z1331|16-Jul-2019|||||||||||||||||||||||||||||||||||||0|0||5|450|99401|3.0|2019-07-16T00:00:00|hospital_A|hospital_A_20190715
SYN_BENE_8B6F151D86B0|SYN_CLM_10CB43590795|V|60|15-Jul-2019|15-Jul-2019|19-Jul-2019||3|030115|1|1|1|| |1705.4|0.0| ||3|1275566200| |9999997494| |9999997494|||0|1| |1705.4|15-Jul-2019|1|1|A|10|0.0|0.0|0|4|1705.4|1705.4|0|0|0|0|0|0|0|0|0|0|0|0|0|||||15-Jul-2019|950.0|0|0||T7432X|T7432X|Y|N184|Y|F0280|Y|M810|Y|N1830|Y|E1022|Y|Z653|Y|N181|N|Z940|Y|E1129|Y|R809|N|D4959|Y|D075|Y|E1121|Y|F1110|Y|R931|Y|E11319|Y|I259|Y|I4891|Y|R739|Y|E781|Y|E8881|Y|E119|Y|R7303|Y|D649|Y|Y04|X58|Y| | | | | | | | | | | | | | | | | | | | | | |GZ3|15-Jul-2019|Z741|15-Jul-2019|F419|15-Jul-2019|Z9181|15-Jul-2019|Z139|15-Jul-2019|Z1331|16-Jul-2019|Z1331|16-Jul-2019|||||||||||||||||||||||||||||||||||||0|0||6|450|G0444|3.0|2019-07-16T00:00:00|hospital_A|hospital_A_20190715
SYN_BENE_8B6F151D86B0|SYN_CLM_10CB43590795|V|60|15-Jul-2019|15-Jul-2019|19-Jul-2019||3|030115|1|1|1|| |1705.4|0.0| ||3|1275566200| |9999997494| |9999997494|||0|1| |1705.4|15-Jul-2019|1|1|A|10|0.0|0.0|0|4|1705.4|1705.4|0|0|0|0|0|0|0|0|0|0|0|0|0|||||15-Jul-2019|950.0|0|0||T7432X|T7432X|Y|N184|Y|F0280|Y|M810|Y|N1830|Y|E1022|Y|Z653|Y|N181|N|Z940|Y|E1129|Y|R809|N|D4959|Y|D075|Y|E1121|Y|F1110|Y|R931|Y|E11319|Y|I259|Y|I4891|Y|R739|Y|E781|Y|E8881|Y|E119|Y|R7303|Y|D649|Y|Y04|X58|Y| | | | | | | | | | | | | | | | | | | | | | |GZ3|15-Jul-2019|Z741|15-Jul-2019|F419|15-Jul-2019|Z9181|15-Jul-2019|Z139|15-Jul-2019|Z1331|16-Jul-2019|Z1331|16-Jul-2019|||||||||||||||||||||||||||||||||||||0|0||7|450|G0444|3.0|2019-07-16T00:00:00|hospital_A|hospital_A_20190715
SYN_BENE_FC9D536A8398|SYN_CLM_1595E95DA209|V|60|15-Jul-2019|15-Jul-2019|19-Jul-2019||3|030115|1|1|1|| |1705.4|0.0| ||3|1275566200| |9999997494| |9999997494|||0|1| |1705.4|15-Jul-2019|1|1|A|10|0.0|0.0|0|4|1705.4|1705.4|0|0|0|0|0|0|0|0|0|0|0|0|0|||||15-Jul-2019|950.0|0|0||T7432X|T7432X|Y|N184|Y|F0280|Y|M810|Y|N1830|Y|E1022|Y|Z653|Y|N181|N|Z940|Y|E1129|Y|R809|N|D4959|Y|D075|Y|E1121|Y|F1110|Y|R931|Y|E11319|Y|I259|Y|I4891|Y|R739|Y|E781|Y|E8881|Y|E119|Y|R7303|Y|D649|Y|Y04|X58|Y| | | | | | | | | | | | | | | | | | | | | | |GZ3|15-Jul-2019|Z741|15-Jul-2019|F419|15-Jul-2019|Z9181|15-Jul-2019|Z139|15-Jul-2019|Z1331|16-Jul-2019|Z1331|16-Jul-2019|||||||||||||||||||||||||||||||||||||0|0||1|450|99495|2.0|2019-07-16T00:00:00|hospital_A|hospital_A_20190715
SYN_BENE_FC9D536A8398|SYN_CLM_1595E95DA209|V|60|15-Jul-2019|15-Jul-2019|19-Jul-2019||3|030115|1|1|1|| |1705.4|0.0| ||3|1275566200| |9999997494| |9999997494|||0|1| |1705.4|15-Jul-2019|1|1|A|10|0.0|0.0|0|4|1705.4|1705.4|0|0|0|0|0|0|0|0|0|0|0|0|0|||||15-Jul-2019|950.0|0|0||T7432X|T7432X|Y|N184|Y|F0280|Y|M810|Y|N1830|Y|E1022|Y|Z653|Y|N181|N|Z940|Y|E1129|Y|R809|N|D4959|Y|D075|Y|E1121|Y|F1110|Y|R931|Y|E11319|Y|I259|Y|I4891|Y|R739|Y|E781|Y|E8881|Y|E119|Y|R7303|Y|D649|Y|Y04|X58|Y| | | | | | | | | | | | | | | | | | | | | | |GZ3|15-Jul-2019|Z741|15-Jul-2019|F419|15-Jul-2019|Z9181|15-Jul-2019|Z139|15-Jul-2019|Z1331|16-Jul-2019|Z1331|16-Jul-2019|||||||||||||||||||||||||||||||||||||0|0||2|450|96156|2.0|2019-07-16T00:00:00|hospital_A|hospital_A_20190715
SYN_BENE_FC9D536A8398|SYN_CLM_1595E95DA209|V|60|15-Jul-2019|15-Jul-2019|19-Jul-2019||3|030115|1|1|1|| |1705.4|0.0| ||3|1275566200| |9999997494| |9999997494|||0|1| |1705.4|15-Jul-2019|1|1|A|10|0.0|0.0|0|4|1705.4|1705.4|0|0|0|0|0|0|0|0|0|0|0|0|0|||||15-Jul-2019|950.0|0|0||T7432X|T7432X|Y|N184|Y|F0280|Y|M810|Y|N1830|Y|E1022|Y|Z653|Y|N181|N|Z940|Y|E1129|Y|R809|N|D4959|Y|D075|Y|E1121|Y|F1110|Y|R931|Y|E11319|Y|I259|Y|I4891|Y|R739|Y|E781|Y|E8881|Y|E119|Y|R7303|Y|D649|Y|Y04|X58|Y| | | | | | | | | | | | | | | | | | | | | | |GZ3|15-Jul-2019|Z741|15-Jul-2019|F419|15-Jul-2019|Z9181|15-Jul-2019|Z139|15-Jul-2019|Z1331|16-Jul-2019|Z1331|16-Jul-2019|||||||||||||||||||||||||||||||||||||0|0||3|450|96127|3.0|2019-07-16T00:00:00|hospital_A|hospital_A_20190715
SYN_BENE_FC9D536A8398|SYN_CLM_1595E95DA209|V|60|15-Jul-2019|15-Jul-2019|19-Jul-2019||3|030115|1|1|1|| |1705.4|0.0| ||3|1275566200| |9999997494| |9999997494|||0|1| |1705.4|15-Jul-2019|1|1|A|10|0.0|0.0|0|4|1705.4|1705.4|0|0|0|0|0|0|0|0|0|0|0|0|0|||||15-Jul-2019|950.0|0|0||T7432X|T7432X|Y|N184|Y|F0280|Y|M810|Y|N1830|Y|E1022|Y|Z653|Y|N181|N|Z940|Y|E1129|Y|R809|N|D4959|Y|D075|Y|E1121|Y|F1110|Y|R931|Y|E11319|Y|I259|Y|I4891|Y|R739|Y|E781|Y|E8881|Y|E119|Y|R7303|Y|D649|Y|Y04|X58|Y| | | | | | | | | | | | | | | | | | | | | | |GZ3|15-Jul-2019|Z741|15-Jul-2019|F419|15-Jul-2019|Z9181|15-Jul-2019|Z139|15-Jul-2019|Z1331|16-Jul-2019|Z1331|16-Jul-2019|||||||||||||||||||||||||||||||||||||0|0||4|450|M1069|3.0|2019-07-16T00:00:00|hospital_A|hospital_A_20190715
SYN_BENE_FC9D536A8398|SYN_CLM_1595E95DA209|V|60|15-Jul-2019|15-Jul-2019|19-Jul-2019||3|030115|1|1|1|| |1705.4|0.0| ||3|1275566200| |9999997494| |9999997494|||0|1| |1705.4|15-Jul-2019|1|1|A|10|0.0|0.0|0|4|1705.4|1705.4|0|0|0|0|0|0|0|0|0|0|0|0|0|||||15-Jul-2019|950.0|0|0||T7432X|T7432X|Y|N184|Y|F0280|Y|M810|Y|N1830|Y|E1022|Y|Z653|Y|N181|N|Z940|Y|E1129|Y|R809|N|D4959|Y|D075|Y|E1121|Y|F1110|Y|R931|Y|E11319|Y|I259|Y|I4891|Y|R739|Y|E781|Y|E8881|Y|E119|Y|R7303|Y|D649|Y|Y04|X58|Y| | | | | | | | | | | | | | | | | | | | | | |GZ3|15-Jul-2019|Z741|15-Jul-2019|F419|15-Jul-2019|Z9181|15-Jul-2019|Z139|15-Jul-2019|Z1331|16-Jul-2019|Z1331|16-Jul-2019|||||||||||||||||||||||||||||||||||||0|0||5|450|99401|3.0|2019-07-16T00:00:00|hospital_A|hospital_A_20190715
SYN_BENE_FC9D536A8398|SYN_CLM_1595E95DA209|V|60|15-Jul-2019|15-Jul-2019|19-Jul-2019||3|030115|1|1|1|| |1705.4|0.0| ||3|1275566200| |9999997494| |9999997494|||0|1| |1705.4|15-Jul-2019|1|1|A|10|0.0|0.0|0|4|1705.4|1705.4|0|0|0|0|0|0|0|0|0|0|0|0|0|||||15-Jul-2019|950.0|0|0||T7432X|T7432X|Y|N184|Y|F0280|Y|M810|Y|N1830|Y|E1022|Y|Z653|Y|N181|N|Z940|Y|E1129|Y|R809|N|D4959|Y|D075|Y|E1121|Y|F1110|Y|R931|Y|E11319|Y|I259|Y|I4891|Y|R739|Y|E781|Y|E8881|Y|E119|Y|R7303|Y|D649|Y|Y04|X58|Y| | | | | | | | | | | | | | | | | | | | | | |GZ3|15-Jul-2019|Z741|15-Jul-2019|F419|15-Jul-2019|Z9181|15-Jul-2019|Z139|15-Jul-2019|Z1331|16-Jul-2019|Z1331|16-Jul-2019|||||||||||||||||||||||||||||||||||||0|0||6|450|G0444|3.0|2019-07-16T00:00:00|hospital_A|hospital_A_20190715
SYN_BENE_FC9D536A8398|SYN_CLM_1595E95DA209|V|60|15-Jul-2019|15-Jul-2019|19-Jul-2019||3|030115|1|1|1|| |1705.4|0.0| ||3|1275566200| |9999997494| |9999997494|||0|1| |1705.4|15-Jul-2019|1|1|A|10|0.0|0.0|0|4|1705.4|1705.4|0|0|0|0|0|0|0|0|0|0|0|0|0|||||15-Jul-2019|950.0|0|0||T7432X|T7432X|Y|N184|Y|F0280|Y|M810|Y|N1830|Y|E1022|Y|Z653|Y|N181|N|Z940|Y|E1129|Y|R809|N|D4959|Y|D075|Y|E1121|Y|F1110|Y|R931|Y|E11319|Y|I259|Y|I4891|Y|R739|Y|E781|Y|E8881|Y|E119|Y|R7303|Y|D649|Y|Y04|X58|Y| | | | | | | | | | | | | | | | | | | | | | |GZ3|15-Jul-2019|Z741|15-Jul-2019|F419|15-Jul-2019|Z9181|15-Jul-2019|Z139|15-Jul-2019|Z1331|16-Jul-2019|Z1331|16-Jul-2019|||||||||||||||||||||||||||||||||||||0|0||7|450|G0444|3.0|2019-07-16T00:00:00|hospital_A|hospital_A_20190715
SYN_BENE_4F5610076D50|SYN_CLM_923DC2C3CBF8|V|60|15-Jul-2019|15-Jul-2019|19-Jul-2019||3|030115|1|1|1|| |1705.4|0.0| ||3|1275566200| |9999997494| |9999997494|||0|1| |1705.4|15-Jul-2019|1|1|A|10|0.0|0.0|0|4|1705.4|1705.4|0|0|0|0|0|0|0|0|0|0|0|0|0|||||15-Jul-2019|950.0|0|0||T7432X|T7432X|Y|N184|Y|F0280|Y|M810|Y|N1830|Y|E1022|Y|Z653|Y|N181|N|Z940|Y|E1129|Y|R809|N|D4959|Y|D075|Y|E1121|Y|F1110|Y|R931|Y|E11319|Y|I259|Y|I4891|Y|R739|Y|E781|Y|E8881|Y|E119|Y|R7303|Y|D649|Y|Y04|X58|Y| | | | | | | | | | | | | | | | | | | | | | |GZ3|15-Jul-2019|Z741|15-Jul-2019|F419|15-Jul-2019|Z9181|15-Jul-2019|Z139|15-Jul-2019|Z1331|16-Jul-2019|Z1331|16-Jul-2019|||||||||||||||||||||||||||||||||||||0|0||1|450|99495|2.0|2019-07-16T00:00:00|hospital_A|hospital_A_20190715
SYN_BENE_4F5610076D50|SYN_CLM_923DC2C3CBF8|V|60|15-Jul-2019|15-Jul-2019|19-Jul-2019||3|030115|1|1|1|| |1705.4|0.0| ||3|1275566200| |9999997494| |9999997494|||0|1| |1705.4|15-Jul-2019|1|1|A|10|0.0|0.0|0|4|1705.4|1705.4|0|0|0|0|0|0|0|0|0|0|0|0|0|||||15-Jul-2019|950.0|0|0||T7432X|T7432X|Y|N184|Y|F0280|Y|M810|Y|N1830|Y|E1022|Y|Z653|Y|N181|N|Z940|Y|E1129|Y|R809|N|D4959|Y|D075|Y|E1121|Y|F1110|Y|R931|Y|E11319|Y|I259|Y|I4891|Y|R739|Y|E781|Y|E8881|Y|E119|Y|R7303|Y|D649|Y|Y04|X58|Y| | | | | | | | | | | | | | | | | | | | | | |GZ3|15-Jul-2019|Z741|15-Jul-2019|F419|15-Jul-2019|Z9181|15-Jul-2019|Z139|15-Jul-2019|Z1331|16-Jul-2019|Z1331|16-Jul-2019|||||||||||||||||||||||||||||||||||||0|0||2|450|96156|2.0|2019-07-16T00:00:00|hospital_A|hospital_A_20190715
SYN_BENE_4F5610076D50|SYN_CLM_923DC2C3CBF8|V|60|15-Jul-2019|15-Jul-2019|19-Jul-2019||3|030115|1|1|1|| |1705.4|0.0| ||3|1275566200| |9999997494| |9999997494|||0|1| |1705.4|15-Jul-2019|1|1|A|10|0.0|0.0|0|4|1705.4|1705.4|0|0|0|0|0|0|0|0|0|0|0|0|0|||||15-Jul-2019|950.0|0|0||T7432X|T7432X|Y|N184|Y|F0280|Y|M810|Y|N1830|Y|E1022|Y|Z653|Y|N181|N|Z940|Y|E1129|Y|R809|N|D4959|Y|D075|Y|E1121|Y|F1110|Y|R931|Y|E11319|Y|I259|Y|I4891|Y|R739|Y|E781|Y|E8881|Y|E119|Y|R7303|Y|D649|Y|Y04|X58|Y| | | | | | | | | | | | | | | | | | | | | | |GZ3|15-Jul-2019|Z741|15-Jul-2019|F419|15-Jul-2019|Z9181|15-Jul-2019|Z139|15-Jul-2019|Z1331|16-Jul-2019|Z1331|16-Jul-2019|||||||||||||||||||||||||||||||||||||0|0||3|450|96127|3.0|2019-07-16T00:00:00|hospital_A|hospital_A_20190715
SYN_BENE_4F5610076D50|SYN_CLM_923DC2C3CBF8|V|60|15-Jul-2019|15-Jul-2019|19-Jul-2019||3|030115|1|1|1|| |1705.4|0.0| ||3|1275566200| |9999997494| |9999997494|||0|1| |1705.4|15-Jul-2019|1|1|A|10|0.0|0.0|0|4|1705.4|1705.4|0|0|0|0|0|0|0|0|0|0|0|0|0|||||15-Jul-2019|950.0|0|0||T7432X|T7432X|Y|N184|Y|F0280|Y|M810|Y|N1830|Y|E1022|Y|Z653|Y|N181|N|Z940|Y|E1129|Y|R809|N|D4959|Y|D075|Y|E1121|Y|F1110|Y|R931|Y|E11319|Y|I259|Y|I4891|Y|R739|Y|E781|Y|E8881|Y|E119|Y|R7303|Y|D649|Y|Y04|X58|Y| | | | | | | | | | | | | | | | | | | | | | |GZ3|15-Jul-2019|Z741|15-Jul-2019|F419|15-Jul-2019|Z9181|15-Jul-2019|Z139|15-Jul-2019|Z1331|16-Jul-2019|Z1331|16-Jul-2019|||||||||||||||||||||||||||||||||||||0|0||4|450|M1069|3.0|2019-07-16T00:00:00|hospital_A|hospital_A_20190715
SYN_BENE_4F5610076D50|SYN_CLM_923DC2C3CBF8|V|60|15-Jul-2019|15-Jul-2019|19-Jul-2019||3|030115|1|1|1|| |1705.4|0.0| ||3|1275566200| |9999997494| |9999997494|||0|1| |1705.4|15-Jul-2019|1|1|A|10|0.0|0.0|0|4|1705.4|1705.4|0|0|0|0|0|0|0|0|0|0|0|0|0|||||15-Jul-2019|950.0|0|0||T7432X|T7432X|Y|N184|Y|F0280|Y|M810|Y|N1830|Y|E1022|Y|Z653|Y|N181|N|Z940|Y|E1129|Y|R809|N|D4959|Y|D075|Y|E1121|Y|F1110|Y|R931|Y|E11319|Y|I259|Y|I4891|Y|R739|Y|E781|Y|E8881|Y|E119|Y|R7303|Y|D649|Y|Y04|X58|Y| | | | | | | | | | | | | | | | | | | | | | |GZ3|15-Jul-2019|Z741|15-Jul-2019|F419|15-Jul-2019|Z9181|15-Jul-2019|Z139|15-Jul-2019|Z1331|16-Jul-2019|Z1331|16-Jul-2019|||||||||||||||||||||||||||||||||||||0|0||5|450|99401|3.0|2019-07-16T00:00:00|hospital_A|hospital_A_20190715
SYN_BENE_4F5610076D50|SYN_CLM_923DC2C3CBF8|V|60|15-Jul-2019|15-Jul-2019|19-Jul-2019||3|030115|1|1|1|| |1705.4|0.0| ||3|1275566200| |9999997494| |9999997494|||0|1| |1705.4|15-Jul-2019|1|1|A|10|0.0|0.0|0|4|1705.4|1705.4|0|0|0|0|0|0|0|0|0|0|0|0|0|||||15-Jul-2019|950.0|0|0||T7432X|T7432X|Y|N184|Y|F0280|Y|M810|Y|N1830|Y|E1022|Y|Z653|Y|N181|N|Z940|Y|E1129|Y|R809|N|D4959|Y|D075|Y|E1121|Y|F1110|Y|R931|Y|E11319|Y|I259|Y|I4891|Y|R739|Y|E781|Y|E8881|Y|E119|Y|R7303|Y|D649|Y|Y04|X58|Y| | | | | | | | | | | | | | | | | | | | | | |GZ3|15-Jul-2019|Z741|15-Jul-2019|F419|15-Jul-2019|Z9181|15-Jul-2019|Z139|15-Jul-2019|Z1331|16-Jul-2019|Z1331|16-Jul-2019|||||||||||||||||||||||||||||||||||||0|0||6|450|G0444|3.0|2019-07-16T00:00:00|hospital_A|hospital_A_20190715
SYN_BENE_4F5610076D50|SYN_CLM_923DC2C3CBF8|V|60|15-Jul-2019|15-Jul-2019|19-Jul-2019||3|030115|1|1|1|| |1705.4|0.0| ||3|1275566200| |9999997494| |9999997494|||0|1| |1705.4|15-Jul-2019|1|1|A|10|0.0|0.0|0|4|1705.4|1705.4|0|0|0|0|0|0|0|0|0|0|0|0|0|||||15-Jul-2019|950.0|0|0||T7432X|T7432X|Y|N184|Y|F0280|Y|M810|Y|N1830|Y|E1022|Y|Z653|Y|N181|N|Z940|Y|E1129|Y|R809|N|D4959|Y|D075|Y|E1121|Y|F1110|Y|R931|Y|E11319|Y|I259|Y|I4891|Y|R739|Y|E781|Y|E8881|Y|E119|Y|R7303|Y|D649|Y|Y04|X58|Y| | | | | | | | | | | | | | | | | | | | | | |GZ3|15-Jul-2019|Z741|15-Jul-2019|F419|15-Jul-2019|Z9181|15-Jul-2019|Z139|15-Jul-2019|Z1331|16-Jul-2019|Z1331|16-Jul-2019|||||||||||||||||||||||||||||||||||||0|0||7|450|G0444|3.0|2019-07-16T00:00:00|hospital_A|hospital_A_20190715
