BENE_ID|CLM_ID|NCH_NEAR_LINE_REC_IDENT_CD|NCH_CLM_TYPE_CD|CLM_FROM_DT|CLM_THRU_DT|NCH_WKLY_PROC_DT|FI_CLM_PROC_DT|CLAIM_QUERY_CODE|PRVDR_NUM|CLM_FAC_TYPE_CD|CLM_SRVC_CLSFCTN_TYPE_CD|CLM_FREQ_CD|FI_NUM|CLM_MDCR_NON_PMT_RSN_CD|CLM_PMT_AMT|NCH_PRMRY_PYR_CLM_PD_AMT|NCH_PRMRY_PYR_CD|FI_CLM_ACTN_CD|PRVDR_STATE_CD|ORG_NPI_NUM|AT_PHYSN_UPIN|AT_PHYSN_NPI|OP_PHYSN_UPIN|OP_PHYSN_NPI|OT_PHYSN_UPIN|OT_PHYSN_NPI|CLM_MCO_PD_SW|PTNT_DSCHRG_STUS_CD|CLM_PPS_IND_CD|CLM_TOT_CHRG_AMT|CLM_ADMSN_DT|CLM_IP_ADMSN_TYPE_CD|CLM_SRC_IP_ADMSN_CD|NCH_PTNT_STATUS_IND_CD|CLM_PASS_THRU_PER_DIEM_AMT|NCH_BENE_IP_DDCTBL_AMT|NCH_BENE_PTA_COINSRNC_LBLTY_AM|NCH_BENE_BLOOD_DDCTBL_LBLTY_AM|NCH_PROFNL_CMPNT_CHRG_AMT|NCH_IP_NCVRD_CHRG_AMT|NCH_IP_TOT_DDCTN_AMT|CLM_TOT_PPS_CPTL_AMT|CLM_PPS_CPTL_FSP_AMT|CLM_PPS_CPTL_OUTLIER_AMT|CLM_PPS_CPTL_DSPRPRTNT_SHR_AMT|CLM_PPS_CPTL_IME_AMT|CLM_PPS_CPTL_EXCPTN_AMT|CLM_PPS_OLD_CPTL_HLD_HRMLS_AMT|CLM_PPS_CPTL_DRG_WT_NUM|CLM_UTLZTN_DAY_CNT|BENE_TOT_COINSRNC_DAYS_CNT|BENE_LRD_USED_CNT|CLM_NON_UTLZTN_DAYS_CNT|NCH_BLOOD_PNTS_FRNSHD_QTY|NCH_VRFD_NCVRD_STAY_FROM_DT|NCH_VRFD_NCVRD_STAY_THRU_DT|NCH_ACTV_OR_CVRD_LVL_CARE_THRU|NCH_BENE_MDCR_BNFTS_EXHTD_DT_I|NCH_BENE_DSCHRG_DT|CLM_DRG_CD|CLM_DRG_OUTLIER_STAY_CD|NCH_DRG_OUTLIER_APRVD_PMT_AMT|ADMTG_DGNS_CD|PRNCPAL_DGNS_CD|ICD_DGNS_CD1|CLM_POA_IND_SW1|ICD_DGNS_CD2|CLM_POA_IND_SW2|ICD_DGNS_CD3|CLM_POA_IND_SW3|ICD_DGNS_CD4|CLM_POA_IND_SW4|ICD_DGNS_CD5|CLM_POA_IND_SW5|ICD_DGNS_CD6|CLM_POA_IND_SW6|ICD_DGNS_CD7|CLM_POA_IND_SW7|ICD_DGNS_CD8|CLM_POA_IND_SW8|ICD_DGNS_CD9|CLM_POA_IND_SW9|ICD_DGNS_CD10|CLM_POA_IND_SW10|ICD_DGNS_CD11|CLM_POA_IND_SW11|ICD_DGNS_CD12|CLM_POA_IND_SW12|ICD_DGNS_CD13|CLM_POA_IND_SW13|ICD_DGNS_CD14|CLM_POA_IND_SW14|ICD_DGNS_CD15|CLM_POA_IND_SW15|ICD_DGNS_CD16|CLM_POA_IND_SW16|ICD_DGNS_CD17|CLM_POA_IND_SW17|ICD_DGNS_CD18|CLM_POA_IND_SW18|ICD_DGNS_CD19|CLM_POA_IND_SW19|ICD_DGNS_CD20|CLM_POA_IND_SW20|ICD_DGNS_CD21|CLM_POA_IND_SW21|ICD_DGNS_CD22|CLM_POA_IND_SW22|ICD_DGNS_CD23|CLM_POA_IND_SW23|ICD_DGNS_CD24|CLM_POA_IND_SW24|ICD_DGNS_CD25|CLM_POA_IND_SW25|FST_DGNS_E_CD|ICD_DGNS_E_CD1|CLM_E_POA_IND_SW1|ICD_DGNS_E_CD2|CLM_E_POA_IND_SW2|ICD_DGNS_E_CD3|CLM_E_POA_IND_SW3|ICD_DGNS_E_CD4|CLM_E_POA_IND_SW4|ICD_DGNS_E_CD5|CLM_E_POA_IND_SW5|ICD_DGNS_E_CD6|CLM_E_POA_IND_SW6|ICD_DGNS_E_CD7|CLM_E_POA_IND_SW7|ICD_DGNS_E_CD8|CLM_E_POA_IND_SW8|ICD_DGNS_E_CD9|CLM_E_POA_IND_SW9|ICD_DGNS_E_CD10|CLM_E_POA_IND_SW10|ICD_DGNS_E_CD11|CLM_E_POA_IND_SW11|ICD_DGNS_E_CD12|CLM_E_POA_IND_SW12|ICD_PRCDR_CD1|PRCDR_DT1|ICD_PRCDR_CD2|PRCDR_DT2|ICD_PRCDR_CD3|PRCDR_DT3|ICD_PRCDR_CD4|PRCDR_DT4|ICD_PRCDR_CD5|PRCDR_DT5|ICD_PRCDR_CD6|PRCDR_DT6|ICD_PRCDR_CD7|PRCDR_DT7|ICD_PRCDR_CD8|PRCDR_DT8|ICD_PRCDR_CD9|PRCDR_DT9|ICD_PRCDR_CD10|PRCDR_DT10|ICD_PRCDR_CD11|PRCDR_DT11|ICD_PRCDR_CD12|PRCDR_DT12|ICD_PRCDR_CD13|PRCDR_DT13|ICD_PRCDR_CD14|PRCDR_DT14|ICD_PRCDR_CD15|PRCDR_DT15|ICD_PRCDR_CD16|PRCDR_DT16|ICD_PRCDR_CD17|PRCDR_DT17|ICD_PRCDR_CD18|PRCDR_DT18|ICD_PRCDR_CD19|PRCDR_DT19|ICD_PRCDR_CD20|PRCDR_DT20|ICD_PRCDR_CD21|PRCDR_DT21|ICD_PRCDR_CD22|PRCDR_DT22|ICD_PRCDR_CD23|PRCDR_DT23|ICD_PRCDR_CD24|PRCDR_DT24|ICD_PRCDR_CD25|PRCDR_DT25|IME_OP_CLM_VAL_AMT|DSH_OP_CLM_VAL_AMT|CLM_UNCOMPD_CARE_PMT_AMT|CLM_LINE_NUM|REV_CNTR|HCPCS_CD|REV_CNTR_DDCTBL_COINSRNC_CD|ingestion_timestamp|hospital_id|batch_id
-10000010255799|-10000930085630|V|60|06-Sep-2021|06-Sep-2021|10-Sep-2021||3|030115|1|1|1|| |2099.57|0.0| ||3|1275566200| |9999997494| |9999997494|||0|1| |2099.57|06-Sep-2021|1|1|A|10|0.0|0.0|0|4|2099.57|2099.57|0|0|0|0|0|0|0|0|0|0|0|0|0|||||06-Sep-2021|951.0|0|0||Z608|Z608|Y|N184|Y|F0280|N|M810|Y|N1830|Y|N182|Y|Z653|Y|E0922|N|Z940|Y|R809|Y|R809|Y|D4959|Y|D075|Y|E1121|Y|F1110|Y|R931|Y|E11319|Y|I259|Y|I4891|Y|R739|Y|E781|Y|E8881|Y|E119|Y|R7303|Y|D649|Y|W86|W86|Y| | | | | | | | | | | | | | | | | | | | | | |GZ3|06-Sep-2021|Z741|06-Sep-2021|F419|06-Sep-2021|Z1331|06-Sep-2021|Z1331|06-Sep-2021|||||||||||||||||||||||||||||||||||||||||0|0||1|450|99495|2.0|2021-09-07T00:00:00|hospital_A|hospital_A_20210906
-10000010255799|-10000930085630|V|60|06-Sep-2021|06-Sep-2021|10-Sep-2021||3|030115|1|1|1|| |2099.57|0.0| ||3|1275566200| |9999997494| |9999997494|||0|1| |2099.57|06-Sep-2021|1|1|A|10|0.0|0.0|0|4|2099.57|2099.57|0|0|0|0|0|0|0|0|0|0|0|0|0|||||06-Sep-2021|951.0|0|0||Z608|Z608|Y|N184|Y|F0280|N|M810|Y|N1830|Y|N182|Y|Z653|Y|E0922|N|Z940|Y|R809|Y|R809|Y|D4959|Y|D075|Y|E1121|Y|F1110|Y|R931|Y|E11319|Y|I259|Y|I4891|Y|R739|Y|E781|Y|E8881|Y|E119|Y|R7303|Y|D649|Y|W86|W86|Y| | | | | | | | | | | | | | | | | | | | | | |GZ3|06-Sep-2021|Z741|06-Sep-2021|F419|06-Sep-2021|Z1331|06-Sep-2021|Z1331|06-Sep-2021|||||||||||||||||||||||||||||||||||||||||0|0||2|450|96156|2.0|2021-09-07T00:00:00|hospital_A|hospital_A_20210906
-10000010255799|-10000930085630|V|60|06-Sep-2021|06-Sep-2021|10-Sep-2021||3|030115|1|1|1|| |2099.57|0.0| ||3|1275566200| |9999997494| |9999997494|||0|1| |2099.57|06-Sep-2021|1|1|A|10|0.0|0.0|0|4|2099.57|2099.57|0|0|0|0|0|0|0|0|0|0|0|0|0|||||06-Sep-2021|951.0|0|0||Z608|Z608|Y|N184|Y|F0280|N|M810|Y|N1830|Y|N182|Y|Z653|Y|E0922|N|Z940|Y|R809|Y|R809|Y|D4959|Y|D075|Y|E1121|Y|F1110|Y|R931|Y|E11319|Y|I259|Y|I4891|Y|R739|Y|E781|Y|E8881|Y|E119|Y|R7303|Y|D649|Y|W86|W86|Y| | | | | | | | | | | | | | | | | | | | | | |GZ3|06-Sep-2021|Z741|06-Sep-2021|F419|06-Sep-2021|Z1331|06-Sep-2021|Z1331|06-Sep-2021|||||||||||||||||||||||||||||||||||||||||0|0||3|450|96127|3.0|2021-09-07T00:00:00|hospital_A|hospital_A_20210906
-10000010255799|-10000930085630|V|60|06-Sep-2021|06-Sep-2021|10-Sep-2021||3|030115|1|1|1|| |2099.57|0.0| ||3|1275566200| |9999997494| |9999997494|||0|1| |2099.57|06-Sep-2021|1|1|A|10|0.0|0.0|0|4|2099.57|2099.57|0|0|0|0|0|0|0|0|0|0|0|0|0|||||06-Sep-2021|951.0|0|0||Z608|Z608|Y|N184|Y|F0280|N|M810|Y|N1830|Y|N182|Y|Z653|Y|E0922|N|Z940|Y|R809|Y|R809|Y|D4959|Y|D075|Y|E1121|Y|F1110|Y|R931|Y|E11319|Y|I259|Y|I4891|Y|R739|Y|E781|Y|E8881|Y|E119|Y|R7303|Y|D649|Y|W86|W86|Y| | | | | | | | | | | | | | | | | | | | | | |GZ3|06-Sep-2021|Z741|06-Sep-2021|F419|06-Sep-2021|Z1331|06-Sep-2021|Z1331|06-Sep-2021|||||||||||||||||||||||||||||||||||||||||0|0||4|450|G0444|3.0|2021-09-07T00:00:00|hospital_A|hospital_A_20210906
-10000010255799|-10000930085630|V|60|06-Sep-2021|06-Sep-2021|10-Sep-2021||3|030115|1|1|1|| |2099.57|0.0| ||3|1275566200| |9999997494| |9999997494|||0|1| |2099.57|06-Sep-2021|1|1|A|10|0.0|0.0|0|4|2099.57|2099.57|0|0|0|0|0|0|0|0|0|0|0|0|0|||||06-Sep-2021|951.0|0|0||Z608|Z608|Y|N184|Y|F0280|N|M810|Y|N1830|Y|N182|Y|Z653|Y|E0922|N|Z940|Y|R809|Y|R809|Y|D4959|Y|D075|Y|E1121|Y|F1110|Y|R931|Y|E11319|Y|I259|Y|I4891|Y|R739|Y|E781|Y|E8881|Y|E119|Y|R7303|Y|D649|Y|W86|W86|Y| | | | | | | | | | | | | | | | | | | | | | |GZ3|06-Sep-2021|Z741|06-Sep-2021|F419|06-Sep-2021|Z1331|06-Sep-2021|Z1331|06-Sep-2021|||||||||||||||||||||||||||||||||||||||||0|0||5|450|G0444|3.0|2021-09-07T00:00:00|hospital_A|hospital_A_20210906
SYN_BENE_A8F077A24E92|SYN_CLM_907295092207|V|60|06-Sep-2021|06-Sep-2021|10-Sep-2021||3|030115|1|1|1|| |2099.57|0.0| ||3|1275566200| |9999997494| |9999997494|||0|1| |2099.57|06-Sep-2021|1|1|A|10|0.0|0.0|0|4|2099.57|2099.57|0|0|0|0|0|0|0|0|0|0|0|0|0|||||06-Sep-2021|951.0|0|0||Z608|Z608|Y|N184|Y|F0280|N|M810|Y|N1830|Y|N182|Y|Z653|Y|E0922|N|Z940|Y|R809|Y|R809|Y|D4959|Y|D075|Y|E1121|Y|F1110|Y|R931|Y|E11319|Y|I259|Y|I4891|Y|R739|Y|E781|Y|E8881|Y|E119|Y|R7303|Y|D649|Y|W86|W86|Y| | | | | | | | | | | | | | | | | | | | | | |GZ3|06-Sep-2021|Z741|06-Sep-2021|F419|06-Sep-2021|Z1331|06-Sep-2021|Z1331|06-Sep-2021|||||||||||||||||||||||||||||||||||||||||0|0||1|450|99495|2.0|2021-09-07T00:00:00|hospital_A|hospital_A_20210906
SYN_BENE_A8F077A24E92|SYN_CLM_907295092207|V|60|06-Sep-2021|06-Sep-2021|10-Sep-2021||3|030115|1|1|1|| |2099.57|0.0| ||3|1275566200| |9999997494| |9999997494|||0|1| |2099.57|06-Sep-2021|1|1|A|10|0.0|0.0|0|4|2099.57|2099.57|0|0|0|0|0|0|0|0|0|0|0|0|0|||||06-Sep-2021|951.0|0|0||Z608|Z608|Y|N184|Y|F0280|N|M810|Y|N1830|Y|N182|Y|Z653|Y|E0922|N|Z940|Y|R809|Y|R809|Y|D4959|Y|D075|Y|E1121|Y|F1110|Y|R931|Y|E11319|Y|I259|Y|I4891|Y|R739|Y|E781|Y|E8881|Y|E119|Y|R7303|Y|D649|Y|W86|W86|Y| | | | | | | | | | | | | | | | | | | | | | |GZ3|06-Sep-2021|Z741|06-Sep-2021|F419|06-Sep-2021|Z1331|06-Sep-2021|Z1331|06-Sep-2021|||||||||||||||||||||||||||||||||||||||||0|0||2|450|96156|2.0|2021-09-07T00:00:00|hospital_A|hospital_A_20210906
SYN_BENE_A8F077A24E92|SYN_CLM_907295092207|V|60|06-Sep-2021|06-Sep-2021|10-Sep-2021||3|030115|1|1|1|| |2099.57|0.0| ||3|1275566200| |9999997494| |9999997494|||0|1| |2099.57|06-Sep-2021|1|1|A|10|0.0|0.0|0|4|2099.57|2099.57|0|0|0|0|0|0|0|0|0|0|0|0|0|||||06-Sep-2021|951.0|0|0||Z608|Z608|Y|N184|Y|F0280|N|M810|Y|N1830|Y|N182|Y|Z653|Y|E0922|N|Z940|Y|R809|Y|R809|Y|D4959|Y|D075|Y|E1121|Y|F1110|Y|R931|Y|E11319|Y|I259|Y|I4891|Y|R739|Y|E781|Y|E8881|Y|E119|Y|R7303|Y|D649|Y|W86|W86|Y| | | | | | | | | | | | | | | | | | | | | | |GZ3|06-Sep-2021|Z741|06-Sep-2021|F419|06-Sep-2021|Z1331|06-Sep-2021|Z1331|06-Sep-2021|||||||||||||||||||||||||||||||||||||||||0|0||3|450|96127|3.0|2021-09-07T00:00:00|hospital_A|hospital_A_20210906
SYN_BENE_A8F077A24E92|SYN_CLM_907295092207|V|60|06-Sep-2021|06-Sep-2021|10-Sep-2021||3|030115|1|1|1|| |2099.57|0.0| ||3|1275566200| |9999997494| |9999997494|||0|1| |2099.57|06-Sep-2021|1|1|A|10|0.0|0.0|0|4|2099.57|2099.57|0|0|0|0|0|0|0|0|0|0|0|0|0|||||06-Sep-2021|951.0|0|0||Z608|Z608|Y|N184|Y|F0280|N|M810|Y|N1830|Y|N182|Y|Z653|Y|E0922|N|Z940|Y|R809|Y|R809|Y|D4959|Y|D075|Y|E1121|Y|F1110|Y|R931|Y|E11319|Y|I259|Y|I4891|Y|R739|Y|E781|Y|E8881|Y|E119|Y|R7303|Y|D649|Y|W86|W86|Y| | | | | | | | | | | | | | | | | | | | | | |GZ3|06-Sep-2021|Z741|06-Sep-2021|F419|06-Sep-2021|Z1331|06-Sep-2021|Z1331|06-Sep-2021|||||||||||||||||||||||||||||||||||||||||0|0||4|450|G0444|3.0|2021-09-07T00:00:00|hospital_A|hospital_A_20210906
SYN_BENE_A8F077A24E92|SYN_CLM_907295092207|V|60|06-Sep-2021|06-Sep-2021|10-Sep-2021||3|030115|1|1|1|| |2099.57|0.0| ||3|1275566200| |9999997494| |9999997494|||0|1| |2099.57|06-Sep-2021|1|1|A|10|0.0|0.0|0|4|2099.57|2099.57|0|0|0|0|0|0|0|0|0|0|0|0|0|||||06-Sep-2021|951.0|0|0||Z608|Z608|Y|N184|Y|F0280|N|M810|Y|N1830|Y|N182|Y|Z653|Y|E0922|N|Z940|Y|R809|Y|R809|Y|D4959|Y|D075|Y|E1121|Y|F1110|Y|R931|Y|E11319|Y|I259|Y|I4891|Y|R739|Y|E781|Y|E8881|Y|E119|Y|R7303|Y|D649|Y|W86|W86|Y| | | | | | | | | | | | | | | | | | | | | | |GZ3|06-Sep-2021|Z741|06-Sep-2021|F419|06-Sep-2021|Z1331|06-Sep-2021|Z1331|06-Sep-2021|||||||||||||||||||||||||||||||||||||||||0|0||5|450|G0444|3.0|2021-09-07T00:00:00|hospital_A|hospital_A_20210906
SYN_BENE_34A346ED4D60|SYN_CLM_E2C344381544|V|60|06-Sep-2021|06-Sep-2021|10-Sep-2021||3|030115|1|1|1|| |2099.57|0.0| ||3|1275566200| |9999997494| |9999997494|||0|1| |2099.57|06-Sep-2021|1|1|A|10|0.0|0.0|0|4|2099.57|2099.57|0|0|0|0|0|0|0|0|0|0|0|0|0|||||06-Sep-2021|951.0|0|0||Z608|Z608|Y|N184|Y|F0280|N|M810|Y|N1830|Y|N182|Y|Z653|Y|E0922|N|Z940|Y|R809|Y|R809|Y|D4959|Y|D075|Y|E1121|Y|F1110|Y|R931|Y|E11319|Y|I259|Y|I4891|Y|R739|Y|E781|Y|E8881|Y|E119|Y|R7303|Y|D649|Y|W86|W86|Y| | | | | | | | | | | | | | | | | | | | | | |GZ3|06-Sep-2021|Z741|06-Sep-2021|F419|06-Sep-2021|Z1331|06-Sep-2021|Z1331|06-Sep-2021|||||||||||||||||||||||||||||||||||||||||0|0||1|450|99495|2.0|2021-09-07T00:00:00|hospital_A|hospital_A_20210906
SYN_BENE_34A346ED4D60|SYN_CLM_E2C344381544|V|60|06-Sep-2021|06-Sep-2021|10-Sep-2021||3|030115|1|1|1|| |2099.57|0.0| ||3|1275566200| |9999997494| |9999997494|||0|1| |2099.57|06-Sep-2021|1|1|A|10|0.0|0.0|0|4|2099.57|2099.57|0|0|0|0|0|0|0|0|0|0|0|0|0|||||06-Sep-2021|951.0|0|0||Z608|Z608|Y|N184|Y|F0280|N|M810|Y|N1830|Y|N182|Y|Z653|Y|E0922|N|Z940|Y|R809|Y|R809|Y|D4959|Y|D075|Y|E1121|Y|F1110|Y|R931|Y|E11319|Y|I259|Y|I4891|Y|R739|Y|E781|Y|E8881|Y|E119|Y|R7303|Y|D649|Y|W86|W86|Y| | | | | | | | | | | | | | | | | | | | | | |GZ3|06-Sep-2021|Z741|06-Sep-2021|F419|06-Sep-2021|Z1331|06-Sep-2021|Z1331|06-Sep-2021|||||||||||||||||||||||||||||||||||||||||0|0||2|450|96156|2.0|2021-09-07T00:00:00|hospital_A|hospital_A_20210906
SYN_BENE_34A346ED4D60|SYN_CLM_E2C344381544|V|60|06-Sep-2021|06-Sep-2021|10-Sep-2021||3|030115|1|1|1|| |2099.57|0.0| ||3|1275566200| |9999997494| |9999997494|||0|1| |2099.57|06-Sep-2021|1|1|A|10|0.0|0.0|0|4|2099.57|2099.57|0|0|0|0|0|0|0|0|0|0|0|0|0|||||06-Sep-2021|951.0|0|0||Z608|Z608|Y|N184|Y|F0280|N|M810|Y|N1830|Y|N182|Y|Z653|Y|E0922|N|Z940|Y|R809|Y|R809|Y|D4959|Y|D075|Y|E1121|Y|F1110|Y|R931|Y|E11319|Y|I259|Y|I4891|Y|R739|Y|E781|Y|E8881|Y|E119|Y|R7303|Y|D649|Y|W86|W86|Y| | | | | | | | | | | | | | | | | | | | | | |GZ3|06-Sep-2021|Z741|06-Sep-2021|F419|06-Sep-2021|Z1331|06-Sep-2021|Z1331|06-Sep-2021|||||||||||||||||||||||||||||||||||||||||0|0||3|450|96127|3.0|2021-09-07T00:00:00|hospital_A|hospital_A_20210906
SYN_BENE_34A346ED4D60|SYN_CLM_E2C344381544|V|60|06-Sep-2021|06-Sep-2021|10-Sep-2021||3|030115|1|1|1|| |2099.57|0.0| ||3|1275566200| |9999997494| |9999997494|||0|1| |2099.57|06-Sep-2021|1|1|A|10|0.0|0.0|0|4|2099.57|2099.57|0|0|0|0|0|0|0|0|0|0|0|0|0|||||06-Sep-2021|951.0|0|0||Z608|Z608|Y|N184|Y|F0280|N|M810|Y|N1830|Y|N182|Y|Z653|Y|E0922|N|Z940|Y|R809|Y|R809|Y|D4959|Y|D075|Y|E1121|Y|F1110|Y|R931|Y|E11319|Y|I259|Y|I4891|Y|R739|Y|E781|Y|E8881|Y|E119|Y|R7303|Y|D649|Y|W86|W86|Y| | | | | | | | | | | | | | | | | | | | | | |GZ3|06-Sep-2021|Z741|06-Sep-2021|F419|06-Sep-2021|Z1331|06-Sep-2021|Z1331|06-Sep-2021|||||||||||||||||||||||||||||||||||||||||0|0||4|450|G0444|3.0|2021-09-07T00:00:00|hospital_A|hospital_A_20210906
SYN_BENE_34A346ED4D60|SYN_CLM_E2C344381544|V|60|06-Sep-2021|06-Sep-2021|10-Sep-2021||3|030115|1|1|1|| |2099.57|0.0| ||3|1275566200| |9999997494| |9999997494|||0|1| |2099.57|06-Sep-2021|1|1|A|10|0.0|0.0|0|4|2099.57|2099.57|0|0|0|0|0|0|0|0|0|0|0|0|0|||||06-Sep-2021|951.0|0|0||Z608|Z608|Y|N184|Y|F0280|N|M810|Y|N1830|Y|N182|Y|Z653|Y|E0922|N|Z940|Y|R809|Y|R809|Y|D4959|Y|D075|Y|E1121|Y|F1110|Y|R931|Y|E11319|Y|I259|Y|I4891|Y|R739|Y|E781|Y|E8881|Y|E119|Y|R7303|Y|D649|Y|W86|W86|Y| | | | | | | | | | | | | | | | | | | | | | |GZ3|06-Sep-2021|Z741|06-Sep-2021|F419|06-Sep-2021|Z1331|06-Sep-2021|Z1331|06-Sep-2021|||||||||||||||||||||||||||||||||||||||||0|0||5|450|G0444|3.0|2021-09-07T00:00:00|hospital_A|hospital_A_20210906
SYN_BENE_1FA5EE99D6BC|SYN_CLM_B085D08E736B|V|60|06-Sep-2021|06-Sep-2021|10-Sep-2021||3|030115|1|1|1|| |2099.57|0.0| ||3|1275566200| |9999997494| |9999997494|||0|1| |2099.57|06-Sep-2021|1|1|A|10|0.0|0.0|0|4|2099.57|2099.57|0|0|0|0|0|0|0|0|0|0|0|0|0|||||06-Sep-2021|951.0|0|0||Z608|Z608|Y|N184|Y|F0280|N|M810|Y|N1830|Y|N182|Y|Z653|Y|E0922|N|Z940|Y|R809|Y|R809|Y|D4959|Y|D075|Y|E1121|Y|F1110|Y|R931|Y|E11319|Y|I259|Y|I4891|Y|R739|Y|E781|Y|E8881|Y|E119|Y|R7303|Y|D649|Y|W86|W86|Y| | | | | | | | | | | | | | | | | | | | | | |GZ3|06-Sep-2021|Z741|06-Sep-2021|F419|06-Sep-2021|Z1331|06-Sep-2021|Z1331|06-Sep-2021|||||||||||||||||||||||||||||||||||||||||0|0||1|450|99495|2.0|2021-09-07T00:00:00|hospital_A|hospital_A_20210906
SYN_BENE_1FA5EE99D6BC|SYN_CLM_B085D08E736B|V|60|06-Sep-2021|06-Sep-2021|10-Sep-2021||3|030115|1|1|1|| |2099.57|0.0| ||3|1275566200| |9999997494| |9999997494|||0|1| |2099.57|06-Sep-2021|1|1|A|10|0.0|0.0|0|4|2099.57|2099.57|0|0|0|0|0|0|0|0|0|0|0|0|0|||||06-Sep-2021|951.0|0|0||Z608|Z608|Y|N184|Y|F0280|N|M810|Y|N1830|Y|N182|Y|Z653|Y|E0922|N|Z940|Y|R809|Y|R809|Y|D4959|Y|D075|Y|E1121|Y|F1110|Y|R931|Y|E11319|Y|I259|Y|I4891|Y|R739|Y|E781|Y|E8881|Y|E119|Y|R7303|Y|D649|Y|W86|W86|Y| | | | | | | | | | | | | | | | | | | | | | |GZ3|06-Sep-2021|Z741|06-Sep-2021|F419|06-Sep-2021|Z1331|06-Sep-2021|Z1331|06-Sep-2021|||||||||||||||||||||||||||||||||||||||||0|0||2|450|96156|2.0|2021-09-07T00:00:00|hospital_A|hospital_A_20210906
SYN_BENE_1FA5EE99D6BC|SYN_CLM_B085D08E736B|V|60|06-Sep-2021|06-Sep-2021|10-Sep-2021||3|030115|1|1|1|| |2099.57|0.0| ||3|1275566200| |9999997494| |9999997494|||0|1| |2099.57|06-Sep-2021|1|1|A|10|0.0|0.0|0|4|2099.57|2099.57|0|0|0|0|0|0|0|0|0|0|0|0|0|||||06-Sep-2021|951.0|0|0||Z608|Z608|Y|N184|Y|F0280|N|M810|Y|N1830|Y|N182|Y|Z653|Y|E0922|N|Z940|Y|R809|Y|R809|Y|D4959|Y|D075|Y|E1121|Y|F1110|Y|R931|Y|E11319|Y|I259|Y|I4891|Y|R739|Y|E781|Y|E8881|Y|E119|Y|R7303|Y|D649|Y|W86|W86|Y| | | | | | | | | | | | | | | | | | | | | | |GZ3|06-Sep-2021|Z741|06-Sep-2021|F419|06-Sep-2021|Z1331|06-Sep-2021|Z1331|06-Sep-2021|||||||||||||||||||||||||||||||||||||||||0|0||3|450|96127|3.0|2021-09-07T00:00:00|hospital_A|hospital_A_20210906
SYN_BENE_1FA5EE99D6BC|SYN_CLM_B085D08E736B|V|60|06-Sep-2021|06-Sep-2021|10-Sep-2021||3|030115|1|1|1|| |2099.57|0.0| ||3|1275566200| |9999997494| |9999997494|||0|1| |2099.57|06-Sep-2021|1|1|A|10|0.0|0.0|0|4|2099.57|2099.57|0|0|0|0|0|0|0|0|0|0|0|0|0|||||06-Sep-2021|951.0|0|0||Z608|Z608|Y|N184|Y|F0280|N|M810|Y|N1830|Y|N182|Y|Z653|Y|E0922|N|Z940|Y|R809|Y|R809|Y|D4959|Y|D075|Y|E1121|Y|F1110|Y|R931|Y|E11319|Y|I259|Y|I4891|Y|R739|Y|E781|Y|E8881|Y|E119|Y|R7303|Y|D649|Y|W86|W86|Y| | | | | | | | | | | | | | | | | | | | | | |GZ3|06-Sep-2021|Z741|06-Sep-2021|F419|06-Sep-2021|Z1331|06-Sep-2021|Z1331|06-Sep-2021|||||||||||||||||||||||||||||||||||||||||0|0||4|450|G0444|3.0|2021-09-07T00:00:00|hospital_A|hospital_A_20210906
SYN_BENE_1FA5EE99D6BC|SYN_CLM_B085D08E736B|V|60|06-Sep-2021|06-Sep-2021|10-Sep-2021||3|030115|1|1|1|| |2099.57|0.0| ||3|1275566200| |9999997494| |9999997494|||0|1| |2099.57|06-Sep-2021|1|1|A|10|0.0|0.0|0|4|2099.57|2099.57|0|0|0|0|0|0|0|0|0|0|0|0|0|||||06-Sep-2021|951.0|0|0||Z608|Z608|Y|N184|Y|F0280|N|M810|Y|N1830|Y|N182|Y|Z653|Y|E0922|N|Z940|Y|R809|Y|R809|Y|D4959|Y|D075|Y|E1121|Y|F1110|Y|R931|Y|E11319|Y|I259|Y|I4891|Y|R739|Y|E781|Y|E8881|Y|E119|Y|R7303|Y|D649|Y|W86|W86|Y| | | | | | | | | | | | | | | | | | | | | | |GZ3|06-Sep-2021|Z741|06-Sep-2021|F419|06-Sep-2021|Z1331|06-Sep-2021|Z1331|06-Sep-2021|||||||||||||||||||||||||||||||||||||||||0|0||5|450|G0444|3.0|2021-09-07T00:00:00|hospital_A|hospital_A_20210906
SYN_BENE_78CB404BE355|SYN_CLM_92F44E224922|V|60|06-Sep-2021|06-Sep-2021|10-Sep-2021||3|030115|1|1|1|| |2099.57|0.0| ||3|1275566200| |9999997494| |9999997494|||0|1| |2099.57|06-Sep-2021|1|1|A|10|0.0|0.0|0|4|2099.57|2099.57|0|0|0|0|0|0|0|0|0|0|0|0|0|||||06-Sep-2021|951.0|0|0||Z608|Z608|Y|N184|Y|F0280|N|M810|Y|N1830|Y|N182|Y|Z653|Y|E0922|N|Z940|Y|R809|Y|R809|Y|D4959|Y|D075|Y|E1121|Y|F1110|Y|R931|Y|E11319|Y|I259|Y|I4891|Y|R739|Y|E781|Y|E8881|Y|E119|Y|R7303|Y|D649|Y|W86|W86|Y| | | | | | | | | | | | | | | | | | | | | | |GZ3|06-Sep-2021|Z741|06-Sep-2021|F419|06-Sep-2021|Z1331|06-Sep-2021|Z1331|06-Sep-2021|||||||||||||||||||||||||||||||||||||||||0|0||1|450|99495|2.0|2021-09-07T00:00:00|hospital_A|hospital_A_20210906
SYN_BENE_78CB404BE355|SYN_CLM_92F44E224922|V|60|06-Sep-2021|06-Sep-2021|10-Sep-2021||3|030115|1|1|1|| |2099.57|0.0| ||3|1275566200| |9999997494| |9999997494|||0|1| |2099.57|06-Sep-2021|1|1|A|10|0.0|0.0|0|4|2099.57|2099.57|0|0|0|0|0|0|0|0|0|0|0|0|0|||||06-Sep-2021|951.0|0|0||Z608|Z608|Y|N184|Y|F0280|N|M810|Y|N1830|Y|N182|Y|Z653|Y|E0922|N|Z940|Y|R809|Y|R809|Y|D4959|Y|D075|Y|E1121|Y|F1110|Y|R931|Y|E11319|Y|I259|Y|I4891|Y|R739|Y|E781|Y|E8881|Y|E119|Y|R7303|Y|D649|Y|W86|W86|Y| | | | | | | | | | | | | | | | | | | | | | |GZ3|06-Sep-2021|Z741|06-Sep-2021|F419|06-Sep-2021|Z1331|06-Sep-2021|Z1331|06-Sep-2021|||||||||||||||||||||||||||||||||||||||||0|0||2|450|96156|2.0|2021-09-07T00:00:00|hospital_A|hospital_A_20210906
SYN_BENE_78CB404BE355|SYN_CLM_92F44E224922|V|60|06-Sep-2021|06-Sep-2021|10-Sep-2021||3|030115|1|1|1|| |2099.57|0.0| ||3|1275566200| |9999997494| |9999997494|||0|1| |2099.57|06-Sep-2021|1|1|A|10|0.0|0.0|0|4|2099.57|2099.57|0|0|0|0|0|0|0|0|0|0|0|0|0|||||06-Sep-2021|951.0|0|0||Z608|Z608|Y|N184|Y|F0280|N|M810|Y|N1830|Y|N182|Y|Z653|Y|E0922|N|Z940|Y|R809|Y|R809|Y|D4959|Y|D075|Y|E1121|Y|F1110|Y|R931|Y|E11319|Y|I259|Y|I4891|Y|R739|Y|E781|Y|E8881|Y|E119|Y|R7303|Y|D649|Y|W86|W86|Y| | | | | | | | | | | | | | | | | | | | | | |GZ3|06-Sep-2021|Z741|06-Sep-2021|F419|06-Sep-2021|Z1331|06-Sep-2021|Z1331|06-Sep-2021|||||||||||||||||||||||||||||||||||||||||0|0||3|450|96127|3.0|2021-09-07T00:00:00|hospital_A|hospital_A_20210906
SYN_BENE_78CB404BE355|SYN_CLM_92F44E224922|V|60|06-Sep-2021|06-Sep-2021|10-Sep-2021||3|030115|1|1|1|| |2099.57|0.0| ||3|1275566200| |9999997494| |9999997494|||0|1| |2099.57|06-Sep-2021|1|1|A|10|0.0|0.0|0|4|2099.57|2099.57|0|0|0|0|0|0|0|0|0|0|0|0|0|||||06-Sep-2021|951.0|0|0||Z608|Z608|Y|N184|Y|F0280|N|M810|Y|N1830|Y|N182|Y|Z653|Y|E0922|N|Z940|Y|R809|Y|R809|Y|D4959|Y|D075|Y|E1121|Y|F1110|Y|R931|Y|E11319|Y|I259|Y|I4891|Y|R739|Y|E781|Y|E8881|Y|E119|Y|R7303|Y|D649|Y|W86|W86|Y| | | | | | | | | | | | | | | | | | | | | | |GZ3|06-Sep-2021|Z741|06-Sep-2021|F419|06-Sep-2021|Z1331|06-Sep-2021|Z1331|06-Sep-2021|||||||||||||||||||||||||||||||||||||||||0|0||4|450|G0444|3.0|2021-09-07T00:00:00|hospital_A|hospital_A_20210906
SYN_BENE_78CB404BE355|SYN_CLM_92F44E224922|V|60|06-Sep-2021|06-Sep-2021|10-Sep-2021||3|030115|1|1|1|| |2099.57|0.0| ||3|1275566200| |9999997494| |9999997494|||0|1| |2099.57|06-Sep-2021|1|1|A|10|0.0|0.0|0|4|2099.57|2099.57|0|0|0|0|0|0|0|0|0|0|0|0|0|||||06-Sep-2021|951.0|0|0||Z608|Z608|Y|N184|Y|F0280|N|M810|Y|N1830|Y|N182|Y|Z653|Y|E0922|N|Z940|Y|R809|Y|R809|Y|D4959|Y|D075|Y|E1121|Y|F1110|Y|R931|Y|E11319|Y|I259|Y|I4891|Y|R739|Y|E781|Y|E8881|Y|E119|Y|R7303|Y|D649|Y|W86|W86|Y| | | | | | | | | | | | | | | | | | | | | | |GZ3|06-Sep-2021|Z741|06-Sep-2021|F419|06-Sep-2021|Z1331|06-Sep-2021|Z1331|06-Sep-2021|||||||||||||||||||||||||||||||||||||||||0|0||5|450|G0444|3.0|2021-09-07T00:00:00|hospital_A|hospital_A_20210906
SYN_BENE_763C9B083F71|SYN_CLM_45398CDFF5F0|V|60|06-Sep-2021|06-Sep-2021|10-Sep-2021||3|030115|1|1|1|| |2099.57|0.0| ||3|1275566200| |9999997494| |9999997494|||0|1| |2099.57|06-Sep-2021|1|1|A|10|0.0|0.0|0|4|2099.57|2099.57|0|0|0|0|0|0|0|0|0|0|0|0|0|||||06-Sep-2021|951.0|0|0||Z608|Z608|Y|N184|Y|F0280|N|M810|Y|N1830|Y|N182|Y|Z653|Y|E0922|N|Z940|Y|R809|Y|R809|Y|D4959|Y|D075|Y|E1121|Y|F1110|Y|R931|Y|E11319|Y|I259|Y|I4891|Y|R739|Y|E781|Y|E8881|Y|E119|Y|R7303|Y|D649|Y|W86|W86|Y| | | | | | | | | | | | | | | | | | | | | | |GZ3|06-Sep-2021|Z741|06-Sep-2021|F419|06-Sep-2021|Z1331|06-Sep-2021|Z1331|06-Sep-2021|||||||||||||||||||||||||||||||||||||||||0|0||1|450|99495|2.0|2021-09-07T00:00:00|hospital_A|hospital_A_20210906
SYN_BENE_763C9B083F71|SYN_CLM_45398CDFF5F0|V|60|06-Sep-2021|06-Sep-2021|10-Sep-2021||3|030115|1|1|1|| |2099.57|0.0| ||3|1275566200| |9999997494| |9999997494|||0|1| |2099.57|06-Sep-2021|1|1|A|10|0.0|0.0|0|4|2099.57|2099.57|0|0|0|0|0|0|0|0|0|0|0|0|0|||||06-Sep-2021|951.0|0|0||Z608|Z608|Y|N184|Y|F0280|N|M810|Y|N1830|Y|N182|Y|Z653|Y|E0922|N|Z940|Y|R809|Y|R809|Y|D4959|Y|D075|Y|E1121|Y|F1110|Y|R931|Y|E11319|Y|I259|Y|I4891|Y|R739|Y|E781|Y|E8881|Y|E119|Y|R7303|Y|D649|Y|W86|W86|Y| | | | | | | | | | | | | | | | | | | | | | |GZ3|06-Sep-2021|Z741|06-Sep-2021|F419|06-Sep-2021|Z1331|06-Sep-2021|Z1331|06-Sep-2021|||||||||||||||||||||||||||||||||||||||||0|0||2|450|96156|2.0|2021-09-07T00:00:00|hospital_A|hospital_A_20210906
SYN_BENE_763C9B083F71|SYN_CLM_45398CDFF5F0|V|60|06-Sep-2021|06-Sep-2021|10-Sep-2021||3|030115|1|1|1|| |2099.57|0.0| ||3|1275566200| |9999997494| |9999997494|||0|1| |2099.57|06-Sep-2021|1|1|A|10|0.0|0.0|0|4|2099.57|2099.57|0|0|0|0|0|0|0|0|0|0|0|0|0|||||06-Sep-2021|951.0|0|0||Z608|Z608|Y|N184|Y|F0280|N|M810|Y|N1830|Y|N182|Y|Z653|Y|E0922|N|Z940|Y|R809|Y|R809|Y|D4959|Y|D075|Y|E1121|Y|F1110|Y|R931|Y|E11319|Y|I259|Y|I4891|Y|R739|Y|E781|Y|E8881|Y|E119|Y|R7303|Y|D649|Y|W86|W86|Y| | | | | | | | | | | | | | | | | | | | | | |GZ3|06-Sep-2021|Z741|06-Sep-2021|F419|06-Sep-2021|Z1331|06-Sep-2021|Z1331|06-Sep-2021|||||||||||||||||||||||||||||||||||||||||0|0||3|450|96127|3.0|2021-09-07T00:00:00|hospital_A|hospital_A_20210906
SYN_BENE_763C9B083F71|SYN_CLM_45398CDFF5F0|V|60|06-Sep-2021|06-Sep-2021|10-Sep-2021||3|030115|1|1|1|| |2099.57|0.0| ||3|1275566200| |9999997494| |9999997494|||0|1| |2099.57|06-Sep-2021|1|1|A|10|0.0|0.0|0|4|2099.57|2099.57|0|0|0|0|0|0|0|0|0|0|0|0|0|||||06-Sep-2021|951.0|0|0||Z608|Z608|Y|N184|Y|F0280|N|M810|Y|N1830|Y|N182|Y|Z653|Y|E0922|N|Z940|Y|R809|Y|R809|Y|D4959|Y|D075|Y|E1121|Y|F1110|Y|R931|Y|E11319|Y|I259|Y|I4891|Y|R739|Y|E781|Y|E8881|Y|E119|Y|R7303|Y|D649|Y|W86|W86|Y| | | | | | | | | | | | | | | | | | | | | | |GZ3|06-Sep-2021|Z741|06-Sep-2021|F419|06-Sep-2021|Z1331|06-Sep-2021|Z1331|06-Sep-2021|||||||||||||||||||||||||||||||||||||||||0|0||4|450|G0444|3.0|2021-09-07T00:00:00|hospital_A|hospital_A_20210906
SYN_BENE_763C9B083F71|SYN_CLM_45398CDFF5F0|V|60|06-Sep-2021|06-Sep-2021|10-Sep-2021||3|030115|1|1|1|| |2099.57|0.0| ||3|1275566200| |9999997494| |9999997494|||0|1| |2099.57|06-Sep-2021|1|1|A|10|0.0|0.0|0|4|2099.57|2099.57|0|0|0|0|0|0|0|0|0|0|0|0|0|||||06-Sep-2021|951.0|0|0||Z608|Z608|Y|N184|Y|F0280|N|M810|Y|N1830|Y|N182|Y|Z653|Y|E0922|N|Z940|Y|R809|Y|R809|Y|D4959|Y|D075|Y|E1121|Y|F1110|Y|R931|Y|E11319|Y|I259|Y|I4891|Y|R739|Y|E781|Y|E8881|Y|E119|Y|R7303|Y|D649|Y|W86|W86|Y| | | | | | | | | | | | | | | | | | | | | | |GZ3|06-Sep-2021|Z741|06-Sep-2021|F419|06-Sep-2021|Z1331|06-Sep-2021|Z1331|06-Sep-2021|||||||||||||||||||||||||||||||||||||||||0|0||5|450|G0444|3.0|2021-09-07T00:00:00|hospital_A|hospital_A_20210906
SYN_BENE_E598312935B7|SYN_CLM_C8F2C77D7439|V|60|06-Sep-2021|06-Sep-2021|10-Sep-2021||3|030115|1|1|1|| |2099.57|0.0| ||3|1275566200| |9999997494| |9999997494|||0|1| |2099.57|06-Sep-2021|1|1|A|10|0.0|0.0|0|4|2099.57|2099.57|0|0|0|0|0|0|0|0|0|0|0|0|0|||||06-Sep-2021|951.0|0|0||Z608|Z608|Y|N184|Y|F0280|N|M810|Y|N1830|Y|N182|Y|Z653|Y|E0922|N|Z940|Y|R809|Y|R809|Y|D4959|Y|D075|Y|E1121|Y|F1110|Y|R931|Y|E11319|Y|I259|Y|I4891|Y|R739|Y|E781|Y|E8881|Y|E119|Y|R7303|Y|D649|Y|W86|W86|Y| | | | | | | | | | | | | | | | | | | | | | |GZ3|06-Sep-2021|Z741|06-Sep-2021|F419|06-Sep-2021|Z1331|06-Sep-2021|Z1331|06-Sep-2021|||||||||||||||||||||||||||||||||||||||||0|0||1|450|99495|2.0|2021-09-07T00:00:00|hospital_A|hospital_A_20210906
SYN_BENE_E598312935B7|SYN_CLM_C8F2C77D7439|V|60|06-Sep-2021|06-Sep-2021|10-Sep-2021||3|030115|1|1|1|| |2099.57|0.0| ||3|1275566200| |9999997494| |9999997494|||0|1| |2099.57|06-Sep-2021|1|1|A|10|0.0|0.0|0|4|2099.57|2099.57|0|0|0|0|0|0|0|0|0|0|0|0|0|||||06-Sep-2021|951.0|0|0||Z608|Z608|Y|N184|Y|F0280|N|M810|Y|N1830|Y|N182|Y|Z653|Y|E0922|N|Z940|Y|R809|Y|R809|Y|D4959|Y|D075|Y|E1121|Y|F1110|Y|R931|Y|E11319|Y|I259|Y|I4891|Y|R739|Y|E781|Y|E8881|Y|E119|Y|R7303|Y|D649|Y|W86|W86|Y| | | | | | | | | | | | | | | | | | | | | | |GZ3|06-Sep-2021|Z741|06-Sep-2021|F419|06-Sep-2021|Z1331|06-Sep-2021|Z1331|06-Sep-2021|||||||||||||||||||||||||||||||||||||||||0|0||2|450|96156|2.0|2021-09-07T00:00:00|hospital_A|hospital_A_20210906
SYN_BENE_E598312935B7|SYN_CLM_C8F2C77D7439|V|60|06-Sep-2021|06-Sep-2021|10-Sep-2021||3|030115|1|1|1|| |2099.57|0.0| ||3|1275566200| |9999997494| |9999997494|||0|1| |2099.57|06-Sep-2021|1|1|A|10|0.0|0.0|0|4|2099.57|2099.57|0|0|0|0|0|0|0|0|0|0|0|0|0|||||06-Sep-2021|951.0|0|0||Z608|Z608|Y|N184|Y|F0280|N|M810|Y|N1830|Y|N182|Y|Z653|Y|E0922|N|Z940|Y|R809|Y|R809|Y|D4959|Y|D075|Y|E1121|Y|F1110|Y|R931|Y|E11319|Y|I259|Y|I4891|Y|R739|Y|E781|Y|E8881|Y|E119|Y|R7303|Y|D649|Y|W86|W86|Y| | | | | | | | | | | | | | | | | | | | | | |GZ3|06-Sep-2021|Z741|06-Sep-2021|F419|06-Sep-2021|Z1331|06-Sep-2021|Z1331|06-Sep-2021|||||||||||||||||||||||||||||||||||||||||0|0||3|450|96127|3.0|2021-09-07T00:00:00|hospital_A|hospital_A_20210906
SYN_BENE_E598312935B7|SYN_CLM_C8F2C77D7439|V|60|06-Sep-2021|06-Sep-2021|10-Sep-2021||3|030115|1|1|1|| |2099.57|0.0| ||3|1275566200| |9999997494| |9999997494|||0|1| |2099.57|06-Sep-2021|1|1|A|10|0.0|0.0|0|4|2099.57|2099.57|0|0|0|0|0|0|0|0|0|0|0|0|0|||||06-Sep-2021|951.0|0|0||Z608|Z608|Y|N184|Y|F0280|N|M810|Y|N1830|Y|N182|Y|Z653|Y|E0922|N|Z940|Y|R809|Y|R809|Y|D4959|Y|D075|Y|E1121|Y|F1110|Y|R931|Y|E11319|Y|I259|Y|I4891|Y|R739|Y|E781|Y|E8881|Y|E119|Y|R7303|Y|D649|Y|W86|W86|Y| | | | | | | | | | | | | | | | | | | | | | |GZ3|06-Sep-2021|Z741|06-Sep-2021|F419|06-Sep-2021|Z1331|06-Sep-2021|Z1331|06-Sep-2021|||||||||||||||||||||||||||||||||||||||||0|0||4|450|G0444|3.0|2021-09-07T00:00:00|hospital_A|hospital_A_20210906
SYN_BENE_E598312935B7|SYN_CLM_C8F2C77D7439|V|60|06-Sep-2021|06-Sep-2021|10-Sep-2021||3|030115|1|1|1|| |2099.57|0.0| ||3|1275566200| |9999997494| |9999997494|||0|1| |2099.57|06-Sep-2021|1|1|A|10|0.0|0.0|0|4|2099.57|2099.57|0|0|0|0|0|0|0|0|0|0|0|0|0|||||06-Sep-2021|951.0|0|0||Z608|Z608|Y|N184|Y|F0280|N|M810|Y|N1830|Y|N182|Y|Z653|Y|E0922|N|Z940|Y|R809|Y|R809|Y|D4959|Y|D075|Y|E1121|Y|F1110|Y|R931|Y|E11319|Y|I259|Y|I4891|Y|R739|Y|E781|Y|E8881|Y|E119|Y|R7303|Y|D649|Y|W86|W86|Y| | | | | | | | | | | | | | | | | | | | | | |GZ3|06-Sep-2021|Z741|06-Sep-2021|F419|06-Sep-2021|Z1331|06-Sep-2021|Z1331|06-Sep-2021|||||||||||||||||||||||||||||||||||||||||0|0||5|450|G0444|3.0|2021-09-07T00:00:00|hospital_A|hospital_A_20210906
SYN_BENE_37A0E393457E|SYN_CLM_DD4A30F57D91|V|60|06-Sep-2021|06-Sep-2021|10-Sep-2021||3|030115|1|1|1|| |2099.57|0.0| ||3|1275566200| |9999997494| |9999997494|||0|1| |2099.57|06-Sep-2021|1|1|A|10|0.0|0.0|0|4|2099.57|2099.57|0|0|0|0|0|0|0|0|0|0|0|0|0|||||06-Sep-2021|951.0|0|0||Z608|Z608|Y|N184|Y|F0280|N|M810|Y|N1830|Y|N182|Y|Z653|Y|E0922|N|Z940|Y|R809|Y|R809|Y|D4959|Y|D075|Y|E1121|Y|F1110|Y|R931|Y|E11319|Y|I259|Y|I4891|Y|R739|Y|E781|Y|E8881|Y|E119|Y|R7303|Y|D649|Y|W86|W86|Y| | | | | | | | | | | | | | | | | | | | | | |GZ3|06-Sep-2021|Z741|06-Sep-2021|F419|06-Sep-2021|Z1331|06-Sep-2021|Z1331|06-Sep-2021|||||||||||||||||||||||||||||||||||||||||0|0||1|450|99495|2.0|2021-09-07T00:00:00|hospital_A|hospital_A_20210906
SYN_BENE_37A0E393457E|SYN_CLM_DD4A30F57D91|V|60|06-Sep-2021|06-Sep-2021|10-Sep-2021||3|030115|1|1|1|| |2099.57|0.0| ||3|1275566200| |9999997494| |9999997494|||0|1| |2099.57|06-Sep-2021|1|1|A|10|0.0|0.0|0|4|2099.57|2099.57|0|0|0|0|0|0|0|0|0|0|0|0|0|||||06-Sep-2021|951.0|0|0||Z608|Z608|Y|N184|Y|F0280|N|M810|Y|N1830|Y|N182|Y|Z653|Y|E0922|N|Z940|Y|R809|Y|R809|Y|D4959|Y|D075|Y|E1121|Y|F1110|Y|R931|Y|E11319|Y|I259|Y|I4891|Y|R739|Y|E781|Y|E8881|Y|E119|Y|R7303|Y|D649|Y|W86|W86|Y| | | | | | | | | | | | | | | | | | | | | | |GZ3|06-Sep-2021|Z741|06-Sep-2021|F419|06-Sep-2021|Z1331|06-Sep-2021|Z1331|06-Sep-2021|||||||||||||||||||||||||||||||||||||||||0|0||2|450|96156|2.0|2021-09-07T00:00:00|hospital_A|hospital_A_20210906
SYN_BENE_37A0E393457E|SYN_CLM_DD4A30F57D91|V|60|06-Sep-2021|06-Sep-2021|10-Sep-2021||3|030115|1|1|1|| |2099.57|0.0| ||3|1275566200| |9999997494| |9999997494|||0|1| |2099.57|06-Sep-2021|1|1|A|10|0.0|0.0|0|4|2099.57|2099.57|0|0|0|0|0|0|0|0|0|0|0|0|0|||||06-Sep-2021|951.0|0|0||Z608|Z608|Y|N184|Y|F0280|N|M810|Y|N1830|Y|N182|Y|Z653|Y|E0922|N|Z940|Y|R809|Y|R809|Y|D4959|Y|D075|Y|E1121|Y|F1110|Y|R931|Y|E11319|Y|I259|Y|I4891|Y|R739|Y|E781|Y|E8881|Y|E119|Y|R7303|Y|D649|Y|W86|W86|Y| | | | | | | | | | | | | | | | | | | | | | |GZ3|06-Sep-2021|Z741|06-Sep-2021|F419|06-Sep-2021|Z1331|06-Sep-2021|Z1331|06-Sep-2021|||||||||||||||||||||||||||||||||||||||||0|0||3|450|96127|3.0|2021-09-07T00:00:00|hospital_A|hospital_A_20210906
SYN_BENE_37A0E393457E|SYN_CLM_DD4A30F57D91|V|60|06-Sep-2021|06-Sep-2021|10-Sep-2021||3|030115|1|1|1|| |2099.57|0.0| ||3|1275566200| |9999997494| |9999997494|||0|1| |2099.57|06-Sep-2021|1|1|A|10|0.0|0.0|0|4|2099.57|2099.57|0|0|0|0|0|0|0|0|0|0|0|0|0|||||06-Sep-2021|951.0|0|0||Z608|Z608|Y|N184|Y|F0280|N|M810|Y|N1830|Y|N182|Y|Z653|Y|E0922|N|Z940|Y|R809|Y|R809|Y|D4959|Y|D075|Y|E1121|Y|F1110|Y|R931|Y|E11319|Y|I259|Y|I4891|Y|R739|Y|E781|Y|E8881|Y|E119|Y|R7303|Y|D649|Y|W86|W86|Y| | | | | | | | | | | | | | | | | | | | | | |GZ3|06-Sep-2021|Z741|06-Sep-2021|F419|06-Sep-2021|Z1331|06-Sep-2021|Z1331|06-Sep-2021|||||||||||||||||||||||||||||||||||||||||0|0||4|450|G0444|3.0|2021-09-07T00:00:00|hospital_A|hospital_A_20210906
SYN_BENE_37A0E393457E|SYN_CLM_DD4A30F57D91|V|60|06-Sep-2021|06-Sep-2021|10-Sep-2021||3|030115|1|1|1|| |2099.57|0.0| ||3|1275566200| |9999997494| |9999997494|||0|1| |2099.57|06-Sep-2021|1|1|A|10|0.0|0.0|0|4|2099.57|2099.57|0|0|0|0|0|0|0|0|0|0|0|0|0|||||06-Sep-2021|951.0|0|0||Z608|Z608|Y|N184|Y|F0280|N|M810|Y|N1830|Y|N182|Y|Z653|Y|E0922|N|Z940|Y|R809|Y|R809|Y|D4959|Y|D075|Y|E1121|Y|F1110|Y|R931|Y|E11319|Y|I259|Y|I4891|Y|R739|Y|E781|Y|E8881|Y|E119|Y|R7303|Y|D649|Y|W86|W86|Y| | | | | | | | | | | | | | | | | | | | | | |GZ3|06-Sep-2021|Z741|06-Sep-2021|F419|06-Sep-2021|Z1331|06-Sep-2021|Z1331|06-Sep-2021|||||||||||||||||||||||||||||||||||||||||0|0||5|450|G0444|3.0|2021-09-07T00:00:00|hospital_A|hospital_A_20210906
SYN_BENE_F2AEA8D40890|SYN_CLM_840C6023B4A5|V|60|06-Sep-2021|06-Sep-2021|10-Sep-2021||3|030115|1|1|1|| |2099.57|0.0| ||3|1275566200| |9999997494| |9999997494|||0|1| |2099.57|06-Sep-2021|1|1|A|10|0.0|0.0|0|4|2099.57|2099.57|0|0|0|0|0|0|0|0|0|0|0|0|0|||||06-Sep-2021|951.0|0|0||Z608|Z608|Y|N184|Y|F0280|N|M810|Y|N1830|Y|N182|Y|Z653|Y|E0922|N|Z940|Y|R809|Y|R809|Y|D4959|Y|D075|Y|E1121|Y|F1110|Y|R931|Y|E11319|Y|I259|Y|I4891|Y|R739|Y|E781|Y|E8881|Y|E119|Y|R7303|Y|D649|Y|W86|W86|Y| | | | | | | | | | | | | | | | | | | | | | |GZ3|06-Sep-2021|Z741|06-Sep-2021|F419|06-Sep-2021|Z1331|06-Sep-2021|Z1331|06-Sep-2021|||||||||||||||||||||||||||||||||||||||||0|0||1|450|99495|2.0|2021-09-07T00:00:00|hospital_A|hospital_A_20210906
SYN_BENE_F2AEA8D40890|SYN_CLM_840C6023B4A5|V|60|06-Sep-2021|06-Sep-2021|10-Sep-2021||3|030115|1|1|1|| |2099.57|0.0| ||3|1275566200| |9999997494| |9999997494|||0|1| |2099.57|06-Sep-2021|1|1|A|10|0.0|0.0|0|4|2099.57|2099.57|0|0|0|0|0|0|0|0|0|0|0|0|0|||||06-Sep-2021|951.0|0|0||Z608|Z608|Y|N184|Y|F0280|N|M810|Y|N1830|Y|N182|Y|Z653|Y|E0922|N|Z940|Y|R809|Y|R809|Y|D4959|Y|D075|Y|E1121|Y|F1110|Y|R931|Y|E11319|Y|I259|Y|I4891|Y|R739|Y|E781|Y|E8881|Y|E119|Y|R7303|Y|D649|Y|W86|W86|Y| | | | | | | | | | | | | | | | | | | | | | |GZ3|06-Sep-2021|Z741|06-Sep-2021|F419|06-Sep-2021|Z1331|06-Sep-2021|Z1331|06-Sep-2021|||||||||||||||||||||||||||||||||||||||||0|0||2|450|96156|2.0|2021-09-07T00:00:00|hospital_A|hospital_A_20210906
SYN_BENE_F2AEA8D40890|SYN_CLM_840C6023B4A5|V|60|06-Sep-2021|06-Sep-2021|10-Sep-2021||3|030115|1|1|1|| |2099.57|0.0| ||3|1275566200| |9999997494| |9999997494|||0|1| |2099.57|06-Sep-2021|1|1|A|10|0.0|0.0|0|4|2099.57|2099.57|0|0|0|0|0|0|0|0|0|0|0|0|0|||||06-Sep-2021|951.0|0|0||Z608|Z608|Y|N184|Y|F0280|N|M810|Y|N1830|Y|N182|Y|Z653|Y|E0922|N|Z940|Y|R809|Y|R809|Y|D4959|Y|D075|Y|E1121|Y|F1110|Y|R931|Y|E11319|Y|I259|Y|I4891|Y|R739|Y|E781|Y|E8881|Y|E119|Y|R7303|Y|D649|Y|W86|W86|Y| | | | | | | | | | | | | | | | | | | | | | |GZ3|06-Sep-2021|Z741|06-Sep-2021|F419|06-Sep-2021|Z1331|06-Sep-2021|Z1331|06-Sep-2021|||||||||||||||||||||||||||||||||||||||||0|0||3|450|96127|3.0|2021-09-07T00:00:00|hospital_A|hospital_A_20210906
SYN_BENE_F2AEA8D40890|SYN_CLM_840C6023B4A5|V|60|06-Sep-2021|06-Sep-2021|10-Sep-2021||3|030115|1|1|1|| |2099.57|0.0| ||3|1275566200| |9999997494| |9999997494|||0|1| |2099.57|06-Sep-2021|1|1|A|10|0.0|0.0|0|4|2099.57|2099.57|0|0|0|0|0|0|0|0|0|0|0|0|0|||||06-Sep-2021|951.0|0|0||Z608|Z608|Y|N184|Y|F0280|N|M810|Y|N1830|Y|N182|Y|Z653|Y|E0922|N|Z940|Y|R809|Y|R809|Y|D4959|Y|D075|Y|E1121|Y|F1110|Y|R931|Y|E11319|Y|I259|Y|I4891|Y|R739|Y|E781|Y|E8881|Y|E119|Y|R7303|Y|D649|Y|W86|W86|Y| | | | | | | | | | | | | | | | | | | | | | |GZ3|06-Sep-2021|Z741|06-Sep-2021|F419|06-Sep-2021|Z1331|06-Sep-2021|Z1331|06-Sep-2021|||||||||||||||||||||||||||||||||||||||||0|0||4|450|G0444|3.0|2021-09-07T00:00:00|hospital_A|hospital_A_20210906
SYN_BENE_F2AEA8D40890|SYN_CLM_840C6023B4A5|V|60|06-Sep-2021|06-Sep-2021|10-Sep-2021||3|030115|1|1|1|| |2099.57|0.0| ||3|1275566200| |9999997494| |9999997494|||0|1| |2099.57|06-Sep-2021|1|1|A|10|0.0|0.0|0|4|2099.57|2099.57|0|0|0|0|0|0|0|0|0|0|0|0|0|||||06-Sep-2021|951.0|0|0||Z608|Z608|Y|N184|Y|F0280|N|M810|Y|N1830|Y|N182|Y|Z653|Y|E0922|N|Z940|Y|R809|Y|R809|Y|D4959|Y|D075|Y|E1121|Y|F1110|Y|R931|Y|E11319|Y|I259|Y|I4891|Y|R739|Y|E781|Y|E8881|Y|E119|Y|R7303|Y|D649|Y|W86|W86|Y| | | | | | | | | | | | | | | | | | | | | | |GZ3|06-Sep-2021|Z741|06-Sep-2021|F419|06-Sep-2021|Z1331|06-Sep-2021|Z1331|06-Sep-2021|||||||||||||||||||||||||||||||||||||||||0|0||5|450|G0444|3.0|2021-09-07T00:00:00|hospital_A|hospital_A_20210906
SYN_BENE_9F58321AA183|SYN_CLM_AA32B78D81EB|V|60|06-Sep-2021|06-Sep-2021|10-Sep-2021||3|030115|1|1|1|| |2099.57|0.0| ||3|1275566200| |9999997494| |9999997494|||0|1| |2099.57|06-Sep-2021|1|1|A|10|0.0|0.0|0|4|2099.57|2099.57|0|0|0|0|0|0|0|0|0|0|0|0|0|||||06-Sep-2021|951.0|0|0||Z608|Z608|Y|N184|Y|F0280|N|M810|Y|N1830|Y|N182|Y|Z653|Y|E0922|N|Z940|Y|R809|Y|R809|Y|D4959|Y|D075|Y|E1121|Y|F1110|Y|R931|Y|E11319|Y|I259|Y|I4891|Y|R739|Y|E781|Y|E8881|Y|E119|Y|R7303|Y|D649|Y|W86|W86|Y| | | | | | | | | | | | | | | | | | | | | | |GZ3|06-Sep-2021|Z741|06-Sep-2021|F419|06-Sep-2021|Z1331|06-Sep-2021|Z1331|06-Sep-2021|||||||||||||||||||||||||||||||||||||||||0|0||1|450|99495|2.0|2021-09-07T00:00:00|hospital_A|hospital_A_20210906
SYN_BENE_9F58321AA183|SYN_CLM_AA32B78D81EB|V|60|06-Sep-2021|06-Sep-2021|10-Sep-2021||3|030115|1|1|1|| |2099.57|0.0| ||3|1275566200| |9999997494| |9999997494|||0|1| |2099.57|06-Sep-2021|1|1|A|10|0.0|0.0|0|4|2099.57|2099.57|0|0|0|0|0|0|0|0|0|0|0|0|0|||||06-Sep-2021|951.0|0|0||Z608|Z608|Y|N184|Y|F0280|N|M810|Y|N1830|Y|N182|Y|Z653|Y|E0922|N|Z940|Y|R809|Y|R809|Y|D4959|Y|D075|Y|E1121|Y|F1110|Y|R931|Y|E11319|Y|I259|Y|I4891|Y|R739|Y|E781|Y|E8881|Y|E119|Y|R7303|Y|D649|Y|W86|W86|Y| | | | | | | | | | | | | | | | | | | | | | |GZ3|06-Sep-2021|Z741|06-Sep-2021|F419|06-Sep-2021|Z1331|06-Sep-2021|Z1331|06-Sep-2021|||||||||||||||||||||||||||||||||||||||||0|0||2|450|96156|2.0|2021-09-07T00:00:00|hospital_A|hospital_A_20210906
SYN_BENE_9F58321AA183|SYN_CLM_AA32B78D81EB|V|60|06-Sep-2021|06-Sep-2021|10-Sep-2021||3|030115|1|1|1|| |2099.57|0.0| ||3|1275566200| |9999997494| |9999997494|||0|1| |2099.57|06-Sep-2021|1|1|A|10|0.0|0.0|0|4|2099.57|2099.57|0|0|0|0|0|0|0|0|0|0|0|0|0|||||06-Sep-2021|951.0|0|0||Z608|Z608|Y|N184|Y|F0280|N|M810|Y|N1830|Y|N182|Y|Z653|Y|E0922|N|Z940|Y|R809|Y|R809|Y|D4959|Y|D075|Y|E1121|Y|F1110|Y|R931|Y|E11319|Y|I259|Y|I4891|Y|R739|Y|E781|Y|E8881|Y|E119|Y|R7303|Y|D649|Y|W86|W86|Y| | | | | | | | | | | | | | | | | | | | | | |GZ3|06-Sep-2021|Z741|06-Sep-2021|F419|06-Sep-2021|Z1331|06-Sep-2021|Z1331|06-Sep-2021|||||||||||||||||||||||||||||||||||||||||0|0||3|450|96127|3.0|2021-09-07T00:00:00|hospital_A|hospital_A_20210906
SYN_BENE_9F58321AA183|SYN_CLM_AA32B78D81EB|V|60|06-Sep-2021|06-Sep-2021|10-Sep-2021||3|030115|1|1|1|| |2099.57|0.0| ||3|1275566200| |9999997494| |9999997494|||0|1| |2099.57|06-Sep-2021|1|1|A|10|0.0|0.0|0|4|2099.57|2099.57|0|0|0|0|0|0|0|0|0|0|0|0|0|||||06-Sep-2021|951.0|0|0||Z608|Z608|Y|N184|Y|F0280|N|M810|Y|N1830|Y|N182|Y|Z653|Y|E0922|N|Z940|Y|R809|Y|R809|Y|D4959|Y|D075|Y|E1121|Y|F1110|Y|R931|Y|E11319|Y|I259|Y|I4891|Y|R739|Y|E781|Y|E8881|Y|E119|Y|R7303|Y|D649|Y|W86|W86|Y| | | | | | | | | | | | | | | | | | | | | | |GZ3|06-Sep-2021|Z741|06-Sep-2021|F419|06-Sep-2021|Z1331|06-Sep-2021|Z1331|06-Sep-2021|||||||||||||||||||||||||||||||||||||||||0|0||4|450|G0444|3.0|2021-09-07T00:00:00|hospital_A|hospital_A_20210906
SYN_BENE_9F58321AA183|SYN_CLM_AA32B78D81EB|V|60|06-Sep-2021|06-Sep-2021|10-Sep-2021||3|030115|1|1|1|| |2099.57|0.0| ||3|1275566200| |9999997494| |9999997494|||0|1| |2099.57|06-Sep-2021|1|1|A|10|0.0|0.0|0|4|2099.57|2099.57|0|0|0|0|0|0|0|0|0|0|0|0|0|||||06-Sep-2021|951.0|0|0||Z608|Z608|Y|N184|Y|F0280|N|M810|Y|N1830|Y|N182|Y|Z653|Y|E0922|N|Z940|Y|R809|Y|R809|Y|D4959|Y|D075|Y|E1121|Y|F1110|Y|R931|Y|E11319|Y|I259|Y|I4891|Y|R739|Y|E781|Y|E8881|Y|E119|Y|R7303|Y|D649|Y|W86|W86|Y| | | | | | | | | | | | | | | | | | | | | | |GZ3|06-Sep-2021|Z741|06-Sep-2021|F419|06-Sep-2021|Z1331|06-Sep-2021|Z1331|06-Sep-2021|||||||||||||||||||||||||||||||||||||||||0|0||5|450|G0444|3.0|2021-09-07T00:00:00|hospital_A|hospital_A_20210906
SYN_BENE_D64CC8385C66|SYN_CLM_3D452804307E|V|60|06-Sep-2021|06-Sep-2021|10-Sep-2021||3|030115|1|1|1|| |2099.57|0.0| ||3|1275566200| |9999997494| |9999997494|||0|1| |2099.57|06-Sep-2021|1|1|A|10|0.0|0.0|0|4|2099.57|2099.57|0|0|0|0|0|0|0|0|0|0|0|0|0|||||06-Sep-2021|951.0|0|0||Z608|Z608|Y|N184|Y|F0280|N|M810|Y|N1830|Y|N182|Y|Z653|Y|E0922|N|Z940|Y|R809|Y|R809|Y|D4959|Y|D075|Y|E1121|Y|F1110|Y|R931|Y|E11319|Y|I259|Y|I4891|Y|R739|Y|E781|Y|E8881|Y|E119|Y|R7303|Y|D649|Y|W86|W86|Y| | | | | | | | | | | | | | | | | | | | | | |GZ3|06-Sep-2021|Z741|06-Sep-2021|F419|06-Sep-2021|Z1331|06-Sep-2021|Z1331|06-Sep-2021|||||||||||||||||||||||||||||||||||||||||0|0||1|450|99495|2.0|2021-09-07T00:00:00|hospital_A|hospital_A_20210906
SYN_BENE_D64CC8385C66|SYN_CLM_3D452804307E|V|60|06-Sep-2021|06-Sep-2021|10-Sep-2021||3|030115|1|1|1|| |2099.57|0.0| ||3|1275566200| |9999997494| |9999997494|||0|1| |2099.57|06-Sep-2021|1|1|A|10|0.0|0.0|0|4|2099.57|2099.57|0|0|0|0|0|0|0|0|0|0|0|0|0|||||06-Sep-2021|951.0|0|0||Z608|Z608|Y|N184|Y|F0280|N|M810|Y|N1830|Y|N182|Y|Z653|Y|E0922|N|Z940|Y|R809|Y|R809|Y|D4959|Y|D075|Y|E1121|Y|F1110|Y|R931|Y|E11319|Y|I259|Y|I4891|Y|R739|Y|E781|Y|E8881|Y|E119|Y|R7303|Y|D649|Y|W86|W86|Y| | | | | | | | | | | | | | | | | | | | | | |GZ3|06-Sep-2021|Z741|06-Sep-2021|F419|06-Sep-2021|Z1331|06-Sep-2021|Z1331|06-Sep-2021|||||||||||||||||||||||||||||||||||||||||0|0||2|450|96156|2.0|2021-09-07T00:00:00|hospital_A|hospital_A_20210906
SYN_BENE_D64CC8385C66|SYN_CLM_3D452804307E|V|60|06-Sep-2021|06-Sep-2021|10-Sep-2021||3|030115|1|1|1|| |2099.57|0.0| ||3|1275566200| |9999997494| |9999997494|||0|1| |2099.57|06-Sep-2021|1|1|A|10|0.0|0.0|0|4|2099.57|2099.57|0|0|0|0|0|0|0|0|0|0|0|0|0|||||06-Sep-2021|951.0|0|0||Z608|Z608|Y|N184|Y|F0280|N|M810|Y|N1830|Y|N182|Y|Z653|Y|E0922|N|Z940|Y|R809|Y|R809|Y|D4959|Y|D075|Y|E1121|Y|F1110|Y|R931|Y|E11319|Y|I259|Y|I4891|Y|R739|Y|E781|Y|E8881|Y|E119|Y|R7303|Y|D649|Y|W86|W86|Y| | | | | | | | | | | | | | | | | | | | | | |GZ3|06-Sep-2021|Z741|06-Sep-2021|F419|06-Sep-2021|Z1331|06-Sep-2021|Z1331|06-Sep-2021|||||||||||||||||||||||||||||||||||||||||0|0||3|450|96127|3.0|2021-09-07T00:00:00|hospital_A|hospital_A_20210906
SYN_BENE_D64CC8385C66|SYN_CLM_3D452804307E|V|60|06-Sep-2021|06-Sep-2021|10-Sep-2021||3|030115|1|1|1|| |2099.57|0.0| ||3|1275566200| |9999997494| |9999997494|||0|1| |2099.57|06-Sep-2021|1|1|A|10|0.0|0.0|0|4|2099.57|2099.57|0|0|0|0|0|0|0|0|0|0|0|0|0|||||06-Sep-2021|951.0|0|0||Z608|Z608|Y|N184|Y|F0280|N|M810|Y|N1830|Y|N182|Y|Z653|Y|E0922|N|Z940|Y|R809|Y|R809|Y|D4959|Y|D075|Y|E1121|Y|F1110|Y|R931|Y|E11319|Y|I259|Y|I4891|Y|R739|Y|E781|Y|E8881|Y|E119|Y|R7303|Y|D649|Y|W86|W86|Y| | | | | | | | | | | | | | | | | | | | | | |GZ3|06-Sep-2021|Z741|06-Sep-2021|F419|06-Sep-2021|Z1331|06-Sep-2021|Z1331|06-Sep-2021|||||||||||||||||||||||||||||||||||||||||0|0||4|450|G0444|3.0|2021-09-07T00:00:00|hospital_A|hospital_A_20210906
SYN_BENE_D64CC8385C66|SYN_CLM_3D452804307E|V|60|06-Sep-2021|06-Sep-2021|10-Sep-2021||3|030115|1|1|1|| |2099.57|0.0| ||3|1275566200| |9999997494| |9999997494|||0|1| |2099.57|06-Sep-2021|1|1|A|10|0.0|0.0|0|4|2099.57|2099.57|0|0|0|0|0|0|0|0|0|0|0|0|0|||||06-Sep-2021|951.0|0|0||Z608|Z608|Y|N184|Y|F0280|N|M810|Y|N1830|Y|N182|Y|Z653|Y|E0922|N|Z940|Y|R809|Y|R809|Y|D4959|Y|D075|Y|E1121|Y|F1110|Y|R931|Y|E11319|Y|I259|Y|I4891|Y|R739|Y|E781|Y|E8881|Y|E119|Y|R7303|Y|D649|Y|W86|W86|Y| | | | | | | | | | | | | | | | | | | | | | |GZ3|06-Sep-2021|Z741|06-Sep-2021|F419|06-Sep-2021|Z1331|06-Sep-2021|Z1331|06-Sep-2021|||||||||||||||||||||||||||||||||||||||||0|0||5|450|G0444|3.0|2021-09-07T00:00:00|hospital_A|hospital_A_20210906
SYN_BENE_4D4ECDB9710A|SYN_CLM_50AD8414A8D8|V|60|06-Sep-2021|06-Sep-2021|10-Sep-2021||3|030115|1|1|1|| |2099.57|0.0| ||3|1275566200| |9999997494| |9999997494|||0|1| |2099.57|06-Sep-2021|1|1|A|10|0.0|0.0|0|4|2099.57|2099.57|0|0|0|0|0|0|0|0|0|0|0|0|0|||||06-Sep-2021|951.0|0|0||Z608|Z608|Y|N184|Y|F0280|N|M810|Y|N1830|Y|N182|Y|Z653|Y|E0922|N|Z940|Y|R809|Y|R809|Y|D4959|Y|D075|Y|E1121|Y|F1110|Y|R931|Y|E11319|Y|I259|Y|I4891|Y|R739|Y|E781|Y|E8881|Y|E119|Y|R7303|Y|D649|Y|W86|W86|Y| | | | | | | | | | | | | | | | | | | | | | |GZ3|06-Sep-2021|Z741|06-Sep-2021|F419|06-Sep-2021|Z1331|06-Sep-2021|Z1331|06-Sep-2021|||||||||||||||||||||||||||||||||||||||||0|0||1|450|99495|2.0|2021-09-07T00:00:00|hospital_A|hospital_A_20210906
SYN_BENE_4D4ECDB9710A|SYN_CLM_50AD8414A8D8|V|60|06-Sep-2021|06-Sep-2021|10-Sep-2021||3|030115|1|1|1|| |2099.57|0.0| ||3|1275566200| |9999997494| |9999997494|||0|1| |2099.57|06-Sep-2021|1|1|A|10|0.0|0.0|0|4|2099.57|2099.57|0|0|0|0|0|0|0|0|0|0|0|0|0|||||06-Sep-2021|951.0|0|0||Z608|Z608|Y|N184|Y|F0280|N|M810|Y|N1830|Y|N182|Y|Z653|Y|E0922|N|Z940|Y|R809|Y|R809|Y|D4959|Y|D075|Y|E1121|Y|F1110|Y|R931|Y|E11319|Y|I259|Y|I4891|Y|R739|Y|E781|Y|E8881|Y|E119|Y|R7303|Y|D649|Y|W86|W86|Y| | | | | | | | | | | | | | | | | | | | | | |GZ3|06-Sep-2021|Z741|06-Sep-2021|F419|06-Sep-2021|Z1331|06-Sep-2021|Z1331|06-Sep-2021|||||||||||||||||||||||||||||||||||||||||0|0||2|450|96156|2.0|2021-09-07T00:00:00|hospital_A|hospital_A_20210906
SYN_BENE_4D4ECDB9710A|SYN_CLM_50AD8414A8D8|V|60|06-Sep-2021|06-Sep-2021|10-Sep-2021||3|030115|1|1|1|| |2099.57|0.0| ||3|1275566200| |9999997494| |9999997494|||0|1| |2099.57|06-Sep-2021|1|1|A|10|0.0|0.0|0|4|2099.57|2099.57|0|0|0|0|0|0|0|0|0|0|0|0|0|||||06-Sep-2021|951.0|0|0||Z608|Z608|Y|N184|Y|F0280|N|M810|Y|N1830|Y|N182|Y|Z653|Y|E0922|N|Z940|Y|R809|Y|R809|Y|D4959|Y|D075|Y|E1121|Y|F1110|Y|R931|Y|E11319|Y|I259|Y|I4891|Y|R739|Y|E781|Y|E8881|Y|E119|Y|R7303|Y|D649|Y|W86|W86|Y| | | | | | | | | | | | | | | | | | | | | | |GZ3|06-Sep-2021|Z741|06-Sep-2021|F419|06-Sep-2021|Z1331|06-Sep-2021|Z1331|06-Sep-2021|||||||||||||||||||||||||||||||||||||||||0|0||3|450|96127|3.0|2021-09-07T00:00:00|hospital_A|hospital_A_20210906
SYN_BENE_4D4ECDB9710A|SYN_CLM_50AD8414A8D8|V|60|06-Sep-2021|06-Sep-2021|10-Sep-2021||3|030115|1|1|1|| |2099.57|0.0| ||3|1275566200| |9999997494| |9999997494|||0|1| |2099.57|06-Sep-2021|1|1|A|10|0.0|0.0|0|4|2099.57|2099.57|0|0|0|0|0|0|0|0|0|0|0|0|0|||||06-Sep-2021|951.0|0|0||Z608|Z608|Y|N184|Y|F0280|N|M810|Y|N1830|Y|N182|Y|Z653|Y|E0922|N|Z940|Y|R809|Y|R809|Y|D4959|Y|D075|Y|E1121|Y|F1110|Y|R931|Y|E11319|Y|I259|Y|I4891|Y|R739|Y|E781|Y|E8881|Y|E119|Y|R7303|Y|D649|Y|W86|W86|Y| | | | | | | | | | | | | | | | | | | | | | |GZ3|06-Sep-2021|Z741|06-Sep-2021|F419|06-Sep-2021|Z1331|06-Sep-2021|Z1331|06-Sep-2021|||||||||||||||||||||||||||||||||||||||||0|0||4|450|G0444|3.0|2021-09-07T00:00:00|hospital_A|hospital_A_20210906
SYN_BENE_4D4ECDB9710A|SYN_CLM_50AD8414A8D8|V|60|06-Sep-2021|06-Sep-2021|10-Sep-2021||3|030115|1|1|1|| |2099.57|0.0| ||3|1275566200| |9999997494| |9999997494|||0|1| |2099.57|06-Sep-2021|1|1|A|10|0.0|0.0|0|4|2099.57|2099.57|0|0|0|0|0|0|0|0|0|0|0|0|0|||||06-Sep-2021|951.0|0|0||Z608|Z608|Y|N184|Y|F0280|N|M810|Y|N1830|Y|N182|Y|Z653|Y|E0922|N|Z940|Y|R809|Y|R809|Y|D4959|Y|D075|Y|E1121|Y|F1110|Y|R931|Y|E11319|Y|I259|Y|I4891|Y|R739|Y|E781|Y|E8881|Y|E119|Y|R7303|Y|D649|Y|W86|W86|Y| | | | | | | | | | | | | | | | | | | | | | |GZ3|06-Sep-2021|Z741|06-Sep-2021|F419|06-Sep-2021|Z1331|06-Sep-2021|Z1331|06-Sep-2021|||||||||||||||||||||||||||||||||||||||||0|0||5|450|G0444|3.0|2021-09-07T00:00:00|hospital_A|hospital_A_20210906
SYN_BENE_8357123A47B6|SYN_CLM_D03AC62CEBE1|V|60|06-Sep-2021|06-Sep-2021|10-Sep-2021||3|030115|1|1|1|| |2099.57|0.0| ||3|1275566200| |9999997494| |9999997494|||0|1| |2099.57|06-Sep-2021|1|1|A|10|0.0|0.0|0|4|2099.57|2099.57|0|0|0|0|0|0|0|0|0|0|0|0|0|||||06-Sep-2021|951.0|0|0||Z608|Z608|Y|N184|Y|F0280|N|M810|Y|N1830|Y|N182|Y|Z653|Y|E0922|N|Z940|Y|R809|Y|R809|Y|D4959|Y|D075|Y|E1121|Y|F1110|Y|R931|Y|E11319|Y|I259|Y|I4891|Y|R739|Y|E781|Y|E8881|Y|E119|Y|R7303|Y|D649|Y|W86|W86|Y| | | | | | | | | | | | | | | | | | | | | | |GZ3|06-Sep-2021|Z741|06-Sep-2021|F419|06-Sep-2021|Z1331|06-Sep-2021|Z1331|06-Sep-2021|||||||||||||||||||||||||||||||||||||||||0|0||1|450|99495|2.0|2021-09-07T00:00:00|hospital_A|hospital_A_20210906
SYN_BENE_8357123A47B6|SYN_CLM_D03AC62CEBE1|V|60|06-Sep-2021|06-Sep-2021|10-Sep-2021||3|030115|1|1|1|| |2099.57|0.0| ||3|1275566200| |9999997494| |9999997494|||0|1| |2099.57|06-Sep-2021|1|1|A|10|0.0|0.0|0|4|2099.57|2099.57|0|0|0|0|0|0|0|0|0|0|0|0|0|||||06-Sep-2021|951.0|0|0||Z608|Z608|Y|N184|Y|F0280|N|M810|Y|N1830|Y|N182|Y|Z653|Y|E0922|N|Z940|Y|R809|Y|R809|Y|D4959|Y|D075|Y|E1121|Y|F1110|Y|R931|Y|E11319|Y|I259|Y|I4891|Y|R739|Y|E781|Y|E8881|Y|E119|Y|R7303|Y|D649|Y|W86|W86|Y| | | | | | | | | | | | | | | | | | | | | | |GZ3|06-Sep-2021|Z741|06-Sep-2021|F419|06-Sep-2021|Z1331|06-Sep-2021|Z1331|06-Sep-2021|||||||||||||||||||||||||||||||||||||||||0|0||2|450|96156|2.0|2021-09-07T00:00:00|hospital_A|hospital_A_20210906
SYN_BENE_8357123A47B6|SYN_CLM_D03AC62CEBE1|V|60|06-Sep-2021|06-Sep-2021|10-Sep-2021||3|030115|1|1|1|| |2099.57|0.0| ||3|1275566200| |9999997494| |9999997494|||0|1| |2099.57|06-Sep-2021|1|1|A|10|0.0|0.0|0|4|2099.57|2099.57|0|0|0|0|0|0|0|0|0|0|0|0|0|||||06-Sep-2021|951.0|0|0||Z608|Z608|Y|N184|Y|F0280|N|M810|Y|N1830|Y|N182|Y|Z653|Y|E0922|N|Z940|Y|R809|Y|R809|Y|D4959|Y|D075|Y|E1121|Y|F1110|Y|R931|Y|E11319|Y|I259|Y|I4891|Y|R739|Y|E781|Y|E8881|Y|E119|Y|R7303|Y|D649|Y|W86|W86|Y| | | | | | | | | | | | | | | | | | | | | | |GZ3|06-Sep-2021|Z741|06-Sep-2021|F419|06-Sep-2021|Z1331|06-Sep-2021|Z1331|06-Sep-2021|||||||||||||||||||||||||||||||||||||||||0|0||3|450|96127|3.0|2021-09-07T00:00:00|hospital_A|hospital_A_20210906
SYN_BENE_8357123A47B6|SYN_CLM_D03AC62CEBE1|V|60|06-Sep-2021|06-Sep-2021|10-Sep-2021||3|030115|1|1|1|| |2099.57|0.0| ||3|1275566200| |9999997494| |9999997494|||0|1| |2099.57|06-Sep-2021|1|1|A|10|0.0|0.0|0|4|2099.57|2099.57|0|0|0|0|0|0|0|0|0|0|0|0|0|||||06-Sep-2021|951.0|0|0||Z608|Z608|Y|N184|Y|F0280|N|M810|Y|N1830|Y|N182|Y|Z653|Y|E0922|N|Z940|Y|R809|Y|R809|Y|D4959|Y|D075|Y|E1121|Y|F1110|Y|R931|Y|E11319|Y|I259|Y|I4891|Y|R739|Y|E781|Y|E8881|Y|E119|Y|R7303|Y|D649|Y|W86|W86|Y| | | | | | | | | | | | | | | | | | | | | | |GZ3|06-Sep-2021|Z741|06-Sep-2021|F419|06-Sep-2021|Z1331|06-Sep-2021|Z1331|06-Sep-2021|||||||||||||||||||||||||||||||||||||||||0|0||4|450|G0444|3.0|2021-09-07T00:00:00|hospital_A|hospital_A_20210906
SYN_BENE_8357123A47B6|SYN_CLM_D03AC62CEBE1|V|60|06-Sep-2021|06-Sep-2021|10-Sep-2021||3|030115|1|1|1|| |2099.57|0.0| ||3|1275566200| |9999997494| |9999997494|||0|1| |2099.57|06-Sep-2021|1|1|A|10|0.0|0.0|0|4|2099.57|2099.57|0|0|0|0|0|0|0|0|0|0|0|0|0|||||06-Sep-2021|951.0|0|0||Z608|Z608|Y|N184|Y|F0280|N|M810|Y|N1830|Y|N182|Y|Z653|Y|E0922|N|Z940|Y|R809|Y|R809|Y|D4959|Y|D075|Y|E1121|Y|F1110|Y|R931|Y|E11319|Y|I259|Y|I4891|Y|R739|Y|E781|Y|E8881|Y|E119|Y|R7303|Y|D649|Y|W86|W86|Y| | | | | | | | | | | | | | | | | | | | | | |GZ3|06-Sep-2021|Z741|06-Sep-2021|F419|06-Sep-2021|Z1331|06-Sep-2021|Z1331|06-Sep-2021|||||||||||||||||||||||||||||||||||||||||0|0||5|450|G0444|3.0|2021-09-07T00:00:00|hospital_A|hospital_A_20210906
SYN_BENE_23A48B6F8F5A|SYN_CLM_4DFC9062FECC|V|60|06-Sep-2021|06-Sep-2021|10-Sep-2021||3|030115|1|1|1|| |2099.57|0.0| ||3|1275566200| |9999997494| |9999997494|||0|1| |2099.57|06-Sep-2021|1|1|A|10|0.0|0.0|0|4|2099.57|2099.57|0|0|0|0|0|0|0|0|0|0|0|0|0|||||06-Sep-2021|951.0|0|0||Z608|Z608|Y|N184|Y|F0280|N|M810|Y|N1830|Y|N182|Y|Z653|Y|E0922|N|Z940|Y|R809|Y|R809|Y|D4959|Y|D075|Y|E1121|Y|F1110|Y|R931|Y|E11319|Y|I259|Y|I4891|Y|R739|Y|E781|Y|E8881|Y|E119|Y|R7303|Y|D649|Y|W86|W86|Y| | | | | | | | | | | | | | | | | | | | | | |GZ3|06-Sep-2021|Z741|06-Sep-2021|F419|06-Sep-2021|Z1331|06-Sep-2021|Z1331|06-Sep-2021|||||||||||||||||||||||||||||||||||||||||0|0||1|450|99495|2.0|2021-09-07T00:00:00|hospital_A|hospital_A_20210906
SYN_BENE_23A48B6F8F5A|SYN_CLM_4DFC9062FECC|V|60|06-Sep-2021|06-Sep-2021|10-Sep-2021||3|030115|1|1|1|| |2099.57|0.0| ||3|1275566200| |9999997494| |9999997494|||0|1| |2099.57|06-Sep-2021|1|1|A|10|0.0|0.0|0|4|2099.57|2099.57|0|0|0|0|0|0|0|0|0|0|0|0|0|||||06-Sep-2021|951.0|0|0||Z608|Z608|Y|N184|Y|F0280|N|M810|Y|N1830|Y|N182|Y|Z653|Y|E0922|N|Z940|Y|R809|Y|R809|Y|D4959|Y|D075|Y|E1121|Y|F1110|Y|R931|Y|E11319|Y|I259|Y|I4891|Y|R739|Y|E781|Y|E8881|Y|E119|Y|R7303|Y|D649|Y|W86|W86|Y| | | | | | | | | | | | | | | | | | | | | | |GZ3|06-Sep-2021|Z741|06-Sep-2021|F419|06-Sep-2021|Z1331|06-Sep-2021|Z1331|06-Sep-2021|||||||||||||||||||||||||||||||||||||||||0|0||2|450|96156|2.0|2021-09-07T00:00:00|hospital_A|hospital_A_20210906
SYN_BENE_23A48B6F8F5A|SYN_CLM_4DFC9062FECC|V|60|06-Sep-2021|06-Sep-2021|10-Sep-2021||3|030115|1|1|1|| |2099.57|0.0| ||3|1275566200| |9999997494| |9999997494|||0|1| |2099.57|06-Sep-2021|1|1|A|10|0.0|0.0|0|4|2099.57|2099.57|0|0|0|0|0|0|0|0|0|0|0|0|0|||||06-Sep-2021|951.0|0|0||Z608|Z608|Y|N184|Y|F0280|N|M810|Y|N1830|Y|N182|Y|Z653|Y|E0922|N|Z940|Y|R809|Y|R809|Y|D4959|Y|D075|Y|E1121|Y|F1110|Y|R931|Y|E11319|Y|I259|Y|I4891|Y|R739|Y|E781|Y|E8881|Y|E119|Y|R7303|Y|D649|Y|W86|W86|Y| | | | | | | | | | | | | | | | | | | | | | |GZ3|06-Sep-2021|Z741|06-Sep-2021|F419|06-Sep-2021|Z1331|06-Sep-2021|Z1331|06-Sep-2021|||||||||||||||||||||||||||||||||||||||||0|0||3|450|96127|3.0|2021-09-07T00:00:00|hospital_A|hospital_A_20210906
SYN_BENE_23A48B6F8F5A|SYN_CLM_4DFC9062FECC|V|60|06-Sep-2021|06-Sep-2021|10-Sep-2021||3|030115|1|1|1|| |2099.57|0.0| ||3|1275566200| |9999997494| |9999997494|||0|1| |2099.57|06-Sep-2021|1|1|A|10|0.0|0.0|0|4|2099.57|2099.57|0|0|0|0|0|0|0|0|0|0|0|0|0|||||06-Sep-2021|951.0|0|0||Z608|Z608|Y|N184|Y|F0280|N|M810|Y|N1830|Y|N182|Y|Z653|Y|E0922|N|Z940|Y|R809|Y|R809|Y|D4959|Y|D075|Y|E1121|Y|F1110|Y|R931|Y|E11319|Y|I259|Y|I4891|Y|R739|Y|E781|Y|E8881|Y|E119|Y|R7303|Y|D649|Y|W86|W86|Y| | | | | | | | | | | | | | | | | | | | | | |GZ3|06-Sep-2021|Z741|06-Sep-2021|F419|06-Sep-2021|Z1331|06-Sep-2021|Z1331|06-Sep-2021|||||||||||||||||||||||||||||||||||||||||0|0||4|450|G0444|3.0|2021-09-07T00:00:00|hospital_A|hospital_A_20210906
SYN_BENE_23A48B6F8F5A|SYN_CLM_4DFC9062FECC|V|60|06-Sep-2021|06-Sep-2021|10-Sep-2021||3|030115|1|1|1|| |2099.57|0.0| ||3|1275566200| |9999997494| |9999997494|||0|1| |2099.57|06-Sep-2021|1|1|A|10|0.0|0.0|0|4|2099.57|2099.57|0|0|0|0|0|0|0|0|0|0|0|0|0|||||06-Sep-2021|951.0|0|0||Z608|Z608|Y|N184|Y|F0280|N|M810|Y|N1830|Y|N182|Y|Z653|Y|E0922|N|Z940|Y|R809|Y|R809|Y|D4959|Y|D075|Y|E1121|Y|F1110|Y|R931|Y|E11319|Y|I259|Y|I4891|Y|R739|Y|E781|Y|E8881|Y|E119|Y|R7303|Y|D649|Y|W86|W86|Y| | | | | | | | | | | | | | | | | | | | | | |GZ3|06-Sep-2021|Z741|06-Sep-2021|F419|06-Sep-2021|Z1331|06-Sep-2021|Z1331|06-Sep-2021|||||||||||||||||||||||||||||||||||||||||0|0||5|450|G0444|3.0|2021-09-07T00:00:00|hospital_A|hospital_A_20210906
SYN_BENE_975BBD66AF18|SYN_CLM_D2E89A53C463|V|60|06-Sep-2021|06-Sep-2021|10-Sep-2021||3|030115|1|1|1|| |2099.57|0.0| ||3|1275566200| |9999997494| |9999997494|||0|1| |2099.57|06-Sep-2021|1|1|A|10|0.0|0.0|0|4|2099.57|2099.57|0|0|0|0|0|0|0|0|0|0|0|0|0|||||06-Sep-2021|951.0|0|0||Z608|Z608|Y|N184|Y|F0280|N|M810|Y|N1830|Y|N182|Y|Z653|Y|E0922|N|Z940|Y|R809|Y|R809|Y|D4959|Y|D075|Y|E1121|Y|F1110|Y|R931|Y|E11319|Y|I259|Y|I4891|Y|R739|Y|E781|Y|E8881|Y|E119|Y|R7303|Y|D649|Y|W86|W86|Y| | | | | | | | | | | | | | | | | | | | | | |GZ3|06-Sep-2021|Z741|06-Sep-2021|F419|06-Sep-2021|Z1331|06-Sep-2021|Z1331|06-Sep-2021|||||||||||||||||||||||||||||||||||||||||0|0||1|450|99495|2.0|2021-09-07T00:00:00|hospital_A|hospital_A_20210906
SYN_BENE_975BBD66AF18|SYN_CLM_D2E89A53C463|V|60|06-Sep-2021|06-Sep-2021|10-Sep-2021||3|030115|1|1|1|| |2099.57|0.0| ||3|1275566200| |9999997494| |9999997494|||0|1| |2099.57|06-Sep-2021|1|1|A|10|0.0|0.0|0|4|2099.57|2099.57|0|0|0|0|0|0|0|0|0|0|0|0|0|||||06-Sep-2021|951.0|0|0||Z608|Z608|Y|N184|Y|F0280|N|M810|Y|N1830|Y|N182|Y|Z653|Y|E0922|N|Z940|Y|R809|Y|R809|Y|D4959|Y|D075|Y|E1121|Y|F1110|Y|R931|Y|E11319|Y|I259|Y|I4891|Y|R739|Y|E781|Y|E8881|Y|E119|Y|R7303|Y|D649|Y|W86|W86|Y| | | | | | | | | | | | | | | | | | | | | | |GZ3|06-Sep-2021|Z741|06-Sep-2021|F419|06-Sep-2021|Z1331|06-Sep-2021|Z1331|06-Sep-2021|||||||||||||||||||||||||||||||||||||||||0|0||2|450|96156|2.0|2021-09-07T00:00:00|hospital_A|hospital_A_20210906
SYN_BENE_975BBD66AF18|SYN_CLM_D2E89A53C463|V|60|06-Sep-2021|06-Sep-2021|10-Sep-2021||3|030115|1|1|1|| |2099.57|0.0| ||3|1275566200| |9999997494| |9999997494|||0|1| |2099.57|06-Sep-2021|1|1|A|10|0.0|0.0|0|4|2099.57|2099.57|0|0|0|0|0|0|0|0|0|0|0|0|0|||||06-Sep-2021|951.0|0|0||Z608|Z608|Y|N184|Y|F0280|N|M810|Y|N1830|Y|N182|Y|Z653|Y|E0922|N|Z940|Y|R809|Y|R809|Y|D4959|Y|D075|Y|E1121|Y|F1110|Y|R931|Y|E11319|Y|I259|Y|I4891|Y|R739|Y|E781|Y|E8881|Y|E119|Y|R7303|Y|D649|Y|W86|W86|Y| | | | | | | | | | | | | | | | | | | | | | |GZ3|06-Sep-2021|Z741|06-Sep-2021|F419|06-Sep-2021|Z1331|06-Sep-2021|Z1331|06-Sep-2021|||||||||||||||||||||||||||||||||||||||||0|0||3|450|96127|3.0|2021-09-07T00:00:00|hospital_A|hospital_A_20210906
SYN_BENE_975BBD66AF18|SYN_CLM_D2E89A53C463|V|60|06-Sep-2021|06-Sep-2021|10-Sep-2021||3|030115|1|1|1|| |2099.57|0.0| ||3|1275566200| |9999997494| |9999997494|||0|1| |2099.57|06-Sep-2021|1|1|A|10|0.0|0.0|0|4|2099.57|2099.57|0|0|0|0|0|0|0|0|0|0|0|0|0|||||06-Sep-2021|951.0|0|0||Z608|Z608|Y|N184|Y|F0280|N|M810|Y|N1830|Y|N182|Y|Z653|Y|E0922|N|Z940|Y|R809|Y|R809|Y|D4959|Y|D075|Y|E1121|Y|F1110|Y|R931|Y|E11319|Y|I259|Y|I4891|Y|R739|Y|E781|Y|E8881|Y|E119|Y|R7303|Y|D649|Y|W86|W86|Y| | | | | | | | | | | | | | | | | | | | | | |GZ3|06-Sep-2021|Z741|06-Sep-2021|F419|06-Sep-2021|Z1331|06-Sep-2021|Z1331|06-Sep-2021|||||||||||||||||||||||||||||||||||||||||0|0||4|450|G0444|3.0|2021-09-07T00:00:00|hospital_A|hospital_A_20210906
SYN_BENE_975BBD66AF18|SYN_CLM_D2E89A53C463|V|60|06-Sep-2021|06-Sep-2021|10-Sep-2021||3|030115|1|1|1|| |2099.57|0.0| ||3|1275566200| |9999997494| |9999997494|||0|1| |2099.57|06-Sep-2021|1|1|A|10|0.0|0.0|0|4|2099.57|2099.57|0|0|0|0|0|0|0|0|0|0|0|0|0|||||06-Sep-2021|951.0|0|0||Z608|Z608|Y|N184|Y|F0280|N|M810|Y|N1830|Y|N182|Y|Z653|Y|E0922|N|Z940|Y|R809|Y|R809|Y|D4959|Y|D075|Y|E1121|Y|F1110|Y|R931|Y|E11319|Y|I259|Y|I4891|Y|R739|Y|E781|Y|E8881|Y|E119|Y|R7303|Y|D649|Y|W86|W86|Y| | | | | | | | | | | | | | | | | | | | | | |GZ3|06-Sep-2021|Z741|06-Sep-2021|F419|06-Sep-2021|Z1331|06-Sep-2021|Z1331|06-Sep-2021|||||||||||||||||||||||||||||||||||||||||0|0||5|450|G0444|3.0|2021-09-07T00:00:00|hospital_A|hospital_A_20210906
SYN_BENE_C77CC96234CD|SYN_CLM_728B020B4E05|V|60|06-Sep-2021|06-Sep-2021|10-Sep-2021||3|030115|1|1|1|| |2099.57|0.0| ||3|1275566200| |9999997494| |9999997494|||0|1| |2099.57|06-Sep-2021|1|1|A|10|0.0|0.0|0|4|2099.57|2099.57|0|0|0|0|0|0|0|0|0|0|0|0|0|||||06-Sep-2021|951.0|0|0||Z608|Z608|Y|N184|Y|F0280|N|M810|Y|N1830|Y|N182|Y|Z653|Y|E0922|N|Z940|Y|R809|Y|R809|Y|D4959|Y|D075|Y|E1121|Y|F1110|Y|R931|Y|E11319|Y|I259|Y|I4891|Y|R739|Y|E781|Y|E8881|Y|E119|Y|R7303|Y|D649|Y|W86|W86|Y| | | | | | | | | | | | | | | | | | | | | | |GZ3|06-Sep-2021|Z741|06-Sep-2021|F419|06-Sep-2021|Z1331|06-Sep-2021|Z1331|06-Sep-2021|||||||||||||||||||||||||||||||||||||||||0|0||1|450|99495|2.0|2021-09-07T00:00:00|hospital_A|hospital_A_20210906
SYN_BENE_C77CC96234CD|SYN_CLM_728B020B4E05|V|60|06-Sep-2021|06-Sep-2021|10-Sep-2021||3|030115|1|1|1|| |2099.57|0.0| ||3|1275566200| |9999997494| |9999997494|||0|1| |2099.57|06-Sep-2021|1|1|A|10|0.0|0.0|0|4|2099.57|2099.57|0|0|0|0|0|0|0|0|0|0|0|0|0|||||06-Sep-2021|951.0|0|0||Z608|Z608|Y|N184|Y|F0280|N|M810|Y|N1830|Y|N182|Y|Z653|Y|E0922|N|Z940|Y|R809|Y|R809|Y|D4959|Y|D075|Y|E1121|Y|F1110|Y|R931|Y|E11319|Y|I259|Y|I4891|Y|R739|Y|E781|Y|E8881|Y|E119|Y|R7303|Y|D649|Y|W86|W86|Y| | | | | | | | | | | | | | | | | | | | | | |GZ3|06-Sep-2021|Z741|06-Sep-2021|F419|06-Sep-2021|Z1331|06-Sep-2021|Z1331|06-Sep-2021|||||||||||||||||||||||||||||||||||||||||0|0||2|450|96156|2.0|2021-09-07T00:00:00|hospital_A|hospital_A_20210906
SYN_BENE_C77CC96234CD|SYN_CLM_728B020B4E05|V|60|06-Sep-2021|06-Sep-2021|10-Sep-2021||3|030115|1|1|1|| |2099.57|0.0| ||3|1275566200| |9999997494| |9999997494|||0|1| |2099.57|06-Sep-2021|1|1|A|10|0.0|0.0|0|4|2099.57|2099.57|0|0|0|0|0|0|0|0|0|0|0|0|0|||||06-Sep-2021|951.0|0|0||Z608|Z608|Y|N184|Y|F0280|N|M810|Y|N1830|Y|N182|Y|Z653|Y|E0922|N|Z940|Y|R809|Y|R809|Y|D4959|Y|D075|Y|E1121|Y|F1110|Y|R931|Y|E11319|Y|I259|Y|I4891|Y|R739|Y|E781|Y|E8881|Y|E119|Y|R7303|Y|D649|Y|W86|W86|Y| | | | | | | | | | | | | | | | | | | | | | |GZ3|06-Sep-2021|Z741|06-Sep-2021|F419|06-Sep-2021|Z1331|06-Sep-2021|Z1331|06-Sep-2021|||||||||||||||||||||||||||||||||||||||||0|0||3|450|96127|3.0|2021-09-07T00:00:00|hospital_A|hospital_A_20210906
SYN_BENE_C77CC96234CD|SYN_CLM_728B020B4E05|V|60|06-Sep-2021|06-Sep-2021|10-Sep-2021||3|030115|1|1|1|| |2099.57|0.0| ||3|1275566200| |9999997494| |9999997494|||0|1| |2099.57|06-Sep-2021|1|1|A|10|0.0|0.0|0|4|2099.57|2099.57|0|0|0|0|0|0|0|0|0|0|0|0|0|||||06-Sep-2021|951.0|0|0||Z608|Z608|Y|N184|Y|F0280|N|M810|Y|N1830|Y|N182|Y|Z653|Y|E0922|N|Z940|Y|R809|Y|R809|Y|D4959|Y|D075|Y|E1121|Y|F1110|Y|R931|Y|E11319|Y|I259|Y|I4891|Y|R739|Y|E781|Y|E8881|Y|E119|Y|R7303|Y|D649|Y|W86|W86|Y| | | | | | | | | | | | | | | | | | | | | | |GZ3|06-Sep-2021|Z741|06-Sep-2021|F419|06-Sep-2021|Z1331|06-Sep-2021|Z1331|06-Sep-2021|||||||||||||||||||||||||||||||||||||||||0|0||4|450|G0444|3.0|2021-09-07T00:00:00|hospital_A|hospital_A_20210906
SYN_BENE_C77CC96234CD|SYN_CLM_728B020B4E05|V|60|06-Sep-2021|06-Sep-2021|10-Sep-2021||3|030115|1|1|1|| |2099.57|0.0| ||3|1275566200| |9999997494| |9999997494|||0|1| |2099.57|06-Sep-2021|1|1|A|10|0.0|0.0|0|4|2099.57|2099.57|0|0|0|0|0|0|0|0|0|0|0|0|0|||||06-Sep-2021|951.0|0|0||Z608|Z608|Y|N184|Y|F0280|N|M810|Y|N1830|Y|N182|Y|Z653|Y|E0922|N|Z940|Y|R809|Y|R809|Y|D4959|Y|D075|Y|E1121|Y|F1110|Y|R931|Y|E11319|Y|I259|Y|I4891|Y|R739|Y|E781|Y|E8881|Y|E119|Y|R7303|Y|D649|Y|W86|W86|Y| | | | | | | | | | | | | | | | | | | | | | |GZ3|06-Sep-2021|Z741|06-Sep-2021|F419|06-Sep-2021|Z1331|06-Sep-2021|Z1331|06-Sep-2021|||||||||||||||||||||||||||||||||||||||||0|0||5|450|G0444|3.0|2021-09-07T00:00:00|hospital_A|hospital_A_20210906
SYN_BENE_1BCD08199D2B|SYN_CLM_7FF82E36363A|V|60|06-Sep-2021|06-Sep-2021|10-Sep-2021||3|030115|1|1|1|| |2099.57|0.0| ||3|1275566200| |9999997494| |9999997494|||0|1| |2099.57|06-Sep-2021|1|1|A|10|0.0|0.0|0|4|2099.57|2099.57|0|0|0|0|0|0|0|0|0|0|0|0|0|||||06-Sep-2021|951.0|0|0||Z608|Z608|Y|N184|Y|F0280|N|M810|Y|N1830|Y|N182|Y|Z653|Y|E0922|N|Z940|Y|R809|Y|R809|Y|D4959|Y|D075|Y|E1121|Y|F1110|Y|R931|Y|E11319|Y|I259|Y|I4891|Y|R739|Y|E781|Y|E8881|Y|E119|Y|R7303|Y|D649|Y|W86|W86|Y| | | | | | | | | | | | | | | | | | | | | | |GZ3|06-Sep-2021|Z741|06-Sep-2021|F419|06-Sep-2021|Z1331|06-Sep-2021|Z1331|06-Sep-2021|||||||||||||||||||||||||||||||||||||||||0|0||1|450|99495|2.0|2021-09-07T00:00:00|hospital_A|hospital_A_20210906
SYN_BENE_1BCD08199D2B|SYN_CLM_7FF82E36363A|V|60|06-Sep-2021|06-Sep-2021|10-Sep-2021||3|030115|1|1|1|| |2099.57|0.0| ||3|1275566200| |9999997494| |9999997494|||0|1| |2099.57|06-Sep-2021|1|1|A|10|0.0|0.0|0|4|2099.57|2099.57|0|0|0|0|0|0|0|0|0|0|0|0|0|||||06-Sep-2021|951.0|0|0||Z608|Z608|Y|N184|Y|F0280|N|M810|Y|N1830|Y|N182|Y|Z653|Y|E0922|N|Z940|Y|R809|Y|R809|Y|D4959|Y|D075|Y|E1121|Y|F1110|Y|R931|Y|E11319|Y|I259|Y|I4891|Y|R739|Y|E781|Y|E8881|Y|E119|Y|R7303|Y|D649|Y|W86|W86|Y| | | | | | | | | | | | | | | | | | | | | | |GZ3|06-Sep-2021|Z741|06-Sep-2021|F419|06-Sep-2021|Z1331|06-Sep-2021|Z1331|06-Sep-2021|||||||||||||||||||||||||||||||||||||||||0|0||2|450|96156|2.0|2021-09-07T00:00:00|hospital_A|hospital_A_20210906
SYN_BENE_1BCD08199D2B|SYN_CLM_7FF82E36363A|V|60|06-Sep-2021|06-Sep-2021|10-Sep-2021||3|030115|1|1|1|| |2099.57|0.0| ||3|1275566200| |9999997494| |9999997494|||0|1| |2099.57|06-Sep-2021|1|1|A|10|0.0|0.0|0|4|2099.57|2099.57|0|0|0|0|0|0|0|0|0|0|0|0|0|||||06-Sep-2021|951.0|0|0||Z608|Z608|Y|N184|Y|F0280|N|M810|Y|N1830|Y|N182|Y|Z653|Y|E0922|N|Z940|Y|R809|Y|R809|Y|D4959|Y|D075|Y|E1121|Y|F1110|Y|R931|Y|E11319|Y|I259|Y|I4891|Y|R739|Y|E781|Y|E8881|Y|E119|Y|R7303|Y|D649|Y|W86|W86|Y| | | | | | | | | | | | | | | | | | | | | | |GZ3|06-Sep-2021|Z741|06-Sep-2021|F419|06-Sep-2021|Z1331|06-Sep-2021|Z1331|06-Sep-2021|||||||||||||||||||||||||||||||||||||||||0|0||3|450|96127|3.0|2021-09-07T00:00:00|hospital_A|hospital_A_20210906
SYN_BENE_1BCD08199D2B|SYN_CLM_7FF82E36363A|V|60|06-Sep-2021|06-Sep-2021|10-Sep-2021||3|030115|1|1|1|| |2099.57|0.0| ||3|1275566200| |9999997494| |9999997494|||0|1| |2099.57|06-Sep-2021|1|1|A|10|0.0|0.0|0|4|2099.57|2099.57|0|0|0|0|0|0|0|0|0|0|0|0|0|||||06-Sep-2021|951.0|0|0||Z608|Z608|Y|N184|Y|F0280|N|M810|Y|N1830|Y|N182|Y|Z653|Y|E0922|N|Z940|Y|R809|Y|R809|Y|D4959|Y|D075|Y|E1121|Y|F1110|Y|R931|Y|E11319|Y|I259|Y|I4891|Y|R739|Y|E781|Y|E8881|Y|E119|Y|R7303|Y|D649|Y|W86|W86|Y| | | | | | | | | | | | | | | | | | | | | | |GZ3|06-Sep-2021|Z741|06-Sep-2021|F419|06-Sep-2021|Z1331|06-Sep-2021|Z1331|06-Sep-2021|||||||||||||||||||||||||||||||||||||||||0|0||4|450|G0444|3.0|2021-09-07T00:00:00|hospital_A|hospital_A_20210906
SYN_BENE_1BCD08199D2B|SYN_CLM_7FF82E36363A|V|60|06-Sep-2021|06-Sep-2021|10-Sep-2021||3|030115|1|1|1|| |2099.57|0.0| ||3|1275566200| |9999997494| |9999997494|||0|1| |2099.57|06-Sep-2021|1|1|A|10|0.0|0.0|0|4|2099.57|2099.57|0|0|0|0|0|0|0|0|0|0|0|0|0|||||06-Sep-2021|951.0|0|0||Z608|Z608|Y|N184|Y|F0280|N|M810|Y|N1830|Y|N182|Y|Z653|Y|E0922|N|Z940|Y|R809|Y|R809|Y|D4959|Y|D075|Y|E1121|Y|F1110|Y|R931|Y|E11319|Y|I259|Y|I4891|Y|R739|Y|E781|Y|E8881|Y|E119|Y|R7303|Y|D649|Y|W86|W86|Y| | | | | | | | | | | | | | | | | | | | | | |GZ3|06-Sep-2021|Z741|06-Sep-2021|F419|06-Sep-2021|Z1331|06-Sep-2021|Z1331|06-Sep-2021|||||||||||||||||||||||||||||||||||||||||0|0||5|450|G0444|3.0|2021-09-07T00:00:00|hospital_A|hospital_A_20210906
SYN_BENE_13A1E2E08243|SYN_CLM_9E9D6F7FFCFB|V|60|06-Sep-2021|06-Sep-2021|10-Sep-2021||3|030115|1|1|1|| |2099.57|0.0| ||3|1275566200| |9999997494| |9999997494|||0|1| |2099.57|06-Sep-2021|1|1|A|10|0.0|0.0|0|4|2099.57|2099.57|0|0|0|0|0|0|0|0|0|0|0|0|0|||||06-Sep-2021|951.0|0|0||Z608|Z608|Y|N184|Y|F0280|N|M810|Y|N1830|Y|N182|Y|Z653|Y|E0922|N|Z940|Y|R809|Y|R809|Y|D4959|Y|D075|Y|E1121|Y|F1110|Y|R931|Y|E11319|Y|I259|Y|I4891|Y|R739|Y|E781|Y|E8881|Y|E119|Y|R7303|Y|D649|Y|W86|W86|Y| | | | | | | | | | | | | | | | | | | | | | |GZ3|06-Sep-2021|Z741|06-Sep-2021|F419|06-Sep-2021|Z1331|06-Sep-2021|Z1331|06-Sep-2021|||||||||||||||||||||||||||||||||||||||||0|0||1|450|99495|2.0|2021-09-07T00:00:00|hospital_A|hospital_A_20210906
SYN_BENE_13A1E2E08243|SYN_CLM_9E9D6F7FFCFB|V|60|06-Sep-2021|06-Sep-2021|10-Sep-2021||3|030115|1|1|1|| |2099.57|0.0| ||3|1275566200| |9999997494| |9999997494|||0|1| |2099.57|06-Sep-2021|1|1|A|10|0.0|0.0|0|4|2099.57|2099.57|0|0|0|0|0|0|0|0|0|0|0|0|0|||||06-Sep-2021|951.0|0|0||Z608|Z608|Y|N184|Y|F0280|N|M810|Y|N1830|Y|N182|Y|Z653|Y|E0922|N|Z940|Y|R809|Y|R809|Y|D4959|Y|D075|Y|E1121|Y|F1110|Y|R931|Y|E11319|Y|I259|Y|I4891|Y|R739|Y|E781|Y|E8881|Y|E119|Y|R7303|Y|D649|Y|W86|W86|Y| | | | | | | | | | | | | | | | | | | | | | |GZ3|06-Sep-2021|Z741|06-Sep-2021|F419|06-Sep-2021|Z1331|06-Sep-2021|Z1331|06-Sep-2021|||||||||||||||||||||||||||||||||||||||||0|0||2|450|96156|2.0|2021-09-07T00:00:00|hospital_A|hospital_A_20210906
SYN_BENE_13A1E2E08243|SYN_CLM_9E9D6F7FFCFB|V|60|06-Sep-2021|06-Sep-2021|10-Sep-2021||3|030115|1|1|1|| |2099.57|0.0| ||3|1275566200| |9999997494| |9999997494|||0|1| |2099.57|06-Sep-2021|1|1|A|10|0.0|0.0|0|4|2099.57|2099.57|0|0|0|0|0|0|0|0|0|0|0|0|0|||||06-Sep-2021|951.0|0|0||Z608|Z608|Y|N184|Y|F0280|N|M810|Y|N1830|Y|N182|Y|Z653|Y|E0922|N|Z940|Y|R809|Y|R809|Y|D4959|Y|D075|Y|E1121|Y|F1110|Y|R931|Y|E11319|Y|I259|Y|I4891|Y|R739|Y|E781|Y|E8881|Y|E119|Y|R7303|Y|D649|Y|W86|W86|Y| | | | | | | | | | | | | | | | | | | | | | |GZ3|06-Sep-2021|Z741|06-Sep-2021|F419|06-Sep-2021|Z1331|06-Sep-2021|Z1331|06-Sep-2021|||||||||||||||||||||||||||||||||||||||||0|0||3|450|96127|3.0|2021-09-07T00:00:00|hospital_A|hospital_A_20210906
SYN_BENE_13A1E2E08243|SYN_CLM_9E9D6F7FFCFB|V|60|06-Sep-2021|06-Sep-2021|10-Sep-2021||3|030115|1|1|1|| |2099.57|0.0| ||3|1275566200| |9999997494| |9999997494|||0|1| |2099.57|06-Sep-2021|1|1|A|10|0.0|0.0|0|4|2099.57|2099.57|0|0|0|0|0|0|0|0|0|0|0|0|0|||||06-Sep-2021|951.0|0|0||Z608|Z608|Y|N184|Y|F0280|N|M810|Y|N1830|Y|N182|Y|Z653|Y|E0922|N|Z940|Y|R809|Y|R809|Y|D4959|Y|D075|Y|E1121|Y|F1110|Y|R931|Y|E11319|Y|I259|Y|I4891|Y|R739|Y|E781|Y|E8881|Y|E119|Y|R7303|Y|D649|Y|W86|W86|Y| | | | | | | | | | | | | | | | | | | | | | |GZ3|06-Sep-2021|Z741|06-Sep-2021|F419|06-Sep-2021|Z1331|06-Sep-2021|Z1331|06-Sep-2021|||||||||||||||||||||||||||||||||||||||||0|0||4|450|G0444|3.0|2021-09-07T00:00:00|hospital_A|hospital_A_20210906
SYN_BENE_13A1E2E08243|SYN_CLM_9E9D6F7FFCFB|V|60|06-Sep-2021|06-Sep-2021|10-Sep-2021||3|030115|1|1|1|| |2099.57|0.0| ||3|1275566200| |9999997494| |9999997494|||0|1| |2099.57|06-Sep-2021|1|1|A|10|0.0|0.0|0|4|2099.57|2099.57|0|0|0|0|0|0|0|0|0|0|0|0|0|||||06-Sep-2021|951.0|0|0||Z608|Z608|Y|N184|Y|F0280|N|M810|Y|N1830|Y|N182|Y|Z653|Y|E0922|N|Z940|Y|R809|Y|R809|Y|D4959|Y|D075|Y|E1121|Y|F1110|Y|R931|Y|E11319|Y|I259|Y|I4891|Y|R739|Y|E781|Y|E8881|Y|E119|Y|R7303|Y|D649|Y|W86|W86|Y| | | | | | | | | | | | | | | | | | | | | | |GZ3|06-Sep-2021|Z741|06-Sep-2021|F419|06-Sep-2021|Z1331|06-Sep-2021|Z1331|06-Sep-2021|||||||||||||||||||||||||||||||||||||||||0|0||5|450|G0444|3.0|2021-09-07T00:00:00|hospital_A|hospital_A_20210906
SYN_BENE_F65DCCB9BABB|SYN_CLM_10DFB53DE1BB|V|60|06-Sep-2021|06-Sep-2021|10-Sep-2021||3|030115|1|1|1|| |2099.57|0.0| ||3|1275566200| |9999997494| |9999997494|||0|1| |2099.57|06-Sep-2021|1|1|A|10|0.0|0.0|0|4|2099.57|2099.57|0|0|0|0|0|0|0|0|0|0|0|0|0|||||06-Sep-2021|951.0|0|0||Z608|Z608|Y|N184|Y|F0280|N|M810|Y|N1830|Y|N182|Y|Z653|Y|E0922|N|Z940|Y|R809|Y|R809|Y|D4959|Y|D075|Y|E1121|Y|F1110|Y|R931|Y|E11319|Y|I259|Y|I4891|Y|R739|Y|E781|Y|E8881|Y|E119|Y|R7303|Y|D649|Y|W86|W86|Y| | | | | | | | | | | | | | | | | | | | | | |GZ3|06-Sep-2021|Z741|06-Sep-2021|F419|06-Sep-2021|Z1331|06-Sep-2021|Z1331|06-Sep-2021|||||||||||||||||||||||||||||||||||||||||0|0||1|450|99495|2.0|2021-09-07T00:00:00|hospital_A|hospital_A_20210906
SYN_BENE_F65DCCB9BABB|SYN_CLM_10DFB53DE1BB|V|60|06-Sep-2021|06-Sep-2021|10-Sep-2021||3|030115|1|1|1|| |2099.57|0.0| ||3|1275566200| |9999997494| |9999997494|||0|1| |2099.57|06-Sep-2021|1|1|A|10|0.0|0.0|0|4|2099.57|2099.57|0|0|0|0|0|0|0|0|0|0|0|0|0|||||06-Sep-2021|951.0|0|0||Z608|Z608|Y|N184|Y|F0280|N|M810|Y|N1830|Y|N182|Y|Z653|Y|E0922|N|Z940|Y|R809|Y|R809|Y|D4959|Y|D075|Y|E1121|Y|F1110|Y|R931|Y|E11319|Y|I259|Y|I4891|Y|R739|Y|E781|Y|E8881|Y|E119|Y|R7303|Y|D649|Y|W86|W86|Y| | | | | | | | | | | | | | | | | | | | | | |GZ3|06-Sep-2021|Z741|06-Sep-2021|F419|06-Sep-2021|Z1331|06-Sep-2021|Z1331|06-Sep-2021|||||||||||||||||||||||||||||||||||||||||0|0||2|450|96156|2.0|2021-09-07T00:00:00|hospital_A|hospital_A_20210906
SYN_BENE_F65DCCB9BABB|SYN_CLM_10DFB53DE1BB|V|60|06-Sep-2021|06-Sep-2021|10-Sep-2021||3|030115|1|1|1|| |2099.57|0.0| ||3|1275566200| |9999997494| |9999997494|||0|1| |2099.57|06-Sep-2021|1|1|A|10|0.0|0.0|0|4|2099.57|2099.57|0|0|0|0|0|0|0|0|0|0|0|0|0|||||06-Sep-2021|951.0|0|0||Z608|Z608|Y|N184|Y|F0280|N|M810|Y|N1830|Y|N182|Y|Z653|Y|E0922|N|Z940|Y|R809|Y|R809|Y|D4959|Y|D075|Y|E1121|Y|F1110|Y|R931|Y|E11319|Y|I259|Y|I4891|Y|R739|Y|E781|Y|E8881|Y|E119|Y|R7303|Y|D649|Y|W86|W86|Y| | | | | | | | | | | | | | | | | | | | | | |GZ3|06-Sep-2021|Z741|06-Sep-2021|F419|06-Sep-2021|Z1331|06-Sep-2021|Z1331|06-Sep-2021|||||||||||||||||||||||||||||||||||||||||0|0||3|450|96127|3.0|2021-09-07T00:00:00|hospital_A|hospital_A_20210906
SYN_BENE_F65DCCB9BABB|SYN_CLM_10DFB53DE1BB|V|60|06-Sep-2021|06-Sep-2021|10-Sep-2021||3|030115|1|1|1|| |2099.57|0.0| ||3|1275566200| |9999997494| |9999997494|||0|1| |2099.57|06-Sep-2021|1|1|A|10|0.0|0.0|0|4|2099.57|2099.57|0|0|0|0|0|0|0|0|0|0|0|0|0|||||06-Sep-2021|951.0|0|0||Z608|Z608|Y|N184|Y|F0280|N|M810|Y|N1830|Y|N182|Y|Z653|Y|E0922|N|Z940|Y|R809|Y|R809|Y|D4959|Y|D075|Y|E1121|Y|F1110|Y|R931|Y|E11319|Y|I259|Y|I4891|Y|R739|Y|E781|Y|E8881|Y|E119|Y|R7303|Y|D649|Y|W86|W86|Y| | | | | | | | | | | | | | | | | | | | | | |GZ3|06-Sep-2021|Z741|06-Sep-2021|F419|06-Sep-2021|Z1331|06-Sep-2021|Z1331|06-Sep-2021|||||||||||||||||||||||||||||||||||||||||0|0||4|450|G0444|3.0|2021-09-07T00:00:00|hospital_A|hospital_A_20210906
SYN_BENE_F65DCCB9BABB|SYN_CLM_10DFB53DE1BB|V|60|06-Sep-2021|06-Sep-2021|10-Sep-2021||3|030115|1|1|1|| |2099.57|0.0| ||3|1275566200| |9999997494| |9999997494|||0|1| |2099.57|06-Sep-2021|1|1|A|10|0.0|0.0|0|4|2099.57|2099.57|0|0|0|0|0|0|0|0|0|0|0|0|0|||||06-Sep-2021|951.0|0|0||Z608|Z608|Y|N184|Y|F0280|N|M810|Y|N1830|Y|N182|Y|Z653|Y|E0922|N|Z940|Y|R809|Y|R809|Y|D4959|Y|D075|Y|E1121|Y|F1110|Y|R931|Y|E11319|Y|I259|Y|I4891|Y|R739|Y|E781|Y|E8881|Y|E119|Y|R7303|Y|D649|Y|W86|W86|Y| | | | | | | | | | | | | | | | | | | | | | |GZ3|06-Sep-2021|Z741|06-Sep-2021|F419|06-Sep-2021|Z1331|06-Sep-2021|Z1331|06-Sep-2021|||||||||||||||||||||||||||||||||||||||||0|0||5|450|G0444|3.0|2021-09-07T00:00:00|hospital_A|hospital_A_20210906
SYN_BENE_4CA9CB151549|SYN_CLM_09AB527B16BD|V|60|06-Sep-2021|06-Sep-2021|10-Sep-2021||3|030115|1|1|1|| |2099.57|0.0| ||3|1275566200| |9999997494| |9999997494|||0|1| |2099.57|06-Sep-2021|1|1|A|10|0.0|0.0|0|4|2099.57|2099.57|0|0|0|0|0|0|0|0|0|0|0|0|0|||||06-Sep-2021|951.0|0|0||Z608|Z608|Y|N184|Y|F0280|N|M810|Y|N1830|Y|N182|Y|Z653|Y|E0922|N|Z940|Y|R809|Y|R809|Y|D4959|Y|D075|Y|E1121|Y|F1110|Y|R931|Y|E11319|Y|I259|Y|I4891|Y|R739|Y|E781|Y|E8881|Y|E119|Y|R7303|Y|D649|Y|W86|W86|Y| | | | | | | | | | | | | | | | | | | | | | |GZ3|06-Sep-2021|Z741|06-Sep-2021|F419|06-Sep-2021|Z1331|06-Sep-2021|Z1331|06-Sep-2021|||||||||||||||||||||||||||||||||||||||||0|0||1|450|99495|2.0|2021-09-07T00:00:00|hospital_A|hospital_A_20210906
SYN_BENE_4CA9CB151549|SYN_CLM_09AB527B16BD|V|60|06-Sep-2021|06-Sep-2021|10-Sep-2021||3|030115|1|1|1|| |2099.57|0.0| ||3|1275566200| |9999997494| |9999997494|||0|1| |2099.57|06-Sep-2021|1|1|A|10|0.0|0.0|0|4|2099.57|2099.57|0|0|0|0|0|0|0|0|0|0|0|0|0|||||06-Sep-2021|951.0|0|0||Z608|Z608|Y|N184|Y|F0280|N|M810|Y|N1830|Y|N182|Y|Z653|Y|E0922|N|Z940|Y|R809|Y|R809|Y|D4959|Y|D075|Y|E1121|Y|F1110|Y|R931|Y|E11319|Y|I259|Y|I4891|Y|R739|Y|E781|Y|E8881|Y|E119|Y|R7303|Y|D649|Y|W86|W86|Y| | | | | | | | | | | | | | | | | | | | | | |GZ3|06-Sep-2021|Z741|06-Sep-2021|F419|06-Sep-2021|Z1331|06-Sep-2021|Z1331|06-Sep-2021|||||||||||||||||||||||||||||||||||||||||0|0||2|450|96156|2.0|2021-09-07T00:00:00|hospital_A|hospital_A_20210906
SYN_BENE_4CA9CB151549|SYN_CLM_09AB527B16BD|V|60|06-Sep-2021|06-Sep-2021|10-Sep-2021||3|030115|1|1|1|| |2099.57|0.0| ||3|1275566200| |9999997494| |9999997494|||0|1| |2099.57|06-Sep-2021|1|1|A|10|0.0|0.0|0|4|2099.57|2099.57|0|0|0|0|0|0|0|0|0|0|0|0|0|||||06-Sep-2021|951.0|0|0||Z608|Z608|Y|N184|Y|F0280|N|M810|Y|N1830|Y|N182|Y|Z653|Y|E0922|N|Z940|Y|R809|Y|R809|Y|D4959|Y|D075|Y|E1121|Y|F1110|Y|R931|Y|E11319|Y|I259|Y|I4891|Y|R739|Y|E781|Y|E8881|Y|E119|Y|R7303|Y|D649|Y|W86|W86|Y| | | | | | | | | | | | | | | | | | | | | | |GZ3|06-Sep-2021|Z741|06-Sep-2021|F419|06-Sep-2021|Z1331|06-Sep-2021|Z1331|06-Sep-2021|||||||||||||||||||||||||||||||||||||||||0|0||3|450|96127|3.0|2021-09-07T00:00:00|hospital_A|hospital_A_20210906
SYN_BENE_4CA9CB151549|SYN_CLM_09AB527B16BD|V|60|06-Sep-2021|06-Sep-2021|10-Sep-2021||3|030115|1|1|1|| |2099.57|0.0| ||3|1275566200| |9999997494| |9999997494|||0|1| |2099.57|06-Sep-2021|1|1|A|10|0.0|0.0|0|4|2099.57|2099.57|0|0|0|0|0|0|0|0|0|0|0|0|0|||||06-Sep-2021|951.0|0|0||Z608|Z608|Y|N184|Y|F0280|N|M810|Y|N1830|Y|N182|Y|Z653|Y|E0922|N|Z940|Y|R809|Y|R809|Y|D4959|Y|D075|Y|E1121|Y|F1110|Y|R931|Y|E11319|Y|I259|Y|I4891|Y|R739|Y|E781|Y|E8881|Y|E119|Y|R7303|Y|D649|Y|W86|W86|Y| | | | | | | | | | | | | | | | | | | | | | |GZ3|06-Sep-2021|Z741|06-Sep-2021|F419|06-Sep-2021|Z1331|06-Sep-2021|Z1331|06-Sep-2021|||||||||||||||||||||||||||||||||||||||||0|0||4|450|G0444|3.0|2021-09-07T00:00:00|hospital_A|hospital_A_20210906
SYN_BENE_4CA9CB151549|SYN_CLM_09AB527B16BD|V|60|06-Sep-2021|06-Sep-2021|10-Sep-2021||3|030115|1|1|1|| |2099.57|0.0| ||3|1275566200| |9999997494| |9999997494|||0|1| |2099.57|06-Sep-2021|1|1|A|10|0.0|0.0|0|4|2099.57|2099.57|0|0|0|0|0|0|0|0|0|0|0|0|0|||||06-Sep-2021|951.0|0|0||Z608|Z608|Y|N184|Y|F0280|N|M810|Y|N1830|Y|N182|Y|Z653|Y|E0922|N|Z940|Y|R809|Y|R809|Y|D4959|Y|D075|Y|E1121|Y|F1110|Y|R931|Y|E11319|Y|I259|Y|I4891|Y|R739|Y|E781|Y|E8881|Y|E119|Y|R7303|Y|D649|Y|W86|W86|Y| | | | | | | | | | | | | | | | | | | | | | |GZ3|06-Sep-2021|Z741|06-Sep-2021|F419|06-Sep-2021|Z1331|06-Sep-2021|Z1331|06-Sep-2021|||||||||||||||||||||||||||||||||||||||||0|0||5|450|G0444|3.0|2021-09-07T00:00:00|hospital_A|hospital_A_20210906
SYN_BENE_75CCA25E6422|SYN_CLM_B59C27C295AD|V|60|06-Sep-2021|06-Sep-2021|10-Sep-2021||3|030115|1|1|1|| |2099.57|0.0| ||3|1275566200| |9999997494| |9999997494|||0|1| |2099.57|06-Sep-2021|1|1|A|10|0.0|0.0|0|4|2099.57|2099.57|0|0|0|0|0|0|0|0|0|0|0|0|0|||||06-Sep-2021|951.0|0|0||Z608|Z608|Y|N184|Y|F0280|N|M810|Y|N1830|Y|N182|Y|Z653|Y|E0922|N|Z940|Y|R809|Y|R809|Y|D4959|Y|D075|Y|E1121|Y|F1110|Y|R931|Y|E11319|Y|I259|Y|I4891|Y|R739|Y|E781|Y|E8881|Y|E119|Y|R7303|Y|D649|Y|W86|W86|Y| | | | | | | | | | | | | | | | | | | | | | |GZ3|06-Sep-2021|Z741|06-Sep-2021|F419|06-Sep-2021|Z1331|06-Sep-2021|Z1331|06-Sep-2021|||||||||||||||||||||||||||||||||||||||||0|0||1|450|99495|2.0|2021-09-07T00:00:00|hospital_A|hospital_A_20210906
SYN_BENE_75CCA25E6422|SYN_CLM_B59C27C295AD|V|60|06-Sep-2021|06-Sep-2021|10-Sep-2021||3|030115|1|1|1|| |2099.57|0.0| ||3|1275566200| |9999997494| |9999997494|||0|1| |2099.57|06-Sep-2021|1|1|A|10|0.0|0.0|0|4|2099.57|2099.57|0|0|0|0|0|0|0|0|0|0|0|0|0|||||06-Sep-2021|951.0|0|0||Z608|Z608|Y|N184|Y|F0280|N|M810|Y|N1830|Y|N182|Y|Z653|Y|E0922|N|Z940|Y|R809|Y|R809|Y|D4959|Y|D075|Y|E1121|Y|F1110|Y|R931|Y|E11319|Y|I259|Y|I4891|Y|R739|Y|E781|Y|E8881|Y|E119|Y|R7303|Y|D649|Y|W86|W86|Y| | | | | | | | | | | | | | | | | | | | | | |GZ3|06-Sep-2021|Z741|06-Sep-2021|F419|06-Sep-2021|Z1331|06-Sep-2021|Z1331|06-Sep-2021|||||||||||||||||||||||||||||||||||||||||0|0||2|450|96156|2.0|2021-09-07T00:00:00|hospital_A|hospital_A_20210906
SYN_BENE_75CCA25E6422|SYN_CLM_B59C27C295AD|V|60|06-Sep-2021|06-Sep-2021|10-Sep-2021||3|030115|1|1|1|| |2099.57|0.0| ||3|1275566200| |9999997494| |9999997494|||0|1| |2099.57|06-Sep-2021|1|1|A|10|0.0|0.0|0|4|2099.57|2099.57|0|0|0|0|0|0|0|0|0|0|0|0|0|||||06-Sep-2021|951.0|0|0||Z608|Z608|Y|N184|Y|F0280|N|M810|Y|N1830|Y|N182|Y|Z653|Y|E0922|N|Z940|Y|R809|Y|R809|Y|D4959|Y|D075|Y|E1121|Y|F1110|Y|R931|Y|E11319|Y|I259|Y|I4891|Y|R739|Y|E781|Y|E8881|Y|E119|Y|R7303|Y|D649|Y|W86|W86|Y| | | | | | | | | | | | | | | | | | | | | | |GZ3|06-Sep-2021|Z741|06-Sep-2021|F419|06-Sep-2021|Z1331|06-Sep-2021|Z1331|06-Sep-2021|||||||||||||||||||||||||||||||||||||||||0|0||3|450|96127|3.0|2021-09-07T00:00:00|hospital_A|hospital_A_20210906
SYN_BENE_75CCA25E6422|SYN_CLM_B59C27C295AD|V|60|06-Sep-2021|06-Sep-2021|10-Sep-2021||3|030115|1|1|1|| |2099.57|0.0| ||3|1275566200| |9999997494| |9999997494|||0|1| |2099.57|06-Sep-2021|1|1|A|10|0.0|0.0|0|4|2099.57|2099.57|0|0|0|0|0|0|0|0|0|0|0|0|0|||||06-Sep-2021|951.0|0|0||Z608|Z608|Y|N184|Y|F0280|N|M810|Y|N1830|Y|N182|Y|Z653|Y|E0922|N|Z940|Y|R809|Y|R809|Y|D4959|Y|D075|Y|E1121|Y|F1110|Y|R931|Y|E11319|Y|I259|Y|I4891|Y|R739|Y|E781|Y|E8881|Y|E119|Y|R7303|Y|D649|Y|W86|W86|Y| | | | | | | | | | | | | | | | | | | | | | |GZ3|06-Sep-2021|Z741|06-Sep-2021|F419|06-Sep-2021|Z1331|06-Sep-2021|Z1331|06-Sep-2021|||||||||||||||||||||||||||||||||||||||||0|0||4|450|G0444|3.0|2021-09-07T00:00:00|hospital_A|hospital_A_20210906
SYN_BENE_75CCA25E6422|SYN_CLM_B59C27C295AD|V|60|06-Sep-2021|06-Sep-2021|10-Sep-2021||3|030115|1|1|1|| |2099.57|0.0| ||3|1275566200| |9999997494| |9999997494|||0|1| |2099.57|06-Sep-2021|1|1|A|10|0.0|0.0|0|4|2099.57|2099.57|0|0|0|0|0|0|0|0|0|0|0|0|0|||||06-Sep-2021|951.0|0|0||Z608|Z608|Y|N184|Y|F0280|N|M810|Y|N1830|Y|N182|Y|Z653|Y|E0922|N|Z940|Y|R809|Y|R809|Y|D4959|Y|D075|Y|E1121|Y|F1110|Y|R931|Y|E11319|Y|I259|Y|I4891|Y|R739|Y|E781|Y|E8881|Y|E119|Y|R7303|Y|D649|Y|W86|W86|Y| | | | | | | | | | | | | | | | | | | | | | |GZ3|06-Sep-2021|Z741|06-Sep-2021|F419|06-Sep-2021|Z1331|06-Sep-2021|Z1331|06-Sep-2021|||||||||||||||||||||||||||||||||||||||||0|0||5|450|G0444|3.0|2021-09-07T00:00:00|hospital_A|hospital_A_20210906
SYN_BENE_1133E9F435F4|SYN_CLM_0DF5DA16EA5C|V|60|06-Sep-2021|06-Sep-2021|10-Sep-2021||3|030115|1|1|1|| |2099.57|0.0| ||3|1275566200| |9999997494| |9999997494|||0|1| |2099.57|06-Sep-2021|1|1|A|10|0.0|0.0|0|4|2099.57|2099.57|0|0|0|0|0|0|0|0|0|0|0|0|0|||||06-Sep-2021|951.0|0|0||Z608|Z608|Y|N184|Y|F0280|N|M810|Y|N1830|Y|N182|Y|Z653|Y|E0922|N|Z940|Y|R809|Y|R809|Y|D4959|Y|D075|Y|E1121|Y|F1110|Y|R931|Y|E11319|Y|I259|Y|I4891|Y|R739|Y|E781|Y|E8881|Y|E119|Y|R7303|Y|D649|Y|W86|W86|Y| | | | | | | | | | | | | | | | | | | | | | |GZ3|06-Sep-2021|Z741|06-Sep-2021|F419|06-Sep-2021|Z1331|06-Sep-2021|Z1331|06-Sep-2021|||||||||||||||||||||||||||||||||||||||||0|0||1|450|99495|2.0|2021-09-07T00:00:00|hospital_A|hospital_A_20210906
SYN_BENE_1133E9F435F4|SYN_CLM_0DF5DA16EA5C|V|60|06-Sep-2021|06-Sep-2021|10-Sep-2021||3|030115|1|1|1|| |2099.57|0.0| ||3|1275566200| |9999997494| |9999997494|||0|1| |2099.57|06-Sep-2021|1|1|A|10|0.0|0.0|0|4|2099.57|2099.57|0|0|0|0|0|0|0|0|0|0|0|0|0|||||06-Sep-2021|951.0|0|0||Z608|Z608|Y|N184|Y|F0280|N|M810|Y|N1830|Y|N182|Y|Z653|Y|E0922|N|Z940|Y|R809|Y|R809|Y|D4959|Y|D075|Y|E1121|Y|F1110|Y|R931|Y|E11319|Y|I259|Y|I4891|Y|R739|Y|E781|Y|E8881|Y|E119|Y|R7303|Y|D649|Y|W86|W86|Y| | | | | | | | | | | | | | | | | | | | | | |GZ3|06-Sep-2021|Z741|06-Sep-2021|F419|06-Sep-2021|Z1331|06-Sep-2021|Z1331|06-Sep-2021|||||||||||||||||||||||||||||||||||||||||0|0||2|450|96156|2.0|2021-09-07T00:00:00|hospital_A|hospital_A_20210906
SYN_BENE_1133E9F435F4|SYN_CLM_0DF5DA16EA5C|V|60|06-Sep-2021|06-Sep-2021|10-Sep-2021||3|030115|1|1|1|| |2099.57|0.0| ||3|1275566200| |9999997494| |9999997494|||0|1| |2099.57|06-Sep-2021|1|1|A|10|0.0|0.0|0|4|2099.57|2099.57|0|0|0|0|0|0|0|0|0|0|0|0|0|||||06-Sep-2021|951.0|0|0||Z608|Z608|Y|N184|Y|F0280|N|M810|Y|N1830|Y|N182|Y|Z653|Y|E0922|N|Z940|Y|R809|Y|R809|Y|D4959|Y|D075|Y|E1121|Y|F1110|Y|R931|Y|E11319|Y|I259|Y|I4891|Y|R739|Y|E781|Y|E8881|Y|E119|Y|R7303|Y|D649|Y|W86|W86|Y| | | | | | | | | | | | | | | | | | | | | | |GZ3|06-Sep-2021|Z741|06-Sep-2021|F419|06-Sep-2021|Z1331|06-Sep-2021|Z1331|06-Sep-2021|||||||||||||||||||||||||||||||||||||||||0|0||3|450|96127|3.0|2021-09-07T00:00:00|hospital_A|hospital_A_20210906
SYN_BENE_1133E9F435F4|SYN_CLM_0DF5DA16EA5C|V|60|06-Sep-2021|06-Sep-2021|10-Sep-2021||3|030115|1|1|1|| |2099.57|0.0| ||3|1275566200| |9999997494| |9999997494|||0|1| |2099.57|06-Sep-2021|1|1|A|10|0.0|0.0|0|4|2099.57|2099.57|0|0|0|0|0|0|0|0|0|0|0|0|0|||||06-Sep-2021|951.0|0|0||Z608|Z608|Y|N184|Y|F0280|N|M810|Y|N1830|Y|N182|Y|Z653|Y|E0922|N|Z940|Y|R809|Y|R809|Y|D4959|Y|D075|Y|E1121|Y|F1110|Y|R931|Y|E11319|Y|I259|Y|I4891|Y|R739|Y|E781|Y|E8881|Y|E119|Y|R7303|Y|D649|Y|W86|W86|Y| | | | | | | | | | | | | | | | | | | | | | |GZ3|06-Sep-2021|Z741|06-Sep-2021|F419|06-Sep-2021|Z1331|06-Sep-2021|Z1331|06-Sep-2021|||||||||||||||||||||||||||||||||||||||||0|0||4|450|G0444|3.0|2021-09-07T00:00:00|hospital_A|hospital_A_20210906
SYN_BENE_1133E9F435F4|SYN_CLM_0DF5DA16EA5C|V|60|06-Sep-2021|06-Sep-2021|10-Sep-2021||3|030115|1|1|1|| |2099.57|0.0| ||3|1275566200| |9999997494| |9999997494|||0|1| |2099.57|06-Sep-2021|1|1|A|10|0.0|0.0|0|4|2099.57|2099.57|0|0|0|0|0|0|0|0|0|0|0|0|0|||||06-Sep-2021|951.0|0|0||Z608|Z608|Y|N184|Y|F0280|N|M810|Y|N1830|Y|N182|Y|Z653|Y|E0922|N|Z940|Y|R809|Y|R809|Y|D4959|Y|D075|Y|E1121|Y|F1110|Y|R931|Y|E11319|Y|I259|Y|I4891|Y|R739|Y|E781|Y|E8881|Y|E119|Y|R7303|Y|D649|Y|W86|W86|Y| | | | | | | | | | | | | | | | | | | | | | |GZ3|06-Sep-2021|Z741|06-Sep-2021|F419|06-Sep-2021|Z1331|06-Sep-2021|Z1331|06-Sep-2021|||||||||||||||||||||||||||||||||||||||||0|0||5|450|G0444|3.0|2021-09-07T00:00:00|hospital_A|hospital_A_20210906
SYN_BENE_0FEC20D1DC09|SYN_CLM_207909F4AFA2|V|60|06-Sep-2021|06-Sep-2021|10-Sep-2021||3|030115|1|1|1|| |2099.57|0.0| ||3|1275566200| |9999997494| |9999997494|||0|1| |2099.57|06-Sep-2021|1|1|A|10|0.0|0.0|0|4|2099.57|2099.57|0|0|0|0|0|0|0|0|0|0|0|0|0|||||06-Sep-2021|951.0|0|0||Z608|Z608|Y|N184|Y|F0280|N|M810|Y|N1830|Y|N182|Y|Z653|Y|E0922|N|Z940|Y|R809|Y|R809|Y|D4959|Y|D075|Y|E1121|Y|F1110|Y|R931|Y|E11319|Y|I259|Y|I4891|Y|R739|Y|E781|Y|E8881|Y|E119|Y|R7303|Y|D649|Y|W86|W86|Y| | | | | | | | | | | | | | | | | | | | | | |GZ3|06-Sep-2021|Z741|06-Sep-2021|F419|06-Sep-2021|Z1331|06-Sep-2021|Z1331|06-Sep-2021|||||||||||||||||||||||||||||||||||||||||0|0||1|450|99495|2.0|2021-09-07T00:00:00|hospital_A|hospital_A_20210906
SYN_BENE_0FEC20D1DC09|SYN_CLM_207909F4AFA2|V|60|06-Sep-2021|06-Sep-2021|10-Sep-2021||3|030115|1|1|1|| |2099.57|0.0| ||3|1275566200| |9999997494| |9999997494|||0|1| |2099.57|06-Sep-2021|1|1|A|10|0.0|0.0|0|4|2099.57|2099.57|0|0|0|0|0|0|0|0|0|0|0|0|0|||||06-Sep-2021|951.0|0|0||Z608|Z608|Y|N184|Y|F0280|N|M810|Y|N1830|Y|N182|Y|Z653|Y|E0922|N|Z940|Y|R809|Y|R809|Y|D4959|Y|D075|Y|E1121|Y|F1110|Y|R931|Y|E11319|Y|I259|Y|I4891|Y|R739|Y|E781|Y|E8881|Y|E119|Y|R7303|Y|D649|Y|W86|W86|Y| | | | | | | | | | | | | | | | | | | | | | |GZ3|06-Sep-2021|Z741|06-Sep-2021|F419|06-Sep-2021|Z1331|06-Sep-2021|Z1331|06-Sep-2021|||||||||||||||||||||||||||||||||||||||||0|0||2|450|96156|2.0|2021-09-07T00:00:00|hospital_A|hospital_A_20210906
SYN_BENE_0FEC20D1DC09|SYN_CLM_207909F4AFA2|V|60|06-Sep-2021|06-Sep-2021|10-Sep-2021||3|030115|1|1|1|| |2099.57|0.0| ||3|1275566200| |9999997494| |9999997494|||0|1| |2099.57|06-Sep-2021|1|1|A|10|0.0|0.0|0|4|2099.57|2099.57|0|0|0|0|0|0|0|0|0|0|0|0|0|||||06-Sep-2021|951.0|0|0||Z608|Z608|Y|N184|Y|F0280|N|M810|Y|N1830|Y|N182|Y|Z653|Y|E0922|N|Z940|Y|R809|Y|R809|Y|D4959|Y|D075|Y|E1121|Y|F1110|Y|R931|Y|E11319|Y|I259|Y|I4891|Y|R739|Y|E781|Y|E8881|Y|E119|Y|R7303|Y|D649|Y|W86|W86|Y| | | | | | | | | | | | | | | | | | | | | | |GZ3|06-Sep-2021|Z741|06-Sep-2021|F419|06-Sep-2021|Z1331|06-Sep-2021|Z1331|06-Sep-2021|||||||||||||||||||||||||||||||||||||||||0|0||3|450|96127|3.0|2021-09-07T00:00:00|hospital_A|hospital_A_20210906
SYN_BENE_0FEC20D1DC09|SYN_CLM_207909F4AFA2|V|60|06-Sep-2021|06-Sep-2021|10-Sep-2021||3|030115|1|1|1|| |2099.57|0.0| ||3|1275566200| |9999997494| |9999997494|||0|1| |2099.57|06-Sep-2021|1|1|A|10|0.0|0.0|0|4|2099.57|2099.57|0|0|0|0|0|0|0|0|0|0|0|0|0|||||06-Sep-2021|951.0|0|0||Z608|Z608|Y|N184|Y|F0280|N|M810|Y|N1830|Y|N182|Y|Z653|Y|E0922|N|Z940|Y|R809|Y|R809|Y|D4959|Y|D075|Y|E1121|Y|F1110|Y|R931|Y|E11319|Y|I259|Y|I4891|Y|R739|Y|E781|Y|E8881|Y|E119|Y|R7303|Y|D649|Y|W86|W86|Y| | | | | | | | | | | | | | | | | | | | | | |GZ3|06-Sep-2021|Z741|06-Sep-2021|F419|06-Sep-2021|Z1331|06-Sep-2021|Z1331|06-Sep-2021|||||||||||||||||||||||||||||||||||||||||0|0||4|450|G0444|3.0|2021-09-07T00:00:00|hospital_A|hospital_A_20210906
SYN_BENE_0FEC20D1DC09|SYN_CLM_207909F4AFA2|V|60|06-Sep-2021|06-Sep-2021|10-Sep-2021||3|030115|1|1|1|| |2099.57|0.0| ||3|1275566200| |9999997494| |9999997494|||0|1| |2099.57|06-Sep-2021|1|1|A|10|0.0|0.0|0|4|2099.57|2099.57|0|0|0|0|0|0|0|0|0|0|0|0|0|||||06-Sep-2021|951.0|0|0||Z608|Z608|Y|N184|Y|F0280|N|M810|Y|N1830|Y|N182|Y|Z653|Y|E0922|N|Z940|Y|R809|Y|R809|Y|D4959|Y|D075|Y|E1121|Y|F1110|Y|R931|Y|E11319|Y|I259|Y|I4891|Y|R739|Y|E781|Y|E8881|Y|E119|Y|R7303|Y|D649|Y|W86|W86|Y| | | | | | | | | | | | | | | | | | | | | | |GZ3|06-Sep-2021|Z741|06-Sep-2021|F419|06-Sep-2021|Z1331|06-Sep-2021|Z1331|06-Sep-2021|||||||||||||||||||||||||||||||||||||||||0|0||5|450|G0444|3.0|2021-09-07T00:00:00|hospital_A|hospital_A_20210906
SYN_BENE_60A31387AD29|SYN_CLM_07086A39ED62|V|60|06-Sep-2021|06-Sep-2021|10-Sep-2021||3|030115|1|1|1|| |2099.57|0.0| ||3|1275566200| |9999997494| |9999997494|||0|1| |2099.57|06-Sep-2021|1|1|A|10|0.0|0.0|0|4|2099.57|2099.57|0|0|0|0|0|0|0|0|0|0|0|0|0|||||06-Sep-2021|951.0|0|0||Z608|Z608|Y|N184|Y|F0280|N|M810|Y|N1830|Y|N182|Y|Z653|Y|E0922|N|Z940|Y|R809|Y|R809|Y|D4959|Y|D075|Y|E1121|Y|F1110|Y|R931|Y|E11319|Y|I259|Y|I4891|Y|R739|Y|E781|Y|E8881|Y|E119|Y|R7303|Y|D649|Y|W86|W86|Y| | | | | | | | | | | | | | | | | | | | | | |GZ3|06-Sep-2021|Z741|06-Sep-2021|F419|06-Sep-2021|Z1331|06-Sep-2021|Z1331|06-Sep-2021|||||||||||||||||||||||||||||||||||||||||0|0||1|450|99495|2.0|2021-09-07T00:00:00|hospital_A|hospital_A_20210906
SYN_BENE_60A31387AD29|SYN_CLM_07086A39ED62|V|60|06-Sep-2021|06-Sep-2021|10-Sep-2021||3|030115|1|1|1|| |2099.57|0.0| ||3|1275566200| |9999997494| |9999997494|||0|1| |2099.57|06-Sep-2021|1|1|A|10|0.0|0.0|0|4|2099.57|2099.57|0|0|0|0|0|0|0|0|0|0|0|0|0|||||06-Sep-2021|951.0|0|0||Z608|Z608|Y|N184|Y|F0280|N|M810|Y|N1830|Y|N182|Y|Z653|Y|E0922|N|Z940|Y|R809|Y|R809|Y|D4959|Y|D075|Y|E1121|Y|F1110|Y|R931|Y|E11319|Y|I259|Y|I4891|Y|R739|Y|E781|Y|E8881|Y|E119|Y|R7303|Y|D649|Y|W86|W86|Y| | | | | | | | | | | | | | | | | | | | | | |GZ3|06-Sep-2021|Z741|06-Sep-2021|F419|06-Sep-2021|Z1331|06-Sep-2021|Z1331|06-Sep-2021|||||||||||||||||||||||||||||||||||||||||0|0||2|450|96156|2.0|2021-09-07T00:00:00|hospital_A|hospital_A_20210906
SYN_BENE_60A31387AD29|SYN_CLM_07086A39ED62|V|60|06-Sep-2021|06-Sep-2021|10-Sep-2021||3|030115|1|1|1|| |2099.57|0.0| ||3|1275566200| |9999997494| |9999997494|||0|1| |2099.57|06-Sep-2021|1|1|A|10|0.0|0.0|0|4|2099.57|2099.57|0|0|0|0|0|0|0|0|0|0|0|0|0|||||06-Sep-2021|951.0|0|0||Z608|Z608|Y|N184|Y|F0280|N|M810|Y|N1830|Y|N182|Y|Z653|Y|E0922|N|Z940|Y|R809|Y|R809|Y|D4959|Y|D075|Y|E1121|Y|F1110|Y|R931|Y|E11319|Y|I259|Y|I4891|Y|R739|Y|E781|Y|E8881|Y|E119|Y|R7303|Y|D649|Y|W86|W86|Y| | | | | | | | | | | | | | | | | | | | | | |GZ3|06-Sep-2021|Z741|06-Sep-2021|F419|06-Sep-2021|Z1331|06-Sep-2021|Z1331|06-Sep-2021|||||||||||||||||||||||||||||||||||||||||0|0||3|450|96127|3.0|2021-09-07T00:00:00|hospital_A|hospital_A_20210906
SYN_BENE_60A31387AD29|SYN_CLM_07086A39ED62|V|60|06-Sep-2021|06-Sep-2021|10-Sep-2021||3|030115|1|1|1|| |2099.57|0.0| ||3|1275566200| |9999997494| |9999997494|||0|1| |2099.57|06-Sep-2021|1|1|A|10|0.0|0.0|0|4|2099.57|2099.57|0|0|0|0|0|0|0|0|0|0|0|0|0|||||06-Sep-2021|951.0|0|0||Z608|Z608|Y|N184|Y|F0280|N|M810|Y|N1830|Y|N182|Y|Z653|Y|E0922|N|Z940|Y|R809|Y|R809|Y|D4959|Y|D075|Y|E1121|Y|F1110|Y|R931|Y|E11319|Y|I259|Y|I4891|Y|R739|Y|E781|Y|E8881|Y|E119|Y|R7303|Y|D649|Y|W86|W86|Y| | | | | | | | | | | | | | | | | | | | | | |GZ3|06-Sep-2021|Z741|06-Sep-2021|F419|06-Sep-2021|Z1331|06-Sep-2021|Z1331|06-Sep-2021|||||||||||||||||||||||||||||||||||||||||0|0||4|450|G0444|3.0|2021-09-07T00:00:00|hospital_A|hospital_A_20210906
SYN_BENE_60A31387AD29|SYN_CLM_07086A39ED62|V|60|06-Sep-2021|06-Sep-2021|10-Sep-2021||3|030115|1|1|1|| |2099.57|0.0| ||3|1275566200| |9999997494| |9999997494|||0|1| |2099.57|06-Sep-2021|1|1|A|10|0.0|0.0|0|4|2099.57|2099.57|0|0|0|0|0|0|0|0|0|0|0|0|0|||||06-Sep-2021|951.0|0|0||Z608|Z608|Y|N184|Y|F0280|N|M810|Y|N1830|Y|N182|Y|Z653|Y|E0922|N|Z940|Y|R809|Y|R809|Y|D4959|Y|D075|Y|E1121|Y|F1110|Y|R931|Y|E11319|Y|I259|Y|I4891|Y|R739|Y|E781|Y|E8881|Y|E119|Y|R7303|Y|D649|Y|W86|W86|Y| | | | | | | | | | | | | | | | | | | | | | |GZ3|06-Sep-2021|Z741|06-Sep-2021|F419|06-Sep-2021|Z1331|06-Sep-2021|Z1331|06-Sep-2021|||||||||||||||||||||||||||||||||||||||||0|0||5|450|G0444|3.0|2021-09-07T00:00:00|hospital_A|hospital_A_20210906
SYN_BENE_C9503E0C7BC4|SYN_CLM_B6EEEDF71E07|V|60|06-Sep-2021|06-Sep-2021|10-Sep-2021||3|030115|1|1|1|| |2099.57|0.0| ||3|1275566200| |9999997494| |9999997494|||0|1| |2099.57|06-Sep-2021|1|1|A|10|0.0|0.0|0|4|2099.57|2099.57|0|0|0|0|0|0|0|0|0|0|0|0|0|||||06-Sep-2021|951.0|0|0||Z608|Z608|Y|N184|Y|F0280|N|M810|Y|N1830|Y|N182|Y|Z653|Y|E0922|N|Z940|Y|R809|Y|R809|Y|D4959|Y|D075|Y|E1121|Y|F1110|Y|R931|Y|E11319|Y|I259|Y|I4891|Y|R739|Y|E781|Y|E8881|Y|E119|Y|R7303|Y|D649|Y|W86|W86|Y| | | | | | | | | | | | | | | | | | | | | | |GZ3|06-Sep-2021|Z741|06-Sep-2021|F419|06-Sep-2021|Z1331|06-Sep-2021|Z1331|06-Sep-2021|||||||||||||||||||||||||||||||||||||||||0|0||1|450|99495|2.0|2021-09-07T00:00:00|hospital_A|hospital_A_20210906
SYN_BENE_C9503E0C7BC4|SYN_CLM_B6EEEDF71E07|V|60|06-Sep-2021|06-Sep-2021|10-Sep-2021||3|030115|1|1|1|| |2099.57|0.0| ||3|1275566200| |9999997494| |9999997494|||0|1| |2099.57|06-Sep-2021|1|1|A|10|0.0|0.0|0|4|2099.57|2099.57|0|0|0|0|0|0|0|0|0|0|0|0|0|||||06-Sep-2021|951.0|0|0||Z608|Z608|Y|N184|Y|F0280|N|M810|Y|N1830|Y|N182|Y|Z653|Y|E0922|N|Z940|Y|R809|Y|R809|Y|D4959|Y|D075|Y|E1121|Y|F1110|Y|R931|Y|E11319|Y|I259|Y|I4891|Y|R739|Y|E781|Y|E8881|Y|E119|Y|R7303|Y|D649|Y|W86|W86|Y| | | | | | | | | | | | | | | | | | | | | | |GZ3|06-Sep-2021|Z741|06-Sep-2021|F419|06-Sep-2021|Z1331|06-Sep-2021|Z1331|06-Sep-2021|||||||||||||||||||||||||||||||||||||||||0|0||2|450|96156|2.0|2021-09-07T00:00:00|hospital_A|hospital_A_20210906
SYN_BENE_C9503E0C7BC4|SYN_CLM_B6EEEDF71E07|V|60|06-Sep-2021|06-Sep-2021|10-Sep-2021||3|030115|1|1|1|| |2099.57|0.0| ||3|1275566200| |9999997494| |9999997494|||0|1| |2099.57|06-Sep-2021|1|1|A|10|0.0|0.0|0|4|2099.57|2099.57|0|0|0|0|0|0|0|0|0|0|0|0|0|||||06-Sep-2021|951.0|0|0||Z608|Z608|Y|N184|Y|F0280|N|M810|Y|N1830|Y|N182|Y|Z653|Y|E0922|N|Z940|Y|R809|Y|R809|Y|D4959|Y|D075|Y|E1121|Y|F1110|Y|R931|Y|E11319|Y|I259|Y|I4891|Y|R739|Y|E781|Y|E8881|Y|E119|Y|R7303|Y|D649|Y|W86|W86|Y| | | | | | | | | | | | | | | | | | | | | | |GZ3|06-Sep-2021|Z741|06-Sep-2021|F419|06-Sep-2021|Z1331|06-Sep-2021|Z1331|06-Sep-2021|||||||||||||||||||||||||||||||||||||||||0|0||3|450|96127|3.0|2021-09-07T00:00:00|hospital_A|hospital_A_20210906
SYN_BENE_C9503E0C7BC4|SYN_CLM_B6EEEDF71E07|V|60|06-Sep-2021|06-Sep-2021|10-Sep-2021||3|030115|1|1|1|| |2099.57|0.0| ||3|1275566200| |9999997494| |9999997494|||0|1| |2099.57|06-Sep-2021|1|1|A|10|0.0|0.0|0|4|2099.57|2099.57|0|0|0|0|0|0|0|0|0|0|0|0|0|||||06-Sep-2021|951.0|0|0||Z608|Z608|Y|N184|Y|F0280|N|M810|Y|N1830|Y|N182|Y|Z653|Y|E0922|N|Z940|Y|R809|Y|R809|Y|D4959|Y|D075|Y|E1121|Y|F1110|Y|R931|Y|E11319|Y|I259|Y|I4891|Y|R739|Y|E781|Y|E8881|Y|E119|Y|R7303|Y|D649|Y|W86|W86|Y| | | | | | | | | | | | | | | | | | | | | | |GZ3|06-Sep-2021|Z741|06-Sep-2021|F419|06-Sep-2021|Z1331|06-Sep-2021|Z1331|06-Sep-2021|||||||||||||||||||||||||||||||||||||||||0|0||4|450|G0444|3.0|2021-09-07T00:00:00|hospital_A|hospital_A_20210906
SYN_BENE_C9503E0C7BC4|SYN_CLM_B6EEEDF71E07|V|60|06-Sep-2021|06-Sep-2021|10-Sep-2021||3|030115|1|1|1|| |2099.57|0.0| ||3|1275566200| |9999997494| |9999997494|||0|1| |2099.57|06-Sep-2021|1|1|A|10|0.0|0.0|0|4|2099.57|2099.57|0|0|0|0|0|0|0|0|0|0|0|0|0|||||06-Sep-2021|951.0|0|0||Z608|Z608|Y|N184|Y|F0280|N|M810|Y|N1830|Y|N182|Y|Z653|Y|E0922|N|Z940|Y|R809|Y|R809|Y|D4959|Y|D075|Y|E1121|Y|F1110|Y|R931|Y|E11319|Y|I259|Y|I4891|Y|R739|Y|E781|Y|E8881|Y|E119|Y|R7303|Y|D649|Y|W86|W86|Y| | | | | | | | | | | | | | | | | | | | | | |GZ3|06-Sep-2021|Z741|06-Sep-2021|F419|06-Sep-2021|Z1331|06-Sep-2021|Z1331|06-Sep-2021|||||||||||||||||||||||||||||||||||||||||0|0||5|450|G0444|3.0|2021-09-07T00:00:00|hospital_A|hospital_A_20210906
SYN_BENE_BE9906AC1C73|SYN_CLM_13B57B1B4A9C|V|60|06-Sep-2021|06-Sep-2021|10-Sep-2021||3|030115|1|1|1|| |2099.57|0.0| ||3|1275566200| |9999997494| |9999997494|||0|1| |2099.57|06-Sep-2021|1|1|A|10|0.0|0.0|0|4|2099.57|2099.57|0|0|0|0|0|0|0|0|0|0|0|0|0|||||06-Sep-2021|951.0|0|0||Z608|Z608|Y|N184|Y|F0280|N|M810|Y|N1830|Y|N182|Y|Z653|Y|E0922|N|Z940|Y|R809|Y|R809|Y|D4959|Y|D075|Y|E1121|Y|F1110|Y|R931|Y|E11319|Y|I259|Y|I4891|Y|R739|Y|E781|Y|E8881|Y|E119|Y|R7303|Y|D649|Y|W86|W86|Y| | | | | | | | | | | | | | | | | | | | | | |GZ3|06-Sep-2021|Z741|06-Sep-2021|F419|06-Sep-2021|Z1331|06-Sep-2021|Z1331|06-Sep-2021|||||||||||||||||||||||||||||||||||||||||0|0||1|450|99495|2.0|2021-09-07T00:00:00|hospital_A|hospital_A_20210906
SYN_BENE_BE9906AC1C73|SYN_CLM_13B57B1B4A9C|V|60|06-Sep-2021|06-Sep-2021|10-Sep-2021||3|030115|1|1|1|| |2099.57|0.0| ||3|1275566200| |9999997494| |9999997494|||0|1| |2099.57|06-Sep-2021|1|1|A|10|0.0|0.0|0|4|2099.57|2099.57|0|0|0|0|0|0|0|0|0|0|0|0|0|||||06-Sep-2021|951.0|0|0||Z608|Z608|Y|N184|Y|F0280|N|M810|Y|N1830|Y|N182|Y|Z653|Y|E0922|N|Z940|Y|R809|Y|R809|Y|D4959|Y|D075|Y|E1121|Y|F1110|Y|R931|Y|E11319|Y|I259|Y|I4891|Y|R739|Y|E781|Y|E8881|Y|E119|Y|R7303|Y|D649|Y|W86|W86|Y| | | | | | | | | | | | | | | | | | | | | | |GZ3|06-Sep-2021|Z741|06-Sep-2021|F419|06-Sep-2021|Z1331|06-Sep-2021|Z1331|06-Sep-2021|||||||||||||||||||||||||||||||||||||||||0|0||2|450|96156|2.0|2021-09-07T00:00:00|hospital_A|hospital_A_20210906
SYN_BENE_BE9906AC1C73|SYN_CLM_13B57B1B4A9C|V|60|06-Sep-2021|06-Sep-2021|10-Sep-2021||3|030115|1|1|1|| |2099.57|0.0| ||3|1275566200| |9999997494| |9999997494|||0|1| |2099.57|06-Sep-2021|1|1|A|10|0.0|0.0|0|4|2099.57|2099.57|0|0|0|0|0|0|0|0|0|0|0|0|0|||||06-Sep-2021|951.0|0|0||Z608|Z608|Y|N184|Y|F0280|N|M810|Y|N1830|Y|N182|Y|Z653|Y|E0922|N|Z940|Y|R809|Y|R809|Y|D4959|Y|D075|Y|E1121|Y|F1110|Y|R931|Y|E11319|Y|I259|Y|I4891|Y|R739|Y|E781|Y|E8881|Y|E119|Y|R7303|Y|D649|Y|W86|W86|Y| | | | | | | | | | | | | | | | | | | | | | |GZ3|06-Sep-2021|Z741|06-Sep-2021|F419|06-Sep-2021|Z1331|06-Sep-2021|Z1331|06-Sep-2021|||||||||||||||||||||||||||||||||||||||||0|0||3|450|96127|3.0|2021-09-07T00:00:00|hospital_A|hospital_A_20210906
SYN_BENE_BE9906AC1C73|SYN_CLM_13B57B1B4A9C|V|60|06-Sep-2021|06-Sep-2021|10-Sep-2021||3|030115|1|1|1|| |2099.57|0.0| ||3|1275566200| |9999997494| |9999997494|||0|1| |2099.57|06-Sep-2021|1|1|A|10|0.0|0.0|0|4|2099.57|2099.57|0|0|0|0|0|0|0|0|0|0|0|0|0|||||06-Sep-2021|951.0|0|0||Z608|Z608|Y|N184|Y|F0280|N|M810|Y|N1830|Y|N182|Y|Z653|Y|E0922|N|Z940|Y|R809|Y|R809|Y|D4959|Y|D075|Y|E1121|Y|F1110|Y|R931|Y|E11319|Y|I259|Y|I4891|Y|R739|Y|E781|Y|E8881|Y|E119|Y|R7303|Y|D649|Y|W86|W86|Y| | | | | | | | | | | | | | | | | | | | | | |GZ3|06-Sep-2021|Z741|06-Sep-2021|F419|06-Sep-2021|Z1331|06-Sep-2021|Z1331|06-Sep-2021|||||||||||||||||||||||||||||||||||||||||0|0||4|450|G0444|3.0|2021-09-07T00:00:00|hospital_A|hospital_A_20210906
SYN_BENE_BE9906AC1C73|SYN_CLM_13B57B1B4A9C|V|60|06-Sep-2021|06-Sep-2021|10-Sep-2021||3|030115|1|1|1|| |2099.57|0.0| ||3|1275566200| |9999997494| |9999997494|||0|1| |2099.57|06-Sep-2021|1|1|A|10|0.0|0.0|0|4|2099.57|2099.57|0|0|0|0|0|0|0|0|0|0|0|0|0|||||06-Sep-2021|951.0|0|0||Z608|Z608|Y|N184|Y|F0280|N|M810|Y|N1830|Y|N182|Y|Z653|Y|E0922|N|Z940|Y|R809|Y|R809|Y|D4959|Y|D075|Y|E1121|Y|F1110|Y|R931|Y|E11319|Y|I259|Y|I4891|Y|R739|Y|E781|Y|E8881|Y|E119|Y|R7303|Y|D649|Y|W86|W86|Y| | | | | | | | | | | | | | | | | | | | | | |GZ3|06-Sep-2021|Z741|06-Sep-2021|F419|06-Sep-2021|Z1331|06-Sep-2021|Z1331|06-Sep-2021|||||||||||||||||||||||||||||||||||||||||0|0||5|450|G0444|3.0|2021-09-07T00:00:00|hospital_A|hospital_A_20210906
SYN_BENE_74FD0CD8E0EE|SYN_CLM_2F27ACF37DFC|V|60|06-Sep-2021|06-Sep-2021|10-Sep-2021||3|030115|1|1|1|| |2099.57|0.0| ||3|1275566200| |9999997494| |9999997494|||0|1| |2099.57|06-Sep-2021|1|1|A|10|0.0|0.0|0|4|2099.57|2099.57|0|0|0|0|0|0|0|0|0|0|0|0|0|||||06-Sep-2021|951.0|0|0||Z608|Z608|Y|N184|Y|F0280|N|M810|Y|N1830|Y|N182|Y|Z653|Y|E0922|N|Z940|Y|R809|Y|R809|Y|D4959|Y|D075|Y|E1121|Y|F1110|Y|R931|Y|E11319|Y|I259|Y|I4891|Y|R739|Y|E781|Y|E8881|Y|E119|Y|R7303|Y|D649|Y|W86|W86|Y| | | | | | | | | | | | | | | | | | | | | | |GZ3|06-Sep-2021|Z741|06-Sep-2021|F419|06-Sep-2021|Z1331|06-Sep-2021|Z1331|06-Sep-2021|||||||||||||||||||||||||||||||||||||||||0|0||1|450|99495|2.0|2021-09-07T00:00:00|hospital_A|hospital_A_20210906
SYN_BENE_74FD0CD8E0EE|SYN_CLM_2F27ACF37DFC|V|60|06-Sep-2021|06-Sep-2021|10-Sep-2021||3|030115|1|1|1|| |2099.57|0.0| ||3|1275566200| |9999997494| |9999997494|||0|1| |2099.57|06-Sep-2021|1|1|A|10|0.0|0.0|0|4|2099.57|2099.57|0|0|0|0|0|0|0|0|0|0|0|0|0|||||06-Sep-2021|951.0|0|0||Z608|Z608|Y|N184|Y|F0280|N|M810|Y|N1830|Y|N182|Y|Z653|Y|E0922|N|Z940|Y|R809|Y|R809|Y|D4959|Y|D075|Y|E1121|Y|F1110|Y|R931|Y|E11319|Y|I259|Y|I4891|Y|R739|Y|E781|Y|E8881|Y|E119|Y|R7303|Y|D649|Y|W86|W86|Y| | | | | | | | | | | | | | | | | | | | | | |GZ3|06-Sep-2021|Z741|06-Sep-2021|F419|06-Sep-2021|Z1331|06-Sep-2021|Z1331|06-Sep-2021|||||||||||||||||||||||||||||||||||||||||0|0||2|450|96156|2.0|2021-09-07T00:00:00|hospital_A|hospital_A_20210906
SYN_BENE_74FD0CD8E0EE|SYN_CLM_2F27ACF37DFC|V|60|06-Sep-2021|06-Sep-2021|10-Sep-2021||3|030115|1|1|1|| |2099.57|0.0| ||3|1275566200| |9999997494| |9999997494|||0|1| |2099.57|06-Sep-2021|1|1|A|10|0.0|0.0|0|4|2099.57|2099.57|0|0|0|0|0|0|0|0|0|0|0|0|0|||||06-Sep-2021|951.0|0|0||Z608|Z608|Y|N184|Y|F0280|N|M810|Y|N1830|Y|N182|Y|Z653|Y|E0922|N|Z940|Y|R809|Y|R809|Y|D4959|Y|D075|Y|E1121|Y|F1110|Y|R931|Y|E11319|Y|I259|Y|I4891|Y|R739|Y|E781|Y|E8881|Y|E119|Y|R7303|Y|D649|Y|W86|W86|Y| | | | | | | | | | | | | | | | | | | | | | |GZ3|06-Sep-2021|Z741|06-Sep-2021|F419|06-Sep-2021|Z1331|06-Sep-2021|Z1331|06-Sep-2021|||||||||||||||||||||||||||||||||||||||||0|0||3|450|96127|3.0|2021-09-07T00:00:00|hospital_A|hospital_A_20210906
SYN_BENE_74FD0CD8E0EE|SYN_CLM_2F27ACF37DFC|V|60|06-Sep-2021|06-Sep-2021|10-Sep-2021||3|030115|1|1|1|| |2099.57|0.0| ||3|1275566200| |9999997494| |9999997494|||0|1| |2099.57|06-Sep-2021|1|1|A|10|0.0|0.0|0|4|2099.57|2099.57|0|0|0|0|0|0|0|0|0|0|0|0|0|||||06-Sep-2021|951.0|0|0||Z608|Z608|Y|N184|Y|F0280|N|M810|Y|N1830|Y|N182|Y|Z653|Y|E0922|N|Z940|Y|R809|Y|R809|Y|D4959|Y|D075|Y|E1121|Y|F1110|Y|R931|Y|E11319|Y|I259|Y|I4891|Y|R739|Y|E781|Y|E8881|Y|E119|Y|R7303|Y|D649|Y|W86|W86|Y| | | | | | | | | | | | | | | | | | | | | | |GZ3|06-Sep-2021|Z741|06-Sep-2021|F419|06-Sep-2021|Z1331|06-Sep-2021|Z1331|06-Sep-2021|||||||||||||||||||||||||||||||||||||||||0|0||4|450|G0444|3.0|2021-09-07T00:00:00|hospital_A|hospital_A_20210906
SYN_BENE_74FD0CD8E0EE|SYN_CLM_2F27ACF37DFC|V|60|06-Sep-2021|06-Sep-2021|10-Sep-2021||3|030115|1|1|1|| |2099.57|0.0| ||3|1275566200| |9999997494| |9999997494|||0|1| |2099.57|06-Sep-2021|1|1|A|10|0.0|0.0|0|4|2099.57|2099.57|0|0|0|0|0|0|0|0|0|0|0|0|0|||||06-Sep-2021|951.0|0|0||Z608|Z608|Y|N184|Y|F0280|N|M810|Y|N1830|Y|N182|Y|Z653|Y|E0922|N|Z940|Y|R809|Y|R809|Y|D4959|Y|D075|Y|E1121|Y|F1110|Y|R931|Y|E11319|Y|I259|Y|I4891|Y|R739|Y|E781|Y|E8881|Y|E119|Y|R7303|Y|D649|Y|W86|W86|Y| | | | | | | | | | | | | | | | | | | | | | |GZ3|06-Sep-2021|Z741|06-Sep-2021|F419|06-Sep-2021|Z1331|06-Sep-2021|Z1331|06-Sep-2021|||||||||||||||||||||||||||||||||||||||||0|0||5|450|G0444|3.0|2021-09-07T00:00:00|hospital_A|hospital_A_20210906
SYN_BENE_481CF538BEE5|SYN_CLM_849E9EAA8E9B|V|60|06-Sep-2021|06-Sep-2021|10-Sep-2021||3|030115|1|1|1|| |2099.57|0.0| ||3|1275566200| |9999997494| |9999997494|||0|1| |2099.57|06-Sep-2021|1|1|A|10|0.0|0.0|0|4|2099.57|2099.57|0|0|0|0|0|0|0|0|0|0|0|0|0|||||06-Sep-2021|951.0|0|0||Z608|Z608|Y|N184|Y|F0280|N|M810|Y|N1830|Y|N182|Y|Z653|Y|E0922|N|Z940|Y|R809|Y|R809|Y|D4959|Y|D075|Y|E1121|Y|F1110|Y|R931|Y|E11319|Y|I259|Y|I4891|Y|R739|Y|E781|Y|E8881|Y|E119|Y|R7303|Y|D649|Y|W86|W86|Y| | | | | | | | | | | | | | | | | | | | | | |GZ3|06-Sep-2021|Z741|06-Sep-2021|F419|06-Sep-2021|Z1331|06-Sep-2021|Z1331|06-Sep-2021|||||||||||||||||||||||||||||||||||||||||0|0||1|450|99495|2.0|2021-09-07T00:00:00|hospital_A|hospital_A_20210906
SYN_BENE_481CF538BEE5|SYN_CLM_849E9EAA8E9B|V|60|06-Sep-2021|06-Sep-2021|10-Sep-2021||3|030115|1|1|1|| |2099.57|0.0| ||3|1275566200| |9999997494| |9999997494|||0|1| |2099.57|06-Sep-2021|1|1|A|10|0.0|0.0|0|4|2099.57|2099.57|0|0|0|0|0|0|0|0|0|0|0|0|0|||||06-Sep-2021|951.0|0|0||Z608|Z608|Y|N184|Y|F0280|N|M810|Y|N1830|Y|N182|Y|Z653|Y|E0922|N|Z940|Y|R809|Y|R809|Y|D4959|Y|D075|Y|E1121|Y|F1110|Y|R931|Y|E11319|Y|I259|Y|I4891|Y|R739|Y|E781|Y|E8881|Y|E119|Y|R7303|Y|D649|Y|W86|W86|Y| | | | | | | | | | | | | | | | | | | | | | |GZ3|06-Sep-2021|Z741|06-Sep-2021|F419|06-Sep-2021|Z1331|06-Sep-2021|Z1331|06-Sep-2021|||||||||||||||||||||||||||||||||||||||||0|0||2|450|96156|2.0|2021-09-07T00:00:00|hospital_A|hospital_A_20210906
SYN_BENE_481CF538BEE5|SYN_CLM_849E9EAA8E9B|V|60|06-Sep-2021|06-Sep-2021|10-Sep-2021||3|030115|1|1|1|| |2099.57|0.0| ||3|1275566200| |9999997494| |9999997494|||0|1| |2099.57|06-Sep-2021|1|1|A|10|0.0|0.0|0|4|2099.57|2099.57|0|0|0|0|0|0|0|0|0|0|0|0|0|||||06-Sep-2021|951.0|0|0||Z608|Z608|Y|N184|Y|F0280|N|M810|Y|N1830|Y|N182|Y|Z653|Y|E0922|N|Z940|Y|R809|Y|R809|Y|D4959|Y|D075|Y|E1121|Y|F1110|Y|R931|Y|E11319|Y|I259|Y|I4891|Y|R739|Y|E781|Y|E8881|Y|E119|Y|R7303|Y|D649|Y|W86|W86|Y| | | | | | | | | | | | | | | | | | | | | | |GZ3|06-Sep-2021|Z741|06-Sep-2021|F419|06-Sep-2021|Z1331|06-Sep-2021|Z1331|06-Sep-2021|||||||||||||||||||||||||||||||||||||||||0|0||3|450|96127|3.0|2021-09-07T00:00:00|hospital_A|hospital_A_20210906
SYN_BENE_481CF538BEE5|SYN_CLM_849E9EAA8E9B|V|60|06-Sep-2021|06-Sep-2021|10-Sep-2021||3|030115|1|1|1|| |2099.57|0.0| ||3|1275566200| |9999997494| |9999997494|||0|1| |2099.57|06-Sep-2021|1|1|A|10|0.0|0.0|0|4|2099.57|2099.57|0|0|0|0|0|0|0|0|0|0|0|0|0|||||06-Sep-2021|951.0|0|0||Z608|Z608|Y|N184|Y|F0280|N|M810|Y|N1830|Y|N182|Y|Z653|Y|E0922|N|Z940|Y|R809|Y|R809|Y|D4959|Y|D075|Y|E1121|Y|F1110|Y|R931|Y|E11319|Y|I259|Y|I4891|Y|R739|Y|E781|Y|E8881|Y|E119|Y|R7303|Y|D649|Y|W86|W86|Y| | | | | | | | | | | | | | | | | | | | | | |GZ3|06-Sep-2021|Z741|06-Sep-2021|F419|06-Sep-2021|Z1331|06-Sep-2021|Z1331|06-Sep-2021|||||||||||||||||||||||||||||||||||||||||0|0||4|450|G0444|3.0|2021-09-07T00:00:00|hospital_A|hospital_A_20210906
SYN_BENE_481CF538BEE5|SYN_CLM_849E9EAA8E9B|V|60|06-Sep-2021|06-Sep-2021|10-Sep-2021||3|030115|1|1|1|| |2099.57|0.0| ||3|1275566200| |9999997494| |9999997494|||0|1| |2099.57|06-Sep-2021|1|1|A|10|0.0|0.0|0|4|2099.57|2099.57|0|0|0|0|0|0|0|0|0|0|0|0|0|||||06-Sep-2021|951.0|0|0||Z608|Z608|Y|N184|Y|F0280|N|M810|Y|N1830|Y|N182|Y|Z653|Y|E0922|N|Z940|Y|R809|Y|R809|Y|D4959|Y|D075|Y|E1121|Y|F1110|Y|R931|Y|E11319|Y|I259|Y|I4891|Y|R739|Y|E781|Y|E8881|Y|E119|Y|R7303|Y|D649|Y|W86|W86|Y| | | | | | | | | | | | | | | | | | | | | | |GZ3|06-Sep-2021|Z741|06-Sep-2021|F419|06-Sep-2021|Z1331|06-Sep-2021|Z1331|06-Sep-2021|||||||||||||||||||||||||||||||||||||||||0|0||5|450|G0444|3.0|2021-09-07T00:00:00|hospital_A|hospital_A_20210906
