BENE_ID|CLM_ID|NCH_NEAR_LINE_REC_IDENT_CD|NCH_CLM_TYPE_CD|CLM_FROM_DT|CLM_THRU_DT|NCH_WKLY_PROC_DT|FI_CLM_PROC_DT|CLAIM_QUERY_CODE|PRVDR_NUM|CLM_FAC_TYPE_CD|CLM_SRVC_CLSFCTN_TYPE_CD|CLM_FREQ_CD|FI_NUM|CLM_MDCR_NON_PMT_RSN_CD|CLM_PMT_AMT|NCH_PRMRY_PYR_CLM_PD_AMT|NCH_PRMRY_PYR_CD|FI_CLM_ACTN_CD|PRVDR_STATE_CD|ORG_NPI_NUM|AT_PHYSN_UPIN|AT_PHYSN_NPI|OP_PHYSN_UPIN|OP_PHYSN_NPI|OT_PHYSN_UPIN|OT_PHYSN_NPI|CLM_MCO_PD_SW|PTNT_DSCHRG_STUS_CD|CLM_PPS_IND_CD|CLM_TOT_CHRG_AMT|CLM_ADMSN_DT|CLM_IP_ADMSN_TYPE_CD|CLM_SRC_IP_ADMSN_CD|NCH_PTNT_STATUS_IND_CD|CLM_PASS_THRU_PER_DIEM_AMT|NCH_BENE_IP_DDCTBL_AMT|NCH_BENE_PTA_COINSRNC_LBLTY_AM|NCH_BENE_BLOOD_DDCTBL_LBLTY_AM|NCH_PROFNL_CMPNT_CHRG_AMT|NCH_IP_NCVRD_CHRG_AMT|NCH_IP_TOT_DDCTN_AMT|CLM_TOT_PPS_CPTL_AMT|CLM_PPS_CPTL_FSP_AMT|CLM_PPS_CPTL_OUTLIER_AMT|CLM_PPS_CPTL_DSPRPRTNT_SHR_AMT|CLM_PPS_CPTL_IME_AMT|CLM_PPS_CPTL_EXCPTN_AMT|CLM_PPS_OLD_CPTL_HLD_HRMLS_AMT|CLM_PPS_CPTL_DRG_WT_NUM|CLM_UTLZTN_DAY_CNT|BENE_TOT_COINSRNC_DAYS_CNT|BENE_LRD_USED_CNT|CLM_NON_UTLZTN_DAYS_CNT|NCH_BLOOD_PNTS_FRNSHD_QTY|NCH_VRFD_NCVRD_STAY_FROM_DT|NCH_VRFD_NCVRD_STAY_THRU_DT|NCH_ACTV_OR_CVRD_LVL_CARE_THRU|NCH_BENE_MDCR_BNFTS_EXHTD_DT_I|NCH_BENE_DSCHRG_DT|CLM_DRG_CD|CLM_DRG_OUTLIER_STAY_CD|NCH_DRG_OUTLIER_APRVD_PMT_AMT|ADMTG_DGNS_CD|PRNCPAL_DGNS_CD|ICD_DGNS_CD1|CLM_POA_IND_SW1|ICD_DGNS_CD2|CLM_POA_IND_SW2|ICD_DGNS_CD3|CLM_POA_IND_SW3|ICD_DGNS_CD4|CLM_POA_IND_SW4|ICD_DGNS_CD5|CLM_POA_IND_SW5|ICD_DGNS_CD6|CLM_POA_IND_SW6|ICD_DGNS_CD7|CLM_POA_IND_SW7|ICD_DGNS_CD8|CLM_POA_IND_SW8|ICD_DGNS_CD9|CLM_POA_IND_SW9|ICD_DGNS_CD10|CLM_POA_IND_SW10|ICD_DGNS_CD11|CLM_POA_IND_SW11|ICD_DGNS_CD12|CLM_POA_IND_SW12|ICD_DGNS_CD13|CLM_POA_IND_SW13|ICD_DGNS_CD14|CLM_POA_IND_SW14|ICD_DGNS_CD15|CLM_POA_IND_SW15|ICD_DGNS_CD16|CLM_POA_IND_SW16|ICD_DGNS_CD17|CLM_POA_IND_SW17|ICD_DGNS_CD18|CLM_POA_IND_SW18|ICD_DGNS_CD19|CLM_POA_IND_SW19|ICD_DGNS_CD20|CLM_POA_IND_SW20|ICD_DGNS_CD21|CLM_POA_IND_SW21|ICD_DGNS_CD22|CLM_POA_IND_SW22|ICD_DGNS_CD23|CLM_POA_IND_SW23|ICD_DGNS_CD24|CLM_POA_IND_SW24|ICD_DGNS_CD25|CLM_POA_IND_SW25|FST_DGNS_E_CD|ICD_DGNS_E_CD1|CLM_E_POA_IND_SW1|ICD_DGNS_E_CD2|CLM_E_POA_IND_SW2|ICD_DGNS_E_CD3|CLM_E_POA_IND_SW3|ICD_DGNS_E_CD4|CLM_E_POA_IND_SW4|ICD_DGNS_E_CD5|CLM_E_POA_IND_SW5|ICD_DGNS_E_CD6|CLM_E_POA_IND_SW6|ICD_DGNS_E_CD7|CLM_E_POA_IND_SW7|ICD_DGNS_E_CD8|CLM_E_POA_IND_SW8|ICD_DGNS_E_CD9|CLM_E_POA_IND_SW9|ICD_DGNS_E_CD10|CLM_E_POA_IND_SW10|ICD_DGNS_E_CD11|CLM_E_POA_IND_SW11|ICD_DGNS_E_CD12|CLM_E_POA_IND_SW12|ICD_PRCDR_CD1|PRCDR_DT1|ICD_PRCDR_CD2|PRCDR_DT2|ICD_PRCDR_CD3|PRCDR_DT3|ICD_PRCDR_CD4|PRCDR_DT4|ICD_PRCDR_CD5|PRCDR_DT5|ICD_PRCDR_CD6|PRCDR_DT6|ICD_PRCDR_CD7|PRCDR_DT7|ICD_PRCDR_CD8|PRCDR_DT8|ICD_PRCDR_CD9|PRCDR_DT9|ICD_PRCDR_CD10|PRCDR_DT10|ICD_PRCDR_CD11|PRCDR_DT11|ICD_PRCDR_CD12|PRCDR_DT12|ICD_PRCDR_CD13|PRCDR_DT13|ICD_PRCDR_CD14|PRCDR_DT14|ICD_PRCDR_CD15|PRCDR_DT15|ICD_PRCDR_CD16|PRCDR_DT16|ICD_PRCDR_CD17|PRCDR_DT17|ICD_PRCDR_CD18|PRCDR_DT18|ICD_PRCDR_CD19|PRCDR_DT19|ICD_PRCDR_CD20|PRCDR_DT20|ICD_PRCDR_CD21|PRCDR_DT21|ICD_PRCDR_CD22|PRCDR_DT22|ICD_PRCDR_CD23|PRCDR_DT23|ICD_PRCDR_CD24|PRCDR_DT24|ICD_PRCDR_CD25|PRCDR_DT25|IME_OP_CLM_VAL_AMT|DSH_OP_CLM_VAL_AMT|CLM_UNCOMPD_CARE_PMT_AMT|CLM_LINE_NUM|REV_CNTR|HCPCS_CD|REV_CNTR_DDCTBL_COINSRNC_CD|ingestion_timestamp|hospital_id|batch_id
-10000010255439|-10000930067122|V|60|27-May-2022|27-May-2022|03-Jun-2022||3|030115|1|1|1|| |2350.86|0.0| ||3|1275566200| |9999997494| |9999997494|||0|1| |2350.86|27-May-2022|1|2|A|10|0.0|470.16|0|4|0.0|0.0|0|0|0|0|0|0|0|0|0|0|0|0|0|||||27-May-2022|951.0|0|0||Z733|Z733|N|Z608|Y|E785|Y|E0922|N|E1129|N|T50905|N|E1121|Y|R931|Y|I259|Y|E8881|Y|R7303|Y|E669|Y|O00109|Y|O039|Y|P292|N|Z591|Y|||||||||||||||||||||| | | | | | | | | | | | | | | | | | | | | | |GZ3|27-May-2022|Z741|27-May-2022|F419|27-May-2022|Z9181|27-May-2022|Z1331|27-May-2022|Z1331|27-May-2022|F1990|27-May-2022|F109|27-May-2022|||||||||||||||||||||||||||||||||||0|0||1|450|99495|3.0|2022-05-28T00:00:00|hospital_A|hospital_A_20220527
-10000010255439|-10000930067122|V|60|27-May-2022|27-May-2022|03-Jun-2022||3|030115|1|1|1|| |2350.86|0.0| ||3|1275566200| |9999997494| |9999997494|||0|1| |2350.86|27-May-2022|1|2|A|10|0.0|470.16|0|4|0.0|0.0|0|0|0|0|0|0|0|0|0|0|0|0|0|||||27-May-2022|951.0|0|0||Z733|Z733|N|Z608|Y|E785|Y|E0922|N|E1129|N|T50905|N|E1121|Y|R931|Y|I259|Y|E8881|Y|R7303|Y|E669|Y|O00109|Y|O039|Y|P292|N|Z591|Y|||||||||||||||||||||| | | | | | | | | | | | | | | | | | | | | | |GZ3|27-May-2022|Z741|27-May-2022|F419|27-May-2022|Z9181|27-May-2022|Z1331|27-May-2022|Z1331|27-May-2022|F1990|27-May-2022|F109|27-May-2022|||||||||||||||||||||||||||||||||||0|0||2|450|96156|3.0|2022-05-28T00:00:00|hospital_A|hospital_A_20220527
-10000010255439|-10000930067122|V|60|27-May-2022|27-May-2022|03-Jun-2022||3|030115|1|1|1|| |2350.86|0.0| ||3|1275566200| |9999997494| |9999997494|||0|1| |2350.86|27-May-2022|1|2|A|10|0.0|470.16|0|4|0.0|0.0|0|0|0|0|0|0|0|0|0|0|0|0|0|||||27-May-2022|951.0|0|0||Z733|Z733|N|Z608|Y|E785|Y|E0922|N|E1129|N|T50905|N|E1121|Y|R931|Y|I259|Y|E8881|Y|R7303|Y|E669|Y|O00109|Y|O039|Y|P292|N|Z591|Y|||||||||||||||||||||| | | | | | | | | | | | | | | | | | | | | | |GZ3|27-May-2022|Z741|27-May-2022|F419|27-May-2022|Z9181|27-May-2022|Z1331|27-May-2022|Z1331|27-May-2022|F1990|27-May-2022|F109|27-May-2022|||||||||||||||||||||||||||||||||||0|0||3|450|96127|3.0|2022-05-28T00:00:00|hospital_A|hospital_A_20220527
-10000010255439|-10000930067122|V|60|27-May-2022|27-May-2022|03-Jun-2022||3|030115|1|1|1|| |2350.86|0.0| ||3|1275566200| |9999997494| |9999997494|||0|1| |2350.86|27-May-2022|1|2|A|10|0.0|470.16|0|4|0.0|0.0|0|0|0|0|0|0|0|0|0|0|0|0|0|||||27-May-2022|951.0|0|0||Z733|Z733|N|Z608|Y|E785|Y|E0922|N|E1129|N|T50905|N|E1121|Y|R931|Y|I259|Y|E8881|Y|R7303|Y|E669|Y|O00109|Y|O039|Y|P292|N|Z591|Y|||||||||||||||||||||| | | | | | | | | | | | | | | | | | | | | | |GZ3|27-May-2022|Z741|27-May-2022|F419|27-May-2022|Z9181|27-May-2022|Z1331|27-May-2022|Z1331|27-May-2022|F1990|27-May-2022|F109|27-May-2022|||||||||||||||||||||||||||||||||||0|0||4|450|M1069|3.0|2022-05-28T00:00:00|hospital_A|hospital_A_20220527
-10000010255439|-10000930067122|V|60|27-May-2022|27-May-2022|03-Jun-2022||3|030115|1|1|1|| |2350.86|0.0| ||3|1275566200| |9999997494| |9999997494|||0|1| |2350.86|27-May-2022|1|2|A|10|0.0|470.16|0|4|0.0|0.0|0|0|0|0|0|0|0|0|0|0|0|0|0|||||27-May-2022|951.0|0|0||Z733|Z733|N|Z608|Y|E785|Y|E0922|N|E1129|N|T50905|N|E1121|Y|R931|Y|I259|Y|E8881|Y|R7303|Y|E669|Y|O00109|Y|O039|Y|P292|N|Z591|Y|||||||||||||||||||||| | | | | | | | | | | | | | | | | | | | | | |GZ3|27-May-2022|Z741|27-May-2022|F419|27-May-2022|Z9181|27-May-2022|Z1331|27-May-2022|Z1331|27-May-2022|F1990|27-May-2022|F109|27-May-2022|||||||||||||||||||||||||||||||||||0|0||5|450|G0444|3.0|2022-05-28T00:00:00|hospital_A|hospital_A_20220527
-10000010255439|-10000930067122|V|60|27-May-2022|27-May-2022|03-Jun-2022||3|030115|1|1|1|| |2350.86|0.0| ||3|1275566200| |9999997494| |9999997494|||0|1| |2350.86|27-May-2022|1|2|A|10|0.0|470.16|0|4|0.0|0.0|0|0|0|0|0|0|0|0|0|0|0|0|0|||||27-May-2022|951.0|0|0||Z733|Z733|N|Z608|Y|E785|Y|E0922|N|E1129|N|T50905|N|E1121|Y|R931|Y|I259|Y|E8881|Y|R7303|Y|E669|Y|O00109|Y|O039|Y|P292|N|Z591|Y|||||||||||||||||||||| | | | | | | | | | | | | | | | | | | | | | |GZ3|27-May-2022|Z741|27-May-2022|F419|27-May-2022|Z9181|27-May-2022|Z1331|27-May-2022|Z1331|27-May-2022|F1990|27-May-2022|F109|27-May-2022|||||||||||||||||||||||||||||||||||0|0||6|450|G0444|3.0|2022-05-28T00:00:00|hospital_A|hospital_A_20220527
-10000010255439|-10000930067122|V|60|27-May-2022|27-May-2022|03-Jun-2022||3|030115|1|1|1|| |2350.86|0.0| ||3|1275566200| |9999997494| |9999997494|||0|1| |2350.86|27-May-2022|1|2|A|10|0.0|470.16|0|4|0.0|0.0|0|0|0|0|0|0|0|0|0|0|0|0|0|||||27-May-2022|951.0|0|0||Z733|Z733|N|Z608|Y|E785|Y|E0922|N|E1129|N|T50905|N|E1121|Y|R931|Y|I259|Y|E8881|Y|R7303|Y|E669|Y|O00109|Y|O039|Y|P292|N|Z591|Y|||||||||||||||||||||| | | | | | | | | | | | | | | | | | | | | | |GZ3|27-May-2022|Z741|27-May-2022|F419|27-May-2022|Z9181|27-May-2022|Z1331|27-May-2022|Z1331|27-May-2022|F1990|27-May-2022|F109|27-May-2022|||||||||||||||||||||||||||||||||||0|0||7|450|99408|3.0|2022-05-28T00:00:00|hospital_A|hospital_A_20220527
-10000010255439|-10000930067122|V|60|27-May-2022|27-May-2022|03-Jun-2022||3|030115|1|1|1|| |2350.86|0.0| ||3|1275566200| |9999997494| |9999997494|||0|1| |2350.86|27-May-2022|1|2|A|10|0.0|470.16|0|4|0.0|0.0|0|0|0|0|0|0|0|0|0|0|0|0|0|||||27-May-2022|951.0|0|0||Z733|Z733|N|Z608|Y|E785|Y|E0922|N|E1129|N|T50905|N|E1121|Y|R931|Y|I259|Y|E8881|Y|R7303|Y|E669|Y|O00109|Y|O039|Y|P292|N|Z591|Y|||||||||||||||||||||| | | | | | | | | | | | | | | | | | | | | | |GZ3|27-May-2022|Z741|27-May-2022|F419|27-May-2022|Z9181|27-May-2022|Z1331|27-May-2022|Z1331|27-May-2022|F1990|27-May-2022|F109|27-May-2022|||||||||||||||||||||||||||||||||||0|0||8|450|G0442|3.0|2022-05-28T00:00:00|hospital_A|hospital_A_20220527
SYN_BENE_1D6AC7BFD520|SYN_CLM_51052EFB5B85|V|60|27-May-2022|27-May-2022|03-Jun-2022||3|030115|1|1|1|| |2350.86|0.0| ||3|1275566200| |9999997494| |9999997494|||0|1| |2350.86|27-May-2022|1|2|A|10|0.0|470.16|0|4|0.0|0.0|0|0|0|0|0|0|0|0|0|0|0|0|0|||||27-May-2022|951.0|0|0||Z733|Z733|N|Z608|Y|E785|Y|E0922|N|E1129|N|T50905|N|E1121|Y|R931|Y|I259|Y|E8881|Y|R7303|Y|E669|Y|O00109|Y|O039|Y|P292|N|Z591|Y|||||||||||||||||||||| | | | | | | | | | | | | | | | | | | | | | |GZ3|27-May-2022|Z741|27-May-2022|F419|27-May-2022|Z9181|27-May-2022|Z1331|27-May-2022|Z1331|27-May-2022|F1990|27-May-2022|F109|27-May-2022|||||||||||||||||||||||||||||||||||0|0||1|450|99495|3.0|2022-05-28T00:00:00|hospital_A|hospital_A_20220527
SYN_BENE_1D6AC7BFD520|SYN_CLM_51052EFB5B85|V|60|27-May-2022|27-May-2022|03-Jun-2022||3|030115|1|1|1|| |2350.86|0.0| ||3|1275566200| |9999997494| |9999997494|||0|1| |2350.86|27-May-2022|1|2|A|10|0.0|470.16|0|4|0.0|0.0|0|0|0|0|0|0|0|0|0|0|0|0|0|||||27-May-2022|951.0|0|0||Z733|Z733|N|Z608|Y|E785|Y|E0922|N|E1129|N|T50905|N|E1121|Y|R931|Y|I259|Y|E8881|Y|R7303|Y|E669|Y|O00109|Y|O039|Y|P292|N|Z591|Y|||||||||||||||||||||| | | | | | | | | | | | | | | | | | | | | | |GZ3|27-May-2022|Z741|27-May-2022|F419|27-May-2022|Z9181|27-May-2022|Z1331|27-May-2022|Z1331|27-May-2022|F1990|27-May-2022|F109|27-May-2022|||||||||||||||||||||||||||||||||||0|0||2|450|96156|3.0|2022-05-28T00:00:00|hospital_A|hospital_A_20220527
SYN_BENE_1D6AC7BFD520|SYN_CLM_51052EFB5B85|V|60|27-May-2022|27-May-2022|03-Jun-2022||3|030115|1|1|1|| |2350.86|0.0| ||3|1275566200| |9999997494| |9999997494|||0|1| |2350.86|27-May-2022|1|2|A|10|0.0|470.16|0|4|0.0|0.0|0|0|0|0|0|0|0|0|0|0|0|0|0|||||27-May-2022|951.0|0|0||Z733|Z733|N|Z608|Y|E785|Y|E0922|N|E1129|N|T50905|N|E1121|Y|R931|Y|I259|Y|E8881|Y|R7303|Y|E669|Y|O00109|Y|O039|Y|P292|N|Z591|Y|||||||||||||||||||||| | | | | | | | | | | | | | | | | | | | | | |GZ3|27-May-2022|Z741|27-May-2022|F419|27-May-2022|Z9181|27-May-2022|Z1331|27-May-2022|Z1331|27-May-2022|F1990|27-May-2022|F109|27-May-2022|||||||||||||||||||||||||||||||||||0|0||3|450|96127|3.0|2022-05-28T00:00:00|hospital_A|hospital_A_20220527
SYN_BENE_1D6AC7BFD520|SYN_CLM_51052EFB5B85|V|60|27-May-2022|27-May-2022|03-Jun-2022||3|030115|1|1|1|| |2350.86|0.0| ||3|1275566200| |9999997494| |9999997494|||0|1| |2350.86|27-May-2022|1|2|A|10|0.0|470.16|0|4|0.0|0.0|0|0|0|0|0|0|0|0|0|0|0|0|0|||||27-May-2022|951.0|0|0||Z733|Z733|N|Z608|Y|E785|Y|E0922|N|E1129|N|T50905|N|E1121|Y|R931|Y|I259|Y|E8881|Y|R7303|Y|E669|Y|O00109|Y|O039|Y|P292|N|Z591|Y|||||||||||||||||||||| | | | | | | | | | | | | | | | | | | | | | |GZ3|27-May-2022|Z741|27-May-2022|F419|27-May-2022|Z9181|27-May-2022|Z1331|27-May-2022|Z1331|27-May-2022|F1990|27-May-2022|F109|27-May-2022|||||||||||||||||||||||||||||||||||0|0||4|450|M1069|3.0|2022-05-28T00:00:00|hospital_A|hospital_A_20220527
SYN_BENE_1D6AC7BFD520|SYN_CLM_51052EFB5B85|V|60|27-May-2022|27-May-2022|03-Jun-2022||3|030115|1|1|1|| |2350.86|0.0| ||3|1275566200| |9999997494| |9999997494|||0|1| |2350.86|27-May-2022|1|2|A|10|0.0|470.16|0|4|0.0|0.0|0|0|0|0|0|0|0|0|0|0|0|0|0|||||27-May-2022|951.0|0|0||Z733|Z733|N|Z608|Y|E785|Y|E0922|N|E1129|N|T50905|N|E1121|Y|R931|Y|I259|Y|E8881|Y|R7303|Y|E669|Y|O00109|Y|O039|Y|P292|N|Z591|Y|||||||||||||||||||||| | | | | | | | | | | | | | | | | | | | | | |GZ3|27-May-2022|Z741|27-May-2022|F419|27-May-2022|Z9181|27-May-2022|Z1331|27-May-2022|Z1331|27-May-2022|F1990|27-May-2022|F109|27-May-2022|||||||||||||||||||||||||||||||||||0|0||5|450|G0444|3.0|2022-05-28T00:00:00|hospital_A|hospital_A_20220527
SYN_BENE_1D6AC7BFD520|SYN_CLM_51052EFB5B85|V|60|27-May-2022|27-May-2022|03-Jun-2022||3|030115|1|1|1|| |2350.86|0.0| ||3|1275566200| |9999997494| |9999997494|||0|1| |2350.86|27-May-2022|1|2|A|10|0.0|470.16|0|4|0.0|0.0|0|0|0|0|0|0|0|0|0|0|0|0|0|||||27-May-2022|951.0|0|0||Z733|Z733|N|Z608|Y|E785|Y|E0922|N|E1129|N|T50905|N|E1121|Y|R931|Y|I259|Y|E8881|Y|R7303|Y|E669|Y|O00109|Y|O039|Y|P292|N|Z591|Y|||||||||||||||||||||| | | | | | | | | | | | | | | | | | | | | | |GZ3|27-May-2022|Z741|27-May-2022|F419|27-May-2022|Z9181|27-May-2022|Z1331|27-May-2022|Z1331|27-May-2022|F1990|27-May-2022|F109|27-May-2022|||||||||||||||||||||||||||||||||||0|0||6|450|G0444|3.0|2022-05-28T00:00:00|hospital_A|hospital_A_20220527
SYN_BENE_1D6AC7BFD520|SYN_CLM_51052EFB5B85|V|60|27-May-2022|27-May-2022|03-Jun-2022||3|030115|1|1|1|| |2350.86|0.0| ||3|1275566200| |9999997494| |9999997494|||0|1| |2350.86|27-May-2022|1|2|A|10|0.0|470.16|0|4|0.0|0.0|0|0|0|0|0|0|0|0|0|0|0|0|0|||||27-May-2022|951.0|0|0||Z733|Z733|N|Z608|Y|E785|Y|E0922|N|E1129|N|T50905|N|E1121|Y|R931|Y|I259|Y|E8881|Y|R7303|Y|E669|Y|O00109|Y|O039|Y|P292|N|Z591|Y|||||||||||||||||||||| | | | | | | | | | | | | | | | | | | | | | |GZ3|27-May-2022|Z741|27-May-2022|F419|27-May-2022|Z9181|27-May-2022|Z1331|27-May-2022|Z1331|27-May-2022|F1990|27-May-2022|F109|27-May-2022|||||||||||||||||||||||||||||||||||0|0||7|450|99408|3.0|2022-05-28T00:00:00|hospital_A|hospital_A_20220527
SYN_BENE_1D6AC7BFD520|SYN_CLM_51052EFB5B85|V|60|27-May-2022|27-May-2022|03-Jun-2022||3|030115|1|1|1|| |2350.86|0.0| ||3|1275566200| |9999997494| |9999997494|||0|1| |2350.86|27-May-2022|1|2|A|10|0.0|470.16|0|4|0.0|0.0|0|0|0|0|0|0|0|0|0|0|0|0|0|||||27-May-2022|951.0|0|0||Z733|Z733|N|Z608|Y|E785|Y|E0922|N|E1129|N|T50905|N|E1121|Y|R931|Y|I259|Y|E8881|Y|R7303|Y|E669|Y|O00109|Y|O039|Y|P292|N|Z591|Y|||||||||||||||||||||| | | | | | | | | | | | | | | | | | | | | | |GZ3|27-May-2022|Z741|27-May-2022|F419|27-May-2022|Z9181|27-May-2022|Z1331|27-May-2022|Z1331|27-May-2022|F1990|27-May-2022|F109|27-May-2022|||||||||||||||||||||||||||||||||||0|0||8|450|G0442|3.0|2022-05-28T00:00:00|hospital_A|hospital_A_20220527
SYN_BENE_633FE0550208|SYN_CLM_9DFDD12B114A|V|60|27-May-2022|27-May-2022|03-Jun-2022||3|030115|1|1|1|| |2350.86|0.0| ||3|1275566200| |9999997494| |9999997494|||0|1| |2350.86|27-May-2022|1|2|A|10|0.0|470.16|0|4|0.0|0.0|0|0|0|0|0|0|0|0|0|0|0|0|0|||||27-May-2022|951.0|0|0||Z733|Z733|N|Z608|Y|E785|Y|E0922|N|E1129|N|T50905|N|E1121|Y|R931|Y|I259|Y|E8881|Y|R7303|Y|E669|Y|O00109|Y|O039|Y|P292|N|Z591|Y|||||||||||||||||||||| | | | | | | | | | | | | | | | | | | | | | |GZ3|27-May-2022|Z741|27-May-2022|F419|27-May-2022|Z9181|27-May-2022|Z1331|27-May-2022|Z1331|27-May-2022|F1990|27-May-2022|F109|27-May-2022|||||||||||||||||||||||||||||||||||0|0||1|450|99495|3.0|2022-05-28T00:00:00|hospital_A|hospital_A_20220527
SYN_BENE_633FE0550208|SYN_CLM_9DFDD12B114A|V|60|27-May-2022|27-May-2022|03-Jun-2022||3|030115|1|1|1|| |2350.86|0.0| ||3|1275566200| |9999997494| |9999997494|||0|1| |2350.86|27-May-2022|1|2|A|10|0.0|470.16|0|4|0.0|0.0|0|0|0|0|0|0|0|0|0|0|0|0|0|||||27-May-2022|951.0|0|0||Z733|Z733|N|Z608|Y|E785|Y|E0922|N|E1129|N|T50905|N|E1121|Y|R931|Y|I259|Y|E8881|Y|R7303|Y|E669|Y|O00109|Y|O039|Y|P292|N|Z591|Y|||||||||||||||||||||| | | | | | | | | | | | | | | | | | | | | | |GZ3|27-May-2022|Z741|27-May-2022|F419|27-May-2022|Z9181|27-May-2022|Z1331|27-May-2022|Z1331|27-May-2022|F1990|27-May-2022|F109|27-May-2022|||||||||||||||||||||||||||||||||||0|0||2|450|96156|3.0|2022-05-28T00:00:00|hospital_A|hospital_A_20220527
SYN_BENE_633FE0550208|SYN_CLM_9DFDD12B114A|V|60|27-May-2022|27-May-2022|03-Jun-2022||3|030115|1|1|1|| |2350.86|0.0| ||3|1275566200| |9999997494| |9999997494|||0|1| |2350.86|27-May-2022|1|2|A|10|0.0|470.16|0|4|0.0|0.0|0|0|0|0|0|0|0|0|0|0|0|0|0|||||27-May-2022|951.0|0|0||Z733|Z733|N|Z608|Y|E785|Y|E0922|N|E1129|N|T50905|N|E1121|Y|R931|Y|I259|Y|E8881|Y|R7303|Y|E669|Y|O00109|Y|O039|Y|P292|N|Z591|Y|||||||||||||||||||||| | | | | | | | | | | | | | | | | | | | | | |GZ3|27-May-2022|Z741|27-May-2022|F419|27-May-2022|Z9181|27-May-2022|Z1331|27-May-2022|Z1331|27-May-2022|F1990|27-May-2022|F109|27-May-2022|||||||||||||||||||||||||||||||||||0|0||3|450|96127|3.0|2022-05-28T00:00:00|hospital_A|hospital_A_20220527
SYN_BENE_633FE0550208|SYN_CLM_9DFDD12B114A|V|60|27-May-2022|27-May-2022|03-Jun-2022||3|030115|1|1|1|| |2350.86|0.0| ||3|1275566200| |9999997494| |9999997494|||0|1| |2350.86|27-May-2022|1|2|A|10|0.0|470.16|0|4|0.0|0.0|0|0|0|0|0|0|0|0|0|0|0|0|0|||||27-May-2022|951.0|0|0||Z733|Z733|N|Z608|Y|E785|Y|E0922|N|E1129|N|T50905|N|E1121|Y|R931|Y|I259|Y|E8881|Y|R7303|Y|E669|Y|O00109|Y|O039|Y|P292|N|Z591|Y|||||||||||||||||||||| | | | | | | | | | | | | | | | | | | | | | |GZ3|27-May-2022|Z741|27-May-2022|F419|27-May-2022|Z9181|27-May-2022|Z1331|27-May-2022|Z1331|27-May-2022|F1990|27-May-2022|F109|27-May-2022|||||||||||||||||||||||||||||||||||0|0||4|450|M1069|3.0|2022-05-28T00:00:00|hospital_A|hospital_A_20220527
SYN_BENE_633FE0550208|SYN_CLM_9DFDD12B114A|V|60|27-May-2022|27-May-2022|03-Jun-2022||3|030115|1|1|1|| |2350.86|0.0| ||3|1275566200| |9999997494| |9999997494|||0|1| |2350.86|27-May-2022|1|2|A|10|0.0|470.16|0|4|0.0|0.0|0|0|0|0|0|0|0|0|0|0|0|0|0|||||27-May-2022|951.0|0|0||Z733|Z733|N|Z608|Y|E785|Y|E0922|N|E1129|N|T50905|N|E1121|Y|R931|Y|I259|Y|E8881|Y|R7303|Y|E669|Y|O00109|Y|O039|Y|P292|N|Z591|Y|||||||||||||||||||||| | | | | | | | | | | | | | | | | | | | | | |GZ3|27-May-2022|Z741|27-May-2022|F419|27-May-2022|Z9181|27-May-2022|Z1331|27-May-2022|Z1331|27-May-2022|F1990|27-May-2022|F109|27-May-2022|||||||||||||||||||||||||||||||||||0|0||5|450|G0444|3.0|2022-05-28T00:00:00|hospital_A|hospital_A_20220527
SYN_BENE_633FE0550208|SYN_CLM_9DFDD12B114A|V|60|27-May-2022|27-May-2022|03-Jun-2022||3|030115|1|1|1|| |2350.86|0.0| ||3|1275566200| |9999997494| |9999997494|||0|1| |2350.86|27-May-2022|1|2|A|10|0.0|470.16|0|4|0.0|0.0|0|0|0|0|0|0|0|0|0|0|0|0|0|||||27-May-2022|951.0|0|0||Z733|Z733|N|Z608|Y|E785|Y|E0922|N|E1129|N|T50905|N|E1121|Y|R931|Y|I259|Y|E8881|Y|R7303|Y|E669|Y|O00109|Y|O039|Y|P292|N|Z591|Y|||||||||||||||||||||| | | | | | | | | | | | | | | | | | | | | | |GZ3|27-May-2022|Z741|27-May-2022|F419|27-May-2022|Z9181|27-May-2022|Z1331|27-May-2022|Z1331|27-May-2022|F1990|27-May-2022|F109|27-May-2022|||||||||||||||||||||||||||||||||||0|0||6|450|G0444|3.0|2022-05-28T00:00:00|hospital_A|hospital_A_20220527
SYN_BENE_633FE0550208|SYN_CLM_9DFDD12B114A|V|60|27-May-2022|27-May-2022|03-Jun-2022||3|030115|1|1|1|| |2350.86|0.0| ||3|1275566200| |9999997494| |9999997494|||0|1| |2350.86|27-May-2022|1|2|A|10|0.0|470.16|0|4|0.0|0.0|0|0|0|0|0|0|0|0|0|0|0|0|0|||||27-May-2022|951.0|0|0||Z733|Z733|N|Z608|Y|E785|Y|E0922|N|E1129|N|T50905|N|E1121|Y|R931|Y|I259|Y|E8881|Y|R7303|Y|E669|Y|O00109|Y|O039|Y|P292|N|Z591|Y|||||||||||||||||||||| | | | | | | | | | | | | | | | | | | | | | |GZ3|27-May-2022|Z741|27-May-2022|F419|27-May-2022|Z9181|27-May-2022|Z1331|27-May-2022|Z1331|27-May-2022|F1990|27-May-2022|F109|27-May-2022|||||||||||||||||||||||||||||||||||0|0||7|450|99408|3.0|2022-05-28T00:00:00|hospital_A|hospital_A_20220527
SYN_BENE_633FE0550208|SYN_CLM_9DFDD12B114A|V|60|27-May-2022|27-May-2022|03-Jun-2022||3|030115|1|1|1|| |2350.86|0.0| ||3|1275566200| |9999997494| |9999997494|||0|1| |2350.86|27-May-2022|1|2|A|10|0.0|470.16|0|4|0.0|0.0|0|0|0|0|0|0|0|0|0|0|0|0|0|||||27-May-2022|951.0|0|0||Z733|Z733|N|Z608|Y|E785|Y|E0922|N|E1129|N|T50905|N|E1121|Y|R931|Y|I259|Y|E8881|Y|R7303|Y|E669|Y|O00109|Y|O039|Y|P292|N|Z591|Y|||||||||||||||||||||| | | | | | | | | | | | | | | | | | | | | | |GZ3|27-May-2022|Z741|27-May-2022|F419|27-May-2022|Z9181|27-May-2022|Z1331|27-May-2022|Z1331|27-May-2022|F1990|27-May-2022|F109|27-May-2022|||||||||||||||||||||||||||||||||||0|0||8|450|G0442|3.0|2022-05-28T00:00:00|hospital_A|hospital_A_20220527
SYN_BENE_E3F673C307D9|SYN_CLM_011D078100B6|V|60|27-May-2022|27-May-2022|03-Jun-2022||3|030115|1|1|1|| |2350.86|0.0| ||3|1275566200| |9999997494| |9999997494|||0|1| |2350.86|27-May-2022|1|2|A|10|0.0|470.16|0|4|0.0|0.0|0|0|0|0|0|0|0|0|0|0|0|0|0|||||27-May-2022|951.0|0|0||Z733|Z733|N|Z608|Y|E785|Y|E0922|N|E1129|N|T50905|N|E1121|Y|R931|Y|I259|Y|E8881|Y|R7303|Y|E669|Y|O00109|Y|O039|Y|P292|N|Z591|Y|||||||||||||||||||||| | | | | | | | | | | | | | | | | | | | | | |GZ3|27-May-2022|Z741|27-May-2022|F419|27-May-2022|Z9181|27-May-2022|Z1331|27-May-2022|Z1331|27-May-2022|F1990|27-May-2022|F109|27-May-2022|||||||||||||||||||||||||||||||||||0|0||1|450|99495|3.0|2022-05-28T00:00:00|hospital_A|hospital_A_20220527
SYN_BENE_E3F673C307D9|SYN_CLM_011D078100B6|V|60|27-May-2022|27-May-2022|03-Jun-2022||3|030115|1|1|1|| |2350.86|0.0| ||3|1275566200| |9999997494| |9999997494|||0|1| |2350.86|27-May-2022|1|2|A|10|0.0|470.16|0|4|0.0|0.0|0|0|0|0|0|0|0|0|0|0|0|0|0|||||27-May-2022|951.0|0|0||Z733|Z733|N|Z608|Y|E785|Y|E0922|N|E1129|N|T50905|N|E1121|Y|R931|Y|I259|Y|E8881|Y|R7303|Y|E669|Y|O00109|Y|O039|Y|P292|N|Z591|Y|||||||||||||||||||||| | | | | | | | | | | | | | | | | | | | | | |GZ3|27-May-2022|Z741|27-May-2022|F419|27-May-2022|Z9181|27-May-2022|Z1331|27-May-2022|Z1331|27-May-2022|F1990|27-May-2022|F109|27-May-2022|||||||||||||||||||||||||||||||||||0|0||2|450|96156|3.0|2022-05-28T00:00:00|hospital_A|hospital_A_20220527
SYN_BENE_E3F673C307D9|SYN_CLM_011D078100B6|V|60|27-May-2022|27-May-2022|03-Jun-2022||3|030115|1|1|1|| |2350.86|0.0| ||3|1275566200| |9999997494| |9999997494|||0|1| |2350.86|27-May-2022|1|2|A|10|0.0|470.16|0|4|0.0|0.0|0|0|0|0|0|0|0|0|0|0|0|0|0|||||27-May-2022|951.0|0|0||Z733|Z733|N|Z608|Y|E785|Y|E0922|N|E1129|N|T50905|N|E1121|Y|R931|Y|I259|Y|E8881|Y|R7303|Y|E669|Y|O00109|Y|O039|Y|P292|N|Z591|Y|||||||||||||||||||||| | | | | | | | | | | | | | | | | | | | | | |GZ3|27-May-2022|Z741|27-May-2022|F419|27-May-2022|Z9181|27-May-2022|Z1331|27-May-2022|Z1331|27-May-2022|F1990|27-May-2022|F109|27-May-2022|||||||||||||||||||||||||||||||||||0|0||3|450|96127|3.0|2022-05-28T00:00:00|hospital_A|hospital_A_20220527
SYN_BENE_E3F673C307D9|SYN_CLM_011D078100B6|V|60|27-May-2022|27-May-2022|03-Jun-2022||3|030115|1|1|1|| |2350.86|0.0| ||3|1275566200| |9999997494| |9999997494|||0|1| |2350.86|27-May-2022|1|2|A|10|0.0|470.16|0|4|0.0|0.0|0|0|0|0|0|0|0|0|0|0|0|0|0|||||27-May-2022|951.0|0|0||Z733|Z733|N|Z608|Y|E785|Y|E0922|N|E1129|N|T50905|N|E1121|Y|R931|Y|I259|Y|E8881|Y|R7303|Y|E669|Y|O00109|Y|O039|Y|P292|N|Z591|Y|||||||||||||||||||||| | | | | | | | | | | | | | | | | | | | | | |GZ3|27-May-2022|Z741|27-May-2022|F419|27-May-2022|Z9181|27-May-2022|Z1331|27-May-2022|Z1331|27-May-2022|F1990|27-May-2022|F109|27-May-2022|||||||||||||||||||||||||||||||||||0|0||4|450|M1069|3.0|2022-05-28T00:00:00|hospital_A|hospital_A_20220527
SYN_BENE_E3F673C307D9|SYN_CLM_011D078100B6|V|60|27-May-2022|27-May-2022|03-Jun-2022||3|030115|1|1|1|| |2350.86|0.0| ||3|1275566200| |9999997494| |9999997494|||0|1| |2350.86|27-May-2022|1|2|A|10|0.0|470.16|0|4|0.0|0.0|0|0|0|0|0|0|0|0|0|0|0|0|0|||||27-May-2022|951.0|0|0||Z733|Z733|N|Z608|Y|E785|Y|E0922|N|E1129|N|T50905|N|E1121|Y|R931|Y|I259|Y|E8881|Y|R7303|Y|E669|Y|O00109|Y|O039|Y|P292|N|Z591|Y|||||||||||||||||||||| | | | | | | | | | | | | | | | | | | | | | |GZ3|27-May-2022|Z741|27-May-2022|F419|27-May-2022|Z9181|27-May-2022|Z1331|27-May-2022|Z1331|27-May-2022|F1990|27-May-2022|F109|27-May-2022|||||||||||||||||||||||||||||||||||0|0||5|450|G0444|3.0|2022-05-28T00:00:00|hospital_A|hospital_A_20220527
SYN_BENE_E3F673C307D9|SYN_CLM_011D078100B6|V|60|27-May-2022|27-May-2022|03-Jun-2022||3|030115|1|1|1|| |2350.86|0.0| ||3|1275566200| |9999997494| |9999997494|||0|1| |2350.86|27-May-2022|1|2|A|10|0.0|470.16|0|4|0.0|0.0|0|0|0|0|0|0|0|0|0|0|0|0|0|||||27-May-2022|951.0|0|0||Z733|Z733|N|Z608|Y|E785|Y|E0922|N|E1129|N|T50905|N|E1121|Y|R931|Y|I259|Y|E8881|Y|R7303|Y|E669|Y|O00109|Y|O039|Y|P292|N|Z591|Y|||||||||||||||||||||| | | | | | | | | | | | | | | | | | | | | | |GZ3|27-May-2022|Z741|27-May-2022|F419|27-May-2022|Z9181|27-May-2022|Z1331|27-May-2022|Z1331|27-May-2022|F1990|27-May-2022|F109|27-May-2022|||||||||||||||||||||||||||||||||||0|0||6|450|G0444|3.0|2022-05-28T00:00:00|hospital_A|hospital_A_20220527
SYN_BENE_E3F673C307D9|SYN_CLM_011D078100B6|V|60|27-May-2022|27-May-2022|03-Jun-2022||3|030115|1|1|1|| |2350.86|0.0| ||3|1275566200| |9999997494| |9999997494|||0|1| |2350.86|27-May-2022|1|2|A|10|0.0|470.16|0|4|0.0|0.0|0|0|0|0|0|0|0|0|0|0|0|0|0|||||27-May-2022|951.0|0|0||Z733|Z733|N|Z608|Y|E785|Y|E0922|N|E1129|N|T50905|N|E1121|Y|R931|Y|I259|Y|E8881|Y|R7303|Y|E669|Y|O00109|Y|O039|Y|P292|N|Z591|Y|||||||||||||||||||||| | | | | | | | | | | | | | | | | | | | | | |GZ3|27-May-2022|Z741|27-May-2022|F419|27-May-2022|Z9181|27-May-2022|Z1331|27-May-2022|Z1331|27-May-2022|F1990|27-May-2022|F109|27-May-2022|||||||||||||||||||||||||||||||||||0|0||7|450|99408|3.0|2022-05-28T00:00:00|hospital_A|hospital_A_20220527
SYN_BENE_E3F673C307D9|SYN_CLM_011D078100B6|V|60|27-May-2022|27-May-2022|03-Jun-2022||3|030115|1|1|1|| |2350.86|0.0| ||3|1275566200| |9999997494| |9999997494|||0|1| |2350.86|27-May-2022|1|2|A|10|0.0|470.16|0|4|0.0|0.0|0|0|0|0|0|0|0|0|0|0|0|0|0|||||27-May-2022|951.0|0|0||Z733|Z733|N|Z608|Y|E785|Y|E0922|N|E1129|N|T50905|N|E1121|Y|R931|Y|I259|Y|E8881|Y|R7303|Y|E669|Y|O00109|Y|O039|Y|P292|N|Z591|Y|||||||||||||||||||||| | | | | | | | | | | | | | | | | | | | | | |GZ3|27-May-2022|Z741|27-May-2022|F419|27-May-2022|Z9181|27-May-2022|Z1331|27-May-2022|Z1331|27-May-2022|F1990|27-May-2022|F109|27-May-2022|||||||||||||||||||||||||||||||||||0|0||8|450|G0442|3.0|2022-05-28T00:00:00|hospital_A|hospital_A_20220527
SYN_BENE_AE8D4E7D7474|SYN_CLM_C30AD441B46F|V|60|27-May-2022|27-May-2022|03-Jun-2022||3|030115|1|1|1|| |2350.86|0.0| ||3|1275566200| |9999997494| |9999997494|||0|1| |2350.86|27-May-2022|1|2|A|10|0.0|470.16|0|4|0.0|0.0|0|0|0|0|0|0|0|0|0|0|0|0|0|||||27-May-2022|951.0|0|0||Z733|Z733|N|Z608|Y|E785|Y|E0922|N|E1129|N|T50905|N|E1121|Y|R931|Y|I259|Y|E8881|Y|R7303|Y|E669|Y|O00109|Y|O039|Y|P292|N|Z591|Y|||||||||||||||||||||| | | | | | | | | | | | | | | | | | | | | | |GZ3|27-May-2022|Z741|27-May-2022|F419|27-May-2022|Z9181|27-May-2022|Z1331|27-May-2022|Z1331|27-May-2022|F1990|27-May-2022|F109|27-May-2022|||||||||||||||||||||||||||||||||||0|0||1|450|99495|3.0|2022-05-28T00:00:00|hospital_A|hospital_A_20220527
SYN_BENE_AE8D4E7D7474|SYN_CLM_C30AD441B46F|V|60|27-May-2022|27-May-2022|03-Jun-2022||3|030115|1|1|1|| |2350.86|0.0| ||3|1275566200| |9999997494| |9999997494|||0|1| |2350.86|27-May-2022|1|2|A|10|0.0|470.16|0|4|0.0|0.0|0|0|0|0|0|0|0|0|0|0|0|0|0|||||27-May-2022|951.0|0|0||Z733|Z733|N|Z608|Y|E785|Y|E0922|N|E1129|N|T50905|N|E1121|Y|R931|Y|I259|Y|E8881|Y|R7303|Y|E669|Y|O00109|Y|O039|Y|P292|N|Z591|Y|||||||||||||||||||||| | | | | | | | | | | | | | | | | | | | | | |GZ3|27-May-2022|Z741|27-May-2022|F419|27-May-2022|Z9181|27-May-2022|Z1331|27-May-2022|Z1331|27-May-2022|F1990|27-May-2022|F109|27-May-2022|||||||||||||||||||||||||||||||||||0|0||2|450|96156|3.0|2022-05-28T00:00:00|hospital_A|hospital_A_20220527
SYN_BENE_AE8D4E7D7474|SYN_CLM_C30AD441B46F|V|60|27-May-2022|27-May-2022|03-Jun-2022||3|030115|1|1|1|| |2350.86|0.0| ||3|1275566200| |9999997494| |9999997494|||0|1| |2350.86|27-May-2022|1|2|A|10|0.0|470.16|0|4|0.0|0.0|0|0|0|0|0|0|0|0|0|0|0|0|0|||||27-May-2022|951.0|0|0||Z733|Z733|N|Z608|Y|E785|Y|E0922|N|E1129|N|T50905|N|E1121|Y|R931|Y|I259|Y|E8881|Y|R7303|Y|E669|Y|O00109|Y|O039|Y|P292|N|Z591|Y|||||||||||||||||||||| | | | | | | | | | | | | | | | | | | | | | |GZ3|27-May-2022|Z741|27-May-2022|F419|27-May-2022|Z9181|27-May-2022|Z1331|27-May-2022|Z1331|27-May-2022|F1990|27-May-2022|F109|27-May-2022|||||||||||||||||||||||||||||||||||0|0||3|450|96127|3.0|2022-05-28T00:00:00|hospital_A|hospital_A_20220527
SYN_BENE_AE8D4E7D7474|SYN_CLM_C30AD441B46F|V|60|27-May-2022|27-May-2022|03-Jun-2022||3|030115|1|1|1|| |2350.86|0.0| ||3|1275566200| |9999997494| |9999997494|||0|1| |2350.86|27-May-2022|1|2|A|10|0.0|470.16|0|4|0.0|0.0|0|0|0|0|0|0|0|0|0|0|0|0|0|||||27-May-2022|951.0|0|0||Z733|Z733|N|Z608|Y|E785|Y|E0922|N|E1129|N|T50905|N|E1121|Y|R931|Y|I259|Y|E8881|Y|R7303|Y|E669|Y|O00109|Y|O039|Y|P292|N|Z591|Y|||||||||||||||||||||| | | | | | | | | | | | | | | | | | | | | | |GZ3|27-May-2022|Z741|27-May-2022|F419|27-May-2022|Z9181|27-May-2022|Z1331|27-May-2022|Z1331|27-May-2022|F1990|27-May-2022|F109|27-May-2022|||||||||||||||||||||||||||||||||||0|0||4|450|M1069|3.0|2022-05-28T00:00:00|hospital_A|hospital_A_20220527
SYN_BENE_AE8D4E7D7474|SYN_CLM_C30AD441B46F|V|60|27-May-2022|27-May-2022|03-Jun-2022||3|030115|1|1|1|| |2350.86|0.0| ||3|1275566200| |9999997494| |9999997494|||0|1| |2350.86|27-May-2022|1|2|A|10|0.0|470.16|0|4|0.0|0.0|0|0|0|0|0|0|0|0|0|0|0|0|0|||||27-May-2022|951.0|0|0||Z733|Z733|N|Z608|Y|E785|Y|E0922|N|E1129|N|T50905|N|E1121|Y|R931|Y|I259|Y|E8881|Y|R7303|Y|E669|Y|O00109|Y|O039|Y|P292|N|Z591|Y|||||||||||||||||||||| | | | | | | | | | | | | | | | | | | | | | |GZ3|27-May-2022|Z741|27-May-2022|F419|27-May-2022|Z9181|27-May-2022|Z1331|27-May-2022|Z1331|27-May-2022|F1990|27-May-2022|F109|27-May-2022|||||||||||||||||||||||||||||||||||0|0||5|450|G0444|3.0|2022-05-28T00:00:00|hospital_A|hospital_A_20220527
SYN_BENE_AE8D4E7D7474|SYN_CLM_C30AD441B46F|V|60|27-May-2022|27-May-2022|03-Jun-2022||3|030115|1|1|1|| |2350.86|0.0| ||3|1275566200| |9999997494| |9999997494|||0|1| |2350.86|27-May-2022|1|2|A|10|0.0|470.16|0|4|0.0|0.0|0|0|0|0|0|0|0|0|0|0|0|0|0|||||27-May-2022|951.0|0|0||Z733|Z733|N|Z608|Y|E785|Y|E0922|N|E1129|N|T50905|N|E1121|Y|R931|Y|I259|Y|E8881|Y|R7303|Y|E669|Y|O00109|Y|O039|Y|P292|N|Z591|Y|||||||||||||||||||||| | | | | | | | | | | | | | | | | | | | | | |GZ3|27-May-2022|Z741|27-May-2022|F419|27-May-2022|Z9181|27-May-2022|Z1331|27-May-2022|Z1331|27-May-2022|F1990|27-May-2022|F109|27-May-2022|||||||||||||||||||||||||||||||||||0|0||6|450|G0444|3.0|2022-05-28T00:00:00|hospital_A|hospital_A_20220527
SYN_BENE_AE8D4E7D7474|SYN_CLM_C30AD441B46F|V|60|27-May-2022|27-May-2022|03-Jun-2022||3|030115|1|1|1|| |2350.86|0.0| ||3|1275566200| |9999997494| |9999997494|||0|1| |2350.86|27-May-2022|1|2|A|10|0.0|470.16|0|4|0.0|0.0|0|0|0|0|0|0|0|0|0|0|0|0|0|||||27-May-2022|951.0|0|0||Z733|Z733|N|Z608|Y|E785|Y|E0922|N|E1129|N|T50905|N|E1121|Y|R931|Y|I259|Y|E8881|Y|R7303|Y|E669|Y|O00109|Y|O039|Y|P292|N|Z591|Y|||||||||||||||||||||| | | | | | | | | | | | | | | | | | | | | | |GZ3|27-May-2022|Z741|27-May-2022|F419|27-May-2022|Z9181|27-May-2022|Z1331|27-May-2022|Z1331|27-May-2022|F1990|27-May-2022|F109|27-May-2022|||||||||||||||||||||||||||||||||||0|0||7|450|99408|3.0|2022-05-28T00:00:00|hospital_A|hospital_A_20220527
SYN_BENE_AE8D4E7D7474|SYN_CLM_C30AD441B46F|V|60|27-May-2022|27-May-2022|03-Jun-2022||3|030115|1|1|1|| |2350.86|0.0| ||3|1275566200| |9999997494| |9999997494|||0|1| |2350.86|27-May-2022|1|2|A|10|0.0|470.16|0|4|0.0|0.0|0|0|0|0|0|0|0|0|0|0|0|0|0|||||27-May-2022|951.0|0|0||Z733|Z733|N|Z608|Y|E785|Y|E0922|N|E1129|N|T50905|N|E1121|Y|R931|Y|I259|Y|E8881|Y|R7303|Y|E669|Y|O00109|Y|O039|Y|P292|N|Z591|Y|||||||||||||||||||||| | | | | | | | | | | | | | | | | | | | | | |GZ3|27-May-2022|Z741|27-May-2022|F419|27-May-2022|Z9181|27-May-2022|Z1331|27-May-2022|Z1331|27-May-2022|F1990|27-May-2022|F109|27-May-2022|||||||||||||||||||||||||||||||||||0|0||8|450|G0442|3.0|2022-05-28T00:00:00|hospital_A|hospital_A_20220527
SYN_BENE_ECD60552CA2B|SYN_CLM_B58572A01F9E|V|60|27-May-2022|27-May-2022|03-Jun-2022||3|030115|1|1|1|| |2350.86|0.0| ||3|1275566200| |9999997494| |9999997494|||0|1| |2350.86|27-May-2022|1|2|A|10|0.0|470.16|0|4|0.0|0.0|0|0|0|0|0|0|0|0|0|0|0|0|0|||||27-May-2022|951.0|0|0||Z733|Z733|N|Z608|Y|E785|Y|E0922|N|E1129|N|T50905|N|E1121|Y|R931|Y|I259|Y|E8881|Y|R7303|Y|E669|Y|O00109|Y|O039|Y|P292|N|Z591|Y|||||||||||||||||||||| | | | | | | | | | | | | | | | | | | | | | |GZ3|27-May-2022|Z741|27-May-2022|F419|27-May-2022|Z9181|27-May-2022|Z1331|27-May-2022|Z1331|27-May-2022|F1990|27-May-2022|F109|27-May-2022|||||||||||||||||||||||||||||||||||0|0||1|450|99495|3.0|2022-05-28T00:00:00|hospital_A|hospital_A_20220527
SYN_BENE_ECD60552CA2B|SYN_CLM_B58572A01F9E|V|60|27-May-2022|27-May-2022|03-Jun-2022||3|030115|1|1|1|| |2350.86|0.0| ||3|1275566200| |9999997494| |9999997494|||0|1| |2350.86|27-May-2022|1|2|A|10|0.0|470.16|0|4|0.0|0.0|0|0|0|0|0|0|0|0|0|0|0|0|0|||||27-May-2022|951.0|0|0||Z733|Z733|N|Z608|Y|E785|Y|E0922|N|E1129|N|T50905|N|E1121|Y|R931|Y|I259|Y|E8881|Y|R7303|Y|E669|Y|O00109|Y|O039|Y|P292|N|Z591|Y|||||||||||||||||||||| | | | | | | | | | | | | | | | | | | | | | |GZ3|27-May-2022|Z741|27-May-2022|F419|27-May-2022|Z9181|27-May-2022|Z1331|27-May-2022|Z1331|27-May-2022|F1990|27-May-2022|F109|27-May-2022|||||||||||||||||||||||||||||||||||0|0||2|450|96156|3.0|2022-05-28T00:00:00|hospital_A|hospital_A_20220527
SYN_BENE_ECD60552CA2B|SYN_CLM_B58572A01F9E|V|60|27-May-2022|27-May-2022|03-Jun-2022||3|030115|1|1|1|| |2350.86|0.0| ||3|1275566200| |9999997494| |9999997494|||0|1| |2350.86|27-May-2022|1|2|A|10|0.0|470.16|0|4|0.0|0.0|0|0|0|0|0|0|0|0|0|0|0|0|0|||||27-May-2022|951.0|0|0||Z733|Z733|N|Z608|Y|E785|Y|E0922|N|E1129|N|T50905|N|E1121|Y|R931|Y|I259|Y|E8881|Y|R7303|Y|E669|Y|O00109|Y|O039|Y|P292|N|Z591|Y|||||||||||||||||||||| | | | | | | | | | | | | | | | | | | | | | |GZ3|27-May-2022|Z741|27-May-2022|F419|27-May-2022|Z9181|27-May-2022|Z1331|27-May-2022|Z1331|27-May-2022|F1990|27-May-2022|F109|27-May-2022|||||||||||||||||||||||||||||||||||0|0||3|450|96127|3.0|2022-05-28T00:00:00|hospital_A|hospital_A_20220527
SYN_BENE_ECD60552CA2B|SYN_CLM_B58572A01F9E|V|60|27-May-2022|27-May-2022|03-Jun-2022||3|030115|1|1|1|| |2350.86|0.0| ||3|1275566200| |9999997494| |9999997494|||0|1| |2350.86|27-May-2022|1|2|A|10|0.0|470.16|0|4|0.0|0.0|0|0|0|0|0|0|0|0|0|0|0|0|0|||||27-May-2022|951.0|0|0||Z733|Z733|N|Z608|Y|E785|Y|E0922|N|E1129|N|T50905|N|E1121|Y|R931|Y|I259|Y|E8881|Y|R7303|Y|E669|Y|O00109|Y|O039|Y|P292|N|Z591|Y|||||||||||||||||||||| | | | | | | | | | | | | | | | | | | | | | |GZ3|27-May-2022|Z741|27-May-2022|F419|27-May-2022|Z9181|27-May-2022|Z1331|27-May-2022|Z1331|27-May-2022|F1990|27-May-2022|F109|27-May-2022|||||||||||||||||||||||||||||||||||0|0||4|450|M1069|3.0|2022-05-28T00:00:00|hospital_A|hospital_A_20220527
SYN_BENE_ECD60552CA2B|SYN_CLM_B58572A01F9E|V|60|27-May-2022|27-May-2022|03-Jun-2022||3|030115|1|1|1|| |2350.86|0.0| ||3|1275566200| |9999997494| |9999997494|||0|1| |2350.86|27-May-2022|1|2|A|10|0.0|470.16|0|4|0.0|0.0|0|0|0|0|0|0|0|0|0|0|0|0|0|||||27-May-2022|951.0|0|0||Z733|Z733|N|Z608|Y|E785|Y|E0922|N|E1129|N|T50905|N|E1121|Y|R931|Y|I259|Y|E8881|Y|R7303|Y|E669|Y|O00109|Y|O039|Y|P292|N|Z591|Y|||||||||||||||||||||| | | | | | | | | | | | | | | | | | | | | | |GZ3|27-May-2022|Z741|27-May-2022|F419|27-May-2022|Z9181|27-May-2022|Z1331|27-May-2022|Z1331|27-May-2022|F1990|27-May-2022|F109|27-May-2022|||||||||||||||||||||||||||||||||||0|0||5|450|G0444|3.0|2022-05-28T00:00:00|hospital_A|hospital_A_20220527
SYN_BENE_ECD60552CA2B|SYN_CLM_B58572A01F9E|V|60|27-May-2022|27-May-2022|03-Jun-2022||3|030115|1|1|1|| |2350.86|0.0| ||3|1275566200| |9999997494| |9999997494|||0|1| |2350.86|27-May-2022|1|2|A|10|0.0|470.16|0|4|0.0|0.0|0|0|0|0|0|0|0|0|0|0|0|0|0|||||27-May-2022|951.0|0|0||Z733|Z733|N|Z608|Y|E785|Y|E0922|N|E1129|N|T50905|N|E1121|Y|R931|Y|I259|Y|E8881|Y|R7303|Y|E669|Y|O00109|Y|O039|Y|P292|N|Z591|Y|||||||||||||||||||||| | | | | | | | | | | | | | | | | | | | | | |GZ3|27-May-2022|Z741|27-May-2022|F419|27-May-2022|Z9181|27-May-2022|Z1331|27-May-2022|Z1331|27-May-2022|F1990|27-May-2022|F109|27-May-2022|||||||||||||||||||||||||||||||||||0|0||6|450|G0444|3.0|2022-05-28T00:00:00|hospital_A|hospital_A_20220527
SYN_BENE_ECD60552CA2B|SYN_CLM_B58572A01F9E|V|60|27-May-2022|27-May-2022|03-Jun-2022||3|030115|1|1|1|| |2350.86|0.0| ||3|1275566200| |9999997494| |9999997494|||0|1| |2350.86|27-May-2022|1|2|A|10|0.0|470.16|0|4|0.0|0.0|0|0|0|0|0|0|0|0|0|0|0|0|0|||||27-May-2022|951.0|0|0||Z733|Z733|N|Z608|Y|E785|Y|E0922|N|E1129|N|T50905|N|E1121|Y|R931|Y|I259|Y|E8881|Y|R7303|Y|E669|Y|O00109|Y|O039|Y|P292|N|Z591|Y|||||||||||||||||||||| | | | | | | | | | | | | | | | | | | | | | |GZ3|27-May-2022|Z741|27-May-2022|F419|27-May-2022|Z9181|27-May-2022|Z1331|27-May-2022|Z1331|27-May-2022|F1990|27-May-2022|F109|27-May-2022|||||||||||||||||||||||||||||||||||0|0||7|450|99408|3.0|2022-05-28T00:00:00|hospital_A|hospital_A_20220527
SYN_BENE_ECD60552CA2B|SYN_CLM_B58572A01F9E|V|60|27-May-2022|27-May-2022|03-Jun-2022||3|030115|1|1|1|| |2350.86|0.0| ||3|1275566200| |9999997494| |9999997494|||0|1| |2350.86|27-May-2022|1|2|A|10|0.0|470.16|0|4|0.0|0.0|0|0|0|0|0|0|0|0|0|0|0|0|0|||||27-May-2022|951.0|0|0||Z733|Z733|N|Z608|Y|E785|Y|E0922|N|E1129|N|T50905|N|E1121|Y|R931|Y|I259|Y|E8881|Y|R7303|Y|E669|Y|O00109|Y|O039|Y|P292|N|Z591|Y|||||||||||||||||||||| | | | | | | | | | | | | | | | | | | | | | |GZ3|27-May-2022|Z741|27-May-2022|F419|27-May-2022|Z9181|27-May-2022|Z1331|27-May-2022|Z1331|27-May-2022|F1990|27-May-2022|F109|27-May-2022|||||||||||||||||||||||||||||||||||0|0||8|450|G0442|3.0|2022-05-28T00:00:00|hospital_A|hospital_A_20220527
SYN_BENE_5B1D9EFB90BD|SYN_CLM_F514146411EE|V|60|27-May-2022|27-May-2022|03-Jun-2022||3|030115|1|1|1|| |2350.86|0.0| ||3|1275566200| |9999997494| |9999997494|||0|1| |2350.86|27-May-2022|1|2|A|10|0.0|470.16|0|4|0.0|0.0|0|0|0|0|0|0|0|0|0|0|0|0|0|||||27-May-2022|951.0|0|0||Z733|Z733|N|Z608|Y|E785|Y|E0922|N|E1129|N|T50905|N|E1121|Y|R931|Y|I259|Y|E8881|Y|R7303|Y|E669|Y|O00109|Y|O039|Y|P292|N|Z591|Y|||||||||||||||||||||| | | | | | | | | | | | | | | | | | | | | | |GZ3|27-May-2022|Z741|27-May-2022|F419|27-May-2022|Z9181|27-May-2022|Z1331|27-May-2022|Z1331|27-May-2022|F1990|27-May-2022|F109|27-May-2022|||||||||||||||||||||||||||||||||||0|0||1|450|99495|3.0|2022-05-28T00:00:00|hospital_A|hospital_A_20220527
SYN_BENE_5B1D9EFB90BD|SYN_CLM_F514146411EE|V|60|27-May-2022|27-May-2022|03-Jun-2022||3|030115|1|1|1|| |2350.86|0.0| ||3|1275566200| |9999997494| |9999997494|||0|1| |2350.86|27-May-2022|1|2|A|10|0.0|470.16|0|4|0.0|0.0|0|0|0|0|0|0|0|0|0|0|0|0|0|||||27-May-2022|951.0|0|0||Z733|Z733|N|Z608|Y|E785|Y|E0922|N|E1129|N|T50905|N|E1121|Y|R931|Y|I259|Y|E8881|Y|R7303|Y|E669|Y|O00109|Y|O039|Y|P292|N|Z591|Y|||||||||||||||||||||| | | | | | | | | | | | | | | | | | | | | | |GZ3|27-May-2022|Z741|27-May-2022|F419|27-May-2022|Z9181|27-May-2022|Z1331|27-May-2022|Z1331|27-May-2022|F1990|27-May-2022|F109|27-May-2022|||||||||||||||||||||||||||||||||||0|0||2|450|96156|3.0|2022-05-28T00:00:00|hospital_A|hospital_A_20220527
SYN_BENE_5B1D9EFB90BD|SYN_CLM_F514146411EE|V|60|27-May-2022|27-May-2022|03-Jun-2022||3|030115|1|1|1|| |2350.86|0.0| ||3|1275566200| |9999997494| |9999997494|||0|1| |2350.86|27-May-2022|1|2|A|10|0.0|470.16|0|4|0.0|0.0|0|0|0|0|0|0|0|0|0|0|0|0|0|||||27-May-2022|951.0|0|0||Z733|Z733|N|Z608|Y|E785|Y|E0922|N|E1129|N|T50905|N|E1121|Y|R931|Y|I259|Y|E8881|Y|R7303|Y|E669|Y|O00109|Y|O039|Y|P292|N|Z591|Y|||||||||||||||||||||| | | | | | | | | | | | | | | | | | | | | | |GZ3|27-May-2022|Z741|27-May-2022|F419|27-May-2022|Z9181|27-May-2022|Z1331|27-May-2022|Z1331|27-May-2022|F1990|27-May-2022|F109|27-May-2022|||||||||||||||||||||||||||||||||||0|0||3|450|96127|3.0|2022-05-28T00:00:00|hospital_A|hospital_A_20220527
SYN_BENE_5B1D9EFB90BD|SYN_CLM_F514146411EE|V|60|27-May-2022|27-May-2022|03-Jun-2022||3|030115|1|1|1|| |2350.86|0.0| ||3|1275566200| |9999997494| |9999997494|||0|1| |2350.86|27-May-2022|1|2|A|10|0.0|470.16|0|4|0.0|0.0|0|0|0|0|0|0|0|0|0|0|0|0|0|||||27-May-2022|951.0|0|0||Z733|Z733|N|Z608|Y|E785|Y|E0922|N|E1129|N|T50905|N|E1121|Y|R931|Y|I259|Y|E8881|Y|R7303|Y|E669|Y|O00109|Y|O039|Y|P292|N|Z591|Y|||||||||||||||||||||| | | | | | | | | | | | | | | | | | | | | | |GZ3|27-May-2022|Z741|27-May-2022|F419|27-May-2022|Z9181|27-May-2022|Z1331|27-May-2022|Z1331|27-May-2022|F1990|27-May-2022|F109|27-May-2022|||||||||||||||||||||||||||||||||||0|0||4|450|M1069|3.0|2022-05-28T00:00:00|hospital_A|hospital_A_20220527
SYN_BENE_5B1D9EFB90BD|SYN_CLM_F514146411EE|V|60|27-May-2022|27-May-2022|03-Jun-2022||3|030115|1|1|1|| |2350.86|0.0| ||3|1275566200| |9999997494| |9999997494|||0|1| |2350.86|27-May-2022|1|2|A|10|0.0|470.16|0|4|0.0|0.0|0|0|0|0|0|0|0|0|0|0|0|0|0|||||27-May-2022|951.0|0|0||Z733|Z733|N|Z608|Y|E785|Y|E0922|N|E1129|N|T50905|N|E1121|Y|R931|Y|I259|Y|E8881|Y|R7303|Y|E669|Y|O00109|Y|O039|Y|P292|N|Z591|Y|||||||||||||||||||||| | | | | | | | | | | | | | | | | | | | | | |GZ3|27-May-2022|Z741|27-May-2022|F419|27-May-2022|Z9181|27-May-2022|Z1331|27-May-2022|Z1331|27-May-2022|F1990|27-May-2022|F109|27-May-2022|||||||||||||||||||||||||||||||||||0|0||5|450|G0444|3.0|2022-05-28T00:00:00|hospital_A|hospital_A_20220527
SYN_BENE_5B1D9EFB90BD|SYN_CLM_F514146411EE|V|60|27-May-2022|27-May-2022|03-Jun-2022||3|030115|1|1|1|| |2350.86|0.0| ||3|1275566200| |9999997494| |9999997494|||0|1| |2350.86|27-May-2022|1|2|A|10|0.0|470.16|0|4|0.0|0.0|0|0|0|0|0|0|0|0|0|0|0|0|0|||||27-May-2022|951.0|0|0||Z733|Z733|N|Z608|Y|E785|Y|E0922|N|E1129|N|T50905|N|E1121|Y|R931|Y|I259|Y|E8881|Y|R7303|Y|E669|Y|O00109|Y|O039|Y|P292|N|Z591|Y|||||||||||||||||||||| | | | | | | | | | | | | | | | | | | | | | |GZ3|27-May-2022|Z741|27-May-2022|F419|27-May-2022|Z9181|27-May-2022|Z1331|27-May-2022|Z1331|27-May-2022|F1990|27-May-2022|F109|27-May-2022|||||||||||||||||||||||||||||||||||0|0||6|450|G0444|3.0|2022-05-28T00:00:00|hospital_A|hospital_A_20220527
SYN_BENE_5B1D9EFB90BD|SYN_CLM_F514146411EE|V|60|27-May-2022|27-May-2022|03-Jun-2022||3|030115|1|1|1|| |2350.86|0.0| ||3|1275566200| |9999997494| |9999997494|||0|1| |2350.86|27-May-2022|1|2|A|10|0.0|470.16|0|4|0.0|0.0|0|0|0|0|0|0|0|0|0|0|0|0|0|||||27-May-2022|951.0|0|0||Z733|Z733|N|Z608|Y|E785|Y|E0922|N|E1129|N|T50905|N|E1121|Y|R931|Y|I259|Y|E8881|Y|R7303|Y|E669|Y|O00109|Y|O039|Y|P292|N|Z591|Y|||||||||||||||||||||| | | | | | | | | | | | | | | | | | | | | | |GZ3|27-May-2022|Z741|27-May-2022|F419|27-May-2022|Z9181|27-May-2022|Z1331|27-May-2022|Z1331|27-May-2022|F1990|27-May-2022|F109|27-May-2022|||||||||||||||||||||||||||||||||||0|0||7|450|99408|3.0|2022-05-28T00:00:00|hospital_A|hospital_A_20220527
SYN_BENE_5B1D9EFB90BD|SYN_CLM_F514146411EE|V|60|27-May-2022|27-May-2022|03-Jun-2022||3|030115|1|1|1|| |2350.86|0.0| ||3|1275566200| |9999997494| |9999997494|||0|1| |2350.86|27-May-2022|1|2|A|10|0.0|470.16|0|4|0.0|0.0|0|0|0|0|0|0|0|0|0|0|0|0|0|||||27-May-2022|951.0|0|0||Z733|Z733|N|Z608|Y|E785|Y|E0922|N|E1129|N|T50905|N|E1121|Y|R931|Y|I259|Y|E8881|Y|R7303|Y|E669|Y|O00109|Y|O039|Y|P292|N|Z591|Y|||||||||||||||||||||| | | | | | | | | | | | | | | | | | | | | | |GZ3|27-May-2022|Z741|27-May-2022|F419|27-May-2022|Z9181|27-May-2022|Z1331|27-May-2022|Z1331|27-May-2022|F1990|27-May-2022|F109|27-May-2022|||||||||||||||||||||||||||||||||||0|0||8|450|G0442|3.0|2022-05-28T00:00:00|hospital_A|hospital_A_20220527
SYN_BENE_4EAB1AFE6F9E|SYN_CLM_80AF3770AB79|V|60|27-May-2022|27-May-2022|03-Jun-2022||3|030115|1|1|1|| |2350.86|0.0| ||3|1275566200| |9999997494| |9999997494|||0|1| |2350.86|27-May-2022|1|2|A|10|0.0|470.16|0|4|0.0|0.0|0|0|0|0|0|0|0|0|0|0|0|0|0|||||27-May-2022|951.0|0|0||Z733|Z733|N|Z608|Y|E785|Y|E0922|N|E1129|N|T50905|N|E1121|Y|R931|Y|I259|Y|E8881|Y|R7303|Y|E669|Y|O00109|Y|O039|Y|P292|N|Z591|Y|||||||||||||||||||||| | | | | | | | | | | | | | | | | | | | | | |GZ3|27-May-2022|Z741|27-May-2022|F419|27-May-2022|Z9181|27-May-2022|Z1331|27-May-2022|Z1331|27-May-2022|F1990|27-May-2022|F109|27-May-2022|||||||||||||||||||||||||||||||||||0|0||1|450|99495|3.0|2022-05-28T00:00:00|hospital_A|hospital_A_20220527
SYN_BENE_4EAB1AFE6F9E|SYN_CLM_80AF3770AB79|V|60|27-May-2022|27-May-2022|03-Jun-2022||3|030115|1|1|1|| |2350.86|0.0| ||3|1275566200| |9999997494| |9999997494|||0|1| |2350.86|27-May-2022|1|2|A|10|0.0|470.16|0|4|0.0|0.0|0|0|0|0|0|0|0|0|0|0|0|0|0|||||27-May-2022|951.0|0|0||Z733|Z733|N|Z608|Y|E785|Y|E0922|N|E1129|N|T50905|N|E1121|Y|R931|Y|I259|Y|E8881|Y|R7303|Y|E669|Y|O00109|Y|O039|Y|P292|N|Z591|Y|||||||||||||||||||||| | | | | | | | | | | | | | | | | | | | | | |GZ3|27-May-2022|Z741|27-May-2022|F419|27-May-2022|Z9181|27-May-2022|Z1331|27-May-2022|Z1331|27-May-2022|F1990|27-May-2022|F109|27-May-2022|||||||||||||||||||||||||||||||||||0|0||2|450|96156|3.0|2022-05-28T00:00:00|hospital_A|hospital_A_20220527
SYN_BENE_4EAB1AFE6F9E|SYN_CLM_80AF3770AB79|V|60|27-May-2022|27-May-2022|03-Jun-2022||3|030115|1|1|1|| |2350.86|0.0| ||3|1275566200| |9999997494| |9999997494|||0|1| |2350.86|27-May-2022|1|2|A|10|0.0|470.16|0|4|0.0|0.0|0|0|0|0|0|0|0|0|0|0|0|0|0|||||27-May-2022|951.0|0|0||Z733|Z733|N|Z608|Y|E785|Y|E0922|N|E1129|N|T50905|N|E1121|Y|R931|Y|I259|Y|E8881|Y|R7303|Y|E669|Y|O00109|Y|O039|Y|P292|N|Z591|Y|||||||||||||||||||||| | | | | | | | | | | | | | | | | | | | | | |GZ3|27-May-2022|Z741|27-May-2022|F419|27-May-2022|Z9181|27-May-2022|Z1331|27-May-2022|Z1331|27-May-2022|F1990|27-May-2022|F109|27-May-2022|||||||||||||||||||||||||||||||||||0|0||3|450|96127|3.0|2022-05-28T00:00:00|hospital_A|hospital_A_20220527
SYN_BENE_4EAB1AFE6F9E|SYN_CLM_80AF3770AB79|V|60|27-May-2022|27-May-2022|03-Jun-2022||3|030115|1|1|1|| |2350.86|0.0| ||3|1275566200| |9999997494| |9999997494|||0|1| |2350.86|27-May-2022|1|2|A|10|0.0|470.16|0|4|0.0|0.0|0|0|0|0|0|0|0|0|0|0|0|0|0|||||27-May-2022|951.0|0|0||Z733|Z733|N|Z608|Y|E785|Y|E0922|N|E1129|N|T50905|N|E1121|Y|R931|Y|I259|Y|E8881|Y|R7303|Y|E669|Y|O00109|Y|O039|Y|P292|N|Z591|Y|||||||||||||||||||||| | | | | | | | | | | | | | | | | | | | | | |GZ3|27-May-2022|Z741|27-May-2022|F419|27-May-2022|Z9181|27-May-2022|Z1331|27-May-2022|Z1331|27-May-2022|F1990|27-May-2022|F109|27-May-2022|||||||||||||||||||||||||||||||||||0|0||4|450|M1069|3.0|2022-05-28T00:00:00|hospital_A|hospital_A_20220527
SYN_BENE_4EAB1AFE6F9E|SYN_CLM_80AF3770AB79|V|60|27-May-2022|27-May-2022|03-Jun-2022||3|030115|1|1|1|| |2350.86|0.0| ||3|1275566200| |9999997494| |9999997494|||0|1| |2350.86|27-May-2022|1|2|A|10|0.0|470.16|0|4|0.0|0.0|0|0|0|0|0|0|0|0|0|0|0|0|0|||||27-May-2022|951.0|0|0||Z733|Z733|N|Z608|Y|E785|Y|E0922|N|E1129|N|T50905|N|E1121|Y|R931|Y|I259|Y|E8881|Y|R7303|Y|E669|Y|O00109|Y|O039|Y|P292|N|Z591|Y|||||||||||||||||||||| | | | | | | | | | | | | | | | | | | | | | |GZ3|27-May-2022|Z741|27-May-2022|F419|27-May-2022|Z9181|27-May-2022|Z1331|27-May-2022|Z1331|27-May-2022|F1990|27-May-2022|F109|27-May-2022|||||||||||||||||||||||||||||||||||0|0||5|450|G0444|3.0|2022-05-28T00:00:00|hospital_A|hospital_A_20220527
SYN_BENE_4EAB1AFE6F9E|SYN_CLM_80AF3770AB79|V|60|27-May-2022|27-May-2022|03-Jun-2022||3|030115|1|1|1|| |2350.86|0.0| ||3|1275566200| |9999997494| |9999997494|||0|1| |2350.86|27-May-2022|1|2|A|10|0.0|470.16|0|4|0.0|0.0|0|0|0|0|0|0|0|0|0|0|0|0|0|||||27-May-2022|951.0|0|0||Z733|Z733|N|Z608|Y|E785|Y|E0922|N|E1129|N|T50905|N|E1121|Y|R931|Y|I259|Y|E8881|Y|R7303|Y|E669|Y|O00109|Y|O039|Y|P292|N|Z591|Y|||||||||||||||||||||| | | | | | | | | | | | | | | | | | | | | | |GZ3|27-May-2022|Z741|27-May-2022|F419|27-May-2022|Z9181|27-May-2022|Z1331|27-May-2022|Z1331|27-May-2022|F1990|27-May-2022|F109|27-May-2022|||||||||||||||||||||||||||||||||||0|0||6|450|G0444|3.0|2022-05-28T00:00:00|hospital_A|hospital_A_20220527
SYN_BENE_4EAB1AFE6F9E|SYN_CLM_80AF3770AB79|V|60|27-May-2022|27-May-2022|03-Jun-2022||3|030115|1|1|1|| |2350.86|0.0| ||3|1275566200| |9999997494| |9999997494|||0|1| |2350.86|27-May-2022|1|2|A|10|0.0|470.16|0|4|0.0|0.0|0|0|0|0|0|0|0|0|0|0|0|0|0|||||27-May-2022|951.0|0|0||Z733|Z733|N|Z608|Y|E785|Y|E0922|N|E1129|N|T50905|N|E1121|Y|R931|Y|I259|Y|E8881|Y|R7303|Y|E669|Y|O00109|Y|O039|Y|P292|N|Z591|Y|||||||||||||||||||||| | | | | | | | | | | | | | | | | | | | | | |GZ3|27-May-2022|Z741|27-May-2022|F419|27-May-2022|Z9181|27-May-2022|Z1331|27-May-2022|Z1331|27-May-2022|F1990|27-May-2022|F109|27-May-2022|||||||||||||||||||||||||||||||||||0|0||7|450|99408|3.0|2022-05-28T00:00:00|hospital_A|hospital_A_20220527
SYN_BENE_4EAB1AFE6F9E|SYN_CLM_80AF3770AB79|V|60|27-May-2022|27-May-2022|03-Jun-2022||3|030115|1|1|1|| |2350.86|0.0| ||3|1275566200| |9999997494| |9999997494|||0|1| |2350.86|27-May-2022|1|2|A|10|0.0|470.16|0|4|0.0|0.0|0|0|0|0|0|0|0|0|0|0|0|0|0|||||27-May-2022|951.0|0|0||Z733|Z733|N|Z608|Y|E785|Y|E0922|N|E1129|N|T50905|N|E1121|Y|R931|Y|I259|Y|E8881|Y|R7303|Y|E669|Y|O00109|Y|O039|Y|P292|N|Z591|Y|||||||||||||||||||||| | | | | | | | | | | | | | | | | | | | | | |GZ3|27-May-2022|Z741|27-May-2022|F419|27-May-2022|Z9181|27-May-2022|Z1331|27-May-2022|Z1331|27-May-2022|F1990|27-May-2022|F109|27-May-2022|||||||||||||||||||||||||||||||||||0|0||8|450|G0442|3.0|2022-05-28T00:00:00|hospital_A|hospital_A_20220527
SYN_BENE_5776CD25B2B5|SYN_CLM_36C76CC3C449|V|60|27-May-2022|27-May-2022|03-Jun-2022||3|030115|1|1|1|| |2350.86|0.0| ||3|1275566200| |9999997494| |9999997494|||0|1| |2350.86|27-May-2022|1|2|A|10|0.0|470.16|0|4|0.0|0.0|0|0|0|0|0|0|0|0|0|0|0|0|0|||||27-May-2022|951.0|0|0||Z733|Z733|N|Z608|Y|E785|Y|E0922|N|E1129|N|T50905|N|E1121|Y|R931|Y|I259|Y|E8881|Y|R7303|Y|E669|Y|O00109|Y|O039|Y|P292|N|Z591|Y|||||||||||||||||||||| | | | | | | | | | | | | | | | | | | | | | |GZ3|27-May-2022|Z741|27-May-2022|F419|27-May-2022|Z9181|27-May-2022|Z1331|27-May-2022|Z1331|27-May-2022|F1990|27-May-2022|F109|27-May-2022|||||||||||||||||||||||||||||||||||0|0||1|450|99495|3.0|2022-05-28T00:00:00|hospital_A|hospital_A_20220527
SYN_BENE_5776CD25B2B5|SYN_CLM_36C76CC3C449|V|60|27-May-2022|27-May-2022|03-Jun-2022||3|030115|1|1|1|| |2350.86|0.0| ||3|1275566200| |9999997494| |9999997494|||0|1| |2350.86|27-May-2022|1|2|A|10|0.0|470.16|0|4|0.0|0.0|0|0|0|0|0|0|0|0|0|0|0|0|0|||||27-May-2022|951.0|0|0||Z733|Z733|N|Z608|Y|E785|Y|E0922|N|E1129|N|T50905|N|E1121|Y|R931|Y|I259|Y|E8881|Y|R7303|Y|E669|Y|O00109|Y|O039|Y|P292|N|Z591|Y|||||||||||||||||||||| | | | | | | | | | | | | | | | | | | | | | |GZ3|27-May-2022|Z741|27-May-2022|F419|27-May-2022|Z9181|27-May-2022|Z1331|27-May-2022|Z1331|27-May-2022|F1990|27-May-2022|F109|27-May-2022|||||||||||||||||||||||||||||||||||0|0||2|450|96156|3.0|2022-05-28T00:00:00|hospital_A|hospital_A_20220527
SYN_BENE_5776CD25B2B5|SYN_CLM_36C76CC3C449|V|60|27-May-2022|27-May-2022|03-Jun-2022||3|030115|1|1|1|| |2350.86|0.0| ||3|1275566200| |9999997494| |9999997494|||0|1| |2350.86|27-May-2022|1|2|A|10|0.0|470.16|0|4|0.0|0.0|0|0|0|0|0|0|0|0|0|0|0|0|0|||||27-May-2022|951.0|0|0||Z733|Z733|N|Z608|Y|E785|Y|E0922|N|E1129|N|T50905|N|E1121|Y|R931|Y|I259|Y|E8881|Y|R7303|Y|E669|Y|O00109|Y|O039|Y|P292|N|Z591|Y|||||||||||||||||||||| | | | | | | | | | | | | | | | | | | | | | |GZ3|27-May-2022|Z741|27-May-2022|F419|27-May-2022|Z9181|27-May-2022|Z1331|27-May-2022|Z1331|27-May-2022|F1990|27-May-2022|F109|27-May-2022|||||||||||||||||||||||||||||||||||0|0||3|450|96127|3.0|2022-05-28T00:00:00|hospital_A|hospital_A_20220527
SYN_BENE_5776CD25B2B5|SYN_CLM_36C76CC3C449|V|60|27-May-2022|27-May-2022|03-Jun-2022||3|030115|1|1|1|| |2350.86|0.0| ||3|1275566200| |9999997494| |9999997494|||0|1| |2350.86|27-May-2022|1|2|A|10|0.0|470.16|0|4|0.0|0.0|0|0|0|0|0|0|0|0|0|0|0|0|0|||||27-May-2022|951.0|0|0||Z733|Z733|N|Z608|Y|E785|Y|E0922|N|E1129|N|T50905|N|E1121|Y|R931|Y|I259|Y|E8881|Y|R7303|Y|E669|Y|O00109|Y|O039|Y|P292|N|Z591|Y|||||||||||||||||||||| | | | | | | | | | | | | | | | | | | | | | |GZ3|27-May-2022|Z741|27-May-2022|F419|27-May-2022|Z9181|27-May-2022|Z1331|27-May-2022|Z1331|27-May-2022|F1990|27-May-2022|F109|27-May-2022|||||||||||||||||||||||||||||||||||0|0||4|450|M1069|3.0|2022-05-28T00:00:00|hospital_A|hospital_A_20220527
SYN_BENE_5776CD25B2B5|SYN_CLM_36C76CC3C449|V|60|27-May-2022|27-May-2022|03-Jun-2022||3|030115|1|1|1|| |2350.86|0.0| ||3|1275566200| |9999997494| |9999997494|||0|1| |2350.86|27-May-2022|1|2|A|10|0.0|470.16|0|4|0.0|0.0|0|0|0|0|0|0|0|0|0|0|0|0|0|||||27-May-2022|951.0|0|0||Z733|Z733|N|Z608|Y|E785|Y|E0922|N|E1129|N|T50905|N|E1121|Y|R931|Y|I259|Y|E8881|Y|R7303|Y|E669|Y|O00109|Y|O039|Y|P292|N|Z591|Y|||||||||||||||||||||| | | | | | | | | | | | | | | | | | | | | | |GZ3|27-May-2022|Z741|27-May-2022|F419|27-May-2022|Z9181|27-May-2022|Z1331|27-May-2022|Z1331|27-May-2022|F1990|27-May-2022|F109|27-May-2022|||||||||||||||||||||||||||||||||||0|0||5|450|G0444|3.0|2022-05-28T00:00:00|hospital_A|hospital_A_20220527
SYN_BENE_5776CD25B2B5|SYN_CLM_36C76CC3C449|V|60|27-May-2022|27-May-2022|03-Jun-2022||3|030115|1|1|1|| |2350.86|0.0| ||3|1275566200| |9999997494| |9999997494|||0|1| |2350.86|27-May-2022|1|2|A|10|0.0|470.16|0|4|0.0|0.0|0|0|0|0|0|0|0|0|0|0|0|0|0|||||27-May-2022|951.0|0|0||Z733|Z733|N|Z608|Y|E785|Y|E0922|N|E1129|N|T50905|N|E1121|Y|R931|Y|I259|Y|E8881|Y|R7303|Y|E669|Y|O00109|Y|O039|Y|P292|N|Z591|Y|||||||||||||||||||||| | | | | | | | | | | | | | | | | | | | | | |GZ3|27-May-2022|Z741|27-May-2022|F419|27-May-2022|Z9181|27-May-2022|Z1331|27-May-2022|Z1331|27-May-2022|F1990|27-May-2022|F109|27-May-2022|||||||||||||||||||||||||||||||||||0|0||6|450|G0444|3.0|2022-05-28T00:00:00|hospital_A|hospital_A_20220527
SYN_BENE_5776CD25B2B5|SYN_CLM_36C76CC3C449|V|60|27-May-2022|27-May-2022|03-Jun-2022||3|030115|1|1|1|| |2350.86|0.0| ||3|1275566200| |9999997494| |9999997494|||0|1| |2350.86|27-May-2022|1|2|A|10|0.0|470.16|0|4|0.0|0.0|0|0|0|0|0|0|0|0|0|0|0|0|0|||||27-May-2022|951.0|0|0||Z733|Z733|N|Z608|Y|E785|Y|E0922|N|E1129|N|T50905|N|E1121|Y|R931|Y|I259|Y|E8881|Y|R7303|Y|E669|Y|O00109|Y|O039|Y|P292|N|Z591|Y|||||||||||||||||||||| | | | | | | | | | | | | | | | | | | | | | |GZ3|27-May-2022|Z741|27-May-2022|F419|27-May-2022|Z9181|27-May-2022|Z1331|27-May-2022|Z1331|27-May-2022|F1990|27-May-2022|F109|27-May-2022|||||||||||||||||||||||||||||||||||0|0||7|450|99408|3.0|2022-05-28T00:00:00|hospital_A|hospital_A_20220527
SYN_BENE_5776CD25B2B5|SYN_CLM_36C76CC3C449|V|60|27-May-2022|27-May-2022|03-Jun-2022||3|030115|1|1|1|| |2350.86|0.0| ||3|1275566200| |9999997494| |9999997494|||0|1| |2350.86|27-May-2022|1|2|A|10|0.0|470.16|0|4|0.0|0.0|0|0|0|0|0|0|0|0|0|0|0|0|0|||||27-May-2022|951.0|0|0||Z733|Z733|N|Z608|Y|E785|Y|E0922|N|E1129|N|T50905|N|E1121|Y|R931|Y|I259|Y|E8881|Y|R7303|Y|E669|Y|O00109|Y|O039|Y|P292|N|Z591|Y|||||||||||||||||||||| | | | | | | | | | | | | | | | | | | | | | |GZ3|27-May-2022|Z741|27-May-2022|F419|27-May-2022|Z9181|27-May-2022|Z1331|27-May-2022|Z1331|27-May-2022|F1990|27-May-2022|F109|27-May-2022|||||||||||||||||||||||||||||||||||0|0||8|450|G0442|3.0|2022-05-28T00:00:00|hospital_A|hospital_A_20220527
SYN_BENE_12A3928ADA4D|SYN_CLM_C21BEF863D47|V|60|27-May-2022|27-May-2022|03-Jun-2022||3|030115|1|1|1|| |2350.86|0.0| ||3|1275566200| |9999997494| |9999997494|||0|1| |2350.86|27-May-2022|1|2|A|10|0.0|470.16|0|4|0.0|0.0|0|0|0|0|0|0|0|0|0|0|0|0|0|||||27-May-2022|951.0|0|0||Z733|Z733|N|Z608|Y|E785|Y|E0922|N|E1129|N|T50905|N|E1121|Y|R931|Y|I259|Y|E8881|Y|R7303|Y|E669|Y|O00109|Y|O039|Y|P292|N|Z591|Y|||||||||||||||||||||| | | | | | | | | | | | | | | | | | | | | | |GZ3|27-May-2022|Z741|27-May-2022|F419|27-May-2022|Z9181|27-May-2022|Z1331|27-May-2022|Z1331|27-May-2022|F1990|27-May-2022|F109|27-May-2022|||||||||||||||||||||||||||||||||||0|0||1|450|99495|3.0|2022-05-28T00:00:00|hospital_A|hospital_A_20220527
SYN_BENE_12A3928ADA4D|SYN_CLM_C21BEF863D47|V|60|27-May-2022|27-May-2022|03-Jun-2022||3|030115|1|1|1|| |2350.86|0.0| ||3|1275566200| |9999997494| |9999997494|||0|1| |2350.86|27-May-2022|1|2|A|10|0.0|470.16|0|4|0.0|0.0|0|0|0|0|0|0|0|0|0|0|0|0|0|||||27-May-2022|951.0|0|0||Z733|Z733|N|Z608|Y|E785|Y|E0922|N|E1129|N|T50905|N|E1121|Y|R931|Y|I259|Y|E8881|Y|R7303|Y|E669|Y|O00109|Y|O039|Y|P292|N|Z591|Y|||||||||||||||||||||| | | | | | | | | | | | | | | | | | | | | | |GZ3|27-May-2022|Z741|27-May-2022|F419|27-May-2022|Z9181|27-May-2022|Z1331|27-May-2022|Z1331|27-May-2022|F1990|27-May-2022|F109|27-May-2022|||||||||||||||||||||||||||||||||||0|0||2|450|96156|3.0|2022-05-28T00:00:00|hospital_A|hospital_A_20220527
SYN_BENE_12A3928ADA4D|SYN_CLM_C21BEF863D47|V|60|27-May-2022|27-May-2022|03-Jun-2022||3|030115|1|1|1|| |2350.86|0.0| ||3|1275566200| |9999997494| |9999997494|||0|1| |2350.86|27-May-2022|1|2|A|10|0.0|470.16|0|4|0.0|0.0|0|0|0|0|0|0|0|0|0|0|0|0|0|||||27-May-2022|951.0|0|0||Z733|Z733|N|Z608|Y|E785|Y|E0922|N|E1129|N|T50905|N|E1121|Y|R931|Y|I259|Y|E8881|Y|R7303|Y|E669|Y|O00109|Y|O039|Y|P292|N|Z591|Y|||||||||||||||||||||| | | | | | | | | | | | | | | | | | | | | | |GZ3|27-May-2022|Z741|27-May-2022|F419|27-May-2022|Z9181|27-May-2022|Z1331|27-May-2022|Z1331|27-May-2022|F1990|27-May-2022|F109|27-May-2022|||||||||||||||||||||||||||||||||||0|0||3|450|96127|3.0|2022-05-28T00:00:00|hospital_A|hospital_A_20220527
SYN_BENE_12A3928ADA4D|SYN_CLM_C21BEF863D47|V|60|27-May-2022|27-May-2022|03-Jun-2022||3|030115|1|1|1|| |2350.86|0.0| ||3|1275566200| |9999997494| |9999997494|||0|1| |2350.86|27-May-2022|1|2|A|10|0.0|470.16|0|4|0.0|0.0|0|0|0|0|0|0|0|0|0|0|0|0|0|||||27-May-2022|951.0|0|0||Z733|Z733|N|Z608|Y|E785|Y|E0922|N|E1129|N|T50905|N|E1121|Y|R931|Y|I259|Y|E8881|Y|R7303|Y|E669|Y|O00109|Y|O039|Y|P292|N|Z591|Y|||||||||||||||||||||| | | | | | | | | | | | | | | | | | | | | | |GZ3|27-May-2022|Z741|27-May-2022|F419|27-May-2022|Z9181|27-May-2022|Z1331|27-May-2022|Z1331|27-May-2022|F1990|27-May-2022|F109|27-May-2022|||||||||||||||||||||||||||||||||||0|0||4|450|M1069|3.0|2022-05-28T00:00:00|hospital_A|hospital_A_20220527
SYN_BENE_12A3928ADA4D|SYN_CLM_C21BEF863D47|V|60|27-May-2022|27-May-2022|03-Jun-2022||3|030115|1|1|1|| |2350.86|0.0| ||3|1275566200| |9999997494| |9999997494|||0|1| |2350.86|27-May-2022|1|2|A|10|0.0|470.16|0|4|0.0|0.0|0|0|0|0|0|0|0|0|0|0|0|0|0|||||27-May-2022|951.0|0|0||Z733|Z733|N|Z608|Y|E785|Y|E0922|N|E1129|N|T50905|N|E1121|Y|R931|Y|I259|Y|E8881|Y|R7303|Y|E669|Y|O00109|Y|O039|Y|P292|N|Z591|Y|||||||||||||||||||||| | | | | | | | | | | | | | | | | | | | | | |GZ3|27-May-2022|Z741|27-May-2022|F419|27-May-2022|Z9181|27-May-2022|Z1331|27-May-2022|Z1331|27-May-2022|F1990|27-May-2022|F109|27-May-2022|||||||||||||||||||||||||||||||||||0|0||5|450|G0444|3.0|2022-05-28T00:00:00|hospital_A|hospital_A_20220527
SYN_BENE_12A3928ADA4D|SYN_CLM_C21BEF863D47|V|60|27-May-2022|27-May-2022|03-Jun-2022||3|030115|1|1|1|| |2350.86|0.0| ||3|1275566200| |9999997494| |9999997494|||0|1| |2350.86|27-May-2022|1|2|A|10|0.0|470.16|0|4|0.0|0.0|0|0|0|0|0|0|0|0|0|0|0|0|0|||||27-May-2022|951.0|0|0||Z733|Z733|N|Z608|Y|E785|Y|E0922|N|E1129|N|T50905|N|E1121|Y|R931|Y|I259|Y|E8881|Y|R7303|Y|E669|Y|O00109|Y|O039|Y|P292|N|Z591|Y|||||||||||||||||||||| | | | | | | | | | | | | | | | | | | | | | |GZ3|27-May-2022|Z741|27-May-2022|F419|27-May-2022|Z9181|27-May-2022|Z1331|27-May-2022|Z1331|27-May-2022|F1990|27-May-2022|F109|27-May-2022|||||||||||||||||||||||||||||||||||0|0||6|450|G0444|3.0|2022-05-28T00:00:00|hospital_A|hospital_A_20220527
SYN_BENE_12A3928ADA4D|SYN_CLM_C21BEF863D47|V|60|27-May-2022|27-May-2022|03-Jun-2022||3|030115|1|1|1|| |2350.86|0.0| ||3|1275566200| |9999997494| |9999997494|||0|1| |2350.86|27-May-2022|1|2|A|10|0.0|470.16|0|4|0.0|0.0|0|0|0|0|0|0|0|0|0|0|0|0|0|||||27-May-2022|951.0|0|0||Z733|Z733|N|Z608|Y|E785|Y|E0922|N|E1129|N|T50905|N|E1121|Y|R931|Y|I259|Y|E8881|Y|R7303|Y|E669|Y|O00109|Y|O039|Y|P292|N|Z591|Y|||||||||||||||||||||| | | | | | | | | | | | | | | | | | | | | | |GZ3|27-May-2022|Z741|27-May-2022|F419|27-May-2022|Z9181|27-May-2022|Z1331|27-May-2022|Z1331|27-May-2022|F1990|27-May-2022|F109|27-May-2022|||||||||||||||||||||||||||||||||||0|0||7|450|99408|3.0|2022-05-28T00:00:00|hospital_A|hospital_A_20220527
SYN_BENE_12A3928ADA4D|SYN_CLM_C21BEF863D47|V|60|27-May-2022|27-May-2022|03-Jun-2022||3|030115|1|1|1|| |2350.86|0.0| ||3|1275566200| |9999997494| |9999997494|||0|1| |2350.86|27-May-2022|1|2|A|10|0.0|470.16|0|4|0.0|0.0|0|0|0|0|0|0|0|0|0|0|0|0|0|||||27-May-2022|951.0|0|0||Z733|Z733|N|Z608|Y|E785|Y|E0922|N|E1129|N|T50905|N|E1121|Y|R931|Y|I259|Y|E8881|Y|R7303|Y|E669|Y|O00109|Y|O039|Y|P292|N|Z591|Y|||||||||||||||||||||| | | | | | | | | | | | | | | | | | | | | | |GZ3|27-May-2022|Z741|27-May-2022|F419|27-May-2022|Z9181|27-May-2022|Z1331|27-May-2022|Z1331|27-May-2022|F1990|27-May-2022|F109|27-May-2022|||||||||||||||||||||||||||||||||||0|0||8|450|G0442|3.0|2022-05-28T00:00:00|hospital_A|hospital_A_20220527
SYN_BENE_CB46D3B77363|SYN_CLM_38D9DCAF4936|V|60|27-May-2022|27-May-2022|03-Jun-2022||3|030115|1|1|1|| |2350.86|0.0| ||3|1275566200| |9999997494| |9999997494|||0|1| |2350.86|27-May-2022|1|2|A|10|0.0|470.16|0|4|0.0|0.0|0|0|0|0|0|0|0|0|0|0|0|0|0|||||27-May-2022|951.0|0|0||Z733|Z733|N|Z608|Y|E785|Y|E0922|N|E1129|N|T50905|N|E1121|Y|R931|Y|I259|Y|E8881|Y|R7303|Y|E669|Y|O00109|Y|O039|Y|P292|N|Z591|Y|||||||||||||||||||||| | | | | | | | | | | | | | | | | | | | | | |GZ3|27-May-2022|Z741|27-May-2022|F419|27-May-2022|Z9181|27-May-2022|Z1331|27-May-2022|Z1331|27-May-2022|F1990|27-May-2022|F109|27-May-2022|||||||||||||||||||||||||||||||||||0|0||1|450|99495|3.0|2022-05-28T00:00:00|hospital_A|hospital_A_20220527
SYN_BENE_CB46D3B77363|SYN_CLM_38D9DCAF4936|V|60|27-May-2022|27-May-2022|03-Jun-2022||3|030115|1|1|1|| |2350.86|0.0| ||3|1275566200| |9999997494| |9999997494|||0|1| |2350.86|27-May-2022|1|2|A|10|0.0|470.16|0|4|0.0|0.0|0|0|0|0|0|0|0|0|0|0|0|0|0|||||27-May-2022|951.0|0|0||Z733|Z733|N|Z608|Y|E785|Y|E0922|N|E1129|N|T50905|N|E1121|Y|R931|Y|I259|Y|E8881|Y|R7303|Y|E669|Y|O00109|Y|O039|Y|P292|N|Z591|Y|||||||||||||||||||||| | | | | | | | | | | | | | | | | | | | | | |GZ3|27-May-2022|Z741|27-May-2022|F419|27-May-2022|Z9181|27-May-2022|Z1331|27-May-2022|Z1331|27-May-2022|F1990|27-May-2022|F109|27-May-2022|||||||||||||||||||||||||||||||||||0|0||2|450|96156|3.0|2022-05-28T00:00:00|hospital_A|hospital_A_20220527
SYN_BENE_CB46D3B77363|SYN_CLM_38D9DCAF4936|V|60|27-May-2022|27-May-2022|03-Jun-2022||3|030115|1|1|1|| |2350.86|0.0| ||3|1275566200| |9999997494| |9999997494|||0|1| |2350.86|27-May-2022|1|2|A|10|0.0|470.16|0|4|0.0|0.0|0|0|0|0|0|0|0|0|0|0|0|0|0|||||27-May-2022|951.0|0|0||Z733|Z733|N|Z608|Y|E785|Y|E0922|N|E1129|N|T50905|N|E1121|Y|R931|Y|I259|Y|E8881|Y|R7303|Y|E669|Y|O00109|Y|O039|Y|P292|N|Z591|Y|||||||||||||||||||||| | | | | | | | | | | | | | | | | | | | | | |GZ3|27-May-2022|Z741|27-May-2022|F419|27-May-2022|Z9181|27-May-2022|Z1331|27-May-2022|Z1331|27-May-2022|F1990|27-May-2022|F109|27-May-2022|||||||||||||||||||||||||||||||||||0|0||3|450|96127|3.0|2022-05-28T00:00:00|hospital_A|hospital_A_20220527
SYN_BENE_CB46D3B77363|SYN_CLM_38D9DCAF4936|V|60|27-May-2022|27-May-2022|03-Jun-2022||3|030115|1|1|1|| |2350.86|0.0| ||3|1275566200| |9999997494| |9999997494|||0|1| |2350.86|27-May-2022|1|2|A|10|0.0|470.16|0|4|0.0|0.0|0|0|0|0|0|0|0|0|0|0|0|0|0|||||27-May-2022|951.0|0|0||Z733|Z733|N|Z608|Y|E785|Y|E0922|N|E1129|N|T50905|N|E1121|Y|R931|Y|I259|Y|E8881|Y|R7303|Y|E669|Y|O00109|Y|O039|Y|P292|N|Z591|Y|||||||||||||||||||||| | | | | | | | | | | | | | | | | | | | | | |GZ3|27-May-2022|Z741|27-May-2022|F419|27-May-2022|Z9181|27-May-2022|Z1331|27-May-2022|Z1331|27-May-2022|F1990|27-May-2022|F109|27-May-2022|||||||||||||||||||||||||||||||||||0|0||4|450|M1069|3.0|2022-05-28T00:00:00|hospital_A|hospital_A_20220527
SYN_BENE_CB46D3B77363|SYN_CLM_38D9DCAF4936|V|60|27-May-2022|27-May-2022|03-Jun-2022||3|030115|1|1|1|| |2350.86|0.0| ||3|1275566200| |9999997494| |9999997494|||0|1| |2350.86|27-May-2022|1|2|A|10|0.0|470.16|0|4|0.0|0.0|0|0|0|0|0|0|0|0|0|0|0|0|0|||||27-May-2022|951.0|0|0||Z733|Z733|N|Z608|Y|E785|Y|E0922|N|E1129|N|T50905|N|E1121|Y|R931|Y|I259|Y|E8881|Y|R7303|Y|E669|Y|O00109|Y|O039|Y|P292|N|Z591|Y|||||||||||||||||||||| | | | | | | | | | | | | | | | | | | | | | |GZ3|27-May-2022|Z741|27-May-2022|F419|27-May-2022|Z9181|27-May-2022|Z1331|27-May-2022|Z1331|27-May-2022|F1990|27-May-2022|F109|27-May-2022|||||||||||||||||||||||||||||||||||0|0||5|450|G0444|3.0|2022-05-28T00:00:00|hospital_A|hospital_A_20220527
SYN_BENE_CB46D3B77363|SYN_CLM_38D9DCAF4936|V|60|27-May-2022|27-May-2022|03-Jun-2022||3|030115|1|1|1|| |2350.86|0.0| ||3|1275566200| |9999997494| |9999997494|||0|1| |2350.86|27-May-2022|1|2|A|10|0.0|470.16|0|4|0.0|0.0|0|0|0|0|0|0|0|0|0|0|0|0|0|||||27-May-2022|951.0|0|0||Z733|Z733|N|Z608|Y|E785|Y|E0922|N|E1129|N|T50905|N|E1121|Y|R931|Y|I259|Y|E8881|Y|R7303|Y|E669|Y|O00109|Y|O039|Y|P292|N|Z591|Y|||||||||||||||||||||| | | | | | | | | | | | | | | | | | | | | | |GZ3|27-May-2022|Z741|27-May-2022|F419|27-May-2022|Z9181|27-May-2022|Z1331|27-May-2022|Z1331|27-May-2022|F1990|27-May-2022|F109|27-May-2022|||||||||||||||||||||||||||||||||||0|0||6|450|G0444|3.0|2022-05-28T00:00:00|hospital_A|hospital_A_20220527
SYN_BENE_CB46D3B77363|SYN_CLM_38D9DCAF4936|V|60|27-May-2022|27-May-2022|03-Jun-2022||3|030115|1|1|1|| |2350.86|0.0| ||3|1275566200| |9999997494| |9999997494|||0|1| |2350.86|27-May-2022|1|2|A|10|0.0|470.16|0|4|0.0|0.0|0|0|0|0|0|0|0|0|0|0|0|0|0|||||27-May-2022|951.0|0|0||Z733|Z733|N|Z608|Y|E785|Y|E0922|N|E1129|N|T50905|N|E1121|Y|R931|Y|I259|Y|E8881|Y|R7303|Y|E669|Y|O00109|Y|O039|Y|P292|N|Z591|Y|||||||||||||||||||||| | | | | | | | | | | | | | | | | | | | | | |GZ3|27-May-2022|Z741|27-May-2022|F419|27-May-2022|Z9181|27-May-2022|Z1331|27-May-2022|Z1331|27-May-2022|F1990|27-May-2022|F109|27-May-2022|||||||||||||||||||||||||||||||||||0|0||7|450|99408|3.0|2022-05-28T00:00:00|hospital_A|hospital_A_20220527
SYN_BENE_CB46D3B77363|SYN_CLM_38D9DCAF4936|V|60|27-May-2022|27-May-2022|03-Jun-2022||3|030115|1|1|1|| |2350.86|0.0| ||3|1275566200| |9999997494| |9999997494|||0|1| |2350.86|27-May-2022|1|2|A|10|0.0|470.16|0|4|0.0|0.0|0|0|0|0|0|0|0|0|0|0|0|0|0|||||27-May-2022|951.0|0|0||Z733|Z733|N|Z608|Y|E785|Y|E0922|N|E1129|N|T50905|N|E1121|Y|R931|Y|I259|Y|E8881|Y|R7303|Y|E669|Y|O00109|Y|O039|Y|P292|N|Z591|Y|||||||||||||||||||||| | | | | | | | | | | | | | | | | | | | | | |GZ3|27-May-2022|Z741|27-May-2022|F419|27-May-2022|Z9181|27-May-2022|Z1331|27-May-2022|Z1331|27-May-2022|F1990|27-May-2022|F109|27-May-2022|||||||||||||||||||||||||||||||||||0|0||8|450|G0442|3.0|2022-05-28T00:00:00|hospital_A|hospital_A_20220527
SYN_BENE_C19CBE974F61|SYN_CLM_0C11DB00BF62|V|60|27-May-2022|27-May-2022|03-Jun-2022||3|030115|1|1|1|| |2350.86|0.0| ||3|1275566200| |9999997494| |9999997494|||0|1| |2350.86|27-May-2022|1|2|A|10|0.0|470.16|0|4|0.0|0.0|0|0|0|0|0|0|0|0|0|0|0|0|0|||||27-May-2022|951.0|0|0||Z733|Z733|N|Z608|Y|E785|Y|E0922|N|E1129|N|T50905|N|E1121|Y|R931|Y|I259|Y|E8881|Y|R7303|Y|E669|Y|O00109|Y|O039|Y|P292|N|Z591|Y|||||||||||||||||||||| | | | | | | | | | | | | | | | | | | | | | |GZ3|27-May-2022|Z741|27-May-2022|F419|27-May-2022|Z9181|27-May-2022|Z1331|27-May-2022|Z1331|27-May-2022|F1990|27-May-2022|F109|27-May-2022|||||||||||||||||||||||||||||||||||0|0||1|450|99495|3.0|2022-05-28T00:00:00|hospital_A|hospital_A_20220527
SYN_BENE_C19CBE974F61|SYN_CLM_0C11DB00BF62|V|60|27-May-2022|27-May-2022|03-Jun-2022||3|030115|1|1|1|| |2350.86|0.0| ||3|1275566200| |9999997494| |9999997494|||0|1| |2350.86|27-May-2022|1|2|A|10|0.0|470.16|0|4|0.0|0.0|0|0|0|0|0|0|0|0|0|0|0|0|0|||||27-May-2022|951.0|0|0||Z733|Z733|N|Z608|Y|E785|Y|E0922|N|E1129|N|T50905|N|E1121|Y|R931|Y|I259|Y|E8881|Y|R7303|Y|E669|Y|O00109|Y|O039|Y|P292|N|Z591|Y|||||||||||||||||||||| | | | | | | | | | | | | | | | | | | | | | |GZ3|27-May-2022|Z741|27-May-2022|F419|27-May-2022|Z9181|27-May-2022|Z1331|27-May-2022|Z1331|27-May-2022|F1990|27-May-2022|F109|27-May-2022|||||||||||||||||||||||||||||||||||0|0||2|450|96156|3.0|2022-05-28T00:00:00|hospital_A|hospital_A_20220527
SYN_BENE_C19CBE974F61|SYN_CLM_0C11DB00BF62|V|60|27-May-2022|27-May-2022|03-Jun-2022||3|030115|1|1|1|| |2350.86|0.0| ||3|1275566200| |9999997494| |9999997494|||0|1| |2350.86|27-May-2022|1|2|A|10|0.0|470.16|0|4|0.0|0.0|0|0|0|0|0|0|0|0|0|0|0|0|0|||||27-May-2022|951.0|0|0||Z733|Z733|N|Z608|Y|E785|Y|E0922|N|E1129|N|T50905|N|E1121|Y|R931|Y|I259|Y|E8881|Y|R7303|Y|E669|Y|O00109|Y|O039|Y|P292|N|Z591|Y|||||||||||||||||||||| | | | | | | | | | | | | | | | | | | | | | |GZ3|27-May-2022|Z741|27-May-2022|F419|27-May-2022|Z9181|27-May-2022|Z1331|27-May-2022|Z1331|27-May-2022|F1990|27-May-2022|F109|27-May-2022|||||||||||||||||||||||||||||||||||0|0||3|450|96127|3.0|2022-05-28T00:00:00|hospital_A|hospital_A_20220527
SYN_BENE_C19CBE974F61|SYN_CLM_0C11DB00BF62|V|60|27-May-2022|27-May-2022|03-Jun-2022||3|030115|1|1|1|| |2350.86|0.0| ||3|1275566200| |9999997494| |9999997494|||0|1| |2350.86|27-May-2022|1|2|A|10|0.0|470.16|0|4|0.0|0.0|0|0|0|0|0|0|0|0|0|0|0|0|0|||||27-May-2022|951.0|0|0||Z733|Z733|N|Z608|Y|E785|Y|E0922|N|E1129|N|T50905|N|E1121|Y|R931|Y|I259|Y|E8881|Y|R7303|Y|E669|Y|O00109|Y|O039|Y|P292|N|Z591|Y|||||||||||||||||||||| | | | | | | | | | | | | | | | | | | | | | |GZ3|27-May-2022|Z741|27-May-2022|F419|27-May-2022|Z9181|27-May-2022|Z1331|27-May-2022|Z1331|27-May-2022|F1990|27-May-2022|F109|27-May-2022|||||||||||||||||||||||||||||||||||0|0||4|450|M1069|3.0|2022-05-28T00:00:00|hospital_A|hospital_A_20220527
SYN_BENE_C19CBE974F61|SYN_CLM_0C11DB00BF62|V|60|27-May-2022|27-May-2022|03-Jun-2022||3|030115|1|1|1|| |2350.86|0.0| ||3|1275566200| |9999997494| |9999997494|||0|1| |2350.86|27-May-2022|1|2|A|10|0.0|470.16|0|4|0.0|0.0|0|0|0|0|0|0|0|0|0|0|0|0|0|||||27-May-2022|951.0|0|0||Z733|Z733|N|Z608|Y|E785|Y|E0922|N|E1129|N|T50905|N|E1121|Y|R931|Y|I259|Y|E8881|Y|R7303|Y|E669|Y|O00109|Y|O039|Y|P292|N|Z591|Y|||||||||||||||||||||| | | | | | | | | | | | | | | | | | | | | | |GZ3|27-May-2022|Z741|27-May-2022|F419|27-May-2022|Z9181|27-May-2022|Z1331|27-May-2022|Z1331|27-May-2022|F1990|27-May-2022|F109|27-May-2022|||||||||||||||||||||||||||||||||||0|0||5|450|G0444|3.0|2022-05-28T00:00:00|hospital_A|hospital_A_20220527
SYN_BENE_C19CBE974F61|SYN_CLM_0C11DB00BF62|V|60|27-May-2022|27-May-2022|03-Jun-2022||3|030115|1|1|1|| |2350.86|0.0| ||3|1275566200| |9999997494| |9999997494|||0|1| |2350.86|27-May-2022|1|2|A|10|0.0|470.16|0|4|0.0|0.0|0|0|0|0|0|0|0|0|0|0|0|0|0|||||27-May-2022|951.0|0|0||Z733|Z733|N|Z608|Y|E785|Y|E0922|N|E1129|N|T50905|N|E1121|Y|R931|Y|I259|Y|E8881|Y|R7303|Y|E669|Y|O00109|Y|O039|Y|P292|N|Z591|Y|||||||||||||||||||||| | | | | | | | | | | | | | | | | | | | | | |GZ3|27-May-2022|Z741|27-May-2022|F419|27-May-2022|Z9181|27-May-2022|Z1331|27-May-2022|Z1331|27-May-2022|F1990|27-May-2022|F109|27-May-2022|||||||||||||||||||||||||||||||||||0|0||6|450|G0444|3.0|2022-05-28T00:00:00|hospital_A|hospital_A_20220527
SYN_BENE_C19CBE974F61|SYN_CLM_0C11DB00BF62|V|60|27-May-2022|27-May-2022|03-Jun-2022||3|030115|1|1|1|| |2350.86|0.0| ||3|1275566200| |9999997494| |9999997494|||0|1| |2350.86|27-May-2022|1|2|A|10|0.0|470.16|0|4|0.0|0.0|0|0|0|0|0|0|0|0|0|0|0|0|0|||||27-May-2022|951.0|0|0||Z733|Z733|N|Z608|Y|E785|Y|E0922|N|E1129|N|T50905|N|E1121|Y|R931|Y|I259|Y|E8881|Y|R7303|Y|E669|Y|O00109|Y|O039|Y|P292|N|Z591|Y|||||||||||||||||||||| | | | | | | | | | | | | | | | | | | | | | |GZ3|27-May-2022|Z741|27-May-2022|F419|27-May-2022|Z9181|27-May-2022|Z1331|27-May-2022|Z1331|27-May-2022|F1990|27-May-2022|F109|27-May-2022|||||||||||||||||||||||||||||||||||0|0||7|450|99408|3.0|2022-05-28T00:00:00|hospital_A|hospital_A_20220527
SYN_BENE_C19CBE974F61|SYN_CLM_0C11DB00BF62|V|60|27-May-2022|27-May-2022|03-Jun-2022||3|030115|1|1|1|| |2350.86|0.0| ||3|1275566200| |9999997494| |9999997494|||0|1| |2350.86|27-May-2022|1|2|A|10|0.0|470.16|0|4|0.0|0.0|0|0|0|0|0|0|0|0|0|0|0|0|0|||||27-May-2022|951.0|0|0||Z733|Z733|N|Z608|Y|E785|Y|E0922|N|E1129|N|T50905|N|E1121|Y|R931|Y|I259|Y|E8881|Y|R7303|Y|E669|Y|O00109|Y|O039|Y|P292|N|Z591|Y|||||||||||||||||||||| | | | | | | | | | | | | | | | | | | | | | |GZ3|27-May-2022|Z741|27-May-2022|F419|27-May-2022|Z9181|27-May-2022|Z1331|27-May-2022|Z1331|27-May-2022|F1990|27-May-2022|F109|27-May-2022|||||||||||||||||||||||||||||||||||0|0||8|450|G0442|3.0|2022-05-28T00:00:00|hospital_A|hospital_A_20220527
SYN_BENE_840B9AF58E35|SYN_CLM_5E9DFF5DC3B2|V|60|27-May-2022|27-May-2022|03-Jun-2022||3|030115|1|1|1|| |2350.86|0.0| ||3|1275566200| |9999997494| |9999997494|||0|1| |2350.86|27-May-2022|1|2|A|10|0.0|470.16|0|4|0.0|0.0|0|0|0|0|0|0|0|0|0|0|0|0|0|||||27-May-2022|951.0|0|0||Z733|Z733|N|Z608|Y|E785|Y|E0922|N|E1129|N|T50905|N|E1121|Y|R931|Y|I259|Y|E8881|Y|R7303|Y|E669|Y|O00109|Y|O039|Y|P292|N|Z591|Y|||||||||||||||||||||| | | | | | | | | | | | | | | | | | | | | | |GZ3|27-May-2022|Z741|27-May-2022|F419|27-May-2022|Z9181|27-May-2022|Z1331|27-May-2022|Z1331|27-May-2022|F1990|27-May-2022|F109|27-May-2022|||||||||||||||||||||||||||||||||||0|0||1|450|99495|3.0|2022-05-28T00:00:00|hospital_A|hospital_A_20220527
SYN_BENE_840B9AF58E35|SYN_CLM_5E9DFF5DC3B2|V|60|27-May-2022|27-May-2022|03-Jun-2022||3|030115|1|1|1|| |2350.86|0.0| ||3|1275566200| |9999997494| |9999997494|||0|1| |2350.86|27-May-2022|1|2|A|10|0.0|470.16|0|4|0.0|0.0|0|0|0|0|0|0|0|0|0|0|0|0|0|||||27-May-2022|951.0|0|0||Z733|Z733|N|Z608|Y|E785|Y|E0922|N|E1129|N|T50905|N|E1121|Y|R931|Y|I259|Y|E8881|Y|R7303|Y|E669|Y|O00109|Y|O039|Y|P292|N|Z591|Y|||||||||||||||||||||| | | | | | | | | | | | | | | | | | | | | | |GZ3|27-May-2022|Z741|27-May-2022|F419|27-May-2022|Z9181|27-May-2022|Z1331|27-May-2022|Z1331|27-May-2022|F1990|27-May-2022|F109|27-May-2022|||||||||||||||||||||||||||||||||||0|0||2|450|96156|3.0|2022-05-28T00:00:00|hospital_A|hospital_A_20220527
SYN_BENE_840B9AF58E35|SYN_CLM_5E9DFF5DC3B2|V|60|27-May-2022|27-May-2022|03-Jun-2022||3|030115|1|1|1|| |2350.86|0.0| ||3|1275566200| |9999997494| |9999997494|||0|1| |2350.86|27-May-2022|1|2|A|10|0.0|470.16|0|4|0.0|0.0|0|0|0|0|0|0|0|0|0|0|0|0|0|||||27-May-2022|951.0|0|0||Z733|Z733|N|Z608|Y|E785|Y|E0922|N|E1129|N|T50905|N|E1121|Y|R931|Y|I259|Y|E8881|Y|R7303|Y|E669|Y|O00109|Y|O039|Y|P292|N|Z591|Y|||||||||||||||||||||| | | | | | | | | | | | | | | | | | | | | | |GZ3|27-May-2022|Z741|27-May-2022|F419|27-May-2022|Z9181|27-May-2022|Z1331|27-May-2022|Z1331|27-May-2022|F1990|27-May-2022|F109|27-May-2022|||||||||||||||||||||||||||||||||||0|0||3|450|96127|3.0|2022-05-28T00:00:00|hospital_A|hospital_A_20220527
SYN_BENE_840B9AF58E35|SYN_CLM_5E9DFF5DC3B2|V|60|27-May-2022|27-May-2022|03-Jun-2022||3|030115|1|1|1|| |2350.86|0.0| ||3|1275566200| |9999997494| |9999997494|||0|1| |2350.86|27-May-2022|1|2|A|10|0.0|470.16|0|4|0.0|0.0|0|0|0|0|0|0|0|0|0|0|0|0|0|||||27-May-2022|951.0|0|0||Z733|Z733|N|Z608|Y|E785|Y|E0922|N|E1129|N|T50905|N|E1121|Y|R931|Y|I259|Y|E8881|Y|R7303|Y|E669|Y|O00109|Y|O039|Y|P292|N|Z591|Y|||||||||||||||||||||| | | | | | | | | | | | | | | | | | | | | | |GZ3|27-May-2022|Z741|27-May-2022|F419|27-May-2022|Z9181|27-May-2022|Z1331|27-May-2022|Z1331|27-May-2022|F1990|27-May-2022|F109|27-May-2022|||||||||||||||||||||||||||||||||||0|0||4|450|M1069|3.0|2022-05-28T00:00:00|hospital_A|hospital_A_20220527
SYN_BENE_840B9AF58E35|SYN_CLM_5E9DFF5DC3B2|V|60|27-May-2022|27-May-2022|03-Jun-2022||3|030115|1|1|1|| |2350.86|0.0| ||3|1275566200| |9999997494| |9999997494|||0|1| |2350.86|27-May-2022|1|2|A|10|0.0|470.16|0|4|0.0|0.0|0|0|0|0|0|0|0|0|0|0|0|0|0|||||27-May-2022|951.0|0|0||Z733|Z733|N|Z608|Y|E785|Y|E0922|N|E1129|N|T50905|N|E1121|Y|R931|Y|I259|Y|E8881|Y|R7303|Y|E669|Y|O00109|Y|O039|Y|P292|N|Z591|Y|||||||||||||||||||||| | | | | | | | | | | | | | | | | | | | | | |GZ3|27-May-2022|Z741|27-May-2022|F419|27-May-2022|Z9181|27-May-2022|Z1331|27-May-2022|Z1331|27-May-2022|F1990|27-May-2022|F109|27-May-2022|||||||||||||||||||||||||||||||||||0|0||5|450|G0444|3.0|2022-05-28T00:00:00|hospital_A|hospital_A_20220527
SYN_BENE_840B9AF58E35|SYN_CLM_5E9DFF5DC3B2|V|60|27-May-2022|27-May-2022|03-Jun-2022||3|030115|1|1|1|| |2350.86|0.0| ||3|1275566200| |9999997494| |9999997494|||0|1| |2350.86|27-May-2022|1|2|A|10|0.0|470.16|0|4|0.0|0.0|0|0|0|0|0|0|0|0|0|0|0|0|0|||||27-May-2022|951.0|0|0||Z733|Z733|N|Z608|Y|E785|Y|E0922|N|E1129|N|T50905|N|E1121|Y|R931|Y|I259|Y|E8881|Y|R7303|Y|E669|Y|O00109|Y|O039|Y|P292|N|Z591|Y|||||||||||||||||||||| | | | | | | | | | | | | | | | | | | | | | |GZ3|27-May-2022|Z741|27-May-2022|F419|27-May-2022|Z9181|27-May-2022|Z1331|27-May-2022|Z1331|27-May-2022|F1990|27-May-2022|F109|27-May-2022|||||||||||||||||||||||||||||||||||0|0||6|450|G0444|3.0|2022-05-28T00:00:00|hospital_A|hospital_A_20220527
SYN_BENE_840B9AF58E35|SYN_CLM_5E9DFF5DC3B2|V|60|27-May-2022|27-May-2022|03-Jun-2022||3|030115|1|1|1|| |2350.86|0.0| ||3|1275566200| |9999997494| |9999997494|||0|1| |2350.86|27-May-2022|1|2|A|10|0.0|470.16|0|4|0.0|0.0|0|0|0|0|0|0|0|0|0|0|0|0|0|||||27-May-2022|951.0|0|0||Z733|Z733|N|Z608|Y|E785|Y|E0922|N|E1129|N|T50905|N|E1121|Y|R931|Y|I259|Y|E8881|Y|R7303|Y|E669|Y|O00109|Y|O039|Y|P292|N|Z591|Y|||||||||||||||||||||| | | | | | | | | | | | | | | | | | | | | | |GZ3|27-May-2022|Z741|27-May-2022|F419|27-May-2022|Z9181|27-May-2022|Z1331|27-May-2022|Z1331|27-May-2022|F1990|27-May-2022|F109|27-May-2022|||||||||||||||||||||||||||||||||||0|0||7|450|99408|3.0|2022-05-28T00:00:00|hospital_A|hospital_A_20220527
SYN_BENE_840B9AF58E35|SYN_CLM_5E9DFF5DC3B2|V|60|27-May-2022|27-May-2022|03-Jun-2022||3|030115|1|1|1|| |2350.86|0.0| ||3|1275566200| |9999997494| |9999997494|||0|1| |2350.86|27-May-2022|1|2|A|10|0.0|470.16|0|4|0.0|0.0|0|0|0|0|0|0|0|0|0|0|0|0|0|||||27-May-2022|951.0|0|0||Z733|Z733|N|Z608|Y|E785|Y|E0922|N|E1129|N|T50905|N|E1121|Y|R931|Y|I259|Y|E8881|Y|R7303|Y|E669|Y|O00109|Y|O039|Y|P292|N|Z591|Y|||||||||||||||||||||| | | | | | | | | | | | | | | | | | | | | | |GZ3|27-May-2022|Z741|27-May-2022|F419|27-May-2022|Z9181|27-May-2022|Z1331|27-May-2022|Z1331|27-May-2022|F1990|27-May-2022|F109|27-May-2022|||||||||||||||||||||||||||||||||||0|0||8|450|G0442|3.0|2022-05-28T00:00:00|hospital_A|hospital_A_20220527
SYN_BENE_F6810AF7EB8F|SYN_CLM_B2F32303801F|V|60|27-May-2022|27-May-2022|03-Jun-2022||3|030115|1|1|1|| |2350.86|0.0| ||3|1275566200| |9999997494| |9999997494|||0|1| |2350.86|27-May-2022|1|2|A|10|0.0|470.16|0|4|0.0|0.0|0|0|0|0|0|0|0|0|0|0|0|0|0|||||27-May-2022|951.0|0|0||Z733|Z733|N|Z608|Y|E785|Y|E0922|N|E1129|N|T50905|N|E1121|Y|R931|Y|I259|Y|E8881|Y|R7303|Y|E669|Y|O00109|Y|O039|Y|P292|N|Z591|Y|||||||||||||||||||||| | | | | | | | | | | | | | | | | | | | | | |GZ3|27-May-2022|Z741|27-May-2022|F419|27-May-2022|Z9181|27-May-2022|Z1331|27-May-2022|Z1331|27-May-2022|F1990|27-May-2022|F109|27-May-2022|||||||||||||||||||||||||||||||||||0|0||1|450|99495|3.0|2022-05-28T00:00:00|hospital_A|hospital_A_20220527
SYN_BENE_F6810AF7EB8F|SYN_CLM_B2F32303801F|V|60|27-May-2022|27-May-2022|03-Jun-2022||3|030115|1|1|1|| |2350.86|0.0| ||3|1275566200| |9999997494| |9999997494|||0|1| |2350.86|27-May-2022|1|2|A|10|0.0|470.16|0|4|0.0|0.0|0|0|0|0|0|0|0|0|0|0|0|0|0|||||27-May-2022|951.0|0|0||Z733|Z733|N|Z608|Y|E785|Y|E0922|N|E1129|N|T50905|N|E1121|Y|R931|Y|I259|Y|E8881|Y|R7303|Y|E669|Y|O00109|Y|O039|Y|P292|N|Z591|Y|||||||||||||||||||||| | | | | | | | | | | | | | | | | | | | | | |GZ3|27-May-2022|Z741|27-May-2022|F419|27-May-2022|Z9181|27-May-2022|Z1331|27-May-2022|Z1331|27-May-2022|F1990|27-May-2022|F109|27-May-2022|||||||||||||||||||||||||||||||||||0|0||2|450|96156|3.0|2022-05-28T00:00:00|hospital_A|hospital_A_20220527
SYN_BENE_F6810AF7EB8F|SYN_CLM_B2F32303801F|V|60|27-May-2022|27-May-2022|03-Jun-2022||3|030115|1|1|1|| |2350.86|0.0| ||3|1275566200| |9999997494| |9999997494|||0|1| |2350.86|27-May-2022|1|2|A|10|0.0|470.16|0|4|0.0|0.0|0|0|0|0|0|0|0|0|0|0|0|0|0|||||27-May-2022|951.0|0|0||Z733|Z733|N|Z608|Y|E785|Y|E0922|N|E1129|N|T50905|N|E1121|Y|R931|Y|I259|Y|E8881|Y|R7303|Y|E669|Y|O00109|Y|O039|Y|P292|N|Z591|Y|||||||||||||||||||||| | | | | | | | | | | | | | | | | | | | | | |GZ3|27-May-2022|Z741|27-May-2022|F419|27-May-2022|Z9181|27-May-2022|Z1331|27-May-2022|Z1331|27-May-2022|F1990|27-May-2022|F109|27-May-2022|||||||||||||||||||||||||||||||||||0|0||3|450|96127|3.0|2022-05-28T00:00:00|hospital_A|hospital_A_20220527
SYN_BENE_F6810AF7EB8F|SYN_CLM_B2F32303801F|V|60|27-May-2022|27-May-2022|03-Jun-2022||3|030115|1|1|1|| |2350.86|0.0| ||3|1275566200| |9999997494| |9999997494|||0|1| |2350.86|27-May-2022|1|2|A|10|0.0|470.16|0|4|0.0|0.0|0|0|0|0|0|0|0|0|0|0|0|0|0|||||27-May-2022|951.0|0|0||Z733|Z733|N|Z608|Y|E785|Y|E0922|N|E1129|N|T50905|N|E1121|Y|R931|Y|I259|Y|E8881|Y|R7303|Y|E669|Y|O00109|Y|O039|Y|P292|N|Z591|Y|||||||||||||||||||||| | | | | | | | | | | | | | | | | | | | | | |GZ3|27-May-2022|Z741|27-May-2022|F419|27-May-2022|Z9181|27-May-2022|Z1331|27-May-2022|Z1331|27-May-2022|F1990|27-May-2022|F109|27-May-2022|||||||||||||||||||||||||||||||||||0|0||4|450|M1069|3.0|2022-05-28T00:00:00|hospital_A|hospital_A_20220527
SYN_BENE_F6810AF7EB8F|SYN_CLM_B2F32303801F|V|60|27-May-2022|27-May-2022|03-Jun-2022||3|030115|1|1|1|| |2350.86|0.0| ||3|1275566200| |9999997494| |9999997494|||0|1| |2350.86|27-May-2022|1|2|A|10|0.0|470.16|0|4|0.0|0.0|0|0|0|0|0|0|0|0|0|0|0|0|0|||||27-May-2022|951.0|0|0||Z733|Z733|N|Z608|Y|E785|Y|E0922|N|E1129|N|T50905|N|E1121|Y|R931|Y|I259|Y|E8881|Y|R7303|Y|E669|Y|O00109|Y|O039|Y|P292|N|Z591|Y|||||||||||||||||||||| | | | | | | | | | | | | | | | | | | | | | |GZ3|27-May-2022|Z741|27-May-2022|F419|27-May-2022|Z9181|27-May-2022|Z1331|27-May-2022|Z1331|27-May-2022|F1990|27-May-2022|F109|27-May-2022|||||||||||||||||||||||||||||||||||0|0||5|450|G0444|3.0|2022-05-28T00:00:00|hospital_A|hospital_A_20220527
SYN_BENE_F6810AF7EB8F|SYN_CLM_B2F32303801F|V|60|27-May-2022|27-May-2022|03-Jun-2022||3|030115|1|1|1|| |2350.86|0.0| ||3|1275566200| |9999997494| |9999997494|||0|1| |2350.86|27-May-2022|1|2|A|10|0.0|470.16|0|4|0.0|0.0|0|0|0|0|0|0|0|0|0|0|0|0|0|||||27-May-2022|951.0|0|0||Z733|Z733|N|Z608|Y|E785|Y|E0922|N|E1129|N|T50905|N|E1121|Y|R931|Y|I259|Y|E8881|Y|R7303|Y|E669|Y|O00109|Y|O039|Y|P292|N|Z591|Y|||||||||||||||||||||| | | | | | | | | | | | | | | | | | | | | | |GZ3|27-May-2022|Z741|27-May-2022|F419|27-May-2022|Z9181|27-May-2022|Z1331|27-May-2022|Z1331|27-May-2022|F1990|27-May-2022|F109|27-May-2022|||||||||||||||||||||||||||||||||||0|0||6|450|G0444|3.0|2022-05-28T00:00:00|hospital_A|hospital_A_20220527
SYN_BENE_F6810AF7EB8F|SYN_CLM_B2F32303801F|V|60|27-May-2022|27-May-2022|03-Jun-2022||3|030115|1|1|1|| |2350.86|0.0| ||3|1275566200| |9999997494| |9999997494|||0|1| |2350.86|27-May-2022|1|2|A|10|0.0|470.16|0|4|0.0|0.0|0|0|0|0|0|0|0|0|0|0|0|0|0|||||27-May-2022|951.0|0|0||Z733|Z733|N|Z608|Y|E785|Y|E0922|N|E1129|N|T50905|N|E1121|Y|R931|Y|I259|Y|E8881|Y|R7303|Y|E669|Y|O00109|Y|O039|Y|P292|N|Z591|Y|||||||||||||||||||||| | | | | | | | | | | | | | | | | | | | | | |GZ3|27-May-2022|Z741|27-May-2022|F419|27-May-2022|Z9181|27-May-2022|Z1331|27-May-2022|Z1331|27-May-2022|F1990|27-May-2022|F109|27-May-2022|||||||||||||||||||||||||||||||||||0|0||7|450|99408|3.0|2022-05-28T00:00:00|hospital_A|hospital_A_20220527
SYN_BENE_F6810AF7EB8F|SYN_CLM_B2F32303801F|V|60|27-May-2022|27-May-2022|03-Jun-2022||3|030115|1|1|1|| |2350.86|0.0| ||3|1275566200| |9999997494| |9999997494|||0|1| |2350.86|27-May-2022|1|2|A|10|0.0|470.16|0|4|0.0|0.0|0|0|0|0|0|0|0|0|0|0|0|0|0|||||27-May-2022|951.0|0|0||Z733|Z733|N|Z608|Y|E785|Y|E0922|N|E1129|N|T50905|N|E1121|Y|R931|Y|I259|Y|E8881|Y|R7303|Y|E669|Y|O00109|Y|O039|Y|P292|N|Z591|Y|||||||||||||||||||||| | | | | | | | | | | | | | | | | | | | | | |GZ3|27-May-2022|Z741|27-May-2022|F419|27-May-2022|Z9181|27-May-2022|Z1331|27-May-2022|Z1331|27-May-2022|F1990|27-May-2022|F109|27-May-2022|||||||||||||||||||||||||||||||||||0|0||8|450|G0442|3.0|2022-05-28T00:00:00|hospital_A|hospital_A_20220527
SYN_BENE_074DB81D6608|SYN_CLM_19615F8CE15D|V|60|27-May-2022|27-May-2022|03-Jun-2022||3|030115|1|1|1|| |2350.86|0.0| ||3|1275566200| |9999997494| |9999997494|||0|1| |2350.86|27-May-2022|1|2|A|10|0.0|470.16|0|4|0.0|0.0|0|0|0|0|0|0|0|0|0|0|0|0|0|||||27-May-2022|951.0|0|0||Z733|Z733|N|Z608|Y|E785|Y|E0922|N|E1129|N|T50905|N|E1121|Y|R931|Y|I259|Y|E8881|Y|R7303|Y|E669|Y|O00109|Y|O039|Y|P292|N|Z591|Y|||||||||||||||||||||| | | | | | | | | | | | | | | | | | | | | | |GZ3|27-May-2022|Z741|27-May-2022|F419|27-May-2022|Z9181|27-May-2022|Z1331|27-May-2022|Z1331|27-May-2022|F1990|27-May-2022|F109|27-May-2022|||||||||||||||||||||||||||||||||||0|0||1|450|99495|3.0|2022-05-28T00:00:00|hospital_A|hospital_A_20220527
SYN_BENE_074DB81D6608|SYN_CLM_19615F8CE15D|V|60|27-May-2022|27-May-2022|03-Jun-2022||3|030115|1|1|1|| |2350.86|0.0| ||3|1275566200| |9999997494| |9999997494|||0|1| |2350.86|27-May-2022|1|2|A|10|0.0|470.16|0|4|0.0|0.0|0|0|0|0|0|0|0|0|0|0|0|0|0|||||27-May-2022|951.0|0|0||Z733|Z733|N|Z608|Y|E785|Y|E0922|N|E1129|N|T50905|N|E1121|Y|R931|Y|I259|Y|E8881|Y|R7303|Y|E669|Y|O00109|Y|O039|Y|P292|N|Z591|Y|||||||||||||||||||||| | | | | | | | | | | | | | | | | | | | | | |GZ3|27-May-2022|Z741|27-May-2022|F419|27-May-2022|Z9181|27-May-2022|Z1331|27-May-2022|Z1331|27-May-2022|F1990|27-May-2022|F109|27-May-2022|||||||||||||||||||||||||||||||||||0|0||2|450|96156|3.0|2022-05-28T00:00:00|hospital_A|hospital_A_20220527
SYN_BENE_074DB81D6608|SYN_CLM_19615F8CE15D|V|60|27-May-2022|27-May-2022|03-Jun-2022||3|030115|1|1|1|| |2350.86|0.0| ||3|1275566200| |9999997494| |9999997494|||0|1| |2350.86|27-May-2022|1|2|A|10|0.0|470.16|0|4|0.0|0.0|0|0|0|0|0|0|0|0|0|0|0|0|0|||||27-May-2022|951.0|0|0||Z733|Z733|N|Z608|Y|E785|Y|E0922|N|E1129|N|T50905|N|E1121|Y|R931|Y|I259|Y|E8881|Y|R7303|Y|E669|Y|O00109|Y|O039|Y|P292|N|Z591|Y|||||||||||||||||||||| | | | | | | | | | | | | | | | | | | | | | |GZ3|27-May-2022|Z741|27-May-2022|F419|27-May-2022|Z9181|27-May-2022|Z1331|27-May-2022|Z1331|27-May-2022|F1990|27-May-2022|F109|27-May-2022|||||||||||||||||||||||||||||||||||0|0||3|450|96127|3.0|2022-05-28T00:00:00|hospital_A|hospital_A_20220527
SYN_BENE_074DB81D6608|SYN_CLM_19615F8CE15D|V|60|27-May-2022|27-May-2022|03-Jun-2022||3|030115|1|1|1|| |2350.86|0.0| ||3|1275566200| |9999997494| |9999997494|||0|1| |2350.86|27-May-2022|1|2|A|10|0.0|470.16|0|4|0.0|0.0|0|0|0|0|0|0|0|0|0|0|0|0|0|||||27-May-2022|951.0|0|0||Z733|Z733|N|Z608|Y|E785|Y|E0922|N|E1129|N|T50905|N|E1121|Y|R931|Y|I259|Y|E8881|Y|R7303|Y|E669|Y|O00109|Y|O039|Y|P292|N|Z591|Y|||||||||||||||||||||| | | | | | | | | | | | | | | | | | | | | | |GZ3|27-May-2022|Z741|27-May-2022|F419|27-May-2022|Z9181|27-May-2022|Z1331|27-May-2022|Z1331|27-May-2022|F1990|27-May-2022|F109|27-May-2022|||||||||||||||||||||||||||||||||||0|0||4|450|M1069|3.0|2022-05-28T00:00:00|hospital_A|hospital_A_20220527
SYN_BENE_074DB81D6608|SYN_CLM_19615F8CE15D|V|60|27-May-2022|27-May-2022|03-Jun-2022||3|030115|1|1|1|| |2350.86|0.0| ||3|1275566200| |9999997494| |9999997494|||0|1| |2350.86|27-May-2022|1|2|A|10|0.0|470.16|0|4|0.0|0.0|0|0|0|0|0|0|0|0|0|0|0|0|0|||||27-May-2022|951.0|0|0||Z733|Z733|N|Z608|Y|E785|Y|E0922|N|E1129|N|T50905|N|E1121|Y|R931|Y|I259|Y|E8881|Y|R7303|Y|E669|Y|O00109|Y|O039|Y|P292|N|Z591|Y|||||||||||||||||||||| | | | | | | | | | | | | | | | | | | | | | |GZ3|27-May-2022|Z741|27-May-2022|F419|27-May-2022|Z9181|27-May-2022|Z1331|27-May-2022|Z1331|27-May-2022|F1990|27-May-2022|F109|27-May-2022|||||||||||||||||||||||||||||||||||0|0||5|450|G0444|3.0|2022-05-28T00:00:00|hospital_A|hospital_A_20220527
SYN_BENE_074DB81D6608|SYN_CLM_19615F8CE15D|V|60|27-May-2022|27-May-2022|03-Jun-2022||3|030115|1|1|1|| |2350.86|0.0| ||3|1275566200| |9999997494| |9999997494|||0|1| |2350.86|27-May-2022|1|2|A|10|0.0|470.16|0|4|0.0|0.0|0|0|0|0|0|0|0|0|0|0|0|0|0|||||27-May-2022|951.0|0|0||Z733|Z733|N|Z608|Y|E785|Y|E0922|N|E1129|N|T50905|N|E1121|Y|R931|Y|I259|Y|E8881|Y|R7303|Y|E669|Y|O00109|Y|O039|Y|P292|N|Z591|Y|||||||||||||||||||||| | | | | | | | | | | | | | | | | | | | | | |GZ3|27-May-2022|Z741|27-May-2022|F419|27-May-2022|Z9181|27-May-2022|Z1331|27-May-2022|Z1331|27-May-2022|F1990|27-May-2022|F109|27-May-2022|||||||||||||||||||||||||||||||||||0|0||6|450|G0444|3.0|2022-05-28T00:00:00|hospital_A|hospital_A_20220527
SYN_BENE_074DB81D6608|SYN_CLM_19615F8CE15D|V|60|27-May-2022|27-May-2022|03-Jun-2022||3|030115|1|1|1|| |2350.86|0.0| ||3|1275566200| |9999997494| |9999997494|||0|1| |2350.86|27-May-2022|1|2|A|10|0.0|470.16|0|4|0.0|0.0|0|0|0|0|0|0|0|0|0|0|0|0|0|||||27-May-2022|951.0|0|0||Z733|Z733|N|Z608|Y|E785|Y|E0922|N|E1129|N|T50905|N|E1121|Y|R931|Y|I259|Y|E8881|Y|R7303|Y|E669|Y|O00109|Y|O039|Y|P292|N|Z591|Y|||||||||||||||||||||| | | | | | | | | | | | | | | | | | | | | | |GZ3|27-May-2022|Z741|27-May-2022|F419|27-May-2022|Z9181|27-May-2022|Z1331|27-May-2022|Z1331|27-May-2022|F1990|27-May-2022|F109|27-May-2022|||||||||||||||||||||||||||||||||||0|0||7|450|99408|3.0|2022-05-28T00:00:00|hospital_A|hospital_A_20220527
SYN_BENE_074DB81D6608|SYN_CLM_19615F8CE15D|V|60|27-May-2022|27-May-2022|03-Jun-2022||3|030115|1|1|1|| |2350.86|0.0| ||3|1275566200| |9999997494| |9999997494|||0|1| |2350.86|27-May-2022|1|2|A|10|0.0|470.16|0|4|0.0|0.0|0|0|0|0|0|0|0|0|0|0|0|0|0|||||27-May-2022|951.0|0|0||Z733|Z733|N|Z608|Y|E785|Y|E0922|N|E1129|N|T50905|N|E1121|Y|R931|Y|I259|Y|E8881|Y|R7303|Y|E669|Y|O00109|Y|O039|Y|P292|N|Z591|Y|||||||||||||||||||||| | | | | | | | | | | | | | | | | | | | | | |GZ3|27-May-2022|Z741|27-May-2022|F419|27-May-2022|Z9181|27-May-2022|Z1331|27-May-2022|Z1331|27-May-2022|F1990|27-May-2022|F109|27-May-2022|||||||||||||||||||||||||||||||||||0|0||8|450|G0442|3.0|2022-05-28T00:00:00|hospital_A|hospital_A_20220527
SYN_BENE_6ECC3C5DE37C|SYN_CLM_7490DB6A70E2|V|60|27-May-2022|27-May-2022|03-Jun-2022||3|030115|1|1|1|| |2350.86|0.0| ||3|1275566200| |9999997494| |9999997494|||0|1| |2350.86|27-May-2022|1|2|A|10|0.0|470.16|0|4|0.0|0.0|0|0|0|0|0|0|0|0|0|0|0|0|0|||||27-May-2022|951.0|0|0||Z733|Z733|N|Z608|Y|E785|Y|E0922|N|E1129|N|T50905|N|E1121|Y|R931|Y|I259|Y|E8881|Y|R7303|Y|E669|Y|O00109|Y|O039|Y|P292|N|Z591|Y|||||||||||||||||||||| | | | | | | | | | | | | | | | | | | | | | |GZ3|27-May-2022|Z741|27-May-2022|F419|27-May-2022|Z9181|27-May-2022|Z1331|27-May-2022|Z1331|27-May-2022|F1990|27-May-2022|F109|27-May-2022|||||||||||||||||||||||||||||||||||0|0||1|450|99495|3.0|2022-05-28T00:00:00|hospital_A|hospital_A_20220527
SYN_BENE_6ECC3C5DE37C|SYN_CLM_7490DB6A70E2|V|60|27-May-2022|27-May-2022|03-Jun-2022||3|030115|1|1|1|| |2350.86|0.0| ||3|1275566200| |9999997494| |9999997494|||0|1| |2350.86|27-May-2022|1|2|A|10|0.0|470.16|0|4|0.0|0.0|0|0|0|0|0|0|0|0|0|0|0|0|0|||||27-May-2022|951.0|0|0||Z733|Z733|N|Z608|Y|E785|Y|E0922|N|E1129|N|T50905|N|E1121|Y|R931|Y|I259|Y|E8881|Y|R7303|Y|E669|Y|O00109|Y|O039|Y|P292|N|Z591|Y|||||||||||||||||||||| | | | | | | | | | | | | | | | | | | | | | |GZ3|27-May-2022|Z741|27-May-2022|F419|27-May-2022|Z9181|27-May-2022|Z1331|27-May-2022|Z1331|27-May-2022|F1990|27-May-2022|F109|27-May-2022|||||||||||||||||||||||||||||||||||0|0||2|450|96156|3.0|2022-05-28T00:00:00|hospital_A|hospital_A_20220527
SYN_BENE_6ECC3C5DE37C|SYN_CLM_7490DB6A70E2|V|60|27-May-2022|27-May-2022|03-Jun-2022||3|030115|1|1|1|| |2350.86|0.0| ||3|1275566200| |9999997494| |9999997494|||0|1| |2350.86|27-May-2022|1|2|A|10|0.0|470.16|0|4|0.0|0.0|0|0|0|0|0|0|0|0|0|0|0|0|0|||||27-May-2022|951.0|0|0||Z733|Z733|N|Z608|Y|E785|Y|E0922|N|E1129|N|T50905|N|E1121|Y|R931|Y|I259|Y|E8881|Y|R7303|Y|E669|Y|O00109|Y|O039|Y|P292|N|Z591|Y|||||||||||||||||||||| | | | | | | | | | | | | | | | | | | | | | |GZ3|27-May-2022|Z741|27-May-2022|F419|27-May-2022|Z9181|27-May-2022|Z1331|27-May-2022|Z1331|27-May-2022|F1990|27-May-2022|F109|27-May-2022|||||||||||||||||||||||||||||||||||0|0||3|450|96127|3.0|2022-05-28T00:00:00|hospital_A|hospital_A_20220527
SYN_BENE_6ECC3C5DE37C|SYN_CLM_7490DB6A70E2|V|60|27-May-2022|27-May-2022|03-Jun-2022||3|030115|1|1|1|| |2350.86|0.0| ||3|1275566200| |9999997494| |9999997494|||0|1| |2350.86|27-May-2022|1|2|A|10|0.0|470.16|0|4|0.0|0.0|0|0|0|0|0|0|0|0|0|0|0|0|0|||||27-May-2022|951.0|0|0||Z733|Z733|N|Z608|Y|E785|Y|E0922|N|E1129|N|T50905|N|E1121|Y|R931|Y|I259|Y|E8881|Y|R7303|Y|E669|Y|O00109|Y|O039|Y|P292|N|Z591|Y|||||||||||||||||||||| | | | | | | | | | | | | | | | | | | | | | |GZ3|27-May-2022|Z741|27-May-2022|F419|27-May-2022|Z9181|27-May-2022|Z1331|27-May-2022|Z1331|27-May-2022|F1990|27-May-2022|F109|27-May-2022|||||||||||||||||||||||||||||||||||0|0||4|450|M1069|3.0|2022-05-28T00:00:00|hospital_A|hospital_A_20220527
SYN_BENE_6ECC3C5DE37C|SYN_CLM_7490DB6A70E2|V|60|27-May-2022|27-May-2022|03-Jun-2022||3|030115|1|1|1|| |2350.86|0.0| ||3|1275566200| |9999997494| |9999997494|||0|1| |2350.86|27-May-2022|1|2|A|10|0.0|470.16|0|4|0.0|0.0|0|0|0|0|0|0|0|0|0|0|0|0|0|||||27-May-2022|951.0|0|0||Z733|Z733|N|Z608|Y|E785|Y|E0922|N|E1129|N|T50905|N|E1121|Y|R931|Y|I259|Y|E8881|Y|R7303|Y|E669|Y|O00109|Y|O039|Y|P292|N|Z591|Y|||||||||||||||||||||| | | | | | | | | | | | | | | | | | | | | | |GZ3|27-May-2022|Z741|27-May-2022|F419|27-May-2022|Z9181|27-May-2022|Z1331|27-May-2022|Z1331|27-May-2022|F1990|27-May-2022|F109|27-May-2022|||||||||||||||||||||||||||||||||||0|0||5|450|G0444|3.0|2022-05-28T00:00:00|hospital_A|hospital_A_20220527
SYN_BENE_6ECC3C5DE37C|SYN_CLM_7490DB6A70E2|V|60|27-May-2022|27-May-2022|03-Jun-2022||3|030115|1|1|1|| |2350.86|0.0| ||3|1275566200| |9999997494| |9999997494|||0|1| |2350.86|27-May-2022|1|2|A|10|0.0|470.16|0|4|0.0|0.0|0|0|0|0|0|0|0|0|0|0|0|0|0|||||27-May-2022|951.0|0|0||Z733|Z733|N|Z608|Y|E785|Y|E0922|N|E1129|N|T50905|N|E1121|Y|R931|Y|I259|Y|E8881|Y|R7303|Y|E669|Y|O00109|Y|O039|Y|P292|N|Z591|Y|||||||||||||||||||||| | | | | | | | | | | | | | | | | | | | | | |GZ3|27-May-2022|Z741|27-May-2022|F419|27-May-2022|Z9181|27-May-2022|Z1331|27-May-2022|Z1331|27-May-2022|F1990|27-May-2022|F109|27-May-2022|||||||||||||||||||||||||||||||||||0|0||6|450|G0444|3.0|2022-05-28T00:00:00|hospital_A|hospital_A_20220527
SYN_BENE_6ECC3C5DE37C|SYN_CLM_7490DB6A70E2|V|60|27-May-2022|27-May-2022|03-Jun-2022||3|030115|1|1|1|| |2350.86|0.0| ||3|1275566200| |9999997494| |9999997494|||0|1| |2350.86|27-May-2022|1|2|A|10|0.0|470.16|0|4|0.0|0.0|0|0|0|0|0|0|0|0|0|0|0|0|0|||||27-May-2022|951.0|0|0||Z733|Z733|N|Z608|Y|E785|Y|E0922|N|E1129|N|T50905|N|E1121|Y|R931|Y|I259|Y|E8881|Y|R7303|Y|E669|Y|O00109|Y|O039|Y|P292|N|Z591|Y|||||||||||||||||||||| | | | | | | | | | | | | | | | | | | | | | |GZ3|27-May-2022|Z741|27-May-2022|F419|27-May-2022|Z9181|27-May-2022|Z1331|27-May-2022|Z1331|27-May-2022|F1990|27-May-2022|F109|27-May-2022|||||||||||||||||||||||||||||||||||0|0||7|450|99408|3.0|2022-05-28T00:00:00|hospital_A|hospital_A_20220527
SYN_BENE_6ECC3C5DE37C|SYN_CLM_7490DB6A70E2|V|60|27-May-2022|27-May-2022|03-Jun-2022||3|030115|1|1|1|| |2350.86|0.0| ||3|1275566200| |9999997494| |9999997494|||0|1| |2350.86|27-May-2022|1|2|A|10|0.0|470.16|0|4|0.0|0.0|0|0|0|0|0|0|0|0|0|0|0|0|0|||||27-May-2022|951.0|0|0||Z733|Z733|N|Z608|Y|E785|Y|E0922|N|E1129|N|T50905|N|E1121|Y|R931|Y|I259|Y|E8881|Y|R7303|Y|E669|Y|O00109|Y|O039|Y|P292|N|Z591|Y|||||||||||||||||||||| | | | | | | | | | | | | | | | | | | | | | |GZ3|27-May-2022|Z741|27-May-2022|F419|27-May-2022|Z9181|27-May-2022|Z1331|27-May-2022|Z1331|27-May-2022|F1990|27-May-2022|F109|27-May-2022|||||||||||||||||||||||||||||||||||0|0||8|450|G0442|3.0|2022-05-28T00:00:00|hospital_A|hospital_A_20220527
SYN_BENE_C3D1ABDB66CC|SYN_CLM_AD850566C0AB|V|60|27-May-2022|27-May-2022|03-Jun-2022||3|030115|1|1|1|| |2350.86|0.0| ||3|1275566200| |9999997494| |9999997494|||0|1| |2350.86|27-May-2022|1|2|A|10|0.0|470.16|0|4|0.0|0.0|0|0|0|0|0|0|0|0|0|0|0|0|0|||||27-May-2022|951.0|0|0||Z733|Z733|N|Z608|Y|E785|Y|E0922|N|E1129|N|T50905|N|E1121|Y|R931|Y|I259|Y|E8881|Y|R7303|Y|E669|Y|O00109|Y|O039|Y|P292|N|Z591|Y|||||||||||||||||||||| | | | | | | | | | | | | | | | | | | | | | |GZ3|27-May-2022|Z741|27-May-2022|F419|27-May-2022|Z9181|27-May-2022|Z1331|27-May-2022|Z1331|27-May-2022|F1990|27-May-2022|F109|27-May-2022|||||||||||||||||||||||||||||||||||0|0||1|450|99495|3.0|2022-05-28T00:00:00|hospital_A|hospital_A_20220527
SYN_BENE_C3D1ABDB66CC|SYN_CLM_AD850566C0AB|V|60|27-May-2022|27-May-2022|03-Jun-2022||3|030115|1|1|1|| |2350.86|0.0| ||3|1275566200| |9999997494| |9999997494|||0|1| |2350.86|27-May-2022|1|2|A|10|0.0|470.16|0|4|0.0|0.0|0|0|0|0|0|0|0|0|0|0|0|0|0|||||27-May-2022|951.0|0|0||Z733|Z733|N|Z608|Y|E785|Y|E0922|N|E1129|N|T50905|N|E1121|Y|R931|Y|I259|Y|E8881|Y|R7303|Y|E669|Y|O00109|Y|O039|Y|P292|N|Z591|Y|||||||||||||||||||||| | | | | | | | | | | | | | | | | | | | | | |GZ3|27-May-2022|Z741|27-May-2022|F419|27-May-2022|Z9181|27-May-2022|Z1331|27-May-2022|Z1331|27-May-2022|F1990|27-May-2022|F109|27-May-2022|||||||||||||||||||||||||||||||||||0|0||2|450|96156|3.0|2022-05-28T00:00:00|hospital_A|hospital_A_20220527
SYN_BENE_C3D1ABDB66CC|SYN_CLM_AD850566C0AB|V|60|27-May-2022|27-May-2022|03-Jun-2022||3|030115|1|1|1|| |2350.86|0.0| ||3|1275566200| |9999997494| |9999997494|||0|1| |2350.86|27-May-2022|1|2|A|10|0.0|470.16|0|4|0.0|0.0|0|0|0|0|0|0|0|0|0|0|0|0|0|||||27-May-2022|951.0|0|0||Z733|Z733|N|Z608|Y|E785|Y|E0922|N|E1129|N|T50905|N|E1121|Y|R931|Y|I259|Y|E8881|Y|R7303|Y|E669|Y|O00109|Y|O039|Y|P292|N|Z591|Y|||||||||||||||||||||| | | | | | | | | | | | | | | | | | | | | | |GZ3|27-May-2022|Z741|27-May-2022|F419|27-May-2022|Z9181|27-May-2022|Z1331|27-May-2022|Z1331|27-May-2022|F1990|27-May-2022|F109|27-May-2022|||||||||||||||||||||||||||||||||||0|0||3|450|96127|3.0|2022-05-28T00:00:00|hospital_A|hospital_A_20220527
SYN_BENE_C3D1ABDB66CC|SYN_CLM_AD850566C0AB|V|60|27-May-2022|27-May-2022|03-Jun-2022||3|030115|1|1|1|| |2350.86|0.0| ||3|1275566200| |9999997494| |9999997494|||0|1| |2350.86|27-May-2022|1|2|A|10|0.0|470.16|0|4|0.0|0.0|0|0|0|0|0|0|0|0|0|0|0|0|0|||||27-May-2022|951.0|0|0||Z733|Z733|N|Z608|Y|E785|Y|E0922|N|E1129|N|T50905|N|E1121|Y|R931|Y|I259|Y|E8881|Y|R7303|Y|E669|Y|O00109|Y|O039|Y|P292|N|Z591|Y|||||||||||||||||||||| | | | | | | | | | | | | | | | | | | | | | |GZ3|27-May-2022|Z741|27-May-2022|F419|27-May-2022|Z9181|27-May-2022|Z1331|27-May-2022|Z1331|27-May-2022|F1990|27-May-2022|F109|27-May-2022|||||||||||||||||||||||||||||||||||0|0||4|450|M1069|3.0|2022-05-28T00:00:00|hospital_A|hospital_A_20220527
SYN_BENE_C3D1ABDB66CC|SYN_CLM_AD850566C0AB|V|60|27-May-2022|27-May-2022|03-Jun-2022||3|030115|1|1|1|| |2350.86|0.0| ||3|1275566200| |9999997494| |9999997494|||0|1| |2350.86|27-May-2022|1|2|A|10|0.0|470.16|0|4|0.0|0.0|0|0|0|0|0|0|0|0|0|0|0|0|0|||||27-May-2022|951.0|0|0||Z733|Z733|N|Z608|Y|E785|Y|E0922|N|E1129|N|T50905|N|E1121|Y|R931|Y|I259|Y|E8881|Y|R7303|Y|E669|Y|O00109|Y|O039|Y|P292|N|Z591|Y|||||||||||||||||||||| | | | | | | | | | | | | | | | | | | | | | |GZ3|27-May-2022|Z741|27-May-2022|F419|27-May-2022|Z9181|27-May-2022|Z1331|27-May-2022|Z1331|27-May-2022|F1990|27-May-2022|F109|27-May-2022|||||||||||||||||||||||||||||||||||0|0||5|450|G0444|3.0|2022-05-28T00:00:00|hospital_A|hospital_A_20220527
SYN_BENE_C3D1ABDB66CC|SYN_CLM_AD850566C0AB|V|60|27-May-2022|27-May-2022|03-Jun-2022||3|030115|1|1|1|| |2350.86|0.0| ||3|1275566200| |9999997494| |9999997494|||0|1| |2350.86|27-May-2022|1|2|A|10|0.0|470.16|0|4|0.0|0.0|0|0|0|0|0|0|0|0|0|0|0|0|0|||||27-May-2022|951.0|0|0||Z733|Z733|N|Z608|Y|E785|Y|E0922|N|E1129|N|T50905|N|E1121|Y|R931|Y|I259|Y|E8881|Y|R7303|Y|E669|Y|O00109|Y|O039|Y|P292|N|Z591|Y|||||||||||||||||||||| | | | | | | | | | | | | | | | | | | | | | |GZ3|27-May-2022|Z741|27-May-2022|F419|27-May-2022|Z9181|27-May-2022|Z1331|27-May-2022|Z1331|27-May-2022|F1990|27-May-2022|F109|27-May-2022|||||||||||||||||||||||||||||||||||0|0||6|450|G0444|3.0|2022-05-28T00:00:00|hospital_A|hospital_A_20220527
SYN_BENE_C3D1ABDB66CC|SYN_CLM_AD850566C0AB|V|60|27-May-2022|27-May-2022|03-Jun-2022||3|030115|1|1|1|| |2350.86|0.0| ||3|1275566200| |9999997494| |9999997494|||0|1| |2350.86|27-May-2022|1|2|A|10|0.0|470.16|0|4|0.0|0.0|0|0|0|0|0|0|0|0|0|0|0|0|0|||||27-May-2022|951.0|0|0||Z733|Z733|N|Z608|Y|E785|Y|E0922|N|E1129|N|T50905|N|E1121|Y|R931|Y|I259|Y|E8881|Y|R7303|Y|E669|Y|O00109|Y|O039|Y|P292|N|Z591|Y|||||||||||||||||||||| | | | | | | | | | | | | | | | | | | | | | |GZ3|27-May-2022|Z741|27-May-2022|F419|27-May-2022|Z9181|27-May-2022|Z1331|27-May-2022|Z1331|27-May-2022|F1990|27-May-2022|F109|27-May-2022|||||||||||||||||||||||||||||||||||0|0||7|450|99408|3.0|2022-05-28T00:00:00|hospital_A|hospital_A_20220527
SYN_BENE_C3D1ABDB66CC|SYN_CLM_AD850566C0AB|V|60|27-May-2022|27-May-2022|03-Jun-2022||3|030115|1|1|1|| |2350.86|0.0| ||3|1275566200| |9999997494| |9999997494|||0|1| |2350.86|27-May-2022|1|2|A|10|0.0|470.16|0|4|0.0|0.0|0|0|0|0|0|0|0|0|0|0|0|0|0|||||27-May-2022|951.0|0|0||Z733|Z733|N|Z608|Y|E785|Y|E0922|N|E1129|N|T50905|N|E1121|Y|R931|Y|I259|Y|E8881|Y|R7303|Y|E669|Y|O00109|Y|O039|Y|P292|N|Z591|Y|||||||||||||||||||||| | | | | | | | | | | | | | | | | | | | | | |GZ3|27-May-2022|Z741|27-May-2022|F419|27-May-2022|Z9181|27-May-2022|Z1331|27-May-2022|Z1331|27-May-2022|F1990|27-May-2022|F109|27-May-2022|||||||||||||||||||||||||||||||||||0|0||8|450|G0442|3.0|2022-05-28T00:00:00|hospital_A|hospital_A_20220527
SYN_BENE_F0ED0619A607|SYN_CLM_A337996BBFE1|V|60|27-May-2022|27-May-2022|03-Jun-2022||3|030115|1|1|1|| |2350.86|0.0| ||3|1275566200| |9999997494| |9999997494|||0|1| |2350.86|27-May-2022|1|2|A|10|0.0|470.16|0|4|0.0|0.0|0|0|0|0|0|0|0|0|0|0|0|0|0|||||27-May-2022|951.0|0|0||Z733|Z733|N|Z608|Y|E785|Y|E0922|N|E1129|N|T50905|N|E1121|Y|R931|Y|I259|Y|E8881|Y|R7303|Y|E669|Y|O00109|Y|O039|Y|P292|N|Z591|Y|||||||||||||||||||||| | | | | | | | | | | | | | | | | | | | | | |GZ3|27-May-2022|Z741|27-May-2022|F419|27-May-2022|Z9181|27-May-2022|Z1331|27-May-2022|Z1331|27-May-2022|F1990|27-May-2022|F109|27-May-2022|||||||||||||||||||||||||||||||||||0|0||1|450|99495|3.0|2022-05-28T00:00:00|hospital_A|hospital_A_20220527
SYN_BENE_F0ED0619A607|SYN_CLM_A337996BBFE1|V|60|27-May-2022|27-May-2022|03-Jun-2022||3|030115|1|1|1|| |2350.86|0.0| ||3|1275566200| |9999997494| |9999997494|||0|1| |2350.86|27-May-2022|1|2|A|10|0.0|470.16|0|4|0.0|0.0|0|0|0|0|0|0|0|0|0|0|0|0|0|||||27-May-2022|951.0|0|0||Z733|Z733|N|Z608|Y|E785|Y|E0922|N|E1129|N|T50905|N|E1121|Y|R931|Y|I259|Y|E8881|Y|R7303|Y|E669|Y|O00109|Y|O039|Y|P292|N|Z591|Y|||||||||||||||||||||| | | | | | | | | | | | | | | | | | | | | | |GZ3|27-May-2022|Z741|27-May-2022|F419|27-May-2022|Z9181|27-May-2022|Z1331|27-May-2022|Z1331|27-May-2022|F1990|27-May-2022|F109|27-May-2022|||||||||||||||||||||||||||||||||||0|0||2|450|96156|3.0|2022-05-28T00:00:00|hospital_A|hospital_A_20220527
SYN_BENE_F0ED0619A607|SYN_CLM_A337996BBFE1|V|60|27-May-2022|27-May-2022|03-Jun-2022||3|030115|1|1|1|| |2350.86|0.0| ||3|1275566200| |9999997494| |9999997494|||0|1| |2350.86|27-May-2022|1|2|A|10|0.0|470.16|0|4|0.0|0.0|0|0|0|0|0|0|0|0|0|0|0|0|0|||||27-May-2022|951.0|0|0||Z733|Z733|N|Z608|Y|E785|Y|E0922|N|E1129|N|T50905|N|E1121|Y|R931|Y|I259|Y|E8881|Y|R7303|Y|E669|Y|O00109|Y|O039|Y|P292|N|Z591|Y|||||||||||||||||||||| | | | | | | | | | | | | | | | | | | | | | |GZ3|27-May-2022|Z741|27-May-2022|F419|27-May-2022|Z9181|27-May-2022|Z1331|27-May-2022|Z1331|27-May-2022|F1990|27-May-2022|F109|27-May-2022|||||||||||||||||||||||||||||||||||0|0||3|450|96127|3.0|2022-05-28T00:00:00|hospital_A|hospital_A_20220527
SYN_BENE_F0ED0619A607|SYN_CLM_A337996BBFE1|V|60|27-May-2022|27-May-2022|03-Jun-2022||3|030115|1|1|1|| |2350.86|0.0| ||3|1275566200| |9999997494| |9999997494|||0|1| |2350.86|27-May-2022|1|2|A|10|0.0|470.16|0|4|0.0|0.0|0|0|0|0|0|0|0|0|0|0|0|0|0|||||27-May-2022|951.0|0|0||Z733|Z733|N|Z608|Y|E785|Y|E0922|N|E1129|N|T50905|N|E1121|Y|R931|Y|I259|Y|E8881|Y|R7303|Y|E669|Y|O00109|Y|O039|Y|P292|N|Z591|Y|||||||||||||||||||||| | | | | | | | | | | | | | | | | | | | | | |GZ3|27-May-2022|Z741|27-May-2022|F419|27-May-2022|Z9181|27-May-2022|Z1331|27-May-2022|Z1331|27-May-2022|F1990|27-May-2022|F109|27-May-2022|||||||||||||||||||||||||||||||||||0|0||4|450|M1069|3.0|2022-05-28T00:00:00|hospital_A|hospital_A_20220527
SYN_BENE_F0ED0619A607|SYN_CLM_A337996BBFE1|V|60|27-May-2022|27-May-2022|03-Jun-2022||3|030115|1|1|1|| |2350.86|0.0| ||3|1275566200| |9999997494| |9999997494|||0|1| |2350.86|27-May-2022|1|2|A|10|0.0|470.16|0|4|0.0|0.0|0|0|0|0|0|0|0|0|0|0|0|0|0|||||27-May-2022|951.0|0|0||Z733|Z733|N|Z608|Y|E785|Y|E0922|N|E1129|N|T50905|N|E1121|Y|R931|Y|I259|Y|E8881|Y|R7303|Y|E669|Y|O00109|Y|O039|Y|P292|N|Z591|Y|||||||||||||||||||||| | | | | | | | | | | | | | | | | | | | | | |GZ3|27-May-2022|Z741|27-May-2022|F419|27-May-2022|Z9181|27-May-2022|Z1331|27-May-2022|Z1331|27-May-2022|F1990|27-May-2022|F109|27-May-2022|||||||||||||||||||||||||||||||||||0|0||5|450|G0444|3.0|2022-05-28T00:00:00|hospital_A|hospital_A_20220527
SYN_BENE_F0ED0619A607|SYN_CLM_A337996BBFE1|V|60|27-May-2022|27-May-2022|03-Jun-2022||3|030115|1|1|1|| |2350.86|0.0| ||3|1275566200| |9999997494| |9999997494|||0|1| |2350.86|27-May-2022|1|2|A|10|0.0|470.16|0|4|0.0|0.0|0|0|0|0|0|0|0|0|0|0|0|0|0|||||27-May-2022|951.0|0|0||Z733|Z733|N|Z608|Y|E785|Y|E0922|N|E1129|N|T50905|N|E1121|Y|R931|Y|I259|Y|E8881|Y|R7303|Y|E669|Y|O00109|Y|O039|Y|P292|N|Z591|Y|||||||||||||||||||||| | | | | | | | | | | | | | | | | | | | | | |GZ3|27-May-2022|Z741|27-May-2022|F419|27-May-2022|Z9181|27-May-2022|Z1331|27-May-2022|Z1331|27-May-2022|F1990|27-May-2022|F109|27-May-2022|||||||||||||||||||||||||||||||||||0|0||6|450|G0444|3.0|2022-05-28T00:00:00|hospital_A|hospital_A_20220527
SYN_BENE_F0ED0619A607|SYN_CLM_A337996BBFE1|V|60|27-May-2022|27-May-2022|03-Jun-2022||3|030115|1|1|1|| |2350.86|0.0| ||3|1275566200| |9999997494| |9999997494|||0|1| |2350.86|27-May-2022|1|2|A|10|0.0|470.16|0|4|0.0|0.0|0|0|0|0|0|0|0|0|0|0|0|0|0|||||27-May-2022|951.0|0|0||Z733|Z733|N|Z608|Y|E785|Y|E0922|N|E1129|N|T50905|N|E1121|Y|R931|Y|I259|Y|E8881|Y|R7303|Y|E669|Y|O00109|Y|O039|Y|P292|N|Z591|Y|||||||||||||||||||||| | | | | | | | | | | | | | | | | | | | | | |GZ3|27-May-2022|Z741|27-May-2022|F419|27-May-2022|Z9181|27-May-2022|Z1331|27-May-2022|Z1331|27-May-2022|F1990|27-May-2022|F109|27-May-2022|||||||||||||||||||||||||||||||||||0|0||7|450|99408|3.0|2022-05-28T00:00:00|hospital_A|hospital_A_20220527
SYN_BENE_F0ED0619A607|SYN_CLM_A337996BBFE1|V|60|27-May-2022|27-May-2022|03-Jun-2022||3|030115|1|1|1|| |2350.86|0.0| ||3|1275566200| |9999997494| |9999997494|||0|1| |2350.86|27-May-2022|1|2|A|10|0.0|470.16|0|4|0.0|0.0|0|0|0|0|0|0|0|0|0|0|0|0|0|||||27-May-2022|951.0|0|0||Z733|Z733|N|Z608|Y|E785|Y|E0922|N|E1129|N|T50905|N|E1121|Y|R931|Y|I259|Y|E8881|Y|R7303|Y|E669|Y|O00109|Y|O039|Y|P292|N|Z591|Y|||||||||||||||||||||| | | | | | | | | | | | | | | | | | | | | | |GZ3|27-May-2022|Z741|27-May-2022|F419|27-May-2022|Z9181|27-May-2022|Z1331|27-May-2022|Z1331|27-May-2022|F1990|27-May-2022|F109|27-May-2022|||||||||||||||||||||||||||||||||||0|0||8|450|G0442|3.0|2022-05-28T00:00:00|hospital_A|hospital_A_20220527
SYN_BENE_6C1EA4A128ED|SYN_CLM_3AC5CF2BF283|V|60|27-May-2022|27-May-2022|03-Jun-2022||3|030115|1|1|1|| |2350.86|0.0| ||3|1275566200| |9999997494| |9999997494|||0|1| |2350.86|27-May-2022|1|2|A|10|0.0|470.16|0|4|0.0|0.0|0|0|0|0|0|0|0|0|0|0|0|0|0|||||27-May-2022|951.0|0|0||Z733|Z733|N|Z608|Y|E785|Y|E0922|N|E1129|N|T50905|N|E1121|Y|R931|Y|I259|Y|E8881|Y|R7303|Y|E669|Y|O00109|Y|O039|Y|P292|N|Z591|Y|||||||||||||||||||||| | | | | | | | | | | | | | | | | | | | | | |GZ3|27-May-2022|Z741|27-May-2022|F419|27-May-2022|Z9181|27-May-2022|Z1331|27-May-2022|Z1331|27-May-2022|F1990|27-May-2022|F109|27-May-2022|||||||||||||||||||||||||||||||||||0|0||1|450|99495|3.0|2022-05-28T00:00:00|hospital_A|hospital_A_20220527
SYN_BENE_6C1EA4A128ED|SYN_CLM_3AC5CF2BF283|V|60|27-May-2022|27-May-2022|03-Jun-2022||3|030115|1|1|1|| |2350.86|0.0| ||3|1275566200| |9999997494| |9999997494|||0|1| |2350.86|27-May-2022|1|2|A|10|0.0|470.16|0|4|0.0|0.0|0|0|0|0|0|0|0|0|0|0|0|0|0|||||27-May-2022|951.0|0|0||Z733|Z733|N|Z608|Y|E785|Y|E0922|N|E1129|N|T50905|N|E1121|Y|R931|Y|I259|Y|E8881|Y|R7303|Y|E669|Y|O00109|Y|O039|Y|P292|N|Z591|Y|||||||||||||||||||||| | | | | | | | | | | | | | | | | | | | | | |GZ3|27-May-2022|Z741|27-May-2022|F419|27-May-2022|Z9181|27-May-2022|Z1331|27-May-2022|Z1331|27-May-2022|F1990|27-May-2022|F109|27-May-2022|||||||||||||||||||||||||||||||||||0|0||2|450|96156|3.0|2022-05-28T00:00:00|hospital_A|hospital_A_20220527
SYN_BENE_6C1EA4A128ED|SYN_CLM_3AC5CF2BF283|V|60|27-May-2022|27-May-2022|03-Jun-2022||3|030115|1|1|1|| |2350.86|0.0| ||3|1275566200| |9999997494| |9999997494|||0|1| |2350.86|27-May-2022|1|2|A|10|0.0|470.16|0|4|0.0|0.0|0|0|0|0|0|0|0|0|0|0|0|0|0|||||27-May-2022|951.0|0|0||Z733|Z733|N|Z608|Y|E785|Y|E0922|N|E1129|N|T50905|N|E1121|Y|R931|Y|I259|Y|E8881|Y|R7303|Y|E669|Y|O00109|Y|O039|Y|P292|N|Z591|Y|||||||||||||||||||||| | | | | | | | | | | | | | | | | | | | | | |GZ3|27-May-2022|Z741|27-May-2022|F419|27-May-2022|Z9181|27-May-2022|Z1331|27-May-2022|Z1331|27-May-2022|F1990|27-May-2022|F109|27-May-2022|||||||||||||||||||||||||||||||||||0|0||3|450|96127|3.0|2022-05-28T00:00:00|hospital_A|hospital_A_20220527
SYN_BENE_6C1EA4A128ED|SYN_CLM_3AC5CF2BF283|V|60|27-May-2022|27-May-2022|03-Jun-2022||3|030115|1|1|1|| |2350.86|0.0| ||3|1275566200| |9999997494| |9999997494|||0|1| |2350.86|27-May-2022|1|2|A|10|0.0|470.16|0|4|0.0|0.0|0|0|0|0|0|0|0|0|0|0|0|0|0|||||27-May-2022|951.0|0|0||Z733|Z733|N|Z608|Y|E785|Y|E0922|N|E1129|N|T50905|N|E1121|Y|R931|Y|I259|Y|E8881|Y|R7303|Y|E669|Y|O00109|Y|O039|Y|P292|N|Z591|Y|||||||||||||||||||||| | | | | | | | | | | | | | | | | | | | | | |GZ3|27-May-2022|Z741|27-May-2022|F419|27-May-2022|Z9181|27-May-2022|Z1331|27-May-2022|Z1331|27-May-2022|F1990|27-May-2022|F109|27-May-2022|||||||||||||||||||||||||||||||||||0|0||4|450|M1069|3.0|2022-05-28T00:00:00|hospital_A|hospital_A_20220527
SYN_BENE_6C1EA4A128ED|SYN_CLM_3AC5CF2BF283|V|60|27-May-2022|27-May-2022|03-Jun-2022||3|030115|1|1|1|| |2350.86|0.0| ||3|1275566200| |9999997494| |9999997494|||0|1| |2350.86|27-May-2022|1|2|A|10|0.0|470.16|0|4|0.0|0.0|0|0|0|0|0|0|0|0|0|0|0|0|0|||||27-May-2022|951.0|0|0||Z733|Z733|N|Z608|Y|E785|Y|E0922|N|E1129|N|T50905|N|E1121|Y|R931|Y|I259|Y|E8881|Y|R7303|Y|E669|Y|O00109|Y|O039|Y|P292|N|Z591|Y|||||||||||||||||||||| | | | | | | | | | | | | | | | | | | | | | |GZ3|27-May-2022|Z741|27-May-2022|F419|27-May-2022|Z9181|27-May-2022|Z1331|27-May-2022|Z1331|27-May-2022|F1990|27-May-2022|F109|27-May-2022|||||||||||||||||||||||||||||||||||0|0||5|450|G0444|3.0|2022-05-28T00:00:00|hospital_A|hospital_A_20220527
SYN_BENE_6C1EA4A128ED|SYN_CLM_3AC5CF2BF283|V|60|27-May-2022|27-May-2022|03-Jun-2022||3|030115|1|1|1|| |2350.86|0.0| ||3|1275566200| |9999997494| |9999997494|||0|1| |2350.86|27-May-2022|1|2|A|10|0.0|470.16|0|4|0.0|0.0|0|0|0|0|0|0|0|0|0|0|0|0|0|||||27-May-2022|951.0|0|0||Z733|Z733|N|Z608|Y|E785|Y|E0922|N|E1129|N|T50905|N|E1121|Y|R931|Y|I259|Y|E8881|Y|R7303|Y|E669|Y|O00109|Y|O039|Y|P292|N|Z591|Y|||||||||||||||||||||| | | | | | | | | | | | | | | | | | | | | | |GZ3|27-May-2022|Z741|27-May-2022|F419|27-May-2022|Z9181|27-May-2022|Z1331|27-May-2022|Z1331|27-May-2022|F1990|27-May-2022|F109|27-May-2022|||||||||||||||||||||||||||||||||||0|0||6|450|G0444|3.0|2022-05-28T00:00:00|hospital_A|hospital_A_20220527
SYN_BENE_6C1EA4A128ED|SYN_CLM_3AC5CF2BF283|V|60|27-May-2022|27-May-2022|03-Jun-2022||3|030115|1|1|1|| |2350.86|0.0| ||3|1275566200| |9999997494| |9999997494|||0|1| |2350.86|27-May-2022|1|2|A|10|0.0|470.16|0|4|0.0|0.0|0|0|0|0|0|0|0|0|0|0|0|0|0|||||27-May-2022|951.0|0|0||Z733|Z733|N|Z608|Y|E785|Y|E0922|N|E1129|N|T50905|N|E1121|Y|R931|Y|I259|Y|E8881|Y|R7303|Y|E669|Y|O00109|Y|O039|Y|P292|N|Z591|Y|||||||||||||||||||||| | | | | | | | | | | | | | | | | | | | | | |GZ3|27-May-2022|Z741|27-May-2022|F419|27-May-2022|Z9181|27-May-2022|Z1331|27-May-2022|Z1331|27-May-2022|F1990|27-May-2022|F109|27-May-2022|||||||||||||||||||||||||||||||||||0|0||7|450|99408|3.0|2022-05-28T00:00:00|hospital_A|hospital_A_20220527
SYN_BENE_6C1EA4A128ED|SYN_CLM_3AC5CF2BF283|V|60|27-May-2022|27-May-2022|03-Jun-2022||3|030115|1|1|1|| |2350.86|0.0| ||3|1275566200| |9999997494| |9999997494|||0|1| |2350.86|27-May-2022|1|2|A|10|0.0|470.16|0|4|0.0|0.0|0|0|0|0|0|0|0|0|0|0|0|0|0|||||27-May-2022|951.0|0|0||Z733|Z733|N|Z608|Y|E785|Y|E0922|N|E1129|N|T50905|N|E1121|Y|R931|Y|I259|Y|E8881|Y|R7303|Y|E669|Y|O00109|Y|O039|Y|P292|N|Z591|Y|||||||||||||||||||||| | | | | | | | | | | | | | | | | | | | | | |GZ3|27-May-2022|Z741|27-May-2022|F419|27-May-2022|Z9181|27-May-2022|Z1331|27-May-2022|Z1331|27-May-2022|F1990|27-May-2022|F109|27-May-2022|||||||||||||||||||||||||||||||||||0|0||8|450|G0442|3.0|2022-05-28T00:00:00|hospital_A|hospital_A_20220527
SYN_BENE_012F615296DF|SYN_CLM_1E52DD0B7279|V|60|27-May-2022|27-May-2022|03-Jun-2022||3|030115|1|1|1|| |2350.86|0.0| ||3|1275566200| |9999997494| |9999997494|||0|1| |2350.86|27-May-2022|1|2|A|10|0.0|470.16|0|4|0.0|0.0|0|0|0|0|0|0|0|0|0|0|0|0|0|||||27-May-2022|951.0|0|0||Z733|Z733|N|Z608|Y|E785|Y|E0922|N|E1129|N|T50905|N|E1121|Y|R931|Y|I259|Y|E8881|Y|R7303|Y|E669|Y|O00109|Y|O039|Y|P292|N|Z591|Y|||||||||||||||||||||| | | | | | | | | | | | | | | | | | | | | | |GZ3|27-May-2022|Z741|27-May-2022|F419|27-May-2022|Z9181|27-May-2022|Z1331|27-May-2022|Z1331|27-May-2022|F1990|27-May-2022|F109|27-May-2022|||||||||||||||||||||||||||||||||||0|0||1|450|99495|3.0|2022-05-28T00:00:00|hospital_A|hospital_A_20220527
SYN_BENE_012F615296DF|SYN_CLM_1E52DD0B7279|V|60|27-May-2022|27-May-2022|03-Jun-2022||3|030115|1|1|1|| |2350.86|0.0| ||3|1275566200| |9999997494| |9999997494|||0|1| |2350.86|27-May-2022|1|2|A|10|0.0|470.16|0|4|0.0|0.0|0|0|0|0|0|0|0|0|0|0|0|0|0|||||27-May-2022|951.0|0|0||Z733|Z733|N|Z608|Y|E785|Y|E0922|N|E1129|N|T50905|N|E1121|Y|R931|Y|I259|Y|E8881|Y|R7303|Y|E669|Y|O00109|Y|O039|Y|P292|N|Z591|Y|||||||||||||||||||||| | | | | | | | | | | | | | | | | | | | | | |GZ3|27-May-2022|Z741|27-May-2022|F419|27-May-2022|Z9181|27-May-2022|Z1331|27-May-2022|Z1331|27-May-2022|F1990|27-May-2022|F109|27-May-2022|||||||||||||||||||||||||||||||||||0|0||2|450|96156|3.0|2022-05-28T00:00:00|hospital_A|hospital_A_20220527
SYN_BENE_012F615296DF|SYN_CLM_1E52DD0B7279|V|60|27-May-2022|27-May-2022|03-Jun-2022||3|030115|1|1|1|| |2350.86|0.0| ||3|1275566200| |9999997494| |9999997494|||0|1| |2350.86|27-May-2022|1|2|A|10|0.0|470.16|0|4|0.0|0.0|0|0|0|0|0|0|0|0|0|0|0|0|0|||||27-May-2022|951.0|0|0||Z733|Z733|N|Z608|Y|E785|Y|E0922|N|E1129|N|T50905|N|E1121|Y|R931|Y|I259|Y|E8881|Y|R7303|Y|E669|Y|O00109|Y|O039|Y|P292|N|Z591|Y|||||||||||||||||||||| | | | | | | | | | | | | | | | | | | | | | |GZ3|27-May-2022|Z741|27-May-2022|F419|27-May-2022|Z9181|27-May-2022|Z1331|27-May-2022|Z1331|27-May-2022|F1990|27-May-2022|F109|27-May-2022|||||||||||||||||||||||||||||||||||0|0||3|450|96127|3.0|2022-05-28T00:00:00|hospital_A|hospital_A_20220527
SYN_BENE_012F615296DF|SYN_CLM_1E52DD0B7279|V|60|27-May-2022|27-May-2022|03-Jun-2022||3|030115|1|1|1|| |2350.86|0.0| ||3|1275566200| |9999997494| |9999997494|||0|1| |2350.86|27-May-2022|1|2|A|10|0.0|470.16|0|4|0.0|0.0|0|0|0|0|0|0|0|0|0|0|0|0|0|||||27-May-2022|951.0|0|0||Z733|Z733|N|Z608|Y|E785|Y|E0922|N|E1129|N|T50905|N|E1121|Y|R931|Y|I259|Y|E8881|Y|R7303|Y|E669|Y|O00109|Y|O039|Y|P292|N|Z591|Y|||||||||||||||||||||| | | | | | | | | | | | | | | | | | | | | | |GZ3|27-May-2022|Z741|27-May-2022|F419|27-May-2022|Z9181|27-May-2022|Z1331|27-May-2022|Z1331|27-May-2022|F1990|27-May-2022|F109|27-May-2022|||||||||||||||||||||||||||||||||||0|0||4|450|M1069|3.0|2022-05-28T00:00:00|hospital_A|hospital_A_20220527
SYN_BENE_012F615296DF|SYN_CLM_1E52DD0B7279|V|60|27-May-2022|27-May-2022|03-Jun-2022||3|030115|1|1|1|| |2350.86|0.0| ||3|1275566200| |9999997494| |9999997494|||0|1| |2350.86|27-May-2022|1|2|A|10|0.0|470.16|0|4|0.0|0.0|0|0|0|0|0|0|0|0|0|0|0|0|0|||||27-May-2022|951.0|0|0||Z733|Z733|N|Z608|Y|E785|Y|E0922|N|E1129|N|T50905|N|E1121|Y|R931|Y|I259|Y|E8881|Y|R7303|Y|E669|Y|O00109|Y|O039|Y|P292|N|Z591|Y|||||||||||||||||||||| | | | | | | | | | | | | | | | | | | | | | |GZ3|27-May-2022|Z741|27-May-2022|F419|27-May-2022|Z9181|27-May-2022|Z1331|27-May-2022|Z1331|27-May-2022|F1990|27-May-2022|F109|27-May-2022|||||||||||||||||||||||||||||||||||0|0||5|450|G0444|3.0|2022-05-28T00:00:00|hospital_A|hospital_A_20220527
SYN_BENE_012F615296DF|SYN_CLM_1E52DD0B7279|V|60|27-May-2022|27-May-2022|03-Jun-2022||3|030115|1|1|1|| |2350.86|0.0| ||3|1275566200| |9999997494| |9999997494|||0|1| |2350.86|27-May-2022|1|2|A|10|0.0|470.16|0|4|0.0|0.0|0|0|0|0|0|0|0|0|0|0|0|0|0|||||27-May-2022|951.0|0|0||Z733|Z733|N|Z608|Y|E785|Y|E0922|N|E1129|N|T50905|N|E1121|Y|R931|Y|I259|Y|E8881|Y|R7303|Y|E669|Y|O00109|Y|O039|Y|P292|N|Z591|Y|||||||||||||||||||||| | | | | | | | | | | | | | | | | | | | | | |GZ3|27-May-2022|Z741|27-May-2022|F419|27-May-2022|Z9181|27-May-2022|Z1331|27-May-2022|Z1331|27-May-2022|F1990|27-May-2022|F109|27-May-2022|||||||||||||||||||||||||||||||||||0|0||6|450|G0444|3.0|2022-05-28T00:00:00|hospital_A|hospital_A_20220527
SYN_BENE_012F615296DF|SYN_CLM_1E52DD0B7279|V|60|27-May-2022|27-May-2022|03-Jun-2022||3|030115|1|1|1|| |2350.86|0.0| ||3|1275566200| |9999997494| |9999997494|||0|1| |2350.86|27-May-2022|1|2|A|10|0.0|470.16|0|4|0.0|0.0|0|0|0|0|0|0|0|0|0|0|0|0|0|||||27-May-2022|951.0|0|0||Z733|Z733|N|Z608|Y|E785|Y|E0922|N|E1129|N|T50905|N|E1121|Y|R931|Y|I259|Y|E8881|Y|R7303|Y|E669|Y|O00109|Y|O039|Y|P292|N|Z591|Y|||||||||||||||||||||| | | | | | | | | | | | | | | | | | | | | | |GZ3|27-May-2022|Z741|27-May-2022|F419|27-May-2022|Z9181|27-May-2022|Z1331|27-May-2022|Z1331|27-May-2022|F1990|27-May-2022|F109|27-May-2022|||||||||||||||||||||||||||||||||||0|0||7|450|99408|3.0|2022-05-28T00:00:00|hospital_A|hospital_A_20220527
SYN_BENE_012F615296DF|SYN_CLM_1E52DD0B7279|V|60|27-May-2022|27-May-2022|03-Jun-2022||3|030115|1|1|1|| |2350.86|0.0| ||3|1275566200| |9999997494| |9999997494|||0|1| |2350.86|27-May-2022|1|2|A|10|0.0|470.16|0|4|0.0|0.0|0|0|0|0|0|0|0|0|0|0|0|0|0|||||27-May-2022|951.0|0|0||Z733|Z733|N|Z608|Y|E785|Y|E0922|N|E1129|N|T50905|N|E1121|Y|R931|Y|I259|Y|E8881|Y|R7303|Y|E669|Y|O00109|Y|O039|Y|P292|N|Z591|Y|||||||||||||||||||||| | | | | | | | | | | | | | | | | | | | | | |GZ3|27-May-2022|Z741|27-May-2022|F419|27-May-2022|Z9181|27-May-2022|Z1331|27-May-2022|Z1331|27-May-2022|F1990|27-May-2022|F109|27-May-2022|||||||||||||||||||||||||||||||||||0|0||8|450|G0442|3.0|2022-05-28T00:00:00|hospital_A|hospital_A_20220527
SYN_BENE_FEAFA188C002|SYN_CLM_7083C2740B53|V|60|27-May-2022|27-May-2022|03-Jun-2022||3|030115|1|1|1|| |2350.86|0.0| ||3|1275566200| |9999997494| |9999997494|||0|1| |2350.86|27-May-2022|1|2|A|10|0.0|470.16|0|4|0.0|0.0|0|0|0|0|0|0|0|0|0|0|0|0|0|||||27-May-2022|951.0|0|0||Z733|Z733|N|Z608|Y|E785|Y|E0922|N|E1129|N|T50905|N|E1121|Y|R931|Y|I259|Y|E8881|Y|R7303|Y|E669|Y|O00109|Y|O039|Y|P292|N|Z591|Y|||||||||||||||||||||| | | | | | | | | | | | | | | | | | | | | | |GZ3|27-May-2022|Z741|27-May-2022|F419|27-May-2022|Z9181|27-May-2022|Z1331|27-May-2022|Z1331|27-May-2022|F1990|27-May-2022|F109|27-May-2022|||||||||||||||||||||||||||||||||||0|0||1|450|99495|3.0|2022-05-28T00:00:00|hospital_A|hospital_A_20220527
SYN_BENE_FEAFA188C002|SYN_CLM_7083C2740B53|V|60|27-May-2022|27-May-2022|03-Jun-2022||3|030115|1|1|1|| |2350.86|0.0| ||3|1275566200| |9999997494| |9999997494|||0|1| |2350.86|27-May-2022|1|2|A|10|0.0|470.16|0|4|0.0|0.0|0|0|0|0|0|0|0|0|0|0|0|0|0|||||27-May-2022|951.0|0|0||Z733|Z733|N|Z608|Y|E785|Y|E0922|N|E1129|N|T50905|N|E1121|Y|R931|Y|I259|Y|E8881|Y|R7303|Y|E669|Y|O00109|Y|O039|Y|P292|N|Z591|Y|||||||||||||||||||||| | | | | | | | | | | | | | | | | | | | | | |GZ3|27-May-2022|Z741|27-May-2022|F419|27-May-2022|Z9181|27-May-2022|Z1331|27-May-2022|Z1331|27-May-2022|F1990|27-May-2022|F109|27-May-2022|||||||||||||||||||||||||||||||||||0|0||2|450|96156|3.0|2022-05-28T00:00:00|hospital_A|hospital_A_20220527
SYN_BENE_FEAFA188C002|SYN_CLM_7083C2740B53|V|60|27-May-2022|27-May-2022|03-Jun-2022||3|030115|1|1|1|| |2350.86|0.0| ||3|1275566200| |9999997494| |9999997494|||0|1| |2350.86|27-May-2022|1|2|A|10|0.0|470.16|0|4|0.0|0.0|0|0|0|0|0|0|0|0|0|0|0|0|0|||||27-May-2022|951.0|0|0||Z733|Z733|N|Z608|Y|E785|Y|E0922|N|E1129|N|T50905|N|E1121|Y|R931|Y|I259|Y|E8881|Y|R7303|Y|E669|Y|O00109|Y|O039|Y|P292|N|Z591|Y|||||||||||||||||||||| | | | | | | | | | | | | | | | | | | | | | |GZ3|27-May-2022|Z741|27-May-2022|F419|27-May-2022|Z9181|27-May-2022|Z1331|27-May-2022|Z1331|27-May-2022|F1990|27-May-2022|F109|27-May-2022|||||||||||||||||||||||||||||||||||0|0||3|450|96127|3.0|2022-05-28T00:00:00|hospital_A|hospital_A_20220527
SYN_BENE_FEAFA188C002|SYN_CLM_7083C2740B53|V|60|27-May-2022|27-May-2022|03-Jun-2022||3|030115|1|1|1|| |2350.86|0.0| ||3|1275566200| |9999997494| |9999997494|||0|1| |2350.86|27-May-2022|1|2|A|10|0.0|470.16|0|4|0.0|0.0|0|0|0|0|0|0|0|0|0|0|0|0|0|||||27-May-2022|951.0|0|0||Z733|Z733|N|Z608|Y|E785|Y|E0922|N|E1129|N|T50905|N|E1121|Y|R931|Y|I259|Y|E8881|Y|R7303|Y|E669|Y|O00109|Y|O039|Y|P292|N|Z591|Y|||||||||||||||||||||| | | | | | | | | | | | | | | | | | | | | | |GZ3|27-May-2022|Z741|27-May-2022|F419|27-May-2022|Z9181|27-May-2022|Z1331|27-May-2022|Z1331|27-May-2022|F1990|27-May-2022|F109|27-May-2022|||||||||||||||||||||||||||||||||||0|0||4|450|M1069|3.0|2022-05-28T00:00:00|hospital_A|hospital_A_20220527
SYN_BENE_FEAFA188C002|SYN_CLM_7083C2740B53|V|60|27-May-2022|27-May-2022|03-Jun-2022||3|030115|1|1|1|| |2350.86|0.0| ||3|1275566200| |9999997494| |9999997494|||0|1| |2350.86|27-May-2022|1|2|A|10|0.0|470.16|0|4|0.0|0.0|0|0|0|0|0|0|0|0|0|0|0|0|0|||||27-May-2022|951.0|0|0||Z733|Z733|N|Z608|Y|E785|Y|E0922|N|E1129|N|T50905|N|E1121|Y|R931|Y|I259|Y|E8881|Y|R7303|Y|E669|Y|O00109|Y|O039|Y|P292|N|Z591|Y|||||||||||||||||||||| | | | | | | | | | | | | | | | | | | | | | |GZ3|27-May-2022|Z741|27-May-2022|F419|27-May-2022|Z9181|27-May-2022|Z1331|27-May-2022|Z1331|27-May-2022|F1990|27-May-2022|F109|27-May-2022|||||||||||||||||||||||||||||||||||0|0||5|450|G0444|3.0|2022-05-28T00:00:00|hospital_A|hospital_A_20220527
SYN_BENE_FEAFA188C002|SYN_CLM_7083C2740B53|V|60|27-May-2022|27-May-2022|03-Jun-2022||3|030115|1|1|1|| |2350.86|0.0| ||3|1275566200| |9999997494| |9999997494|||0|1| |2350.86|27-May-2022|1|2|A|10|0.0|470.16|0|4|0.0|0.0|0|0|0|0|0|0|0|0|0|0|0|0|0|||||27-May-2022|951.0|0|0||Z733|Z733|N|Z608|Y|E785|Y|E0922|N|E1129|N|T50905|N|E1121|Y|R931|Y|I259|Y|E8881|Y|R7303|Y|E669|Y|O00109|Y|O039|Y|P292|N|Z591|Y|||||||||||||||||||||| | | | | | | | | | | | | | | | | | | | | | |GZ3|27-May-2022|Z741|27-May-2022|F419|27-May-2022|Z9181|27-May-2022|Z1331|27-May-2022|Z1331|27-May-2022|F1990|27-May-2022|F109|27-May-2022|||||||||||||||||||||||||||||||||||0|0||6|450|G0444|3.0|2022-05-28T00:00:00|hospital_A|hospital_A_20220527
SYN_BENE_FEAFA188C002|SYN_CLM_7083C2740B53|V|60|27-May-2022|27-May-2022|03-Jun-2022||3|030115|1|1|1|| |2350.86|0.0| ||3|1275566200| |9999997494| |9999997494|||0|1| |2350.86|27-May-2022|1|2|A|10|0.0|470.16|0|4|0.0|0.0|0|0|0|0|0|0|0|0|0|0|0|0|0|||||27-May-2022|951.0|0|0||Z733|Z733|N|Z608|Y|E785|Y|E0922|N|E1129|N|T50905|N|E1121|Y|R931|Y|I259|Y|E8881|Y|R7303|Y|E669|Y|O00109|Y|O039|Y|P292|N|Z591|Y|||||||||||||||||||||| | | | | | | | | | | | | | | | | | | | | | |GZ3|27-May-2022|Z741|27-May-2022|F419|27-May-2022|Z9181|27-May-2022|Z1331|27-May-2022|Z1331|27-May-2022|F1990|27-May-2022|F109|27-May-2022|||||||||||||||||||||||||||||||||||0|0||7|450|99408|3.0|2022-05-28T00:00:00|hospital_A|hospital_A_20220527
SYN_BENE_FEAFA188C002|SYN_CLM_7083C2740B53|V|60|27-May-2022|27-May-2022|03-Jun-2022||3|030115|1|1|1|| |2350.86|0.0| ||3|1275566200| |9999997494| |9999997494|||0|1| |2350.86|27-May-2022|1|2|A|10|0.0|470.16|0|4|0.0|0.0|0|0|0|0|0|0|0|0|0|0|0|0|0|||||27-May-2022|951.0|0|0||Z733|Z733|N|Z608|Y|E785|Y|E0922|N|E1129|N|T50905|N|E1121|Y|R931|Y|I259|Y|E8881|Y|R7303|Y|E669|Y|O00109|Y|O039|Y|P292|N|Z591|Y|||||||||||||||||||||| | | | | | | | | | | | | | | | | | | | | | |GZ3|27-May-2022|Z741|27-May-2022|F419|27-May-2022|Z9181|27-May-2022|Z1331|27-May-2022|Z1331|27-May-2022|F1990|27-May-2022|F109|27-May-2022|||||||||||||||||||||||||||||||||||0|0||8|450|G0442|3.0|2022-05-28T00:00:00|hospital_A|hospital_A_20220527
SYN_BENE_3C21966B16CD|SYN_CLM_08F96D32B0C2|V|60|27-May-2022|27-May-2022|03-Jun-2022||3|030115|1|1|1|| |2350.86|0.0| ||3|1275566200| |9999997494| |9999997494|||0|1| |2350.86|27-May-2022|1|2|A|10|0.0|470.16|0|4|0.0|0.0|0|0|0|0|0|0|0|0|0|0|0|0|0|||||27-May-2022|951.0|0|0||Z733|Z733|N|Z608|Y|E785|Y|E0922|N|E1129|N|T50905|N|E1121|Y|R931|Y|I259|Y|E8881|Y|R7303|Y|E669|Y|O00109|Y|O039|Y|P292|N|Z591|Y|||||||||||||||||||||| | | | | | | | | | | | | | | | | | | | | | |GZ3|27-May-2022|Z741|27-May-2022|F419|27-May-2022|Z9181|27-May-2022|Z1331|27-May-2022|Z1331|27-May-2022|F1990|27-May-2022|F109|27-May-2022|||||||||||||||||||||||||||||||||||0|0||1|450|99495|3.0|2022-05-28T00:00:00|hospital_A|hospital_A_20220527
SYN_BENE_3C21966B16CD|SYN_CLM_08F96D32B0C2|V|60|27-May-2022|27-May-2022|03-Jun-2022||3|030115|1|1|1|| |2350.86|0.0| ||3|1275566200| |9999997494| |9999997494|||0|1| |2350.86|27-May-2022|1|2|A|10|0.0|470.16|0|4|0.0|0.0|0|0|0|0|0|0|0|0|0|0|0|0|0|||||27-May-2022|951.0|0|0||Z733|Z733|N|Z608|Y|E785|Y|E0922|N|E1129|N|T50905|N|E1121|Y|R931|Y|I259|Y|E8881|Y|R7303|Y|E669|Y|O00109|Y|O039|Y|P292|N|Z591|Y|||||||||||||||||||||| | | | | | | | | | | | | | | | | | | | | | |GZ3|27-May-2022|Z741|27-May-2022|F419|27-May-2022|Z9181|27-May-2022|Z1331|27-May-2022|Z1331|27-May-2022|F1990|27-May-2022|F109|27-May-2022|||||||||||||||||||||||||||||||||||0|0||2|450|96156|3.0|2022-05-28T00:00:00|hospital_A|hospital_A_20220527
SYN_BENE_3C21966B16CD|SYN_CLM_08F96D32B0C2|V|60|27-May-2022|27-May-2022|03-Jun-2022||3|030115|1|1|1|| |2350.86|0.0| ||3|1275566200| |9999997494| |9999997494|||0|1| |2350.86|27-May-2022|1|2|A|10|0.0|470.16|0|4|0.0|0.0|0|0|0|0|0|0|0|0|0|0|0|0|0|||||27-May-2022|951.0|0|0||Z733|Z733|N|Z608|Y|E785|Y|E0922|N|E1129|N|T50905|N|E1121|Y|R931|Y|I259|Y|E8881|Y|R7303|Y|E669|Y|O00109|Y|O039|Y|P292|N|Z591|Y|||||||||||||||||||||| | | | | | | | | | | | | | | | | | | | | | |GZ3|27-May-2022|Z741|27-May-2022|F419|27-May-2022|Z9181|27-May-2022|Z1331|27-May-2022|Z1331|27-May-2022|F1990|27-May-2022|F109|27-May-2022|||||||||||||||||||||||||||||||||||0|0||3|450|96127|3.0|2022-05-28T00:00:00|hospital_A|hospital_A_20220527
SYN_BENE_3C21966B16CD|SYN_CLM_08F96D32B0C2|V|60|27-May-2022|27-May-2022|03-Jun-2022||3|030115|1|1|1|| |2350.86|0.0| ||3|1275566200| |9999997494| |9999997494|||0|1| |2350.86|27-May-2022|1|2|A|10|0.0|470.16|0|4|0.0|0.0|0|0|0|0|0|0|0|0|0|0|0|0|0|||||27-May-2022|951.0|0|0||Z733|Z733|N|Z608|Y|E785|Y|E0922|N|E1129|N|T50905|N|E1121|Y|R931|Y|I259|Y|E8881|Y|R7303|Y|E669|Y|O00109|Y|O039|Y|P292|N|Z591|Y|||||||||||||||||||||| | | | | | | | | | | | | | | | | | | | | | |GZ3|27-May-2022|Z741|27-May-2022|F419|27-May-2022|Z9181|27-May-2022|Z1331|27-May-2022|Z1331|27-May-2022|F1990|27-May-2022|F109|27-May-2022|||||||||||||||||||||||||||||||||||0|0||4|450|M1069|3.0|2022-05-28T00:00:00|hospital_A|hospital_A_20220527
SYN_BENE_3C21966B16CD|SYN_CLM_08F96D32B0C2|V|60|27-May-2022|27-May-2022|03-Jun-2022||3|030115|1|1|1|| |2350.86|0.0| ||3|1275566200| |9999997494| |9999997494|||0|1| |2350.86|27-May-2022|1|2|A|10|0.0|470.16|0|4|0.0|0.0|0|0|0|0|0|0|0|0|0|0|0|0|0|||||27-May-2022|951.0|0|0||Z733|Z733|N|Z608|Y|E785|Y|E0922|N|E1129|N|T50905|N|E1121|Y|R931|Y|I259|Y|E8881|Y|R7303|Y|E669|Y|O00109|Y|O039|Y|P292|N|Z591|Y|||||||||||||||||||||| | | | | | | | | | | | | | | | | | | | | | |GZ3|27-May-2022|Z741|27-May-2022|F419|27-May-2022|Z9181|27-May-2022|Z1331|27-May-2022|Z1331|27-May-2022|F1990|27-May-2022|F109|27-May-2022|||||||||||||||||||||||||||||||||||0|0||5|450|G0444|3.0|2022-05-28T00:00:00|hospital_A|hospital_A_20220527
SYN_BENE_3C21966B16CD|SYN_CLM_08F96D32B0C2|V|60|27-May-2022|27-May-2022|03-Jun-2022||3|030115|1|1|1|| |2350.86|0.0| ||3|1275566200| |9999997494| |9999997494|||0|1| |2350.86|27-May-2022|1|2|A|10|0.0|470.16|0|4|0.0|0.0|0|0|0|0|0|0|0|0|0|0|0|0|0|||||27-May-2022|951.0|0|0||Z733|Z733|N|Z608|Y|E785|Y|E0922|N|E1129|N|T50905|N|E1121|Y|R931|Y|I259|Y|E8881|Y|R7303|Y|E669|Y|O00109|Y|O039|Y|P292|N|Z591|Y|||||||||||||||||||||| | | | | | | | | | | | | | | | | | | | | | |GZ3|27-May-2022|Z741|27-May-2022|F419|27-May-2022|Z9181|27-May-2022|Z1331|27-May-2022|Z1331|27-May-2022|F1990|27-May-2022|F109|27-May-2022|||||||||||||||||||||||||||||||||||0|0||6|450|G0444|3.0|2022-05-28T00:00:00|hospital_A|hospital_A_20220527
SYN_BENE_3C21966B16CD|SYN_CLM_08F96D32B0C2|V|60|27-May-2022|27-May-2022|03-Jun-2022||3|030115|1|1|1|| |2350.86|0.0| ||3|1275566200| |9999997494| |9999997494|||0|1| |2350.86|27-May-2022|1|2|A|10|0.0|470.16|0|4|0.0|0.0|0|0|0|0|0|0|0|0|0|0|0|0|0|||||27-May-2022|951.0|0|0||Z733|Z733|N|Z608|Y|E785|Y|E0922|N|E1129|N|T50905|N|E1121|Y|R931|Y|I259|Y|E8881|Y|R7303|Y|E669|Y|O00109|Y|O039|Y|P292|N|Z591|Y|||||||||||||||||||||| | | | | | | | | | | | | | | | | | | | | | |GZ3|27-May-2022|Z741|27-May-2022|F419|27-May-2022|Z9181|27-May-2022|Z1331|27-May-2022|Z1331|27-May-2022|F1990|27-May-2022|F109|27-May-2022|||||||||||||||||||||||||||||||||||0|0||7|450|99408|3.0|2022-05-28T00:00:00|hospital_A|hospital_A_20220527
SYN_BENE_3C21966B16CD|SYN_CLM_08F96D32B0C2|V|60|27-May-2022|27-May-2022|03-Jun-2022||3|030115|1|1|1|| |2350.86|0.0| ||3|1275566200| |9999997494| |9999997494|||0|1| |2350.86|27-May-2022|1|2|A|10|0.0|470.16|0|4|0.0|0.0|0|0|0|0|0|0|0|0|0|0|0|0|0|||||27-May-2022|951.0|0|0||Z733|Z733|N|Z608|Y|E785|Y|E0922|N|E1129|N|T50905|N|E1121|Y|R931|Y|I259|Y|E8881|Y|R7303|Y|E669|Y|O00109|Y|O039|Y|P292|N|Z591|Y|||||||||||||||||||||| | | | | | | | | | | | | | | | | | | | | | |GZ3|27-May-2022|Z741|27-May-2022|F419|27-May-2022|Z9181|27-May-2022|Z1331|27-May-2022|Z1331|27-May-2022|F1990|27-May-2022|F109|27-May-2022|||||||||||||||||||||||||||||||||||0|0||8|450|G0442|3.0|2022-05-28T00:00:00|hospital_A|hospital_A_20220527
SYN_BENE_FC12D7A6C126|SYN_CLM_3E7A9B4C9352|V|60|27-May-2022|27-May-2022|03-Jun-2022||3|030115|1|1|1|| |2350.86|0.0| ||3|1275566200| |9999997494| |9999997494|||0|1| |2350.86|27-May-2022|1|2|A|10|0.0|470.16|0|4|0.0|0.0|0|0|0|0|0|0|0|0|0|0|0|0|0|||||27-May-2022|951.0|0|0||Z733|Z733|N|Z608|Y|E785|Y|E0922|N|E1129|N|T50905|N|E1121|Y|R931|Y|I259|Y|E8881|Y|R7303|Y|E669|Y|O00109|Y|O039|Y|P292|N|Z591|Y|||||||||||||||||||||| | | | | | | | | | | | | | | | | | | | | | |GZ3|27-May-2022|Z741|27-May-2022|F419|27-May-2022|Z9181|27-May-2022|Z1331|27-May-2022|Z1331|27-May-2022|F1990|27-May-2022|F109|27-May-2022|||||||||||||||||||||||||||||||||||0|0||1|450|99495|3.0|2022-05-28T00:00:00|hospital_A|hospital_A_20220527
SYN_BENE_FC12D7A6C126|SYN_CLM_3E7A9B4C9352|V|60|27-May-2022|27-May-2022|03-Jun-2022||3|030115|1|1|1|| |2350.86|0.0| ||3|1275566200| |9999997494| |9999997494|||0|1| |2350.86|27-May-2022|1|2|A|10|0.0|470.16|0|4|0.0|0.0|0|0|0|0|0|0|0|0|0|0|0|0|0|||||27-May-2022|951.0|0|0||Z733|Z733|N|Z608|Y|E785|Y|E0922|N|E1129|N|T50905|N|E1121|Y|R931|Y|I259|Y|E8881|Y|R7303|Y|E669|Y|O00109|Y|O039|Y|P292|N|Z591|Y|||||||||||||||||||||| | | | | | | | | | | | | | | | | | | | | | |GZ3|27-May-2022|Z741|27-May-2022|F419|27-May-2022|Z9181|27-May-2022|Z1331|27-May-2022|Z1331|27-May-2022|F1990|27-May-2022|F109|27-May-2022|||||||||||||||||||||||||||||||||||0|0||2|450|96156|3.0|2022-05-28T00:00:00|hospital_A|hospital_A_20220527
SYN_BENE_FC12D7A6C126|SYN_CLM_3E7A9B4C9352|V|60|27-May-2022|27-May-2022|03-Jun-2022||3|030115|1|1|1|| |2350.86|0.0| ||3|1275566200| |9999997494| |9999997494|||0|1| |2350.86|27-May-2022|1|2|A|10|0.0|470.16|0|4|0.0|0.0|0|0|0|0|0|0|0|0|0|0|0|0|0|||||27-May-2022|951.0|0|0||Z733|Z733|N|Z608|Y|E785|Y|E0922|N|E1129|N|T50905|N|E1121|Y|R931|Y|I259|Y|E8881|Y|R7303|Y|E669|Y|O00109|Y|O039|Y|P292|N|Z591|Y|||||||||||||||||||||| | | | | | | | | | | | | | | | | | | | | | |GZ3|27-May-2022|Z741|27-May-2022|F419|27-May-2022|Z9181|27-May-2022|Z1331|27-May-2022|Z1331|27-May-2022|F1990|27-May-2022|F109|27-May-2022|||||||||||||||||||||||||||||||||||0|0||3|450|96127|3.0|2022-05-28T00:00:00|hospital_A|hospital_A_20220527
SYN_BENE_FC12D7A6C126|SYN_CLM_3E7A9B4C9352|V|60|27-May-2022|27-May-2022|03-Jun-2022||3|030115|1|1|1|| |2350.86|0.0| ||3|1275566200| |9999997494| |9999997494|||0|1| |2350.86|27-May-2022|1|2|A|10|0.0|470.16|0|4|0.0|0.0|0|0|0|0|0|0|0|0|0|0|0|0|0|||||27-May-2022|951.0|0|0||Z733|Z733|N|Z608|Y|E785|Y|E0922|N|E1129|N|T50905|N|E1121|Y|R931|Y|I259|Y|E8881|Y|R7303|Y|E669|Y|O00109|Y|O039|Y|P292|N|Z591|Y|||||||||||||||||||||| | | | | | | | | | | | | | | | | | | | | | |GZ3|27-May-2022|Z741|27-May-2022|F419|27-May-2022|Z9181|27-May-2022|Z1331|27-May-2022|Z1331|27-May-2022|F1990|27-May-2022|F109|27-May-2022|||||||||||||||||||||||||||||||||||0|0||4|450|M1069|3.0|2022-05-28T00:00:00|hospital_A|hospital_A_20220527
SYN_BENE_FC12D7A6C126|SYN_CLM_3E7A9B4C9352|V|60|27-May-2022|27-May-2022|03-Jun-2022||3|030115|1|1|1|| |2350.86|0.0| ||3|1275566200| |9999997494| |9999997494|||0|1| |2350.86|27-May-2022|1|2|A|10|0.0|470.16|0|4|0.0|0.0|0|0|0|0|0|0|0|0|0|0|0|0|0|||||27-May-2022|951.0|0|0||Z733|Z733|N|Z608|Y|E785|Y|E0922|N|E1129|N|T50905|N|E1121|Y|R931|Y|I259|Y|E8881|Y|R7303|Y|E669|Y|O00109|Y|O039|Y|P292|N|Z591|Y|||||||||||||||||||||| | | | | | | | | | | | | | | | | | | | | | |GZ3|27-May-2022|Z741|27-May-2022|F419|27-May-2022|Z9181|27-May-2022|Z1331|27-May-2022|Z1331|27-May-2022|F1990|27-May-2022|F109|27-May-2022|||||||||||||||||||||||||||||||||||0|0||5|450|G0444|3.0|2022-05-28T00:00:00|hospital_A|hospital_A_20220527
SYN_BENE_FC12D7A6C126|SYN_CLM_3E7A9B4C9352|V|60|27-May-2022|27-May-2022|03-Jun-2022||3|030115|1|1|1|| |2350.86|0.0| ||3|1275566200| |9999997494| |9999997494|||0|1| |2350.86|27-May-2022|1|2|A|10|0.0|470.16|0|4|0.0|0.0|0|0|0|0|0|0|0|0|0|0|0|0|0|||||27-May-2022|951.0|0|0||Z733|Z733|N|Z608|Y|E785|Y|E0922|N|E1129|N|T50905|N|E1121|Y|R931|Y|I259|Y|E8881|Y|R7303|Y|E669|Y|O00109|Y|O039|Y|P292|N|Z591|Y|||||||||||||||||||||| | | | | | | | | | | | | | | | | | | | | | |GZ3|27-May-2022|Z741|27-May-2022|F419|27-May-2022|Z9181|27-May-2022|Z1331|27-May-2022|Z1331|27-May-2022|F1990|27-May-2022|F109|27-May-2022|||||||||||||||||||||||||||||||||||0|0||6|450|G0444|3.0|2022-05-28T00:00:00|hospital_A|hospital_A_20220527
SYN_BENE_FC12D7A6C126|SYN_CLM_3E7A9B4C9352|V|60|27-May-2022|27-May-2022|03-Jun-2022||3|030115|1|1|1|| |2350.86|0.0| ||3|1275566200| |9999997494| |9999997494|||0|1| |2350.86|27-May-2022|1|2|A|10|0.0|470.16|0|4|0.0|0.0|0|0|0|0|0|0|0|0|0|0|0|0|0|||||27-May-2022|951.0|0|0||Z733|Z733|N|Z608|Y|E785|Y|E0922|N|E1129|N|T50905|N|E1121|Y|R931|Y|I259|Y|E8881|Y|R7303|Y|E669|Y|O00109|Y|O039|Y|P292|N|Z591|Y|||||||||||||||||||||| | | | | | | | | | | | | | | | | | | | | | |GZ3|27-May-2022|Z741|27-May-2022|F419|27-May-2022|Z9181|27-May-2022|Z1331|27-May-2022|Z1331|27-May-2022|F1990|27-May-2022|F109|27-May-2022|||||||||||||||||||||||||||||||||||0|0||7|450|99408|3.0|2022-05-28T00:00:00|hospital_A|hospital_A_20220527
SYN_BENE_FC12D7A6C126|SYN_CLM_3E7A9B4C9352|V|60|27-May-2022|27-May-2022|03-Jun-2022||3|030115|1|1|1|| |2350.86|0.0| ||3|1275566200| |9999997494| |9999997494|||0|1| |2350.86|27-May-2022|1|2|A|10|0.0|470.16|0|4|0.0|0.0|0|0|0|0|0|0|0|0|0|0|0|0|0|||||27-May-2022|951.0|0|0||Z733|Z733|N|Z608|Y|E785|Y|E0922|N|E1129|N|T50905|N|E1121|Y|R931|Y|I259|Y|E8881|Y|R7303|Y|E669|Y|O00109|Y|O039|Y|P292|N|Z591|Y|||||||||||||||||||||| | | | | | | | | | | | | | | | | | | | | | |GZ3|27-May-2022|Z741|27-May-2022|F419|27-May-2022|Z9181|27-May-2022|Z1331|27-May-2022|Z1331|27-May-2022|F1990|27-May-2022|F109|27-May-2022|||||||||||||||||||||||||||||||||||0|0||8|450|G0442|3.0|2022-05-28T00:00:00|hospital_A|hospital_A_20220527
SYN_BENE_0849F3B782CC|SYN_CLM_517D18A3D8AE|V|60|27-May-2022|27-May-2022|03-Jun-2022||3|030115|1|1|1|| |2350.86|0.0| ||3|1275566200| |9999997494| |9999997494|||0|1| |2350.86|27-May-2022|1|2|A|10|0.0|470.16|0|4|0.0|0.0|0|0|0|0|0|0|0|0|0|0|0|0|0|||||27-May-2022|951.0|0|0||Z733|Z733|N|Z608|Y|E785|Y|E0922|N|E1129|N|T50905|N|E1121|Y|R931|Y|I259|Y|E8881|Y|R7303|Y|E669|Y|O00109|Y|O039|Y|P292|N|Z591|Y|||||||||||||||||||||| | | | | | | | | | | | | | | | | | | | | | |GZ3|27-May-2022|Z741|27-May-2022|F419|27-May-2022|Z9181|27-May-2022|Z1331|27-May-2022|Z1331|27-May-2022|F1990|27-May-2022|F109|27-May-2022|||||||||||||||||||||||||||||||||||0|0||1|450|99495|3.0|2022-05-28T00:00:00|hospital_A|hospital_A_20220527
SYN_BENE_0849F3B782CC|SYN_CLM_517D18A3D8AE|V|60|27-May-2022|27-May-2022|03-Jun-2022||3|030115|1|1|1|| |2350.86|0.0| ||3|1275566200| |9999997494| |9999997494|||0|1| |2350.86|27-May-2022|1|2|A|10|0.0|470.16|0|4|0.0|0.0|0|0|0|0|0|0|0|0|0|0|0|0|0|||||27-May-2022|951.0|0|0||Z733|Z733|N|Z608|Y|E785|Y|E0922|N|E1129|N|T50905|N|E1121|Y|R931|Y|I259|Y|E8881|Y|R7303|Y|E669|Y|O00109|Y|O039|Y|P292|N|Z591|Y|||||||||||||||||||||| | | | | | | | | | | | | | | | | | | | | | |GZ3|27-May-2022|Z741|27-May-2022|F419|27-May-2022|Z9181|27-May-2022|Z1331|27-May-2022|Z1331|27-May-2022|F1990|27-May-2022|F109|27-May-2022|||||||||||||||||||||||||||||||||||0|0||2|450|96156|3.0|2022-05-28T00:00:00|hospital_A|hospital_A_20220527
SYN_BENE_0849F3B782CC|SYN_CLM_517D18A3D8AE|V|60|27-May-2022|27-May-2022|03-Jun-2022||3|030115|1|1|1|| |2350.86|0.0| ||3|1275566200| |9999997494| |9999997494|||0|1| |2350.86|27-May-2022|1|2|A|10|0.0|470.16|0|4|0.0|0.0|0|0|0|0|0|0|0|0|0|0|0|0|0|||||27-May-2022|951.0|0|0||Z733|Z733|N|Z608|Y|E785|Y|E0922|N|E1129|N|T50905|N|E1121|Y|R931|Y|I259|Y|E8881|Y|R7303|Y|E669|Y|O00109|Y|O039|Y|P292|N|Z591|Y|||||||||||||||||||||| | | | | | | | | | | | | | | | | | | | | | |GZ3|27-May-2022|Z741|27-May-2022|F419|27-May-2022|Z9181|27-May-2022|Z1331|27-May-2022|Z1331|27-May-2022|F1990|27-May-2022|F109|27-May-2022|||||||||||||||||||||||||||||||||||0|0||3|450|96127|3.0|2022-05-28T00:00:00|hospital_A|hospital_A_20220527
SYN_BENE_0849F3B782CC|SYN_CLM_517D18A3D8AE|V|60|27-May-2022|27-May-2022|03-Jun-2022||3|030115|1|1|1|| |2350.86|0.0| ||3|1275566200| |9999997494| |9999997494|||0|1| |2350.86|27-May-2022|1|2|A|10|0.0|470.16|0|4|0.0|0.0|0|0|0|0|0|0|0|0|0|0|0|0|0|||||27-May-2022|951.0|0|0||Z733|Z733|N|Z608|Y|E785|Y|E0922|N|E1129|N|T50905|N|E1121|Y|R931|Y|I259|Y|E8881|Y|R7303|Y|E669|Y|O00109|Y|O039|Y|P292|N|Z591|Y|||||||||||||||||||||| | | | | | | | | | | | | | | | | | | | | | |GZ3|27-May-2022|Z741|27-May-2022|F419|27-May-2022|Z9181|27-May-2022|Z1331|27-May-2022|Z1331|27-May-2022|F1990|27-May-2022|F109|27-May-2022|||||||||||||||||||||||||||||||||||0|0||4|450|M1069|3.0|2022-05-28T00:00:00|hospital_A|hospital_A_20220527
SYN_BENE_0849F3B782CC|SYN_CLM_517D18A3D8AE|V|60|27-May-2022|27-May-2022|03-Jun-2022||3|030115|1|1|1|| |2350.86|0.0| ||3|1275566200| |9999997494| |9999997494|||0|1| |2350.86|27-May-2022|1|2|A|10|0.0|470.16|0|4|0.0|0.0|0|0|0|0|0|0|0|0|0|0|0|0|0|||||27-May-2022|951.0|0|0||Z733|Z733|N|Z608|Y|E785|Y|E0922|N|E1129|N|T50905|N|E1121|Y|R931|Y|I259|Y|E8881|Y|R7303|Y|E669|Y|O00109|Y|O039|Y|P292|N|Z591|Y|||||||||||||||||||||| | | | | | | | | | | | | | | | | | | | | | |GZ3|27-May-2022|Z741|27-May-2022|F419|27-May-2022|Z9181|27-May-2022|Z1331|27-May-2022|Z1331|27-May-2022|F1990|27-May-2022|F109|27-May-2022|||||||||||||||||||||||||||||||||||0|0||5|450|G0444|3.0|2022-05-28T00:00:00|hospital_A|hospital_A_20220527
SYN_BENE_0849F3B782CC|SYN_CLM_517D18A3D8AE|V|60|27-May-2022|27-May-2022|03-Jun-2022||3|030115|1|1|1|| |2350.86|0.0| ||3|1275566200| |9999997494| |9999997494|||0|1| |2350.86|27-May-2022|1|2|A|10|0.0|470.16|0|4|0.0|0.0|0|0|0|0|0|0|0|0|0|0|0|0|0|||||27-May-2022|951.0|0|0||Z733|Z733|N|Z608|Y|E785|Y|E0922|N|E1129|N|T50905|N|E1121|Y|R931|Y|I259|Y|E8881|Y|R7303|Y|E669|Y|O00109|Y|O039|Y|P292|N|Z591|Y|||||||||||||||||||||| | | | | | | | | | | | | | | | | | | | | | |GZ3|27-May-2022|Z741|27-May-2022|F419|27-May-2022|Z9181|27-May-2022|Z1331|27-May-2022|Z1331|27-May-2022|F1990|27-May-2022|F109|27-May-2022|||||||||||||||||||||||||||||||||||0|0||6|450|G0444|3.0|2022-05-28T00:00:00|hospital_A|hospital_A_20220527
SYN_BENE_0849F3B782CC|SYN_CLM_517D18A3D8AE|V|60|27-May-2022|27-May-2022|03-Jun-2022||3|030115|1|1|1|| |2350.86|0.0| ||3|1275566200| |9999997494| |9999997494|||0|1| |2350.86|27-May-2022|1|2|A|10|0.0|470.16|0|4|0.0|0.0|0|0|0|0|0|0|0|0|0|0|0|0|0|||||27-May-2022|951.0|0|0||Z733|Z733|N|Z608|Y|E785|Y|E0922|N|E1129|N|T50905|N|E1121|Y|R931|Y|I259|Y|E8881|Y|R7303|Y|E669|Y|O00109|Y|O039|Y|P292|N|Z591|Y|||||||||||||||||||||| | | | | | | | | | | | | | | | | | | | | | |GZ3|27-May-2022|Z741|27-May-2022|F419|27-May-2022|Z9181|27-May-2022|Z1331|27-May-2022|Z1331|27-May-2022|F1990|27-May-2022|F109|27-May-2022|||||||||||||||||||||||||||||||||||0|0||7|450|99408|3.0|2022-05-28T00:00:00|hospital_A|hospital_A_20220527
SYN_BENE_0849F3B782CC|SYN_CLM_517D18A3D8AE|V|60|27-May-2022|27-May-2022|03-Jun-2022||3|030115|1|1|1|| |2350.86|0.0| ||3|1275566200| |9999997494| |9999997494|||0|1| |2350.86|27-May-2022|1|2|A|10|0.0|470.16|0|4|0.0|0.0|0|0|0|0|0|0|0|0|0|0|0|0|0|||||27-May-2022|951.0|0|0||Z733|Z733|N|Z608|Y|E785|Y|E0922|N|E1129|N|T50905|N|E1121|Y|R931|Y|I259|Y|E8881|Y|R7303|Y|E669|Y|O00109|Y|O039|Y|P292|N|Z591|Y|||||||||||||||||||||| | | | | | | | | | | | | | | | | | | | | | |GZ3|27-May-2022|Z741|27-May-2022|F419|27-May-2022|Z9181|27-May-2022|Z1331|27-May-2022|Z1331|27-May-2022|F1990|27-May-2022|F109|27-May-2022|||||||||||||||||||||||||||||||||||0|0||8|450|G0442|3.0|2022-05-28T00:00:00|hospital_A|hospital_A_20220527
SYN_BENE_86132917E581|SYN_CLM_97BB0A2CF8D1|V|60|27-May-2022|27-May-2022|03-Jun-2022||3|030115|1|1|1|| |2350.86|0.0| ||3|1275566200| |9999997494| |9999997494|||0|1| |2350.86|27-May-2022|1|2|A|10|0.0|470.16|0|4|0.0|0.0|0|0|0|0|0|0|0|0|0|0|0|0|0|||||27-May-2022|951.0|0|0||Z733|Z733|N|Z608|Y|E785|Y|E0922|N|E1129|N|T50905|N|E1121|Y|R931|Y|I259|Y|E8881|Y|R7303|Y|E669|Y|O00109|Y|O039|Y|P292|N|Z591|Y|||||||||||||||||||||| | | | | | | | | | | | | | | | | | | | | | |GZ3|27-May-2022|Z741|27-May-2022|F419|27-May-2022|Z9181|27-May-2022|Z1331|27-May-2022|Z1331|27-May-2022|F1990|27-May-2022|F109|27-May-2022|||||||||||||||||||||||||||||||||||0|0||1|450|99495|3.0|2022-05-28T00:00:00|hospital_A|hospital_A_20220527
SYN_BENE_86132917E581|SYN_CLM_97BB0A2CF8D1|V|60|27-May-2022|27-May-2022|03-Jun-2022||3|030115|1|1|1|| |2350.86|0.0| ||3|1275566200| |9999997494| |9999997494|||0|1| |2350.86|27-May-2022|1|2|A|10|0.0|470.16|0|4|0.0|0.0|0|0|0|0|0|0|0|0|0|0|0|0|0|||||27-May-2022|951.0|0|0||Z733|Z733|N|Z608|Y|E785|Y|E0922|N|E1129|N|T50905|N|E1121|Y|R931|Y|I259|Y|E8881|Y|R7303|Y|E669|Y|O00109|Y|O039|Y|P292|N|Z591|Y|||||||||||||||||||||| | | | | | | | | | | | | | | | | | | | | | |GZ3|27-May-2022|Z741|27-May-2022|F419|27-May-2022|Z9181|27-May-2022|Z1331|27-May-2022|Z1331|27-May-2022|F1990|27-May-2022|F109|27-May-2022|||||||||||||||||||||||||||||||||||0|0||2|450|96156|3.0|2022-05-28T00:00:00|hospital_A|hospital_A_20220527
SYN_BENE_86132917E581|SYN_CLM_97BB0A2CF8D1|V|60|27-May-2022|27-May-2022|03-Jun-2022||3|030115|1|1|1|| |2350.86|0.0| ||3|1275566200| |9999997494| |9999997494|||0|1| |2350.86|27-May-2022|1|2|A|10|0.0|470.16|0|4|0.0|0.0|0|0|0|0|0|0|0|0|0|0|0|0|0|||||27-May-2022|951.0|0|0||Z733|Z733|N|Z608|Y|E785|Y|E0922|N|E1129|N|T50905|N|E1121|Y|R931|Y|I259|Y|E8881|Y|R7303|Y|E669|Y|O00109|Y|O039|Y|P292|N|Z591|Y|||||||||||||||||||||| | | | | | | | | | | | | | | | | | | | | | |GZ3|27-May-2022|Z741|27-May-2022|F419|27-May-2022|Z9181|27-May-2022|Z1331|27-May-2022|Z1331|27-May-2022|F1990|27-May-2022|F109|27-May-2022|||||||||||||||||||||||||||||||||||0|0||3|450|96127|3.0|2022-05-28T00:00:00|hospital_A|hospital_A_20220527
SYN_BENE_86132917E581|SYN_CLM_97BB0A2CF8D1|V|60|27-May-2022|27-May-2022|03-Jun-2022||3|030115|1|1|1|| |2350.86|0.0| ||3|1275566200| |9999997494| |9999997494|||0|1| |2350.86|27-May-2022|1|2|A|10|0.0|470.16|0|4|0.0|0.0|0|0|0|0|0|0|0|0|0|0|0|0|0|||||27-May-2022|951.0|0|0||Z733|Z733|N|Z608|Y|E785|Y|E0922|N|E1129|N|T50905|N|E1121|Y|R931|Y|I259|Y|E8881|Y|R7303|Y|E669|Y|O00109|Y|O039|Y|P292|N|Z591|Y|||||||||||||||||||||| | | | | | | | | | | | | | | | | | | | | | |GZ3|27-May-2022|Z741|27-May-2022|F419|27-May-2022|Z9181|27-May-2022|Z1331|27-May-2022|Z1331|27-May-2022|F1990|27-May-2022|F109|27-May-2022|||||||||||||||||||||||||||||||||||0|0||4|450|M1069|3.0|2022-05-28T00:00:00|hospital_A|hospital_A_20220527
SYN_BENE_86132917E581|SYN_CLM_97BB0A2CF8D1|V|60|27-May-2022|27-May-2022|03-Jun-2022||3|030115|1|1|1|| |2350.86|0.0| ||3|1275566200| |9999997494| |9999997494|||0|1| |2350.86|27-May-2022|1|2|A|10|0.0|470.16|0|4|0.0|0.0|0|0|0|0|0|0|0|0|0|0|0|0|0|||||27-May-2022|951.0|0|0||Z733|Z733|N|Z608|Y|E785|Y|E0922|N|E1129|N|T50905|N|E1121|Y|R931|Y|I259|Y|E8881|Y|R7303|Y|E669|Y|O00109|Y|O039|Y|P292|N|Z591|Y|||||||||||||||||||||| | | | | | | | | | | | | | | | | | | | | | |GZ3|27-May-2022|Z741|27-May-2022|F419|27-May-2022|Z9181|27-May-2022|Z1331|27-May-2022|Z1331|27-May-2022|F1990|27-May-2022|F109|27-May-2022|||||||||||||||||||||||||||||||||||0|0||5|450|G0444|3.0|2022-05-28T00:00:00|hospital_A|hospital_A_20220527
SYN_BENE_86132917E581|SYN_CLM_97BB0A2CF8D1|V|60|27-May-2022|27-May-2022|03-Jun-2022||3|030115|1|1|1|| |2350.86|0.0| ||3|1275566200| |9999997494| |9999997494|||0|1| |2350.86|27-May-2022|1|2|A|10|0.0|470.16|0|4|0.0|0.0|0|0|0|0|0|0|0|0|0|0|0|0|0|||||27-May-2022|951.0|0|0||Z733|Z733|N|Z608|Y|E785|Y|E0922|N|E1129|N|T50905|N|E1121|Y|R931|Y|I259|Y|E8881|Y|R7303|Y|E669|Y|O00109|Y|O039|Y|P292|N|Z591|Y|||||||||||||||||||||| | | | | | | | | | | | | | | | | | | | | | |GZ3|27-May-2022|Z741|27-May-2022|F419|27-May-2022|Z9181|27-May-2022|Z1331|27-May-2022|Z1331|27-May-2022|F1990|27-May-2022|F109|27-May-2022|||||||||||||||||||||||||||||||||||0|0||6|450|G0444|3.0|2022-05-28T00:00:00|hospital_A|hospital_A_20220527
SYN_BENE_86132917E581|SYN_CLM_97BB0A2CF8D1|V|60|27-May-2022|27-May-2022|03-Jun-2022||3|030115|1|1|1|| |2350.86|0.0| ||3|1275566200| |9999997494| |9999997494|||0|1| |2350.86|27-May-2022|1|2|A|10|0.0|470.16|0|4|0.0|0.0|0|0|0|0|0|0|0|0|0|0|0|0|0|||||27-May-2022|951.0|0|0||Z733|Z733|N|Z608|Y|E785|Y|E0922|N|E1129|N|T50905|N|E1121|Y|R931|Y|I259|Y|E8881|Y|R7303|Y|E669|Y|O00109|Y|O039|Y|P292|N|Z591|Y|||||||||||||||||||||| | | | | | | | | | | | | | | | | | | | | | |GZ3|27-May-2022|Z741|27-May-2022|F419|27-May-2022|Z9181|27-May-2022|Z1331|27-May-2022|Z1331|27-May-2022|F1990|27-May-2022|F109|27-May-2022|||||||||||||||||||||||||||||||||||0|0||7|450|99408|3.0|2022-05-28T00:00:00|hospital_A|hospital_A_20220527
SYN_BENE_86132917E581|SYN_CLM_97BB0A2CF8D1|V|60|27-May-2022|27-May-2022|03-Jun-2022||3|030115|1|1|1|| |2350.86|0.0| ||3|1275566200| |9999997494| |9999997494|||0|1| |2350.86|27-May-2022|1|2|A|10|0.0|470.16|0|4|0.0|0.0|0|0|0|0|0|0|0|0|0|0|0|0|0|||||27-May-2022|951.0|0|0||Z733|Z733|N|Z608|Y|E785|Y|E0922|N|E1129|N|T50905|N|E1121|Y|R931|Y|I259|Y|E8881|Y|R7303|Y|E669|Y|O00109|Y|O039|Y|P292|N|Z591|Y|||||||||||||||||||||| | | | | | | | | | | | | | | | | | | | | | |GZ3|27-May-2022|Z741|27-May-2022|F419|27-May-2022|Z9181|27-May-2022|Z1331|27-May-2022|Z1331|27-May-2022|F1990|27-May-2022|F109|27-May-2022|||||||||||||||||||||||||||||||||||0|0||8|450|G0442|3.0|2022-05-28T00:00:00|hospital_A|hospital_A_20220527
SYN_BENE_BF102ADD2D8B|SYN_CLM_35029FEDCB5F|V|60|27-May-2022|27-May-2022|03-Jun-2022||3|030115|1|1|1|| |2350.86|0.0| ||3|1275566200| |9999997494| |9999997494|||0|1| |2350.86|27-May-2022|1|2|A|10|0.0|470.16|0|4|0.0|0.0|0|0|0|0|0|0|0|0|0|0|0|0|0|||||27-May-2022|951.0|0|0||Z733|Z733|N|Z608|Y|E785|Y|E0922|N|E1129|N|T50905|N|E1121|Y|R931|Y|I259|Y|E8881|Y|R7303|Y|E669|Y|O00109|Y|O039|Y|P292|N|Z591|Y|||||||||||||||||||||| | | | | | | | | | | | | | | | | | | | | | |GZ3|27-May-2022|Z741|27-May-2022|F419|27-May-2022|Z9181|27-May-2022|Z1331|27-May-2022|Z1331|27-May-2022|F1990|27-May-2022|F109|27-May-2022|||||||||||||||||||||||||||||||||||0|0||1|450|99495|3.0|2022-05-28T00:00:00|hospital_A|hospital_A_20220527
SYN_BENE_BF102ADD2D8B|SYN_CLM_35029FEDCB5F|V|60|27-May-2022|27-May-2022|03-Jun-2022||3|030115|1|1|1|| |2350.86|0.0| ||3|1275566200| |9999997494| |9999997494|||0|1| |2350.86|27-May-2022|1|2|A|10|0.0|470.16|0|4|0.0|0.0|0|0|0|0|0|0|0|0|0|0|0|0|0|||||27-May-2022|951.0|0|0||Z733|Z733|N|Z608|Y|E785|Y|E0922|N|E1129|N|T50905|N|E1121|Y|R931|Y|I259|Y|E8881|Y|R7303|Y|E669|Y|O00109|Y|O039|Y|P292|N|Z591|Y|||||||||||||||||||||| | | | | | | | | | | | | | | | | | | | | | |GZ3|27-May-2022|Z741|27-May-2022|F419|27-May-2022|Z9181|27-May-2022|Z1331|27-May-2022|Z1331|27-May-2022|F1990|27-May-2022|F109|27-May-2022|||||||||||||||||||||||||||||||||||0|0||2|450|96156|3.0|2022-05-28T00:00:00|hospital_A|hospital_A_20220527
SYN_BENE_BF102ADD2D8B|SYN_CLM_35029FEDCB5F|V|60|27-May-2022|27-May-2022|03-Jun-2022||3|030115|1|1|1|| |2350.86|0.0| ||3|1275566200| |9999997494| |9999997494|||0|1| |2350.86|27-May-2022|1|2|A|10|0.0|470.16|0|4|0.0|0.0|0|0|0|0|0|0|0|0|0|0|0|0|0|||||27-May-2022|951.0|0|0||Z733|Z733|N|Z608|Y|E785|Y|E0922|N|E1129|N|T50905|N|E1121|Y|R931|Y|I259|Y|E8881|Y|R7303|Y|E669|Y|O00109|Y|O039|Y|P292|N|Z591|Y|||||||||||||||||||||| | | | | | | | | | | | | | | | | | | | | | |GZ3|27-May-2022|Z741|27-May-2022|F419|27-May-2022|Z9181|27-May-2022|Z1331|27-May-2022|Z1331|27-May-2022|F1990|27-May-2022|F109|27-May-2022|||||||||||||||||||||||||||||||||||0|0||3|450|96127|3.0|2022-05-28T00:00:00|hospital_A|hospital_A_20220527
SYN_BENE_BF102ADD2D8B|SYN_CLM_35029FEDCB5F|V|60|27-May-2022|27-May-2022|03-Jun-2022||3|030115|1|1|1|| |2350.86|0.0| ||3|1275566200| |9999997494| |9999997494|||0|1| |2350.86|27-May-2022|1|2|A|10|0.0|470.16|0|4|0.0|0.0|0|0|0|0|0|0|0|0|0|0|0|0|0|||||27-May-2022|951.0|0|0||Z733|Z733|N|Z608|Y|E785|Y|E0922|N|E1129|N|T50905|N|E1121|Y|R931|Y|I259|Y|E8881|Y|R7303|Y|E669|Y|O00109|Y|O039|Y|P292|N|Z591|Y|||||||||||||||||||||| | | | | | | | | | | | | | | | | | | | | | |GZ3|27-May-2022|Z741|27-May-2022|F419|27-May-2022|Z9181|27-May-2022|Z1331|27-May-2022|Z1331|27-May-2022|F1990|27-May-2022|F109|27-May-2022|||||||||||||||||||||||||||||||||||0|0||4|450|M1069|3.0|2022-05-28T00:00:00|hospital_A|hospital_A_20220527
SYN_BENE_BF102ADD2D8B|SYN_CLM_35029FEDCB5F|V|60|27-May-2022|27-May-2022|03-Jun-2022||3|030115|1|1|1|| |2350.86|0.0| ||3|1275566200| |9999997494| |9999997494|||0|1| |2350.86|27-May-2022|1|2|A|10|0.0|470.16|0|4|0.0|0.0|0|0|0|0|0|0|0|0|0|0|0|0|0|||||27-May-2022|951.0|0|0||Z733|Z733|N|Z608|Y|E785|Y|E0922|N|E1129|N|T50905|N|E1121|Y|R931|Y|I259|Y|E8881|Y|R7303|Y|E669|Y|O00109|Y|O039|Y|P292|N|Z591|Y|||||||||||||||||||||| | | | | | | | | | | | | | | | | | | | | | |GZ3|27-May-2022|Z741|27-May-2022|F419|27-May-2022|Z9181|27-May-2022|Z1331|27-May-2022|Z1331|27-May-2022|F1990|27-May-2022|F109|27-May-2022|||||||||||||||||||||||||||||||||||0|0||5|450|G0444|3.0|2022-05-28T00:00:00|hospital_A|hospital_A_20220527
SYN_BENE_BF102ADD2D8B|SYN_CLM_35029FEDCB5F|V|60|27-May-2022|27-May-2022|03-Jun-2022||3|030115|1|1|1|| |2350.86|0.0| ||3|1275566200| |9999997494| |9999997494|||0|1| |2350.86|27-May-2022|1|2|A|10|0.0|470.16|0|4|0.0|0.0|0|0|0|0|0|0|0|0|0|0|0|0|0|||||27-May-2022|951.0|0|0||Z733|Z733|N|Z608|Y|E785|Y|E0922|N|E1129|N|T50905|N|E1121|Y|R931|Y|I259|Y|E8881|Y|R7303|Y|E669|Y|O00109|Y|O039|Y|P292|N|Z591|Y|||||||||||||||||||||| | | | | | | | | | | | | | | | | | | | | | |GZ3|27-May-2022|Z741|27-May-2022|F419|27-May-2022|Z9181|27-May-2022|Z1331|27-May-2022|Z1331|27-May-2022|F1990|27-May-2022|F109|27-May-2022|||||||||||||||||||||||||||||||||||0|0||6|450|G0444|3.0|2022-05-28T00:00:00|hospital_A|hospital_A_20220527
SYN_BENE_BF102ADD2D8B|SYN_CLM_35029FEDCB5F|V|60|27-May-2022|27-May-2022|03-Jun-2022||3|030115|1|1|1|| |2350.86|0.0| ||3|1275566200| |9999997494| |9999997494|||0|1| |2350.86|27-May-2022|1|2|A|10|0.0|470.16|0|4|0.0|0.0|0|0|0|0|0|0|0|0|0|0|0|0|0|||||27-May-2022|951.0|0|0||Z733|Z733|N|Z608|Y|E785|Y|E0922|N|E1129|N|T50905|N|E1121|Y|R931|Y|I259|Y|E8881|Y|R7303|Y|E669|Y|O00109|Y|O039|Y|P292|N|Z591|Y|||||||||||||||||||||| | | | | | | | | | | | | | | | | | | | | | |GZ3|27-May-2022|Z741|27-May-2022|F419|27-May-2022|Z9181|27-May-2022|Z1331|27-May-2022|Z1331|27-May-2022|F1990|27-May-2022|F109|27-May-2022|||||||||||||||||||||||||||||||||||0|0||7|450|99408|3.0|2022-05-28T00:00:00|hospital_A|hospital_A_20220527
SYN_BENE_BF102ADD2D8B|SYN_CLM_35029FEDCB5F|V|60|27-May-2022|27-May-2022|03-Jun-2022||3|030115|1|1|1|| |2350.86|0.0| ||3|1275566200| |9999997494| |9999997494|||0|1| |2350.86|27-May-2022|1|2|A|10|0.0|470.16|0|4|0.0|0.0|0|0|0|0|0|0|0|0|0|0|0|0|0|||||27-May-2022|951.0|0|0||Z733|Z733|N|Z608|Y|E785|Y|E0922|N|E1129|N|T50905|N|E1121|Y|R931|Y|I259|Y|E8881|Y|R7303|Y|E669|Y|O00109|Y|O039|Y|P292|N|Z591|Y|||||||||||||||||||||| | | | | | | | | | | | | | | | | | | | | | |GZ3|27-May-2022|Z741|27-May-2022|F419|27-May-2022|Z9181|27-May-2022|Z1331|27-May-2022|Z1331|27-May-2022|F1990|27-May-2022|F109|27-May-2022|||||||||||||||||||||||||||||||||||0|0||8|450|G0442|3.0|2022-05-28T00:00:00|hospital_A|hospital_A_20220527
SYN_BENE_D41C1895940D|SYN_CLM_E6ED5B200EA4|V|60|27-May-2022|27-May-2022|03-Jun-2022||3|030115|1|1|1|| |2350.86|0.0| ||3|1275566200| |9999997494| |9999997494|||0|1| |2350.86|27-May-2022|1|2|A|10|0.0|470.16|0|4|0.0|0.0|0|0|0|0|0|0|0|0|0|0|0|0|0|||||27-May-2022|951.0|0|0||Z733|Z733|N|Z608|Y|E785|Y|E0922|N|E1129|N|T50905|N|E1121|Y|R931|Y|I259|Y|E8881|Y|R7303|Y|E669|Y|O00109|Y|O039|Y|P292|N|Z591|Y|||||||||||||||||||||| | | | | | | | | | | | | | | | | | | | | | |GZ3|27-May-2022|Z741|27-May-2022|F419|27-May-2022|Z9181|27-May-2022|Z1331|27-May-2022|Z1331|27-May-2022|F1990|27-May-2022|F109|27-May-2022|||||||||||||||||||||||||||||||||||0|0||1|450|99495|3.0|2022-05-28T00:00:00|hospital_A|hospital_A_20220527
SYN_BENE_D41C1895940D|SYN_CLM_E6ED5B200EA4|V|60|27-May-2022|27-May-2022|03-Jun-2022||3|030115|1|1|1|| |2350.86|0.0| ||3|1275566200| |9999997494| |9999997494|||0|1| |2350.86|27-May-2022|1|2|A|10|0.0|470.16|0|4|0.0|0.0|0|0|0|0|0|0|0|0|0|0|0|0|0|||||27-May-2022|951.0|0|0||Z733|Z733|N|Z608|Y|E785|Y|E0922|N|E1129|N|T50905|N|E1121|Y|R931|Y|I259|Y|E8881|Y|R7303|Y|E669|Y|O00109|Y|O039|Y|P292|N|Z591|Y|||||||||||||||||||||| | | | | | | | | | | | | | | | | | | | | | |GZ3|27-May-2022|Z741|27-May-2022|F419|27-May-2022|Z9181|27-May-2022|Z1331|27-May-2022|Z1331|27-May-2022|F1990|27-May-2022|F109|27-May-2022|||||||||||||||||||||||||||||||||||0|0||2|450|96156|3.0|2022-05-28T00:00:00|hospital_A|hospital_A_20220527
SYN_BENE_D41C1895940D|SYN_CLM_E6ED5B200EA4|V|60|27-May-2022|27-May-2022|03-Jun-2022||3|030115|1|1|1|| |2350.86|0.0| ||3|1275566200| |9999997494| |9999997494|||0|1| |2350.86|27-May-2022|1|2|A|10|0.0|470.16|0|4|0.0|0.0|0|0|0|0|0|0|0|0|0|0|0|0|0|||||27-May-2022|951.0|0|0||Z733|Z733|N|Z608|Y|E785|Y|E0922|N|E1129|N|T50905|N|E1121|Y|R931|Y|I259|Y|E8881|Y|R7303|Y|E669|Y|O00109|Y|O039|Y|P292|N|Z591|Y|||||||||||||||||||||| | | | | | | | | | | | | | | | | | | | | | |GZ3|27-May-2022|Z741|27-May-2022|F419|27-May-2022|Z9181|27-May-2022|Z1331|27-May-2022|Z1331|27-May-2022|F1990|27-May-2022|F109|27-May-2022|||||||||||||||||||||||||||||||||||0|0||3|450|96127|3.0|2022-05-28T00:00:00|hospital_A|hospital_A_20220527
SYN_BENE_D41C1895940D|SYN_CLM_E6ED5B200EA4|V|60|27-May-2022|27-May-2022|03-Jun-2022||3|030115|1|1|1|| |2350.86|0.0| ||3|1275566200| |9999997494| |9999997494|||0|1| |2350.86|27-May-2022|1|2|A|10|0.0|470.16|0|4|0.0|0.0|0|0|0|0|0|0|0|0|0|0|0|0|0|||||27-May-2022|951.0|0|0||Z733|Z733|N|Z608|Y|E785|Y|E0922|N|E1129|N|T50905|N|E1121|Y|R931|Y|I259|Y|E8881|Y|R7303|Y|E669|Y|O00109|Y|O039|Y|P292|N|Z591|Y|||||||||||||||||||||| | | | | | | | | | | | | | | | | | | | | | |GZ3|27-May-2022|Z741|27-May-2022|F419|27-May-2022|Z9181|27-May-2022|Z1331|27-May-2022|Z1331|27-May-2022|F1990|27-May-2022|F109|27-May-2022|||||||||||||||||||||||||||||||||||0|0||4|450|M1069|3.0|2022-05-28T00:00:00|hospital_A|hospital_A_20220527
SYN_BENE_D41C1895940D|SYN_CLM_E6ED5B200EA4|V|60|27-May-2022|27-May-2022|03-Jun-2022||3|030115|1|1|1|| |2350.86|0.0| ||3|1275566200| |9999997494| |9999997494|||0|1| |2350.86|27-May-2022|1|2|A|10|0.0|470.16|0|4|0.0|0.0|0|0|0|0|0|0|0|0|0|0|0|0|0|||||27-May-2022|951.0|0|0||Z733|Z733|N|Z608|Y|E785|Y|E0922|N|E1129|N|T50905|N|E1121|Y|R931|Y|I259|Y|E8881|Y|R7303|Y|E669|Y|O00109|Y|O039|Y|P292|N|Z591|Y|||||||||||||||||||||| | | | | | | | | | | | | | | | | | | | | | |GZ3|27-May-2022|Z741|27-May-2022|F419|27-May-2022|Z9181|27-May-2022|Z1331|27-May-2022|Z1331|27-May-2022|F1990|27-May-2022|F109|27-May-2022|||||||||||||||||||||||||||||||||||0|0||5|450|G0444|3.0|2022-05-28T00:00:00|hospital_A|hospital_A_20220527
SYN_BENE_D41C1895940D|SYN_CLM_E6ED5B200EA4|V|60|27-May-2022|27-May-2022|03-Jun-2022||3|030115|1|1|1|| |2350.86|0.0| ||3|1275566200| |9999997494| |9999997494|||0|1| |2350.86|27-May-2022|1|2|A|10|0.0|470.16|0|4|0.0|0.0|0|0|0|0|0|0|0|0|0|0|0|0|0|||||27-May-2022|951.0|0|0||Z733|Z733|N|Z608|Y|E785|Y|E0922|N|E1129|N|T50905|N|E1121|Y|R931|Y|I259|Y|E8881|Y|R7303|Y|E669|Y|O00109|Y|O039|Y|P292|N|Z591|Y|||||||||||||||||||||| | | | | | | | | | | | | | | | | | | | | | |GZ3|27-May-2022|Z741|27-May-2022|F419|27-May-2022|Z9181|27-May-2022|Z1331|27-May-2022|Z1331|27-May-2022|F1990|27-May-2022|F109|27-May-2022|||||||||||||||||||||||||||||||||||0|0||6|450|G0444|3.0|2022-05-28T00:00:00|hospital_A|hospital_A_20220527
SYN_BENE_D41C1895940D|SYN_CLM_E6ED5B200EA4|V|60|27-May-2022|27-May-2022|03-Jun-2022||3|030115|1|1|1|| |2350.86|0.0| ||3|1275566200| |9999997494| |9999997494|||0|1| |2350.86|27-May-2022|1|2|A|10|0.0|470.16|0|4|0.0|0.0|0|0|0|0|0|0|0|0|0|0|0|0|0|||||27-May-2022|951.0|0|0||Z733|Z733|N|Z608|Y|E785|Y|E0922|N|E1129|N|T50905|N|E1121|Y|R931|Y|I259|Y|E8881|Y|R7303|Y|E669|Y|O00109|Y|O039|Y|P292|N|Z591|Y|||||||||||||||||||||| | | | | | | | | | | | | | | | | | | | | | |GZ3|27-May-2022|Z741|27-May-2022|F419|27-May-2022|Z9181|27-May-2022|Z1331|27-May-2022|Z1331|27-May-2022|F1990|27-May-2022|F109|27-May-2022|||||||||||||||||||||||||||||||||||0|0||7|450|99408|3.0|2022-05-28T00:00:00|hospital_A|hospital_A_20220527
SYN_BENE_D41C1895940D|SYN_CLM_E6ED5B200EA4|V|60|27-May-2022|27-May-2022|03-Jun-2022||3|030115|1|1|1|| |2350.86|0.0| ||3|1275566200| |9999997494| |9999997494|||0|1| |2350.86|27-May-2022|1|2|A|10|0.0|470.16|0|4|0.0|0.0|0|0|0|0|0|0|0|0|0|0|0|0|0|||||27-May-2022|951.0|0|0||Z733|Z733|N|Z608|Y|E785|Y|E0922|N|E1129|N|T50905|N|E1121|Y|R931|Y|I259|Y|E8881|Y|R7303|Y|E669|Y|O00109|Y|O039|Y|P292|N|Z591|Y|||||||||||||||||||||| | | | | | | | | | | | | | | | | | | | | | |GZ3|27-May-2022|Z741|27-May-2022|F419|27-May-2022|Z9181|27-May-2022|Z1331|27-May-2022|Z1331|27-May-2022|F1990|27-May-2022|F109|27-May-2022|||||||||||||||||||||||||||||||||||0|0||8|450|G0442|3.0|2022-05-28T00:00:00|hospital_A|hospital_A_20220527
SYN_BENE_E1003C08FB9E|SYN_CLM_EE3205609889|V|60|27-May-2022|27-May-2022|03-Jun-2022||3|030115|1|1|1|| |2350.86|0.0| ||3|1275566200| |9999997494| |9999997494|||0|1| |2350.86|27-May-2022|1|2|A|10|0.0|470.16|0|4|0.0|0.0|0|0|0|0|0|0|0|0|0|0|0|0|0|||||27-May-2022|951.0|0|0||Z733|Z733|N|Z608|Y|E785|Y|E0922|N|E1129|N|T50905|N|E1121|Y|R931|Y|I259|Y|E8881|Y|R7303|Y|E669|Y|O00109|Y|O039|Y|P292|N|Z591|Y|||||||||||||||||||||| | | | | | | | | | | | | | | | | | | | | | |GZ3|27-May-2022|Z741|27-May-2022|F419|27-May-2022|Z9181|27-May-2022|Z1331|27-May-2022|Z1331|27-May-2022|F1990|27-May-2022|F109|27-May-2022|||||||||||||||||||||||||||||||||||0|0||1|450|99495|3.0|2022-05-28T00:00:00|hospital_A|hospital_A_20220527
SYN_BENE_E1003C08FB9E|SYN_CLM_EE3205609889|V|60|27-May-2022|27-May-2022|03-Jun-2022||3|030115|1|1|1|| |2350.86|0.0| ||3|1275566200| |9999997494| |9999997494|||0|1| |2350.86|27-May-2022|1|2|A|10|0.0|470.16|0|4|0.0|0.0|0|0|0|0|0|0|0|0|0|0|0|0|0|||||27-May-2022|951.0|0|0||Z733|Z733|N|Z608|Y|E785|Y|E0922|N|E1129|N|T50905|N|E1121|Y|R931|Y|I259|Y|E8881|Y|R7303|Y|E669|Y|O00109|Y|O039|Y|P292|N|Z591|Y|||||||||||||||||||||| | | | | | | | | | | | | | | | | | | | | | |GZ3|27-May-2022|Z741|27-May-2022|F419|27-May-2022|Z9181|27-May-2022|Z1331|27-May-2022|Z1331|27-May-2022|F1990|27-May-2022|F109|27-May-2022|||||||||||||||||||||||||||||||||||0|0||2|450|96156|3.0|2022-05-28T00:00:00|hospital_A|hospital_A_20220527
SYN_BENE_E1003C08FB9E|SYN_CLM_EE3205609889|V|60|27-May-2022|27-May-2022|03-Jun-2022||3|030115|1|1|1|| |2350.86|0.0| ||3|1275566200| |9999997494| |9999997494|||0|1| |2350.86|27-May-2022|1|2|A|10|0.0|470.16|0|4|0.0|0.0|0|0|0|0|0|0|0|0|0|0|0|0|0|||||27-May-2022|951.0|0|0||Z733|Z733|N|Z608|Y|E785|Y|E0922|N|E1129|N|T50905|N|E1121|Y|R931|Y|I259|Y|E8881|Y|R7303|Y|E669|Y|O00109|Y|O039|Y|P292|N|Z591|Y|||||||||||||||||||||| | | | | | | | | | | | | | | | | | | | | | |GZ3|27-May-2022|Z741|27-May-2022|F419|27-May-2022|Z9181|27-May-2022|Z1331|27-May-2022|Z1331|27-May-2022|F1990|27-May-2022|F109|27-May-2022|||||||||||||||||||||||||||||||||||0|0||3|450|96127|3.0|2022-05-28T00:00:00|hospital_A|hospital_A_20220527
SYN_BENE_E1003C08FB9E|SYN_CLM_EE3205609889|V|60|27-May-2022|27-May-2022|03-Jun-2022||3|030115|1|1|1|| |2350.86|0.0| ||3|1275566200| |9999997494| |9999997494|||0|1| |2350.86|27-May-2022|1|2|A|10|0.0|470.16|0|4|0.0|0.0|0|0|0|0|0|0|0|0|0|0|0|0|0|||||27-May-2022|951.0|0|0||Z733|Z733|N|Z608|Y|E785|Y|E0922|N|E1129|N|T50905|N|E1121|Y|R931|Y|I259|Y|E8881|Y|R7303|Y|E669|Y|O00109|Y|O039|Y|P292|N|Z591|Y|||||||||||||||||||||| | | | | | | | | | | | | | | | | | | | | | |GZ3|27-May-2022|Z741|27-May-2022|F419|27-May-2022|Z9181|27-May-2022|Z1331|27-May-2022|Z1331|27-May-2022|F1990|27-May-2022|F109|27-May-2022|||||||||||||||||||||||||||||||||||0|0||4|450|M1069|3.0|2022-05-28T00:00:00|hospital_A|hospital_A_20220527
SYN_BENE_E1003C08FB9E|SYN_CLM_EE3205609889|V|60|27-May-2022|27-May-2022|03-Jun-2022||3|030115|1|1|1|| |2350.86|0.0| ||3|1275566200| |9999997494| |9999997494|||0|1| |2350.86|27-May-2022|1|2|A|10|0.0|470.16|0|4|0.0|0.0|0|0|0|0|0|0|0|0|0|0|0|0|0|||||27-May-2022|951.0|0|0||Z733|Z733|N|Z608|Y|E785|Y|E0922|N|E1129|N|T50905|N|E1121|Y|R931|Y|I259|Y|E8881|Y|R7303|Y|E669|Y|O00109|Y|O039|Y|P292|N|Z591|Y|||||||||||||||||||||| | | | | | | | | | | | | | | | | | | | | | |GZ3|27-May-2022|Z741|27-May-2022|F419|27-May-2022|Z9181|27-May-2022|Z1331|27-May-2022|Z1331|27-May-2022|F1990|27-May-2022|F109|27-May-2022|||||||||||||||||||||||||||||||||||0|0||5|450|G0444|3.0|2022-05-28T00:00:00|hospital_A|hospital_A_20220527
SYN_BENE_E1003C08FB9E|SYN_CLM_EE3205609889|V|60|27-May-2022|27-May-2022|03-Jun-2022||3|030115|1|1|1|| |2350.86|0.0| ||3|1275566200| |9999997494| |9999997494|||0|1| |2350.86|27-May-2022|1|2|A|10|0.0|470.16|0|4|0.0|0.0|0|0|0|0|0|0|0|0|0|0|0|0|0|||||27-May-2022|951.0|0|0||Z733|Z733|N|Z608|Y|E785|Y|E0922|N|E1129|N|T50905|N|E1121|Y|R931|Y|I259|Y|E8881|Y|R7303|Y|E669|Y|O00109|Y|O039|Y|P292|N|Z591|Y|||||||||||||||||||||| | | | | | | | | | | | | | | | | | | | | | |GZ3|27-May-2022|Z741|27-May-2022|F419|27-May-2022|Z9181|27-May-2022|Z1331|27-May-2022|Z1331|27-May-2022|F1990|27-May-2022|F109|27-May-2022|||||||||||||||||||||||||||||||||||0|0||6|450|G0444|3.0|2022-05-28T00:00:00|hospital_A|hospital_A_20220527
SYN_BENE_E1003C08FB9E|SYN_CLM_EE3205609889|V|60|27-May-2022|27-May-2022|03-Jun-2022||3|030115|1|1|1|| |2350.86|0.0| ||3|1275566200| |9999997494| |9999997494|||0|1| |2350.86|27-May-2022|1|2|A|10|0.0|470.16|0|4|0.0|0.0|0|0|0|0|0|0|0|0|0|0|0|0|0|||||27-May-2022|951.0|0|0||Z733|Z733|N|Z608|Y|E785|Y|E0922|N|E1129|N|T50905|N|E1121|Y|R931|Y|I259|Y|E8881|Y|R7303|Y|E669|Y|O00109|Y|O039|Y|P292|N|Z591|Y|||||||||||||||||||||| | | | | | | | | | | | | | | | | | | | | | |GZ3|27-May-2022|Z741|27-May-2022|F419|27-May-2022|Z9181|27-May-2022|Z1331|27-May-2022|Z1331|27-May-2022|F1990|27-May-2022|F109|27-May-2022|||||||||||||||||||||||||||||||||||0|0||7|450|99408|3.0|2022-05-28T00:00:00|hospital_A|hospital_A_20220527
SYN_BENE_E1003C08FB9E|SYN_CLM_EE3205609889|V|60|27-May-2022|27-May-2022|03-Jun-2022||3|030115|1|1|1|| |2350.86|0.0| ||3|1275566200| |9999997494| |9999997494|||0|1| |2350.86|27-May-2022|1|2|A|10|0.0|470.16|0|4|0.0|0.0|0|0|0|0|0|0|0|0|0|0|0|0|0|||||27-May-2022|951.0|0|0||Z733|Z733|N|Z608|Y|E785|Y|E0922|N|E1129|N|T50905|N|E1121|Y|R931|Y|I259|Y|E8881|Y|R7303|Y|E669|Y|O00109|Y|O039|Y|P292|N|Z591|Y|||||||||||||||||||||| | | | | | | | | | | | | | | | | | | | | | |GZ3|27-May-2022|Z741|27-May-2022|F419|27-May-2022|Z9181|27-May-2022|Z1331|27-May-2022|Z1331|27-May-2022|F1990|27-May-2022|F109|27-May-2022|||||||||||||||||||||||||||||||||||0|0||8|450|G0442|3.0|2022-05-28T00:00:00|hospital_A|hospital_A_20220527
SYN_BENE_38B13AC20EB8|SYN_CLM_0D60072EC015|V|60|27-May-2022|27-May-2022|03-Jun-2022||3|030115|1|1|1|| |2350.86|0.0| ||3|1275566200| |9999997494| |9999997494|||0|1| |2350.86|27-May-2022|1|2|A|10|0.0|470.16|0|4|0.0|0.0|0|0|0|0|0|0|0|0|0|0|0|0|0|||||27-May-2022|951.0|0|0||Z733|Z733|N|Z608|Y|E785|Y|E0922|N|E1129|N|T50905|N|E1121|Y|R931|Y|I259|Y|E8881|Y|R7303|Y|E669|Y|O00109|Y|O039|Y|P292|N|Z591|Y|||||||||||||||||||||| | | | | | | | | | | | | | | | | | | | | | |GZ3|27-May-2022|Z741|27-May-2022|F419|27-May-2022|Z9181|27-May-2022|Z1331|27-May-2022|Z1331|27-May-2022|F1990|27-May-2022|F109|27-May-2022|||||||||||||||||||||||||||||||||||0|0||1|450|99495|3.0|2022-05-28T00:00:00|hospital_A|hospital_A_20220527
SYN_BENE_38B13AC20EB8|SYN_CLM_0D60072EC015|V|60|27-May-2022|27-May-2022|03-Jun-2022||3|030115|1|1|1|| |2350.86|0.0| ||3|1275566200| |9999997494| |9999997494|||0|1| |2350.86|27-May-2022|1|2|A|10|0.0|470.16|0|4|0.0|0.0|0|0|0|0|0|0|0|0|0|0|0|0|0|||||27-May-2022|951.0|0|0||Z733|Z733|N|Z608|Y|E785|Y|E0922|N|E1129|N|T50905|N|E1121|Y|R931|Y|I259|Y|E8881|Y|R7303|Y|E669|Y|O00109|Y|O039|Y|P292|N|Z591|Y|||||||||||||||||||||| | | | | | | | | | | | | | | | | | | | | | |GZ3|27-May-2022|Z741|27-May-2022|F419|27-May-2022|Z9181|27-May-2022|Z1331|27-May-2022|Z1331|27-May-2022|F1990|27-May-2022|F109|27-May-2022|||||||||||||||||||||||||||||||||||0|0||2|450|96156|3.0|2022-05-28T00:00:00|hospital_A|hospital_A_20220527
SYN_BENE_38B13AC20EB8|SYN_CLM_0D60072EC015|V|60|27-May-2022|27-May-2022|03-Jun-2022||3|030115|1|1|1|| |2350.86|0.0| ||3|1275566200| |9999997494| |9999997494|||0|1| |2350.86|27-May-2022|1|2|A|10|0.0|470.16|0|4|0.0|0.0|0|0|0|0|0|0|0|0|0|0|0|0|0|||||27-May-2022|951.0|0|0||Z733|Z733|N|Z608|Y|E785|Y|E0922|N|E1129|N|T50905|N|E1121|Y|R931|Y|I259|Y|E8881|Y|R7303|Y|E669|Y|O00109|Y|O039|Y|P292|N|Z591|Y|||||||||||||||||||||| | | | | | | | | | | | | | | | | | | | | | |GZ3|27-May-2022|Z741|27-May-2022|F419|27-May-2022|Z9181|27-May-2022|Z1331|27-May-2022|Z1331|27-May-2022|F1990|27-May-2022|F109|27-May-2022|||||||||||||||||||||||||||||||||||0|0||3|450|96127|3.0|2022-05-28T00:00:00|hospital_A|hospital_A_20220527
SYN_BENE_38B13AC20EB8|SYN_CLM_0D60072EC015|V|60|27-May-2022|27-May-2022|03-Jun-2022||3|030115|1|1|1|| |2350.86|0.0| ||3|1275566200| |9999997494| |9999997494|||0|1| |2350.86|27-May-2022|1|2|A|10|0.0|470.16|0|4|0.0|0.0|0|0|0|0|0|0|0|0|0|0|0|0|0|||||27-May-2022|951.0|0|0||Z733|Z733|N|Z608|Y|E785|Y|E0922|N|E1129|N|T50905|N|E1121|Y|R931|Y|I259|Y|E8881|Y|R7303|Y|E669|Y|O00109|Y|O039|Y|P292|N|Z591|Y|||||||||||||||||||||| | | | | | | | | | | | | | | | | | | | | | |GZ3|27-May-2022|Z741|27-May-2022|F419|27-May-2022|Z9181|27-May-2022|Z1331|27-May-2022|Z1331|27-May-2022|F1990|27-May-2022|F109|27-May-2022|||||||||||||||||||||||||||||||||||0|0||4|450|M1069|3.0|2022-05-28T00:00:00|hospital_A|hospital_A_20220527
SYN_BENE_38B13AC20EB8|SYN_CLM_0D60072EC015|V|60|27-May-2022|27-May-2022|03-Jun-2022||3|030115|1|1|1|| |2350.86|0.0| ||3|1275566200| |9999997494| |9999997494|||0|1| |2350.86|27-May-2022|1|2|A|10|0.0|470.16|0|4|0.0|0.0|0|0|0|0|0|0|0|0|0|0|0|0|0|||||27-May-2022|951.0|0|0||Z733|Z733|N|Z608|Y|E785|Y|E0922|N|E1129|N|T50905|N|E1121|Y|R931|Y|I259|Y|E8881|Y|R7303|Y|E669|Y|O00109|Y|O039|Y|P292|N|Z591|Y|||||||||||||||||||||| | | | | | | | | | | | | | | | | | | | | | |GZ3|27-May-2022|Z741|27-May-2022|F419|27-May-2022|Z9181|27-May-2022|Z1331|27-May-2022|Z1331|27-May-2022|F1990|27-May-2022|F109|27-May-2022|||||||||||||||||||||||||||||||||||0|0||5|450|G0444|3.0|2022-05-28T00:00:00|hospital_A|hospital_A_20220527
SYN_BENE_38B13AC20EB8|SYN_CLM_0D60072EC015|V|60|27-May-2022|27-May-2022|03-Jun-2022||3|030115|1|1|1|| |2350.86|0.0| ||3|1275566200| |9999997494| |9999997494|||0|1| |2350.86|27-May-2022|1|2|A|10|0.0|470.16|0|4|0.0|0.0|0|0|0|0|0|0|0|0|0|0|0|0|0|||||27-May-2022|951.0|0|0||Z733|Z733|N|Z608|Y|E785|Y|E0922|N|E1129|N|T50905|N|E1121|Y|R931|Y|I259|Y|E8881|Y|R7303|Y|E669|Y|O00109|Y|O039|Y|P292|N|Z591|Y|||||||||||||||||||||| | | | | | | | | | | | | | | | | | | | | | |GZ3|27-May-2022|Z741|27-May-2022|F419|27-May-2022|Z9181|27-May-2022|Z1331|27-May-2022|Z1331|27-May-2022|F1990|27-May-2022|F109|27-May-2022|||||||||||||||||||||||||||||||||||0|0||6|450|G0444|3.0|2022-05-28T00:00:00|hospital_A|hospital_A_20220527
SYN_BENE_38B13AC20EB8|SYN_CLM_0D60072EC015|V|60|27-May-2022|27-May-2022|03-Jun-2022||3|030115|1|1|1|| |2350.86|0.0| ||3|1275566200| |9999997494| |9999997494|||0|1| |2350.86|27-May-2022|1|2|A|10|0.0|470.16|0|4|0.0|0.0|0|0|0|0|0|0|0|0|0|0|0|0|0|||||27-May-2022|951.0|0|0||Z733|Z733|N|Z608|Y|E785|Y|E0922|N|E1129|N|T50905|N|E1121|Y|R931|Y|I259|Y|E8881|Y|R7303|Y|E669|Y|O00109|Y|O039|Y|P292|N|Z591|Y|||||||||||||||||||||| | | | | | | | | | | | | | | | | | | | | | |GZ3|27-May-2022|Z741|27-May-2022|F419|27-May-2022|Z9181|27-May-2022|Z1331|27-May-2022|Z1331|27-May-2022|F1990|27-May-2022|F109|27-May-2022|||||||||||||||||||||||||||||||||||0|0||7|450|99408|3.0|2022-05-28T00:00:00|hospital_A|hospital_A_20220527
SYN_BENE_38B13AC20EB8|SYN_CLM_0D60072EC015|V|60|27-May-2022|27-May-2022|03-Jun-2022||3|030115|1|1|1|| |2350.86|0.0| ||3|1275566200| |9999997494| |9999997494|||0|1| |2350.86|27-May-2022|1|2|A|10|0.0|470.16|0|4|0.0|0.0|0|0|0|0|0|0|0|0|0|0|0|0|0|||||27-May-2022|951.0|0|0||Z733|Z733|N|Z608|Y|E785|Y|E0922|N|E1129|N|T50905|N|E1121|Y|R931|Y|I259|Y|E8881|Y|R7303|Y|E669|Y|O00109|Y|O039|Y|P292|N|Z591|Y|||||||||||||||||||||| | | | | | | | | | | | | | | | | | | | | | |GZ3|27-May-2022|Z741|27-May-2022|F419|27-May-2022|Z9181|27-May-2022|Z1331|27-May-2022|Z1331|27-May-2022|F1990|27-May-2022|F109|27-May-2022|||||||||||||||||||||||||||||||||||0|0||8|450|G0442|3.0|2022-05-28T00:00:00|hospital_A|hospital_A_20220527
SYN_BENE_B6ECA1A09288|SYN_CLM_2C198FC4C7ED|V|60|27-May-2022|27-May-2022|03-Jun-2022||3|030115|1|1|1|| |2350.86|0.0| ||3|1275566200| |9999997494| |9999997494|||0|1| |2350.86|27-May-2022|1|2|A|10|0.0|470.16|0|4|0.0|0.0|0|0|0|0|0|0|0|0|0|0|0|0|0|||||27-May-2022|951.0|0|0||Z733|Z733|N|Z608|Y|E785|Y|E0922|N|E1129|N|T50905|N|E1121|Y|R931|Y|I259|Y|E8881|Y|R7303|Y|E669|Y|O00109|Y|O039|Y|P292|N|Z591|Y|||||||||||||||||||||| | | | | | | | | | | | | | | | | | | | | | |GZ3|27-May-2022|Z741|27-May-2022|F419|27-May-2022|Z9181|27-May-2022|Z1331|27-May-2022|Z1331|27-May-2022|F1990|27-May-2022|F109|27-May-2022|||||||||||||||||||||||||||||||||||0|0||1|450|99495|3.0|2022-05-28T00:00:00|hospital_A|hospital_A_20220527
SYN_BENE_B6ECA1A09288|SYN_CLM_2C198FC4C7ED|V|60|27-May-2022|27-May-2022|03-Jun-2022||3|030115|1|1|1|| |2350.86|0.0| ||3|1275566200| |9999997494| |9999997494|||0|1| |2350.86|27-May-2022|1|2|A|10|0.0|470.16|0|4|0.0|0.0|0|0|0|0|0|0|0|0|0|0|0|0|0|||||27-May-2022|951.0|0|0||Z733|Z733|N|Z608|Y|E785|Y|E0922|N|E1129|N|T50905|N|E1121|Y|R931|Y|I259|Y|E8881|Y|R7303|Y|E669|Y|O00109|Y|O039|Y|P292|N|Z591|Y|||||||||||||||||||||| | | | | | | | | | | | | | | | | | | | | | |GZ3|27-May-2022|Z741|27-May-2022|F419|27-May-2022|Z9181|27-May-2022|Z1331|27-May-2022|Z1331|27-May-2022|F1990|27-May-2022|F109|27-May-2022|||||||||||||||||||||||||||||||||||0|0||2|450|96156|3.0|2022-05-28T00:00:00|hospital_A|hospital_A_20220527
SYN_BENE_B6ECA1A09288|SYN_CLM_2C198FC4C7ED|V|60|27-May-2022|27-May-2022|03-Jun-2022||3|030115|1|1|1|| |2350.86|0.0| ||3|1275566200| |9999997494| |9999997494|||0|1| |2350.86|27-May-2022|1|2|A|10|0.0|470.16|0|4|0.0|0.0|0|0|0|0|0|0|0|0|0|0|0|0|0|||||27-May-2022|951.0|0|0||Z733|Z733|N|Z608|Y|E785|Y|E0922|N|E1129|N|T50905|N|E1121|Y|R931|Y|I259|Y|E8881|Y|R7303|Y|E669|Y|O00109|Y|O039|Y|P292|N|Z591|Y|||||||||||||||||||||| | | | | | | | | | | | | | | | | | | | | | |GZ3|27-May-2022|Z741|27-May-2022|F419|27-May-2022|Z9181|27-May-2022|Z1331|27-May-2022|Z1331|27-May-2022|F1990|27-May-2022|F109|27-May-2022|||||||||||||||||||||||||||||||||||0|0||3|450|96127|3.0|2022-05-28T00:00:00|hospital_A|hospital_A_20220527
SYN_BENE_B6ECA1A09288|SYN_CLM_2C198FC4C7ED|V|60|27-May-2022|27-May-2022|03-Jun-2022||3|030115|1|1|1|| |2350.86|0.0| ||3|1275566200| |9999997494| |9999997494|||0|1| |2350.86|27-May-2022|1|2|A|10|0.0|470.16|0|4|0.0|0.0|0|0|0|0|0|0|0|0|0|0|0|0|0|||||27-May-2022|951.0|0|0||Z733|Z733|N|Z608|Y|E785|Y|E0922|N|E1129|N|T50905|N|E1121|Y|R931|Y|I259|Y|E8881|Y|R7303|Y|E669|Y|O00109|Y|O039|Y|P292|N|Z591|Y|||||||||||||||||||||| | | | | | | | | | | | | | | | | | | | | | |GZ3|27-May-2022|Z741|27-May-2022|F419|27-May-2022|Z9181|27-May-2022|Z1331|27-May-2022|Z1331|27-May-2022|F1990|27-May-2022|F109|27-May-2022|||||||||||||||||||||||||||||||||||0|0||4|450|M1069|3.0|2022-05-28T00:00:00|hospital_A|hospital_A_20220527
SYN_BENE_B6ECA1A09288|SYN_CLM_2C198FC4C7ED|V|60|27-May-2022|27-May-2022|03-Jun-2022||3|030115|1|1|1|| |2350.86|0.0| ||3|1275566200| |9999997494| |9999997494|||0|1| |2350.86|27-May-2022|1|2|A|10|0.0|470.16|0|4|0.0|0.0|0|0|0|0|0|0|0|0|0|0|0|0|0|||||27-May-2022|951.0|0|0||Z733|Z733|N|Z608|Y|E785|Y|E0922|N|E1129|N|T50905|N|E1121|Y|R931|Y|I259|Y|E8881|Y|R7303|Y|E669|Y|O00109|Y|O039|Y|P292|N|Z591|Y|||||||||||||||||||||| | | | | | | | | | | | | | | | | | | | | | |GZ3|27-May-2022|Z741|27-May-2022|F419|27-May-2022|Z9181|27-May-2022|Z1331|27-May-2022|Z1331|27-May-2022|F1990|27-May-2022|F109|27-May-2022|||||||||||||||||||||||||||||||||||0|0||5|450|G0444|3.0|2022-05-28T00:00:00|hospital_A|hospital_A_20220527
SYN_BENE_B6ECA1A09288|SYN_CLM_2C198FC4C7ED|V|60|27-May-2022|27-May-2022|03-Jun-2022||3|030115|1|1|1|| |2350.86|0.0| ||3|1275566200| |9999997494| |9999997494|||0|1| |2350.86|27-May-2022|1|2|A|10|0.0|470.16|0|4|0.0|0.0|0|0|0|0|0|0|0|0|0|0|0|0|0|||||27-May-2022|951.0|0|0||Z733|Z733|N|Z608|Y|E785|Y|E0922|N|E1129|N|T50905|N|E1121|Y|R931|Y|I259|Y|E8881|Y|R7303|Y|E669|Y|O00109|Y|O039|Y|P292|N|Z591|Y|||||||||||||||||||||| | | | | | | | | | | | | | | | | | | | | | |GZ3|27-May-2022|Z741|27-May-2022|F419|27-May-2022|Z9181|27-May-2022|Z1331|27-May-2022|Z1331|27-May-2022|F1990|27-May-2022|F109|27-May-2022|||||||||||||||||||||||||||||||||||0|0||6|450|G0444|3.0|2022-05-28T00:00:00|hospital_A|hospital_A_20220527
SYN_BENE_B6ECA1A09288|SYN_CLM_2C198FC4C7ED|V|60|27-May-2022|27-May-2022|03-Jun-2022||3|030115|1|1|1|| |2350.86|0.0| ||3|1275566200| |9999997494| |9999997494|||0|1| |2350.86|27-May-2022|1|2|A|10|0.0|470.16|0|4|0.0|0.0|0|0|0|0|0|0|0|0|0|0|0|0|0|||||27-May-2022|951.0|0|0||Z733|Z733|N|Z608|Y|E785|Y|E0922|N|E1129|N|T50905|N|E1121|Y|R931|Y|I259|Y|E8881|Y|R7303|Y|E669|Y|O00109|Y|O039|Y|P292|N|Z591|Y|||||||||||||||||||||| | | | | | | | | | | | | | | | | | | | | | |GZ3|27-May-2022|Z741|27-May-2022|F419|27-May-2022|Z9181|27-May-2022|Z1331|27-May-2022|Z1331|27-May-2022|F1990|27-May-2022|F109|27-May-2022|||||||||||||||||||||||||||||||||||0|0||7|450|99408|3.0|2022-05-28T00:00:00|hospital_A|hospital_A_20220527
SYN_BENE_B6ECA1A09288|SYN_CLM_2C198FC4C7ED|V|60|27-May-2022|27-May-2022|03-Jun-2022||3|030115|1|1|1|| |2350.86|0.0| ||3|1275566200| |9999997494| |9999997494|||0|1| |2350.86|27-May-2022|1|2|A|10|0.0|470.16|0|4|0.0|0.0|0|0|0|0|0|0|0|0|0|0|0|0|0|||||27-May-2022|951.0|0|0||Z733|Z733|N|Z608|Y|E785|Y|E0922|N|E1129|N|T50905|N|E1121|Y|R931|Y|I259|Y|E8881|Y|R7303|Y|E669|Y|O00109|Y|O039|Y|P292|N|Z591|Y|||||||||||||||||||||| | | | | | | | | | | | | | | | | | | | | | |GZ3|27-May-2022|Z741|27-May-2022|F419|27-May-2022|Z9181|27-May-2022|Z1331|27-May-2022|Z1331|27-May-2022|F1990|27-May-2022|F109|27-May-2022|||||||||||||||||||||||||||||||||||0|0||8|450|G0442|3.0|2022-05-28T00:00:00|hospital_A|hospital_A_20220527
SYN_BENE_C0A388C6A05A|SYN_CLM_45DC553AE092|V|60|27-May-2022|27-May-2022|03-Jun-2022||3|030115|1|1|1|| |2350.86|0.0| ||3|1275566200| |9999997494| |9999997494|||0|1| |2350.86|27-May-2022|1|2|A|10|0.0|470.16|0|4|0.0|0.0|0|0|0|0|0|0|0|0|0|0|0|0|0|||||27-May-2022|951.0|0|0||Z733|Z733|N|Z608|Y|E785|Y|E0922|N|E1129|N|T50905|N|E1121|Y|R931|Y|I259|Y|E8881|Y|R7303|Y|E669|Y|O00109|Y|O039|Y|P292|N|Z591|Y|||||||||||||||||||||| | | | | | | | | | | | | | | | | | | | | | |GZ3|27-May-2022|Z741|27-May-2022|F419|27-May-2022|Z9181|27-May-2022|Z1331|27-May-2022|Z1331|27-May-2022|F1990|27-May-2022|F109|27-May-2022|||||||||||||||||||||||||||||||||||0|0||1|450|99495|3.0|2022-05-28T00:00:00|hospital_A|hospital_A_20220527
SYN_BENE_C0A388C6A05A|SYN_CLM_45DC553AE092|V|60|27-May-2022|27-May-2022|03-Jun-2022||3|030115|1|1|1|| |2350.86|0.0| ||3|1275566200| |9999997494| |9999997494|||0|1| |2350.86|27-May-2022|1|2|A|10|0.0|470.16|0|4|0.0|0.0|0|0|0|0|0|0|0|0|0|0|0|0|0|||||27-May-2022|951.0|0|0||Z733|Z733|N|Z608|Y|E785|Y|E0922|N|E1129|N|T50905|N|E1121|Y|R931|Y|I259|Y|E8881|Y|R7303|Y|E669|Y|O00109|Y|O039|Y|P292|N|Z591|Y|||||||||||||||||||||| | | | | | | | | | | | | | | | | | | | | | |GZ3|27-May-2022|Z741|27-May-2022|F419|27-May-2022|Z9181|27-May-2022|Z1331|27-May-2022|Z1331|27-May-2022|F1990|27-May-2022|F109|27-May-2022|||||||||||||||||||||||||||||||||||0|0||2|450|96156|3.0|2022-05-28T00:00:00|hospital_A|hospital_A_20220527
SYN_BENE_C0A388C6A05A|SYN_CLM_45DC553AE092|V|60|27-May-2022|27-May-2022|03-Jun-2022||3|030115|1|1|1|| |2350.86|0.0| ||3|1275566200| |9999997494| |9999997494|||0|1| |2350.86|27-May-2022|1|2|A|10|0.0|470.16|0|4|0.0|0.0|0|0|0|0|0|0|0|0|0|0|0|0|0|||||27-May-2022|951.0|0|0||Z733|Z733|N|Z608|Y|E785|Y|E0922|N|E1129|N|T50905|N|E1121|Y|R931|Y|I259|Y|E8881|Y|R7303|Y|E669|Y|O00109|Y|O039|Y|P292|N|Z591|Y|||||||||||||||||||||| | | | | | | | | | | | | | | | | | | | | | |GZ3|27-May-2022|Z741|27-May-2022|F419|27-May-2022|Z9181|27-May-2022|Z1331|27-May-2022|Z1331|27-May-2022|F1990|27-May-2022|F109|27-May-2022|||||||||||||||||||||||||||||||||||0|0||3|450|96127|3.0|2022-05-28T00:00:00|hospital_A|hospital_A_20220527
SYN_BENE_C0A388C6A05A|SYN_CLM_45DC553AE092|V|60|27-May-2022|27-May-2022|03-Jun-2022||3|030115|1|1|1|| |2350.86|0.0| ||3|1275566200| |9999997494| |9999997494|||0|1| |2350.86|27-May-2022|1|2|A|10|0.0|470.16|0|4|0.0|0.0|0|0|0|0|0|0|0|0|0|0|0|0|0|||||27-May-2022|951.0|0|0||Z733|Z733|N|Z608|Y|E785|Y|E0922|N|E1129|N|T50905|N|E1121|Y|R931|Y|I259|Y|E8881|Y|R7303|Y|E669|Y|O00109|Y|O039|Y|P292|N|Z591|Y|||||||||||||||||||||| | | | | | | | | | | | | | | | | | | | | | |GZ3|27-May-2022|Z741|27-May-2022|F419|27-May-2022|Z9181|27-May-2022|Z1331|27-May-2022|Z1331|27-May-2022|F1990|27-May-2022|F109|27-May-2022|||||||||||||||||||||||||||||||||||0|0||4|450|M1069|3.0|2022-05-28T00:00:00|hospital_A|hospital_A_20220527
SYN_BENE_C0A388C6A05A|SYN_CLM_45DC553AE092|V|60|27-May-2022|27-May-2022|03-Jun-2022||3|030115|1|1|1|| |2350.86|0.0| ||3|1275566200| |9999997494| |9999997494|||0|1| |2350.86|27-May-2022|1|2|A|10|0.0|470.16|0|4|0.0|0.0|0|0|0|0|0|0|0|0|0|0|0|0|0|||||27-May-2022|951.0|0|0||Z733|Z733|N|Z608|Y|E785|Y|E0922|N|E1129|N|T50905|N|E1121|Y|R931|Y|I259|Y|E8881|Y|R7303|Y|E669|Y|O00109|Y|O039|Y|P292|N|Z591|Y|||||||||||||||||||||| | | | | | | | | | | | | | | | | | | | | | |GZ3|27-May-2022|Z741|27-May-2022|F419|27-May-2022|Z9181|27-May-2022|Z1331|27-May-2022|Z1331|27-May-2022|F1990|27-May-2022|F109|27-May-2022|||||||||||||||||||||||||||||||||||0|0||5|450|G0444|3.0|2022-05-28T00:00:00|hospital_A|hospital_A_20220527
SYN_BENE_C0A388C6A05A|SYN_CLM_45DC553AE092|V|60|27-May-2022|27-May-2022|03-Jun-2022||3|030115|1|1|1|| |2350.86|0.0| ||3|1275566200| |9999997494| |9999997494|||0|1| |2350.86|27-May-2022|1|2|A|10|0.0|470.16|0|4|0.0|0.0|0|0|0|0|0|0|0|0|0|0|0|0|0|||||27-May-2022|951.0|0|0||Z733|Z733|N|Z608|Y|E785|Y|E0922|N|E1129|N|T50905|N|E1121|Y|R931|Y|I259|Y|E8881|Y|R7303|Y|E669|Y|O00109|Y|O039|Y|P292|N|Z591|Y|||||||||||||||||||||| | | | | | | | | | | | | | | | | | | | | | |GZ3|27-May-2022|Z741|27-May-2022|F419|27-May-2022|Z9181|27-May-2022|Z1331|27-May-2022|Z1331|27-May-2022|F1990|27-May-2022|F109|27-May-2022|||||||||||||||||||||||||||||||||||0|0||6|450|G0444|3.0|2022-05-28T00:00:00|hospital_A|hospital_A_20220527
SYN_BENE_C0A388C6A05A|SYN_CLM_45DC553AE092|V|60|27-May-2022|27-May-2022|03-Jun-2022||3|030115|1|1|1|| |2350.86|0.0| ||3|1275566200| |9999997494| |9999997494|||0|1| |2350.86|27-May-2022|1|2|A|10|0.0|470.16|0|4|0.0|0.0|0|0|0|0|0|0|0|0|0|0|0|0|0|||||27-May-2022|951.0|0|0||Z733|Z733|N|Z608|Y|E785|Y|E0922|N|E1129|N|T50905|N|E1121|Y|R931|Y|I259|Y|E8881|Y|R7303|Y|E669|Y|O00109|Y|O039|Y|P292|N|Z591|Y|||||||||||||||||||||| | | | | | | | | | | | | | | | | | | | | | |GZ3|27-May-2022|Z741|27-May-2022|F419|27-May-2022|Z9181|27-May-2022|Z1331|27-May-2022|Z1331|27-May-2022|F1990|27-May-2022|F109|27-May-2022|||||||||||||||||||||||||||||||||||0|0||7|450|99408|3.0|2022-05-28T00:00:00|hospital_A|hospital_A_20220527
SYN_BENE_C0A388C6A05A|SYN_CLM_45DC553AE092|V|60|27-May-2022|27-May-2022|03-Jun-2022||3|030115|1|1|1|| |2350.86|0.0| ||3|1275566200| |9999997494| |9999997494|||0|1| |2350.86|27-May-2022|1|2|A|10|0.0|470.16|0|4|0.0|0.0|0|0|0|0|0|0|0|0|0|0|0|0|0|||||27-May-2022|951.0|0|0||Z733|Z733|N|Z608|Y|E785|Y|E0922|N|E1129|N|T50905|N|E1121|Y|R931|Y|I259|Y|E8881|Y|R7303|Y|E669|Y|O00109|Y|O039|Y|P292|N|Z591|Y|||||||||||||||||||||| | | | | | | | | | | | | | | | | | | | | | |GZ3|27-May-2022|Z741|27-May-2022|F419|27-May-2022|Z9181|27-May-2022|Z1331|27-May-2022|Z1331|27-May-2022|F1990|27-May-2022|F109|27-May-2022|||||||||||||||||||||||||||||||||||0|0||8|450|G0442|3.0|2022-05-28T00:00:00|hospital_A|hospital_A_20220527
SYN_BENE_D9687782E470|SYN_CLM_39F5D0A3B53A|V|60|27-May-2022|27-May-2022|03-Jun-2022||3|030115|1|1|1|| |2350.86|0.0| ||3|1275566200| |9999997494| |9999997494|||0|1| |2350.86|27-May-2022|1|2|A|10|0.0|470.16|0|4|0.0|0.0|0|0|0|0|0|0|0|0|0|0|0|0|0|||||27-May-2022|951.0|0|0||Z733|Z733|N|Z608|Y|E785|Y|E0922|N|E1129|N|T50905|N|E1121|Y|R931|Y|I259|Y|E8881|Y|R7303|Y|E669|Y|O00109|Y|O039|Y|P292|N|Z591|Y|||||||||||||||||||||| | | | | | | | | | | | | | | | | | | | | | |GZ3|27-May-2022|Z741|27-May-2022|F419|27-May-2022|Z9181|27-May-2022|Z1331|27-May-2022|Z1331|27-May-2022|F1990|27-May-2022|F109|27-May-2022|||||||||||||||||||||||||||||||||||0|0||1|450|99495|3.0|2022-05-28T00:00:00|hospital_A|hospital_A_20220527
SYN_BENE_D9687782E470|SYN_CLM_39F5D0A3B53A|V|60|27-May-2022|27-May-2022|03-Jun-2022||3|030115|1|1|1|| |2350.86|0.0| ||3|1275566200| |9999997494| |9999997494|||0|1| |2350.86|27-May-2022|1|2|A|10|0.0|470.16|0|4|0.0|0.0|0|0|0|0|0|0|0|0|0|0|0|0|0|||||27-May-2022|951.0|0|0||Z733|Z733|N|Z608|Y|E785|Y|E0922|N|E1129|N|T50905|N|E1121|Y|R931|Y|I259|Y|E8881|Y|R7303|Y|E669|Y|O00109|Y|O039|Y|P292|N|Z591|Y|||||||||||||||||||||| | | | | | | | | | | | | | | | | | | | | | |GZ3|27-May-2022|Z741|27-May-2022|F419|27-May-2022|Z9181|27-May-2022|Z1331|27-May-2022|Z1331|27-May-2022|F1990|27-May-2022|F109|27-May-2022|||||||||||||||||||||||||||||||||||0|0||2|450|96156|3.0|2022-05-28T00:00:00|hospital_A|hospital_A_20220527
SYN_BENE_D9687782E470|SYN_CLM_39F5D0A3B53A|V|60|27-May-2022|27-May-2022|03-Jun-2022||3|030115|1|1|1|| |2350.86|0.0| ||3|1275566200| |9999997494| |9999997494|||0|1| |2350.86|27-May-2022|1|2|A|10|0.0|470.16|0|4|0.0|0.0|0|0|0|0|0|0|0|0|0|0|0|0|0|||||27-May-2022|951.0|0|0||Z733|Z733|N|Z608|Y|E785|Y|E0922|N|E1129|N|T50905|N|E1121|Y|R931|Y|I259|Y|E8881|Y|R7303|Y|E669|Y|O00109|Y|O039|Y|P292|N|Z591|Y|||||||||||||||||||||| | | | | | | | | | | | | | | | | | | | | | |GZ3|27-May-2022|Z741|27-May-2022|F419|27-May-2022|Z9181|27-May-2022|Z1331|27-May-2022|Z1331|27-May-2022|F1990|27-May-2022|F109|27-May-2022|||||||||||||||||||||||||||||||||||0|0||3|450|96127|3.0|2022-05-28T00:00:00|hospital_A|hospital_A_20220527
SYN_BENE_D9687782E470|SYN_CLM_39F5D0A3B53A|V|60|27-May-2022|27-May-2022|03-Jun-2022||3|030115|1|1|1|| |2350.86|0.0| ||3|1275566200| |9999997494| |9999997494|||0|1| |2350.86|27-May-2022|1|2|A|10|0.0|470.16|0|4|0.0|0.0|0|0|0|0|0|0|0|0|0|0|0|0|0|||||27-May-2022|951.0|0|0||Z733|Z733|N|Z608|Y|E785|Y|E0922|N|E1129|N|T50905|N|E1121|Y|R931|Y|I259|Y|E8881|Y|R7303|Y|E669|Y|O00109|Y|O039|Y|P292|N|Z591|Y|||||||||||||||||||||| | | | | | | | | | | | | | | | | | | | | | |GZ3|27-May-2022|Z741|27-May-2022|F419|27-May-2022|Z9181|27-May-2022|Z1331|27-May-2022|Z1331|27-May-2022|F1990|27-May-2022|F109|27-May-2022|||||||||||||||||||||||||||||||||||0|0||4|450|M1069|3.0|2022-05-28T00:00:00|hospital_A|hospital_A_20220527
SYN_BENE_D9687782E470|SYN_CLM_39F5D0A3B53A|V|60|27-May-2022|27-May-2022|03-Jun-2022||3|030115|1|1|1|| |2350.86|0.0| ||3|1275566200| |9999997494| |9999997494|||0|1| |2350.86|27-May-2022|1|2|A|10|0.0|470.16|0|4|0.0|0.0|0|0|0|0|0|0|0|0|0|0|0|0|0|||||27-May-2022|951.0|0|0||Z733|Z733|N|Z608|Y|E785|Y|E0922|N|E1129|N|T50905|N|E1121|Y|R931|Y|I259|Y|E8881|Y|R7303|Y|E669|Y|O00109|Y|O039|Y|P292|N|Z591|Y|||||||||||||||||||||| | | | | | | | | | | | | | | | | | | | | | |GZ3|27-May-2022|Z741|27-May-2022|F419|27-May-2022|Z9181|27-May-2022|Z1331|27-May-2022|Z1331|27-May-2022|F1990|27-May-2022|F109|27-May-2022|||||||||||||||||||||||||||||||||||0|0||5|450|G0444|3.0|2022-05-28T00:00:00|hospital_A|hospital_A_20220527
SYN_BENE_D9687782E470|SYN_CLM_39F5D0A3B53A|V|60|27-May-2022|27-May-2022|03-Jun-2022||3|030115|1|1|1|| |2350.86|0.0| ||3|1275566200| |9999997494| |9999997494|||0|1| |2350.86|27-May-2022|1|2|A|10|0.0|470.16|0|4|0.0|0.0|0|0|0|0|0|0|0|0|0|0|0|0|0|||||27-May-2022|951.0|0|0||Z733|Z733|N|Z608|Y|E785|Y|E0922|N|E1129|N|T50905|N|E1121|Y|R931|Y|I259|Y|E8881|Y|R7303|Y|E669|Y|O00109|Y|O039|Y|P292|N|Z591|Y|||||||||||||||||||||| | | | | | | | | | | | | | | | | | | | | | |GZ3|27-May-2022|Z741|27-May-2022|F419|27-May-2022|Z9181|27-May-2022|Z1331|27-May-2022|Z1331|27-May-2022|F1990|27-May-2022|F109|27-May-2022|||||||||||||||||||||||||||||||||||0|0||6|450|G0444|3.0|2022-05-28T00:00:00|hospital_A|hospital_A_20220527
SYN_BENE_D9687782E470|SYN_CLM_39F5D0A3B53A|V|60|27-May-2022|27-May-2022|03-Jun-2022||3|030115|1|1|1|| |2350.86|0.0| ||3|1275566200| |9999997494| |9999997494|||0|1| |2350.86|27-May-2022|1|2|A|10|0.0|470.16|0|4|0.0|0.0|0|0|0|0|0|0|0|0|0|0|0|0|0|||||27-May-2022|951.0|0|0||Z733|Z733|N|Z608|Y|E785|Y|E0922|N|E1129|N|T50905|N|E1121|Y|R931|Y|I259|Y|E8881|Y|R7303|Y|E669|Y|O00109|Y|O039|Y|P292|N|Z591|Y|||||||||||||||||||||| | | | | | | | | | | | | | | | | | | | | | |GZ3|27-May-2022|Z741|27-May-2022|F419|27-May-2022|Z9181|27-May-2022|Z1331|27-May-2022|Z1331|27-May-2022|F1990|27-May-2022|F109|27-May-2022|||||||||||||||||||||||||||||||||||0|0||7|450|99408|3.0|2022-05-28T00:00:00|hospital_A|hospital_A_20220527
SYN_BENE_D9687782E470|SYN_CLM_39F5D0A3B53A|V|60|27-May-2022|27-May-2022|03-Jun-2022||3|030115|1|1|1|| |2350.86|0.0| ||3|1275566200| |9999997494| |9999997494|||0|1| |2350.86|27-May-2022|1|2|A|10|0.0|470.16|0|4|0.0|0.0|0|0|0|0|0|0|0|0|0|0|0|0|0|||||27-May-2022|951.0|0|0||Z733|Z733|N|Z608|Y|E785|Y|E0922|N|E1129|N|T50905|N|E1121|Y|R931|Y|I259|Y|E8881|Y|R7303|Y|E669|Y|O00109|Y|O039|Y|P292|N|Z591|Y|||||||||||||||||||||| | | | | | | | | | | | | | | | | | | | | | |GZ3|27-May-2022|Z741|27-May-2022|F419|27-May-2022|Z9181|27-May-2022|Z1331|27-May-2022|Z1331|27-May-2022|F1990|27-May-2022|F109|27-May-2022|||||||||||||||||||||||||||||||||||0|0||8|450|G0442|3.0|2022-05-28T00:00:00|hospital_A|hospital_A_20220527
SYN_BENE_5F5BD4C0FA61|SYN_CLM_D75F46F4F21E|V|60|27-May-2022|27-May-2022|03-Jun-2022||3|030115|1|1|1|| |2350.86|0.0| ||3|1275566200| |9999997494| |9999997494|||0|1| |2350.86|27-May-2022|1|2|A|10|0.0|470.16|0|4|0.0|0.0|0|0|0|0|0|0|0|0|0|0|0|0|0|||||27-May-2022|951.0|0|0||Z733|Z733|N|Z608|Y|E785|Y|E0922|N|E1129|N|T50905|N|E1121|Y|R931|Y|I259|Y|E8881|Y|R7303|Y|E669|Y|O00109|Y|O039|Y|P292|N|Z591|Y|||||||||||||||||||||| | | | | | | | | | | | | | | | | | | | | | |GZ3|27-May-2022|Z741|27-May-2022|F419|27-May-2022|Z9181|27-May-2022|Z1331|27-May-2022|Z1331|27-May-2022|F1990|27-May-2022|F109|27-May-2022|||||||||||||||||||||||||||||||||||0|0||1|450|99495|3.0|2022-05-28T00:00:00|hospital_A|hospital_A_20220527
SYN_BENE_5F5BD4C0FA61|SYN_CLM_D75F46F4F21E|V|60|27-May-2022|27-May-2022|03-Jun-2022||3|030115|1|1|1|| |2350.86|0.0| ||3|1275566200| |9999997494| |9999997494|||0|1| |2350.86|27-May-2022|1|2|A|10|0.0|470.16|0|4|0.0|0.0|0|0|0|0|0|0|0|0|0|0|0|0|0|||||27-May-2022|951.0|0|0||Z733|Z733|N|Z608|Y|E785|Y|E0922|N|E1129|N|T50905|N|E1121|Y|R931|Y|I259|Y|E8881|Y|R7303|Y|E669|Y|O00109|Y|O039|Y|P292|N|Z591|Y|||||||||||||||||||||| | | | | | | | | | | | | | | | | | | | | | |GZ3|27-May-2022|Z741|27-May-2022|F419|27-May-2022|Z9181|27-May-2022|Z1331|27-May-2022|Z1331|27-May-2022|F1990|27-May-2022|F109|27-May-2022|||||||||||||||||||||||||||||||||||0|0||2|450|96156|3.0|2022-05-28T00:00:00|hospital_A|hospital_A_20220527
SYN_BENE_5F5BD4C0FA61|SYN_CLM_D75F46F4F21E|V|60|27-May-2022|27-May-2022|03-Jun-2022||3|030115|1|1|1|| |2350.86|0.0| ||3|1275566200| |9999997494| |9999997494|||0|1| |2350.86|27-May-2022|1|2|A|10|0.0|470.16|0|4|0.0|0.0|0|0|0|0|0|0|0|0|0|0|0|0|0|||||27-May-2022|951.0|0|0||Z733|Z733|N|Z608|Y|E785|Y|E0922|N|E1129|N|T50905|N|E1121|Y|R931|Y|I259|Y|E8881|Y|R7303|Y|E669|Y|O00109|Y|O039|Y|P292|N|Z591|Y|||||||||||||||||||||| | | | | | | | | | | | | | | | | | | | | | |GZ3|27-May-2022|Z741|27-May-2022|F419|27-May-2022|Z9181|27-May-2022|Z1331|27-May-2022|Z1331|27-May-2022|F1990|27-May-2022|F109|27-May-2022|||||||||||||||||||||||||||||||||||0|0||3|450|96127|3.0|2022-05-28T00:00:00|hospital_A|hospital_A_20220527
SYN_BENE_5F5BD4C0FA61|SYN_CLM_D75F46F4F21E|V|60|27-May-2022|27-May-2022|03-Jun-2022||3|030115|1|1|1|| |2350.86|0.0| ||3|1275566200| |9999997494| |9999997494|||0|1| |2350.86|27-May-2022|1|2|A|10|0.0|470.16|0|4|0.0|0.0|0|0|0|0|0|0|0|0|0|0|0|0|0|||||27-May-2022|951.0|0|0||Z733|Z733|N|Z608|Y|E785|Y|E0922|N|E1129|N|T50905|N|E1121|Y|R931|Y|I259|Y|E8881|Y|R7303|Y|E669|Y|O00109|Y|O039|Y|P292|N|Z591|Y|||||||||||||||||||||| | | | | | | | | | | | | | | | | | | | | | |GZ3|27-May-2022|Z741|27-May-2022|F419|27-May-2022|Z9181|27-May-2022|Z1331|27-May-2022|Z1331|27-May-2022|F1990|27-May-2022|F109|27-May-2022|||||||||||||||||||||||||||||||||||0|0||4|450|M1069|3.0|2022-05-28T00:00:00|hospital_A|hospital_A_20220527
SYN_BENE_5F5BD4C0FA61|SYN_CLM_D75F46F4F21E|V|60|27-May-2022|27-May-2022|03-Jun-2022||3|030115|1|1|1|| |2350.86|0.0| ||3|1275566200| |9999997494| |9999997494|||0|1| |2350.86|27-May-2022|1|2|A|10|0.0|470.16|0|4|0.0|0.0|0|0|0|0|0|0|0|0|0|0|0|0|0|||||27-May-2022|951.0|0|0||Z733|Z733|N|Z608|Y|E785|Y|E0922|N|E1129|N|T50905|N|E1121|Y|R931|Y|I259|Y|E8881|Y|R7303|Y|E669|Y|O00109|Y|O039|Y|P292|N|Z591|Y|||||||||||||||||||||| | | | | | | | | | | | | | | | | | | | | | |GZ3|27-May-2022|Z741|27-May-2022|F419|27-May-2022|Z9181|27-May-2022|Z1331|27-May-2022|Z1331|27-May-2022|F1990|27-May-2022|F109|27-May-2022|||||||||||||||||||||||||||||||||||0|0||5|450|G0444|3.0|2022-05-28T00:00:00|hospital_A|hospital_A_20220527
SYN_BENE_5F5BD4C0FA61|SYN_CLM_D75F46F4F21E|V|60|27-May-2022|27-May-2022|03-Jun-2022||3|030115|1|1|1|| |2350.86|0.0| ||3|1275566200| |9999997494| |9999997494|||0|1| |2350.86|27-May-2022|1|2|A|10|0.0|470.16|0|4|0.0|0.0|0|0|0|0|0|0|0|0|0|0|0|0|0|||||27-May-2022|951.0|0|0||Z733|Z733|N|Z608|Y|E785|Y|E0922|N|E1129|N|T50905|N|E1121|Y|R931|Y|I259|Y|E8881|Y|R7303|Y|E669|Y|O00109|Y|O039|Y|P292|N|Z591|Y|||||||||||||||||||||| | | | | | | | | | | | | | | | | | | | | | |GZ3|27-May-2022|Z741|27-May-2022|F419|27-May-2022|Z9181|27-May-2022|Z1331|27-May-2022|Z1331|27-May-2022|F1990|27-May-2022|F109|27-May-2022|||||||||||||||||||||||||||||||||||0|0||6|450|G0444|3.0|2022-05-28T00:00:00|hospital_A|hospital_A_20220527
SYN_BENE_5F5BD4C0FA61|SYN_CLM_D75F46F4F21E|V|60|27-May-2022|27-May-2022|03-Jun-2022||3|030115|1|1|1|| |2350.86|0.0| ||3|1275566200| |9999997494| |9999997494|||0|1| |2350.86|27-May-2022|1|2|A|10|0.0|470.16|0|4|0.0|0.0|0|0|0|0|0|0|0|0|0|0|0|0|0|||||27-May-2022|951.0|0|0||Z733|Z733|N|Z608|Y|E785|Y|E0922|N|E1129|N|T50905|N|E1121|Y|R931|Y|I259|Y|E8881|Y|R7303|Y|E669|Y|O00109|Y|O039|Y|P292|N|Z591|Y|||||||||||||||||||||| | | | | | | | | | | | | | | | | | | | | | |GZ3|27-May-2022|Z741|27-May-2022|F419|27-May-2022|Z9181|27-May-2022|Z1331|27-May-2022|Z1331|27-May-2022|F1990|27-May-2022|F109|27-May-2022|||||||||||||||||||||||||||||||||||0|0||7|450|99408|3.0|2022-05-28T00:00:00|hospital_A|hospital_A_20220527
SYN_BENE_5F5BD4C0FA61|SYN_CLM_D75F46F4F21E|V|60|27-May-2022|27-May-2022|03-Jun-2022||3|030115|1|1|1|| |2350.86|0.0| ||3|1275566200| |9999997494| |9999997494|||0|1| |2350.86|27-May-2022|1|2|A|10|0.0|470.16|0|4|0.0|0.0|0|0|0|0|0|0|0|0|0|0|0|0|0|||||27-May-2022|951.0|0|0||Z733|Z733|N|Z608|Y|E785|Y|E0922|N|E1129|N|T50905|N|E1121|Y|R931|Y|I259|Y|E8881|Y|R7303|Y|E669|Y|O00109|Y|O039|Y|P292|N|Z591|Y|||||||||||||||||||||| | | | | | | | | | | | | | | | | | | | | | |GZ3|27-May-2022|Z741|27-May-2022|F419|27-May-2022|Z9181|27-May-2022|Z1331|27-May-2022|Z1331|27-May-2022|F1990|27-May-2022|F109|27-May-2022|||||||||||||||||||||||||||||||||||0|0||8|450|G0442|3.0|2022-05-28T00:00:00|hospital_A|hospital_A_20220527
SYN_BENE_9BC2D787C3B2|SYN_CLM_22F694CFB4A1|V|60|27-May-2022|27-May-2022|03-Jun-2022||3|030115|1|1|1|| |2350.86|0.0| ||3|1275566200| |9999997494| |9999997494|||0|1| |2350.86|27-May-2022|1|2|A|10|0.0|470.16|0|4|0.0|0.0|0|0|0|0|0|0|0|0|0|0|0|0|0|||||27-May-2022|951.0|0|0||Z733|Z733|N|Z608|Y|E785|Y|E0922|N|E1129|N|T50905|N|E1121|Y|R931|Y|I259|Y|E8881|Y|R7303|Y|E669|Y|O00109|Y|O039|Y|P292|N|Z591|Y|||||||||||||||||||||| | | | | | | | | | | | | | | | | | | | | | |GZ3|27-May-2022|Z741|27-May-2022|F419|27-May-2022|Z9181|27-May-2022|Z1331|27-May-2022|Z1331|27-May-2022|F1990|27-May-2022|F109|27-May-2022|||||||||||||||||||||||||||||||||||0|0||1|450|99495|3.0|2022-05-28T00:00:00|hospital_A|hospital_A_20220527
SYN_BENE_9BC2D787C3B2|SYN_CLM_22F694CFB4A1|V|60|27-May-2022|27-May-2022|03-Jun-2022||3|030115|1|1|1|| |2350.86|0.0| ||3|1275566200| |9999997494| |9999997494|||0|1| |2350.86|27-May-2022|1|2|A|10|0.0|470.16|0|4|0.0|0.0|0|0|0|0|0|0|0|0|0|0|0|0|0|||||27-May-2022|951.0|0|0||Z733|Z733|N|Z608|Y|E785|Y|E0922|N|E1129|N|T50905|N|E1121|Y|R931|Y|I259|Y|E8881|Y|R7303|Y|E669|Y|O00109|Y|O039|Y|P292|N|Z591|Y|||||||||||||||||||||| | | | | | | | | | | | | | | | | | | | | | |GZ3|27-May-2022|Z741|27-May-2022|F419|27-May-2022|Z9181|27-May-2022|Z1331|27-May-2022|Z1331|27-May-2022|F1990|27-May-2022|F109|27-May-2022|||||||||||||||||||||||||||||||||||0|0||2|450|96156|3.0|2022-05-28T00:00:00|hospital_A|hospital_A_20220527
SYN_BENE_9BC2D787C3B2|SYN_CLM_22F694CFB4A1|V|60|27-May-2022|27-May-2022|03-Jun-2022||3|030115|1|1|1|| |2350.86|0.0| ||3|1275566200| |9999997494| |9999997494|||0|1| |2350.86|27-May-2022|1|2|A|10|0.0|470.16|0|4|0.0|0.0|0|0|0|0|0|0|0|0|0|0|0|0|0|||||27-May-2022|951.0|0|0||Z733|Z733|N|Z608|Y|E785|Y|E0922|N|E1129|N|T50905|N|E1121|Y|R931|Y|I259|Y|E8881|Y|R7303|Y|E669|Y|O00109|Y|O039|Y|P292|N|Z591|Y|||||||||||||||||||||| | | | | | | | | | | | | | | | | | | | | | |GZ3|27-May-2022|Z741|27-May-2022|F419|27-May-2022|Z9181|27-May-2022|Z1331|27-May-2022|Z1331|27-May-2022|F1990|27-May-2022|F109|27-May-2022|||||||||||||||||||||||||||||||||||0|0||3|450|96127|3.0|2022-05-28T00:00:00|hospital_A|hospital_A_20220527
SYN_BENE_9BC2D787C3B2|SYN_CLM_22F694CFB4A1|V|60|27-May-2022|27-May-2022|03-Jun-2022||3|030115|1|1|1|| |2350.86|0.0| ||3|1275566200| |9999997494| |9999997494|||0|1| |2350.86|27-May-2022|1|2|A|10|0.0|470.16|0|4|0.0|0.0|0|0|0|0|0|0|0|0|0|0|0|0|0|||||27-May-2022|951.0|0|0||Z733|Z733|N|Z608|Y|E785|Y|E0922|N|E1129|N|T50905|N|E1121|Y|R931|Y|I259|Y|E8881|Y|R7303|Y|E669|Y|O00109|Y|O039|Y|P292|N|Z591|Y|||||||||||||||||||||| | | | | | | | | | | | | | | | | | | | | | |GZ3|27-May-2022|Z741|27-May-2022|F419|27-May-2022|Z9181|27-May-2022|Z1331|27-May-2022|Z1331|27-May-2022|F1990|27-May-2022|F109|27-May-2022|||||||||||||||||||||||||||||||||||0|0||4|450|M1069|3.0|2022-05-28T00:00:00|hospital_A|hospital_A_20220527
SYN_BENE_9BC2D787C3B2|SYN_CLM_22F694CFB4A1|V|60|27-May-2022|27-May-2022|03-Jun-2022||3|030115|1|1|1|| |2350.86|0.0| ||3|1275566200| |9999997494| |9999997494|||0|1| |2350.86|27-May-2022|1|2|A|10|0.0|470.16|0|4|0.0|0.0|0|0|0|0|0|0|0|0|0|0|0|0|0|||||27-May-2022|951.0|0|0||Z733|Z733|N|Z608|Y|E785|Y|E0922|N|E1129|N|T50905|N|E1121|Y|R931|Y|I259|Y|E8881|Y|R7303|Y|E669|Y|O00109|Y|O039|Y|P292|N|Z591|Y|||||||||||||||||||||| | | | | | | | | | | | | | | | | | | | | | |GZ3|27-May-2022|Z741|27-May-2022|F419|27-May-2022|Z9181|27-May-2022|Z1331|27-May-2022|Z1331|27-May-2022|F1990|27-May-2022|F109|27-May-2022|||||||||||||||||||||||||||||||||||0|0||5|450|G0444|3.0|2022-05-28T00:00:00|hospital_A|hospital_A_20220527
SYN_BENE_9BC2D787C3B2|SYN_CLM_22F694CFB4A1|V|60|27-May-2022|27-May-2022|03-Jun-2022||3|030115|1|1|1|| |2350.86|0.0| ||3|1275566200| |9999997494| |9999997494|||0|1| |2350.86|27-May-2022|1|2|A|10|0.0|470.16|0|4|0.0|0.0|0|0|0|0|0|0|0|0|0|0|0|0|0|||||27-May-2022|951.0|0|0||Z733|Z733|N|Z608|Y|E785|Y|E0922|N|E1129|N|T50905|N|E1121|Y|R931|Y|I259|Y|E8881|Y|R7303|Y|E669|Y|O00109|Y|O039|Y|P292|N|Z591|Y|||||||||||||||||||||| | | | | | | | | | | | | | | | | | | | | | |GZ3|27-May-2022|Z741|27-May-2022|F419|27-May-2022|Z9181|27-May-2022|Z1331|27-May-2022|Z1331|27-May-2022|F1990|27-May-2022|F109|27-May-2022|||||||||||||||||||||||||||||||||||0|0||6|450|G0444|3.0|2022-05-28T00:00:00|hospital_A|hospital_A_20220527
SYN_BENE_9BC2D787C3B2|SYN_CLM_22F694CFB4A1|V|60|27-May-2022|27-May-2022|03-Jun-2022||3|030115|1|1|1|| |2350.86|0.0| ||3|1275566200| |9999997494| |9999997494|||0|1| |2350.86|27-May-2022|1|2|A|10|0.0|470.16|0|4|0.0|0.0|0|0|0|0|0|0|0|0|0|0|0|0|0|||||27-May-2022|951.0|0|0||Z733|Z733|N|Z608|Y|E785|Y|E0922|N|E1129|N|T50905|N|E1121|Y|R931|Y|I259|Y|E8881|Y|R7303|Y|E669|Y|O00109|Y|O039|Y|P292|N|Z591|Y|||||||||||||||||||||| | | | | | | | | | | | | | | | | | | | | | |GZ3|27-May-2022|Z741|27-May-2022|F419|27-May-2022|Z9181|27-May-2022|Z1331|27-May-2022|Z1331|27-May-2022|F1990|27-May-2022|F109|27-May-2022|||||||||||||||||||||||||||||||||||0|0||7|450|99408|3.0|2022-05-28T00:00:00|hospital_A|hospital_A_20220527
SYN_BENE_9BC2D787C3B2|SYN_CLM_22F694CFB4A1|V|60|27-May-2022|27-May-2022|03-Jun-2022||3|030115|1|1|1|| |2350.86|0.0| ||3|1275566200| |9999997494| |9999997494|||0|1| |2350.86|27-May-2022|1|2|A|10|0.0|470.16|0|4|0.0|0.0|0|0|0|0|0|0|0|0|0|0|0|0|0|||||27-May-2022|951.0|0|0||Z733|Z733|N|Z608|Y|E785|Y|E0922|N|E1129|N|T50905|N|E1121|Y|R931|Y|I259|Y|E8881|Y|R7303|Y|E669|Y|O00109|Y|O039|Y|P292|N|Z591|Y|||||||||||||||||||||| | | | | | | | | | | | | | | | | | | | | | |GZ3|27-May-2022|Z741|27-May-2022|F419|27-May-2022|Z9181|27-May-2022|Z1331|27-May-2022|Z1331|27-May-2022|F1990|27-May-2022|F109|27-May-2022|||||||||||||||||||||||||||||||||||0|0||8|450|G0442|3.0|2022-05-28T00:00:00|hospital_A|hospital_A_20220527
SYN_BENE_C146742B3342|SYN_CLM_DA47AF343495|V|60|27-May-2022|27-May-2022|03-Jun-2022||3|030115|1|1|1|| |2350.86|0.0| ||3|1275566200| |9999997494| |9999997494|||0|1| |2350.86|27-May-2022|1|2|A|10|0.0|470.16|0|4|0.0|0.0|0|0|0|0|0|0|0|0|0|0|0|0|0|||||27-May-2022|951.0|0|0||Z733|Z733|N|Z608|Y|E785|Y|E0922|N|E1129|N|T50905|N|E1121|Y|R931|Y|I259|Y|E8881|Y|R7303|Y|E669|Y|O00109|Y|O039|Y|P292|N|Z591|Y|||||||||||||||||||||| | | | | | | | | | | | | | | | | | | | | | |GZ3|27-May-2022|Z741|27-May-2022|F419|27-May-2022|Z9181|27-May-2022|Z1331|27-May-2022|Z1331|27-May-2022|F1990|27-May-2022|F109|27-May-2022|||||||||||||||||||||||||||||||||||0|0||1|450|99495|3.0|2022-05-28T00:00:00|hospital_A|hospital_A_20220527
SYN_BENE_C146742B3342|SYN_CLM_DA47AF343495|V|60|27-May-2022|27-May-2022|03-Jun-2022||3|030115|1|1|1|| |2350.86|0.0| ||3|1275566200| |9999997494| |9999997494|||0|1| |2350.86|27-May-2022|1|2|A|10|0.0|470.16|0|4|0.0|0.0|0|0|0|0|0|0|0|0|0|0|0|0|0|||||27-May-2022|951.0|0|0||Z733|Z733|N|Z608|Y|E785|Y|E0922|N|E1129|N|T50905|N|E1121|Y|R931|Y|I259|Y|E8881|Y|R7303|Y|E669|Y|O00109|Y|O039|Y|P292|N|Z591|Y|||||||||||||||||||||| | | | | | | | | | | | | | | | | | | | | | |GZ3|27-May-2022|Z741|27-May-2022|F419|27-May-2022|Z9181|27-May-2022|Z1331|27-May-2022|Z1331|27-May-2022|F1990|27-May-2022|F109|27-May-2022|||||||||||||||||||||||||||||||||||0|0||2|450|96156|3.0|2022-05-28T00:00:00|hospital_A|hospital_A_20220527
SYN_BENE_C146742B3342|SYN_CLM_DA47AF343495|V|60|27-May-2022|27-May-2022|03-Jun-2022||3|030115|1|1|1|| |2350.86|0.0| ||3|1275566200| |9999997494| |9999997494|||0|1| |2350.86|27-May-2022|1|2|A|10|0.0|470.16|0|4|0.0|0.0|0|0|0|0|0|0|0|0|0|0|0|0|0|||||27-May-2022|951.0|0|0||Z733|Z733|N|Z608|Y|E785|Y|E0922|N|E1129|N|T50905|N|E1121|Y|R931|Y|I259|Y|E8881|Y|R7303|Y|E669|Y|O00109|Y|O039|Y|P292|N|Z591|Y|||||||||||||||||||||| | | | | | | | | | | | | | | | | | | | | | |GZ3|27-May-2022|Z741|27-May-2022|F419|27-May-2022|Z9181|27-May-2022|Z1331|27-May-2022|Z1331|27-May-2022|F1990|27-May-2022|F109|27-May-2022|||||||||||||||||||||||||||||||||||0|0||3|450|96127|3.0|2022-05-28T00:00:00|hospital_A|hospital_A_20220527
SYN_BENE_C146742B3342|SYN_CLM_DA47AF343495|V|60|27-May-2022|27-May-2022|03-Jun-2022||3|030115|1|1|1|| |2350.86|0.0| ||3|1275566200| |9999997494| |9999997494|||0|1| |2350.86|27-May-2022|1|2|A|10|0.0|470.16|0|4|0.0|0.0|0|0|0|0|0|0|0|0|0|0|0|0|0|||||27-May-2022|951.0|0|0||Z733|Z733|N|Z608|Y|E785|Y|E0922|N|E1129|N|T50905|N|E1121|Y|R931|Y|I259|Y|E8881|Y|R7303|Y|E669|Y|O00109|Y|O039|Y|P292|N|Z591|Y|||||||||||||||||||||| | | | | | | | | | | | | | | | | | | | | | |GZ3|27-May-2022|Z741|27-May-2022|F419|27-May-2022|Z9181|27-May-2022|Z1331|27-May-2022|Z1331|27-May-2022|F1990|27-May-2022|F109|27-May-2022|||||||||||||||||||||||||||||||||||0|0||4|450|M1069|3.0|2022-05-28T00:00:00|hospital_A|hospital_A_20220527
SYN_BENE_C146742B3342|SYN_CLM_DA47AF343495|V|60|27-May-2022|27-May-2022|03-Jun-2022||3|030115|1|1|1|| |2350.86|0.0| ||3|1275566200| |9999997494| |9999997494|||0|1| |2350.86|27-May-2022|1|2|A|10|0.0|470.16|0|4|0.0|0.0|0|0|0|0|0|0|0|0|0|0|0|0|0|||||27-May-2022|951.0|0|0||Z733|Z733|N|Z608|Y|E785|Y|E0922|N|E1129|N|T50905|N|E1121|Y|R931|Y|I259|Y|E8881|Y|R7303|Y|E669|Y|O00109|Y|O039|Y|P292|N|Z591|Y|||||||||||||||||||||| | | | | | | | | | | | | | | | | | | | | | |GZ3|27-May-2022|Z741|27-May-2022|F419|27-May-2022|Z9181|27-May-2022|Z1331|27-May-2022|Z1331|27-May-2022|F1990|27-May-2022|F109|27-May-2022|||||||||||||||||||||||||||||||||||0|0||5|450|G0444|3.0|2022-05-28T00:00:00|hospital_A|hospital_A_20220527
SYN_BENE_C146742B3342|SYN_CLM_DA47AF343495|V|60|27-May-2022|27-May-2022|03-Jun-2022||3|030115|1|1|1|| |2350.86|0.0| ||3|1275566200| |9999997494| |9999997494|||0|1| |2350.86|27-May-2022|1|2|A|10|0.0|470.16|0|4|0.0|0.0|0|0|0|0|0|0|0|0|0|0|0|0|0|||||27-May-2022|951.0|0|0||Z733|Z733|N|Z608|Y|E785|Y|E0922|N|E1129|N|T50905|N|E1121|Y|R931|Y|I259|Y|E8881|Y|R7303|Y|E669|Y|O00109|Y|O039|Y|P292|N|Z591|Y|||||||||||||||||||||| | | | | | | | | | | | | | | | | | | | | | |GZ3|27-May-2022|Z741|27-May-2022|F419|27-May-2022|Z9181|27-May-2022|Z1331|27-May-2022|Z1331|27-May-2022|F1990|27-May-2022|F109|27-May-2022|||||||||||||||||||||||||||||||||||0|0||6|450|G0444|3.0|2022-05-28T00:00:00|hospital_A|hospital_A_20220527
SYN_BENE_C146742B3342|SYN_CLM_DA47AF343495|V|60|27-May-2022|27-May-2022|03-Jun-2022||3|030115|1|1|1|| |2350.86|0.0| ||3|1275566200| |9999997494| |9999997494|||0|1| |2350.86|27-May-2022|1|2|A|10|0.0|470.16|0|4|0.0|0.0|0|0|0|0|0|0|0|0|0|0|0|0|0|||||27-May-2022|951.0|0|0||Z733|Z733|N|Z608|Y|E785|Y|E0922|N|E1129|N|T50905|N|E1121|Y|R931|Y|I259|Y|E8881|Y|R7303|Y|E669|Y|O00109|Y|O039|Y|P292|N|Z591|Y|||||||||||||||||||||| | | | | | | | | | | | | | | | | | | | | | |GZ3|27-May-2022|Z741|27-May-2022|F419|27-May-2022|Z9181|27-May-2022|Z1331|27-May-2022|Z1331|27-May-2022|F1990|27-May-2022|F109|27-May-2022|||||||||||||||||||||||||||||||||||0|0||7|450|99408|3.0|2022-05-28T00:00:00|hospital_A|hospital_A_20220527
SYN_BENE_C146742B3342|SYN_CLM_DA47AF343495|V|60|27-May-2022|27-May-2022|03-Jun-2022||3|030115|1|1|1|| |2350.86|0.0| ||3|1275566200| |9999997494| |9999997494|||0|1| |2350.86|27-May-2022|1|2|A|10|0.0|470.16|0|4|0.0|0.0|0|0|0|0|0|0|0|0|0|0|0|0|0|||||27-May-2022|951.0|0|0||Z733|Z733|N|Z608|Y|E785|Y|E0922|N|E1129|N|T50905|N|E1121|Y|R931|Y|I259|Y|E8881|Y|R7303|Y|E669|Y|O00109|Y|O039|Y|P292|N|Z591|Y|||||||||||||||||||||| | | | | | | | | | | | | | | | | | | | | | |GZ3|27-May-2022|Z741|27-May-2022|F419|27-May-2022|Z9181|27-May-2022|Z1331|27-May-2022|Z1331|27-May-2022|F1990|27-May-2022|F109|27-May-2022|||||||||||||||||||||||||||||||||||0|0||8|450|G0442|3.0|2022-05-28T00:00:00|hospital_A|hospital_A_20220527
SYN_BENE_831660E26199|SYN_CLM_18E1BCA3ABDB|V|60|27-May-2022|27-May-2022|03-Jun-2022||3|030115|1|1|1|| |2350.86|0.0| ||3|1275566200| |9999997494| |9999997494|||0|1| |2350.86|27-May-2022|1|2|A|10|0.0|470.16|0|4|0.0|0.0|0|0|0|0|0|0|0|0|0|0|0|0|0|||||27-May-2022|951.0|0|0||Z733|Z733|N|Z608|Y|E785|Y|E0922|N|E1129|N|T50905|N|E1121|Y|R931|Y|I259|Y|E8881|Y|R7303|Y|E669|Y|O00109|Y|O039|Y|P292|N|Z591|Y|||||||||||||||||||||| | | | | | | | | | | | | | | | | | | | | | |GZ3|27-May-2022|Z741|27-May-2022|F419|27-May-2022|Z9181|27-May-2022|Z1331|27-May-2022|Z1331|27-May-2022|F1990|27-May-2022|F109|27-May-2022|||||||||||||||||||||||||||||||||||0|0||1|450|99495|3.0|2022-05-28T00:00:00|hospital_A|hospital_A_20220527
SYN_BENE_831660E26199|SYN_CLM_18E1BCA3ABDB|V|60|27-May-2022|27-May-2022|03-Jun-2022||3|030115|1|1|1|| |2350.86|0.0| ||3|1275566200| |9999997494| |9999997494|||0|1| |2350.86|27-May-2022|1|2|A|10|0.0|470.16|0|4|0.0|0.0|0|0|0|0|0|0|0|0|0|0|0|0|0|||||27-May-2022|951.0|0|0||Z733|Z733|N|Z608|Y|E785|Y|E0922|N|E1129|N|T50905|N|E1121|Y|R931|Y|I259|Y|E8881|Y|R7303|Y|E669|Y|O00109|Y|O039|Y|P292|N|Z591|Y|||||||||||||||||||||| | | | | | | | | | | | | | | | | | | | | | |GZ3|27-May-2022|Z741|27-May-2022|F419|27-May-2022|Z9181|27-May-2022|Z1331|27-May-2022|Z1331|27-May-2022|F1990|27-May-2022|F109|27-May-2022|||||||||||||||||||||||||||||||||||0|0||2|450|96156|3.0|2022-05-28T00:00:00|hospital_A|hospital_A_20220527
SYN_BENE_831660E26199|SYN_CLM_18E1BCA3ABDB|V|60|27-May-2022|27-May-2022|03-Jun-2022||3|030115|1|1|1|| |2350.86|0.0| ||3|1275566200| |9999997494| |9999997494|||0|1| |2350.86|27-May-2022|1|2|A|10|0.0|470.16|0|4|0.0|0.0|0|0|0|0|0|0|0|0|0|0|0|0|0|||||27-May-2022|951.0|0|0||Z733|Z733|N|Z608|Y|E785|Y|E0922|N|E1129|N|T50905|N|E1121|Y|R931|Y|I259|Y|E8881|Y|R7303|Y|E669|Y|O00109|Y|O039|Y|P292|N|Z591|Y|||||||||||||||||||||| | | | | | | | | | | | | | | | | | | | | | |GZ3|27-May-2022|Z741|27-May-2022|F419|27-May-2022|Z9181|27-May-2022|Z1331|27-May-2022|Z1331|27-May-2022|F1990|27-May-2022|F109|27-May-2022|||||||||||||||||||||||||||||||||||0|0||3|450|96127|3.0|2022-05-28T00:00:00|hospital_A|hospital_A_20220527
SYN_BENE_831660E26199|SYN_CLM_18E1BCA3ABDB|V|60|27-May-2022|27-May-2022|03-Jun-2022||3|030115|1|1|1|| |2350.86|0.0| ||3|1275566200| |9999997494| |9999997494|||0|1| |2350.86|27-May-2022|1|2|A|10|0.0|470.16|0|4|0.0|0.0|0|0|0|0|0|0|0|0|0|0|0|0|0|||||27-May-2022|951.0|0|0||Z733|Z733|N|Z608|Y|E785|Y|E0922|N|E1129|N|T50905|N|E1121|Y|R931|Y|I259|Y|E8881|Y|R7303|Y|E669|Y|O00109|Y|O039|Y|P292|N|Z591|Y|||||||||||||||||||||| | | | | | | | | | | | | | | | | | | | | | |GZ3|27-May-2022|Z741|27-May-2022|F419|27-May-2022|Z9181|27-May-2022|Z1331|27-May-2022|Z1331|27-May-2022|F1990|27-May-2022|F109|27-May-2022|||||||||||||||||||||||||||||||||||0|0||4|450|M1069|3.0|2022-05-28T00:00:00|hospital_A|hospital_A_20220527
SYN_BENE_831660E26199|SYN_CLM_18E1BCA3ABDB|V|60|27-May-2022|27-May-2022|03-Jun-2022||3|030115|1|1|1|| |2350.86|0.0| ||3|1275566200| |9999997494| |9999997494|||0|1| |2350.86|27-May-2022|1|2|A|10|0.0|470.16|0|4|0.0|0.0|0|0|0|0|0|0|0|0|0|0|0|0|0|||||27-May-2022|951.0|0|0||Z733|Z733|N|Z608|Y|E785|Y|E0922|N|E1129|N|T50905|N|E1121|Y|R931|Y|I259|Y|E8881|Y|R7303|Y|E669|Y|O00109|Y|O039|Y|P292|N|Z591|Y|||||||||||||||||||||| | | | | | | | | | | | | | | | | | | | | | |GZ3|27-May-2022|Z741|27-May-2022|F419|27-May-2022|Z9181|27-May-2022|Z1331|27-May-2022|Z1331|27-May-2022|F1990|27-May-2022|F109|27-May-2022|||||||||||||||||||||||||||||||||||0|0||5|450|G0444|3.0|2022-05-28T00:00:00|hospital_A|hospital_A_20220527
SYN_BENE_831660E26199|SYN_CLM_18E1BCA3ABDB|V|60|27-May-2022|27-May-2022|03-Jun-2022||3|030115|1|1|1|| |2350.86|0.0| ||3|1275566200| |9999997494| |9999997494|||0|1| |2350.86|27-May-2022|1|2|A|10|0.0|470.16|0|4|0.0|0.0|0|0|0|0|0|0|0|0|0|0|0|0|0|||||27-May-2022|951.0|0|0||Z733|Z733|N|Z608|Y|E785|Y|E0922|N|E1129|N|T50905|N|E1121|Y|R931|Y|I259|Y|E8881|Y|R7303|Y|E669|Y|O00109|Y|O039|Y|P292|N|Z591|Y|||||||||||||||||||||| | | | | | | | | | | | | | | | | | | | | | |GZ3|27-May-2022|Z741|27-May-2022|F419|27-May-2022|Z9181|27-May-2022|Z1331|27-May-2022|Z1331|27-May-2022|F1990|27-May-2022|F109|27-May-2022|||||||||||||||||||||||||||||||||||0|0||6|450|G0444|3.0|2022-05-28T00:00:00|hospital_A|hospital_A_20220527
SYN_BENE_831660E26199|SYN_CLM_18E1BCA3ABDB|V|60|27-May-2022|27-May-2022|03-Jun-2022||3|030115|1|1|1|| |2350.86|0.0| ||3|1275566200| |9999997494| |9999997494|||0|1| |2350.86|27-May-2022|1|2|A|10|0.0|470.16|0|4|0.0|0.0|0|0|0|0|0|0|0|0|0|0|0|0|0|||||27-May-2022|951.0|0|0||Z733|Z733|N|Z608|Y|E785|Y|E0922|N|E1129|N|T50905|N|E1121|Y|R931|Y|I259|Y|E8881|Y|R7303|Y|E669|Y|O00109|Y|O039|Y|P292|N|Z591|Y|||||||||||||||||||||| | | | | | | | | | | | | | | | | | | | | | |GZ3|27-May-2022|Z741|27-May-2022|F419|27-May-2022|Z9181|27-May-2022|Z1331|27-May-2022|Z1331|27-May-2022|F1990|27-May-2022|F109|27-May-2022|||||||||||||||||||||||||||||||||||0|0||7|450|99408|3.0|2022-05-28T00:00:00|hospital_A|hospital_A_20220527
SYN_BENE_831660E26199|SYN_CLM_18E1BCA3ABDB|V|60|27-May-2022|27-May-2022|03-Jun-2022||3|030115|1|1|1|| |2350.86|0.0| ||3|1275566200| |9999997494| |9999997494|||0|1| |2350.86|27-May-2022|1|2|A|10|0.0|470.16|0|4|0.0|0.0|0|0|0|0|0|0|0|0|0|0|0|0|0|||||27-May-2022|951.0|0|0||Z733|Z733|N|Z608|Y|E785|Y|E0922|N|E1129|N|T50905|N|E1121|Y|R931|Y|I259|Y|E8881|Y|R7303|Y|E669|Y|O00109|Y|O039|Y|P292|N|Z591|Y|||||||||||||||||||||| | | | | | | | | | | | | | | | | | | | | | |GZ3|27-May-2022|Z741|27-May-2022|F419|27-May-2022|Z9181|27-May-2022|Z1331|27-May-2022|Z1331|27-May-2022|F1990|27-May-2022|F109|27-May-2022|||||||||||||||||||||||||||||||||||0|0||8|450|G0442|3.0|2022-05-28T00:00:00|hospital_A|hospital_A_20220527
