BENE_ID|CLM_ID|NCH_NEAR_LINE_REC_IDENT_CD|NCH_CLM_TYPE_CD|CLM_FROM_DT|CLM_THRU_DT|NCH_WKLY_PROC_DT|FI_CLM_PROC_DT|CLAIM_QUERY_CODE|PRVDR_NUM|CLM_FAC_TYPE_CD|CLM_SRVC_CLSFCTN_TYPE_CD|CLM_FREQ_CD|FI_NUM|CLM_MDCR_NON_PMT_RSN_CD|CLM_PMT_AMT|NCH_PRMRY_PYR_CLM_PD_AMT|NCH_PRMRY_PYR_CD|FI_CLM_ACTN_CD|PRVDR_STATE_CD|ORG_NPI_NUM|AT_PHYSN_UPIN|AT_PHYSN_NPI|OP_PHYSN_UPIN|OP_PHYSN_NPI|OT_PHYSN_UPIN|OT_PHYSN_NPI|CLM_MCO_PD_SW|PTNT_DSCHRG_STUS_CD|CLM_PPS_IND_CD|CLM_TOT_CHRG_AMT|CLM_ADMSN_DT|CLM_IP_ADMSN_TYPE_CD|CLM_SRC_IP_ADMSN_CD|NCH_PTNT_STATUS_IND_CD|CLM_PASS_THRU_PER_DIEM_AMT|NCH_BENE_IP_DDCTBL_AMT|NCH_BENE_PTA_COINSRNC_LBLTY_AM|NCH_BENE_BLOOD_DDCTBL_LBLTY_AM|NCH_PROFNL_CMPNT_CHRG_AMT|NCH_IP_NCVRD_CHRG_AMT|NCH_IP_TOT_DDCTN_AMT|CLM_TOT_PPS_CPTL_AMT|CLM_PPS_CPTL_FSP_AMT|CLM_PPS_CPTL_OUTLIER_AMT|CLM_PPS_CPTL_DSPRPRTNT_SHR_AMT|CLM_PPS_CPTL_IME_AMT|CLM_PPS_CPTL_EXCPTN_AMT|CLM_PPS_OLD_CPTL_HLD_HRMLS_AMT|CLM_PPS_CPTL_DRG_WT_NUM|CLM_UTLZTN_DAY_CNT|BENE_TOT_COINSRNC_DAYS_CNT|BENE_LRD_USED_CNT|CLM_NON_UTLZTN_DAYS_CNT|NCH_BLOOD_PNTS_FRNSHD_QTY|NCH_VRFD_NCVRD_STAY_FROM_DT|NCH_VRFD_NCVRD_STAY_THRU_DT|NCH_ACTV_OR_CVRD_LVL_CARE_THRU|NCH_BENE_MDCR_BNFTS_EXHTD_DT_I|NCH_BENE_DSCHRG_DT|CLM_DRG_CD|CLM_DRG_OUTLIER_STAY_CD|NCH_DRG_OUTLIER_APRVD_PMT_AMT|ADMTG_DGNS_CD|PRNCPAL_DGNS_CD|ICD_DGNS_CD1|CLM_POA_IND_SW1|ICD_DGNS_CD2|CLM_POA_IND_SW2|ICD_DGNS_CD3|CLM_POA_IND_SW3|ICD_DGNS_CD4|CLM_POA_IND_SW4|ICD_DGNS_CD5|CLM_POA_IND_SW5|ICD_DGNS_CD6|CLM_POA_IND_SW6|ICD_DGNS_CD7|CLM_POA_IND_SW7|ICD_DGNS_CD8|CLM_POA_IND_SW8|ICD_DGNS_CD9|CLM_POA_IND_SW9|ICD_DGNS_CD10|CLM_POA_IND_SW10|ICD_DGNS_CD11|CLM_POA_IND_SW11|ICD_DGNS_CD12|CLM_POA_IND_SW12|ICD_DGNS_CD13|CLM_POA_IND_SW13|ICD_DGNS_CD14|CLM_POA_IND_SW14|ICD_DGNS_CD15|CLM_POA_IND_SW15|ICD_DGNS_CD16|CLM_POA_IND_SW16|ICD_DGNS_CD17|CLM_POA_IND_SW17|ICD_DGNS_CD18|CLM_POA_IND_SW18|ICD_DGNS_CD19|CLM_POA_IND_SW19|ICD_DGNS_CD20|CLM_POA_IND_SW20|ICD_DGNS_CD21|CLM_POA_IND_SW21|ICD_DGNS_CD22|CLM_POA_IND_SW22|ICD_DGNS_CD23|CLM_POA_IND_SW23|ICD_DGNS_CD24|CLM_POA_IND_SW24|ICD_DGNS_CD25|CLM_POA_IND_SW25|FST_DGNS_E_CD|ICD_DGNS_E_CD1|CLM_E_POA_IND_SW1|ICD_DGNS_E_CD2|CLM_E_POA_IND_SW2|ICD_DGNS_E_CD3|CLM_E_POA_IND_SW3|ICD_DGNS_E_CD4|CLM_E_POA_IND_SW4|ICD_DGNS_E_CD5|CLM_E_POA_IND_SW5|ICD_DGNS_E_CD6|CLM_E_POA_IND_SW6|ICD_DGNS_E_CD7|CLM_E_POA_IND_SW7|ICD_DGNS_E_CD8|CLM_E_POA_IND_SW8|ICD_DGNS_E_CD9|CLM_E_POA_IND_SW9|ICD_DGNS_E_CD10|CLM_E_POA_IND_SW10|ICD_DGNS_E_CD11|CLM_E_POA_IND_SW11|ICD_DGNS_E_CD12|CLM_E_POA_IND_SW12|ICD_PRCDR_CD1|PRCDR_DT1|ICD_PRCDR_CD2|PRCDR_DT2|ICD_PRCDR_CD3|PRCDR_DT3|ICD_PRCDR_CD4|PRCDR_DT4|ICD_PRCDR_CD5|PRCDR_DT5|ICD_PRCDR_CD6|PRCDR_DT6|ICD_PRCDR_CD7|PRCDR_DT7|ICD_PRCDR_CD8|PRCDR_DT8|ICD_PRCDR_CD9|PRCDR_DT9|ICD_PRCDR_CD10|PRCDR_DT10|ICD_PRCDR_CD11|PRCDR_DT11|ICD_PRCDR_CD12|PRCDR_DT12|ICD_PRCDR_CD13|PRCDR_DT13|ICD_PRCDR_CD14|PRCDR_DT14|ICD_PRCDR_CD15|PRCDR_DT15|ICD_PRCDR_CD16|PRCDR_DT16|ICD_PRCDR_CD17|PRCDR_DT17|ICD_PRCDR_CD18|PRCDR_DT18|ICD_PRCDR_CD19|PRCDR_DT19|ICD_PRCDR_CD20|PRCDR_DT20|ICD_PRCDR_CD21|PRCDR_DT21|ICD_PRCDR_CD22|PRCDR_DT22|ICD_PRCDR_CD23|PRCDR_DT23|ICD_PRCDR_CD24|PRCDR_DT24|ICD_PRCDR_CD25|PRCDR_DT25|IME_OP_CLM_VAL_AMT|DSH_OP_CLM_VAL_AMT|CLM_UNCOMPD_CARE_PMT_AMT|CLM_LINE_NUM|REV_CNTR|HCPCS_CD|REV_CNTR_DDCTBL_COINSRNC_CD|ingestion_timestamp|hospital_id|batch_id
-10000010275202|-10000930958389|V|60|22-Jul-2019|22-Jul-2019|26-Jul-2019||3|377673|1|1|1|| |2179.04|0.0| ||37|1306950993| |9999907899| |9999907899|||0|1| |2179.04|22-Jul-2019|1|2|A|10|0.0|435.83|0|4|0.0|0.0|0|0|0|0|0|0|0|0|0|0|0|0|0|||||22-Jul-2019|951.0|0|0||Z733|Z733|Y|Y0704|Y|N1830|Y|R801|N|E1122|N|R809|N|Z653|Y|I4891|Y|I1310|Y|E1121|Y|E11319|Y|D4959|Y|D075|Y|E781|Y|E119|Y|E8881|Y|I10|Y|Z952|Y|I350|Y|R931|Y|I259|Y|E785|Y|E669|Y|G4733|N|G479|Y|||| | | | | | | | | | | | | | | | | | | | | | |GZ3|22-Jul-2019|G4730|22-Jul-2019|Z741|22-Jul-2019|F419|22-Jul-2019|Z9181|22-Jul-2019|Z139|22-Jul-2019|Z1331|22-Jul-2019|Z1331|22-Jul-2019|F1990|23-Jul-2019|F109|23-Jul-2019|||||||||||||||||||||||||||||||0|0||1|450|99495|3.0|2019-07-23T00:00:00|hospital_C|hospital_C_20190722
-10000010275202|-10000930958389|V|60|22-Jul-2019|22-Jul-2019|26-Jul-2019||3|377673|1|1|1|| |2179.04|0.0| ||37|1306950993| |9999907899| |9999907899|||0|1| |2179.04|22-Jul-2019|1|2|A|10|0.0|435.83|0|4|0.0|0.0|0|0|0|0|0|0|0|0|0|0|0|0|0|||||22-Jul-2019|951.0|0|0||Z733|Z733|Y|Y0704|Y|N1830|Y|R801|N|E1122|N|R809|N|Z653|Y|I4891|Y|I1310|Y|E1121|Y|E11319|Y|D4959|Y|D075|Y|E781|Y|E119|Y|E8881|Y|I10|Y|Z952|Y|I350|Y|R931|Y|I259|Y|E785|Y|E669|Y|G4733|N|G479|Y|||| | | | | | | | | | | | | | | | | | | | | | |GZ3|22-Jul-2019|G4730|22-Jul-2019|Z741|22-Jul-2019|F419|22-Jul-2019|Z9181|22-Jul-2019|Z139|22-Jul-2019|Z1331|22-Jul-2019|Z1331|22-Jul-2019|F1990|23-Jul-2019|F109|23-Jul-2019|||||||||||||||||||||||||||||||0|0||2|450|G8839|3.0|2019-07-23T00:00:00|hospital_C|hospital_C_20190722
-10000010275202|-10000930958389|V|60|22-Jul-2019|22-Jul-2019|26-Jul-2019||3|377673|1|1|1|| |2179.04|0.0| ||37|1306950993| |9999907899| |9999907899|||0|1| |2179.04|22-Jul-2019|1|2|A|10|0.0|435.83|0|4|0.0|0.0|0|0|0|0|0|0|0|0|0|0|0|0|0|||||22-Jul-2019|951.0|0|0||Z733|Z733|Y|Y0704|Y|N1830|Y|R801|N|E1122|N|R809|N|Z653|Y|I4891|Y|I1310|Y|E1121|Y|E11319|Y|D4959|Y|D075|Y|E781|Y|E119|Y|E8881|Y|I10|Y|Z952|Y|I350|Y|R931|Y|I259|Y|E785|Y|E669|Y|G4733|N|G479|Y|||| | | | | | | | | | | | | | | | | | | | | | |GZ3|22-Jul-2019|G4730|22-Jul-2019|Z741|22-Jul-2019|F419|22-Jul-2019|Z9181|22-Jul-2019|Z139|22-Jul-2019|Z1331|22-Jul-2019|Z1331|22-Jul-2019|F1990|23-Jul-2019|F109|23-Jul-2019|||||||||||||||||||||||||||||||0|0||3|450|96156|3.0|2019-07-23T00:00:00|hospital_C|hospital_C_20190722
-10000010275202|-10000930958389|V|60|22-Jul-2019|22-Jul-2019|26-Jul-2019||3|377673|1|1|1|| |2179.04|0.0| ||37|1306950993| |9999907899| |9999907899|||0|1| |2179.04|22-Jul-2019|1|2|A|10|0.0|435.83|0|4|0.0|0.0|0|0|0|0|0|0|0|0|0|0|0|0|0|||||22-Jul-2019|951.0|0|0||Z733|Z733|Y|Y0704|Y|N1830|Y|R801|N|E1122|N|R809|N|Z653|Y|I4891|Y|I1310|Y|E1121|Y|E11319|Y|D4959|Y|D075|Y|E781|Y|E119|Y|E8881|Y|I10|Y|Z952|Y|I350|Y|R931|Y|I259|Y|E785|Y|E669|Y|G4733|N|G479|Y|||| | | | | | | | | | | | | | | | | | | | | | |GZ3|22-Jul-2019|G4730|22-Jul-2019|Z741|22-Jul-2019|F419|22-Jul-2019|Z9181|22-Jul-2019|Z139|22-Jul-2019|Z1331|22-Jul-2019|Z1331|22-Jul-2019|F1990|23-Jul-2019|F109|23-Jul-2019|||||||||||||||||||||||||||||||0|0||4|450|96127|3.0|2019-07-23T00:00:00|hospital_C|hospital_C_20190722
-10000010275202|-10000930958389|V|60|22-Jul-2019|22-Jul-2019|26-Jul-2019||3|377673|1|1|1|| |2179.04|0.0| ||37|1306950993| |9999907899| |9999907899|||0|1| |2179.04|22-Jul-2019|1|2|A|10|0.0|435.83|0|4|0.0|0.0|0|0|0|0|0|0|0|0|0|0|0|0|0|||||22-Jul-2019|951.0|0|0||Z733|Z733|Y|Y0704|Y|N1830|Y|R801|N|E1122|N|R809|N|Z653|Y|I4891|Y|I1310|Y|E1121|Y|E11319|Y|D4959|Y|D075|Y|E781|Y|E119|Y|E8881|Y|I10|Y|Z952|Y|I350|Y|R931|Y|I259|Y|E785|Y|E669|Y|G4733|N|G479|Y|||| | | | | | | | | | | | | | | | | | | | | | |GZ3|22-Jul-2019|G4730|22-Jul-2019|Z741|22-Jul-2019|F419|22-Jul-2019|Z9181|22-Jul-2019|Z139|22-Jul-2019|Z1331|22-Jul-2019|Z1331|22-Jul-2019|F1990|23-Jul-2019|F109|23-Jul-2019|||||||||||||||||||||||||||||||0|0||5|450|M1069|3.0|2019-07-23T00:00:00|hospital_C|hospital_C_20190722
-10000010275202|-10000930958389|V|60|22-Jul-2019|22-Jul-2019|26-Jul-2019||3|377673|1|1|1|| |2179.04|0.0| ||37|1306950993| |9999907899| |9999907899|||0|1| |2179.04|22-Jul-2019|1|2|A|10|0.0|435.83|0|4|0.0|0.0|0|0|0|0|0|0|0|0|0|0|0|0|0|||||22-Jul-2019|951.0|0|0||Z733|Z733|Y|Y0704|Y|N1830|Y|R801|N|E1122|N|R809|N|Z653|Y|I4891|Y|I1310|Y|E1121|Y|E11319|Y|D4959|Y|D075|Y|E781|Y|E119|Y|E8881|Y|I10|Y|Z952|Y|I350|Y|R931|Y|I259|Y|E785|Y|E669|Y|G4733|N|G479|Y|||| | | | | | | | | | | | | | | | | | | | | | |GZ3|22-Jul-2019|G4730|22-Jul-2019|Z741|22-Jul-2019|F419|22-Jul-2019|Z9181|22-Jul-2019|Z139|22-Jul-2019|Z1331|22-Jul-2019|Z1331|22-Jul-2019|F1990|23-Jul-2019|F109|23-Jul-2019|||||||||||||||||||||||||||||||0|0||6|450|99401|3.0|2019-07-23T00:00:00|hospital_C|hospital_C_20190722
-10000010275202|-10000930958389|V|60|22-Jul-2019|22-Jul-2019|26-Jul-2019||3|377673|1|1|1|| |2179.04|0.0| ||37|1306950993| |9999907899| |9999907899|||0|1| |2179.04|22-Jul-2019|1|2|A|10|0.0|435.83|0|4|0.0|0.0|0|0|0|0|0|0|0|0|0|0|0|0|0|||||22-Jul-2019|951.0|0|0||Z733|Z733|Y|Y0704|Y|N1830|Y|R801|N|E1122|N|R809|N|Z653|Y|I4891|Y|I1310|Y|E1121|Y|E11319|Y|D4959|Y|D075|Y|E781|Y|E119|Y|E8881|Y|I10|Y|Z952|Y|I350|Y|R931|Y|I259|Y|E785|Y|E669|Y|G4733|N|G479|Y|||| | | | | | | | | | | | | | | | | | | | | | |GZ3|22-Jul-2019|G4730|22-Jul-2019|Z741|22-Jul-2019|F419|22-Jul-2019|Z9181|22-Jul-2019|Z139|22-Jul-2019|Z1331|22-Jul-2019|Z1331|22-Jul-2019|F1990|23-Jul-2019|F109|23-Jul-2019|||||||||||||||||||||||||||||||0|0||7|450|G0444|3.0|2019-07-23T00:00:00|hospital_C|hospital_C_20190722
-10000010275202|-10000930958389|V|60|22-Jul-2019|22-Jul-2019|26-Jul-2019||3|377673|1|1|1|| |2179.04|0.0| ||37|1306950993| |9999907899| |9999907899|||0|1| |2179.04|22-Jul-2019|1|2|A|10|0.0|435.83|0|4|0.0|0.0|0|0|0|0|0|0|0|0|0|0|0|0|0|||||22-Jul-2019|951.0|0|0||Z733|Z733|Y|Y0704|Y|N1830|Y|R801|N|E1122|N|R809|N|Z653|Y|I4891|Y|I1310|Y|E1121|Y|E11319|Y|D4959|Y|D075|Y|E781|Y|E119|Y|E8881|Y|I10|Y|Z952|Y|I350|Y|R931|Y|I259|Y|E785|Y|E669|Y|G4733|N|G479|Y|||| | | | | | | | | | | | | | | | | | | | | | |GZ3|22-Jul-2019|G4730|22-Jul-2019|Z741|22-Jul-2019|F419|22-Jul-2019|Z9181|22-Jul-2019|Z139|22-Jul-2019|Z1331|22-Jul-2019|Z1331|22-Jul-2019|F1990|23-Jul-2019|F109|23-Jul-2019|||||||||||||||||||||||||||||||0|0||8|450|G0444|3.0|2019-07-23T00:00:00|hospital_C|hospital_C_20190722
-10000010275202|-10000930958389|V|60|22-Jul-2019|22-Jul-2019|26-Jul-2019||3|377673|1|1|1|| |2179.04|0.0| ||37|1306950993| |9999907899| |9999907899|||0|1| |2179.04|22-Jul-2019|1|2|A|10|0.0|435.83|0|4|0.0|0.0|0|0|0|0|0|0|0|0|0|0|0|0|0|||||22-Jul-2019|951.0|0|0||Z733|Z733|Y|Y0704|Y|N1830|Y|R801|N|E1122|N|R809|N|Z653|Y|I4891|Y|I1310|Y|E1121|Y|E11319|Y|D4959|Y|D075|Y|E781|Y|E119|Y|E8881|Y|I10|Y|Z952|Y|I350|Y|R931|Y|I259|Y|E785|Y|E669|Y|G4733|N|G479|Y|||| | | | | | | | | | | | | | | | | | | | | | |GZ3|22-Jul-2019|G4730|22-Jul-2019|Z741|22-Jul-2019|F419|22-Jul-2019|Z9181|22-Jul-2019|Z139|22-Jul-2019|Z1331|22-Jul-2019|Z1331|22-Jul-2019|F1990|23-Jul-2019|F109|23-Jul-2019|||||||||||||||||||||||||||||||0|0||9|450|99408|3.0|2019-07-23T00:00:00|hospital_C|hospital_C_20190722
-10000010275202|-10000930958389|V|60|22-Jul-2019|22-Jul-2019|26-Jul-2019||3|377673|1|1|1|| |2179.04|0.0| ||37|1306950993| |9999907899| |9999907899|||0|1| |2179.04|22-Jul-2019|1|2|A|10|0.0|435.83|0|4|0.0|0.0|0|0|0|0|0|0|0|0|0|0|0|0|0|||||22-Jul-2019|951.0|0|0||Z733|Z733|Y|Y0704|Y|N1830|Y|R801|N|E1122|N|R809|N|Z653|Y|I4891|Y|I1310|Y|E1121|Y|E11319|Y|D4959|Y|D075|Y|E781|Y|E119|Y|E8881|Y|I10|Y|Z952|Y|I350|Y|R931|Y|I259|Y|E785|Y|E669|Y|G4733|N|G479|Y|||| | | | | | | | | | | | | | | | | | | | | | |GZ3|22-Jul-2019|G4730|22-Jul-2019|Z741|22-Jul-2019|F419|22-Jul-2019|Z9181|22-Jul-2019|Z139|22-Jul-2019|Z1331|22-Jul-2019|Z1331|22-Jul-2019|F1990|23-Jul-2019|F109|23-Jul-2019|||||||||||||||||||||||||||||||0|0||10|450|G0442|3.0|2019-07-23T00:00:00|hospital_C|hospital_C_20190722
SYN_BENE_C07CF3DCF34A|SYN_CLM_8066BFECD05E|V|60|22-Jul-2019|22-Jul-2019|26-Jul-2019||3|377673|1|1|1|| |2179.04|0.0| ||37|1306950993| |9999907899| |9999907899|||0|1| |2179.04|22-Jul-2019|1|2|A|10|0.0|435.83|0|4|0.0|0.0|0|0|0|0|0|0|0|0|0|0|0|0|0|||||22-Jul-2019|951.0|0|0||Z733|Z733|Y|Y0704|Y|N1830|Y|R801|N|E1122|N|R809|N|Z653|Y|I4891|Y|I1310|Y|E1121|Y|E11319|Y|D4959|Y|D075|Y|E781|Y|E119|Y|E8881|Y|I10|Y|Z952|Y|I350|Y|R931|Y|I259|Y|E785|Y|E669|Y|G4733|N|G479|Y|||| | | | | | | | | | | | | | | | | | | | | | |GZ3|22-Jul-2019|G4730|22-Jul-2019|Z741|22-Jul-2019|F419|22-Jul-2019|Z9181|22-Jul-2019|Z139|22-Jul-2019|Z1331|22-Jul-2019|Z1331|22-Jul-2019|F1990|23-Jul-2019|F109|23-Jul-2019|||||||||||||||||||||||||||||||0|0||1|450|99495|3.0|2019-07-23T00:00:00|hospital_C|hospital_C_20190722
SYN_BENE_C07CF3DCF34A|SYN_CLM_8066BFECD05E|V|60|22-Jul-2019|22-Jul-2019|26-Jul-2019||3|377673|1|1|1|| |2179.04|0.0| ||37|1306950993| |9999907899| |9999907899|||0|1| |2179.04|22-Jul-2019|1|2|A|10|0.0|435.83|0|4|0.0|0.0|0|0|0|0|0|0|0|0|0|0|0|0|0|||||22-Jul-2019|951.0|0|0||Z733|Z733|Y|Y0704|Y|N1830|Y|R801|N|E1122|N|R809|N|Z653|Y|I4891|Y|I1310|Y|E1121|Y|E11319|Y|D4959|Y|D075|Y|E781|Y|E119|Y|E8881|Y|I10|Y|Z952|Y|I350|Y|R931|Y|I259|Y|E785|Y|E669|Y|G4733|N|G479|Y|||| | | | | | | | | | | | | | | | | | | | | | |GZ3|22-Jul-2019|G4730|22-Jul-2019|Z741|22-Jul-2019|F419|22-Jul-2019|Z9181|22-Jul-2019|Z139|22-Jul-2019|Z1331|22-Jul-2019|Z1331|22-Jul-2019|F1990|23-Jul-2019|F109|23-Jul-2019|||||||||||||||||||||||||||||||0|0||2|450|G8839|3.0|2019-07-23T00:00:00|hospital_C|hospital_C_20190722
SYN_BENE_C07CF3DCF34A|SYN_CLM_8066BFECD05E|V|60|22-Jul-2019|22-Jul-2019|26-Jul-2019||3|377673|1|1|1|| |2179.04|0.0| ||37|1306950993| |9999907899| |9999907899|||0|1| |2179.04|22-Jul-2019|1|2|A|10|0.0|435.83|0|4|0.0|0.0|0|0|0|0|0|0|0|0|0|0|0|0|0|||||22-Jul-2019|951.0|0|0||Z733|Z733|Y|Y0704|Y|N1830|Y|R801|N|E1122|N|R809|N|Z653|Y|I4891|Y|I1310|Y|E1121|Y|E11319|Y|D4959|Y|D075|Y|E781|Y|E119|Y|E8881|Y|I10|Y|Z952|Y|I350|Y|R931|Y|I259|Y|E785|Y|E669|Y|G4733|N|G479|Y|||| | | | | | | | | | | | | | | | | | | | | | |GZ3|22-Jul-2019|G4730|22-Jul-2019|Z741|22-Jul-2019|F419|22-Jul-2019|Z9181|22-Jul-2019|Z139|22-Jul-2019|Z1331|22-Jul-2019|Z1331|22-Jul-2019|F1990|23-Jul-2019|F109|23-Jul-2019|||||||||||||||||||||||||||||||0|0||3|450|96156|3.0|2019-07-23T00:00:00|hospital_C|hospital_C_20190722
SYN_BENE_C07CF3DCF34A|SYN_CLM_8066BFECD05E|V|60|22-Jul-2019|22-Jul-2019|26-Jul-2019||3|377673|1|1|1|| |2179.04|0.0| ||37|1306950993| |9999907899| |9999907899|||0|1| |2179.04|22-Jul-2019|1|2|A|10|0.0|435.83|0|4|0.0|0.0|0|0|0|0|0|0|0|0|0|0|0|0|0|||||22-Jul-2019|951.0|0|0||Z733|Z733|Y|Y0704|Y|N1830|Y|R801|N|E1122|N|R809|N|Z653|Y|I4891|Y|I1310|Y|E1121|Y|E11319|Y|D4959|Y|D075|Y|E781|Y|E119|Y|E8881|Y|I10|Y|Z952|Y|I350|Y|R931|Y|I259|Y|E785|Y|E669|Y|G4733|N|G479|Y|||| | | | | | | | | | | | | | | | | | | | | | |GZ3|22-Jul-2019|G4730|22-Jul-2019|Z741|22-Jul-2019|F419|22-Jul-2019|Z9181|22-Jul-2019|Z139|22-Jul-2019|Z1331|22-Jul-2019|Z1331|22-Jul-2019|F1990|23-Jul-2019|F109|23-Jul-2019|||||||||||||||||||||||||||||||0|0||4|450|96127|3.0|2019-07-23T00:00:00|hospital_C|hospital_C_20190722
SYN_BENE_C07CF3DCF34A|SYN_CLM_8066BFECD05E|V|60|22-Jul-2019|22-Jul-2019|26-Jul-2019||3|377673|1|1|1|| |2179.04|0.0| ||37|1306950993| |9999907899| |9999907899|||0|1| |2179.04|22-Jul-2019|1|2|A|10|0.0|435.83|0|4|0.0|0.0|0|0|0|0|0|0|0|0|0|0|0|0|0|||||22-Jul-2019|951.0|0|0||Z733|Z733|Y|Y0704|Y|N1830|Y|R801|N|E1122|N|R809|N|Z653|Y|I4891|Y|I1310|Y|E1121|Y|E11319|Y|D4959|Y|D075|Y|E781|Y|E119|Y|E8881|Y|I10|Y|Z952|Y|I350|Y|R931|Y|I259|Y|E785|Y|E669|Y|G4733|N|G479|Y|||| | | | | | | | | | | | | | | | | | | | | | |GZ3|22-Jul-2019|G4730|22-Jul-2019|Z741|22-Jul-2019|F419|22-Jul-2019|Z9181|22-Jul-2019|Z139|22-Jul-2019|Z1331|22-Jul-2019|Z1331|22-Jul-2019|F1990|23-Jul-2019|F109|23-Jul-2019|||||||||||||||||||||||||||||||0|0||5|450|M1069|3.0|2019-07-23T00:00:00|hospital_C|hospital_C_20190722
SYN_BENE_C07CF3DCF34A|SYN_CLM_8066BFECD05E|V|60|22-Jul-2019|22-Jul-2019|26-Jul-2019||3|377673|1|1|1|| |2179.04|0.0| ||37|1306950993| |9999907899| |9999907899|||0|1| |2179.04|22-Jul-2019|1|2|A|10|0.0|435.83|0|4|0.0|0.0|0|0|0|0|0|0|0|0|0|0|0|0|0|||||22-Jul-2019|951.0|0|0||Z733|Z733|Y|Y0704|Y|N1830|Y|R801|N|E1122|N|R809|N|Z653|Y|I4891|Y|I1310|Y|E1121|Y|E11319|Y|D4959|Y|D075|Y|E781|Y|E119|Y|E8881|Y|I10|Y|Z952|Y|I350|Y|R931|Y|I259|Y|E785|Y|E669|Y|G4733|N|G479|Y|||| | | | | | | | | | | | | | | | | | | | | | |GZ3|22-Jul-2019|G4730|22-Jul-2019|Z741|22-Jul-2019|F419|22-Jul-2019|Z9181|22-Jul-2019|Z139|22-Jul-2019|Z1331|22-Jul-2019|Z1331|22-Jul-2019|F1990|23-Jul-2019|F109|23-Jul-2019|||||||||||||||||||||||||||||||0|0||6|450|99401|3.0|2019-07-23T00:00:00|hospital_C|hospital_C_20190722
SYN_BENE_C07CF3DCF34A|SYN_CLM_8066BFECD05E|V|60|22-Jul-2019|22-Jul-2019|26-Jul-2019||3|377673|1|1|1|| |2179.04|0.0| ||37|1306950993| |9999907899| |9999907899|||0|1| |2179.04|22-Jul-2019|1|2|A|10|0.0|435.83|0|4|0.0|0.0|0|0|0|0|0|0|0|0|0|0|0|0|0|||||22-Jul-2019|951.0|0|0||Z733|Z733|Y|Y0704|Y|N1830|Y|R801|N|E1122|N|R809|N|Z653|Y|I4891|Y|I1310|Y|E1121|Y|E11319|Y|D4959|Y|D075|Y|E781|Y|E119|Y|E8881|Y|I10|Y|Z952|Y|I350|Y|R931|Y|I259|Y|E785|Y|E669|Y|G4733|N|G479|Y|||| | | | | | | | | | | | | | | | | | | | | | |GZ3|22-Jul-2019|G4730|22-Jul-2019|Z741|22-Jul-2019|F419|22-Jul-2019|Z9181|22-Jul-2019|Z139|22-Jul-2019|Z1331|22-Jul-2019|Z1331|22-Jul-2019|F1990|23-Jul-2019|F109|23-Jul-2019|||||||||||||||||||||||||||||||0|0||7|450|G0444|3.0|2019-07-23T00:00:00|hospital_C|hospital_C_20190722
SYN_BENE_C07CF3DCF34A|SYN_CLM_8066BFECD05E|V|60|22-Jul-2019|22-Jul-2019|26-Jul-2019||3|377673|1|1|1|| |2179.04|0.0| ||37|1306950993| |9999907899| |9999907899|||0|1| |2179.04|22-Jul-2019|1|2|A|10|0.0|435.83|0|4|0.0|0.0|0|0|0|0|0|0|0|0|0|0|0|0|0|||||22-Jul-2019|951.0|0|0||Z733|Z733|Y|Y0704|Y|N1830|Y|R801|N|E1122|N|R809|N|Z653|Y|I4891|Y|I1310|Y|E1121|Y|E11319|Y|D4959|Y|D075|Y|E781|Y|E119|Y|E8881|Y|I10|Y|Z952|Y|I350|Y|R931|Y|I259|Y|E785|Y|E669|Y|G4733|N|G479|Y|||| | | | | | | | | | | | | | | | | | | | | | |GZ3|22-Jul-2019|G4730|22-Jul-2019|Z741|22-Jul-2019|F419|22-Jul-2019|Z9181|22-Jul-2019|Z139|22-Jul-2019|Z1331|22-Jul-2019|Z1331|22-Jul-2019|F1990|23-Jul-2019|F109|23-Jul-2019|||||||||||||||||||||||||||||||0|0||8|450|G0444|3.0|2019-07-23T00:00:00|hospital_C|hospital_C_20190722
SYN_BENE_C07CF3DCF34A|SYN_CLM_8066BFECD05E|V|60|22-Jul-2019|22-Jul-2019|26-Jul-2019||3|377673|1|1|1|| |2179.04|0.0| ||37|1306950993| |9999907899| |9999907899|||0|1| |2179.04|22-Jul-2019|1|2|A|10|0.0|435.83|0|4|0.0|0.0|0|0|0|0|0|0|0|0|0|0|0|0|0|||||22-Jul-2019|951.0|0|0||Z733|Z733|Y|Y0704|Y|N1830|Y|R801|N|E1122|N|R809|N|Z653|Y|I4891|Y|I1310|Y|E1121|Y|E11319|Y|D4959|Y|D075|Y|E781|Y|E119|Y|E8881|Y|I10|Y|Z952|Y|I350|Y|R931|Y|I259|Y|E785|Y|E669|Y|G4733|N|G479|Y|||| | | | | | | | | | | | | | | | | | | | | | |GZ3|22-Jul-2019|G4730|22-Jul-2019|Z741|22-Jul-2019|F419|22-Jul-2019|Z9181|22-Jul-2019|Z139|22-Jul-2019|Z1331|22-Jul-2019|Z1331|22-Jul-2019|F1990|23-Jul-2019|F109|23-Jul-2019|||||||||||||||||||||||||||||||0|0||9|450|99408|3.0|2019-07-23T00:00:00|hospital_C|hospital_C_20190722
SYN_BENE_C07CF3DCF34A|SYN_CLM_8066BFECD05E|V|60|22-Jul-2019|22-Jul-2019|26-Jul-2019||3|377673|1|1|1|| |2179.04|0.0| ||37|1306950993| |9999907899| |9999907899|||0|1| |2179.04|22-Jul-2019|1|2|A|10|0.0|435.83|0|4|0.0|0.0|0|0|0|0|0|0|0|0|0|0|0|0|0|||||22-Jul-2019|951.0|0|0||Z733|Z733|Y|Y0704|Y|N1830|Y|R801|N|E1122|N|R809|N|Z653|Y|I4891|Y|I1310|Y|E1121|Y|E11319|Y|D4959|Y|D075|Y|E781|Y|E119|Y|E8881|Y|I10|Y|Z952|Y|I350|Y|R931|Y|I259|Y|E785|Y|E669|Y|G4733|N|G479|Y|||| | | | | | | | | | | | | | | | | | | | | | |GZ3|22-Jul-2019|G4730|22-Jul-2019|Z741|22-Jul-2019|F419|22-Jul-2019|Z9181|22-Jul-2019|Z139|22-Jul-2019|Z1331|22-Jul-2019|Z1331|22-Jul-2019|F1990|23-Jul-2019|F109|23-Jul-2019|||||||||||||||||||||||||||||||0|0||10|450|G0442|3.0|2019-07-23T00:00:00|hospital_C|hospital_C_20190722
SYN_BENE_450C66C70C56|SYN_CLM_CE4764181E94|V|60|22-Jul-2019|22-Jul-2019|26-Jul-2019||3|377673|1|1|1|| |2179.04|0.0| ||37|1306950993| |9999907899| |9999907899|||0|1| |2179.04|22-Jul-2019|1|2|A|10|0.0|435.83|0|4|0.0|0.0|0|0|0|0|0|0|0|0|0|0|0|0|0|||||22-Jul-2019|951.0|0|0||Z733|Z733|Y|Y0704|Y|N1830|Y|R801|N|E1122|N|R809|N|Z653|Y|I4891|Y|I1310|Y|E1121|Y|E11319|Y|D4959|Y|D075|Y|E781|Y|E119|Y|E8881|Y|I10|Y|Z952|Y|I350|Y|R931|Y|I259|Y|E785|Y|E669|Y|G4733|N|G479|Y|||| | | | | | | | | | | | | | | | | | | | | | |GZ3|22-Jul-2019|G4730|22-Jul-2019|Z741|22-Jul-2019|F419|22-Jul-2019|Z9181|22-Jul-2019|Z139|22-Jul-2019|Z1331|22-Jul-2019|Z1331|22-Jul-2019|F1990|23-Jul-2019|F109|23-Jul-2019|||||||||||||||||||||||||||||||0|0||1|450|99495|3.0|2019-07-23T00:00:00|hospital_C|hospital_C_20190722
SYN_BENE_450C66C70C56|SYN_CLM_CE4764181E94|V|60|22-Jul-2019|22-Jul-2019|26-Jul-2019||3|377673|1|1|1|| |2179.04|0.0| ||37|1306950993| |9999907899| |9999907899|||0|1| |2179.04|22-Jul-2019|1|2|A|10|0.0|435.83|0|4|0.0|0.0|0|0|0|0|0|0|0|0|0|0|0|0|0|||||22-Jul-2019|951.0|0|0||Z733|Z733|Y|Y0704|Y|N1830|Y|R801|N|E1122|N|R809|N|Z653|Y|I4891|Y|I1310|Y|E1121|Y|E11319|Y|D4959|Y|D075|Y|E781|Y|E119|Y|E8881|Y|I10|Y|Z952|Y|I350|Y|R931|Y|I259|Y|E785|Y|E669|Y|G4733|N|G479|Y|||| | | | | | | | | | | | | | | | | | | | | | |GZ3|22-Jul-2019|G4730|22-Jul-2019|Z741|22-Jul-2019|F419|22-Jul-2019|Z9181|22-Jul-2019|Z139|22-Jul-2019|Z1331|22-Jul-2019|Z1331|22-Jul-2019|F1990|23-Jul-2019|F109|23-Jul-2019|||||||||||||||||||||||||||||||0|0||2|450|G8839|3.0|2019-07-23T00:00:00|hospital_C|hospital_C_20190722
SYN_BENE_450C66C70C56|SYN_CLM_CE4764181E94|V|60|22-Jul-2019|22-Jul-2019|26-Jul-2019||3|377673|1|1|1|| |2179.04|0.0| ||37|1306950993| |9999907899| |9999907899|||0|1| |2179.04|22-Jul-2019|1|2|A|10|0.0|435.83|0|4|0.0|0.0|0|0|0|0|0|0|0|0|0|0|0|0|0|||||22-Jul-2019|951.0|0|0||Z733|Z733|Y|Y0704|Y|N1830|Y|R801|N|E1122|N|R809|N|Z653|Y|I4891|Y|I1310|Y|E1121|Y|E11319|Y|D4959|Y|D075|Y|E781|Y|E119|Y|E8881|Y|I10|Y|Z952|Y|I350|Y|R931|Y|I259|Y|E785|Y|E669|Y|G4733|N|G479|Y|||| | | | | | | | | | | | | | | | | | | | | | |GZ3|22-Jul-2019|G4730|22-Jul-2019|Z741|22-Jul-2019|F419|22-Jul-2019|Z9181|22-Jul-2019|Z139|22-Jul-2019|Z1331|22-Jul-2019|Z1331|22-Jul-2019|F1990|23-Jul-2019|F109|23-Jul-2019|||||||||||||||||||||||||||||||0|0||3|450|96156|3.0|2019-07-23T00:00:00|hospital_C|hospital_C_20190722
SYN_BENE_450C66C70C56|SYN_CLM_CE4764181E94|V|60|22-Jul-2019|22-Jul-2019|26-Jul-2019||3|377673|1|1|1|| |2179.04|0.0| ||37|1306950993| |9999907899| |9999907899|||0|1| |2179.04|22-Jul-2019|1|2|A|10|0.0|435.83|0|4|0.0|0.0|0|0|0|0|0|0|0|0|0|0|0|0|0|||||22-Jul-2019|951.0|0|0||Z733|Z733|Y|Y0704|Y|N1830|Y|R801|N|E1122|N|R809|N|Z653|Y|I4891|Y|I1310|Y|E1121|Y|E11319|Y|D4959|Y|D075|Y|E781|Y|E119|Y|E8881|Y|I10|Y|Z952|Y|I350|Y|R931|Y|I259|Y|E785|Y|E669|Y|G4733|N|G479|Y|||| | | | | | | | | | | | | | | | | | | | | | |GZ3|22-Jul-2019|G4730|22-Jul-2019|Z741|22-Jul-2019|F419|22-Jul-2019|Z9181|22-Jul-2019|Z139|22-Jul-2019|Z1331|22-Jul-2019|Z1331|22-Jul-2019|F1990|23-Jul-2019|F109|23-Jul-2019|||||||||||||||||||||||||||||||0|0||4|450|96127|3.0|2019-07-23T00:00:00|hospital_C|hospital_C_20190722
SYN_BENE_450C66C70C56|SYN_CLM_CE4764181E94|V|60|22-Jul-2019|22-Jul-2019|26-Jul-2019||3|377673|1|1|1|| |2179.04|0.0| ||37|1306950993| |9999907899| |9999907899|||0|1| |2179.04|22-Jul-2019|1|2|A|10|0.0|435.83|0|4|0.0|0.0|0|0|0|0|0|0|0|0|0|0|0|0|0|||||22-Jul-2019|951.0|0|0||Z733|Z733|Y|Y0704|Y|N1830|Y|R801|N|E1122|N|R809|N|Z653|Y|I4891|Y|I1310|Y|E1121|Y|E11319|Y|D4959|Y|D075|Y|E781|Y|E119|Y|E8881|Y|I10|Y|Z952|Y|I350|Y|R931|Y|I259|Y|E785|Y|E669|Y|G4733|N|G479|Y|||| | | | | | | | | | | | | | | | | | | | | | |GZ3|22-Jul-2019|G4730|22-Jul-2019|Z741|22-Jul-2019|F419|22-Jul-2019|Z9181|22-Jul-2019|Z139|22-Jul-2019|Z1331|22-Jul-2019|Z1331|22-Jul-2019|F1990|23-Jul-2019|F109|23-Jul-2019|||||||||||||||||||||||||||||||0|0||5|450|M1069|3.0|2019-07-23T00:00:00|hospital_C|hospital_C_20190722
SYN_BENE_450C66C70C56|SYN_CLM_CE4764181E94|V|60|22-Jul-2019|22-Jul-2019|26-Jul-2019||3|377673|1|1|1|| |2179.04|0.0| ||37|1306950993| |9999907899| |9999907899|||0|1| |2179.04|22-Jul-2019|1|2|A|10|0.0|435.83|0|4|0.0|0.0|0|0|0|0|0|0|0|0|0|0|0|0|0|||||22-Jul-2019|951.0|0|0||Z733|Z733|Y|Y0704|Y|N1830|Y|R801|N|E1122|N|R809|N|Z653|Y|I4891|Y|I1310|Y|E1121|Y|E11319|Y|D4959|Y|D075|Y|E781|Y|E119|Y|E8881|Y|I10|Y|Z952|Y|I350|Y|R931|Y|I259|Y|E785|Y|E669|Y|G4733|N|G479|Y|||| | | | | | | | | | | | | | | | | | | | | | |GZ3|22-Jul-2019|G4730|22-Jul-2019|Z741|22-Jul-2019|F419|22-Jul-2019|Z9181|22-Jul-2019|Z139|22-Jul-2019|Z1331|22-Jul-2019|Z1331|22-Jul-2019|F1990|23-Jul-2019|F109|23-Jul-2019|||||||||||||||||||||||||||||||0|0||6|450|99401|3.0|2019-07-23T00:00:00|hospital_C|hospital_C_20190722
SYN_BENE_450C66C70C56|SYN_CLM_CE4764181E94|V|60|22-Jul-2019|22-Jul-2019|26-Jul-2019||3|377673|1|1|1|| |2179.04|0.0| ||37|1306950993| |9999907899| |9999907899|||0|1| |2179.04|22-Jul-2019|1|2|A|10|0.0|435.83|0|4|0.0|0.0|0|0|0|0|0|0|0|0|0|0|0|0|0|||||22-Jul-2019|951.0|0|0||Z733|Z733|Y|Y0704|Y|N1830|Y|R801|N|E1122|N|R809|N|Z653|Y|I4891|Y|I1310|Y|E1121|Y|E11319|Y|D4959|Y|D075|Y|E781|Y|E119|Y|E8881|Y|I10|Y|Z952|Y|I350|Y|R931|Y|I259|Y|E785|Y|E669|Y|G4733|N|G479|Y|||| | | | | | | | | | | | | | | | | | | | | | |GZ3|22-Jul-2019|G4730|22-Jul-2019|Z741|22-Jul-2019|F419|22-Jul-2019|Z9181|22-Jul-2019|Z139|22-Jul-2019|Z1331|22-Jul-2019|Z1331|22-Jul-2019|F1990|23-Jul-2019|F109|23-Jul-2019|||||||||||||||||||||||||||||||0|0||7|450|G0444|3.0|2019-07-23T00:00:00|hospital_C|hospital_C_20190722
SYN_BENE_450C66C70C56|SYN_CLM_CE4764181E94|V|60|22-Jul-2019|22-Jul-2019|26-Jul-2019||3|377673|1|1|1|| |2179.04|0.0| ||37|1306950993| |9999907899| |9999907899|||0|1| |2179.04|22-Jul-2019|1|2|A|10|0.0|435.83|0|4|0.0|0.0|0|0|0|0|0|0|0|0|0|0|0|0|0|||||22-Jul-2019|951.0|0|0||Z733|Z733|Y|Y0704|Y|N1830|Y|R801|N|E1122|N|R809|N|Z653|Y|I4891|Y|I1310|Y|E1121|Y|E11319|Y|D4959|Y|D075|Y|E781|Y|E119|Y|E8881|Y|I10|Y|Z952|Y|I350|Y|R931|Y|I259|Y|E785|Y|E669|Y|G4733|N|G479|Y|||| | | | | | | | | | | | | | | | | | | | | | |GZ3|22-Jul-2019|G4730|22-Jul-2019|Z741|22-Jul-2019|F419|22-Jul-2019|Z9181|22-Jul-2019|Z139|22-Jul-2019|Z1331|22-Jul-2019|Z1331|22-Jul-2019|F1990|23-Jul-2019|F109|23-Jul-2019|||||||||||||||||||||||||||||||0|0||8|450|G0444|3.0|2019-07-23T00:00:00|hospital_C|hospital_C_20190722
SYN_BENE_450C66C70C56|SYN_CLM_CE4764181E94|V|60|22-Jul-2019|22-Jul-2019|26-Jul-2019||3|377673|1|1|1|| |2179.04|0.0| ||37|1306950993| |9999907899| |9999907899|||0|1| |2179.04|22-Jul-2019|1|2|A|10|0.0|435.83|0|4|0.0|0.0|0|0|0|0|0|0|0|0|0|0|0|0|0|||||22-Jul-2019|951.0|0|0||Z733|Z733|Y|Y0704|Y|N1830|Y|R801|N|E1122|N|R809|N|Z653|Y|I4891|Y|I1310|Y|E1121|Y|E11319|Y|D4959|Y|D075|Y|E781|Y|E119|Y|E8881|Y|I10|Y|Z952|Y|I350|Y|R931|Y|I259|Y|E785|Y|E669|Y|G4733|N|G479|Y|||| | | | | | | | | | | | | | | | | | | | | | |GZ3|22-Jul-2019|G4730|22-Jul-2019|Z741|22-Jul-2019|F419|22-Jul-2019|Z9181|22-Jul-2019|Z139|22-Jul-2019|Z1331|22-Jul-2019|Z1331|22-Jul-2019|F1990|23-Jul-2019|F109|23-Jul-2019|||||||||||||||||||||||||||||||0|0||9|450|99408|3.0|2019-07-23T00:00:00|hospital_C|hospital_C_20190722
SYN_BENE_450C66C70C56|SYN_CLM_CE4764181E94|V|60|22-Jul-2019|22-Jul-2019|26-Jul-2019||3|377673|1|1|1|| |2179.04|0.0| ||37|1306950993| |9999907899| |9999907899|||0|1| |2179.04|22-Jul-2019|1|2|A|10|0.0|435.83|0|4|0.0|0.0|0|0|0|0|0|0|0|0|0|0|0|0|0|||||22-Jul-2019|951.0|0|0||Z733|Z733|Y|Y0704|Y|N1830|Y|R801|N|E1122|N|R809|N|Z653|Y|I4891|Y|I1310|Y|E1121|Y|E11319|Y|D4959|Y|D075|Y|E781|Y|E119|Y|E8881|Y|I10|Y|Z952|Y|I350|Y|R931|Y|I259|Y|E785|Y|E669|Y|G4733|N|G479|Y|||| | | | | | | | | | | | | | | | | | | | | | |GZ3|22-Jul-2019|G4730|22-Jul-2019|Z741|22-Jul-2019|F419|22-Jul-2019|Z9181|22-Jul-2019|Z139|22-Jul-2019|Z1331|22-Jul-2019|Z1331|22-Jul-2019|F1990|23-Jul-2019|F109|23-Jul-2019|||||||||||||||||||||||||||||||0|0||10|450|G0442|3.0|2019-07-23T00:00:00|hospital_C|hospital_C_20190722
SYN_BENE_639535D2B5AE|SYN_CLM_01341D9977A9|V|60|22-Jul-2019|22-Jul-2019|26-Jul-2019||3|377673|1|1|1|| |2179.04|0.0| ||37|1306950993| |9999907899| |9999907899|||0|1| |2179.04|22-Jul-2019|1|2|A|10|0.0|435.83|0|4|0.0|0.0|0|0|0|0|0|0|0|0|0|0|0|0|0|||||22-Jul-2019|951.0|0|0||Z733|Z733|Y|Y0704|Y|N1830|Y|R801|N|E1122|N|R809|N|Z653|Y|I4891|Y|I1310|Y|E1121|Y|E11319|Y|D4959|Y|D075|Y|E781|Y|E119|Y|E8881|Y|I10|Y|Z952|Y|I350|Y|R931|Y|I259|Y|E785|Y|E669|Y|G4733|N|G479|Y|||| | | | | | | | | | | | | | | | | | | | | | |GZ3|22-Jul-2019|G4730|22-Jul-2019|Z741|22-Jul-2019|F419|22-Jul-2019|Z9181|22-Jul-2019|Z139|22-Jul-2019|Z1331|22-Jul-2019|Z1331|22-Jul-2019|F1990|23-Jul-2019|F109|23-Jul-2019|||||||||||||||||||||||||||||||0|0||1|450|99495|3.0|2019-07-23T00:00:00|hospital_C|hospital_C_20190722
SYN_BENE_639535D2B5AE|SYN_CLM_01341D9977A9|V|60|22-Jul-2019|22-Jul-2019|26-Jul-2019||3|377673|1|1|1|| |2179.04|0.0| ||37|1306950993| |9999907899| |9999907899|||0|1| |2179.04|22-Jul-2019|1|2|A|10|0.0|435.83|0|4|0.0|0.0|0|0|0|0|0|0|0|0|0|0|0|0|0|||||22-Jul-2019|951.0|0|0||Z733|Z733|Y|Y0704|Y|N1830|Y|R801|N|E1122|N|R809|N|Z653|Y|I4891|Y|I1310|Y|E1121|Y|E11319|Y|D4959|Y|D075|Y|E781|Y|E119|Y|E8881|Y|I10|Y|Z952|Y|I350|Y|R931|Y|I259|Y|E785|Y|E669|Y|G4733|N|G479|Y|||| | | | | | | | | | | | | | | | | | | | | | |GZ3|22-Jul-2019|G4730|22-Jul-2019|Z741|22-Jul-2019|F419|22-Jul-2019|Z9181|22-Jul-2019|Z139|22-Jul-2019|Z1331|22-Jul-2019|Z1331|22-Jul-2019|F1990|23-Jul-2019|F109|23-Jul-2019|||||||||||||||||||||||||||||||0|0||2|450|G8839|3.0|2019-07-23T00:00:00|hospital_C|hospital_C_20190722
SYN_BENE_639535D2B5AE|SYN_CLM_01341D9977A9|V|60|22-Jul-2019|22-Jul-2019|26-Jul-2019||3|377673|1|1|1|| |2179.04|0.0| ||37|1306950993| |9999907899| |9999907899|||0|1| |2179.04|22-Jul-2019|1|2|A|10|0.0|435.83|0|4|0.0|0.0|0|0|0|0|0|0|0|0|0|0|0|0|0|||||22-Jul-2019|951.0|0|0||Z733|Z733|Y|Y0704|Y|N1830|Y|R801|N|E1122|N|R809|N|Z653|Y|I4891|Y|I1310|Y|E1121|Y|E11319|Y|D4959|Y|D075|Y|E781|Y|E119|Y|E8881|Y|I10|Y|Z952|Y|I350|Y|R931|Y|I259|Y|E785|Y|E669|Y|G4733|N|G479|Y|||| | | | | | | | | | | | | | | | | | | | | | |GZ3|22-Jul-2019|G4730|22-Jul-2019|Z741|22-Jul-2019|F419|22-Jul-2019|Z9181|22-Jul-2019|Z139|22-Jul-2019|Z1331|22-Jul-2019|Z1331|22-Jul-2019|F1990|23-Jul-2019|F109|23-Jul-2019|||||||||||||||||||||||||||||||0|0||3|450|96156|3.0|2019-07-23T00:00:00|hospital_C|hospital_C_20190722
SYN_BENE_639535D2B5AE|SYN_CLM_01341D9977A9|V|60|22-Jul-2019|22-Jul-2019|26-Jul-2019||3|377673|1|1|1|| |2179.04|0.0| ||37|1306950993| |9999907899| |9999907899|||0|1| |2179.04|22-Jul-2019|1|2|A|10|0.0|435.83|0|4|0.0|0.0|0|0|0|0|0|0|0|0|0|0|0|0|0|||||22-Jul-2019|951.0|0|0||Z733|Z733|Y|Y0704|Y|N1830|Y|R801|N|E1122|N|R809|N|Z653|Y|I4891|Y|I1310|Y|E1121|Y|E11319|Y|D4959|Y|D075|Y|E781|Y|E119|Y|E8881|Y|I10|Y|Z952|Y|I350|Y|R931|Y|I259|Y|E785|Y|E669|Y|G4733|N|G479|Y|||| | | | | | | | | | | | | | | | | | | | | | |GZ3|22-Jul-2019|G4730|22-Jul-2019|Z741|22-Jul-2019|F419|22-Jul-2019|Z9181|22-Jul-2019|Z139|22-Jul-2019|Z1331|22-Jul-2019|Z1331|22-Jul-2019|F1990|23-Jul-2019|F109|23-Jul-2019|||||||||||||||||||||||||||||||0|0||4|450|96127|3.0|2019-07-23T00:00:00|hospital_C|hospital_C_20190722
SYN_BENE_639535D2B5AE|SYN_CLM_01341D9977A9|V|60|22-Jul-2019|22-Jul-2019|26-Jul-2019||3|377673|1|1|1|| |2179.04|0.0| ||37|1306950993| |9999907899| |9999907899|||0|1| |2179.04|22-Jul-2019|1|2|A|10|0.0|435.83|0|4|0.0|0.0|0|0|0|0|0|0|0|0|0|0|0|0|0|||||22-Jul-2019|951.0|0|0||Z733|Z733|Y|Y0704|Y|N1830|Y|R801|N|E1122|N|R809|N|Z653|Y|I4891|Y|I1310|Y|E1121|Y|E11319|Y|D4959|Y|D075|Y|E781|Y|E119|Y|E8881|Y|I10|Y|Z952|Y|I350|Y|R931|Y|I259|Y|E785|Y|E669|Y|G4733|N|G479|Y|||| | | | | | | | | | | | | | | | | | | | | | |GZ3|22-Jul-2019|G4730|22-Jul-2019|Z741|22-Jul-2019|F419|22-Jul-2019|Z9181|22-Jul-2019|Z139|22-Jul-2019|Z1331|22-Jul-2019|Z1331|22-Jul-2019|F1990|23-Jul-2019|F109|23-Jul-2019|||||||||||||||||||||||||||||||0|0||5|450|M1069|3.0|2019-07-23T00:00:00|hospital_C|hospital_C_20190722
SYN_BENE_639535D2B5AE|SYN_CLM_01341D9977A9|V|60|22-Jul-2019|22-Jul-2019|26-Jul-2019||3|377673|1|1|1|| |2179.04|0.0| ||37|1306950993| |9999907899| |9999907899|||0|1| |2179.04|22-Jul-2019|1|2|A|10|0.0|435.83|0|4|0.0|0.0|0|0|0|0|0|0|0|0|0|0|0|0|0|||||22-Jul-2019|951.0|0|0||Z733|Z733|Y|Y0704|Y|N1830|Y|R801|N|E1122|N|R809|N|Z653|Y|I4891|Y|I1310|Y|E1121|Y|E11319|Y|D4959|Y|D075|Y|E781|Y|E119|Y|E8881|Y|I10|Y|Z952|Y|I350|Y|R931|Y|I259|Y|E785|Y|E669|Y|G4733|N|G479|Y|||| | | | | | | | | | | | | | | | | | | | | | |GZ3|22-Jul-2019|G4730|22-Jul-2019|Z741|22-Jul-2019|F419|22-Jul-2019|Z9181|22-Jul-2019|Z139|22-Jul-2019|Z1331|22-Jul-2019|Z1331|22-Jul-2019|F1990|23-Jul-2019|F109|23-Jul-2019|||||||||||||||||||||||||||||||0|0||6|450|99401|3.0|2019-07-23T00:00:00|hospital_C|hospital_C_20190722
SYN_BENE_639535D2B5AE|SYN_CLM_01341D9977A9|V|60|22-Jul-2019|22-Jul-2019|26-Jul-2019||3|377673|1|1|1|| |2179.04|0.0| ||37|1306950993| |9999907899| |9999907899|||0|1| |2179.04|22-Jul-2019|1|2|A|10|0.0|435.83|0|4|0.0|0.0|0|0|0|0|0|0|0|0|0|0|0|0|0|||||22-Jul-2019|951.0|0|0||Z733|Z733|Y|Y0704|Y|N1830|Y|R801|N|E1122|N|R809|N|Z653|Y|I4891|Y|I1310|Y|E1121|Y|E11319|Y|D4959|Y|D075|Y|E781|Y|E119|Y|E8881|Y|I10|Y|Z952|Y|I350|Y|R931|Y|I259|Y|E785|Y|E669|Y|G4733|N|G479|Y|||| | | | | | | | | | | | | | | | | | | | | | |GZ3|22-Jul-2019|G4730|22-Jul-2019|Z741|22-Jul-2019|F419|22-Jul-2019|Z9181|22-Jul-2019|Z139|22-Jul-2019|Z1331|22-Jul-2019|Z1331|22-Jul-2019|F1990|23-Jul-2019|F109|23-Jul-2019|||||||||||||||||||||||||||||||0|0||7|450|G0444|3.0|2019-07-23T00:00:00|hospital_C|hospital_C_20190722
SYN_BENE_639535D2B5AE|SYN_CLM_01341D9977A9|V|60|22-Jul-2019|22-Jul-2019|26-Jul-2019||3|377673|1|1|1|| |2179.04|0.0| ||37|1306950993| |9999907899| |9999907899|||0|1| |2179.04|22-Jul-2019|1|2|A|10|0.0|435.83|0|4|0.0|0.0|0|0|0|0|0|0|0|0|0|0|0|0|0|||||22-Jul-2019|951.0|0|0||Z733|Z733|Y|Y0704|Y|N1830|Y|R801|N|E1122|N|R809|N|Z653|Y|I4891|Y|I1310|Y|E1121|Y|E11319|Y|D4959|Y|D075|Y|E781|Y|E119|Y|E8881|Y|I10|Y|Z952|Y|I350|Y|R931|Y|I259|Y|E785|Y|E669|Y|G4733|N|G479|Y|||| | | | | | | | | | | | | | | | | | | | | | |GZ3|22-Jul-2019|G4730|22-Jul-2019|Z741|22-Jul-2019|F419|22-Jul-2019|Z9181|22-Jul-2019|Z139|22-Jul-2019|Z1331|22-Jul-2019|Z1331|22-Jul-2019|F1990|23-Jul-2019|F109|23-Jul-2019|||||||||||||||||||||||||||||||0|0||8|450|G0444|3.0|2019-07-23T00:00:00|hospital_C|hospital_C_20190722
SYN_BENE_639535D2B5AE|SYN_CLM_01341D9977A9|V|60|22-Jul-2019|22-Jul-2019|26-Jul-2019||3|377673|1|1|1|| |2179.04|0.0| ||37|1306950993| |9999907899| |9999907899|||0|1| |2179.04|22-Jul-2019|1|2|A|10|0.0|435.83|0|4|0.0|0.0|0|0|0|0|0|0|0|0|0|0|0|0|0|||||22-Jul-2019|951.0|0|0||Z733|Z733|Y|Y0704|Y|N1830|Y|R801|N|E1122|N|R809|N|Z653|Y|I4891|Y|I1310|Y|E1121|Y|E11319|Y|D4959|Y|D075|Y|E781|Y|E119|Y|E8881|Y|I10|Y|Z952|Y|I350|Y|R931|Y|I259|Y|E785|Y|E669|Y|G4733|N|G479|Y|||| | | | | | | | | | | | | | | | | | | | | | |GZ3|22-Jul-2019|G4730|22-Jul-2019|Z741|22-Jul-2019|F419|22-Jul-2019|Z9181|22-Jul-2019|Z139|22-Jul-2019|Z1331|22-Jul-2019|Z1331|22-Jul-2019|F1990|23-Jul-2019|F109|23-Jul-2019|||||||||||||||||||||||||||||||0|0||9|450|99408|3.0|2019-07-23T00:00:00|hospital_C|hospital_C_20190722
SYN_BENE_639535D2B5AE|SYN_CLM_01341D9977A9|V|60|22-Jul-2019|22-Jul-2019|26-Jul-2019||3|377673|1|1|1|| |2179.04|0.0| ||37|1306950993| |9999907899| |9999907899|||0|1| |2179.04|22-Jul-2019|1|2|A|10|0.0|435.83|0|4|0.0|0.0|0|0|0|0|0|0|0|0|0|0|0|0|0|||||22-Jul-2019|951.0|0|0||Z733|Z733|Y|Y0704|Y|N1830|Y|R801|N|E1122|N|R809|N|Z653|Y|I4891|Y|I1310|Y|E1121|Y|E11319|Y|D4959|Y|D075|Y|E781|Y|E119|Y|E8881|Y|I10|Y|Z952|Y|I350|Y|R931|Y|I259|Y|E785|Y|E669|Y|G4733|N|G479|Y|||| | | | | | | | | | | | | | | | | | | | | | |GZ3|22-Jul-2019|G4730|22-Jul-2019|Z741|22-Jul-2019|F419|22-Jul-2019|Z9181|22-Jul-2019|Z139|22-Jul-2019|Z1331|22-Jul-2019|Z1331|22-Jul-2019|F1990|23-Jul-2019|F109|23-Jul-2019|||||||||||||||||||||||||||||||0|0||10|450|G0442|3.0|2019-07-23T00:00:00|hospital_C|hospital_C_20190722
SYN_BENE_93E74CBC7D71|SYN_CLM_034E2AA2D682|V|60|22-Jul-2019|22-Jul-2019|26-Jul-2019||3|377673|1|1|1|| |2179.04|0.0| ||37|1306950993| |9999907899| |9999907899|||0|1| |2179.04|22-Jul-2019|1|2|A|10|0.0|435.83|0|4|0.0|0.0|0|0|0|0|0|0|0|0|0|0|0|0|0|||||22-Jul-2019|951.0|0|0||Z733|Z733|Y|Y0704|Y|N1830|Y|R801|N|E1122|N|R809|N|Z653|Y|I4891|Y|I1310|Y|E1121|Y|E11319|Y|D4959|Y|D075|Y|E781|Y|E119|Y|E8881|Y|I10|Y|Z952|Y|I350|Y|R931|Y|I259|Y|E785|Y|E669|Y|G4733|N|G479|Y|||| | | | | | | | | | | | | | | | | | | | | | |GZ3|22-Jul-2019|G4730|22-Jul-2019|Z741|22-Jul-2019|F419|22-Jul-2019|Z9181|22-Jul-2019|Z139|22-Jul-2019|Z1331|22-Jul-2019|Z1331|22-Jul-2019|F1990|23-Jul-2019|F109|23-Jul-2019|||||||||||||||||||||||||||||||0|0||1|450|99495|3.0|2019-07-23T00:00:00|hospital_C|hospital_C_20190722
SYN_BENE_93E74CBC7D71|SYN_CLM_034E2AA2D682|V|60|22-Jul-2019|22-Jul-2019|26-Jul-2019||3|377673|1|1|1|| |2179.04|0.0| ||37|1306950993| |9999907899| |9999907899|||0|1| |2179.04|22-Jul-2019|1|2|A|10|0.0|435.83|0|4|0.0|0.0|0|0|0|0|0|0|0|0|0|0|0|0|0|||||22-Jul-2019|951.0|0|0||Z733|Z733|Y|Y0704|Y|N1830|Y|R801|N|E1122|N|R809|N|Z653|Y|I4891|Y|I1310|Y|E1121|Y|E11319|Y|D4959|Y|D075|Y|E781|Y|E119|Y|E8881|Y|I10|Y|Z952|Y|I350|Y|R931|Y|I259|Y|E785|Y|E669|Y|G4733|N|G479|Y|||| | | | | | | | | | | | | | | | | | | | | | |GZ3|22-Jul-2019|G4730|22-Jul-2019|Z741|22-Jul-2019|F419|22-Jul-2019|Z9181|22-Jul-2019|Z139|22-Jul-2019|Z1331|22-Jul-2019|Z1331|22-Jul-2019|F1990|23-Jul-2019|F109|23-Jul-2019|||||||||||||||||||||||||||||||0|0||2|450|G8839|3.0|2019-07-23T00:00:00|hospital_C|hospital_C_20190722
SYN_BENE_93E74CBC7D71|SYN_CLM_034E2AA2D682|V|60|22-Jul-2019|22-Jul-2019|26-Jul-2019||3|377673|1|1|1|| |2179.04|0.0| ||37|1306950993| |9999907899| |9999907899|||0|1| |2179.04|22-Jul-2019|1|2|A|10|0.0|435.83|0|4|0.0|0.0|0|0|0|0|0|0|0|0|0|0|0|0|0|||||22-Jul-2019|951.0|0|0||Z733|Z733|Y|Y0704|Y|N1830|Y|R801|N|E1122|N|R809|N|Z653|Y|I4891|Y|I1310|Y|E1121|Y|E11319|Y|D4959|Y|D075|Y|E781|Y|E119|Y|E8881|Y|I10|Y|Z952|Y|I350|Y|R931|Y|I259|Y|E785|Y|E669|Y|G4733|N|G479|Y|||| | | | | | | | | | | | | | | | | | | | | | |GZ3|22-Jul-2019|G4730|22-Jul-2019|Z741|22-Jul-2019|F419|22-Jul-2019|Z9181|22-Jul-2019|Z139|22-Jul-2019|Z1331|22-Jul-2019|Z1331|22-Jul-2019|F1990|23-Jul-2019|F109|23-Jul-2019|||||||||||||||||||||||||||||||0|0||3|450|96156|3.0|2019-07-23T00:00:00|hospital_C|hospital_C_20190722
SYN_BENE_93E74CBC7D71|SYN_CLM_034E2AA2D682|V|60|22-Jul-2019|22-Jul-2019|26-Jul-2019||3|377673|1|1|1|| |2179.04|0.0| ||37|1306950993| |9999907899| |9999907899|||0|1| |2179.04|22-Jul-2019|1|2|A|10|0.0|435.83|0|4|0.0|0.0|0|0|0|0|0|0|0|0|0|0|0|0|0|||||22-Jul-2019|951.0|0|0||Z733|Z733|Y|Y0704|Y|N1830|Y|R801|N|E1122|N|R809|N|Z653|Y|I4891|Y|I1310|Y|E1121|Y|E11319|Y|D4959|Y|D075|Y|E781|Y|E119|Y|E8881|Y|I10|Y|Z952|Y|I350|Y|R931|Y|I259|Y|E785|Y|E669|Y|G4733|N|G479|Y|||| | | | | | | | | | | | | | | | | | | | | | |GZ3|22-Jul-2019|G4730|22-Jul-2019|Z741|22-Jul-2019|F419|22-Jul-2019|Z9181|22-Jul-2019|Z139|22-Jul-2019|Z1331|22-Jul-2019|Z1331|22-Jul-2019|F1990|23-Jul-2019|F109|23-Jul-2019|||||||||||||||||||||||||||||||0|0||4|450|96127|3.0|2019-07-23T00:00:00|hospital_C|hospital_C_20190722
SYN_BENE_93E74CBC7D71|SYN_CLM_034E2AA2D682|V|60|22-Jul-2019|22-Jul-2019|26-Jul-2019||3|377673|1|1|1|| |2179.04|0.0| ||37|1306950993| |9999907899| |9999907899|||0|1| |2179.04|22-Jul-2019|1|2|A|10|0.0|435.83|0|4|0.0|0.0|0|0|0|0|0|0|0|0|0|0|0|0|0|||||22-Jul-2019|951.0|0|0||Z733|Z733|Y|Y0704|Y|N1830|Y|R801|N|E1122|N|R809|N|Z653|Y|I4891|Y|I1310|Y|E1121|Y|E11319|Y|D4959|Y|D075|Y|E781|Y|E119|Y|E8881|Y|I10|Y|Z952|Y|I350|Y|R931|Y|I259|Y|E785|Y|E669|Y|G4733|N|G479|Y|||| | | | | | | | | | | | | | | | | | | | | | |GZ3|22-Jul-2019|G4730|22-Jul-2019|Z741|22-Jul-2019|F419|22-Jul-2019|Z9181|22-Jul-2019|Z139|22-Jul-2019|Z1331|22-Jul-2019|Z1331|22-Jul-2019|F1990|23-Jul-2019|F109|23-Jul-2019|||||||||||||||||||||||||||||||0|0||5|450|M1069|3.0|2019-07-23T00:00:00|hospital_C|hospital_C_20190722
SYN_BENE_93E74CBC7D71|SYN_CLM_034E2AA2D682|V|60|22-Jul-2019|22-Jul-2019|26-Jul-2019||3|377673|1|1|1|| |2179.04|0.0| ||37|1306950993| |9999907899| |9999907899|||0|1| |2179.04|22-Jul-2019|1|2|A|10|0.0|435.83|0|4|0.0|0.0|0|0|0|0|0|0|0|0|0|0|0|0|0|||||22-Jul-2019|951.0|0|0||Z733|Z733|Y|Y0704|Y|N1830|Y|R801|N|E1122|N|R809|N|Z653|Y|I4891|Y|I1310|Y|E1121|Y|E11319|Y|D4959|Y|D075|Y|E781|Y|E119|Y|E8881|Y|I10|Y|Z952|Y|I350|Y|R931|Y|I259|Y|E785|Y|E669|Y|G4733|N|G479|Y|||| | | | | | | | | | | | | | | | | | | | | | |GZ3|22-Jul-2019|G4730|22-Jul-2019|Z741|22-Jul-2019|F419|22-Jul-2019|Z9181|22-Jul-2019|Z139|22-Jul-2019|Z1331|22-Jul-2019|Z1331|22-Jul-2019|F1990|23-Jul-2019|F109|23-Jul-2019|||||||||||||||||||||||||||||||0|0||6|450|99401|3.0|2019-07-23T00:00:00|hospital_C|hospital_C_20190722
SYN_BENE_93E74CBC7D71|SYN_CLM_034E2AA2D682|V|60|22-Jul-2019|22-Jul-2019|26-Jul-2019||3|377673|1|1|1|| |2179.04|0.0| ||37|1306950993| |9999907899| |9999907899|||0|1| |2179.04|22-Jul-2019|1|2|A|10|0.0|435.83|0|4|0.0|0.0|0|0|0|0|0|0|0|0|0|0|0|0|0|||||22-Jul-2019|951.0|0|0||Z733|Z733|Y|Y0704|Y|N1830|Y|R801|N|E1122|N|R809|N|Z653|Y|I4891|Y|I1310|Y|E1121|Y|E11319|Y|D4959|Y|D075|Y|E781|Y|E119|Y|E8881|Y|I10|Y|Z952|Y|I350|Y|R931|Y|I259|Y|E785|Y|E669|Y|G4733|N|G479|Y|||| | | | | | | | | | | | | | | | | | | | | | |GZ3|22-Jul-2019|G4730|22-Jul-2019|Z741|22-Jul-2019|F419|22-Jul-2019|Z9181|22-Jul-2019|Z139|22-Jul-2019|Z1331|22-Jul-2019|Z1331|22-Jul-2019|F1990|23-Jul-2019|F109|23-Jul-2019|||||||||||||||||||||||||||||||0|0||7|450|G0444|3.0|2019-07-23T00:00:00|hospital_C|hospital_C_20190722
SYN_BENE_93E74CBC7D71|SYN_CLM_034E2AA2D682|V|60|22-Jul-2019|22-Jul-2019|26-Jul-2019||3|377673|1|1|1|| |2179.04|0.0| ||37|1306950993| |9999907899| |9999907899|||0|1| |2179.04|22-Jul-2019|1|2|A|10|0.0|435.83|0|4|0.0|0.0|0|0|0|0|0|0|0|0|0|0|0|0|0|||||22-Jul-2019|951.0|0|0||Z733|Z733|Y|Y0704|Y|N1830|Y|R801|N|E1122|N|R809|N|Z653|Y|I4891|Y|I1310|Y|E1121|Y|E11319|Y|D4959|Y|D075|Y|E781|Y|E119|Y|E8881|Y|I10|Y|Z952|Y|I350|Y|R931|Y|I259|Y|E785|Y|E669|Y|G4733|N|G479|Y|||| | | | | | | | | | | | | | | | | | | | | | |GZ3|22-Jul-2019|G4730|22-Jul-2019|Z741|22-Jul-2019|F419|22-Jul-2019|Z9181|22-Jul-2019|Z139|22-Jul-2019|Z1331|22-Jul-2019|Z1331|22-Jul-2019|F1990|23-Jul-2019|F109|23-Jul-2019|||||||||||||||||||||||||||||||0|0||8|450|G0444|3.0|2019-07-23T00:00:00|hospital_C|hospital_C_20190722
SYN_BENE_93E74CBC7D71|SYN_CLM_034E2AA2D682|V|60|22-Jul-2019|22-Jul-2019|26-Jul-2019||3|377673|1|1|1|| |2179.04|0.0| ||37|1306950993| |9999907899| |9999907899|||0|1| |2179.04|22-Jul-2019|1|2|A|10|0.0|435.83|0|4|0.0|0.0|0|0|0|0|0|0|0|0|0|0|0|0|0|||||22-Jul-2019|951.0|0|0||Z733|Z733|Y|Y0704|Y|N1830|Y|R801|N|E1122|N|R809|N|Z653|Y|I4891|Y|I1310|Y|E1121|Y|E11319|Y|D4959|Y|D075|Y|E781|Y|E119|Y|E8881|Y|I10|Y|Z952|Y|I350|Y|R931|Y|I259|Y|E785|Y|E669|Y|G4733|N|G479|Y|||| | | | | | | | | | | | | | | | | | | | | | |GZ3|22-Jul-2019|G4730|22-Jul-2019|Z741|22-Jul-2019|F419|22-Jul-2019|Z9181|22-Jul-2019|Z139|22-Jul-2019|Z1331|22-Jul-2019|Z1331|22-Jul-2019|F1990|23-Jul-2019|F109|23-Jul-2019|||||||||||||||||||||||||||||||0|0||9|450|99408|3.0|2019-07-23T00:00:00|hospital_C|hospital_C_20190722
SYN_BENE_93E74CBC7D71|SYN_CLM_034E2AA2D682|V|60|22-Jul-2019|22-Jul-2019|26-Jul-2019||3|377673|1|1|1|| |2179.04|0.0| ||37|1306950993| |9999907899| |9999907899|||0|1| |2179.04|22-Jul-2019|1|2|A|10|0.0|435.83|0|4|0.0|0.0|0|0|0|0|0|0|0|0|0|0|0|0|0|||||22-Jul-2019|951.0|0|0||Z733|Z733|Y|Y0704|Y|N1830|Y|R801|N|E1122|N|R809|N|Z653|Y|I4891|Y|I1310|Y|E1121|Y|E11319|Y|D4959|Y|D075|Y|E781|Y|E119|Y|E8881|Y|I10|Y|Z952|Y|I350|Y|R931|Y|I259|Y|E785|Y|E669|Y|G4733|N|G479|Y|||| | | | | | | | | | | | | | | | | | | | | | |GZ3|22-Jul-2019|G4730|22-Jul-2019|Z741|22-Jul-2019|F419|22-Jul-2019|Z9181|22-Jul-2019|Z139|22-Jul-2019|Z1331|22-Jul-2019|Z1331|22-Jul-2019|F1990|23-Jul-2019|F109|23-Jul-2019|||||||||||||||||||||||||||||||0|0||10|450|G0442|3.0|2019-07-23T00:00:00|hospital_C|hospital_C_20190722
SYN_BENE_DBBFA886E2CE|SYN_CLM_82ABBE3289CA|V|60|22-Jul-2019|22-Jul-2019|26-Jul-2019||3|377673|1|1|1|| |2179.04|0.0| ||37|1306950993| |9999907899| |9999907899|||0|1| |2179.04|22-Jul-2019|1|2|A|10|0.0|435.83|0|4|0.0|0.0|0|0|0|0|0|0|0|0|0|0|0|0|0|||||22-Jul-2019|951.0|0|0||Z733|Z733|Y|Y0704|Y|N1830|Y|R801|N|E1122|N|R809|N|Z653|Y|I4891|Y|I1310|Y|E1121|Y|E11319|Y|D4959|Y|D075|Y|E781|Y|E119|Y|E8881|Y|I10|Y|Z952|Y|I350|Y|R931|Y|I259|Y|E785|Y|E669|Y|G4733|N|G479|Y|||| | | | | | | | | | | | | | | | | | | | | | |GZ3|22-Jul-2019|G4730|22-Jul-2019|Z741|22-Jul-2019|F419|22-Jul-2019|Z9181|22-Jul-2019|Z139|22-Jul-2019|Z1331|22-Jul-2019|Z1331|22-Jul-2019|F1990|23-Jul-2019|F109|23-Jul-2019|||||||||||||||||||||||||||||||0|0||1|450|99495|3.0|2019-07-23T00:00:00|hospital_C|hospital_C_20190722
SYN_BENE_DBBFA886E2CE|SYN_CLM_82ABBE3289CA|V|60|22-Jul-2019|22-Jul-2019|26-Jul-2019||3|377673|1|1|1|| |2179.04|0.0| ||37|1306950993| |9999907899| |9999907899|||0|1| |2179.04|22-Jul-2019|1|2|A|10|0.0|435.83|0|4|0.0|0.0|0|0|0|0|0|0|0|0|0|0|0|0|0|||||22-Jul-2019|951.0|0|0||Z733|Z733|Y|Y0704|Y|N1830|Y|R801|N|E1122|N|R809|N|Z653|Y|I4891|Y|I1310|Y|E1121|Y|E11319|Y|D4959|Y|D075|Y|E781|Y|E119|Y|E8881|Y|I10|Y|Z952|Y|I350|Y|R931|Y|I259|Y|E785|Y|E669|Y|G4733|N|G479|Y|||| | | | | | | | | | | | | | | | | | | | | | |GZ3|22-Jul-2019|G4730|22-Jul-2019|Z741|22-Jul-2019|F419|22-Jul-2019|Z9181|22-Jul-2019|Z139|22-Jul-2019|Z1331|22-Jul-2019|Z1331|22-Jul-2019|F1990|23-Jul-2019|F109|23-Jul-2019|||||||||||||||||||||||||||||||0|0||2|450|G8839|3.0|2019-07-23T00:00:00|hospital_C|hospital_C_20190722
SYN_BENE_DBBFA886E2CE|SYN_CLM_82ABBE3289CA|V|60|22-Jul-2019|22-Jul-2019|26-Jul-2019||3|377673|1|1|1|| |2179.04|0.0| ||37|1306950993| |9999907899| |9999907899|||0|1| |2179.04|22-Jul-2019|1|2|A|10|0.0|435.83|0|4|0.0|0.0|0|0|0|0|0|0|0|0|0|0|0|0|0|||||22-Jul-2019|951.0|0|0||Z733|Z733|Y|Y0704|Y|N1830|Y|R801|N|E1122|N|R809|N|Z653|Y|I4891|Y|I1310|Y|E1121|Y|E11319|Y|D4959|Y|D075|Y|E781|Y|E119|Y|E8881|Y|I10|Y|Z952|Y|I350|Y|R931|Y|I259|Y|E785|Y|E669|Y|G4733|N|G479|Y|||| | | | | | | | | | | | | | | | | | | | | | |GZ3|22-Jul-2019|G4730|22-Jul-2019|Z741|22-Jul-2019|F419|22-Jul-2019|Z9181|22-Jul-2019|Z139|22-Jul-2019|Z1331|22-Jul-2019|Z1331|22-Jul-2019|F1990|23-Jul-2019|F109|23-Jul-2019|||||||||||||||||||||||||||||||0|0||3|450|96156|3.0|2019-07-23T00:00:00|hospital_C|hospital_C_20190722
SYN_BENE_DBBFA886E2CE|SYN_CLM_82ABBE3289CA|V|60|22-Jul-2019|22-Jul-2019|26-Jul-2019||3|377673|1|1|1|| |2179.04|0.0| ||37|1306950993| |9999907899| |9999907899|||0|1| |2179.04|22-Jul-2019|1|2|A|10|0.0|435.83|0|4|0.0|0.0|0|0|0|0|0|0|0|0|0|0|0|0|0|||||22-Jul-2019|951.0|0|0||Z733|Z733|Y|Y0704|Y|N1830|Y|R801|N|E1122|N|R809|N|Z653|Y|I4891|Y|I1310|Y|E1121|Y|E11319|Y|D4959|Y|D075|Y|E781|Y|E119|Y|E8881|Y|I10|Y|Z952|Y|I350|Y|R931|Y|I259|Y|E785|Y|E669|Y|G4733|N|G479|Y|||| | | | | | | | | | | | | | | | | | | | | | |GZ3|22-Jul-2019|G4730|22-Jul-2019|Z741|22-Jul-2019|F419|22-Jul-2019|Z9181|22-Jul-2019|Z139|22-Jul-2019|Z1331|22-Jul-2019|Z1331|22-Jul-2019|F1990|23-Jul-2019|F109|23-Jul-2019|||||||||||||||||||||||||||||||0|0||4|450|96127|3.0|2019-07-23T00:00:00|hospital_C|hospital_C_20190722
SYN_BENE_DBBFA886E2CE|SYN_CLM_82ABBE3289CA|V|60|22-Jul-2019|22-Jul-2019|26-Jul-2019||3|377673|1|1|1|| |2179.04|0.0| ||37|1306950993| |9999907899| |9999907899|||0|1| |2179.04|22-Jul-2019|1|2|A|10|0.0|435.83|0|4|0.0|0.0|0|0|0|0|0|0|0|0|0|0|0|0|0|||||22-Jul-2019|951.0|0|0||Z733|Z733|Y|Y0704|Y|N1830|Y|R801|N|E1122|N|R809|N|Z653|Y|I4891|Y|I1310|Y|E1121|Y|E11319|Y|D4959|Y|D075|Y|E781|Y|E119|Y|E8881|Y|I10|Y|Z952|Y|I350|Y|R931|Y|I259|Y|E785|Y|E669|Y|G4733|N|G479|Y|||| | | | | | | | | | | | | | | | | | | | | | |GZ3|22-Jul-2019|G4730|22-Jul-2019|Z741|22-Jul-2019|F419|22-Jul-2019|Z9181|22-Jul-2019|Z139|22-Jul-2019|Z1331|22-Jul-2019|Z1331|22-Jul-2019|F1990|23-Jul-2019|F109|23-Jul-2019|||||||||||||||||||||||||||||||0|0||5|450|M1069|3.0|2019-07-23T00:00:00|hospital_C|hospital_C_20190722
SYN_BENE_DBBFA886E2CE|SYN_CLM_82ABBE3289CA|V|60|22-Jul-2019|22-Jul-2019|26-Jul-2019||3|377673|1|1|1|| |2179.04|0.0| ||37|1306950993| |9999907899| |9999907899|||0|1| |2179.04|22-Jul-2019|1|2|A|10|0.0|435.83|0|4|0.0|0.0|0|0|0|0|0|0|0|0|0|0|0|0|0|||||22-Jul-2019|951.0|0|0||Z733|Z733|Y|Y0704|Y|N1830|Y|R801|N|E1122|N|R809|N|Z653|Y|I4891|Y|I1310|Y|E1121|Y|E11319|Y|D4959|Y|D075|Y|E781|Y|E119|Y|E8881|Y|I10|Y|Z952|Y|I350|Y|R931|Y|I259|Y|E785|Y|E669|Y|G4733|N|G479|Y|||| | | | | | | | | | | | | | | | | | | | | | |GZ3|22-Jul-2019|G4730|22-Jul-2019|Z741|22-Jul-2019|F419|22-Jul-2019|Z9181|22-Jul-2019|Z139|22-Jul-2019|Z1331|22-Jul-2019|Z1331|22-Jul-2019|F1990|23-Jul-2019|F109|23-Jul-2019|||||||||||||||||||||||||||||||0|0||6|450|99401|3.0|2019-07-23T00:00:00|hospital_C|hospital_C_20190722
SYN_BENE_DBBFA886E2CE|SYN_CLM_82ABBE3289CA|V|60|22-Jul-2019|22-Jul-2019|26-Jul-2019||3|377673|1|1|1|| |2179.04|0.0| ||37|1306950993| |9999907899| |9999907899|||0|1| |2179.04|22-Jul-2019|1|2|A|10|0.0|435.83|0|4|0.0|0.0|0|0|0|0|0|0|0|0|0|0|0|0|0|||||22-Jul-2019|951.0|0|0||Z733|Z733|Y|Y0704|Y|N1830|Y|R801|N|E1122|N|R809|N|Z653|Y|I4891|Y|I1310|Y|E1121|Y|E11319|Y|D4959|Y|D075|Y|E781|Y|E119|Y|E8881|Y|I10|Y|Z952|Y|I350|Y|R931|Y|I259|Y|E785|Y|E669|Y|G4733|N|G479|Y|||| | | | | | | | | | | | | | | | | | | | | | |GZ3|22-Jul-2019|G4730|22-Jul-2019|Z741|22-Jul-2019|F419|22-Jul-2019|Z9181|22-Jul-2019|Z139|22-Jul-2019|Z1331|22-Jul-2019|Z1331|22-Jul-2019|F1990|23-Jul-2019|F109|23-Jul-2019|||||||||||||||||||||||||||||||0|0||7|450|G0444|3.0|2019-07-23T00:00:00|hospital_C|hospital_C_20190722
SYN_BENE_DBBFA886E2CE|SYN_CLM_82ABBE3289CA|V|60|22-Jul-2019|22-Jul-2019|26-Jul-2019||3|377673|1|1|1|| |2179.04|0.0| ||37|1306950993| |9999907899| |9999907899|||0|1| |2179.04|22-Jul-2019|1|2|A|10|0.0|435.83|0|4|0.0|0.0|0|0|0|0|0|0|0|0|0|0|0|0|0|||||22-Jul-2019|951.0|0|0||Z733|Z733|Y|Y0704|Y|N1830|Y|R801|N|E1122|N|R809|N|Z653|Y|I4891|Y|I1310|Y|E1121|Y|E11319|Y|D4959|Y|D075|Y|E781|Y|E119|Y|E8881|Y|I10|Y|Z952|Y|I350|Y|R931|Y|I259|Y|E785|Y|E669|Y|G4733|N|G479|Y|||| | | | | | | | | | | | | | | | | | | | | | |GZ3|22-Jul-2019|G4730|22-Jul-2019|Z741|22-Jul-2019|F419|22-Jul-2019|Z9181|22-Jul-2019|Z139|22-Jul-2019|Z1331|22-Jul-2019|Z1331|22-Jul-2019|F1990|23-Jul-2019|F109|23-Jul-2019|||||||||||||||||||||||||||||||0|0||8|450|G0444|3.0|2019-07-23T00:00:00|hospital_C|hospital_C_20190722
SYN_BENE_DBBFA886E2CE|SYN_CLM_82ABBE3289CA|V|60|22-Jul-2019|22-Jul-2019|26-Jul-2019||3|377673|1|1|1|| |2179.04|0.0| ||37|1306950993| |9999907899| |9999907899|||0|1| |2179.04|22-Jul-2019|1|2|A|10|0.0|435.83|0|4|0.0|0.0|0|0|0|0|0|0|0|0|0|0|0|0|0|||||22-Jul-2019|951.0|0|0||Z733|Z733|Y|Y0704|Y|N1830|Y|R801|N|E1122|N|R809|N|Z653|Y|I4891|Y|I1310|Y|E1121|Y|E11319|Y|D4959|Y|D075|Y|E781|Y|E119|Y|E8881|Y|I10|Y|Z952|Y|I350|Y|R931|Y|I259|Y|E785|Y|E669|Y|G4733|N|G479|Y|||| | | | | | | | | | | | | | | | | | | | | | |GZ3|22-Jul-2019|G4730|22-Jul-2019|Z741|22-Jul-2019|F419|22-Jul-2019|Z9181|22-Jul-2019|Z139|22-Jul-2019|Z1331|22-Jul-2019|Z1331|22-Jul-2019|F1990|23-Jul-2019|F109|23-Jul-2019|||||||||||||||||||||||||||||||0|0||9|450|99408|3.0|2019-07-23T00:00:00|hospital_C|hospital_C_20190722
SYN_BENE_DBBFA886E2CE|SYN_CLM_82ABBE3289CA|V|60|22-Jul-2019|22-Jul-2019|26-Jul-2019||3|377673|1|1|1|| |2179.04|0.0| ||37|1306950993| |9999907899| |9999907899|||0|1| |2179.04|22-Jul-2019|1|2|A|10|0.0|435.83|0|4|0.0|0.0|0|0|0|0|0|0|0|0|0|0|0|0|0|||||22-Jul-2019|951.0|0|0||Z733|Z733|Y|Y0704|Y|N1830|Y|R801|N|E1122|N|R809|N|Z653|Y|I4891|Y|I1310|Y|E1121|Y|E11319|Y|D4959|Y|D075|Y|E781|Y|E119|Y|E8881|Y|I10|Y|Z952|Y|I350|Y|R931|Y|I259|Y|E785|Y|E669|Y|G4733|N|G479|Y|||| | | | | | | | | | | | | | | | | | | | | | |GZ3|22-Jul-2019|G4730|22-Jul-2019|Z741|22-Jul-2019|F419|22-Jul-2019|Z9181|22-Jul-2019|Z139|22-Jul-2019|Z1331|22-Jul-2019|Z1331|22-Jul-2019|F1990|23-Jul-2019|F109|23-Jul-2019|||||||||||||||||||||||||||||||0|0||10|450|G0442|3.0|2019-07-23T00:00:00|hospital_C|hospital_C_20190722
SYN_BENE_F212697F55B3|SYN_CLM_75F76072D486|V|60|22-Jul-2019|22-Jul-2019|26-Jul-2019||3|377673|1|1|1|| |2179.04|0.0| ||37|1306950993| |9999907899| |9999907899|||0|1| |2179.04|22-Jul-2019|1|2|A|10|0.0|435.83|0|4|0.0|0.0|0|0|0|0|0|0|0|0|0|0|0|0|0|||||22-Jul-2019|951.0|0|0||Z733|Z733|Y|Y0704|Y|N1830|Y|R801|N|E1122|N|R809|N|Z653|Y|I4891|Y|I1310|Y|E1121|Y|E11319|Y|D4959|Y|D075|Y|E781|Y|E119|Y|E8881|Y|I10|Y|Z952|Y|I350|Y|R931|Y|I259|Y|E785|Y|E669|Y|G4733|N|G479|Y|||| | | | | | | | | | | | | | | | | | | | | | |GZ3|22-Jul-2019|G4730|22-Jul-2019|Z741|22-Jul-2019|F419|22-Jul-2019|Z9181|22-Jul-2019|Z139|22-Jul-2019|Z1331|22-Jul-2019|Z1331|22-Jul-2019|F1990|23-Jul-2019|F109|23-Jul-2019|||||||||||||||||||||||||||||||0|0||1|450|99495|3.0|2019-07-23T00:00:00|hospital_C|hospital_C_20190722
SYN_BENE_F212697F55B3|SYN_CLM_75F76072D486|V|60|22-Jul-2019|22-Jul-2019|26-Jul-2019||3|377673|1|1|1|| |2179.04|0.0| ||37|1306950993| |9999907899| |9999907899|||0|1| |2179.04|22-Jul-2019|1|2|A|10|0.0|435.83|0|4|0.0|0.0|0|0|0|0|0|0|0|0|0|0|0|0|0|||||22-Jul-2019|951.0|0|0||Z733|Z733|Y|Y0704|Y|N1830|Y|R801|N|E1122|N|R809|N|Z653|Y|I4891|Y|I1310|Y|E1121|Y|E11319|Y|D4959|Y|D075|Y|E781|Y|E119|Y|E8881|Y|I10|Y|Z952|Y|I350|Y|R931|Y|I259|Y|E785|Y|E669|Y|G4733|N|G479|Y|||| | | | | | | | | | | | | | | | | | | | | | |GZ3|22-Jul-2019|G4730|22-Jul-2019|Z741|22-Jul-2019|F419|22-Jul-2019|Z9181|22-Jul-2019|Z139|22-Jul-2019|Z1331|22-Jul-2019|Z1331|22-Jul-2019|F1990|23-Jul-2019|F109|23-Jul-2019|||||||||||||||||||||||||||||||0|0||2|450|G8839|3.0|2019-07-23T00:00:00|hospital_C|hospital_C_20190722
SYN_BENE_F212697F55B3|SYN_CLM_75F76072D486|V|60|22-Jul-2019|22-Jul-2019|26-Jul-2019||3|377673|1|1|1|| |2179.04|0.0| ||37|1306950993| |9999907899| |9999907899|||0|1| |2179.04|22-Jul-2019|1|2|A|10|0.0|435.83|0|4|0.0|0.0|0|0|0|0|0|0|0|0|0|0|0|0|0|||||22-Jul-2019|951.0|0|0||Z733|Z733|Y|Y0704|Y|N1830|Y|R801|N|E1122|N|R809|N|Z653|Y|I4891|Y|I1310|Y|E1121|Y|E11319|Y|D4959|Y|D075|Y|E781|Y|E119|Y|E8881|Y|I10|Y|Z952|Y|I350|Y|R931|Y|I259|Y|E785|Y|E669|Y|G4733|N|G479|Y|||| | | | | | | | | | | | | | | | | | | | | | |GZ3|22-Jul-2019|G4730|22-Jul-2019|Z741|22-Jul-2019|F419|22-Jul-2019|Z9181|22-Jul-2019|Z139|22-Jul-2019|Z1331|22-Jul-2019|Z1331|22-Jul-2019|F1990|23-Jul-2019|F109|23-Jul-2019|||||||||||||||||||||||||||||||0|0||3|450|96156|3.0|2019-07-23T00:00:00|hospital_C|hospital_C_20190722
SYN_BENE_F212697F55B3|SYN_CLM_75F76072D486|V|60|22-Jul-2019|22-Jul-2019|26-Jul-2019||3|377673|1|1|1|| |2179.04|0.0| ||37|1306950993| |9999907899| |9999907899|||0|1| |2179.04|22-Jul-2019|1|2|A|10|0.0|435.83|0|4|0.0|0.0|0|0|0|0|0|0|0|0|0|0|0|0|0|||||22-Jul-2019|951.0|0|0||Z733|Z733|Y|Y0704|Y|N1830|Y|R801|N|E1122|N|R809|N|Z653|Y|I4891|Y|I1310|Y|E1121|Y|E11319|Y|D4959|Y|D075|Y|E781|Y|E119|Y|E8881|Y|I10|Y|Z952|Y|I350|Y|R931|Y|I259|Y|E785|Y|E669|Y|G4733|N|G479|Y|||| | | | | | | | | | | | | | | | | | | | | | |GZ3|22-Jul-2019|G4730|22-Jul-2019|Z741|22-Jul-2019|F419|22-Jul-2019|Z9181|22-Jul-2019|Z139|22-Jul-2019|Z1331|22-Jul-2019|Z1331|22-Jul-2019|F1990|23-Jul-2019|F109|23-Jul-2019|||||||||||||||||||||||||||||||0|0||4|450|96127|3.0|2019-07-23T00:00:00|hospital_C|hospital_C_20190722
SYN_BENE_F212697F55B3|SYN_CLM_75F76072D486|V|60|22-Jul-2019|22-Jul-2019|26-Jul-2019||3|377673|1|1|1|| |2179.04|0.0| ||37|1306950993| |9999907899| |9999907899|||0|1| |2179.04|22-Jul-2019|1|2|A|10|0.0|435.83|0|4|0.0|0.0|0|0|0|0|0|0|0|0|0|0|0|0|0|||||22-Jul-2019|951.0|0|0||Z733|Z733|Y|Y0704|Y|N1830|Y|R801|N|E1122|N|R809|N|Z653|Y|I4891|Y|I1310|Y|E1121|Y|E11319|Y|D4959|Y|D075|Y|E781|Y|E119|Y|E8881|Y|I10|Y|Z952|Y|I350|Y|R931|Y|I259|Y|E785|Y|E669|Y|G4733|N|G479|Y|||| | | | | | | | | | | | | | | | | | | | | | |GZ3|22-Jul-2019|G4730|22-Jul-2019|Z741|22-Jul-2019|F419|22-Jul-2019|Z9181|22-Jul-2019|Z139|22-Jul-2019|Z1331|22-Jul-2019|Z1331|22-Jul-2019|F1990|23-Jul-2019|F109|23-Jul-2019|||||||||||||||||||||||||||||||0|0||5|450|M1069|3.0|2019-07-23T00:00:00|hospital_C|hospital_C_20190722
SYN_BENE_F212697F55B3|SYN_CLM_75F76072D486|V|60|22-Jul-2019|22-Jul-2019|26-Jul-2019||3|377673|1|1|1|| |2179.04|0.0| ||37|1306950993| |9999907899| |9999907899|||0|1| |2179.04|22-Jul-2019|1|2|A|10|0.0|435.83|0|4|0.0|0.0|0|0|0|0|0|0|0|0|0|0|0|0|0|||||22-Jul-2019|951.0|0|0||Z733|Z733|Y|Y0704|Y|N1830|Y|R801|N|E1122|N|R809|N|Z653|Y|I4891|Y|I1310|Y|E1121|Y|E11319|Y|D4959|Y|D075|Y|E781|Y|E119|Y|E8881|Y|I10|Y|Z952|Y|I350|Y|R931|Y|I259|Y|E785|Y|E669|Y|G4733|N|G479|Y|||| | | | | | | | | | | | | | | | | | | | | | |GZ3|22-Jul-2019|G4730|22-Jul-2019|Z741|22-Jul-2019|F419|22-Jul-2019|Z9181|22-Jul-2019|Z139|22-Jul-2019|Z1331|22-Jul-2019|Z1331|22-Jul-2019|F1990|23-Jul-2019|F109|23-Jul-2019|||||||||||||||||||||||||||||||0|0||6|450|99401|3.0|2019-07-23T00:00:00|hospital_C|hospital_C_20190722
SYN_BENE_F212697F55B3|SYN_CLM_75F76072D486|V|60|22-Jul-2019|22-Jul-2019|26-Jul-2019||3|377673|1|1|1|| |2179.04|0.0| ||37|1306950993| |9999907899| |9999907899|||0|1| |2179.04|22-Jul-2019|1|2|A|10|0.0|435.83|0|4|0.0|0.0|0|0|0|0|0|0|0|0|0|0|0|0|0|||||22-Jul-2019|951.0|0|0||Z733|Z733|Y|Y0704|Y|N1830|Y|R801|N|E1122|N|R809|N|Z653|Y|I4891|Y|I1310|Y|E1121|Y|E11319|Y|D4959|Y|D075|Y|E781|Y|E119|Y|E8881|Y|I10|Y|Z952|Y|I350|Y|R931|Y|I259|Y|E785|Y|E669|Y|G4733|N|G479|Y|||| | | | | | | | | | | | | | | | | | | | | | |GZ3|22-Jul-2019|G4730|22-Jul-2019|Z741|22-Jul-2019|F419|22-Jul-2019|Z9181|22-Jul-2019|Z139|22-Jul-2019|Z1331|22-Jul-2019|Z1331|22-Jul-2019|F1990|23-Jul-2019|F109|23-Jul-2019|||||||||||||||||||||||||||||||0|0||7|450|G0444|3.0|2019-07-23T00:00:00|hospital_C|hospital_C_20190722
SYN_BENE_F212697F55B3|SYN_CLM_75F76072D486|V|60|22-Jul-2019|22-Jul-2019|26-Jul-2019||3|377673|1|1|1|| |2179.04|0.0| ||37|1306950993| |9999907899| |9999907899|||0|1| |2179.04|22-Jul-2019|1|2|A|10|0.0|435.83|0|4|0.0|0.0|0|0|0|0|0|0|0|0|0|0|0|0|0|||||22-Jul-2019|951.0|0|0||Z733|Z733|Y|Y0704|Y|N1830|Y|R801|N|E1122|N|R809|N|Z653|Y|I4891|Y|I1310|Y|E1121|Y|E11319|Y|D4959|Y|D075|Y|E781|Y|E119|Y|E8881|Y|I10|Y|Z952|Y|I350|Y|R931|Y|I259|Y|E785|Y|E669|Y|G4733|N|G479|Y|||| | | | | | | | | | | | | | | | | | | | | | |GZ3|22-Jul-2019|G4730|22-Jul-2019|Z741|22-Jul-2019|F419|22-Jul-2019|Z9181|22-Jul-2019|Z139|22-Jul-2019|Z1331|22-Jul-2019|Z1331|22-Jul-2019|F1990|23-Jul-2019|F109|23-Jul-2019|||||||||||||||||||||||||||||||0|0||8|450|G0444|3.0|2019-07-23T00:00:00|hospital_C|hospital_C_20190722
SYN_BENE_F212697F55B3|SYN_CLM_75F76072D486|V|60|22-Jul-2019|22-Jul-2019|26-Jul-2019||3|377673|1|1|1|| |2179.04|0.0| ||37|1306950993| |9999907899| |9999907899|||0|1| |2179.04|22-Jul-2019|1|2|A|10|0.0|435.83|0|4|0.0|0.0|0|0|0|0|0|0|0|0|0|0|0|0|0|||||22-Jul-2019|951.0|0|0||Z733|Z733|Y|Y0704|Y|N1830|Y|R801|N|E1122|N|R809|N|Z653|Y|I4891|Y|I1310|Y|E1121|Y|E11319|Y|D4959|Y|D075|Y|E781|Y|E119|Y|E8881|Y|I10|Y|Z952|Y|I350|Y|R931|Y|I259|Y|E785|Y|E669|Y|G4733|N|G479|Y|||| | | | | | | | | | | | | | | | | | | | | | |GZ3|22-Jul-2019|G4730|22-Jul-2019|Z741|22-Jul-2019|F419|22-Jul-2019|Z9181|22-Jul-2019|Z139|22-Jul-2019|Z1331|22-Jul-2019|Z1331|22-Jul-2019|F1990|23-Jul-2019|F109|23-Jul-2019|||||||||||||||||||||||||||||||0|0||9|450|99408|3.0|2019-07-23T00:00:00|hospital_C|hospital_C_20190722
SYN_BENE_F212697F55B3|SYN_CLM_75F76072D486|V|60|22-Jul-2019|22-Jul-2019|26-Jul-2019||3|377673|1|1|1|| |2179.04|0.0| ||37|1306950993| |9999907899| |9999907899|||0|1| |2179.04|22-Jul-2019|1|2|A|10|0.0|435.83|0|4|0.0|0.0|0|0|0|0|0|0|0|0|0|0|0|0|0|||||22-Jul-2019|951.0|0|0||Z733|Z733|Y|Y0704|Y|N1830|Y|R801|N|E1122|N|R809|N|Z653|Y|I4891|Y|I1310|Y|E1121|Y|E11319|Y|D4959|Y|D075|Y|E781|Y|E119|Y|E8881|Y|I10|Y|Z952|Y|I350|Y|R931|Y|I259|Y|E785|Y|E669|Y|G4733|N|G479|Y|||| | | | | | | | | | | | | | | | | | | | | | |GZ3|22-Jul-2019|G4730|22-Jul-2019|Z741|22-Jul-2019|F419|22-Jul-2019|Z9181|22-Jul-2019|Z139|22-Jul-2019|Z1331|22-Jul-2019|Z1331|22-Jul-2019|F1990|23-Jul-2019|F109|23-Jul-2019|||||||||||||||||||||||||||||||0|0||10|450|G0442|3.0|2019-07-23T00:00:00|hospital_C|hospital_C_20190722
SYN_BENE_86548E8EB489|SYN_CLM_1E7540C09256|V|60|22-Jul-2019|22-Jul-2019|26-Jul-2019||3|377673|1|1|1|| |2179.04|0.0| ||37|1306950993| |9999907899| |9999907899|||0|1| |2179.04|22-Jul-2019|1|2|A|10|0.0|435.83|0|4|0.0|0.0|0|0|0|0|0|0|0|0|0|0|0|0|0|||||22-Jul-2019|951.0|0|0||Z733|Z733|Y|Y0704|Y|N1830|Y|R801|N|E1122|N|R809|N|Z653|Y|I4891|Y|I1310|Y|E1121|Y|E11319|Y|D4959|Y|D075|Y|E781|Y|E119|Y|E8881|Y|I10|Y|Z952|Y|I350|Y|R931|Y|I259|Y|E785|Y|E669|Y|G4733|N|G479|Y|||| | | | | | | | | | | | | | | | | | | | | | |GZ3|22-Jul-2019|G4730|22-Jul-2019|Z741|22-Jul-2019|F419|22-Jul-2019|Z9181|22-Jul-2019|Z139|22-Jul-2019|Z1331|22-Jul-2019|Z1331|22-Jul-2019|F1990|23-Jul-2019|F109|23-Jul-2019|||||||||||||||||||||||||||||||0|0||1|450|99495|3.0|2019-07-23T00:00:00|hospital_C|hospital_C_20190722
SYN_BENE_86548E8EB489|SYN_CLM_1E7540C09256|V|60|22-Jul-2019|22-Jul-2019|26-Jul-2019||3|377673|1|1|1|| |2179.04|0.0| ||37|1306950993| |9999907899| |9999907899|||0|1| |2179.04|22-Jul-2019|1|2|A|10|0.0|435.83|0|4|0.0|0.0|0|0|0|0|0|0|0|0|0|0|0|0|0|||||22-Jul-2019|951.0|0|0||Z733|Z733|Y|Y0704|Y|N1830|Y|R801|N|E1122|N|R809|N|Z653|Y|I4891|Y|I1310|Y|E1121|Y|E11319|Y|D4959|Y|D075|Y|E781|Y|E119|Y|E8881|Y|I10|Y|Z952|Y|I350|Y|R931|Y|I259|Y|E785|Y|E669|Y|G4733|N|G479|Y|||| | | | | | | | | | | | | | | | | | | | | | |GZ3|22-Jul-2019|G4730|22-Jul-2019|Z741|22-Jul-2019|F419|22-Jul-2019|Z9181|22-Jul-2019|Z139|22-Jul-2019|Z1331|22-Jul-2019|Z1331|22-Jul-2019|F1990|23-Jul-2019|F109|23-Jul-2019|||||||||||||||||||||||||||||||0|0||2|450|G8839|3.0|2019-07-23T00:00:00|hospital_C|hospital_C_20190722
SYN_BENE_86548E8EB489|SYN_CLM_1E7540C09256|V|60|22-Jul-2019|22-Jul-2019|26-Jul-2019||3|377673|1|1|1|| |2179.04|0.0| ||37|1306950993| |9999907899| |9999907899|||0|1| |2179.04|22-Jul-2019|1|2|A|10|0.0|435.83|0|4|0.0|0.0|0|0|0|0|0|0|0|0|0|0|0|0|0|||||22-Jul-2019|951.0|0|0||Z733|Z733|Y|Y0704|Y|N1830|Y|R801|N|E1122|N|R809|N|Z653|Y|I4891|Y|I1310|Y|E1121|Y|E11319|Y|D4959|Y|D075|Y|E781|Y|E119|Y|E8881|Y|I10|Y|Z952|Y|I350|Y|R931|Y|I259|Y|E785|Y|E669|Y|G4733|N|G479|Y|||| | | | | | | | | | | | | | | | | | | | | | |GZ3|22-Jul-2019|G4730|22-Jul-2019|Z741|22-Jul-2019|F419|22-Jul-2019|Z9181|22-Jul-2019|Z139|22-Jul-2019|Z1331|22-Jul-2019|Z1331|22-Jul-2019|F1990|23-Jul-2019|F109|23-Jul-2019|||||||||||||||||||||||||||||||0|0||3|450|96156|3.0|2019-07-23T00:00:00|hospital_C|hospital_C_20190722
SYN_BENE_86548E8EB489|SYN_CLM_1E7540C09256|V|60|22-Jul-2019|22-Jul-2019|26-Jul-2019||3|377673|1|1|1|| |2179.04|0.0| ||37|1306950993| |9999907899| |9999907899|||0|1| |2179.04|22-Jul-2019|1|2|A|10|0.0|435.83|0|4|0.0|0.0|0|0|0|0|0|0|0|0|0|0|0|0|0|||||22-Jul-2019|951.0|0|0||Z733|Z733|Y|Y0704|Y|N1830|Y|R801|N|E1122|N|R809|N|Z653|Y|I4891|Y|I1310|Y|E1121|Y|E11319|Y|D4959|Y|D075|Y|E781|Y|E119|Y|E8881|Y|I10|Y|Z952|Y|I350|Y|R931|Y|I259|Y|E785|Y|E669|Y|G4733|N|G479|Y|||| | | | | | | | | | | | | | | | | | | | | | |GZ3|22-Jul-2019|G4730|22-Jul-2019|Z741|22-Jul-2019|F419|22-Jul-2019|Z9181|22-Jul-2019|Z139|22-Jul-2019|Z1331|22-Jul-2019|Z1331|22-Jul-2019|F1990|23-Jul-2019|F109|23-Jul-2019|||||||||||||||||||||||||||||||0|0||4|450|96127|3.0|2019-07-23T00:00:00|hospital_C|hospital_C_20190722
SYN_BENE_86548E8EB489|SYN_CLM_1E7540C09256|V|60|22-Jul-2019|22-Jul-2019|26-Jul-2019||3|377673|1|1|1|| |2179.04|0.0| ||37|1306950993| |9999907899| |9999907899|||0|1| |2179.04|22-Jul-2019|1|2|A|10|0.0|435.83|0|4|0.0|0.0|0|0|0|0|0|0|0|0|0|0|0|0|0|||||22-Jul-2019|951.0|0|0||Z733|Z733|Y|Y0704|Y|N1830|Y|R801|N|E1122|N|R809|N|Z653|Y|I4891|Y|I1310|Y|E1121|Y|E11319|Y|D4959|Y|D075|Y|E781|Y|E119|Y|E8881|Y|I10|Y|Z952|Y|I350|Y|R931|Y|I259|Y|E785|Y|E669|Y|G4733|N|G479|Y|||| | | | | | | | | | | | | | | | | | | | | | |GZ3|22-Jul-2019|G4730|22-Jul-2019|Z741|22-Jul-2019|F419|22-Jul-2019|Z9181|22-Jul-2019|Z139|22-Jul-2019|Z1331|22-Jul-2019|Z1331|22-Jul-2019|F1990|23-Jul-2019|F109|23-Jul-2019|||||||||||||||||||||||||||||||0|0||5|450|M1069|3.0|2019-07-23T00:00:00|hospital_C|hospital_C_20190722
SYN_BENE_86548E8EB489|SYN_CLM_1E7540C09256|V|60|22-Jul-2019|22-Jul-2019|26-Jul-2019||3|377673|1|1|1|| |2179.04|0.0| ||37|1306950993| |9999907899| |9999907899|||0|1| |2179.04|22-Jul-2019|1|2|A|10|0.0|435.83|0|4|0.0|0.0|0|0|0|0|0|0|0|0|0|0|0|0|0|||||22-Jul-2019|951.0|0|0||Z733|Z733|Y|Y0704|Y|N1830|Y|R801|N|E1122|N|R809|N|Z653|Y|I4891|Y|I1310|Y|E1121|Y|E11319|Y|D4959|Y|D075|Y|E781|Y|E119|Y|E8881|Y|I10|Y|Z952|Y|I350|Y|R931|Y|I259|Y|E785|Y|E669|Y|G4733|N|G479|Y|||| | | | | | | | | | | | | | | | | | | | | | |GZ3|22-Jul-2019|G4730|22-Jul-2019|Z741|22-Jul-2019|F419|22-Jul-2019|Z9181|22-Jul-2019|Z139|22-Jul-2019|Z1331|22-Jul-2019|Z1331|22-Jul-2019|F1990|23-Jul-2019|F109|23-Jul-2019|||||||||||||||||||||||||||||||0|0||6|450|99401|3.0|2019-07-23T00:00:00|hospital_C|hospital_C_20190722
SYN_BENE_86548E8EB489|SYN_CLM_1E7540C09256|V|60|22-Jul-2019|22-Jul-2019|26-Jul-2019||3|377673|1|1|1|| |2179.04|0.0| ||37|1306950993| |9999907899| |9999907899|||0|1| |2179.04|22-Jul-2019|1|2|A|10|0.0|435.83|0|4|0.0|0.0|0|0|0|0|0|0|0|0|0|0|0|0|0|||||22-Jul-2019|951.0|0|0||Z733|Z733|Y|Y0704|Y|N1830|Y|R801|N|E1122|N|R809|N|Z653|Y|I4891|Y|I1310|Y|E1121|Y|E11319|Y|D4959|Y|D075|Y|E781|Y|E119|Y|E8881|Y|I10|Y|Z952|Y|I350|Y|R931|Y|I259|Y|E785|Y|E669|Y|G4733|N|G479|Y|||| | | | | | | | | | | | | | | | | | | | | | |GZ3|22-Jul-2019|G4730|22-Jul-2019|Z741|22-Jul-2019|F419|22-Jul-2019|Z9181|22-Jul-2019|Z139|22-Jul-2019|Z1331|22-Jul-2019|Z1331|22-Jul-2019|F1990|23-Jul-2019|F109|23-Jul-2019|||||||||||||||||||||||||||||||0|0||7|450|G0444|3.0|2019-07-23T00:00:00|hospital_C|hospital_C_20190722
SYN_BENE_86548E8EB489|SYN_CLM_1E7540C09256|V|60|22-Jul-2019|22-Jul-2019|26-Jul-2019||3|377673|1|1|1|| |2179.04|0.0| ||37|1306950993| |9999907899| |9999907899|||0|1| |2179.04|22-Jul-2019|1|2|A|10|0.0|435.83|0|4|0.0|0.0|0|0|0|0|0|0|0|0|0|0|0|0|0|||||22-Jul-2019|951.0|0|0||Z733|Z733|Y|Y0704|Y|N1830|Y|R801|N|E1122|N|R809|N|Z653|Y|I4891|Y|I1310|Y|E1121|Y|E11319|Y|D4959|Y|D075|Y|E781|Y|E119|Y|E8881|Y|I10|Y|Z952|Y|I350|Y|R931|Y|I259|Y|E785|Y|E669|Y|G4733|N|G479|Y|||| | | | | | | | | | | | | | | | | | | | | | |GZ3|22-Jul-2019|G4730|22-Jul-2019|Z741|22-Jul-2019|F419|22-Jul-2019|Z9181|22-Jul-2019|Z139|22-Jul-2019|Z1331|22-Jul-2019|Z1331|22-Jul-2019|F1990|23-Jul-2019|F109|23-Jul-2019|||||||||||||||||||||||||||||||0|0||8|450|G0444|3.0|2019-07-23T00:00:00|hospital_C|hospital_C_20190722
SYN_BENE_86548E8EB489|SYN_CLM_1E7540C09256|V|60|22-Jul-2019|22-Jul-2019|26-Jul-2019||3|377673|1|1|1|| |2179.04|0.0| ||37|1306950993| |9999907899| |9999907899|||0|1| |2179.04|22-Jul-2019|1|2|A|10|0.0|435.83|0|4|0.0|0.0|0|0|0|0|0|0|0|0|0|0|0|0|0|||||22-Jul-2019|951.0|0|0||Z733|Z733|Y|Y0704|Y|N1830|Y|R801|N|E1122|N|R809|N|Z653|Y|I4891|Y|I1310|Y|E1121|Y|E11319|Y|D4959|Y|D075|Y|E781|Y|E119|Y|E8881|Y|I10|Y|Z952|Y|I350|Y|R931|Y|I259|Y|E785|Y|E669|Y|G4733|N|G479|Y|||| | | | | | | | | | | | | | | | | | | | | | |GZ3|22-Jul-2019|G4730|22-Jul-2019|Z741|22-Jul-2019|F419|22-Jul-2019|Z9181|22-Jul-2019|Z139|22-Jul-2019|Z1331|22-Jul-2019|Z1331|22-Jul-2019|F1990|23-Jul-2019|F109|23-Jul-2019|||||||||||||||||||||||||||||||0|0||9|450|99408|3.0|2019-07-23T00:00:00|hospital_C|hospital_C_20190722
SYN_BENE_86548E8EB489|SYN_CLM_1E7540C09256|V|60|22-Jul-2019|22-Jul-2019|26-Jul-2019||3|377673|1|1|1|| |2179.04|0.0| ||37|1306950993| |9999907899| |9999907899|||0|1| |2179.04|22-Jul-2019|1|2|A|10|0.0|435.83|0|4|0.0|0.0|0|0|0|0|0|0|0|0|0|0|0|0|0|||||22-Jul-2019|951.0|0|0||Z733|Z733|Y|Y0704|Y|N1830|Y|R801|N|E1122|N|R809|N|Z653|Y|I4891|Y|I1310|Y|E1121|Y|E11319|Y|D4959|Y|D075|Y|E781|Y|E119|Y|E8881|Y|I10|Y|Z952|Y|I350|Y|R931|Y|I259|Y|E785|Y|E669|Y|G4733|N|G479|Y|||| | | | | | | | | | | | | | | | | | | | | | |GZ3|22-Jul-2019|G4730|22-Jul-2019|Z741|22-Jul-2019|F419|22-Jul-2019|Z9181|22-Jul-2019|Z139|22-Jul-2019|Z1331|22-Jul-2019|Z1331|22-Jul-2019|F1990|23-Jul-2019|F109|23-Jul-2019|||||||||||||||||||||||||||||||0|0||10|450|G0442|3.0|2019-07-23T00:00:00|hospital_C|hospital_C_20190722
SYN_BENE_2093EE958F25|SYN_CLM_6987D851C106|V|60|22-Jul-2019|22-Jul-2019|26-Jul-2019||3|377673|1|1|1|| |2179.04|0.0| ||37|1306950993| |9999907899| |9999907899|||0|1| |2179.04|22-Jul-2019|1|2|A|10|0.0|435.83|0|4|0.0|0.0|0|0|0|0|0|0|0|0|0|0|0|0|0|||||22-Jul-2019|951.0|0|0||Z733|Z733|Y|Y0704|Y|N1830|Y|R801|N|E1122|N|R809|N|Z653|Y|I4891|Y|I1310|Y|E1121|Y|E11319|Y|D4959|Y|D075|Y|E781|Y|E119|Y|E8881|Y|I10|Y|Z952|Y|I350|Y|R931|Y|I259|Y|E785|Y|E669|Y|G4733|N|G479|Y|||| | | | | | | | | | | | | | | | | | | | | | |GZ3|22-Jul-2019|G4730|22-Jul-2019|Z741|22-Jul-2019|F419|22-Jul-2019|Z9181|22-Jul-2019|Z139|22-Jul-2019|Z1331|22-Jul-2019|Z1331|22-Jul-2019|F1990|23-Jul-2019|F109|23-Jul-2019|||||||||||||||||||||||||||||||0|0||1|450|99495|3.0|2019-07-23T00:00:00|hospital_C|hospital_C_20190722
SYN_BENE_2093EE958F25|SYN_CLM_6987D851C106|V|60|22-Jul-2019|22-Jul-2019|26-Jul-2019||3|377673|1|1|1|| |2179.04|0.0| ||37|1306950993| |9999907899| |9999907899|||0|1| |2179.04|22-Jul-2019|1|2|A|10|0.0|435.83|0|4|0.0|0.0|0|0|0|0|0|0|0|0|0|0|0|0|0|||||22-Jul-2019|951.0|0|0||Z733|Z733|Y|Y0704|Y|N1830|Y|R801|N|E1122|N|R809|N|Z653|Y|I4891|Y|I1310|Y|E1121|Y|E11319|Y|D4959|Y|D075|Y|E781|Y|E119|Y|E8881|Y|I10|Y|Z952|Y|I350|Y|R931|Y|I259|Y|E785|Y|E669|Y|G4733|N|G479|Y|||| | | | | | | | | | | | | | | | | | | | | | |GZ3|22-Jul-2019|G4730|22-Jul-2019|Z741|22-Jul-2019|F419|22-Jul-2019|Z9181|22-Jul-2019|Z139|22-Jul-2019|Z1331|22-Jul-2019|Z1331|22-Jul-2019|F1990|23-Jul-2019|F109|23-Jul-2019|||||||||||||||||||||||||||||||0|0||2|450|G8839|3.0|2019-07-23T00:00:00|hospital_C|hospital_C_20190722
SYN_BENE_2093EE958F25|SYN_CLM_6987D851C106|V|60|22-Jul-2019|22-Jul-2019|26-Jul-2019||3|377673|1|1|1|| |2179.04|0.0| ||37|1306950993| |9999907899| |9999907899|||0|1| |2179.04|22-Jul-2019|1|2|A|10|0.0|435.83|0|4|0.0|0.0|0|0|0|0|0|0|0|0|0|0|0|0|0|||||22-Jul-2019|951.0|0|0||Z733|Z733|Y|Y0704|Y|N1830|Y|R801|N|E1122|N|R809|N|Z653|Y|I4891|Y|I1310|Y|E1121|Y|E11319|Y|D4959|Y|D075|Y|E781|Y|E119|Y|E8881|Y|I10|Y|Z952|Y|I350|Y|R931|Y|I259|Y|E785|Y|E669|Y|G4733|N|G479|Y|||| | | | | | | | | | | | | | | | | | | | | | |GZ3|22-Jul-2019|G4730|22-Jul-2019|Z741|22-Jul-2019|F419|22-Jul-2019|Z9181|22-Jul-2019|Z139|22-Jul-2019|Z1331|22-Jul-2019|Z1331|22-Jul-2019|F1990|23-Jul-2019|F109|23-Jul-2019|||||||||||||||||||||||||||||||0|0||3|450|96156|3.0|2019-07-23T00:00:00|hospital_C|hospital_C_20190722
SYN_BENE_2093EE958F25|SYN_CLM_6987D851C106|V|60|22-Jul-2019|22-Jul-2019|26-Jul-2019||3|377673|1|1|1|| |2179.04|0.0| ||37|1306950993| |9999907899| |9999907899|||0|1| |2179.04|22-Jul-2019|1|2|A|10|0.0|435.83|0|4|0.0|0.0|0|0|0|0|0|0|0|0|0|0|0|0|0|||||22-Jul-2019|951.0|0|0||Z733|Z733|Y|Y0704|Y|N1830|Y|R801|N|E1122|N|R809|N|Z653|Y|I4891|Y|I1310|Y|E1121|Y|E11319|Y|D4959|Y|D075|Y|E781|Y|E119|Y|E8881|Y|I10|Y|Z952|Y|I350|Y|R931|Y|I259|Y|E785|Y|E669|Y|G4733|N|G479|Y|||| | | | | | | | | | | | | | | | | | | | | | |GZ3|22-Jul-2019|G4730|22-Jul-2019|Z741|22-Jul-2019|F419|22-Jul-2019|Z9181|22-Jul-2019|Z139|22-Jul-2019|Z1331|22-Jul-2019|Z1331|22-Jul-2019|F1990|23-Jul-2019|F109|23-Jul-2019|||||||||||||||||||||||||||||||0|0||4|450|96127|3.0|2019-07-23T00:00:00|hospital_C|hospital_C_20190722
SYN_BENE_2093EE958F25|SYN_CLM_6987D851C106|V|60|22-Jul-2019|22-Jul-2019|26-Jul-2019||3|377673|1|1|1|| |2179.04|0.0| ||37|1306950993| |9999907899| |9999907899|||0|1| |2179.04|22-Jul-2019|1|2|A|10|0.0|435.83|0|4|0.0|0.0|0|0|0|0|0|0|0|0|0|0|0|0|0|||||22-Jul-2019|951.0|0|0||Z733|Z733|Y|Y0704|Y|N1830|Y|R801|N|E1122|N|R809|N|Z653|Y|I4891|Y|I1310|Y|E1121|Y|E11319|Y|D4959|Y|D075|Y|E781|Y|E119|Y|E8881|Y|I10|Y|Z952|Y|I350|Y|R931|Y|I259|Y|E785|Y|E669|Y|G4733|N|G479|Y|||| | | | | | | | | | | | | | | | | | | | | | |GZ3|22-Jul-2019|G4730|22-Jul-2019|Z741|22-Jul-2019|F419|22-Jul-2019|Z9181|22-Jul-2019|Z139|22-Jul-2019|Z1331|22-Jul-2019|Z1331|22-Jul-2019|F1990|23-Jul-2019|F109|23-Jul-2019|||||||||||||||||||||||||||||||0|0||5|450|M1069|3.0|2019-07-23T00:00:00|hospital_C|hospital_C_20190722
SYN_BENE_2093EE958F25|SYN_CLM_6987D851C106|V|60|22-Jul-2019|22-Jul-2019|26-Jul-2019||3|377673|1|1|1|| |2179.04|0.0| ||37|1306950993| |9999907899| |9999907899|||0|1| |2179.04|22-Jul-2019|1|2|A|10|0.0|435.83|0|4|0.0|0.0|0|0|0|0|0|0|0|0|0|0|0|0|0|||||22-Jul-2019|951.0|0|0||Z733|Z733|Y|Y0704|Y|N1830|Y|R801|N|E1122|N|R809|N|Z653|Y|I4891|Y|I1310|Y|E1121|Y|E11319|Y|D4959|Y|D075|Y|E781|Y|E119|Y|E8881|Y|I10|Y|Z952|Y|I350|Y|R931|Y|I259|Y|E785|Y|E669|Y|G4733|N|G479|Y|||| | | | | | | | | | | | | | | | | | | | | | |GZ3|22-Jul-2019|G4730|22-Jul-2019|Z741|22-Jul-2019|F419|22-Jul-2019|Z9181|22-Jul-2019|Z139|22-Jul-2019|Z1331|22-Jul-2019|Z1331|22-Jul-2019|F1990|23-Jul-2019|F109|23-Jul-2019|||||||||||||||||||||||||||||||0|0||6|450|99401|3.0|2019-07-23T00:00:00|hospital_C|hospital_C_20190722
SYN_BENE_2093EE958F25|SYN_CLM_6987D851C106|V|60|22-Jul-2019|22-Jul-2019|26-Jul-2019||3|377673|1|1|1|| |2179.04|0.0| ||37|1306950993| |9999907899| |9999907899|||0|1| |2179.04|22-Jul-2019|1|2|A|10|0.0|435.83|0|4|0.0|0.0|0|0|0|0|0|0|0|0|0|0|0|0|0|||||22-Jul-2019|951.0|0|0||Z733|Z733|Y|Y0704|Y|N1830|Y|R801|N|E1122|N|R809|N|Z653|Y|I4891|Y|I1310|Y|E1121|Y|E11319|Y|D4959|Y|D075|Y|E781|Y|E119|Y|E8881|Y|I10|Y|Z952|Y|I350|Y|R931|Y|I259|Y|E785|Y|E669|Y|G4733|N|G479|Y|||| | | | | | | | | | | | | | | | | | | | | | |GZ3|22-Jul-2019|G4730|22-Jul-2019|Z741|22-Jul-2019|F419|22-Jul-2019|Z9181|22-Jul-2019|Z139|22-Jul-2019|Z1331|22-Jul-2019|Z1331|22-Jul-2019|F1990|23-Jul-2019|F109|23-Jul-2019|||||||||||||||||||||||||||||||0|0||7|450|G0444|3.0|2019-07-23T00:00:00|hospital_C|hospital_C_20190722
SYN_BENE_2093EE958F25|SYN_CLM_6987D851C106|V|60|22-Jul-2019|22-Jul-2019|26-Jul-2019||3|377673|1|1|1|| |2179.04|0.0| ||37|1306950993| |9999907899| |9999907899|||0|1| |2179.04|22-Jul-2019|1|2|A|10|0.0|435.83|0|4|0.0|0.0|0|0|0|0|0|0|0|0|0|0|0|0|0|||||22-Jul-2019|951.0|0|0||Z733|Z733|Y|Y0704|Y|N1830|Y|R801|N|E1122|N|R809|N|Z653|Y|I4891|Y|I1310|Y|E1121|Y|E11319|Y|D4959|Y|D075|Y|E781|Y|E119|Y|E8881|Y|I10|Y|Z952|Y|I350|Y|R931|Y|I259|Y|E785|Y|E669|Y|G4733|N|G479|Y|||| | | | | | | | | | | | | | | | | | | | | | |GZ3|22-Jul-2019|G4730|22-Jul-2019|Z741|22-Jul-2019|F419|22-Jul-2019|Z9181|22-Jul-2019|Z139|22-Jul-2019|Z1331|22-Jul-2019|Z1331|22-Jul-2019|F1990|23-Jul-2019|F109|23-Jul-2019|||||||||||||||||||||||||||||||0|0||8|450|G0444|3.0|2019-07-23T00:00:00|hospital_C|hospital_C_20190722
SYN_BENE_2093EE958F25|SYN_CLM_6987D851C106|V|60|22-Jul-2019|22-Jul-2019|26-Jul-2019||3|377673|1|1|1|| |2179.04|0.0| ||37|1306950993| |9999907899| |9999907899|||0|1| |2179.04|22-Jul-2019|1|2|A|10|0.0|435.83|0|4|0.0|0.0|0|0|0|0|0|0|0|0|0|0|0|0|0|||||22-Jul-2019|951.0|0|0||Z733|Z733|Y|Y0704|Y|N1830|Y|R801|N|E1122|N|R809|N|Z653|Y|I4891|Y|I1310|Y|E1121|Y|E11319|Y|D4959|Y|D075|Y|E781|Y|E119|Y|E8881|Y|I10|Y|Z952|Y|I350|Y|R931|Y|I259|Y|E785|Y|E669|Y|G4733|N|G479|Y|||| | | | | | | | | | | | | | | | | | | | | | |GZ3|22-Jul-2019|G4730|22-Jul-2019|Z741|22-Jul-2019|F419|22-Jul-2019|Z9181|22-Jul-2019|Z139|22-Jul-2019|Z1331|22-Jul-2019|Z1331|22-Jul-2019|F1990|23-Jul-2019|F109|23-Jul-2019|||||||||||||||||||||||||||||||0|0||9|450|99408|3.0|2019-07-23T00:00:00|hospital_C|hospital_C_20190722
SYN_BENE_2093EE958F25|SYN_CLM_6987D851C106|V|60|22-Jul-2019|22-Jul-2019|26-Jul-2019||3|377673|1|1|1|| |2179.04|0.0| ||37|1306950993| |9999907899| |9999907899|||0|1| |2179.04|22-Jul-2019|1|2|A|10|0.0|435.83|0|4|0.0|0.0|0|0|0|0|0|0|0|0|0|0|0|0|0|||||22-Jul-2019|951.0|0|0||Z733|Z733|Y|Y0704|Y|N1830|Y|R801|N|E1122|N|R809|N|Z653|Y|I4891|Y|I1310|Y|E1121|Y|E11319|Y|D4959|Y|D075|Y|E781|Y|E119|Y|E8881|Y|I10|Y|Z952|Y|I350|Y|R931|Y|I259|Y|E785|Y|E669|Y|G4733|N|G479|Y|||| | | | | | | | | | | | | | | | | | | | | | |GZ3|22-Jul-2019|G4730|22-Jul-2019|Z741|22-Jul-2019|F419|22-Jul-2019|Z9181|22-Jul-2019|Z139|22-Jul-2019|Z1331|22-Jul-2019|Z1331|22-Jul-2019|F1990|23-Jul-2019|F109|23-Jul-2019|||||||||||||||||||||||||||||||0|0||10|450|G0442|3.0|2019-07-23T00:00:00|hospital_C|hospital_C_20190722
SYN_BENE_F185C77D5909|SYN_CLM_133B9E097B62|V|60|22-Jul-2019|22-Jul-2019|26-Jul-2019||3|377673|1|1|1|| |2179.04|0.0| ||37|1306950993| |9999907899| |9999907899|||0|1| |2179.04|22-Jul-2019|1|2|A|10|0.0|435.83|0|4|0.0|0.0|0|0|0|0|0|0|0|0|0|0|0|0|0|||||22-Jul-2019|951.0|0|0||Z733|Z733|Y|Y0704|Y|N1830|Y|R801|N|E1122|N|R809|N|Z653|Y|I4891|Y|I1310|Y|E1121|Y|E11319|Y|D4959|Y|D075|Y|E781|Y|E119|Y|E8881|Y|I10|Y|Z952|Y|I350|Y|R931|Y|I259|Y|E785|Y|E669|Y|G4733|N|G479|Y|||| | | | | | | | | | | | | | | | | | | | | | |GZ3|22-Jul-2019|G4730|22-Jul-2019|Z741|22-Jul-2019|F419|22-Jul-2019|Z9181|22-Jul-2019|Z139|22-Jul-2019|Z1331|22-Jul-2019|Z1331|22-Jul-2019|F1990|23-Jul-2019|F109|23-Jul-2019|||||||||||||||||||||||||||||||0|0||1|450|99495|3.0|2019-07-23T00:00:00|hospital_C|hospital_C_20190722
SYN_BENE_F185C77D5909|SYN_CLM_133B9E097B62|V|60|22-Jul-2019|22-Jul-2019|26-Jul-2019||3|377673|1|1|1|| |2179.04|0.0| ||37|1306950993| |9999907899| |9999907899|||0|1| |2179.04|22-Jul-2019|1|2|A|10|0.0|435.83|0|4|0.0|0.0|0|0|0|0|0|0|0|0|0|0|0|0|0|||||22-Jul-2019|951.0|0|0||Z733|Z733|Y|Y0704|Y|N1830|Y|R801|N|E1122|N|R809|N|Z653|Y|I4891|Y|I1310|Y|E1121|Y|E11319|Y|D4959|Y|D075|Y|E781|Y|E119|Y|E8881|Y|I10|Y|Z952|Y|I350|Y|R931|Y|I259|Y|E785|Y|E669|Y|G4733|N|G479|Y|||| | | | | | | | | | | | | | | | | | | | | | |GZ3|22-Jul-2019|G4730|22-Jul-2019|Z741|22-Jul-2019|F419|22-Jul-2019|Z9181|22-Jul-2019|Z139|22-Jul-2019|Z1331|22-Jul-2019|Z1331|22-Jul-2019|F1990|23-Jul-2019|F109|23-Jul-2019|||||||||||||||||||||||||||||||0|0||2|450|G8839|3.0|2019-07-23T00:00:00|hospital_C|hospital_C_20190722
SYN_BENE_F185C77D5909|SYN_CLM_133B9E097B62|V|60|22-Jul-2019|22-Jul-2019|26-Jul-2019||3|377673|1|1|1|| |2179.04|0.0| ||37|1306950993| |9999907899| |9999907899|||0|1| |2179.04|22-Jul-2019|1|2|A|10|0.0|435.83|0|4|0.0|0.0|0|0|0|0|0|0|0|0|0|0|0|0|0|||||22-Jul-2019|951.0|0|0||Z733|Z733|Y|Y0704|Y|N1830|Y|R801|N|E1122|N|R809|N|Z653|Y|I4891|Y|I1310|Y|E1121|Y|E11319|Y|D4959|Y|D075|Y|E781|Y|E119|Y|E8881|Y|I10|Y|Z952|Y|I350|Y|R931|Y|I259|Y|E785|Y|E669|Y|G4733|N|G479|Y|||| | | | | | | | | | | | | | | | | | | | | | |GZ3|22-Jul-2019|G4730|22-Jul-2019|Z741|22-Jul-2019|F419|22-Jul-2019|Z9181|22-Jul-2019|Z139|22-Jul-2019|Z1331|22-Jul-2019|Z1331|22-Jul-2019|F1990|23-Jul-2019|F109|23-Jul-2019|||||||||||||||||||||||||||||||0|0||3|450|96156|3.0|2019-07-23T00:00:00|hospital_C|hospital_C_20190722
SYN_BENE_F185C77D5909|SYN_CLM_133B9E097B62|V|60|22-Jul-2019|22-Jul-2019|26-Jul-2019||3|377673|1|1|1|| |2179.04|0.0| ||37|1306950993| |9999907899| |9999907899|||0|1| |2179.04|22-Jul-2019|1|2|A|10|0.0|435.83|0|4|0.0|0.0|0|0|0|0|0|0|0|0|0|0|0|0|0|||||22-Jul-2019|951.0|0|0||Z733|Z733|Y|Y0704|Y|N1830|Y|R801|N|E1122|N|R809|N|Z653|Y|I4891|Y|I1310|Y|E1121|Y|E11319|Y|D4959|Y|D075|Y|E781|Y|E119|Y|E8881|Y|I10|Y|Z952|Y|I350|Y|R931|Y|I259|Y|E785|Y|E669|Y|G4733|N|G479|Y|||| | | | | | | | | | | | | | | | | | | | | | |GZ3|22-Jul-2019|G4730|22-Jul-2019|Z741|22-Jul-2019|F419|22-Jul-2019|Z9181|22-Jul-2019|Z139|22-Jul-2019|Z1331|22-Jul-2019|Z1331|22-Jul-2019|F1990|23-Jul-2019|F109|23-Jul-2019|||||||||||||||||||||||||||||||0|0||4|450|96127|3.0|2019-07-23T00:00:00|hospital_C|hospital_C_20190722
SYN_BENE_F185C77D5909|SYN_CLM_133B9E097B62|V|60|22-Jul-2019|22-Jul-2019|26-Jul-2019||3|377673|1|1|1|| |2179.04|0.0| ||37|1306950993| |9999907899| |9999907899|||0|1| |2179.04|22-Jul-2019|1|2|A|10|0.0|435.83|0|4|0.0|0.0|0|0|0|0|0|0|0|0|0|0|0|0|0|||||22-Jul-2019|951.0|0|0||Z733|Z733|Y|Y0704|Y|N1830|Y|R801|N|E1122|N|R809|N|Z653|Y|I4891|Y|I1310|Y|E1121|Y|E11319|Y|D4959|Y|D075|Y|E781|Y|E119|Y|E8881|Y|I10|Y|Z952|Y|I350|Y|R931|Y|I259|Y|E785|Y|E669|Y|G4733|N|G479|Y|||| | | | | | | | | | | | | | | | | | | | | | |GZ3|22-Jul-2019|G4730|22-Jul-2019|Z741|22-Jul-2019|F419|22-Jul-2019|Z9181|22-Jul-2019|Z139|22-Jul-2019|Z1331|22-Jul-2019|Z1331|22-Jul-2019|F1990|23-Jul-2019|F109|23-Jul-2019|||||||||||||||||||||||||||||||0|0||5|450|M1069|3.0|2019-07-23T00:00:00|hospital_C|hospital_C_20190722
SYN_BENE_F185C77D5909|SYN_CLM_133B9E097B62|V|60|22-Jul-2019|22-Jul-2019|26-Jul-2019||3|377673|1|1|1|| |2179.04|0.0| ||37|1306950993| |9999907899| |9999907899|||0|1| |2179.04|22-Jul-2019|1|2|A|10|0.0|435.83|0|4|0.0|0.0|0|0|0|0|0|0|0|0|0|0|0|0|0|||||22-Jul-2019|951.0|0|0||Z733|Z733|Y|Y0704|Y|N1830|Y|R801|N|E1122|N|R809|N|Z653|Y|I4891|Y|I1310|Y|E1121|Y|E11319|Y|D4959|Y|D075|Y|E781|Y|E119|Y|E8881|Y|I10|Y|Z952|Y|I350|Y|R931|Y|I259|Y|E785|Y|E669|Y|G4733|N|G479|Y|||| | | | | | | | | | | | | | | | | | | | | | |GZ3|22-Jul-2019|G4730|22-Jul-2019|Z741|22-Jul-2019|F419|22-Jul-2019|Z9181|22-Jul-2019|Z139|22-Jul-2019|Z1331|22-Jul-2019|Z1331|22-Jul-2019|F1990|23-Jul-2019|F109|23-Jul-2019|||||||||||||||||||||||||||||||0|0||6|450|99401|3.0|2019-07-23T00:00:00|hospital_C|hospital_C_20190722
SYN_BENE_F185C77D5909|SYN_CLM_133B9E097B62|V|60|22-Jul-2019|22-Jul-2019|26-Jul-2019||3|377673|1|1|1|| |2179.04|0.0| ||37|1306950993| |9999907899| |9999907899|||0|1| |2179.04|22-Jul-2019|1|2|A|10|0.0|435.83|0|4|0.0|0.0|0|0|0|0|0|0|0|0|0|0|0|0|0|||||22-Jul-2019|951.0|0|0||Z733|Z733|Y|Y0704|Y|N1830|Y|R801|N|E1122|N|R809|N|Z653|Y|I4891|Y|I1310|Y|E1121|Y|E11319|Y|D4959|Y|D075|Y|E781|Y|E119|Y|E8881|Y|I10|Y|Z952|Y|I350|Y|R931|Y|I259|Y|E785|Y|E669|Y|G4733|N|G479|Y|||| | | | | | | | | | | | | | | | | | | | | | |GZ3|22-Jul-2019|G4730|22-Jul-2019|Z741|22-Jul-2019|F419|22-Jul-2019|Z9181|22-Jul-2019|Z139|22-Jul-2019|Z1331|22-Jul-2019|Z1331|22-Jul-2019|F1990|23-Jul-2019|F109|23-Jul-2019|||||||||||||||||||||||||||||||0|0||7|450|G0444|3.0|2019-07-23T00:00:00|hospital_C|hospital_C_20190722
SYN_BENE_F185C77D5909|SYN_CLM_133B9E097B62|V|60|22-Jul-2019|22-Jul-2019|26-Jul-2019||3|377673|1|1|1|| |2179.04|0.0| ||37|1306950993| |9999907899| |9999907899|||0|1| |2179.04|22-Jul-2019|1|2|A|10|0.0|435.83|0|4|0.0|0.0|0|0|0|0|0|0|0|0|0|0|0|0|0|||||22-Jul-2019|951.0|0|0||Z733|Z733|Y|Y0704|Y|N1830|Y|R801|N|E1122|N|R809|N|Z653|Y|I4891|Y|I1310|Y|E1121|Y|E11319|Y|D4959|Y|D075|Y|E781|Y|E119|Y|E8881|Y|I10|Y|Z952|Y|I350|Y|R931|Y|I259|Y|E785|Y|E669|Y|G4733|N|G479|Y|||| | | | | | | | | | | | | | | | | | | | | | |GZ3|22-Jul-2019|G4730|22-Jul-2019|Z741|22-Jul-2019|F419|22-Jul-2019|Z9181|22-Jul-2019|Z139|22-Jul-2019|Z1331|22-Jul-2019|Z1331|22-Jul-2019|F1990|23-Jul-2019|F109|23-Jul-2019|||||||||||||||||||||||||||||||0|0||8|450|G0444|3.0|2019-07-23T00:00:00|hospital_C|hospital_C_20190722
SYN_BENE_F185C77D5909|SYN_CLM_133B9E097B62|V|60|22-Jul-2019|22-Jul-2019|26-Jul-2019||3|377673|1|1|1|| |2179.04|0.0| ||37|1306950993| |9999907899| |9999907899|||0|1| |2179.04|22-Jul-2019|1|2|A|10|0.0|435.83|0|4|0.0|0.0|0|0|0|0|0|0|0|0|0|0|0|0|0|||||22-Jul-2019|951.0|0|0||Z733|Z733|Y|Y0704|Y|N1830|Y|R801|N|E1122|N|R809|N|Z653|Y|I4891|Y|I1310|Y|E1121|Y|E11319|Y|D4959|Y|D075|Y|E781|Y|E119|Y|E8881|Y|I10|Y|Z952|Y|I350|Y|R931|Y|I259|Y|E785|Y|E669|Y|G4733|N|G479|Y|||| | | | | | | | | | | | | | | | | | | | | | |GZ3|22-Jul-2019|G4730|22-Jul-2019|Z741|22-Jul-2019|F419|22-Jul-2019|Z9181|22-Jul-2019|Z139|22-Jul-2019|Z1331|22-Jul-2019|Z1331|22-Jul-2019|F1990|23-Jul-2019|F109|23-Jul-2019|||||||||||||||||||||||||||||||0|0||9|450|99408|3.0|2019-07-23T00:00:00|hospital_C|hospital_C_20190722
SYN_BENE_F185C77D5909|SYN_CLM_133B9E097B62|V|60|22-Jul-2019|22-Jul-2019|26-Jul-2019||3|377673|1|1|1|| |2179.04|0.0| ||37|1306950993| |9999907899| |9999907899|||0|1| |2179.04|22-Jul-2019|1|2|A|10|0.0|435.83|0|4|0.0|0.0|0|0|0|0|0|0|0|0|0|0|0|0|0|||||22-Jul-2019|951.0|0|0||Z733|Z733|Y|Y0704|Y|N1830|Y|R801|N|E1122|N|R809|N|Z653|Y|I4891|Y|I1310|Y|E1121|Y|E11319|Y|D4959|Y|D075|Y|E781|Y|E119|Y|E8881|Y|I10|Y|Z952|Y|I350|Y|R931|Y|I259|Y|E785|Y|E669|Y|G4733|N|G479|Y|||| | | | | | | | | | | | | | | | | | | | | | |GZ3|22-Jul-2019|G4730|22-Jul-2019|Z741|22-Jul-2019|F419|22-Jul-2019|Z9181|22-Jul-2019|Z139|22-Jul-2019|Z1331|22-Jul-2019|Z1331|22-Jul-2019|F1990|23-Jul-2019|F109|23-Jul-2019|||||||||||||||||||||||||||||||0|0||10|450|G0442|3.0|2019-07-23T00:00:00|hospital_C|hospital_C_20190722
SYN_BENE_B4898D3519B5|SYN_CLM_BB43B510E17A|V|60|22-Jul-2019|22-Jul-2019|26-Jul-2019||3|377673|1|1|1|| |2179.04|0.0| ||37|1306950993| |9999907899| |9999907899|||0|1| |2179.04|22-Jul-2019|1|2|A|10|0.0|435.83|0|4|0.0|0.0|0|0|0|0|0|0|0|0|0|0|0|0|0|||||22-Jul-2019|951.0|0|0||Z733|Z733|Y|Y0704|Y|N1830|Y|R801|N|E1122|N|R809|N|Z653|Y|I4891|Y|I1310|Y|E1121|Y|E11319|Y|D4959|Y|D075|Y|E781|Y|E119|Y|E8881|Y|I10|Y|Z952|Y|I350|Y|R931|Y|I259|Y|E785|Y|E669|Y|G4733|N|G479|Y|||| | | | | | | | | | | | | | | | | | | | | | |GZ3|22-Jul-2019|G4730|22-Jul-2019|Z741|22-Jul-2019|F419|22-Jul-2019|Z9181|22-Jul-2019|Z139|22-Jul-2019|Z1331|22-Jul-2019|Z1331|22-Jul-2019|F1990|23-Jul-2019|F109|23-Jul-2019|||||||||||||||||||||||||||||||0|0||1|450|99495|3.0|2019-07-23T00:00:00|hospital_C|hospital_C_20190722
SYN_BENE_B4898D3519B5|SYN_CLM_BB43B510E17A|V|60|22-Jul-2019|22-Jul-2019|26-Jul-2019||3|377673|1|1|1|| |2179.04|0.0| ||37|1306950993| |9999907899| |9999907899|||0|1| |2179.04|22-Jul-2019|1|2|A|10|0.0|435.83|0|4|0.0|0.0|0|0|0|0|0|0|0|0|0|0|0|0|0|||||22-Jul-2019|951.0|0|0||Z733|Z733|Y|Y0704|Y|N1830|Y|R801|N|E1122|N|R809|N|Z653|Y|I4891|Y|I1310|Y|E1121|Y|E11319|Y|D4959|Y|D075|Y|E781|Y|E119|Y|E8881|Y|I10|Y|Z952|Y|I350|Y|R931|Y|I259|Y|E785|Y|E669|Y|G4733|N|G479|Y|||| | | | | | | | | | | | | | | | | | | | | | |GZ3|22-Jul-2019|G4730|22-Jul-2019|Z741|22-Jul-2019|F419|22-Jul-2019|Z9181|22-Jul-2019|Z139|22-Jul-2019|Z1331|22-Jul-2019|Z1331|22-Jul-2019|F1990|23-Jul-2019|F109|23-Jul-2019|||||||||||||||||||||||||||||||0|0||2|450|G8839|3.0|2019-07-23T00:00:00|hospital_C|hospital_C_20190722
SYN_BENE_B4898D3519B5|SYN_CLM_BB43B510E17A|V|60|22-Jul-2019|22-Jul-2019|26-Jul-2019||3|377673|1|1|1|| |2179.04|0.0| ||37|1306950993| |9999907899| |9999907899|||0|1| |2179.04|22-Jul-2019|1|2|A|10|0.0|435.83|0|4|0.0|0.0|0|0|0|0|0|0|0|0|0|0|0|0|0|||||22-Jul-2019|951.0|0|0||Z733|Z733|Y|Y0704|Y|N1830|Y|R801|N|E1122|N|R809|N|Z653|Y|I4891|Y|I1310|Y|E1121|Y|E11319|Y|D4959|Y|D075|Y|E781|Y|E119|Y|E8881|Y|I10|Y|Z952|Y|I350|Y|R931|Y|I259|Y|E785|Y|E669|Y|G4733|N|G479|Y|||| | | | | | | | | | | | | | | | | | | | | | |GZ3|22-Jul-2019|G4730|22-Jul-2019|Z741|22-Jul-2019|F419|22-Jul-2019|Z9181|22-Jul-2019|Z139|22-Jul-2019|Z1331|22-Jul-2019|Z1331|22-Jul-2019|F1990|23-Jul-2019|F109|23-Jul-2019|||||||||||||||||||||||||||||||0|0||3|450|96156|3.0|2019-07-23T00:00:00|hospital_C|hospital_C_20190722
SYN_BENE_B4898D3519B5|SYN_CLM_BB43B510E17A|V|60|22-Jul-2019|22-Jul-2019|26-Jul-2019||3|377673|1|1|1|| |2179.04|0.0| ||37|1306950993| |9999907899| |9999907899|||0|1| |2179.04|22-Jul-2019|1|2|A|10|0.0|435.83|0|4|0.0|0.0|0|0|0|0|0|0|0|0|0|0|0|0|0|||||22-Jul-2019|951.0|0|0||Z733|Z733|Y|Y0704|Y|N1830|Y|R801|N|E1122|N|R809|N|Z653|Y|I4891|Y|I1310|Y|E1121|Y|E11319|Y|D4959|Y|D075|Y|E781|Y|E119|Y|E8881|Y|I10|Y|Z952|Y|I350|Y|R931|Y|I259|Y|E785|Y|E669|Y|G4733|N|G479|Y|||| | | | | | | | | | | | | | | | | | | | | | |GZ3|22-Jul-2019|G4730|22-Jul-2019|Z741|22-Jul-2019|F419|22-Jul-2019|Z9181|22-Jul-2019|Z139|22-Jul-2019|Z1331|22-Jul-2019|Z1331|22-Jul-2019|F1990|23-Jul-2019|F109|23-Jul-2019|||||||||||||||||||||||||||||||0|0||4|450|96127|3.0|2019-07-23T00:00:00|hospital_C|hospital_C_20190722
SYN_BENE_B4898D3519B5|SYN_CLM_BB43B510E17A|V|60|22-Jul-2019|22-Jul-2019|26-Jul-2019||3|377673|1|1|1|| |2179.04|0.0| ||37|1306950993| |9999907899| |9999907899|||0|1| |2179.04|22-Jul-2019|1|2|A|10|0.0|435.83|0|4|0.0|0.0|0|0|0|0|0|0|0|0|0|0|0|0|0|||||22-Jul-2019|951.0|0|0||Z733|Z733|Y|Y0704|Y|N1830|Y|R801|N|E1122|N|R809|N|Z653|Y|I4891|Y|I1310|Y|E1121|Y|E11319|Y|D4959|Y|D075|Y|E781|Y|E119|Y|E8881|Y|I10|Y|Z952|Y|I350|Y|R931|Y|I259|Y|E785|Y|E669|Y|G4733|N|G479|Y|||| | | | | | | | | | | | | | | | | | | | | | |GZ3|22-Jul-2019|G4730|22-Jul-2019|Z741|22-Jul-2019|F419|22-Jul-2019|Z9181|22-Jul-2019|Z139|22-Jul-2019|Z1331|22-Jul-2019|Z1331|22-Jul-2019|F1990|23-Jul-2019|F109|23-Jul-2019|||||||||||||||||||||||||||||||0|0||5|450|M1069|3.0|2019-07-23T00:00:00|hospital_C|hospital_C_20190722
SYN_BENE_B4898D3519B5|SYN_CLM_BB43B510E17A|V|60|22-Jul-2019|22-Jul-2019|26-Jul-2019||3|377673|1|1|1|| |2179.04|0.0| ||37|1306950993| |9999907899| |9999907899|||0|1| |2179.04|22-Jul-2019|1|2|A|10|0.0|435.83|0|4|0.0|0.0|0|0|0|0|0|0|0|0|0|0|0|0|0|||||22-Jul-2019|951.0|0|0||Z733|Z733|Y|Y0704|Y|N1830|Y|R801|N|E1122|N|R809|N|Z653|Y|I4891|Y|I1310|Y|E1121|Y|E11319|Y|D4959|Y|D075|Y|E781|Y|E119|Y|E8881|Y|I10|Y|Z952|Y|I350|Y|R931|Y|I259|Y|E785|Y|E669|Y|G4733|N|G479|Y|||| | | | | | | | | | | | | | | | | | | | | | |GZ3|22-Jul-2019|G4730|22-Jul-2019|Z741|22-Jul-2019|F419|22-Jul-2019|Z9181|22-Jul-2019|Z139|22-Jul-2019|Z1331|22-Jul-2019|Z1331|22-Jul-2019|F1990|23-Jul-2019|F109|23-Jul-2019|||||||||||||||||||||||||||||||0|0||6|450|99401|3.0|2019-07-23T00:00:00|hospital_C|hospital_C_20190722
SYN_BENE_B4898D3519B5|SYN_CLM_BB43B510E17A|V|60|22-Jul-2019|22-Jul-2019|26-Jul-2019||3|377673|1|1|1|| |2179.04|0.0| ||37|1306950993| |9999907899| |9999907899|||0|1| |2179.04|22-Jul-2019|1|2|A|10|0.0|435.83|0|4|0.0|0.0|0|0|0|0|0|0|0|0|0|0|0|0|0|||||22-Jul-2019|951.0|0|0||Z733|Z733|Y|Y0704|Y|N1830|Y|R801|N|E1122|N|R809|N|Z653|Y|I4891|Y|I1310|Y|E1121|Y|E11319|Y|D4959|Y|D075|Y|E781|Y|E119|Y|E8881|Y|I10|Y|Z952|Y|I350|Y|R931|Y|I259|Y|E785|Y|E669|Y|G4733|N|G479|Y|||| | | | | | | | | | | | | | | | | | | | | | |GZ3|22-Jul-2019|G4730|22-Jul-2019|Z741|22-Jul-2019|F419|22-Jul-2019|Z9181|22-Jul-2019|Z139|22-Jul-2019|Z1331|22-Jul-2019|Z1331|22-Jul-2019|F1990|23-Jul-2019|F109|23-Jul-2019|||||||||||||||||||||||||||||||0|0||7|450|G0444|3.0|2019-07-23T00:00:00|hospital_C|hospital_C_20190722
SYN_BENE_B4898D3519B5|SYN_CLM_BB43B510E17A|V|60|22-Jul-2019|22-Jul-2019|26-Jul-2019||3|377673|1|1|1|| |2179.04|0.0| ||37|1306950993| |9999907899| |9999907899|||0|1| |2179.04|22-Jul-2019|1|2|A|10|0.0|435.83|0|4|0.0|0.0|0|0|0|0|0|0|0|0|0|0|0|0|0|||||22-Jul-2019|951.0|0|0||Z733|Z733|Y|Y0704|Y|N1830|Y|R801|N|E1122|N|R809|N|Z653|Y|I4891|Y|I1310|Y|E1121|Y|E11319|Y|D4959|Y|D075|Y|E781|Y|E119|Y|E8881|Y|I10|Y|Z952|Y|I350|Y|R931|Y|I259|Y|E785|Y|E669|Y|G4733|N|G479|Y|||| | | | | | | | | | | | | | | | | | | | | | |GZ3|22-Jul-2019|G4730|22-Jul-2019|Z741|22-Jul-2019|F419|22-Jul-2019|Z9181|22-Jul-2019|Z139|22-Jul-2019|Z1331|22-Jul-2019|Z1331|22-Jul-2019|F1990|23-Jul-2019|F109|23-Jul-2019|||||||||||||||||||||||||||||||0|0||8|450|G0444|3.0|2019-07-23T00:00:00|hospital_C|hospital_C_20190722
SYN_BENE_B4898D3519B5|SYN_CLM_BB43B510E17A|V|60|22-Jul-2019|22-Jul-2019|26-Jul-2019||3|377673|1|1|1|| |2179.04|0.0| ||37|1306950993| |9999907899| |9999907899|||0|1| |2179.04|22-Jul-2019|1|2|A|10|0.0|435.83|0|4|0.0|0.0|0|0|0|0|0|0|0|0|0|0|0|0|0|||||22-Jul-2019|951.0|0|0||Z733|Z733|Y|Y0704|Y|N1830|Y|R801|N|E1122|N|R809|N|Z653|Y|I4891|Y|I1310|Y|E1121|Y|E11319|Y|D4959|Y|D075|Y|E781|Y|E119|Y|E8881|Y|I10|Y|Z952|Y|I350|Y|R931|Y|I259|Y|E785|Y|E669|Y|G4733|N|G479|Y|||| | | | | | | | | | | | | | | | | | | | | | |GZ3|22-Jul-2019|G4730|22-Jul-2019|Z741|22-Jul-2019|F419|22-Jul-2019|Z9181|22-Jul-2019|Z139|22-Jul-2019|Z1331|22-Jul-2019|Z1331|22-Jul-2019|F1990|23-Jul-2019|F109|23-Jul-2019|||||||||||||||||||||||||||||||0|0||9|450|99408|3.0|2019-07-23T00:00:00|hospital_C|hospital_C_20190722
SYN_BENE_B4898D3519B5|SYN_CLM_BB43B510E17A|V|60|22-Jul-2019|22-Jul-2019|26-Jul-2019||3|377673|1|1|1|| |2179.04|0.0| ||37|1306950993| |9999907899| |9999907899|||0|1| |2179.04|22-Jul-2019|1|2|A|10|0.0|435.83|0|4|0.0|0.0|0|0|0|0|0|0|0|0|0|0|0|0|0|||||22-Jul-2019|951.0|0|0||Z733|Z733|Y|Y0704|Y|N1830|Y|R801|N|E1122|N|R809|N|Z653|Y|I4891|Y|I1310|Y|E1121|Y|E11319|Y|D4959|Y|D075|Y|E781|Y|E119|Y|E8881|Y|I10|Y|Z952|Y|I350|Y|R931|Y|I259|Y|E785|Y|E669|Y|G4733|N|G479|Y|||| | | | | | | | | | | | | | | | | | | | | | |GZ3|22-Jul-2019|G4730|22-Jul-2019|Z741|22-Jul-2019|F419|22-Jul-2019|Z9181|22-Jul-2019|Z139|22-Jul-2019|Z1331|22-Jul-2019|Z1331|22-Jul-2019|F1990|23-Jul-2019|F109|23-Jul-2019|||||||||||||||||||||||||||||||0|0||10|450|G0442|3.0|2019-07-23T00:00:00|hospital_C|hospital_C_20190722
SYN_BENE_C8BCBDBF029E|SYN_CLM_DEFC1947D33E|V|60|22-Jul-2019|22-Jul-2019|26-Jul-2019||3|377673|1|1|1|| |2179.04|0.0| ||37|1306950993| |9999907899| |9999907899|||0|1| |2179.04|22-Jul-2019|1|2|A|10|0.0|435.83|0|4|0.0|0.0|0|0|0|0|0|0|0|0|0|0|0|0|0|||||22-Jul-2019|951.0|0|0||Z733|Z733|Y|Y0704|Y|N1830|Y|R801|N|E1122|N|R809|N|Z653|Y|I4891|Y|I1310|Y|E1121|Y|E11319|Y|D4959|Y|D075|Y|E781|Y|E119|Y|E8881|Y|I10|Y|Z952|Y|I350|Y|R931|Y|I259|Y|E785|Y|E669|Y|G4733|N|G479|Y|||| | | | | | | | | | | | | | | | | | | | | | |GZ3|22-Jul-2019|G4730|22-Jul-2019|Z741|22-Jul-2019|F419|22-Jul-2019|Z9181|22-Jul-2019|Z139|22-Jul-2019|Z1331|22-Jul-2019|Z1331|22-Jul-2019|F1990|23-Jul-2019|F109|23-Jul-2019|||||||||||||||||||||||||||||||0|0||1|450|99495|3.0|2019-07-23T00:00:00|hospital_C|hospital_C_20190722
SYN_BENE_C8BCBDBF029E|SYN_CLM_DEFC1947D33E|V|60|22-Jul-2019|22-Jul-2019|26-Jul-2019||3|377673|1|1|1|| |2179.04|0.0| ||37|1306950993| |9999907899| |9999907899|||0|1| |2179.04|22-Jul-2019|1|2|A|10|0.0|435.83|0|4|0.0|0.0|0|0|0|0|0|0|0|0|0|0|0|0|0|||||22-Jul-2019|951.0|0|0||Z733|Z733|Y|Y0704|Y|N1830|Y|R801|N|E1122|N|R809|N|Z653|Y|I4891|Y|I1310|Y|E1121|Y|E11319|Y|D4959|Y|D075|Y|E781|Y|E119|Y|E8881|Y|I10|Y|Z952|Y|I350|Y|R931|Y|I259|Y|E785|Y|E669|Y|G4733|N|G479|Y|||| | | | | | | | | | | | | | | | | | | | | | |GZ3|22-Jul-2019|G4730|22-Jul-2019|Z741|22-Jul-2019|F419|22-Jul-2019|Z9181|22-Jul-2019|Z139|22-Jul-2019|Z1331|22-Jul-2019|Z1331|22-Jul-2019|F1990|23-Jul-2019|F109|23-Jul-2019|||||||||||||||||||||||||||||||0|0||2|450|G8839|3.0|2019-07-23T00:00:00|hospital_C|hospital_C_20190722
SYN_BENE_C8BCBDBF029E|SYN_CLM_DEFC1947D33E|V|60|22-Jul-2019|22-Jul-2019|26-Jul-2019||3|377673|1|1|1|| |2179.04|0.0| ||37|1306950993| |9999907899| |9999907899|||0|1| |2179.04|22-Jul-2019|1|2|A|10|0.0|435.83|0|4|0.0|0.0|0|0|0|0|0|0|0|0|0|0|0|0|0|||||22-Jul-2019|951.0|0|0||Z733|Z733|Y|Y0704|Y|N1830|Y|R801|N|E1122|N|R809|N|Z653|Y|I4891|Y|I1310|Y|E1121|Y|E11319|Y|D4959|Y|D075|Y|E781|Y|E119|Y|E8881|Y|I10|Y|Z952|Y|I350|Y|R931|Y|I259|Y|E785|Y|E669|Y|G4733|N|G479|Y|||| | | | | | | | | | | | | | | | | | | | | | |GZ3|22-Jul-2019|G4730|22-Jul-2019|Z741|22-Jul-2019|F419|22-Jul-2019|Z9181|22-Jul-2019|Z139|22-Jul-2019|Z1331|22-Jul-2019|Z1331|22-Jul-2019|F1990|23-Jul-2019|F109|23-Jul-2019|||||||||||||||||||||||||||||||0|0||3|450|96156|3.0|2019-07-23T00:00:00|hospital_C|hospital_C_20190722
SYN_BENE_C8BCBDBF029E|SYN_CLM_DEFC1947D33E|V|60|22-Jul-2019|22-Jul-2019|26-Jul-2019||3|377673|1|1|1|| |2179.04|0.0| ||37|1306950993| |9999907899| |9999907899|||0|1| |2179.04|22-Jul-2019|1|2|A|10|0.0|435.83|0|4|0.0|0.0|0|0|0|0|0|0|0|0|0|0|0|0|0|||||22-Jul-2019|951.0|0|0||Z733|Z733|Y|Y0704|Y|N1830|Y|R801|N|E1122|N|R809|N|Z653|Y|I4891|Y|I1310|Y|E1121|Y|E11319|Y|D4959|Y|D075|Y|E781|Y|E119|Y|E8881|Y|I10|Y|Z952|Y|I350|Y|R931|Y|I259|Y|E785|Y|E669|Y|G4733|N|G479|Y|||| | | | | | | | | | | | | | | | | | | | | | |GZ3|22-Jul-2019|G4730|22-Jul-2019|Z741|22-Jul-2019|F419|22-Jul-2019|Z9181|22-Jul-2019|Z139|22-Jul-2019|Z1331|22-Jul-2019|Z1331|22-Jul-2019|F1990|23-Jul-2019|F109|23-Jul-2019|||||||||||||||||||||||||||||||0|0||4|450|96127|3.0|2019-07-23T00:00:00|hospital_C|hospital_C_20190722
SYN_BENE_C8BCBDBF029E|SYN_CLM_DEFC1947D33E|V|60|22-Jul-2019|22-Jul-2019|26-Jul-2019||3|377673|1|1|1|| |2179.04|0.0| ||37|1306950993| |9999907899| |9999907899|||0|1| |2179.04|22-Jul-2019|1|2|A|10|0.0|435.83|0|4|0.0|0.0|0|0|0|0|0|0|0|0|0|0|0|0|0|||||22-Jul-2019|951.0|0|0||Z733|Z733|Y|Y0704|Y|N1830|Y|R801|N|E1122|N|R809|N|Z653|Y|I4891|Y|I1310|Y|E1121|Y|E11319|Y|D4959|Y|D075|Y|E781|Y|E119|Y|E8881|Y|I10|Y|Z952|Y|I350|Y|R931|Y|I259|Y|E785|Y|E669|Y|G4733|N|G479|Y|||| | | | | | | | | | | | | | | | | | | | | | |GZ3|22-Jul-2019|G4730|22-Jul-2019|Z741|22-Jul-2019|F419|22-Jul-2019|Z9181|22-Jul-2019|Z139|22-Jul-2019|Z1331|22-Jul-2019|Z1331|22-Jul-2019|F1990|23-Jul-2019|F109|23-Jul-2019|||||||||||||||||||||||||||||||0|0||5|450|M1069|3.0|2019-07-23T00:00:00|hospital_C|hospital_C_20190722
SYN_BENE_C8BCBDBF029E|SYN_CLM_DEFC1947D33E|V|60|22-Jul-2019|22-Jul-2019|26-Jul-2019||3|377673|1|1|1|| |2179.04|0.0| ||37|1306950993| |9999907899| |9999907899|||0|1| |2179.04|22-Jul-2019|1|2|A|10|0.0|435.83|0|4|0.0|0.0|0|0|0|0|0|0|0|0|0|0|0|0|0|||||22-Jul-2019|951.0|0|0||Z733|Z733|Y|Y0704|Y|N1830|Y|R801|N|E1122|N|R809|N|Z653|Y|I4891|Y|I1310|Y|E1121|Y|E11319|Y|D4959|Y|D075|Y|E781|Y|E119|Y|E8881|Y|I10|Y|Z952|Y|I350|Y|R931|Y|I259|Y|E785|Y|E669|Y|G4733|N|G479|Y|||| | | | | | | | | | | | | | | | | | | | | | |GZ3|22-Jul-2019|G4730|22-Jul-2019|Z741|22-Jul-2019|F419|22-Jul-2019|Z9181|22-Jul-2019|Z139|22-Jul-2019|Z1331|22-Jul-2019|Z1331|22-Jul-2019|F1990|23-Jul-2019|F109|23-Jul-2019|||||||||||||||||||||||||||||||0|0||6|450|99401|3.0|2019-07-23T00:00:00|hospital_C|hospital_C_20190722
SYN_BENE_C8BCBDBF029E|SYN_CLM_DEFC1947D33E|V|60|22-Jul-2019|22-Jul-2019|26-Jul-2019||3|377673|1|1|1|| |2179.04|0.0| ||37|1306950993| |9999907899| |9999907899|||0|1| |2179.04|22-Jul-2019|1|2|A|10|0.0|435.83|0|4|0.0|0.0|0|0|0|0|0|0|0|0|0|0|0|0|0|||||22-Jul-2019|951.0|0|0||Z733|Z733|Y|Y0704|Y|N1830|Y|R801|N|E1122|N|R809|N|Z653|Y|I4891|Y|I1310|Y|E1121|Y|E11319|Y|D4959|Y|D075|Y|E781|Y|E119|Y|E8881|Y|I10|Y|Z952|Y|I350|Y|R931|Y|I259|Y|E785|Y|E669|Y|G4733|N|G479|Y|||| | | | | | | | | | | | | | | | | | | | | | |GZ3|22-Jul-2019|G4730|22-Jul-2019|Z741|22-Jul-2019|F419|22-Jul-2019|Z9181|22-Jul-2019|Z139|22-Jul-2019|Z1331|22-Jul-2019|Z1331|22-Jul-2019|F1990|23-Jul-2019|F109|23-Jul-2019|||||||||||||||||||||||||||||||0|0||7|450|G0444|3.0|2019-07-23T00:00:00|hospital_C|hospital_C_20190722
SYN_BENE_C8BCBDBF029E|SYN_CLM_DEFC1947D33E|V|60|22-Jul-2019|22-Jul-2019|26-Jul-2019||3|377673|1|1|1|| |2179.04|0.0| ||37|1306950993| |9999907899| |9999907899|||0|1| |2179.04|22-Jul-2019|1|2|A|10|0.0|435.83|0|4|0.0|0.0|0|0|0|0|0|0|0|0|0|0|0|0|0|||||22-Jul-2019|951.0|0|0||Z733|Z733|Y|Y0704|Y|N1830|Y|R801|N|E1122|N|R809|N|Z653|Y|I4891|Y|I1310|Y|E1121|Y|E11319|Y|D4959|Y|D075|Y|E781|Y|E119|Y|E8881|Y|I10|Y|Z952|Y|I350|Y|R931|Y|I259|Y|E785|Y|E669|Y|G4733|N|G479|Y|||| | | | | | | | | | | | | | | | | | | | | | |GZ3|22-Jul-2019|G4730|22-Jul-2019|Z741|22-Jul-2019|F419|22-Jul-2019|Z9181|22-Jul-2019|Z139|22-Jul-2019|Z1331|22-Jul-2019|Z1331|22-Jul-2019|F1990|23-Jul-2019|F109|23-Jul-2019|||||||||||||||||||||||||||||||0|0||8|450|G0444|3.0|2019-07-23T00:00:00|hospital_C|hospital_C_20190722
SYN_BENE_C8BCBDBF029E|SYN_CLM_DEFC1947D33E|V|60|22-Jul-2019|22-Jul-2019|26-Jul-2019||3|377673|1|1|1|| |2179.04|0.0| ||37|1306950993| |9999907899| |9999907899|||0|1| |2179.04|22-Jul-2019|1|2|A|10|0.0|435.83|0|4|0.0|0.0|0|0|0|0|0|0|0|0|0|0|0|0|0|||||22-Jul-2019|951.0|0|0||Z733|Z733|Y|Y0704|Y|N1830|Y|R801|N|E1122|N|R809|N|Z653|Y|I4891|Y|I1310|Y|E1121|Y|E11319|Y|D4959|Y|D075|Y|E781|Y|E119|Y|E8881|Y|I10|Y|Z952|Y|I350|Y|R931|Y|I259|Y|E785|Y|E669|Y|G4733|N|G479|Y|||| | | | | | | | | | | | | | | | | | | | | | |GZ3|22-Jul-2019|G4730|22-Jul-2019|Z741|22-Jul-2019|F419|22-Jul-2019|Z9181|22-Jul-2019|Z139|22-Jul-2019|Z1331|22-Jul-2019|Z1331|22-Jul-2019|F1990|23-Jul-2019|F109|23-Jul-2019|||||||||||||||||||||||||||||||0|0||9|450|99408|3.0|2019-07-23T00:00:00|hospital_C|hospital_C_20190722
SYN_BENE_C8BCBDBF029E|SYN_CLM_DEFC1947D33E|V|60|22-Jul-2019|22-Jul-2019|26-Jul-2019||3|377673|1|1|1|| |2179.04|0.0| ||37|1306950993| |9999907899| |9999907899|||0|1| |2179.04|22-Jul-2019|1|2|A|10|0.0|435.83|0|4|0.0|0.0|0|0|0|0|0|0|0|0|0|0|0|0|0|||||22-Jul-2019|951.0|0|0||Z733|Z733|Y|Y0704|Y|N1830|Y|R801|N|E1122|N|R809|N|Z653|Y|I4891|Y|I1310|Y|E1121|Y|E11319|Y|D4959|Y|D075|Y|E781|Y|E119|Y|E8881|Y|I10|Y|Z952|Y|I350|Y|R931|Y|I259|Y|E785|Y|E669|Y|G4733|N|G479|Y|||| | | | | | | | | | | | | | | | | | | | | | |GZ3|22-Jul-2019|G4730|22-Jul-2019|Z741|22-Jul-2019|F419|22-Jul-2019|Z9181|22-Jul-2019|Z139|22-Jul-2019|Z1331|22-Jul-2019|Z1331|22-Jul-2019|F1990|23-Jul-2019|F109|23-Jul-2019|||||||||||||||||||||||||||||||0|0||10|450|G0442|3.0|2019-07-23T00:00:00|hospital_C|hospital_C_20190722
SYN_BENE_327CC9FF16D5|SYN_CLM_035352DDD3B0|V|60|22-Jul-2019|22-Jul-2019|26-Jul-2019||3|377673|1|1|1|| |2179.04|0.0| ||37|1306950993| |9999907899| |9999907899|||0|1| |2179.04|22-Jul-2019|1|2|A|10|0.0|435.83|0|4|0.0|0.0|0|0|0|0|0|0|0|0|0|0|0|0|0|||||22-Jul-2019|951.0|0|0||Z733|Z733|Y|Y0704|Y|N1830|Y|R801|N|E1122|N|R809|N|Z653|Y|I4891|Y|I1310|Y|E1121|Y|E11319|Y|D4959|Y|D075|Y|E781|Y|E119|Y|E8881|Y|I10|Y|Z952|Y|I350|Y|R931|Y|I259|Y|E785|Y|E669|Y|G4733|N|G479|Y|||| | | | | | | | | | | | | | | | | | | | | | |GZ3|22-Jul-2019|G4730|22-Jul-2019|Z741|22-Jul-2019|F419|22-Jul-2019|Z9181|22-Jul-2019|Z139|22-Jul-2019|Z1331|22-Jul-2019|Z1331|22-Jul-2019|F1990|23-Jul-2019|F109|23-Jul-2019|||||||||||||||||||||||||||||||0|0||1|450|99495|3.0|2019-07-23T00:00:00|hospital_C|hospital_C_20190722
SYN_BENE_327CC9FF16D5|SYN_CLM_035352DDD3B0|V|60|22-Jul-2019|22-Jul-2019|26-Jul-2019||3|377673|1|1|1|| |2179.04|0.0| ||37|1306950993| |9999907899| |9999907899|||0|1| |2179.04|22-Jul-2019|1|2|A|10|0.0|435.83|0|4|0.0|0.0|0|0|0|0|0|0|0|0|0|0|0|0|0|||||22-Jul-2019|951.0|0|0||Z733|Z733|Y|Y0704|Y|N1830|Y|R801|N|E1122|N|R809|N|Z653|Y|I4891|Y|I1310|Y|E1121|Y|E11319|Y|D4959|Y|D075|Y|E781|Y|E119|Y|E8881|Y|I10|Y|Z952|Y|I350|Y|R931|Y|I259|Y|E785|Y|E669|Y|G4733|N|G479|Y|||| | | | | | | | | | | | | | | | | | | | | | |GZ3|22-Jul-2019|G4730|22-Jul-2019|Z741|22-Jul-2019|F419|22-Jul-2019|Z9181|22-Jul-2019|Z139|22-Jul-2019|Z1331|22-Jul-2019|Z1331|22-Jul-2019|F1990|23-Jul-2019|F109|23-Jul-2019|||||||||||||||||||||||||||||||0|0||2|450|G8839|3.0|2019-07-23T00:00:00|hospital_C|hospital_C_20190722
SYN_BENE_327CC9FF16D5|SYN_CLM_035352DDD3B0|V|60|22-Jul-2019|22-Jul-2019|26-Jul-2019||3|377673|1|1|1|| |2179.04|0.0| ||37|1306950993| |9999907899| |9999907899|||0|1| |2179.04|22-Jul-2019|1|2|A|10|0.0|435.83|0|4|0.0|0.0|0|0|0|0|0|0|0|0|0|0|0|0|0|||||22-Jul-2019|951.0|0|0||Z733|Z733|Y|Y0704|Y|N1830|Y|R801|N|E1122|N|R809|N|Z653|Y|I4891|Y|I1310|Y|E1121|Y|E11319|Y|D4959|Y|D075|Y|E781|Y|E119|Y|E8881|Y|I10|Y|Z952|Y|I350|Y|R931|Y|I259|Y|E785|Y|E669|Y|G4733|N|G479|Y|||| | | | | | | | | | | | | | | | | | | | | | |GZ3|22-Jul-2019|G4730|22-Jul-2019|Z741|22-Jul-2019|F419|22-Jul-2019|Z9181|22-Jul-2019|Z139|22-Jul-2019|Z1331|22-Jul-2019|Z1331|22-Jul-2019|F1990|23-Jul-2019|F109|23-Jul-2019|||||||||||||||||||||||||||||||0|0||3|450|96156|3.0|2019-07-23T00:00:00|hospital_C|hospital_C_20190722
SYN_BENE_327CC9FF16D5|SYN_CLM_035352DDD3B0|V|60|22-Jul-2019|22-Jul-2019|26-Jul-2019||3|377673|1|1|1|| |2179.04|0.0| ||37|1306950993| |9999907899| |9999907899|||0|1| |2179.04|22-Jul-2019|1|2|A|10|0.0|435.83|0|4|0.0|0.0|0|0|0|0|0|0|0|0|0|0|0|0|0|||||22-Jul-2019|951.0|0|0||Z733|Z733|Y|Y0704|Y|N1830|Y|R801|N|E1122|N|R809|N|Z653|Y|I4891|Y|I1310|Y|E1121|Y|E11319|Y|D4959|Y|D075|Y|E781|Y|E119|Y|E8881|Y|I10|Y|Z952|Y|I350|Y|R931|Y|I259|Y|E785|Y|E669|Y|G4733|N|G479|Y|||| | | | | | | | | | | | | | | | | | | | | | |GZ3|22-Jul-2019|G4730|22-Jul-2019|Z741|22-Jul-2019|F419|22-Jul-2019|Z9181|22-Jul-2019|Z139|22-Jul-2019|Z1331|22-Jul-2019|Z1331|22-Jul-2019|F1990|23-Jul-2019|F109|23-Jul-2019|||||||||||||||||||||||||||||||0|0||4|450|96127|3.0|2019-07-23T00:00:00|hospital_C|hospital_C_20190722
SYN_BENE_327CC9FF16D5|SYN_CLM_035352DDD3B0|V|60|22-Jul-2019|22-Jul-2019|26-Jul-2019||3|377673|1|1|1|| |2179.04|0.0| ||37|1306950993| |9999907899| |9999907899|||0|1| |2179.04|22-Jul-2019|1|2|A|10|0.0|435.83|0|4|0.0|0.0|0|0|0|0|0|0|0|0|0|0|0|0|0|||||22-Jul-2019|951.0|0|0||Z733|Z733|Y|Y0704|Y|N1830|Y|R801|N|E1122|N|R809|N|Z653|Y|I4891|Y|I1310|Y|E1121|Y|E11319|Y|D4959|Y|D075|Y|E781|Y|E119|Y|E8881|Y|I10|Y|Z952|Y|I350|Y|R931|Y|I259|Y|E785|Y|E669|Y|G4733|N|G479|Y|||| | | | | | | | | | | | | | | | | | | | | | |GZ3|22-Jul-2019|G4730|22-Jul-2019|Z741|22-Jul-2019|F419|22-Jul-2019|Z9181|22-Jul-2019|Z139|22-Jul-2019|Z1331|22-Jul-2019|Z1331|22-Jul-2019|F1990|23-Jul-2019|F109|23-Jul-2019|||||||||||||||||||||||||||||||0|0||5|450|M1069|3.0|2019-07-23T00:00:00|hospital_C|hospital_C_20190722
SYN_BENE_327CC9FF16D5|SYN_CLM_035352DDD3B0|V|60|22-Jul-2019|22-Jul-2019|26-Jul-2019||3|377673|1|1|1|| |2179.04|0.0| ||37|1306950993| |9999907899| |9999907899|||0|1| |2179.04|22-Jul-2019|1|2|A|10|0.0|435.83|0|4|0.0|0.0|0|0|0|0|0|0|0|0|0|0|0|0|0|||||22-Jul-2019|951.0|0|0||Z733|Z733|Y|Y0704|Y|N1830|Y|R801|N|E1122|N|R809|N|Z653|Y|I4891|Y|I1310|Y|E1121|Y|E11319|Y|D4959|Y|D075|Y|E781|Y|E119|Y|E8881|Y|I10|Y|Z952|Y|I350|Y|R931|Y|I259|Y|E785|Y|E669|Y|G4733|N|G479|Y|||| | | | | | | | | | | | | | | | | | | | | | |GZ3|22-Jul-2019|G4730|22-Jul-2019|Z741|22-Jul-2019|F419|22-Jul-2019|Z9181|22-Jul-2019|Z139|22-Jul-2019|Z1331|22-Jul-2019|Z1331|22-Jul-2019|F1990|23-Jul-2019|F109|23-Jul-2019|||||||||||||||||||||||||||||||0|0||6|450|99401|3.0|2019-07-23T00:00:00|hospital_C|hospital_C_20190722
SYN_BENE_327CC9FF16D5|SYN_CLM_035352DDD3B0|V|60|22-Jul-2019|22-Jul-2019|26-Jul-2019||3|377673|1|1|1|| |2179.04|0.0| ||37|1306950993| |9999907899| |9999907899|||0|1| |2179.04|22-Jul-2019|1|2|A|10|0.0|435.83|0|4|0.0|0.0|0|0|0|0|0|0|0|0|0|0|0|0|0|||||22-Jul-2019|951.0|0|0||Z733|Z733|Y|Y0704|Y|N1830|Y|R801|N|E1122|N|R809|N|Z653|Y|I4891|Y|I1310|Y|E1121|Y|E11319|Y|D4959|Y|D075|Y|E781|Y|E119|Y|E8881|Y|I10|Y|Z952|Y|I350|Y|R931|Y|I259|Y|E785|Y|E669|Y|G4733|N|G479|Y|||| | | | | | | | | | | | | | | | | | | | | | |GZ3|22-Jul-2019|G4730|22-Jul-2019|Z741|22-Jul-2019|F419|22-Jul-2019|Z9181|22-Jul-2019|Z139|22-Jul-2019|Z1331|22-Jul-2019|Z1331|22-Jul-2019|F1990|23-Jul-2019|F109|23-Jul-2019|||||||||||||||||||||||||||||||0|0||7|450|G0444|3.0|2019-07-23T00:00:00|hospital_C|hospital_C_20190722
SYN_BENE_327CC9FF16D5|SYN_CLM_035352DDD3B0|V|60|22-Jul-2019|22-Jul-2019|26-Jul-2019||3|377673|1|1|1|| |2179.04|0.0| ||37|1306950993| |9999907899| |9999907899|||0|1| |2179.04|22-Jul-2019|1|2|A|10|0.0|435.83|0|4|0.0|0.0|0|0|0|0|0|0|0|0|0|0|0|0|0|||||22-Jul-2019|951.0|0|0||Z733|Z733|Y|Y0704|Y|N1830|Y|R801|N|E1122|N|R809|N|Z653|Y|I4891|Y|I1310|Y|E1121|Y|E11319|Y|D4959|Y|D075|Y|E781|Y|E119|Y|E8881|Y|I10|Y|Z952|Y|I350|Y|R931|Y|I259|Y|E785|Y|E669|Y|G4733|N|G479|Y|||| | | | | | | | | | | | | | | | | | | | | | |GZ3|22-Jul-2019|G4730|22-Jul-2019|Z741|22-Jul-2019|F419|22-Jul-2019|Z9181|22-Jul-2019|Z139|22-Jul-2019|Z1331|22-Jul-2019|Z1331|22-Jul-2019|F1990|23-Jul-2019|F109|23-Jul-2019|||||||||||||||||||||||||||||||0|0||8|450|G0444|3.0|2019-07-23T00:00:00|hospital_C|hospital_C_20190722
SYN_BENE_327CC9FF16D5|SYN_CLM_035352DDD3B0|V|60|22-Jul-2019|22-Jul-2019|26-Jul-2019||3|377673|1|1|1|| |2179.04|0.0| ||37|1306950993| |9999907899| |9999907899|||0|1| |2179.04|22-Jul-2019|1|2|A|10|0.0|435.83|0|4|0.0|0.0|0|0|0|0|0|0|0|0|0|0|0|0|0|||||22-Jul-2019|951.0|0|0||Z733|Z733|Y|Y0704|Y|N1830|Y|R801|N|E1122|N|R809|N|Z653|Y|I4891|Y|I1310|Y|E1121|Y|E11319|Y|D4959|Y|D075|Y|E781|Y|E119|Y|E8881|Y|I10|Y|Z952|Y|I350|Y|R931|Y|I259|Y|E785|Y|E669|Y|G4733|N|G479|Y|||| | | | | | | | | | | | | | | | | | | | | | |GZ3|22-Jul-2019|G4730|22-Jul-2019|Z741|22-Jul-2019|F419|22-Jul-2019|Z9181|22-Jul-2019|Z139|22-Jul-2019|Z1331|22-Jul-2019|Z1331|22-Jul-2019|F1990|23-Jul-2019|F109|23-Jul-2019|||||||||||||||||||||||||||||||0|0||9|450|99408|3.0|2019-07-23T00:00:00|hospital_C|hospital_C_20190722
SYN_BENE_327CC9FF16D5|SYN_CLM_035352DDD3B0|V|60|22-Jul-2019|22-Jul-2019|26-Jul-2019||3|377673|1|1|1|| |2179.04|0.0| ||37|1306950993| |9999907899| |9999907899|||0|1| |2179.04|22-Jul-2019|1|2|A|10|0.0|435.83|0|4|0.0|0.0|0|0|0|0|0|0|0|0|0|0|0|0|0|||||22-Jul-2019|951.0|0|0||Z733|Z733|Y|Y0704|Y|N1830|Y|R801|N|E1122|N|R809|N|Z653|Y|I4891|Y|I1310|Y|E1121|Y|E11319|Y|D4959|Y|D075|Y|E781|Y|E119|Y|E8881|Y|I10|Y|Z952|Y|I350|Y|R931|Y|I259|Y|E785|Y|E669|Y|G4733|N|G479|Y|||| | | | | | | | | | | | | | | | | | | | | | |GZ3|22-Jul-2019|G4730|22-Jul-2019|Z741|22-Jul-2019|F419|22-Jul-2019|Z9181|22-Jul-2019|Z139|22-Jul-2019|Z1331|22-Jul-2019|Z1331|22-Jul-2019|F1990|23-Jul-2019|F109|23-Jul-2019|||||||||||||||||||||||||||||||0|0||10|450|G0442|3.0|2019-07-23T00:00:00|hospital_C|hospital_C_20190722
SYN_BENE_41A2C7ECD9D7|SYN_CLM_9BE54BD9C74F|V|60|22-Jul-2019|22-Jul-2019|26-Jul-2019||3|377673|1|1|1|| |2179.04|0.0| ||37|1306950993| |9999907899| |9999907899|||0|1| |2179.04|22-Jul-2019|1|2|A|10|0.0|435.83|0|4|0.0|0.0|0|0|0|0|0|0|0|0|0|0|0|0|0|||||22-Jul-2019|951.0|0|0||Z733|Z733|Y|Y0704|Y|N1830|Y|R801|N|E1122|N|R809|N|Z653|Y|I4891|Y|I1310|Y|E1121|Y|E11319|Y|D4959|Y|D075|Y|E781|Y|E119|Y|E8881|Y|I10|Y|Z952|Y|I350|Y|R931|Y|I259|Y|E785|Y|E669|Y|G4733|N|G479|Y|||| | | | | | | | | | | | | | | | | | | | | | |GZ3|22-Jul-2019|G4730|22-Jul-2019|Z741|22-Jul-2019|F419|22-Jul-2019|Z9181|22-Jul-2019|Z139|22-Jul-2019|Z1331|22-Jul-2019|Z1331|22-Jul-2019|F1990|23-Jul-2019|F109|23-Jul-2019|||||||||||||||||||||||||||||||0|0||1|450|99495|3.0|2019-07-23T00:00:00|hospital_C|hospital_C_20190722
SYN_BENE_41A2C7ECD9D7|SYN_CLM_9BE54BD9C74F|V|60|22-Jul-2019|22-Jul-2019|26-Jul-2019||3|377673|1|1|1|| |2179.04|0.0| ||37|1306950993| |9999907899| |9999907899|||0|1| |2179.04|22-Jul-2019|1|2|A|10|0.0|435.83|0|4|0.0|0.0|0|0|0|0|0|0|0|0|0|0|0|0|0|||||22-Jul-2019|951.0|0|0||Z733|Z733|Y|Y0704|Y|N1830|Y|R801|N|E1122|N|R809|N|Z653|Y|I4891|Y|I1310|Y|E1121|Y|E11319|Y|D4959|Y|D075|Y|E781|Y|E119|Y|E8881|Y|I10|Y|Z952|Y|I350|Y|R931|Y|I259|Y|E785|Y|E669|Y|G4733|N|G479|Y|||| | | | | | | | | | | | | | | | | | | | | | |GZ3|22-Jul-2019|G4730|22-Jul-2019|Z741|22-Jul-2019|F419|22-Jul-2019|Z9181|22-Jul-2019|Z139|22-Jul-2019|Z1331|22-Jul-2019|Z1331|22-Jul-2019|F1990|23-Jul-2019|F109|23-Jul-2019|||||||||||||||||||||||||||||||0|0||2|450|G8839|3.0|2019-07-23T00:00:00|hospital_C|hospital_C_20190722
SYN_BENE_41A2C7ECD9D7|SYN_CLM_9BE54BD9C74F|V|60|22-Jul-2019|22-Jul-2019|26-Jul-2019||3|377673|1|1|1|| |2179.04|0.0| ||37|1306950993| |9999907899| |9999907899|||0|1| |2179.04|22-Jul-2019|1|2|A|10|0.0|435.83|0|4|0.0|0.0|0|0|0|0|0|0|0|0|0|0|0|0|0|||||22-Jul-2019|951.0|0|0||Z733|Z733|Y|Y0704|Y|N1830|Y|R801|N|E1122|N|R809|N|Z653|Y|I4891|Y|I1310|Y|E1121|Y|E11319|Y|D4959|Y|D075|Y|E781|Y|E119|Y|E8881|Y|I10|Y|Z952|Y|I350|Y|R931|Y|I259|Y|E785|Y|E669|Y|G4733|N|G479|Y|||| | | | | | | | | | | | | | | | | | | | | | |GZ3|22-Jul-2019|G4730|22-Jul-2019|Z741|22-Jul-2019|F419|22-Jul-2019|Z9181|22-Jul-2019|Z139|22-Jul-2019|Z1331|22-Jul-2019|Z1331|22-Jul-2019|F1990|23-Jul-2019|F109|23-Jul-2019|||||||||||||||||||||||||||||||0|0||3|450|96156|3.0|2019-07-23T00:00:00|hospital_C|hospital_C_20190722
SYN_BENE_41A2C7ECD9D7|SYN_CLM_9BE54BD9C74F|V|60|22-Jul-2019|22-Jul-2019|26-Jul-2019||3|377673|1|1|1|| |2179.04|0.0| ||37|1306950993| |9999907899| |9999907899|||0|1| |2179.04|22-Jul-2019|1|2|A|10|0.0|435.83|0|4|0.0|0.0|0|0|0|0|0|0|0|0|0|0|0|0|0|||||22-Jul-2019|951.0|0|0||Z733|Z733|Y|Y0704|Y|N1830|Y|R801|N|E1122|N|R809|N|Z653|Y|I4891|Y|I1310|Y|E1121|Y|E11319|Y|D4959|Y|D075|Y|E781|Y|E119|Y|E8881|Y|I10|Y|Z952|Y|I350|Y|R931|Y|I259|Y|E785|Y|E669|Y|G4733|N|G479|Y|||| | | | | | | | | | | | | | | | | | | | | | |GZ3|22-Jul-2019|G4730|22-Jul-2019|Z741|22-Jul-2019|F419|22-Jul-2019|Z9181|22-Jul-2019|Z139|22-Jul-2019|Z1331|22-Jul-2019|Z1331|22-Jul-2019|F1990|23-Jul-2019|F109|23-Jul-2019|||||||||||||||||||||||||||||||0|0||4|450|96127|3.0|2019-07-23T00:00:00|hospital_C|hospital_C_20190722
SYN_BENE_41A2C7ECD9D7|SYN_CLM_9BE54BD9C74F|V|60|22-Jul-2019|22-Jul-2019|26-Jul-2019||3|377673|1|1|1|| |2179.04|0.0| ||37|1306950993| |9999907899| |9999907899|||0|1| |2179.04|22-Jul-2019|1|2|A|10|0.0|435.83|0|4|0.0|0.0|0|0|0|0|0|0|0|0|0|0|0|0|0|||||22-Jul-2019|951.0|0|0||Z733|Z733|Y|Y0704|Y|N1830|Y|R801|N|E1122|N|R809|N|Z653|Y|I4891|Y|I1310|Y|E1121|Y|E11319|Y|D4959|Y|D075|Y|E781|Y|E119|Y|E8881|Y|I10|Y|Z952|Y|I350|Y|R931|Y|I259|Y|E785|Y|E669|Y|G4733|N|G479|Y|||| | | | | | | | | | | | | | | | | | | | | | |GZ3|22-Jul-2019|G4730|22-Jul-2019|Z741|22-Jul-2019|F419|22-Jul-2019|Z9181|22-Jul-2019|Z139|22-Jul-2019|Z1331|22-Jul-2019|Z1331|22-Jul-2019|F1990|23-Jul-2019|F109|23-Jul-2019|||||||||||||||||||||||||||||||0|0||5|450|M1069|3.0|2019-07-23T00:00:00|hospital_C|hospital_C_20190722
SYN_BENE_41A2C7ECD9D7|SYN_CLM_9BE54BD9C74F|V|60|22-Jul-2019|22-Jul-2019|26-Jul-2019||3|377673|1|1|1|| |2179.04|0.0| ||37|1306950993| |9999907899| |9999907899|||0|1| |2179.04|22-Jul-2019|1|2|A|10|0.0|435.83|0|4|0.0|0.0|0|0|0|0|0|0|0|0|0|0|0|0|0|||||22-Jul-2019|951.0|0|0||Z733|Z733|Y|Y0704|Y|N1830|Y|R801|N|E1122|N|R809|N|Z653|Y|I4891|Y|I1310|Y|E1121|Y|E11319|Y|D4959|Y|D075|Y|E781|Y|E119|Y|E8881|Y|I10|Y|Z952|Y|I350|Y|R931|Y|I259|Y|E785|Y|E669|Y|G4733|N|G479|Y|||| | | | | | | | | | | | | | | | | | | | | | |GZ3|22-Jul-2019|G4730|22-Jul-2019|Z741|22-Jul-2019|F419|22-Jul-2019|Z9181|22-Jul-2019|Z139|22-Jul-2019|Z1331|22-Jul-2019|Z1331|22-Jul-2019|F1990|23-Jul-2019|F109|23-Jul-2019|||||||||||||||||||||||||||||||0|0||6|450|99401|3.0|2019-07-23T00:00:00|hospital_C|hospital_C_20190722
SYN_BENE_41A2C7ECD9D7|SYN_CLM_9BE54BD9C74F|V|60|22-Jul-2019|22-Jul-2019|26-Jul-2019||3|377673|1|1|1|| |2179.04|0.0| ||37|1306950993| |9999907899| |9999907899|||0|1| |2179.04|22-Jul-2019|1|2|A|10|0.0|435.83|0|4|0.0|0.0|0|0|0|0|0|0|0|0|0|0|0|0|0|||||22-Jul-2019|951.0|0|0||Z733|Z733|Y|Y0704|Y|N1830|Y|R801|N|E1122|N|R809|N|Z653|Y|I4891|Y|I1310|Y|E1121|Y|E11319|Y|D4959|Y|D075|Y|E781|Y|E119|Y|E8881|Y|I10|Y|Z952|Y|I350|Y|R931|Y|I259|Y|E785|Y|E669|Y|G4733|N|G479|Y|||| | | | | | | | | | | | | | | | | | | | | | |GZ3|22-Jul-2019|G4730|22-Jul-2019|Z741|22-Jul-2019|F419|22-Jul-2019|Z9181|22-Jul-2019|Z139|22-Jul-2019|Z1331|22-Jul-2019|Z1331|22-Jul-2019|F1990|23-Jul-2019|F109|23-Jul-2019|||||||||||||||||||||||||||||||0|0||7|450|G0444|3.0|2019-07-23T00:00:00|hospital_C|hospital_C_20190722
SYN_BENE_41A2C7ECD9D7|SYN_CLM_9BE54BD9C74F|V|60|22-Jul-2019|22-Jul-2019|26-Jul-2019||3|377673|1|1|1|| |2179.04|0.0| ||37|1306950993| |9999907899| |9999907899|||0|1| |2179.04|22-Jul-2019|1|2|A|10|0.0|435.83|0|4|0.0|0.0|0|0|0|0|0|0|0|0|0|0|0|0|0|||||22-Jul-2019|951.0|0|0||Z733|Z733|Y|Y0704|Y|N1830|Y|R801|N|E1122|N|R809|N|Z653|Y|I4891|Y|I1310|Y|E1121|Y|E11319|Y|D4959|Y|D075|Y|E781|Y|E119|Y|E8881|Y|I10|Y|Z952|Y|I350|Y|R931|Y|I259|Y|E785|Y|E669|Y|G4733|N|G479|Y|||| | | | | | | | | | | | | | | | | | | | | | |GZ3|22-Jul-2019|G4730|22-Jul-2019|Z741|22-Jul-2019|F419|22-Jul-2019|Z9181|22-Jul-2019|Z139|22-Jul-2019|Z1331|22-Jul-2019|Z1331|22-Jul-2019|F1990|23-Jul-2019|F109|23-Jul-2019|||||||||||||||||||||||||||||||0|0||8|450|G0444|3.0|2019-07-23T00:00:00|hospital_C|hospital_C_20190722
SYN_BENE_41A2C7ECD9D7|SYN_CLM_9BE54BD9C74F|V|60|22-Jul-2019|22-Jul-2019|26-Jul-2019||3|377673|1|1|1|| |2179.04|0.0| ||37|1306950993| |9999907899| |9999907899|||0|1| |2179.04|22-Jul-2019|1|2|A|10|0.0|435.83|0|4|0.0|0.0|0|0|0|0|0|0|0|0|0|0|0|0|0|||||22-Jul-2019|951.0|0|0||Z733|Z733|Y|Y0704|Y|N1830|Y|R801|N|E1122|N|R809|N|Z653|Y|I4891|Y|I1310|Y|E1121|Y|E11319|Y|D4959|Y|D075|Y|E781|Y|E119|Y|E8881|Y|I10|Y|Z952|Y|I350|Y|R931|Y|I259|Y|E785|Y|E669|Y|G4733|N|G479|Y|||| | | | | | | | | | | | | | | | | | | | | | |GZ3|22-Jul-2019|G4730|22-Jul-2019|Z741|22-Jul-2019|F419|22-Jul-2019|Z9181|22-Jul-2019|Z139|22-Jul-2019|Z1331|22-Jul-2019|Z1331|22-Jul-2019|F1990|23-Jul-2019|F109|23-Jul-2019|||||||||||||||||||||||||||||||0|0||9|450|99408|3.0|2019-07-23T00:00:00|hospital_C|hospital_C_20190722
SYN_BENE_41A2C7ECD9D7|SYN_CLM_9BE54BD9C74F|V|60|22-Jul-2019|22-Jul-2019|26-Jul-2019||3|377673|1|1|1|| |2179.04|0.0| ||37|1306950993| |9999907899| |9999907899|||0|1| |2179.04|22-Jul-2019|1|2|A|10|0.0|435.83|0|4|0.0|0.0|0|0|0|0|0|0|0|0|0|0|0|0|0|||||22-Jul-2019|951.0|0|0||Z733|Z733|Y|Y0704|Y|N1830|Y|R801|N|E1122|N|R809|N|Z653|Y|I4891|Y|I1310|Y|E1121|Y|E11319|Y|D4959|Y|D075|Y|E781|Y|E119|Y|E8881|Y|I10|Y|Z952|Y|I350|Y|R931|Y|I259|Y|E785|Y|E669|Y|G4733|N|G479|Y|||| | | | | | | | | | | | | | | | | | | | | | |GZ3|22-Jul-2019|G4730|22-Jul-2019|Z741|22-Jul-2019|F419|22-Jul-2019|Z9181|22-Jul-2019|Z139|22-Jul-2019|Z1331|22-Jul-2019|Z1331|22-Jul-2019|F1990|23-Jul-2019|F109|23-Jul-2019|||||||||||||||||||||||||||||||0|0||10|450|G0442|3.0|2019-07-23T00:00:00|hospital_C|hospital_C_20190722
SYN_BENE_C02878EE8E5A|SYN_CLM_949497141DCA|V|60|22-Jul-2019|22-Jul-2019|26-Jul-2019||3|377673|1|1|1|| |2179.04|0.0| ||37|1306950993| |9999907899| |9999907899|||0|1| |2179.04|22-Jul-2019|1|2|A|10|0.0|435.83|0|4|0.0|0.0|0|0|0|0|0|0|0|0|0|0|0|0|0|||||22-Jul-2019|951.0|0|0||Z733|Z733|Y|Y0704|Y|N1830|Y|R801|N|E1122|N|R809|N|Z653|Y|I4891|Y|I1310|Y|E1121|Y|E11319|Y|D4959|Y|D075|Y|E781|Y|E119|Y|E8881|Y|I10|Y|Z952|Y|I350|Y|R931|Y|I259|Y|E785|Y|E669|Y|G4733|N|G479|Y|||| | | | | | | | | | | | | | | | | | | | | | |GZ3|22-Jul-2019|G4730|22-Jul-2019|Z741|22-Jul-2019|F419|22-Jul-2019|Z9181|22-Jul-2019|Z139|22-Jul-2019|Z1331|22-Jul-2019|Z1331|22-Jul-2019|F1990|23-Jul-2019|F109|23-Jul-2019|||||||||||||||||||||||||||||||0|0||1|450|99495|3.0|2019-07-23T00:00:00|hospital_C|hospital_C_20190722
SYN_BENE_C02878EE8E5A|SYN_CLM_949497141DCA|V|60|22-Jul-2019|22-Jul-2019|26-Jul-2019||3|377673|1|1|1|| |2179.04|0.0| ||37|1306950993| |9999907899| |9999907899|||0|1| |2179.04|22-Jul-2019|1|2|A|10|0.0|435.83|0|4|0.0|0.0|0|0|0|0|0|0|0|0|0|0|0|0|0|||||22-Jul-2019|951.0|0|0||Z733|Z733|Y|Y0704|Y|N1830|Y|R801|N|E1122|N|R809|N|Z653|Y|I4891|Y|I1310|Y|E1121|Y|E11319|Y|D4959|Y|D075|Y|E781|Y|E119|Y|E8881|Y|I10|Y|Z952|Y|I350|Y|R931|Y|I259|Y|E785|Y|E669|Y|G4733|N|G479|Y|||| | | | | | | | | | | | | | | | | | | | | | |GZ3|22-Jul-2019|G4730|22-Jul-2019|Z741|22-Jul-2019|F419|22-Jul-2019|Z9181|22-Jul-2019|Z139|22-Jul-2019|Z1331|22-Jul-2019|Z1331|22-Jul-2019|F1990|23-Jul-2019|F109|23-Jul-2019|||||||||||||||||||||||||||||||0|0||2|450|G8839|3.0|2019-07-23T00:00:00|hospital_C|hospital_C_20190722
SYN_BENE_C02878EE8E5A|SYN_CLM_949497141DCA|V|60|22-Jul-2019|22-Jul-2019|26-Jul-2019||3|377673|1|1|1|| |2179.04|0.0| ||37|1306950993| |9999907899| |9999907899|||0|1| |2179.04|22-Jul-2019|1|2|A|10|0.0|435.83|0|4|0.0|0.0|0|0|0|0|0|0|0|0|0|0|0|0|0|||||22-Jul-2019|951.0|0|0||Z733|Z733|Y|Y0704|Y|N1830|Y|R801|N|E1122|N|R809|N|Z653|Y|I4891|Y|I1310|Y|E1121|Y|E11319|Y|D4959|Y|D075|Y|E781|Y|E119|Y|E8881|Y|I10|Y|Z952|Y|I350|Y|R931|Y|I259|Y|E785|Y|E669|Y|G4733|N|G479|Y|||| | | | | | | | | | | | | | | | | | | | | | |GZ3|22-Jul-2019|G4730|22-Jul-2019|Z741|22-Jul-2019|F419|22-Jul-2019|Z9181|22-Jul-2019|Z139|22-Jul-2019|Z1331|22-Jul-2019|Z1331|22-Jul-2019|F1990|23-Jul-2019|F109|23-Jul-2019|||||||||||||||||||||||||||||||0|0||3|450|96156|3.0|2019-07-23T00:00:00|hospital_C|hospital_C_20190722
SYN_BENE_C02878EE8E5A|SYN_CLM_949497141DCA|V|60|22-Jul-2019|22-Jul-2019|26-Jul-2019||3|377673|1|1|1|| |2179.04|0.0| ||37|1306950993| |9999907899| |9999907899|||0|1| |2179.04|22-Jul-2019|1|2|A|10|0.0|435.83|0|4|0.0|0.0|0|0|0|0|0|0|0|0|0|0|0|0|0|||||22-Jul-2019|951.0|0|0||Z733|Z733|Y|Y0704|Y|N1830|Y|R801|N|E1122|N|R809|N|Z653|Y|I4891|Y|I1310|Y|E1121|Y|E11319|Y|D4959|Y|D075|Y|E781|Y|E119|Y|E8881|Y|I10|Y|Z952|Y|I350|Y|R931|Y|I259|Y|E785|Y|E669|Y|G4733|N|G479|Y|||| | | | | | | | | | | | | | | | | | | | | | |GZ3|22-Jul-2019|G4730|22-Jul-2019|Z741|22-Jul-2019|F419|22-Jul-2019|Z9181|22-Jul-2019|Z139|22-Jul-2019|Z1331|22-Jul-2019|Z1331|22-Jul-2019|F1990|23-Jul-2019|F109|23-Jul-2019|||||||||||||||||||||||||||||||0|0||4|450|96127|3.0|2019-07-23T00:00:00|hospital_C|hospital_C_20190722
SYN_BENE_C02878EE8E5A|SYN_CLM_949497141DCA|V|60|22-Jul-2019|22-Jul-2019|26-Jul-2019||3|377673|1|1|1|| |2179.04|0.0| ||37|1306950993| |9999907899| |9999907899|||0|1| |2179.04|22-Jul-2019|1|2|A|10|0.0|435.83|0|4|0.0|0.0|0|0|0|0|0|0|0|0|0|0|0|0|0|||||22-Jul-2019|951.0|0|0||Z733|Z733|Y|Y0704|Y|N1830|Y|R801|N|E1122|N|R809|N|Z653|Y|I4891|Y|I1310|Y|E1121|Y|E11319|Y|D4959|Y|D075|Y|E781|Y|E119|Y|E8881|Y|I10|Y|Z952|Y|I350|Y|R931|Y|I259|Y|E785|Y|E669|Y|G4733|N|G479|Y|||| | | | | | | | | | | | | | | | | | | | | | |GZ3|22-Jul-2019|G4730|22-Jul-2019|Z741|22-Jul-2019|F419|22-Jul-2019|Z9181|22-Jul-2019|Z139|22-Jul-2019|Z1331|22-Jul-2019|Z1331|22-Jul-2019|F1990|23-Jul-2019|F109|23-Jul-2019|||||||||||||||||||||||||||||||0|0||5|450|M1069|3.0|2019-07-23T00:00:00|hospital_C|hospital_C_20190722
SYN_BENE_C02878EE8E5A|SYN_CLM_949497141DCA|V|60|22-Jul-2019|22-Jul-2019|26-Jul-2019||3|377673|1|1|1|| |2179.04|0.0| ||37|1306950993| |9999907899| |9999907899|||0|1| |2179.04|22-Jul-2019|1|2|A|10|0.0|435.83|0|4|0.0|0.0|0|0|0|0|0|0|0|0|0|0|0|0|0|||||22-Jul-2019|951.0|0|0||Z733|Z733|Y|Y0704|Y|N1830|Y|R801|N|E1122|N|R809|N|Z653|Y|I4891|Y|I1310|Y|E1121|Y|E11319|Y|D4959|Y|D075|Y|E781|Y|E119|Y|E8881|Y|I10|Y|Z952|Y|I350|Y|R931|Y|I259|Y|E785|Y|E669|Y|G4733|N|G479|Y|||| | | | | | | | | | | | | | | | | | | | | | |GZ3|22-Jul-2019|G4730|22-Jul-2019|Z741|22-Jul-2019|F419|22-Jul-2019|Z9181|22-Jul-2019|Z139|22-Jul-2019|Z1331|22-Jul-2019|Z1331|22-Jul-2019|F1990|23-Jul-2019|F109|23-Jul-2019|||||||||||||||||||||||||||||||0|0||6|450|99401|3.0|2019-07-23T00:00:00|hospital_C|hospital_C_20190722
SYN_BENE_C02878EE8E5A|SYN_CLM_949497141DCA|V|60|22-Jul-2019|22-Jul-2019|26-Jul-2019||3|377673|1|1|1|| |2179.04|0.0| ||37|1306950993| |9999907899| |9999907899|||0|1| |2179.04|22-Jul-2019|1|2|A|10|0.0|435.83|0|4|0.0|0.0|0|0|0|0|0|0|0|0|0|0|0|0|0|||||22-Jul-2019|951.0|0|0||Z733|Z733|Y|Y0704|Y|N1830|Y|R801|N|E1122|N|R809|N|Z653|Y|I4891|Y|I1310|Y|E1121|Y|E11319|Y|D4959|Y|D075|Y|E781|Y|E119|Y|E8881|Y|I10|Y|Z952|Y|I350|Y|R931|Y|I259|Y|E785|Y|E669|Y|G4733|N|G479|Y|||| | | | | | | | | | | | | | | | | | | | | | |GZ3|22-Jul-2019|G4730|22-Jul-2019|Z741|22-Jul-2019|F419|22-Jul-2019|Z9181|22-Jul-2019|Z139|22-Jul-2019|Z1331|22-Jul-2019|Z1331|22-Jul-2019|F1990|23-Jul-2019|F109|23-Jul-2019|||||||||||||||||||||||||||||||0|0||7|450|G0444|3.0|2019-07-23T00:00:00|hospital_C|hospital_C_20190722
SYN_BENE_C02878EE8E5A|SYN_CLM_949497141DCA|V|60|22-Jul-2019|22-Jul-2019|26-Jul-2019||3|377673|1|1|1|| |2179.04|0.0| ||37|1306950993| |9999907899| |9999907899|||0|1| |2179.04|22-Jul-2019|1|2|A|10|0.0|435.83|0|4|0.0|0.0|0|0|0|0|0|0|0|0|0|0|0|0|0|||||22-Jul-2019|951.0|0|0||Z733|Z733|Y|Y0704|Y|N1830|Y|R801|N|E1122|N|R809|N|Z653|Y|I4891|Y|I1310|Y|E1121|Y|E11319|Y|D4959|Y|D075|Y|E781|Y|E119|Y|E8881|Y|I10|Y|Z952|Y|I350|Y|R931|Y|I259|Y|E785|Y|E669|Y|G4733|N|G479|Y|||| | | | | | | | | | | | | | | | | | | | | | |GZ3|22-Jul-2019|G4730|22-Jul-2019|Z741|22-Jul-2019|F419|22-Jul-2019|Z9181|22-Jul-2019|Z139|22-Jul-2019|Z1331|22-Jul-2019|Z1331|22-Jul-2019|F1990|23-Jul-2019|F109|23-Jul-2019|||||||||||||||||||||||||||||||0|0||8|450|G0444|3.0|2019-07-23T00:00:00|hospital_C|hospital_C_20190722
SYN_BENE_C02878EE8E5A|SYN_CLM_949497141DCA|V|60|22-Jul-2019|22-Jul-2019|26-Jul-2019||3|377673|1|1|1|| |2179.04|0.0| ||37|1306950993| |9999907899| |9999907899|||0|1| |2179.04|22-Jul-2019|1|2|A|10|0.0|435.83|0|4|0.0|0.0|0|0|0|0|0|0|0|0|0|0|0|0|0|||||22-Jul-2019|951.0|0|0||Z733|Z733|Y|Y0704|Y|N1830|Y|R801|N|E1122|N|R809|N|Z653|Y|I4891|Y|I1310|Y|E1121|Y|E11319|Y|D4959|Y|D075|Y|E781|Y|E119|Y|E8881|Y|I10|Y|Z952|Y|I350|Y|R931|Y|I259|Y|E785|Y|E669|Y|G4733|N|G479|Y|||| | | | | | | | | | | | | | | | | | | | | | |GZ3|22-Jul-2019|G4730|22-Jul-2019|Z741|22-Jul-2019|F419|22-Jul-2019|Z9181|22-Jul-2019|Z139|22-Jul-2019|Z1331|22-Jul-2019|Z1331|22-Jul-2019|F1990|23-Jul-2019|F109|23-Jul-2019|||||||||||||||||||||||||||||||0|0||9|450|99408|3.0|2019-07-23T00:00:00|hospital_C|hospital_C_20190722
SYN_BENE_C02878EE8E5A|SYN_CLM_949497141DCA|V|60|22-Jul-2019|22-Jul-2019|26-Jul-2019||3|377673|1|1|1|| |2179.04|0.0| ||37|1306950993| |9999907899| |9999907899|||0|1| |2179.04|22-Jul-2019|1|2|A|10|0.0|435.83|0|4|0.0|0.0|0|0|0|0|0|0|0|0|0|0|0|0|0|||||22-Jul-2019|951.0|0|0||Z733|Z733|Y|Y0704|Y|N1830|Y|R801|N|E1122|N|R809|N|Z653|Y|I4891|Y|I1310|Y|E1121|Y|E11319|Y|D4959|Y|D075|Y|E781|Y|E119|Y|E8881|Y|I10|Y|Z952|Y|I350|Y|R931|Y|I259|Y|E785|Y|E669|Y|G4733|N|G479|Y|||| | | | | | | | | | | | | | | | | | | | | | |GZ3|22-Jul-2019|G4730|22-Jul-2019|Z741|22-Jul-2019|F419|22-Jul-2019|Z9181|22-Jul-2019|Z139|22-Jul-2019|Z1331|22-Jul-2019|Z1331|22-Jul-2019|F1990|23-Jul-2019|F109|23-Jul-2019|||||||||||||||||||||||||||||||0|0||10|450|G0442|3.0|2019-07-23T00:00:00|hospital_C|hospital_C_20190722
SYN_BENE_5C4E024D21EE|SYN_CLM_FB3E7ADD88B1|V|60|22-Jul-2019|22-Jul-2019|26-Jul-2019||3|377673|1|1|1|| |2179.04|0.0| ||37|1306950993| |9999907899| |9999907899|||0|1| |2179.04|22-Jul-2019|1|2|A|10|0.0|435.83|0|4|0.0|0.0|0|0|0|0|0|0|0|0|0|0|0|0|0|||||22-Jul-2019|951.0|0|0||Z733|Z733|Y|Y0704|Y|N1830|Y|R801|N|E1122|N|R809|N|Z653|Y|I4891|Y|I1310|Y|E1121|Y|E11319|Y|D4959|Y|D075|Y|E781|Y|E119|Y|E8881|Y|I10|Y|Z952|Y|I350|Y|R931|Y|I259|Y|E785|Y|E669|Y|G4733|N|G479|Y|||| | | | | | | | | | | | | | | | | | | | | | |GZ3|22-Jul-2019|G4730|22-Jul-2019|Z741|22-Jul-2019|F419|22-Jul-2019|Z9181|22-Jul-2019|Z139|22-Jul-2019|Z1331|22-Jul-2019|Z1331|22-Jul-2019|F1990|23-Jul-2019|F109|23-Jul-2019|||||||||||||||||||||||||||||||0|0||1|450|99495|3.0|2019-07-23T00:00:00|hospital_C|hospital_C_20190722
SYN_BENE_5C4E024D21EE|SYN_CLM_FB3E7ADD88B1|V|60|22-Jul-2019|22-Jul-2019|26-Jul-2019||3|377673|1|1|1|| |2179.04|0.0| ||37|1306950993| |9999907899| |9999907899|||0|1| |2179.04|22-Jul-2019|1|2|A|10|0.0|435.83|0|4|0.0|0.0|0|0|0|0|0|0|0|0|0|0|0|0|0|||||22-Jul-2019|951.0|0|0||Z733|Z733|Y|Y0704|Y|N1830|Y|R801|N|E1122|N|R809|N|Z653|Y|I4891|Y|I1310|Y|E1121|Y|E11319|Y|D4959|Y|D075|Y|E781|Y|E119|Y|E8881|Y|I10|Y|Z952|Y|I350|Y|R931|Y|I259|Y|E785|Y|E669|Y|G4733|N|G479|Y|||| | | | | | | | | | | | | | | | | | | | | | |GZ3|22-Jul-2019|G4730|22-Jul-2019|Z741|22-Jul-2019|F419|22-Jul-2019|Z9181|22-Jul-2019|Z139|22-Jul-2019|Z1331|22-Jul-2019|Z1331|22-Jul-2019|F1990|23-Jul-2019|F109|23-Jul-2019|||||||||||||||||||||||||||||||0|0||2|450|G8839|3.0|2019-07-23T00:00:00|hospital_C|hospital_C_20190722
SYN_BENE_5C4E024D21EE|SYN_CLM_FB3E7ADD88B1|V|60|22-Jul-2019|22-Jul-2019|26-Jul-2019||3|377673|1|1|1|| |2179.04|0.0| ||37|1306950993| |9999907899| |9999907899|||0|1| |2179.04|22-Jul-2019|1|2|A|10|0.0|435.83|0|4|0.0|0.0|0|0|0|0|0|0|0|0|0|0|0|0|0|||||22-Jul-2019|951.0|0|0||Z733|Z733|Y|Y0704|Y|N1830|Y|R801|N|E1122|N|R809|N|Z653|Y|I4891|Y|I1310|Y|E1121|Y|E11319|Y|D4959|Y|D075|Y|E781|Y|E119|Y|E8881|Y|I10|Y|Z952|Y|I350|Y|R931|Y|I259|Y|E785|Y|E669|Y|G4733|N|G479|Y|||| | | | | | | | | | | | | | | | | | | | | | |GZ3|22-Jul-2019|G4730|22-Jul-2019|Z741|22-Jul-2019|F419|22-Jul-2019|Z9181|22-Jul-2019|Z139|22-Jul-2019|Z1331|22-Jul-2019|Z1331|22-Jul-2019|F1990|23-Jul-2019|F109|23-Jul-2019|||||||||||||||||||||||||||||||0|0||3|450|96156|3.0|2019-07-23T00:00:00|hospital_C|hospital_C_20190722
SYN_BENE_5C4E024D21EE|SYN_CLM_FB3E7ADD88B1|V|60|22-Jul-2019|22-Jul-2019|26-Jul-2019||3|377673|1|1|1|| |2179.04|0.0| ||37|1306950993| |9999907899| |9999907899|||0|1| |2179.04|22-Jul-2019|1|2|A|10|0.0|435.83|0|4|0.0|0.0|0|0|0|0|0|0|0|0|0|0|0|0|0|||||22-Jul-2019|951.0|0|0||Z733|Z733|Y|Y0704|Y|N1830|Y|R801|N|E1122|N|R809|N|Z653|Y|I4891|Y|I1310|Y|E1121|Y|E11319|Y|D4959|Y|D075|Y|E781|Y|E119|Y|E8881|Y|I10|Y|Z952|Y|I350|Y|R931|Y|I259|Y|E785|Y|E669|Y|G4733|N|G479|Y|||| | | | | | | | | | | | | | | | | | | | | | |GZ3|22-Jul-2019|G4730|22-Jul-2019|Z741|22-Jul-2019|F419|22-Jul-2019|Z9181|22-Jul-2019|Z139|22-Jul-2019|Z1331|22-Jul-2019|Z1331|22-Jul-2019|F1990|23-Jul-2019|F109|23-Jul-2019|||||||||||||||||||||||||||||||0|0||4|450|96127|3.0|2019-07-23T00:00:00|hospital_C|hospital_C_20190722
SYN_BENE_5C4E024D21EE|SYN_CLM_FB3E7ADD88B1|V|60|22-Jul-2019|22-Jul-2019|26-Jul-2019||3|377673|1|1|1|| |2179.04|0.0| ||37|1306950993| |9999907899| |9999907899|||0|1| |2179.04|22-Jul-2019|1|2|A|10|0.0|435.83|0|4|0.0|0.0|0|0|0|0|0|0|0|0|0|0|0|0|0|||||22-Jul-2019|951.0|0|0||Z733|Z733|Y|Y0704|Y|N1830|Y|R801|N|E1122|N|R809|N|Z653|Y|I4891|Y|I1310|Y|E1121|Y|E11319|Y|D4959|Y|D075|Y|E781|Y|E119|Y|E8881|Y|I10|Y|Z952|Y|I350|Y|R931|Y|I259|Y|E785|Y|E669|Y|G4733|N|G479|Y|||| | | | | | | | | | | | | | | | | | | | | | |GZ3|22-Jul-2019|G4730|22-Jul-2019|Z741|22-Jul-2019|F419|22-Jul-2019|Z9181|22-Jul-2019|Z139|22-Jul-2019|Z1331|22-Jul-2019|Z1331|22-Jul-2019|F1990|23-Jul-2019|F109|23-Jul-2019|||||||||||||||||||||||||||||||0|0||5|450|M1069|3.0|2019-07-23T00:00:00|hospital_C|hospital_C_20190722
SYN_BENE_5C4E024D21EE|SYN_CLM_FB3E7ADD88B1|V|60|22-Jul-2019|22-Jul-2019|26-Jul-2019||3|377673|1|1|1|| |2179.04|0.0| ||37|1306950993| |9999907899| |9999907899|||0|1| |2179.04|22-Jul-2019|1|2|A|10|0.0|435.83|0|4|0.0|0.0|0|0|0|0|0|0|0|0|0|0|0|0|0|||||22-Jul-2019|951.0|0|0||Z733|Z733|Y|Y0704|Y|N1830|Y|R801|N|E1122|N|R809|N|Z653|Y|I4891|Y|I1310|Y|E1121|Y|E11319|Y|D4959|Y|D075|Y|E781|Y|E119|Y|E8881|Y|I10|Y|Z952|Y|I350|Y|R931|Y|I259|Y|E785|Y|E669|Y|G4733|N|G479|Y|||| | | | | | | | | | | | | | | | | | | | | | |GZ3|22-Jul-2019|G4730|22-Jul-2019|Z741|22-Jul-2019|F419|22-Jul-2019|Z9181|22-Jul-2019|Z139|22-Jul-2019|Z1331|22-Jul-2019|Z1331|22-Jul-2019|F1990|23-Jul-2019|F109|23-Jul-2019|||||||||||||||||||||||||||||||0|0||6|450|99401|3.0|2019-07-23T00:00:00|hospital_C|hospital_C_20190722
SYN_BENE_5C4E024D21EE|SYN_CLM_FB3E7ADD88B1|V|60|22-Jul-2019|22-Jul-2019|26-Jul-2019||3|377673|1|1|1|| |2179.04|0.0| ||37|1306950993| |9999907899| |9999907899|||0|1| |2179.04|22-Jul-2019|1|2|A|10|0.0|435.83|0|4|0.0|0.0|0|0|0|0|0|0|0|0|0|0|0|0|0|||||22-Jul-2019|951.0|0|0||Z733|Z733|Y|Y0704|Y|N1830|Y|R801|N|E1122|N|R809|N|Z653|Y|I4891|Y|I1310|Y|E1121|Y|E11319|Y|D4959|Y|D075|Y|E781|Y|E119|Y|E8881|Y|I10|Y|Z952|Y|I350|Y|R931|Y|I259|Y|E785|Y|E669|Y|G4733|N|G479|Y|||| | | | | | | | | | | | | | | | | | | | | | |GZ3|22-Jul-2019|G4730|22-Jul-2019|Z741|22-Jul-2019|F419|22-Jul-2019|Z9181|22-Jul-2019|Z139|22-Jul-2019|Z1331|22-Jul-2019|Z1331|22-Jul-2019|F1990|23-Jul-2019|F109|23-Jul-2019|||||||||||||||||||||||||||||||0|0||7|450|G0444|3.0|2019-07-23T00:00:00|hospital_C|hospital_C_20190722
SYN_BENE_5C4E024D21EE|SYN_CLM_FB3E7ADD88B1|V|60|22-Jul-2019|22-Jul-2019|26-Jul-2019||3|377673|1|1|1|| |2179.04|0.0| ||37|1306950993| |9999907899| |9999907899|||0|1| |2179.04|22-Jul-2019|1|2|A|10|0.0|435.83|0|4|0.0|0.0|0|0|0|0|0|0|0|0|0|0|0|0|0|||||22-Jul-2019|951.0|0|0||Z733|Z733|Y|Y0704|Y|N1830|Y|R801|N|E1122|N|R809|N|Z653|Y|I4891|Y|I1310|Y|E1121|Y|E11319|Y|D4959|Y|D075|Y|E781|Y|E119|Y|E8881|Y|I10|Y|Z952|Y|I350|Y|R931|Y|I259|Y|E785|Y|E669|Y|G4733|N|G479|Y|||| | | | | | | | | | | | | | | | | | | | | | |GZ3|22-Jul-2019|G4730|22-Jul-2019|Z741|22-Jul-2019|F419|22-Jul-2019|Z9181|22-Jul-2019|Z139|22-Jul-2019|Z1331|22-Jul-2019|Z1331|22-Jul-2019|F1990|23-Jul-2019|F109|23-Jul-2019|||||||||||||||||||||||||||||||0|0||8|450|G0444|3.0|2019-07-23T00:00:00|hospital_C|hospital_C_20190722
SYN_BENE_5C4E024D21EE|SYN_CLM_FB3E7ADD88B1|V|60|22-Jul-2019|22-Jul-2019|26-Jul-2019||3|377673|1|1|1|| |2179.04|0.0| ||37|1306950993| |9999907899| |9999907899|||0|1| |2179.04|22-Jul-2019|1|2|A|10|0.0|435.83|0|4|0.0|0.0|0|0|0|0|0|0|0|0|0|0|0|0|0|||||22-Jul-2019|951.0|0|0||Z733|Z733|Y|Y0704|Y|N1830|Y|R801|N|E1122|N|R809|N|Z653|Y|I4891|Y|I1310|Y|E1121|Y|E11319|Y|D4959|Y|D075|Y|E781|Y|E119|Y|E8881|Y|I10|Y|Z952|Y|I350|Y|R931|Y|I259|Y|E785|Y|E669|Y|G4733|N|G479|Y|||| | | | | | | | | | | | | | | | | | | | | | |GZ3|22-Jul-2019|G4730|22-Jul-2019|Z741|22-Jul-2019|F419|22-Jul-2019|Z9181|22-Jul-2019|Z139|22-Jul-2019|Z1331|22-Jul-2019|Z1331|22-Jul-2019|F1990|23-Jul-2019|F109|23-Jul-2019|||||||||||||||||||||||||||||||0|0||9|450|99408|3.0|2019-07-23T00:00:00|hospital_C|hospital_C_20190722
SYN_BENE_5C4E024D21EE|SYN_CLM_FB3E7ADD88B1|V|60|22-Jul-2019|22-Jul-2019|26-Jul-2019||3|377673|1|1|1|| |2179.04|0.0| ||37|1306950993| |9999907899| |9999907899|||0|1| |2179.04|22-Jul-2019|1|2|A|10|0.0|435.83|0|4|0.0|0.0|0|0|0|0|0|0|0|0|0|0|0|0|0|||||22-Jul-2019|951.0|0|0||Z733|Z733|Y|Y0704|Y|N1830|Y|R801|N|E1122|N|R809|N|Z653|Y|I4891|Y|I1310|Y|E1121|Y|E11319|Y|D4959|Y|D075|Y|E781|Y|E119|Y|E8881|Y|I10|Y|Z952|Y|I350|Y|R931|Y|I259|Y|E785|Y|E669|Y|G4733|N|G479|Y|||| | | | | | | | | | | | | | | | | | | | | | |GZ3|22-Jul-2019|G4730|22-Jul-2019|Z741|22-Jul-2019|F419|22-Jul-2019|Z9181|22-Jul-2019|Z139|22-Jul-2019|Z1331|22-Jul-2019|Z1331|22-Jul-2019|F1990|23-Jul-2019|F109|23-Jul-2019|||||||||||||||||||||||||||||||0|0||10|450|G0442|3.0|2019-07-23T00:00:00|hospital_C|hospital_C_20190722
SYN_BENE_7EB17207BE0C|SYN_CLM_4DC71CEFE281|V|60|22-Jul-2019|22-Jul-2019|26-Jul-2019||3|377673|1|1|1|| |2179.04|0.0| ||37|1306950993| |9999907899| |9999907899|||0|1| |2179.04|22-Jul-2019|1|2|A|10|0.0|435.83|0|4|0.0|0.0|0|0|0|0|0|0|0|0|0|0|0|0|0|||||22-Jul-2019|951.0|0|0||Z733|Z733|Y|Y0704|Y|N1830|Y|R801|N|E1122|N|R809|N|Z653|Y|I4891|Y|I1310|Y|E1121|Y|E11319|Y|D4959|Y|D075|Y|E781|Y|E119|Y|E8881|Y|I10|Y|Z952|Y|I350|Y|R931|Y|I259|Y|E785|Y|E669|Y|G4733|N|G479|Y|||| | | | | | | | | | | | | | | | | | | | | | |GZ3|22-Jul-2019|G4730|22-Jul-2019|Z741|22-Jul-2019|F419|22-Jul-2019|Z9181|22-Jul-2019|Z139|22-Jul-2019|Z1331|22-Jul-2019|Z1331|22-Jul-2019|F1990|23-Jul-2019|F109|23-Jul-2019|||||||||||||||||||||||||||||||0|0||1|450|99495|3.0|2019-07-23T00:00:00|hospital_C|hospital_C_20190722
SYN_BENE_7EB17207BE0C|SYN_CLM_4DC71CEFE281|V|60|22-Jul-2019|22-Jul-2019|26-Jul-2019||3|377673|1|1|1|| |2179.04|0.0| ||37|1306950993| |9999907899| |9999907899|||0|1| |2179.04|22-Jul-2019|1|2|A|10|0.0|435.83|0|4|0.0|0.0|0|0|0|0|0|0|0|0|0|0|0|0|0|||||22-Jul-2019|951.0|0|0||Z733|Z733|Y|Y0704|Y|N1830|Y|R801|N|E1122|N|R809|N|Z653|Y|I4891|Y|I1310|Y|E1121|Y|E11319|Y|D4959|Y|D075|Y|E781|Y|E119|Y|E8881|Y|I10|Y|Z952|Y|I350|Y|R931|Y|I259|Y|E785|Y|E669|Y|G4733|N|G479|Y|||| | | | | | | | | | | | | | | | | | | | | | |GZ3|22-Jul-2019|G4730|22-Jul-2019|Z741|22-Jul-2019|F419|22-Jul-2019|Z9181|22-Jul-2019|Z139|22-Jul-2019|Z1331|22-Jul-2019|Z1331|22-Jul-2019|F1990|23-Jul-2019|F109|23-Jul-2019|||||||||||||||||||||||||||||||0|0||2|450|G8839|3.0|2019-07-23T00:00:00|hospital_C|hospital_C_20190722
SYN_BENE_7EB17207BE0C|SYN_CLM_4DC71CEFE281|V|60|22-Jul-2019|22-Jul-2019|26-Jul-2019||3|377673|1|1|1|| |2179.04|0.0| ||37|1306950993| |9999907899| |9999907899|||0|1| |2179.04|22-Jul-2019|1|2|A|10|0.0|435.83|0|4|0.0|0.0|0|0|0|0|0|0|0|0|0|0|0|0|0|||||22-Jul-2019|951.0|0|0||Z733|Z733|Y|Y0704|Y|N1830|Y|R801|N|E1122|N|R809|N|Z653|Y|I4891|Y|I1310|Y|E1121|Y|E11319|Y|D4959|Y|D075|Y|E781|Y|E119|Y|E8881|Y|I10|Y|Z952|Y|I350|Y|R931|Y|I259|Y|E785|Y|E669|Y|G4733|N|G479|Y|||| | | | | | | | | | | | | | | | | | | | | | |GZ3|22-Jul-2019|G4730|22-Jul-2019|Z741|22-Jul-2019|F419|22-Jul-2019|Z9181|22-Jul-2019|Z139|22-Jul-2019|Z1331|22-Jul-2019|Z1331|22-Jul-2019|F1990|23-Jul-2019|F109|23-Jul-2019|||||||||||||||||||||||||||||||0|0||3|450|96156|3.0|2019-07-23T00:00:00|hospital_C|hospital_C_20190722
SYN_BENE_7EB17207BE0C|SYN_CLM_4DC71CEFE281|V|60|22-Jul-2019|22-Jul-2019|26-Jul-2019||3|377673|1|1|1|| |2179.04|0.0| ||37|1306950993| |9999907899| |9999907899|||0|1| |2179.04|22-Jul-2019|1|2|A|10|0.0|435.83|0|4|0.0|0.0|0|0|0|0|0|0|0|0|0|0|0|0|0|||||22-Jul-2019|951.0|0|0||Z733|Z733|Y|Y0704|Y|N1830|Y|R801|N|E1122|N|R809|N|Z653|Y|I4891|Y|I1310|Y|E1121|Y|E11319|Y|D4959|Y|D075|Y|E781|Y|E119|Y|E8881|Y|I10|Y|Z952|Y|I350|Y|R931|Y|I259|Y|E785|Y|E669|Y|G4733|N|G479|Y|||| | | | | | | | | | | | | | | | | | | | | | |GZ3|22-Jul-2019|G4730|22-Jul-2019|Z741|22-Jul-2019|F419|22-Jul-2019|Z9181|22-Jul-2019|Z139|22-Jul-2019|Z1331|22-Jul-2019|Z1331|22-Jul-2019|F1990|23-Jul-2019|F109|23-Jul-2019|||||||||||||||||||||||||||||||0|0||4|450|96127|3.0|2019-07-23T00:00:00|hospital_C|hospital_C_20190722
SYN_BENE_7EB17207BE0C|SYN_CLM_4DC71CEFE281|V|60|22-Jul-2019|22-Jul-2019|26-Jul-2019||3|377673|1|1|1|| |2179.04|0.0| ||37|1306950993| |9999907899| |9999907899|||0|1| |2179.04|22-Jul-2019|1|2|A|10|0.0|435.83|0|4|0.0|0.0|0|0|0|0|0|0|0|0|0|0|0|0|0|||||22-Jul-2019|951.0|0|0||Z733|Z733|Y|Y0704|Y|N1830|Y|R801|N|E1122|N|R809|N|Z653|Y|I4891|Y|I1310|Y|E1121|Y|E11319|Y|D4959|Y|D075|Y|E781|Y|E119|Y|E8881|Y|I10|Y|Z952|Y|I350|Y|R931|Y|I259|Y|E785|Y|E669|Y|G4733|N|G479|Y|||| | | | | | | | | | | | | | | | | | | | | | |GZ3|22-Jul-2019|G4730|22-Jul-2019|Z741|22-Jul-2019|F419|22-Jul-2019|Z9181|22-Jul-2019|Z139|22-Jul-2019|Z1331|22-Jul-2019|Z1331|22-Jul-2019|F1990|23-Jul-2019|F109|23-Jul-2019|||||||||||||||||||||||||||||||0|0||5|450|M1069|3.0|2019-07-23T00:00:00|hospital_C|hospital_C_20190722
SYN_BENE_7EB17207BE0C|SYN_CLM_4DC71CEFE281|V|60|22-Jul-2019|22-Jul-2019|26-Jul-2019||3|377673|1|1|1|| |2179.04|0.0| ||37|1306950993| |9999907899| |9999907899|||0|1| |2179.04|22-Jul-2019|1|2|A|10|0.0|435.83|0|4|0.0|0.0|0|0|0|0|0|0|0|0|0|0|0|0|0|||||22-Jul-2019|951.0|0|0||Z733|Z733|Y|Y0704|Y|N1830|Y|R801|N|E1122|N|R809|N|Z653|Y|I4891|Y|I1310|Y|E1121|Y|E11319|Y|D4959|Y|D075|Y|E781|Y|E119|Y|E8881|Y|I10|Y|Z952|Y|I350|Y|R931|Y|I259|Y|E785|Y|E669|Y|G4733|N|G479|Y|||| | | | | | | | | | | | | | | | | | | | | | |GZ3|22-Jul-2019|G4730|22-Jul-2019|Z741|22-Jul-2019|F419|22-Jul-2019|Z9181|22-Jul-2019|Z139|22-Jul-2019|Z1331|22-Jul-2019|Z1331|22-Jul-2019|F1990|23-Jul-2019|F109|23-Jul-2019|||||||||||||||||||||||||||||||0|0||6|450|99401|3.0|2019-07-23T00:00:00|hospital_C|hospital_C_20190722
SYN_BENE_7EB17207BE0C|SYN_CLM_4DC71CEFE281|V|60|22-Jul-2019|22-Jul-2019|26-Jul-2019||3|377673|1|1|1|| |2179.04|0.0| ||37|1306950993| |9999907899| |9999907899|||0|1| |2179.04|22-Jul-2019|1|2|A|10|0.0|435.83|0|4|0.0|0.0|0|0|0|0|0|0|0|0|0|0|0|0|0|||||22-Jul-2019|951.0|0|0||Z733|Z733|Y|Y0704|Y|N1830|Y|R801|N|E1122|N|R809|N|Z653|Y|I4891|Y|I1310|Y|E1121|Y|E11319|Y|D4959|Y|D075|Y|E781|Y|E119|Y|E8881|Y|I10|Y|Z952|Y|I350|Y|R931|Y|I259|Y|E785|Y|E669|Y|G4733|N|G479|Y|||| | | | | | | | | | | | | | | | | | | | | | |GZ3|22-Jul-2019|G4730|22-Jul-2019|Z741|22-Jul-2019|F419|22-Jul-2019|Z9181|22-Jul-2019|Z139|22-Jul-2019|Z1331|22-Jul-2019|Z1331|22-Jul-2019|F1990|23-Jul-2019|F109|23-Jul-2019|||||||||||||||||||||||||||||||0|0||7|450|G0444|3.0|2019-07-23T00:00:00|hospital_C|hospital_C_20190722
SYN_BENE_7EB17207BE0C|SYN_CLM_4DC71CEFE281|V|60|22-Jul-2019|22-Jul-2019|26-Jul-2019||3|377673|1|1|1|| |2179.04|0.0| ||37|1306950993| |9999907899| |9999907899|||0|1| |2179.04|22-Jul-2019|1|2|A|10|0.0|435.83|0|4|0.0|0.0|0|0|0|0|0|0|0|0|0|0|0|0|0|||||22-Jul-2019|951.0|0|0||Z733|Z733|Y|Y0704|Y|N1830|Y|R801|N|E1122|N|R809|N|Z653|Y|I4891|Y|I1310|Y|E1121|Y|E11319|Y|D4959|Y|D075|Y|E781|Y|E119|Y|E8881|Y|I10|Y|Z952|Y|I350|Y|R931|Y|I259|Y|E785|Y|E669|Y|G4733|N|G479|Y|||| | | | | | | | | | | | | | | | | | | | | | |GZ3|22-Jul-2019|G4730|22-Jul-2019|Z741|22-Jul-2019|F419|22-Jul-2019|Z9181|22-Jul-2019|Z139|22-Jul-2019|Z1331|22-Jul-2019|Z1331|22-Jul-2019|F1990|23-Jul-2019|F109|23-Jul-2019|||||||||||||||||||||||||||||||0|0||8|450|G0444|3.0|2019-07-23T00:00:00|hospital_C|hospital_C_20190722
SYN_BENE_7EB17207BE0C|SYN_CLM_4DC71CEFE281|V|60|22-Jul-2019|22-Jul-2019|26-Jul-2019||3|377673|1|1|1|| |2179.04|0.0| ||37|1306950993| |9999907899| |9999907899|||0|1| |2179.04|22-Jul-2019|1|2|A|10|0.0|435.83|0|4|0.0|0.0|0|0|0|0|0|0|0|0|0|0|0|0|0|||||22-Jul-2019|951.0|0|0||Z733|Z733|Y|Y0704|Y|N1830|Y|R801|N|E1122|N|R809|N|Z653|Y|I4891|Y|I1310|Y|E1121|Y|E11319|Y|D4959|Y|D075|Y|E781|Y|E119|Y|E8881|Y|I10|Y|Z952|Y|I350|Y|R931|Y|I259|Y|E785|Y|E669|Y|G4733|N|G479|Y|||| | | | | | | | | | | | | | | | | | | | | | |GZ3|22-Jul-2019|G4730|22-Jul-2019|Z741|22-Jul-2019|F419|22-Jul-2019|Z9181|22-Jul-2019|Z139|22-Jul-2019|Z1331|22-Jul-2019|Z1331|22-Jul-2019|F1990|23-Jul-2019|F109|23-Jul-2019|||||||||||||||||||||||||||||||0|0||9|450|99408|3.0|2019-07-23T00:00:00|hospital_C|hospital_C_20190722
SYN_BENE_7EB17207BE0C|SYN_CLM_4DC71CEFE281|V|60|22-Jul-2019|22-Jul-2019|26-Jul-2019||3|377673|1|1|1|| |2179.04|0.0| ||37|1306950993| |9999907899| |9999907899|||0|1| |2179.04|22-Jul-2019|1|2|A|10|0.0|435.83|0|4|0.0|0.0|0|0|0|0|0|0|0|0|0|0|0|0|0|||||22-Jul-2019|951.0|0|0||Z733|Z733|Y|Y0704|Y|N1830|Y|R801|N|E1122|N|R809|N|Z653|Y|I4891|Y|I1310|Y|E1121|Y|E11319|Y|D4959|Y|D075|Y|E781|Y|E119|Y|E8881|Y|I10|Y|Z952|Y|I350|Y|R931|Y|I259|Y|E785|Y|E669|Y|G4733|N|G479|Y|||| | | | | | | | | | | | | | | | | | | | | | |GZ3|22-Jul-2019|G4730|22-Jul-2019|Z741|22-Jul-2019|F419|22-Jul-2019|Z9181|22-Jul-2019|Z139|22-Jul-2019|Z1331|22-Jul-2019|Z1331|22-Jul-2019|F1990|23-Jul-2019|F109|23-Jul-2019|||||||||||||||||||||||||||||||0|0||10|450|G0442|3.0|2019-07-23T00:00:00|hospital_C|hospital_C_20190722
SYN_BENE_B2D98383B00F|SYN_CLM_D7413E51A070|V|60|22-Jul-2019|22-Jul-2019|26-Jul-2019||3|377673|1|1|1|| |2179.04|0.0| ||37|1306950993| |9999907899| |9999907899|||0|1| |2179.04|22-Jul-2019|1|2|A|10|0.0|435.83|0|4|0.0|0.0|0|0|0|0|0|0|0|0|0|0|0|0|0|||||22-Jul-2019|951.0|0|0||Z733|Z733|Y|Y0704|Y|N1830|Y|R801|N|E1122|N|R809|N|Z653|Y|I4891|Y|I1310|Y|E1121|Y|E11319|Y|D4959|Y|D075|Y|E781|Y|E119|Y|E8881|Y|I10|Y|Z952|Y|I350|Y|R931|Y|I259|Y|E785|Y|E669|Y|G4733|N|G479|Y|||| | | | | | | | | | | | | | | | | | | | | | |GZ3|22-Jul-2019|G4730|22-Jul-2019|Z741|22-Jul-2019|F419|22-Jul-2019|Z9181|22-Jul-2019|Z139|22-Jul-2019|Z1331|22-Jul-2019|Z1331|22-Jul-2019|F1990|23-Jul-2019|F109|23-Jul-2019|||||||||||||||||||||||||||||||0|0||1|450|99495|3.0|2019-07-23T00:00:00|hospital_C|hospital_C_20190722
SYN_BENE_B2D98383B00F|SYN_CLM_D7413E51A070|V|60|22-Jul-2019|22-Jul-2019|26-Jul-2019||3|377673|1|1|1|| |2179.04|0.0| ||37|1306950993| |9999907899| |9999907899|||0|1| |2179.04|22-Jul-2019|1|2|A|10|0.0|435.83|0|4|0.0|0.0|0|0|0|0|0|0|0|0|0|0|0|0|0|||||22-Jul-2019|951.0|0|0||Z733|Z733|Y|Y0704|Y|N1830|Y|R801|N|E1122|N|R809|N|Z653|Y|I4891|Y|I1310|Y|E1121|Y|E11319|Y|D4959|Y|D075|Y|E781|Y|E119|Y|E8881|Y|I10|Y|Z952|Y|I350|Y|R931|Y|I259|Y|E785|Y|E669|Y|G4733|N|G479|Y|||| | | | | | | | | | | | | | | | | | | | | | |GZ3|22-Jul-2019|G4730|22-Jul-2019|Z741|22-Jul-2019|F419|22-Jul-2019|Z9181|22-Jul-2019|Z139|22-Jul-2019|Z1331|22-Jul-2019|Z1331|22-Jul-2019|F1990|23-Jul-2019|F109|23-Jul-2019|||||||||||||||||||||||||||||||0|0||2|450|G8839|3.0|2019-07-23T00:00:00|hospital_C|hospital_C_20190722
SYN_BENE_B2D98383B00F|SYN_CLM_D7413E51A070|V|60|22-Jul-2019|22-Jul-2019|26-Jul-2019||3|377673|1|1|1|| |2179.04|0.0| ||37|1306950993| |9999907899| |9999907899|||0|1| |2179.04|22-Jul-2019|1|2|A|10|0.0|435.83|0|4|0.0|0.0|0|0|0|0|0|0|0|0|0|0|0|0|0|||||22-Jul-2019|951.0|0|0||Z733|Z733|Y|Y0704|Y|N1830|Y|R801|N|E1122|N|R809|N|Z653|Y|I4891|Y|I1310|Y|E1121|Y|E11319|Y|D4959|Y|D075|Y|E781|Y|E119|Y|E8881|Y|I10|Y|Z952|Y|I350|Y|R931|Y|I259|Y|E785|Y|E669|Y|G4733|N|G479|Y|||| | | | | | | | | | | | | | | | | | | | | | |GZ3|22-Jul-2019|G4730|22-Jul-2019|Z741|22-Jul-2019|F419|22-Jul-2019|Z9181|22-Jul-2019|Z139|22-Jul-2019|Z1331|22-Jul-2019|Z1331|22-Jul-2019|F1990|23-Jul-2019|F109|23-Jul-2019|||||||||||||||||||||||||||||||0|0||3|450|96156|3.0|2019-07-23T00:00:00|hospital_C|hospital_C_20190722
SYN_BENE_B2D98383B00F|SYN_CLM_D7413E51A070|V|60|22-Jul-2019|22-Jul-2019|26-Jul-2019||3|377673|1|1|1|| |2179.04|0.0| ||37|1306950993| |9999907899| |9999907899|||0|1| |2179.04|22-Jul-2019|1|2|A|10|0.0|435.83|0|4|0.0|0.0|0|0|0|0|0|0|0|0|0|0|0|0|0|||||22-Jul-2019|951.0|0|0||Z733|Z733|Y|Y0704|Y|N1830|Y|R801|N|E1122|N|R809|N|Z653|Y|I4891|Y|I1310|Y|E1121|Y|E11319|Y|D4959|Y|D075|Y|E781|Y|E119|Y|E8881|Y|I10|Y|Z952|Y|I350|Y|R931|Y|I259|Y|E785|Y|E669|Y|G4733|N|G479|Y|||| | | | | | | | | | | | | | | | | | | | | | |GZ3|22-Jul-2019|G4730|22-Jul-2019|Z741|22-Jul-2019|F419|22-Jul-2019|Z9181|22-Jul-2019|Z139|22-Jul-2019|Z1331|22-Jul-2019|Z1331|22-Jul-2019|F1990|23-Jul-2019|F109|23-Jul-2019|||||||||||||||||||||||||||||||0|0||4|450|96127|3.0|2019-07-23T00:00:00|hospital_C|hospital_C_20190722
SYN_BENE_B2D98383B00F|SYN_CLM_D7413E51A070|V|60|22-Jul-2019|22-Jul-2019|26-Jul-2019||3|377673|1|1|1|| |2179.04|0.0| ||37|1306950993| |9999907899| |9999907899|||0|1| |2179.04|22-Jul-2019|1|2|A|10|0.0|435.83|0|4|0.0|0.0|0|0|0|0|0|0|0|0|0|0|0|0|0|||||22-Jul-2019|951.0|0|0||Z733|Z733|Y|Y0704|Y|N1830|Y|R801|N|E1122|N|R809|N|Z653|Y|I4891|Y|I1310|Y|E1121|Y|E11319|Y|D4959|Y|D075|Y|E781|Y|E119|Y|E8881|Y|I10|Y|Z952|Y|I350|Y|R931|Y|I259|Y|E785|Y|E669|Y|G4733|N|G479|Y|||| | | | | | | | | | | | | | | | | | | | | | |GZ3|22-Jul-2019|G4730|22-Jul-2019|Z741|22-Jul-2019|F419|22-Jul-2019|Z9181|22-Jul-2019|Z139|22-Jul-2019|Z1331|22-Jul-2019|Z1331|22-Jul-2019|F1990|23-Jul-2019|F109|23-Jul-2019|||||||||||||||||||||||||||||||0|0||5|450|M1069|3.0|2019-07-23T00:00:00|hospital_C|hospital_C_20190722
SYN_BENE_B2D98383B00F|SYN_CLM_D7413E51A070|V|60|22-Jul-2019|22-Jul-2019|26-Jul-2019||3|377673|1|1|1|| |2179.04|0.0| ||37|1306950993| |9999907899| |9999907899|||0|1| |2179.04|22-Jul-2019|1|2|A|10|0.0|435.83|0|4|0.0|0.0|0|0|0|0|0|0|0|0|0|0|0|0|0|||||22-Jul-2019|951.0|0|0||Z733|Z733|Y|Y0704|Y|N1830|Y|R801|N|E1122|N|R809|N|Z653|Y|I4891|Y|I1310|Y|E1121|Y|E11319|Y|D4959|Y|D075|Y|E781|Y|E119|Y|E8881|Y|I10|Y|Z952|Y|I350|Y|R931|Y|I259|Y|E785|Y|E669|Y|G4733|N|G479|Y|||| | | | | | | | | | | | | | | | | | | | | | |GZ3|22-Jul-2019|G4730|22-Jul-2019|Z741|22-Jul-2019|F419|22-Jul-2019|Z9181|22-Jul-2019|Z139|22-Jul-2019|Z1331|22-Jul-2019|Z1331|22-Jul-2019|F1990|23-Jul-2019|F109|23-Jul-2019|||||||||||||||||||||||||||||||0|0||6|450|99401|3.0|2019-07-23T00:00:00|hospital_C|hospital_C_20190722
SYN_BENE_B2D98383B00F|SYN_CLM_D7413E51A070|V|60|22-Jul-2019|22-Jul-2019|26-Jul-2019||3|377673|1|1|1|| |2179.04|0.0| ||37|1306950993| |9999907899| |9999907899|||0|1| |2179.04|22-Jul-2019|1|2|A|10|0.0|435.83|0|4|0.0|0.0|0|0|0|0|0|0|0|0|0|0|0|0|0|||||22-Jul-2019|951.0|0|0||Z733|Z733|Y|Y0704|Y|N1830|Y|R801|N|E1122|N|R809|N|Z653|Y|I4891|Y|I1310|Y|E1121|Y|E11319|Y|D4959|Y|D075|Y|E781|Y|E119|Y|E8881|Y|I10|Y|Z952|Y|I350|Y|R931|Y|I259|Y|E785|Y|E669|Y|G4733|N|G479|Y|||| | | | | | | | | | | | | | | | | | | | | | |GZ3|22-Jul-2019|G4730|22-Jul-2019|Z741|22-Jul-2019|F419|22-Jul-2019|Z9181|22-Jul-2019|Z139|22-Jul-2019|Z1331|22-Jul-2019|Z1331|22-Jul-2019|F1990|23-Jul-2019|F109|23-Jul-2019|||||||||||||||||||||||||||||||0|0||7|450|G0444|3.0|2019-07-23T00:00:00|hospital_C|hospital_C_20190722
SYN_BENE_B2D98383B00F|SYN_CLM_D7413E51A070|V|60|22-Jul-2019|22-Jul-2019|26-Jul-2019||3|377673|1|1|1|| |2179.04|0.0| ||37|1306950993| |9999907899| |9999907899|||0|1| |2179.04|22-Jul-2019|1|2|A|10|0.0|435.83|0|4|0.0|0.0|0|0|0|0|0|0|0|0|0|0|0|0|0|||||22-Jul-2019|951.0|0|0||Z733|Z733|Y|Y0704|Y|N1830|Y|R801|N|E1122|N|R809|N|Z653|Y|I4891|Y|I1310|Y|E1121|Y|E11319|Y|D4959|Y|D075|Y|E781|Y|E119|Y|E8881|Y|I10|Y|Z952|Y|I350|Y|R931|Y|I259|Y|E785|Y|E669|Y|G4733|N|G479|Y|||| | | | | | | | | | | | | | | | | | | | | | |GZ3|22-Jul-2019|G4730|22-Jul-2019|Z741|22-Jul-2019|F419|22-Jul-2019|Z9181|22-Jul-2019|Z139|22-Jul-2019|Z1331|22-Jul-2019|Z1331|22-Jul-2019|F1990|23-Jul-2019|F109|23-Jul-2019|||||||||||||||||||||||||||||||0|0||8|450|G0444|3.0|2019-07-23T00:00:00|hospital_C|hospital_C_20190722
SYN_BENE_B2D98383B00F|SYN_CLM_D7413E51A070|V|60|22-Jul-2019|22-Jul-2019|26-Jul-2019||3|377673|1|1|1|| |2179.04|0.0| ||37|1306950993| |9999907899| |9999907899|||0|1| |2179.04|22-Jul-2019|1|2|A|10|0.0|435.83|0|4|0.0|0.0|0|0|0|0|0|0|0|0|0|0|0|0|0|||||22-Jul-2019|951.0|0|0||Z733|Z733|Y|Y0704|Y|N1830|Y|R801|N|E1122|N|R809|N|Z653|Y|I4891|Y|I1310|Y|E1121|Y|E11319|Y|D4959|Y|D075|Y|E781|Y|E119|Y|E8881|Y|I10|Y|Z952|Y|I350|Y|R931|Y|I259|Y|E785|Y|E669|Y|G4733|N|G479|Y|||| | | | | | | | | | | | | | | | | | | | | | |GZ3|22-Jul-2019|G4730|22-Jul-2019|Z741|22-Jul-2019|F419|22-Jul-2019|Z9181|22-Jul-2019|Z139|22-Jul-2019|Z1331|22-Jul-2019|Z1331|22-Jul-2019|F1990|23-Jul-2019|F109|23-Jul-2019|||||||||||||||||||||||||||||||0|0||9|450|99408|3.0|2019-07-23T00:00:00|hospital_C|hospital_C_20190722
SYN_BENE_B2D98383B00F|SYN_CLM_D7413E51A070|V|60|22-Jul-2019|22-Jul-2019|26-Jul-2019||3|377673|1|1|1|| |2179.04|0.0| ||37|1306950993| |9999907899| |9999907899|||0|1| |2179.04|22-Jul-2019|1|2|A|10|0.0|435.83|0|4|0.0|0.0|0|0|0|0|0|0|0|0|0|0|0|0|0|||||22-Jul-2019|951.0|0|0||Z733|Z733|Y|Y0704|Y|N1830|Y|R801|N|E1122|N|R809|N|Z653|Y|I4891|Y|I1310|Y|E1121|Y|E11319|Y|D4959|Y|D075|Y|E781|Y|E119|Y|E8881|Y|I10|Y|Z952|Y|I350|Y|R931|Y|I259|Y|E785|Y|E669|Y|G4733|N|G479|Y|||| | | | | | | | | | | | | | | | | | | | | | |GZ3|22-Jul-2019|G4730|22-Jul-2019|Z741|22-Jul-2019|F419|22-Jul-2019|Z9181|22-Jul-2019|Z139|22-Jul-2019|Z1331|22-Jul-2019|Z1331|22-Jul-2019|F1990|23-Jul-2019|F109|23-Jul-2019|||||||||||||||||||||||||||||||0|0||10|450|G0442|3.0|2019-07-23T00:00:00|hospital_C|hospital_C_20190722
SYN_BENE_18616940B1AA|SYN_CLM_0A9BEDBFE12E|V|60|22-Jul-2019|22-Jul-2019|26-Jul-2019||3|377673|1|1|1|| |2179.04|0.0| ||37|1306950993| |9999907899| |9999907899|||0|1| |2179.04|22-Jul-2019|1|2|A|10|0.0|435.83|0|4|0.0|0.0|0|0|0|0|0|0|0|0|0|0|0|0|0|||||22-Jul-2019|951.0|0|0||Z733|Z733|Y|Y0704|Y|N1830|Y|R801|N|E1122|N|R809|N|Z653|Y|I4891|Y|I1310|Y|E1121|Y|E11319|Y|D4959|Y|D075|Y|E781|Y|E119|Y|E8881|Y|I10|Y|Z952|Y|I350|Y|R931|Y|I259|Y|E785|Y|E669|Y|G4733|N|G479|Y|||| | | | | | | | | | | | | | | | | | | | | | |GZ3|22-Jul-2019|G4730|22-Jul-2019|Z741|22-Jul-2019|F419|22-Jul-2019|Z9181|22-Jul-2019|Z139|22-Jul-2019|Z1331|22-Jul-2019|Z1331|22-Jul-2019|F1990|23-Jul-2019|F109|23-Jul-2019|||||||||||||||||||||||||||||||0|0||1|450|99495|3.0|2019-07-23T00:00:00|hospital_C|hospital_C_20190722
SYN_BENE_18616940B1AA|SYN_CLM_0A9BEDBFE12E|V|60|22-Jul-2019|22-Jul-2019|26-Jul-2019||3|377673|1|1|1|| |2179.04|0.0| ||37|1306950993| |9999907899| |9999907899|||0|1| |2179.04|22-Jul-2019|1|2|A|10|0.0|435.83|0|4|0.0|0.0|0|0|0|0|0|0|0|0|0|0|0|0|0|||||22-Jul-2019|951.0|0|0||Z733|Z733|Y|Y0704|Y|N1830|Y|R801|N|E1122|N|R809|N|Z653|Y|I4891|Y|I1310|Y|E1121|Y|E11319|Y|D4959|Y|D075|Y|E781|Y|E119|Y|E8881|Y|I10|Y|Z952|Y|I350|Y|R931|Y|I259|Y|E785|Y|E669|Y|G4733|N|G479|Y|||| | | | | | | | | | | | | | | | | | | | | | |GZ3|22-Jul-2019|G4730|22-Jul-2019|Z741|22-Jul-2019|F419|22-Jul-2019|Z9181|22-Jul-2019|Z139|22-Jul-2019|Z1331|22-Jul-2019|Z1331|22-Jul-2019|F1990|23-Jul-2019|F109|23-Jul-2019|||||||||||||||||||||||||||||||0|0||2|450|G8839|3.0|2019-07-23T00:00:00|hospital_C|hospital_C_20190722
SYN_BENE_18616940B1AA|SYN_CLM_0A9BEDBFE12E|V|60|22-Jul-2019|22-Jul-2019|26-Jul-2019||3|377673|1|1|1|| |2179.04|0.0| ||37|1306950993| |9999907899| |9999907899|||0|1| |2179.04|22-Jul-2019|1|2|A|10|0.0|435.83|0|4|0.0|0.0|0|0|0|0|0|0|0|0|0|0|0|0|0|||||22-Jul-2019|951.0|0|0||Z733|Z733|Y|Y0704|Y|N1830|Y|R801|N|E1122|N|R809|N|Z653|Y|I4891|Y|I1310|Y|E1121|Y|E11319|Y|D4959|Y|D075|Y|E781|Y|E119|Y|E8881|Y|I10|Y|Z952|Y|I350|Y|R931|Y|I259|Y|E785|Y|E669|Y|G4733|N|G479|Y|||| | | | | | | | | | | | | | | | | | | | | | |GZ3|22-Jul-2019|G4730|22-Jul-2019|Z741|22-Jul-2019|F419|22-Jul-2019|Z9181|22-Jul-2019|Z139|22-Jul-2019|Z1331|22-Jul-2019|Z1331|22-Jul-2019|F1990|23-Jul-2019|F109|23-Jul-2019|||||||||||||||||||||||||||||||0|0||3|450|96156|3.0|2019-07-23T00:00:00|hospital_C|hospital_C_20190722
SYN_BENE_18616940B1AA|SYN_CLM_0A9BEDBFE12E|V|60|22-Jul-2019|22-Jul-2019|26-Jul-2019||3|377673|1|1|1|| |2179.04|0.0| ||37|1306950993| |9999907899| |9999907899|||0|1| |2179.04|22-Jul-2019|1|2|A|10|0.0|435.83|0|4|0.0|0.0|0|0|0|0|0|0|0|0|0|0|0|0|0|||||22-Jul-2019|951.0|0|0||Z733|Z733|Y|Y0704|Y|N1830|Y|R801|N|E1122|N|R809|N|Z653|Y|I4891|Y|I1310|Y|E1121|Y|E11319|Y|D4959|Y|D075|Y|E781|Y|E119|Y|E8881|Y|I10|Y|Z952|Y|I350|Y|R931|Y|I259|Y|E785|Y|E669|Y|G4733|N|G479|Y|||| | | | | | | | | | | | | | | | | | | | | | |GZ3|22-Jul-2019|G4730|22-Jul-2019|Z741|22-Jul-2019|F419|22-Jul-2019|Z9181|22-Jul-2019|Z139|22-Jul-2019|Z1331|22-Jul-2019|Z1331|22-Jul-2019|F1990|23-Jul-2019|F109|23-Jul-2019|||||||||||||||||||||||||||||||0|0||4|450|96127|3.0|2019-07-23T00:00:00|hospital_C|hospital_C_20190722
SYN_BENE_18616940B1AA|SYN_CLM_0A9BEDBFE12E|V|60|22-Jul-2019|22-Jul-2019|26-Jul-2019||3|377673|1|1|1|| |2179.04|0.0| ||37|1306950993| |9999907899| |9999907899|||0|1| |2179.04|22-Jul-2019|1|2|A|10|0.0|435.83|0|4|0.0|0.0|0|0|0|0|0|0|0|0|0|0|0|0|0|||||22-Jul-2019|951.0|0|0||Z733|Z733|Y|Y0704|Y|N1830|Y|R801|N|E1122|N|R809|N|Z653|Y|I4891|Y|I1310|Y|E1121|Y|E11319|Y|D4959|Y|D075|Y|E781|Y|E119|Y|E8881|Y|I10|Y|Z952|Y|I350|Y|R931|Y|I259|Y|E785|Y|E669|Y|G4733|N|G479|Y|||| | | | | | | | | | | | | | | | | | | | | | |GZ3|22-Jul-2019|G4730|22-Jul-2019|Z741|22-Jul-2019|F419|22-Jul-2019|Z9181|22-Jul-2019|Z139|22-Jul-2019|Z1331|22-Jul-2019|Z1331|22-Jul-2019|F1990|23-Jul-2019|F109|23-Jul-2019|||||||||||||||||||||||||||||||0|0||5|450|M1069|3.0|2019-07-23T00:00:00|hospital_C|hospital_C_20190722
SYN_BENE_18616940B1AA|SYN_CLM_0A9BEDBFE12E|V|60|22-Jul-2019|22-Jul-2019|26-Jul-2019||3|377673|1|1|1|| |2179.04|0.0| ||37|1306950993| |9999907899| |9999907899|||0|1| |2179.04|22-Jul-2019|1|2|A|10|0.0|435.83|0|4|0.0|0.0|0|0|0|0|0|0|0|0|0|0|0|0|0|||||22-Jul-2019|951.0|0|0||Z733|Z733|Y|Y0704|Y|N1830|Y|R801|N|E1122|N|R809|N|Z653|Y|I4891|Y|I1310|Y|E1121|Y|E11319|Y|D4959|Y|D075|Y|E781|Y|E119|Y|E8881|Y|I10|Y|Z952|Y|I350|Y|R931|Y|I259|Y|E785|Y|E669|Y|G4733|N|G479|Y|||| | | | | | | | | | | | | | | | | | | | | | |GZ3|22-Jul-2019|G4730|22-Jul-2019|Z741|22-Jul-2019|F419|22-Jul-2019|Z9181|22-Jul-2019|Z139|22-Jul-2019|Z1331|22-Jul-2019|Z1331|22-Jul-2019|F1990|23-Jul-2019|F109|23-Jul-2019|||||||||||||||||||||||||||||||0|0||6|450|99401|3.0|2019-07-23T00:00:00|hospital_C|hospital_C_20190722
SYN_BENE_18616940B1AA|SYN_CLM_0A9BEDBFE12E|V|60|22-Jul-2019|22-Jul-2019|26-Jul-2019||3|377673|1|1|1|| |2179.04|0.0| ||37|1306950993| |9999907899| |9999907899|||0|1| |2179.04|22-Jul-2019|1|2|A|10|0.0|435.83|0|4|0.0|0.0|0|0|0|0|0|0|0|0|0|0|0|0|0|||||22-Jul-2019|951.0|0|0||Z733|Z733|Y|Y0704|Y|N1830|Y|R801|N|E1122|N|R809|N|Z653|Y|I4891|Y|I1310|Y|E1121|Y|E11319|Y|D4959|Y|D075|Y|E781|Y|E119|Y|E8881|Y|I10|Y|Z952|Y|I350|Y|R931|Y|I259|Y|E785|Y|E669|Y|G4733|N|G479|Y|||| | | | | | | | | | | | | | | | | | | | | | |GZ3|22-Jul-2019|G4730|22-Jul-2019|Z741|22-Jul-2019|F419|22-Jul-2019|Z9181|22-Jul-2019|Z139|22-Jul-2019|Z1331|22-Jul-2019|Z1331|22-Jul-2019|F1990|23-Jul-2019|F109|23-Jul-2019|||||||||||||||||||||||||||||||0|0||7|450|G0444|3.0|2019-07-23T00:00:00|hospital_C|hospital_C_20190722
SYN_BENE_18616940B1AA|SYN_CLM_0A9BEDBFE12E|V|60|22-Jul-2019|22-Jul-2019|26-Jul-2019||3|377673|1|1|1|| |2179.04|0.0| ||37|1306950993| |9999907899| |9999907899|||0|1| |2179.04|22-Jul-2019|1|2|A|10|0.0|435.83|0|4|0.0|0.0|0|0|0|0|0|0|0|0|0|0|0|0|0|||||22-Jul-2019|951.0|0|0||Z733|Z733|Y|Y0704|Y|N1830|Y|R801|N|E1122|N|R809|N|Z653|Y|I4891|Y|I1310|Y|E1121|Y|E11319|Y|D4959|Y|D075|Y|E781|Y|E119|Y|E8881|Y|I10|Y|Z952|Y|I350|Y|R931|Y|I259|Y|E785|Y|E669|Y|G4733|N|G479|Y|||| | | | | | | | | | | | | | | | | | | | | | |GZ3|22-Jul-2019|G4730|22-Jul-2019|Z741|22-Jul-2019|F419|22-Jul-2019|Z9181|22-Jul-2019|Z139|22-Jul-2019|Z1331|22-Jul-2019|Z1331|22-Jul-2019|F1990|23-Jul-2019|F109|23-Jul-2019|||||||||||||||||||||||||||||||0|0||8|450|G0444|3.0|2019-07-23T00:00:00|hospital_C|hospital_C_20190722
SYN_BENE_18616940B1AA|SYN_CLM_0A9BEDBFE12E|V|60|22-Jul-2019|22-Jul-2019|26-Jul-2019||3|377673|1|1|1|| |2179.04|0.0| ||37|1306950993| |9999907899| |9999907899|||0|1| |2179.04|22-Jul-2019|1|2|A|10|0.0|435.83|0|4|0.0|0.0|0|0|0|0|0|0|0|0|0|0|0|0|0|||||22-Jul-2019|951.0|0|0||Z733|Z733|Y|Y0704|Y|N1830|Y|R801|N|E1122|N|R809|N|Z653|Y|I4891|Y|I1310|Y|E1121|Y|E11319|Y|D4959|Y|D075|Y|E781|Y|E119|Y|E8881|Y|I10|Y|Z952|Y|I350|Y|R931|Y|I259|Y|E785|Y|E669|Y|G4733|N|G479|Y|||| | | | | | | | | | | | | | | | | | | | | | |GZ3|22-Jul-2019|G4730|22-Jul-2019|Z741|22-Jul-2019|F419|22-Jul-2019|Z9181|22-Jul-2019|Z139|22-Jul-2019|Z1331|22-Jul-2019|Z1331|22-Jul-2019|F1990|23-Jul-2019|F109|23-Jul-2019|||||||||||||||||||||||||||||||0|0||9|450|99408|3.0|2019-07-23T00:00:00|hospital_C|hospital_C_20190722
SYN_BENE_18616940B1AA|SYN_CLM_0A9BEDBFE12E|V|60|22-Jul-2019|22-Jul-2019|26-Jul-2019||3|377673|1|1|1|| |2179.04|0.0| ||37|1306950993| |9999907899| |9999907899|||0|1| |2179.04|22-Jul-2019|1|2|A|10|0.0|435.83|0|4|0.0|0.0|0|0|0|0|0|0|0|0|0|0|0|0|0|||||22-Jul-2019|951.0|0|0||Z733|Z733|Y|Y0704|Y|N1830|Y|R801|N|E1122|N|R809|N|Z653|Y|I4891|Y|I1310|Y|E1121|Y|E11319|Y|D4959|Y|D075|Y|E781|Y|E119|Y|E8881|Y|I10|Y|Z952|Y|I350|Y|R931|Y|I259|Y|E785|Y|E669|Y|G4733|N|G479|Y|||| | | | | | | | | | | | | | | | | | | | | | |GZ3|22-Jul-2019|G4730|22-Jul-2019|Z741|22-Jul-2019|F419|22-Jul-2019|Z9181|22-Jul-2019|Z139|22-Jul-2019|Z1331|22-Jul-2019|Z1331|22-Jul-2019|F1990|23-Jul-2019|F109|23-Jul-2019|||||||||||||||||||||||||||||||0|0||10|450|G0442|3.0|2019-07-23T00:00:00|hospital_C|hospital_C_20190722
SYN_BENE_DA6A726EDFCA|SYN_CLM_8F2D1D13F07A|V|60|22-Jul-2019|22-Jul-2019|26-Jul-2019||3|377673|1|1|1|| |2179.04|0.0| ||37|1306950993| |9999907899| |9999907899|||0|1| |2179.04|22-Jul-2019|1|2|A|10|0.0|435.83|0|4|0.0|0.0|0|0|0|0|0|0|0|0|0|0|0|0|0|||||22-Jul-2019|951.0|0|0||Z733|Z733|Y|Y0704|Y|N1830|Y|R801|N|E1122|N|R809|N|Z653|Y|I4891|Y|I1310|Y|E1121|Y|E11319|Y|D4959|Y|D075|Y|E781|Y|E119|Y|E8881|Y|I10|Y|Z952|Y|I350|Y|R931|Y|I259|Y|E785|Y|E669|Y|G4733|N|G479|Y|||| | | | | | | | | | | | | | | | | | | | | | |GZ3|22-Jul-2019|G4730|22-Jul-2019|Z741|22-Jul-2019|F419|22-Jul-2019|Z9181|22-Jul-2019|Z139|22-Jul-2019|Z1331|22-Jul-2019|Z1331|22-Jul-2019|F1990|23-Jul-2019|F109|23-Jul-2019|||||||||||||||||||||||||||||||0|0||1|450|99495|3.0|2019-07-23T00:00:00|hospital_C|hospital_C_20190722
SYN_BENE_DA6A726EDFCA|SYN_CLM_8F2D1D13F07A|V|60|22-Jul-2019|22-Jul-2019|26-Jul-2019||3|377673|1|1|1|| |2179.04|0.0| ||37|1306950993| |9999907899| |9999907899|||0|1| |2179.04|22-Jul-2019|1|2|A|10|0.0|435.83|0|4|0.0|0.0|0|0|0|0|0|0|0|0|0|0|0|0|0|||||22-Jul-2019|951.0|0|0||Z733|Z733|Y|Y0704|Y|N1830|Y|R801|N|E1122|N|R809|N|Z653|Y|I4891|Y|I1310|Y|E1121|Y|E11319|Y|D4959|Y|D075|Y|E781|Y|E119|Y|E8881|Y|I10|Y|Z952|Y|I350|Y|R931|Y|I259|Y|E785|Y|E669|Y|G4733|N|G479|Y|||| | | | | | | | | | | | | | | | | | | | | | |GZ3|22-Jul-2019|G4730|22-Jul-2019|Z741|22-Jul-2019|F419|22-Jul-2019|Z9181|22-Jul-2019|Z139|22-Jul-2019|Z1331|22-Jul-2019|Z1331|22-Jul-2019|F1990|23-Jul-2019|F109|23-Jul-2019|||||||||||||||||||||||||||||||0|0||2|450|G8839|3.0|2019-07-23T00:00:00|hospital_C|hospital_C_20190722
SYN_BENE_DA6A726EDFCA|SYN_CLM_8F2D1D13F07A|V|60|22-Jul-2019|22-Jul-2019|26-Jul-2019||3|377673|1|1|1|| |2179.04|0.0| ||37|1306950993| |9999907899| |9999907899|||0|1| |2179.04|22-Jul-2019|1|2|A|10|0.0|435.83|0|4|0.0|0.0|0|0|0|0|0|0|0|0|0|0|0|0|0|||||22-Jul-2019|951.0|0|0||Z733|Z733|Y|Y0704|Y|N1830|Y|R801|N|E1122|N|R809|N|Z653|Y|I4891|Y|I1310|Y|E1121|Y|E11319|Y|D4959|Y|D075|Y|E781|Y|E119|Y|E8881|Y|I10|Y|Z952|Y|I350|Y|R931|Y|I259|Y|E785|Y|E669|Y|G4733|N|G479|Y|||| | | | | | | | | | | | | | | | | | | | | | |GZ3|22-Jul-2019|G4730|22-Jul-2019|Z741|22-Jul-2019|F419|22-Jul-2019|Z9181|22-Jul-2019|Z139|22-Jul-2019|Z1331|22-Jul-2019|Z1331|22-Jul-2019|F1990|23-Jul-2019|F109|23-Jul-2019|||||||||||||||||||||||||||||||0|0||3|450|96156|3.0|2019-07-23T00:00:00|hospital_C|hospital_C_20190722
SYN_BENE_DA6A726EDFCA|SYN_CLM_8F2D1D13F07A|V|60|22-Jul-2019|22-Jul-2019|26-Jul-2019||3|377673|1|1|1|| |2179.04|0.0| ||37|1306950993| |9999907899| |9999907899|||0|1| |2179.04|22-Jul-2019|1|2|A|10|0.0|435.83|0|4|0.0|0.0|0|0|0|0|0|0|0|0|0|0|0|0|0|||||22-Jul-2019|951.0|0|0||Z733|Z733|Y|Y0704|Y|N1830|Y|R801|N|E1122|N|R809|N|Z653|Y|I4891|Y|I1310|Y|E1121|Y|E11319|Y|D4959|Y|D075|Y|E781|Y|E119|Y|E8881|Y|I10|Y|Z952|Y|I350|Y|R931|Y|I259|Y|E785|Y|E669|Y|G4733|N|G479|Y|||| | | | | | | | | | | | | | | | | | | | | | |GZ3|22-Jul-2019|G4730|22-Jul-2019|Z741|22-Jul-2019|F419|22-Jul-2019|Z9181|22-Jul-2019|Z139|22-Jul-2019|Z1331|22-Jul-2019|Z1331|22-Jul-2019|F1990|23-Jul-2019|F109|23-Jul-2019|||||||||||||||||||||||||||||||0|0||4|450|96127|3.0|2019-07-23T00:00:00|hospital_C|hospital_C_20190722
SYN_BENE_DA6A726EDFCA|SYN_CLM_8F2D1D13F07A|V|60|22-Jul-2019|22-Jul-2019|26-Jul-2019||3|377673|1|1|1|| |2179.04|0.0| ||37|1306950993| |9999907899| |9999907899|||0|1| |2179.04|22-Jul-2019|1|2|A|10|0.0|435.83|0|4|0.0|0.0|0|0|0|0|0|0|0|0|0|0|0|0|0|||||22-Jul-2019|951.0|0|0||Z733|Z733|Y|Y0704|Y|N1830|Y|R801|N|E1122|N|R809|N|Z653|Y|I4891|Y|I1310|Y|E1121|Y|E11319|Y|D4959|Y|D075|Y|E781|Y|E119|Y|E8881|Y|I10|Y|Z952|Y|I350|Y|R931|Y|I259|Y|E785|Y|E669|Y|G4733|N|G479|Y|||| | | | | | | | | | | | | | | | | | | | | | |GZ3|22-Jul-2019|G4730|22-Jul-2019|Z741|22-Jul-2019|F419|22-Jul-2019|Z9181|22-Jul-2019|Z139|22-Jul-2019|Z1331|22-Jul-2019|Z1331|22-Jul-2019|F1990|23-Jul-2019|F109|23-Jul-2019|||||||||||||||||||||||||||||||0|0||5|450|M1069|3.0|2019-07-23T00:00:00|hospital_C|hospital_C_20190722
SYN_BENE_DA6A726EDFCA|SYN_CLM_8F2D1D13F07A|V|60|22-Jul-2019|22-Jul-2019|26-Jul-2019||3|377673|1|1|1|| |2179.04|0.0| ||37|1306950993| |9999907899| |9999907899|||0|1| |2179.04|22-Jul-2019|1|2|A|10|0.0|435.83|0|4|0.0|0.0|0|0|0|0|0|0|0|0|0|0|0|0|0|||||22-Jul-2019|951.0|0|0||Z733|Z733|Y|Y0704|Y|N1830|Y|R801|N|E1122|N|R809|N|Z653|Y|I4891|Y|I1310|Y|E1121|Y|E11319|Y|D4959|Y|D075|Y|E781|Y|E119|Y|E8881|Y|I10|Y|Z952|Y|I350|Y|R931|Y|I259|Y|E785|Y|E669|Y|G4733|N|G479|Y|||| | | | | | | | | | | | | | | | | | | | | | |GZ3|22-Jul-2019|G4730|22-Jul-2019|Z741|22-Jul-2019|F419|22-Jul-2019|Z9181|22-Jul-2019|Z139|22-Jul-2019|Z1331|22-Jul-2019|Z1331|22-Jul-2019|F1990|23-Jul-2019|F109|23-Jul-2019|||||||||||||||||||||||||||||||0|0||6|450|99401|3.0|2019-07-23T00:00:00|hospital_C|hospital_C_20190722
SYN_BENE_DA6A726EDFCA|SYN_CLM_8F2D1D13F07A|V|60|22-Jul-2019|22-Jul-2019|26-Jul-2019||3|377673|1|1|1|| |2179.04|0.0| ||37|1306950993| |9999907899| |9999907899|||0|1| |2179.04|22-Jul-2019|1|2|A|10|0.0|435.83|0|4|0.0|0.0|0|0|0|0|0|0|0|0|0|0|0|0|0|||||22-Jul-2019|951.0|0|0||Z733|Z733|Y|Y0704|Y|N1830|Y|R801|N|E1122|N|R809|N|Z653|Y|I4891|Y|I1310|Y|E1121|Y|E11319|Y|D4959|Y|D075|Y|E781|Y|E119|Y|E8881|Y|I10|Y|Z952|Y|I350|Y|R931|Y|I259|Y|E785|Y|E669|Y|G4733|N|G479|Y|||| | | | | | | | | | | | | | | | | | | | | | |GZ3|22-Jul-2019|G4730|22-Jul-2019|Z741|22-Jul-2019|F419|22-Jul-2019|Z9181|22-Jul-2019|Z139|22-Jul-2019|Z1331|22-Jul-2019|Z1331|22-Jul-2019|F1990|23-Jul-2019|F109|23-Jul-2019|||||||||||||||||||||||||||||||0|0||7|450|G0444|3.0|2019-07-23T00:00:00|hospital_C|hospital_C_20190722
SYN_BENE_DA6A726EDFCA|SYN_CLM_8F2D1D13F07A|V|60|22-Jul-2019|22-Jul-2019|26-Jul-2019||3|377673|1|1|1|| |2179.04|0.0| ||37|1306950993| |9999907899| |9999907899|||0|1| |2179.04|22-Jul-2019|1|2|A|10|0.0|435.83|0|4|0.0|0.0|0|0|0|0|0|0|0|0|0|0|0|0|0|||||22-Jul-2019|951.0|0|0||Z733|Z733|Y|Y0704|Y|N1830|Y|R801|N|E1122|N|R809|N|Z653|Y|I4891|Y|I1310|Y|E1121|Y|E11319|Y|D4959|Y|D075|Y|E781|Y|E119|Y|E8881|Y|I10|Y|Z952|Y|I350|Y|R931|Y|I259|Y|E785|Y|E669|Y|G4733|N|G479|Y|||| | | | | | | | | | | | | | | | | | | | | | |GZ3|22-Jul-2019|G4730|22-Jul-2019|Z741|22-Jul-2019|F419|22-Jul-2019|Z9181|22-Jul-2019|Z139|22-Jul-2019|Z1331|22-Jul-2019|Z1331|22-Jul-2019|F1990|23-Jul-2019|F109|23-Jul-2019|||||||||||||||||||||||||||||||0|0||8|450|G0444|3.0|2019-07-23T00:00:00|hospital_C|hospital_C_20190722
SYN_BENE_DA6A726EDFCA|SYN_CLM_8F2D1D13F07A|V|60|22-Jul-2019|22-Jul-2019|26-Jul-2019||3|377673|1|1|1|| |2179.04|0.0| ||37|1306950993| |9999907899| |9999907899|||0|1| |2179.04|22-Jul-2019|1|2|A|10|0.0|435.83|0|4|0.0|0.0|0|0|0|0|0|0|0|0|0|0|0|0|0|||||22-Jul-2019|951.0|0|0||Z733|Z733|Y|Y0704|Y|N1830|Y|R801|N|E1122|N|R809|N|Z653|Y|I4891|Y|I1310|Y|E1121|Y|E11319|Y|D4959|Y|D075|Y|E781|Y|E119|Y|E8881|Y|I10|Y|Z952|Y|I350|Y|R931|Y|I259|Y|E785|Y|E669|Y|G4733|N|G479|Y|||| | | | | | | | | | | | | | | | | | | | | | |GZ3|22-Jul-2019|G4730|22-Jul-2019|Z741|22-Jul-2019|F419|22-Jul-2019|Z9181|22-Jul-2019|Z139|22-Jul-2019|Z1331|22-Jul-2019|Z1331|22-Jul-2019|F1990|23-Jul-2019|F109|23-Jul-2019|||||||||||||||||||||||||||||||0|0||9|450|99408|3.0|2019-07-23T00:00:00|hospital_C|hospital_C_20190722
SYN_BENE_DA6A726EDFCA|SYN_CLM_8F2D1D13F07A|V|60|22-Jul-2019|22-Jul-2019|26-Jul-2019||3|377673|1|1|1|| |2179.04|0.0| ||37|1306950993| |9999907899| |9999907899|||0|1| |2179.04|22-Jul-2019|1|2|A|10|0.0|435.83|0|4|0.0|0.0|0|0|0|0|0|0|0|0|0|0|0|0|0|||||22-Jul-2019|951.0|0|0||Z733|Z733|Y|Y0704|Y|N1830|Y|R801|N|E1122|N|R809|N|Z653|Y|I4891|Y|I1310|Y|E1121|Y|E11319|Y|D4959|Y|D075|Y|E781|Y|E119|Y|E8881|Y|I10|Y|Z952|Y|I350|Y|R931|Y|I259|Y|E785|Y|E669|Y|G4733|N|G479|Y|||| | | | | | | | | | | | | | | | | | | | | | |GZ3|22-Jul-2019|G4730|22-Jul-2019|Z741|22-Jul-2019|F419|22-Jul-2019|Z9181|22-Jul-2019|Z139|22-Jul-2019|Z1331|22-Jul-2019|Z1331|22-Jul-2019|F1990|23-Jul-2019|F109|23-Jul-2019|||||||||||||||||||||||||||||||0|0||10|450|G0442|3.0|2019-07-23T00:00:00|hospital_C|hospital_C_20190722
SYN_BENE_B24494E8746C|SYN_CLM_2BB1522174CE|V|60|22-Jul-2019|22-Jul-2019|26-Jul-2019||3|377673|1|1|1|| |2179.04|0.0| ||37|1306950993| |9999907899| |9999907899|||0|1| |2179.04|22-Jul-2019|1|2|A|10|0.0|435.83|0|4|0.0|0.0|0|0|0|0|0|0|0|0|0|0|0|0|0|||||22-Jul-2019|951.0|0|0||Z733|Z733|Y|Y0704|Y|N1830|Y|R801|N|E1122|N|R809|N|Z653|Y|I4891|Y|I1310|Y|E1121|Y|E11319|Y|D4959|Y|D075|Y|E781|Y|E119|Y|E8881|Y|I10|Y|Z952|Y|I350|Y|R931|Y|I259|Y|E785|Y|E669|Y|G4733|N|G479|Y|||| | | | | | | | | | | | | | | | | | | | | | |GZ3|22-Jul-2019|G4730|22-Jul-2019|Z741|22-Jul-2019|F419|22-Jul-2019|Z9181|22-Jul-2019|Z139|22-Jul-2019|Z1331|22-Jul-2019|Z1331|22-Jul-2019|F1990|23-Jul-2019|F109|23-Jul-2019|||||||||||||||||||||||||||||||0|0||1|450|99495|3.0|2019-07-23T00:00:00|hospital_C|hospital_C_20190722
SYN_BENE_B24494E8746C|SYN_CLM_2BB1522174CE|V|60|22-Jul-2019|22-Jul-2019|26-Jul-2019||3|377673|1|1|1|| |2179.04|0.0| ||37|1306950993| |9999907899| |9999907899|||0|1| |2179.04|22-Jul-2019|1|2|A|10|0.0|435.83|0|4|0.0|0.0|0|0|0|0|0|0|0|0|0|0|0|0|0|||||22-Jul-2019|951.0|0|0||Z733|Z733|Y|Y0704|Y|N1830|Y|R801|N|E1122|N|R809|N|Z653|Y|I4891|Y|I1310|Y|E1121|Y|E11319|Y|D4959|Y|D075|Y|E781|Y|E119|Y|E8881|Y|I10|Y|Z952|Y|I350|Y|R931|Y|I259|Y|E785|Y|E669|Y|G4733|N|G479|Y|||| | | | | | | | | | | | | | | | | | | | | | |GZ3|22-Jul-2019|G4730|22-Jul-2019|Z741|22-Jul-2019|F419|22-Jul-2019|Z9181|22-Jul-2019|Z139|22-Jul-2019|Z1331|22-Jul-2019|Z1331|22-Jul-2019|F1990|23-Jul-2019|F109|23-Jul-2019|||||||||||||||||||||||||||||||0|0||2|450|G8839|3.0|2019-07-23T00:00:00|hospital_C|hospital_C_20190722
SYN_BENE_B24494E8746C|SYN_CLM_2BB1522174CE|V|60|22-Jul-2019|22-Jul-2019|26-Jul-2019||3|377673|1|1|1|| |2179.04|0.0| ||37|1306950993| |9999907899| |9999907899|||0|1| |2179.04|22-Jul-2019|1|2|A|10|0.0|435.83|0|4|0.0|0.0|0|0|0|0|0|0|0|0|0|0|0|0|0|||||22-Jul-2019|951.0|0|0||Z733|Z733|Y|Y0704|Y|N1830|Y|R801|N|E1122|N|R809|N|Z653|Y|I4891|Y|I1310|Y|E1121|Y|E11319|Y|D4959|Y|D075|Y|E781|Y|E119|Y|E8881|Y|I10|Y|Z952|Y|I350|Y|R931|Y|I259|Y|E785|Y|E669|Y|G4733|N|G479|Y|||| | | | | | | | | | | | | | | | | | | | | | |GZ3|22-Jul-2019|G4730|22-Jul-2019|Z741|22-Jul-2019|F419|22-Jul-2019|Z9181|22-Jul-2019|Z139|22-Jul-2019|Z1331|22-Jul-2019|Z1331|22-Jul-2019|F1990|23-Jul-2019|F109|23-Jul-2019|||||||||||||||||||||||||||||||0|0||3|450|96156|3.0|2019-07-23T00:00:00|hospital_C|hospital_C_20190722
SYN_BENE_B24494E8746C|SYN_CLM_2BB1522174CE|V|60|22-Jul-2019|22-Jul-2019|26-Jul-2019||3|377673|1|1|1|| |2179.04|0.0| ||37|1306950993| |9999907899| |9999907899|||0|1| |2179.04|22-Jul-2019|1|2|A|10|0.0|435.83|0|4|0.0|0.0|0|0|0|0|0|0|0|0|0|0|0|0|0|||||22-Jul-2019|951.0|0|0||Z733|Z733|Y|Y0704|Y|N1830|Y|R801|N|E1122|N|R809|N|Z653|Y|I4891|Y|I1310|Y|E1121|Y|E11319|Y|D4959|Y|D075|Y|E781|Y|E119|Y|E8881|Y|I10|Y|Z952|Y|I350|Y|R931|Y|I259|Y|E785|Y|E669|Y|G4733|N|G479|Y|||| | | | | | | | | | | | | | | | | | | | | | |GZ3|22-Jul-2019|G4730|22-Jul-2019|Z741|22-Jul-2019|F419|22-Jul-2019|Z9181|22-Jul-2019|Z139|22-Jul-2019|Z1331|22-Jul-2019|Z1331|22-Jul-2019|F1990|23-Jul-2019|F109|23-Jul-2019|||||||||||||||||||||||||||||||0|0||4|450|96127|3.0|2019-07-23T00:00:00|hospital_C|hospital_C_20190722
SYN_BENE_B24494E8746C|SYN_CLM_2BB1522174CE|V|60|22-Jul-2019|22-Jul-2019|26-Jul-2019||3|377673|1|1|1|| |2179.04|0.0| ||37|1306950993| |9999907899| |9999907899|||0|1| |2179.04|22-Jul-2019|1|2|A|10|0.0|435.83|0|4|0.0|0.0|0|0|0|0|0|0|0|0|0|0|0|0|0|||||22-Jul-2019|951.0|0|0||Z733|Z733|Y|Y0704|Y|N1830|Y|R801|N|E1122|N|R809|N|Z653|Y|I4891|Y|I1310|Y|E1121|Y|E11319|Y|D4959|Y|D075|Y|E781|Y|E119|Y|E8881|Y|I10|Y|Z952|Y|I350|Y|R931|Y|I259|Y|E785|Y|E669|Y|G4733|N|G479|Y|||| | | | | | | | | | | | | | | | | | | | | | |GZ3|22-Jul-2019|G4730|22-Jul-2019|Z741|22-Jul-2019|F419|22-Jul-2019|Z9181|22-Jul-2019|Z139|22-Jul-2019|Z1331|22-Jul-2019|Z1331|22-Jul-2019|F1990|23-Jul-2019|F109|23-Jul-2019|||||||||||||||||||||||||||||||0|0||5|450|M1069|3.0|2019-07-23T00:00:00|hospital_C|hospital_C_20190722
SYN_BENE_B24494E8746C|SYN_CLM_2BB1522174CE|V|60|22-Jul-2019|22-Jul-2019|26-Jul-2019||3|377673|1|1|1|| |2179.04|0.0| ||37|1306950993| |9999907899| |9999907899|||0|1| |2179.04|22-Jul-2019|1|2|A|10|0.0|435.83|0|4|0.0|0.0|0|0|0|0|0|0|0|0|0|0|0|0|0|||||22-Jul-2019|951.0|0|0||Z733|Z733|Y|Y0704|Y|N1830|Y|R801|N|E1122|N|R809|N|Z653|Y|I4891|Y|I1310|Y|E1121|Y|E11319|Y|D4959|Y|D075|Y|E781|Y|E119|Y|E8881|Y|I10|Y|Z952|Y|I350|Y|R931|Y|I259|Y|E785|Y|E669|Y|G4733|N|G479|Y|||| | | | | | | | | | | | | | | | | | | | | | |GZ3|22-Jul-2019|G4730|22-Jul-2019|Z741|22-Jul-2019|F419|22-Jul-2019|Z9181|22-Jul-2019|Z139|22-Jul-2019|Z1331|22-Jul-2019|Z1331|22-Jul-2019|F1990|23-Jul-2019|F109|23-Jul-2019|||||||||||||||||||||||||||||||0|0||6|450|99401|3.0|2019-07-23T00:00:00|hospital_C|hospital_C_20190722
SYN_BENE_B24494E8746C|SYN_CLM_2BB1522174CE|V|60|22-Jul-2019|22-Jul-2019|26-Jul-2019||3|377673|1|1|1|| |2179.04|0.0| ||37|1306950993| |9999907899| |9999907899|||0|1| |2179.04|22-Jul-2019|1|2|A|10|0.0|435.83|0|4|0.0|0.0|0|0|0|0|0|0|0|0|0|0|0|0|0|||||22-Jul-2019|951.0|0|0||Z733|Z733|Y|Y0704|Y|N1830|Y|R801|N|E1122|N|R809|N|Z653|Y|I4891|Y|I1310|Y|E1121|Y|E11319|Y|D4959|Y|D075|Y|E781|Y|E119|Y|E8881|Y|I10|Y|Z952|Y|I350|Y|R931|Y|I259|Y|E785|Y|E669|Y|G4733|N|G479|Y|||| | | | | | | | | | | | | | | | | | | | | | |GZ3|22-Jul-2019|G4730|22-Jul-2019|Z741|22-Jul-2019|F419|22-Jul-2019|Z9181|22-Jul-2019|Z139|22-Jul-2019|Z1331|22-Jul-2019|Z1331|22-Jul-2019|F1990|23-Jul-2019|F109|23-Jul-2019|||||||||||||||||||||||||||||||0|0||7|450|G0444|3.0|2019-07-23T00:00:00|hospital_C|hospital_C_20190722
SYN_BENE_B24494E8746C|SYN_CLM_2BB1522174CE|V|60|22-Jul-2019|22-Jul-2019|26-Jul-2019||3|377673|1|1|1|| |2179.04|0.0| ||37|1306950993| |9999907899| |9999907899|||0|1| |2179.04|22-Jul-2019|1|2|A|10|0.0|435.83|0|4|0.0|0.0|0|0|0|0|0|0|0|0|0|0|0|0|0|||||22-Jul-2019|951.0|0|0||Z733|Z733|Y|Y0704|Y|N1830|Y|R801|N|E1122|N|R809|N|Z653|Y|I4891|Y|I1310|Y|E1121|Y|E11319|Y|D4959|Y|D075|Y|E781|Y|E119|Y|E8881|Y|I10|Y|Z952|Y|I350|Y|R931|Y|I259|Y|E785|Y|E669|Y|G4733|N|G479|Y|||| | | | | | | | | | | | | | | | | | | | | | |GZ3|22-Jul-2019|G4730|22-Jul-2019|Z741|22-Jul-2019|F419|22-Jul-2019|Z9181|22-Jul-2019|Z139|22-Jul-2019|Z1331|22-Jul-2019|Z1331|22-Jul-2019|F1990|23-Jul-2019|F109|23-Jul-2019|||||||||||||||||||||||||||||||0|0||8|450|G0444|3.0|2019-07-23T00:00:00|hospital_C|hospital_C_20190722
SYN_BENE_B24494E8746C|SYN_CLM_2BB1522174CE|V|60|22-Jul-2019|22-Jul-2019|26-Jul-2019||3|377673|1|1|1|| |2179.04|0.0| ||37|1306950993| |9999907899| |9999907899|||0|1| |2179.04|22-Jul-2019|1|2|A|10|0.0|435.83|0|4|0.0|0.0|0|0|0|0|0|0|0|0|0|0|0|0|0|||||22-Jul-2019|951.0|0|0||Z733|Z733|Y|Y0704|Y|N1830|Y|R801|N|E1122|N|R809|N|Z653|Y|I4891|Y|I1310|Y|E1121|Y|E11319|Y|D4959|Y|D075|Y|E781|Y|E119|Y|E8881|Y|I10|Y|Z952|Y|I350|Y|R931|Y|I259|Y|E785|Y|E669|Y|G4733|N|G479|Y|||| | | | | | | | | | | | | | | | | | | | | | |GZ3|22-Jul-2019|G4730|22-Jul-2019|Z741|22-Jul-2019|F419|22-Jul-2019|Z9181|22-Jul-2019|Z139|22-Jul-2019|Z1331|22-Jul-2019|Z1331|22-Jul-2019|F1990|23-Jul-2019|F109|23-Jul-2019|||||||||||||||||||||||||||||||0|0||9|450|99408|3.0|2019-07-23T00:00:00|hospital_C|hospital_C_20190722
SYN_BENE_B24494E8746C|SYN_CLM_2BB1522174CE|V|60|22-Jul-2019|22-Jul-2019|26-Jul-2019||3|377673|1|1|1|| |2179.04|0.0| ||37|1306950993| |9999907899| |9999907899|||0|1| |2179.04|22-Jul-2019|1|2|A|10|0.0|435.83|0|4|0.0|0.0|0|0|0|0|0|0|0|0|0|0|0|0|0|||||22-Jul-2019|951.0|0|0||Z733|Z733|Y|Y0704|Y|N1830|Y|R801|N|E1122|N|R809|N|Z653|Y|I4891|Y|I1310|Y|E1121|Y|E11319|Y|D4959|Y|D075|Y|E781|Y|E119|Y|E8881|Y|I10|Y|Z952|Y|I350|Y|R931|Y|I259|Y|E785|Y|E669|Y|G4733|N|G479|Y|||| | | | | | | | | | | | | | | | | | | | | | |GZ3|22-Jul-2019|G4730|22-Jul-2019|Z741|22-Jul-2019|F419|22-Jul-2019|Z9181|22-Jul-2019|Z139|22-Jul-2019|Z1331|22-Jul-2019|Z1331|22-Jul-2019|F1990|23-Jul-2019|F109|23-Jul-2019|||||||||||||||||||||||||||||||0|0||10|450|G0442|3.0|2019-07-23T00:00:00|hospital_C|hospital_C_20190722
SYN_BENE_053B8A05A13E|SYN_CLM_BEAEBBAD896B|V|60|22-Jul-2019|22-Jul-2019|26-Jul-2019||3|377673|1|1|1|| |2179.04|0.0| ||37|1306950993| |9999907899| |9999907899|||0|1| |2179.04|22-Jul-2019|1|2|A|10|0.0|435.83|0|4|0.0|0.0|0|0|0|0|0|0|0|0|0|0|0|0|0|||||22-Jul-2019|951.0|0|0||Z733|Z733|Y|Y0704|Y|N1830|Y|R801|N|E1122|N|R809|N|Z653|Y|I4891|Y|I1310|Y|E1121|Y|E11319|Y|D4959|Y|D075|Y|E781|Y|E119|Y|E8881|Y|I10|Y|Z952|Y|I350|Y|R931|Y|I259|Y|E785|Y|E669|Y|G4733|N|G479|Y|||| | | | | | | | | | | | | | | | | | | | | | |GZ3|22-Jul-2019|G4730|22-Jul-2019|Z741|22-Jul-2019|F419|22-Jul-2019|Z9181|22-Jul-2019|Z139|22-Jul-2019|Z1331|22-Jul-2019|Z1331|22-Jul-2019|F1990|23-Jul-2019|F109|23-Jul-2019|||||||||||||||||||||||||||||||0|0||1|450|99495|3.0|2019-07-23T00:00:00|hospital_C|hospital_C_20190722
SYN_BENE_053B8A05A13E|SYN_CLM_BEAEBBAD896B|V|60|22-Jul-2019|22-Jul-2019|26-Jul-2019||3|377673|1|1|1|| |2179.04|0.0| ||37|1306950993| |9999907899| |9999907899|||0|1| |2179.04|22-Jul-2019|1|2|A|10|0.0|435.83|0|4|0.0|0.0|0|0|0|0|0|0|0|0|0|0|0|0|0|||||22-Jul-2019|951.0|0|0||Z733|Z733|Y|Y0704|Y|N1830|Y|R801|N|E1122|N|R809|N|Z653|Y|I4891|Y|I1310|Y|E1121|Y|E11319|Y|D4959|Y|D075|Y|E781|Y|E119|Y|E8881|Y|I10|Y|Z952|Y|I350|Y|R931|Y|I259|Y|E785|Y|E669|Y|G4733|N|G479|Y|||| | | | | | | | | | | | | | | | | | | | | | |GZ3|22-Jul-2019|G4730|22-Jul-2019|Z741|22-Jul-2019|F419|22-Jul-2019|Z9181|22-Jul-2019|Z139|22-Jul-2019|Z1331|22-Jul-2019|Z1331|22-Jul-2019|F1990|23-Jul-2019|F109|23-Jul-2019|||||||||||||||||||||||||||||||0|0||2|450|G8839|3.0|2019-07-23T00:00:00|hospital_C|hospital_C_20190722
SYN_BENE_053B8A05A13E|SYN_CLM_BEAEBBAD896B|V|60|22-Jul-2019|22-Jul-2019|26-Jul-2019||3|377673|1|1|1|| |2179.04|0.0| ||37|1306950993| |9999907899| |9999907899|||0|1| |2179.04|22-Jul-2019|1|2|A|10|0.0|435.83|0|4|0.0|0.0|0|0|0|0|0|0|0|0|0|0|0|0|0|||||22-Jul-2019|951.0|0|0||Z733|Z733|Y|Y0704|Y|N1830|Y|R801|N|E1122|N|R809|N|Z653|Y|I4891|Y|I1310|Y|E1121|Y|E11319|Y|D4959|Y|D075|Y|E781|Y|E119|Y|E8881|Y|I10|Y|Z952|Y|I350|Y|R931|Y|I259|Y|E785|Y|E669|Y|G4733|N|G479|Y|||| | | | | | | | | | | | | | | | | | | | | | |GZ3|22-Jul-2019|G4730|22-Jul-2019|Z741|22-Jul-2019|F419|22-Jul-2019|Z9181|22-Jul-2019|Z139|22-Jul-2019|Z1331|22-Jul-2019|Z1331|22-Jul-2019|F1990|23-Jul-2019|F109|23-Jul-2019|||||||||||||||||||||||||||||||0|0||3|450|96156|3.0|2019-07-23T00:00:00|hospital_C|hospital_C_20190722
SYN_BENE_053B8A05A13E|SYN_CLM_BEAEBBAD896B|V|60|22-Jul-2019|22-Jul-2019|26-Jul-2019||3|377673|1|1|1|| |2179.04|0.0| ||37|1306950993| |9999907899| |9999907899|||0|1| |2179.04|22-Jul-2019|1|2|A|10|0.0|435.83|0|4|0.0|0.0|0|0|0|0|0|0|0|0|0|0|0|0|0|||||22-Jul-2019|951.0|0|0||Z733|Z733|Y|Y0704|Y|N1830|Y|R801|N|E1122|N|R809|N|Z653|Y|I4891|Y|I1310|Y|E1121|Y|E11319|Y|D4959|Y|D075|Y|E781|Y|E119|Y|E8881|Y|I10|Y|Z952|Y|I350|Y|R931|Y|I259|Y|E785|Y|E669|Y|G4733|N|G479|Y|||| | | | | | | | | | | | | | | | | | | | | | |GZ3|22-Jul-2019|G4730|22-Jul-2019|Z741|22-Jul-2019|F419|22-Jul-2019|Z9181|22-Jul-2019|Z139|22-Jul-2019|Z1331|22-Jul-2019|Z1331|22-Jul-2019|F1990|23-Jul-2019|F109|23-Jul-2019|||||||||||||||||||||||||||||||0|0||4|450|96127|3.0|2019-07-23T00:00:00|hospital_C|hospital_C_20190722
SYN_BENE_053B8A05A13E|SYN_CLM_BEAEBBAD896B|V|60|22-Jul-2019|22-Jul-2019|26-Jul-2019||3|377673|1|1|1|| |2179.04|0.0| ||37|1306950993| |9999907899| |9999907899|||0|1| |2179.04|22-Jul-2019|1|2|A|10|0.0|435.83|0|4|0.0|0.0|0|0|0|0|0|0|0|0|0|0|0|0|0|||||22-Jul-2019|951.0|0|0||Z733|Z733|Y|Y0704|Y|N1830|Y|R801|N|E1122|N|R809|N|Z653|Y|I4891|Y|I1310|Y|E1121|Y|E11319|Y|D4959|Y|D075|Y|E781|Y|E119|Y|E8881|Y|I10|Y|Z952|Y|I350|Y|R931|Y|I259|Y|E785|Y|E669|Y|G4733|N|G479|Y|||| | | | | | | | | | | | | | | | | | | | | | |GZ3|22-Jul-2019|G4730|22-Jul-2019|Z741|22-Jul-2019|F419|22-Jul-2019|Z9181|22-Jul-2019|Z139|22-Jul-2019|Z1331|22-Jul-2019|Z1331|22-Jul-2019|F1990|23-Jul-2019|F109|23-Jul-2019|||||||||||||||||||||||||||||||0|0||5|450|M1069|3.0|2019-07-23T00:00:00|hospital_C|hospital_C_20190722
SYN_BENE_053B8A05A13E|SYN_CLM_BEAEBBAD896B|V|60|22-Jul-2019|22-Jul-2019|26-Jul-2019||3|377673|1|1|1|| |2179.04|0.0| ||37|1306950993| |9999907899| |9999907899|||0|1| |2179.04|22-Jul-2019|1|2|A|10|0.0|435.83|0|4|0.0|0.0|0|0|0|0|0|0|0|0|0|0|0|0|0|||||22-Jul-2019|951.0|0|0||Z733|Z733|Y|Y0704|Y|N1830|Y|R801|N|E1122|N|R809|N|Z653|Y|I4891|Y|I1310|Y|E1121|Y|E11319|Y|D4959|Y|D075|Y|E781|Y|E119|Y|E8881|Y|I10|Y|Z952|Y|I350|Y|R931|Y|I259|Y|E785|Y|E669|Y|G4733|N|G479|Y|||| | | | | | | | | | | | | | | | | | | | | | |GZ3|22-Jul-2019|G4730|22-Jul-2019|Z741|22-Jul-2019|F419|22-Jul-2019|Z9181|22-Jul-2019|Z139|22-Jul-2019|Z1331|22-Jul-2019|Z1331|22-Jul-2019|F1990|23-Jul-2019|F109|23-Jul-2019|||||||||||||||||||||||||||||||0|0||6|450|99401|3.0|2019-07-23T00:00:00|hospital_C|hospital_C_20190722
SYN_BENE_053B8A05A13E|SYN_CLM_BEAEBBAD896B|V|60|22-Jul-2019|22-Jul-2019|26-Jul-2019||3|377673|1|1|1|| |2179.04|0.0| ||37|1306950993| |9999907899| |9999907899|||0|1| |2179.04|22-Jul-2019|1|2|A|10|0.0|435.83|0|4|0.0|0.0|0|0|0|0|0|0|0|0|0|0|0|0|0|||||22-Jul-2019|951.0|0|0||Z733|Z733|Y|Y0704|Y|N1830|Y|R801|N|E1122|N|R809|N|Z653|Y|I4891|Y|I1310|Y|E1121|Y|E11319|Y|D4959|Y|D075|Y|E781|Y|E119|Y|E8881|Y|I10|Y|Z952|Y|I350|Y|R931|Y|I259|Y|E785|Y|E669|Y|G4733|N|G479|Y|||| | | | | | | | | | | | | | | | | | | | | | |GZ3|22-Jul-2019|G4730|22-Jul-2019|Z741|22-Jul-2019|F419|22-Jul-2019|Z9181|22-Jul-2019|Z139|22-Jul-2019|Z1331|22-Jul-2019|Z1331|22-Jul-2019|F1990|23-Jul-2019|F109|23-Jul-2019|||||||||||||||||||||||||||||||0|0||7|450|G0444|3.0|2019-07-23T00:00:00|hospital_C|hospital_C_20190722
SYN_BENE_053B8A05A13E|SYN_CLM_BEAEBBAD896B|V|60|22-Jul-2019|22-Jul-2019|26-Jul-2019||3|377673|1|1|1|| |2179.04|0.0| ||37|1306950993| |9999907899| |9999907899|||0|1| |2179.04|22-Jul-2019|1|2|A|10|0.0|435.83|0|4|0.0|0.0|0|0|0|0|0|0|0|0|0|0|0|0|0|||||22-Jul-2019|951.0|0|0||Z733|Z733|Y|Y0704|Y|N1830|Y|R801|N|E1122|N|R809|N|Z653|Y|I4891|Y|I1310|Y|E1121|Y|E11319|Y|D4959|Y|D075|Y|E781|Y|E119|Y|E8881|Y|I10|Y|Z952|Y|I350|Y|R931|Y|I259|Y|E785|Y|E669|Y|G4733|N|G479|Y|||| | | | | | | | | | | | | | | | | | | | | | |GZ3|22-Jul-2019|G4730|22-Jul-2019|Z741|22-Jul-2019|F419|22-Jul-2019|Z9181|22-Jul-2019|Z139|22-Jul-2019|Z1331|22-Jul-2019|Z1331|22-Jul-2019|F1990|23-Jul-2019|F109|23-Jul-2019|||||||||||||||||||||||||||||||0|0||8|450|G0444|3.0|2019-07-23T00:00:00|hospital_C|hospital_C_20190722
SYN_BENE_053B8A05A13E|SYN_CLM_BEAEBBAD896B|V|60|22-Jul-2019|22-Jul-2019|26-Jul-2019||3|377673|1|1|1|| |2179.04|0.0| ||37|1306950993| |9999907899| |9999907899|||0|1| |2179.04|22-Jul-2019|1|2|A|10|0.0|435.83|0|4|0.0|0.0|0|0|0|0|0|0|0|0|0|0|0|0|0|||||22-Jul-2019|951.0|0|0||Z733|Z733|Y|Y0704|Y|N1830|Y|R801|N|E1122|N|R809|N|Z653|Y|I4891|Y|I1310|Y|E1121|Y|E11319|Y|D4959|Y|D075|Y|E781|Y|E119|Y|E8881|Y|I10|Y|Z952|Y|I350|Y|R931|Y|I259|Y|E785|Y|E669|Y|G4733|N|G479|Y|||| | | | | | | | | | | | | | | | | | | | | | |GZ3|22-Jul-2019|G4730|22-Jul-2019|Z741|22-Jul-2019|F419|22-Jul-2019|Z9181|22-Jul-2019|Z139|22-Jul-2019|Z1331|22-Jul-2019|Z1331|22-Jul-2019|F1990|23-Jul-2019|F109|23-Jul-2019|||||||||||||||||||||||||||||||0|0||9|450|99408|3.0|2019-07-23T00:00:00|hospital_C|hospital_C_20190722
SYN_BENE_053B8A05A13E|SYN_CLM_BEAEBBAD896B|V|60|22-Jul-2019|22-Jul-2019|26-Jul-2019||3|377673|1|1|1|| |2179.04|0.0| ||37|1306950993| |9999907899| |9999907899|||0|1| |2179.04|22-Jul-2019|1|2|A|10|0.0|435.83|0|4|0.0|0.0|0|0|0|0|0|0|0|0|0|0|0|0|0|||||22-Jul-2019|951.0|0|0||Z733|Z733|Y|Y0704|Y|N1830|Y|R801|N|E1122|N|R809|N|Z653|Y|I4891|Y|I1310|Y|E1121|Y|E11319|Y|D4959|Y|D075|Y|E781|Y|E119|Y|E8881|Y|I10|Y|Z952|Y|I350|Y|R931|Y|I259|Y|E785|Y|E669|Y|G4733|N|G479|Y|||| | | | | | | | | | | | | | | | | | | | | | |GZ3|22-Jul-2019|G4730|22-Jul-2019|Z741|22-Jul-2019|F419|22-Jul-2019|Z9181|22-Jul-2019|Z139|22-Jul-2019|Z1331|22-Jul-2019|Z1331|22-Jul-2019|F1990|23-Jul-2019|F109|23-Jul-2019|||||||||||||||||||||||||||||||0|0||10|450|G0442|3.0|2019-07-23T00:00:00|hospital_C|hospital_C_20190722
SYN_BENE_286EBA4B5B92|SYN_CLM_E312AFBF9919|V|60|22-Jul-2019|22-Jul-2019|26-Jul-2019||3|377673|1|1|1|| |2179.04|0.0| ||37|1306950993| |9999907899| |9999907899|||0|1| |2179.04|22-Jul-2019|1|2|A|10|0.0|435.83|0|4|0.0|0.0|0|0|0|0|0|0|0|0|0|0|0|0|0|||||22-Jul-2019|951.0|0|0||Z733|Z733|Y|Y0704|Y|N1830|Y|R801|N|E1122|N|R809|N|Z653|Y|I4891|Y|I1310|Y|E1121|Y|E11319|Y|D4959|Y|D075|Y|E781|Y|E119|Y|E8881|Y|I10|Y|Z952|Y|I350|Y|R931|Y|I259|Y|E785|Y|E669|Y|G4733|N|G479|Y|||| | | | | | | | | | | | | | | | | | | | | | |GZ3|22-Jul-2019|G4730|22-Jul-2019|Z741|22-Jul-2019|F419|22-Jul-2019|Z9181|22-Jul-2019|Z139|22-Jul-2019|Z1331|22-Jul-2019|Z1331|22-Jul-2019|F1990|23-Jul-2019|F109|23-Jul-2019|||||||||||||||||||||||||||||||0|0||1|450|99495|3.0|2019-07-23T00:00:00|hospital_C|hospital_C_20190722
SYN_BENE_286EBA4B5B92|SYN_CLM_E312AFBF9919|V|60|22-Jul-2019|22-Jul-2019|26-Jul-2019||3|377673|1|1|1|| |2179.04|0.0| ||37|1306950993| |9999907899| |9999907899|||0|1| |2179.04|22-Jul-2019|1|2|A|10|0.0|435.83|0|4|0.0|0.0|0|0|0|0|0|0|0|0|0|0|0|0|0|||||22-Jul-2019|951.0|0|0||Z733|Z733|Y|Y0704|Y|N1830|Y|R801|N|E1122|N|R809|N|Z653|Y|I4891|Y|I1310|Y|E1121|Y|E11319|Y|D4959|Y|D075|Y|E781|Y|E119|Y|E8881|Y|I10|Y|Z952|Y|I350|Y|R931|Y|I259|Y|E785|Y|E669|Y|G4733|N|G479|Y|||| | | | | | | | | | | | | | | | | | | | | | |GZ3|22-Jul-2019|G4730|22-Jul-2019|Z741|22-Jul-2019|F419|22-Jul-2019|Z9181|22-Jul-2019|Z139|22-Jul-2019|Z1331|22-Jul-2019|Z1331|22-Jul-2019|F1990|23-Jul-2019|F109|23-Jul-2019|||||||||||||||||||||||||||||||0|0||2|450|G8839|3.0|2019-07-23T00:00:00|hospital_C|hospital_C_20190722
SYN_BENE_286EBA4B5B92|SYN_CLM_E312AFBF9919|V|60|22-Jul-2019|22-Jul-2019|26-Jul-2019||3|377673|1|1|1|| |2179.04|0.0| ||37|1306950993| |9999907899| |9999907899|||0|1| |2179.04|22-Jul-2019|1|2|A|10|0.0|435.83|0|4|0.0|0.0|0|0|0|0|0|0|0|0|0|0|0|0|0|||||22-Jul-2019|951.0|0|0||Z733|Z733|Y|Y0704|Y|N1830|Y|R801|N|E1122|N|R809|N|Z653|Y|I4891|Y|I1310|Y|E1121|Y|E11319|Y|D4959|Y|D075|Y|E781|Y|E119|Y|E8881|Y|I10|Y|Z952|Y|I350|Y|R931|Y|I259|Y|E785|Y|E669|Y|G4733|N|G479|Y|||| | | | | | | | | | | | | | | | | | | | | | |GZ3|22-Jul-2019|G4730|22-Jul-2019|Z741|22-Jul-2019|F419|22-Jul-2019|Z9181|22-Jul-2019|Z139|22-Jul-2019|Z1331|22-Jul-2019|Z1331|22-Jul-2019|F1990|23-Jul-2019|F109|23-Jul-2019|||||||||||||||||||||||||||||||0|0||3|450|96156|3.0|2019-07-23T00:00:00|hospital_C|hospital_C_20190722
SYN_BENE_286EBA4B5B92|SYN_CLM_E312AFBF9919|V|60|22-Jul-2019|22-Jul-2019|26-Jul-2019||3|377673|1|1|1|| |2179.04|0.0| ||37|1306950993| |9999907899| |9999907899|||0|1| |2179.04|22-Jul-2019|1|2|A|10|0.0|435.83|0|4|0.0|0.0|0|0|0|0|0|0|0|0|0|0|0|0|0|||||22-Jul-2019|951.0|0|0||Z733|Z733|Y|Y0704|Y|N1830|Y|R801|N|E1122|N|R809|N|Z653|Y|I4891|Y|I1310|Y|E1121|Y|E11319|Y|D4959|Y|D075|Y|E781|Y|E119|Y|E8881|Y|I10|Y|Z952|Y|I350|Y|R931|Y|I259|Y|E785|Y|E669|Y|G4733|N|G479|Y|||| | | | | | | | | | | | | | | | | | | | | | |GZ3|22-Jul-2019|G4730|22-Jul-2019|Z741|22-Jul-2019|F419|22-Jul-2019|Z9181|22-Jul-2019|Z139|22-Jul-2019|Z1331|22-Jul-2019|Z1331|22-Jul-2019|F1990|23-Jul-2019|F109|23-Jul-2019|||||||||||||||||||||||||||||||0|0||4|450|96127|3.0|2019-07-23T00:00:00|hospital_C|hospital_C_20190722
SYN_BENE_286EBA4B5B92|SYN_CLM_E312AFBF9919|V|60|22-Jul-2019|22-Jul-2019|26-Jul-2019||3|377673|1|1|1|| |2179.04|0.0| ||37|1306950993| |9999907899| |9999907899|||0|1| |2179.04|22-Jul-2019|1|2|A|10|0.0|435.83|0|4|0.0|0.0|0|0|0|0|0|0|0|0|0|0|0|0|0|||||22-Jul-2019|951.0|0|0||Z733|Z733|Y|Y0704|Y|N1830|Y|R801|N|E1122|N|R809|N|Z653|Y|I4891|Y|I1310|Y|E1121|Y|E11319|Y|D4959|Y|D075|Y|E781|Y|E119|Y|E8881|Y|I10|Y|Z952|Y|I350|Y|R931|Y|I259|Y|E785|Y|E669|Y|G4733|N|G479|Y|||| | | | | | | | | | | | | | | | | | | | | | |GZ3|22-Jul-2019|G4730|22-Jul-2019|Z741|22-Jul-2019|F419|22-Jul-2019|Z9181|22-Jul-2019|Z139|22-Jul-2019|Z1331|22-Jul-2019|Z1331|22-Jul-2019|F1990|23-Jul-2019|F109|23-Jul-2019|||||||||||||||||||||||||||||||0|0||5|450|M1069|3.0|2019-07-23T00:00:00|hospital_C|hospital_C_20190722
SYN_BENE_286EBA4B5B92|SYN_CLM_E312AFBF9919|V|60|22-Jul-2019|22-Jul-2019|26-Jul-2019||3|377673|1|1|1|| |2179.04|0.0| ||37|1306950993| |9999907899| |9999907899|||0|1| |2179.04|22-Jul-2019|1|2|A|10|0.0|435.83|0|4|0.0|0.0|0|0|0|0|0|0|0|0|0|0|0|0|0|||||22-Jul-2019|951.0|0|0||Z733|Z733|Y|Y0704|Y|N1830|Y|R801|N|E1122|N|R809|N|Z653|Y|I4891|Y|I1310|Y|E1121|Y|E11319|Y|D4959|Y|D075|Y|E781|Y|E119|Y|E8881|Y|I10|Y|Z952|Y|I350|Y|R931|Y|I259|Y|E785|Y|E669|Y|G4733|N|G479|Y|||| | | | | | | | | | | | | | | | | | | | | | |GZ3|22-Jul-2019|G4730|22-Jul-2019|Z741|22-Jul-2019|F419|22-Jul-2019|Z9181|22-Jul-2019|Z139|22-Jul-2019|Z1331|22-Jul-2019|Z1331|22-Jul-2019|F1990|23-Jul-2019|F109|23-Jul-2019|||||||||||||||||||||||||||||||0|0||6|450|99401|3.0|2019-07-23T00:00:00|hospital_C|hospital_C_20190722
SYN_BENE_286EBA4B5B92|SYN_CLM_E312AFBF9919|V|60|22-Jul-2019|22-Jul-2019|26-Jul-2019||3|377673|1|1|1|| |2179.04|0.0| ||37|1306950993| |9999907899| |9999907899|||0|1| |2179.04|22-Jul-2019|1|2|A|10|0.0|435.83|0|4|0.0|0.0|0|0|0|0|0|0|0|0|0|0|0|0|0|||||22-Jul-2019|951.0|0|0||Z733|Z733|Y|Y0704|Y|N1830|Y|R801|N|E1122|N|R809|N|Z653|Y|I4891|Y|I1310|Y|E1121|Y|E11319|Y|D4959|Y|D075|Y|E781|Y|E119|Y|E8881|Y|I10|Y|Z952|Y|I350|Y|R931|Y|I259|Y|E785|Y|E669|Y|G4733|N|G479|Y|||| | | | | | | | | | | | | | | | | | | | | | |GZ3|22-Jul-2019|G4730|22-Jul-2019|Z741|22-Jul-2019|F419|22-Jul-2019|Z9181|22-Jul-2019|Z139|22-Jul-2019|Z1331|22-Jul-2019|Z1331|22-Jul-2019|F1990|23-Jul-2019|F109|23-Jul-2019|||||||||||||||||||||||||||||||0|0||7|450|G0444|3.0|2019-07-23T00:00:00|hospital_C|hospital_C_20190722
SYN_BENE_286EBA4B5B92|SYN_CLM_E312AFBF9919|V|60|22-Jul-2019|22-Jul-2019|26-Jul-2019||3|377673|1|1|1|| |2179.04|0.0| ||37|1306950993| |9999907899| |9999907899|||0|1| |2179.04|22-Jul-2019|1|2|A|10|0.0|435.83|0|4|0.0|0.0|0|0|0|0|0|0|0|0|0|0|0|0|0|||||22-Jul-2019|951.0|0|0||Z733|Z733|Y|Y0704|Y|N1830|Y|R801|N|E1122|N|R809|N|Z653|Y|I4891|Y|I1310|Y|E1121|Y|E11319|Y|D4959|Y|D075|Y|E781|Y|E119|Y|E8881|Y|I10|Y|Z952|Y|I350|Y|R931|Y|I259|Y|E785|Y|E669|Y|G4733|N|G479|Y|||| | | | | | | | | | | | | | | | | | | | | | |GZ3|22-Jul-2019|G4730|22-Jul-2019|Z741|22-Jul-2019|F419|22-Jul-2019|Z9181|22-Jul-2019|Z139|22-Jul-2019|Z1331|22-Jul-2019|Z1331|22-Jul-2019|F1990|23-Jul-2019|F109|23-Jul-2019|||||||||||||||||||||||||||||||0|0||8|450|G0444|3.0|2019-07-23T00:00:00|hospital_C|hospital_C_20190722
SYN_BENE_286EBA4B5B92|SYN_CLM_E312AFBF9919|V|60|22-Jul-2019|22-Jul-2019|26-Jul-2019||3|377673|1|1|1|| |2179.04|0.0| ||37|1306950993| |9999907899| |9999907899|||0|1| |2179.04|22-Jul-2019|1|2|A|10|0.0|435.83|0|4|0.0|0.0|0|0|0|0|0|0|0|0|0|0|0|0|0|||||22-Jul-2019|951.0|0|0||Z733|Z733|Y|Y0704|Y|N1830|Y|R801|N|E1122|N|R809|N|Z653|Y|I4891|Y|I1310|Y|E1121|Y|E11319|Y|D4959|Y|D075|Y|E781|Y|E119|Y|E8881|Y|I10|Y|Z952|Y|I350|Y|R931|Y|I259|Y|E785|Y|E669|Y|G4733|N|G479|Y|||| | | | | | | | | | | | | | | | | | | | | | |GZ3|22-Jul-2019|G4730|22-Jul-2019|Z741|22-Jul-2019|F419|22-Jul-2019|Z9181|22-Jul-2019|Z139|22-Jul-2019|Z1331|22-Jul-2019|Z1331|22-Jul-2019|F1990|23-Jul-2019|F109|23-Jul-2019|||||||||||||||||||||||||||||||0|0||9|450|99408|3.0|2019-07-23T00:00:00|hospital_C|hospital_C_20190722
SYN_BENE_286EBA4B5B92|SYN_CLM_E312AFBF9919|V|60|22-Jul-2019|22-Jul-2019|26-Jul-2019||3|377673|1|1|1|| |2179.04|0.0| ||37|1306950993| |9999907899| |9999907899|||0|1| |2179.04|22-Jul-2019|1|2|A|10|0.0|435.83|0|4|0.0|0.0|0|0|0|0|0|0|0|0|0|0|0|0|0|||||22-Jul-2019|951.0|0|0||Z733|Z733|Y|Y0704|Y|N1830|Y|R801|N|E1122|N|R809|N|Z653|Y|I4891|Y|I1310|Y|E1121|Y|E11319|Y|D4959|Y|D075|Y|E781|Y|E119|Y|E8881|Y|I10|Y|Z952|Y|I350|Y|R931|Y|I259|Y|E785|Y|E669|Y|G4733|N|G479|Y|||| | | | | | | | | | | | | | | | | | | | | | |GZ3|22-Jul-2019|G4730|22-Jul-2019|Z741|22-Jul-2019|F419|22-Jul-2019|Z9181|22-Jul-2019|Z139|22-Jul-2019|Z1331|22-Jul-2019|Z1331|22-Jul-2019|F1990|23-Jul-2019|F109|23-Jul-2019|||||||||||||||||||||||||||||||0|0||10|450|G0442|3.0|2019-07-23T00:00:00|hospital_C|hospital_C_20190722
SYN_BENE_F52DCB63B916|SYN_CLM_720C25CA72C1|V|60|22-Jul-2019|22-Jul-2019|26-Jul-2019||3|377673|1|1|1|| |2179.04|0.0| ||37|1306950993| |9999907899| |9999907899|||0|1| |2179.04|22-Jul-2019|1|2|A|10|0.0|435.83|0|4|0.0|0.0|0|0|0|0|0|0|0|0|0|0|0|0|0|||||22-Jul-2019|951.0|0|0||Z733|Z733|Y|Y0704|Y|N1830|Y|R801|N|E1122|N|R809|N|Z653|Y|I4891|Y|I1310|Y|E1121|Y|E11319|Y|D4959|Y|D075|Y|E781|Y|E119|Y|E8881|Y|I10|Y|Z952|Y|I350|Y|R931|Y|I259|Y|E785|Y|E669|Y|G4733|N|G479|Y|||| | | | | | | | | | | | | | | | | | | | | | |GZ3|22-Jul-2019|G4730|22-Jul-2019|Z741|22-Jul-2019|F419|22-Jul-2019|Z9181|22-Jul-2019|Z139|22-Jul-2019|Z1331|22-Jul-2019|Z1331|22-Jul-2019|F1990|23-Jul-2019|F109|23-Jul-2019|||||||||||||||||||||||||||||||0|0||1|450|99495|3.0|2019-07-23T00:00:00|hospital_C|hospital_C_20190722
SYN_BENE_F52DCB63B916|SYN_CLM_720C25CA72C1|V|60|22-Jul-2019|22-Jul-2019|26-Jul-2019||3|377673|1|1|1|| |2179.04|0.0| ||37|1306950993| |9999907899| |9999907899|||0|1| |2179.04|22-Jul-2019|1|2|A|10|0.0|435.83|0|4|0.0|0.0|0|0|0|0|0|0|0|0|0|0|0|0|0|||||22-Jul-2019|951.0|0|0||Z733|Z733|Y|Y0704|Y|N1830|Y|R801|N|E1122|N|R809|N|Z653|Y|I4891|Y|I1310|Y|E1121|Y|E11319|Y|D4959|Y|D075|Y|E781|Y|E119|Y|E8881|Y|I10|Y|Z952|Y|I350|Y|R931|Y|I259|Y|E785|Y|E669|Y|G4733|N|G479|Y|||| | | | | | | | | | | | | | | | | | | | | | |GZ3|22-Jul-2019|G4730|22-Jul-2019|Z741|22-Jul-2019|F419|22-Jul-2019|Z9181|22-Jul-2019|Z139|22-Jul-2019|Z1331|22-Jul-2019|Z1331|22-Jul-2019|F1990|23-Jul-2019|F109|23-Jul-2019|||||||||||||||||||||||||||||||0|0||2|450|G8839|3.0|2019-07-23T00:00:00|hospital_C|hospital_C_20190722
SYN_BENE_F52DCB63B916|SYN_CLM_720C25CA72C1|V|60|22-Jul-2019|22-Jul-2019|26-Jul-2019||3|377673|1|1|1|| |2179.04|0.0| ||37|1306950993| |9999907899| |9999907899|||0|1| |2179.04|22-Jul-2019|1|2|A|10|0.0|435.83|0|4|0.0|0.0|0|0|0|0|0|0|0|0|0|0|0|0|0|||||22-Jul-2019|951.0|0|0||Z733|Z733|Y|Y0704|Y|N1830|Y|R801|N|E1122|N|R809|N|Z653|Y|I4891|Y|I1310|Y|E1121|Y|E11319|Y|D4959|Y|D075|Y|E781|Y|E119|Y|E8881|Y|I10|Y|Z952|Y|I350|Y|R931|Y|I259|Y|E785|Y|E669|Y|G4733|N|G479|Y|||| | | | | | | | | | | | | | | | | | | | | | |GZ3|22-Jul-2019|G4730|22-Jul-2019|Z741|22-Jul-2019|F419|22-Jul-2019|Z9181|22-Jul-2019|Z139|22-Jul-2019|Z1331|22-Jul-2019|Z1331|22-Jul-2019|F1990|23-Jul-2019|F109|23-Jul-2019|||||||||||||||||||||||||||||||0|0||3|450|96156|3.0|2019-07-23T00:00:00|hospital_C|hospital_C_20190722
SYN_BENE_F52DCB63B916|SYN_CLM_720C25CA72C1|V|60|22-Jul-2019|22-Jul-2019|26-Jul-2019||3|377673|1|1|1|| |2179.04|0.0| ||37|1306950993| |9999907899| |9999907899|||0|1| |2179.04|22-Jul-2019|1|2|A|10|0.0|435.83|0|4|0.0|0.0|0|0|0|0|0|0|0|0|0|0|0|0|0|||||22-Jul-2019|951.0|0|0||Z733|Z733|Y|Y0704|Y|N1830|Y|R801|N|E1122|N|R809|N|Z653|Y|I4891|Y|I1310|Y|E1121|Y|E11319|Y|D4959|Y|D075|Y|E781|Y|E119|Y|E8881|Y|I10|Y|Z952|Y|I350|Y|R931|Y|I259|Y|E785|Y|E669|Y|G4733|N|G479|Y|||| | | | | | | | | | | | | | | | | | | | | | |GZ3|22-Jul-2019|G4730|22-Jul-2019|Z741|22-Jul-2019|F419|22-Jul-2019|Z9181|22-Jul-2019|Z139|22-Jul-2019|Z1331|22-Jul-2019|Z1331|22-Jul-2019|F1990|23-Jul-2019|F109|23-Jul-2019|||||||||||||||||||||||||||||||0|0||4|450|96127|3.0|2019-07-23T00:00:00|hospital_C|hospital_C_20190722
SYN_BENE_F52DCB63B916|SYN_CLM_720C25CA72C1|V|60|22-Jul-2019|22-Jul-2019|26-Jul-2019||3|377673|1|1|1|| |2179.04|0.0| ||37|1306950993| |9999907899| |9999907899|||0|1| |2179.04|22-Jul-2019|1|2|A|10|0.0|435.83|0|4|0.0|0.0|0|0|0|0|0|0|0|0|0|0|0|0|0|||||22-Jul-2019|951.0|0|0||Z733|Z733|Y|Y0704|Y|N1830|Y|R801|N|E1122|N|R809|N|Z653|Y|I4891|Y|I1310|Y|E1121|Y|E11319|Y|D4959|Y|D075|Y|E781|Y|E119|Y|E8881|Y|I10|Y|Z952|Y|I350|Y|R931|Y|I259|Y|E785|Y|E669|Y|G4733|N|G479|Y|||| | | | | | | | | | | | | | | | | | | | | | |GZ3|22-Jul-2019|G4730|22-Jul-2019|Z741|22-Jul-2019|F419|22-Jul-2019|Z9181|22-Jul-2019|Z139|22-Jul-2019|Z1331|22-Jul-2019|Z1331|22-Jul-2019|F1990|23-Jul-2019|F109|23-Jul-2019|||||||||||||||||||||||||||||||0|0||5|450|M1069|3.0|2019-07-23T00:00:00|hospital_C|hospital_C_20190722
SYN_BENE_F52DCB63B916|SYN_CLM_720C25CA72C1|V|60|22-Jul-2019|22-Jul-2019|26-Jul-2019||3|377673|1|1|1|| |2179.04|0.0| ||37|1306950993| |9999907899| |9999907899|||0|1| |2179.04|22-Jul-2019|1|2|A|10|0.0|435.83|0|4|0.0|0.0|0|0|0|0|0|0|0|0|0|0|0|0|0|||||22-Jul-2019|951.0|0|0||Z733|Z733|Y|Y0704|Y|N1830|Y|R801|N|E1122|N|R809|N|Z653|Y|I4891|Y|I1310|Y|E1121|Y|E11319|Y|D4959|Y|D075|Y|E781|Y|E119|Y|E8881|Y|I10|Y|Z952|Y|I350|Y|R931|Y|I259|Y|E785|Y|E669|Y|G4733|N|G479|Y|||| | | | | | | | | | | | | | | | | | | | | | |GZ3|22-Jul-2019|G4730|22-Jul-2019|Z741|22-Jul-2019|F419|22-Jul-2019|Z9181|22-Jul-2019|Z139|22-Jul-2019|Z1331|22-Jul-2019|Z1331|22-Jul-2019|F1990|23-Jul-2019|F109|23-Jul-2019|||||||||||||||||||||||||||||||0|0||6|450|99401|3.0|2019-07-23T00:00:00|hospital_C|hospital_C_20190722
SYN_BENE_F52DCB63B916|SYN_CLM_720C25CA72C1|V|60|22-Jul-2019|22-Jul-2019|26-Jul-2019||3|377673|1|1|1|| |2179.04|0.0| ||37|1306950993| |9999907899| |9999907899|||0|1| |2179.04|22-Jul-2019|1|2|A|10|0.0|435.83|0|4|0.0|0.0|0|0|0|0|0|0|0|0|0|0|0|0|0|||||22-Jul-2019|951.0|0|0||Z733|Z733|Y|Y0704|Y|N1830|Y|R801|N|E1122|N|R809|N|Z653|Y|I4891|Y|I1310|Y|E1121|Y|E11319|Y|D4959|Y|D075|Y|E781|Y|E119|Y|E8881|Y|I10|Y|Z952|Y|I350|Y|R931|Y|I259|Y|E785|Y|E669|Y|G4733|N|G479|Y|||| | | | | | | | | | | | | | | | | | | | | | |GZ3|22-Jul-2019|G4730|22-Jul-2019|Z741|22-Jul-2019|F419|22-Jul-2019|Z9181|22-Jul-2019|Z139|22-Jul-2019|Z1331|22-Jul-2019|Z1331|22-Jul-2019|F1990|23-Jul-2019|F109|23-Jul-2019|||||||||||||||||||||||||||||||0|0||7|450|G0444|3.0|2019-07-23T00:00:00|hospital_C|hospital_C_20190722
SYN_BENE_F52DCB63B916|SYN_CLM_720C25CA72C1|V|60|22-Jul-2019|22-Jul-2019|26-Jul-2019||3|377673|1|1|1|| |2179.04|0.0| ||37|1306950993| |9999907899| |9999907899|||0|1| |2179.04|22-Jul-2019|1|2|A|10|0.0|435.83|0|4|0.0|0.0|0|0|0|0|0|0|0|0|0|0|0|0|0|||||22-Jul-2019|951.0|0|0||Z733|Z733|Y|Y0704|Y|N1830|Y|R801|N|E1122|N|R809|N|Z653|Y|I4891|Y|I1310|Y|E1121|Y|E11319|Y|D4959|Y|D075|Y|E781|Y|E119|Y|E8881|Y|I10|Y|Z952|Y|I350|Y|R931|Y|I259|Y|E785|Y|E669|Y|G4733|N|G479|Y|||| | | | | | | | | | | | | | | | | | | | | | |GZ3|22-Jul-2019|G4730|22-Jul-2019|Z741|22-Jul-2019|F419|22-Jul-2019|Z9181|22-Jul-2019|Z139|22-Jul-2019|Z1331|22-Jul-2019|Z1331|22-Jul-2019|F1990|23-Jul-2019|F109|23-Jul-2019|||||||||||||||||||||||||||||||0|0||8|450|G0444|3.0|2019-07-23T00:00:00|hospital_C|hospital_C_20190722
SYN_BENE_F52DCB63B916|SYN_CLM_720C25CA72C1|V|60|22-Jul-2019|22-Jul-2019|26-Jul-2019||3|377673|1|1|1|| |2179.04|0.0| ||37|1306950993| |9999907899| |9999907899|||0|1| |2179.04|22-Jul-2019|1|2|A|10|0.0|435.83|0|4|0.0|0.0|0|0|0|0|0|0|0|0|0|0|0|0|0|||||22-Jul-2019|951.0|0|0||Z733|Z733|Y|Y0704|Y|N1830|Y|R801|N|E1122|N|R809|N|Z653|Y|I4891|Y|I1310|Y|E1121|Y|E11319|Y|D4959|Y|D075|Y|E781|Y|E119|Y|E8881|Y|I10|Y|Z952|Y|I350|Y|R931|Y|I259|Y|E785|Y|E669|Y|G4733|N|G479|Y|||| | | | | | | | | | | | | | | | | | | | | | |GZ3|22-Jul-2019|G4730|22-Jul-2019|Z741|22-Jul-2019|F419|22-Jul-2019|Z9181|22-Jul-2019|Z139|22-Jul-2019|Z1331|22-Jul-2019|Z1331|22-Jul-2019|F1990|23-Jul-2019|F109|23-Jul-2019|||||||||||||||||||||||||||||||0|0||9|450|99408|3.0|2019-07-23T00:00:00|hospital_C|hospital_C_20190722
SYN_BENE_F52DCB63B916|SYN_CLM_720C25CA72C1|V|60|22-Jul-2019|22-Jul-2019|26-Jul-2019||3|377673|1|1|1|| |2179.04|0.0| ||37|1306950993| |9999907899| |9999907899|||0|1| |2179.04|22-Jul-2019|1|2|A|10|0.0|435.83|0|4|0.0|0.0|0|0|0|0|0|0|0|0|0|0|0|0|0|||||22-Jul-2019|951.0|0|0||Z733|Z733|Y|Y0704|Y|N1830|Y|R801|N|E1122|N|R809|N|Z653|Y|I4891|Y|I1310|Y|E1121|Y|E11319|Y|D4959|Y|D075|Y|E781|Y|E119|Y|E8881|Y|I10|Y|Z952|Y|I350|Y|R931|Y|I259|Y|E785|Y|E669|Y|G4733|N|G479|Y|||| | | | | | | | | | | | | | | | | | | | | | |GZ3|22-Jul-2019|G4730|22-Jul-2019|Z741|22-Jul-2019|F419|22-Jul-2019|Z9181|22-Jul-2019|Z139|22-Jul-2019|Z1331|22-Jul-2019|Z1331|22-Jul-2019|F1990|23-Jul-2019|F109|23-Jul-2019|||||||||||||||||||||||||||||||0|0||10|450|G0442|3.0|2019-07-23T00:00:00|hospital_C|hospital_C_20190722
SYN_BENE_ACD537B15655|SYN_CLM_83D170FECA5D|V|60|22-Jul-2019|22-Jul-2019|26-Jul-2019||3|377673|1|1|1|| |2179.04|0.0| ||37|1306950993| |9999907899| |9999907899|||0|1| |2179.04|22-Jul-2019|1|2|A|10|0.0|435.83|0|4|0.0|0.0|0|0|0|0|0|0|0|0|0|0|0|0|0|||||22-Jul-2019|951.0|0|0||Z733|Z733|Y|Y0704|Y|N1830|Y|R801|N|E1122|N|R809|N|Z653|Y|I4891|Y|I1310|Y|E1121|Y|E11319|Y|D4959|Y|D075|Y|E781|Y|E119|Y|E8881|Y|I10|Y|Z952|Y|I350|Y|R931|Y|I259|Y|E785|Y|E669|Y|G4733|N|G479|Y|||| | | | | | | | | | | | | | | | | | | | | | |GZ3|22-Jul-2019|G4730|22-Jul-2019|Z741|22-Jul-2019|F419|22-Jul-2019|Z9181|22-Jul-2019|Z139|22-Jul-2019|Z1331|22-Jul-2019|Z1331|22-Jul-2019|F1990|23-Jul-2019|F109|23-Jul-2019|||||||||||||||||||||||||||||||0|0||1|450|99495|3.0|2019-07-23T00:00:00|hospital_C|hospital_C_20190722
SYN_BENE_ACD537B15655|SYN_CLM_83D170FECA5D|V|60|22-Jul-2019|22-Jul-2019|26-Jul-2019||3|377673|1|1|1|| |2179.04|0.0| ||37|1306950993| |9999907899| |9999907899|||0|1| |2179.04|22-Jul-2019|1|2|A|10|0.0|435.83|0|4|0.0|0.0|0|0|0|0|0|0|0|0|0|0|0|0|0|||||22-Jul-2019|951.0|0|0||Z733|Z733|Y|Y0704|Y|N1830|Y|R801|N|E1122|N|R809|N|Z653|Y|I4891|Y|I1310|Y|E1121|Y|E11319|Y|D4959|Y|D075|Y|E781|Y|E119|Y|E8881|Y|I10|Y|Z952|Y|I350|Y|R931|Y|I259|Y|E785|Y|E669|Y|G4733|N|G479|Y|||| | | | | | | | | | | | | | | | | | | | | | |GZ3|22-Jul-2019|G4730|22-Jul-2019|Z741|22-Jul-2019|F419|22-Jul-2019|Z9181|22-Jul-2019|Z139|22-Jul-2019|Z1331|22-Jul-2019|Z1331|22-Jul-2019|F1990|23-Jul-2019|F109|23-Jul-2019|||||||||||||||||||||||||||||||0|0||2|450|G8839|3.0|2019-07-23T00:00:00|hospital_C|hospital_C_20190722
SYN_BENE_ACD537B15655|SYN_CLM_83D170FECA5D|V|60|22-Jul-2019|22-Jul-2019|26-Jul-2019||3|377673|1|1|1|| |2179.04|0.0| ||37|1306950993| |9999907899| |9999907899|||0|1| |2179.04|22-Jul-2019|1|2|A|10|0.0|435.83|0|4|0.0|0.0|0|0|0|0|0|0|0|0|0|0|0|0|0|||||22-Jul-2019|951.0|0|0||Z733|Z733|Y|Y0704|Y|N1830|Y|R801|N|E1122|N|R809|N|Z653|Y|I4891|Y|I1310|Y|E1121|Y|E11319|Y|D4959|Y|D075|Y|E781|Y|E119|Y|E8881|Y|I10|Y|Z952|Y|I350|Y|R931|Y|I259|Y|E785|Y|E669|Y|G4733|N|G479|Y|||| | | | | | | | | | | | | | | | | | | | | | |GZ3|22-Jul-2019|G4730|22-Jul-2019|Z741|22-Jul-2019|F419|22-Jul-2019|Z9181|22-Jul-2019|Z139|22-Jul-2019|Z1331|22-Jul-2019|Z1331|22-Jul-2019|F1990|23-Jul-2019|F109|23-Jul-2019|||||||||||||||||||||||||||||||0|0||3|450|96156|3.0|2019-07-23T00:00:00|hospital_C|hospital_C_20190722
SYN_BENE_ACD537B15655|SYN_CLM_83D170FECA5D|V|60|22-Jul-2019|22-Jul-2019|26-Jul-2019||3|377673|1|1|1|| |2179.04|0.0| ||37|1306950993| |9999907899| |9999907899|||0|1| |2179.04|22-Jul-2019|1|2|A|10|0.0|435.83|0|4|0.0|0.0|0|0|0|0|0|0|0|0|0|0|0|0|0|||||22-Jul-2019|951.0|0|0||Z733|Z733|Y|Y0704|Y|N1830|Y|R801|N|E1122|N|R809|N|Z653|Y|I4891|Y|I1310|Y|E1121|Y|E11319|Y|D4959|Y|D075|Y|E781|Y|E119|Y|E8881|Y|I10|Y|Z952|Y|I350|Y|R931|Y|I259|Y|E785|Y|E669|Y|G4733|N|G479|Y|||| | | | | | | | | | | | | | | | | | | | | | |GZ3|22-Jul-2019|G4730|22-Jul-2019|Z741|22-Jul-2019|F419|22-Jul-2019|Z9181|22-Jul-2019|Z139|22-Jul-2019|Z1331|22-Jul-2019|Z1331|22-Jul-2019|F1990|23-Jul-2019|F109|23-Jul-2019|||||||||||||||||||||||||||||||0|0||4|450|96127|3.0|2019-07-23T00:00:00|hospital_C|hospital_C_20190722
SYN_BENE_ACD537B15655|SYN_CLM_83D170FECA5D|V|60|22-Jul-2019|22-Jul-2019|26-Jul-2019||3|377673|1|1|1|| |2179.04|0.0| ||37|1306950993| |9999907899| |9999907899|||0|1| |2179.04|22-Jul-2019|1|2|A|10|0.0|435.83|0|4|0.0|0.0|0|0|0|0|0|0|0|0|0|0|0|0|0|||||22-Jul-2019|951.0|0|0||Z733|Z733|Y|Y0704|Y|N1830|Y|R801|N|E1122|N|R809|N|Z653|Y|I4891|Y|I1310|Y|E1121|Y|E11319|Y|D4959|Y|D075|Y|E781|Y|E119|Y|E8881|Y|I10|Y|Z952|Y|I350|Y|R931|Y|I259|Y|E785|Y|E669|Y|G4733|N|G479|Y|||| | | | | | | | | | | | | | | | | | | | | | |GZ3|22-Jul-2019|G4730|22-Jul-2019|Z741|22-Jul-2019|F419|22-Jul-2019|Z9181|22-Jul-2019|Z139|22-Jul-2019|Z1331|22-Jul-2019|Z1331|22-Jul-2019|F1990|23-Jul-2019|F109|23-Jul-2019|||||||||||||||||||||||||||||||0|0||5|450|M1069|3.0|2019-07-23T00:00:00|hospital_C|hospital_C_20190722
SYN_BENE_ACD537B15655|SYN_CLM_83D170FECA5D|V|60|22-Jul-2019|22-Jul-2019|26-Jul-2019||3|377673|1|1|1|| |2179.04|0.0| ||37|1306950993| |9999907899| |9999907899|||0|1| |2179.04|22-Jul-2019|1|2|A|10|0.0|435.83|0|4|0.0|0.0|0|0|0|0|0|0|0|0|0|0|0|0|0|||||22-Jul-2019|951.0|0|0||Z733|Z733|Y|Y0704|Y|N1830|Y|R801|N|E1122|N|R809|N|Z653|Y|I4891|Y|I1310|Y|E1121|Y|E11319|Y|D4959|Y|D075|Y|E781|Y|E119|Y|E8881|Y|I10|Y|Z952|Y|I350|Y|R931|Y|I259|Y|E785|Y|E669|Y|G4733|N|G479|Y|||| | | | | | | | | | | | | | | | | | | | | | |GZ3|22-Jul-2019|G4730|22-Jul-2019|Z741|22-Jul-2019|F419|22-Jul-2019|Z9181|22-Jul-2019|Z139|22-Jul-2019|Z1331|22-Jul-2019|Z1331|22-Jul-2019|F1990|23-Jul-2019|F109|23-Jul-2019|||||||||||||||||||||||||||||||0|0||6|450|99401|3.0|2019-07-23T00:00:00|hospital_C|hospital_C_20190722
SYN_BENE_ACD537B15655|SYN_CLM_83D170FECA5D|V|60|22-Jul-2019|22-Jul-2019|26-Jul-2019||3|377673|1|1|1|| |2179.04|0.0| ||37|1306950993| |9999907899| |9999907899|||0|1| |2179.04|22-Jul-2019|1|2|A|10|0.0|435.83|0|4|0.0|0.0|0|0|0|0|0|0|0|0|0|0|0|0|0|||||22-Jul-2019|951.0|0|0||Z733|Z733|Y|Y0704|Y|N1830|Y|R801|N|E1122|N|R809|N|Z653|Y|I4891|Y|I1310|Y|E1121|Y|E11319|Y|D4959|Y|D075|Y|E781|Y|E119|Y|E8881|Y|I10|Y|Z952|Y|I350|Y|R931|Y|I259|Y|E785|Y|E669|Y|G4733|N|G479|Y|||| | | | | | | | | | | | | | | | | | | | | | |GZ3|22-Jul-2019|G4730|22-Jul-2019|Z741|22-Jul-2019|F419|22-Jul-2019|Z9181|22-Jul-2019|Z139|22-Jul-2019|Z1331|22-Jul-2019|Z1331|22-Jul-2019|F1990|23-Jul-2019|F109|23-Jul-2019|||||||||||||||||||||||||||||||0|0||7|450|G0444|3.0|2019-07-23T00:00:00|hospital_C|hospital_C_20190722
SYN_BENE_ACD537B15655|SYN_CLM_83D170FECA5D|V|60|22-Jul-2019|22-Jul-2019|26-Jul-2019||3|377673|1|1|1|| |2179.04|0.0| ||37|1306950993| |9999907899| |9999907899|||0|1| |2179.04|22-Jul-2019|1|2|A|10|0.0|435.83|0|4|0.0|0.0|0|0|0|0|0|0|0|0|0|0|0|0|0|||||22-Jul-2019|951.0|0|0||Z733|Z733|Y|Y0704|Y|N1830|Y|R801|N|E1122|N|R809|N|Z653|Y|I4891|Y|I1310|Y|E1121|Y|E11319|Y|D4959|Y|D075|Y|E781|Y|E119|Y|E8881|Y|I10|Y|Z952|Y|I350|Y|R931|Y|I259|Y|E785|Y|E669|Y|G4733|N|G479|Y|||| | | | | | | | | | | | | | | | | | | | | | |GZ3|22-Jul-2019|G4730|22-Jul-2019|Z741|22-Jul-2019|F419|22-Jul-2019|Z9181|22-Jul-2019|Z139|22-Jul-2019|Z1331|22-Jul-2019|Z1331|22-Jul-2019|F1990|23-Jul-2019|F109|23-Jul-2019|||||||||||||||||||||||||||||||0|0||8|450|G0444|3.0|2019-07-23T00:00:00|hospital_C|hospital_C_20190722
SYN_BENE_ACD537B15655|SYN_CLM_83D170FECA5D|V|60|22-Jul-2019|22-Jul-2019|26-Jul-2019||3|377673|1|1|1|| |2179.04|0.0| ||37|1306950993| |9999907899| |9999907899|||0|1| |2179.04|22-Jul-2019|1|2|A|10|0.0|435.83|0|4|0.0|0.0|0|0|0|0|0|0|0|0|0|0|0|0|0|||||22-Jul-2019|951.0|0|0||Z733|Z733|Y|Y0704|Y|N1830|Y|R801|N|E1122|N|R809|N|Z653|Y|I4891|Y|I1310|Y|E1121|Y|E11319|Y|D4959|Y|D075|Y|E781|Y|E119|Y|E8881|Y|I10|Y|Z952|Y|I350|Y|R931|Y|I259|Y|E785|Y|E669|Y|G4733|N|G479|Y|||| | | | | | | | | | | | | | | | | | | | | | |GZ3|22-Jul-2019|G4730|22-Jul-2019|Z741|22-Jul-2019|F419|22-Jul-2019|Z9181|22-Jul-2019|Z139|22-Jul-2019|Z1331|22-Jul-2019|Z1331|22-Jul-2019|F1990|23-Jul-2019|F109|23-Jul-2019|||||||||||||||||||||||||||||||0|0||9|450|99408|3.0|2019-07-23T00:00:00|hospital_C|hospital_C_20190722
SYN_BENE_ACD537B15655|SYN_CLM_83D170FECA5D|V|60|22-Jul-2019|22-Jul-2019|26-Jul-2019||3|377673|1|1|1|| |2179.04|0.0| ||37|1306950993| |9999907899| |9999907899|||0|1| |2179.04|22-Jul-2019|1|2|A|10|0.0|435.83|0|4|0.0|0.0|0|0|0|0|0|0|0|0|0|0|0|0|0|||||22-Jul-2019|951.0|0|0||Z733|Z733|Y|Y0704|Y|N1830|Y|R801|N|E1122|N|R809|N|Z653|Y|I4891|Y|I1310|Y|E1121|Y|E11319|Y|D4959|Y|D075|Y|E781|Y|E119|Y|E8881|Y|I10|Y|Z952|Y|I350|Y|R931|Y|I259|Y|E785|Y|E669|Y|G4733|N|G479|Y|||| | | | | | | | | | | | | | | | | | | | | | |GZ3|22-Jul-2019|G4730|22-Jul-2019|Z741|22-Jul-2019|F419|22-Jul-2019|Z9181|22-Jul-2019|Z139|22-Jul-2019|Z1331|22-Jul-2019|Z1331|22-Jul-2019|F1990|23-Jul-2019|F109|23-Jul-2019|||||||||||||||||||||||||||||||0|0||10|450|G0442|3.0|2019-07-23T00:00:00|hospital_C|hospital_C_20190722
