BENE_ID|CLM_ID|NCH_NEAR_LINE_REC_IDENT_CD|NCH_CLM_TYPE_CD|CLM_FROM_DT|CLM_THRU_DT|NCH_WKLY_PROC_DT|FI_CLM_PROC_DT|CLAIM_QUERY_CODE|PRVDR_NUM|CLM_FAC_TYPE_CD|CLM_SRVC_CLSFCTN_TYPE_CD|CLM_FREQ_CD|FI_NUM|CLM_MDCR_NON_PMT_RSN_CD|CLM_PMT_AMT|NCH_PRMRY_PYR_CLM_PD_AMT|NCH_PRMRY_PYR_CD|FI_CLM_ACTN_CD|PRVDR_STATE_CD|ORG_NPI_NUM|AT_PHYSN_UPIN|AT_PHYSN_NPI|OP_PHYSN_UPIN|OP_PHYSN_NPI|OT_PHYSN_UPIN|OT_PHYSN_NPI|CLM_MCO_PD_SW|PTNT_DSCHRG_STUS_CD|CLM_PPS_IND_CD|CLM_TOT_CHRG_AMT|CLM_ADMSN_DT|CLM_IP_ADMSN_TYPE_CD|CLM_SRC_IP_ADMSN_CD|NCH_PTNT_STATUS_IND_CD|CLM_PASS_THRU_PER_DIEM_AMT|NCH_BENE_IP_DDCTBL_AMT|NCH_BENE_PTA_COINSRNC_LBLTY_AM|NCH_BENE_BLOOD_DDCTBL_LBLTY_AM|NCH_PROFNL_CMPNT_CHRG_AMT|NCH_IP_NCVRD_CHRG_AMT|NCH_IP_TOT_DDCTN_AMT|CLM_TOT_PPS_CPTL_AMT|CLM_PPS_CPTL_FSP_AMT|CLM_PPS_CPTL_OUTLIER_AMT|CLM_PPS_CPTL_DSPRPRTNT_SHR_AMT|CLM_PPS_CPTL_IME_AMT|CLM_PPS_CPTL_EXCPTN_AMT|CLM_PPS_OLD_CPTL_HLD_HRMLS_AMT|CLM_PPS_CPTL_DRG_WT_NUM|CLM_UTLZTN_DAY_CNT|BENE_TOT_COINSRNC_DAYS_CNT|BENE_LRD_USED_CNT|CLM_NON_UTLZTN_DAYS_CNT|NCH_BLOOD_PNTS_FRNSHD_QTY|NCH_VRFD_NCVRD_STAY_FROM_DT|NCH_VRFD_NCVRD_STAY_THRU_DT|NCH_ACTV_OR_CVRD_LVL_CARE_THRU|NCH_BENE_MDCR_BNFTS_EXHTD_DT_I|NCH_BENE_DSCHRG_DT|CLM_DRG_CD|CLM_DRG_OUTLIER_STAY_CD|NCH_DRG_OUTLIER_APRVD_PMT_AMT|ADMTG_DGNS_CD|PRNCPAL_DGNS_CD|ICD_DGNS_CD1|CLM_POA_IND_SW1|ICD_DGNS_CD2|CLM_POA_IND_SW2|ICD_DGNS_CD3|CLM_POA_IND_SW3|ICD_DGNS_CD4|CLM_POA_IND_SW4|ICD_DGNS_CD5|CLM_POA_IND_SW5|ICD_DGNS_CD6|CLM_POA_IND_SW6|ICD_DGNS_CD7|CLM_POA_IND_SW7|ICD_DGNS_CD8|CLM_POA_IND_SW8|ICD_DGNS_CD9|CLM_POA_IND_SW9|ICD_DGNS_CD10|CLM_POA_IND_SW10|ICD_DGNS_CD11|CLM_POA_IND_SW11|ICD_DGNS_CD12|CLM_POA_IND_SW12|ICD_DGNS_CD13|CLM_POA_IND_SW13|ICD_DGNS_CD14|CLM_POA_IND_SW14|ICD_DGNS_CD15|CLM_POA_IND_SW15|ICD_DGNS_CD16|CLM_POA_IND_SW16|ICD_DGNS_CD17|CLM_POA_IND_SW17|ICD_DGNS_CD18|CLM_POA_IND_SW18|ICD_DGNS_CD19|CLM_POA_IND_SW19|ICD_DGNS_CD20|CLM_POA_IND_SW20|ICD_DGNS_CD21|CLM_POA_IND_SW21|ICD_DGNS_CD22|CLM_POA_IND_SW22|ICD_DGNS_CD23|CLM_POA_IND_SW23|ICD_DGNS_CD24|CLM_POA_IND_SW24|ICD_DGNS_CD25|CLM_POA_IND_SW25|FST_DGNS_E_CD|ICD_DGNS_E_CD1|CLM_E_POA_IND_SW1|ICD_DGNS_E_CD2|CLM_E_POA_IND_SW2|ICD_DGNS_E_CD3|CLM_E_POA_IND_SW3|ICD_DGNS_E_CD4|CLM_E_POA_IND_SW4|ICD_DGNS_E_CD5|CLM_E_POA_IND_SW5|ICD_DGNS_E_CD6|CLM_E_POA_IND_SW6|ICD_DGNS_E_CD7|CLM_E_POA_IND_SW7|ICD_DGNS_E_CD8|CLM_E_POA_IND_SW8|ICD_DGNS_E_CD9|CLM_E_POA_IND_SW9|ICD_DGNS_E_CD10|CLM_E_POA_IND_SW10|ICD_DGNS_E_CD11|CLM_E_POA_IND_SW11|ICD_DGNS_E_CD12|CLM_E_POA_IND_SW12|ICD_PRCDR_CD1|PRCDR_DT1|ICD_PRCDR_CD2|PRCDR_DT2|ICD_PRCDR_CD3|PRCDR_DT3|ICD_PRCDR_CD4|PRCDR_DT4|ICD_PRCDR_CD5|PRCDR_DT5|ICD_PRCDR_CD6|PRCDR_DT6|ICD_PRCDR_CD7|PRCDR_DT7|ICD_PRCDR_CD8|PRCDR_DT8|ICD_PRCDR_CD9|PRCDR_DT9|ICD_PRCDR_CD10|PRCDR_DT10|ICD_PRCDR_CD11|PRCDR_DT11|ICD_PRCDR_CD12|PRCDR_DT12|ICD_PRCDR_CD13|PRCDR_DT13|ICD_PRCDR_CD14|PRCDR_DT14|ICD_PRCDR_CD15|PRCDR_DT15|ICD_PRCDR_CD16|PRCDR_DT16|ICD_PRCDR_CD17|PRCDR_DT17|ICD_PRCDR_CD18|PRCDR_DT18|ICD_PRCDR_CD19|PRCDR_DT19|ICD_PRCDR_CD20|PRCDR_DT20|ICD_PRCDR_CD21|PRCDR_DT21|ICD_PRCDR_CD22|PRCDR_DT22|ICD_PRCDR_CD23|PRCDR_DT23|ICD_PRCDR_CD24|PRCDR_DT24|ICD_PRCDR_CD25|PRCDR_DT25|IME_OP_CLM_VAL_AMT|DSH_OP_CLM_VAL_AMT|CLM_UNCOMPD_CARE_PMT_AMT|CLM_LINE_NUM|REV_CNTR|HCPCS_CD|REV_CNTR_DDCTBL_COINSRNC_CD|ingestion_timestamp|hospital_id|batch_id
-10000010275202|-10000930959257|V|60|25-Apr-2022|25-Apr-2022|29-Apr-2022||3|377673|1|1|1|| |1869.71|0.0| ||37|1306950993| |9999907899| |9999907899|||0|1| |1869.71|25-Apr-2022|1|1|A|10|0.0|373.97|0|4|0.0|0.0|0|0|0|0|0|0|0|0|0|0|0|0|0|||||25-Apr-2022|19.0|0|0||N1830|N1830|Y|R809|Y|T50905|N|R801|N|Z653|Y|I4891|Y|N181|N|E1121|Y|E11319|Y|D4959|Y|D075|Y|E781|Y|E119|Y|E8881|Y|P292|Y|Z952|N|I350|Y|R931|Y|I259|Y|E785|Y|E669|Y|P2832|N|G479|Y|Z591|Y|R7303|Y|X58|Y95|Y| | | | | | | | | | | | | | | | | | | | | | |GZ3|25-Apr-2022|G4730|25-Apr-2022|Z741|25-Apr-2022|Z9181|25-Apr-2022|Z139|25-Apr-2022|Z1331|25-Apr-2022|Z1331|25-Apr-2022|F1990|25-Apr-2022|Z715|25-Apr-2022|||||||||||||||||||||||||||||||||0|0||1|450|99495|3.0|2022-04-26T00:00:00|hospital_C|hospital_C_20220425
-10000010275202|-10000930959257|V|60|25-Apr-2022|25-Apr-2022|29-Apr-2022||3|377673|1|1|1|| |1869.71|0.0| ||37|1306950993| |9999907899| |9999907899|||0|1| |1869.71|25-Apr-2022|1|1|A|10|0.0|373.97|0|4|0.0|0.0|0|0|0|0|0|0|0|0|0|0|0|0|0|||||25-Apr-2022|19.0|0|0||N1830|N1830|Y|R809|Y|T50905|N|R801|N|Z653|Y|I4891|Y|N181|N|E1121|Y|E11319|Y|D4959|Y|D075|Y|E781|Y|E119|Y|E8881|Y|P292|Y|Z952|N|I350|Y|R931|Y|I259|Y|E785|Y|E669|Y|P2832|N|G479|Y|Z591|Y|R7303|Y|X58|Y95|Y| | | | | | | | | | | | | | | | | | | | | | |GZ3|25-Apr-2022|G4730|25-Apr-2022|Z741|25-Apr-2022|Z9181|25-Apr-2022|Z139|25-Apr-2022|Z1331|25-Apr-2022|Z1331|25-Apr-2022|F1990|25-Apr-2022|Z715|25-Apr-2022|||||||||||||||||||||||||||||||||0|0||2|450|G8839|3.0|2022-04-26T00:00:00|hospital_C|hospital_C_20220425
-10000010275202|-10000930959257|V|60|25-Apr-2022|25-Apr-2022|29-Apr-2022||3|377673|1|1|1|| |1869.71|0.0| ||37|1306950993| |9999907899| |9999907899|||0|1| |1869.71|25-Apr-2022|1|1|A|10|0.0|373.97|0|4|0.0|0.0|0|0|0|0|0|0|0|0|0|0|0|0|0|||||25-Apr-2022|19.0|0|0||N1830|N1830|Y|R809|Y|T50905|N|R801|N|Z653|Y|I4891|Y|N181|N|E1121|Y|E11319|Y|D4959|Y|D075|Y|E781|Y|E119|Y|E8881|Y|P292|Y|Z952|N|I350|Y|R931|Y|I259|Y|E785|Y|E669|Y|P2832|N|G479|Y|Z591|Y|R7303|Y|X58|Y95|Y| | | | | | | | | | | | | | | | | | | | | | |GZ3|25-Apr-2022|G4730|25-Apr-2022|Z741|25-Apr-2022|Z9181|25-Apr-2022|Z139|25-Apr-2022|Z1331|25-Apr-2022|Z1331|25-Apr-2022|F1990|25-Apr-2022|Z715|25-Apr-2022|||||||||||||||||||||||||||||||||0|0||3|450|96156|3.0|2022-04-26T00:00:00|hospital_C|hospital_C_20220425
-10000010275202|-10000930959257|V|60|25-Apr-2022|25-Apr-2022|29-Apr-2022||3|377673|1|1|1|| |1869.71|0.0| ||37|1306950993| |9999907899| |9999907899|||0|1| |1869.71|25-Apr-2022|1|1|A|10|0.0|373.97|0|4|0.0|0.0|0|0|0|0|0|0|0|0|0|0|0|0|0|||||25-Apr-2022|19.0|0|0||N1830|N1830|Y|R809|Y|T50905|N|R801|N|Z653|Y|I4891|Y|N181|N|E1121|Y|E11319|Y|D4959|Y|D075|Y|E781|Y|E119|Y|E8881|Y|P292|Y|Z952|N|I350|Y|R931|Y|I259|Y|E785|Y|E669|Y|P2832|N|G479|Y|Z591|Y|R7303|Y|X58|Y95|Y| | | | | | | | | | | | | | | | | | | | | | |GZ3|25-Apr-2022|G4730|25-Apr-2022|Z741|25-Apr-2022|Z9181|25-Apr-2022|Z139|25-Apr-2022|Z1331|25-Apr-2022|Z1331|25-Apr-2022|F1990|25-Apr-2022|Z715|25-Apr-2022|||||||||||||||||||||||||||||||||0|0||4|450|M1069|3.0|2022-04-26T00:00:00|hospital_C|hospital_C_20220425
-10000010275202|-10000930959257|V|60|25-Apr-2022|25-Apr-2022|29-Apr-2022||3|377673|1|1|1|| |1869.71|0.0| ||37|1306950993| |9999907899| |9999907899|||0|1| |1869.71|25-Apr-2022|1|1|A|10|0.0|373.97|0|4|0.0|0.0|0|0|0|0|0|0|0|0|0|0|0|0|0|||||25-Apr-2022|19.0|0|0||N1830|N1830|Y|R809|Y|T50905|N|R801|N|Z653|Y|I4891|Y|N181|N|E1121|Y|E11319|Y|D4959|Y|D075|Y|E781|Y|E119|Y|E8881|Y|P292|Y|Z952|N|I350|Y|R931|Y|I259|Y|E785|Y|E669|Y|P2832|N|G479|Y|Z591|Y|R7303|Y|X58|Y95|Y| | | | | | | | | | | | | | | | | | | | | | |GZ3|25-Apr-2022|G4730|25-Apr-2022|Z741|25-Apr-2022|Z9181|25-Apr-2022|Z139|25-Apr-2022|Z1331|25-Apr-2022|Z1331|25-Apr-2022|F1990|25-Apr-2022|Z715|25-Apr-2022|||||||||||||||||||||||||||||||||0|0||5|450|99401|3.0|2022-04-26T00:00:00|hospital_C|hospital_C_20220425
-10000010275202|-10000930959257|V|60|25-Apr-2022|25-Apr-2022|29-Apr-2022||3|377673|1|1|1|| |1869.71|0.0| ||37|1306950993| |9999907899| |9999907899|||0|1| |1869.71|25-Apr-2022|1|1|A|10|0.0|373.97|0|4|0.0|0.0|0|0|0|0|0|0|0|0|0|0|0|0|0|||||25-Apr-2022|19.0|0|0||N1830|N1830|Y|R809|Y|T50905|N|R801|N|Z653|Y|I4891|Y|N181|N|E1121|Y|E11319|Y|D4959|Y|D075|Y|E781|Y|E119|Y|E8881|Y|P292|Y|Z952|N|I350|Y|R931|Y|I259|Y|E785|Y|E669|Y|P2832|N|G479|Y|Z591|Y|R7303|Y|X58|Y95|Y| | | | | | | | | | | | | | | | | | | | | | |GZ3|25-Apr-2022|G4730|25-Apr-2022|Z741|25-Apr-2022|Z9181|25-Apr-2022|Z139|25-Apr-2022|Z1331|25-Apr-2022|Z1331|25-Apr-2022|F1990|25-Apr-2022|Z715|25-Apr-2022|||||||||||||||||||||||||||||||||0|0||6|450|G0444|3.0|2022-04-26T00:00:00|hospital_C|hospital_C_20220425
-10000010275202|-10000930959257|V|60|25-Apr-2022|25-Apr-2022|29-Apr-2022||3|377673|1|1|1|| |1869.71|0.0| ||37|1306950993| |9999907899| |9999907899|||0|1| |1869.71|25-Apr-2022|1|1|A|10|0.0|373.97|0|4|0.0|0.0|0|0|0|0|0|0|0|0|0|0|0|0|0|||||25-Apr-2022|19.0|0|0||N1830|N1830|Y|R809|Y|T50905|N|R801|N|Z653|Y|I4891|Y|N181|N|E1121|Y|E11319|Y|D4959|Y|D075|Y|E781|Y|E119|Y|E8881|Y|P292|Y|Z952|N|I350|Y|R931|Y|I259|Y|E785|Y|E669|Y|P2832|N|G479|Y|Z591|Y|R7303|Y|X58|Y95|Y| | | | | | | | | | | | | | | | | | | | | | |GZ3|25-Apr-2022|G4730|25-Apr-2022|Z741|25-Apr-2022|Z9181|25-Apr-2022|Z139|25-Apr-2022|Z1331|25-Apr-2022|Z1331|25-Apr-2022|F1990|25-Apr-2022|Z715|25-Apr-2022|||||||||||||||||||||||||||||||||0|0||7|450|G0444|3.0|2022-04-26T00:00:00|hospital_C|hospital_C_20220425
-10000010275202|-10000930959257|V|60|25-Apr-2022|25-Apr-2022|29-Apr-2022||3|377673|1|1|1|| |1869.71|0.0| ||37|1306950993| |9999907899| |9999907899|||0|1| |1869.71|25-Apr-2022|1|1|A|10|0.0|373.97|0|4|0.0|0.0|0|0|0|0|0|0|0|0|0|0|0|0|0|||||25-Apr-2022|19.0|0|0||N1830|N1830|Y|R809|Y|T50905|N|R801|N|Z653|Y|I4891|Y|N181|N|E1121|Y|E11319|Y|D4959|Y|D075|Y|E781|Y|E119|Y|E8881|Y|P292|Y|Z952|N|I350|Y|R931|Y|I259|Y|E785|Y|E669|Y|P2832|N|G479|Y|Z591|Y|R7303|Y|X58|Y95|Y| | | | | | | | | | | | | | | | | | | | | | |GZ3|25-Apr-2022|G4730|25-Apr-2022|Z741|25-Apr-2022|Z9181|25-Apr-2022|Z139|25-Apr-2022|Z1331|25-Apr-2022|Z1331|25-Apr-2022|F1990|25-Apr-2022|Z715|25-Apr-2022|||||||||||||||||||||||||||||||||0|0||8|450|99408|3.0|2022-04-26T00:00:00|hospital_C|hospital_C_20220425
-10000010275202|-10000930959257|V|60|25-Apr-2022|25-Apr-2022|29-Apr-2022||3|377673|1|1|1|| |1869.71|0.0| ||37|1306950993| |9999907899| |9999907899|||0|1| |1869.71|25-Apr-2022|1|1|A|10|0.0|373.97|0|4|0.0|0.0|0|0|0|0|0|0|0|0|0|0|0|0|0|||||25-Apr-2022|19.0|0|0||N1830|N1830|Y|R809|Y|T50905|N|R801|N|Z653|Y|I4891|Y|N181|N|E1121|Y|E11319|Y|D4959|Y|D075|Y|E781|Y|E119|Y|E8881|Y|P292|Y|Z952|N|I350|Y|R931|Y|I259|Y|E785|Y|E669|Y|P2832|N|G479|Y|Z591|Y|R7303|Y|X58|Y95|Y| | | | | | | | | | | | | | | | | | | | | | |GZ3|25-Apr-2022|G4730|25-Apr-2022|Z741|25-Apr-2022|Z9181|25-Apr-2022|Z139|25-Apr-2022|Z1331|25-Apr-2022|Z1331|25-Apr-2022|F1990|25-Apr-2022|Z715|25-Apr-2022|||||||||||||||||||||||||||||||||0|0||9|450|99408|3.0|2022-04-26T00:00:00|hospital_C|hospital_C_20220425
SYN_BENE_9FE5E7ABEAF3|SYN_CLM_B5404DCE957E|V|60|25-Apr-2022|25-Apr-2022|29-Apr-2022||3|377673|1|1|1|| |1869.71|0.0| ||37|1306950993| |9999907899| |9999907899|||0|1| |1869.71|25-Apr-2022|1|1|A|10|0.0|373.97|0|4|0.0|0.0|0|0|0|0|0|0|0|0|0|0|0|0|0|||||25-Apr-2022|19.0|0|0||N1830|N1830|Y|R809|Y|T50905|N|R801|N|Z653|Y|I4891|Y|N181|N|E1121|Y|E11319|Y|D4959|Y|D075|Y|E781|Y|E119|Y|E8881|Y|P292|Y|Z952|N|I350|Y|R931|Y|I259|Y|E785|Y|E669|Y|P2832|N|G479|Y|Z591|Y|R7303|Y|X58|Y95|Y| | | | | | | | | | | | | | | | | | | | | | |GZ3|25-Apr-2022|G4730|25-Apr-2022|Z741|25-Apr-2022|Z9181|25-Apr-2022|Z139|25-Apr-2022|Z1331|25-Apr-2022|Z1331|25-Apr-2022|F1990|25-Apr-2022|Z715|25-Apr-2022|||||||||||||||||||||||||||||||||0|0||1|450|99495|3.0|2022-04-26T00:00:00|hospital_C|hospital_C_20220425
SYN_BENE_9FE5E7ABEAF3|SYN_CLM_B5404DCE957E|V|60|25-Apr-2022|25-Apr-2022|29-Apr-2022||3|377673|1|1|1|| |1869.71|0.0| ||37|1306950993| |9999907899| |9999907899|||0|1| |1869.71|25-Apr-2022|1|1|A|10|0.0|373.97|0|4|0.0|0.0|0|0|0|0|0|0|0|0|0|0|0|0|0|||||25-Apr-2022|19.0|0|0||N1830|N1830|Y|R809|Y|T50905|N|R801|N|Z653|Y|I4891|Y|N181|N|E1121|Y|E11319|Y|D4959|Y|D075|Y|E781|Y|E119|Y|E8881|Y|P292|Y|Z952|N|I350|Y|R931|Y|I259|Y|E785|Y|E669|Y|P2832|N|G479|Y|Z591|Y|R7303|Y|X58|Y95|Y| | | | | | | | | | | | | | | | | | | | | | |GZ3|25-Apr-2022|G4730|25-Apr-2022|Z741|25-Apr-2022|Z9181|25-Apr-2022|Z139|25-Apr-2022|Z1331|25-Apr-2022|Z1331|25-Apr-2022|F1990|25-Apr-2022|Z715|25-Apr-2022|||||||||||||||||||||||||||||||||0|0||2|450|G8839|3.0|2022-04-26T00:00:00|hospital_C|hospital_C_20220425
SYN_BENE_9FE5E7ABEAF3|SYN_CLM_B5404DCE957E|V|60|25-Apr-2022|25-Apr-2022|29-Apr-2022||3|377673|1|1|1|| |1869.71|0.0| ||37|1306950993| |9999907899| |9999907899|||0|1| |1869.71|25-Apr-2022|1|1|A|10|0.0|373.97|0|4|0.0|0.0|0|0|0|0|0|0|0|0|0|0|0|0|0|||||25-Apr-2022|19.0|0|0||N1830|N1830|Y|R809|Y|T50905|N|R801|N|Z653|Y|I4891|Y|N181|N|E1121|Y|E11319|Y|D4959|Y|D075|Y|E781|Y|E119|Y|E8881|Y|P292|Y|Z952|N|I350|Y|R931|Y|I259|Y|E785|Y|E669|Y|P2832|N|G479|Y|Z591|Y|R7303|Y|X58|Y95|Y| | | | | | | | | | | | | | | | | | | | | | |GZ3|25-Apr-2022|G4730|25-Apr-2022|Z741|25-Apr-2022|Z9181|25-Apr-2022|Z139|25-Apr-2022|Z1331|25-Apr-2022|Z1331|25-Apr-2022|F1990|25-Apr-2022|Z715|25-Apr-2022|||||||||||||||||||||||||||||||||0|0||3|450|96156|3.0|2022-04-26T00:00:00|hospital_C|hospital_C_20220425
SYN_BENE_9FE5E7ABEAF3|SYN_CLM_B5404DCE957E|V|60|25-Apr-2022|25-Apr-2022|29-Apr-2022||3|377673|1|1|1|| |1869.71|0.0| ||37|1306950993| |9999907899| |9999907899|||0|1| |1869.71|25-Apr-2022|1|1|A|10|0.0|373.97|0|4|0.0|0.0|0|0|0|0|0|0|0|0|0|0|0|0|0|||||25-Apr-2022|19.0|0|0||N1830|N1830|Y|R809|Y|T50905|N|R801|N|Z653|Y|I4891|Y|N181|N|E1121|Y|E11319|Y|D4959|Y|D075|Y|E781|Y|E119|Y|E8881|Y|P292|Y|Z952|N|I350|Y|R931|Y|I259|Y|E785|Y|E669|Y|P2832|N|G479|Y|Z591|Y|R7303|Y|X58|Y95|Y| | | | | | | | | | | | | | | | | | | | | | |GZ3|25-Apr-2022|G4730|25-Apr-2022|Z741|25-Apr-2022|Z9181|25-Apr-2022|Z139|25-Apr-2022|Z1331|25-Apr-2022|Z1331|25-Apr-2022|F1990|25-Apr-2022|Z715|25-Apr-2022|||||||||||||||||||||||||||||||||0|0||4|450|M1069|3.0|2022-04-26T00:00:00|hospital_C|hospital_C_20220425
SYN_BENE_9FE5E7ABEAF3|SYN_CLM_B5404DCE957E|V|60|25-Apr-2022|25-Apr-2022|29-Apr-2022||3|377673|1|1|1|| |1869.71|0.0| ||37|1306950993| |9999907899| |9999907899|||0|1| |1869.71|25-Apr-2022|1|1|A|10|0.0|373.97|0|4|0.0|0.0|0|0|0|0|0|0|0|0|0|0|0|0|0|||||25-Apr-2022|19.0|0|0||N1830|N1830|Y|R809|Y|T50905|N|R801|N|Z653|Y|I4891|Y|N181|N|E1121|Y|E11319|Y|D4959|Y|D075|Y|E781|Y|E119|Y|E8881|Y|P292|Y|Z952|N|I350|Y|R931|Y|I259|Y|E785|Y|E669|Y|P2832|N|G479|Y|Z591|Y|R7303|Y|X58|Y95|Y| | | | | | | | | | | | | | | | | | | | | | |GZ3|25-Apr-2022|G4730|25-Apr-2022|Z741|25-Apr-2022|Z9181|25-Apr-2022|Z139|25-Apr-2022|Z1331|25-Apr-2022|Z1331|25-Apr-2022|F1990|25-Apr-2022|Z715|25-Apr-2022|||||||||||||||||||||||||||||||||0|0||5|450|99401|3.0|2022-04-26T00:00:00|hospital_C|hospital_C_20220425
SYN_BENE_9FE5E7ABEAF3|SYN_CLM_B5404DCE957E|V|60|25-Apr-2022|25-Apr-2022|29-Apr-2022||3|377673|1|1|1|| |1869.71|0.0| ||37|1306950993| |9999907899| |9999907899|||0|1| |1869.71|25-Apr-2022|1|1|A|10|0.0|373.97|0|4|0.0|0.0|0|0|0|0|0|0|0|0|0|0|0|0|0|||||25-Apr-2022|19.0|0|0||N1830|N1830|Y|R809|Y|T50905|N|R801|N|Z653|Y|I4891|Y|N181|N|E1121|Y|E11319|Y|D4959|Y|D075|Y|E781|Y|E119|Y|E8881|Y|P292|Y|Z952|N|I350|Y|R931|Y|I259|Y|E785|Y|E669|Y|P2832|N|G479|Y|Z591|Y|R7303|Y|X58|Y95|Y| | | | | | | | | | | | | | | | | | | | | | |GZ3|25-Apr-2022|G4730|25-Apr-2022|Z741|25-Apr-2022|Z9181|25-Apr-2022|Z139|25-Apr-2022|Z1331|25-Apr-2022|Z1331|25-Apr-2022|F1990|25-Apr-2022|Z715|25-Apr-2022|||||||||||||||||||||||||||||||||0|0||6|450|G0444|3.0|2022-04-26T00:00:00|hospital_C|hospital_C_20220425
SYN_BENE_9FE5E7ABEAF3|SYN_CLM_B5404DCE957E|V|60|25-Apr-2022|25-Apr-2022|29-Apr-2022||3|377673|1|1|1|| |1869.71|0.0| ||37|1306950993| |9999907899| |9999907899|||0|1| |1869.71|25-Apr-2022|1|1|A|10|0.0|373.97|0|4|0.0|0.0|0|0|0|0|0|0|0|0|0|0|0|0|0|||||25-Apr-2022|19.0|0|0||N1830|N1830|Y|R809|Y|T50905|N|R801|N|Z653|Y|I4891|Y|N181|N|E1121|Y|E11319|Y|D4959|Y|D075|Y|E781|Y|E119|Y|E8881|Y|P292|Y|Z952|N|I350|Y|R931|Y|I259|Y|E785|Y|E669|Y|P2832|N|G479|Y|Z591|Y|R7303|Y|X58|Y95|Y| | | | | | | | | | | | | | | | | | | | | | |GZ3|25-Apr-2022|G4730|25-Apr-2022|Z741|25-Apr-2022|Z9181|25-Apr-2022|Z139|25-Apr-2022|Z1331|25-Apr-2022|Z1331|25-Apr-2022|F1990|25-Apr-2022|Z715|25-Apr-2022|||||||||||||||||||||||||||||||||0|0||7|450|G0444|3.0|2022-04-26T00:00:00|hospital_C|hospital_C_20220425
SYN_BENE_9FE5E7ABEAF3|SYN_CLM_B5404DCE957E|V|60|25-Apr-2022|25-Apr-2022|29-Apr-2022||3|377673|1|1|1|| |1869.71|0.0| ||37|1306950993| |9999907899| |9999907899|||0|1| |1869.71|25-Apr-2022|1|1|A|10|0.0|373.97|0|4|0.0|0.0|0|0|0|0|0|0|0|0|0|0|0|0|0|||||25-Apr-2022|19.0|0|0||N1830|N1830|Y|R809|Y|T50905|N|R801|N|Z653|Y|I4891|Y|N181|N|E1121|Y|E11319|Y|D4959|Y|D075|Y|E781|Y|E119|Y|E8881|Y|P292|Y|Z952|N|I350|Y|R931|Y|I259|Y|E785|Y|E669|Y|P2832|N|G479|Y|Z591|Y|R7303|Y|X58|Y95|Y| | | | | | | | | | | | | | | | | | | | | | |GZ3|25-Apr-2022|G4730|25-Apr-2022|Z741|25-Apr-2022|Z9181|25-Apr-2022|Z139|25-Apr-2022|Z1331|25-Apr-2022|Z1331|25-Apr-2022|F1990|25-Apr-2022|Z715|25-Apr-2022|||||||||||||||||||||||||||||||||0|0||8|450|99408|3.0|2022-04-26T00:00:00|hospital_C|hospital_C_20220425
SYN_BENE_9FE5E7ABEAF3|SYN_CLM_B5404DCE957E|V|60|25-Apr-2022|25-Apr-2022|29-Apr-2022||3|377673|1|1|1|| |1869.71|0.0| ||37|1306950993| |9999907899| |9999907899|||0|1| |1869.71|25-Apr-2022|1|1|A|10|0.0|373.97|0|4|0.0|0.0|0|0|0|0|0|0|0|0|0|0|0|0|0|||||25-Apr-2022|19.0|0|0||N1830|N1830|Y|R809|Y|T50905|N|R801|N|Z653|Y|I4891|Y|N181|N|E1121|Y|E11319|Y|D4959|Y|D075|Y|E781|Y|E119|Y|E8881|Y|P292|Y|Z952|N|I350|Y|R931|Y|I259|Y|E785|Y|E669|Y|P2832|N|G479|Y|Z591|Y|R7303|Y|X58|Y95|Y| | | | | | | | | | | | | | | | | | | | | | |GZ3|25-Apr-2022|G4730|25-Apr-2022|Z741|25-Apr-2022|Z9181|25-Apr-2022|Z139|25-Apr-2022|Z1331|25-Apr-2022|Z1331|25-Apr-2022|F1990|25-Apr-2022|Z715|25-Apr-2022|||||||||||||||||||||||||||||||||0|0||9|450|99408|3.0|2022-04-26T00:00:00|hospital_C|hospital_C_20220425
SYN_BENE_6A2443A81CF2|SYN_CLM_08352BEF228E|V|60|25-Apr-2022|25-Apr-2022|29-Apr-2022||3|377673|1|1|1|| |1869.71|0.0| ||37|1306950993| |9999907899| |9999907899|||0|1| |1869.71|25-Apr-2022|1|1|A|10|0.0|373.97|0|4|0.0|0.0|0|0|0|0|0|0|0|0|0|0|0|0|0|||||25-Apr-2022|19.0|0|0||N1830|N1830|Y|R809|Y|T50905|N|R801|N|Z653|Y|I4891|Y|N181|N|E1121|Y|E11319|Y|D4959|Y|D075|Y|E781|Y|E119|Y|E8881|Y|P292|Y|Z952|N|I350|Y|R931|Y|I259|Y|E785|Y|E669|Y|P2832|N|G479|Y|Z591|Y|R7303|Y|X58|Y95|Y| | | | | | | | | | | | | | | | | | | | | | |GZ3|25-Apr-2022|G4730|25-Apr-2022|Z741|25-Apr-2022|Z9181|25-Apr-2022|Z139|25-Apr-2022|Z1331|25-Apr-2022|Z1331|25-Apr-2022|F1990|25-Apr-2022|Z715|25-Apr-2022|||||||||||||||||||||||||||||||||0|0||1|450|99495|3.0|2022-04-26T00:00:00|hospital_C|hospital_C_20220425
SYN_BENE_6A2443A81CF2|SYN_CLM_08352BEF228E|V|60|25-Apr-2022|25-Apr-2022|29-Apr-2022||3|377673|1|1|1|| |1869.71|0.0| ||37|1306950993| |9999907899| |9999907899|||0|1| |1869.71|25-Apr-2022|1|1|A|10|0.0|373.97|0|4|0.0|0.0|0|0|0|0|0|0|0|0|0|0|0|0|0|||||25-Apr-2022|19.0|0|0||N1830|N1830|Y|R809|Y|T50905|N|R801|N|Z653|Y|I4891|Y|N181|N|E1121|Y|E11319|Y|D4959|Y|D075|Y|E781|Y|E119|Y|E8881|Y|P292|Y|Z952|N|I350|Y|R931|Y|I259|Y|E785|Y|E669|Y|P2832|N|G479|Y|Z591|Y|R7303|Y|X58|Y95|Y| | | | | | | | | | | | | | | | | | | | | | |GZ3|25-Apr-2022|G4730|25-Apr-2022|Z741|25-Apr-2022|Z9181|25-Apr-2022|Z139|25-Apr-2022|Z1331|25-Apr-2022|Z1331|25-Apr-2022|F1990|25-Apr-2022|Z715|25-Apr-2022|||||||||||||||||||||||||||||||||0|0||2|450|G8839|3.0|2022-04-26T00:00:00|hospital_C|hospital_C_20220425
SYN_BENE_6A2443A81CF2|SYN_CLM_08352BEF228E|V|60|25-Apr-2022|25-Apr-2022|29-Apr-2022||3|377673|1|1|1|| |1869.71|0.0| ||37|1306950993| |9999907899| |9999907899|||0|1| |1869.71|25-Apr-2022|1|1|A|10|0.0|373.97|0|4|0.0|0.0|0|0|0|0|0|0|0|0|0|0|0|0|0|||||25-Apr-2022|19.0|0|0||N1830|N1830|Y|R809|Y|T50905|N|R801|N|Z653|Y|I4891|Y|N181|N|E1121|Y|E11319|Y|D4959|Y|D075|Y|E781|Y|E119|Y|E8881|Y|P292|Y|Z952|N|I350|Y|R931|Y|I259|Y|E785|Y|E669|Y|P2832|N|G479|Y|Z591|Y|R7303|Y|X58|Y95|Y| | | | | | | | | | | | | | | | | | | | | | |GZ3|25-Apr-2022|G4730|25-Apr-2022|Z741|25-Apr-2022|Z9181|25-Apr-2022|Z139|25-Apr-2022|Z1331|25-Apr-2022|Z1331|25-Apr-2022|F1990|25-Apr-2022|Z715|25-Apr-2022|||||||||||||||||||||||||||||||||0|0||3|450|96156|3.0|2022-04-26T00:00:00|hospital_C|hospital_C_20220425
SYN_BENE_6A2443A81CF2|SYN_CLM_08352BEF228E|V|60|25-Apr-2022|25-Apr-2022|29-Apr-2022||3|377673|1|1|1|| |1869.71|0.0| ||37|1306950993| |9999907899| |9999907899|||0|1| |1869.71|25-Apr-2022|1|1|A|10|0.0|373.97|0|4|0.0|0.0|0|0|0|0|0|0|0|0|0|0|0|0|0|||||25-Apr-2022|19.0|0|0||N1830|N1830|Y|R809|Y|T50905|N|R801|N|Z653|Y|I4891|Y|N181|N|E1121|Y|E11319|Y|D4959|Y|D075|Y|E781|Y|E119|Y|E8881|Y|P292|Y|Z952|N|I350|Y|R931|Y|I259|Y|E785|Y|E669|Y|P2832|N|G479|Y|Z591|Y|R7303|Y|X58|Y95|Y| | | | | | | | | | | | | | | | | | | | | | |GZ3|25-Apr-2022|G4730|25-Apr-2022|Z741|25-Apr-2022|Z9181|25-Apr-2022|Z139|25-Apr-2022|Z1331|25-Apr-2022|Z1331|25-Apr-2022|F1990|25-Apr-2022|Z715|25-Apr-2022|||||||||||||||||||||||||||||||||0|0||4|450|M1069|3.0|2022-04-26T00:00:00|hospital_C|hospital_C_20220425
SYN_BENE_6A2443A81CF2|SYN_CLM_08352BEF228E|V|60|25-Apr-2022|25-Apr-2022|29-Apr-2022||3|377673|1|1|1|| |1869.71|0.0| ||37|1306950993| |9999907899| |9999907899|||0|1| |1869.71|25-Apr-2022|1|1|A|10|0.0|373.97|0|4|0.0|0.0|0|0|0|0|0|0|0|0|0|0|0|0|0|||||25-Apr-2022|19.0|0|0||N1830|N1830|Y|R809|Y|T50905|N|R801|N|Z653|Y|I4891|Y|N181|N|E1121|Y|E11319|Y|D4959|Y|D075|Y|E781|Y|E119|Y|E8881|Y|P292|Y|Z952|N|I350|Y|R931|Y|I259|Y|E785|Y|E669|Y|P2832|N|G479|Y|Z591|Y|R7303|Y|X58|Y95|Y| | | | | | | | | | | | | | | | | | | | | | |GZ3|25-Apr-2022|G4730|25-Apr-2022|Z741|25-Apr-2022|Z9181|25-Apr-2022|Z139|25-Apr-2022|Z1331|25-Apr-2022|Z1331|25-Apr-2022|F1990|25-Apr-2022|Z715|25-Apr-2022|||||||||||||||||||||||||||||||||0|0||5|450|99401|3.0|2022-04-26T00:00:00|hospital_C|hospital_C_20220425
SYN_BENE_6A2443A81CF2|SYN_CLM_08352BEF228E|V|60|25-Apr-2022|25-Apr-2022|29-Apr-2022||3|377673|1|1|1|| |1869.71|0.0| ||37|1306950993| |9999907899| |9999907899|||0|1| |1869.71|25-Apr-2022|1|1|A|10|0.0|373.97|0|4|0.0|0.0|0|0|0|0|0|0|0|0|0|0|0|0|0|||||25-Apr-2022|19.0|0|0||N1830|N1830|Y|R809|Y|T50905|N|R801|N|Z653|Y|I4891|Y|N181|N|E1121|Y|E11319|Y|D4959|Y|D075|Y|E781|Y|E119|Y|E8881|Y|P292|Y|Z952|N|I350|Y|R931|Y|I259|Y|E785|Y|E669|Y|P2832|N|G479|Y|Z591|Y|R7303|Y|X58|Y95|Y| | | | | | | | | | | | | | | | | | | | | | |GZ3|25-Apr-2022|G4730|25-Apr-2022|Z741|25-Apr-2022|Z9181|25-Apr-2022|Z139|25-Apr-2022|Z1331|25-Apr-2022|Z1331|25-Apr-2022|F1990|25-Apr-2022|Z715|25-Apr-2022|||||||||||||||||||||||||||||||||0|0||6|450|G0444|3.0|2022-04-26T00:00:00|hospital_C|hospital_C_20220425
SYN_BENE_6A2443A81CF2|SYN_CLM_08352BEF228E|V|60|25-Apr-2022|25-Apr-2022|29-Apr-2022||3|377673|1|1|1|| |1869.71|0.0| ||37|1306950993| |9999907899| |9999907899|||0|1| |1869.71|25-Apr-2022|1|1|A|10|0.0|373.97|0|4|0.0|0.0|0|0|0|0|0|0|0|0|0|0|0|0|0|||||25-Apr-2022|19.0|0|0||N1830|N1830|Y|R809|Y|T50905|N|R801|N|Z653|Y|I4891|Y|N181|N|E1121|Y|E11319|Y|D4959|Y|D075|Y|E781|Y|E119|Y|E8881|Y|P292|Y|Z952|N|I350|Y|R931|Y|I259|Y|E785|Y|E669|Y|P2832|N|G479|Y|Z591|Y|R7303|Y|X58|Y95|Y| | | | | | | | | | | | | | | | | | | | | | |GZ3|25-Apr-2022|G4730|25-Apr-2022|Z741|25-Apr-2022|Z9181|25-Apr-2022|Z139|25-Apr-2022|Z1331|25-Apr-2022|Z1331|25-Apr-2022|F1990|25-Apr-2022|Z715|25-Apr-2022|||||||||||||||||||||||||||||||||0|0||7|450|G0444|3.0|2022-04-26T00:00:00|hospital_C|hospital_C_20220425
SYN_BENE_6A2443A81CF2|SYN_CLM_08352BEF228E|V|60|25-Apr-2022|25-Apr-2022|29-Apr-2022||3|377673|1|1|1|| |1869.71|0.0| ||37|1306950993| |9999907899| |9999907899|||0|1| |1869.71|25-Apr-2022|1|1|A|10|0.0|373.97|0|4|0.0|0.0|0|0|0|0|0|0|0|0|0|0|0|0|0|||||25-Apr-2022|19.0|0|0||N1830|N1830|Y|R809|Y|T50905|N|R801|N|Z653|Y|I4891|Y|N181|N|E1121|Y|E11319|Y|D4959|Y|D075|Y|E781|Y|E119|Y|E8881|Y|P292|Y|Z952|N|I350|Y|R931|Y|I259|Y|E785|Y|E669|Y|P2832|N|G479|Y|Z591|Y|R7303|Y|X58|Y95|Y| | | | | | | | | | | | | | | | | | | | | | |GZ3|25-Apr-2022|G4730|25-Apr-2022|Z741|25-Apr-2022|Z9181|25-Apr-2022|Z139|25-Apr-2022|Z1331|25-Apr-2022|Z1331|25-Apr-2022|F1990|25-Apr-2022|Z715|25-Apr-2022|||||||||||||||||||||||||||||||||0|0||8|450|99408|3.0|2022-04-26T00:00:00|hospital_C|hospital_C_20220425
SYN_BENE_6A2443A81CF2|SYN_CLM_08352BEF228E|V|60|25-Apr-2022|25-Apr-2022|29-Apr-2022||3|377673|1|1|1|| |1869.71|0.0| ||37|1306950993| |9999907899| |9999907899|||0|1| |1869.71|25-Apr-2022|1|1|A|10|0.0|373.97|0|4|0.0|0.0|0|0|0|0|0|0|0|0|0|0|0|0|0|||||25-Apr-2022|19.0|0|0||N1830|N1830|Y|R809|Y|T50905|N|R801|N|Z653|Y|I4891|Y|N181|N|E1121|Y|E11319|Y|D4959|Y|D075|Y|E781|Y|E119|Y|E8881|Y|P292|Y|Z952|N|I350|Y|R931|Y|I259|Y|E785|Y|E669|Y|P2832|N|G479|Y|Z591|Y|R7303|Y|X58|Y95|Y| | | | | | | | | | | | | | | | | | | | | | |GZ3|25-Apr-2022|G4730|25-Apr-2022|Z741|25-Apr-2022|Z9181|25-Apr-2022|Z139|25-Apr-2022|Z1331|25-Apr-2022|Z1331|25-Apr-2022|F1990|25-Apr-2022|Z715|25-Apr-2022|||||||||||||||||||||||||||||||||0|0||9|450|99408|3.0|2022-04-26T00:00:00|hospital_C|hospital_C_20220425
SYN_BENE_5A05B0C1A44D|SYN_CLM_703EB0FC6D7D|V|60|25-Apr-2022|25-Apr-2022|29-Apr-2022||3|377673|1|1|1|| |1869.71|0.0| ||37|1306950993| |9999907899| |9999907899|||0|1| |1869.71|25-Apr-2022|1|1|A|10|0.0|373.97|0|4|0.0|0.0|0|0|0|0|0|0|0|0|0|0|0|0|0|||||25-Apr-2022|19.0|0|0||N1830|N1830|Y|R809|Y|T50905|N|R801|N|Z653|Y|I4891|Y|N181|N|E1121|Y|E11319|Y|D4959|Y|D075|Y|E781|Y|E119|Y|E8881|Y|P292|Y|Z952|N|I350|Y|R931|Y|I259|Y|E785|Y|E669|Y|P2832|N|G479|Y|Z591|Y|R7303|Y|X58|Y95|Y| | | | | | | | | | | | | | | | | | | | | | |GZ3|25-Apr-2022|G4730|25-Apr-2022|Z741|25-Apr-2022|Z9181|25-Apr-2022|Z139|25-Apr-2022|Z1331|25-Apr-2022|Z1331|25-Apr-2022|F1990|25-Apr-2022|Z715|25-Apr-2022|||||||||||||||||||||||||||||||||0|0||1|450|99495|3.0|2022-04-26T00:00:00|hospital_C|hospital_C_20220425
SYN_BENE_5A05B0C1A44D|SYN_CLM_703EB0FC6D7D|V|60|25-Apr-2022|25-Apr-2022|29-Apr-2022||3|377673|1|1|1|| |1869.71|0.0| ||37|1306950993| |9999907899| |9999907899|||0|1| |1869.71|25-Apr-2022|1|1|A|10|0.0|373.97|0|4|0.0|0.0|0|0|0|0|0|0|0|0|0|0|0|0|0|||||25-Apr-2022|19.0|0|0||N1830|N1830|Y|R809|Y|T50905|N|R801|N|Z653|Y|I4891|Y|N181|N|E1121|Y|E11319|Y|D4959|Y|D075|Y|E781|Y|E119|Y|E8881|Y|P292|Y|Z952|N|I350|Y|R931|Y|I259|Y|E785|Y|E669|Y|P2832|N|G479|Y|Z591|Y|R7303|Y|X58|Y95|Y| | | | | | | | | | | | | | | | | | | | | | |GZ3|25-Apr-2022|G4730|25-Apr-2022|Z741|25-Apr-2022|Z9181|25-Apr-2022|Z139|25-Apr-2022|Z1331|25-Apr-2022|Z1331|25-Apr-2022|F1990|25-Apr-2022|Z715|25-Apr-2022|||||||||||||||||||||||||||||||||0|0||2|450|G8839|3.0|2022-04-26T00:00:00|hospital_C|hospital_C_20220425
SYN_BENE_5A05B0C1A44D|SYN_CLM_703EB0FC6D7D|V|60|25-Apr-2022|25-Apr-2022|29-Apr-2022||3|377673|1|1|1|| |1869.71|0.0| ||37|1306950993| |9999907899| |9999907899|||0|1| |1869.71|25-Apr-2022|1|1|A|10|0.0|373.97|0|4|0.0|0.0|0|0|0|0|0|0|0|0|0|0|0|0|0|||||25-Apr-2022|19.0|0|0||N1830|N1830|Y|R809|Y|T50905|N|R801|N|Z653|Y|I4891|Y|N181|N|E1121|Y|E11319|Y|D4959|Y|D075|Y|E781|Y|E119|Y|E8881|Y|P292|Y|Z952|N|I350|Y|R931|Y|I259|Y|E785|Y|E669|Y|P2832|N|G479|Y|Z591|Y|R7303|Y|X58|Y95|Y| | | | | | | | | | | | | | | | | | | | | | |GZ3|25-Apr-2022|G4730|25-Apr-2022|Z741|25-Apr-2022|Z9181|25-Apr-2022|Z139|25-Apr-2022|Z1331|25-Apr-2022|Z1331|25-Apr-2022|F1990|25-Apr-2022|Z715|25-Apr-2022|||||||||||||||||||||||||||||||||0|0||3|450|96156|3.0|2022-04-26T00:00:00|hospital_C|hospital_C_20220425
SYN_BENE_5A05B0C1A44D|SYN_CLM_703EB0FC6D7D|V|60|25-Apr-2022|25-Apr-2022|29-Apr-2022||3|377673|1|1|1|| |1869.71|0.0| ||37|1306950993| |9999907899| |9999907899|||0|1| |1869.71|25-Apr-2022|1|1|A|10|0.0|373.97|0|4|0.0|0.0|0|0|0|0|0|0|0|0|0|0|0|0|0|||||25-Apr-2022|19.0|0|0||N1830|N1830|Y|R809|Y|T50905|N|R801|N|Z653|Y|I4891|Y|N181|N|E1121|Y|E11319|Y|D4959|Y|D075|Y|E781|Y|E119|Y|E8881|Y|P292|Y|Z952|N|I350|Y|R931|Y|I259|Y|E785|Y|E669|Y|P2832|N|G479|Y|Z591|Y|R7303|Y|X58|Y95|Y| | | | | | | | | | | | | | | | | | | | | | |GZ3|25-Apr-2022|G4730|25-Apr-2022|Z741|25-Apr-2022|Z9181|25-Apr-2022|Z139|25-Apr-2022|Z1331|25-Apr-2022|Z1331|25-Apr-2022|F1990|25-Apr-2022|Z715|25-Apr-2022|||||||||||||||||||||||||||||||||0|0||4|450|M1069|3.0|2022-04-26T00:00:00|hospital_C|hospital_C_20220425
SYN_BENE_5A05B0C1A44D|SYN_CLM_703EB0FC6D7D|V|60|25-Apr-2022|25-Apr-2022|29-Apr-2022||3|377673|1|1|1|| |1869.71|0.0| ||37|1306950993| |9999907899| |9999907899|||0|1| |1869.71|25-Apr-2022|1|1|A|10|0.0|373.97|0|4|0.0|0.0|0|0|0|0|0|0|0|0|0|0|0|0|0|||||25-Apr-2022|19.0|0|0||N1830|N1830|Y|R809|Y|T50905|N|R801|N|Z653|Y|I4891|Y|N181|N|E1121|Y|E11319|Y|D4959|Y|D075|Y|E781|Y|E119|Y|E8881|Y|P292|Y|Z952|N|I350|Y|R931|Y|I259|Y|E785|Y|E669|Y|P2832|N|G479|Y|Z591|Y|R7303|Y|X58|Y95|Y| | | | | | | | | | | | | | | | | | | | | | |GZ3|25-Apr-2022|G4730|25-Apr-2022|Z741|25-Apr-2022|Z9181|25-Apr-2022|Z139|25-Apr-2022|Z1331|25-Apr-2022|Z1331|25-Apr-2022|F1990|25-Apr-2022|Z715|25-Apr-2022|||||||||||||||||||||||||||||||||0|0||5|450|99401|3.0|2022-04-26T00:00:00|hospital_C|hospital_C_20220425
SYN_BENE_5A05B0C1A44D|SYN_CLM_703EB0FC6D7D|V|60|25-Apr-2022|25-Apr-2022|29-Apr-2022||3|377673|1|1|1|| |1869.71|0.0| ||37|1306950993| |9999907899| |9999907899|||0|1| |1869.71|25-Apr-2022|1|1|A|10|0.0|373.97|0|4|0.0|0.0|0|0|0|0|0|0|0|0|0|0|0|0|0|||||25-Apr-2022|19.0|0|0||N1830|N1830|Y|R809|Y|T50905|N|R801|N|Z653|Y|I4891|Y|N181|N|E1121|Y|E11319|Y|D4959|Y|D075|Y|E781|Y|E119|Y|E8881|Y|P292|Y|Z952|N|I350|Y|R931|Y|I259|Y|E785|Y|E669|Y|P2832|N|G479|Y|Z591|Y|R7303|Y|X58|Y95|Y| | | | | | | | | | | | | | | | | | | | | | |GZ3|25-Apr-2022|G4730|25-Apr-2022|Z741|25-Apr-2022|Z9181|25-Apr-2022|Z139|25-Apr-2022|Z1331|25-Apr-2022|Z1331|25-Apr-2022|F1990|25-Apr-2022|Z715|25-Apr-2022|||||||||||||||||||||||||||||||||0|0||6|450|G0444|3.0|2022-04-26T00:00:00|hospital_C|hospital_C_20220425
SYN_BENE_5A05B0C1A44D|SYN_CLM_703EB0FC6D7D|V|60|25-Apr-2022|25-Apr-2022|29-Apr-2022||3|377673|1|1|1|| |1869.71|0.0| ||37|1306950993| |9999907899| |9999907899|||0|1| |1869.71|25-Apr-2022|1|1|A|10|0.0|373.97|0|4|0.0|0.0|0|0|0|0|0|0|0|0|0|0|0|0|0|||||25-Apr-2022|19.0|0|0||N1830|N1830|Y|R809|Y|T50905|N|R801|N|Z653|Y|I4891|Y|N181|N|E1121|Y|E11319|Y|D4959|Y|D075|Y|E781|Y|E119|Y|E8881|Y|P292|Y|Z952|N|I350|Y|R931|Y|I259|Y|E785|Y|E669|Y|P2832|N|G479|Y|Z591|Y|R7303|Y|X58|Y95|Y| | | | | | | | | | | | | | | | | | | | | | |GZ3|25-Apr-2022|G4730|25-Apr-2022|Z741|25-Apr-2022|Z9181|25-Apr-2022|Z139|25-Apr-2022|Z1331|25-Apr-2022|Z1331|25-Apr-2022|F1990|25-Apr-2022|Z715|25-Apr-2022|||||||||||||||||||||||||||||||||0|0||7|450|G0444|3.0|2022-04-26T00:00:00|hospital_C|hospital_C_20220425
SYN_BENE_5A05B0C1A44D|SYN_CLM_703EB0FC6D7D|V|60|25-Apr-2022|25-Apr-2022|29-Apr-2022||3|377673|1|1|1|| |1869.71|0.0| ||37|1306950993| |9999907899| |9999907899|||0|1| |1869.71|25-Apr-2022|1|1|A|10|0.0|373.97|0|4|0.0|0.0|0|0|0|0|0|0|0|0|0|0|0|0|0|||||25-Apr-2022|19.0|0|0||N1830|N1830|Y|R809|Y|T50905|N|R801|N|Z653|Y|I4891|Y|N181|N|E1121|Y|E11319|Y|D4959|Y|D075|Y|E781|Y|E119|Y|E8881|Y|P292|Y|Z952|N|I350|Y|R931|Y|I259|Y|E785|Y|E669|Y|P2832|N|G479|Y|Z591|Y|R7303|Y|X58|Y95|Y| | | | | | | | | | | | | | | | | | | | | | |GZ3|25-Apr-2022|G4730|25-Apr-2022|Z741|25-Apr-2022|Z9181|25-Apr-2022|Z139|25-Apr-2022|Z1331|25-Apr-2022|Z1331|25-Apr-2022|F1990|25-Apr-2022|Z715|25-Apr-2022|||||||||||||||||||||||||||||||||0|0||8|450|99408|3.0|2022-04-26T00:00:00|hospital_C|hospital_C_20220425
SYN_BENE_5A05B0C1A44D|SYN_CLM_703EB0FC6D7D|V|60|25-Apr-2022|25-Apr-2022|29-Apr-2022||3|377673|1|1|1|| |1869.71|0.0| ||37|1306950993| |9999907899| |9999907899|||0|1| |1869.71|25-Apr-2022|1|1|A|10|0.0|373.97|0|4|0.0|0.0|0|0|0|0|0|0|0|0|0|0|0|0|0|||||25-Apr-2022|19.0|0|0||N1830|N1830|Y|R809|Y|T50905|N|R801|N|Z653|Y|I4891|Y|N181|N|E1121|Y|E11319|Y|D4959|Y|D075|Y|E781|Y|E119|Y|E8881|Y|P292|Y|Z952|N|I350|Y|R931|Y|I259|Y|E785|Y|E669|Y|P2832|N|G479|Y|Z591|Y|R7303|Y|X58|Y95|Y| | | | | | | | | | | | | | | | | | | | | | |GZ3|25-Apr-2022|G4730|25-Apr-2022|Z741|25-Apr-2022|Z9181|25-Apr-2022|Z139|25-Apr-2022|Z1331|25-Apr-2022|Z1331|25-Apr-2022|F1990|25-Apr-2022|Z715|25-Apr-2022|||||||||||||||||||||||||||||||||0|0||9|450|99408|3.0|2022-04-26T00:00:00|hospital_C|hospital_C_20220425
SYN_BENE_94E9020FA4C3|SYN_CLM_1FB0C7DC7F07|V|60|25-Apr-2022|25-Apr-2022|29-Apr-2022||3|377673|1|1|1|| |1869.71|0.0| ||37|1306950993| |9999907899| |9999907899|||0|1| |1869.71|25-Apr-2022|1|1|A|10|0.0|373.97|0|4|0.0|0.0|0|0|0|0|0|0|0|0|0|0|0|0|0|||||25-Apr-2022|19.0|0|0||N1830|N1830|Y|R809|Y|T50905|N|R801|N|Z653|Y|I4891|Y|N181|N|E1121|Y|E11319|Y|D4959|Y|D075|Y|E781|Y|E119|Y|E8881|Y|P292|Y|Z952|N|I350|Y|R931|Y|I259|Y|E785|Y|E669|Y|P2832|N|G479|Y|Z591|Y|R7303|Y|X58|Y95|Y| | | | | | | | | | | | | | | | | | | | | | |GZ3|25-Apr-2022|G4730|25-Apr-2022|Z741|25-Apr-2022|Z9181|25-Apr-2022|Z139|25-Apr-2022|Z1331|25-Apr-2022|Z1331|25-Apr-2022|F1990|25-Apr-2022|Z715|25-Apr-2022|||||||||||||||||||||||||||||||||0|0||1|450|99495|3.0|2022-04-26T00:00:00|hospital_C|hospital_C_20220425
SYN_BENE_94E9020FA4C3|SYN_CLM_1FB0C7DC7F07|V|60|25-Apr-2022|25-Apr-2022|29-Apr-2022||3|377673|1|1|1|| |1869.71|0.0| ||37|1306950993| |9999907899| |9999907899|||0|1| |1869.71|25-Apr-2022|1|1|A|10|0.0|373.97|0|4|0.0|0.0|0|0|0|0|0|0|0|0|0|0|0|0|0|||||25-Apr-2022|19.0|0|0||N1830|N1830|Y|R809|Y|T50905|N|R801|N|Z653|Y|I4891|Y|N181|N|E1121|Y|E11319|Y|D4959|Y|D075|Y|E781|Y|E119|Y|E8881|Y|P292|Y|Z952|N|I350|Y|R931|Y|I259|Y|E785|Y|E669|Y|P2832|N|G479|Y|Z591|Y|R7303|Y|X58|Y95|Y| | | | | | | | | | | | | | | | | | | | | | |GZ3|25-Apr-2022|G4730|25-Apr-2022|Z741|25-Apr-2022|Z9181|25-Apr-2022|Z139|25-Apr-2022|Z1331|25-Apr-2022|Z1331|25-Apr-2022|F1990|25-Apr-2022|Z715|25-Apr-2022|||||||||||||||||||||||||||||||||0|0||2|450|G8839|3.0|2022-04-26T00:00:00|hospital_C|hospital_C_20220425
SYN_BENE_94E9020FA4C3|SYN_CLM_1FB0C7DC7F07|V|60|25-Apr-2022|25-Apr-2022|29-Apr-2022||3|377673|1|1|1|| |1869.71|0.0| ||37|1306950993| |9999907899| |9999907899|||0|1| |1869.71|25-Apr-2022|1|1|A|10|0.0|373.97|0|4|0.0|0.0|0|0|0|0|0|0|0|0|0|0|0|0|0|||||25-Apr-2022|19.0|0|0||N1830|N1830|Y|R809|Y|T50905|N|R801|N|Z653|Y|I4891|Y|N181|N|E1121|Y|E11319|Y|D4959|Y|D075|Y|E781|Y|E119|Y|E8881|Y|P292|Y|Z952|N|I350|Y|R931|Y|I259|Y|E785|Y|E669|Y|P2832|N|G479|Y|Z591|Y|R7303|Y|X58|Y95|Y| | | | | | | | | | | | | | | | | | | | | | |GZ3|25-Apr-2022|G4730|25-Apr-2022|Z741|25-Apr-2022|Z9181|25-Apr-2022|Z139|25-Apr-2022|Z1331|25-Apr-2022|Z1331|25-Apr-2022|F1990|25-Apr-2022|Z715|25-Apr-2022|||||||||||||||||||||||||||||||||0|0||3|450|96156|3.0|2022-04-26T00:00:00|hospital_C|hospital_C_20220425
SYN_BENE_94E9020FA4C3|SYN_CLM_1FB0C7DC7F07|V|60|25-Apr-2022|25-Apr-2022|29-Apr-2022||3|377673|1|1|1|| |1869.71|0.0| ||37|1306950993| |9999907899| |9999907899|||0|1| |1869.71|25-Apr-2022|1|1|A|10|0.0|373.97|0|4|0.0|0.0|0|0|0|0|0|0|0|0|0|0|0|0|0|||||25-Apr-2022|19.0|0|0||N1830|N1830|Y|R809|Y|T50905|N|R801|N|Z653|Y|I4891|Y|N181|N|E1121|Y|E11319|Y|D4959|Y|D075|Y|E781|Y|E119|Y|E8881|Y|P292|Y|Z952|N|I350|Y|R931|Y|I259|Y|E785|Y|E669|Y|P2832|N|G479|Y|Z591|Y|R7303|Y|X58|Y95|Y| | | | | | | | | | | | | | | | | | | | | | |GZ3|25-Apr-2022|G4730|25-Apr-2022|Z741|25-Apr-2022|Z9181|25-Apr-2022|Z139|25-Apr-2022|Z1331|25-Apr-2022|Z1331|25-Apr-2022|F1990|25-Apr-2022|Z715|25-Apr-2022|||||||||||||||||||||||||||||||||0|0||4|450|M1069|3.0|2022-04-26T00:00:00|hospital_C|hospital_C_20220425
SYN_BENE_94E9020FA4C3|SYN_CLM_1FB0C7DC7F07|V|60|25-Apr-2022|25-Apr-2022|29-Apr-2022||3|377673|1|1|1|| |1869.71|0.0| ||37|1306950993| |9999907899| |9999907899|||0|1| |1869.71|25-Apr-2022|1|1|A|10|0.0|373.97|0|4|0.0|0.0|0|0|0|0|0|0|0|0|0|0|0|0|0|||||25-Apr-2022|19.0|0|0||N1830|N1830|Y|R809|Y|T50905|N|R801|N|Z653|Y|I4891|Y|N181|N|E1121|Y|E11319|Y|D4959|Y|D075|Y|E781|Y|E119|Y|E8881|Y|P292|Y|Z952|N|I350|Y|R931|Y|I259|Y|E785|Y|E669|Y|P2832|N|G479|Y|Z591|Y|R7303|Y|X58|Y95|Y| | | | | | | | | | | | | | | | | | | | | | |GZ3|25-Apr-2022|G4730|25-Apr-2022|Z741|25-Apr-2022|Z9181|25-Apr-2022|Z139|25-Apr-2022|Z1331|25-Apr-2022|Z1331|25-Apr-2022|F1990|25-Apr-2022|Z715|25-Apr-2022|||||||||||||||||||||||||||||||||0|0||5|450|99401|3.0|2022-04-26T00:00:00|hospital_C|hospital_C_20220425
SYN_BENE_94E9020FA4C3|SYN_CLM_1FB0C7DC7F07|V|60|25-Apr-2022|25-Apr-2022|29-Apr-2022||3|377673|1|1|1|| |1869.71|0.0| ||37|1306950993| |9999907899| |9999907899|||0|1| |1869.71|25-Apr-2022|1|1|A|10|0.0|373.97|0|4|0.0|0.0|0|0|0|0|0|0|0|0|0|0|0|0|0|||||25-Apr-2022|19.0|0|0||N1830|N1830|Y|R809|Y|T50905|N|R801|N|Z653|Y|I4891|Y|N181|N|E1121|Y|E11319|Y|D4959|Y|D075|Y|E781|Y|E119|Y|E8881|Y|P292|Y|Z952|N|I350|Y|R931|Y|I259|Y|E785|Y|E669|Y|P2832|N|G479|Y|Z591|Y|R7303|Y|X58|Y95|Y| | | | | | | | | | | | | | | | | | | | | | |GZ3|25-Apr-2022|G4730|25-Apr-2022|Z741|25-Apr-2022|Z9181|25-Apr-2022|Z139|25-Apr-2022|Z1331|25-Apr-2022|Z1331|25-Apr-2022|F1990|25-Apr-2022|Z715|25-Apr-2022|||||||||||||||||||||||||||||||||0|0||6|450|G0444|3.0|2022-04-26T00:00:00|hospital_C|hospital_C_20220425
SYN_BENE_94E9020FA4C3|SYN_CLM_1FB0C7DC7F07|V|60|25-Apr-2022|25-Apr-2022|29-Apr-2022||3|377673|1|1|1|| |1869.71|0.0| ||37|1306950993| |9999907899| |9999907899|||0|1| |1869.71|25-Apr-2022|1|1|A|10|0.0|373.97|0|4|0.0|0.0|0|0|0|0|0|0|0|0|0|0|0|0|0|||||25-Apr-2022|19.0|0|0||N1830|N1830|Y|R809|Y|T50905|N|R801|N|Z653|Y|I4891|Y|N181|N|E1121|Y|E11319|Y|D4959|Y|D075|Y|E781|Y|E119|Y|E8881|Y|P292|Y|Z952|N|I350|Y|R931|Y|I259|Y|E785|Y|E669|Y|P2832|N|G479|Y|Z591|Y|R7303|Y|X58|Y95|Y| | | | | | | | | | | | | | | | | | | | | | |GZ3|25-Apr-2022|G4730|25-Apr-2022|Z741|25-Apr-2022|Z9181|25-Apr-2022|Z139|25-Apr-2022|Z1331|25-Apr-2022|Z1331|25-Apr-2022|F1990|25-Apr-2022|Z715|25-Apr-2022|||||||||||||||||||||||||||||||||0|0||7|450|G0444|3.0|2022-04-26T00:00:00|hospital_C|hospital_C_20220425
SYN_BENE_94E9020FA4C3|SYN_CLM_1FB0C7DC7F07|V|60|25-Apr-2022|25-Apr-2022|29-Apr-2022||3|377673|1|1|1|| |1869.71|0.0| ||37|1306950993| |9999907899| |9999907899|||0|1| |1869.71|25-Apr-2022|1|1|A|10|0.0|373.97|0|4|0.0|0.0|0|0|0|0|0|0|0|0|0|0|0|0|0|||||25-Apr-2022|19.0|0|0||N1830|N1830|Y|R809|Y|T50905|N|R801|N|Z653|Y|I4891|Y|N181|N|E1121|Y|E11319|Y|D4959|Y|D075|Y|E781|Y|E119|Y|E8881|Y|P292|Y|Z952|N|I350|Y|R931|Y|I259|Y|E785|Y|E669|Y|P2832|N|G479|Y|Z591|Y|R7303|Y|X58|Y95|Y| | | | | | | | | | | | | | | | | | | | | | |GZ3|25-Apr-2022|G4730|25-Apr-2022|Z741|25-Apr-2022|Z9181|25-Apr-2022|Z139|25-Apr-2022|Z1331|25-Apr-2022|Z1331|25-Apr-2022|F1990|25-Apr-2022|Z715|25-Apr-2022|||||||||||||||||||||||||||||||||0|0||8|450|99408|3.0|2022-04-26T00:00:00|hospital_C|hospital_C_20220425
SYN_BENE_94E9020FA4C3|SYN_CLM_1FB0C7DC7F07|V|60|25-Apr-2022|25-Apr-2022|29-Apr-2022||3|377673|1|1|1|| |1869.71|0.0| ||37|1306950993| |9999907899| |9999907899|||0|1| |1869.71|25-Apr-2022|1|1|A|10|0.0|373.97|0|4|0.0|0.0|0|0|0|0|0|0|0|0|0|0|0|0|0|||||25-Apr-2022|19.0|0|0||N1830|N1830|Y|R809|Y|T50905|N|R801|N|Z653|Y|I4891|Y|N181|N|E1121|Y|E11319|Y|D4959|Y|D075|Y|E781|Y|E119|Y|E8881|Y|P292|Y|Z952|N|I350|Y|R931|Y|I259|Y|E785|Y|E669|Y|P2832|N|G479|Y|Z591|Y|R7303|Y|X58|Y95|Y| | | | | | | | | | | | | | | | | | | | | | |GZ3|25-Apr-2022|G4730|25-Apr-2022|Z741|25-Apr-2022|Z9181|25-Apr-2022|Z139|25-Apr-2022|Z1331|25-Apr-2022|Z1331|25-Apr-2022|F1990|25-Apr-2022|Z715|25-Apr-2022|||||||||||||||||||||||||||||||||0|0||9|450|99408|3.0|2022-04-26T00:00:00|hospital_C|hospital_C_20220425
SYN_BENE_DF4D6895E892|SYN_CLM_7F5457B5F832|V|60|25-Apr-2022|25-Apr-2022|29-Apr-2022||3|377673|1|1|1|| |1869.71|0.0| ||37|1306950993| |9999907899| |9999907899|||0|1| |1869.71|25-Apr-2022|1|1|A|10|0.0|373.97|0|4|0.0|0.0|0|0|0|0|0|0|0|0|0|0|0|0|0|||||25-Apr-2022|19.0|0|0||N1830|N1830|Y|R809|Y|T50905|N|R801|N|Z653|Y|I4891|Y|N181|N|E1121|Y|E11319|Y|D4959|Y|D075|Y|E781|Y|E119|Y|E8881|Y|P292|Y|Z952|N|I350|Y|R931|Y|I259|Y|E785|Y|E669|Y|P2832|N|G479|Y|Z591|Y|R7303|Y|X58|Y95|Y| | | | | | | | | | | | | | | | | | | | | | |GZ3|25-Apr-2022|G4730|25-Apr-2022|Z741|25-Apr-2022|Z9181|25-Apr-2022|Z139|25-Apr-2022|Z1331|25-Apr-2022|Z1331|25-Apr-2022|F1990|25-Apr-2022|Z715|25-Apr-2022|||||||||||||||||||||||||||||||||0|0||1|450|99495|3.0|2022-04-26T00:00:00|hospital_C|hospital_C_20220425
SYN_BENE_DF4D6895E892|SYN_CLM_7F5457B5F832|V|60|25-Apr-2022|25-Apr-2022|29-Apr-2022||3|377673|1|1|1|| |1869.71|0.0| ||37|1306950993| |9999907899| |9999907899|||0|1| |1869.71|25-Apr-2022|1|1|A|10|0.0|373.97|0|4|0.0|0.0|0|0|0|0|0|0|0|0|0|0|0|0|0|||||25-Apr-2022|19.0|0|0||N1830|N1830|Y|R809|Y|T50905|N|R801|N|Z653|Y|I4891|Y|N181|N|E1121|Y|E11319|Y|D4959|Y|D075|Y|E781|Y|E119|Y|E8881|Y|P292|Y|Z952|N|I350|Y|R931|Y|I259|Y|E785|Y|E669|Y|P2832|N|G479|Y|Z591|Y|R7303|Y|X58|Y95|Y| | | | | | | | | | | | | | | | | | | | | | |GZ3|25-Apr-2022|G4730|25-Apr-2022|Z741|25-Apr-2022|Z9181|25-Apr-2022|Z139|25-Apr-2022|Z1331|25-Apr-2022|Z1331|25-Apr-2022|F1990|25-Apr-2022|Z715|25-Apr-2022|||||||||||||||||||||||||||||||||0|0||2|450|G8839|3.0|2022-04-26T00:00:00|hospital_C|hospital_C_20220425
SYN_BENE_DF4D6895E892|SYN_CLM_7F5457B5F832|V|60|25-Apr-2022|25-Apr-2022|29-Apr-2022||3|377673|1|1|1|| |1869.71|0.0| ||37|1306950993| |9999907899| |9999907899|||0|1| |1869.71|25-Apr-2022|1|1|A|10|0.0|373.97|0|4|0.0|0.0|0|0|0|0|0|0|0|0|0|0|0|0|0|||||25-Apr-2022|19.0|0|0||N1830|N1830|Y|R809|Y|T50905|N|R801|N|Z653|Y|I4891|Y|N181|N|E1121|Y|E11319|Y|D4959|Y|D075|Y|E781|Y|E119|Y|E8881|Y|P292|Y|Z952|N|I350|Y|R931|Y|I259|Y|E785|Y|E669|Y|P2832|N|G479|Y|Z591|Y|R7303|Y|X58|Y95|Y| | | | | | | | | | | | | | | | | | | | | | |GZ3|25-Apr-2022|G4730|25-Apr-2022|Z741|25-Apr-2022|Z9181|25-Apr-2022|Z139|25-Apr-2022|Z1331|25-Apr-2022|Z1331|25-Apr-2022|F1990|25-Apr-2022|Z715|25-Apr-2022|||||||||||||||||||||||||||||||||0|0||3|450|96156|3.0|2022-04-26T00:00:00|hospital_C|hospital_C_20220425
SYN_BENE_DF4D6895E892|SYN_CLM_7F5457B5F832|V|60|25-Apr-2022|25-Apr-2022|29-Apr-2022||3|377673|1|1|1|| |1869.71|0.0| ||37|1306950993| |9999907899| |9999907899|||0|1| |1869.71|25-Apr-2022|1|1|A|10|0.0|373.97|0|4|0.0|0.0|0|0|0|0|0|0|0|0|0|0|0|0|0|||||25-Apr-2022|19.0|0|0||N1830|N1830|Y|R809|Y|T50905|N|R801|N|Z653|Y|I4891|Y|N181|N|E1121|Y|E11319|Y|D4959|Y|D075|Y|E781|Y|E119|Y|E8881|Y|P292|Y|Z952|N|I350|Y|R931|Y|I259|Y|E785|Y|E669|Y|P2832|N|G479|Y|Z591|Y|R7303|Y|X58|Y95|Y| | | | | | | | | | | | | | | | | | | | | | |GZ3|25-Apr-2022|G4730|25-Apr-2022|Z741|25-Apr-2022|Z9181|25-Apr-2022|Z139|25-Apr-2022|Z1331|25-Apr-2022|Z1331|25-Apr-2022|F1990|25-Apr-2022|Z715|25-Apr-2022|||||||||||||||||||||||||||||||||0|0||4|450|M1069|3.0|2022-04-26T00:00:00|hospital_C|hospital_C_20220425
SYN_BENE_DF4D6895E892|SYN_CLM_7F5457B5F832|V|60|25-Apr-2022|25-Apr-2022|29-Apr-2022||3|377673|1|1|1|| |1869.71|0.0| ||37|1306950993| |9999907899| |9999907899|||0|1| |1869.71|25-Apr-2022|1|1|A|10|0.0|373.97|0|4|0.0|0.0|0|0|0|0|0|0|0|0|0|0|0|0|0|||||25-Apr-2022|19.0|0|0||N1830|N1830|Y|R809|Y|T50905|N|R801|N|Z653|Y|I4891|Y|N181|N|E1121|Y|E11319|Y|D4959|Y|D075|Y|E781|Y|E119|Y|E8881|Y|P292|Y|Z952|N|I350|Y|R931|Y|I259|Y|E785|Y|E669|Y|P2832|N|G479|Y|Z591|Y|R7303|Y|X58|Y95|Y| | | | | | | | | | | | | | | | | | | | | | |GZ3|25-Apr-2022|G4730|25-Apr-2022|Z741|25-Apr-2022|Z9181|25-Apr-2022|Z139|25-Apr-2022|Z1331|25-Apr-2022|Z1331|25-Apr-2022|F1990|25-Apr-2022|Z715|25-Apr-2022|||||||||||||||||||||||||||||||||0|0||5|450|99401|3.0|2022-04-26T00:00:00|hospital_C|hospital_C_20220425
SYN_BENE_DF4D6895E892|SYN_CLM_7F5457B5F832|V|60|25-Apr-2022|25-Apr-2022|29-Apr-2022||3|377673|1|1|1|| |1869.71|0.0| ||37|1306950993| |9999907899| |9999907899|||0|1| |1869.71|25-Apr-2022|1|1|A|10|0.0|373.97|0|4|0.0|0.0|0|0|0|0|0|0|0|0|0|0|0|0|0|||||25-Apr-2022|19.0|0|0||N1830|N1830|Y|R809|Y|T50905|N|R801|N|Z653|Y|I4891|Y|N181|N|E1121|Y|E11319|Y|D4959|Y|D075|Y|E781|Y|E119|Y|E8881|Y|P292|Y|Z952|N|I350|Y|R931|Y|I259|Y|E785|Y|E669|Y|P2832|N|G479|Y|Z591|Y|R7303|Y|X58|Y95|Y| | | | | | | | | | | | | | | | | | | | | | |GZ3|25-Apr-2022|G4730|25-Apr-2022|Z741|25-Apr-2022|Z9181|25-Apr-2022|Z139|25-Apr-2022|Z1331|25-Apr-2022|Z1331|25-Apr-2022|F1990|25-Apr-2022|Z715|25-Apr-2022|||||||||||||||||||||||||||||||||0|0||6|450|G0444|3.0|2022-04-26T00:00:00|hospital_C|hospital_C_20220425
SYN_BENE_DF4D6895E892|SYN_CLM_7F5457B5F832|V|60|25-Apr-2022|25-Apr-2022|29-Apr-2022||3|377673|1|1|1|| |1869.71|0.0| ||37|1306950993| |9999907899| |9999907899|||0|1| |1869.71|25-Apr-2022|1|1|A|10|0.0|373.97|0|4|0.0|0.0|0|0|0|0|0|0|0|0|0|0|0|0|0|||||25-Apr-2022|19.0|0|0||N1830|N1830|Y|R809|Y|T50905|N|R801|N|Z653|Y|I4891|Y|N181|N|E1121|Y|E11319|Y|D4959|Y|D075|Y|E781|Y|E119|Y|E8881|Y|P292|Y|Z952|N|I350|Y|R931|Y|I259|Y|E785|Y|E669|Y|P2832|N|G479|Y|Z591|Y|R7303|Y|X58|Y95|Y| | | | | | | | | | | | | | | | | | | | | | |GZ3|25-Apr-2022|G4730|25-Apr-2022|Z741|25-Apr-2022|Z9181|25-Apr-2022|Z139|25-Apr-2022|Z1331|25-Apr-2022|Z1331|25-Apr-2022|F1990|25-Apr-2022|Z715|25-Apr-2022|||||||||||||||||||||||||||||||||0|0||7|450|G0444|3.0|2022-04-26T00:00:00|hospital_C|hospital_C_20220425
SYN_BENE_DF4D6895E892|SYN_CLM_7F5457B5F832|V|60|25-Apr-2022|25-Apr-2022|29-Apr-2022||3|377673|1|1|1|| |1869.71|0.0| ||37|1306950993| |9999907899| |9999907899|||0|1| |1869.71|25-Apr-2022|1|1|A|10|0.0|373.97|0|4|0.0|0.0|0|0|0|0|0|0|0|0|0|0|0|0|0|||||25-Apr-2022|19.0|0|0||N1830|N1830|Y|R809|Y|T50905|N|R801|N|Z653|Y|I4891|Y|N181|N|E1121|Y|E11319|Y|D4959|Y|D075|Y|E781|Y|E119|Y|E8881|Y|P292|Y|Z952|N|I350|Y|R931|Y|I259|Y|E785|Y|E669|Y|P2832|N|G479|Y|Z591|Y|R7303|Y|X58|Y95|Y| | | | | | | | | | | | | | | | | | | | | | |GZ3|25-Apr-2022|G4730|25-Apr-2022|Z741|25-Apr-2022|Z9181|25-Apr-2022|Z139|25-Apr-2022|Z1331|25-Apr-2022|Z1331|25-Apr-2022|F1990|25-Apr-2022|Z715|25-Apr-2022|||||||||||||||||||||||||||||||||0|0||8|450|99408|3.0|2022-04-26T00:00:00|hospital_C|hospital_C_20220425
SYN_BENE_DF4D6895E892|SYN_CLM_7F5457B5F832|V|60|25-Apr-2022|25-Apr-2022|29-Apr-2022||3|377673|1|1|1|| |1869.71|0.0| ||37|1306950993| |9999907899| |9999907899|||0|1| |1869.71|25-Apr-2022|1|1|A|10|0.0|373.97|0|4|0.0|0.0|0|0|0|0|0|0|0|0|0|0|0|0|0|||||25-Apr-2022|19.0|0|0||N1830|N1830|Y|R809|Y|T50905|N|R801|N|Z653|Y|I4891|Y|N181|N|E1121|Y|E11319|Y|D4959|Y|D075|Y|E781|Y|E119|Y|E8881|Y|P292|Y|Z952|N|I350|Y|R931|Y|I259|Y|E785|Y|E669|Y|P2832|N|G479|Y|Z591|Y|R7303|Y|X58|Y95|Y| | | | | | | | | | | | | | | | | | | | | | |GZ3|25-Apr-2022|G4730|25-Apr-2022|Z741|25-Apr-2022|Z9181|25-Apr-2022|Z139|25-Apr-2022|Z1331|25-Apr-2022|Z1331|25-Apr-2022|F1990|25-Apr-2022|Z715|25-Apr-2022|||||||||||||||||||||||||||||||||0|0||9|450|99408|3.0|2022-04-26T00:00:00|hospital_C|hospital_C_20220425
SYN_BENE_C8118A700641|SYN_CLM_8558F7194D50|V|60|25-Apr-2022|25-Apr-2022|29-Apr-2022||3|377673|1|1|1|| |1869.71|0.0| ||37|1306950993| |9999907899| |9999907899|||0|1| |1869.71|25-Apr-2022|1|1|A|10|0.0|373.97|0|4|0.0|0.0|0|0|0|0|0|0|0|0|0|0|0|0|0|||||25-Apr-2022|19.0|0|0||N1830|N1830|Y|R809|Y|T50905|N|R801|N|Z653|Y|I4891|Y|N181|N|E1121|Y|E11319|Y|D4959|Y|D075|Y|E781|Y|E119|Y|E8881|Y|P292|Y|Z952|N|I350|Y|R931|Y|I259|Y|E785|Y|E669|Y|P2832|N|G479|Y|Z591|Y|R7303|Y|X58|Y95|Y| | | | | | | | | | | | | | | | | | | | | | |GZ3|25-Apr-2022|G4730|25-Apr-2022|Z741|25-Apr-2022|Z9181|25-Apr-2022|Z139|25-Apr-2022|Z1331|25-Apr-2022|Z1331|25-Apr-2022|F1990|25-Apr-2022|Z715|25-Apr-2022|||||||||||||||||||||||||||||||||0|0||1|450|99495|3.0|2022-04-26T00:00:00|hospital_C|hospital_C_20220425
SYN_BENE_C8118A700641|SYN_CLM_8558F7194D50|V|60|25-Apr-2022|25-Apr-2022|29-Apr-2022||3|377673|1|1|1|| |1869.71|0.0| ||37|1306950993| |9999907899| |9999907899|||0|1| |1869.71|25-Apr-2022|1|1|A|10|0.0|373.97|0|4|0.0|0.0|0|0|0|0|0|0|0|0|0|0|0|0|0|||||25-Apr-2022|19.0|0|0||N1830|N1830|Y|R809|Y|T50905|N|R801|N|Z653|Y|I4891|Y|N181|N|E1121|Y|E11319|Y|D4959|Y|D075|Y|E781|Y|E119|Y|E8881|Y|P292|Y|Z952|N|I350|Y|R931|Y|I259|Y|E785|Y|E669|Y|P2832|N|G479|Y|Z591|Y|R7303|Y|X58|Y95|Y| | | | | | | | | | | | | | | | | | | | | | |GZ3|25-Apr-2022|G4730|25-Apr-2022|Z741|25-Apr-2022|Z9181|25-Apr-2022|Z139|25-Apr-2022|Z1331|25-Apr-2022|Z1331|25-Apr-2022|F1990|25-Apr-2022|Z715|25-Apr-2022|||||||||||||||||||||||||||||||||0|0||2|450|G8839|3.0|2022-04-26T00:00:00|hospital_C|hospital_C_20220425
SYN_BENE_C8118A700641|SYN_CLM_8558F7194D50|V|60|25-Apr-2022|25-Apr-2022|29-Apr-2022||3|377673|1|1|1|| |1869.71|0.0| ||37|1306950993| |9999907899| |9999907899|||0|1| |1869.71|25-Apr-2022|1|1|A|10|0.0|373.97|0|4|0.0|0.0|0|0|0|0|0|0|0|0|0|0|0|0|0|||||25-Apr-2022|19.0|0|0||N1830|N1830|Y|R809|Y|T50905|N|R801|N|Z653|Y|I4891|Y|N181|N|E1121|Y|E11319|Y|D4959|Y|D075|Y|E781|Y|E119|Y|E8881|Y|P292|Y|Z952|N|I350|Y|R931|Y|I259|Y|E785|Y|E669|Y|P2832|N|G479|Y|Z591|Y|R7303|Y|X58|Y95|Y| | | | | | | | | | | | | | | | | | | | | | |GZ3|25-Apr-2022|G4730|25-Apr-2022|Z741|25-Apr-2022|Z9181|25-Apr-2022|Z139|25-Apr-2022|Z1331|25-Apr-2022|Z1331|25-Apr-2022|F1990|25-Apr-2022|Z715|25-Apr-2022|||||||||||||||||||||||||||||||||0|0||3|450|96156|3.0|2022-04-26T00:00:00|hospital_C|hospital_C_20220425
SYN_BENE_C8118A700641|SYN_CLM_8558F7194D50|V|60|25-Apr-2022|25-Apr-2022|29-Apr-2022||3|377673|1|1|1|| |1869.71|0.0| ||37|1306950993| |9999907899| |9999907899|||0|1| |1869.71|25-Apr-2022|1|1|A|10|0.0|373.97|0|4|0.0|0.0|0|0|0|0|0|0|0|0|0|0|0|0|0|||||25-Apr-2022|19.0|0|0||N1830|N1830|Y|R809|Y|T50905|N|R801|N|Z653|Y|I4891|Y|N181|N|E1121|Y|E11319|Y|D4959|Y|D075|Y|E781|Y|E119|Y|E8881|Y|P292|Y|Z952|N|I350|Y|R931|Y|I259|Y|E785|Y|E669|Y|P2832|N|G479|Y|Z591|Y|R7303|Y|X58|Y95|Y| | | | | | | | | | | | | | | | | | | | | | |GZ3|25-Apr-2022|G4730|25-Apr-2022|Z741|25-Apr-2022|Z9181|25-Apr-2022|Z139|25-Apr-2022|Z1331|25-Apr-2022|Z1331|25-Apr-2022|F1990|25-Apr-2022|Z715|25-Apr-2022|||||||||||||||||||||||||||||||||0|0||4|450|M1069|3.0|2022-04-26T00:00:00|hospital_C|hospital_C_20220425
SYN_BENE_C8118A700641|SYN_CLM_8558F7194D50|V|60|25-Apr-2022|25-Apr-2022|29-Apr-2022||3|377673|1|1|1|| |1869.71|0.0| ||37|1306950993| |9999907899| |9999907899|||0|1| |1869.71|25-Apr-2022|1|1|A|10|0.0|373.97|0|4|0.0|0.0|0|0|0|0|0|0|0|0|0|0|0|0|0|||||25-Apr-2022|19.0|0|0||N1830|N1830|Y|R809|Y|T50905|N|R801|N|Z653|Y|I4891|Y|N181|N|E1121|Y|E11319|Y|D4959|Y|D075|Y|E781|Y|E119|Y|E8881|Y|P292|Y|Z952|N|I350|Y|R931|Y|I259|Y|E785|Y|E669|Y|P2832|N|G479|Y|Z591|Y|R7303|Y|X58|Y95|Y| | | | | | | | | | | | | | | | | | | | | | |GZ3|25-Apr-2022|G4730|25-Apr-2022|Z741|25-Apr-2022|Z9181|25-Apr-2022|Z139|25-Apr-2022|Z1331|25-Apr-2022|Z1331|25-Apr-2022|F1990|25-Apr-2022|Z715|25-Apr-2022|||||||||||||||||||||||||||||||||0|0||5|450|99401|3.0|2022-04-26T00:00:00|hospital_C|hospital_C_20220425
SYN_BENE_C8118A700641|SYN_CLM_8558F7194D50|V|60|25-Apr-2022|25-Apr-2022|29-Apr-2022||3|377673|1|1|1|| |1869.71|0.0| ||37|1306950993| |9999907899| |9999907899|||0|1| |1869.71|25-Apr-2022|1|1|A|10|0.0|373.97|0|4|0.0|0.0|0|0|0|0|0|0|0|0|0|0|0|0|0|||||25-Apr-2022|19.0|0|0||N1830|N1830|Y|R809|Y|T50905|N|R801|N|Z653|Y|I4891|Y|N181|N|E1121|Y|E11319|Y|D4959|Y|D075|Y|E781|Y|E119|Y|E8881|Y|P292|Y|Z952|N|I350|Y|R931|Y|I259|Y|E785|Y|E669|Y|P2832|N|G479|Y|Z591|Y|R7303|Y|X58|Y95|Y| | | | | | | | | | | | | | | | | | | | | | |GZ3|25-Apr-2022|G4730|25-Apr-2022|Z741|25-Apr-2022|Z9181|25-Apr-2022|Z139|25-Apr-2022|Z1331|25-Apr-2022|Z1331|25-Apr-2022|F1990|25-Apr-2022|Z715|25-Apr-2022|||||||||||||||||||||||||||||||||0|0||6|450|G0444|3.0|2022-04-26T00:00:00|hospital_C|hospital_C_20220425
SYN_BENE_C8118A700641|SYN_CLM_8558F7194D50|V|60|25-Apr-2022|25-Apr-2022|29-Apr-2022||3|377673|1|1|1|| |1869.71|0.0| ||37|1306950993| |9999907899| |9999907899|||0|1| |1869.71|25-Apr-2022|1|1|A|10|0.0|373.97|0|4|0.0|0.0|0|0|0|0|0|0|0|0|0|0|0|0|0|||||25-Apr-2022|19.0|0|0||N1830|N1830|Y|R809|Y|T50905|N|R801|N|Z653|Y|I4891|Y|N181|N|E1121|Y|E11319|Y|D4959|Y|D075|Y|E781|Y|E119|Y|E8881|Y|P292|Y|Z952|N|I350|Y|R931|Y|I259|Y|E785|Y|E669|Y|P2832|N|G479|Y|Z591|Y|R7303|Y|X58|Y95|Y| | | | | | | | | | | | | | | | | | | | | | |GZ3|25-Apr-2022|G4730|25-Apr-2022|Z741|25-Apr-2022|Z9181|25-Apr-2022|Z139|25-Apr-2022|Z1331|25-Apr-2022|Z1331|25-Apr-2022|F1990|25-Apr-2022|Z715|25-Apr-2022|||||||||||||||||||||||||||||||||0|0||7|450|G0444|3.0|2022-04-26T00:00:00|hospital_C|hospital_C_20220425
SYN_BENE_C8118A700641|SYN_CLM_8558F7194D50|V|60|25-Apr-2022|25-Apr-2022|29-Apr-2022||3|377673|1|1|1|| |1869.71|0.0| ||37|1306950993| |9999907899| |9999907899|||0|1| |1869.71|25-Apr-2022|1|1|A|10|0.0|373.97|0|4|0.0|0.0|0|0|0|0|0|0|0|0|0|0|0|0|0|||||25-Apr-2022|19.0|0|0||N1830|N1830|Y|R809|Y|T50905|N|R801|N|Z653|Y|I4891|Y|N181|N|E1121|Y|E11319|Y|D4959|Y|D075|Y|E781|Y|E119|Y|E8881|Y|P292|Y|Z952|N|I350|Y|R931|Y|I259|Y|E785|Y|E669|Y|P2832|N|G479|Y|Z591|Y|R7303|Y|X58|Y95|Y| | | | | | | | | | | | | | | | | | | | | | |GZ3|25-Apr-2022|G4730|25-Apr-2022|Z741|25-Apr-2022|Z9181|25-Apr-2022|Z139|25-Apr-2022|Z1331|25-Apr-2022|Z1331|25-Apr-2022|F1990|25-Apr-2022|Z715|25-Apr-2022|||||||||||||||||||||||||||||||||0|0||8|450|99408|3.0|2022-04-26T00:00:00|hospital_C|hospital_C_20220425
SYN_BENE_C8118A700641|SYN_CLM_8558F7194D50|V|60|25-Apr-2022|25-Apr-2022|29-Apr-2022||3|377673|1|1|1|| |1869.71|0.0| ||37|1306950993| |9999907899| |9999907899|||0|1| |1869.71|25-Apr-2022|1|1|A|10|0.0|373.97|0|4|0.0|0.0|0|0|0|0|0|0|0|0|0|0|0|0|0|||||25-Apr-2022|19.0|0|0||N1830|N1830|Y|R809|Y|T50905|N|R801|N|Z653|Y|I4891|Y|N181|N|E1121|Y|E11319|Y|D4959|Y|D075|Y|E781|Y|E119|Y|E8881|Y|P292|Y|Z952|N|I350|Y|R931|Y|I259|Y|E785|Y|E669|Y|P2832|N|G479|Y|Z591|Y|R7303|Y|X58|Y95|Y| | | | | | | | | | | | | | | | | | | | | | |GZ3|25-Apr-2022|G4730|25-Apr-2022|Z741|25-Apr-2022|Z9181|25-Apr-2022|Z139|25-Apr-2022|Z1331|25-Apr-2022|Z1331|25-Apr-2022|F1990|25-Apr-2022|Z715|25-Apr-2022|||||||||||||||||||||||||||||||||0|0||9|450|99408|3.0|2022-04-26T00:00:00|hospital_C|hospital_C_20220425
SYN_BENE_C8AC697B7AD9|SYN_CLM_8E35C3F5782B|V|60|25-Apr-2022|25-Apr-2022|29-Apr-2022||3|377673|1|1|1|| |1869.71|0.0| ||37|1306950993| |9999907899| |9999907899|||0|1| |1869.71|25-Apr-2022|1|1|A|10|0.0|373.97|0|4|0.0|0.0|0|0|0|0|0|0|0|0|0|0|0|0|0|||||25-Apr-2022|19.0|0|0||N1830|N1830|Y|R809|Y|T50905|N|R801|N|Z653|Y|I4891|Y|N181|N|E1121|Y|E11319|Y|D4959|Y|D075|Y|E781|Y|E119|Y|E8881|Y|P292|Y|Z952|N|I350|Y|R931|Y|I259|Y|E785|Y|E669|Y|P2832|N|G479|Y|Z591|Y|R7303|Y|X58|Y95|Y| | | | | | | | | | | | | | | | | | | | | | |GZ3|25-Apr-2022|G4730|25-Apr-2022|Z741|25-Apr-2022|Z9181|25-Apr-2022|Z139|25-Apr-2022|Z1331|25-Apr-2022|Z1331|25-Apr-2022|F1990|25-Apr-2022|Z715|25-Apr-2022|||||||||||||||||||||||||||||||||0|0||1|450|99495|3.0|2022-04-26T00:00:00|hospital_C|hospital_C_20220425
SYN_BENE_C8AC697B7AD9|SYN_CLM_8E35C3F5782B|V|60|25-Apr-2022|25-Apr-2022|29-Apr-2022||3|377673|1|1|1|| |1869.71|0.0| ||37|1306950993| |9999907899| |9999907899|||0|1| |1869.71|25-Apr-2022|1|1|A|10|0.0|373.97|0|4|0.0|0.0|0|0|0|0|0|0|0|0|0|0|0|0|0|||||25-Apr-2022|19.0|0|0||N1830|N1830|Y|R809|Y|T50905|N|R801|N|Z653|Y|I4891|Y|N181|N|E1121|Y|E11319|Y|D4959|Y|D075|Y|E781|Y|E119|Y|E8881|Y|P292|Y|Z952|N|I350|Y|R931|Y|I259|Y|E785|Y|E669|Y|P2832|N|G479|Y|Z591|Y|R7303|Y|X58|Y95|Y| | | | | | | | | | | | | | | | | | | | | | |GZ3|25-Apr-2022|G4730|25-Apr-2022|Z741|25-Apr-2022|Z9181|25-Apr-2022|Z139|25-Apr-2022|Z1331|25-Apr-2022|Z1331|25-Apr-2022|F1990|25-Apr-2022|Z715|25-Apr-2022|||||||||||||||||||||||||||||||||0|0||2|450|G8839|3.0|2022-04-26T00:00:00|hospital_C|hospital_C_20220425
SYN_BENE_C8AC697B7AD9|SYN_CLM_8E35C3F5782B|V|60|25-Apr-2022|25-Apr-2022|29-Apr-2022||3|377673|1|1|1|| |1869.71|0.0| ||37|1306950993| |9999907899| |9999907899|||0|1| |1869.71|25-Apr-2022|1|1|A|10|0.0|373.97|0|4|0.0|0.0|0|0|0|0|0|0|0|0|0|0|0|0|0|||||25-Apr-2022|19.0|0|0||N1830|N1830|Y|R809|Y|T50905|N|R801|N|Z653|Y|I4891|Y|N181|N|E1121|Y|E11319|Y|D4959|Y|D075|Y|E781|Y|E119|Y|E8881|Y|P292|Y|Z952|N|I350|Y|R931|Y|I259|Y|E785|Y|E669|Y|P2832|N|G479|Y|Z591|Y|R7303|Y|X58|Y95|Y| | | | | | | | | | | | | | | | | | | | | | |GZ3|25-Apr-2022|G4730|25-Apr-2022|Z741|25-Apr-2022|Z9181|25-Apr-2022|Z139|25-Apr-2022|Z1331|25-Apr-2022|Z1331|25-Apr-2022|F1990|25-Apr-2022|Z715|25-Apr-2022|||||||||||||||||||||||||||||||||0|0||3|450|96156|3.0|2022-04-26T00:00:00|hospital_C|hospital_C_20220425
SYN_BENE_C8AC697B7AD9|SYN_CLM_8E35C3F5782B|V|60|25-Apr-2022|25-Apr-2022|29-Apr-2022||3|377673|1|1|1|| |1869.71|0.0| ||37|1306950993| |9999907899| |9999907899|||0|1| |1869.71|25-Apr-2022|1|1|A|10|0.0|373.97|0|4|0.0|0.0|0|0|0|0|0|0|0|0|0|0|0|0|0|||||25-Apr-2022|19.0|0|0||N1830|N1830|Y|R809|Y|T50905|N|R801|N|Z653|Y|I4891|Y|N181|N|E1121|Y|E11319|Y|D4959|Y|D075|Y|E781|Y|E119|Y|E8881|Y|P292|Y|Z952|N|I350|Y|R931|Y|I259|Y|E785|Y|E669|Y|P2832|N|G479|Y|Z591|Y|R7303|Y|X58|Y95|Y| | | | | | | | | | | | | | | | | | | | | | |GZ3|25-Apr-2022|G4730|25-Apr-2022|Z741|25-Apr-2022|Z9181|25-Apr-2022|Z139|25-Apr-2022|Z1331|25-Apr-2022|Z1331|25-Apr-2022|F1990|25-Apr-2022|Z715|25-Apr-2022|||||||||||||||||||||||||||||||||0|0||4|450|M1069|3.0|2022-04-26T00:00:00|hospital_C|hospital_C_20220425
SYN_BENE_C8AC697B7AD9|SYN_CLM_8E35C3F5782B|V|60|25-Apr-2022|25-Apr-2022|29-Apr-2022||3|377673|1|1|1|| |1869.71|0.0| ||37|1306950993| |9999907899| |9999907899|||0|1| |1869.71|25-Apr-2022|1|1|A|10|0.0|373.97|0|4|0.0|0.0|0|0|0|0|0|0|0|0|0|0|0|0|0|||||25-Apr-2022|19.0|0|0||N1830|N1830|Y|R809|Y|T50905|N|R801|N|Z653|Y|I4891|Y|N181|N|E1121|Y|E11319|Y|D4959|Y|D075|Y|E781|Y|E119|Y|E8881|Y|P292|Y|Z952|N|I350|Y|R931|Y|I259|Y|E785|Y|E669|Y|P2832|N|G479|Y|Z591|Y|R7303|Y|X58|Y95|Y| | | | | | | | | | | | | | | | | | | | | | |GZ3|25-Apr-2022|G4730|25-Apr-2022|Z741|25-Apr-2022|Z9181|25-Apr-2022|Z139|25-Apr-2022|Z1331|25-Apr-2022|Z1331|25-Apr-2022|F1990|25-Apr-2022|Z715|25-Apr-2022|||||||||||||||||||||||||||||||||0|0||5|450|99401|3.0|2022-04-26T00:00:00|hospital_C|hospital_C_20220425
SYN_BENE_C8AC697B7AD9|SYN_CLM_8E35C3F5782B|V|60|25-Apr-2022|25-Apr-2022|29-Apr-2022||3|377673|1|1|1|| |1869.71|0.0| ||37|1306950993| |9999907899| |9999907899|||0|1| |1869.71|25-Apr-2022|1|1|A|10|0.0|373.97|0|4|0.0|0.0|0|0|0|0|0|0|0|0|0|0|0|0|0|||||25-Apr-2022|19.0|0|0||N1830|N1830|Y|R809|Y|T50905|N|R801|N|Z653|Y|I4891|Y|N181|N|E1121|Y|E11319|Y|D4959|Y|D075|Y|E781|Y|E119|Y|E8881|Y|P292|Y|Z952|N|I350|Y|R931|Y|I259|Y|E785|Y|E669|Y|P2832|N|G479|Y|Z591|Y|R7303|Y|X58|Y95|Y| | | | | | | | | | | | | | | | | | | | | | |GZ3|25-Apr-2022|G4730|25-Apr-2022|Z741|25-Apr-2022|Z9181|25-Apr-2022|Z139|25-Apr-2022|Z1331|25-Apr-2022|Z1331|25-Apr-2022|F1990|25-Apr-2022|Z715|25-Apr-2022|||||||||||||||||||||||||||||||||0|0||6|450|G0444|3.0|2022-04-26T00:00:00|hospital_C|hospital_C_20220425
SYN_BENE_C8AC697B7AD9|SYN_CLM_8E35C3F5782B|V|60|25-Apr-2022|25-Apr-2022|29-Apr-2022||3|377673|1|1|1|| |1869.71|0.0| ||37|1306950993| |9999907899| |9999907899|||0|1| |1869.71|25-Apr-2022|1|1|A|10|0.0|373.97|0|4|0.0|0.0|0|0|0|0|0|0|0|0|0|0|0|0|0|||||25-Apr-2022|19.0|0|0||N1830|N1830|Y|R809|Y|T50905|N|R801|N|Z653|Y|I4891|Y|N181|N|E1121|Y|E11319|Y|D4959|Y|D075|Y|E781|Y|E119|Y|E8881|Y|P292|Y|Z952|N|I350|Y|R931|Y|I259|Y|E785|Y|E669|Y|P2832|N|G479|Y|Z591|Y|R7303|Y|X58|Y95|Y| | | | | | | | | | | | | | | | | | | | | | |GZ3|25-Apr-2022|G4730|25-Apr-2022|Z741|25-Apr-2022|Z9181|25-Apr-2022|Z139|25-Apr-2022|Z1331|25-Apr-2022|Z1331|25-Apr-2022|F1990|25-Apr-2022|Z715|25-Apr-2022|||||||||||||||||||||||||||||||||0|0||7|450|G0444|3.0|2022-04-26T00:00:00|hospital_C|hospital_C_20220425
SYN_BENE_C8AC697B7AD9|SYN_CLM_8E35C3F5782B|V|60|25-Apr-2022|25-Apr-2022|29-Apr-2022||3|377673|1|1|1|| |1869.71|0.0| ||37|1306950993| |9999907899| |9999907899|||0|1| |1869.71|25-Apr-2022|1|1|A|10|0.0|373.97|0|4|0.0|0.0|0|0|0|0|0|0|0|0|0|0|0|0|0|||||25-Apr-2022|19.0|0|0||N1830|N1830|Y|R809|Y|T50905|N|R801|N|Z653|Y|I4891|Y|N181|N|E1121|Y|E11319|Y|D4959|Y|D075|Y|E781|Y|E119|Y|E8881|Y|P292|Y|Z952|N|I350|Y|R931|Y|I259|Y|E785|Y|E669|Y|P2832|N|G479|Y|Z591|Y|R7303|Y|X58|Y95|Y| | | | | | | | | | | | | | | | | | | | | | |GZ3|25-Apr-2022|G4730|25-Apr-2022|Z741|25-Apr-2022|Z9181|25-Apr-2022|Z139|25-Apr-2022|Z1331|25-Apr-2022|Z1331|25-Apr-2022|F1990|25-Apr-2022|Z715|25-Apr-2022|||||||||||||||||||||||||||||||||0|0||8|450|99408|3.0|2022-04-26T00:00:00|hospital_C|hospital_C_20220425
SYN_BENE_C8AC697B7AD9|SYN_CLM_8E35C3F5782B|V|60|25-Apr-2022|25-Apr-2022|29-Apr-2022||3|377673|1|1|1|| |1869.71|0.0| ||37|1306950993| |9999907899| |9999907899|||0|1| |1869.71|25-Apr-2022|1|1|A|10|0.0|373.97|0|4|0.0|0.0|0|0|0|0|0|0|0|0|0|0|0|0|0|||||25-Apr-2022|19.0|0|0||N1830|N1830|Y|R809|Y|T50905|N|R801|N|Z653|Y|I4891|Y|N181|N|E1121|Y|E11319|Y|D4959|Y|D075|Y|E781|Y|E119|Y|E8881|Y|P292|Y|Z952|N|I350|Y|R931|Y|I259|Y|E785|Y|E669|Y|P2832|N|G479|Y|Z591|Y|R7303|Y|X58|Y95|Y| | | | | | | | | | | | | | | | | | | | | | |GZ3|25-Apr-2022|G4730|25-Apr-2022|Z741|25-Apr-2022|Z9181|25-Apr-2022|Z139|25-Apr-2022|Z1331|25-Apr-2022|Z1331|25-Apr-2022|F1990|25-Apr-2022|Z715|25-Apr-2022|||||||||||||||||||||||||||||||||0|0||9|450|99408|3.0|2022-04-26T00:00:00|hospital_C|hospital_C_20220425
SYN_BENE_DDC572160D77|SYN_CLM_4B42FD804EC2|V|60|25-Apr-2022|25-Apr-2022|29-Apr-2022||3|377673|1|1|1|| |1869.71|0.0| ||37|1306950993| |9999907899| |9999907899|||0|1| |1869.71|25-Apr-2022|1|1|A|10|0.0|373.97|0|4|0.0|0.0|0|0|0|0|0|0|0|0|0|0|0|0|0|||||25-Apr-2022|19.0|0|0||N1830|N1830|Y|R809|Y|T50905|N|R801|N|Z653|Y|I4891|Y|N181|N|E1121|Y|E11319|Y|D4959|Y|D075|Y|E781|Y|E119|Y|E8881|Y|P292|Y|Z952|N|I350|Y|R931|Y|I259|Y|E785|Y|E669|Y|P2832|N|G479|Y|Z591|Y|R7303|Y|X58|Y95|Y| | | | | | | | | | | | | | | | | | | | | | |GZ3|25-Apr-2022|G4730|25-Apr-2022|Z741|25-Apr-2022|Z9181|25-Apr-2022|Z139|25-Apr-2022|Z1331|25-Apr-2022|Z1331|25-Apr-2022|F1990|25-Apr-2022|Z715|25-Apr-2022|||||||||||||||||||||||||||||||||0|0||1|450|99495|3.0|2022-04-26T00:00:00|hospital_C|hospital_C_20220425
SYN_BENE_DDC572160D77|SYN_CLM_4B42FD804EC2|V|60|25-Apr-2022|25-Apr-2022|29-Apr-2022||3|377673|1|1|1|| |1869.71|0.0| ||37|1306950993| |9999907899| |9999907899|||0|1| |1869.71|25-Apr-2022|1|1|A|10|0.0|373.97|0|4|0.0|0.0|0|0|0|0|0|0|0|0|0|0|0|0|0|||||25-Apr-2022|19.0|0|0||N1830|N1830|Y|R809|Y|T50905|N|R801|N|Z653|Y|I4891|Y|N181|N|E1121|Y|E11319|Y|D4959|Y|D075|Y|E781|Y|E119|Y|E8881|Y|P292|Y|Z952|N|I350|Y|R931|Y|I259|Y|E785|Y|E669|Y|P2832|N|G479|Y|Z591|Y|R7303|Y|X58|Y95|Y| | | | | | | | | | | | | | | | | | | | | | |GZ3|25-Apr-2022|G4730|25-Apr-2022|Z741|25-Apr-2022|Z9181|25-Apr-2022|Z139|25-Apr-2022|Z1331|25-Apr-2022|Z1331|25-Apr-2022|F1990|25-Apr-2022|Z715|25-Apr-2022|||||||||||||||||||||||||||||||||0|0||2|450|G8839|3.0|2022-04-26T00:00:00|hospital_C|hospital_C_20220425
SYN_BENE_DDC572160D77|SYN_CLM_4B42FD804EC2|V|60|25-Apr-2022|25-Apr-2022|29-Apr-2022||3|377673|1|1|1|| |1869.71|0.0| ||37|1306950993| |9999907899| |9999907899|||0|1| |1869.71|25-Apr-2022|1|1|A|10|0.0|373.97|0|4|0.0|0.0|0|0|0|0|0|0|0|0|0|0|0|0|0|||||25-Apr-2022|19.0|0|0||N1830|N1830|Y|R809|Y|T50905|N|R801|N|Z653|Y|I4891|Y|N181|N|E1121|Y|E11319|Y|D4959|Y|D075|Y|E781|Y|E119|Y|E8881|Y|P292|Y|Z952|N|I350|Y|R931|Y|I259|Y|E785|Y|E669|Y|P2832|N|G479|Y|Z591|Y|R7303|Y|X58|Y95|Y| | | | | | | | | | | | | | | | | | | | | | |GZ3|25-Apr-2022|G4730|25-Apr-2022|Z741|25-Apr-2022|Z9181|25-Apr-2022|Z139|25-Apr-2022|Z1331|25-Apr-2022|Z1331|25-Apr-2022|F1990|25-Apr-2022|Z715|25-Apr-2022|||||||||||||||||||||||||||||||||0|0||3|450|96156|3.0|2022-04-26T00:00:00|hospital_C|hospital_C_20220425
SYN_BENE_DDC572160D77|SYN_CLM_4B42FD804EC2|V|60|25-Apr-2022|25-Apr-2022|29-Apr-2022||3|377673|1|1|1|| |1869.71|0.0| ||37|1306950993| |9999907899| |9999907899|||0|1| |1869.71|25-Apr-2022|1|1|A|10|0.0|373.97|0|4|0.0|0.0|0|0|0|0|0|0|0|0|0|0|0|0|0|||||25-Apr-2022|19.0|0|0||N1830|N1830|Y|R809|Y|T50905|N|R801|N|Z653|Y|I4891|Y|N181|N|E1121|Y|E11319|Y|D4959|Y|D075|Y|E781|Y|E119|Y|E8881|Y|P292|Y|Z952|N|I350|Y|R931|Y|I259|Y|E785|Y|E669|Y|P2832|N|G479|Y|Z591|Y|R7303|Y|X58|Y95|Y| | | | | | | | | | | | | | | | | | | | | | |GZ3|25-Apr-2022|G4730|25-Apr-2022|Z741|25-Apr-2022|Z9181|25-Apr-2022|Z139|25-Apr-2022|Z1331|25-Apr-2022|Z1331|25-Apr-2022|F1990|25-Apr-2022|Z715|25-Apr-2022|||||||||||||||||||||||||||||||||0|0||4|450|M1069|3.0|2022-04-26T00:00:00|hospital_C|hospital_C_20220425
SYN_BENE_DDC572160D77|SYN_CLM_4B42FD804EC2|V|60|25-Apr-2022|25-Apr-2022|29-Apr-2022||3|377673|1|1|1|| |1869.71|0.0| ||37|1306950993| |9999907899| |9999907899|||0|1| |1869.71|25-Apr-2022|1|1|A|10|0.0|373.97|0|4|0.0|0.0|0|0|0|0|0|0|0|0|0|0|0|0|0|||||25-Apr-2022|19.0|0|0||N1830|N1830|Y|R809|Y|T50905|N|R801|N|Z653|Y|I4891|Y|N181|N|E1121|Y|E11319|Y|D4959|Y|D075|Y|E781|Y|E119|Y|E8881|Y|P292|Y|Z952|N|I350|Y|R931|Y|I259|Y|E785|Y|E669|Y|P2832|N|G479|Y|Z591|Y|R7303|Y|X58|Y95|Y| | | | | | | | | | | | | | | | | | | | | | |GZ3|25-Apr-2022|G4730|25-Apr-2022|Z741|25-Apr-2022|Z9181|25-Apr-2022|Z139|25-Apr-2022|Z1331|25-Apr-2022|Z1331|25-Apr-2022|F1990|25-Apr-2022|Z715|25-Apr-2022|||||||||||||||||||||||||||||||||0|0||5|450|99401|3.0|2022-04-26T00:00:00|hospital_C|hospital_C_20220425
SYN_BENE_DDC572160D77|SYN_CLM_4B42FD804EC2|V|60|25-Apr-2022|25-Apr-2022|29-Apr-2022||3|377673|1|1|1|| |1869.71|0.0| ||37|1306950993| |9999907899| |9999907899|||0|1| |1869.71|25-Apr-2022|1|1|A|10|0.0|373.97|0|4|0.0|0.0|0|0|0|0|0|0|0|0|0|0|0|0|0|||||25-Apr-2022|19.0|0|0||N1830|N1830|Y|R809|Y|T50905|N|R801|N|Z653|Y|I4891|Y|N181|N|E1121|Y|E11319|Y|D4959|Y|D075|Y|E781|Y|E119|Y|E8881|Y|P292|Y|Z952|N|I350|Y|R931|Y|I259|Y|E785|Y|E669|Y|P2832|N|G479|Y|Z591|Y|R7303|Y|X58|Y95|Y| | | | | | | | | | | | | | | | | | | | | | |GZ3|25-Apr-2022|G4730|25-Apr-2022|Z741|25-Apr-2022|Z9181|25-Apr-2022|Z139|25-Apr-2022|Z1331|25-Apr-2022|Z1331|25-Apr-2022|F1990|25-Apr-2022|Z715|25-Apr-2022|||||||||||||||||||||||||||||||||0|0||6|450|G0444|3.0|2022-04-26T00:00:00|hospital_C|hospital_C_20220425
SYN_BENE_DDC572160D77|SYN_CLM_4B42FD804EC2|V|60|25-Apr-2022|25-Apr-2022|29-Apr-2022||3|377673|1|1|1|| |1869.71|0.0| ||37|1306950993| |9999907899| |9999907899|||0|1| |1869.71|25-Apr-2022|1|1|A|10|0.0|373.97|0|4|0.0|0.0|0|0|0|0|0|0|0|0|0|0|0|0|0|||||25-Apr-2022|19.0|0|0||N1830|N1830|Y|R809|Y|T50905|N|R801|N|Z653|Y|I4891|Y|N181|N|E1121|Y|E11319|Y|D4959|Y|D075|Y|E781|Y|E119|Y|E8881|Y|P292|Y|Z952|N|I350|Y|R931|Y|I259|Y|E785|Y|E669|Y|P2832|N|G479|Y|Z591|Y|R7303|Y|X58|Y95|Y| | | | | | | | | | | | | | | | | | | | | | |GZ3|25-Apr-2022|G4730|25-Apr-2022|Z741|25-Apr-2022|Z9181|25-Apr-2022|Z139|25-Apr-2022|Z1331|25-Apr-2022|Z1331|25-Apr-2022|F1990|25-Apr-2022|Z715|25-Apr-2022|||||||||||||||||||||||||||||||||0|0||7|450|G0444|3.0|2022-04-26T00:00:00|hospital_C|hospital_C_20220425
SYN_BENE_DDC572160D77|SYN_CLM_4B42FD804EC2|V|60|25-Apr-2022|25-Apr-2022|29-Apr-2022||3|377673|1|1|1|| |1869.71|0.0| ||37|1306950993| |9999907899| |9999907899|||0|1| |1869.71|25-Apr-2022|1|1|A|10|0.0|373.97|0|4|0.0|0.0|0|0|0|0|0|0|0|0|0|0|0|0|0|||||25-Apr-2022|19.0|0|0||N1830|N1830|Y|R809|Y|T50905|N|R801|N|Z653|Y|I4891|Y|N181|N|E1121|Y|E11319|Y|D4959|Y|D075|Y|E781|Y|E119|Y|E8881|Y|P292|Y|Z952|N|I350|Y|R931|Y|I259|Y|E785|Y|E669|Y|P2832|N|G479|Y|Z591|Y|R7303|Y|X58|Y95|Y| | | | | | | | | | | | | | | | | | | | | | |GZ3|25-Apr-2022|G4730|25-Apr-2022|Z741|25-Apr-2022|Z9181|25-Apr-2022|Z139|25-Apr-2022|Z1331|25-Apr-2022|Z1331|25-Apr-2022|F1990|25-Apr-2022|Z715|25-Apr-2022|||||||||||||||||||||||||||||||||0|0||8|450|99408|3.0|2022-04-26T00:00:00|hospital_C|hospital_C_20220425
SYN_BENE_DDC572160D77|SYN_CLM_4B42FD804EC2|V|60|25-Apr-2022|25-Apr-2022|29-Apr-2022||3|377673|1|1|1|| |1869.71|0.0| ||37|1306950993| |9999907899| |9999907899|||0|1| |1869.71|25-Apr-2022|1|1|A|10|0.0|373.97|0|4|0.0|0.0|0|0|0|0|0|0|0|0|0|0|0|0|0|||||25-Apr-2022|19.0|0|0||N1830|N1830|Y|R809|Y|T50905|N|R801|N|Z653|Y|I4891|Y|N181|N|E1121|Y|E11319|Y|D4959|Y|D075|Y|E781|Y|E119|Y|E8881|Y|P292|Y|Z952|N|I350|Y|R931|Y|I259|Y|E785|Y|E669|Y|P2832|N|G479|Y|Z591|Y|R7303|Y|X58|Y95|Y| | | | | | | | | | | | | | | | | | | | | | |GZ3|25-Apr-2022|G4730|25-Apr-2022|Z741|25-Apr-2022|Z9181|25-Apr-2022|Z139|25-Apr-2022|Z1331|25-Apr-2022|Z1331|25-Apr-2022|F1990|25-Apr-2022|Z715|25-Apr-2022|||||||||||||||||||||||||||||||||0|0||9|450|99408|3.0|2022-04-26T00:00:00|hospital_C|hospital_C_20220425
SYN_BENE_44647D9C9727|SYN_CLM_1147554C3551|V|60|25-Apr-2022|25-Apr-2022|29-Apr-2022||3|377673|1|1|1|| |1869.71|0.0| ||37|1306950993| |9999907899| |9999907899|||0|1| |1869.71|25-Apr-2022|1|1|A|10|0.0|373.97|0|4|0.0|0.0|0|0|0|0|0|0|0|0|0|0|0|0|0|||||25-Apr-2022|19.0|0|0||N1830|N1830|Y|R809|Y|T50905|N|R801|N|Z653|Y|I4891|Y|N181|N|E1121|Y|E11319|Y|D4959|Y|D075|Y|E781|Y|E119|Y|E8881|Y|P292|Y|Z952|N|I350|Y|R931|Y|I259|Y|E785|Y|E669|Y|P2832|N|G479|Y|Z591|Y|R7303|Y|X58|Y95|Y| | | | | | | | | | | | | | | | | | | | | | |GZ3|25-Apr-2022|G4730|25-Apr-2022|Z741|25-Apr-2022|Z9181|25-Apr-2022|Z139|25-Apr-2022|Z1331|25-Apr-2022|Z1331|25-Apr-2022|F1990|25-Apr-2022|Z715|25-Apr-2022|||||||||||||||||||||||||||||||||0|0||1|450|99495|3.0|2022-04-26T00:00:00|hospital_C|hospital_C_20220425
SYN_BENE_44647D9C9727|SYN_CLM_1147554C3551|V|60|25-Apr-2022|25-Apr-2022|29-Apr-2022||3|377673|1|1|1|| |1869.71|0.0| ||37|1306950993| |9999907899| |9999907899|||0|1| |1869.71|25-Apr-2022|1|1|A|10|0.0|373.97|0|4|0.0|0.0|0|0|0|0|0|0|0|0|0|0|0|0|0|||||25-Apr-2022|19.0|0|0||N1830|N1830|Y|R809|Y|T50905|N|R801|N|Z653|Y|I4891|Y|N181|N|E1121|Y|E11319|Y|D4959|Y|D075|Y|E781|Y|E119|Y|E8881|Y|P292|Y|Z952|N|I350|Y|R931|Y|I259|Y|E785|Y|E669|Y|P2832|N|G479|Y|Z591|Y|R7303|Y|X58|Y95|Y| | | | | | | | | | | | | | | | | | | | | | |GZ3|25-Apr-2022|G4730|25-Apr-2022|Z741|25-Apr-2022|Z9181|25-Apr-2022|Z139|25-Apr-2022|Z1331|25-Apr-2022|Z1331|25-Apr-2022|F1990|25-Apr-2022|Z715|25-Apr-2022|||||||||||||||||||||||||||||||||0|0||2|450|G8839|3.0|2022-04-26T00:00:00|hospital_C|hospital_C_20220425
SYN_BENE_44647D9C9727|SYN_CLM_1147554C3551|V|60|25-Apr-2022|25-Apr-2022|29-Apr-2022||3|377673|1|1|1|| |1869.71|0.0| ||37|1306950993| |9999907899| |9999907899|||0|1| |1869.71|25-Apr-2022|1|1|A|10|0.0|373.97|0|4|0.0|0.0|0|0|0|0|0|0|0|0|0|0|0|0|0|||||25-Apr-2022|19.0|0|0||N1830|N1830|Y|R809|Y|T50905|N|R801|N|Z653|Y|I4891|Y|N181|N|E1121|Y|E11319|Y|D4959|Y|D075|Y|E781|Y|E119|Y|E8881|Y|P292|Y|Z952|N|I350|Y|R931|Y|I259|Y|E785|Y|E669|Y|P2832|N|G479|Y|Z591|Y|R7303|Y|X58|Y95|Y| | | | | | | | | | | | | | | | | | | | | | |GZ3|25-Apr-2022|G4730|25-Apr-2022|Z741|25-Apr-2022|Z9181|25-Apr-2022|Z139|25-Apr-2022|Z1331|25-Apr-2022|Z1331|25-Apr-2022|F1990|25-Apr-2022|Z715|25-Apr-2022|||||||||||||||||||||||||||||||||0|0||3|450|96156|3.0|2022-04-26T00:00:00|hospital_C|hospital_C_20220425
SYN_BENE_44647D9C9727|SYN_CLM_1147554C3551|V|60|25-Apr-2022|25-Apr-2022|29-Apr-2022||3|377673|1|1|1|| |1869.71|0.0| ||37|1306950993| |9999907899| |9999907899|||0|1| |1869.71|25-Apr-2022|1|1|A|10|0.0|373.97|0|4|0.0|0.0|0|0|0|0|0|0|0|0|0|0|0|0|0|||||25-Apr-2022|19.0|0|0||N1830|N1830|Y|R809|Y|T50905|N|R801|N|Z653|Y|I4891|Y|N181|N|E1121|Y|E11319|Y|D4959|Y|D075|Y|E781|Y|E119|Y|E8881|Y|P292|Y|Z952|N|I350|Y|R931|Y|I259|Y|E785|Y|E669|Y|P2832|N|G479|Y|Z591|Y|R7303|Y|X58|Y95|Y| | | | | | | | | | | | | | | | | | | | | | |GZ3|25-Apr-2022|G4730|25-Apr-2022|Z741|25-Apr-2022|Z9181|25-Apr-2022|Z139|25-Apr-2022|Z1331|25-Apr-2022|Z1331|25-Apr-2022|F1990|25-Apr-2022|Z715|25-Apr-2022|||||||||||||||||||||||||||||||||0|0||4|450|M1069|3.0|2022-04-26T00:00:00|hospital_C|hospital_C_20220425
SYN_BENE_44647D9C9727|SYN_CLM_1147554C3551|V|60|25-Apr-2022|25-Apr-2022|29-Apr-2022||3|377673|1|1|1|| |1869.71|0.0| ||37|1306950993| |9999907899| |9999907899|||0|1| |1869.71|25-Apr-2022|1|1|A|10|0.0|373.97|0|4|0.0|0.0|0|0|0|0|0|0|0|0|0|0|0|0|0|||||25-Apr-2022|19.0|0|0||N1830|N1830|Y|R809|Y|T50905|N|R801|N|Z653|Y|I4891|Y|N181|N|E1121|Y|E11319|Y|D4959|Y|D075|Y|E781|Y|E119|Y|E8881|Y|P292|Y|Z952|N|I350|Y|R931|Y|I259|Y|E785|Y|E669|Y|P2832|N|G479|Y|Z591|Y|R7303|Y|X58|Y95|Y| | | | | | | | | | | | | | | | | | | | | | |GZ3|25-Apr-2022|G4730|25-Apr-2022|Z741|25-Apr-2022|Z9181|25-Apr-2022|Z139|25-Apr-2022|Z1331|25-Apr-2022|Z1331|25-Apr-2022|F1990|25-Apr-2022|Z715|25-Apr-2022|||||||||||||||||||||||||||||||||0|0||5|450|99401|3.0|2022-04-26T00:00:00|hospital_C|hospital_C_20220425
SYN_BENE_44647D9C9727|SYN_CLM_1147554C3551|V|60|25-Apr-2022|25-Apr-2022|29-Apr-2022||3|377673|1|1|1|| |1869.71|0.0| ||37|1306950993| |9999907899| |9999907899|||0|1| |1869.71|25-Apr-2022|1|1|A|10|0.0|373.97|0|4|0.0|0.0|0|0|0|0|0|0|0|0|0|0|0|0|0|||||25-Apr-2022|19.0|0|0||N1830|N1830|Y|R809|Y|T50905|N|R801|N|Z653|Y|I4891|Y|N181|N|E1121|Y|E11319|Y|D4959|Y|D075|Y|E781|Y|E119|Y|E8881|Y|P292|Y|Z952|N|I350|Y|R931|Y|I259|Y|E785|Y|E669|Y|P2832|N|G479|Y|Z591|Y|R7303|Y|X58|Y95|Y| | | | | | | | | | | | | | | | | | | | | | |GZ3|25-Apr-2022|G4730|25-Apr-2022|Z741|25-Apr-2022|Z9181|25-Apr-2022|Z139|25-Apr-2022|Z1331|25-Apr-2022|Z1331|25-Apr-2022|F1990|25-Apr-2022|Z715|25-Apr-2022|||||||||||||||||||||||||||||||||0|0||6|450|G0444|3.0|2022-04-26T00:00:00|hospital_C|hospital_C_20220425
SYN_BENE_44647D9C9727|SYN_CLM_1147554C3551|V|60|25-Apr-2022|25-Apr-2022|29-Apr-2022||3|377673|1|1|1|| |1869.71|0.0| ||37|1306950993| |9999907899| |9999907899|||0|1| |1869.71|25-Apr-2022|1|1|A|10|0.0|373.97|0|4|0.0|0.0|0|0|0|0|0|0|0|0|0|0|0|0|0|||||25-Apr-2022|19.0|0|0||N1830|N1830|Y|R809|Y|T50905|N|R801|N|Z653|Y|I4891|Y|N181|N|E1121|Y|E11319|Y|D4959|Y|D075|Y|E781|Y|E119|Y|E8881|Y|P292|Y|Z952|N|I350|Y|R931|Y|I259|Y|E785|Y|E669|Y|P2832|N|G479|Y|Z591|Y|R7303|Y|X58|Y95|Y| | | | | | | | | | | | | | | | | | | | | | |GZ3|25-Apr-2022|G4730|25-Apr-2022|Z741|25-Apr-2022|Z9181|25-Apr-2022|Z139|25-Apr-2022|Z1331|25-Apr-2022|Z1331|25-Apr-2022|F1990|25-Apr-2022|Z715|25-Apr-2022|||||||||||||||||||||||||||||||||0|0||7|450|G0444|3.0|2022-04-26T00:00:00|hospital_C|hospital_C_20220425
SYN_BENE_44647D9C9727|SYN_CLM_1147554C3551|V|60|25-Apr-2022|25-Apr-2022|29-Apr-2022||3|377673|1|1|1|| |1869.71|0.0| ||37|1306950993| |9999907899| |9999907899|||0|1| |1869.71|25-Apr-2022|1|1|A|10|0.0|373.97|0|4|0.0|0.0|0|0|0|0|0|0|0|0|0|0|0|0|0|||||25-Apr-2022|19.0|0|0||N1830|N1830|Y|R809|Y|T50905|N|R801|N|Z653|Y|I4891|Y|N181|N|E1121|Y|E11319|Y|D4959|Y|D075|Y|E781|Y|E119|Y|E8881|Y|P292|Y|Z952|N|I350|Y|R931|Y|I259|Y|E785|Y|E669|Y|P2832|N|G479|Y|Z591|Y|R7303|Y|X58|Y95|Y| | | | | | | | | | | | | | | | | | | | | | |GZ3|25-Apr-2022|G4730|25-Apr-2022|Z741|25-Apr-2022|Z9181|25-Apr-2022|Z139|25-Apr-2022|Z1331|25-Apr-2022|Z1331|25-Apr-2022|F1990|25-Apr-2022|Z715|25-Apr-2022|||||||||||||||||||||||||||||||||0|0||8|450|99408|3.0|2022-04-26T00:00:00|hospital_C|hospital_C_20220425
SYN_BENE_44647D9C9727|SYN_CLM_1147554C3551|V|60|25-Apr-2022|25-Apr-2022|29-Apr-2022||3|377673|1|1|1|| |1869.71|0.0| ||37|1306950993| |9999907899| |9999907899|||0|1| |1869.71|25-Apr-2022|1|1|A|10|0.0|373.97|0|4|0.0|0.0|0|0|0|0|0|0|0|0|0|0|0|0|0|||||25-Apr-2022|19.0|0|0||N1830|N1830|Y|R809|Y|T50905|N|R801|N|Z653|Y|I4891|Y|N181|N|E1121|Y|E11319|Y|D4959|Y|D075|Y|E781|Y|E119|Y|E8881|Y|P292|Y|Z952|N|I350|Y|R931|Y|I259|Y|E785|Y|E669|Y|P2832|N|G479|Y|Z591|Y|R7303|Y|X58|Y95|Y| | | | | | | | | | | | | | | | | | | | | | |GZ3|25-Apr-2022|G4730|25-Apr-2022|Z741|25-Apr-2022|Z9181|25-Apr-2022|Z139|25-Apr-2022|Z1331|25-Apr-2022|Z1331|25-Apr-2022|F1990|25-Apr-2022|Z715|25-Apr-2022|||||||||||||||||||||||||||||||||0|0||9|450|99408|3.0|2022-04-26T00:00:00|hospital_C|hospital_C_20220425
SYN_BENE_B917F0B4DC8F|SYN_CLM_CA730C22D67D|V|60|25-Apr-2022|25-Apr-2022|29-Apr-2022||3|377673|1|1|1|| |1869.71|0.0| ||37|1306950993| |9999907899| |9999907899|||0|1| |1869.71|25-Apr-2022|1|1|A|10|0.0|373.97|0|4|0.0|0.0|0|0|0|0|0|0|0|0|0|0|0|0|0|||||25-Apr-2022|19.0|0|0||N1830|N1830|Y|R809|Y|T50905|N|R801|N|Z653|Y|I4891|Y|N181|N|E1121|Y|E11319|Y|D4959|Y|D075|Y|E781|Y|E119|Y|E8881|Y|P292|Y|Z952|N|I350|Y|R931|Y|I259|Y|E785|Y|E669|Y|P2832|N|G479|Y|Z591|Y|R7303|Y|X58|Y95|Y| | | | | | | | | | | | | | | | | | | | | | |GZ3|25-Apr-2022|G4730|25-Apr-2022|Z741|25-Apr-2022|Z9181|25-Apr-2022|Z139|25-Apr-2022|Z1331|25-Apr-2022|Z1331|25-Apr-2022|F1990|25-Apr-2022|Z715|25-Apr-2022|||||||||||||||||||||||||||||||||0|0||1|450|99495|3.0|2022-04-26T00:00:00|hospital_C|hospital_C_20220425
SYN_BENE_B917F0B4DC8F|SYN_CLM_CA730C22D67D|V|60|25-Apr-2022|25-Apr-2022|29-Apr-2022||3|377673|1|1|1|| |1869.71|0.0| ||37|1306950993| |9999907899| |9999907899|||0|1| |1869.71|25-Apr-2022|1|1|A|10|0.0|373.97|0|4|0.0|0.0|0|0|0|0|0|0|0|0|0|0|0|0|0|||||25-Apr-2022|19.0|0|0||N1830|N1830|Y|R809|Y|T50905|N|R801|N|Z653|Y|I4891|Y|N181|N|E1121|Y|E11319|Y|D4959|Y|D075|Y|E781|Y|E119|Y|E8881|Y|P292|Y|Z952|N|I350|Y|R931|Y|I259|Y|E785|Y|E669|Y|P2832|N|G479|Y|Z591|Y|R7303|Y|X58|Y95|Y| | | | | | | | | | | | | | | | | | | | | | |GZ3|25-Apr-2022|G4730|25-Apr-2022|Z741|25-Apr-2022|Z9181|25-Apr-2022|Z139|25-Apr-2022|Z1331|25-Apr-2022|Z1331|25-Apr-2022|F1990|25-Apr-2022|Z715|25-Apr-2022|||||||||||||||||||||||||||||||||0|0||2|450|G8839|3.0|2022-04-26T00:00:00|hospital_C|hospital_C_20220425
SYN_BENE_B917F0B4DC8F|SYN_CLM_CA730C22D67D|V|60|25-Apr-2022|25-Apr-2022|29-Apr-2022||3|377673|1|1|1|| |1869.71|0.0| ||37|1306950993| |9999907899| |9999907899|||0|1| |1869.71|25-Apr-2022|1|1|A|10|0.0|373.97|0|4|0.0|0.0|0|0|0|0|0|0|0|0|0|0|0|0|0|||||25-Apr-2022|19.0|0|0||N1830|N1830|Y|R809|Y|T50905|N|R801|N|Z653|Y|I4891|Y|N181|N|E1121|Y|E11319|Y|D4959|Y|D075|Y|E781|Y|E119|Y|E8881|Y|P292|Y|Z952|N|I350|Y|R931|Y|I259|Y|E785|Y|E669|Y|P2832|N|G479|Y|Z591|Y|R7303|Y|X58|Y95|Y| | | | | | | | | | | | | | | | | | | | | | |GZ3|25-Apr-2022|G4730|25-Apr-2022|Z741|25-Apr-2022|Z9181|25-Apr-2022|Z139|25-Apr-2022|Z1331|25-Apr-2022|Z1331|25-Apr-2022|F1990|25-Apr-2022|Z715|25-Apr-2022|||||||||||||||||||||||||||||||||0|0||3|450|96156|3.0|2022-04-26T00:00:00|hospital_C|hospital_C_20220425
SYN_BENE_B917F0B4DC8F|SYN_CLM_CA730C22D67D|V|60|25-Apr-2022|25-Apr-2022|29-Apr-2022||3|377673|1|1|1|| |1869.71|0.0| ||37|1306950993| |9999907899| |9999907899|||0|1| |1869.71|25-Apr-2022|1|1|A|10|0.0|373.97|0|4|0.0|0.0|0|0|0|0|0|0|0|0|0|0|0|0|0|||||25-Apr-2022|19.0|0|0||N1830|N1830|Y|R809|Y|T50905|N|R801|N|Z653|Y|I4891|Y|N181|N|E1121|Y|E11319|Y|D4959|Y|D075|Y|E781|Y|E119|Y|E8881|Y|P292|Y|Z952|N|I350|Y|R931|Y|I259|Y|E785|Y|E669|Y|P2832|N|G479|Y|Z591|Y|R7303|Y|X58|Y95|Y| | | | | | | | | | | | | | | | | | | | | | |GZ3|25-Apr-2022|G4730|25-Apr-2022|Z741|25-Apr-2022|Z9181|25-Apr-2022|Z139|25-Apr-2022|Z1331|25-Apr-2022|Z1331|25-Apr-2022|F1990|25-Apr-2022|Z715|25-Apr-2022|||||||||||||||||||||||||||||||||0|0||4|450|M1069|3.0|2022-04-26T00:00:00|hospital_C|hospital_C_20220425
SYN_BENE_B917F0B4DC8F|SYN_CLM_CA730C22D67D|V|60|25-Apr-2022|25-Apr-2022|29-Apr-2022||3|377673|1|1|1|| |1869.71|0.0| ||37|1306950993| |9999907899| |9999907899|||0|1| |1869.71|25-Apr-2022|1|1|A|10|0.0|373.97|0|4|0.0|0.0|0|0|0|0|0|0|0|0|0|0|0|0|0|||||25-Apr-2022|19.0|0|0||N1830|N1830|Y|R809|Y|T50905|N|R801|N|Z653|Y|I4891|Y|N181|N|E1121|Y|E11319|Y|D4959|Y|D075|Y|E781|Y|E119|Y|E8881|Y|P292|Y|Z952|N|I350|Y|R931|Y|I259|Y|E785|Y|E669|Y|P2832|N|G479|Y|Z591|Y|R7303|Y|X58|Y95|Y| | | | | | | | | | | | | | | | | | | | | | |GZ3|25-Apr-2022|G4730|25-Apr-2022|Z741|25-Apr-2022|Z9181|25-Apr-2022|Z139|25-Apr-2022|Z1331|25-Apr-2022|Z1331|25-Apr-2022|F1990|25-Apr-2022|Z715|25-Apr-2022|||||||||||||||||||||||||||||||||0|0||5|450|99401|3.0|2022-04-26T00:00:00|hospital_C|hospital_C_20220425
SYN_BENE_B917F0B4DC8F|SYN_CLM_CA730C22D67D|V|60|25-Apr-2022|25-Apr-2022|29-Apr-2022||3|377673|1|1|1|| |1869.71|0.0| ||37|1306950993| |9999907899| |9999907899|||0|1| |1869.71|25-Apr-2022|1|1|A|10|0.0|373.97|0|4|0.0|0.0|0|0|0|0|0|0|0|0|0|0|0|0|0|||||25-Apr-2022|19.0|0|0||N1830|N1830|Y|R809|Y|T50905|N|R801|N|Z653|Y|I4891|Y|N181|N|E1121|Y|E11319|Y|D4959|Y|D075|Y|E781|Y|E119|Y|E8881|Y|P292|Y|Z952|N|I350|Y|R931|Y|I259|Y|E785|Y|E669|Y|P2832|N|G479|Y|Z591|Y|R7303|Y|X58|Y95|Y| | | | | | | | | | | | | | | | | | | | | | |GZ3|25-Apr-2022|G4730|25-Apr-2022|Z741|25-Apr-2022|Z9181|25-Apr-2022|Z139|25-Apr-2022|Z1331|25-Apr-2022|Z1331|25-Apr-2022|F1990|25-Apr-2022|Z715|25-Apr-2022|||||||||||||||||||||||||||||||||0|0||6|450|G0444|3.0|2022-04-26T00:00:00|hospital_C|hospital_C_20220425
SYN_BENE_B917F0B4DC8F|SYN_CLM_CA730C22D67D|V|60|25-Apr-2022|25-Apr-2022|29-Apr-2022||3|377673|1|1|1|| |1869.71|0.0| ||37|1306950993| |9999907899| |9999907899|||0|1| |1869.71|25-Apr-2022|1|1|A|10|0.0|373.97|0|4|0.0|0.0|0|0|0|0|0|0|0|0|0|0|0|0|0|||||25-Apr-2022|19.0|0|0||N1830|N1830|Y|R809|Y|T50905|N|R801|N|Z653|Y|I4891|Y|N181|N|E1121|Y|E11319|Y|D4959|Y|D075|Y|E781|Y|E119|Y|E8881|Y|P292|Y|Z952|N|I350|Y|R931|Y|I259|Y|E785|Y|E669|Y|P2832|N|G479|Y|Z591|Y|R7303|Y|X58|Y95|Y| | | | | | | | | | | | | | | | | | | | | | |GZ3|25-Apr-2022|G4730|25-Apr-2022|Z741|25-Apr-2022|Z9181|25-Apr-2022|Z139|25-Apr-2022|Z1331|25-Apr-2022|Z1331|25-Apr-2022|F1990|25-Apr-2022|Z715|25-Apr-2022|||||||||||||||||||||||||||||||||0|0||7|450|G0444|3.0|2022-04-26T00:00:00|hospital_C|hospital_C_20220425
SYN_BENE_B917F0B4DC8F|SYN_CLM_CA730C22D67D|V|60|25-Apr-2022|25-Apr-2022|29-Apr-2022||3|377673|1|1|1|| |1869.71|0.0| ||37|1306950993| |9999907899| |9999907899|||0|1| |1869.71|25-Apr-2022|1|1|A|10|0.0|373.97|0|4|0.0|0.0|0|0|0|0|0|0|0|0|0|0|0|0|0|||||25-Apr-2022|19.0|0|0||N1830|N1830|Y|R809|Y|T50905|N|R801|N|Z653|Y|I4891|Y|N181|N|E1121|Y|E11319|Y|D4959|Y|D075|Y|E781|Y|E119|Y|E8881|Y|P292|Y|Z952|N|I350|Y|R931|Y|I259|Y|E785|Y|E669|Y|P2832|N|G479|Y|Z591|Y|R7303|Y|X58|Y95|Y| | | | | | | | | | | | | | | | | | | | | | |GZ3|25-Apr-2022|G4730|25-Apr-2022|Z741|25-Apr-2022|Z9181|25-Apr-2022|Z139|25-Apr-2022|Z1331|25-Apr-2022|Z1331|25-Apr-2022|F1990|25-Apr-2022|Z715|25-Apr-2022|||||||||||||||||||||||||||||||||0|0||8|450|99408|3.0|2022-04-26T00:00:00|hospital_C|hospital_C_20220425
SYN_BENE_B917F0B4DC8F|SYN_CLM_CA730C22D67D|V|60|25-Apr-2022|25-Apr-2022|29-Apr-2022||3|377673|1|1|1|| |1869.71|0.0| ||37|1306950993| |9999907899| |9999907899|||0|1| |1869.71|25-Apr-2022|1|1|A|10|0.0|373.97|0|4|0.0|0.0|0|0|0|0|0|0|0|0|0|0|0|0|0|||||25-Apr-2022|19.0|0|0||N1830|N1830|Y|R809|Y|T50905|N|R801|N|Z653|Y|I4891|Y|N181|N|E1121|Y|E11319|Y|D4959|Y|D075|Y|E781|Y|E119|Y|E8881|Y|P292|Y|Z952|N|I350|Y|R931|Y|I259|Y|E785|Y|E669|Y|P2832|N|G479|Y|Z591|Y|R7303|Y|X58|Y95|Y| | | | | | | | | | | | | | | | | | | | | | |GZ3|25-Apr-2022|G4730|25-Apr-2022|Z741|25-Apr-2022|Z9181|25-Apr-2022|Z139|25-Apr-2022|Z1331|25-Apr-2022|Z1331|25-Apr-2022|F1990|25-Apr-2022|Z715|25-Apr-2022|||||||||||||||||||||||||||||||||0|0||9|450|99408|3.0|2022-04-26T00:00:00|hospital_C|hospital_C_20220425
SYN_BENE_2411D915E126|SYN_CLM_986426F980F2|V|60|25-Apr-2022|25-Apr-2022|29-Apr-2022||3|377673|1|1|1|| |1869.71|0.0| ||37|1306950993| |9999907899| |9999907899|||0|1| |1869.71|25-Apr-2022|1|1|A|10|0.0|373.97|0|4|0.0|0.0|0|0|0|0|0|0|0|0|0|0|0|0|0|||||25-Apr-2022|19.0|0|0||N1830|N1830|Y|R809|Y|T50905|N|R801|N|Z653|Y|I4891|Y|N181|N|E1121|Y|E11319|Y|D4959|Y|D075|Y|E781|Y|E119|Y|E8881|Y|P292|Y|Z952|N|I350|Y|R931|Y|I259|Y|E785|Y|E669|Y|P2832|N|G479|Y|Z591|Y|R7303|Y|X58|Y95|Y| | | | | | | | | | | | | | | | | | | | | | |GZ3|25-Apr-2022|G4730|25-Apr-2022|Z741|25-Apr-2022|Z9181|25-Apr-2022|Z139|25-Apr-2022|Z1331|25-Apr-2022|Z1331|25-Apr-2022|F1990|25-Apr-2022|Z715|25-Apr-2022|||||||||||||||||||||||||||||||||0|0||1|450|99495|3.0|2022-04-26T00:00:00|hospital_C|hospital_C_20220425
SYN_BENE_2411D915E126|SYN_CLM_986426F980F2|V|60|25-Apr-2022|25-Apr-2022|29-Apr-2022||3|377673|1|1|1|| |1869.71|0.0| ||37|1306950993| |9999907899| |9999907899|||0|1| |1869.71|25-Apr-2022|1|1|A|10|0.0|373.97|0|4|0.0|0.0|0|0|0|0|0|0|0|0|0|0|0|0|0|||||25-Apr-2022|19.0|0|0||N1830|N1830|Y|R809|Y|T50905|N|R801|N|Z653|Y|I4891|Y|N181|N|E1121|Y|E11319|Y|D4959|Y|D075|Y|E781|Y|E119|Y|E8881|Y|P292|Y|Z952|N|I350|Y|R931|Y|I259|Y|E785|Y|E669|Y|P2832|N|G479|Y|Z591|Y|R7303|Y|X58|Y95|Y| | | | | | | | | | | | | | | | | | | | | | |GZ3|25-Apr-2022|G4730|25-Apr-2022|Z741|25-Apr-2022|Z9181|25-Apr-2022|Z139|25-Apr-2022|Z1331|25-Apr-2022|Z1331|25-Apr-2022|F1990|25-Apr-2022|Z715|25-Apr-2022|||||||||||||||||||||||||||||||||0|0||2|450|G8839|3.0|2022-04-26T00:00:00|hospital_C|hospital_C_20220425
SYN_BENE_2411D915E126|SYN_CLM_986426F980F2|V|60|25-Apr-2022|25-Apr-2022|29-Apr-2022||3|377673|1|1|1|| |1869.71|0.0| ||37|1306950993| |9999907899| |9999907899|||0|1| |1869.71|25-Apr-2022|1|1|A|10|0.0|373.97|0|4|0.0|0.0|0|0|0|0|0|0|0|0|0|0|0|0|0|||||25-Apr-2022|19.0|0|0||N1830|N1830|Y|R809|Y|T50905|N|R801|N|Z653|Y|I4891|Y|N181|N|E1121|Y|E11319|Y|D4959|Y|D075|Y|E781|Y|E119|Y|E8881|Y|P292|Y|Z952|N|I350|Y|R931|Y|I259|Y|E785|Y|E669|Y|P2832|N|G479|Y|Z591|Y|R7303|Y|X58|Y95|Y| | | | | | | | | | | | | | | | | | | | | | |GZ3|25-Apr-2022|G4730|25-Apr-2022|Z741|25-Apr-2022|Z9181|25-Apr-2022|Z139|25-Apr-2022|Z1331|25-Apr-2022|Z1331|25-Apr-2022|F1990|25-Apr-2022|Z715|25-Apr-2022|||||||||||||||||||||||||||||||||0|0||3|450|96156|3.0|2022-04-26T00:00:00|hospital_C|hospital_C_20220425
SYN_BENE_2411D915E126|SYN_CLM_986426F980F2|V|60|25-Apr-2022|25-Apr-2022|29-Apr-2022||3|377673|1|1|1|| |1869.71|0.0| ||37|1306950993| |9999907899| |9999907899|||0|1| |1869.71|25-Apr-2022|1|1|A|10|0.0|373.97|0|4|0.0|0.0|0|0|0|0|0|0|0|0|0|0|0|0|0|||||25-Apr-2022|19.0|0|0||N1830|N1830|Y|R809|Y|T50905|N|R801|N|Z653|Y|I4891|Y|N181|N|E1121|Y|E11319|Y|D4959|Y|D075|Y|E781|Y|E119|Y|E8881|Y|P292|Y|Z952|N|I350|Y|R931|Y|I259|Y|E785|Y|E669|Y|P2832|N|G479|Y|Z591|Y|R7303|Y|X58|Y95|Y| | | | | | | | | | | | | | | | | | | | | | |GZ3|25-Apr-2022|G4730|25-Apr-2022|Z741|25-Apr-2022|Z9181|25-Apr-2022|Z139|25-Apr-2022|Z1331|25-Apr-2022|Z1331|25-Apr-2022|F1990|25-Apr-2022|Z715|25-Apr-2022|||||||||||||||||||||||||||||||||0|0||4|450|M1069|3.0|2022-04-26T00:00:00|hospital_C|hospital_C_20220425
SYN_BENE_2411D915E126|SYN_CLM_986426F980F2|V|60|25-Apr-2022|25-Apr-2022|29-Apr-2022||3|377673|1|1|1|| |1869.71|0.0| ||37|1306950993| |9999907899| |9999907899|||0|1| |1869.71|25-Apr-2022|1|1|A|10|0.0|373.97|0|4|0.0|0.0|0|0|0|0|0|0|0|0|0|0|0|0|0|||||25-Apr-2022|19.0|0|0||N1830|N1830|Y|R809|Y|T50905|N|R801|N|Z653|Y|I4891|Y|N181|N|E1121|Y|E11319|Y|D4959|Y|D075|Y|E781|Y|E119|Y|E8881|Y|P292|Y|Z952|N|I350|Y|R931|Y|I259|Y|E785|Y|E669|Y|P2832|N|G479|Y|Z591|Y|R7303|Y|X58|Y95|Y| | | | | | | | | | | | | | | | | | | | | | |GZ3|25-Apr-2022|G4730|25-Apr-2022|Z741|25-Apr-2022|Z9181|25-Apr-2022|Z139|25-Apr-2022|Z1331|25-Apr-2022|Z1331|25-Apr-2022|F1990|25-Apr-2022|Z715|25-Apr-2022|||||||||||||||||||||||||||||||||0|0||5|450|99401|3.0|2022-04-26T00:00:00|hospital_C|hospital_C_20220425
SYN_BENE_2411D915E126|SYN_CLM_986426F980F2|V|60|25-Apr-2022|25-Apr-2022|29-Apr-2022||3|377673|1|1|1|| |1869.71|0.0| ||37|1306950993| |9999907899| |9999907899|||0|1| |1869.71|25-Apr-2022|1|1|A|10|0.0|373.97|0|4|0.0|0.0|0|0|0|0|0|0|0|0|0|0|0|0|0|||||25-Apr-2022|19.0|0|0||N1830|N1830|Y|R809|Y|T50905|N|R801|N|Z653|Y|I4891|Y|N181|N|E1121|Y|E11319|Y|D4959|Y|D075|Y|E781|Y|E119|Y|E8881|Y|P292|Y|Z952|N|I350|Y|R931|Y|I259|Y|E785|Y|E669|Y|P2832|N|G479|Y|Z591|Y|R7303|Y|X58|Y95|Y| | | | | | | | | | | | | | | | | | | | | | |GZ3|25-Apr-2022|G4730|25-Apr-2022|Z741|25-Apr-2022|Z9181|25-Apr-2022|Z139|25-Apr-2022|Z1331|25-Apr-2022|Z1331|25-Apr-2022|F1990|25-Apr-2022|Z715|25-Apr-2022|||||||||||||||||||||||||||||||||0|0||6|450|G0444|3.0|2022-04-26T00:00:00|hospital_C|hospital_C_20220425
SYN_BENE_2411D915E126|SYN_CLM_986426F980F2|V|60|25-Apr-2022|25-Apr-2022|29-Apr-2022||3|377673|1|1|1|| |1869.71|0.0| ||37|1306950993| |9999907899| |9999907899|||0|1| |1869.71|25-Apr-2022|1|1|A|10|0.0|373.97|0|4|0.0|0.0|0|0|0|0|0|0|0|0|0|0|0|0|0|||||25-Apr-2022|19.0|0|0||N1830|N1830|Y|R809|Y|T50905|N|R801|N|Z653|Y|I4891|Y|N181|N|E1121|Y|E11319|Y|D4959|Y|D075|Y|E781|Y|E119|Y|E8881|Y|P292|Y|Z952|N|I350|Y|R931|Y|I259|Y|E785|Y|E669|Y|P2832|N|G479|Y|Z591|Y|R7303|Y|X58|Y95|Y| | | | | | | | | | | | | | | | | | | | | | |GZ3|25-Apr-2022|G4730|25-Apr-2022|Z741|25-Apr-2022|Z9181|25-Apr-2022|Z139|25-Apr-2022|Z1331|25-Apr-2022|Z1331|25-Apr-2022|F1990|25-Apr-2022|Z715|25-Apr-2022|||||||||||||||||||||||||||||||||0|0||7|450|G0444|3.0|2022-04-26T00:00:00|hospital_C|hospital_C_20220425
SYN_BENE_2411D915E126|SYN_CLM_986426F980F2|V|60|25-Apr-2022|25-Apr-2022|29-Apr-2022||3|377673|1|1|1|| |1869.71|0.0| ||37|1306950993| |9999907899| |9999907899|||0|1| |1869.71|25-Apr-2022|1|1|A|10|0.0|373.97|0|4|0.0|0.0|0|0|0|0|0|0|0|0|0|0|0|0|0|||||25-Apr-2022|19.0|0|0||N1830|N1830|Y|R809|Y|T50905|N|R801|N|Z653|Y|I4891|Y|N181|N|E1121|Y|E11319|Y|D4959|Y|D075|Y|E781|Y|E119|Y|E8881|Y|P292|Y|Z952|N|I350|Y|R931|Y|I259|Y|E785|Y|E669|Y|P2832|N|G479|Y|Z591|Y|R7303|Y|X58|Y95|Y| | | | | | | | | | | | | | | | | | | | | | |GZ3|25-Apr-2022|G4730|25-Apr-2022|Z741|25-Apr-2022|Z9181|25-Apr-2022|Z139|25-Apr-2022|Z1331|25-Apr-2022|Z1331|25-Apr-2022|F1990|25-Apr-2022|Z715|25-Apr-2022|||||||||||||||||||||||||||||||||0|0||8|450|99408|3.0|2022-04-26T00:00:00|hospital_C|hospital_C_20220425
SYN_BENE_2411D915E126|SYN_CLM_986426F980F2|V|60|25-Apr-2022|25-Apr-2022|29-Apr-2022||3|377673|1|1|1|| |1869.71|0.0| ||37|1306950993| |9999907899| |9999907899|||0|1| |1869.71|25-Apr-2022|1|1|A|10|0.0|373.97|0|4|0.0|0.0|0|0|0|0|0|0|0|0|0|0|0|0|0|||||25-Apr-2022|19.0|0|0||N1830|N1830|Y|R809|Y|T50905|N|R801|N|Z653|Y|I4891|Y|N181|N|E1121|Y|E11319|Y|D4959|Y|D075|Y|E781|Y|E119|Y|E8881|Y|P292|Y|Z952|N|I350|Y|R931|Y|I259|Y|E785|Y|E669|Y|P2832|N|G479|Y|Z591|Y|R7303|Y|X58|Y95|Y| | | | | | | | | | | | | | | | | | | | | | |GZ3|25-Apr-2022|G4730|25-Apr-2022|Z741|25-Apr-2022|Z9181|25-Apr-2022|Z139|25-Apr-2022|Z1331|25-Apr-2022|Z1331|25-Apr-2022|F1990|25-Apr-2022|Z715|25-Apr-2022|||||||||||||||||||||||||||||||||0|0||9|450|99408|3.0|2022-04-26T00:00:00|hospital_C|hospital_C_20220425
SYN_BENE_382F068F2088|SYN_CLM_C6BFB1E3C33F|V|60|25-Apr-2022|25-Apr-2022|29-Apr-2022||3|377673|1|1|1|| |1869.71|0.0| ||37|1306950993| |9999907899| |9999907899|||0|1| |1869.71|25-Apr-2022|1|1|A|10|0.0|373.97|0|4|0.0|0.0|0|0|0|0|0|0|0|0|0|0|0|0|0|||||25-Apr-2022|19.0|0|0||N1830|N1830|Y|R809|Y|T50905|N|R801|N|Z653|Y|I4891|Y|N181|N|E1121|Y|E11319|Y|D4959|Y|D075|Y|E781|Y|E119|Y|E8881|Y|P292|Y|Z952|N|I350|Y|R931|Y|I259|Y|E785|Y|E669|Y|P2832|N|G479|Y|Z591|Y|R7303|Y|X58|Y95|Y| | | | | | | | | | | | | | | | | | | | | | |GZ3|25-Apr-2022|G4730|25-Apr-2022|Z741|25-Apr-2022|Z9181|25-Apr-2022|Z139|25-Apr-2022|Z1331|25-Apr-2022|Z1331|25-Apr-2022|F1990|25-Apr-2022|Z715|25-Apr-2022|||||||||||||||||||||||||||||||||0|0||1|450|99495|3.0|2022-04-26T00:00:00|hospital_C|hospital_C_20220425
SYN_BENE_382F068F2088|SYN_CLM_C6BFB1E3C33F|V|60|25-Apr-2022|25-Apr-2022|29-Apr-2022||3|377673|1|1|1|| |1869.71|0.0| ||37|1306950993| |9999907899| |9999907899|||0|1| |1869.71|25-Apr-2022|1|1|A|10|0.0|373.97|0|4|0.0|0.0|0|0|0|0|0|0|0|0|0|0|0|0|0|||||25-Apr-2022|19.0|0|0||N1830|N1830|Y|R809|Y|T50905|N|R801|N|Z653|Y|I4891|Y|N181|N|E1121|Y|E11319|Y|D4959|Y|D075|Y|E781|Y|E119|Y|E8881|Y|P292|Y|Z952|N|I350|Y|R931|Y|I259|Y|E785|Y|E669|Y|P2832|N|G479|Y|Z591|Y|R7303|Y|X58|Y95|Y| | | | | | | | | | | | | | | | | | | | | | |GZ3|25-Apr-2022|G4730|25-Apr-2022|Z741|25-Apr-2022|Z9181|25-Apr-2022|Z139|25-Apr-2022|Z1331|25-Apr-2022|Z1331|25-Apr-2022|F1990|25-Apr-2022|Z715|25-Apr-2022|||||||||||||||||||||||||||||||||0|0||2|450|G8839|3.0|2022-04-26T00:00:00|hospital_C|hospital_C_20220425
SYN_BENE_382F068F2088|SYN_CLM_C6BFB1E3C33F|V|60|25-Apr-2022|25-Apr-2022|29-Apr-2022||3|377673|1|1|1|| |1869.71|0.0| ||37|1306950993| |9999907899| |9999907899|||0|1| |1869.71|25-Apr-2022|1|1|A|10|0.0|373.97|0|4|0.0|0.0|0|0|0|0|0|0|0|0|0|0|0|0|0|||||25-Apr-2022|19.0|0|0||N1830|N1830|Y|R809|Y|T50905|N|R801|N|Z653|Y|I4891|Y|N181|N|E1121|Y|E11319|Y|D4959|Y|D075|Y|E781|Y|E119|Y|E8881|Y|P292|Y|Z952|N|I350|Y|R931|Y|I259|Y|E785|Y|E669|Y|P2832|N|G479|Y|Z591|Y|R7303|Y|X58|Y95|Y| | | | | | | | | | | | | | | | | | | | | | |GZ3|25-Apr-2022|G4730|25-Apr-2022|Z741|25-Apr-2022|Z9181|25-Apr-2022|Z139|25-Apr-2022|Z1331|25-Apr-2022|Z1331|25-Apr-2022|F1990|25-Apr-2022|Z715|25-Apr-2022|||||||||||||||||||||||||||||||||0|0||3|450|96156|3.0|2022-04-26T00:00:00|hospital_C|hospital_C_20220425
SYN_BENE_382F068F2088|SYN_CLM_C6BFB1E3C33F|V|60|25-Apr-2022|25-Apr-2022|29-Apr-2022||3|377673|1|1|1|| |1869.71|0.0| ||37|1306950993| |9999907899| |9999907899|||0|1| |1869.71|25-Apr-2022|1|1|A|10|0.0|373.97|0|4|0.0|0.0|0|0|0|0|0|0|0|0|0|0|0|0|0|||||25-Apr-2022|19.0|0|0||N1830|N1830|Y|R809|Y|T50905|N|R801|N|Z653|Y|I4891|Y|N181|N|E1121|Y|E11319|Y|D4959|Y|D075|Y|E781|Y|E119|Y|E8881|Y|P292|Y|Z952|N|I350|Y|R931|Y|I259|Y|E785|Y|E669|Y|P2832|N|G479|Y|Z591|Y|R7303|Y|X58|Y95|Y| | | | | | | | | | | | | | | | | | | | | | |GZ3|25-Apr-2022|G4730|25-Apr-2022|Z741|25-Apr-2022|Z9181|25-Apr-2022|Z139|25-Apr-2022|Z1331|25-Apr-2022|Z1331|25-Apr-2022|F1990|25-Apr-2022|Z715|25-Apr-2022|||||||||||||||||||||||||||||||||0|0||4|450|M1069|3.0|2022-04-26T00:00:00|hospital_C|hospital_C_20220425
SYN_BENE_382F068F2088|SYN_CLM_C6BFB1E3C33F|V|60|25-Apr-2022|25-Apr-2022|29-Apr-2022||3|377673|1|1|1|| |1869.71|0.0| ||37|1306950993| |9999907899| |9999907899|||0|1| |1869.71|25-Apr-2022|1|1|A|10|0.0|373.97|0|4|0.0|0.0|0|0|0|0|0|0|0|0|0|0|0|0|0|||||25-Apr-2022|19.0|0|0||N1830|N1830|Y|R809|Y|T50905|N|R801|N|Z653|Y|I4891|Y|N181|N|E1121|Y|E11319|Y|D4959|Y|D075|Y|E781|Y|E119|Y|E8881|Y|P292|Y|Z952|N|I350|Y|R931|Y|I259|Y|E785|Y|E669|Y|P2832|N|G479|Y|Z591|Y|R7303|Y|X58|Y95|Y| | | | | | | | | | | | | | | | | | | | | | |GZ3|25-Apr-2022|G4730|25-Apr-2022|Z741|25-Apr-2022|Z9181|25-Apr-2022|Z139|25-Apr-2022|Z1331|25-Apr-2022|Z1331|25-Apr-2022|F1990|25-Apr-2022|Z715|25-Apr-2022|||||||||||||||||||||||||||||||||0|0||5|450|99401|3.0|2022-04-26T00:00:00|hospital_C|hospital_C_20220425
SYN_BENE_382F068F2088|SYN_CLM_C6BFB1E3C33F|V|60|25-Apr-2022|25-Apr-2022|29-Apr-2022||3|377673|1|1|1|| |1869.71|0.0| ||37|1306950993| |9999907899| |9999907899|||0|1| |1869.71|25-Apr-2022|1|1|A|10|0.0|373.97|0|4|0.0|0.0|0|0|0|0|0|0|0|0|0|0|0|0|0|||||25-Apr-2022|19.0|0|0||N1830|N1830|Y|R809|Y|T50905|N|R801|N|Z653|Y|I4891|Y|N181|N|E1121|Y|E11319|Y|D4959|Y|D075|Y|E781|Y|E119|Y|E8881|Y|P292|Y|Z952|N|I350|Y|R931|Y|I259|Y|E785|Y|E669|Y|P2832|N|G479|Y|Z591|Y|R7303|Y|X58|Y95|Y| | | | | | | | | | | | | | | | | | | | | | |GZ3|25-Apr-2022|G4730|25-Apr-2022|Z741|25-Apr-2022|Z9181|25-Apr-2022|Z139|25-Apr-2022|Z1331|25-Apr-2022|Z1331|25-Apr-2022|F1990|25-Apr-2022|Z715|25-Apr-2022|||||||||||||||||||||||||||||||||0|0||6|450|G0444|3.0|2022-04-26T00:00:00|hospital_C|hospital_C_20220425
SYN_BENE_382F068F2088|SYN_CLM_C6BFB1E3C33F|V|60|25-Apr-2022|25-Apr-2022|29-Apr-2022||3|377673|1|1|1|| |1869.71|0.0| ||37|1306950993| |9999907899| |9999907899|||0|1| |1869.71|25-Apr-2022|1|1|A|10|0.0|373.97|0|4|0.0|0.0|0|0|0|0|0|0|0|0|0|0|0|0|0|||||25-Apr-2022|19.0|0|0||N1830|N1830|Y|R809|Y|T50905|N|R801|N|Z653|Y|I4891|Y|N181|N|E1121|Y|E11319|Y|D4959|Y|D075|Y|E781|Y|E119|Y|E8881|Y|P292|Y|Z952|N|I350|Y|R931|Y|I259|Y|E785|Y|E669|Y|P2832|N|G479|Y|Z591|Y|R7303|Y|X58|Y95|Y| | | | | | | | | | | | | | | | | | | | | | |GZ3|25-Apr-2022|G4730|25-Apr-2022|Z741|25-Apr-2022|Z9181|25-Apr-2022|Z139|25-Apr-2022|Z1331|25-Apr-2022|Z1331|25-Apr-2022|F1990|25-Apr-2022|Z715|25-Apr-2022|||||||||||||||||||||||||||||||||0|0||7|450|G0444|3.0|2022-04-26T00:00:00|hospital_C|hospital_C_20220425
SYN_BENE_382F068F2088|SYN_CLM_C6BFB1E3C33F|V|60|25-Apr-2022|25-Apr-2022|29-Apr-2022||3|377673|1|1|1|| |1869.71|0.0| ||37|1306950993| |9999907899| |9999907899|||0|1| |1869.71|25-Apr-2022|1|1|A|10|0.0|373.97|0|4|0.0|0.0|0|0|0|0|0|0|0|0|0|0|0|0|0|||||25-Apr-2022|19.0|0|0||N1830|N1830|Y|R809|Y|T50905|N|R801|N|Z653|Y|I4891|Y|N181|N|E1121|Y|E11319|Y|D4959|Y|D075|Y|E781|Y|E119|Y|E8881|Y|P292|Y|Z952|N|I350|Y|R931|Y|I259|Y|E785|Y|E669|Y|P2832|N|G479|Y|Z591|Y|R7303|Y|X58|Y95|Y| | | | | | | | | | | | | | | | | | | | | | |GZ3|25-Apr-2022|G4730|25-Apr-2022|Z741|25-Apr-2022|Z9181|25-Apr-2022|Z139|25-Apr-2022|Z1331|25-Apr-2022|Z1331|25-Apr-2022|F1990|25-Apr-2022|Z715|25-Apr-2022|||||||||||||||||||||||||||||||||0|0||8|450|99408|3.0|2022-04-26T00:00:00|hospital_C|hospital_C_20220425
SYN_BENE_382F068F2088|SYN_CLM_C6BFB1E3C33F|V|60|25-Apr-2022|25-Apr-2022|29-Apr-2022||3|377673|1|1|1|| |1869.71|0.0| ||37|1306950993| |9999907899| |9999907899|||0|1| |1869.71|25-Apr-2022|1|1|A|10|0.0|373.97|0|4|0.0|0.0|0|0|0|0|0|0|0|0|0|0|0|0|0|||||25-Apr-2022|19.0|0|0||N1830|N1830|Y|R809|Y|T50905|N|R801|N|Z653|Y|I4891|Y|N181|N|E1121|Y|E11319|Y|D4959|Y|D075|Y|E781|Y|E119|Y|E8881|Y|P292|Y|Z952|N|I350|Y|R931|Y|I259|Y|E785|Y|E669|Y|P2832|N|G479|Y|Z591|Y|R7303|Y|X58|Y95|Y| | | | | | | | | | | | | | | | | | | | | | |GZ3|25-Apr-2022|G4730|25-Apr-2022|Z741|25-Apr-2022|Z9181|25-Apr-2022|Z139|25-Apr-2022|Z1331|25-Apr-2022|Z1331|25-Apr-2022|F1990|25-Apr-2022|Z715|25-Apr-2022|||||||||||||||||||||||||||||||||0|0||9|450|99408|3.0|2022-04-26T00:00:00|hospital_C|hospital_C_20220425
SYN_BENE_1989EAA6090F|SYN_CLM_7E053BE6FB38|V|60|25-Apr-2022|25-Apr-2022|29-Apr-2022||3|377673|1|1|1|| |1869.71|0.0| ||37|1306950993| |9999907899| |9999907899|||0|1| |1869.71|25-Apr-2022|1|1|A|10|0.0|373.97|0|4|0.0|0.0|0|0|0|0|0|0|0|0|0|0|0|0|0|||||25-Apr-2022|19.0|0|0||N1830|N1830|Y|R809|Y|T50905|N|R801|N|Z653|Y|I4891|Y|N181|N|E1121|Y|E11319|Y|D4959|Y|D075|Y|E781|Y|E119|Y|E8881|Y|P292|Y|Z952|N|I350|Y|R931|Y|I259|Y|E785|Y|E669|Y|P2832|N|G479|Y|Z591|Y|R7303|Y|X58|Y95|Y| | | | | | | | | | | | | | | | | | | | | | |GZ3|25-Apr-2022|G4730|25-Apr-2022|Z741|25-Apr-2022|Z9181|25-Apr-2022|Z139|25-Apr-2022|Z1331|25-Apr-2022|Z1331|25-Apr-2022|F1990|25-Apr-2022|Z715|25-Apr-2022|||||||||||||||||||||||||||||||||0|0||1|450|99495|3.0|2022-04-26T00:00:00|hospital_C|hospital_C_20220425
SYN_BENE_1989EAA6090F|SYN_CLM_7E053BE6FB38|V|60|25-Apr-2022|25-Apr-2022|29-Apr-2022||3|377673|1|1|1|| |1869.71|0.0| ||37|1306950993| |9999907899| |9999907899|||0|1| |1869.71|25-Apr-2022|1|1|A|10|0.0|373.97|0|4|0.0|0.0|0|0|0|0|0|0|0|0|0|0|0|0|0|||||25-Apr-2022|19.0|0|0||N1830|N1830|Y|R809|Y|T50905|N|R801|N|Z653|Y|I4891|Y|N181|N|E1121|Y|E11319|Y|D4959|Y|D075|Y|E781|Y|E119|Y|E8881|Y|P292|Y|Z952|N|I350|Y|R931|Y|I259|Y|E785|Y|E669|Y|P2832|N|G479|Y|Z591|Y|R7303|Y|X58|Y95|Y| | | | | | | | | | | | | | | | | | | | | | |GZ3|25-Apr-2022|G4730|25-Apr-2022|Z741|25-Apr-2022|Z9181|25-Apr-2022|Z139|25-Apr-2022|Z1331|25-Apr-2022|Z1331|25-Apr-2022|F1990|25-Apr-2022|Z715|25-Apr-2022|||||||||||||||||||||||||||||||||0|0||2|450|G8839|3.0|2022-04-26T00:00:00|hospital_C|hospital_C_20220425
SYN_BENE_1989EAA6090F|SYN_CLM_7E053BE6FB38|V|60|25-Apr-2022|25-Apr-2022|29-Apr-2022||3|377673|1|1|1|| |1869.71|0.0| ||37|1306950993| |9999907899| |9999907899|||0|1| |1869.71|25-Apr-2022|1|1|A|10|0.0|373.97|0|4|0.0|0.0|0|0|0|0|0|0|0|0|0|0|0|0|0|||||25-Apr-2022|19.0|0|0||N1830|N1830|Y|R809|Y|T50905|N|R801|N|Z653|Y|I4891|Y|N181|N|E1121|Y|E11319|Y|D4959|Y|D075|Y|E781|Y|E119|Y|E8881|Y|P292|Y|Z952|N|I350|Y|R931|Y|I259|Y|E785|Y|E669|Y|P2832|N|G479|Y|Z591|Y|R7303|Y|X58|Y95|Y| | | | | | | | | | | | | | | | | | | | | | |GZ3|25-Apr-2022|G4730|25-Apr-2022|Z741|25-Apr-2022|Z9181|25-Apr-2022|Z139|25-Apr-2022|Z1331|25-Apr-2022|Z1331|25-Apr-2022|F1990|25-Apr-2022|Z715|25-Apr-2022|||||||||||||||||||||||||||||||||0|0||3|450|96156|3.0|2022-04-26T00:00:00|hospital_C|hospital_C_20220425
SYN_BENE_1989EAA6090F|SYN_CLM_7E053BE6FB38|V|60|25-Apr-2022|25-Apr-2022|29-Apr-2022||3|377673|1|1|1|| |1869.71|0.0| ||37|1306950993| |9999907899| |9999907899|||0|1| |1869.71|25-Apr-2022|1|1|A|10|0.0|373.97|0|4|0.0|0.0|0|0|0|0|0|0|0|0|0|0|0|0|0|||||25-Apr-2022|19.0|0|0||N1830|N1830|Y|R809|Y|T50905|N|R801|N|Z653|Y|I4891|Y|N181|N|E1121|Y|E11319|Y|D4959|Y|D075|Y|E781|Y|E119|Y|E8881|Y|P292|Y|Z952|N|I350|Y|R931|Y|I259|Y|E785|Y|E669|Y|P2832|N|G479|Y|Z591|Y|R7303|Y|X58|Y95|Y| | | | | | | | | | | | | | | | | | | | | | |GZ3|25-Apr-2022|G4730|25-Apr-2022|Z741|25-Apr-2022|Z9181|25-Apr-2022|Z139|25-Apr-2022|Z1331|25-Apr-2022|Z1331|25-Apr-2022|F1990|25-Apr-2022|Z715|25-Apr-2022|||||||||||||||||||||||||||||||||0|0||4|450|M1069|3.0|2022-04-26T00:00:00|hospital_C|hospital_C_20220425
SYN_BENE_1989EAA6090F|SYN_CLM_7E053BE6FB38|V|60|25-Apr-2022|25-Apr-2022|29-Apr-2022||3|377673|1|1|1|| |1869.71|0.0| ||37|1306950993| |9999907899| |9999907899|||0|1| |1869.71|25-Apr-2022|1|1|A|10|0.0|373.97|0|4|0.0|0.0|0|0|0|0|0|0|0|0|0|0|0|0|0|||||25-Apr-2022|19.0|0|0||N1830|N1830|Y|R809|Y|T50905|N|R801|N|Z653|Y|I4891|Y|N181|N|E1121|Y|E11319|Y|D4959|Y|D075|Y|E781|Y|E119|Y|E8881|Y|P292|Y|Z952|N|I350|Y|R931|Y|I259|Y|E785|Y|E669|Y|P2832|N|G479|Y|Z591|Y|R7303|Y|X58|Y95|Y| | | | | | | | | | | | | | | | | | | | | | |GZ3|25-Apr-2022|G4730|25-Apr-2022|Z741|25-Apr-2022|Z9181|25-Apr-2022|Z139|25-Apr-2022|Z1331|25-Apr-2022|Z1331|25-Apr-2022|F1990|25-Apr-2022|Z715|25-Apr-2022|||||||||||||||||||||||||||||||||0|0||5|450|99401|3.0|2022-04-26T00:00:00|hospital_C|hospital_C_20220425
SYN_BENE_1989EAA6090F|SYN_CLM_7E053BE6FB38|V|60|25-Apr-2022|25-Apr-2022|29-Apr-2022||3|377673|1|1|1|| |1869.71|0.0| ||37|1306950993| |9999907899| |9999907899|||0|1| |1869.71|25-Apr-2022|1|1|A|10|0.0|373.97|0|4|0.0|0.0|0|0|0|0|0|0|0|0|0|0|0|0|0|||||25-Apr-2022|19.0|0|0||N1830|N1830|Y|R809|Y|T50905|N|R801|N|Z653|Y|I4891|Y|N181|N|E1121|Y|E11319|Y|D4959|Y|D075|Y|E781|Y|E119|Y|E8881|Y|P292|Y|Z952|N|I350|Y|R931|Y|I259|Y|E785|Y|E669|Y|P2832|N|G479|Y|Z591|Y|R7303|Y|X58|Y95|Y| | | | | | | | | | | | | | | | | | | | | | |GZ3|25-Apr-2022|G4730|25-Apr-2022|Z741|25-Apr-2022|Z9181|25-Apr-2022|Z139|25-Apr-2022|Z1331|25-Apr-2022|Z1331|25-Apr-2022|F1990|25-Apr-2022|Z715|25-Apr-2022|||||||||||||||||||||||||||||||||0|0||6|450|G0444|3.0|2022-04-26T00:00:00|hospital_C|hospital_C_20220425
SYN_BENE_1989EAA6090F|SYN_CLM_7E053BE6FB38|V|60|25-Apr-2022|25-Apr-2022|29-Apr-2022||3|377673|1|1|1|| |1869.71|0.0| ||37|1306950993| |9999907899| |9999907899|||0|1| |1869.71|25-Apr-2022|1|1|A|10|0.0|373.97|0|4|0.0|0.0|0|0|0|0|0|0|0|0|0|0|0|0|0|||||25-Apr-2022|19.0|0|0||N1830|N1830|Y|R809|Y|T50905|N|R801|N|Z653|Y|I4891|Y|N181|N|E1121|Y|E11319|Y|D4959|Y|D075|Y|E781|Y|E119|Y|E8881|Y|P292|Y|Z952|N|I350|Y|R931|Y|I259|Y|E785|Y|E669|Y|P2832|N|G479|Y|Z591|Y|R7303|Y|X58|Y95|Y| | | | | | | | | | | | | | | | | | | | | | |GZ3|25-Apr-2022|G4730|25-Apr-2022|Z741|25-Apr-2022|Z9181|25-Apr-2022|Z139|25-Apr-2022|Z1331|25-Apr-2022|Z1331|25-Apr-2022|F1990|25-Apr-2022|Z715|25-Apr-2022|||||||||||||||||||||||||||||||||0|0||7|450|G0444|3.0|2022-04-26T00:00:00|hospital_C|hospital_C_20220425
SYN_BENE_1989EAA6090F|SYN_CLM_7E053BE6FB38|V|60|25-Apr-2022|25-Apr-2022|29-Apr-2022||3|377673|1|1|1|| |1869.71|0.0| ||37|1306950993| |9999907899| |9999907899|||0|1| |1869.71|25-Apr-2022|1|1|A|10|0.0|373.97|0|4|0.0|0.0|0|0|0|0|0|0|0|0|0|0|0|0|0|||||25-Apr-2022|19.0|0|0||N1830|N1830|Y|R809|Y|T50905|N|R801|N|Z653|Y|I4891|Y|N181|N|E1121|Y|E11319|Y|D4959|Y|D075|Y|E781|Y|E119|Y|E8881|Y|P292|Y|Z952|N|I350|Y|R931|Y|I259|Y|E785|Y|E669|Y|P2832|N|G479|Y|Z591|Y|R7303|Y|X58|Y95|Y| | | | | | | | | | | | | | | | | | | | | | |GZ3|25-Apr-2022|G4730|25-Apr-2022|Z741|25-Apr-2022|Z9181|25-Apr-2022|Z139|25-Apr-2022|Z1331|25-Apr-2022|Z1331|25-Apr-2022|F1990|25-Apr-2022|Z715|25-Apr-2022|||||||||||||||||||||||||||||||||0|0||8|450|99408|3.0|2022-04-26T00:00:00|hospital_C|hospital_C_20220425
SYN_BENE_1989EAA6090F|SYN_CLM_7E053BE6FB38|V|60|25-Apr-2022|25-Apr-2022|29-Apr-2022||3|377673|1|1|1|| |1869.71|0.0| ||37|1306950993| |9999907899| |9999907899|||0|1| |1869.71|25-Apr-2022|1|1|A|10|0.0|373.97|0|4|0.0|0.0|0|0|0|0|0|0|0|0|0|0|0|0|0|||||25-Apr-2022|19.0|0|0||N1830|N1830|Y|R809|Y|T50905|N|R801|N|Z653|Y|I4891|Y|N181|N|E1121|Y|E11319|Y|D4959|Y|D075|Y|E781|Y|E119|Y|E8881|Y|P292|Y|Z952|N|I350|Y|R931|Y|I259|Y|E785|Y|E669|Y|P2832|N|G479|Y|Z591|Y|R7303|Y|X58|Y95|Y| | | | | | | | | | | | | | | | | | | | | | |GZ3|25-Apr-2022|G4730|25-Apr-2022|Z741|25-Apr-2022|Z9181|25-Apr-2022|Z139|25-Apr-2022|Z1331|25-Apr-2022|Z1331|25-Apr-2022|F1990|25-Apr-2022|Z715|25-Apr-2022|||||||||||||||||||||||||||||||||0|0||9|450|99408|3.0|2022-04-26T00:00:00|hospital_C|hospital_C_20220425
SYN_BENE_826BC37A52C4|SYN_CLM_80671D483F1F|V|60|25-Apr-2022|25-Apr-2022|29-Apr-2022||3|377673|1|1|1|| |1869.71|0.0| ||37|1306950993| |9999907899| |9999907899|||0|1| |1869.71|25-Apr-2022|1|1|A|10|0.0|373.97|0|4|0.0|0.0|0|0|0|0|0|0|0|0|0|0|0|0|0|||||25-Apr-2022|19.0|0|0||N1830|N1830|Y|R809|Y|T50905|N|R801|N|Z653|Y|I4891|Y|N181|N|E1121|Y|E11319|Y|D4959|Y|D075|Y|E781|Y|E119|Y|E8881|Y|P292|Y|Z952|N|I350|Y|R931|Y|I259|Y|E785|Y|E669|Y|P2832|N|G479|Y|Z591|Y|R7303|Y|X58|Y95|Y| | | | | | | | | | | | | | | | | | | | | | |GZ3|25-Apr-2022|G4730|25-Apr-2022|Z741|25-Apr-2022|Z9181|25-Apr-2022|Z139|25-Apr-2022|Z1331|25-Apr-2022|Z1331|25-Apr-2022|F1990|25-Apr-2022|Z715|25-Apr-2022|||||||||||||||||||||||||||||||||0|0||1|450|99495|3.0|2022-04-26T00:00:00|hospital_C|hospital_C_20220425
SYN_BENE_826BC37A52C4|SYN_CLM_80671D483F1F|V|60|25-Apr-2022|25-Apr-2022|29-Apr-2022||3|377673|1|1|1|| |1869.71|0.0| ||37|1306950993| |9999907899| |9999907899|||0|1| |1869.71|25-Apr-2022|1|1|A|10|0.0|373.97|0|4|0.0|0.0|0|0|0|0|0|0|0|0|0|0|0|0|0|||||25-Apr-2022|19.0|0|0||N1830|N1830|Y|R809|Y|T50905|N|R801|N|Z653|Y|I4891|Y|N181|N|E1121|Y|E11319|Y|D4959|Y|D075|Y|E781|Y|E119|Y|E8881|Y|P292|Y|Z952|N|I350|Y|R931|Y|I259|Y|E785|Y|E669|Y|P2832|N|G479|Y|Z591|Y|R7303|Y|X58|Y95|Y| | | | | | | | | | | | | | | | | | | | | | |GZ3|25-Apr-2022|G4730|25-Apr-2022|Z741|25-Apr-2022|Z9181|25-Apr-2022|Z139|25-Apr-2022|Z1331|25-Apr-2022|Z1331|25-Apr-2022|F1990|25-Apr-2022|Z715|25-Apr-2022|||||||||||||||||||||||||||||||||0|0||2|450|G8839|3.0|2022-04-26T00:00:00|hospital_C|hospital_C_20220425
SYN_BENE_826BC37A52C4|SYN_CLM_80671D483F1F|V|60|25-Apr-2022|25-Apr-2022|29-Apr-2022||3|377673|1|1|1|| |1869.71|0.0| ||37|1306950993| |9999907899| |9999907899|||0|1| |1869.71|25-Apr-2022|1|1|A|10|0.0|373.97|0|4|0.0|0.0|0|0|0|0|0|0|0|0|0|0|0|0|0|||||25-Apr-2022|19.0|0|0||N1830|N1830|Y|R809|Y|T50905|N|R801|N|Z653|Y|I4891|Y|N181|N|E1121|Y|E11319|Y|D4959|Y|D075|Y|E781|Y|E119|Y|E8881|Y|P292|Y|Z952|N|I350|Y|R931|Y|I259|Y|E785|Y|E669|Y|P2832|N|G479|Y|Z591|Y|R7303|Y|X58|Y95|Y| | | | | | | | | | | | | | | | | | | | | | |GZ3|25-Apr-2022|G4730|25-Apr-2022|Z741|25-Apr-2022|Z9181|25-Apr-2022|Z139|25-Apr-2022|Z1331|25-Apr-2022|Z1331|25-Apr-2022|F1990|25-Apr-2022|Z715|25-Apr-2022|||||||||||||||||||||||||||||||||0|0||3|450|96156|3.0|2022-04-26T00:00:00|hospital_C|hospital_C_20220425
SYN_BENE_826BC37A52C4|SYN_CLM_80671D483F1F|V|60|25-Apr-2022|25-Apr-2022|29-Apr-2022||3|377673|1|1|1|| |1869.71|0.0| ||37|1306950993| |9999907899| |9999907899|||0|1| |1869.71|25-Apr-2022|1|1|A|10|0.0|373.97|0|4|0.0|0.0|0|0|0|0|0|0|0|0|0|0|0|0|0|||||25-Apr-2022|19.0|0|0||N1830|N1830|Y|R809|Y|T50905|N|R801|N|Z653|Y|I4891|Y|N181|N|E1121|Y|E11319|Y|D4959|Y|D075|Y|E781|Y|E119|Y|E8881|Y|P292|Y|Z952|N|I350|Y|R931|Y|I259|Y|E785|Y|E669|Y|P2832|N|G479|Y|Z591|Y|R7303|Y|X58|Y95|Y| | | | | | | | | | | | | | | | | | | | | | |GZ3|25-Apr-2022|G4730|25-Apr-2022|Z741|25-Apr-2022|Z9181|25-Apr-2022|Z139|25-Apr-2022|Z1331|25-Apr-2022|Z1331|25-Apr-2022|F1990|25-Apr-2022|Z715|25-Apr-2022|||||||||||||||||||||||||||||||||0|0||4|450|M1069|3.0|2022-04-26T00:00:00|hospital_C|hospital_C_20220425
SYN_BENE_826BC37A52C4|SYN_CLM_80671D483F1F|V|60|25-Apr-2022|25-Apr-2022|29-Apr-2022||3|377673|1|1|1|| |1869.71|0.0| ||37|1306950993| |9999907899| |9999907899|||0|1| |1869.71|25-Apr-2022|1|1|A|10|0.0|373.97|0|4|0.0|0.0|0|0|0|0|0|0|0|0|0|0|0|0|0|||||25-Apr-2022|19.0|0|0||N1830|N1830|Y|R809|Y|T50905|N|R801|N|Z653|Y|I4891|Y|N181|N|E1121|Y|E11319|Y|D4959|Y|D075|Y|E781|Y|E119|Y|E8881|Y|P292|Y|Z952|N|I350|Y|R931|Y|I259|Y|E785|Y|E669|Y|P2832|N|G479|Y|Z591|Y|R7303|Y|X58|Y95|Y| | | | | | | | | | | | | | | | | | | | | | |GZ3|25-Apr-2022|G4730|25-Apr-2022|Z741|25-Apr-2022|Z9181|25-Apr-2022|Z139|25-Apr-2022|Z1331|25-Apr-2022|Z1331|25-Apr-2022|F1990|25-Apr-2022|Z715|25-Apr-2022|||||||||||||||||||||||||||||||||0|0||5|450|99401|3.0|2022-04-26T00:00:00|hospital_C|hospital_C_20220425
SYN_BENE_826BC37A52C4|SYN_CLM_80671D483F1F|V|60|25-Apr-2022|25-Apr-2022|29-Apr-2022||3|377673|1|1|1|| |1869.71|0.0| ||37|1306950993| |9999907899| |9999907899|||0|1| |1869.71|25-Apr-2022|1|1|A|10|0.0|373.97|0|4|0.0|0.0|0|0|0|0|0|0|0|0|0|0|0|0|0|||||25-Apr-2022|19.0|0|0||N1830|N1830|Y|R809|Y|T50905|N|R801|N|Z653|Y|I4891|Y|N181|N|E1121|Y|E11319|Y|D4959|Y|D075|Y|E781|Y|E119|Y|E8881|Y|P292|Y|Z952|N|I350|Y|R931|Y|I259|Y|E785|Y|E669|Y|P2832|N|G479|Y|Z591|Y|R7303|Y|X58|Y95|Y| | | | | | | | | | | | | | | | | | | | | | |GZ3|25-Apr-2022|G4730|25-Apr-2022|Z741|25-Apr-2022|Z9181|25-Apr-2022|Z139|25-Apr-2022|Z1331|25-Apr-2022|Z1331|25-Apr-2022|F1990|25-Apr-2022|Z715|25-Apr-2022|||||||||||||||||||||||||||||||||0|0||6|450|G0444|3.0|2022-04-26T00:00:00|hospital_C|hospital_C_20220425
SYN_BENE_826BC37A52C4|SYN_CLM_80671D483F1F|V|60|25-Apr-2022|25-Apr-2022|29-Apr-2022||3|377673|1|1|1|| |1869.71|0.0| ||37|1306950993| |9999907899| |9999907899|||0|1| |1869.71|25-Apr-2022|1|1|A|10|0.0|373.97|0|4|0.0|0.0|0|0|0|0|0|0|0|0|0|0|0|0|0|||||25-Apr-2022|19.0|0|0||N1830|N1830|Y|R809|Y|T50905|N|R801|N|Z653|Y|I4891|Y|N181|N|E1121|Y|E11319|Y|D4959|Y|D075|Y|E781|Y|E119|Y|E8881|Y|P292|Y|Z952|N|I350|Y|R931|Y|I259|Y|E785|Y|E669|Y|P2832|N|G479|Y|Z591|Y|R7303|Y|X58|Y95|Y| | | | | | | | | | | | | | | | | | | | | | |GZ3|25-Apr-2022|G4730|25-Apr-2022|Z741|25-Apr-2022|Z9181|25-Apr-2022|Z139|25-Apr-2022|Z1331|25-Apr-2022|Z1331|25-Apr-2022|F1990|25-Apr-2022|Z715|25-Apr-2022|||||||||||||||||||||||||||||||||0|0||7|450|G0444|3.0|2022-04-26T00:00:00|hospital_C|hospital_C_20220425
SYN_BENE_826BC37A52C4|SYN_CLM_80671D483F1F|V|60|25-Apr-2022|25-Apr-2022|29-Apr-2022||3|377673|1|1|1|| |1869.71|0.0| ||37|1306950993| |9999907899| |9999907899|||0|1| |1869.71|25-Apr-2022|1|1|A|10|0.0|373.97|0|4|0.0|0.0|0|0|0|0|0|0|0|0|0|0|0|0|0|||||25-Apr-2022|19.0|0|0||N1830|N1830|Y|R809|Y|T50905|N|R801|N|Z653|Y|I4891|Y|N181|N|E1121|Y|E11319|Y|D4959|Y|D075|Y|E781|Y|E119|Y|E8881|Y|P292|Y|Z952|N|I350|Y|R931|Y|I259|Y|E785|Y|E669|Y|P2832|N|G479|Y|Z591|Y|R7303|Y|X58|Y95|Y| | | | | | | | | | | | | | | | | | | | | | |GZ3|25-Apr-2022|G4730|25-Apr-2022|Z741|25-Apr-2022|Z9181|25-Apr-2022|Z139|25-Apr-2022|Z1331|25-Apr-2022|Z1331|25-Apr-2022|F1990|25-Apr-2022|Z715|25-Apr-2022|||||||||||||||||||||||||||||||||0|0||8|450|99408|3.0|2022-04-26T00:00:00|hospital_C|hospital_C_20220425
SYN_BENE_826BC37A52C4|SYN_CLM_80671D483F1F|V|60|25-Apr-2022|25-Apr-2022|29-Apr-2022||3|377673|1|1|1|| |1869.71|0.0| ||37|1306950993| |9999907899| |9999907899|||0|1| |1869.71|25-Apr-2022|1|1|A|10|0.0|373.97|0|4|0.0|0.0|0|0|0|0|0|0|0|0|0|0|0|0|0|||||25-Apr-2022|19.0|0|0||N1830|N1830|Y|R809|Y|T50905|N|R801|N|Z653|Y|I4891|Y|N181|N|E1121|Y|E11319|Y|D4959|Y|D075|Y|E781|Y|E119|Y|E8881|Y|P292|Y|Z952|N|I350|Y|R931|Y|I259|Y|E785|Y|E669|Y|P2832|N|G479|Y|Z591|Y|R7303|Y|X58|Y95|Y| | | | | | | | | | | | | | | | | | | | | | |GZ3|25-Apr-2022|G4730|25-Apr-2022|Z741|25-Apr-2022|Z9181|25-Apr-2022|Z139|25-Apr-2022|Z1331|25-Apr-2022|Z1331|25-Apr-2022|F1990|25-Apr-2022|Z715|25-Apr-2022|||||||||||||||||||||||||||||||||0|0||9|450|99408|3.0|2022-04-26T00:00:00|hospital_C|hospital_C_20220425
SYN_BENE_DCC132BC7DE3|SYN_CLM_3124D8D4917E|V|60|25-Apr-2022|25-Apr-2022|29-Apr-2022||3|377673|1|1|1|| |1869.71|0.0| ||37|1306950993| |9999907899| |9999907899|||0|1| |1869.71|25-Apr-2022|1|1|A|10|0.0|373.97|0|4|0.0|0.0|0|0|0|0|0|0|0|0|0|0|0|0|0|||||25-Apr-2022|19.0|0|0||N1830|N1830|Y|R809|Y|T50905|N|R801|N|Z653|Y|I4891|Y|N181|N|E1121|Y|E11319|Y|D4959|Y|D075|Y|E781|Y|E119|Y|E8881|Y|P292|Y|Z952|N|I350|Y|R931|Y|I259|Y|E785|Y|E669|Y|P2832|N|G479|Y|Z591|Y|R7303|Y|X58|Y95|Y| | | | | | | | | | | | | | | | | | | | | | |GZ3|25-Apr-2022|G4730|25-Apr-2022|Z741|25-Apr-2022|Z9181|25-Apr-2022|Z139|25-Apr-2022|Z1331|25-Apr-2022|Z1331|25-Apr-2022|F1990|25-Apr-2022|Z715|25-Apr-2022|||||||||||||||||||||||||||||||||0|0||1|450|99495|3.0|2022-04-26T00:00:00|hospital_C|hospital_C_20220425
SYN_BENE_DCC132BC7DE3|SYN_CLM_3124D8D4917E|V|60|25-Apr-2022|25-Apr-2022|29-Apr-2022||3|377673|1|1|1|| |1869.71|0.0| ||37|1306950993| |9999907899| |9999907899|||0|1| |1869.71|25-Apr-2022|1|1|A|10|0.0|373.97|0|4|0.0|0.0|0|0|0|0|0|0|0|0|0|0|0|0|0|||||25-Apr-2022|19.0|0|0||N1830|N1830|Y|R809|Y|T50905|N|R801|N|Z653|Y|I4891|Y|N181|N|E1121|Y|E11319|Y|D4959|Y|D075|Y|E781|Y|E119|Y|E8881|Y|P292|Y|Z952|N|I350|Y|R931|Y|I259|Y|E785|Y|E669|Y|P2832|N|G479|Y|Z591|Y|R7303|Y|X58|Y95|Y| | | | | | | | | | | | | | | | | | | | | | |GZ3|25-Apr-2022|G4730|25-Apr-2022|Z741|25-Apr-2022|Z9181|25-Apr-2022|Z139|25-Apr-2022|Z1331|25-Apr-2022|Z1331|25-Apr-2022|F1990|25-Apr-2022|Z715|25-Apr-2022|||||||||||||||||||||||||||||||||0|0||2|450|G8839|3.0|2022-04-26T00:00:00|hospital_C|hospital_C_20220425
SYN_BENE_DCC132BC7DE3|SYN_CLM_3124D8D4917E|V|60|25-Apr-2022|25-Apr-2022|29-Apr-2022||3|377673|1|1|1|| |1869.71|0.0| ||37|1306950993| |9999907899| |9999907899|||0|1| |1869.71|25-Apr-2022|1|1|A|10|0.0|373.97|0|4|0.0|0.0|0|0|0|0|0|0|0|0|0|0|0|0|0|||||25-Apr-2022|19.0|0|0||N1830|N1830|Y|R809|Y|T50905|N|R801|N|Z653|Y|I4891|Y|N181|N|E1121|Y|E11319|Y|D4959|Y|D075|Y|E781|Y|E119|Y|E8881|Y|P292|Y|Z952|N|I350|Y|R931|Y|I259|Y|E785|Y|E669|Y|P2832|N|G479|Y|Z591|Y|R7303|Y|X58|Y95|Y| | | | | | | | | | | | | | | | | | | | | | |GZ3|25-Apr-2022|G4730|25-Apr-2022|Z741|25-Apr-2022|Z9181|25-Apr-2022|Z139|25-Apr-2022|Z1331|25-Apr-2022|Z1331|25-Apr-2022|F1990|25-Apr-2022|Z715|25-Apr-2022|||||||||||||||||||||||||||||||||0|0||3|450|96156|3.0|2022-04-26T00:00:00|hospital_C|hospital_C_20220425
SYN_BENE_DCC132BC7DE3|SYN_CLM_3124D8D4917E|V|60|25-Apr-2022|25-Apr-2022|29-Apr-2022||3|377673|1|1|1|| |1869.71|0.0| ||37|1306950993| |9999907899| |9999907899|||0|1| |1869.71|25-Apr-2022|1|1|A|10|0.0|373.97|0|4|0.0|0.0|0|0|0|0|0|0|0|0|0|0|0|0|0|||||25-Apr-2022|19.0|0|0||N1830|N1830|Y|R809|Y|T50905|N|R801|N|Z653|Y|I4891|Y|N181|N|E1121|Y|E11319|Y|D4959|Y|D075|Y|E781|Y|E119|Y|E8881|Y|P292|Y|Z952|N|I350|Y|R931|Y|I259|Y|E785|Y|E669|Y|P2832|N|G479|Y|Z591|Y|R7303|Y|X58|Y95|Y| | | | | | | | | | | | | | | | | | | | | | |GZ3|25-Apr-2022|G4730|25-Apr-2022|Z741|25-Apr-2022|Z9181|25-Apr-2022|Z139|25-Apr-2022|Z1331|25-Apr-2022|Z1331|25-Apr-2022|F1990|25-Apr-2022|Z715|25-Apr-2022|||||||||||||||||||||||||||||||||0|0||4|450|M1069|3.0|2022-04-26T00:00:00|hospital_C|hospital_C_20220425
SYN_BENE_DCC132BC7DE3|SYN_CLM_3124D8D4917E|V|60|25-Apr-2022|25-Apr-2022|29-Apr-2022||3|377673|1|1|1|| |1869.71|0.0| ||37|1306950993| |9999907899| |9999907899|||0|1| |1869.71|25-Apr-2022|1|1|A|10|0.0|373.97|0|4|0.0|0.0|0|0|0|0|0|0|0|0|0|0|0|0|0|||||25-Apr-2022|19.0|0|0||N1830|N1830|Y|R809|Y|T50905|N|R801|N|Z653|Y|I4891|Y|N181|N|E1121|Y|E11319|Y|D4959|Y|D075|Y|E781|Y|E119|Y|E8881|Y|P292|Y|Z952|N|I350|Y|R931|Y|I259|Y|E785|Y|E669|Y|P2832|N|G479|Y|Z591|Y|R7303|Y|X58|Y95|Y| | | | | | | | | | | | | | | | | | | | | | |GZ3|25-Apr-2022|G4730|25-Apr-2022|Z741|25-Apr-2022|Z9181|25-Apr-2022|Z139|25-Apr-2022|Z1331|25-Apr-2022|Z1331|25-Apr-2022|F1990|25-Apr-2022|Z715|25-Apr-2022|||||||||||||||||||||||||||||||||0|0||5|450|99401|3.0|2022-04-26T00:00:00|hospital_C|hospital_C_20220425
SYN_BENE_DCC132BC7DE3|SYN_CLM_3124D8D4917E|V|60|25-Apr-2022|25-Apr-2022|29-Apr-2022||3|377673|1|1|1|| |1869.71|0.0| ||37|1306950993| |9999907899| |9999907899|||0|1| |1869.71|25-Apr-2022|1|1|A|10|0.0|373.97|0|4|0.0|0.0|0|0|0|0|0|0|0|0|0|0|0|0|0|||||25-Apr-2022|19.0|0|0||N1830|N1830|Y|R809|Y|T50905|N|R801|N|Z653|Y|I4891|Y|N181|N|E1121|Y|E11319|Y|D4959|Y|D075|Y|E781|Y|E119|Y|E8881|Y|P292|Y|Z952|N|I350|Y|R931|Y|I259|Y|E785|Y|E669|Y|P2832|N|G479|Y|Z591|Y|R7303|Y|X58|Y95|Y| | | | | | | | | | | | | | | | | | | | | | |GZ3|25-Apr-2022|G4730|25-Apr-2022|Z741|25-Apr-2022|Z9181|25-Apr-2022|Z139|25-Apr-2022|Z1331|25-Apr-2022|Z1331|25-Apr-2022|F1990|25-Apr-2022|Z715|25-Apr-2022|||||||||||||||||||||||||||||||||0|0||6|450|G0444|3.0|2022-04-26T00:00:00|hospital_C|hospital_C_20220425
SYN_BENE_DCC132BC7DE3|SYN_CLM_3124D8D4917E|V|60|25-Apr-2022|25-Apr-2022|29-Apr-2022||3|377673|1|1|1|| |1869.71|0.0| ||37|1306950993| |9999907899| |9999907899|||0|1| |1869.71|25-Apr-2022|1|1|A|10|0.0|373.97|0|4|0.0|0.0|0|0|0|0|0|0|0|0|0|0|0|0|0|||||25-Apr-2022|19.0|0|0||N1830|N1830|Y|R809|Y|T50905|N|R801|N|Z653|Y|I4891|Y|N181|N|E1121|Y|E11319|Y|D4959|Y|D075|Y|E781|Y|E119|Y|E8881|Y|P292|Y|Z952|N|I350|Y|R931|Y|I259|Y|E785|Y|E669|Y|P2832|N|G479|Y|Z591|Y|R7303|Y|X58|Y95|Y| | | | | | | | | | | | | | | | | | | | | | |GZ3|25-Apr-2022|G4730|25-Apr-2022|Z741|25-Apr-2022|Z9181|25-Apr-2022|Z139|25-Apr-2022|Z1331|25-Apr-2022|Z1331|25-Apr-2022|F1990|25-Apr-2022|Z715|25-Apr-2022|||||||||||||||||||||||||||||||||0|0||7|450|G0444|3.0|2022-04-26T00:00:00|hospital_C|hospital_C_20220425
SYN_BENE_DCC132BC7DE3|SYN_CLM_3124D8D4917E|V|60|25-Apr-2022|25-Apr-2022|29-Apr-2022||3|377673|1|1|1|| |1869.71|0.0| ||37|1306950993| |9999907899| |9999907899|||0|1| |1869.71|25-Apr-2022|1|1|A|10|0.0|373.97|0|4|0.0|0.0|0|0|0|0|0|0|0|0|0|0|0|0|0|||||25-Apr-2022|19.0|0|0||N1830|N1830|Y|R809|Y|T50905|N|R801|N|Z653|Y|I4891|Y|N181|N|E1121|Y|E11319|Y|D4959|Y|D075|Y|E781|Y|E119|Y|E8881|Y|P292|Y|Z952|N|I350|Y|R931|Y|I259|Y|E785|Y|E669|Y|P2832|N|G479|Y|Z591|Y|R7303|Y|X58|Y95|Y| | | | | | | | | | | | | | | | | | | | | | |GZ3|25-Apr-2022|G4730|25-Apr-2022|Z741|25-Apr-2022|Z9181|25-Apr-2022|Z139|25-Apr-2022|Z1331|25-Apr-2022|Z1331|25-Apr-2022|F1990|25-Apr-2022|Z715|25-Apr-2022|||||||||||||||||||||||||||||||||0|0||8|450|99408|3.0|2022-04-26T00:00:00|hospital_C|hospital_C_20220425
SYN_BENE_DCC132BC7DE3|SYN_CLM_3124D8D4917E|V|60|25-Apr-2022|25-Apr-2022|29-Apr-2022||3|377673|1|1|1|| |1869.71|0.0| ||37|1306950993| |9999907899| |9999907899|||0|1| |1869.71|25-Apr-2022|1|1|A|10|0.0|373.97|0|4|0.0|0.0|0|0|0|0|0|0|0|0|0|0|0|0|0|||||25-Apr-2022|19.0|0|0||N1830|N1830|Y|R809|Y|T50905|N|R801|N|Z653|Y|I4891|Y|N181|N|E1121|Y|E11319|Y|D4959|Y|D075|Y|E781|Y|E119|Y|E8881|Y|P292|Y|Z952|N|I350|Y|R931|Y|I259|Y|E785|Y|E669|Y|P2832|N|G479|Y|Z591|Y|R7303|Y|X58|Y95|Y| | | | | | | | | | | | | | | | | | | | | | |GZ3|25-Apr-2022|G4730|25-Apr-2022|Z741|25-Apr-2022|Z9181|25-Apr-2022|Z139|25-Apr-2022|Z1331|25-Apr-2022|Z1331|25-Apr-2022|F1990|25-Apr-2022|Z715|25-Apr-2022|||||||||||||||||||||||||||||||||0|0||9|450|99408|3.0|2022-04-26T00:00:00|hospital_C|hospital_C_20220425
SYN_BENE_B4C0D637F653|SYN_CLM_C47DA6496E99|V|60|25-Apr-2022|25-Apr-2022|29-Apr-2022||3|377673|1|1|1|| |1869.71|0.0| ||37|1306950993| |9999907899| |9999907899|||0|1| |1869.71|25-Apr-2022|1|1|A|10|0.0|373.97|0|4|0.0|0.0|0|0|0|0|0|0|0|0|0|0|0|0|0|||||25-Apr-2022|19.0|0|0||N1830|N1830|Y|R809|Y|T50905|N|R801|N|Z653|Y|I4891|Y|N181|N|E1121|Y|E11319|Y|D4959|Y|D075|Y|E781|Y|E119|Y|E8881|Y|P292|Y|Z952|N|I350|Y|R931|Y|I259|Y|E785|Y|E669|Y|P2832|N|G479|Y|Z591|Y|R7303|Y|X58|Y95|Y| | | | | | | | | | | | | | | | | | | | | | |GZ3|25-Apr-2022|G4730|25-Apr-2022|Z741|25-Apr-2022|Z9181|25-Apr-2022|Z139|25-Apr-2022|Z1331|25-Apr-2022|Z1331|25-Apr-2022|F1990|25-Apr-2022|Z715|25-Apr-2022|||||||||||||||||||||||||||||||||0|0||1|450|99495|3.0|2022-04-26T00:00:00|hospital_C|hospital_C_20220425
SYN_BENE_B4C0D637F653|SYN_CLM_C47DA6496E99|V|60|25-Apr-2022|25-Apr-2022|29-Apr-2022||3|377673|1|1|1|| |1869.71|0.0| ||37|1306950993| |9999907899| |9999907899|||0|1| |1869.71|25-Apr-2022|1|1|A|10|0.0|373.97|0|4|0.0|0.0|0|0|0|0|0|0|0|0|0|0|0|0|0|||||25-Apr-2022|19.0|0|0||N1830|N1830|Y|R809|Y|T50905|N|R801|N|Z653|Y|I4891|Y|N181|N|E1121|Y|E11319|Y|D4959|Y|D075|Y|E781|Y|E119|Y|E8881|Y|P292|Y|Z952|N|I350|Y|R931|Y|I259|Y|E785|Y|E669|Y|P2832|N|G479|Y|Z591|Y|R7303|Y|X58|Y95|Y| | | | | | | | | | | | | | | | | | | | | | |GZ3|25-Apr-2022|G4730|25-Apr-2022|Z741|25-Apr-2022|Z9181|25-Apr-2022|Z139|25-Apr-2022|Z1331|25-Apr-2022|Z1331|25-Apr-2022|F1990|25-Apr-2022|Z715|25-Apr-2022|||||||||||||||||||||||||||||||||0|0||2|450|G8839|3.0|2022-04-26T00:00:00|hospital_C|hospital_C_20220425
SYN_BENE_B4C0D637F653|SYN_CLM_C47DA6496E99|V|60|25-Apr-2022|25-Apr-2022|29-Apr-2022||3|377673|1|1|1|| |1869.71|0.0| ||37|1306950993| |9999907899| |9999907899|||0|1| |1869.71|25-Apr-2022|1|1|A|10|0.0|373.97|0|4|0.0|0.0|0|0|0|0|0|0|0|0|0|0|0|0|0|||||25-Apr-2022|19.0|0|0||N1830|N1830|Y|R809|Y|T50905|N|R801|N|Z653|Y|I4891|Y|N181|N|E1121|Y|E11319|Y|D4959|Y|D075|Y|E781|Y|E119|Y|E8881|Y|P292|Y|Z952|N|I350|Y|R931|Y|I259|Y|E785|Y|E669|Y|P2832|N|G479|Y|Z591|Y|R7303|Y|X58|Y95|Y| | | | | | | | | | | | | | | | | | | | | | |GZ3|25-Apr-2022|G4730|25-Apr-2022|Z741|25-Apr-2022|Z9181|25-Apr-2022|Z139|25-Apr-2022|Z1331|25-Apr-2022|Z1331|25-Apr-2022|F1990|25-Apr-2022|Z715|25-Apr-2022|||||||||||||||||||||||||||||||||0|0||3|450|96156|3.0|2022-04-26T00:00:00|hospital_C|hospital_C_20220425
SYN_BENE_B4C0D637F653|SYN_CLM_C47DA6496E99|V|60|25-Apr-2022|25-Apr-2022|29-Apr-2022||3|377673|1|1|1|| |1869.71|0.0| ||37|1306950993| |9999907899| |9999907899|||0|1| |1869.71|25-Apr-2022|1|1|A|10|0.0|373.97|0|4|0.0|0.0|0|0|0|0|0|0|0|0|0|0|0|0|0|||||25-Apr-2022|19.0|0|0||N1830|N1830|Y|R809|Y|T50905|N|R801|N|Z653|Y|I4891|Y|N181|N|E1121|Y|E11319|Y|D4959|Y|D075|Y|E781|Y|E119|Y|E8881|Y|P292|Y|Z952|N|I350|Y|R931|Y|I259|Y|E785|Y|E669|Y|P2832|N|G479|Y|Z591|Y|R7303|Y|X58|Y95|Y| | | | | | | | | | | | | | | | | | | | | | |GZ3|25-Apr-2022|G4730|25-Apr-2022|Z741|25-Apr-2022|Z9181|25-Apr-2022|Z139|25-Apr-2022|Z1331|25-Apr-2022|Z1331|25-Apr-2022|F1990|25-Apr-2022|Z715|25-Apr-2022|||||||||||||||||||||||||||||||||0|0||4|450|M1069|3.0|2022-04-26T00:00:00|hospital_C|hospital_C_20220425
SYN_BENE_B4C0D637F653|SYN_CLM_C47DA6496E99|V|60|25-Apr-2022|25-Apr-2022|29-Apr-2022||3|377673|1|1|1|| |1869.71|0.0| ||37|1306950993| |9999907899| |9999907899|||0|1| |1869.71|25-Apr-2022|1|1|A|10|0.0|373.97|0|4|0.0|0.0|0|0|0|0|0|0|0|0|0|0|0|0|0|||||25-Apr-2022|19.0|0|0||N1830|N1830|Y|R809|Y|T50905|N|R801|N|Z653|Y|I4891|Y|N181|N|E1121|Y|E11319|Y|D4959|Y|D075|Y|E781|Y|E119|Y|E8881|Y|P292|Y|Z952|N|I350|Y|R931|Y|I259|Y|E785|Y|E669|Y|P2832|N|G479|Y|Z591|Y|R7303|Y|X58|Y95|Y| | | | | | | | | | | | | | | | | | | | | | |GZ3|25-Apr-2022|G4730|25-Apr-2022|Z741|25-Apr-2022|Z9181|25-Apr-2022|Z139|25-Apr-2022|Z1331|25-Apr-2022|Z1331|25-Apr-2022|F1990|25-Apr-2022|Z715|25-Apr-2022|||||||||||||||||||||||||||||||||0|0||5|450|99401|3.0|2022-04-26T00:00:00|hospital_C|hospital_C_20220425
SYN_BENE_B4C0D637F653|SYN_CLM_C47DA6496E99|V|60|25-Apr-2022|25-Apr-2022|29-Apr-2022||3|377673|1|1|1|| |1869.71|0.0| ||37|1306950993| |9999907899| |9999907899|||0|1| |1869.71|25-Apr-2022|1|1|A|10|0.0|373.97|0|4|0.0|0.0|0|0|0|0|0|0|0|0|0|0|0|0|0|||||25-Apr-2022|19.0|0|0||N1830|N1830|Y|R809|Y|T50905|N|R801|N|Z653|Y|I4891|Y|N181|N|E1121|Y|E11319|Y|D4959|Y|D075|Y|E781|Y|E119|Y|E8881|Y|P292|Y|Z952|N|I350|Y|R931|Y|I259|Y|E785|Y|E669|Y|P2832|N|G479|Y|Z591|Y|R7303|Y|X58|Y95|Y| | | | | | | | | | | | | | | | | | | | | | |GZ3|25-Apr-2022|G4730|25-Apr-2022|Z741|25-Apr-2022|Z9181|25-Apr-2022|Z139|25-Apr-2022|Z1331|25-Apr-2022|Z1331|25-Apr-2022|F1990|25-Apr-2022|Z715|25-Apr-2022|||||||||||||||||||||||||||||||||0|0||6|450|G0444|3.0|2022-04-26T00:00:00|hospital_C|hospital_C_20220425
SYN_BENE_B4C0D637F653|SYN_CLM_C47DA6496E99|V|60|25-Apr-2022|25-Apr-2022|29-Apr-2022||3|377673|1|1|1|| |1869.71|0.0| ||37|1306950993| |9999907899| |9999907899|||0|1| |1869.71|25-Apr-2022|1|1|A|10|0.0|373.97|0|4|0.0|0.0|0|0|0|0|0|0|0|0|0|0|0|0|0|||||25-Apr-2022|19.0|0|0||N1830|N1830|Y|R809|Y|T50905|N|R801|N|Z653|Y|I4891|Y|N181|N|E1121|Y|E11319|Y|D4959|Y|D075|Y|E781|Y|E119|Y|E8881|Y|P292|Y|Z952|N|I350|Y|R931|Y|I259|Y|E785|Y|E669|Y|P2832|N|G479|Y|Z591|Y|R7303|Y|X58|Y95|Y| | | | | | | | | | | | | | | | | | | | | | |GZ3|25-Apr-2022|G4730|25-Apr-2022|Z741|25-Apr-2022|Z9181|25-Apr-2022|Z139|25-Apr-2022|Z1331|25-Apr-2022|Z1331|25-Apr-2022|F1990|25-Apr-2022|Z715|25-Apr-2022|||||||||||||||||||||||||||||||||0|0||7|450|G0444|3.0|2022-04-26T00:00:00|hospital_C|hospital_C_20220425
SYN_BENE_B4C0D637F653|SYN_CLM_C47DA6496E99|V|60|25-Apr-2022|25-Apr-2022|29-Apr-2022||3|377673|1|1|1|| |1869.71|0.0| ||37|1306950993| |9999907899| |9999907899|||0|1| |1869.71|25-Apr-2022|1|1|A|10|0.0|373.97|0|4|0.0|0.0|0|0|0|0|0|0|0|0|0|0|0|0|0|||||25-Apr-2022|19.0|0|0||N1830|N1830|Y|R809|Y|T50905|N|R801|N|Z653|Y|I4891|Y|N181|N|E1121|Y|E11319|Y|D4959|Y|D075|Y|E781|Y|E119|Y|E8881|Y|P292|Y|Z952|N|I350|Y|R931|Y|I259|Y|E785|Y|E669|Y|P2832|N|G479|Y|Z591|Y|R7303|Y|X58|Y95|Y| | | | | | | | | | | | | | | | | | | | | | |GZ3|25-Apr-2022|G4730|25-Apr-2022|Z741|25-Apr-2022|Z9181|25-Apr-2022|Z139|25-Apr-2022|Z1331|25-Apr-2022|Z1331|25-Apr-2022|F1990|25-Apr-2022|Z715|25-Apr-2022|||||||||||||||||||||||||||||||||0|0||8|450|99408|3.0|2022-04-26T00:00:00|hospital_C|hospital_C_20220425
SYN_BENE_B4C0D637F653|SYN_CLM_C47DA6496E99|V|60|25-Apr-2022|25-Apr-2022|29-Apr-2022||3|377673|1|1|1|| |1869.71|0.0| ||37|1306950993| |9999907899| |9999907899|||0|1| |1869.71|25-Apr-2022|1|1|A|10|0.0|373.97|0|4|0.0|0.0|0|0|0|0|0|0|0|0|0|0|0|0|0|||||25-Apr-2022|19.0|0|0||N1830|N1830|Y|R809|Y|T50905|N|R801|N|Z653|Y|I4891|Y|N181|N|E1121|Y|E11319|Y|D4959|Y|D075|Y|E781|Y|E119|Y|E8881|Y|P292|Y|Z952|N|I350|Y|R931|Y|I259|Y|E785|Y|E669|Y|P2832|N|G479|Y|Z591|Y|R7303|Y|X58|Y95|Y| | | | | | | | | | | | | | | | | | | | | | |GZ3|25-Apr-2022|G4730|25-Apr-2022|Z741|25-Apr-2022|Z9181|25-Apr-2022|Z139|25-Apr-2022|Z1331|25-Apr-2022|Z1331|25-Apr-2022|F1990|25-Apr-2022|Z715|25-Apr-2022|||||||||||||||||||||||||||||||||0|0||9|450|99408|3.0|2022-04-26T00:00:00|hospital_C|hospital_C_20220425
SYN_BENE_C64DB1646025|SYN_CLM_9FACA94C8F89|V|60|25-Apr-2022|25-Apr-2022|29-Apr-2022||3|377673|1|1|1|| |1869.71|0.0| ||37|1306950993| |9999907899| |9999907899|||0|1| |1869.71|25-Apr-2022|1|1|A|10|0.0|373.97|0|4|0.0|0.0|0|0|0|0|0|0|0|0|0|0|0|0|0|||||25-Apr-2022|19.0|0|0||N1830|N1830|Y|R809|Y|T50905|N|R801|N|Z653|Y|I4891|Y|N181|N|E1121|Y|E11319|Y|D4959|Y|D075|Y|E781|Y|E119|Y|E8881|Y|P292|Y|Z952|N|I350|Y|R931|Y|I259|Y|E785|Y|E669|Y|P2832|N|G479|Y|Z591|Y|R7303|Y|X58|Y95|Y| | | | | | | | | | | | | | | | | | | | | | |GZ3|25-Apr-2022|G4730|25-Apr-2022|Z741|25-Apr-2022|Z9181|25-Apr-2022|Z139|25-Apr-2022|Z1331|25-Apr-2022|Z1331|25-Apr-2022|F1990|25-Apr-2022|Z715|25-Apr-2022|||||||||||||||||||||||||||||||||0|0||1|450|99495|3.0|2022-04-26T00:00:00|hospital_C|hospital_C_20220425
SYN_BENE_C64DB1646025|SYN_CLM_9FACA94C8F89|V|60|25-Apr-2022|25-Apr-2022|29-Apr-2022||3|377673|1|1|1|| |1869.71|0.0| ||37|1306950993| |9999907899| |9999907899|||0|1| |1869.71|25-Apr-2022|1|1|A|10|0.0|373.97|0|4|0.0|0.0|0|0|0|0|0|0|0|0|0|0|0|0|0|||||25-Apr-2022|19.0|0|0||N1830|N1830|Y|R809|Y|T50905|N|R801|N|Z653|Y|I4891|Y|N181|N|E1121|Y|E11319|Y|D4959|Y|D075|Y|E781|Y|E119|Y|E8881|Y|P292|Y|Z952|N|I350|Y|R931|Y|I259|Y|E785|Y|E669|Y|P2832|N|G479|Y|Z591|Y|R7303|Y|X58|Y95|Y| | | | | | | | | | | | | | | | | | | | | | |GZ3|25-Apr-2022|G4730|25-Apr-2022|Z741|25-Apr-2022|Z9181|25-Apr-2022|Z139|25-Apr-2022|Z1331|25-Apr-2022|Z1331|25-Apr-2022|F1990|25-Apr-2022|Z715|25-Apr-2022|||||||||||||||||||||||||||||||||0|0||2|450|G8839|3.0|2022-04-26T00:00:00|hospital_C|hospital_C_20220425
SYN_BENE_C64DB1646025|SYN_CLM_9FACA94C8F89|V|60|25-Apr-2022|25-Apr-2022|29-Apr-2022||3|377673|1|1|1|| |1869.71|0.0| ||37|1306950993| |9999907899| |9999907899|||0|1| |1869.71|25-Apr-2022|1|1|A|10|0.0|373.97|0|4|0.0|0.0|0|0|0|0|0|0|0|0|0|0|0|0|0|||||25-Apr-2022|19.0|0|0||N1830|N1830|Y|R809|Y|T50905|N|R801|N|Z653|Y|I4891|Y|N181|N|E1121|Y|E11319|Y|D4959|Y|D075|Y|E781|Y|E119|Y|E8881|Y|P292|Y|Z952|N|I350|Y|R931|Y|I259|Y|E785|Y|E669|Y|P2832|N|G479|Y|Z591|Y|R7303|Y|X58|Y95|Y| | | | | | | | | | | | | | | | | | | | | | |GZ3|25-Apr-2022|G4730|25-Apr-2022|Z741|25-Apr-2022|Z9181|25-Apr-2022|Z139|25-Apr-2022|Z1331|25-Apr-2022|Z1331|25-Apr-2022|F1990|25-Apr-2022|Z715|25-Apr-2022|||||||||||||||||||||||||||||||||0|0||3|450|96156|3.0|2022-04-26T00:00:00|hospital_C|hospital_C_20220425
SYN_BENE_C64DB1646025|SYN_CLM_9FACA94C8F89|V|60|25-Apr-2022|25-Apr-2022|29-Apr-2022||3|377673|1|1|1|| |1869.71|0.0| ||37|1306950993| |9999907899| |9999907899|||0|1| |1869.71|25-Apr-2022|1|1|A|10|0.0|373.97|0|4|0.0|0.0|0|0|0|0|0|0|0|0|0|0|0|0|0|||||25-Apr-2022|19.0|0|0||N1830|N1830|Y|R809|Y|T50905|N|R801|N|Z653|Y|I4891|Y|N181|N|E1121|Y|E11319|Y|D4959|Y|D075|Y|E781|Y|E119|Y|E8881|Y|P292|Y|Z952|N|I350|Y|R931|Y|I259|Y|E785|Y|E669|Y|P2832|N|G479|Y|Z591|Y|R7303|Y|X58|Y95|Y| | | | | | | | | | | | | | | | | | | | | | |GZ3|25-Apr-2022|G4730|25-Apr-2022|Z741|25-Apr-2022|Z9181|25-Apr-2022|Z139|25-Apr-2022|Z1331|25-Apr-2022|Z1331|25-Apr-2022|F1990|25-Apr-2022|Z715|25-Apr-2022|||||||||||||||||||||||||||||||||0|0||4|450|M1069|3.0|2022-04-26T00:00:00|hospital_C|hospital_C_20220425
SYN_BENE_C64DB1646025|SYN_CLM_9FACA94C8F89|V|60|25-Apr-2022|25-Apr-2022|29-Apr-2022||3|377673|1|1|1|| |1869.71|0.0| ||37|1306950993| |9999907899| |9999907899|||0|1| |1869.71|25-Apr-2022|1|1|A|10|0.0|373.97|0|4|0.0|0.0|0|0|0|0|0|0|0|0|0|0|0|0|0|||||25-Apr-2022|19.0|0|0||N1830|N1830|Y|R809|Y|T50905|N|R801|N|Z653|Y|I4891|Y|N181|N|E1121|Y|E11319|Y|D4959|Y|D075|Y|E781|Y|E119|Y|E8881|Y|P292|Y|Z952|N|I350|Y|R931|Y|I259|Y|E785|Y|E669|Y|P2832|N|G479|Y|Z591|Y|R7303|Y|X58|Y95|Y| | | | | | | | | | | | | | | | | | | | | | |GZ3|25-Apr-2022|G4730|25-Apr-2022|Z741|25-Apr-2022|Z9181|25-Apr-2022|Z139|25-Apr-2022|Z1331|25-Apr-2022|Z1331|25-Apr-2022|F1990|25-Apr-2022|Z715|25-Apr-2022|||||||||||||||||||||||||||||||||0|0||5|450|99401|3.0|2022-04-26T00:00:00|hospital_C|hospital_C_20220425
SYN_BENE_C64DB1646025|SYN_CLM_9FACA94C8F89|V|60|25-Apr-2022|25-Apr-2022|29-Apr-2022||3|377673|1|1|1|| |1869.71|0.0| ||37|1306950993| |9999907899| |9999907899|||0|1| |1869.71|25-Apr-2022|1|1|A|10|0.0|373.97|0|4|0.0|0.0|0|0|0|0|0|0|0|0|0|0|0|0|0|||||25-Apr-2022|19.0|0|0||N1830|N1830|Y|R809|Y|T50905|N|R801|N|Z653|Y|I4891|Y|N181|N|E1121|Y|E11319|Y|D4959|Y|D075|Y|E781|Y|E119|Y|E8881|Y|P292|Y|Z952|N|I350|Y|R931|Y|I259|Y|E785|Y|E669|Y|P2832|N|G479|Y|Z591|Y|R7303|Y|X58|Y95|Y| | | | | | | | | | | | | | | | | | | | | | |GZ3|25-Apr-2022|G4730|25-Apr-2022|Z741|25-Apr-2022|Z9181|25-Apr-2022|Z139|25-Apr-2022|Z1331|25-Apr-2022|Z1331|25-Apr-2022|F1990|25-Apr-2022|Z715|25-Apr-2022|||||||||||||||||||||||||||||||||0|0||6|450|G0444|3.0|2022-04-26T00:00:00|hospital_C|hospital_C_20220425
SYN_BENE_C64DB1646025|SYN_CLM_9FACA94C8F89|V|60|25-Apr-2022|25-Apr-2022|29-Apr-2022||3|377673|1|1|1|| |1869.71|0.0| ||37|1306950993| |9999907899| |9999907899|||0|1| |1869.71|25-Apr-2022|1|1|A|10|0.0|373.97|0|4|0.0|0.0|0|0|0|0|0|0|0|0|0|0|0|0|0|||||25-Apr-2022|19.0|0|0||N1830|N1830|Y|R809|Y|T50905|N|R801|N|Z653|Y|I4891|Y|N181|N|E1121|Y|E11319|Y|D4959|Y|D075|Y|E781|Y|E119|Y|E8881|Y|P292|Y|Z952|N|I350|Y|R931|Y|I259|Y|E785|Y|E669|Y|P2832|N|G479|Y|Z591|Y|R7303|Y|X58|Y95|Y| | | | | | | | | | | | | | | | | | | | | | |GZ3|25-Apr-2022|G4730|25-Apr-2022|Z741|25-Apr-2022|Z9181|25-Apr-2022|Z139|25-Apr-2022|Z1331|25-Apr-2022|Z1331|25-Apr-2022|F1990|25-Apr-2022|Z715|25-Apr-2022|||||||||||||||||||||||||||||||||0|0||7|450|G0444|3.0|2022-04-26T00:00:00|hospital_C|hospital_C_20220425
SYN_BENE_C64DB1646025|SYN_CLM_9FACA94C8F89|V|60|25-Apr-2022|25-Apr-2022|29-Apr-2022||3|377673|1|1|1|| |1869.71|0.0| ||37|1306950993| |9999907899| |9999907899|||0|1| |1869.71|25-Apr-2022|1|1|A|10|0.0|373.97|0|4|0.0|0.0|0|0|0|0|0|0|0|0|0|0|0|0|0|||||25-Apr-2022|19.0|0|0||N1830|N1830|Y|R809|Y|T50905|N|R801|N|Z653|Y|I4891|Y|N181|N|E1121|Y|E11319|Y|D4959|Y|D075|Y|E781|Y|E119|Y|E8881|Y|P292|Y|Z952|N|I350|Y|R931|Y|I259|Y|E785|Y|E669|Y|P2832|N|G479|Y|Z591|Y|R7303|Y|X58|Y95|Y| | | | | | | | | | | | | | | | | | | | | | |GZ3|25-Apr-2022|G4730|25-Apr-2022|Z741|25-Apr-2022|Z9181|25-Apr-2022|Z139|25-Apr-2022|Z1331|25-Apr-2022|Z1331|25-Apr-2022|F1990|25-Apr-2022|Z715|25-Apr-2022|||||||||||||||||||||||||||||||||0|0||8|450|99408|3.0|2022-04-26T00:00:00|hospital_C|hospital_C_20220425
SYN_BENE_C64DB1646025|SYN_CLM_9FACA94C8F89|V|60|25-Apr-2022|25-Apr-2022|29-Apr-2022||3|377673|1|1|1|| |1869.71|0.0| ||37|1306950993| |9999907899| |9999907899|||0|1| |1869.71|25-Apr-2022|1|1|A|10|0.0|373.97|0|4|0.0|0.0|0|0|0|0|0|0|0|0|0|0|0|0|0|||||25-Apr-2022|19.0|0|0||N1830|N1830|Y|R809|Y|T50905|N|R801|N|Z653|Y|I4891|Y|N181|N|E1121|Y|E11319|Y|D4959|Y|D075|Y|E781|Y|E119|Y|E8881|Y|P292|Y|Z952|N|I350|Y|R931|Y|I259|Y|E785|Y|E669|Y|P2832|N|G479|Y|Z591|Y|R7303|Y|X58|Y95|Y| | | | | | | | | | | | | | | | | | | | | | |GZ3|25-Apr-2022|G4730|25-Apr-2022|Z741|25-Apr-2022|Z9181|25-Apr-2022|Z139|25-Apr-2022|Z1331|25-Apr-2022|Z1331|25-Apr-2022|F1990|25-Apr-2022|Z715|25-Apr-2022|||||||||||||||||||||||||||||||||0|0||9|450|99408|3.0|2022-04-26T00:00:00|hospital_C|hospital_C_20220425
SYN_BENE_8D69E057835B|SYN_CLM_55152C1FA4EB|V|60|25-Apr-2022|25-Apr-2022|29-Apr-2022||3|377673|1|1|1|| |1869.71|0.0| ||37|1306950993| |9999907899| |9999907899|||0|1| |1869.71|25-Apr-2022|1|1|A|10|0.0|373.97|0|4|0.0|0.0|0|0|0|0|0|0|0|0|0|0|0|0|0|||||25-Apr-2022|19.0|0|0||N1830|N1830|Y|R809|Y|T50905|N|R801|N|Z653|Y|I4891|Y|N181|N|E1121|Y|E11319|Y|D4959|Y|D075|Y|E781|Y|E119|Y|E8881|Y|P292|Y|Z952|N|I350|Y|R931|Y|I259|Y|E785|Y|E669|Y|P2832|N|G479|Y|Z591|Y|R7303|Y|X58|Y95|Y| | | | | | | | | | | | | | | | | | | | | | |GZ3|25-Apr-2022|G4730|25-Apr-2022|Z741|25-Apr-2022|Z9181|25-Apr-2022|Z139|25-Apr-2022|Z1331|25-Apr-2022|Z1331|25-Apr-2022|F1990|25-Apr-2022|Z715|25-Apr-2022|||||||||||||||||||||||||||||||||0|0||1|450|99495|3.0|2022-04-26T00:00:00|hospital_C|hospital_C_20220425
SYN_BENE_8D69E057835B|SYN_CLM_55152C1FA4EB|V|60|25-Apr-2022|25-Apr-2022|29-Apr-2022||3|377673|1|1|1|| |1869.71|0.0| ||37|1306950993| |9999907899| |9999907899|||0|1| |1869.71|25-Apr-2022|1|1|A|10|0.0|373.97|0|4|0.0|0.0|0|0|0|0|0|0|0|0|0|0|0|0|0|||||25-Apr-2022|19.0|0|0||N1830|N1830|Y|R809|Y|T50905|N|R801|N|Z653|Y|I4891|Y|N181|N|E1121|Y|E11319|Y|D4959|Y|D075|Y|E781|Y|E119|Y|E8881|Y|P292|Y|Z952|N|I350|Y|R931|Y|I259|Y|E785|Y|E669|Y|P2832|N|G479|Y|Z591|Y|R7303|Y|X58|Y95|Y| | | | | | | | | | | | | | | | | | | | | | |GZ3|25-Apr-2022|G4730|25-Apr-2022|Z741|25-Apr-2022|Z9181|25-Apr-2022|Z139|25-Apr-2022|Z1331|25-Apr-2022|Z1331|25-Apr-2022|F1990|25-Apr-2022|Z715|25-Apr-2022|||||||||||||||||||||||||||||||||0|0||2|450|G8839|3.0|2022-04-26T00:00:00|hospital_C|hospital_C_20220425
SYN_BENE_8D69E057835B|SYN_CLM_55152C1FA4EB|V|60|25-Apr-2022|25-Apr-2022|29-Apr-2022||3|377673|1|1|1|| |1869.71|0.0| ||37|1306950993| |9999907899| |9999907899|||0|1| |1869.71|25-Apr-2022|1|1|A|10|0.0|373.97|0|4|0.0|0.0|0|0|0|0|0|0|0|0|0|0|0|0|0|||||25-Apr-2022|19.0|0|0||N1830|N1830|Y|R809|Y|T50905|N|R801|N|Z653|Y|I4891|Y|N181|N|E1121|Y|E11319|Y|D4959|Y|D075|Y|E781|Y|E119|Y|E8881|Y|P292|Y|Z952|N|I350|Y|R931|Y|I259|Y|E785|Y|E669|Y|P2832|N|G479|Y|Z591|Y|R7303|Y|X58|Y95|Y| | | | | | | | | | | | | | | | | | | | | | |GZ3|25-Apr-2022|G4730|25-Apr-2022|Z741|25-Apr-2022|Z9181|25-Apr-2022|Z139|25-Apr-2022|Z1331|25-Apr-2022|Z1331|25-Apr-2022|F1990|25-Apr-2022|Z715|25-Apr-2022|||||||||||||||||||||||||||||||||0|0||3|450|96156|3.0|2022-04-26T00:00:00|hospital_C|hospital_C_20220425
SYN_BENE_8D69E057835B|SYN_CLM_55152C1FA4EB|V|60|25-Apr-2022|25-Apr-2022|29-Apr-2022||3|377673|1|1|1|| |1869.71|0.0| ||37|1306950993| |9999907899| |9999907899|||0|1| |1869.71|25-Apr-2022|1|1|A|10|0.0|373.97|0|4|0.0|0.0|0|0|0|0|0|0|0|0|0|0|0|0|0|||||25-Apr-2022|19.0|0|0||N1830|N1830|Y|R809|Y|T50905|N|R801|N|Z653|Y|I4891|Y|N181|N|E1121|Y|E11319|Y|D4959|Y|D075|Y|E781|Y|E119|Y|E8881|Y|P292|Y|Z952|N|I350|Y|R931|Y|I259|Y|E785|Y|E669|Y|P2832|N|G479|Y|Z591|Y|R7303|Y|X58|Y95|Y| | | | | | | | | | | | | | | | | | | | | | |GZ3|25-Apr-2022|G4730|25-Apr-2022|Z741|25-Apr-2022|Z9181|25-Apr-2022|Z139|25-Apr-2022|Z1331|25-Apr-2022|Z1331|25-Apr-2022|F1990|25-Apr-2022|Z715|25-Apr-2022|||||||||||||||||||||||||||||||||0|0||4|450|M1069|3.0|2022-04-26T00:00:00|hospital_C|hospital_C_20220425
SYN_BENE_8D69E057835B|SYN_CLM_55152C1FA4EB|V|60|25-Apr-2022|25-Apr-2022|29-Apr-2022||3|377673|1|1|1|| |1869.71|0.0| ||37|1306950993| |9999907899| |9999907899|||0|1| |1869.71|25-Apr-2022|1|1|A|10|0.0|373.97|0|4|0.0|0.0|0|0|0|0|0|0|0|0|0|0|0|0|0|||||25-Apr-2022|19.0|0|0||N1830|N1830|Y|R809|Y|T50905|N|R801|N|Z653|Y|I4891|Y|N181|N|E1121|Y|E11319|Y|D4959|Y|D075|Y|E781|Y|E119|Y|E8881|Y|P292|Y|Z952|N|I350|Y|R931|Y|I259|Y|E785|Y|E669|Y|P2832|N|G479|Y|Z591|Y|R7303|Y|X58|Y95|Y| | | | | | | | | | | | | | | | | | | | | | |GZ3|25-Apr-2022|G4730|25-Apr-2022|Z741|25-Apr-2022|Z9181|25-Apr-2022|Z139|25-Apr-2022|Z1331|25-Apr-2022|Z1331|25-Apr-2022|F1990|25-Apr-2022|Z715|25-Apr-2022|||||||||||||||||||||||||||||||||0|0||5|450|99401|3.0|2022-04-26T00:00:00|hospital_C|hospital_C_20220425
SYN_BENE_8D69E057835B|SYN_CLM_55152C1FA4EB|V|60|25-Apr-2022|25-Apr-2022|29-Apr-2022||3|377673|1|1|1|| |1869.71|0.0| ||37|1306950993| |9999907899| |9999907899|||0|1| |1869.71|25-Apr-2022|1|1|A|10|0.0|373.97|0|4|0.0|0.0|0|0|0|0|0|0|0|0|0|0|0|0|0|||||25-Apr-2022|19.0|0|0||N1830|N1830|Y|R809|Y|T50905|N|R801|N|Z653|Y|I4891|Y|N181|N|E1121|Y|E11319|Y|D4959|Y|D075|Y|E781|Y|E119|Y|E8881|Y|P292|Y|Z952|N|I350|Y|R931|Y|I259|Y|E785|Y|E669|Y|P2832|N|G479|Y|Z591|Y|R7303|Y|X58|Y95|Y| | | | | | | | | | | | | | | | | | | | | | |GZ3|25-Apr-2022|G4730|25-Apr-2022|Z741|25-Apr-2022|Z9181|25-Apr-2022|Z139|25-Apr-2022|Z1331|25-Apr-2022|Z1331|25-Apr-2022|F1990|25-Apr-2022|Z715|25-Apr-2022|||||||||||||||||||||||||||||||||0|0||6|450|G0444|3.0|2022-04-26T00:00:00|hospital_C|hospital_C_20220425
SYN_BENE_8D69E057835B|SYN_CLM_55152C1FA4EB|V|60|25-Apr-2022|25-Apr-2022|29-Apr-2022||3|377673|1|1|1|| |1869.71|0.0| ||37|1306950993| |9999907899| |9999907899|||0|1| |1869.71|25-Apr-2022|1|1|A|10|0.0|373.97|0|4|0.0|0.0|0|0|0|0|0|0|0|0|0|0|0|0|0|||||25-Apr-2022|19.0|0|0||N1830|N1830|Y|R809|Y|T50905|N|R801|N|Z653|Y|I4891|Y|N181|N|E1121|Y|E11319|Y|D4959|Y|D075|Y|E781|Y|E119|Y|E8881|Y|P292|Y|Z952|N|I350|Y|R931|Y|I259|Y|E785|Y|E669|Y|P2832|N|G479|Y|Z591|Y|R7303|Y|X58|Y95|Y| | | | | | | | | | | | | | | | | | | | | | |GZ3|25-Apr-2022|G4730|25-Apr-2022|Z741|25-Apr-2022|Z9181|25-Apr-2022|Z139|25-Apr-2022|Z1331|25-Apr-2022|Z1331|25-Apr-2022|F1990|25-Apr-2022|Z715|25-Apr-2022|||||||||||||||||||||||||||||||||0|0||7|450|G0444|3.0|2022-04-26T00:00:00|hospital_C|hospital_C_20220425
SYN_BENE_8D69E057835B|SYN_CLM_55152C1FA4EB|V|60|25-Apr-2022|25-Apr-2022|29-Apr-2022||3|377673|1|1|1|| |1869.71|0.0| ||37|1306950993| |9999907899| |9999907899|||0|1| |1869.71|25-Apr-2022|1|1|A|10|0.0|373.97|0|4|0.0|0.0|0|0|0|0|0|0|0|0|0|0|0|0|0|||||25-Apr-2022|19.0|0|0||N1830|N1830|Y|R809|Y|T50905|N|R801|N|Z653|Y|I4891|Y|N181|N|E1121|Y|E11319|Y|D4959|Y|D075|Y|E781|Y|E119|Y|E8881|Y|P292|Y|Z952|N|I350|Y|R931|Y|I259|Y|E785|Y|E669|Y|P2832|N|G479|Y|Z591|Y|R7303|Y|X58|Y95|Y| | | | | | | | | | | | | | | | | | | | | | |GZ3|25-Apr-2022|G4730|25-Apr-2022|Z741|25-Apr-2022|Z9181|25-Apr-2022|Z139|25-Apr-2022|Z1331|25-Apr-2022|Z1331|25-Apr-2022|F1990|25-Apr-2022|Z715|25-Apr-2022|||||||||||||||||||||||||||||||||0|0||8|450|99408|3.0|2022-04-26T00:00:00|hospital_C|hospital_C_20220425
SYN_BENE_8D69E057835B|SYN_CLM_55152C1FA4EB|V|60|25-Apr-2022|25-Apr-2022|29-Apr-2022||3|377673|1|1|1|| |1869.71|0.0| ||37|1306950993| |9999907899| |9999907899|||0|1| |1869.71|25-Apr-2022|1|1|A|10|0.0|373.97|0|4|0.0|0.0|0|0|0|0|0|0|0|0|0|0|0|0|0|||||25-Apr-2022|19.0|0|0||N1830|N1830|Y|R809|Y|T50905|N|R801|N|Z653|Y|I4891|Y|N181|N|E1121|Y|E11319|Y|D4959|Y|D075|Y|E781|Y|E119|Y|E8881|Y|P292|Y|Z952|N|I350|Y|R931|Y|I259|Y|E785|Y|E669|Y|P2832|N|G479|Y|Z591|Y|R7303|Y|X58|Y95|Y| | | | | | | | | | | | | | | | | | | | | | |GZ3|25-Apr-2022|G4730|25-Apr-2022|Z741|25-Apr-2022|Z9181|25-Apr-2022|Z139|25-Apr-2022|Z1331|25-Apr-2022|Z1331|25-Apr-2022|F1990|25-Apr-2022|Z715|25-Apr-2022|||||||||||||||||||||||||||||||||0|0||9|450|99408|3.0|2022-04-26T00:00:00|hospital_C|hospital_C_20220425
SYN_BENE_F7B52808F3F1|SYN_CLM_810F1B8D1DB2|V|60|25-Apr-2022|25-Apr-2022|29-Apr-2022||3|377673|1|1|1|| |1869.71|0.0| ||37|1306950993| |9999907899| |9999907899|||0|1| |1869.71|25-Apr-2022|1|1|A|10|0.0|373.97|0|4|0.0|0.0|0|0|0|0|0|0|0|0|0|0|0|0|0|||||25-Apr-2022|19.0|0|0||N1830|N1830|Y|R809|Y|T50905|N|R801|N|Z653|Y|I4891|Y|N181|N|E1121|Y|E11319|Y|D4959|Y|D075|Y|E781|Y|E119|Y|E8881|Y|P292|Y|Z952|N|I350|Y|R931|Y|I259|Y|E785|Y|E669|Y|P2832|N|G479|Y|Z591|Y|R7303|Y|X58|Y95|Y| | | | | | | | | | | | | | | | | | | | | | |GZ3|25-Apr-2022|G4730|25-Apr-2022|Z741|25-Apr-2022|Z9181|25-Apr-2022|Z139|25-Apr-2022|Z1331|25-Apr-2022|Z1331|25-Apr-2022|F1990|25-Apr-2022|Z715|25-Apr-2022|||||||||||||||||||||||||||||||||0|0||1|450|99495|3.0|2022-04-26T00:00:00|hospital_C|hospital_C_20220425
SYN_BENE_F7B52808F3F1|SYN_CLM_810F1B8D1DB2|V|60|25-Apr-2022|25-Apr-2022|29-Apr-2022||3|377673|1|1|1|| |1869.71|0.0| ||37|1306950993| |9999907899| |9999907899|||0|1| |1869.71|25-Apr-2022|1|1|A|10|0.0|373.97|0|4|0.0|0.0|0|0|0|0|0|0|0|0|0|0|0|0|0|||||25-Apr-2022|19.0|0|0||N1830|N1830|Y|R809|Y|T50905|N|R801|N|Z653|Y|I4891|Y|N181|N|E1121|Y|E11319|Y|D4959|Y|D075|Y|E781|Y|E119|Y|E8881|Y|P292|Y|Z952|N|I350|Y|R931|Y|I259|Y|E785|Y|E669|Y|P2832|N|G479|Y|Z591|Y|R7303|Y|X58|Y95|Y| | | | | | | | | | | | | | | | | | | | | | |GZ3|25-Apr-2022|G4730|25-Apr-2022|Z741|25-Apr-2022|Z9181|25-Apr-2022|Z139|25-Apr-2022|Z1331|25-Apr-2022|Z1331|25-Apr-2022|F1990|25-Apr-2022|Z715|25-Apr-2022|||||||||||||||||||||||||||||||||0|0||2|450|G8839|3.0|2022-04-26T00:00:00|hospital_C|hospital_C_20220425
SYN_BENE_F7B52808F3F1|SYN_CLM_810F1B8D1DB2|V|60|25-Apr-2022|25-Apr-2022|29-Apr-2022||3|377673|1|1|1|| |1869.71|0.0| ||37|1306950993| |9999907899| |9999907899|||0|1| |1869.71|25-Apr-2022|1|1|A|10|0.0|373.97|0|4|0.0|0.0|0|0|0|0|0|0|0|0|0|0|0|0|0|||||25-Apr-2022|19.0|0|0||N1830|N1830|Y|R809|Y|T50905|N|R801|N|Z653|Y|I4891|Y|N181|N|E1121|Y|E11319|Y|D4959|Y|D075|Y|E781|Y|E119|Y|E8881|Y|P292|Y|Z952|N|I350|Y|R931|Y|I259|Y|E785|Y|E669|Y|P2832|N|G479|Y|Z591|Y|R7303|Y|X58|Y95|Y| | | | | | | | | | | | | | | | | | | | | | |GZ3|25-Apr-2022|G4730|25-Apr-2022|Z741|25-Apr-2022|Z9181|25-Apr-2022|Z139|25-Apr-2022|Z1331|25-Apr-2022|Z1331|25-Apr-2022|F1990|25-Apr-2022|Z715|25-Apr-2022|||||||||||||||||||||||||||||||||0|0||3|450|96156|3.0|2022-04-26T00:00:00|hospital_C|hospital_C_20220425
SYN_BENE_F7B52808F3F1|SYN_CLM_810F1B8D1DB2|V|60|25-Apr-2022|25-Apr-2022|29-Apr-2022||3|377673|1|1|1|| |1869.71|0.0| ||37|1306950993| |9999907899| |9999907899|||0|1| |1869.71|25-Apr-2022|1|1|A|10|0.0|373.97|0|4|0.0|0.0|0|0|0|0|0|0|0|0|0|0|0|0|0|||||25-Apr-2022|19.0|0|0||N1830|N1830|Y|R809|Y|T50905|N|R801|N|Z653|Y|I4891|Y|N181|N|E1121|Y|E11319|Y|D4959|Y|D075|Y|E781|Y|E119|Y|E8881|Y|P292|Y|Z952|N|I350|Y|R931|Y|I259|Y|E785|Y|E669|Y|P2832|N|G479|Y|Z591|Y|R7303|Y|X58|Y95|Y| | | | | | | | | | | | | | | | | | | | | | |GZ3|25-Apr-2022|G4730|25-Apr-2022|Z741|25-Apr-2022|Z9181|25-Apr-2022|Z139|25-Apr-2022|Z1331|25-Apr-2022|Z1331|25-Apr-2022|F1990|25-Apr-2022|Z715|25-Apr-2022|||||||||||||||||||||||||||||||||0|0||4|450|M1069|3.0|2022-04-26T00:00:00|hospital_C|hospital_C_20220425
SYN_BENE_F7B52808F3F1|SYN_CLM_810F1B8D1DB2|V|60|25-Apr-2022|25-Apr-2022|29-Apr-2022||3|377673|1|1|1|| |1869.71|0.0| ||37|1306950993| |9999907899| |9999907899|||0|1| |1869.71|25-Apr-2022|1|1|A|10|0.0|373.97|0|4|0.0|0.0|0|0|0|0|0|0|0|0|0|0|0|0|0|||||25-Apr-2022|19.0|0|0||N1830|N1830|Y|R809|Y|T50905|N|R801|N|Z653|Y|I4891|Y|N181|N|E1121|Y|E11319|Y|D4959|Y|D075|Y|E781|Y|E119|Y|E8881|Y|P292|Y|Z952|N|I350|Y|R931|Y|I259|Y|E785|Y|E669|Y|P2832|N|G479|Y|Z591|Y|R7303|Y|X58|Y95|Y| | | | | | | | | | | | | | | | | | | | | | |GZ3|25-Apr-2022|G4730|25-Apr-2022|Z741|25-Apr-2022|Z9181|25-Apr-2022|Z139|25-Apr-2022|Z1331|25-Apr-2022|Z1331|25-Apr-2022|F1990|25-Apr-2022|Z715|25-Apr-2022|||||||||||||||||||||||||||||||||0|0||5|450|99401|3.0|2022-04-26T00:00:00|hospital_C|hospital_C_20220425
SYN_BENE_F7B52808F3F1|SYN_CLM_810F1B8D1DB2|V|60|25-Apr-2022|25-Apr-2022|29-Apr-2022||3|377673|1|1|1|| |1869.71|0.0| ||37|1306950993| |9999907899| |9999907899|||0|1| |1869.71|25-Apr-2022|1|1|A|10|0.0|373.97|0|4|0.0|0.0|0|0|0|0|0|0|0|0|0|0|0|0|0|||||25-Apr-2022|19.0|0|0||N1830|N1830|Y|R809|Y|T50905|N|R801|N|Z653|Y|I4891|Y|N181|N|E1121|Y|E11319|Y|D4959|Y|D075|Y|E781|Y|E119|Y|E8881|Y|P292|Y|Z952|N|I350|Y|R931|Y|I259|Y|E785|Y|E669|Y|P2832|N|G479|Y|Z591|Y|R7303|Y|X58|Y95|Y| | | | | | | | | | | | | | | | | | | | | | |GZ3|25-Apr-2022|G4730|25-Apr-2022|Z741|25-Apr-2022|Z9181|25-Apr-2022|Z139|25-Apr-2022|Z1331|25-Apr-2022|Z1331|25-Apr-2022|F1990|25-Apr-2022|Z715|25-Apr-2022|||||||||||||||||||||||||||||||||0|0||6|450|G0444|3.0|2022-04-26T00:00:00|hospital_C|hospital_C_20220425
SYN_BENE_F7B52808F3F1|SYN_CLM_810F1B8D1DB2|V|60|25-Apr-2022|25-Apr-2022|29-Apr-2022||3|377673|1|1|1|| |1869.71|0.0| ||37|1306950993| |9999907899| |9999907899|||0|1| |1869.71|25-Apr-2022|1|1|A|10|0.0|373.97|0|4|0.0|0.0|0|0|0|0|0|0|0|0|0|0|0|0|0|||||25-Apr-2022|19.0|0|0||N1830|N1830|Y|R809|Y|T50905|N|R801|N|Z653|Y|I4891|Y|N181|N|E1121|Y|E11319|Y|D4959|Y|D075|Y|E781|Y|E119|Y|E8881|Y|P292|Y|Z952|N|I350|Y|R931|Y|I259|Y|E785|Y|E669|Y|P2832|N|G479|Y|Z591|Y|R7303|Y|X58|Y95|Y| | | | | | | | | | | | | | | | | | | | | | |GZ3|25-Apr-2022|G4730|25-Apr-2022|Z741|25-Apr-2022|Z9181|25-Apr-2022|Z139|25-Apr-2022|Z1331|25-Apr-2022|Z1331|25-Apr-2022|F1990|25-Apr-2022|Z715|25-Apr-2022|||||||||||||||||||||||||||||||||0|0||7|450|G0444|3.0|2022-04-26T00:00:00|hospital_C|hospital_C_20220425
SYN_BENE_F7B52808F3F1|SYN_CLM_810F1B8D1DB2|V|60|25-Apr-2022|25-Apr-2022|29-Apr-2022||3|377673|1|1|1|| |1869.71|0.0| ||37|1306950993| |9999907899| |9999907899|||0|1| |1869.71|25-Apr-2022|1|1|A|10|0.0|373.97|0|4|0.0|0.0|0|0|0|0|0|0|0|0|0|0|0|0|0|||||25-Apr-2022|19.0|0|0||N1830|N1830|Y|R809|Y|T50905|N|R801|N|Z653|Y|I4891|Y|N181|N|E1121|Y|E11319|Y|D4959|Y|D075|Y|E781|Y|E119|Y|E8881|Y|P292|Y|Z952|N|I350|Y|R931|Y|I259|Y|E785|Y|E669|Y|P2832|N|G479|Y|Z591|Y|R7303|Y|X58|Y95|Y| | | | | | | | | | | | | | | | | | | | | | |GZ3|25-Apr-2022|G4730|25-Apr-2022|Z741|25-Apr-2022|Z9181|25-Apr-2022|Z139|25-Apr-2022|Z1331|25-Apr-2022|Z1331|25-Apr-2022|F1990|25-Apr-2022|Z715|25-Apr-2022|||||||||||||||||||||||||||||||||0|0||8|450|99408|3.0|2022-04-26T00:00:00|hospital_C|hospital_C_20220425
SYN_BENE_F7B52808F3F1|SYN_CLM_810F1B8D1DB2|V|60|25-Apr-2022|25-Apr-2022|29-Apr-2022||3|377673|1|1|1|| |1869.71|0.0| ||37|1306950993| |9999907899| |9999907899|||0|1| |1869.71|25-Apr-2022|1|1|A|10|0.0|373.97|0|4|0.0|0.0|0|0|0|0|0|0|0|0|0|0|0|0|0|||||25-Apr-2022|19.0|0|0||N1830|N1830|Y|R809|Y|T50905|N|R801|N|Z653|Y|I4891|Y|N181|N|E1121|Y|E11319|Y|D4959|Y|D075|Y|E781|Y|E119|Y|E8881|Y|P292|Y|Z952|N|I350|Y|R931|Y|I259|Y|E785|Y|E669|Y|P2832|N|G479|Y|Z591|Y|R7303|Y|X58|Y95|Y| | | | | | | | | | | | | | | | | | | | | | |GZ3|25-Apr-2022|G4730|25-Apr-2022|Z741|25-Apr-2022|Z9181|25-Apr-2022|Z139|25-Apr-2022|Z1331|25-Apr-2022|Z1331|25-Apr-2022|F1990|25-Apr-2022|Z715|25-Apr-2022|||||||||||||||||||||||||||||||||0|0||9|450|99408|3.0|2022-04-26T00:00:00|hospital_C|hospital_C_20220425
