BENE_ID|CLM_ID|NCH_NEAR_LINE_REC_IDENT_CD|NCH_CLM_TYPE_CD|CLM_FROM_DT|CLM_THRU_DT|NCH_WKLY_PROC_DT|FI_CLM_PROC_DT|CLAIM_QUERY_CODE|PRVDR_NUM|CLM_FAC_TYPE_CD|CLM_SRVC_CLSFCTN_TYPE_CD|CLM_FREQ_CD|FI_NUM|CLM_MDCR_NON_PMT_RSN_CD|CLM_PMT_AMT|NCH_PRMRY_PYR_CLM_PD_AMT|NCH_PRMRY_PYR_CD|FI_CLM_ACTN_CD|PRVDR_STATE_CD|ORG_NPI_NUM|AT_PHYSN_UPIN|AT_PHYSN_NPI|OP_PHYSN_UPIN|OP_PHYSN_NPI|OT_PHYSN_UPIN|OT_PHYSN_NPI|CLM_MCO_PD_SW|PTNT_DSCHRG_STUS_CD|CLM_PPS_IND_CD|CLM_TOT_CHRG_AMT|CLM_ADMSN_DT|CLM_IP_ADMSN_TYPE_CD|CLM_SRC_IP_ADMSN_CD|NCH_PTNT_STATUS_IND_CD|CLM_PASS_THRU_PER_DIEM_AMT|NCH_BENE_IP_DDCTBL_AMT|NCH_BENE_PTA_COINSRNC_LBLTY_AM|NCH_BENE_BLOOD_DDCTBL_LBLTY_AM|NCH_PROFNL_CMPNT_CHRG_AMT|NCH_IP_NCVRD_CHRG_AMT|NCH_IP_TOT_DDCTN_AMT|CLM_TOT_PPS_CPTL_AMT|CLM_PPS_CPTL_FSP_AMT|CLM_PPS_CPTL_OUTLIER_AMT|CLM_PPS_CPTL_DSPRPRTNT_SHR_AMT|CLM_PPS_CPTL_IME_AMT|CLM_PPS_CPTL_EXCPTN_AMT|CLM_PPS_OLD_CPTL_HLD_HRMLS_AMT|CLM_PPS_CPTL_DRG_WT_NUM|CLM_UTLZTN_DAY_CNT|BENE_TOT_COINSRNC_DAYS_CNT|BENE_LRD_USED_CNT|CLM_NON_UTLZTN_DAYS_CNT|NCH_BLOOD_PNTS_FRNSHD_QTY|NCH_VRFD_NCVRD_STAY_FROM_DT|NCH_VRFD_NCVRD_STAY_THRU_DT|NCH_ACTV_OR_CVRD_LVL_CARE_THRU|NCH_BENE_MDCR_BNFTS_EXHTD_DT_I|NCH_BENE_DSCHRG_DT|CLM_DRG_CD|CLM_DRG_OUTLIER_STAY_CD|NCH_DRG_OUTLIER_APRVD_PMT_AMT|ADMTG_DGNS_CD|PRNCPAL_DGNS_CD|ICD_DGNS_CD1|CLM_POA_IND_SW1|ICD_DGNS_CD2|CLM_POA_IND_SW2|ICD_DGNS_CD3|CLM_POA_IND_SW3|ICD_DGNS_CD4|CLM_POA_IND_SW4|ICD_DGNS_CD5|CLM_POA_IND_SW5|ICD_DGNS_CD6|CLM_POA_IND_SW6|ICD_DGNS_CD7|CLM_POA_IND_SW7|ICD_DGNS_CD8|CLM_POA_IND_SW8|ICD_DGNS_CD9|CLM_POA_IND_SW9|ICD_DGNS_CD10|CLM_POA_IND_SW10|ICD_DGNS_CD11|CLM_POA_IND_SW11|ICD_DGNS_CD12|CLM_POA_IND_SW12|ICD_DGNS_CD13|CLM_POA_IND_SW13|ICD_DGNS_CD14|CLM_POA_IND_SW14|ICD_DGNS_CD15|CLM_POA_IND_SW15|ICD_DGNS_CD16|CLM_POA_IND_SW16|ICD_DGNS_CD17|CLM_POA_IND_SW17|ICD_DGNS_CD18|CLM_POA_IND_SW18|ICD_DGNS_CD19|CLM_POA_IND_SW19|ICD_DGNS_CD20|CLM_POA_IND_SW20|ICD_DGNS_CD21|CLM_POA_IND_SW21|ICD_DGNS_CD22|CLM_POA_IND_SW22|ICD_DGNS_CD23|CLM_POA_IND_SW23|ICD_DGNS_CD24|CLM_POA_IND_SW24|ICD_DGNS_CD25|CLM_POA_IND_SW25|FST_DGNS_E_CD|ICD_DGNS_E_CD1|CLM_E_POA_IND_SW1|ICD_DGNS_E_CD2|CLM_E_POA_IND_SW2|ICD_DGNS_E_CD3|CLM_E_POA_IND_SW3|ICD_DGNS_E_CD4|CLM_E_POA_IND_SW4|ICD_DGNS_E_CD5|CLM_E_POA_IND_SW5|ICD_DGNS_E_CD6|CLM_E_POA_IND_SW6|ICD_DGNS_E_CD7|CLM_E_POA_IND_SW7|ICD_DGNS_E_CD8|CLM_E_POA_IND_SW8|ICD_DGNS_E_CD9|CLM_E_POA_IND_SW9|ICD_DGNS_E_CD10|CLM_E_POA_IND_SW10|ICD_DGNS_E_CD11|CLM_E_POA_IND_SW11|ICD_DGNS_E_CD12|CLM_E_POA_IND_SW12|ICD_PRCDR_CD1|PRCDR_DT1|ICD_PRCDR_CD2|PRCDR_DT2|ICD_PRCDR_CD3|PRCDR_DT3|ICD_PRCDR_CD4|PRCDR_DT4|ICD_PRCDR_CD5|PRCDR_DT5|ICD_PRCDR_CD6|PRCDR_DT6|ICD_PRCDR_CD7|PRCDR_DT7|ICD_PRCDR_CD8|PRCDR_DT8|ICD_PRCDR_CD9|PRCDR_DT9|ICD_PRCDR_CD10|PRCDR_DT10|ICD_PRCDR_CD11|PRCDR_DT11|ICD_PRCDR_CD12|PRCDR_DT12|ICD_PRCDR_CD13|PRCDR_DT13|ICD_PRCDR_CD14|PRCDR_DT14|ICD_PRCDR_CD15|PRCDR_DT15|ICD_PRCDR_CD16|PRCDR_DT16|ICD_PRCDR_CD17|PRCDR_DT17|ICD_PRCDR_CD18|PRCDR_DT18|ICD_PRCDR_CD19|PRCDR_DT19|ICD_PRCDR_CD20|PRCDR_DT20|ICD_PRCDR_CD21|PRCDR_DT21|ICD_PRCDR_CD22|PRCDR_DT22|ICD_PRCDR_CD23|PRCDR_DT23|ICD_PRCDR_CD24|PRCDR_DT24|ICD_PRCDR_CD25|PRCDR_DT25|IME_OP_CLM_VAL_AMT|DSH_OP_CLM_VAL_AMT|CLM_UNCOMPD_CARE_PMT_AMT|CLM_LINE_NUM|REV_CNTR|HCPCS_CD|REV_CNTR_DDCTBL_COINSRNC_CD|ingestion_timestamp|hospital_id|batch_id
-10000010275202|-10000930959070|V|60|02-Aug-2021|02-Aug-2021|06-Aug-2021||3|377673|1|1|1|| |1904.09|0.0| ||37|1306950993| |9999907899| |9999907899|||0|1| |1904.09|02-Aug-2021|1|2|A|10|0.0|380.84|0|4|0.0|0.0|0|0|0|0|0|0|0|0|0|0|0|0|0|||||02-Aug-2021|951.0|0|0||Z733|Z733|N|Z604|Y|T7431X|N|N1830|Y|E1129|N|N182|Y|R801|Y|Z653|Y|I4891|Y|N181|Y|E1121|Y|E11319|Y|D4959|Y|D075|Y|E781|Y|E119|Y|E8881|Y|I10|Y|Z954|N|I350|Y|R931|Y|I259|Y|E785|Y|E669|Y|G4733|N|||| | | | | | | | | | | | | | | | | | | | | | |GZ3|02-Aug-2021|G4730|02-Aug-2021|Z741|02-Aug-2021|F419|02-Aug-2021|Z9181|02-Aug-2021|Z139|02-Aug-2021|Z1331|02-Aug-2021|Z1331|02-Aug-2021|F1990|02-Aug-2021|F109|02-Aug-2021|||||||||||||||||||||||||||||||0|0||1|450|99495|3.0|2021-08-03T00:00:00|hospital_C|hospital_C_20210802
-10000010275202|-10000930959070|V|60|02-Aug-2021|02-Aug-2021|06-Aug-2021||3|377673|1|1|1|| |1904.09|0.0| ||37|1306950993| |9999907899| |9999907899|||0|1| |1904.09|02-Aug-2021|1|2|A|10|0.0|380.84|0|4|0.0|0.0|0|0|0|0|0|0|0|0|0|0|0|0|0|||||02-Aug-2021|951.0|0|0||Z733|Z733|N|Z604|Y|T7431X|N|N1830|Y|E1129|N|N182|Y|R801|Y|Z653|Y|I4891|Y|N181|Y|E1121|Y|E11319|Y|D4959|Y|D075|Y|E781|Y|E119|Y|E8881|Y|I10|Y|Z954|N|I350|Y|R931|Y|I259|Y|E785|Y|E669|Y|G4733|N|||| | | | | | | | | | | | | | | | | | | | | | |GZ3|02-Aug-2021|G4730|02-Aug-2021|Z741|02-Aug-2021|F419|02-Aug-2021|Z9181|02-Aug-2021|Z139|02-Aug-2021|Z1331|02-Aug-2021|Z1331|02-Aug-2021|F1990|02-Aug-2021|F109|02-Aug-2021|||||||||||||||||||||||||||||||0|0||2|450|G8839|3.0|2021-08-03T00:00:00|hospital_C|hospital_C_20210802
-10000010275202|-10000930959070|V|60|02-Aug-2021|02-Aug-2021|06-Aug-2021||3|377673|1|1|1|| |1904.09|0.0| ||37|1306950993| |9999907899| |9999907899|||0|1| |1904.09|02-Aug-2021|1|2|A|10|0.0|380.84|0|4|0.0|0.0|0|0|0|0|0|0|0|0|0|0|0|0|0|||||02-Aug-2021|951.0|0|0||Z733|Z733|N|Z604|Y|T7431X|N|N1830|Y|E1129|N|N182|Y|R801|Y|Z653|Y|I4891|Y|N181|Y|E1121|Y|E11319|Y|D4959|Y|D075|Y|E781|Y|E119|Y|E8881|Y|I10|Y|Z954|N|I350|Y|R931|Y|I259|Y|E785|Y|E669|Y|G4733|N|||| | | | | | | | | | | | | | | | | | | | | | |GZ3|02-Aug-2021|G4730|02-Aug-2021|Z741|02-Aug-2021|F419|02-Aug-2021|Z9181|02-Aug-2021|Z139|02-Aug-2021|Z1331|02-Aug-2021|Z1331|02-Aug-2021|F1990|02-Aug-2021|F109|02-Aug-2021|||||||||||||||||||||||||||||||0|0||3|450|96156|3.0|2021-08-03T00:00:00|hospital_C|hospital_C_20210802
-10000010275202|-10000930959070|V|60|02-Aug-2021|02-Aug-2021|06-Aug-2021||3|377673|1|1|1|| |1904.09|0.0| ||37|1306950993| |9999907899| |9999907899|||0|1| |1904.09|02-Aug-2021|1|2|A|10|0.0|380.84|0|4|0.0|0.0|0|0|0|0|0|0|0|0|0|0|0|0|0|||||02-Aug-2021|951.0|0|0||Z733|Z733|N|Z604|Y|T7431X|N|N1830|Y|E1129|N|N182|Y|R801|Y|Z653|Y|I4891|Y|N181|Y|E1121|Y|E11319|Y|D4959|Y|D075|Y|E781|Y|E119|Y|E8881|Y|I10|Y|Z954|N|I350|Y|R931|Y|I259|Y|E785|Y|E669|Y|G4733|N|||| | | | | | | | | | | | | | | | | | | | | | |GZ3|02-Aug-2021|G4730|02-Aug-2021|Z741|02-Aug-2021|F419|02-Aug-2021|Z9181|02-Aug-2021|Z139|02-Aug-2021|Z1331|02-Aug-2021|Z1331|02-Aug-2021|F1990|02-Aug-2021|F109|02-Aug-2021|||||||||||||||||||||||||||||||0|0||4|450|96127|3.0|2021-08-03T00:00:00|hospital_C|hospital_C_20210802
-10000010275202|-10000930959070|V|60|02-Aug-2021|02-Aug-2021|06-Aug-2021||3|377673|1|1|1|| |1904.09|0.0| ||37|1306950993| |9999907899| |9999907899|||0|1| |1904.09|02-Aug-2021|1|2|A|10|0.0|380.84|0|4|0.0|0.0|0|0|0|0|0|0|0|0|0|0|0|0|0|||||02-Aug-2021|951.0|0|0||Z733|Z733|N|Z604|Y|T7431X|N|N1830|Y|E1129|N|N182|Y|R801|Y|Z653|Y|I4891|Y|N181|Y|E1121|Y|E11319|Y|D4959|Y|D075|Y|E781|Y|E119|Y|E8881|Y|I10|Y|Z954|N|I350|Y|R931|Y|I259|Y|E785|Y|E669|Y|G4733|N|||| | | | | | | | | | | | | | | | | | | | | | |GZ3|02-Aug-2021|G4730|02-Aug-2021|Z741|02-Aug-2021|F419|02-Aug-2021|Z9181|02-Aug-2021|Z139|02-Aug-2021|Z1331|02-Aug-2021|Z1331|02-Aug-2021|F1990|02-Aug-2021|F109|02-Aug-2021|||||||||||||||||||||||||||||||0|0||5|450|M1069|3.0|2021-08-03T00:00:00|hospital_C|hospital_C_20210802
-10000010275202|-10000930959070|V|60|02-Aug-2021|02-Aug-2021|06-Aug-2021||3|377673|1|1|1|| |1904.09|0.0| ||37|1306950993| |9999907899| |9999907899|||0|1| |1904.09|02-Aug-2021|1|2|A|10|0.0|380.84|0|4|0.0|0.0|0|0|0|0|0|0|0|0|0|0|0|0|0|||||02-Aug-2021|951.0|0|0||Z733|Z733|N|Z604|Y|T7431X|N|N1830|Y|E1129|N|N182|Y|R801|Y|Z653|Y|I4891|Y|N181|Y|E1121|Y|E11319|Y|D4959|Y|D075|Y|E781|Y|E119|Y|E8881|Y|I10|Y|Z954|N|I350|Y|R931|Y|I259|Y|E785|Y|E669|Y|G4733|N|||| | | | | | | | | | | | | | | | | | | | | | |GZ3|02-Aug-2021|G4730|02-Aug-2021|Z741|02-Aug-2021|F419|02-Aug-2021|Z9181|02-Aug-2021|Z139|02-Aug-2021|Z1331|02-Aug-2021|Z1331|02-Aug-2021|F1990|02-Aug-2021|F109|02-Aug-2021|||||||||||||||||||||||||||||||0|0||6|450|99401|3.0|2021-08-03T00:00:00|hospital_C|hospital_C_20210802
-10000010275202|-10000930959070|V|60|02-Aug-2021|02-Aug-2021|06-Aug-2021||3|377673|1|1|1|| |1904.09|0.0| ||37|1306950993| |9999907899| |9999907899|||0|1| |1904.09|02-Aug-2021|1|2|A|10|0.0|380.84|0|4|0.0|0.0|0|0|0|0|0|0|0|0|0|0|0|0|0|||||02-Aug-2021|951.0|0|0||Z733|Z733|N|Z604|Y|T7431X|N|N1830|Y|E1129|N|N182|Y|R801|Y|Z653|Y|I4891|Y|N181|Y|E1121|Y|E11319|Y|D4959|Y|D075|Y|E781|Y|E119|Y|E8881|Y|I10|Y|Z954|N|I350|Y|R931|Y|I259|Y|E785|Y|E669|Y|G4733|N|||| | | | | | | | | | | | | | | | | | | | | | |GZ3|02-Aug-2021|G4730|02-Aug-2021|Z741|02-Aug-2021|F419|02-Aug-2021|Z9181|02-Aug-2021|Z139|02-Aug-2021|Z1331|02-Aug-2021|Z1331|02-Aug-2021|F1990|02-Aug-2021|F109|02-Aug-2021|||||||||||||||||||||||||||||||0|0||7|450|G0444|3.0|2021-08-03T00:00:00|hospital_C|hospital_C_20210802
-10000010275202|-10000930959070|V|60|02-Aug-2021|02-Aug-2021|06-Aug-2021||3|377673|1|1|1|| |1904.09|0.0| ||37|1306950993| |9999907899| |9999907899|||0|1| |1904.09|02-Aug-2021|1|2|A|10|0.0|380.84|0|4|0.0|0.0|0|0|0|0|0|0|0|0|0|0|0|0|0|||||02-Aug-2021|951.0|0|0||Z733|Z733|N|Z604|Y|T7431X|N|N1830|Y|E1129|N|N182|Y|R801|Y|Z653|Y|I4891|Y|N181|Y|E1121|Y|E11319|Y|D4959|Y|D075|Y|E781|Y|E119|Y|E8881|Y|I10|Y|Z954|N|I350|Y|R931|Y|I259|Y|E785|Y|E669|Y|G4733|N|||| | | | | | | | | | | | | | | | | | | | | | |GZ3|02-Aug-2021|G4730|02-Aug-2021|Z741|02-Aug-2021|F419|02-Aug-2021|Z9181|02-Aug-2021|Z139|02-Aug-2021|Z1331|02-Aug-2021|Z1331|02-Aug-2021|F1990|02-Aug-2021|F109|02-Aug-2021|||||||||||||||||||||||||||||||0|0||8|450|G0444|3.0|2021-08-03T00:00:00|hospital_C|hospital_C_20210802
-10000010275202|-10000930959070|V|60|02-Aug-2021|02-Aug-2021|06-Aug-2021||3|377673|1|1|1|| |1904.09|0.0| ||37|1306950993| |9999907899| |9999907899|||0|1| |1904.09|02-Aug-2021|1|2|A|10|0.0|380.84|0|4|0.0|0.0|0|0|0|0|0|0|0|0|0|0|0|0|0|||||02-Aug-2021|951.0|0|0||Z733|Z733|N|Z604|Y|T7431X|N|N1830|Y|E1129|N|N182|Y|R801|Y|Z653|Y|I4891|Y|N181|Y|E1121|Y|E11319|Y|D4959|Y|D075|Y|E781|Y|E119|Y|E8881|Y|I10|Y|Z954|N|I350|Y|R931|Y|I259|Y|E785|Y|E669|Y|G4733|N|||| | | | | | | | | | | | | | | | | | | | | | |GZ3|02-Aug-2021|G4730|02-Aug-2021|Z741|02-Aug-2021|F419|02-Aug-2021|Z9181|02-Aug-2021|Z139|02-Aug-2021|Z1331|02-Aug-2021|Z1331|02-Aug-2021|F1990|02-Aug-2021|F109|02-Aug-2021|||||||||||||||||||||||||||||||0|0||9|450|99408|3.0|2021-08-03T00:00:00|hospital_C|hospital_C_20210802
-10000010275202|-10000930959070|V|60|02-Aug-2021|02-Aug-2021|06-Aug-2021||3|377673|1|1|1|| |1904.09|0.0| ||37|1306950993| |9999907899| |9999907899|||0|1| |1904.09|02-Aug-2021|1|2|A|10|0.0|380.84|0|4|0.0|0.0|0|0|0|0|0|0|0|0|0|0|0|0|0|||||02-Aug-2021|951.0|0|0||Z733|Z733|N|Z604|Y|T7431X|N|N1830|Y|E1129|N|N182|Y|R801|Y|Z653|Y|I4891|Y|N181|Y|E1121|Y|E11319|Y|D4959|Y|D075|Y|E781|Y|E119|Y|E8881|Y|I10|Y|Z954|N|I350|Y|R931|Y|I259|Y|E785|Y|E669|Y|G4733|N|||| | | | | | | | | | | | | | | | | | | | | | |GZ3|02-Aug-2021|G4730|02-Aug-2021|Z741|02-Aug-2021|F419|02-Aug-2021|Z9181|02-Aug-2021|Z139|02-Aug-2021|Z1331|02-Aug-2021|Z1331|02-Aug-2021|F1990|02-Aug-2021|F109|02-Aug-2021|||||||||||||||||||||||||||||||0|0||10|450|G0442|3.0|2021-08-03T00:00:00|hospital_C|hospital_C_20210802
SYN_BENE_0AAD14994897|SYN_CLM_51B1EDF0AB0E|V|60|02-Aug-2021|02-Aug-2021|06-Aug-2021||3|377673|1|1|1|| |1904.09|0.0| ||37|1306950993| |9999907899| |9999907899|||0|1| |1904.09|02-Aug-2021|1|2|A|10|0.0|380.84|0|4|0.0|0.0|0|0|0|0|0|0|0|0|0|0|0|0|0|||||02-Aug-2021|951.0|0|0||Z733|Z733|N|Z604|Y|T7431X|N|N1830|Y|E1129|N|N182|Y|R801|Y|Z653|Y|I4891|Y|N181|Y|E1121|Y|E11319|Y|D4959|Y|D075|Y|E781|Y|E119|Y|E8881|Y|I10|Y|Z954|N|I350|Y|R931|Y|I259|Y|E785|Y|E669|Y|G4733|N|||| | | | | | | | | | | | | | | | | | | | | | |GZ3|02-Aug-2021|G4730|02-Aug-2021|Z741|02-Aug-2021|F419|02-Aug-2021|Z9181|02-Aug-2021|Z139|02-Aug-2021|Z1331|02-Aug-2021|Z1331|02-Aug-2021|F1990|02-Aug-2021|F109|02-Aug-2021|||||||||||||||||||||||||||||||0|0||1|450|99495|3.0|2021-08-03T00:00:00|hospital_C|hospital_C_20210802
SYN_BENE_0AAD14994897|SYN_CLM_51B1EDF0AB0E|V|60|02-Aug-2021|02-Aug-2021|06-Aug-2021||3|377673|1|1|1|| |1904.09|0.0| ||37|1306950993| |9999907899| |9999907899|||0|1| |1904.09|02-Aug-2021|1|2|A|10|0.0|380.84|0|4|0.0|0.0|0|0|0|0|0|0|0|0|0|0|0|0|0|||||02-Aug-2021|951.0|0|0||Z733|Z733|N|Z604|Y|T7431X|N|N1830|Y|E1129|N|N182|Y|R801|Y|Z653|Y|I4891|Y|N181|Y|E1121|Y|E11319|Y|D4959|Y|D075|Y|E781|Y|E119|Y|E8881|Y|I10|Y|Z954|N|I350|Y|R931|Y|I259|Y|E785|Y|E669|Y|G4733|N|||| | | | | | | | | | | | | | | | | | | | | | |GZ3|02-Aug-2021|G4730|02-Aug-2021|Z741|02-Aug-2021|F419|02-Aug-2021|Z9181|02-Aug-2021|Z139|02-Aug-2021|Z1331|02-Aug-2021|Z1331|02-Aug-2021|F1990|02-Aug-2021|F109|02-Aug-2021|||||||||||||||||||||||||||||||0|0||2|450|G8839|3.0|2021-08-03T00:00:00|hospital_C|hospital_C_20210802
SYN_BENE_0AAD14994897|SYN_CLM_51B1EDF0AB0E|V|60|02-Aug-2021|02-Aug-2021|06-Aug-2021||3|377673|1|1|1|| |1904.09|0.0| ||37|1306950993| |9999907899| |9999907899|||0|1| |1904.09|02-Aug-2021|1|2|A|10|0.0|380.84|0|4|0.0|0.0|0|0|0|0|0|0|0|0|0|0|0|0|0|||||02-Aug-2021|951.0|0|0||Z733|Z733|N|Z604|Y|T7431X|N|N1830|Y|E1129|N|N182|Y|R801|Y|Z653|Y|I4891|Y|N181|Y|E1121|Y|E11319|Y|D4959|Y|D075|Y|E781|Y|E119|Y|E8881|Y|I10|Y|Z954|N|I350|Y|R931|Y|I259|Y|E785|Y|E669|Y|G4733|N|||| | | | | | | | | | | | | | | | | | | | | | |GZ3|02-Aug-2021|G4730|02-Aug-2021|Z741|02-Aug-2021|F419|02-Aug-2021|Z9181|02-Aug-2021|Z139|02-Aug-2021|Z1331|02-Aug-2021|Z1331|02-Aug-2021|F1990|02-Aug-2021|F109|02-Aug-2021|||||||||||||||||||||||||||||||0|0||3|450|96156|3.0|2021-08-03T00:00:00|hospital_C|hospital_C_20210802
SYN_BENE_0AAD14994897|SYN_CLM_51B1EDF0AB0E|V|60|02-Aug-2021|02-Aug-2021|06-Aug-2021||3|377673|1|1|1|| |1904.09|0.0| ||37|1306950993| |9999907899| |9999907899|||0|1| |1904.09|02-Aug-2021|1|2|A|10|0.0|380.84|0|4|0.0|0.0|0|0|0|0|0|0|0|0|0|0|0|0|0|||||02-Aug-2021|951.0|0|0||Z733|Z733|N|Z604|Y|T7431X|N|N1830|Y|E1129|N|N182|Y|R801|Y|Z653|Y|I4891|Y|N181|Y|E1121|Y|E11319|Y|D4959|Y|D075|Y|E781|Y|E119|Y|E8881|Y|I10|Y|Z954|N|I350|Y|R931|Y|I259|Y|E785|Y|E669|Y|G4733|N|||| | | | | | | | | | | | | | | | | | | | | | |GZ3|02-Aug-2021|G4730|02-Aug-2021|Z741|02-Aug-2021|F419|02-Aug-2021|Z9181|02-Aug-2021|Z139|02-Aug-2021|Z1331|02-Aug-2021|Z1331|02-Aug-2021|F1990|02-Aug-2021|F109|02-Aug-2021|||||||||||||||||||||||||||||||0|0||4|450|96127|3.0|2021-08-03T00:00:00|hospital_C|hospital_C_20210802
SYN_BENE_0AAD14994897|SYN_CLM_51B1EDF0AB0E|V|60|02-Aug-2021|02-Aug-2021|06-Aug-2021||3|377673|1|1|1|| |1904.09|0.0| ||37|1306950993| |9999907899| |9999907899|||0|1| |1904.09|02-Aug-2021|1|2|A|10|0.0|380.84|0|4|0.0|0.0|0|0|0|0|0|0|0|0|0|0|0|0|0|||||02-Aug-2021|951.0|0|0||Z733|Z733|N|Z604|Y|T7431X|N|N1830|Y|E1129|N|N182|Y|R801|Y|Z653|Y|I4891|Y|N181|Y|E1121|Y|E11319|Y|D4959|Y|D075|Y|E781|Y|E119|Y|E8881|Y|I10|Y|Z954|N|I350|Y|R931|Y|I259|Y|E785|Y|E669|Y|G4733|N|||| | | | | | | | | | | | | | | | | | | | | | |GZ3|02-Aug-2021|G4730|02-Aug-2021|Z741|02-Aug-2021|F419|02-Aug-2021|Z9181|02-Aug-2021|Z139|02-Aug-2021|Z1331|02-Aug-2021|Z1331|02-Aug-2021|F1990|02-Aug-2021|F109|02-Aug-2021|||||||||||||||||||||||||||||||0|0||5|450|M1069|3.0|2021-08-03T00:00:00|hospital_C|hospital_C_20210802
SYN_BENE_0AAD14994897|SYN_CLM_51B1EDF0AB0E|V|60|02-Aug-2021|02-Aug-2021|06-Aug-2021||3|377673|1|1|1|| |1904.09|0.0| ||37|1306950993| |9999907899| |9999907899|||0|1| |1904.09|02-Aug-2021|1|2|A|10|0.0|380.84|0|4|0.0|0.0|0|0|0|0|0|0|0|0|0|0|0|0|0|||||02-Aug-2021|951.0|0|0||Z733|Z733|N|Z604|Y|T7431X|N|N1830|Y|E1129|N|N182|Y|R801|Y|Z653|Y|I4891|Y|N181|Y|E1121|Y|E11319|Y|D4959|Y|D075|Y|E781|Y|E119|Y|E8881|Y|I10|Y|Z954|N|I350|Y|R931|Y|I259|Y|E785|Y|E669|Y|G4733|N|||| | | | | | | | | | | | | | | | | | | | | | |GZ3|02-Aug-2021|G4730|02-Aug-2021|Z741|02-Aug-2021|F419|02-Aug-2021|Z9181|02-Aug-2021|Z139|02-Aug-2021|Z1331|02-Aug-2021|Z1331|02-Aug-2021|F1990|02-Aug-2021|F109|02-Aug-2021|||||||||||||||||||||||||||||||0|0||6|450|99401|3.0|2021-08-03T00:00:00|hospital_C|hospital_C_20210802
SYN_BENE_0AAD14994897|SYN_CLM_51B1EDF0AB0E|V|60|02-Aug-2021|02-Aug-2021|06-Aug-2021||3|377673|1|1|1|| |1904.09|0.0| ||37|1306950993| |9999907899| |9999907899|||0|1| |1904.09|02-Aug-2021|1|2|A|10|0.0|380.84|0|4|0.0|0.0|0|0|0|0|0|0|0|0|0|0|0|0|0|||||02-Aug-2021|951.0|0|0||Z733|Z733|N|Z604|Y|T7431X|N|N1830|Y|E1129|N|N182|Y|R801|Y|Z653|Y|I4891|Y|N181|Y|E1121|Y|E11319|Y|D4959|Y|D075|Y|E781|Y|E119|Y|E8881|Y|I10|Y|Z954|N|I350|Y|R931|Y|I259|Y|E785|Y|E669|Y|G4733|N|||| | | | | | | | | | | | | | | | | | | | | | |GZ3|02-Aug-2021|G4730|02-Aug-2021|Z741|02-Aug-2021|F419|02-Aug-2021|Z9181|02-Aug-2021|Z139|02-Aug-2021|Z1331|02-Aug-2021|Z1331|02-Aug-2021|F1990|02-Aug-2021|F109|02-Aug-2021|||||||||||||||||||||||||||||||0|0||7|450|G0444|3.0|2021-08-03T00:00:00|hospital_C|hospital_C_20210802
SYN_BENE_0AAD14994897|SYN_CLM_51B1EDF0AB0E|V|60|02-Aug-2021|02-Aug-2021|06-Aug-2021||3|377673|1|1|1|| |1904.09|0.0| ||37|1306950993| |9999907899| |9999907899|||0|1| |1904.09|02-Aug-2021|1|2|A|10|0.0|380.84|0|4|0.0|0.0|0|0|0|0|0|0|0|0|0|0|0|0|0|||||02-Aug-2021|951.0|0|0||Z733|Z733|N|Z604|Y|T7431X|N|N1830|Y|E1129|N|N182|Y|R801|Y|Z653|Y|I4891|Y|N181|Y|E1121|Y|E11319|Y|D4959|Y|D075|Y|E781|Y|E119|Y|E8881|Y|I10|Y|Z954|N|I350|Y|R931|Y|I259|Y|E785|Y|E669|Y|G4733|N|||| | | | | | | | | | | | | | | | | | | | | | |GZ3|02-Aug-2021|G4730|02-Aug-2021|Z741|02-Aug-2021|F419|02-Aug-2021|Z9181|02-Aug-2021|Z139|02-Aug-2021|Z1331|02-Aug-2021|Z1331|02-Aug-2021|F1990|02-Aug-2021|F109|02-Aug-2021|||||||||||||||||||||||||||||||0|0||8|450|G0444|3.0|2021-08-03T00:00:00|hospital_C|hospital_C_20210802
SYN_BENE_0AAD14994897|SYN_CLM_51B1EDF0AB0E|V|60|02-Aug-2021|02-Aug-2021|06-Aug-2021||3|377673|1|1|1|| |1904.09|0.0| ||37|1306950993| |9999907899| |9999907899|||0|1| |1904.09|02-Aug-2021|1|2|A|10|0.0|380.84|0|4|0.0|0.0|0|0|0|0|0|0|0|0|0|0|0|0|0|||||02-Aug-2021|951.0|0|0||Z733|Z733|N|Z604|Y|T7431X|N|N1830|Y|E1129|N|N182|Y|R801|Y|Z653|Y|I4891|Y|N181|Y|E1121|Y|E11319|Y|D4959|Y|D075|Y|E781|Y|E119|Y|E8881|Y|I10|Y|Z954|N|I350|Y|R931|Y|I259|Y|E785|Y|E669|Y|G4733|N|||| | | | | | | | | | | | | | | | | | | | | | |GZ3|02-Aug-2021|G4730|02-Aug-2021|Z741|02-Aug-2021|F419|02-Aug-2021|Z9181|02-Aug-2021|Z139|02-Aug-2021|Z1331|02-Aug-2021|Z1331|02-Aug-2021|F1990|02-Aug-2021|F109|02-Aug-2021|||||||||||||||||||||||||||||||0|0||9|450|99408|3.0|2021-08-03T00:00:00|hospital_C|hospital_C_20210802
SYN_BENE_0AAD14994897|SYN_CLM_51B1EDF0AB0E|V|60|02-Aug-2021|02-Aug-2021|06-Aug-2021||3|377673|1|1|1|| |1904.09|0.0| ||37|1306950993| |9999907899| |9999907899|||0|1| |1904.09|02-Aug-2021|1|2|A|10|0.0|380.84|0|4|0.0|0.0|0|0|0|0|0|0|0|0|0|0|0|0|0|||||02-Aug-2021|951.0|0|0||Z733|Z733|N|Z604|Y|T7431X|N|N1830|Y|E1129|N|N182|Y|R801|Y|Z653|Y|I4891|Y|N181|Y|E1121|Y|E11319|Y|D4959|Y|D075|Y|E781|Y|E119|Y|E8881|Y|I10|Y|Z954|N|I350|Y|R931|Y|I259|Y|E785|Y|E669|Y|G4733|N|||| | | | | | | | | | | | | | | | | | | | | | |GZ3|02-Aug-2021|G4730|02-Aug-2021|Z741|02-Aug-2021|F419|02-Aug-2021|Z9181|02-Aug-2021|Z139|02-Aug-2021|Z1331|02-Aug-2021|Z1331|02-Aug-2021|F1990|02-Aug-2021|F109|02-Aug-2021|||||||||||||||||||||||||||||||0|0||10|450|G0442|3.0|2021-08-03T00:00:00|hospital_C|hospital_C_20210802
SYN_BENE_C6F4E7E8D72A|SYN_CLM_C9C0C6985F90|V|60|02-Aug-2021|02-Aug-2021|06-Aug-2021||3|377673|1|1|1|| |1904.09|0.0| ||37|1306950993| |9999907899| |9999907899|||0|1| |1904.09|02-Aug-2021|1|2|A|10|0.0|380.84|0|4|0.0|0.0|0|0|0|0|0|0|0|0|0|0|0|0|0|||||02-Aug-2021|951.0|0|0||Z733|Z733|N|Z604|Y|T7431X|N|N1830|Y|E1129|N|N182|Y|R801|Y|Z653|Y|I4891|Y|N181|Y|E1121|Y|E11319|Y|D4959|Y|D075|Y|E781|Y|E119|Y|E8881|Y|I10|Y|Z954|N|I350|Y|R931|Y|I259|Y|E785|Y|E669|Y|G4733|N|||| | | | | | | | | | | | | | | | | | | | | | |GZ3|02-Aug-2021|G4730|02-Aug-2021|Z741|02-Aug-2021|F419|02-Aug-2021|Z9181|02-Aug-2021|Z139|02-Aug-2021|Z1331|02-Aug-2021|Z1331|02-Aug-2021|F1990|02-Aug-2021|F109|02-Aug-2021|||||||||||||||||||||||||||||||0|0||1|450|99495|3.0|2021-08-03T00:00:00|hospital_C|hospital_C_20210802
SYN_BENE_C6F4E7E8D72A|SYN_CLM_C9C0C6985F90|V|60|02-Aug-2021|02-Aug-2021|06-Aug-2021||3|377673|1|1|1|| |1904.09|0.0| ||37|1306950993| |9999907899| |9999907899|||0|1| |1904.09|02-Aug-2021|1|2|A|10|0.0|380.84|0|4|0.0|0.0|0|0|0|0|0|0|0|0|0|0|0|0|0|||||02-Aug-2021|951.0|0|0||Z733|Z733|N|Z604|Y|T7431X|N|N1830|Y|E1129|N|N182|Y|R801|Y|Z653|Y|I4891|Y|N181|Y|E1121|Y|E11319|Y|D4959|Y|D075|Y|E781|Y|E119|Y|E8881|Y|I10|Y|Z954|N|I350|Y|R931|Y|I259|Y|E785|Y|E669|Y|G4733|N|||| | | | | | | | | | | | | | | | | | | | | | |GZ3|02-Aug-2021|G4730|02-Aug-2021|Z741|02-Aug-2021|F419|02-Aug-2021|Z9181|02-Aug-2021|Z139|02-Aug-2021|Z1331|02-Aug-2021|Z1331|02-Aug-2021|F1990|02-Aug-2021|F109|02-Aug-2021|||||||||||||||||||||||||||||||0|0||2|450|G8839|3.0|2021-08-03T00:00:00|hospital_C|hospital_C_20210802
SYN_BENE_C6F4E7E8D72A|SYN_CLM_C9C0C6985F90|V|60|02-Aug-2021|02-Aug-2021|06-Aug-2021||3|377673|1|1|1|| |1904.09|0.0| ||37|1306950993| |9999907899| |9999907899|||0|1| |1904.09|02-Aug-2021|1|2|A|10|0.0|380.84|0|4|0.0|0.0|0|0|0|0|0|0|0|0|0|0|0|0|0|||||02-Aug-2021|951.0|0|0||Z733|Z733|N|Z604|Y|T7431X|N|N1830|Y|E1129|N|N182|Y|R801|Y|Z653|Y|I4891|Y|N181|Y|E1121|Y|E11319|Y|D4959|Y|D075|Y|E781|Y|E119|Y|E8881|Y|I10|Y|Z954|N|I350|Y|R931|Y|I259|Y|E785|Y|E669|Y|G4733|N|||| | | | | | | | | | | | | | | | | | | | | | |GZ3|02-Aug-2021|G4730|02-Aug-2021|Z741|02-Aug-2021|F419|02-Aug-2021|Z9181|02-Aug-2021|Z139|02-Aug-2021|Z1331|02-Aug-2021|Z1331|02-Aug-2021|F1990|02-Aug-2021|F109|02-Aug-2021|||||||||||||||||||||||||||||||0|0||3|450|96156|3.0|2021-08-03T00:00:00|hospital_C|hospital_C_20210802
SYN_BENE_C6F4E7E8D72A|SYN_CLM_C9C0C6985F90|V|60|02-Aug-2021|02-Aug-2021|06-Aug-2021||3|377673|1|1|1|| |1904.09|0.0| ||37|1306950993| |9999907899| |9999907899|||0|1| |1904.09|02-Aug-2021|1|2|A|10|0.0|380.84|0|4|0.0|0.0|0|0|0|0|0|0|0|0|0|0|0|0|0|||||02-Aug-2021|951.0|0|0||Z733|Z733|N|Z604|Y|T7431X|N|N1830|Y|E1129|N|N182|Y|R801|Y|Z653|Y|I4891|Y|N181|Y|E1121|Y|E11319|Y|D4959|Y|D075|Y|E781|Y|E119|Y|E8881|Y|I10|Y|Z954|N|I350|Y|R931|Y|I259|Y|E785|Y|E669|Y|G4733|N|||| | | | | | | | | | | | | | | | | | | | | | |GZ3|02-Aug-2021|G4730|02-Aug-2021|Z741|02-Aug-2021|F419|02-Aug-2021|Z9181|02-Aug-2021|Z139|02-Aug-2021|Z1331|02-Aug-2021|Z1331|02-Aug-2021|F1990|02-Aug-2021|F109|02-Aug-2021|||||||||||||||||||||||||||||||0|0||4|450|96127|3.0|2021-08-03T00:00:00|hospital_C|hospital_C_20210802
SYN_BENE_C6F4E7E8D72A|SYN_CLM_C9C0C6985F90|V|60|02-Aug-2021|02-Aug-2021|06-Aug-2021||3|377673|1|1|1|| |1904.09|0.0| ||37|1306950993| |9999907899| |9999907899|||0|1| |1904.09|02-Aug-2021|1|2|A|10|0.0|380.84|0|4|0.0|0.0|0|0|0|0|0|0|0|0|0|0|0|0|0|||||02-Aug-2021|951.0|0|0||Z733|Z733|N|Z604|Y|T7431X|N|N1830|Y|E1129|N|N182|Y|R801|Y|Z653|Y|I4891|Y|N181|Y|E1121|Y|E11319|Y|D4959|Y|D075|Y|E781|Y|E119|Y|E8881|Y|I10|Y|Z954|N|I350|Y|R931|Y|I259|Y|E785|Y|E669|Y|G4733|N|||| | | | | | | | | | | | | | | | | | | | | | |GZ3|02-Aug-2021|G4730|02-Aug-2021|Z741|02-Aug-2021|F419|02-Aug-2021|Z9181|02-Aug-2021|Z139|02-Aug-2021|Z1331|02-Aug-2021|Z1331|02-Aug-2021|F1990|02-Aug-2021|F109|02-Aug-2021|||||||||||||||||||||||||||||||0|0||5|450|M1069|3.0|2021-08-03T00:00:00|hospital_C|hospital_C_20210802
SYN_BENE_C6F4E7E8D72A|SYN_CLM_C9C0C6985F90|V|60|02-Aug-2021|02-Aug-2021|06-Aug-2021||3|377673|1|1|1|| |1904.09|0.0| ||37|1306950993| |9999907899| |9999907899|||0|1| |1904.09|02-Aug-2021|1|2|A|10|0.0|380.84|0|4|0.0|0.0|0|0|0|0|0|0|0|0|0|0|0|0|0|||||02-Aug-2021|951.0|0|0||Z733|Z733|N|Z604|Y|T7431X|N|N1830|Y|E1129|N|N182|Y|R801|Y|Z653|Y|I4891|Y|N181|Y|E1121|Y|E11319|Y|D4959|Y|D075|Y|E781|Y|E119|Y|E8881|Y|I10|Y|Z954|N|I350|Y|R931|Y|I259|Y|E785|Y|E669|Y|G4733|N|||| | | | | | | | | | | | | | | | | | | | | | |GZ3|02-Aug-2021|G4730|02-Aug-2021|Z741|02-Aug-2021|F419|02-Aug-2021|Z9181|02-Aug-2021|Z139|02-Aug-2021|Z1331|02-Aug-2021|Z1331|02-Aug-2021|F1990|02-Aug-2021|F109|02-Aug-2021|||||||||||||||||||||||||||||||0|0||6|450|99401|3.0|2021-08-03T00:00:00|hospital_C|hospital_C_20210802
SYN_BENE_C6F4E7E8D72A|SYN_CLM_C9C0C6985F90|V|60|02-Aug-2021|02-Aug-2021|06-Aug-2021||3|377673|1|1|1|| |1904.09|0.0| ||37|1306950993| |9999907899| |9999907899|||0|1| |1904.09|02-Aug-2021|1|2|A|10|0.0|380.84|0|4|0.0|0.0|0|0|0|0|0|0|0|0|0|0|0|0|0|||||02-Aug-2021|951.0|0|0||Z733|Z733|N|Z604|Y|T7431X|N|N1830|Y|E1129|N|N182|Y|R801|Y|Z653|Y|I4891|Y|N181|Y|E1121|Y|E11319|Y|D4959|Y|D075|Y|E781|Y|E119|Y|E8881|Y|I10|Y|Z954|N|I350|Y|R931|Y|I259|Y|E785|Y|E669|Y|G4733|N|||| | | | | | | | | | | | | | | | | | | | | | |GZ3|02-Aug-2021|G4730|02-Aug-2021|Z741|02-Aug-2021|F419|02-Aug-2021|Z9181|02-Aug-2021|Z139|02-Aug-2021|Z1331|02-Aug-2021|Z1331|02-Aug-2021|F1990|02-Aug-2021|F109|02-Aug-2021|||||||||||||||||||||||||||||||0|0||7|450|G0444|3.0|2021-08-03T00:00:00|hospital_C|hospital_C_20210802
SYN_BENE_C6F4E7E8D72A|SYN_CLM_C9C0C6985F90|V|60|02-Aug-2021|02-Aug-2021|06-Aug-2021||3|377673|1|1|1|| |1904.09|0.0| ||37|1306950993| |9999907899| |9999907899|||0|1| |1904.09|02-Aug-2021|1|2|A|10|0.0|380.84|0|4|0.0|0.0|0|0|0|0|0|0|0|0|0|0|0|0|0|||||02-Aug-2021|951.0|0|0||Z733|Z733|N|Z604|Y|T7431X|N|N1830|Y|E1129|N|N182|Y|R801|Y|Z653|Y|I4891|Y|N181|Y|E1121|Y|E11319|Y|D4959|Y|D075|Y|E781|Y|E119|Y|E8881|Y|I10|Y|Z954|N|I350|Y|R931|Y|I259|Y|E785|Y|E669|Y|G4733|N|||| | | | | | | | | | | | | | | | | | | | | | |GZ3|02-Aug-2021|G4730|02-Aug-2021|Z741|02-Aug-2021|F419|02-Aug-2021|Z9181|02-Aug-2021|Z139|02-Aug-2021|Z1331|02-Aug-2021|Z1331|02-Aug-2021|F1990|02-Aug-2021|F109|02-Aug-2021|||||||||||||||||||||||||||||||0|0||8|450|G0444|3.0|2021-08-03T00:00:00|hospital_C|hospital_C_20210802
SYN_BENE_C6F4E7E8D72A|SYN_CLM_C9C0C6985F90|V|60|02-Aug-2021|02-Aug-2021|06-Aug-2021||3|377673|1|1|1|| |1904.09|0.0| ||37|1306950993| |9999907899| |9999907899|||0|1| |1904.09|02-Aug-2021|1|2|A|10|0.0|380.84|0|4|0.0|0.0|0|0|0|0|0|0|0|0|0|0|0|0|0|||||02-Aug-2021|951.0|0|0||Z733|Z733|N|Z604|Y|T7431X|N|N1830|Y|E1129|N|N182|Y|R801|Y|Z653|Y|I4891|Y|N181|Y|E1121|Y|E11319|Y|D4959|Y|D075|Y|E781|Y|E119|Y|E8881|Y|I10|Y|Z954|N|I350|Y|R931|Y|I259|Y|E785|Y|E669|Y|G4733|N|||| | | | | | | | | | | | | | | | | | | | | | |GZ3|02-Aug-2021|G4730|02-Aug-2021|Z741|02-Aug-2021|F419|02-Aug-2021|Z9181|02-Aug-2021|Z139|02-Aug-2021|Z1331|02-Aug-2021|Z1331|02-Aug-2021|F1990|02-Aug-2021|F109|02-Aug-2021|||||||||||||||||||||||||||||||0|0||9|450|99408|3.0|2021-08-03T00:00:00|hospital_C|hospital_C_20210802
SYN_BENE_C6F4E7E8D72A|SYN_CLM_C9C0C6985F90|V|60|02-Aug-2021|02-Aug-2021|06-Aug-2021||3|377673|1|1|1|| |1904.09|0.0| ||37|1306950993| |9999907899| |9999907899|||0|1| |1904.09|02-Aug-2021|1|2|A|10|0.0|380.84|0|4|0.0|0.0|0|0|0|0|0|0|0|0|0|0|0|0|0|||||02-Aug-2021|951.0|0|0||Z733|Z733|N|Z604|Y|T7431X|N|N1830|Y|E1129|N|N182|Y|R801|Y|Z653|Y|I4891|Y|N181|Y|E1121|Y|E11319|Y|D4959|Y|D075|Y|E781|Y|E119|Y|E8881|Y|I10|Y|Z954|N|I350|Y|R931|Y|I259|Y|E785|Y|E669|Y|G4733|N|||| | | | | | | | | | | | | | | | | | | | | | |GZ3|02-Aug-2021|G4730|02-Aug-2021|Z741|02-Aug-2021|F419|02-Aug-2021|Z9181|02-Aug-2021|Z139|02-Aug-2021|Z1331|02-Aug-2021|Z1331|02-Aug-2021|F1990|02-Aug-2021|F109|02-Aug-2021|||||||||||||||||||||||||||||||0|0||10|450|G0442|3.0|2021-08-03T00:00:00|hospital_C|hospital_C_20210802
SYN_BENE_52BFD5C7EE6F|SYN_CLM_08BEC0D5665F|V|60|02-Aug-2021|02-Aug-2021|06-Aug-2021||3|377673|1|1|1|| |1904.09|0.0| ||37|1306950993| |9999907899| |9999907899|||0|1| |1904.09|02-Aug-2021|1|2|A|10|0.0|380.84|0|4|0.0|0.0|0|0|0|0|0|0|0|0|0|0|0|0|0|||||02-Aug-2021|951.0|0|0||Z733|Z733|N|Z604|Y|T7431X|N|N1830|Y|E1129|N|N182|Y|R801|Y|Z653|Y|I4891|Y|N181|Y|E1121|Y|E11319|Y|D4959|Y|D075|Y|E781|Y|E119|Y|E8881|Y|I10|Y|Z954|N|I350|Y|R931|Y|I259|Y|E785|Y|E669|Y|G4733|N|||| | | | | | | | | | | | | | | | | | | | | | |GZ3|02-Aug-2021|G4730|02-Aug-2021|Z741|02-Aug-2021|F419|02-Aug-2021|Z9181|02-Aug-2021|Z139|02-Aug-2021|Z1331|02-Aug-2021|Z1331|02-Aug-2021|F1990|02-Aug-2021|F109|02-Aug-2021|||||||||||||||||||||||||||||||0|0||1|450|99495|3.0|2021-08-03T00:00:00|hospital_C|hospital_C_20210802
SYN_BENE_52BFD5C7EE6F|SYN_CLM_08BEC0D5665F|V|60|02-Aug-2021|02-Aug-2021|06-Aug-2021||3|377673|1|1|1|| |1904.09|0.0| ||37|1306950993| |9999907899| |9999907899|||0|1| |1904.09|02-Aug-2021|1|2|A|10|0.0|380.84|0|4|0.0|0.0|0|0|0|0|0|0|0|0|0|0|0|0|0|||||02-Aug-2021|951.0|0|0||Z733|Z733|N|Z604|Y|T7431X|N|N1830|Y|E1129|N|N182|Y|R801|Y|Z653|Y|I4891|Y|N181|Y|E1121|Y|E11319|Y|D4959|Y|D075|Y|E781|Y|E119|Y|E8881|Y|I10|Y|Z954|N|I350|Y|R931|Y|I259|Y|E785|Y|E669|Y|G4733|N|||| | | | | | | | | | | | | | | | | | | | | | |GZ3|02-Aug-2021|G4730|02-Aug-2021|Z741|02-Aug-2021|F419|02-Aug-2021|Z9181|02-Aug-2021|Z139|02-Aug-2021|Z1331|02-Aug-2021|Z1331|02-Aug-2021|F1990|02-Aug-2021|F109|02-Aug-2021|||||||||||||||||||||||||||||||0|0||2|450|G8839|3.0|2021-08-03T00:00:00|hospital_C|hospital_C_20210802
SYN_BENE_52BFD5C7EE6F|SYN_CLM_08BEC0D5665F|V|60|02-Aug-2021|02-Aug-2021|06-Aug-2021||3|377673|1|1|1|| |1904.09|0.0| ||37|1306950993| |9999907899| |9999907899|||0|1| |1904.09|02-Aug-2021|1|2|A|10|0.0|380.84|0|4|0.0|0.0|0|0|0|0|0|0|0|0|0|0|0|0|0|||||02-Aug-2021|951.0|0|0||Z733|Z733|N|Z604|Y|T7431X|N|N1830|Y|E1129|N|N182|Y|R801|Y|Z653|Y|I4891|Y|N181|Y|E1121|Y|E11319|Y|D4959|Y|D075|Y|E781|Y|E119|Y|E8881|Y|I10|Y|Z954|N|I350|Y|R931|Y|I259|Y|E785|Y|E669|Y|G4733|N|||| | | | | | | | | | | | | | | | | | | | | | |GZ3|02-Aug-2021|G4730|02-Aug-2021|Z741|02-Aug-2021|F419|02-Aug-2021|Z9181|02-Aug-2021|Z139|02-Aug-2021|Z1331|02-Aug-2021|Z1331|02-Aug-2021|F1990|02-Aug-2021|F109|02-Aug-2021|||||||||||||||||||||||||||||||0|0||3|450|96156|3.0|2021-08-03T00:00:00|hospital_C|hospital_C_20210802
SYN_BENE_52BFD5C7EE6F|SYN_CLM_08BEC0D5665F|V|60|02-Aug-2021|02-Aug-2021|06-Aug-2021||3|377673|1|1|1|| |1904.09|0.0| ||37|1306950993| |9999907899| |9999907899|||0|1| |1904.09|02-Aug-2021|1|2|A|10|0.0|380.84|0|4|0.0|0.0|0|0|0|0|0|0|0|0|0|0|0|0|0|||||02-Aug-2021|951.0|0|0||Z733|Z733|N|Z604|Y|T7431X|N|N1830|Y|E1129|N|N182|Y|R801|Y|Z653|Y|I4891|Y|N181|Y|E1121|Y|E11319|Y|D4959|Y|D075|Y|E781|Y|E119|Y|E8881|Y|I10|Y|Z954|N|I350|Y|R931|Y|I259|Y|E785|Y|E669|Y|G4733|N|||| | | | | | | | | | | | | | | | | | | | | | |GZ3|02-Aug-2021|G4730|02-Aug-2021|Z741|02-Aug-2021|F419|02-Aug-2021|Z9181|02-Aug-2021|Z139|02-Aug-2021|Z1331|02-Aug-2021|Z1331|02-Aug-2021|F1990|02-Aug-2021|F109|02-Aug-2021|||||||||||||||||||||||||||||||0|0||4|450|96127|3.0|2021-08-03T00:00:00|hospital_C|hospital_C_20210802
SYN_BENE_52BFD5C7EE6F|SYN_CLM_08BEC0D5665F|V|60|02-Aug-2021|02-Aug-2021|06-Aug-2021||3|377673|1|1|1|| |1904.09|0.0| ||37|1306950993| |9999907899| |9999907899|||0|1| |1904.09|02-Aug-2021|1|2|A|10|0.0|380.84|0|4|0.0|0.0|0|0|0|0|0|0|0|0|0|0|0|0|0|||||02-Aug-2021|951.0|0|0||Z733|Z733|N|Z604|Y|T7431X|N|N1830|Y|E1129|N|N182|Y|R801|Y|Z653|Y|I4891|Y|N181|Y|E1121|Y|E11319|Y|D4959|Y|D075|Y|E781|Y|E119|Y|E8881|Y|I10|Y|Z954|N|I350|Y|R931|Y|I259|Y|E785|Y|E669|Y|G4733|N|||| | | | | | | | | | | | | | | | | | | | | | |GZ3|02-Aug-2021|G4730|02-Aug-2021|Z741|02-Aug-2021|F419|02-Aug-2021|Z9181|02-Aug-2021|Z139|02-Aug-2021|Z1331|02-Aug-2021|Z1331|02-Aug-2021|F1990|02-Aug-2021|F109|02-Aug-2021|||||||||||||||||||||||||||||||0|0||5|450|M1069|3.0|2021-08-03T00:00:00|hospital_C|hospital_C_20210802
SYN_BENE_52BFD5C7EE6F|SYN_CLM_08BEC0D5665F|V|60|02-Aug-2021|02-Aug-2021|06-Aug-2021||3|377673|1|1|1|| |1904.09|0.0| ||37|1306950993| |9999907899| |9999907899|||0|1| |1904.09|02-Aug-2021|1|2|A|10|0.0|380.84|0|4|0.0|0.0|0|0|0|0|0|0|0|0|0|0|0|0|0|||||02-Aug-2021|951.0|0|0||Z733|Z733|N|Z604|Y|T7431X|N|N1830|Y|E1129|N|N182|Y|R801|Y|Z653|Y|I4891|Y|N181|Y|E1121|Y|E11319|Y|D4959|Y|D075|Y|E781|Y|E119|Y|E8881|Y|I10|Y|Z954|N|I350|Y|R931|Y|I259|Y|E785|Y|E669|Y|G4733|N|||| | | | | | | | | | | | | | | | | | | | | | |GZ3|02-Aug-2021|G4730|02-Aug-2021|Z741|02-Aug-2021|F419|02-Aug-2021|Z9181|02-Aug-2021|Z139|02-Aug-2021|Z1331|02-Aug-2021|Z1331|02-Aug-2021|F1990|02-Aug-2021|F109|02-Aug-2021|||||||||||||||||||||||||||||||0|0||6|450|99401|3.0|2021-08-03T00:00:00|hospital_C|hospital_C_20210802
SYN_BENE_52BFD5C7EE6F|SYN_CLM_08BEC0D5665F|V|60|02-Aug-2021|02-Aug-2021|06-Aug-2021||3|377673|1|1|1|| |1904.09|0.0| ||37|1306950993| |9999907899| |9999907899|||0|1| |1904.09|02-Aug-2021|1|2|A|10|0.0|380.84|0|4|0.0|0.0|0|0|0|0|0|0|0|0|0|0|0|0|0|||||02-Aug-2021|951.0|0|0||Z733|Z733|N|Z604|Y|T7431X|N|N1830|Y|E1129|N|N182|Y|R801|Y|Z653|Y|I4891|Y|N181|Y|E1121|Y|E11319|Y|D4959|Y|D075|Y|E781|Y|E119|Y|E8881|Y|I10|Y|Z954|N|I350|Y|R931|Y|I259|Y|E785|Y|E669|Y|G4733|N|||| | | | | | | | | | | | | | | | | | | | | | |GZ3|02-Aug-2021|G4730|02-Aug-2021|Z741|02-Aug-2021|F419|02-Aug-2021|Z9181|02-Aug-2021|Z139|02-Aug-2021|Z1331|02-Aug-2021|Z1331|02-Aug-2021|F1990|02-Aug-2021|F109|02-Aug-2021|||||||||||||||||||||||||||||||0|0||7|450|G0444|3.0|2021-08-03T00:00:00|hospital_C|hospital_C_20210802
SYN_BENE_52BFD5C7EE6F|SYN_CLM_08BEC0D5665F|V|60|02-Aug-2021|02-Aug-2021|06-Aug-2021||3|377673|1|1|1|| |1904.09|0.0| ||37|1306950993| |9999907899| |9999907899|||0|1| |1904.09|02-Aug-2021|1|2|A|10|0.0|380.84|0|4|0.0|0.0|0|0|0|0|0|0|0|0|0|0|0|0|0|||||02-Aug-2021|951.0|0|0||Z733|Z733|N|Z604|Y|T7431X|N|N1830|Y|E1129|N|N182|Y|R801|Y|Z653|Y|I4891|Y|N181|Y|E1121|Y|E11319|Y|D4959|Y|D075|Y|E781|Y|E119|Y|E8881|Y|I10|Y|Z954|N|I350|Y|R931|Y|I259|Y|E785|Y|E669|Y|G4733|N|||| | | | | | | | | | | | | | | | | | | | | | |GZ3|02-Aug-2021|G4730|02-Aug-2021|Z741|02-Aug-2021|F419|02-Aug-2021|Z9181|02-Aug-2021|Z139|02-Aug-2021|Z1331|02-Aug-2021|Z1331|02-Aug-2021|F1990|02-Aug-2021|F109|02-Aug-2021|||||||||||||||||||||||||||||||0|0||8|450|G0444|3.0|2021-08-03T00:00:00|hospital_C|hospital_C_20210802
SYN_BENE_52BFD5C7EE6F|SYN_CLM_08BEC0D5665F|V|60|02-Aug-2021|02-Aug-2021|06-Aug-2021||3|377673|1|1|1|| |1904.09|0.0| ||37|1306950993| |9999907899| |9999907899|||0|1| |1904.09|02-Aug-2021|1|2|A|10|0.0|380.84|0|4|0.0|0.0|0|0|0|0|0|0|0|0|0|0|0|0|0|||||02-Aug-2021|951.0|0|0||Z733|Z733|N|Z604|Y|T7431X|N|N1830|Y|E1129|N|N182|Y|R801|Y|Z653|Y|I4891|Y|N181|Y|E1121|Y|E11319|Y|D4959|Y|D075|Y|E781|Y|E119|Y|E8881|Y|I10|Y|Z954|N|I350|Y|R931|Y|I259|Y|E785|Y|E669|Y|G4733|N|||| | | | | | | | | | | | | | | | | | | | | | |GZ3|02-Aug-2021|G4730|02-Aug-2021|Z741|02-Aug-2021|F419|02-Aug-2021|Z9181|02-Aug-2021|Z139|02-Aug-2021|Z1331|02-Aug-2021|Z1331|02-Aug-2021|F1990|02-Aug-2021|F109|02-Aug-2021|||||||||||||||||||||||||||||||0|0||9|450|99408|3.0|2021-08-03T00:00:00|hospital_C|hospital_C_20210802
SYN_BENE_52BFD5C7EE6F|SYN_CLM_08BEC0D5665F|V|60|02-Aug-2021|02-Aug-2021|06-Aug-2021||3|377673|1|1|1|| |1904.09|0.0| ||37|1306950993| |9999907899| |9999907899|||0|1| |1904.09|02-Aug-2021|1|2|A|10|0.0|380.84|0|4|0.0|0.0|0|0|0|0|0|0|0|0|0|0|0|0|0|||||02-Aug-2021|951.0|0|0||Z733|Z733|N|Z604|Y|T7431X|N|N1830|Y|E1129|N|N182|Y|R801|Y|Z653|Y|I4891|Y|N181|Y|E1121|Y|E11319|Y|D4959|Y|D075|Y|E781|Y|E119|Y|E8881|Y|I10|Y|Z954|N|I350|Y|R931|Y|I259|Y|E785|Y|E669|Y|G4733|N|||| | | | | | | | | | | | | | | | | | | | | | |GZ3|02-Aug-2021|G4730|02-Aug-2021|Z741|02-Aug-2021|F419|02-Aug-2021|Z9181|02-Aug-2021|Z139|02-Aug-2021|Z1331|02-Aug-2021|Z1331|02-Aug-2021|F1990|02-Aug-2021|F109|02-Aug-2021|||||||||||||||||||||||||||||||0|0||10|450|G0442|3.0|2021-08-03T00:00:00|hospital_C|hospital_C_20210802
SYN_BENE_56186F4234F2|SYN_CLM_9AF59AA63F82|V|60|02-Aug-2021|02-Aug-2021|06-Aug-2021||3|377673|1|1|1|| |1904.09|0.0| ||37|1306950993| |9999907899| |9999907899|||0|1| |1904.09|02-Aug-2021|1|2|A|10|0.0|380.84|0|4|0.0|0.0|0|0|0|0|0|0|0|0|0|0|0|0|0|||||02-Aug-2021|951.0|0|0||Z733|Z733|N|Z604|Y|T7431X|N|N1830|Y|E1129|N|N182|Y|R801|Y|Z653|Y|I4891|Y|N181|Y|E1121|Y|E11319|Y|D4959|Y|D075|Y|E781|Y|E119|Y|E8881|Y|I10|Y|Z954|N|I350|Y|R931|Y|I259|Y|E785|Y|E669|Y|G4733|N|||| | | | | | | | | | | | | | | | | | | | | | |GZ3|02-Aug-2021|G4730|02-Aug-2021|Z741|02-Aug-2021|F419|02-Aug-2021|Z9181|02-Aug-2021|Z139|02-Aug-2021|Z1331|02-Aug-2021|Z1331|02-Aug-2021|F1990|02-Aug-2021|F109|02-Aug-2021|||||||||||||||||||||||||||||||0|0||1|450|99495|3.0|2021-08-03T00:00:00|hospital_C|hospital_C_20210802
SYN_BENE_56186F4234F2|SYN_CLM_9AF59AA63F82|V|60|02-Aug-2021|02-Aug-2021|06-Aug-2021||3|377673|1|1|1|| |1904.09|0.0| ||37|1306950993| |9999907899| |9999907899|||0|1| |1904.09|02-Aug-2021|1|2|A|10|0.0|380.84|0|4|0.0|0.0|0|0|0|0|0|0|0|0|0|0|0|0|0|||||02-Aug-2021|951.0|0|0||Z733|Z733|N|Z604|Y|T7431X|N|N1830|Y|E1129|N|N182|Y|R801|Y|Z653|Y|I4891|Y|N181|Y|E1121|Y|E11319|Y|D4959|Y|D075|Y|E781|Y|E119|Y|E8881|Y|I10|Y|Z954|N|I350|Y|R931|Y|I259|Y|E785|Y|E669|Y|G4733|N|||| | | | | | | | | | | | | | | | | | | | | | |GZ3|02-Aug-2021|G4730|02-Aug-2021|Z741|02-Aug-2021|F419|02-Aug-2021|Z9181|02-Aug-2021|Z139|02-Aug-2021|Z1331|02-Aug-2021|Z1331|02-Aug-2021|F1990|02-Aug-2021|F109|02-Aug-2021|||||||||||||||||||||||||||||||0|0||2|450|G8839|3.0|2021-08-03T00:00:00|hospital_C|hospital_C_20210802
SYN_BENE_56186F4234F2|SYN_CLM_9AF59AA63F82|V|60|02-Aug-2021|02-Aug-2021|06-Aug-2021||3|377673|1|1|1|| |1904.09|0.0| ||37|1306950993| |9999907899| |9999907899|||0|1| |1904.09|02-Aug-2021|1|2|A|10|0.0|380.84|0|4|0.0|0.0|0|0|0|0|0|0|0|0|0|0|0|0|0|||||02-Aug-2021|951.0|0|0||Z733|Z733|N|Z604|Y|T7431X|N|N1830|Y|E1129|N|N182|Y|R801|Y|Z653|Y|I4891|Y|N181|Y|E1121|Y|E11319|Y|D4959|Y|D075|Y|E781|Y|E119|Y|E8881|Y|I10|Y|Z954|N|I350|Y|R931|Y|I259|Y|E785|Y|E669|Y|G4733|N|||| | | | | | | | | | | | | | | | | | | | | | |GZ3|02-Aug-2021|G4730|02-Aug-2021|Z741|02-Aug-2021|F419|02-Aug-2021|Z9181|02-Aug-2021|Z139|02-Aug-2021|Z1331|02-Aug-2021|Z1331|02-Aug-2021|F1990|02-Aug-2021|F109|02-Aug-2021|||||||||||||||||||||||||||||||0|0||3|450|96156|3.0|2021-08-03T00:00:00|hospital_C|hospital_C_20210802
SYN_BENE_56186F4234F2|SYN_CLM_9AF59AA63F82|V|60|02-Aug-2021|02-Aug-2021|06-Aug-2021||3|377673|1|1|1|| |1904.09|0.0| ||37|1306950993| |9999907899| |9999907899|||0|1| |1904.09|02-Aug-2021|1|2|A|10|0.0|380.84|0|4|0.0|0.0|0|0|0|0|0|0|0|0|0|0|0|0|0|||||02-Aug-2021|951.0|0|0||Z733|Z733|N|Z604|Y|T7431X|N|N1830|Y|E1129|N|N182|Y|R801|Y|Z653|Y|I4891|Y|N181|Y|E1121|Y|E11319|Y|D4959|Y|D075|Y|E781|Y|E119|Y|E8881|Y|I10|Y|Z954|N|I350|Y|R931|Y|I259|Y|E785|Y|E669|Y|G4733|N|||| | | | | | | | | | | | | | | | | | | | | | |GZ3|02-Aug-2021|G4730|02-Aug-2021|Z741|02-Aug-2021|F419|02-Aug-2021|Z9181|02-Aug-2021|Z139|02-Aug-2021|Z1331|02-Aug-2021|Z1331|02-Aug-2021|F1990|02-Aug-2021|F109|02-Aug-2021|||||||||||||||||||||||||||||||0|0||4|450|96127|3.0|2021-08-03T00:00:00|hospital_C|hospital_C_20210802
SYN_BENE_56186F4234F2|SYN_CLM_9AF59AA63F82|V|60|02-Aug-2021|02-Aug-2021|06-Aug-2021||3|377673|1|1|1|| |1904.09|0.0| ||37|1306950993| |9999907899| |9999907899|||0|1| |1904.09|02-Aug-2021|1|2|A|10|0.0|380.84|0|4|0.0|0.0|0|0|0|0|0|0|0|0|0|0|0|0|0|||||02-Aug-2021|951.0|0|0||Z733|Z733|N|Z604|Y|T7431X|N|N1830|Y|E1129|N|N182|Y|R801|Y|Z653|Y|I4891|Y|N181|Y|E1121|Y|E11319|Y|D4959|Y|D075|Y|E781|Y|E119|Y|E8881|Y|I10|Y|Z954|N|I350|Y|R931|Y|I259|Y|E785|Y|E669|Y|G4733|N|||| | | | | | | | | | | | | | | | | | | | | | |GZ3|02-Aug-2021|G4730|02-Aug-2021|Z741|02-Aug-2021|F419|02-Aug-2021|Z9181|02-Aug-2021|Z139|02-Aug-2021|Z1331|02-Aug-2021|Z1331|02-Aug-2021|F1990|02-Aug-2021|F109|02-Aug-2021|||||||||||||||||||||||||||||||0|0||5|450|M1069|3.0|2021-08-03T00:00:00|hospital_C|hospital_C_20210802
SYN_BENE_56186F4234F2|SYN_CLM_9AF59AA63F82|V|60|02-Aug-2021|02-Aug-2021|06-Aug-2021||3|377673|1|1|1|| |1904.09|0.0| ||37|1306950993| |9999907899| |9999907899|||0|1| |1904.09|02-Aug-2021|1|2|A|10|0.0|380.84|0|4|0.0|0.0|0|0|0|0|0|0|0|0|0|0|0|0|0|||||02-Aug-2021|951.0|0|0||Z733|Z733|N|Z604|Y|T7431X|N|N1830|Y|E1129|N|N182|Y|R801|Y|Z653|Y|I4891|Y|N181|Y|E1121|Y|E11319|Y|D4959|Y|D075|Y|E781|Y|E119|Y|E8881|Y|I10|Y|Z954|N|I350|Y|R931|Y|I259|Y|E785|Y|E669|Y|G4733|N|||| | | | | | | | | | | | | | | | | | | | | | |GZ3|02-Aug-2021|G4730|02-Aug-2021|Z741|02-Aug-2021|F419|02-Aug-2021|Z9181|02-Aug-2021|Z139|02-Aug-2021|Z1331|02-Aug-2021|Z1331|02-Aug-2021|F1990|02-Aug-2021|F109|02-Aug-2021|||||||||||||||||||||||||||||||0|0||6|450|99401|3.0|2021-08-03T00:00:00|hospital_C|hospital_C_20210802
SYN_BENE_56186F4234F2|SYN_CLM_9AF59AA63F82|V|60|02-Aug-2021|02-Aug-2021|06-Aug-2021||3|377673|1|1|1|| |1904.09|0.0| ||37|1306950993| |9999907899| |9999907899|||0|1| |1904.09|02-Aug-2021|1|2|A|10|0.0|380.84|0|4|0.0|0.0|0|0|0|0|0|0|0|0|0|0|0|0|0|||||02-Aug-2021|951.0|0|0||Z733|Z733|N|Z604|Y|T7431X|N|N1830|Y|E1129|N|N182|Y|R801|Y|Z653|Y|I4891|Y|N181|Y|E1121|Y|E11319|Y|D4959|Y|D075|Y|E781|Y|E119|Y|E8881|Y|I10|Y|Z954|N|I350|Y|R931|Y|I259|Y|E785|Y|E669|Y|G4733|N|||| | | | | | | | | | | | | | | | | | | | | | |GZ3|02-Aug-2021|G4730|02-Aug-2021|Z741|02-Aug-2021|F419|02-Aug-2021|Z9181|02-Aug-2021|Z139|02-Aug-2021|Z1331|02-Aug-2021|Z1331|02-Aug-2021|F1990|02-Aug-2021|F109|02-Aug-2021|||||||||||||||||||||||||||||||0|0||7|450|G0444|3.0|2021-08-03T00:00:00|hospital_C|hospital_C_20210802
SYN_BENE_56186F4234F2|SYN_CLM_9AF59AA63F82|V|60|02-Aug-2021|02-Aug-2021|06-Aug-2021||3|377673|1|1|1|| |1904.09|0.0| ||37|1306950993| |9999907899| |9999907899|||0|1| |1904.09|02-Aug-2021|1|2|A|10|0.0|380.84|0|4|0.0|0.0|0|0|0|0|0|0|0|0|0|0|0|0|0|||||02-Aug-2021|951.0|0|0||Z733|Z733|N|Z604|Y|T7431X|N|N1830|Y|E1129|N|N182|Y|R801|Y|Z653|Y|I4891|Y|N181|Y|E1121|Y|E11319|Y|D4959|Y|D075|Y|E781|Y|E119|Y|E8881|Y|I10|Y|Z954|N|I350|Y|R931|Y|I259|Y|E785|Y|E669|Y|G4733|N|||| | | | | | | | | | | | | | | | | | | | | | |GZ3|02-Aug-2021|G4730|02-Aug-2021|Z741|02-Aug-2021|F419|02-Aug-2021|Z9181|02-Aug-2021|Z139|02-Aug-2021|Z1331|02-Aug-2021|Z1331|02-Aug-2021|F1990|02-Aug-2021|F109|02-Aug-2021|||||||||||||||||||||||||||||||0|0||8|450|G0444|3.0|2021-08-03T00:00:00|hospital_C|hospital_C_20210802
SYN_BENE_56186F4234F2|SYN_CLM_9AF59AA63F82|V|60|02-Aug-2021|02-Aug-2021|06-Aug-2021||3|377673|1|1|1|| |1904.09|0.0| ||37|1306950993| |9999907899| |9999907899|||0|1| |1904.09|02-Aug-2021|1|2|A|10|0.0|380.84|0|4|0.0|0.0|0|0|0|0|0|0|0|0|0|0|0|0|0|||||02-Aug-2021|951.0|0|0||Z733|Z733|N|Z604|Y|T7431X|N|N1830|Y|E1129|N|N182|Y|R801|Y|Z653|Y|I4891|Y|N181|Y|E1121|Y|E11319|Y|D4959|Y|D075|Y|E781|Y|E119|Y|E8881|Y|I10|Y|Z954|N|I350|Y|R931|Y|I259|Y|E785|Y|E669|Y|G4733|N|||| | | | | | | | | | | | | | | | | | | | | | |GZ3|02-Aug-2021|G4730|02-Aug-2021|Z741|02-Aug-2021|F419|02-Aug-2021|Z9181|02-Aug-2021|Z139|02-Aug-2021|Z1331|02-Aug-2021|Z1331|02-Aug-2021|F1990|02-Aug-2021|F109|02-Aug-2021|||||||||||||||||||||||||||||||0|0||9|450|99408|3.0|2021-08-03T00:00:00|hospital_C|hospital_C_20210802
SYN_BENE_56186F4234F2|SYN_CLM_9AF59AA63F82|V|60|02-Aug-2021|02-Aug-2021|06-Aug-2021||3|377673|1|1|1|| |1904.09|0.0| ||37|1306950993| |9999907899| |9999907899|||0|1| |1904.09|02-Aug-2021|1|2|A|10|0.0|380.84|0|4|0.0|0.0|0|0|0|0|0|0|0|0|0|0|0|0|0|||||02-Aug-2021|951.0|0|0||Z733|Z733|N|Z604|Y|T7431X|N|N1830|Y|E1129|N|N182|Y|R801|Y|Z653|Y|I4891|Y|N181|Y|E1121|Y|E11319|Y|D4959|Y|D075|Y|E781|Y|E119|Y|E8881|Y|I10|Y|Z954|N|I350|Y|R931|Y|I259|Y|E785|Y|E669|Y|G4733|N|||| | | | | | | | | | | | | | | | | | | | | | |GZ3|02-Aug-2021|G4730|02-Aug-2021|Z741|02-Aug-2021|F419|02-Aug-2021|Z9181|02-Aug-2021|Z139|02-Aug-2021|Z1331|02-Aug-2021|Z1331|02-Aug-2021|F1990|02-Aug-2021|F109|02-Aug-2021|||||||||||||||||||||||||||||||0|0||10|450|G0442|3.0|2021-08-03T00:00:00|hospital_C|hospital_C_20210802
SYN_BENE_A6973EA23E62|SYN_CLM_F9E306C214EE|V|60|02-Aug-2021|02-Aug-2021|06-Aug-2021||3|377673|1|1|1|| |1904.09|0.0| ||37|1306950993| |9999907899| |9999907899|||0|1| |1904.09|02-Aug-2021|1|2|A|10|0.0|380.84|0|4|0.0|0.0|0|0|0|0|0|0|0|0|0|0|0|0|0|||||02-Aug-2021|951.0|0|0||Z733|Z733|N|Z604|Y|T7431X|N|N1830|Y|E1129|N|N182|Y|R801|Y|Z653|Y|I4891|Y|N181|Y|E1121|Y|E11319|Y|D4959|Y|D075|Y|E781|Y|E119|Y|E8881|Y|I10|Y|Z954|N|I350|Y|R931|Y|I259|Y|E785|Y|E669|Y|G4733|N|||| | | | | | | | | | | | | | | | | | | | | | |GZ3|02-Aug-2021|G4730|02-Aug-2021|Z741|02-Aug-2021|F419|02-Aug-2021|Z9181|02-Aug-2021|Z139|02-Aug-2021|Z1331|02-Aug-2021|Z1331|02-Aug-2021|F1990|02-Aug-2021|F109|02-Aug-2021|||||||||||||||||||||||||||||||0|0||1|450|99495|3.0|2021-08-03T00:00:00|hospital_C|hospital_C_20210802
SYN_BENE_A6973EA23E62|SYN_CLM_F9E306C214EE|V|60|02-Aug-2021|02-Aug-2021|06-Aug-2021||3|377673|1|1|1|| |1904.09|0.0| ||37|1306950993| |9999907899| |9999907899|||0|1| |1904.09|02-Aug-2021|1|2|A|10|0.0|380.84|0|4|0.0|0.0|0|0|0|0|0|0|0|0|0|0|0|0|0|||||02-Aug-2021|951.0|0|0||Z733|Z733|N|Z604|Y|T7431X|N|N1830|Y|E1129|N|N182|Y|R801|Y|Z653|Y|I4891|Y|N181|Y|E1121|Y|E11319|Y|D4959|Y|D075|Y|E781|Y|E119|Y|E8881|Y|I10|Y|Z954|N|I350|Y|R931|Y|I259|Y|E785|Y|E669|Y|G4733|N|||| | | | | | | | | | | | | | | | | | | | | | |GZ3|02-Aug-2021|G4730|02-Aug-2021|Z741|02-Aug-2021|F419|02-Aug-2021|Z9181|02-Aug-2021|Z139|02-Aug-2021|Z1331|02-Aug-2021|Z1331|02-Aug-2021|F1990|02-Aug-2021|F109|02-Aug-2021|||||||||||||||||||||||||||||||0|0||2|450|G8839|3.0|2021-08-03T00:00:00|hospital_C|hospital_C_20210802
SYN_BENE_A6973EA23E62|SYN_CLM_F9E306C214EE|V|60|02-Aug-2021|02-Aug-2021|06-Aug-2021||3|377673|1|1|1|| |1904.09|0.0| ||37|1306950993| |9999907899| |9999907899|||0|1| |1904.09|02-Aug-2021|1|2|A|10|0.0|380.84|0|4|0.0|0.0|0|0|0|0|0|0|0|0|0|0|0|0|0|||||02-Aug-2021|951.0|0|0||Z733|Z733|N|Z604|Y|T7431X|N|N1830|Y|E1129|N|N182|Y|R801|Y|Z653|Y|I4891|Y|N181|Y|E1121|Y|E11319|Y|D4959|Y|D075|Y|E781|Y|E119|Y|E8881|Y|I10|Y|Z954|N|I350|Y|R931|Y|I259|Y|E785|Y|E669|Y|G4733|N|||| | | | | | | | | | | | | | | | | | | | | | |GZ3|02-Aug-2021|G4730|02-Aug-2021|Z741|02-Aug-2021|F419|02-Aug-2021|Z9181|02-Aug-2021|Z139|02-Aug-2021|Z1331|02-Aug-2021|Z1331|02-Aug-2021|F1990|02-Aug-2021|F109|02-Aug-2021|||||||||||||||||||||||||||||||0|0||3|450|96156|3.0|2021-08-03T00:00:00|hospital_C|hospital_C_20210802
SYN_BENE_A6973EA23E62|SYN_CLM_F9E306C214EE|V|60|02-Aug-2021|02-Aug-2021|06-Aug-2021||3|377673|1|1|1|| |1904.09|0.0| ||37|1306950993| |9999907899| |9999907899|||0|1| |1904.09|02-Aug-2021|1|2|A|10|0.0|380.84|0|4|0.0|0.0|0|0|0|0|0|0|0|0|0|0|0|0|0|||||02-Aug-2021|951.0|0|0||Z733|Z733|N|Z604|Y|T7431X|N|N1830|Y|E1129|N|N182|Y|R801|Y|Z653|Y|I4891|Y|N181|Y|E1121|Y|E11319|Y|D4959|Y|D075|Y|E781|Y|E119|Y|E8881|Y|I10|Y|Z954|N|I350|Y|R931|Y|I259|Y|E785|Y|E669|Y|G4733|N|||| | | | | | | | | | | | | | | | | | | | | | |GZ3|02-Aug-2021|G4730|02-Aug-2021|Z741|02-Aug-2021|F419|02-Aug-2021|Z9181|02-Aug-2021|Z139|02-Aug-2021|Z1331|02-Aug-2021|Z1331|02-Aug-2021|F1990|02-Aug-2021|F109|02-Aug-2021|||||||||||||||||||||||||||||||0|0||4|450|96127|3.0|2021-08-03T00:00:00|hospital_C|hospital_C_20210802
SYN_BENE_A6973EA23E62|SYN_CLM_F9E306C214EE|V|60|02-Aug-2021|02-Aug-2021|06-Aug-2021||3|377673|1|1|1|| |1904.09|0.0| ||37|1306950993| |9999907899| |9999907899|||0|1| |1904.09|02-Aug-2021|1|2|A|10|0.0|380.84|0|4|0.0|0.0|0|0|0|0|0|0|0|0|0|0|0|0|0|||||02-Aug-2021|951.0|0|0||Z733|Z733|N|Z604|Y|T7431X|N|N1830|Y|E1129|N|N182|Y|R801|Y|Z653|Y|I4891|Y|N181|Y|E1121|Y|E11319|Y|D4959|Y|D075|Y|E781|Y|E119|Y|E8881|Y|I10|Y|Z954|N|I350|Y|R931|Y|I259|Y|E785|Y|E669|Y|G4733|N|||| | | | | | | | | | | | | | | | | | | | | | |GZ3|02-Aug-2021|G4730|02-Aug-2021|Z741|02-Aug-2021|F419|02-Aug-2021|Z9181|02-Aug-2021|Z139|02-Aug-2021|Z1331|02-Aug-2021|Z1331|02-Aug-2021|F1990|02-Aug-2021|F109|02-Aug-2021|||||||||||||||||||||||||||||||0|0||5|450|M1069|3.0|2021-08-03T00:00:00|hospital_C|hospital_C_20210802
SYN_BENE_A6973EA23E62|SYN_CLM_F9E306C214EE|V|60|02-Aug-2021|02-Aug-2021|06-Aug-2021||3|377673|1|1|1|| |1904.09|0.0| ||37|1306950993| |9999907899| |9999907899|||0|1| |1904.09|02-Aug-2021|1|2|A|10|0.0|380.84|0|4|0.0|0.0|0|0|0|0|0|0|0|0|0|0|0|0|0|||||02-Aug-2021|951.0|0|0||Z733|Z733|N|Z604|Y|T7431X|N|N1830|Y|E1129|N|N182|Y|R801|Y|Z653|Y|I4891|Y|N181|Y|E1121|Y|E11319|Y|D4959|Y|D075|Y|E781|Y|E119|Y|E8881|Y|I10|Y|Z954|N|I350|Y|R931|Y|I259|Y|E785|Y|E669|Y|G4733|N|||| | | | | | | | | | | | | | | | | | | | | | |GZ3|02-Aug-2021|G4730|02-Aug-2021|Z741|02-Aug-2021|F419|02-Aug-2021|Z9181|02-Aug-2021|Z139|02-Aug-2021|Z1331|02-Aug-2021|Z1331|02-Aug-2021|F1990|02-Aug-2021|F109|02-Aug-2021|||||||||||||||||||||||||||||||0|0||6|450|99401|3.0|2021-08-03T00:00:00|hospital_C|hospital_C_20210802
SYN_BENE_A6973EA23E62|SYN_CLM_F9E306C214EE|V|60|02-Aug-2021|02-Aug-2021|06-Aug-2021||3|377673|1|1|1|| |1904.09|0.0| ||37|1306950993| |9999907899| |9999907899|||0|1| |1904.09|02-Aug-2021|1|2|A|10|0.0|380.84|0|4|0.0|0.0|0|0|0|0|0|0|0|0|0|0|0|0|0|||||02-Aug-2021|951.0|0|0||Z733|Z733|N|Z604|Y|T7431X|N|N1830|Y|E1129|N|N182|Y|R801|Y|Z653|Y|I4891|Y|N181|Y|E1121|Y|E11319|Y|D4959|Y|D075|Y|E781|Y|E119|Y|E8881|Y|I10|Y|Z954|N|I350|Y|R931|Y|I259|Y|E785|Y|E669|Y|G4733|N|||| | | | | | | | | | | | | | | | | | | | | | |GZ3|02-Aug-2021|G4730|02-Aug-2021|Z741|02-Aug-2021|F419|02-Aug-2021|Z9181|02-Aug-2021|Z139|02-Aug-2021|Z1331|02-Aug-2021|Z1331|02-Aug-2021|F1990|02-Aug-2021|F109|02-Aug-2021|||||||||||||||||||||||||||||||0|0||7|450|G0444|3.0|2021-08-03T00:00:00|hospital_C|hospital_C_20210802
SYN_BENE_A6973EA23E62|SYN_CLM_F9E306C214EE|V|60|02-Aug-2021|02-Aug-2021|06-Aug-2021||3|377673|1|1|1|| |1904.09|0.0| ||37|1306950993| |9999907899| |9999907899|||0|1| |1904.09|02-Aug-2021|1|2|A|10|0.0|380.84|0|4|0.0|0.0|0|0|0|0|0|0|0|0|0|0|0|0|0|||||02-Aug-2021|951.0|0|0||Z733|Z733|N|Z604|Y|T7431X|N|N1830|Y|E1129|N|N182|Y|R801|Y|Z653|Y|I4891|Y|N181|Y|E1121|Y|E11319|Y|D4959|Y|D075|Y|E781|Y|E119|Y|E8881|Y|I10|Y|Z954|N|I350|Y|R931|Y|I259|Y|E785|Y|E669|Y|G4733|N|||| | | | | | | | | | | | | | | | | | | | | | |GZ3|02-Aug-2021|G4730|02-Aug-2021|Z741|02-Aug-2021|F419|02-Aug-2021|Z9181|02-Aug-2021|Z139|02-Aug-2021|Z1331|02-Aug-2021|Z1331|02-Aug-2021|F1990|02-Aug-2021|F109|02-Aug-2021|||||||||||||||||||||||||||||||0|0||8|450|G0444|3.0|2021-08-03T00:00:00|hospital_C|hospital_C_20210802
SYN_BENE_A6973EA23E62|SYN_CLM_F9E306C214EE|V|60|02-Aug-2021|02-Aug-2021|06-Aug-2021||3|377673|1|1|1|| |1904.09|0.0| ||37|1306950993| |9999907899| |9999907899|||0|1| |1904.09|02-Aug-2021|1|2|A|10|0.0|380.84|0|4|0.0|0.0|0|0|0|0|0|0|0|0|0|0|0|0|0|||||02-Aug-2021|951.0|0|0||Z733|Z733|N|Z604|Y|T7431X|N|N1830|Y|E1129|N|N182|Y|R801|Y|Z653|Y|I4891|Y|N181|Y|E1121|Y|E11319|Y|D4959|Y|D075|Y|E781|Y|E119|Y|E8881|Y|I10|Y|Z954|N|I350|Y|R931|Y|I259|Y|E785|Y|E669|Y|G4733|N|||| | | | | | | | | | | | | | | | | | | | | | |GZ3|02-Aug-2021|G4730|02-Aug-2021|Z741|02-Aug-2021|F419|02-Aug-2021|Z9181|02-Aug-2021|Z139|02-Aug-2021|Z1331|02-Aug-2021|Z1331|02-Aug-2021|F1990|02-Aug-2021|F109|02-Aug-2021|||||||||||||||||||||||||||||||0|0||9|450|99408|3.0|2021-08-03T00:00:00|hospital_C|hospital_C_20210802
SYN_BENE_A6973EA23E62|SYN_CLM_F9E306C214EE|V|60|02-Aug-2021|02-Aug-2021|06-Aug-2021||3|377673|1|1|1|| |1904.09|0.0| ||37|1306950993| |9999907899| |9999907899|||0|1| |1904.09|02-Aug-2021|1|2|A|10|0.0|380.84|0|4|0.0|0.0|0|0|0|0|0|0|0|0|0|0|0|0|0|||||02-Aug-2021|951.0|0|0||Z733|Z733|N|Z604|Y|T7431X|N|N1830|Y|E1129|N|N182|Y|R801|Y|Z653|Y|I4891|Y|N181|Y|E1121|Y|E11319|Y|D4959|Y|D075|Y|E781|Y|E119|Y|E8881|Y|I10|Y|Z954|N|I350|Y|R931|Y|I259|Y|E785|Y|E669|Y|G4733|N|||| | | | | | | | | | | | | | | | | | | | | | |GZ3|02-Aug-2021|G4730|02-Aug-2021|Z741|02-Aug-2021|F419|02-Aug-2021|Z9181|02-Aug-2021|Z139|02-Aug-2021|Z1331|02-Aug-2021|Z1331|02-Aug-2021|F1990|02-Aug-2021|F109|02-Aug-2021|||||||||||||||||||||||||||||||0|0||10|450|G0442|3.0|2021-08-03T00:00:00|hospital_C|hospital_C_20210802
SYN_BENE_F1C9A1A900C9|SYN_CLM_9B9CA306454E|V|60|02-Aug-2021|02-Aug-2021|06-Aug-2021||3|377673|1|1|1|| |1904.09|0.0| ||37|1306950993| |9999907899| |9999907899|||0|1| |1904.09|02-Aug-2021|1|2|A|10|0.0|380.84|0|4|0.0|0.0|0|0|0|0|0|0|0|0|0|0|0|0|0|||||02-Aug-2021|951.0|0|0||Z733|Z733|N|Z604|Y|T7431X|N|N1830|Y|E1129|N|N182|Y|R801|Y|Z653|Y|I4891|Y|N181|Y|E1121|Y|E11319|Y|D4959|Y|D075|Y|E781|Y|E119|Y|E8881|Y|I10|Y|Z954|N|I350|Y|R931|Y|I259|Y|E785|Y|E669|Y|G4733|N|||| | | | | | | | | | | | | | | | | | | | | | |GZ3|02-Aug-2021|G4730|02-Aug-2021|Z741|02-Aug-2021|F419|02-Aug-2021|Z9181|02-Aug-2021|Z139|02-Aug-2021|Z1331|02-Aug-2021|Z1331|02-Aug-2021|F1990|02-Aug-2021|F109|02-Aug-2021|||||||||||||||||||||||||||||||0|0||1|450|99495|3.0|2021-08-03T00:00:00|hospital_C|hospital_C_20210802
SYN_BENE_F1C9A1A900C9|SYN_CLM_9B9CA306454E|V|60|02-Aug-2021|02-Aug-2021|06-Aug-2021||3|377673|1|1|1|| |1904.09|0.0| ||37|1306950993| |9999907899| |9999907899|||0|1| |1904.09|02-Aug-2021|1|2|A|10|0.0|380.84|0|4|0.0|0.0|0|0|0|0|0|0|0|0|0|0|0|0|0|||||02-Aug-2021|951.0|0|0||Z733|Z733|N|Z604|Y|T7431X|N|N1830|Y|E1129|N|N182|Y|R801|Y|Z653|Y|I4891|Y|N181|Y|E1121|Y|E11319|Y|D4959|Y|D075|Y|E781|Y|E119|Y|E8881|Y|I10|Y|Z954|N|I350|Y|R931|Y|I259|Y|E785|Y|E669|Y|G4733|N|||| | | | | | | | | | | | | | | | | | | | | | |GZ3|02-Aug-2021|G4730|02-Aug-2021|Z741|02-Aug-2021|F419|02-Aug-2021|Z9181|02-Aug-2021|Z139|02-Aug-2021|Z1331|02-Aug-2021|Z1331|02-Aug-2021|F1990|02-Aug-2021|F109|02-Aug-2021|||||||||||||||||||||||||||||||0|0||2|450|G8839|3.0|2021-08-03T00:00:00|hospital_C|hospital_C_20210802
SYN_BENE_F1C9A1A900C9|SYN_CLM_9B9CA306454E|V|60|02-Aug-2021|02-Aug-2021|06-Aug-2021||3|377673|1|1|1|| |1904.09|0.0| ||37|1306950993| |9999907899| |9999907899|||0|1| |1904.09|02-Aug-2021|1|2|A|10|0.0|380.84|0|4|0.0|0.0|0|0|0|0|0|0|0|0|0|0|0|0|0|||||02-Aug-2021|951.0|0|0||Z733|Z733|N|Z604|Y|T7431X|N|N1830|Y|E1129|N|N182|Y|R801|Y|Z653|Y|I4891|Y|N181|Y|E1121|Y|E11319|Y|D4959|Y|D075|Y|E781|Y|E119|Y|E8881|Y|I10|Y|Z954|N|I350|Y|R931|Y|I259|Y|E785|Y|E669|Y|G4733|N|||| | | | | | | | | | | | | | | | | | | | | | |GZ3|02-Aug-2021|G4730|02-Aug-2021|Z741|02-Aug-2021|F419|02-Aug-2021|Z9181|02-Aug-2021|Z139|02-Aug-2021|Z1331|02-Aug-2021|Z1331|02-Aug-2021|F1990|02-Aug-2021|F109|02-Aug-2021|||||||||||||||||||||||||||||||0|0||3|450|96156|3.0|2021-08-03T00:00:00|hospital_C|hospital_C_20210802
SYN_BENE_F1C9A1A900C9|SYN_CLM_9B9CA306454E|V|60|02-Aug-2021|02-Aug-2021|06-Aug-2021||3|377673|1|1|1|| |1904.09|0.0| ||37|1306950993| |9999907899| |9999907899|||0|1| |1904.09|02-Aug-2021|1|2|A|10|0.0|380.84|0|4|0.0|0.0|0|0|0|0|0|0|0|0|0|0|0|0|0|||||02-Aug-2021|951.0|0|0||Z733|Z733|N|Z604|Y|T7431X|N|N1830|Y|E1129|N|N182|Y|R801|Y|Z653|Y|I4891|Y|N181|Y|E1121|Y|E11319|Y|D4959|Y|D075|Y|E781|Y|E119|Y|E8881|Y|I10|Y|Z954|N|I350|Y|R931|Y|I259|Y|E785|Y|E669|Y|G4733|N|||| | | | | | | | | | | | | | | | | | | | | | |GZ3|02-Aug-2021|G4730|02-Aug-2021|Z741|02-Aug-2021|F419|02-Aug-2021|Z9181|02-Aug-2021|Z139|02-Aug-2021|Z1331|02-Aug-2021|Z1331|02-Aug-2021|F1990|02-Aug-2021|F109|02-Aug-2021|||||||||||||||||||||||||||||||0|0||4|450|96127|3.0|2021-08-03T00:00:00|hospital_C|hospital_C_20210802
SYN_BENE_F1C9A1A900C9|SYN_CLM_9B9CA306454E|V|60|02-Aug-2021|02-Aug-2021|06-Aug-2021||3|377673|1|1|1|| |1904.09|0.0| ||37|1306950993| |9999907899| |9999907899|||0|1| |1904.09|02-Aug-2021|1|2|A|10|0.0|380.84|0|4|0.0|0.0|0|0|0|0|0|0|0|0|0|0|0|0|0|||||02-Aug-2021|951.0|0|0||Z733|Z733|N|Z604|Y|T7431X|N|N1830|Y|E1129|N|N182|Y|R801|Y|Z653|Y|I4891|Y|N181|Y|E1121|Y|E11319|Y|D4959|Y|D075|Y|E781|Y|E119|Y|E8881|Y|I10|Y|Z954|N|I350|Y|R931|Y|I259|Y|E785|Y|E669|Y|G4733|N|||| | | | | | | | | | | | | | | | | | | | | | |GZ3|02-Aug-2021|G4730|02-Aug-2021|Z741|02-Aug-2021|F419|02-Aug-2021|Z9181|02-Aug-2021|Z139|02-Aug-2021|Z1331|02-Aug-2021|Z1331|02-Aug-2021|F1990|02-Aug-2021|F109|02-Aug-2021|||||||||||||||||||||||||||||||0|0||5|450|M1069|3.0|2021-08-03T00:00:00|hospital_C|hospital_C_20210802
SYN_BENE_F1C9A1A900C9|SYN_CLM_9B9CA306454E|V|60|02-Aug-2021|02-Aug-2021|06-Aug-2021||3|377673|1|1|1|| |1904.09|0.0| ||37|1306950993| |9999907899| |9999907899|||0|1| |1904.09|02-Aug-2021|1|2|A|10|0.0|380.84|0|4|0.0|0.0|0|0|0|0|0|0|0|0|0|0|0|0|0|||||02-Aug-2021|951.0|0|0||Z733|Z733|N|Z604|Y|T7431X|N|N1830|Y|E1129|N|N182|Y|R801|Y|Z653|Y|I4891|Y|N181|Y|E1121|Y|E11319|Y|D4959|Y|D075|Y|E781|Y|E119|Y|E8881|Y|I10|Y|Z954|N|I350|Y|R931|Y|I259|Y|E785|Y|E669|Y|G4733|N|||| | | | | | | | | | | | | | | | | | | | | | |GZ3|02-Aug-2021|G4730|02-Aug-2021|Z741|02-Aug-2021|F419|02-Aug-2021|Z9181|02-Aug-2021|Z139|02-Aug-2021|Z1331|02-Aug-2021|Z1331|02-Aug-2021|F1990|02-Aug-2021|F109|02-Aug-2021|||||||||||||||||||||||||||||||0|0||6|450|99401|3.0|2021-08-03T00:00:00|hospital_C|hospital_C_20210802
SYN_BENE_F1C9A1A900C9|SYN_CLM_9B9CA306454E|V|60|02-Aug-2021|02-Aug-2021|06-Aug-2021||3|377673|1|1|1|| |1904.09|0.0| ||37|1306950993| |9999907899| |9999907899|||0|1| |1904.09|02-Aug-2021|1|2|A|10|0.0|380.84|0|4|0.0|0.0|0|0|0|0|0|0|0|0|0|0|0|0|0|||||02-Aug-2021|951.0|0|0||Z733|Z733|N|Z604|Y|T7431X|N|N1830|Y|E1129|N|N182|Y|R801|Y|Z653|Y|I4891|Y|N181|Y|E1121|Y|E11319|Y|D4959|Y|D075|Y|E781|Y|E119|Y|E8881|Y|I10|Y|Z954|N|I350|Y|R931|Y|I259|Y|E785|Y|E669|Y|G4733|N|||| | | | | | | | | | | | | | | | | | | | | | |GZ3|02-Aug-2021|G4730|02-Aug-2021|Z741|02-Aug-2021|F419|02-Aug-2021|Z9181|02-Aug-2021|Z139|02-Aug-2021|Z1331|02-Aug-2021|Z1331|02-Aug-2021|F1990|02-Aug-2021|F109|02-Aug-2021|||||||||||||||||||||||||||||||0|0||7|450|G0444|3.0|2021-08-03T00:00:00|hospital_C|hospital_C_20210802
SYN_BENE_F1C9A1A900C9|SYN_CLM_9B9CA306454E|V|60|02-Aug-2021|02-Aug-2021|06-Aug-2021||3|377673|1|1|1|| |1904.09|0.0| ||37|1306950993| |9999907899| |9999907899|||0|1| |1904.09|02-Aug-2021|1|2|A|10|0.0|380.84|0|4|0.0|0.0|0|0|0|0|0|0|0|0|0|0|0|0|0|||||02-Aug-2021|951.0|0|0||Z733|Z733|N|Z604|Y|T7431X|N|N1830|Y|E1129|N|N182|Y|R801|Y|Z653|Y|I4891|Y|N181|Y|E1121|Y|E11319|Y|D4959|Y|D075|Y|E781|Y|E119|Y|E8881|Y|I10|Y|Z954|N|I350|Y|R931|Y|I259|Y|E785|Y|E669|Y|G4733|N|||| | | | | | | | | | | | | | | | | | | | | | |GZ3|02-Aug-2021|G4730|02-Aug-2021|Z741|02-Aug-2021|F419|02-Aug-2021|Z9181|02-Aug-2021|Z139|02-Aug-2021|Z1331|02-Aug-2021|Z1331|02-Aug-2021|F1990|02-Aug-2021|F109|02-Aug-2021|||||||||||||||||||||||||||||||0|0||8|450|G0444|3.0|2021-08-03T00:00:00|hospital_C|hospital_C_20210802
SYN_BENE_F1C9A1A900C9|SYN_CLM_9B9CA306454E|V|60|02-Aug-2021|02-Aug-2021|06-Aug-2021||3|377673|1|1|1|| |1904.09|0.0| ||37|1306950993| |9999907899| |9999907899|||0|1| |1904.09|02-Aug-2021|1|2|A|10|0.0|380.84|0|4|0.0|0.0|0|0|0|0|0|0|0|0|0|0|0|0|0|||||02-Aug-2021|951.0|0|0||Z733|Z733|N|Z604|Y|T7431X|N|N1830|Y|E1129|N|N182|Y|R801|Y|Z653|Y|I4891|Y|N181|Y|E1121|Y|E11319|Y|D4959|Y|D075|Y|E781|Y|E119|Y|E8881|Y|I10|Y|Z954|N|I350|Y|R931|Y|I259|Y|E785|Y|E669|Y|G4733|N|||| | | | | | | | | | | | | | | | | | | | | | |GZ3|02-Aug-2021|G4730|02-Aug-2021|Z741|02-Aug-2021|F419|02-Aug-2021|Z9181|02-Aug-2021|Z139|02-Aug-2021|Z1331|02-Aug-2021|Z1331|02-Aug-2021|F1990|02-Aug-2021|F109|02-Aug-2021|||||||||||||||||||||||||||||||0|0||9|450|99408|3.0|2021-08-03T00:00:00|hospital_C|hospital_C_20210802
SYN_BENE_F1C9A1A900C9|SYN_CLM_9B9CA306454E|V|60|02-Aug-2021|02-Aug-2021|06-Aug-2021||3|377673|1|1|1|| |1904.09|0.0| ||37|1306950993| |9999907899| |9999907899|||0|1| |1904.09|02-Aug-2021|1|2|A|10|0.0|380.84|0|4|0.0|0.0|0|0|0|0|0|0|0|0|0|0|0|0|0|||||02-Aug-2021|951.0|0|0||Z733|Z733|N|Z604|Y|T7431X|N|N1830|Y|E1129|N|N182|Y|R801|Y|Z653|Y|I4891|Y|N181|Y|E1121|Y|E11319|Y|D4959|Y|D075|Y|E781|Y|E119|Y|E8881|Y|I10|Y|Z954|N|I350|Y|R931|Y|I259|Y|E785|Y|E669|Y|G4733|N|||| | | | | | | | | | | | | | | | | | | | | | |GZ3|02-Aug-2021|G4730|02-Aug-2021|Z741|02-Aug-2021|F419|02-Aug-2021|Z9181|02-Aug-2021|Z139|02-Aug-2021|Z1331|02-Aug-2021|Z1331|02-Aug-2021|F1990|02-Aug-2021|F109|02-Aug-2021|||||||||||||||||||||||||||||||0|0||10|450|G0442|3.0|2021-08-03T00:00:00|hospital_C|hospital_C_20210802
SYN_BENE_9EB9D1E354BE|SYN_CLM_85A8FA25ACBB|V|60|02-Aug-2021|02-Aug-2021|06-Aug-2021||3|377673|1|1|1|| |1904.09|0.0| ||37|1306950993| |9999907899| |9999907899|||0|1| |1904.09|02-Aug-2021|1|2|A|10|0.0|380.84|0|4|0.0|0.0|0|0|0|0|0|0|0|0|0|0|0|0|0|||||02-Aug-2021|951.0|0|0||Z733|Z733|N|Z604|Y|T7431X|N|N1830|Y|E1129|N|N182|Y|R801|Y|Z653|Y|I4891|Y|N181|Y|E1121|Y|E11319|Y|D4959|Y|D075|Y|E781|Y|E119|Y|E8881|Y|I10|Y|Z954|N|I350|Y|R931|Y|I259|Y|E785|Y|E669|Y|G4733|N|||| | | | | | | | | | | | | | | | | | | | | | |GZ3|02-Aug-2021|G4730|02-Aug-2021|Z741|02-Aug-2021|F419|02-Aug-2021|Z9181|02-Aug-2021|Z139|02-Aug-2021|Z1331|02-Aug-2021|Z1331|02-Aug-2021|F1990|02-Aug-2021|F109|02-Aug-2021|||||||||||||||||||||||||||||||0|0||1|450|99495|3.0|2021-08-03T00:00:00|hospital_C|hospital_C_20210802
SYN_BENE_9EB9D1E354BE|SYN_CLM_85A8FA25ACBB|V|60|02-Aug-2021|02-Aug-2021|06-Aug-2021||3|377673|1|1|1|| |1904.09|0.0| ||37|1306950993| |9999907899| |9999907899|||0|1| |1904.09|02-Aug-2021|1|2|A|10|0.0|380.84|0|4|0.0|0.0|0|0|0|0|0|0|0|0|0|0|0|0|0|||||02-Aug-2021|951.0|0|0||Z733|Z733|N|Z604|Y|T7431X|N|N1830|Y|E1129|N|N182|Y|R801|Y|Z653|Y|I4891|Y|N181|Y|E1121|Y|E11319|Y|D4959|Y|D075|Y|E781|Y|E119|Y|E8881|Y|I10|Y|Z954|N|I350|Y|R931|Y|I259|Y|E785|Y|E669|Y|G4733|N|||| | | | | | | | | | | | | | | | | | | | | | |GZ3|02-Aug-2021|G4730|02-Aug-2021|Z741|02-Aug-2021|F419|02-Aug-2021|Z9181|02-Aug-2021|Z139|02-Aug-2021|Z1331|02-Aug-2021|Z1331|02-Aug-2021|F1990|02-Aug-2021|F109|02-Aug-2021|||||||||||||||||||||||||||||||0|0||2|450|G8839|3.0|2021-08-03T00:00:00|hospital_C|hospital_C_20210802
SYN_BENE_9EB9D1E354BE|SYN_CLM_85A8FA25ACBB|V|60|02-Aug-2021|02-Aug-2021|06-Aug-2021||3|377673|1|1|1|| |1904.09|0.0| ||37|1306950993| |9999907899| |9999907899|||0|1| |1904.09|02-Aug-2021|1|2|A|10|0.0|380.84|0|4|0.0|0.0|0|0|0|0|0|0|0|0|0|0|0|0|0|||||02-Aug-2021|951.0|0|0||Z733|Z733|N|Z604|Y|T7431X|N|N1830|Y|E1129|N|N182|Y|R801|Y|Z653|Y|I4891|Y|N181|Y|E1121|Y|E11319|Y|D4959|Y|D075|Y|E781|Y|E119|Y|E8881|Y|I10|Y|Z954|N|I350|Y|R931|Y|I259|Y|E785|Y|E669|Y|G4733|N|||| | | | | | | | | | | | | | | | | | | | | | |GZ3|02-Aug-2021|G4730|02-Aug-2021|Z741|02-Aug-2021|F419|02-Aug-2021|Z9181|02-Aug-2021|Z139|02-Aug-2021|Z1331|02-Aug-2021|Z1331|02-Aug-2021|F1990|02-Aug-2021|F109|02-Aug-2021|||||||||||||||||||||||||||||||0|0||3|450|96156|3.0|2021-08-03T00:00:00|hospital_C|hospital_C_20210802
SYN_BENE_9EB9D1E354BE|SYN_CLM_85A8FA25ACBB|V|60|02-Aug-2021|02-Aug-2021|06-Aug-2021||3|377673|1|1|1|| |1904.09|0.0| ||37|1306950993| |9999907899| |9999907899|||0|1| |1904.09|02-Aug-2021|1|2|A|10|0.0|380.84|0|4|0.0|0.0|0|0|0|0|0|0|0|0|0|0|0|0|0|||||02-Aug-2021|951.0|0|0||Z733|Z733|N|Z604|Y|T7431X|N|N1830|Y|E1129|N|N182|Y|R801|Y|Z653|Y|I4891|Y|N181|Y|E1121|Y|E11319|Y|D4959|Y|D075|Y|E781|Y|E119|Y|E8881|Y|I10|Y|Z954|N|I350|Y|R931|Y|I259|Y|E785|Y|E669|Y|G4733|N|||| | | | | | | | | | | | | | | | | | | | | | |GZ3|02-Aug-2021|G4730|02-Aug-2021|Z741|02-Aug-2021|F419|02-Aug-2021|Z9181|02-Aug-2021|Z139|02-Aug-2021|Z1331|02-Aug-2021|Z1331|02-Aug-2021|F1990|02-Aug-2021|F109|02-Aug-2021|||||||||||||||||||||||||||||||0|0||4|450|96127|3.0|2021-08-03T00:00:00|hospital_C|hospital_C_20210802
SYN_BENE_9EB9D1E354BE|SYN_CLM_85A8FA25ACBB|V|60|02-Aug-2021|02-Aug-2021|06-Aug-2021||3|377673|1|1|1|| |1904.09|0.0| ||37|1306950993| |9999907899| |9999907899|||0|1| |1904.09|02-Aug-2021|1|2|A|10|0.0|380.84|0|4|0.0|0.0|0|0|0|0|0|0|0|0|0|0|0|0|0|||||02-Aug-2021|951.0|0|0||Z733|Z733|N|Z604|Y|T7431X|N|N1830|Y|E1129|N|N182|Y|R801|Y|Z653|Y|I4891|Y|N181|Y|E1121|Y|E11319|Y|D4959|Y|D075|Y|E781|Y|E119|Y|E8881|Y|I10|Y|Z954|N|I350|Y|R931|Y|I259|Y|E785|Y|E669|Y|G4733|N|||| | | | | | | | | | | | | | | | | | | | | | |GZ3|02-Aug-2021|G4730|02-Aug-2021|Z741|02-Aug-2021|F419|02-Aug-2021|Z9181|02-Aug-2021|Z139|02-Aug-2021|Z1331|02-Aug-2021|Z1331|02-Aug-2021|F1990|02-Aug-2021|F109|02-Aug-2021|||||||||||||||||||||||||||||||0|0||5|450|M1069|3.0|2021-08-03T00:00:00|hospital_C|hospital_C_20210802
SYN_BENE_9EB9D1E354BE|SYN_CLM_85A8FA25ACBB|V|60|02-Aug-2021|02-Aug-2021|06-Aug-2021||3|377673|1|1|1|| |1904.09|0.0| ||37|1306950993| |9999907899| |9999907899|||0|1| |1904.09|02-Aug-2021|1|2|A|10|0.0|380.84|0|4|0.0|0.0|0|0|0|0|0|0|0|0|0|0|0|0|0|||||02-Aug-2021|951.0|0|0||Z733|Z733|N|Z604|Y|T7431X|N|N1830|Y|E1129|N|N182|Y|R801|Y|Z653|Y|I4891|Y|N181|Y|E1121|Y|E11319|Y|D4959|Y|D075|Y|E781|Y|E119|Y|E8881|Y|I10|Y|Z954|N|I350|Y|R931|Y|I259|Y|E785|Y|E669|Y|G4733|N|||| | | | | | | | | | | | | | | | | | | | | | |GZ3|02-Aug-2021|G4730|02-Aug-2021|Z741|02-Aug-2021|F419|02-Aug-2021|Z9181|02-Aug-2021|Z139|02-Aug-2021|Z1331|02-Aug-2021|Z1331|02-Aug-2021|F1990|02-Aug-2021|F109|02-Aug-2021|||||||||||||||||||||||||||||||0|0||6|450|99401|3.0|2021-08-03T00:00:00|hospital_C|hospital_C_20210802
SYN_BENE_9EB9D1E354BE|SYN_CLM_85A8FA25ACBB|V|60|02-Aug-2021|02-Aug-2021|06-Aug-2021||3|377673|1|1|1|| |1904.09|0.0| ||37|1306950993| |9999907899| |9999907899|||0|1| |1904.09|02-Aug-2021|1|2|A|10|0.0|380.84|0|4|0.0|0.0|0|0|0|0|0|0|0|0|0|0|0|0|0|||||02-Aug-2021|951.0|0|0||Z733|Z733|N|Z604|Y|T7431X|N|N1830|Y|E1129|N|N182|Y|R801|Y|Z653|Y|I4891|Y|N181|Y|E1121|Y|E11319|Y|D4959|Y|D075|Y|E781|Y|E119|Y|E8881|Y|I10|Y|Z954|N|I350|Y|R931|Y|I259|Y|E785|Y|E669|Y|G4733|N|||| | | | | | | | | | | | | | | | | | | | | | |GZ3|02-Aug-2021|G4730|02-Aug-2021|Z741|02-Aug-2021|F419|02-Aug-2021|Z9181|02-Aug-2021|Z139|02-Aug-2021|Z1331|02-Aug-2021|Z1331|02-Aug-2021|F1990|02-Aug-2021|F109|02-Aug-2021|||||||||||||||||||||||||||||||0|0||7|450|G0444|3.0|2021-08-03T00:00:00|hospital_C|hospital_C_20210802
SYN_BENE_9EB9D1E354BE|SYN_CLM_85A8FA25ACBB|V|60|02-Aug-2021|02-Aug-2021|06-Aug-2021||3|377673|1|1|1|| |1904.09|0.0| ||37|1306950993| |9999907899| |9999907899|||0|1| |1904.09|02-Aug-2021|1|2|A|10|0.0|380.84|0|4|0.0|0.0|0|0|0|0|0|0|0|0|0|0|0|0|0|||||02-Aug-2021|951.0|0|0||Z733|Z733|N|Z604|Y|T7431X|N|N1830|Y|E1129|N|N182|Y|R801|Y|Z653|Y|I4891|Y|N181|Y|E1121|Y|E11319|Y|D4959|Y|D075|Y|E781|Y|E119|Y|E8881|Y|I10|Y|Z954|N|I350|Y|R931|Y|I259|Y|E785|Y|E669|Y|G4733|N|||| | | | | | | | | | | | | | | | | | | | | | |GZ3|02-Aug-2021|G4730|02-Aug-2021|Z741|02-Aug-2021|F419|02-Aug-2021|Z9181|02-Aug-2021|Z139|02-Aug-2021|Z1331|02-Aug-2021|Z1331|02-Aug-2021|F1990|02-Aug-2021|F109|02-Aug-2021|||||||||||||||||||||||||||||||0|0||8|450|G0444|3.0|2021-08-03T00:00:00|hospital_C|hospital_C_20210802
SYN_BENE_9EB9D1E354BE|SYN_CLM_85A8FA25ACBB|V|60|02-Aug-2021|02-Aug-2021|06-Aug-2021||3|377673|1|1|1|| |1904.09|0.0| ||37|1306950993| |9999907899| |9999907899|||0|1| |1904.09|02-Aug-2021|1|2|A|10|0.0|380.84|0|4|0.0|0.0|0|0|0|0|0|0|0|0|0|0|0|0|0|||||02-Aug-2021|951.0|0|0||Z733|Z733|N|Z604|Y|T7431X|N|N1830|Y|E1129|N|N182|Y|R801|Y|Z653|Y|I4891|Y|N181|Y|E1121|Y|E11319|Y|D4959|Y|D075|Y|E781|Y|E119|Y|E8881|Y|I10|Y|Z954|N|I350|Y|R931|Y|I259|Y|E785|Y|E669|Y|G4733|N|||| | | | | | | | | | | | | | | | | | | | | | |GZ3|02-Aug-2021|G4730|02-Aug-2021|Z741|02-Aug-2021|F419|02-Aug-2021|Z9181|02-Aug-2021|Z139|02-Aug-2021|Z1331|02-Aug-2021|Z1331|02-Aug-2021|F1990|02-Aug-2021|F109|02-Aug-2021|||||||||||||||||||||||||||||||0|0||9|450|99408|3.0|2021-08-03T00:00:00|hospital_C|hospital_C_20210802
SYN_BENE_9EB9D1E354BE|SYN_CLM_85A8FA25ACBB|V|60|02-Aug-2021|02-Aug-2021|06-Aug-2021||3|377673|1|1|1|| |1904.09|0.0| ||37|1306950993| |9999907899| |9999907899|||0|1| |1904.09|02-Aug-2021|1|2|A|10|0.0|380.84|0|4|0.0|0.0|0|0|0|0|0|0|0|0|0|0|0|0|0|||||02-Aug-2021|951.0|0|0||Z733|Z733|N|Z604|Y|T7431X|N|N1830|Y|E1129|N|N182|Y|R801|Y|Z653|Y|I4891|Y|N181|Y|E1121|Y|E11319|Y|D4959|Y|D075|Y|E781|Y|E119|Y|E8881|Y|I10|Y|Z954|N|I350|Y|R931|Y|I259|Y|E785|Y|E669|Y|G4733|N|||| | | | | | | | | | | | | | | | | | | | | | |GZ3|02-Aug-2021|G4730|02-Aug-2021|Z741|02-Aug-2021|F419|02-Aug-2021|Z9181|02-Aug-2021|Z139|02-Aug-2021|Z1331|02-Aug-2021|Z1331|02-Aug-2021|F1990|02-Aug-2021|F109|02-Aug-2021|||||||||||||||||||||||||||||||0|0||10|450|G0442|3.0|2021-08-03T00:00:00|hospital_C|hospital_C_20210802
SYN_BENE_8FE0B8C0FAB2|SYN_CLM_FE8D28CD8C39|V|60|02-Aug-2021|02-Aug-2021|06-Aug-2021||3|377673|1|1|1|| |1904.09|0.0| ||37|1306950993| |9999907899| |9999907899|||0|1| |1904.09|02-Aug-2021|1|2|A|10|0.0|380.84|0|4|0.0|0.0|0|0|0|0|0|0|0|0|0|0|0|0|0|||||02-Aug-2021|951.0|0|0||Z733|Z733|N|Z604|Y|T7431X|N|N1830|Y|E1129|N|N182|Y|R801|Y|Z653|Y|I4891|Y|N181|Y|E1121|Y|E11319|Y|D4959|Y|D075|Y|E781|Y|E119|Y|E8881|Y|I10|Y|Z954|N|I350|Y|R931|Y|I259|Y|E785|Y|E669|Y|G4733|N|||| | | | | | | | | | | | | | | | | | | | | | |GZ3|02-Aug-2021|G4730|02-Aug-2021|Z741|02-Aug-2021|F419|02-Aug-2021|Z9181|02-Aug-2021|Z139|02-Aug-2021|Z1331|02-Aug-2021|Z1331|02-Aug-2021|F1990|02-Aug-2021|F109|02-Aug-2021|||||||||||||||||||||||||||||||0|0||1|450|99495|3.0|2021-08-03T00:00:00|hospital_C|hospital_C_20210802
SYN_BENE_8FE0B8C0FAB2|SYN_CLM_FE8D28CD8C39|V|60|02-Aug-2021|02-Aug-2021|06-Aug-2021||3|377673|1|1|1|| |1904.09|0.0| ||37|1306950993| |9999907899| |9999907899|||0|1| |1904.09|02-Aug-2021|1|2|A|10|0.0|380.84|0|4|0.0|0.0|0|0|0|0|0|0|0|0|0|0|0|0|0|||||02-Aug-2021|951.0|0|0||Z733|Z733|N|Z604|Y|T7431X|N|N1830|Y|E1129|N|N182|Y|R801|Y|Z653|Y|I4891|Y|N181|Y|E1121|Y|E11319|Y|D4959|Y|D075|Y|E781|Y|E119|Y|E8881|Y|I10|Y|Z954|N|I350|Y|R931|Y|I259|Y|E785|Y|E669|Y|G4733|N|||| | | | | | | | | | | | | | | | | | | | | | |GZ3|02-Aug-2021|G4730|02-Aug-2021|Z741|02-Aug-2021|F419|02-Aug-2021|Z9181|02-Aug-2021|Z139|02-Aug-2021|Z1331|02-Aug-2021|Z1331|02-Aug-2021|F1990|02-Aug-2021|F109|02-Aug-2021|||||||||||||||||||||||||||||||0|0||2|450|G8839|3.0|2021-08-03T00:00:00|hospital_C|hospital_C_20210802
SYN_BENE_8FE0B8C0FAB2|SYN_CLM_FE8D28CD8C39|V|60|02-Aug-2021|02-Aug-2021|06-Aug-2021||3|377673|1|1|1|| |1904.09|0.0| ||37|1306950993| |9999907899| |9999907899|||0|1| |1904.09|02-Aug-2021|1|2|A|10|0.0|380.84|0|4|0.0|0.0|0|0|0|0|0|0|0|0|0|0|0|0|0|||||02-Aug-2021|951.0|0|0||Z733|Z733|N|Z604|Y|T7431X|N|N1830|Y|E1129|N|N182|Y|R801|Y|Z653|Y|I4891|Y|N181|Y|E1121|Y|E11319|Y|D4959|Y|D075|Y|E781|Y|E119|Y|E8881|Y|I10|Y|Z954|N|I350|Y|R931|Y|I259|Y|E785|Y|E669|Y|G4733|N|||| | | | | | | | | | | | | | | | | | | | | | |GZ3|02-Aug-2021|G4730|02-Aug-2021|Z741|02-Aug-2021|F419|02-Aug-2021|Z9181|02-Aug-2021|Z139|02-Aug-2021|Z1331|02-Aug-2021|Z1331|02-Aug-2021|F1990|02-Aug-2021|F109|02-Aug-2021|||||||||||||||||||||||||||||||0|0||3|450|96156|3.0|2021-08-03T00:00:00|hospital_C|hospital_C_20210802
SYN_BENE_8FE0B8C0FAB2|SYN_CLM_FE8D28CD8C39|V|60|02-Aug-2021|02-Aug-2021|06-Aug-2021||3|377673|1|1|1|| |1904.09|0.0| ||37|1306950993| |9999907899| |9999907899|||0|1| |1904.09|02-Aug-2021|1|2|A|10|0.0|380.84|0|4|0.0|0.0|0|0|0|0|0|0|0|0|0|0|0|0|0|||||02-Aug-2021|951.0|0|0||Z733|Z733|N|Z604|Y|T7431X|N|N1830|Y|E1129|N|N182|Y|R801|Y|Z653|Y|I4891|Y|N181|Y|E1121|Y|E11319|Y|D4959|Y|D075|Y|E781|Y|E119|Y|E8881|Y|I10|Y|Z954|N|I350|Y|R931|Y|I259|Y|E785|Y|E669|Y|G4733|N|||| | | | | | | | | | | | | | | | | | | | | | |GZ3|02-Aug-2021|G4730|02-Aug-2021|Z741|02-Aug-2021|F419|02-Aug-2021|Z9181|02-Aug-2021|Z139|02-Aug-2021|Z1331|02-Aug-2021|Z1331|02-Aug-2021|F1990|02-Aug-2021|F109|02-Aug-2021|||||||||||||||||||||||||||||||0|0||4|450|96127|3.0|2021-08-03T00:00:00|hospital_C|hospital_C_20210802
SYN_BENE_8FE0B8C0FAB2|SYN_CLM_FE8D28CD8C39|V|60|02-Aug-2021|02-Aug-2021|06-Aug-2021||3|377673|1|1|1|| |1904.09|0.0| ||37|1306950993| |9999907899| |9999907899|||0|1| |1904.09|02-Aug-2021|1|2|A|10|0.0|380.84|0|4|0.0|0.0|0|0|0|0|0|0|0|0|0|0|0|0|0|||||02-Aug-2021|951.0|0|0||Z733|Z733|N|Z604|Y|T7431X|N|N1830|Y|E1129|N|N182|Y|R801|Y|Z653|Y|I4891|Y|N181|Y|E1121|Y|E11319|Y|D4959|Y|D075|Y|E781|Y|E119|Y|E8881|Y|I10|Y|Z954|N|I350|Y|R931|Y|I259|Y|E785|Y|E669|Y|G4733|N|||| | | | | | | | | | | | | | | | | | | | | | |GZ3|02-Aug-2021|G4730|02-Aug-2021|Z741|02-Aug-2021|F419|02-Aug-2021|Z9181|02-Aug-2021|Z139|02-Aug-2021|Z1331|02-Aug-2021|Z1331|02-Aug-2021|F1990|02-Aug-2021|F109|02-Aug-2021|||||||||||||||||||||||||||||||0|0||5|450|M1069|3.0|2021-08-03T00:00:00|hospital_C|hospital_C_20210802
SYN_BENE_8FE0B8C0FAB2|SYN_CLM_FE8D28CD8C39|V|60|02-Aug-2021|02-Aug-2021|06-Aug-2021||3|377673|1|1|1|| |1904.09|0.0| ||37|1306950993| |9999907899| |9999907899|||0|1| |1904.09|02-Aug-2021|1|2|A|10|0.0|380.84|0|4|0.0|0.0|0|0|0|0|0|0|0|0|0|0|0|0|0|||||02-Aug-2021|951.0|0|0||Z733|Z733|N|Z604|Y|T7431X|N|N1830|Y|E1129|N|N182|Y|R801|Y|Z653|Y|I4891|Y|N181|Y|E1121|Y|E11319|Y|D4959|Y|D075|Y|E781|Y|E119|Y|E8881|Y|I10|Y|Z954|N|I350|Y|R931|Y|I259|Y|E785|Y|E669|Y|G4733|N|||| | | | | | | | | | | | | | | | | | | | | | |GZ3|02-Aug-2021|G4730|02-Aug-2021|Z741|02-Aug-2021|F419|02-Aug-2021|Z9181|02-Aug-2021|Z139|02-Aug-2021|Z1331|02-Aug-2021|Z1331|02-Aug-2021|F1990|02-Aug-2021|F109|02-Aug-2021|||||||||||||||||||||||||||||||0|0||6|450|99401|3.0|2021-08-03T00:00:00|hospital_C|hospital_C_20210802
SYN_BENE_8FE0B8C0FAB2|SYN_CLM_FE8D28CD8C39|V|60|02-Aug-2021|02-Aug-2021|06-Aug-2021||3|377673|1|1|1|| |1904.09|0.0| ||37|1306950993| |9999907899| |9999907899|||0|1| |1904.09|02-Aug-2021|1|2|A|10|0.0|380.84|0|4|0.0|0.0|0|0|0|0|0|0|0|0|0|0|0|0|0|||||02-Aug-2021|951.0|0|0||Z733|Z733|N|Z604|Y|T7431X|N|N1830|Y|E1129|N|N182|Y|R801|Y|Z653|Y|I4891|Y|N181|Y|E1121|Y|E11319|Y|D4959|Y|D075|Y|E781|Y|E119|Y|E8881|Y|I10|Y|Z954|N|I350|Y|R931|Y|I259|Y|E785|Y|E669|Y|G4733|N|||| | | | | | | | | | | | | | | | | | | | | | |GZ3|02-Aug-2021|G4730|02-Aug-2021|Z741|02-Aug-2021|F419|02-Aug-2021|Z9181|02-Aug-2021|Z139|02-Aug-2021|Z1331|02-Aug-2021|Z1331|02-Aug-2021|F1990|02-Aug-2021|F109|02-Aug-2021|||||||||||||||||||||||||||||||0|0||7|450|G0444|3.0|2021-08-03T00:00:00|hospital_C|hospital_C_20210802
SYN_BENE_8FE0B8C0FAB2|SYN_CLM_FE8D28CD8C39|V|60|02-Aug-2021|02-Aug-2021|06-Aug-2021||3|377673|1|1|1|| |1904.09|0.0| ||37|1306950993| |9999907899| |9999907899|||0|1| |1904.09|02-Aug-2021|1|2|A|10|0.0|380.84|0|4|0.0|0.0|0|0|0|0|0|0|0|0|0|0|0|0|0|||||02-Aug-2021|951.0|0|0||Z733|Z733|N|Z604|Y|T7431X|N|N1830|Y|E1129|N|N182|Y|R801|Y|Z653|Y|I4891|Y|N181|Y|E1121|Y|E11319|Y|D4959|Y|D075|Y|E781|Y|E119|Y|E8881|Y|I10|Y|Z954|N|I350|Y|R931|Y|I259|Y|E785|Y|E669|Y|G4733|N|||| | | | | | | | | | | | | | | | | | | | | | |GZ3|02-Aug-2021|G4730|02-Aug-2021|Z741|02-Aug-2021|F419|02-Aug-2021|Z9181|02-Aug-2021|Z139|02-Aug-2021|Z1331|02-Aug-2021|Z1331|02-Aug-2021|F1990|02-Aug-2021|F109|02-Aug-2021|||||||||||||||||||||||||||||||0|0||8|450|G0444|3.0|2021-08-03T00:00:00|hospital_C|hospital_C_20210802
SYN_BENE_8FE0B8C0FAB2|SYN_CLM_FE8D28CD8C39|V|60|02-Aug-2021|02-Aug-2021|06-Aug-2021||3|377673|1|1|1|| |1904.09|0.0| ||37|1306950993| |9999907899| |9999907899|||0|1| |1904.09|02-Aug-2021|1|2|A|10|0.0|380.84|0|4|0.0|0.0|0|0|0|0|0|0|0|0|0|0|0|0|0|||||02-Aug-2021|951.0|0|0||Z733|Z733|N|Z604|Y|T7431X|N|N1830|Y|E1129|N|N182|Y|R801|Y|Z653|Y|I4891|Y|N181|Y|E1121|Y|E11319|Y|D4959|Y|D075|Y|E781|Y|E119|Y|E8881|Y|I10|Y|Z954|N|I350|Y|R931|Y|I259|Y|E785|Y|E669|Y|G4733|N|||| | | | | | | | | | | | | | | | | | | | | | |GZ3|02-Aug-2021|G4730|02-Aug-2021|Z741|02-Aug-2021|F419|02-Aug-2021|Z9181|02-Aug-2021|Z139|02-Aug-2021|Z1331|02-Aug-2021|Z1331|02-Aug-2021|F1990|02-Aug-2021|F109|02-Aug-2021|||||||||||||||||||||||||||||||0|0||9|450|99408|3.0|2021-08-03T00:00:00|hospital_C|hospital_C_20210802
SYN_BENE_8FE0B8C0FAB2|SYN_CLM_FE8D28CD8C39|V|60|02-Aug-2021|02-Aug-2021|06-Aug-2021||3|377673|1|1|1|| |1904.09|0.0| ||37|1306950993| |9999907899| |9999907899|||0|1| |1904.09|02-Aug-2021|1|2|A|10|0.0|380.84|0|4|0.0|0.0|0|0|0|0|0|0|0|0|0|0|0|0|0|||||02-Aug-2021|951.0|0|0||Z733|Z733|N|Z604|Y|T7431X|N|N1830|Y|E1129|N|N182|Y|R801|Y|Z653|Y|I4891|Y|N181|Y|E1121|Y|E11319|Y|D4959|Y|D075|Y|E781|Y|E119|Y|E8881|Y|I10|Y|Z954|N|I350|Y|R931|Y|I259|Y|E785|Y|E669|Y|G4733|N|||| | | | | | | | | | | | | | | | | | | | | | |GZ3|02-Aug-2021|G4730|02-Aug-2021|Z741|02-Aug-2021|F419|02-Aug-2021|Z9181|02-Aug-2021|Z139|02-Aug-2021|Z1331|02-Aug-2021|Z1331|02-Aug-2021|F1990|02-Aug-2021|F109|02-Aug-2021|||||||||||||||||||||||||||||||0|0||10|450|G0442|3.0|2021-08-03T00:00:00|hospital_C|hospital_C_20210802
SYN_BENE_1D2CE3690498|SYN_CLM_1CB2520A9E2B|V|60|02-Aug-2021|02-Aug-2021|06-Aug-2021||3|377673|1|1|1|| |1904.09|0.0| ||37|1306950993| |9999907899| |9999907899|||0|1| |1904.09|02-Aug-2021|1|2|A|10|0.0|380.84|0|4|0.0|0.0|0|0|0|0|0|0|0|0|0|0|0|0|0|||||02-Aug-2021|951.0|0|0||Z733|Z733|N|Z604|Y|T7431X|N|N1830|Y|E1129|N|N182|Y|R801|Y|Z653|Y|I4891|Y|N181|Y|E1121|Y|E11319|Y|D4959|Y|D075|Y|E781|Y|E119|Y|E8881|Y|I10|Y|Z954|N|I350|Y|R931|Y|I259|Y|E785|Y|E669|Y|G4733|N|||| | | | | | | | | | | | | | | | | | | | | | |GZ3|02-Aug-2021|G4730|02-Aug-2021|Z741|02-Aug-2021|F419|02-Aug-2021|Z9181|02-Aug-2021|Z139|02-Aug-2021|Z1331|02-Aug-2021|Z1331|02-Aug-2021|F1990|02-Aug-2021|F109|02-Aug-2021|||||||||||||||||||||||||||||||0|0||1|450|99495|3.0|2021-08-03T00:00:00|hospital_C|hospital_C_20210802
SYN_BENE_1D2CE3690498|SYN_CLM_1CB2520A9E2B|V|60|02-Aug-2021|02-Aug-2021|06-Aug-2021||3|377673|1|1|1|| |1904.09|0.0| ||37|1306950993| |9999907899| |9999907899|||0|1| |1904.09|02-Aug-2021|1|2|A|10|0.0|380.84|0|4|0.0|0.0|0|0|0|0|0|0|0|0|0|0|0|0|0|||||02-Aug-2021|951.0|0|0||Z733|Z733|N|Z604|Y|T7431X|N|N1830|Y|E1129|N|N182|Y|R801|Y|Z653|Y|I4891|Y|N181|Y|E1121|Y|E11319|Y|D4959|Y|D075|Y|E781|Y|E119|Y|E8881|Y|I10|Y|Z954|N|I350|Y|R931|Y|I259|Y|E785|Y|E669|Y|G4733|N|||| | | | | | | | | | | | | | | | | | | | | | |GZ3|02-Aug-2021|G4730|02-Aug-2021|Z741|02-Aug-2021|F419|02-Aug-2021|Z9181|02-Aug-2021|Z139|02-Aug-2021|Z1331|02-Aug-2021|Z1331|02-Aug-2021|F1990|02-Aug-2021|F109|02-Aug-2021|||||||||||||||||||||||||||||||0|0||2|450|G8839|3.0|2021-08-03T00:00:00|hospital_C|hospital_C_20210802
SYN_BENE_1D2CE3690498|SYN_CLM_1CB2520A9E2B|V|60|02-Aug-2021|02-Aug-2021|06-Aug-2021||3|377673|1|1|1|| |1904.09|0.0| ||37|1306950993| |9999907899| |9999907899|||0|1| |1904.09|02-Aug-2021|1|2|A|10|0.0|380.84|0|4|0.0|0.0|0|0|0|0|0|0|0|0|0|0|0|0|0|||||02-Aug-2021|951.0|0|0||Z733|Z733|N|Z604|Y|T7431X|N|N1830|Y|E1129|N|N182|Y|R801|Y|Z653|Y|I4891|Y|N181|Y|E1121|Y|E11319|Y|D4959|Y|D075|Y|E781|Y|E119|Y|E8881|Y|I10|Y|Z954|N|I350|Y|R931|Y|I259|Y|E785|Y|E669|Y|G4733|N|||| | | | | | | | | | | | | | | | | | | | | | |GZ3|02-Aug-2021|G4730|02-Aug-2021|Z741|02-Aug-2021|F419|02-Aug-2021|Z9181|02-Aug-2021|Z139|02-Aug-2021|Z1331|02-Aug-2021|Z1331|02-Aug-2021|F1990|02-Aug-2021|F109|02-Aug-2021|||||||||||||||||||||||||||||||0|0||3|450|96156|3.0|2021-08-03T00:00:00|hospital_C|hospital_C_20210802
SYN_BENE_1D2CE3690498|SYN_CLM_1CB2520A9E2B|V|60|02-Aug-2021|02-Aug-2021|06-Aug-2021||3|377673|1|1|1|| |1904.09|0.0| ||37|1306950993| |9999907899| |9999907899|||0|1| |1904.09|02-Aug-2021|1|2|A|10|0.0|380.84|0|4|0.0|0.0|0|0|0|0|0|0|0|0|0|0|0|0|0|||||02-Aug-2021|951.0|0|0||Z733|Z733|N|Z604|Y|T7431X|N|N1830|Y|E1129|N|N182|Y|R801|Y|Z653|Y|I4891|Y|N181|Y|E1121|Y|E11319|Y|D4959|Y|D075|Y|E781|Y|E119|Y|E8881|Y|I10|Y|Z954|N|I350|Y|R931|Y|I259|Y|E785|Y|E669|Y|G4733|N|||| | | | | | | | | | | | | | | | | | | | | | |GZ3|02-Aug-2021|G4730|02-Aug-2021|Z741|02-Aug-2021|F419|02-Aug-2021|Z9181|02-Aug-2021|Z139|02-Aug-2021|Z1331|02-Aug-2021|Z1331|02-Aug-2021|F1990|02-Aug-2021|F109|02-Aug-2021|||||||||||||||||||||||||||||||0|0||4|450|96127|3.0|2021-08-03T00:00:00|hospital_C|hospital_C_20210802
SYN_BENE_1D2CE3690498|SYN_CLM_1CB2520A9E2B|V|60|02-Aug-2021|02-Aug-2021|06-Aug-2021||3|377673|1|1|1|| |1904.09|0.0| ||37|1306950993| |9999907899| |9999907899|||0|1| |1904.09|02-Aug-2021|1|2|A|10|0.0|380.84|0|4|0.0|0.0|0|0|0|0|0|0|0|0|0|0|0|0|0|||||02-Aug-2021|951.0|0|0||Z733|Z733|N|Z604|Y|T7431X|N|N1830|Y|E1129|N|N182|Y|R801|Y|Z653|Y|I4891|Y|N181|Y|E1121|Y|E11319|Y|D4959|Y|D075|Y|E781|Y|E119|Y|E8881|Y|I10|Y|Z954|N|I350|Y|R931|Y|I259|Y|E785|Y|E669|Y|G4733|N|||| | | | | | | | | | | | | | | | | | | | | | |GZ3|02-Aug-2021|G4730|02-Aug-2021|Z741|02-Aug-2021|F419|02-Aug-2021|Z9181|02-Aug-2021|Z139|02-Aug-2021|Z1331|02-Aug-2021|Z1331|02-Aug-2021|F1990|02-Aug-2021|F109|02-Aug-2021|||||||||||||||||||||||||||||||0|0||5|450|M1069|3.0|2021-08-03T00:00:00|hospital_C|hospital_C_20210802
SYN_BENE_1D2CE3690498|SYN_CLM_1CB2520A9E2B|V|60|02-Aug-2021|02-Aug-2021|06-Aug-2021||3|377673|1|1|1|| |1904.09|0.0| ||37|1306950993| |9999907899| |9999907899|||0|1| |1904.09|02-Aug-2021|1|2|A|10|0.0|380.84|0|4|0.0|0.0|0|0|0|0|0|0|0|0|0|0|0|0|0|||||02-Aug-2021|951.0|0|0||Z733|Z733|N|Z604|Y|T7431X|N|N1830|Y|E1129|N|N182|Y|R801|Y|Z653|Y|I4891|Y|N181|Y|E1121|Y|E11319|Y|D4959|Y|D075|Y|E781|Y|E119|Y|E8881|Y|I10|Y|Z954|N|I350|Y|R931|Y|I259|Y|E785|Y|E669|Y|G4733|N|||| | | | | | | | | | | | | | | | | | | | | | |GZ3|02-Aug-2021|G4730|02-Aug-2021|Z741|02-Aug-2021|F419|02-Aug-2021|Z9181|02-Aug-2021|Z139|02-Aug-2021|Z1331|02-Aug-2021|Z1331|02-Aug-2021|F1990|02-Aug-2021|F109|02-Aug-2021|||||||||||||||||||||||||||||||0|0||6|450|99401|3.0|2021-08-03T00:00:00|hospital_C|hospital_C_20210802
SYN_BENE_1D2CE3690498|SYN_CLM_1CB2520A9E2B|V|60|02-Aug-2021|02-Aug-2021|06-Aug-2021||3|377673|1|1|1|| |1904.09|0.0| ||37|1306950993| |9999907899| |9999907899|||0|1| |1904.09|02-Aug-2021|1|2|A|10|0.0|380.84|0|4|0.0|0.0|0|0|0|0|0|0|0|0|0|0|0|0|0|||||02-Aug-2021|951.0|0|0||Z733|Z733|N|Z604|Y|T7431X|N|N1830|Y|E1129|N|N182|Y|R801|Y|Z653|Y|I4891|Y|N181|Y|E1121|Y|E11319|Y|D4959|Y|D075|Y|E781|Y|E119|Y|E8881|Y|I10|Y|Z954|N|I350|Y|R931|Y|I259|Y|E785|Y|E669|Y|G4733|N|||| | | | | | | | | | | | | | | | | | | | | | |GZ3|02-Aug-2021|G4730|02-Aug-2021|Z741|02-Aug-2021|F419|02-Aug-2021|Z9181|02-Aug-2021|Z139|02-Aug-2021|Z1331|02-Aug-2021|Z1331|02-Aug-2021|F1990|02-Aug-2021|F109|02-Aug-2021|||||||||||||||||||||||||||||||0|0||7|450|G0444|3.0|2021-08-03T00:00:00|hospital_C|hospital_C_20210802
SYN_BENE_1D2CE3690498|SYN_CLM_1CB2520A9E2B|V|60|02-Aug-2021|02-Aug-2021|06-Aug-2021||3|377673|1|1|1|| |1904.09|0.0| ||37|1306950993| |9999907899| |9999907899|||0|1| |1904.09|02-Aug-2021|1|2|A|10|0.0|380.84|0|4|0.0|0.0|0|0|0|0|0|0|0|0|0|0|0|0|0|||||02-Aug-2021|951.0|0|0||Z733|Z733|N|Z604|Y|T7431X|N|N1830|Y|E1129|N|N182|Y|R801|Y|Z653|Y|I4891|Y|N181|Y|E1121|Y|E11319|Y|D4959|Y|D075|Y|E781|Y|E119|Y|E8881|Y|I10|Y|Z954|N|I350|Y|R931|Y|I259|Y|E785|Y|E669|Y|G4733|N|||| | | | | | | | | | | | | | | | | | | | | | |GZ3|02-Aug-2021|G4730|02-Aug-2021|Z741|02-Aug-2021|F419|02-Aug-2021|Z9181|02-Aug-2021|Z139|02-Aug-2021|Z1331|02-Aug-2021|Z1331|02-Aug-2021|F1990|02-Aug-2021|F109|02-Aug-2021|||||||||||||||||||||||||||||||0|0||8|450|G0444|3.0|2021-08-03T00:00:00|hospital_C|hospital_C_20210802
SYN_BENE_1D2CE3690498|SYN_CLM_1CB2520A9E2B|V|60|02-Aug-2021|02-Aug-2021|06-Aug-2021||3|377673|1|1|1|| |1904.09|0.0| ||37|1306950993| |9999907899| |9999907899|||0|1| |1904.09|02-Aug-2021|1|2|A|10|0.0|380.84|0|4|0.0|0.0|0|0|0|0|0|0|0|0|0|0|0|0|0|||||02-Aug-2021|951.0|0|0||Z733|Z733|N|Z604|Y|T7431X|N|N1830|Y|E1129|N|N182|Y|R801|Y|Z653|Y|I4891|Y|N181|Y|E1121|Y|E11319|Y|D4959|Y|D075|Y|E781|Y|E119|Y|E8881|Y|I10|Y|Z954|N|I350|Y|R931|Y|I259|Y|E785|Y|E669|Y|G4733|N|||| | | | | | | | | | | | | | | | | | | | | | |GZ3|02-Aug-2021|G4730|02-Aug-2021|Z741|02-Aug-2021|F419|02-Aug-2021|Z9181|02-Aug-2021|Z139|02-Aug-2021|Z1331|02-Aug-2021|Z1331|02-Aug-2021|F1990|02-Aug-2021|F109|02-Aug-2021|||||||||||||||||||||||||||||||0|0||9|450|99408|3.0|2021-08-03T00:00:00|hospital_C|hospital_C_20210802
SYN_BENE_1D2CE3690498|SYN_CLM_1CB2520A9E2B|V|60|02-Aug-2021|02-Aug-2021|06-Aug-2021||3|377673|1|1|1|| |1904.09|0.0| ||37|1306950993| |9999907899| |9999907899|||0|1| |1904.09|02-Aug-2021|1|2|A|10|0.0|380.84|0|4|0.0|0.0|0|0|0|0|0|0|0|0|0|0|0|0|0|||||02-Aug-2021|951.0|0|0||Z733|Z733|N|Z604|Y|T7431X|N|N1830|Y|E1129|N|N182|Y|R801|Y|Z653|Y|I4891|Y|N181|Y|E1121|Y|E11319|Y|D4959|Y|D075|Y|E781|Y|E119|Y|E8881|Y|I10|Y|Z954|N|I350|Y|R931|Y|I259|Y|E785|Y|E669|Y|G4733|N|||| | | | | | | | | | | | | | | | | | | | | | |GZ3|02-Aug-2021|G4730|02-Aug-2021|Z741|02-Aug-2021|F419|02-Aug-2021|Z9181|02-Aug-2021|Z139|02-Aug-2021|Z1331|02-Aug-2021|Z1331|02-Aug-2021|F1990|02-Aug-2021|F109|02-Aug-2021|||||||||||||||||||||||||||||||0|0||10|450|G0442|3.0|2021-08-03T00:00:00|hospital_C|hospital_C_20210802
SYN_BENE_58143A05B1BE|SYN_CLM_FCDF9CEA6672|V|60|02-Aug-2021|02-Aug-2021|06-Aug-2021||3|377673|1|1|1|| |1904.09|0.0| ||37|1306950993| |9999907899| |9999907899|||0|1| |1904.09|02-Aug-2021|1|2|A|10|0.0|380.84|0|4|0.0|0.0|0|0|0|0|0|0|0|0|0|0|0|0|0|||||02-Aug-2021|951.0|0|0||Z733|Z733|N|Z604|Y|T7431X|N|N1830|Y|E1129|N|N182|Y|R801|Y|Z653|Y|I4891|Y|N181|Y|E1121|Y|E11319|Y|D4959|Y|D075|Y|E781|Y|E119|Y|E8881|Y|I10|Y|Z954|N|I350|Y|R931|Y|I259|Y|E785|Y|E669|Y|G4733|N|||| | | | | | | | | | | | | | | | | | | | | | |GZ3|02-Aug-2021|G4730|02-Aug-2021|Z741|02-Aug-2021|F419|02-Aug-2021|Z9181|02-Aug-2021|Z139|02-Aug-2021|Z1331|02-Aug-2021|Z1331|02-Aug-2021|F1990|02-Aug-2021|F109|02-Aug-2021|||||||||||||||||||||||||||||||0|0||1|450|99495|3.0|2021-08-03T00:00:00|hospital_C|hospital_C_20210802
SYN_BENE_58143A05B1BE|SYN_CLM_FCDF9CEA6672|V|60|02-Aug-2021|02-Aug-2021|06-Aug-2021||3|377673|1|1|1|| |1904.09|0.0| ||37|1306950993| |9999907899| |9999907899|||0|1| |1904.09|02-Aug-2021|1|2|A|10|0.0|380.84|0|4|0.0|0.0|0|0|0|0|0|0|0|0|0|0|0|0|0|||||02-Aug-2021|951.0|0|0||Z733|Z733|N|Z604|Y|T7431X|N|N1830|Y|E1129|N|N182|Y|R801|Y|Z653|Y|I4891|Y|N181|Y|E1121|Y|E11319|Y|D4959|Y|D075|Y|E781|Y|E119|Y|E8881|Y|I10|Y|Z954|N|I350|Y|R931|Y|I259|Y|E785|Y|E669|Y|G4733|N|||| | | | | | | | | | | | | | | | | | | | | | |GZ3|02-Aug-2021|G4730|02-Aug-2021|Z741|02-Aug-2021|F419|02-Aug-2021|Z9181|02-Aug-2021|Z139|02-Aug-2021|Z1331|02-Aug-2021|Z1331|02-Aug-2021|F1990|02-Aug-2021|F109|02-Aug-2021|||||||||||||||||||||||||||||||0|0||2|450|G8839|3.0|2021-08-03T00:00:00|hospital_C|hospital_C_20210802
SYN_BENE_58143A05B1BE|SYN_CLM_FCDF9CEA6672|V|60|02-Aug-2021|02-Aug-2021|06-Aug-2021||3|377673|1|1|1|| |1904.09|0.0| ||37|1306950993| |9999907899| |9999907899|||0|1| |1904.09|02-Aug-2021|1|2|A|10|0.0|380.84|0|4|0.0|0.0|0|0|0|0|0|0|0|0|0|0|0|0|0|||||02-Aug-2021|951.0|0|0||Z733|Z733|N|Z604|Y|T7431X|N|N1830|Y|E1129|N|N182|Y|R801|Y|Z653|Y|I4891|Y|N181|Y|E1121|Y|E11319|Y|D4959|Y|D075|Y|E781|Y|E119|Y|E8881|Y|I10|Y|Z954|N|I350|Y|R931|Y|I259|Y|E785|Y|E669|Y|G4733|N|||| | | | | | | | | | | | | | | | | | | | | | |GZ3|02-Aug-2021|G4730|02-Aug-2021|Z741|02-Aug-2021|F419|02-Aug-2021|Z9181|02-Aug-2021|Z139|02-Aug-2021|Z1331|02-Aug-2021|Z1331|02-Aug-2021|F1990|02-Aug-2021|F109|02-Aug-2021|||||||||||||||||||||||||||||||0|0||3|450|96156|3.0|2021-08-03T00:00:00|hospital_C|hospital_C_20210802
SYN_BENE_58143A05B1BE|SYN_CLM_FCDF9CEA6672|V|60|02-Aug-2021|02-Aug-2021|06-Aug-2021||3|377673|1|1|1|| |1904.09|0.0| ||37|1306950993| |9999907899| |9999907899|||0|1| |1904.09|02-Aug-2021|1|2|A|10|0.0|380.84|0|4|0.0|0.0|0|0|0|0|0|0|0|0|0|0|0|0|0|||||02-Aug-2021|951.0|0|0||Z733|Z733|N|Z604|Y|T7431X|N|N1830|Y|E1129|N|N182|Y|R801|Y|Z653|Y|I4891|Y|N181|Y|E1121|Y|E11319|Y|D4959|Y|D075|Y|E781|Y|E119|Y|E8881|Y|I10|Y|Z954|N|I350|Y|R931|Y|I259|Y|E785|Y|E669|Y|G4733|N|||| | | | | | | | | | | | | | | | | | | | | | |GZ3|02-Aug-2021|G4730|02-Aug-2021|Z741|02-Aug-2021|F419|02-Aug-2021|Z9181|02-Aug-2021|Z139|02-Aug-2021|Z1331|02-Aug-2021|Z1331|02-Aug-2021|F1990|02-Aug-2021|F109|02-Aug-2021|||||||||||||||||||||||||||||||0|0||4|450|96127|3.0|2021-08-03T00:00:00|hospital_C|hospital_C_20210802
SYN_BENE_58143A05B1BE|SYN_CLM_FCDF9CEA6672|V|60|02-Aug-2021|02-Aug-2021|06-Aug-2021||3|377673|1|1|1|| |1904.09|0.0| ||37|1306950993| |9999907899| |9999907899|||0|1| |1904.09|02-Aug-2021|1|2|A|10|0.0|380.84|0|4|0.0|0.0|0|0|0|0|0|0|0|0|0|0|0|0|0|||||02-Aug-2021|951.0|0|0||Z733|Z733|N|Z604|Y|T7431X|N|N1830|Y|E1129|N|N182|Y|R801|Y|Z653|Y|I4891|Y|N181|Y|E1121|Y|E11319|Y|D4959|Y|D075|Y|E781|Y|E119|Y|E8881|Y|I10|Y|Z954|N|I350|Y|R931|Y|I259|Y|E785|Y|E669|Y|G4733|N|||| | | | | | | | | | | | | | | | | | | | | | |GZ3|02-Aug-2021|G4730|02-Aug-2021|Z741|02-Aug-2021|F419|02-Aug-2021|Z9181|02-Aug-2021|Z139|02-Aug-2021|Z1331|02-Aug-2021|Z1331|02-Aug-2021|F1990|02-Aug-2021|F109|02-Aug-2021|||||||||||||||||||||||||||||||0|0||5|450|M1069|3.0|2021-08-03T00:00:00|hospital_C|hospital_C_20210802
SYN_BENE_58143A05B1BE|SYN_CLM_FCDF9CEA6672|V|60|02-Aug-2021|02-Aug-2021|06-Aug-2021||3|377673|1|1|1|| |1904.09|0.0| ||37|1306950993| |9999907899| |9999907899|||0|1| |1904.09|02-Aug-2021|1|2|A|10|0.0|380.84|0|4|0.0|0.0|0|0|0|0|0|0|0|0|0|0|0|0|0|||||02-Aug-2021|951.0|0|0||Z733|Z733|N|Z604|Y|T7431X|N|N1830|Y|E1129|N|N182|Y|R801|Y|Z653|Y|I4891|Y|N181|Y|E1121|Y|E11319|Y|D4959|Y|D075|Y|E781|Y|E119|Y|E8881|Y|I10|Y|Z954|N|I350|Y|R931|Y|I259|Y|E785|Y|E669|Y|G4733|N|||| | | | | | | | | | | | | | | | | | | | | | |GZ3|02-Aug-2021|G4730|02-Aug-2021|Z741|02-Aug-2021|F419|02-Aug-2021|Z9181|02-Aug-2021|Z139|02-Aug-2021|Z1331|02-Aug-2021|Z1331|02-Aug-2021|F1990|02-Aug-2021|F109|02-Aug-2021|||||||||||||||||||||||||||||||0|0||6|450|99401|3.0|2021-08-03T00:00:00|hospital_C|hospital_C_20210802
SYN_BENE_58143A05B1BE|SYN_CLM_FCDF9CEA6672|V|60|02-Aug-2021|02-Aug-2021|06-Aug-2021||3|377673|1|1|1|| |1904.09|0.0| ||37|1306950993| |9999907899| |9999907899|||0|1| |1904.09|02-Aug-2021|1|2|A|10|0.0|380.84|0|4|0.0|0.0|0|0|0|0|0|0|0|0|0|0|0|0|0|||||02-Aug-2021|951.0|0|0||Z733|Z733|N|Z604|Y|T7431X|N|N1830|Y|E1129|N|N182|Y|R801|Y|Z653|Y|I4891|Y|N181|Y|E1121|Y|E11319|Y|D4959|Y|D075|Y|E781|Y|E119|Y|E8881|Y|I10|Y|Z954|N|I350|Y|R931|Y|I259|Y|E785|Y|E669|Y|G4733|N|||| | | | | | | | | | | | | | | | | | | | | | |GZ3|02-Aug-2021|G4730|02-Aug-2021|Z741|02-Aug-2021|F419|02-Aug-2021|Z9181|02-Aug-2021|Z139|02-Aug-2021|Z1331|02-Aug-2021|Z1331|02-Aug-2021|F1990|02-Aug-2021|F109|02-Aug-2021|||||||||||||||||||||||||||||||0|0||7|450|G0444|3.0|2021-08-03T00:00:00|hospital_C|hospital_C_20210802
SYN_BENE_58143A05B1BE|SYN_CLM_FCDF9CEA6672|V|60|02-Aug-2021|02-Aug-2021|06-Aug-2021||3|377673|1|1|1|| |1904.09|0.0| ||37|1306950993| |9999907899| |9999907899|||0|1| |1904.09|02-Aug-2021|1|2|A|10|0.0|380.84|0|4|0.0|0.0|0|0|0|0|0|0|0|0|0|0|0|0|0|||||02-Aug-2021|951.0|0|0||Z733|Z733|N|Z604|Y|T7431X|N|N1830|Y|E1129|N|N182|Y|R801|Y|Z653|Y|I4891|Y|N181|Y|E1121|Y|E11319|Y|D4959|Y|D075|Y|E781|Y|E119|Y|E8881|Y|I10|Y|Z954|N|I350|Y|R931|Y|I259|Y|E785|Y|E669|Y|G4733|N|||| | | | | | | | | | | | | | | | | | | | | | |GZ3|02-Aug-2021|G4730|02-Aug-2021|Z741|02-Aug-2021|F419|02-Aug-2021|Z9181|02-Aug-2021|Z139|02-Aug-2021|Z1331|02-Aug-2021|Z1331|02-Aug-2021|F1990|02-Aug-2021|F109|02-Aug-2021|||||||||||||||||||||||||||||||0|0||8|450|G0444|3.0|2021-08-03T00:00:00|hospital_C|hospital_C_20210802
SYN_BENE_58143A05B1BE|SYN_CLM_FCDF9CEA6672|V|60|02-Aug-2021|02-Aug-2021|06-Aug-2021||3|377673|1|1|1|| |1904.09|0.0| ||37|1306950993| |9999907899| |9999907899|||0|1| |1904.09|02-Aug-2021|1|2|A|10|0.0|380.84|0|4|0.0|0.0|0|0|0|0|0|0|0|0|0|0|0|0|0|||||02-Aug-2021|951.0|0|0||Z733|Z733|N|Z604|Y|T7431X|N|N1830|Y|E1129|N|N182|Y|R801|Y|Z653|Y|I4891|Y|N181|Y|E1121|Y|E11319|Y|D4959|Y|D075|Y|E781|Y|E119|Y|E8881|Y|I10|Y|Z954|N|I350|Y|R931|Y|I259|Y|E785|Y|E669|Y|G4733|N|||| | | | | | | | | | | | | | | | | | | | | | |GZ3|02-Aug-2021|G4730|02-Aug-2021|Z741|02-Aug-2021|F419|02-Aug-2021|Z9181|02-Aug-2021|Z139|02-Aug-2021|Z1331|02-Aug-2021|Z1331|02-Aug-2021|F1990|02-Aug-2021|F109|02-Aug-2021|||||||||||||||||||||||||||||||0|0||9|450|99408|3.0|2021-08-03T00:00:00|hospital_C|hospital_C_20210802
SYN_BENE_58143A05B1BE|SYN_CLM_FCDF9CEA6672|V|60|02-Aug-2021|02-Aug-2021|06-Aug-2021||3|377673|1|1|1|| |1904.09|0.0| ||37|1306950993| |9999907899| |9999907899|||0|1| |1904.09|02-Aug-2021|1|2|A|10|0.0|380.84|0|4|0.0|0.0|0|0|0|0|0|0|0|0|0|0|0|0|0|||||02-Aug-2021|951.0|0|0||Z733|Z733|N|Z604|Y|T7431X|N|N1830|Y|E1129|N|N182|Y|R801|Y|Z653|Y|I4891|Y|N181|Y|E1121|Y|E11319|Y|D4959|Y|D075|Y|E781|Y|E119|Y|E8881|Y|I10|Y|Z954|N|I350|Y|R931|Y|I259|Y|E785|Y|E669|Y|G4733|N|||| | | | | | | | | | | | | | | | | | | | | | |GZ3|02-Aug-2021|G4730|02-Aug-2021|Z741|02-Aug-2021|F419|02-Aug-2021|Z9181|02-Aug-2021|Z139|02-Aug-2021|Z1331|02-Aug-2021|Z1331|02-Aug-2021|F1990|02-Aug-2021|F109|02-Aug-2021|||||||||||||||||||||||||||||||0|0||10|450|G0442|3.0|2021-08-03T00:00:00|hospital_C|hospital_C_20210802
SYN_BENE_465E7E609517|SYN_CLM_A2C9DE8FC6C6|V|60|02-Aug-2021|02-Aug-2021|06-Aug-2021||3|377673|1|1|1|| |1904.09|0.0| ||37|1306950993| |9999907899| |9999907899|||0|1| |1904.09|02-Aug-2021|1|2|A|10|0.0|380.84|0|4|0.0|0.0|0|0|0|0|0|0|0|0|0|0|0|0|0|||||02-Aug-2021|951.0|0|0||Z733|Z733|N|Z604|Y|T7431X|N|N1830|Y|E1129|N|N182|Y|R801|Y|Z653|Y|I4891|Y|N181|Y|E1121|Y|E11319|Y|D4959|Y|D075|Y|E781|Y|E119|Y|E8881|Y|I10|Y|Z954|N|I350|Y|R931|Y|I259|Y|E785|Y|E669|Y|G4733|N|||| | | | | | | | | | | | | | | | | | | | | | |GZ3|02-Aug-2021|G4730|02-Aug-2021|Z741|02-Aug-2021|F419|02-Aug-2021|Z9181|02-Aug-2021|Z139|02-Aug-2021|Z1331|02-Aug-2021|Z1331|02-Aug-2021|F1990|02-Aug-2021|F109|02-Aug-2021|||||||||||||||||||||||||||||||0|0||1|450|99495|3.0|2021-08-03T00:00:00|hospital_C|hospital_C_20210802
SYN_BENE_465E7E609517|SYN_CLM_A2C9DE8FC6C6|V|60|02-Aug-2021|02-Aug-2021|06-Aug-2021||3|377673|1|1|1|| |1904.09|0.0| ||37|1306950993| |9999907899| |9999907899|||0|1| |1904.09|02-Aug-2021|1|2|A|10|0.0|380.84|0|4|0.0|0.0|0|0|0|0|0|0|0|0|0|0|0|0|0|||||02-Aug-2021|951.0|0|0||Z733|Z733|N|Z604|Y|T7431X|N|N1830|Y|E1129|N|N182|Y|R801|Y|Z653|Y|I4891|Y|N181|Y|E1121|Y|E11319|Y|D4959|Y|D075|Y|E781|Y|E119|Y|E8881|Y|I10|Y|Z954|N|I350|Y|R931|Y|I259|Y|E785|Y|E669|Y|G4733|N|||| | | | | | | | | | | | | | | | | | | | | | |GZ3|02-Aug-2021|G4730|02-Aug-2021|Z741|02-Aug-2021|F419|02-Aug-2021|Z9181|02-Aug-2021|Z139|02-Aug-2021|Z1331|02-Aug-2021|Z1331|02-Aug-2021|F1990|02-Aug-2021|F109|02-Aug-2021|||||||||||||||||||||||||||||||0|0||2|450|G8839|3.0|2021-08-03T00:00:00|hospital_C|hospital_C_20210802
SYN_BENE_465E7E609517|SYN_CLM_A2C9DE8FC6C6|V|60|02-Aug-2021|02-Aug-2021|06-Aug-2021||3|377673|1|1|1|| |1904.09|0.0| ||37|1306950993| |9999907899| |9999907899|||0|1| |1904.09|02-Aug-2021|1|2|A|10|0.0|380.84|0|4|0.0|0.0|0|0|0|0|0|0|0|0|0|0|0|0|0|||||02-Aug-2021|951.0|0|0||Z733|Z733|N|Z604|Y|T7431X|N|N1830|Y|E1129|N|N182|Y|R801|Y|Z653|Y|I4891|Y|N181|Y|E1121|Y|E11319|Y|D4959|Y|D075|Y|E781|Y|E119|Y|E8881|Y|I10|Y|Z954|N|I350|Y|R931|Y|I259|Y|E785|Y|E669|Y|G4733|N|||| | | | | | | | | | | | | | | | | | | | | | |GZ3|02-Aug-2021|G4730|02-Aug-2021|Z741|02-Aug-2021|F419|02-Aug-2021|Z9181|02-Aug-2021|Z139|02-Aug-2021|Z1331|02-Aug-2021|Z1331|02-Aug-2021|F1990|02-Aug-2021|F109|02-Aug-2021|||||||||||||||||||||||||||||||0|0||3|450|96156|3.0|2021-08-03T00:00:00|hospital_C|hospital_C_20210802
SYN_BENE_465E7E609517|SYN_CLM_A2C9DE8FC6C6|V|60|02-Aug-2021|02-Aug-2021|06-Aug-2021||3|377673|1|1|1|| |1904.09|0.0| ||37|1306950993| |9999907899| |9999907899|||0|1| |1904.09|02-Aug-2021|1|2|A|10|0.0|380.84|0|4|0.0|0.0|0|0|0|0|0|0|0|0|0|0|0|0|0|||||02-Aug-2021|951.0|0|0||Z733|Z733|N|Z604|Y|T7431X|N|N1830|Y|E1129|N|N182|Y|R801|Y|Z653|Y|I4891|Y|N181|Y|E1121|Y|E11319|Y|D4959|Y|D075|Y|E781|Y|E119|Y|E8881|Y|I10|Y|Z954|N|I350|Y|R931|Y|I259|Y|E785|Y|E669|Y|G4733|N|||| | | | | | | | | | | | | | | | | | | | | | |GZ3|02-Aug-2021|G4730|02-Aug-2021|Z741|02-Aug-2021|F419|02-Aug-2021|Z9181|02-Aug-2021|Z139|02-Aug-2021|Z1331|02-Aug-2021|Z1331|02-Aug-2021|F1990|02-Aug-2021|F109|02-Aug-2021|||||||||||||||||||||||||||||||0|0||4|450|96127|3.0|2021-08-03T00:00:00|hospital_C|hospital_C_20210802
SYN_BENE_465E7E609517|SYN_CLM_A2C9DE8FC6C6|V|60|02-Aug-2021|02-Aug-2021|06-Aug-2021||3|377673|1|1|1|| |1904.09|0.0| ||37|1306950993| |9999907899| |9999907899|||0|1| |1904.09|02-Aug-2021|1|2|A|10|0.0|380.84|0|4|0.0|0.0|0|0|0|0|0|0|0|0|0|0|0|0|0|||||02-Aug-2021|951.0|0|0||Z733|Z733|N|Z604|Y|T7431X|N|N1830|Y|E1129|N|N182|Y|R801|Y|Z653|Y|I4891|Y|N181|Y|E1121|Y|E11319|Y|D4959|Y|D075|Y|E781|Y|E119|Y|E8881|Y|I10|Y|Z954|N|I350|Y|R931|Y|I259|Y|E785|Y|E669|Y|G4733|N|||| | | | | | | | | | | | | | | | | | | | | | |GZ3|02-Aug-2021|G4730|02-Aug-2021|Z741|02-Aug-2021|F419|02-Aug-2021|Z9181|02-Aug-2021|Z139|02-Aug-2021|Z1331|02-Aug-2021|Z1331|02-Aug-2021|F1990|02-Aug-2021|F109|02-Aug-2021|||||||||||||||||||||||||||||||0|0||5|450|M1069|3.0|2021-08-03T00:00:00|hospital_C|hospital_C_20210802
SYN_BENE_465E7E609517|SYN_CLM_A2C9DE8FC6C6|V|60|02-Aug-2021|02-Aug-2021|06-Aug-2021||3|377673|1|1|1|| |1904.09|0.0| ||37|1306950993| |9999907899| |9999907899|||0|1| |1904.09|02-Aug-2021|1|2|A|10|0.0|380.84|0|4|0.0|0.0|0|0|0|0|0|0|0|0|0|0|0|0|0|||||02-Aug-2021|951.0|0|0||Z733|Z733|N|Z604|Y|T7431X|N|N1830|Y|E1129|N|N182|Y|R801|Y|Z653|Y|I4891|Y|N181|Y|E1121|Y|E11319|Y|D4959|Y|D075|Y|E781|Y|E119|Y|E8881|Y|I10|Y|Z954|N|I350|Y|R931|Y|I259|Y|E785|Y|E669|Y|G4733|N|||| | | | | | | | | | | | | | | | | | | | | | |GZ3|02-Aug-2021|G4730|02-Aug-2021|Z741|02-Aug-2021|F419|02-Aug-2021|Z9181|02-Aug-2021|Z139|02-Aug-2021|Z1331|02-Aug-2021|Z1331|02-Aug-2021|F1990|02-Aug-2021|F109|02-Aug-2021|||||||||||||||||||||||||||||||0|0||6|450|99401|3.0|2021-08-03T00:00:00|hospital_C|hospital_C_20210802
SYN_BENE_465E7E609517|SYN_CLM_A2C9DE8FC6C6|V|60|02-Aug-2021|02-Aug-2021|06-Aug-2021||3|377673|1|1|1|| |1904.09|0.0| ||37|1306950993| |9999907899| |9999907899|||0|1| |1904.09|02-Aug-2021|1|2|A|10|0.0|380.84|0|4|0.0|0.0|0|0|0|0|0|0|0|0|0|0|0|0|0|||||02-Aug-2021|951.0|0|0||Z733|Z733|N|Z604|Y|T7431X|N|N1830|Y|E1129|N|N182|Y|R801|Y|Z653|Y|I4891|Y|N181|Y|E1121|Y|E11319|Y|D4959|Y|D075|Y|E781|Y|E119|Y|E8881|Y|I10|Y|Z954|N|I350|Y|R931|Y|I259|Y|E785|Y|E669|Y|G4733|N|||| | | | | | | | | | | | | | | | | | | | | | |GZ3|02-Aug-2021|G4730|02-Aug-2021|Z741|02-Aug-2021|F419|02-Aug-2021|Z9181|02-Aug-2021|Z139|02-Aug-2021|Z1331|02-Aug-2021|Z1331|02-Aug-2021|F1990|02-Aug-2021|F109|02-Aug-2021|||||||||||||||||||||||||||||||0|0||7|450|G0444|3.0|2021-08-03T00:00:00|hospital_C|hospital_C_20210802
SYN_BENE_465E7E609517|SYN_CLM_A2C9DE8FC6C6|V|60|02-Aug-2021|02-Aug-2021|06-Aug-2021||3|377673|1|1|1|| |1904.09|0.0| ||37|1306950993| |9999907899| |9999907899|||0|1| |1904.09|02-Aug-2021|1|2|A|10|0.0|380.84|0|4|0.0|0.0|0|0|0|0|0|0|0|0|0|0|0|0|0|||||02-Aug-2021|951.0|0|0||Z733|Z733|N|Z604|Y|T7431X|N|N1830|Y|E1129|N|N182|Y|R801|Y|Z653|Y|I4891|Y|N181|Y|E1121|Y|E11319|Y|D4959|Y|D075|Y|E781|Y|E119|Y|E8881|Y|I10|Y|Z954|N|I350|Y|R931|Y|I259|Y|E785|Y|E669|Y|G4733|N|||| | | | | | | | | | | | | | | | | | | | | | |GZ3|02-Aug-2021|G4730|02-Aug-2021|Z741|02-Aug-2021|F419|02-Aug-2021|Z9181|02-Aug-2021|Z139|02-Aug-2021|Z1331|02-Aug-2021|Z1331|02-Aug-2021|F1990|02-Aug-2021|F109|02-Aug-2021|||||||||||||||||||||||||||||||0|0||8|450|G0444|3.0|2021-08-03T00:00:00|hospital_C|hospital_C_20210802
SYN_BENE_465E7E609517|SYN_CLM_A2C9DE8FC6C6|V|60|02-Aug-2021|02-Aug-2021|06-Aug-2021||3|377673|1|1|1|| |1904.09|0.0| ||37|1306950993| |9999907899| |9999907899|||0|1| |1904.09|02-Aug-2021|1|2|A|10|0.0|380.84|0|4|0.0|0.0|0|0|0|0|0|0|0|0|0|0|0|0|0|||||02-Aug-2021|951.0|0|0||Z733|Z733|N|Z604|Y|T7431X|N|N1830|Y|E1129|N|N182|Y|R801|Y|Z653|Y|I4891|Y|N181|Y|E1121|Y|E11319|Y|D4959|Y|D075|Y|E781|Y|E119|Y|E8881|Y|I10|Y|Z954|N|I350|Y|R931|Y|I259|Y|E785|Y|E669|Y|G4733|N|||| | | | | | | | | | | | | | | | | | | | | | |GZ3|02-Aug-2021|G4730|02-Aug-2021|Z741|02-Aug-2021|F419|02-Aug-2021|Z9181|02-Aug-2021|Z139|02-Aug-2021|Z1331|02-Aug-2021|Z1331|02-Aug-2021|F1990|02-Aug-2021|F109|02-Aug-2021|||||||||||||||||||||||||||||||0|0||9|450|99408|3.0|2021-08-03T00:00:00|hospital_C|hospital_C_20210802
SYN_BENE_465E7E609517|SYN_CLM_A2C9DE8FC6C6|V|60|02-Aug-2021|02-Aug-2021|06-Aug-2021||3|377673|1|1|1|| |1904.09|0.0| ||37|1306950993| |9999907899| |9999907899|||0|1| |1904.09|02-Aug-2021|1|2|A|10|0.0|380.84|0|4|0.0|0.0|0|0|0|0|0|0|0|0|0|0|0|0|0|||||02-Aug-2021|951.0|0|0||Z733|Z733|N|Z604|Y|T7431X|N|N1830|Y|E1129|N|N182|Y|R801|Y|Z653|Y|I4891|Y|N181|Y|E1121|Y|E11319|Y|D4959|Y|D075|Y|E781|Y|E119|Y|E8881|Y|I10|Y|Z954|N|I350|Y|R931|Y|I259|Y|E785|Y|E669|Y|G4733|N|||| | | | | | | | | | | | | | | | | | | | | | |GZ3|02-Aug-2021|G4730|02-Aug-2021|Z741|02-Aug-2021|F419|02-Aug-2021|Z9181|02-Aug-2021|Z139|02-Aug-2021|Z1331|02-Aug-2021|Z1331|02-Aug-2021|F1990|02-Aug-2021|F109|02-Aug-2021|||||||||||||||||||||||||||||||0|0||10|450|G0442|3.0|2021-08-03T00:00:00|hospital_C|hospital_C_20210802
SYN_BENE_B68C240109B6|SYN_CLM_A55732ADB21C|V|60|02-Aug-2021|02-Aug-2021|06-Aug-2021||3|377673|1|1|1|| |1904.09|0.0| ||37|1306950993| |9999907899| |9999907899|||0|1| |1904.09|02-Aug-2021|1|2|A|10|0.0|380.84|0|4|0.0|0.0|0|0|0|0|0|0|0|0|0|0|0|0|0|||||02-Aug-2021|951.0|0|0||Z733|Z733|N|Z604|Y|T7431X|N|N1830|Y|E1129|N|N182|Y|R801|Y|Z653|Y|I4891|Y|N181|Y|E1121|Y|E11319|Y|D4959|Y|D075|Y|E781|Y|E119|Y|E8881|Y|I10|Y|Z954|N|I350|Y|R931|Y|I259|Y|E785|Y|E669|Y|G4733|N|||| | | | | | | | | | | | | | | | | | | | | | |GZ3|02-Aug-2021|G4730|02-Aug-2021|Z741|02-Aug-2021|F419|02-Aug-2021|Z9181|02-Aug-2021|Z139|02-Aug-2021|Z1331|02-Aug-2021|Z1331|02-Aug-2021|F1990|02-Aug-2021|F109|02-Aug-2021|||||||||||||||||||||||||||||||0|0||1|450|99495|3.0|2021-08-03T00:00:00|hospital_C|hospital_C_20210802
SYN_BENE_B68C240109B6|SYN_CLM_A55732ADB21C|V|60|02-Aug-2021|02-Aug-2021|06-Aug-2021||3|377673|1|1|1|| |1904.09|0.0| ||37|1306950993| |9999907899| |9999907899|||0|1| |1904.09|02-Aug-2021|1|2|A|10|0.0|380.84|0|4|0.0|0.0|0|0|0|0|0|0|0|0|0|0|0|0|0|||||02-Aug-2021|951.0|0|0||Z733|Z733|N|Z604|Y|T7431X|N|N1830|Y|E1129|N|N182|Y|R801|Y|Z653|Y|I4891|Y|N181|Y|E1121|Y|E11319|Y|D4959|Y|D075|Y|E781|Y|E119|Y|E8881|Y|I10|Y|Z954|N|I350|Y|R931|Y|I259|Y|E785|Y|E669|Y|G4733|N|||| | | | | | | | | | | | | | | | | | | | | | |GZ3|02-Aug-2021|G4730|02-Aug-2021|Z741|02-Aug-2021|F419|02-Aug-2021|Z9181|02-Aug-2021|Z139|02-Aug-2021|Z1331|02-Aug-2021|Z1331|02-Aug-2021|F1990|02-Aug-2021|F109|02-Aug-2021|||||||||||||||||||||||||||||||0|0||2|450|G8839|3.0|2021-08-03T00:00:00|hospital_C|hospital_C_20210802
SYN_BENE_B68C240109B6|SYN_CLM_A55732ADB21C|V|60|02-Aug-2021|02-Aug-2021|06-Aug-2021||3|377673|1|1|1|| |1904.09|0.0| ||37|1306950993| |9999907899| |9999907899|||0|1| |1904.09|02-Aug-2021|1|2|A|10|0.0|380.84|0|4|0.0|0.0|0|0|0|0|0|0|0|0|0|0|0|0|0|||||02-Aug-2021|951.0|0|0||Z733|Z733|N|Z604|Y|T7431X|N|N1830|Y|E1129|N|N182|Y|R801|Y|Z653|Y|I4891|Y|N181|Y|E1121|Y|E11319|Y|D4959|Y|D075|Y|E781|Y|E119|Y|E8881|Y|I10|Y|Z954|N|I350|Y|R931|Y|I259|Y|E785|Y|E669|Y|G4733|N|||| | | | | | | | | | | | | | | | | | | | | | |GZ3|02-Aug-2021|G4730|02-Aug-2021|Z741|02-Aug-2021|F419|02-Aug-2021|Z9181|02-Aug-2021|Z139|02-Aug-2021|Z1331|02-Aug-2021|Z1331|02-Aug-2021|F1990|02-Aug-2021|F109|02-Aug-2021|||||||||||||||||||||||||||||||0|0||3|450|96156|3.0|2021-08-03T00:00:00|hospital_C|hospital_C_20210802
SYN_BENE_B68C240109B6|SYN_CLM_A55732ADB21C|V|60|02-Aug-2021|02-Aug-2021|06-Aug-2021||3|377673|1|1|1|| |1904.09|0.0| ||37|1306950993| |9999907899| |9999907899|||0|1| |1904.09|02-Aug-2021|1|2|A|10|0.0|380.84|0|4|0.0|0.0|0|0|0|0|0|0|0|0|0|0|0|0|0|||||02-Aug-2021|951.0|0|0||Z733|Z733|N|Z604|Y|T7431X|N|N1830|Y|E1129|N|N182|Y|R801|Y|Z653|Y|I4891|Y|N181|Y|E1121|Y|E11319|Y|D4959|Y|D075|Y|E781|Y|E119|Y|E8881|Y|I10|Y|Z954|N|I350|Y|R931|Y|I259|Y|E785|Y|E669|Y|G4733|N|||| | | | | | | | | | | | | | | | | | | | | | |GZ3|02-Aug-2021|G4730|02-Aug-2021|Z741|02-Aug-2021|F419|02-Aug-2021|Z9181|02-Aug-2021|Z139|02-Aug-2021|Z1331|02-Aug-2021|Z1331|02-Aug-2021|F1990|02-Aug-2021|F109|02-Aug-2021|||||||||||||||||||||||||||||||0|0||4|450|96127|3.0|2021-08-03T00:00:00|hospital_C|hospital_C_20210802
SYN_BENE_B68C240109B6|SYN_CLM_A55732ADB21C|V|60|02-Aug-2021|02-Aug-2021|06-Aug-2021||3|377673|1|1|1|| |1904.09|0.0| ||37|1306950993| |9999907899| |9999907899|||0|1| |1904.09|02-Aug-2021|1|2|A|10|0.0|380.84|0|4|0.0|0.0|0|0|0|0|0|0|0|0|0|0|0|0|0|||||02-Aug-2021|951.0|0|0||Z733|Z733|N|Z604|Y|T7431X|N|N1830|Y|E1129|N|N182|Y|R801|Y|Z653|Y|I4891|Y|N181|Y|E1121|Y|E11319|Y|D4959|Y|D075|Y|E781|Y|E119|Y|E8881|Y|I10|Y|Z954|N|I350|Y|R931|Y|I259|Y|E785|Y|E669|Y|G4733|N|||| | | | | | | | | | | | | | | | | | | | | | |GZ3|02-Aug-2021|G4730|02-Aug-2021|Z741|02-Aug-2021|F419|02-Aug-2021|Z9181|02-Aug-2021|Z139|02-Aug-2021|Z1331|02-Aug-2021|Z1331|02-Aug-2021|F1990|02-Aug-2021|F109|02-Aug-2021|||||||||||||||||||||||||||||||0|0||5|450|M1069|3.0|2021-08-03T00:00:00|hospital_C|hospital_C_20210802
SYN_BENE_B68C240109B6|SYN_CLM_A55732ADB21C|V|60|02-Aug-2021|02-Aug-2021|06-Aug-2021||3|377673|1|1|1|| |1904.09|0.0| ||37|1306950993| |9999907899| |9999907899|||0|1| |1904.09|02-Aug-2021|1|2|A|10|0.0|380.84|0|4|0.0|0.0|0|0|0|0|0|0|0|0|0|0|0|0|0|||||02-Aug-2021|951.0|0|0||Z733|Z733|N|Z604|Y|T7431X|N|N1830|Y|E1129|N|N182|Y|R801|Y|Z653|Y|I4891|Y|N181|Y|E1121|Y|E11319|Y|D4959|Y|D075|Y|E781|Y|E119|Y|E8881|Y|I10|Y|Z954|N|I350|Y|R931|Y|I259|Y|E785|Y|E669|Y|G4733|N|||| | | | | | | | | | | | | | | | | | | | | | |GZ3|02-Aug-2021|G4730|02-Aug-2021|Z741|02-Aug-2021|F419|02-Aug-2021|Z9181|02-Aug-2021|Z139|02-Aug-2021|Z1331|02-Aug-2021|Z1331|02-Aug-2021|F1990|02-Aug-2021|F109|02-Aug-2021|||||||||||||||||||||||||||||||0|0||6|450|99401|3.0|2021-08-03T00:00:00|hospital_C|hospital_C_20210802
SYN_BENE_B68C240109B6|SYN_CLM_A55732ADB21C|V|60|02-Aug-2021|02-Aug-2021|06-Aug-2021||3|377673|1|1|1|| |1904.09|0.0| ||37|1306950993| |9999907899| |9999907899|||0|1| |1904.09|02-Aug-2021|1|2|A|10|0.0|380.84|0|4|0.0|0.0|0|0|0|0|0|0|0|0|0|0|0|0|0|||||02-Aug-2021|951.0|0|0||Z733|Z733|N|Z604|Y|T7431X|N|N1830|Y|E1129|N|N182|Y|R801|Y|Z653|Y|I4891|Y|N181|Y|E1121|Y|E11319|Y|D4959|Y|D075|Y|E781|Y|E119|Y|E8881|Y|I10|Y|Z954|N|I350|Y|R931|Y|I259|Y|E785|Y|E669|Y|G4733|N|||| | | | | | | | | | | | | | | | | | | | | | |GZ3|02-Aug-2021|G4730|02-Aug-2021|Z741|02-Aug-2021|F419|02-Aug-2021|Z9181|02-Aug-2021|Z139|02-Aug-2021|Z1331|02-Aug-2021|Z1331|02-Aug-2021|F1990|02-Aug-2021|F109|02-Aug-2021|||||||||||||||||||||||||||||||0|0||7|450|G0444|3.0|2021-08-03T00:00:00|hospital_C|hospital_C_20210802
SYN_BENE_B68C240109B6|SYN_CLM_A55732ADB21C|V|60|02-Aug-2021|02-Aug-2021|06-Aug-2021||3|377673|1|1|1|| |1904.09|0.0| ||37|1306950993| |9999907899| |9999907899|||0|1| |1904.09|02-Aug-2021|1|2|A|10|0.0|380.84|0|4|0.0|0.0|0|0|0|0|0|0|0|0|0|0|0|0|0|||||02-Aug-2021|951.0|0|0||Z733|Z733|N|Z604|Y|T7431X|N|N1830|Y|E1129|N|N182|Y|R801|Y|Z653|Y|I4891|Y|N181|Y|E1121|Y|E11319|Y|D4959|Y|D075|Y|E781|Y|E119|Y|E8881|Y|I10|Y|Z954|N|I350|Y|R931|Y|I259|Y|E785|Y|E669|Y|G4733|N|||| | | | | | | | | | | | | | | | | | | | | | |GZ3|02-Aug-2021|G4730|02-Aug-2021|Z741|02-Aug-2021|F419|02-Aug-2021|Z9181|02-Aug-2021|Z139|02-Aug-2021|Z1331|02-Aug-2021|Z1331|02-Aug-2021|F1990|02-Aug-2021|F109|02-Aug-2021|||||||||||||||||||||||||||||||0|0||8|450|G0444|3.0|2021-08-03T00:00:00|hospital_C|hospital_C_20210802
SYN_BENE_B68C240109B6|SYN_CLM_A55732ADB21C|V|60|02-Aug-2021|02-Aug-2021|06-Aug-2021||3|377673|1|1|1|| |1904.09|0.0| ||37|1306950993| |9999907899| |9999907899|||0|1| |1904.09|02-Aug-2021|1|2|A|10|0.0|380.84|0|4|0.0|0.0|0|0|0|0|0|0|0|0|0|0|0|0|0|||||02-Aug-2021|951.0|0|0||Z733|Z733|N|Z604|Y|T7431X|N|N1830|Y|E1129|N|N182|Y|R801|Y|Z653|Y|I4891|Y|N181|Y|E1121|Y|E11319|Y|D4959|Y|D075|Y|E781|Y|E119|Y|E8881|Y|I10|Y|Z954|N|I350|Y|R931|Y|I259|Y|E785|Y|E669|Y|G4733|N|||| | | | | | | | | | | | | | | | | | | | | | |GZ3|02-Aug-2021|G4730|02-Aug-2021|Z741|02-Aug-2021|F419|02-Aug-2021|Z9181|02-Aug-2021|Z139|02-Aug-2021|Z1331|02-Aug-2021|Z1331|02-Aug-2021|F1990|02-Aug-2021|F109|02-Aug-2021|||||||||||||||||||||||||||||||0|0||9|450|99408|3.0|2021-08-03T00:00:00|hospital_C|hospital_C_20210802
SYN_BENE_B68C240109B6|SYN_CLM_A55732ADB21C|V|60|02-Aug-2021|02-Aug-2021|06-Aug-2021||3|377673|1|1|1|| |1904.09|0.0| ||37|1306950993| |9999907899| |9999907899|||0|1| |1904.09|02-Aug-2021|1|2|A|10|0.0|380.84|0|4|0.0|0.0|0|0|0|0|0|0|0|0|0|0|0|0|0|||||02-Aug-2021|951.0|0|0||Z733|Z733|N|Z604|Y|T7431X|N|N1830|Y|E1129|N|N182|Y|R801|Y|Z653|Y|I4891|Y|N181|Y|E1121|Y|E11319|Y|D4959|Y|D075|Y|E781|Y|E119|Y|E8881|Y|I10|Y|Z954|N|I350|Y|R931|Y|I259|Y|E785|Y|E669|Y|G4733|N|||| | | | | | | | | | | | | | | | | | | | | | |GZ3|02-Aug-2021|G4730|02-Aug-2021|Z741|02-Aug-2021|F419|02-Aug-2021|Z9181|02-Aug-2021|Z139|02-Aug-2021|Z1331|02-Aug-2021|Z1331|02-Aug-2021|F1990|02-Aug-2021|F109|02-Aug-2021|||||||||||||||||||||||||||||||0|0||10|450|G0442|3.0|2021-08-03T00:00:00|hospital_C|hospital_C_20210802
SYN_BENE_17BD7FBBD3A4|SYN_CLM_9276FE33CB24|V|60|02-Aug-2021|02-Aug-2021|06-Aug-2021||3|377673|1|1|1|| |1904.09|0.0| ||37|1306950993| |9999907899| |9999907899|||0|1| |1904.09|02-Aug-2021|1|2|A|10|0.0|380.84|0|4|0.0|0.0|0|0|0|0|0|0|0|0|0|0|0|0|0|||||02-Aug-2021|951.0|0|0||Z733|Z733|N|Z604|Y|T7431X|N|N1830|Y|E1129|N|N182|Y|R801|Y|Z653|Y|I4891|Y|N181|Y|E1121|Y|E11319|Y|D4959|Y|D075|Y|E781|Y|E119|Y|E8881|Y|I10|Y|Z954|N|I350|Y|R931|Y|I259|Y|E785|Y|E669|Y|G4733|N|||| | | | | | | | | | | | | | | | | | | | | | |GZ3|02-Aug-2021|G4730|02-Aug-2021|Z741|02-Aug-2021|F419|02-Aug-2021|Z9181|02-Aug-2021|Z139|02-Aug-2021|Z1331|02-Aug-2021|Z1331|02-Aug-2021|F1990|02-Aug-2021|F109|02-Aug-2021|||||||||||||||||||||||||||||||0|0||1|450|99495|3.0|2021-08-03T00:00:00|hospital_C|hospital_C_20210802
SYN_BENE_17BD7FBBD3A4|SYN_CLM_9276FE33CB24|V|60|02-Aug-2021|02-Aug-2021|06-Aug-2021||3|377673|1|1|1|| |1904.09|0.0| ||37|1306950993| |9999907899| |9999907899|||0|1| |1904.09|02-Aug-2021|1|2|A|10|0.0|380.84|0|4|0.0|0.0|0|0|0|0|0|0|0|0|0|0|0|0|0|||||02-Aug-2021|951.0|0|0||Z733|Z733|N|Z604|Y|T7431X|N|N1830|Y|E1129|N|N182|Y|R801|Y|Z653|Y|I4891|Y|N181|Y|E1121|Y|E11319|Y|D4959|Y|D075|Y|E781|Y|E119|Y|E8881|Y|I10|Y|Z954|N|I350|Y|R931|Y|I259|Y|E785|Y|E669|Y|G4733|N|||| | | | | | | | | | | | | | | | | | | | | | |GZ3|02-Aug-2021|G4730|02-Aug-2021|Z741|02-Aug-2021|F419|02-Aug-2021|Z9181|02-Aug-2021|Z139|02-Aug-2021|Z1331|02-Aug-2021|Z1331|02-Aug-2021|F1990|02-Aug-2021|F109|02-Aug-2021|||||||||||||||||||||||||||||||0|0||2|450|G8839|3.0|2021-08-03T00:00:00|hospital_C|hospital_C_20210802
SYN_BENE_17BD7FBBD3A4|SYN_CLM_9276FE33CB24|V|60|02-Aug-2021|02-Aug-2021|06-Aug-2021||3|377673|1|1|1|| |1904.09|0.0| ||37|1306950993| |9999907899| |9999907899|||0|1| |1904.09|02-Aug-2021|1|2|A|10|0.0|380.84|0|4|0.0|0.0|0|0|0|0|0|0|0|0|0|0|0|0|0|||||02-Aug-2021|951.0|0|0||Z733|Z733|N|Z604|Y|T7431X|N|N1830|Y|E1129|N|N182|Y|R801|Y|Z653|Y|I4891|Y|N181|Y|E1121|Y|E11319|Y|D4959|Y|D075|Y|E781|Y|E119|Y|E8881|Y|I10|Y|Z954|N|I350|Y|R931|Y|I259|Y|E785|Y|E669|Y|G4733|N|||| | | | | | | | | | | | | | | | | | | | | | |GZ3|02-Aug-2021|G4730|02-Aug-2021|Z741|02-Aug-2021|F419|02-Aug-2021|Z9181|02-Aug-2021|Z139|02-Aug-2021|Z1331|02-Aug-2021|Z1331|02-Aug-2021|F1990|02-Aug-2021|F109|02-Aug-2021|||||||||||||||||||||||||||||||0|0||3|450|96156|3.0|2021-08-03T00:00:00|hospital_C|hospital_C_20210802
SYN_BENE_17BD7FBBD3A4|SYN_CLM_9276FE33CB24|V|60|02-Aug-2021|02-Aug-2021|06-Aug-2021||3|377673|1|1|1|| |1904.09|0.0| ||37|1306950993| |9999907899| |9999907899|||0|1| |1904.09|02-Aug-2021|1|2|A|10|0.0|380.84|0|4|0.0|0.0|0|0|0|0|0|0|0|0|0|0|0|0|0|||||02-Aug-2021|951.0|0|0||Z733|Z733|N|Z604|Y|T7431X|N|N1830|Y|E1129|N|N182|Y|R801|Y|Z653|Y|I4891|Y|N181|Y|E1121|Y|E11319|Y|D4959|Y|D075|Y|E781|Y|E119|Y|E8881|Y|I10|Y|Z954|N|I350|Y|R931|Y|I259|Y|E785|Y|E669|Y|G4733|N|||| | | | | | | | | | | | | | | | | | | | | | |GZ3|02-Aug-2021|G4730|02-Aug-2021|Z741|02-Aug-2021|F419|02-Aug-2021|Z9181|02-Aug-2021|Z139|02-Aug-2021|Z1331|02-Aug-2021|Z1331|02-Aug-2021|F1990|02-Aug-2021|F109|02-Aug-2021|||||||||||||||||||||||||||||||0|0||4|450|96127|3.0|2021-08-03T00:00:00|hospital_C|hospital_C_20210802
SYN_BENE_17BD7FBBD3A4|SYN_CLM_9276FE33CB24|V|60|02-Aug-2021|02-Aug-2021|06-Aug-2021||3|377673|1|1|1|| |1904.09|0.0| ||37|1306950993| |9999907899| |9999907899|||0|1| |1904.09|02-Aug-2021|1|2|A|10|0.0|380.84|0|4|0.0|0.0|0|0|0|0|0|0|0|0|0|0|0|0|0|||||02-Aug-2021|951.0|0|0||Z733|Z733|N|Z604|Y|T7431X|N|N1830|Y|E1129|N|N182|Y|R801|Y|Z653|Y|I4891|Y|N181|Y|E1121|Y|E11319|Y|D4959|Y|D075|Y|E781|Y|E119|Y|E8881|Y|I10|Y|Z954|N|I350|Y|R931|Y|I259|Y|E785|Y|E669|Y|G4733|N|||| | | | | | | | | | | | | | | | | | | | | | |GZ3|02-Aug-2021|G4730|02-Aug-2021|Z741|02-Aug-2021|F419|02-Aug-2021|Z9181|02-Aug-2021|Z139|02-Aug-2021|Z1331|02-Aug-2021|Z1331|02-Aug-2021|F1990|02-Aug-2021|F109|02-Aug-2021|||||||||||||||||||||||||||||||0|0||5|450|M1069|3.0|2021-08-03T00:00:00|hospital_C|hospital_C_20210802
SYN_BENE_17BD7FBBD3A4|SYN_CLM_9276FE33CB24|V|60|02-Aug-2021|02-Aug-2021|06-Aug-2021||3|377673|1|1|1|| |1904.09|0.0| ||37|1306950993| |9999907899| |9999907899|||0|1| |1904.09|02-Aug-2021|1|2|A|10|0.0|380.84|0|4|0.0|0.0|0|0|0|0|0|0|0|0|0|0|0|0|0|||||02-Aug-2021|951.0|0|0||Z733|Z733|N|Z604|Y|T7431X|N|N1830|Y|E1129|N|N182|Y|R801|Y|Z653|Y|I4891|Y|N181|Y|E1121|Y|E11319|Y|D4959|Y|D075|Y|E781|Y|E119|Y|E8881|Y|I10|Y|Z954|N|I350|Y|R931|Y|I259|Y|E785|Y|E669|Y|G4733|N|||| | | | | | | | | | | | | | | | | | | | | | |GZ3|02-Aug-2021|G4730|02-Aug-2021|Z741|02-Aug-2021|F419|02-Aug-2021|Z9181|02-Aug-2021|Z139|02-Aug-2021|Z1331|02-Aug-2021|Z1331|02-Aug-2021|F1990|02-Aug-2021|F109|02-Aug-2021|||||||||||||||||||||||||||||||0|0||6|450|99401|3.0|2021-08-03T00:00:00|hospital_C|hospital_C_20210802
SYN_BENE_17BD7FBBD3A4|SYN_CLM_9276FE33CB24|V|60|02-Aug-2021|02-Aug-2021|06-Aug-2021||3|377673|1|1|1|| |1904.09|0.0| ||37|1306950993| |9999907899| |9999907899|||0|1| |1904.09|02-Aug-2021|1|2|A|10|0.0|380.84|0|4|0.0|0.0|0|0|0|0|0|0|0|0|0|0|0|0|0|||||02-Aug-2021|951.0|0|0||Z733|Z733|N|Z604|Y|T7431X|N|N1830|Y|E1129|N|N182|Y|R801|Y|Z653|Y|I4891|Y|N181|Y|E1121|Y|E11319|Y|D4959|Y|D075|Y|E781|Y|E119|Y|E8881|Y|I10|Y|Z954|N|I350|Y|R931|Y|I259|Y|E785|Y|E669|Y|G4733|N|||| | | | | | | | | | | | | | | | | | | | | | |GZ3|02-Aug-2021|G4730|02-Aug-2021|Z741|02-Aug-2021|F419|02-Aug-2021|Z9181|02-Aug-2021|Z139|02-Aug-2021|Z1331|02-Aug-2021|Z1331|02-Aug-2021|F1990|02-Aug-2021|F109|02-Aug-2021|||||||||||||||||||||||||||||||0|0||7|450|G0444|3.0|2021-08-03T00:00:00|hospital_C|hospital_C_20210802
SYN_BENE_17BD7FBBD3A4|SYN_CLM_9276FE33CB24|V|60|02-Aug-2021|02-Aug-2021|06-Aug-2021||3|377673|1|1|1|| |1904.09|0.0| ||37|1306950993| |9999907899| |9999907899|||0|1| |1904.09|02-Aug-2021|1|2|A|10|0.0|380.84|0|4|0.0|0.0|0|0|0|0|0|0|0|0|0|0|0|0|0|||||02-Aug-2021|951.0|0|0||Z733|Z733|N|Z604|Y|T7431X|N|N1830|Y|E1129|N|N182|Y|R801|Y|Z653|Y|I4891|Y|N181|Y|E1121|Y|E11319|Y|D4959|Y|D075|Y|E781|Y|E119|Y|E8881|Y|I10|Y|Z954|N|I350|Y|R931|Y|I259|Y|E785|Y|E669|Y|G4733|N|||| | | | | | | | | | | | | | | | | | | | | | |GZ3|02-Aug-2021|G4730|02-Aug-2021|Z741|02-Aug-2021|F419|02-Aug-2021|Z9181|02-Aug-2021|Z139|02-Aug-2021|Z1331|02-Aug-2021|Z1331|02-Aug-2021|F1990|02-Aug-2021|F109|02-Aug-2021|||||||||||||||||||||||||||||||0|0||8|450|G0444|3.0|2021-08-03T00:00:00|hospital_C|hospital_C_20210802
SYN_BENE_17BD7FBBD3A4|SYN_CLM_9276FE33CB24|V|60|02-Aug-2021|02-Aug-2021|06-Aug-2021||3|377673|1|1|1|| |1904.09|0.0| ||37|1306950993| |9999907899| |9999907899|||0|1| |1904.09|02-Aug-2021|1|2|A|10|0.0|380.84|0|4|0.0|0.0|0|0|0|0|0|0|0|0|0|0|0|0|0|||||02-Aug-2021|951.0|0|0||Z733|Z733|N|Z604|Y|T7431X|N|N1830|Y|E1129|N|N182|Y|R801|Y|Z653|Y|I4891|Y|N181|Y|E1121|Y|E11319|Y|D4959|Y|D075|Y|E781|Y|E119|Y|E8881|Y|I10|Y|Z954|N|I350|Y|R931|Y|I259|Y|E785|Y|E669|Y|G4733|N|||| | | | | | | | | | | | | | | | | | | | | | |GZ3|02-Aug-2021|G4730|02-Aug-2021|Z741|02-Aug-2021|F419|02-Aug-2021|Z9181|02-Aug-2021|Z139|02-Aug-2021|Z1331|02-Aug-2021|Z1331|02-Aug-2021|F1990|02-Aug-2021|F109|02-Aug-2021|||||||||||||||||||||||||||||||0|0||9|450|99408|3.0|2021-08-03T00:00:00|hospital_C|hospital_C_20210802
SYN_BENE_17BD7FBBD3A4|SYN_CLM_9276FE33CB24|V|60|02-Aug-2021|02-Aug-2021|06-Aug-2021||3|377673|1|1|1|| |1904.09|0.0| ||37|1306950993| |9999907899| |9999907899|||0|1| |1904.09|02-Aug-2021|1|2|A|10|0.0|380.84|0|4|0.0|0.0|0|0|0|0|0|0|0|0|0|0|0|0|0|||||02-Aug-2021|951.0|0|0||Z733|Z733|N|Z604|Y|T7431X|N|N1830|Y|E1129|N|N182|Y|R801|Y|Z653|Y|I4891|Y|N181|Y|E1121|Y|E11319|Y|D4959|Y|D075|Y|E781|Y|E119|Y|E8881|Y|I10|Y|Z954|N|I350|Y|R931|Y|I259|Y|E785|Y|E669|Y|G4733|N|||| | | | | | | | | | | | | | | | | | | | | | |GZ3|02-Aug-2021|G4730|02-Aug-2021|Z741|02-Aug-2021|F419|02-Aug-2021|Z9181|02-Aug-2021|Z139|02-Aug-2021|Z1331|02-Aug-2021|Z1331|02-Aug-2021|F1990|02-Aug-2021|F109|02-Aug-2021|||||||||||||||||||||||||||||||0|0||10|450|G0442|3.0|2021-08-03T00:00:00|hospital_C|hospital_C_20210802
SYN_BENE_83B001FC9E67|SYN_CLM_FA1A13E51DCB|V|60|02-Aug-2021|02-Aug-2021|06-Aug-2021||3|377673|1|1|1|| |1904.09|0.0| ||37|1306950993| |9999907899| |9999907899|||0|1| |1904.09|02-Aug-2021|1|2|A|10|0.0|380.84|0|4|0.0|0.0|0|0|0|0|0|0|0|0|0|0|0|0|0|||||02-Aug-2021|951.0|0|0||Z733|Z733|N|Z604|Y|T7431X|N|N1830|Y|E1129|N|N182|Y|R801|Y|Z653|Y|I4891|Y|N181|Y|E1121|Y|E11319|Y|D4959|Y|D075|Y|E781|Y|E119|Y|E8881|Y|I10|Y|Z954|N|I350|Y|R931|Y|I259|Y|E785|Y|E669|Y|G4733|N|||| | | | | | | | | | | | | | | | | | | | | | |GZ3|02-Aug-2021|G4730|02-Aug-2021|Z741|02-Aug-2021|F419|02-Aug-2021|Z9181|02-Aug-2021|Z139|02-Aug-2021|Z1331|02-Aug-2021|Z1331|02-Aug-2021|F1990|02-Aug-2021|F109|02-Aug-2021|||||||||||||||||||||||||||||||0|0||1|450|99495|3.0|2021-08-03T00:00:00|hospital_C|hospital_C_20210802
SYN_BENE_83B001FC9E67|SYN_CLM_FA1A13E51DCB|V|60|02-Aug-2021|02-Aug-2021|06-Aug-2021||3|377673|1|1|1|| |1904.09|0.0| ||37|1306950993| |9999907899| |9999907899|||0|1| |1904.09|02-Aug-2021|1|2|A|10|0.0|380.84|0|4|0.0|0.0|0|0|0|0|0|0|0|0|0|0|0|0|0|||||02-Aug-2021|951.0|0|0||Z733|Z733|N|Z604|Y|T7431X|N|N1830|Y|E1129|N|N182|Y|R801|Y|Z653|Y|I4891|Y|N181|Y|E1121|Y|E11319|Y|D4959|Y|D075|Y|E781|Y|E119|Y|E8881|Y|I10|Y|Z954|N|I350|Y|R931|Y|I259|Y|E785|Y|E669|Y|G4733|N|||| | | | | | | | | | | | | | | | | | | | | | |GZ3|02-Aug-2021|G4730|02-Aug-2021|Z741|02-Aug-2021|F419|02-Aug-2021|Z9181|02-Aug-2021|Z139|02-Aug-2021|Z1331|02-Aug-2021|Z1331|02-Aug-2021|F1990|02-Aug-2021|F109|02-Aug-2021|||||||||||||||||||||||||||||||0|0||2|450|G8839|3.0|2021-08-03T00:00:00|hospital_C|hospital_C_20210802
SYN_BENE_83B001FC9E67|SYN_CLM_FA1A13E51DCB|V|60|02-Aug-2021|02-Aug-2021|06-Aug-2021||3|377673|1|1|1|| |1904.09|0.0| ||37|1306950993| |9999907899| |9999907899|||0|1| |1904.09|02-Aug-2021|1|2|A|10|0.0|380.84|0|4|0.0|0.0|0|0|0|0|0|0|0|0|0|0|0|0|0|||||02-Aug-2021|951.0|0|0||Z733|Z733|N|Z604|Y|T7431X|N|N1830|Y|E1129|N|N182|Y|R801|Y|Z653|Y|I4891|Y|N181|Y|E1121|Y|E11319|Y|D4959|Y|D075|Y|E781|Y|E119|Y|E8881|Y|I10|Y|Z954|N|I350|Y|R931|Y|I259|Y|E785|Y|E669|Y|G4733|N|||| | | | | | | | | | | | | | | | | | | | | | |GZ3|02-Aug-2021|G4730|02-Aug-2021|Z741|02-Aug-2021|F419|02-Aug-2021|Z9181|02-Aug-2021|Z139|02-Aug-2021|Z1331|02-Aug-2021|Z1331|02-Aug-2021|F1990|02-Aug-2021|F109|02-Aug-2021|||||||||||||||||||||||||||||||0|0||3|450|96156|3.0|2021-08-03T00:00:00|hospital_C|hospital_C_20210802
SYN_BENE_83B001FC9E67|SYN_CLM_FA1A13E51DCB|V|60|02-Aug-2021|02-Aug-2021|06-Aug-2021||3|377673|1|1|1|| |1904.09|0.0| ||37|1306950993| |9999907899| |9999907899|||0|1| |1904.09|02-Aug-2021|1|2|A|10|0.0|380.84|0|4|0.0|0.0|0|0|0|0|0|0|0|0|0|0|0|0|0|||||02-Aug-2021|951.0|0|0||Z733|Z733|N|Z604|Y|T7431X|N|N1830|Y|E1129|N|N182|Y|R801|Y|Z653|Y|I4891|Y|N181|Y|E1121|Y|E11319|Y|D4959|Y|D075|Y|E781|Y|E119|Y|E8881|Y|I10|Y|Z954|N|I350|Y|R931|Y|I259|Y|E785|Y|E669|Y|G4733|N|||| | | | | | | | | | | | | | | | | | | | | | |GZ3|02-Aug-2021|G4730|02-Aug-2021|Z741|02-Aug-2021|F419|02-Aug-2021|Z9181|02-Aug-2021|Z139|02-Aug-2021|Z1331|02-Aug-2021|Z1331|02-Aug-2021|F1990|02-Aug-2021|F109|02-Aug-2021|||||||||||||||||||||||||||||||0|0||4|450|96127|3.0|2021-08-03T00:00:00|hospital_C|hospital_C_20210802
SYN_BENE_83B001FC9E67|SYN_CLM_FA1A13E51DCB|V|60|02-Aug-2021|02-Aug-2021|06-Aug-2021||3|377673|1|1|1|| |1904.09|0.0| ||37|1306950993| |9999907899| |9999907899|||0|1| |1904.09|02-Aug-2021|1|2|A|10|0.0|380.84|0|4|0.0|0.0|0|0|0|0|0|0|0|0|0|0|0|0|0|||||02-Aug-2021|951.0|0|0||Z733|Z733|N|Z604|Y|T7431X|N|N1830|Y|E1129|N|N182|Y|R801|Y|Z653|Y|I4891|Y|N181|Y|E1121|Y|E11319|Y|D4959|Y|D075|Y|E781|Y|E119|Y|E8881|Y|I10|Y|Z954|N|I350|Y|R931|Y|I259|Y|E785|Y|E669|Y|G4733|N|||| | | | | | | | | | | | | | | | | | | | | | |GZ3|02-Aug-2021|G4730|02-Aug-2021|Z741|02-Aug-2021|F419|02-Aug-2021|Z9181|02-Aug-2021|Z139|02-Aug-2021|Z1331|02-Aug-2021|Z1331|02-Aug-2021|F1990|02-Aug-2021|F109|02-Aug-2021|||||||||||||||||||||||||||||||0|0||5|450|M1069|3.0|2021-08-03T00:00:00|hospital_C|hospital_C_20210802
SYN_BENE_83B001FC9E67|SYN_CLM_FA1A13E51DCB|V|60|02-Aug-2021|02-Aug-2021|06-Aug-2021||3|377673|1|1|1|| |1904.09|0.0| ||37|1306950993| |9999907899| |9999907899|||0|1| |1904.09|02-Aug-2021|1|2|A|10|0.0|380.84|0|4|0.0|0.0|0|0|0|0|0|0|0|0|0|0|0|0|0|||||02-Aug-2021|951.0|0|0||Z733|Z733|N|Z604|Y|T7431X|N|N1830|Y|E1129|N|N182|Y|R801|Y|Z653|Y|I4891|Y|N181|Y|E1121|Y|E11319|Y|D4959|Y|D075|Y|E781|Y|E119|Y|E8881|Y|I10|Y|Z954|N|I350|Y|R931|Y|I259|Y|E785|Y|E669|Y|G4733|N|||| | | | | | | | | | | | | | | | | | | | | | |GZ3|02-Aug-2021|G4730|02-Aug-2021|Z741|02-Aug-2021|F419|02-Aug-2021|Z9181|02-Aug-2021|Z139|02-Aug-2021|Z1331|02-Aug-2021|Z1331|02-Aug-2021|F1990|02-Aug-2021|F109|02-Aug-2021|||||||||||||||||||||||||||||||0|0||6|450|99401|3.0|2021-08-03T00:00:00|hospital_C|hospital_C_20210802
SYN_BENE_83B001FC9E67|SYN_CLM_FA1A13E51DCB|V|60|02-Aug-2021|02-Aug-2021|06-Aug-2021||3|377673|1|1|1|| |1904.09|0.0| ||37|1306950993| |9999907899| |9999907899|||0|1| |1904.09|02-Aug-2021|1|2|A|10|0.0|380.84|0|4|0.0|0.0|0|0|0|0|0|0|0|0|0|0|0|0|0|||||02-Aug-2021|951.0|0|0||Z733|Z733|N|Z604|Y|T7431X|N|N1830|Y|E1129|N|N182|Y|R801|Y|Z653|Y|I4891|Y|N181|Y|E1121|Y|E11319|Y|D4959|Y|D075|Y|E781|Y|E119|Y|E8881|Y|I10|Y|Z954|N|I350|Y|R931|Y|I259|Y|E785|Y|E669|Y|G4733|N|||| | | | | | | | | | | | | | | | | | | | | | |GZ3|02-Aug-2021|G4730|02-Aug-2021|Z741|02-Aug-2021|F419|02-Aug-2021|Z9181|02-Aug-2021|Z139|02-Aug-2021|Z1331|02-Aug-2021|Z1331|02-Aug-2021|F1990|02-Aug-2021|F109|02-Aug-2021|||||||||||||||||||||||||||||||0|0||7|450|G0444|3.0|2021-08-03T00:00:00|hospital_C|hospital_C_20210802
SYN_BENE_83B001FC9E67|SYN_CLM_FA1A13E51DCB|V|60|02-Aug-2021|02-Aug-2021|06-Aug-2021||3|377673|1|1|1|| |1904.09|0.0| ||37|1306950993| |9999907899| |9999907899|||0|1| |1904.09|02-Aug-2021|1|2|A|10|0.0|380.84|0|4|0.0|0.0|0|0|0|0|0|0|0|0|0|0|0|0|0|||||02-Aug-2021|951.0|0|0||Z733|Z733|N|Z604|Y|T7431X|N|N1830|Y|E1129|N|N182|Y|R801|Y|Z653|Y|I4891|Y|N181|Y|E1121|Y|E11319|Y|D4959|Y|D075|Y|E781|Y|E119|Y|E8881|Y|I10|Y|Z954|N|I350|Y|R931|Y|I259|Y|E785|Y|E669|Y|G4733|N|||| | | | | | | | | | | | | | | | | | | | | | |GZ3|02-Aug-2021|G4730|02-Aug-2021|Z741|02-Aug-2021|F419|02-Aug-2021|Z9181|02-Aug-2021|Z139|02-Aug-2021|Z1331|02-Aug-2021|Z1331|02-Aug-2021|F1990|02-Aug-2021|F109|02-Aug-2021|||||||||||||||||||||||||||||||0|0||8|450|G0444|3.0|2021-08-03T00:00:00|hospital_C|hospital_C_20210802
SYN_BENE_83B001FC9E67|SYN_CLM_FA1A13E51DCB|V|60|02-Aug-2021|02-Aug-2021|06-Aug-2021||3|377673|1|1|1|| |1904.09|0.0| ||37|1306950993| |9999907899| |9999907899|||0|1| |1904.09|02-Aug-2021|1|2|A|10|0.0|380.84|0|4|0.0|0.0|0|0|0|0|0|0|0|0|0|0|0|0|0|||||02-Aug-2021|951.0|0|0||Z733|Z733|N|Z604|Y|T7431X|N|N1830|Y|E1129|N|N182|Y|R801|Y|Z653|Y|I4891|Y|N181|Y|E1121|Y|E11319|Y|D4959|Y|D075|Y|E781|Y|E119|Y|E8881|Y|I10|Y|Z954|N|I350|Y|R931|Y|I259|Y|E785|Y|E669|Y|G4733|N|||| | | | | | | | | | | | | | | | | | | | | | |GZ3|02-Aug-2021|G4730|02-Aug-2021|Z741|02-Aug-2021|F419|02-Aug-2021|Z9181|02-Aug-2021|Z139|02-Aug-2021|Z1331|02-Aug-2021|Z1331|02-Aug-2021|F1990|02-Aug-2021|F109|02-Aug-2021|||||||||||||||||||||||||||||||0|0||9|450|99408|3.0|2021-08-03T00:00:00|hospital_C|hospital_C_20210802
SYN_BENE_83B001FC9E67|SYN_CLM_FA1A13E51DCB|V|60|02-Aug-2021|02-Aug-2021|06-Aug-2021||3|377673|1|1|1|| |1904.09|0.0| ||37|1306950993| |9999907899| |9999907899|||0|1| |1904.09|02-Aug-2021|1|2|A|10|0.0|380.84|0|4|0.0|0.0|0|0|0|0|0|0|0|0|0|0|0|0|0|||||02-Aug-2021|951.0|0|0||Z733|Z733|N|Z604|Y|T7431X|N|N1830|Y|E1129|N|N182|Y|R801|Y|Z653|Y|I4891|Y|N181|Y|E1121|Y|E11319|Y|D4959|Y|D075|Y|E781|Y|E119|Y|E8881|Y|I10|Y|Z954|N|I350|Y|R931|Y|I259|Y|E785|Y|E669|Y|G4733|N|||| | | | | | | | | | | | | | | | | | | | | | |GZ3|02-Aug-2021|G4730|02-Aug-2021|Z741|02-Aug-2021|F419|02-Aug-2021|Z9181|02-Aug-2021|Z139|02-Aug-2021|Z1331|02-Aug-2021|Z1331|02-Aug-2021|F1990|02-Aug-2021|F109|02-Aug-2021|||||||||||||||||||||||||||||||0|0||10|450|G0442|3.0|2021-08-03T00:00:00|hospital_C|hospital_C_20210802
SYN_BENE_E48EEC839504|SYN_CLM_AEA914EF80EF|V|60|02-Aug-2021|02-Aug-2021|06-Aug-2021||3|377673|1|1|1|| |1904.09|0.0| ||37|1306950993| |9999907899| |9999907899|||0|1| |1904.09|02-Aug-2021|1|2|A|10|0.0|380.84|0|4|0.0|0.0|0|0|0|0|0|0|0|0|0|0|0|0|0|||||02-Aug-2021|951.0|0|0||Z733|Z733|N|Z604|Y|T7431X|N|N1830|Y|E1129|N|N182|Y|R801|Y|Z653|Y|I4891|Y|N181|Y|E1121|Y|E11319|Y|D4959|Y|D075|Y|E781|Y|E119|Y|E8881|Y|I10|Y|Z954|N|I350|Y|R931|Y|I259|Y|E785|Y|E669|Y|G4733|N|||| | | | | | | | | | | | | | | | | | | | | | |GZ3|02-Aug-2021|G4730|02-Aug-2021|Z741|02-Aug-2021|F419|02-Aug-2021|Z9181|02-Aug-2021|Z139|02-Aug-2021|Z1331|02-Aug-2021|Z1331|02-Aug-2021|F1990|02-Aug-2021|F109|02-Aug-2021|||||||||||||||||||||||||||||||0|0||1|450|99495|3.0|2021-08-03T00:00:00|hospital_C|hospital_C_20210802
SYN_BENE_E48EEC839504|SYN_CLM_AEA914EF80EF|V|60|02-Aug-2021|02-Aug-2021|06-Aug-2021||3|377673|1|1|1|| |1904.09|0.0| ||37|1306950993| |9999907899| |9999907899|||0|1| |1904.09|02-Aug-2021|1|2|A|10|0.0|380.84|0|4|0.0|0.0|0|0|0|0|0|0|0|0|0|0|0|0|0|||||02-Aug-2021|951.0|0|0||Z733|Z733|N|Z604|Y|T7431X|N|N1830|Y|E1129|N|N182|Y|R801|Y|Z653|Y|I4891|Y|N181|Y|E1121|Y|E11319|Y|D4959|Y|D075|Y|E781|Y|E119|Y|E8881|Y|I10|Y|Z954|N|I350|Y|R931|Y|I259|Y|E785|Y|E669|Y|G4733|N|||| | | | | | | | | | | | | | | | | | | | | | |GZ3|02-Aug-2021|G4730|02-Aug-2021|Z741|02-Aug-2021|F419|02-Aug-2021|Z9181|02-Aug-2021|Z139|02-Aug-2021|Z1331|02-Aug-2021|Z1331|02-Aug-2021|F1990|02-Aug-2021|F109|02-Aug-2021|||||||||||||||||||||||||||||||0|0||2|450|G8839|3.0|2021-08-03T00:00:00|hospital_C|hospital_C_20210802
SYN_BENE_E48EEC839504|SYN_CLM_AEA914EF80EF|V|60|02-Aug-2021|02-Aug-2021|06-Aug-2021||3|377673|1|1|1|| |1904.09|0.0| ||37|1306950993| |9999907899| |9999907899|||0|1| |1904.09|02-Aug-2021|1|2|A|10|0.0|380.84|0|4|0.0|0.0|0|0|0|0|0|0|0|0|0|0|0|0|0|||||02-Aug-2021|951.0|0|0||Z733|Z733|N|Z604|Y|T7431X|N|N1830|Y|E1129|N|N182|Y|R801|Y|Z653|Y|I4891|Y|N181|Y|E1121|Y|E11319|Y|D4959|Y|D075|Y|E781|Y|E119|Y|E8881|Y|I10|Y|Z954|N|I350|Y|R931|Y|I259|Y|E785|Y|E669|Y|G4733|N|||| | | | | | | | | | | | | | | | | | | | | | |GZ3|02-Aug-2021|G4730|02-Aug-2021|Z741|02-Aug-2021|F419|02-Aug-2021|Z9181|02-Aug-2021|Z139|02-Aug-2021|Z1331|02-Aug-2021|Z1331|02-Aug-2021|F1990|02-Aug-2021|F109|02-Aug-2021|||||||||||||||||||||||||||||||0|0||3|450|96156|3.0|2021-08-03T00:00:00|hospital_C|hospital_C_20210802
SYN_BENE_E48EEC839504|SYN_CLM_AEA914EF80EF|V|60|02-Aug-2021|02-Aug-2021|06-Aug-2021||3|377673|1|1|1|| |1904.09|0.0| ||37|1306950993| |9999907899| |9999907899|||0|1| |1904.09|02-Aug-2021|1|2|A|10|0.0|380.84|0|4|0.0|0.0|0|0|0|0|0|0|0|0|0|0|0|0|0|||||02-Aug-2021|951.0|0|0||Z733|Z733|N|Z604|Y|T7431X|N|N1830|Y|E1129|N|N182|Y|R801|Y|Z653|Y|I4891|Y|N181|Y|E1121|Y|E11319|Y|D4959|Y|D075|Y|E781|Y|E119|Y|E8881|Y|I10|Y|Z954|N|I350|Y|R931|Y|I259|Y|E785|Y|E669|Y|G4733|N|||| | | | | | | | | | | | | | | | | | | | | | |GZ3|02-Aug-2021|G4730|02-Aug-2021|Z741|02-Aug-2021|F419|02-Aug-2021|Z9181|02-Aug-2021|Z139|02-Aug-2021|Z1331|02-Aug-2021|Z1331|02-Aug-2021|F1990|02-Aug-2021|F109|02-Aug-2021|||||||||||||||||||||||||||||||0|0||4|450|96127|3.0|2021-08-03T00:00:00|hospital_C|hospital_C_20210802
SYN_BENE_E48EEC839504|SYN_CLM_AEA914EF80EF|V|60|02-Aug-2021|02-Aug-2021|06-Aug-2021||3|377673|1|1|1|| |1904.09|0.0| ||37|1306950993| |9999907899| |9999907899|||0|1| |1904.09|02-Aug-2021|1|2|A|10|0.0|380.84|0|4|0.0|0.0|0|0|0|0|0|0|0|0|0|0|0|0|0|||||02-Aug-2021|951.0|0|0||Z733|Z733|N|Z604|Y|T7431X|N|N1830|Y|E1129|N|N182|Y|R801|Y|Z653|Y|I4891|Y|N181|Y|E1121|Y|E11319|Y|D4959|Y|D075|Y|E781|Y|E119|Y|E8881|Y|I10|Y|Z954|N|I350|Y|R931|Y|I259|Y|E785|Y|E669|Y|G4733|N|||| | | | | | | | | | | | | | | | | | | | | | |GZ3|02-Aug-2021|G4730|02-Aug-2021|Z741|02-Aug-2021|F419|02-Aug-2021|Z9181|02-Aug-2021|Z139|02-Aug-2021|Z1331|02-Aug-2021|Z1331|02-Aug-2021|F1990|02-Aug-2021|F109|02-Aug-2021|||||||||||||||||||||||||||||||0|0||5|450|M1069|3.0|2021-08-03T00:00:00|hospital_C|hospital_C_20210802
SYN_BENE_E48EEC839504|SYN_CLM_AEA914EF80EF|V|60|02-Aug-2021|02-Aug-2021|06-Aug-2021||3|377673|1|1|1|| |1904.09|0.0| ||37|1306950993| |9999907899| |9999907899|||0|1| |1904.09|02-Aug-2021|1|2|A|10|0.0|380.84|0|4|0.0|0.0|0|0|0|0|0|0|0|0|0|0|0|0|0|||||02-Aug-2021|951.0|0|0||Z733|Z733|N|Z604|Y|T7431X|N|N1830|Y|E1129|N|N182|Y|R801|Y|Z653|Y|I4891|Y|N181|Y|E1121|Y|E11319|Y|D4959|Y|D075|Y|E781|Y|E119|Y|E8881|Y|I10|Y|Z954|N|I350|Y|R931|Y|I259|Y|E785|Y|E669|Y|G4733|N|||| | | | | | | | | | | | | | | | | | | | | | |GZ3|02-Aug-2021|G4730|02-Aug-2021|Z741|02-Aug-2021|F419|02-Aug-2021|Z9181|02-Aug-2021|Z139|02-Aug-2021|Z1331|02-Aug-2021|Z1331|02-Aug-2021|F1990|02-Aug-2021|F109|02-Aug-2021|||||||||||||||||||||||||||||||0|0||6|450|99401|3.0|2021-08-03T00:00:00|hospital_C|hospital_C_20210802
SYN_BENE_E48EEC839504|SYN_CLM_AEA914EF80EF|V|60|02-Aug-2021|02-Aug-2021|06-Aug-2021||3|377673|1|1|1|| |1904.09|0.0| ||37|1306950993| |9999907899| |9999907899|||0|1| |1904.09|02-Aug-2021|1|2|A|10|0.0|380.84|0|4|0.0|0.0|0|0|0|0|0|0|0|0|0|0|0|0|0|||||02-Aug-2021|951.0|0|0||Z733|Z733|N|Z604|Y|T7431X|N|N1830|Y|E1129|N|N182|Y|R801|Y|Z653|Y|I4891|Y|N181|Y|E1121|Y|E11319|Y|D4959|Y|D075|Y|E781|Y|E119|Y|E8881|Y|I10|Y|Z954|N|I350|Y|R931|Y|I259|Y|E785|Y|E669|Y|G4733|N|||| | | | | | | | | | | | | | | | | | | | | | |GZ3|02-Aug-2021|G4730|02-Aug-2021|Z741|02-Aug-2021|F419|02-Aug-2021|Z9181|02-Aug-2021|Z139|02-Aug-2021|Z1331|02-Aug-2021|Z1331|02-Aug-2021|F1990|02-Aug-2021|F109|02-Aug-2021|||||||||||||||||||||||||||||||0|0||7|450|G0444|3.0|2021-08-03T00:00:00|hospital_C|hospital_C_20210802
SYN_BENE_E48EEC839504|SYN_CLM_AEA914EF80EF|V|60|02-Aug-2021|02-Aug-2021|06-Aug-2021||3|377673|1|1|1|| |1904.09|0.0| ||37|1306950993| |9999907899| |9999907899|||0|1| |1904.09|02-Aug-2021|1|2|A|10|0.0|380.84|0|4|0.0|0.0|0|0|0|0|0|0|0|0|0|0|0|0|0|||||02-Aug-2021|951.0|0|0||Z733|Z733|N|Z604|Y|T7431X|N|N1830|Y|E1129|N|N182|Y|R801|Y|Z653|Y|I4891|Y|N181|Y|E1121|Y|E11319|Y|D4959|Y|D075|Y|E781|Y|E119|Y|E8881|Y|I10|Y|Z954|N|I350|Y|R931|Y|I259|Y|E785|Y|E669|Y|G4733|N|||| | | | | | | | | | | | | | | | | | | | | | |GZ3|02-Aug-2021|G4730|02-Aug-2021|Z741|02-Aug-2021|F419|02-Aug-2021|Z9181|02-Aug-2021|Z139|02-Aug-2021|Z1331|02-Aug-2021|Z1331|02-Aug-2021|F1990|02-Aug-2021|F109|02-Aug-2021|||||||||||||||||||||||||||||||0|0||8|450|G0444|3.0|2021-08-03T00:00:00|hospital_C|hospital_C_20210802
SYN_BENE_E48EEC839504|SYN_CLM_AEA914EF80EF|V|60|02-Aug-2021|02-Aug-2021|06-Aug-2021||3|377673|1|1|1|| |1904.09|0.0| ||37|1306950993| |9999907899| |9999907899|||0|1| |1904.09|02-Aug-2021|1|2|A|10|0.0|380.84|0|4|0.0|0.0|0|0|0|0|0|0|0|0|0|0|0|0|0|||||02-Aug-2021|951.0|0|0||Z733|Z733|N|Z604|Y|T7431X|N|N1830|Y|E1129|N|N182|Y|R801|Y|Z653|Y|I4891|Y|N181|Y|E1121|Y|E11319|Y|D4959|Y|D075|Y|E781|Y|E119|Y|E8881|Y|I10|Y|Z954|N|I350|Y|R931|Y|I259|Y|E785|Y|E669|Y|G4733|N|||| | | | | | | | | | | | | | | | | | | | | | |GZ3|02-Aug-2021|G4730|02-Aug-2021|Z741|02-Aug-2021|F419|02-Aug-2021|Z9181|02-Aug-2021|Z139|02-Aug-2021|Z1331|02-Aug-2021|Z1331|02-Aug-2021|F1990|02-Aug-2021|F109|02-Aug-2021|||||||||||||||||||||||||||||||0|0||9|450|99408|3.0|2021-08-03T00:00:00|hospital_C|hospital_C_20210802
SYN_BENE_E48EEC839504|SYN_CLM_AEA914EF80EF|V|60|02-Aug-2021|02-Aug-2021|06-Aug-2021||3|377673|1|1|1|| |1904.09|0.0| ||37|1306950993| |9999907899| |9999907899|||0|1| |1904.09|02-Aug-2021|1|2|A|10|0.0|380.84|0|4|0.0|0.0|0|0|0|0|0|0|0|0|0|0|0|0|0|||||02-Aug-2021|951.0|0|0||Z733|Z733|N|Z604|Y|T7431X|N|N1830|Y|E1129|N|N182|Y|R801|Y|Z653|Y|I4891|Y|N181|Y|E1121|Y|E11319|Y|D4959|Y|D075|Y|E781|Y|E119|Y|E8881|Y|I10|Y|Z954|N|I350|Y|R931|Y|I259|Y|E785|Y|E669|Y|G4733|N|||| | | | | | | | | | | | | | | | | | | | | | |GZ3|02-Aug-2021|G4730|02-Aug-2021|Z741|02-Aug-2021|F419|02-Aug-2021|Z9181|02-Aug-2021|Z139|02-Aug-2021|Z1331|02-Aug-2021|Z1331|02-Aug-2021|F1990|02-Aug-2021|F109|02-Aug-2021|||||||||||||||||||||||||||||||0|0||10|450|G0442|3.0|2021-08-03T00:00:00|hospital_C|hospital_C_20210802
SYN_BENE_4A5C7545CEF0|SYN_CLM_054BC93DF53F|V|60|02-Aug-2021|02-Aug-2021|06-Aug-2021||3|377673|1|1|1|| |1904.09|0.0| ||37|1306950993| |9999907899| |9999907899|||0|1| |1904.09|02-Aug-2021|1|2|A|10|0.0|380.84|0|4|0.0|0.0|0|0|0|0|0|0|0|0|0|0|0|0|0|||||02-Aug-2021|951.0|0|0||Z733|Z733|N|Z604|Y|T7431X|N|N1830|Y|E1129|N|N182|Y|R801|Y|Z653|Y|I4891|Y|N181|Y|E1121|Y|E11319|Y|D4959|Y|D075|Y|E781|Y|E119|Y|E8881|Y|I10|Y|Z954|N|I350|Y|R931|Y|I259|Y|E785|Y|E669|Y|G4733|N|||| | | | | | | | | | | | | | | | | | | | | | |GZ3|02-Aug-2021|G4730|02-Aug-2021|Z741|02-Aug-2021|F419|02-Aug-2021|Z9181|02-Aug-2021|Z139|02-Aug-2021|Z1331|02-Aug-2021|Z1331|02-Aug-2021|F1990|02-Aug-2021|F109|02-Aug-2021|||||||||||||||||||||||||||||||0|0||1|450|99495|3.0|2021-08-03T00:00:00|hospital_C|hospital_C_20210802
SYN_BENE_4A5C7545CEF0|SYN_CLM_054BC93DF53F|V|60|02-Aug-2021|02-Aug-2021|06-Aug-2021||3|377673|1|1|1|| |1904.09|0.0| ||37|1306950993| |9999907899| |9999907899|||0|1| |1904.09|02-Aug-2021|1|2|A|10|0.0|380.84|0|4|0.0|0.0|0|0|0|0|0|0|0|0|0|0|0|0|0|||||02-Aug-2021|951.0|0|0||Z733|Z733|N|Z604|Y|T7431X|N|N1830|Y|E1129|N|N182|Y|R801|Y|Z653|Y|I4891|Y|N181|Y|E1121|Y|E11319|Y|D4959|Y|D075|Y|E781|Y|E119|Y|E8881|Y|I10|Y|Z954|N|I350|Y|R931|Y|I259|Y|E785|Y|E669|Y|G4733|N|||| | | | | | | | | | | | | | | | | | | | | | |GZ3|02-Aug-2021|G4730|02-Aug-2021|Z741|02-Aug-2021|F419|02-Aug-2021|Z9181|02-Aug-2021|Z139|02-Aug-2021|Z1331|02-Aug-2021|Z1331|02-Aug-2021|F1990|02-Aug-2021|F109|02-Aug-2021|||||||||||||||||||||||||||||||0|0||2|450|G8839|3.0|2021-08-03T00:00:00|hospital_C|hospital_C_20210802
SYN_BENE_4A5C7545CEF0|SYN_CLM_054BC93DF53F|V|60|02-Aug-2021|02-Aug-2021|06-Aug-2021||3|377673|1|1|1|| |1904.09|0.0| ||37|1306950993| |9999907899| |9999907899|||0|1| |1904.09|02-Aug-2021|1|2|A|10|0.0|380.84|0|4|0.0|0.0|0|0|0|0|0|0|0|0|0|0|0|0|0|||||02-Aug-2021|951.0|0|0||Z733|Z733|N|Z604|Y|T7431X|N|N1830|Y|E1129|N|N182|Y|R801|Y|Z653|Y|I4891|Y|N181|Y|E1121|Y|E11319|Y|D4959|Y|D075|Y|E781|Y|E119|Y|E8881|Y|I10|Y|Z954|N|I350|Y|R931|Y|I259|Y|E785|Y|E669|Y|G4733|N|||| | | | | | | | | | | | | | | | | | | | | | |GZ3|02-Aug-2021|G4730|02-Aug-2021|Z741|02-Aug-2021|F419|02-Aug-2021|Z9181|02-Aug-2021|Z139|02-Aug-2021|Z1331|02-Aug-2021|Z1331|02-Aug-2021|F1990|02-Aug-2021|F109|02-Aug-2021|||||||||||||||||||||||||||||||0|0||3|450|96156|3.0|2021-08-03T00:00:00|hospital_C|hospital_C_20210802
SYN_BENE_4A5C7545CEF0|SYN_CLM_054BC93DF53F|V|60|02-Aug-2021|02-Aug-2021|06-Aug-2021||3|377673|1|1|1|| |1904.09|0.0| ||37|1306950993| |9999907899| |9999907899|||0|1| |1904.09|02-Aug-2021|1|2|A|10|0.0|380.84|0|4|0.0|0.0|0|0|0|0|0|0|0|0|0|0|0|0|0|||||02-Aug-2021|951.0|0|0||Z733|Z733|N|Z604|Y|T7431X|N|N1830|Y|E1129|N|N182|Y|R801|Y|Z653|Y|I4891|Y|N181|Y|E1121|Y|E11319|Y|D4959|Y|D075|Y|E781|Y|E119|Y|E8881|Y|I10|Y|Z954|N|I350|Y|R931|Y|I259|Y|E785|Y|E669|Y|G4733|N|||| | | | | | | | | | | | | | | | | | | | | | |GZ3|02-Aug-2021|G4730|02-Aug-2021|Z741|02-Aug-2021|F419|02-Aug-2021|Z9181|02-Aug-2021|Z139|02-Aug-2021|Z1331|02-Aug-2021|Z1331|02-Aug-2021|F1990|02-Aug-2021|F109|02-Aug-2021|||||||||||||||||||||||||||||||0|0||4|450|96127|3.0|2021-08-03T00:00:00|hospital_C|hospital_C_20210802
SYN_BENE_4A5C7545CEF0|SYN_CLM_054BC93DF53F|V|60|02-Aug-2021|02-Aug-2021|06-Aug-2021||3|377673|1|1|1|| |1904.09|0.0| ||37|1306950993| |9999907899| |9999907899|||0|1| |1904.09|02-Aug-2021|1|2|A|10|0.0|380.84|0|4|0.0|0.0|0|0|0|0|0|0|0|0|0|0|0|0|0|||||02-Aug-2021|951.0|0|0||Z733|Z733|N|Z604|Y|T7431X|N|N1830|Y|E1129|N|N182|Y|R801|Y|Z653|Y|I4891|Y|N181|Y|E1121|Y|E11319|Y|D4959|Y|D075|Y|E781|Y|E119|Y|E8881|Y|I10|Y|Z954|N|I350|Y|R931|Y|I259|Y|E785|Y|E669|Y|G4733|N|||| | | | | | | | | | | | | | | | | | | | | | |GZ3|02-Aug-2021|G4730|02-Aug-2021|Z741|02-Aug-2021|F419|02-Aug-2021|Z9181|02-Aug-2021|Z139|02-Aug-2021|Z1331|02-Aug-2021|Z1331|02-Aug-2021|F1990|02-Aug-2021|F109|02-Aug-2021|||||||||||||||||||||||||||||||0|0||5|450|M1069|3.0|2021-08-03T00:00:00|hospital_C|hospital_C_20210802
SYN_BENE_4A5C7545CEF0|SYN_CLM_054BC93DF53F|V|60|02-Aug-2021|02-Aug-2021|06-Aug-2021||3|377673|1|1|1|| |1904.09|0.0| ||37|1306950993| |9999907899| |9999907899|||0|1| |1904.09|02-Aug-2021|1|2|A|10|0.0|380.84|0|4|0.0|0.0|0|0|0|0|0|0|0|0|0|0|0|0|0|||||02-Aug-2021|951.0|0|0||Z733|Z733|N|Z604|Y|T7431X|N|N1830|Y|E1129|N|N182|Y|R801|Y|Z653|Y|I4891|Y|N181|Y|E1121|Y|E11319|Y|D4959|Y|D075|Y|E781|Y|E119|Y|E8881|Y|I10|Y|Z954|N|I350|Y|R931|Y|I259|Y|E785|Y|E669|Y|G4733|N|||| | | | | | | | | | | | | | | | | | | | | | |GZ3|02-Aug-2021|G4730|02-Aug-2021|Z741|02-Aug-2021|F419|02-Aug-2021|Z9181|02-Aug-2021|Z139|02-Aug-2021|Z1331|02-Aug-2021|Z1331|02-Aug-2021|F1990|02-Aug-2021|F109|02-Aug-2021|||||||||||||||||||||||||||||||0|0||6|450|99401|3.0|2021-08-03T00:00:00|hospital_C|hospital_C_20210802
SYN_BENE_4A5C7545CEF0|SYN_CLM_054BC93DF53F|V|60|02-Aug-2021|02-Aug-2021|06-Aug-2021||3|377673|1|1|1|| |1904.09|0.0| ||37|1306950993| |9999907899| |9999907899|||0|1| |1904.09|02-Aug-2021|1|2|A|10|0.0|380.84|0|4|0.0|0.0|0|0|0|0|0|0|0|0|0|0|0|0|0|||||02-Aug-2021|951.0|0|0||Z733|Z733|N|Z604|Y|T7431X|N|N1830|Y|E1129|N|N182|Y|R801|Y|Z653|Y|I4891|Y|N181|Y|E1121|Y|E11319|Y|D4959|Y|D075|Y|E781|Y|E119|Y|E8881|Y|I10|Y|Z954|N|I350|Y|R931|Y|I259|Y|E785|Y|E669|Y|G4733|N|||| | | | | | | | | | | | | | | | | | | | | | |GZ3|02-Aug-2021|G4730|02-Aug-2021|Z741|02-Aug-2021|F419|02-Aug-2021|Z9181|02-Aug-2021|Z139|02-Aug-2021|Z1331|02-Aug-2021|Z1331|02-Aug-2021|F1990|02-Aug-2021|F109|02-Aug-2021|||||||||||||||||||||||||||||||0|0||7|450|G0444|3.0|2021-08-03T00:00:00|hospital_C|hospital_C_20210802
SYN_BENE_4A5C7545CEF0|SYN_CLM_054BC93DF53F|V|60|02-Aug-2021|02-Aug-2021|06-Aug-2021||3|377673|1|1|1|| |1904.09|0.0| ||37|1306950993| |9999907899| |9999907899|||0|1| |1904.09|02-Aug-2021|1|2|A|10|0.0|380.84|0|4|0.0|0.0|0|0|0|0|0|0|0|0|0|0|0|0|0|||||02-Aug-2021|951.0|0|0||Z733|Z733|N|Z604|Y|T7431X|N|N1830|Y|E1129|N|N182|Y|R801|Y|Z653|Y|I4891|Y|N181|Y|E1121|Y|E11319|Y|D4959|Y|D075|Y|E781|Y|E119|Y|E8881|Y|I10|Y|Z954|N|I350|Y|R931|Y|I259|Y|E785|Y|E669|Y|G4733|N|||| | | | | | | | | | | | | | | | | | | | | | |GZ3|02-Aug-2021|G4730|02-Aug-2021|Z741|02-Aug-2021|F419|02-Aug-2021|Z9181|02-Aug-2021|Z139|02-Aug-2021|Z1331|02-Aug-2021|Z1331|02-Aug-2021|F1990|02-Aug-2021|F109|02-Aug-2021|||||||||||||||||||||||||||||||0|0||8|450|G0444|3.0|2021-08-03T00:00:00|hospital_C|hospital_C_20210802
SYN_BENE_4A5C7545CEF0|SYN_CLM_054BC93DF53F|V|60|02-Aug-2021|02-Aug-2021|06-Aug-2021||3|377673|1|1|1|| |1904.09|0.0| ||37|1306950993| |9999907899| |9999907899|||0|1| |1904.09|02-Aug-2021|1|2|A|10|0.0|380.84|0|4|0.0|0.0|0|0|0|0|0|0|0|0|0|0|0|0|0|||||02-Aug-2021|951.0|0|0||Z733|Z733|N|Z604|Y|T7431X|N|N1830|Y|E1129|N|N182|Y|R801|Y|Z653|Y|I4891|Y|N181|Y|E1121|Y|E11319|Y|D4959|Y|D075|Y|E781|Y|E119|Y|E8881|Y|I10|Y|Z954|N|I350|Y|R931|Y|I259|Y|E785|Y|E669|Y|G4733|N|||| | | | | | | | | | | | | | | | | | | | | | |GZ3|02-Aug-2021|G4730|02-Aug-2021|Z741|02-Aug-2021|F419|02-Aug-2021|Z9181|02-Aug-2021|Z139|02-Aug-2021|Z1331|02-Aug-2021|Z1331|02-Aug-2021|F1990|02-Aug-2021|F109|02-Aug-2021|||||||||||||||||||||||||||||||0|0||9|450|99408|3.0|2021-08-03T00:00:00|hospital_C|hospital_C_20210802
SYN_BENE_4A5C7545CEF0|SYN_CLM_054BC93DF53F|V|60|02-Aug-2021|02-Aug-2021|06-Aug-2021||3|377673|1|1|1|| |1904.09|0.0| ||37|1306950993| |9999907899| |9999907899|||0|1| |1904.09|02-Aug-2021|1|2|A|10|0.0|380.84|0|4|0.0|0.0|0|0|0|0|0|0|0|0|0|0|0|0|0|||||02-Aug-2021|951.0|0|0||Z733|Z733|N|Z604|Y|T7431X|N|N1830|Y|E1129|N|N182|Y|R801|Y|Z653|Y|I4891|Y|N181|Y|E1121|Y|E11319|Y|D4959|Y|D075|Y|E781|Y|E119|Y|E8881|Y|I10|Y|Z954|N|I350|Y|R931|Y|I259|Y|E785|Y|E669|Y|G4733|N|||| | | | | | | | | | | | | | | | | | | | | | |GZ3|02-Aug-2021|G4730|02-Aug-2021|Z741|02-Aug-2021|F419|02-Aug-2021|Z9181|02-Aug-2021|Z139|02-Aug-2021|Z1331|02-Aug-2021|Z1331|02-Aug-2021|F1990|02-Aug-2021|F109|02-Aug-2021|||||||||||||||||||||||||||||||0|0||10|450|G0442|3.0|2021-08-03T00:00:00|hospital_C|hospital_C_20210802
SYN_BENE_F08F004B9795|SYN_CLM_84A39CF9B95E|V|60|02-Aug-2021|02-Aug-2021|06-Aug-2021||3|377673|1|1|1|| |1904.09|0.0| ||37|1306950993| |9999907899| |9999907899|||0|1| |1904.09|02-Aug-2021|1|2|A|10|0.0|380.84|0|4|0.0|0.0|0|0|0|0|0|0|0|0|0|0|0|0|0|||||02-Aug-2021|951.0|0|0||Z733|Z733|N|Z604|Y|T7431X|N|N1830|Y|E1129|N|N182|Y|R801|Y|Z653|Y|I4891|Y|N181|Y|E1121|Y|E11319|Y|D4959|Y|D075|Y|E781|Y|E119|Y|E8881|Y|I10|Y|Z954|N|I350|Y|R931|Y|I259|Y|E785|Y|E669|Y|G4733|N|||| | | | | | | | | | | | | | | | | | | | | | |GZ3|02-Aug-2021|G4730|02-Aug-2021|Z741|02-Aug-2021|F419|02-Aug-2021|Z9181|02-Aug-2021|Z139|02-Aug-2021|Z1331|02-Aug-2021|Z1331|02-Aug-2021|F1990|02-Aug-2021|F109|02-Aug-2021|||||||||||||||||||||||||||||||0|0||1|450|99495|3.0|2021-08-03T00:00:00|hospital_C|hospital_C_20210802
SYN_BENE_F08F004B9795|SYN_CLM_84A39CF9B95E|V|60|02-Aug-2021|02-Aug-2021|06-Aug-2021||3|377673|1|1|1|| |1904.09|0.0| ||37|1306950993| |9999907899| |9999907899|||0|1| |1904.09|02-Aug-2021|1|2|A|10|0.0|380.84|0|4|0.0|0.0|0|0|0|0|0|0|0|0|0|0|0|0|0|||||02-Aug-2021|951.0|0|0||Z733|Z733|N|Z604|Y|T7431X|N|N1830|Y|E1129|N|N182|Y|R801|Y|Z653|Y|I4891|Y|N181|Y|E1121|Y|E11319|Y|D4959|Y|D075|Y|E781|Y|E119|Y|E8881|Y|I10|Y|Z954|N|I350|Y|R931|Y|I259|Y|E785|Y|E669|Y|G4733|N|||| | | | | | | | | | | | | | | | | | | | | | |GZ3|02-Aug-2021|G4730|02-Aug-2021|Z741|02-Aug-2021|F419|02-Aug-2021|Z9181|02-Aug-2021|Z139|02-Aug-2021|Z1331|02-Aug-2021|Z1331|02-Aug-2021|F1990|02-Aug-2021|F109|02-Aug-2021|||||||||||||||||||||||||||||||0|0||2|450|G8839|3.0|2021-08-03T00:00:00|hospital_C|hospital_C_20210802
SYN_BENE_F08F004B9795|SYN_CLM_84A39CF9B95E|V|60|02-Aug-2021|02-Aug-2021|06-Aug-2021||3|377673|1|1|1|| |1904.09|0.0| ||37|1306950993| |9999907899| |9999907899|||0|1| |1904.09|02-Aug-2021|1|2|A|10|0.0|380.84|0|4|0.0|0.0|0|0|0|0|0|0|0|0|0|0|0|0|0|||||02-Aug-2021|951.0|0|0||Z733|Z733|N|Z604|Y|T7431X|N|N1830|Y|E1129|N|N182|Y|R801|Y|Z653|Y|I4891|Y|N181|Y|E1121|Y|E11319|Y|D4959|Y|D075|Y|E781|Y|E119|Y|E8881|Y|I10|Y|Z954|N|I350|Y|R931|Y|I259|Y|E785|Y|E669|Y|G4733|N|||| | | | | | | | | | | | | | | | | | | | | | |GZ3|02-Aug-2021|G4730|02-Aug-2021|Z741|02-Aug-2021|F419|02-Aug-2021|Z9181|02-Aug-2021|Z139|02-Aug-2021|Z1331|02-Aug-2021|Z1331|02-Aug-2021|F1990|02-Aug-2021|F109|02-Aug-2021|||||||||||||||||||||||||||||||0|0||3|450|96156|3.0|2021-08-03T00:00:00|hospital_C|hospital_C_20210802
SYN_BENE_F08F004B9795|SYN_CLM_84A39CF9B95E|V|60|02-Aug-2021|02-Aug-2021|06-Aug-2021||3|377673|1|1|1|| |1904.09|0.0| ||37|1306950993| |9999907899| |9999907899|||0|1| |1904.09|02-Aug-2021|1|2|A|10|0.0|380.84|0|4|0.0|0.0|0|0|0|0|0|0|0|0|0|0|0|0|0|||||02-Aug-2021|951.0|0|0||Z733|Z733|N|Z604|Y|T7431X|N|N1830|Y|E1129|N|N182|Y|R801|Y|Z653|Y|I4891|Y|N181|Y|E1121|Y|E11319|Y|D4959|Y|D075|Y|E781|Y|E119|Y|E8881|Y|I10|Y|Z954|N|I350|Y|R931|Y|I259|Y|E785|Y|E669|Y|G4733|N|||| | | | | | | | | | | | | | | | | | | | | | |GZ3|02-Aug-2021|G4730|02-Aug-2021|Z741|02-Aug-2021|F419|02-Aug-2021|Z9181|02-Aug-2021|Z139|02-Aug-2021|Z1331|02-Aug-2021|Z1331|02-Aug-2021|F1990|02-Aug-2021|F109|02-Aug-2021|||||||||||||||||||||||||||||||0|0||4|450|96127|3.0|2021-08-03T00:00:00|hospital_C|hospital_C_20210802
SYN_BENE_F08F004B9795|SYN_CLM_84A39CF9B95E|V|60|02-Aug-2021|02-Aug-2021|06-Aug-2021||3|377673|1|1|1|| |1904.09|0.0| ||37|1306950993| |9999907899| |9999907899|||0|1| |1904.09|02-Aug-2021|1|2|A|10|0.0|380.84|0|4|0.0|0.0|0|0|0|0|0|0|0|0|0|0|0|0|0|||||02-Aug-2021|951.0|0|0||Z733|Z733|N|Z604|Y|T7431X|N|N1830|Y|E1129|N|N182|Y|R801|Y|Z653|Y|I4891|Y|N181|Y|E1121|Y|E11319|Y|D4959|Y|D075|Y|E781|Y|E119|Y|E8881|Y|I10|Y|Z954|N|I350|Y|R931|Y|I259|Y|E785|Y|E669|Y|G4733|N|||| | | | | | | | | | | | | | | | | | | | | | |GZ3|02-Aug-2021|G4730|02-Aug-2021|Z741|02-Aug-2021|F419|02-Aug-2021|Z9181|02-Aug-2021|Z139|02-Aug-2021|Z1331|02-Aug-2021|Z1331|02-Aug-2021|F1990|02-Aug-2021|F109|02-Aug-2021|||||||||||||||||||||||||||||||0|0||5|450|M1069|3.0|2021-08-03T00:00:00|hospital_C|hospital_C_20210802
SYN_BENE_F08F004B9795|SYN_CLM_84A39CF9B95E|V|60|02-Aug-2021|02-Aug-2021|06-Aug-2021||3|377673|1|1|1|| |1904.09|0.0| ||37|1306950993| |9999907899| |9999907899|||0|1| |1904.09|02-Aug-2021|1|2|A|10|0.0|380.84|0|4|0.0|0.0|0|0|0|0|0|0|0|0|0|0|0|0|0|||||02-Aug-2021|951.0|0|0||Z733|Z733|N|Z604|Y|T7431X|N|N1830|Y|E1129|N|N182|Y|R801|Y|Z653|Y|I4891|Y|N181|Y|E1121|Y|E11319|Y|D4959|Y|D075|Y|E781|Y|E119|Y|E8881|Y|I10|Y|Z954|N|I350|Y|R931|Y|I259|Y|E785|Y|E669|Y|G4733|N|||| | | | | | | | | | | | | | | | | | | | | | |GZ3|02-Aug-2021|G4730|02-Aug-2021|Z741|02-Aug-2021|F419|02-Aug-2021|Z9181|02-Aug-2021|Z139|02-Aug-2021|Z1331|02-Aug-2021|Z1331|02-Aug-2021|F1990|02-Aug-2021|F109|02-Aug-2021|||||||||||||||||||||||||||||||0|0||6|450|99401|3.0|2021-08-03T00:00:00|hospital_C|hospital_C_20210802
SYN_BENE_F08F004B9795|SYN_CLM_84A39CF9B95E|V|60|02-Aug-2021|02-Aug-2021|06-Aug-2021||3|377673|1|1|1|| |1904.09|0.0| ||37|1306950993| |9999907899| |9999907899|||0|1| |1904.09|02-Aug-2021|1|2|A|10|0.0|380.84|0|4|0.0|0.0|0|0|0|0|0|0|0|0|0|0|0|0|0|||||02-Aug-2021|951.0|0|0||Z733|Z733|N|Z604|Y|T7431X|N|N1830|Y|E1129|N|N182|Y|R801|Y|Z653|Y|I4891|Y|N181|Y|E1121|Y|E11319|Y|D4959|Y|D075|Y|E781|Y|E119|Y|E8881|Y|I10|Y|Z954|N|I350|Y|R931|Y|I259|Y|E785|Y|E669|Y|G4733|N|||| | | | | | | | | | | | | | | | | | | | | | |GZ3|02-Aug-2021|G4730|02-Aug-2021|Z741|02-Aug-2021|F419|02-Aug-2021|Z9181|02-Aug-2021|Z139|02-Aug-2021|Z1331|02-Aug-2021|Z1331|02-Aug-2021|F1990|02-Aug-2021|F109|02-Aug-2021|||||||||||||||||||||||||||||||0|0||7|450|G0444|3.0|2021-08-03T00:00:00|hospital_C|hospital_C_20210802
SYN_BENE_F08F004B9795|SYN_CLM_84A39CF9B95E|V|60|02-Aug-2021|02-Aug-2021|06-Aug-2021||3|377673|1|1|1|| |1904.09|0.0| ||37|1306950993| |9999907899| |9999907899|||0|1| |1904.09|02-Aug-2021|1|2|A|10|0.0|380.84|0|4|0.0|0.0|0|0|0|0|0|0|0|0|0|0|0|0|0|||||02-Aug-2021|951.0|0|0||Z733|Z733|N|Z604|Y|T7431X|N|N1830|Y|E1129|N|N182|Y|R801|Y|Z653|Y|I4891|Y|N181|Y|E1121|Y|E11319|Y|D4959|Y|D075|Y|E781|Y|E119|Y|E8881|Y|I10|Y|Z954|N|I350|Y|R931|Y|I259|Y|E785|Y|E669|Y|G4733|N|||| | | | | | | | | | | | | | | | | | | | | | |GZ3|02-Aug-2021|G4730|02-Aug-2021|Z741|02-Aug-2021|F419|02-Aug-2021|Z9181|02-Aug-2021|Z139|02-Aug-2021|Z1331|02-Aug-2021|Z1331|02-Aug-2021|F1990|02-Aug-2021|F109|02-Aug-2021|||||||||||||||||||||||||||||||0|0||8|450|G0444|3.0|2021-08-03T00:00:00|hospital_C|hospital_C_20210802
SYN_BENE_F08F004B9795|SYN_CLM_84A39CF9B95E|V|60|02-Aug-2021|02-Aug-2021|06-Aug-2021||3|377673|1|1|1|| |1904.09|0.0| ||37|1306950993| |9999907899| |9999907899|||0|1| |1904.09|02-Aug-2021|1|2|A|10|0.0|380.84|0|4|0.0|0.0|0|0|0|0|0|0|0|0|0|0|0|0|0|||||02-Aug-2021|951.0|0|0||Z733|Z733|N|Z604|Y|T7431X|N|N1830|Y|E1129|N|N182|Y|R801|Y|Z653|Y|I4891|Y|N181|Y|E1121|Y|E11319|Y|D4959|Y|D075|Y|E781|Y|E119|Y|E8881|Y|I10|Y|Z954|N|I350|Y|R931|Y|I259|Y|E785|Y|E669|Y|G4733|N|||| | | | | | | | | | | | | | | | | | | | | | |GZ3|02-Aug-2021|G4730|02-Aug-2021|Z741|02-Aug-2021|F419|02-Aug-2021|Z9181|02-Aug-2021|Z139|02-Aug-2021|Z1331|02-Aug-2021|Z1331|02-Aug-2021|F1990|02-Aug-2021|F109|02-Aug-2021|||||||||||||||||||||||||||||||0|0||9|450|99408|3.0|2021-08-03T00:00:00|hospital_C|hospital_C_20210802
SYN_BENE_F08F004B9795|SYN_CLM_84A39CF9B95E|V|60|02-Aug-2021|02-Aug-2021|06-Aug-2021||3|377673|1|1|1|| |1904.09|0.0| ||37|1306950993| |9999907899| |9999907899|||0|1| |1904.09|02-Aug-2021|1|2|A|10|0.0|380.84|0|4|0.0|0.0|0|0|0|0|0|0|0|0|0|0|0|0|0|||||02-Aug-2021|951.0|0|0||Z733|Z733|N|Z604|Y|T7431X|N|N1830|Y|E1129|N|N182|Y|R801|Y|Z653|Y|I4891|Y|N181|Y|E1121|Y|E11319|Y|D4959|Y|D075|Y|E781|Y|E119|Y|E8881|Y|I10|Y|Z954|N|I350|Y|R931|Y|I259|Y|E785|Y|E669|Y|G4733|N|||| | | | | | | | | | | | | | | | | | | | | | |GZ3|02-Aug-2021|G4730|02-Aug-2021|Z741|02-Aug-2021|F419|02-Aug-2021|Z9181|02-Aug-2021|Z139|02-Aug-2021|Z1331|02-Aug-2021|Z1331|02-Aug-2021|F1990|02-Aug-2021|F109|02-Aug-2021|||||||||||||||||||||||||||||||0|0||10|450|G0442|3.0|2021-08-03T00:00:00|hospital_C|hospital_C_20210802
SYN_BENE_15C166BCC570|SYN_CLM_466F98DE3868|V|60|02-Aug-2021|02-Aug-2021|06-Aug-2021||3|377673|1|1|1|| |1904.09|0.0| ||37|1306950993| |9999907899| |9999907899|||0|1| |1904.09|02-Aug-2021|1|2|A|10|0.0|380.84|0|4|0.0|0.0|0|0|0|0|0|0|0|0|0|0|0|0|0|||||02-Aug-2021|951.0|0|0||Z733|Z733|N|Z604|Y|T7431X|N|N1830|Y|E1129|N|N182|Y|R801|Y|Z653|Y|I4891|Y|N181|Y|E1121|Y|E11319|Y|D4959|Y|D075|Y|E781|Y|E119|Y|E8881|Y|I10|Y|Z954|N|I350|Y|R931|Y|I259|Y|E785|Y|E669|Y|G4733|N|||| | | | | | | | | | | | | | | | | | | | | | |GZ3|02-Aug-2021|G4730|02-Aug-2021|Z741|02-Aug-2021|F419|02-Aug-2021|Z9181|02-Aug-2021|Z139|02-Aug-2021|Z1331|02-Aug-2021|Z1331|02-Aug-2021|F1990|02-Aug-2021|F109|02-Aug-2021|||||||||||||||||||||||||||||||0|0||1|450|99495|3.0|2021-08-03T00:00:00|hospital_C|hospital_C_20210802
SYN_BENE_15C166BCC570|SYN_CLM_466F98DE3868|V|60|02-Aug-2021|02-Aug-2021|06-Aug-2021||3|377673|1|1|1|| |1904.09|0.0| ||37|1306950993| |9999907899| |9999907899|||0|1| |1904.09|02-Aug-2021|1|2|A|10|0.0|380.84|0|4|0.0|0.0|0|0|0|0|0|0|0|0|0|0|0|0|0|||||02-Aug-2021|951.0|0|0||Z733|Z733|N|Z604|Y|T7431X|N|N1830|Y|E1129|N|N182|Y|R801|Y|Z653|Y|I4891|Y|N181|Y|E1121|Y|E11319|Y|D4959|Y|D075|Y|E781|Y|E119|Y|E8881|Y|I10|Y|Z954|N|I350|Y|R931|Y|I259|Y|E785|Y|E669|Y|G4733|N|||| | | | | | | | | | | | | | | | | | | | | | |GZ3|02-Aug-2021|G4730|02-Aug-2021|Z741|02-Aug-2021|F419|02-Aug-2021|Z9181|02-Aug-2021|Z139|02-Aug-2021|Z1331|02-Aug-2021|Z1331|02-Aug-2021|F1990|02-Aug-2021|F109|02-Aug-2021|||||||||||||||||||||||||||||||0|0||2|450|G8839|3.0|2021-08-03T00:00:00|hospital_C|hospital_C_20210802
SYN_BENE_15C166BCC570|SYN_CLM_466F98DE3868|V|60|02-Aug-2021|02-Aug-2021|06-Aug-2021||3|377673|1|1|1|| |1904.09|0.0| ||37|1306950993| |9999907899| |9999907899|||0|1| |1904.09|02-Aug-2021|1|2|A|10|0.0|380.84|0|4|0.0|0.0|0|0|0|0|0|0|0|0|0|0|0|0|0|||||02-Aug-2021|951.0|0|0||Z733|Z733|N|Z604|Y|T7431X|N|N1830|Y|E1129|N|N182|Y|R801|Y|Z653|Y|I4891|Y|N181|Y|E1121|Y|E11319|Y|D4959|Y|D075|Y|E781|Y|E119|Y|E8881|Y|I10|Y|Z954|N|I350|Y|R931|Y|I259|Y|E785|Y|E669|Y|G4733|N|||| | | | | | | | | | | | | | | | | | | | | | |GZ3|02-Aug-2021|G4730|02-Aug-2021|Z741|02-Aug-2021|F419|02-Aug-2021|Z9181|02-Aug-2021|Z139|02-Aug-2021|Z1331|02-Aug-2021|Z1331|02-Aug-2021|F1990|02-Aug-2021|F109|02-Aug-2021|||||||||||||||||||||||||||||||0|0||3|450|96156|3.0|2021-08-03T00:00:00|hospital_C|hospital_C_20210802
SYN_BENE_15C166BCC570|SYN_CLM_466F98DE3868|V|60|02-Aug-2021|02-Aug-2021|06-Aug-2021||3|377673|1|1|1|| |1904.09|0.0| ||37|1306950993| |9999907899| |9999907899|||0|1| |1904.09|02-Aug-2021|1|2|A|10|0.0|380.84|0|4|0.0|0.0|0|0|0|0|0|0|0|0|0|0|0|0|0|||||02-Aug-2021|951.0|0|0||Z733|Z733|N|Z604|Y|T7431X|N|N1830|Y|E1129|N|N182|Y|R801|Y|Z653|Y|I4891|Y|N181|Y|E1121|Y|E11319|Y|D4959|Y|D075|Y|E781|Y|E119|Y|E8881|Y|I10|Y|Z954|N|I350|Y|R931|Y|I259|Y|E785|Y|E669|Y|G4733|N|||| | | | | | | | | | | | | | | | | | | | | | |GZ3|02-Aug-2021|G4730|02-Aug-2021|Z741|02-Aug-2021|F419|02-Aug-2021|Z9181|02-Aug-2021|Z139|02-Aug-2021|Z1331|02-Aug-2021|Z1331|02-Aug-2021|F1990|02-Aug-2021|F109|02-Aug-2021|||||||||||||||||||||||||||||||0|0||4|450|96127|3.0|2021-08-03T00:00:00|hospital_C|hospital_C_20210802
SYN_BENE_15C166BCC570|SYN_CLM_466F98DE3868|V|60|02-Aug-2021|02-Aug-2021|06-Aug-2021||3|377673|1|1|1|| |1904.09|0.0| ||37|1306950993| |9999907899| |9999907899|||0|1| |1904.09|02-Aug-2021|1|2|A|10|0.0|380.84|0|4|0.0|0.0|0|0|0|0|0|0|0|0|0|0|0|0|0|||||02-Aug-2021|951.0|0|0||Z733|Z733|N|Z604|Y|T7431X|N|N1830|Y|E1129|N|N182|Y|R801|Y|Z653|Y|I4891|Y|N181|Y|E1121|Y|E11319|Y|D4959|Y|D075|Y|E781|Y|E119|Y|E8881|Y|I10|Y|Z954|N|I350|Y|R931|Y|I259|Y|E785|Y|E669|Y|G4733|N|||| | | | | | | | | | | | | | | | | | | | | | |GZ3|02-Aug-2021|G4730|02-Aug-2021|Z741|02-Aug-2021|F419|02-Aug-2021|Z9181|02-Aug-2021|Z139|02-Aug-2021|Z1331|02-Aug-2021|Z1331|02-Aug-2021|F1990|02-Aug-2021|F109|02-Aug-2021|||||||||||||||||||||||||||||||0|0||5|450|M1069|3.0|2021-08-03T00:00:00|hospital_C|hospital_C_20210802
SYN_BENE_15C166BCC570|SYN_CLM_466F98DE3868|V|60|02-Aug-2021|02-Aug-2021|06-Aug-2021||3|377673|1|1|1|| |1904.09|0.0| ||37|1306950993| |9999907899| |9999907899|||0|1| |1904.09|02-Aug-2021|1|2|A|10|0.0|380.84|0|4|0.0|0.0|0|0|0|0|0|0|0|0|0|0|0|0|0|||||02-Aug-2021|951.0|0|0||Z733|Z733|N|Z604|Y|T7431X|N|N1830|Y|E1129|N|N182|Y|R801|Y|Z653|Y|I4891|Y|N181|Y|E1121|Y|E11319|Y|D4959|Y|D075|Y|E781|Y|E119|Y|E8881|Y|I10|Y|Z954|N|I350|Y|R931|Y|I259|Y|E785|Y|E669|Y|G4733|N|||| | | | | | | | | | | | | | | | | | | | | | |GZ3|02-Aug-2021|G4730|02-Aug-2021|Z741|02-Aug-2021|F419|02-Aug-2021|Z9181|02-Aug-2021|Z139|02-Aug-2021|Z1331|02-Aug-2021|Z1331|02-Aug-2021|F1990|02-Aug-2021|F109|02-Aug-2021|||||||||||||||||||||||||||||||0|0||6|450|99401|3.0|2021-08-03T00:00:00|hospital_C|hospital_C_20210802
SYN_BENE_15C166BCC570|SYN_CLM_466F98DE3868|V|60|02-Aug-2021|02-Aug-2021|06-Aug-2021||3|377673|1|1|1|| |1904.09|0.0| ||37|1306950993| |9999907899| |9999907899|||0|1| |1904.09|02-Aug-2021|1|2|A|10|0.0|380.84|0|4|0.0|0.0|0|0|0|0|0|0|0|0|0|0|0|0|0|||||02-Aug-2021|951.0|0|0||Z733|Z733|N|Z604|Y|T7431X|N|N1830|Y|E1129|N|N182|Y|R801|Y|Z653|Y|I4891|Y|N181|Y|E1121|Y|E11319|Y|D4959|Y|D075|Y|E781|Y|E119|Y|E8881|Y|I10|Y|Z954|N|I350|Y|R931|Y|I259|Y|E785|Y|E669|Y|G4733|N|||| | | | | | | | | | | | | | | | | | | | | | |GZ3|02-Aug-2021|G4730|02-Aug-2021|Z741|02-Aug-2021|F419|02-Aug-2021|Z9181|02-Aug-2021|Z139|02-Aug-2021|Z1331|02-Aug-2021|Z1331|02-Aug-2021|F1990|02-Aug-2021|F109|02-Aug-2021|||||||||||||||||||||||||||||||0|0||7|450|G0444|3.0|2021-08-03T00:00:00|hospital_C|hospital_C_20210802
SYN_BENE_15C166BCC570|SYN_CLM_466F98DE3868|V|60|02-Aug-2021|02-Aug-2021|06-Aug-2021||3|377673|1|1|1|| |1904.09|0.0| ||37|1306950993| |9999907899| |9999907899|||0|1| |1904.09|02-Aug-2021|1|2|A|10|0.0|380.84|0|4|0.0|0.0|0|0|0|0|0|0|0|0|0|0|0|0|0|||||02-Aug-2021|951.0|0|0||Z733|Z733|N|Z604|Y|T7431X|N|N1830|Y|E1129|N|N182|Y|R801|Y|Z653|Y|I4891|Y|N181|Y|E1121|Y|E11319|Y|D4959|Y|D075|Y|E781|Y|E119|Y|E8881|Y|I10|Y|Z954|N|I350|Y|R931|Y|I259|Y|E785|Y|E669|Y|G4733|N|||| | | | | | | | | | | | | | | | | | | | | | |GZ3|02-Aug-2021|G4730|02-Aug-2021|Z741|02-Aug-2021|F419|02-Aug-2021|Z9181|02-Aug-2021|Z139|02-Aug-2021|Z1331|02-Aug-2021|Z1331|02-Aug-2021|F1990|02-Aug-2021|F109|02-Aug-2021|||||||||||||||||||||||||||||||0|0||8|450|G0444|3.0|2021-08-03T00:00:00|hospital_C|hospital_C_20210802
SYN_BENE_15C166BCC570|SYN_CLM_466F98DE3868|V|60|02-Aug-2021|02-Aug-2021|06-Aug-2021||3|377673|1|1|1|| |1904.09|0.0| ||37|1306950993| |9999907899| |9999907899|||0|1| |1904.09|02-Aug-2021|1|2|A|10|0.0|380.84|0|4|0.0|0.0|0|0|0|0|0|0|0|0|0|0|0|0|0|||||02-Aug-2021|951.0|0|0||Z733|Z733|N|Z604|Y|T7431X|N|N1830|Y|E1129|N|N182|Y|R801|Y|Z653|Y|I4891|Y|N181|Y|E1121|Y|E11319|Y|D4959|Y|D075|Y|E781|Y|E119|Y|E8881|Y|I10|Y|Z954|N|I350|Y|R931|Y|I259|Y|E785|Y|E669|Y|G4733|N|||| | | | | | | | | | | | | | | | | | | | | | |GZ3|02-Aug-2021|G4730|02-Aug-2021|Z741|02-Aug-2021|F419|02-Aug-2021|Z9181|02-Aug-2021|Z139|02-Aug-2021|Z1331|02-Aug-2021|Z1331|02-Aug-2021|F1990|02-Aug-2021|F109|02-Aug-2021|||||||||||||||||||||||||||||||0|0||9|450|99408|3.0|2021-08-03T00:00:00|hospital_C|hospital_C_20210802
SYN_BENE_15C166BCC570|SYN_CLM_466F98DE3868|V|60|02-Aug-2021|02-Aug-2021|06-Aug-2021||3|377673|1|1|1|| |1904.09|0.0| ||37|1306950993| |9999907899| |9999907899|||0|1| |1904.09|02-Aug-2021|1|2|A|10|0.0|380.84|0|4|0.0|0.0|0|0|0|0|0|0|0|0|0|0|0|0|0|||||02-Aug-2021|951.0|0|0||Z733|Z733|N|Z604|Y|T7431X|N|N1830|Y|E1129|N|N182|Y|R801|Y|Z653|Y|I4891|Y|N181|Y|E1121|Y|E11319|Y|D4959|Y|D075|Y|E781|Y|E119|Y|E8881|Y|I10|Y|Z954|N|I350|Y|R931|Y|I259|Y|E785|Y|E669|Y|G4733|N|||| | | | | | | | | | | | | | | | | | | | | | |GZ3|02-Aug-2021|G4730|02-Aug-2021|Z741|02-Aug-2021|F419|02-Aug-2021|Z9181|02-Aug-2021|Z139|02-Aug-2021|Z1331|02-Aug-2021|Z1331|02-Aug-2021|F1990|02-Aug-2021|F109|02-Aug-2021|||||||||||||||||||||||||||||||0|0||10|450|G0442|3.0|2021-08-03T00:00:00|hospital_C|hospital_C_20210802
SYN_BENE_86865302EEDA|SYN_CLM_45D17ED67B10|V|60|02-Aug-2021|02-Aug-2021|06-Aug-2021||3|377673|1|1|1|| |1904.09|0.0| ||37|1306950993| |9999907899| |9999907899|||0|1| |1904.09|02-Aug-2021|1|2|A|10|0.0|380.84|0|4|0.0|0.0|0|0|0|0|0|0|0|0|0|0|0|0|0|||||02-Aug-2021|951.0|0|0||Z733|Z733|N|Z604|Y|T7431X|N|N1830|Y|E1129|N|N182|Y|R801|Y|Z653|Y|I4891|Y|N181|Y|E1121|Y|E11319|Y|D4959|Y|D075|Y|E781|Y|E119|Y|E8881|Y|I10|Y|Z954|N|I350|Y|R931|Y|I259|Y|E785|Y|E669|Y|G4733|N|||| | | | | | | | | | | | | | | | | | | | | | |GZ3|02-Aug-2021|G4730|02-Aug-2021|Z741|02-Aug-2021|F419|02-Aug-2021|Z9181|02-Aug-2021|Z139|02-Aug-2021|Z1331|02-Aug-2021|Z1331|02-Aug-2021|F1990|02-Aug-2021|F109|02-Aug-2021|||||||||||||||||||||||||||||||0|0||1|450|99495|3.0|2021-08-03T00:00:00|hospital_C|hospital_C_20210802
SYN_BENE_86865302EEDA|SYN_CLM_45D17ED67B10|V|60|02-Aug-2021|02-Aug-2021|06-Aug-2021||3|377673|1|1|1|| |1904.09|0.0| ||37|1306950993| |9999907899| |9999907899|||0|1| |1904.09|02-Aug-2021|1|2|A|10|0.0|380.84|0|4|0.0|0.0|0|0|0|0|0|0|0|0|0|0|0|0|0|||||02-Aug-2021|951.0|0|0||Z733|Z733|N|Z604|Y|T7431X|N|N1830|Y|E1129|N|N182|Y|R801|Y|Z653|Y|I4891|Y|N181|Y|E1121|Y|E11319|Y|D4959|Y|D075|Y|E781|Y|E119|Y|E8881|Y|I10|Y|Z954|N|I350|Y|R931|Y|I259|Y|E785|Y|E669|Y|G4733|N|||| | | | | | | | | | | | | | | | | | | | | | |GZ3|02-Aug-2021|G4730|02-Aug-2021|Z741|02-Aug-2021|F419|02-Aug-2021|Z9181|02-Aug-2021|Z139|02-Aug-2021|Z1331|02-Aug-2021|Z1331|02-Aug-2021|F1990|02-Aug-2021|F109|02-Aug-2021|||||||||||||||||||||||||||||||0|0||2|450|G8839|3.0|2021-08-03T00:00:00|hospital_C|hospital_C_20210802
SYN_BENE_86865302EEDA|SYN_CLM_45D17ED67B10|V|60|02-Aug-2021|02-Aug-2021|06-Aug-2021||3|377673|1|1|1|| |1904.09|0.0| ||37|1306950993| |9999907899| |9999907899|||0|1| |1904.09|02-Aug-2021|1|2|A|10|0.0|380.84|0|4|0.0|0.0|0|0|0|0|0|0|0|0|0|0|0|0|0|||||02-Aug-2021|951.0|0|0||Z733|Z733|N|Z604|Y|T7431X|N|N1830|Y|E1129|N|N182|Y|R801|Y|Z653|Y|I4891|Y|N181|Y|E1121|Y|E11319|Y|D4959|Y|D075|Y|E781|Y|E119|Y|E8881|Y|I10|Y|Z954|N|I350|Y|R931|Y|I259|Y|E785|Y|E669|Y|G4733|N|||| | | | | | | | | | | | | | | | | | | | | | |GZ3|02-Aug-2021|G4730|02-Aug-2021|Z741|02-Aug-2021|F419|02-Aug-2021|Z9181|02-Aug-2021|Z139|02-Aug-2021|Z1331|02-Aug-2021|Z1331|02-Aug-2021|F1990|02-Aug-2021|F109|02-Aug-2021|||||||||||||||||||||||||||||||0|0||3|450|96156|3.0|2021-08-03T00:00:00|hospital_C|hospital_C_20210802
SYN_BENE_86865302EEDA|SYN_CLM_45D17ED67B10|V|60|02-Aug-2021|02-Aug-2021|06-Aug-2021||3|377673|1|1|1|| |1904.09|0.0| ||37|1306950993| |9999907899| |9999907899|||0|1| |1904.09|02-Aug-2021|1|2|A|10|0.0|380.84|0|4|0.0|0.0|0|0|0|0|0|0|0|0|0|0|0|0|0|||||02-Aug-2021|951.0|0|0||Z733|Z733|N|Z604|Y|T7431X|N|N1830|Y|E1129|N|N182|Y|R801|Y|Z653|Y|I4891|Y|N181|Y|E1121|Y|E11319|Y|D4959|Y|D075|Y|E781|Y|E119|Y|E8881|Y|I10|Y|Z954|N|I350|Y|R931|Y|I259|Y|E785|Y|E669|Y|G4733|N|||| | | | | | | | | | | | | | | | | | | | | | |GZ3|02-Aug-2021|G4730|02-Aug-2021|Z741|02-Aug-2021|F419|02-Aug-2021|Z9181|02-Aug-2021|Z139|02-Aug-2021|Z1331|02-Aug-2021|Z1331|02-Aug-2021|F1990|02-Aug-2021|F109|02-Aug-2021|||||||||||||||||||||||||||||||0|0||4|450|96127|3.0|2021-08-03T00:00:00|hospital_C|hospital_C_20210802
SYN_BENE_86865302EEDA|SYN_CLM_45D17ED67B10|V|60|02-Aug-2021|02-Aug-2021|06-Aug-2021||3|377673|1|1|1|| |1904.09|0.0| ||37|1306950993| |9999907899| |9999907899|||0|1| |1904.09|02-Aug-2021|1|2|A|10|0.0|380.84|0|4|0.0|0.0|0|0|0|0|0|0|0|0|0|0|0|0|0|||||02-Aug-2021|951.0|0|0||Z733|Z733|N|Z604|Y|T7431X|N|N1830|Y|E1129|N|N182|Y|R801|Y|Z653|Y|I4891|Y|N181|Y|E1121|Y|E11319|Y|D4959|Y|D075|Y|E781|Y|E119|Y|E8881|Y|I10|Y|Z954|N|I350|Y|R931|Y|I259|Y|E785|Y|E669|Y|G4733|N|||| | | | | | | | | | | | | | | | | | | | | | |GZ3|02-Aug-2021|G4730|02-Aug-2021|Z741|02-Aug-2021|F419|02-Aug-2021|Z9181|02-Aug-2021|Z139|02-Aug-2021|Z1331|02-Aug-2021|Z1331|02-Aug-2021|F1990|02-Aug-2021|F109|02-Aug-2021|||||||||||||||||||||||||||||||0|0||5|450|M1069|3.0|2021-08-03T00:00:00|hospital_C|hospital_C_20210802
SYN_BENE_86865302EEDA|SYN_CLM_45D17ED67B10|V|60|02-Aug-2021|02-Aug-2021|06-Aug-2021||3|377673|1|1|1|| |1904.09|0.0| ||37|1306950993| |9999907899| |9999907899|||0|1| |1904.09|02-Aug-2021|1|2|A|10|0.0|380.84|0|4|0.0|0.0|0|0|0|0|0|0|0|0|0|0|0|0|0|||||02-Aug-2021|951.0|0|0||Z733|Z733|N|Z604|Y|T7431X|N|N1830|Y|E1129|N|N182|Y|R801|Y|Z653|Y|I4891|Y|N181|Y|E1121|Y|E11319|Y|D4959|Y|D075|Y|E781|Y|E119|Y|E8881|Y|I10|Y|Z954|N|I350|Y|R931|Y|I259|Y|E785|Y|E669|Y|G4733|N|||| | | | | | | | | | | | | | | | | | | | | | |GZ3|02-Aug-2021|G4730|02-Aug-2021|Z741|02-Aug-2021|F419|02-Aug-2021|Z9181|02-Aug-2021|Z139|02-Aug-2021|Z1331|02-Aug-2021|Z1331|02-Aug-2021|F1990|02-Aug-2021|F109|02-Aug-2021|||||||||||||||||||||||||||||||0|0||6|450|99401|3.0|2021-08-03T00:00:00|hospital_C|hospital_C_20210802
SYN_BENE_86865302EEDA|SYN_CLM_45D17ED67B10|V|60|02-Aug-2021|02-Aug-2021|06-Aug-2021||3|377673|1|1|1|| |1904.09|0.0| ||37|1306950993| |9999907899| |9999907899|||0|1| |1904.09|02-Aug-2021|1|2|A|10|0.0|380.84|0|4|0.0|0.0|0|0|0|0|0|0|0|0|0|0|0|0|0|||||02-Aug-2021|951.0|0|0||Z733|Z733|N|Z604|Y|T7431X|N|N1830|Y|E1129|N|N182|Y|R801|Y|Z653|Y|I4891|Y|N181|Y|E1121|Y|E11319|Y|D4959|Y|D075|Y|E781|Y|E119|Y|E8881|Y|I10|Y|Z954|N|I350|Y|R931|Y|I259|Y|E785|Y|E669|Y|G4733|N|||| | | | | | | | | | | | | | | | | | | | | | |GZ3|02-Aug-2021|G4730|02-Aug-2021|Z741|02-Aug-2021|F419|02-Aug-2021|Z9181|02-Aug-2021|Z139|02-Aug-2021|Z1331|02-Aug-2021|Z1331|02-Aug-2021|F1990|02-Aug-2021|F109|02-Aug-2021|||||||||||||||||||||||||||||||0|0||7|450|G0444|3.0|2021-08-03T00:00:00|hospital_C|hospital_C_20210802
SYN_BENE_86865302EEDA|SYN_CLM_45D17ED67B10|V|60|02-Aug-2021|02-Aug-2021|06-Aug-2021||3|377673|1|1|1|| |1904.09|0.0| ||37|1306950993| |9999907899| |9999907899|||0|1| |1904.09|02-Aug-2021|1|2|A|10|0.0|380.84|0|4|0.0|0.0|0|0|0|0|0|0|0|0|0|0|0|0|0|||||02-Aug-2021|951.0|0|0||Z733|Z733|N|Z604|Y|T7431X|N|N1830|Y|E1129|N|N182|Y|R801|Y|Z653|Y|I4891|Y|N181|Y|E1121|Y|E11319|Y|D4959|Y|D075|Y|E781|Y|E119|Y|E8881|Y|I10|Y|Z954|N|I350|Y|R931|Y|I259|Y|E785|Y|E669|Y|G4733|N|||| | | | | | | | | | | | | | | | | | | | | | |GZ3|02-Aug-2021|G4730|02-Aug-2021|Z741|02-Aug-2021|F419|02-Aug-2021|Z9181|02-Aug-2021|Z139|02-Aug-2021|Z1331|02-Aug-2021|Z1331|02-Aug-2021|F1990|02-Aug-2021|F109|02-Aug-2021|||||||||||||||||||||||||||||||0|0||8|450|G0444|3.0|2021-08-03T00:00:00|hospital_C|hospital_C_20210802
SYN_BENE_86865302EEDA|SYN_CLM_45D17ED67B10|V|60|02-Aug-2021|02-Aug-2021|06-Aug-2021||3|377673|1|1|1|| |1904.09|0.0| ||37|1306950993| |9999907899| |9999907899|||0|1| |1904.09|02-Aug-2021|1|2|A|10|0.0|380.84|0|4|0.0|0.0|0|0|0|0|0|0|0|0|0|0|0|0|0|||||02-Aug-2021|951.0|0|0||Z733|Z733|N|Z604|Y|T7431X|N|N1830|Y|E1129|N|N182|Y|R801|Y|Z653|Y|I4891|Y|N181|Y|E1121|Y|E11319|Y|D4959|Y|D075|Y|E781|Y|E119|Y|E8881|Y|I10|Y|Z954|N|I350|Y|R931|Y|I259|Y|E785|Y|E669|Y|G4733|N|||| | | | | | | | | | | | | | | | | | | | | | |GZ3|02-Aug-2021|G4730|02-Aug-2021|Z741|02-Aug-2021|F419|02-Aug-2021|Z9181|02-Aug-2021|Z139|02-Aug-2021|Z1331|02-Aug-2021|Z1331|02-Aug-2021|F1990|02-Aug-2021|F109|02-Aug-2021|||||||||||||||||||||||||||||||0|0||9|450|99408|3.0|2021-08-03T00:00:00|hospital_C|hospital_C_20210802
SYN_BENE_86865302EEDA|SYN_CLM_45D17ED67B10|V|60|02-Aug-2021|02-Aug-2021|06-Aug-2021||3|377673|1|1|1|| |1904.09|0.0| ||37|1306950993| |9999907899| |9999907899|||0|1| |1904.09|02-Aug-2021|1|2|A|10|0.0|380.84|0|4|0.0|0.0|0|0|0|0|0|0|0|0|0|0|0|0|0|||||02-Aug-2021|951.0|0|0||Z733|Z733|N|Z604|Y|T7431X|N|N1830|Y|E1129|N|N182|Y|R801|Y|Z653|Y|I4891|Y|N181|Y|E1121|Y|E11319|Y|D4959|Y|D075|Y|E781|Y|E119|Y|E8881|Y|I10|Y|Z954|N|I350|Y|R931|Y|I259|Y|E785|Y|E669|Y|G4733|N|||| | | | | | | | | | | | | | | | | | | | | | |GZ3|02-Aug-2021|G4730|02-Aug-2021|Z741|02-Aug-2021|F419|02-Aug-2021|Z9181|02-Aug-2021|Z139|02-Aug-2021|Z1331|02-Aug-2021|Z1331|02-Aug-2021|F1990|02-Aug-2021|F109|02-Aug-2021|||||||||||||||||||||||||||||||0|0||10|450|G0442|3.0|2021-08-03T00:00:00|hospital_C|hospital_C_20210802
SYN_BENE_FD45CDB822BB|SYN_CLM_7E8FD424F8C1|V|60|02-Aug-2021|02-Aug-2021|06-Aug-2021||3|377673|1|1|1|| |1904.09|0.0| ||37|1306950993| |9999907899| |9999907899|||0|1| |1904.09|02-Aug-2021|1|2|A|10|0.0|380.84|0|4|0.0|0.0|0|0|0|0|0|0|0|0|0|0|0|0|0|||||02-Aug-2021|951.0|0|0||Z733|Z733|N|Z604|Y|T7431X|N|N1830|Y|E1129|N|N182|Y|R801|Y|Z653|Y|I4891|Y|N181|Y|E1121|Y|E11319|Y|D4959|Y|D075|Y|E781|Y|E119|Y|E8881|Y|I10|Y|Z954|N|I350|Y|R931|Y|I259|Y|E785|Y|E669|Y|G4733|N|||| | | | | | | | | | | | | | | | | | | | | | |GZ3|02-Aug-2021|G4730|02-Aug-2021|Z741|02-Aug-2021|F419|02-Aug-2021|Z9181|02-Aug-2021|Z139|02-Aug-2021|Z1331|02-Aug-2021|Z1331|02-Aug-2021|F1990|02-Aug-2021|F109|02-Aug-2021|||||||||||||||||||||||||||||||0|0||1|450|99495|3.0|2021-08-03T00:00:00|hospital_C|hospital_C_20210802
SYN_BENE_FD45CDB822BB|SYN_CLM_7E8FD424F8C1|V|60|02-Aug-2021|02-Aug-2021|06-Aug-2021||3|377673|1|1|1|| |1904.09|0.0| ||37|1306950993| |9999907899| |9999907899|||0|1| |1904.09|02-Aug-2021|1|2|A|10|0.0|380.84|0|4|0.0|0.0|0|0|0|0|0|0|0|0|0|0|0|0|0|||||02-Aug-2021|951.0|0|0||Z733|Z733|N|Z604|Y|T7431X|N|N1830|Y|E1129|N|N182|Y|R801|Y|Z653|Y|I4891|Y|N181|Y|E1121|Y|E11319|Y|D4959|Y|D075|Y|E781|Y|E119|Y|E8881|Y|I10|Y|Z954|N|I350|Y|R931|Y|I259|Y|E785|Y|E669|Y|G4733|N|||| | | | | | | | | | | | | | | | | | | | | | |GZ3|02-Aug-2021|G4730|02-Aug-2021|Z741|02-Aug-2021|F419|02-Aug-2021|Z9181|02-Aug-2021|Z139|02-Aug-2021|Z1331|02-Aug-2021|Z1331|02-Aug-2021|F1990|02-Aug-2021|F109|02-Aug-2021|||||||||||||||||||||||||||||||0|0||2|450|G8839|3.0|2021-08-03T00:00:00|hospital_C|hospital_C_20210802
SYN_BENE_FD45CDB822BB|SYN_CLM_7E8FD424F8C1|V|60|02-Aug-2021|02-Aug-2021|06-Aug-2021||3|377673|1|1|1|| |1904.09|0.0| ||37|1306950993| |9999907899| |9999907899|||0|1| |1904.09|02-Aug-2021|1|2|A|10|0.0|380.84|0|4|0.0|0.0|0|0|0|0|0|0|0|0|0|0|0|0|0|||||02-Aug-2021|951.0|0|0||Z733|Z733|N|Z604|Y|T7431X|N|N1830|Y|E1129|N|N182|Y|R801|Y|Z653|Y|I4891|Y|N181|Y|E1121|Y|E11319|Y|D4959|Y|D075|Y|E781|Y|E119|Y|E8881|Y|I10|Y|Z954|N|I350|Y|R931|Y|I259|Y|E785|Y|E669|Y|G4733|N|||| | | | | | | | | | | | | | | | | | | | | | |GZ3|02-Aug-2021|G4730|02-Aug-2021|Z741|02-Aug-2021|F419|02-Aug-2021|Z9181|02-Aug-2021|Z139|02-Aug-2021|Z1331|02-Aug-2021|Z1331|02-Aug-2021|F1990|02-Aug-2021|F109|02-Aug-2021|||||||||||||||||||||||||||||||0|0||3|450|96156|3.0|2021-08-03T00:00:00|hospital_C|hospital_C_20210802
SYN_BENE_FD45CDB822BB|SYN_CLM_7E8FD424F8C1|V|60|02-Aug-2021|02-Aug-2021|06-Aug-2021||3|377673|1|1|1|| |1904.09|0.0| ||37|1306950993| |9999907899| |9999907899|||0|1| |1904.09|02-Aug-2021|1|2|A|10|0.0|380.84|0|4|0.0|0.0|0|0|0|0|0|0|0|0|0|0|0|0|0|||||02-Aug-2021|951.0|0|0||Z733|Z733|N|Z604|Y|T7431X|N|N1830|Y|E1129|N|N182|Y|R801|Y|Z653|Y|I4891|Y|N181|Y|E1121|Y|E11319|Y|D4959|Y|D075|Y|E781|Y|E119|Y|E8881|Y|I10|Y|Z954|N|I350|Y|R931|Y|I259|Y|E785|Y|E669|Y|G4733|N|||| | | | | | | | | | | | | | | | | | | | | | |GZ3|02-Aug-2021|G4730|02-Aug-2021|Z741|02-Aug-2021|F419|02-Aug-2021|Z9181|02-Aug-2021|Z139|02-Aug-2021|Z1331|02-Aug-2021|Z1331|02-Aug-2021|F1990|02-Aug-2021|F109|02-Aug-2021|||||||||||||||||||||||||||||||0|0||4|450|96127|3.0|2021-08-03T00:00:00|hospital_C|hospital_C_20210802
SYN_BENE_FD45CDB822BB|SYN_CLM_7E8FD424F8C1|V|60|02-Aug-2021|02-Aug-2021|06-Aug-2021||3|377673|1|1|1|| |1904.09|0.0| ||37|1306950993| |9999907899| |9999907899|||0|1| |1904.09|02-Aug-2021|1|2|A|10|0.0|380.84|0|4|0.0|0.0|0|0|0|0|0|0|0|0|0|0|0|0|0|||||02-Aug-2021|951.0|0|0||Z733|Z733|N|Z604|Y|T7431X|N|N1830|Y|E1129|N|N182|Y|R801|Y|Z653|Y|I4891|Y|N181|Y|E1121|Y|E11319|Y|D4959|Y|D075|Y|E781|Y|E119|Y|E8881|Y|I10|Y|Z954|N|I350|Y|R931|Y|I259|Y|E785|Y|E669|Y|G4733|N|||| | | | | | | | | | | | | | | | | | | | | | |GZ3|02-Aug-2021|G4730|02-Aug-2021|Z741|02-Aug-2021|F419|02-Aug-2021|Z9181|02-Aug-2021|Z139|02-Aug-2021|Z1331|02-Aug-2021|Z1331|02-Aug-2021|F1990|02-Aug-2021|F109|02-Aug-2021|||||||||||||||||||||||||||||||0|0||5|450|M1069|3.0|2021-08-03T00:00:00|hospital_C|hospital_C_20210802
SYN_BENE_FD45CDB822BB|SYN_CLM_7E8FD424F8C1|V|60|02-Aug-2021|02-Aug-2021|06-Aug-2021||3|377673|1|1|1|| |1904.09|0.0| ||37|1306950993| |9999907899| |9999907899|||0|1| |1904.09|02-Aug-2021|1|2|A|10|0.0|380.84|0|4|0.0|0.0|0|0|0|0|0|0|0|0|0|0|0|0|0|||||02-Aug-2021|951.0|0|0||Z733|Z733|N|Z604|Y|T7431X|N|N1830|Y|E1129|N|N182|Y|R801|Y|Z653|Y|I4891|Y|N181|Y|E1121|Y|E11319|Y|D4959|Y|D075|Y|E781|Y|E119|Y|E8881|Y|I10|Y|Z954|N|I350|Y|R931|Y|I259|Y|E785|Y|E669|Y|G4733|N|||| | | | | | | | | | | | | | | | | | | | | | |GZ3|02-Aug-2021|G4730|02-Aug-2021|Z741|02-Aug-2021|F419|02-Aug-2021|Z9181|02-Aug-2021|Z139|02-Aug-2021|Z1331|02-Aug-2021|Z1331|02-Aug-2021|F1990|02-Aug-2021|F109|02-Aug-2021|||||||||||||||||||||||||||||||0|0||6|450|99401|3.0|2021-08-03T00:00:00|hospital_C|hospital_C_20210802
SYN_BENE_FD45CDB822BB|SYN_CLM_7E8FD424F8C1|V|60|02-Aug-2021|02-Aug-2021|06-Aug-2021||3|377673|1|1|1|| |1904.09|0.0| ||37|1306950993| |9999907899| |9999907899|||0|1| |1904.09|02-Aug-2021|1|2|A|10|0.0|380.84|0|4|0.0|0.0|0|0|0|0|0|0|0|0|0|0|0|0|0|||||02-Aug-2021|951.0|0|0||Z733|Z733|N|Z604|Y|T7431X|N|N1830|Y|E1129|N|N182|Y|R801|Y|Z653|Y|I4891|Y|N181|Y|E1121|Y|E11319|Y|D4959|Y|D075|Y|E781|Y|E119|Y|E8881|Y|I10|Y|Z954|N|I350|Y|R931|Y|I259|Y|E785|Y|E669|Y|G4733|N|||| | | | | | | | | | | | | | | | | | | | | | |GZ3|02-Aug-2021|G4730|02-Aug-2021|Z741|02-Aug-2021|F419|02-Aug-2021|Z9181|02-Aug-2021|Z139|02-Aug-2021|Z1331|02-Aug-2021|Z1331|02-Aug-2021|F1990|02-Aug-2021|F109|02-Aug-2021|||||||||||||||||||||||||||||||0|0||7|450|G0444|3.0|2021-08-03T00:00:00|hospital_C|hospital_C_20210802
SYN_BENE_FD45CDB822BB|SYN_CLM_7E8FD424F8C1|V|60|02-Aug-2021|02-Aug-2021|06-Aug-2021||3|377673|1|1|1|| |1904.09|0.0| ||37|1306950993| |9999907899| |9999907899|||0|1| |1904.09|02-Aug-2021|1|2|A|10|0.0|380.84|0|4|0.0|0.0|0|0|0|0|0|0|0|0|0|0|0|0|0|||||02-Aug-2021|951.0|0|0||Z733|Z733|N|Z604|Y|T7431X|N|N1830|Y|E1129|N|N182|Y|R801|Y|Z653|Y|I4891|Y|N181|Y|E1121|Y|E11319|Y|D4959|Y|D075|Y|E781|Y|E119|Y|E8881|Y|I10|Y|Z954|N|I350|Y|R931|Y|I259|Y|E785|Y|E669|Y|G4733|N|||| | | | | | | | | | | | | | | | | | | | | | |GZ3|02-Aug-2021|G4730|02-Aug-2021|Z741|02-Aug-2021|F419|02-Aug-2021|Z9181|02-Aug-2021|Z139|02-Aug-2021|Z1331|02-Aug-2021|Z1331|02-Aug-2021|F1990|02-Aug-2021|F109|02-Aug-2021|||||||||||||||||||||||||||||||0|0||8|450|G0444|3.0|2021-08-03T00:00:00|hospital_C|hospital_C_20210802
SYN_BENE_FD45CDB822BB|SYN_CLM_7E8FD424F8C1|V|60|02-Aug-2021|02-Aug-2021|06-Aug-2021||3|377673|1|1|1|| |1904.09|0.0| ||37|1306950993| |9999907899| |9999907899|||0|1| |1904.09|02-Aug-2021|1|2|A|10|0.0|380.84|0|4|0.0|0.0|0|0|0|0|0|0|0|0|0|0|0|0|0|||||02-Aug-2021|951.0|0|0||Z733|Z733|N|Z604|Y|T7431X|N|N1830|Y|E1129|N|N182|Y|R801|Y|Z653|Y|I4891|Y|N181|Y|E1121|Y|E11319|Y|D4959|Y|D075|Y|E781|Y|E119|Y|E8881|Y|I10|Y|Z954|N|I350|Y|R931|Y|I259|Y|E785|Y|E669|Y|G4733|N|||| | | | | | | | | | | | | | | | | | | | | | |GZ3|02-Aug-2021|G4730|02-Aug-2021|Z741|02-Aug-2021|F419|02-Aug-2021|Z9181|02-Aug-2021|Z139|02-Aug-2021|Z1331|02-Aug-2021|Z1331|02-Aug-2021|F1990|02-Aug-2021|F109|02-Aug-2021|||||||||||||||||||||||||||||||0|0||9|450|99408|3.0|2021-08-03T00:00:00|hospital_C|hospital_C_20210802
SYN_BENE_FD45CDB822BB|SYN_CLM_7E8FD424F8C1|V|60|02-Aug-2021|02-Aug-2021|06-Aug-2021||3|377673|1|1|1|| |1904.09|0.0| ||37|1306950993| |9999907899| |9999907899|||0|1| |1904.09|02-Aug-2021|1|2|A|10|0.0|380.84|0|4|0.0|0.0|0|0|0|0|0|0|0|0|0|0|0|0|0|||||02-Aug-2021|951.0|0|0||Z733|Z733|N|Z604|Y|T7431X|N|N1830|Y|E1129|N|N182|Y|R801|Y|Z653|Y|I4891|Y|N181|Y|E1121|Y|E11319|Y|D4959|Y|D075|Y|E781|Y|E119|Y|E8881|Y|I10|Y|Z954|N|I350|Y|R931|Y|I259|Y|E785|Y|E669|Y|G4733|N|||| | | | | | | | | | | | | | | | | | | | | | |GZ3|02-Aug-2021|G4730|02-Aug-2021|Z741|02-Aug-2021|F419|02-Aug-2021|Z9181|02-Aug-2021|Z139|02-Aug-2021|Z1331|02-Aug-2021|Z1331|02-Aug-2021|F1990|02-Aug-2021|F109|02-Aug-2021|||||||||||||||||||||||||||||||0|0||10|450|G0442|3.0|2021-08-03T00:00:00|hospital_C|hospital_C_20210802
SYN_BENE_2FC0B42FD3DF|SYN_CLM_6DD2ED82F83F|V|60|02-Aug-2021|02-Aug-2021|06-Aug-2021||3|377673|1|1|1|| |1904.09|0.0| ||37|1306950993| |9999907899| |9999907899|||0|1| |1904.09|02-Aug-2021|1|2|A|10|0.0|380.84|0|4|0.0|0.0|0|0|0|0|0|0|0|0|0|0|0|0|0|||||02-Aug-2021|951.0|0|0||Z733|Z733|N|Z604|Y|T7431X|N|N1830|Y|E1129|N|N182|Y|R801|Y|Z653|Y|I4891|Y|N181|Y|E1121|Y|E11319|Y|D4959|Y|D075|Y|E781|Y|E119|Y|E8881|Y|I10|Y|Z954|N|I350|Y|R931|Y|I259|Y|E785|Y|E669|Y|G4733|N|||| | | | | | | | | | | | | | | | | | | | | | |GZ3|02-Aug-2021|G4730|02-Aug-2021|Z741|02-Aug-2021|F419|02-Aug-2021|Z9181|02-Aug-2021|Z139|02-Aug-2021|Z1331|02-Aug-2021|Z1331|02-Aug-2021|F1990|02-Aug-2021|F109|02-Aug-2021|||||||||||||||||||||||||||||||0|0||1|450|99495|3.0|2021-08-03T00:00:00|hospital_C|hospital_C_20210802
SYN_BENE_2FC0B42FD3DF|SYN_CLM_6DD2ED82F83F|V|60|02-Aug-2021|02-Aug-2021|06-Aug-2021||3|377673|1|1|1|| |1904.09|0.0| ||37|1306950993| |9999907899| |9999907899|||0|1| |1904.09|02-Aug-2021|1|2|A|10|0.0|380.84|0|4|0.0|0.0|0|0|0|0|0|0|0|0|0|0|0|0|0|||||02-Aug-2021|951.0|0|0||Z733|Z733|N|Z604|Y|T7431X|N|N1830|Y|E1129|N|N182|Y|R801|Y|Z653|Y|I4891|Y|N181|Y|E1121|Y|E11319|Y|D4959|Y|D075|Y|E781|Y|E119|Y|E8881|Y|I10|Y|Z954|N|I350|Y|R931|Y|I259|Y|E785|Y|E669|Y|G4733|N|||| | | | | | | | | | | | | | | | | | | | | | |GZ3|02-Aug-2021|G4730|02-Aug-2021|Z741|02-Aug-2021|F419|02-Aug-2021|Z9181|02-Aug-2021|Z139|02-Aug-2021|Z1331|02-Aug-2021|Z1331|02-Aug-2021|F1990|02-Aug-2021|F109|02-Aug-2021|||||||||||||||||||||||||||||||0|0||2|450|G8839|3.0|2021-08-03T00:00:00|hospital_C|hospital_C_20210802
SYN_BENE_2FC0B42FD3DF|SYN_CLM_6DD2ED82F83F|V|60|02-Aug-2021|02-Aug-2021|06-Aug-2021||3|377673|1|1|1|| |1904.09|0.0| ||37|1306950993| |9999907899| |9999907899|||0|1| |1904.09|02-Aug-2021|1|2|A|10|0.0|380.84|0|4|0.0|0.0|0|0|0|0|0|0|0|0|0|0|0|0|0|||||02-Aug-2021|951.0|0|0||Z733|Z733|N|Z604|Y|T7431X|N|N1830|Y|E1129|N|N182|Y|R801|Y|Z653|Y|I4891|Y|N181|Y|E1121|Y|E11319|Y|D4959|Y|D075|Y|E781|Y|E119|Y|E8881|Y|I10|Y|Z954|N|I350|Y|R931|Y|I259|Y|E785|Y|E669|Y|G4733|N|||| | | | | | | | | | | | | | | | | | | | | | |GZ3|02-Aug-2021|G4730|02-Aug-2021|Z741|02-Aug-2021|F419|02-Aug-2021|Z9181|02-Aug-2021|Z139|02-Aug-2021|Z1331|02-Aug-2021|Z1331|02-Aug-2021|F1990|02-Aug-2021|F109|02-Aug-2021|||||||||||||||||||||||||||||||0|0||3|450|96156|3.0|2021-08-03T00:00:00|hospital_C|hospital_C_20210802
SYN_BENE_2FC0B42FD3DF|SYN_CLM_6DD2ED82F83F|V|60|02-Aug-2021|02-Aug-2021|06-Aug-2021||3|377673|1|1|1|| |1904.09|0.0| ||37|1306950993| |9999907899| |9999907899|||0|1| |1904.09|02-Aug-2021|1|2|A|10|0.0|380.84|0|4|0.0|0.0|0|0|0|0|0|0|0|0|0|0|0|0|0|||||02-Aug-2021|951.0|0|0||Z733|Z733|N|Z604|Y|T7431X|N|N1830|Y|E1129|N|N182|Y|R801|Y|Z653|Y|I4891|Y|N181|Y|E1121|Y|E11319|Y|D4959|Y|D075|Y|E781|Y|E119|Y|E8881|Y|I10|Y|Z954|N|I350|Y|R931|Y|I259|Y|E785|Y|E669|Y|G4733|N|||| | | | | | | | | | | | | | | | | | | | | | |GZ3|02-Aug-2021|G4730|02-Aug-2021|Z741|02-Aug-2021|F419|02-Aug-2021|Z9181|02-Aug-2021|Z139|02-Aug-2021|Z1331|02-Aug-2021|Z1331|02-Aug-2021|F1990|02-Aug-2021|F109|02-Aug-2021|||||||||||||||||||||||||||||||0|0||4|450|96127|3.0|2021-08-03T00:00:00|hospital_C|hospital_C_20210802
SYN_BENE_2FC0B42FD3DF|SYN_CLM_6DD2ED82F83F|V|60|02-Aug-2021|02-Aug-2021|06-Aug-2021||3|377673|1|1|1|| |1904.09|0.0| ||37|1306950993| |9999907899| |9999907899|||0|1| |1904.09|02-Aug-2021|1|2|A|10|0.0|380.84|0|4|0.0|0.0|0|0|0|0|0|0|0|0|0|0|0|0|0|||||02-Aug-2021|951.0|0|0||Z733|Z733|N|Z604|Y|T7431X|N|N1830|Y|E1129|N|N182|Y|R801|Y|Z653|Y|I4891|Y|N181|Y|E1121|Y|E11319|Y|D4959|Y|D075|Y|E781|Y|E119|Y|E8881|Y|I10|Y|Z954|N|I350|Y|R931|Y|I259|Y|E785|Y|E669|Y|G4733|N|||| | | | | | | | | | | | | | | | | | | | | | |GZ3|02-Aug-2021|G4730|02-Aug-2021|Z741|02-Aug-2021|F419|02-Aug-2021|Z9181|02-Aug-2021|Z139|02-Aug-2021|Z1331|02-Aug-2021|Z1331|02-Aug-2021|F1990|02-Aug-2021|F109|02-Aug-2021|||||||||||||||||||||||||||||||0|0||5|450|M1069|3.0|2021-08-03T00:00:00|hospital_C|hospital_C_20210802
SYN_BENE_2FC0B42FD3DF|SYN_CLM_6DD2ED82F83F|V|60|02-Aug-2021|02-Aug-2021|06-Aug-2021||3|377673|1|1|1|| |1904.09|0.0| ||37|1306950993| |9999907899| |9999907899|||0|1| |1904.09|02-Aug-2021|1|2|A|10|0.0|380.84|0|4|0.0|0.0|0|0|0|0|0|0|0|0|0|0|0|0|0|||||02-Aug-2021|951.0|0|0||Z733|Z733|N|Z604|Y|T7431X|N|N1830|Y|E1129|N|N182|Y|R801|Y|Z653|Y|I4891|Y|N181|Y|E1121|Y|E11319|Y|D4959|Y|D075|Y|E781|Y|E119|Y|E8881|Y|I10|Y|Z954|N|I350|Y|R931|Y|I259|Y|E785|Y|E669|Y|G4733|N|||| | | | | | | | | | | | | | | | | | | | | | |GZ3|02-Aug-2021|G4730|02-Aug-2021|Z741|02-Aug-2021|F419|02-Aug-2021|Z9181|02-Aug-2021|Z139|02-Aug-2021|Z1331|02-Aug-2021|Z1331|02-Aug-2021|F1990|02-Aug-2021|F109|02-Aug-2021|||||||||||||||||||||||||||||||0|0||6|450|99401|3.0|2021-08-03T00:00:00|hospital_C|hospital_C_20210802
SYN_BENE_2FC0B42FD3DF|SYN_CLM_6DD2ED82F83F|V|60|02-Aug-2021|02-Aug-2021|06-Aug-2021||3|377673|1|1|1|| |1904.09|0.0| ||37|1306950993| |9999907899| |9999907899|||0|1| |1904.09|02-Aug-2021|1|2|A|10|0.0|380.84|0|4|0.0|0.0|0|0|0|0|0|0|0|0|0|0|0|0|0|||||02-Aug-2021|951.0|0|0||Z733|Z733|N|Z604|Y|T7431X|N|N1830|Y|E1129|N|N182|Y|R801|Y|Z653|Y|I4891|Y|N181|Y|E1121|Y|E11319|Y|D4959|Y|D075|Y|E781|Y|E119|Y|E8881|Y|I10|Y|Z954|N|I350|Y|R931|Y|I259|Y|E785|Y|E669|Y|G4733|N|||| | | | | | | | | | | | | | | | | | | | | | |GZ3|02-Aug-2021|G4730|02-Aug-2021|Z741|02-Aug-2021|F419|02-Aug-2021|Z9181|02-Aug-2021|Z139|02-Aug-2021|Z1331|02-Aug-2021|Z1331|02-Aug-2021|F1990|02-Aug-2021|F109|02-Aug-2021|||||||||||||||||||||||||||||||0|0||7|450|G0444|3.0|2021-08-03T00:00:00|hospital_C|hospital_C_20210802
SYN_BENE_2FC0B42FD3DF|SYN_CLM_6DD2ED82F83F|V|60|02-Aug-2021|02-Aug-2021|06-Aug-2021||3|377673|1|1|1|| |1904.09|0.0| ||37|1306950993| |9999907899| |9999907899|||0|1| |1904.09|02-Aug-2021|1|2|A|10|0.0|380.84|0|4|0.0|0.0|0|0|0|0|0|0|0|0|0|0|0|0|0|||||02-Aug-2021|951.0|0|0||Z733|Z733|N|Z604|Y|T7431X|N|N1830|Y|E1129|N|N182|Y|R801|Y|Z653|Y|I4891|Y|N181|Y|E1121|Y|E11319|Y|D4959|Y|D075|Y|E781|Y|E119|Y|E8881|Y|I10|Y|Z954|N|I350|Y|R931|Y|I259|Y|E785|Y|E669|Y|G4733|N|||| | | | | | | | | | | | | | | | | | | | | | |GZ3|02-Aug-2021|G4730|02-Aug-2021|Z741|02-Aug-2021|F419|02-Aug-2021|Z9181|02-Aug-2021|Z139|02-Aug-2021|Z1331|02-Aug-2021|Z1331|02-Aug-2021|F1990|02-Aug-2021|F109|02-Aug-2021|||||||||||||||||||||||||||||||0|0||8|450|G0444|3.0|2021-08-03T00:00:00|hospital_C|hospital_C_20210802
SYN_BENE_2FC0B42FD3DF|SYN_CLM_6DD2ED82F83F|V|60|02-Aug-2021|02-Aug-2021|06-Aug-2021||3|377673|1|1|1|| |1904.09|0.0| ||37|1306950993| |9999907899| |9999907899|||0|1| |1904.09|02-Aug-2021|1|2|A|10|0.0|380.84|0|4|0.0|0.0|0|0|0|0|0|0|0|0|0|0|0|0|0|||||02-Aug-2021|951.0|0|0||Z733|Z733|N|Z604|Y|T7431X|N|N1830|Y|E1129|N|N182|Y|R801|Y|Z653|Y|I4891|Y|N181|Y|E1121|Y|E11319|Y|D4959|Y|D075|Y|E781|Y|E119|Y|E8881|Y|I10|Y|Z954|N|I350|Y|R931|Y|I259|Y|E785|Y|E669|Y|G4733|N|||| | | | | | | | | | | | | | | | | | | | | | |GZ3|02-Aug-2021|G4730|02-Aug-2021|Z741|02-Aug-2021|F419|02-Aug-2021|Z9181|02-Aug-2021|Z139|02-Aug-2021|Z1331|02-Aug-2021|Z1331|02-Aug-2021|F1990|02-Aug-2021|F109|02-Aug-2021|||||||||||||||||||||||||||||||0|0||9|450|99408|3.0|2021-08-03T00:00:00|hospital_C|hospital_C_20210802
SYN_BENE_2FC0B42FD3DF|SYN_CLM_6DD2ED82F83F|V|60|02-Aug-2021|02-Aug-2021|06-Aug-2021||3|377673|1|1|1|| |1904.09|0.0| ||37|1306950993| |9999907899| |9999907899|||0|1| |1904.09|02-Aug-2021|1|2|A|10|0.0|380.84|0|4|0.0|0.0|0|0|0|0|0|0|0|0|0|0|0|0|0|||||02-Aug-2021|951.0|0|0||Z733|Z733|N|Z604|Y|T7431X|N|N1830|Y|E1129|N|N182|Y|R801|Y|Z653|Y|I4891|Y|N181|Y|E1121|Y|E11319|Y|D4959|Y|D075|Y|E781|Y|E119|Y|E8881|Y|I10|Y|Z954|N|I350|Y|R931|Y|I259|Y|E785|Y|E669|Y|G4733|N|||| | | | | | | | | | | | | | | | | | | | | | |GZ3|02-Aug-2021|G4730|02-Aug-2021|Z741|02-Aug-2021|F419|02-Aug-2021|Z9181|02-Aug-2021|Z139|02-Aug-2021|Z1331|02-Aug-2021|Z1331|02-Aug-2021|F1990|02-Aug-2021|F109|02-Aug-2021|||||||||||||||||||||||||||||||0|0||10|450|G0442|3.0|2021-08-03T00:00:00|hospital_C|hospital_C_20210802
SYN_BENE_F2817115DDA9|SYN_CLM_5ABF05425A55|V|60|02-Aug-2021|02-Aug-2021|06-Aug-2021||3|377673|1|1|1|| |1904.09|0.0| ||37|1306950993| |9999907899| |9999907899|||0|1| |1904.09|02-Aug-2021|1|2|A|10|0.0|380.84|0|4|0.0|0.0|0|0|0|0|0|0|0|0|0|0|0|0|0|||||02-Aug-2021|951.0|0|0||Z733|Z733|N|Z604|Y|T7431X|N|N1830|Y|E1129|N|N182|Y|R801|Y|Z653|Y|I4891|Y|N181|Y|E1121|Y|E11319|Y|D4959|Y|D075|Y|E781|Y|E119|Y|E8881|Y|I10|Y|Z954|N|I350|Y|R931|Y|I259|Y|E785|Y|E669|Y|G4733|N|||| | | | | | | | | | | | | | | | | | | | | | |GZ3|02-Aug-2021|G4730|02-Aug-2021|Z741|02-Aug-2021|F419|02-Aug-2021|Z9181|02-Aug-2021|Z139|02-Aug-2021|Z1331|02-Aug-2021|Z1331|02-Aug-2021|F1990|02-Aug-2021|F109|02-Aug-2021|||||||||||||||||||||||||||||||0|0||1|450|99495|3.0|2021-08-03T00:00:00|hospital_C|hospital_C_20210802
SYN_BENE_F2817115DDA9|SYN_CLM_5ABF05425A55|V|60|02-Aug-2021|02-Aug-2021|06-Aug-2021||3|377673|1|1|1|| |1904.09|0.0| ||37|1306950993| |9999907899| |9999907899|||0|1| |1904.09|02-Aug-2021|1|2|A|10|0.0|380.84|0|4|0.0|0.0|0|0|0|0|0|0|0|0|0|0|0|0|0|||||02-Aug-2021|951.0|0|0||Z733|Z733|N|Z604|Y|T7431X|N|N1830|Y|E1129|N|N182|Y|R801|Y|Z653|Y|I4891|Y|N181|Y|E1121|Y|E11319|Y|D4959|Y|D075|Y|E781|Y|E119|Y|E8881|Y|I10|Y|Z954|N|I350|Y|R931|Y|I259|Y|E785|Y|E669|Y|G4733|N|||| | | | | | | | | | | | | | | | | | | | | | |GZ3|02-Aug-2021|G4730|02-Aug-2021|Z741|02-Aug-2021|F419|02-Aug-2021|Z9181|02-Aug-2021|Z139|02-Aug-2021|Z1331|02-Aug-2021|Z1331|02-Aug-2021|F1990|02-Aug-2021|F109|02-Aug-2021|||||||||||||||||||||||||||||||0|0||2|450|G8839|3.0|2021-08-03T00:00:00|hospital_C|hospital_C_20210802
SYN_BENE_F2817115DDA9|SYN_CLM_5ABF05425A55|V|60|02-Aug-2021|02-Aug-2021|06-Aug-2021||3|377673|1|1|1|| |1904.09|0.0| ||37|1306950993| |9999907899| |9999907899|||0|1| |1904.09|02-Aug-2021|1|2|A|10|0.0|380.84|0|4|0.0|0.0|0|0|0|0|0|0|0|0|0|0|0|0|0|||||02-Aug-2021|951.0|0|0||Z733|Z733|N|Z604|Y|T7431X|N|N1830|Y|E1129|N|N182|Y|R801|Y|Z653|Y|I4891|Y|N181|Y|E1121|Y|E11319|Y|D4959|Y|D075|Y|E781|Y|E119|Y|E8881|Y|I10|Y|Z954|N|I350|Y|R931|Y|I259|Y|E785|Y|E669|Y|G4733|N|||| | | | | | | | | | | | | | | | | | | | | | |GZ3|02-Aug-2021|G4730|02-Aug-2021|Z741|02-Aug-2021|F419|02-Aug-2021|Z9181|02-Aug-2021|Z139|02-Aug-2021|Z1331|02-Aug-2021|Z1331|02-Aug-2021|F1990|02-Aug-2021|F109|02-Aug-2021|||||||||||||||||||||||||||||||0|0||3|450|96156|3.0|2021-08-03T00:00:00|hospital_C|hospital_C_20210802
SYN_BENE_F2817115DDA9|SYN_CLM_5ABF05425A55|V|60|02-Aug-2021|02-Aug-2021|06-Aug-2021||3|377673|1|1|1|| |1904.09|0.0| ||37|1306950993| |9999907899| |9999907899|||0|1| |1904.09|02-Aug-2021|1|2|A|10|0.0|380.84|0|4|0.0|0.0|0|0|0|0|0|0|0|0|0|0|0|0|0|||||02-Aug-2021|951.0|0|0||Z733|Z733|N|Z604|Y|T7431X|N|N1830|Y|E1129|N|N182|Y|R801|Y|Z653|Y|I4891|Y|N181|Y|E1121|Y|E11319|Y|D4959|Y|D075|Y|E781|Y|E119|Y|E8881|Y|I10|Y|Z954|N|I350|Y|R931|Y|I259|Y|E785|Y|E669|Y|G4733|N|||| | | | | | | | | | | | | | | | | | | | | | |GZ3|02-Aug-2021|G4730|02-Aug-2021|Z741|02-Aug-2021|F419|02-Aug-2021|Z9181|02-Aug-2021|Z139|02-Aug-2021|Z1331|02-Aug-2021|Z1331|02-Aug-2021|F1990|02-Aug-2021|F109|02-Aug-2021|||||||||||||||||||||||||||||||0|0||4|450|96127|3.0|2021-08-03T00:00:00|hospital_C|hospital_C_20210802
SYN_BENE_F2817115DDA9|SYN_CLM_5ABF05425A55|V|60|02-Aug-2021|02-Aug-2021|06-Aug-2021||3|377673|1|1|1|| |1904.09|0.0| ||37|1306950993| |9999907899| |9999907899|||0|1| |1904.09|02-Aug-2021|1|2|A|10|0.0|380.84|0|4|0.0|0.0|0|0|0|0|0|0|0|0|0|0|0|0|0|||||02-Aug-2021|951.0|0|0||Z733|Z733|N|Z604|Y|T7431X|N|N1830|Y|E1129|N|N182|Y|R801|Y|Z653|Y|I4891|Y|N181|Y|E1121|Y|E11319|Y|D4959|Y|D075|Y|E781|Y|E119|Y|E8881|Y|I10|Y|Z954|N|I350|Y|R931|Y|I259|Y|E785|Y|E669|Y|G4733|N|||| | | | | | | | | | | | | | | | | | | | | | |GZ3|02-Aug-2021|G4730|02-Aug-2021|Z741|02-Aug-2021|F419|02-Aug-2021|Z9181|02-Aug-2021|Z139|02-Aug-2021|Z1331|02-Aug-2021|Z1331|02-Aug-2021|F1990|02-Aug-2021|F109|02-Aug-2021|||||||||||||||||||||||||||||||0|0||5|450|M1069|3.0|2021-08-03T00:00:00|hospital_C|hospital_C_20210802
SYN_BENE_F2817115DDA9|SYN_CLM_5ABF05425A55|V|60|02-Aug-2021|02-Aug-2021|06-Aug-2021||3|377673|1|1|1|| |1904.09|0.0| ||37|1306950993| |9999907899| |9999907899|||0|1| |1904.09|02-Aug-2021|1|2|A|10|0.0|380.84|0|4|0.0|0.0|0|0|0|0|0|0|0|0|0|0|0|0|0|||||02-Aug-2021|951.0|0|0||Z733|Z733|N|Z604|Y|T7431X|N|N1830|Y|E1129|N|N182|Y|R801|Y|Z653|Y|I4891|Y|N181|Y|E1121|Y|E11319|Y|D4959|Y|D075|Y|E781|Y|E119|Y|E8881|Y|I10|Y|Z954|N|I350|Y|R931|Y|I259|Y|E785|Y|E669|Y|G4733|N|||| | | | | | | | | | | | | | | | | | | | | | |GZ3|02-Aug-2021|G4730|02-Aug-2021|Z741|02-Aug-2021|F419|02-Aug-2021|Z9181|02-Aug-2021|Z139|02-Aug-2021|Z1331|02-Aug-2021|Z1331|02-Aug-2021|F1990|02-Aug-2021|F109|02-Aug-2021|||||||||||||||||||||||||||||||0|0||6|450|99401|3.0|2021-08-03T00:00:00|hospital_C|hospital_C_20210802
SYN_BENE_F2817115DDA9|SYN_CLM_5ABF05425A55|V|60|02-Aug-2021|02-Aug-2021|06-Aug-2021||3|377673|1|1|1|| |1904.09|0.0| ||37|1306950993| |9999907899| |9999907899|||0|1| |1904.09|02-Aug-2021|1|2|A|10|0.0|380.84|0|4|0.0|0.0|0|0|0|0|0|0|0|0|0|0|0|0|0|||||02-Aug-2021|951.0|0|0||Z733|Z733|N|Z604|Y|T7431X|N|N1830|Y|E1129|N|N182|Y|R801|Y|Z653|Y|I4891|Y|N181|Y|E1121|Y|E11319|Y|D4959|Y|D075|Y|E781|Y|E119|Y|E8881|Y|I10|Y|Z954|N|I350|Y|R931|Y|I259|Y|E785|Y|E669|Y|G4733|N|||| | | | | | | | | | | | | | | | | | | | | | |GZ3|02-Aug-2021|G4730|02-Aug-2021|Z741|02-Aug-2021|F419|02-Aug-2021|Z9181|02-Aug-2021|Z139|02-Aug-2021|Z1331|02-Aug-2021|Z1331|02-Aug-2021|F1990|02-Aug-2021|F109|02-Aug-2021|||||||||||||||||||||||||||||||0|0||7|450|G0444|3.0|2021-08-03T00:00:00|hospital_C|hospital_C_20210802
SYN_BENE_F2817115DDA9|SYN_CLM_5ABF05425A55|V|60|02-Aug-2021|02-Aug-2021|06-Aug-2021||3|377673|1|1|1|| |1904.09|0.0| ||37|1306950993| |9999907899| |9999907899|||0|1| |1904.09|02-Aug-2021|1|2|A|10|0.0|380.84|0|4|0.0|0.0|0|0|0|0|0|0|0|0|0|0|0|0|0|||||02-Aug-2021|951.0|0|0||Z733|Z733|N|Z604|Y|T7431X|N|N1830|Y|E1129|N|N182|Y|R801|Y|Z653|Y|I4891|Y|N181|Y|E1121|Y|E11319|Y|D4959|Y|D075|Y|E781|Y|E119|Y|E8881|Y|I10|Y|Z954|N|I350|Y|R931|Y|I259|Y|E785|Y|E669|Y|G4733|N|||| | | | | | | | | | | | | | | | | | | | | | |GZ3|02-Aug-2021|G4730|02-Aug-2021|Z741|02-Aug-2021|F419|02-Aug-2021|Z9181|02-Aug-2021|Z139|02-Aug-2021|Z1331|02-Aug-2021|Z1331|02-Aug-2021|F1990|02-Aug-2021|F109|02-Aug-2021|||||||||||||||||||||||||||||||0|0||8|450|G0444|3.0|2021-08-03T00:00:00|hospital_C|hospital_C_20210802
SYN_BENE_F2817115DDA9|SYN_CLM_5ABF05425A55|V|60|02-Aug-2021|02-Aug-2021|06-Aug-2021||3|377673|1|1|1|| |1904.09|0.0| ||37|1306950993| |9999907899| |9999907899|||0|1| |1904.09|02-Aug-2021|1|2|A|10|0.0|380.84|0|4|0.0|0.0|0|0|0|0|0|0|0|0|0|0|0|0|0|||||02-Aug-2021|951.0|0|0||Z733|Z733|N|Z604|Y|T7431X|N|N1830|Y|E1129|N|N182|Y|R801|Y|Z653|Y|I4891|Y|N181|Y|E1121|Y|E11319|Y|D4959|Y|D075|Y|E781|Y|E119|Y|E8881|Y|I10|Y|Z954|N|I350|Y|R931|Y|I259|Y|E785|Y|E669|Y|G4733|N|||| | | | | | | | | | | | | | | | | | | | | | |GZ3|02-Aug-2021|G4730|02-Aug-2021|Z741|02-Aug-2021|F419|02-Aug-2021|Z9181|02-Aug-2021|Z139|02-Aug-2021|Z1331|02-Aug-2021|Z1331|02-Aug-2021|F1990|02-Aug-2021|F109|02-Aug-2021|||||||||||||||||||||||||||||||0|0||9|450|99408|3.0|2021-08-03T00:00:00|hospital_C|hospital_C_20210802
SYN_BENE_F2817115DDA9|SYN_CLM_5ABF05425A55|V|60|02-Aug-2021|02-Aug-2021|06-Aug-2021||3|377673|1|1|1|| |1904.09|0.0| ||37|1306950993| |9999907899| |9999907899|||0|1| |1904.09|02-Aug-2021|1|2|A|10|0.0|380.84|0|4|0.0|0.0|0|0|0|0|0|0|0|0|0|0|0|0|0|||||02-Aug-2021|951.0|0|0||Z733|Z733|N|Z604|Y|T7431X|N|N1830|Y|E1129|N|N182|Y|R801|Y|Z653|Y|I4891|Y|N181|Y|E1121|Y|E11319|Y|D4959|Y|D075|Y|E781|Y|E119|Y|E8881|Y|I10|Y|Z954|N|I350|Y|R931|Y|I259|Y|E785|Y|E669|Y|G4733|N|||| | | | | | | | | | | | | | | | | | | | | | |GZ3|02-Aug-2021|G4730|02-Aug-2021|Z741|02-Aug-2021|F419|02-Aug-2021|Z9181|02-Aug-2021|Z139|02-Aug-2021|Z1331|02-Aug-2021|Z1331|02-Aug-2021|F1990|02-Aug-2021|F109|02-Aug-2021|||||||||||||||||||||||||||||||0|0||10|450|G0442|3.0|2021-08-03T00:00:00|hospital_C|hospital_C_20210802
SYN_BENE_C8C5ED9B1ED4|SYN_CLM_F6D0752F1D62|V|60|02-Aug-2021|02-Aug-2021|06-Aug-2021||3|377673|1|1|1|| |1904.09|0.0| ||37|1306950993| |9999907899| |9999907899|||0|1| |1904.09|02-Aug-2021|1|2|A|10|0.0|380.84|0|4|0.0|0.0|0|0|0|0|0|0|0|0|0|0|0|0|0|||||02-Aug-2021|951.0|0|0||Z733|Z733|N|Z604|Y|T7431X|N|N1830|Y|E1129|N|N182|Y|R801|Y|Z653|Y|I4891|Y|N181|Y|E1121|Y|E11319|Y|D4959|Y|D075|Y|E781|Y|E119|Y|E8881|Y|I10|Y|Z954|N|I350|Y|R931|Y|I259|Y|E785|Y|E669|Y|G4733|N|||| | | | | | | | | | | | | | | | | | | | | | |GZ3|02-Aug-2021|G4730|02-Aug-2021|Z741|02-Aug-2021|F419|02-Aug-2021|Z9181|02-Aug-2021|Z139|02-Aug-2021|Z1331|02-Aug-2021|Z1331|02-Aug-2021|F1990|02-Aug-2021|F109|02-Aug-2021|||||||||||||||||||||||||||||||0|0||1|450|99495|3.0|2021-08-03T00:00:00|hospital_C|hospital_C_20210802
SYN_BENE_C8C5ED9B1ED4|SYN_CLM_F6D0752F1D62|V|60|02-Aug-2021|02-Aug-2021|06-Aug-2021||3|377673|1|1|1|| |1904.09|0.0| ||37|1306950993| |9999907899| |9999907899|||0|1| |1904.09|02-Aug-2021|1|2|A|10|0.0|380.84|0|4|0.0|0.0|0|0|0|0|0|0|0|0|0|0|0|0|0|||||02-Aug-2021|951.0|0|0||Z733|Z733|N|Z604|Y|T7431X|N|N1830|Y|E1129|N|N182|Y|R801|Y|Z653|Y|I4891|Y|N181|Y|E1121|Y|E11319|Y|D4959|Y|D075|Y|E781|Y|E119|Y|E8881|Y|I10|Y|Z954|N|I350|Y|R931|Y|I259|Y|E785|Y|E669|Y|G4733|N|||| | | | | | | | | | | | | | | | | | | | | | |GZ3|02-Aug-2021|G4730|02-Aug-2021|Z741|02-Aug-2021|F419|02-Aug-2021|Z9181|02-Aug-2021|Z139|02-Aug-2021|Z1331|02-Aug-2021|Z1331|02-Aug-2021|F1990|02-Aug-2021|F109|02-Aug-2021|||||||||||||||||||||||||||||||0|0||2|450|G8839|3.0|2021-08-03T00:00:00|hospital_C|hospital_C_20210802
SYN_BENE_C8C5ED9B1ED4|SYN_CLM_F6D0752F1D62|V|60|02-Aug-2021|02-Aug-2021|06-Aug-2021||3|377673|1|1|1|| |1904.09|0.0| ||37|1306950993| |9999907899| |9999907899|||0|1| |1904.09|02-Aug-2021|1|2|A|10|0.0|380.84|0|4|0.0|0.0|0|0|0|0|0|0|0|0|0|0|0|0|0|||||02-Aug-2021|951.0|0|0||Z733|Z733|N|Z604|Y|T7431X|N|N1830|Y|E1129|N|N182|Y|R801|Y|Z653|Y|I4891|Y|N181|Y|E1121|Y|E11319|Y|D4959|Y|D075|Y|E781|Y|E119|Y|E8881|Y|I10|Y|Z954|N|I350|Y|R931|Y|I259|Y|E785|Y|E669|Y|G4733|N|||| | | | | | | | | | | | | | | | | | | | | | |GZ3|02-Aug-2021|G4730|02-Aug-2021|Z741|02-Aug-2021|F419|02-Aug-2021|Z9181|02-Aug-2021|Z139|02-Aug-2021|Z1331|02-Aug-2021|Z1331|02-Aug-2021|F1990|02-Aug-2021|F109|02-Aug-2021|||||||||||||||||||||||||||||||0|0||3|450|96156|3.0|2021-08-03T00:00:00|hospital_C|hospital_C_20210802
SYN_BENE_C8C5ED9B1ED4|SYN_CLM_F6D0752F1D62|V|60|02-Aug-2021|02-Aug-2021|06-Aug-2021||3|377673|1|1|1|| |1904.09|0.0| ||37|1306950993| |9999907899| |9999907899|||0|1| |1904.09|02-Aug-2021|1|2|A|10|0.0|380.84|0|4|0.0|0.0|0|0|0|0|0|0|0|0|0|0|0|0|0|||||02-Aug-2021|951.0|0|0||Z733|Z733|N|Z604|Y|T7431X|N|N1830|Y|E1129|N|N182|Y|R801|Y|Z653|Y|I4891|Y|N181|Y|E1121|Y|E11319|Y|D4959|Y|D075|Y|E781|Y|E119|Y|E8881|Y|I10|Y|Z954|N|I350|Y|R931|Y|I259|Y|E785|Y|E669|Y|G4733|N|||| | | | | | | | | | | | | | | | | | | | | | |GZ3|02-Aug-2021|G4730|02-Aug-2021|Z741|02-Aug-2021|F419|02-Aug-2021|Z9181|02-Aug-2021|Z139|02-Aug-2021|Z1331|02-Aug-2021|Z1331|02-Aug-2021|F1990|02-Aug-2021|F109|02-Aug-2021|||||||||||||||||||||||||||||||0|0||4|450|96127|3.0|2021-08-03T00:00:00|hospital_C|hospital_C_20210802
SYN_BENE_C8C5ED9B1ED4|SYN_CLM_F6D0752F1D62|V|60|02-Aug-2021|02-Aug-2021|06-Aug-2021||3|377673|1|1|1|| |1904.09|0.0| ||37|1306950993| |9999907899| |9999907899|||0|1| |1904.09|02-Aug-2021|1|2|A|10|0.0|380.84|0|4|0.0|0.0|0|0|0|0|0|0|0|0|0|0|0|0|0|||||02-Aug-2021|951.0|0|0||Z733|Z733|N|Z604|Y|T7431X|N|N1830|Y|E1129|N|N182|Y|R801|Y|Z653|Y|I4891|Y|N181|Y|E1121|Y|E11319|Y|D4959|Y|D075|Y|E781|Y|E119|Y|E8881|Y|I10|Y|Z954|N|I350|Y|R931|Y|I259|Y|E785|Y|E669|Y|G4733|N|||| | | | | | | | | | | | | | | | | | | | | | |GZ3|02-Aug-2021|G4730|02-Aug-2021|Z741|02-Aug-2021|F419|02-Aug-2021|Z9181|02-Aug-2021|Z139|02-Aug-2021|Z1331|02-Aug-2021|Z1331|02-Aug-2021|F1990|02-Aug-2021|F109|02-Aug-2021|||||||||||||||||||||||||||||||0|0||5|450|M1069|3.0|2021-08-03T00:00:00|hospital_C|hospital_C_20210802
SYN_BENE_C8C5ED9B1ED4|SYN_CLM_F6D0752F1D62|V|60|02-Aug-2021|02-Aug-2021|06-Aug-2021||3|377673|1|1|1|| |1904.09|0.0| ||37|1306950993| |9999907899| |9999907899|||0|1| |1904.09|02-Aug-2021|1|2|A|10|0.0|380.84|0|4|0.0|0.0|0|0|0|0|0|0|0|0|0|0|0|0|0|||||02-Aug-2021|951.0|0|0||Z733|Z733|N|Z604|Y|T7431X|N|N1830|Y|E1129|N|N182|Y|R801|Y|Z653|Y|I4891|Y|N181|Y|E1121|Y|E11319|Y|D4959|Y|D075|Y|E781|Y|E119|Y|E8881|Y|I10|Y|Z954|N|I350|Y|R931|Y|I259|Y|E785|Y|E669|Y|G4733|N|||| | | | | | | | | | | | | | | | | | | | | | |GZ3|02-Aug-2021|G4730|02-Aug-2021|Z741|02-Aug-2021|F419|02-Aug-2021|Z9181|02-Aug-2021|Z139|02-Aug-2021|Z1331|02-Aug-2021|Z1331|02-Aug-2021|F1990|02-Aug-2021|F109|02-Aug-2021|||||||||||||||||||||||||||||||0|0||6|450|99401|3.0|2021-08-03T00:00:00|hospital_C|hospital_C_20210802
SYN_BENE_C8C5ED9B1ED4|SYN_CLM_F6D0752F1D62|V|60|02-Aug-2021|02-Aug-2021|06-Aug-2021||3|377673|1|1|1|| |1904.09|0.0| ||37|1306950993| |9999907899| |9999907899|||0|1| |1904.09|02-Aug-2021|1|2|A|10|0.0|380.84|0|4|0.0|0.0|0|0|0|0|0|0|0|0|0|0|0|0|0|||||02-Aug-2021|951.0|0|0||Z733|Z733|N|Z604|Y|T7431X|N|N1830|Y|E1129|N|N182|Y|R801|Y|Z653|Y|I4891|Y|N181|Y|E1121|Y|E11319|Y|D4959|Y|D075|Y|E781|Y|E119|Y|E8881|Y|I10|Y|Z954|N|I350|Y|R931|Y|I259|Y|E785|Y|E669|Y|G4733|N|||| | | | | | | | | | | | | | | | | | | | | | |GZ3|02-Aug-2021|G4730|02-Aug-2021|Z741|02-Aug-2021|F419|02-Aug-2021|Z9181|02-Aug-2021|Z139|02-Aug-2021|Z1331|02-Aug-2021|Z1331|02-Aug-2021|F1990|02-Aug-2021|F109|02-Aug-2021|||||||||||||||||||||||||||||||0|0||7|450|G0444|3.0|2021-08-03T00:00:00|hospital_C|hospital_C_20210802
SYN_BENE_C8C5ED9B1ED4|SYN_CLM_F6D0752F1D62|V|60|02-Aug-2021|02-Aug-2021|06-Aug-2021||3|377673|1|1|1|| |1904.09|0.0| ||37|1306950993| |9999907899| |9999907899|||0|1| |1904.09|02-Aug-2021|1|2|A|10|0.0|380.84|0|4|0.0|0.0|0|0|0|0|0|0|0|0|0|0|0|0|0|||||02-Aug-2021|951.0|0|0||Z733|Z733|N|Z604|Y|T7431X|N|N1830|Y|E1129|N|N182|Y|R801|Y|Z653|Y|I4891|Y|N181|Y|E1121|Y|E11319|Y|D4959|Y|D075|Y|E781|Y|E119|Y|E8881|Y|I10|Y|Z954|N|I350|Y|R931|Y|I259|Y|E785|Y|E669|Y|G4733|N|||| | | | | | | | | | | | | | | | | | | | | | |GZ3|02-Aug-2021|G4730|02-Aug-2021|Z741|02-Aug-2021|F419|02-Aug-2021|Z9181|02-Aug-2021|Z139|02-Aug-2021|Z1331|02-Aug-2021|Z1331|02-Aug-2021|F1990|02-Aug-2021|F109|02-Aug-2021|||||||||||||||||||||||||||||||0|0||8|450|G0444|3.0|2021-08-03T00:00:00|hospital_C|hospital_C_20210802
SYN_BENE_C8C5ED9B1ED4|SYN_CLM_F6D0752F1D62|V|60|02-Aug-2021|02-Aug-2021|06-Aug-2021||3|377673|1|1|1|| |1904.09|0.0| ||37|1306950993| |9999907899| |9999907899|||0|1| |1904.09|02-Aug-2021|1|2|A|10|0.0|380.84|0|4|0.0|0.0|0|0|0|0|0|0|0|0|0|0|0|0|0|||||02-Aug-2021|951.0|0|0||Z733|Z733|N|Z604|Y|T7431X|N|N1830|Y|E1129|N|N182|Y|R801|Y|Z653|Y|I4891|Y|N181|Y|E1121|Y|E11319|Y|D4959|Y|D075|Y|E781|Y|E119|Y|E8881|Y|I10|Y|Z954|N|I350|Y|R931|Y|I259|Y|E785|Y|E669|Y|G4733|N|||| | | | | | | | | | | | | | | | | | | | | | |GZ3|02-Aug-2021|G4730|02-Aug-2021|Z741|02-Aug-2021|F419|02-Aug-2021|Z9181|02-Aug-2021|Z139|02-Aug-2021|Z1331|02-Aug-2021|Z1331|02-Aug-2021|F1990|02-Aug-2021|F109|02-Aug-2021|||||||||||||||||||||||||||||||0|0||9|450|99408|3.0|2021-08-03T00:00:00|hospital_C|hospital_C_20210802
SYN_BENE_C8C5ED9B1ED4|SYN_CLM_F6D0752F1D62|V|60|02-Aug-2021|02-Aug-2021|06-Aug-2021||3|377673|1|1|1|| |1904.09|0.0| ||37|1306950993| |9999907899| |9999907899|||0|1| |1904.09|02-Aug-2021|1|2|A|10|0.0|380.84|0|4|0.0|0.0|0|0|0|0|0|0|0|0|0|0|0|0|0|||||02-Aug-2021|951.0|0|0||Z733|Z733|N|Z604|Y|T7431X|N|N1830|Y|E1129|N|N182|Y|R801|Y|Z653|Y|I4891|Y|N181|Y|E1121|Y|E11319|Y|D4959|Y|D075|Y|E781|Y|E119|Y|E8881|Y|I10|Y|Z954|N|I350|Y|R931|Y|I259|Y|E785|Y|E669|Y|G4733|N|||| | | | | | | | | | | | | | | | | | | | | | |GZ3|02-Aug-2021|G4730|02-Aug-2021|Z741|02-Aug-2021|F419|02-Aug-2021|Z9181|02-Aug-2021|Z139|02-Aug-2021|Z1331|02-Aug-2021|Z1331|02-Aug-2021|F1990|02-Aug-2021|F109|02-Aug-2021|||||||||||||||||||||||||||||||0|0||10|450|G0442|3.0|2021-08-03T00:00:00|hospital_C|hospital_C_20210802
SYN_BENE_0E22688F9862|SYN_CLM_9B74C665700F|V|60|02-Aug-2021|02-Aug-2021|06-Aug-2021||3|377673|1|1|1|| |1904.09|0.0| ||37|1306950993| |9999907899| |9999907899|||0|1| |1904.09|02-Aug-2021|1|2|A|10|0.0|380.84|0|4|0.0|0.0|0|0|0|0|0|0|0|0|0|0|0|0|0|||||02-Aug-2021|951.0|0|0||Z733|Z733|N|Z604|Y|T7431X|N|N1830|Y|E1129|N|N182|Y|R801|Y|Z653|Y|I4891|Y|N181|Y|E1121|Y|E11319|Y|D4959|Y|D075|Y|E781|Y|E119|Y|E8881|Y|I10|Y|Z954|N|I350|Y|R931|Y|I259|Y|E785|Y|E669|Y|G4733|N|||| | | | | | | | | | | | | | | | | | | | | | |GZ3|02-Aug-2021|G4730|02-Aug-2021|Z741|02-Aug-2021|F419|02-Aug-2021|Z9181|02-Aug-2021|Z139|02-Aug-2021|Z1331|02-Aug-2021|Z1331|02-Aug-2021|F1990|02-Aug-2021|F109|02-Aug-2021|||||||||||||||||||||||||||||||0|0||1|450|99495|3.0|2021-08-03T00:00:00|hospital_C|hospital_C_20210802
SYN_BENE_0E22688F9862|SYN_CLM_9B74C665700F|V|60|02-Aug-2021|02-Aug-2021|06-Aug-2021||3|377673|1|1|1|| |1904.09|0.0| ||37|1306950993| |9999907899| |9999907899|||0|1| |1904.09|02-Aug-2021|1|2|A|10|0.0|380.84|0|4|0.0|0.0|0|0|0|0|0|0|0|0|0|0|0|0|0|||||02-Aug-2021|951.0|0|0||Z733|Z733|N|Z604|Y|T7431X|N|N1830|Y|E1129|N|N182|Y|R801|Y|Z653|Y|I4891|Y|N181|Y|E1121|Y|E11319|Y|D4959|Y|D075|Y|E781|Y|E119|Y|E8881|Y|I10|Y|Z954|N|I350|Y|R931|Y|I259|Y|E785|Y|E669|Y|G4733|N|||| | | | | | | | | | | | | | | | | | | | | | |GZ3|02-Aug-2021|G4730|02-Aug-2021|Z741|02-Aug-2021|F419|02-Aug-2021|Z9181|02-Aug-2021|Z139|02-Aug-2021|Z1331|02-Aug-2021|Z1331|02-Aug-2021|F1990|02-Aug-2021|F109|02-Aug-2021|||||||||||||||||||||||||||||||0|0||2|450|G8839|3.0|2021-08-03T00:00:00|hospital_C|hospital_C_20210802
SYN_BENE_0E22688F9862|SYN_CLM_9B74C665700F|V|60|02-Aug-2021|02-Aug-2021|06-Aug-2021||3|377673|1|1|1|| |1904.09|0.0| ||37|1306950993| |9999907899| |9999907899|||0|1| |1904.09|02-Aug-2021|1|2|A|10|0.0|380.84|0|4|0.0|0.0|0|0|0|0|0|0|0|0|0|0|0|0|0|||||02-Aug-2021|951.0|0|0||Z733|Z733|N|Z604|Y|T7431X|N|N1830|Y|E1129|N|N182|Y|R801|Y|Z653|Y|I4891|Y|N181|Y|E1121|Y|E11319|Y|D4959|Y|D075|Y|E781|Y|E119|Y|E8881|Y|I10|Y|Z954|N|I350|Y|R931|Y|I259|Y|E785|Y|E669|Y|G4733|N|||| | | | | | | | | | | | | | | | | | | | | | |GZ3|02-Aug-2021|G4730|02-Aug-2021|Z741|02-Aug-2021|F419|02-Aug-2021|Z9181|02-Aug-2021|Z139|02-Aug-2021|Z1331|02-Aug-2021|Z1331|02-Aug-2021|F1990|02-Aug-2021|F109|02-Aug-2021|||||||||||||||||||||||||||||||0|0||3|450|96156|3.0|2021-08-03T00:00:00|hospital_C|hospital_C_20210802
SYN_BENE_0E22688F9862|SYN_CLM_9B74C665700F|V|60|02-Aug-2021|02-Aug-2021|06-Aug-2021||3|377673|1|1|1|| |1904.09|0.0| ||37|1306950993| |9999907899| |9999907899|||0|1| |1904.09|02-Aug-2021|1|2|A|10|0.0|380.84|0|4|0.0|0.0|0|0|0|0|0|0|0|0|0|0|0|0|0|||||02-Aug-2021|951.0|0|0||Z733|Z733|N|Z604|Y|T7431X|N|N1830|Y|E1129|N|N182|Y|R801|Y|Z653|Y|I4891|Y|N181|Y|E1121|Y|E11319|Y|D4959|Y|D075|Y|E781|Y|E119|Y|E8881|Y|I10|Y|Z954|N|I350|Y|R931|Y|I259|Y|E785|Y|E669|Y|G4733|N|||| | | | | | | | | | | | | | | | | | | | | | |GZ3|02-Aug-2021|G4730|02-Aug-2021|Z741|02-Aug-2021|F419|02-Aug-2021|Z9181|02-Aug-2021|Z139|02-Aug-2021|Z1331|02-Aug-2021|Z1331|02-Aug-2021|F1990|02-Aug-2021|F109|02-Aug-2021|||||||||||||||||||||||||||||||0|0||4|450|96127|3.0|2021-08-03T00:00:00|hospital_C|hospital_C_20210802
SYN_BENE_0E22688F9862|SYN_CLM_9B74C665700F|V|60|02-Aug-2021|02-Aug-2021|06-Aug-2021||3|377673|1|1|1|| |1904.09|0.0| ||37|1306950993| |9999907899| |9999907899|||0|1| |1904.09|02-Aug-2021|1|2|A|10|0.0|380.84|0|4|0.0|0.0|0|0|0|0|0|0|0|0|0|0|0|0|0|||||02-Aug-2021|951.0|0|0||Z733|Z733|N|Z604|Y|T7431X|N|N1830|Y|E1129|N|N182|Y|R801|Y|Z653|Y|I4891|Y|N181|Y|E1121|Y|E11319|Y|D4959|Y|D075|Y|E781|Y|E119|Y|E8881|Y|I10|Y|Z954|N|I350|Y|R931|Y|I259|Y|E785|Y|E669|Y|G4733|N|||| | | | | | | | | | | | | | | | | | | | | | |GZ3|02-Aug-2021|G4730|02-Aug-2021|Z741|02-Aug-2021|F419|02-Aug-2021|Z9181|02-Aug-2021|Z139|02-Aug-2021|Z1331|02-Aug-2021|Z1331|02-Aug-2021|F1990|02-Aug-2021|F109|02-Aug-2021|||||||||||||||||||||||||||||||0|0||5|450|M1069|3.0|2021-08-03T00:00:00|hospital_C|hospital_C_20210802
SYN_BENE_0E22688F9862|SYN_CLM_9B74C665700F|V|60|02-Aug-2021|02-Aug-2021|06-Aug-2021||3|377673|1|1|1|| |1904.09|0.0| ||37|1306950993| |9999907899| |9999907899|||0|1| |1904.09|02-Aug-2021|1|2|A|10|0.0|380.84|0|4|0.0|0.0|0|0|0|0|0|0|0|0|0|0|0|0|0|||||02-Aug-2021|951.0|0|0||Z733|Z733|N|Z604|Y|T7431X|N|N1830|Y|E1129|N|N182|Y|R801|Y|Z653|Y|I4891|Y|N181|Y|E1121|Y|E11319|Y|D4959|Y|D075|Y|E781|Y|E119|Y|E8881|Y|I10|Y|Z954|N|I350|Y|R931|Y|I259|Y|E785|Y|E669|Y|G4733|N|||| | | | | | | | | | | | | | | | | | | | | | |GZ3|02-Aug-2021|G4730|02-Aug-2021|Z741|02-Aug-2021|F419|02-Aug-2021|Z9181|02-Aug-2021|Z139|02-Aug-2021|Z1331|02-Aug-2021|Z1331|02-Aug-2021|F1990|02-Aug-2021|F109|02-Aug-2021|||||||||||||||||||||||||||||||0|0||6|450|99401|3.0|2021-08-03T00:00:00|hospital_C|hospital_C_20210802
SYN_BENE_0E22688F9862|SYN_CLM_9B74C665700F|V|60|02-Aug-2021|02-Aug-2021|06-Aug-2021||3|377673|1|1|1|| |1904.09|0.0| ||37|1306950993| |9999907899| |9999907899|||0|1| |1904.09|02-Aug-2021|1|2|A|10|0.0|380.84|0|4|0.0|0.0|0|0|0|0|0|0|0|0|0|0|0|0|0|||||02-Aug-2021|951.0|0|0||Z733|Z733|N|Z604|Y|T7431X|N|N1830|Y|E1129|N|N182|Y|R801|Y|Z653|Y|I4891|Y|N181|Y|E1121|Y|E11319|Y|D4959|Y|D075|Y|E781|Y|E119|Y|E8881|Y|I10|Y|Z954|N|I350|Y|R931|Y|I259|Y|E785|Y|E669|Y|G4733|N|||| | | | | | | | | | | | | | | | | | | | | | |GZ3|02-Aug-2021|G4730|02-Aug-2021|Z741|02-Aug-2021|F419|02-Aug-2021|Z9181|02-Aug-2021|Z139|02-Aug-2021|Z1331|02-Aug-2021|Z1331|02-Aug-2021|F1990|02-Aug-2021|F109|02-Aug-2021|||||||||||||||||||||||||||||||0|0||7|450|G0444|3.0|2021-08-03T00:00:00|hospital_C|hospital_C_20210802
SYN_BENE_0E22688F9862|SYN_CLM_9B74C665700F|V|60|02-Aug-2021|02-Aug-2021|06-Aug-2021||3|377673|1|1|1|| |1904.09|0.0| ||37|1306950993| |9999907899| |9999907899|||0|1| |1904.09|02-Aug-2021|1|2|A|10|0.0|380.84|0|4|0.0|0.0|0|0|0|0|0|0|0|0|0|0|0|0|0|||||02-Aug-2021|951.0|0|0||Z733|Z733|N|Z604|Y|T7431X|N|N1830|Y|E1129|N|N182|Y|R801|Y|Z653|Y|I4891|Y|N181|Y|E1121|Y|E11319|Y|D4959|Y|D075|Y|E781|Y|E119|Y|E8881|Y|I10|Y|Z954|N|I350|Y|R931|Y|I259|Y|E785|Y|E669|Y|G4733|N|||| | | | | | | | | | | | | | | | | | | | | | |GZ3|02-Aug-2021|G4730|02-Aug-2021|Z741|02-Aug-2021|F419|02-Aug-2021|Z9181|02-Aug-2021|Z139|02-Aug-2021|Z1331|02-Aug-2021|Z1331|02-Aug-2021|F1990|02-Aug-2021|F109|02-Aug-2021|||||||||||||||||||||||||||||||0|0||8|450|G0444|3.0|2021-08-03T00:00:00|hospital_C|hospital_C_20210802
SYN_BENE_0E22688F9862|SYN_CLM_9B74C665700F|V|60|02-Aug-2021|02-Aug-2021|06-Aug-2021||3|377673|1|1|1|| |1904.09|0.0| ||37|1306950993| |9999907899| |9999907899|||0|1| |1904.09|02-Aug-2021|1|2|A|10|0.0|380.84|0|4|0.0|0.0|0|0|0|0|0|0|0|0|0|0|0|0|0|||||02-Aug-2021|951.0|0|0||Z733|Z733|N|Z604|Y|T7431X|N|N1830|Y|E1129|N|N182|Y|R801|Y|Z653|Y|I4891|Y|N181|Y|E1121|Y|E11319|Y|D4959|Y|D075|Y|E781|Y|E119|Y|E8881|Y|I10|Y|Z954|N|I350|Y|R931|Y|I259|Y|E785|Y|E669|Y|G4733|N|||| | | | | | | | | | | | | | | | | | | | | | |GZ3|02-Aug-2021|G4730|02-Aug-2021|Z741|02-Aug-2021|F419|02-Aug-2021|Z9181|02-Aug-2021|Z139|02-Aug-2021|Z1331|02-Aug-2021|Z1331|02-Aug-2021|F1990|02-Aug-2021|F109|02-Aug-2021|||||||||||||||||||||||||||||||0|0||9|450|99408|3.0|2021-08-03T00:00:00|hospital_C|hospital_C_20210802
SYN_BENE_0E22688F9862|SYN_CLM_9B74C665700F|V|60|02-Aug-2021|02-Aug-2021|06-Aug-2021||3|377673|1|1|1|| |1904.09|0.0| ||37|1306950993| |9999907899| |9999907899|||0|1| |1904.09|02-Aug-2021|1|2|A|10|0.0|380.84|0|4|0.0|0.0|0|0|0|0|0|0|0|0|0|0|0|0|0|||||02-Aug-2021|951.0|0|0||Z733|Z733|N|Z604|Y|T7431X|N|N1830|Y|E1129|N|N182|Y|R801|Y|Z653|Y|I4891|Y|N181|Y|E1121|Y|E11319|Y|D4959|Y|D075|Y|E781|Y|E119|Y|E8881|Y|I10|Y|Z954|N|I350|Y|R931|Y|I259|Y|E785|Y|E669|Y|G4733|N|||| | | | | | | | | | | | | | | | | | | | | | |GZ3|02-Aug-2021|G4730|02-Aug-2021|Z741|02-Aug-2021|F419|02-Aug-2021|Z9181|02-Aug-2021|Z139|02-Aug-2021|Z1331|02-Aug-2021|Z1331|02-Aug-2021|F1990|02-Aug-2021|F109|02-Aug-2021|||||||||||||||||||||||||||||||0|0||10|450|G0442|3.0|2021-08-03T00:00:00|hospital_C|hospital_C_20210802
SYN_BENE_E6817125D5A7|SYN_CLM_D878046B58B8|V|60|02-Aug-2021|02-Aug-2021|06-Aug-2021||3|377673|1|1|1|| |1904.09|0.0| ||37|1306950993| |9999907899| |9999907899|||0|1| |1904.09|02-Aug-2021|1|2|A|10|0.0|380.84|0|4|0.0|0.0|0|0|0|0|0|0|0|0|0|0|0|0|0|||||02-Aug-2021|951.0|0|0||Z733|Z733|N|Z604|Y|T7431X|N|N1830|Y|E1129|N|N182|Y|R801|Y|Z653|Y|I4891|Y|N181|Y|E1121|Y|E11319|Y|D4959|Y|D075|Y|E781|Y|E119|Y|E8881|Y|I10|Y|Z954|N|I350|Y|R931|Y|I259|Y|E785|Y|E669|Y|G4733|N|||| | | | | | | | | | | | | | | | | | | | | | |GZ3|02-Aug-2021|G4730|02-Aug-2021|Z741|02-Aug-2021|F419|02-Aug-2021|Z9181|02-Aug-2021|Z139|02-Aug-2021|Z1331|02-Aug-2021|Z1331|02-Aug-2021|F1990|02-Aug-2021|F109|02-Aug-2021|||||||||||||||||||||||||||||||0|0||1|450|99495|3.0|2021-08-03T00:00:00|hospital_C|hospital_C_20210802
SYN_BENE_E6817125D5A7|SYN_CLM_D878046B58B8|V|60|02-Aug-2021|02-Aug-2021|06-Aug-2021||3|377673|1|1|1|| |1904.09|0.0| ||37|1306950993| |9999907899| |9999907899|||0|1| |1904.09|02-Aug-2021|1|2|A|10|0.0|380.84|0|4|0.0|0.0|0|0|0|0|0|0|0|0|0|0|0|0|0|||||02-Aug-2021|951.0|0|0||Z733|Z733|N|Z604|Y|T7431X|N|N1830|Y|E1129|N|N182|Y|R801|Y|Z653|Y|I4891|Y|N181|Y|E1121|Y|E11319|Y|D4959|Y|D075|Y|E781|Y|E119|Y|E8881|Y|I10|Y|Z954|N|I350|Y|R931|Y|I259|Y|E785|Y|E669|Y|G4733|N|||| | | | | | | | | | | | | | | | | | | | | | |GZ3|02-Aug-2021|G4730|02-Aug-2021|Z741|02-Aug-2021|F419|02-Aug-2021|Z9181|02-Aug-2021|Z139|02-Aug-2021|Z1331|02-Aug-2021|Z1331|02-Aug-2021|F1990|02-Aug-2021|F109|02-Aug-2021|||||||||||||||||||||||||||||||0|0||2|450|G8839|3.0|2021-08-03T00:00:00|hospital_C|hospital_C_20210802
SYN_BENE_E6817125D5A7|SYN_CLM_D878046B58B8|V|60|02-Aug-2021|02-Aug-2021|06-Aug-2021||3|377673|1|1|1|| |1904.09|0.0| ||37|1306950993| |9999907899| |9999907899|||0|1| |1904.09|02-Aug-2021|1|2|A|10|0.0|380.84|0|4|0.0|0.0|0|0|0|0|0|0|0|0|0|0|0|0|0|||||02-Aug-2021|951.0|0|0||Z733|Z733|N|Z604|Y|T7431X|N|N1830|Y|E1129|N|N182|Y|R801|Y|Z653|Y|I4891|Y|N181|Y|E1121|Y|E11319|Y|D4959|Y|D075|Y|E781|Y|E119|Y|E8881|Y|I10|Y|Z954|N|I350|Y|R931|Y|I259|Y|E785|Y|E669|Y|G4733|N|||| | | | | | | | | | | | | | | | | | | | | | |GZ3|02-Aug-2021|G4730|02-Aug-2021|Z741|02-Aug-2021|F419|02-Aug-2021|Z9181|02-Aug-2021|Z139|02-Aug-2021|Z1331|02-Aug-2021|Z1331|02-Aug-2021|F1990|02-Aug-2021|F109|02-Aug-2021|||||||||||||||||||||||||||||||0|0||3|450|96156|3.0|2021-08-03T00:00:00|hospital_C|hospital_C_20210802
SYN_BENE_E6817125D5A7|SYN_CLM_D878046B58B8|V|60|02-Aug-2021|02-Aug-2021|06-Aug-2021||3|377673|1|1|1|| |1904.09|0.0| ||37|1306950993| |9999907899| |9999907899|||0|1| |1904.09|02-Aug-2021|1|2|A|10|0.0|380.84|0|4|0.0|0.0|0|0|0|0|0|0|0|0|0|0|0|0|0|||||02-Aug-2021|951.0|0|0||Z733|Z733|N|Z604|Y|T7431X|N|N1830|Y|E1129|N|N182|Y|R801|Y|Z653|Y|I4891|Y|N181|Y|E1121|Y|E11319|Y|D4959|Y|D075|Y|E781|Y|E119|Y|E8881|Y|I10|Y|Z954|N|I350|Y|R931|Y|I259|Y|E785|Y|E669|Y|G4733|N|||| | | | | | | | | | | | | | | | | | | | | | |GZ3|02-Aug-2021|G4730|02-Aug-2021|Z741|02-Aug-2021|F419|02-Aug-2021|Z9181|02-Aug-2021|Z139|02-Aug-2021|Z1331|02-Aug-2021|Z1331|02-Aug-2021|F1990|02-Aug-2021|F109|02-Aug-2021|||||||||||||||||||||||||||||||0|0||4|450|96127|3.0|2021-08-03T00:00:00|hospital_C|hospital_C_20210802
SYN_BENE_E6817125D5A7|SYN_CLM_D878046B58B8|V|60|02-Aug-2021|02-Aug-2021|06-Aug-2021||3|377673|1|1|1|| |1904.09|0.0| ||37|1306950993| |9999907899| |9999907899|||0|1| |1904.09|02-Aug-2021|1|2|A|10|0.0|380.84|0|4|0.0|0.0|0|0|0|0|0|0|0|0|0|0|0|0|0|||||02-Aug-2021|951.0|0|0||Z733|Z733|N|Z604|Y|T7431X|N|N1830|Y|E1129|N|N182|Y|R801|Y|Z653|Y|I4891|Y|N181|Y|E1121|Y|E11319|Y|D4959|Y|D075|Y|E781|Y|E119|Y|E8881|Y|I10|Y|Z954|N|I350|Y|R931|Y|I259|Y|E785|Y|E669|Y|G4733|N|||| | | | | | | | | | | | | | | | | | | | | | |GZ3|02-Aug-2021|G4730|02-Aug-2021|Z741|02-Aug-2021|F419|02-Aug-2021|Z9181|02-Aug-2021|Z139|02-Aug-2021|Z1331|02-Aug-2021|Z1331|02-Aug-2021|F1990|02-Aug-2021|F109|02-Aug-2021|||||||||||||||||||||||||||||||0|0||5|450|M1069|3.0|2021-08-03T00:00:00|hospital_C|hospital_C_20210802
SYN_BENE_E6817125D5A7|SYN_CLM_D878046B58B8|V|60|02-Aug-2021|02-Aug-2021|06-Aug-2021||3|377673|1|1|1|| |1904.09|0.0| ||37|1306950993| |9999907899| |9999907899|||0|1| |1904.09|02-Aug-2021|1|2|A|10|0.0|380.84|0|4|0.0|0.0|0|0|0|0|0|0|0|0|0|0|0|0|0|||||02-Aug-2021|951.0|0|0||Z733|Z733|N|Z604|Y|T7431X|N|N1830|Y|E1129|N|N182|Y|R801|Y|Z653|Y|I4891|Y|N181|Y|E1121|Y|E11319|Y|D4959|Y|D075|Y|E781|Y|E119|Y|E8881|Y|I10|Y|Z954|N|I350|Y|R931|Y|I259|Y|E785|Y|E669|Y|G4733|N|||| | | | | | | | | | | | | | | | | | | | | | |GZ3|02-Aug-2021|G4730|02-Aug-2021|Z741|02-Aug-2021|F419|02-Aug-2021|Z9181|02-Aug-2021|Z139|02-Aug-2021|Z1331|02-Aug-2021|Z1331|02-Aug-2021|F1990|02-Aug-2021|F109|02-Aug-2021|||||||||||||||||||||||||||||||0|0||6|450|99401|3.0|2021-08-03T00:00:00|hospital_C|hospital_C_20210802
SYN_BENE_E6817125D5A7|SYN_CLM_D878046B58B8|V|60|02-Aug-2021|02-Aug-2021|06-Aug-2021||3|377673|1|1|1|| |1904.09|0.0| ||37|1306950993| |9999907899| |9999907899|||0|1| |1904.09|02-Aug-2021|1|2|A|10|0.0|380.84|0|4|0.0|0.0|0|0|0|0|0|0|0|0|0|0|0|0|0|||||02-Aug-2021|951.0|0|0||Z733|Z733|N|Z604|Y|T7431X|N|N1830|Y|E1129|N|N182|Y|R801|Y|Z653|Y|I4891|Y|N181|Y|E1121|Y|E11319|Y|D4959|Y|D075|Y|E781|Y|E119|Y|E8881|Y|I10|Y|Z954|N|I350|Y|R931|Y|I259|Y|E785|Y|E669|Y|G4733|N|||| | | | | | | | | | | | | | | | | | | | | | |GZ3|02-Aug-2021|G4730|02-Aug-2021|Z741|02-Aug-2021|F419|02-Aug-2021|Z9181|02-Aug-2021|Z139|02-Aug-2021|Z1331|02-Aug-2021|Z1331|02-Aug-2021|F1990|02-Aug-2021|F109|02-Aug-2021|||||||||||||||||||||||||||||||0|0||7|450|G0444|3.0|2021-08-03T00:00:00|hospital_C|hospital_C_20210802
SYN_BENE_E6817125D5A7|SYN_CLM_D878046B58B8|V|60|02-Aug-2021|02-Aug-2021|06-Aug-2021||3|377673|1|1|1|| |1904.09|0.0| ||37|1306950993| |9999907899| |9999907899|||0|1| |1904.09|02-Aug-2021|1|2|A|10|0.0|380.84|0|4|0.0|0.0|0|0|0|0|0|0|0|0|0|0|0|0|0|||||02-Aug-2021|951.0|0|0||Z733|Z733|N|Z604|Y|T7431X|N|N1830|Y|E1129|N|N182|Y|R801|Y|Z653|Y|I4891|Y|N181|Y|E1121|Y|E11319|Y|D4959|Y|D075|Y|E781|Y|E119|Y|E8881|Y|I10|Y|Z954|N|I350|Y|R931|Y|I259|Y|E785|Y|E669|Y|G4733|N|||| | | | | | | | | | | | | | | | | | | | | | |GZ3|02-Aug-2021|G4730|02-Aug-2021|Z741|02-Aug-2021|F419|02-Aug-2021|Z9181|02-Aug-2021|Z139|02-Aug-2021|Z1331|02-Aug-2021|Z1331|02-Aug-2021|F1990|02-Aug-2021|F109|02-Aug-2021|||||||||||||||||||||||||||||||0|0||8|450|G0444|3.0|2021-08-03T00:00:00|hospital_C|hospital_C_20210802
SYN_BENE_E6817125D5A7|SYN_CLM_D878046B58B8|V|60|02-Aug-2021|02-Aug-2021|06-Aug-2021||3|377673|1|1|1|| |1904.09|0.0| ||37|1306950993| |9999907899| |9999907899|||0|1| |1904.09|02-Aug-2021|1|2|A|10|0.0|380.84|0|4|0.0|0.0|0|0|0|0|0|0|0|0|0|0|0|0|0|||||02-Aug-2021|951.0|0|0||Z733|Z733|N|Z604|Y|T7431X|N|N1830|Y|E1129|N|N182|Y|R801|Y|Z653|Y|I4891|Y|N181|Y|E1121|Y|E11319|Y|D4959|Y|D075|Y|E781|Y|E119|Y|E8881|Y|I10|Y|Z954|N|I350|Y|R931|Y|I259|Y|E785|Y|E669|Y|G4733|N|||| | | | | | | | | | | | | | | | | | | | | | |GZ3|02-Aug-2021|G4730|02-Aug-2021|Z741|02-Aug-2021|F419|02-Aug-2021|Z9181|02-Aug-2021|Z139|02-Aug-2021|Z1331|02-Aug-2021|Z1331|02-Aug-2021|F1990|02-Aug-2021|F109|02-Aug-2021|||||||||||||||||||||||||||||||0|0||9|450|99408|3.0|2021-08-03T00:00:00|hospital_C|hospital_C_20210802
SYN_BENE_E6817125D5A7|SYN_CLM_D878046B58B8|V|60|02-Aug-2021|02-Aug-2021|06-Aug-2021||3|377673|1|1|1|| |1904.09|0.0| ||37|1306950993| |9999907899| |9999907899|||0|1| |1904.09|02-Aug-2021|1|2|A|10|0.0|380.84|0|4|0.0|0.0|0|0|0|0|0|0|0|0|0|0|0|0|0|||||02-Aug-2021|951.0|0|0||Z733|Z733|N|Z604|Y|T7431X|N|N1830|Y|E1129|N|N182|Y|R801|Y|Z653|Y|I4891|Y|N181|Y|E1121|Y|E11319|Y|D4959|Y|D075|Y|E781|Y|E119|Y|E8881|Y|I10|Y|Z954|N|I350|Y|R931|Y|I259|Y|E785|Y|E669|Y|G4733|N|||| | | | | | | | | | | | | | | | | | | | | | |GZ3|02-Aug-2021|G4730|02-Aug-2021|Z741|02-Aug-2021|F419|02-Aug-2021|Z9181|02-Aug-2021|Z139|02-Aug-2021|Z1331|02-Aug-2021|Z1331|02-Aug-2021|F1990|02-Aug-2021|F109|02-Aug-2021|||||||||||||||||||||||||||||||0|0||10|450|G0442|3.0|2021-08-03T00:00:00|hospital_C|hospital_C_20210802
SYN_BENE_C07ED173D74B|SYN_CLM_143A13F5EEBD|V|60|02-Aug-2021|02-Aug-2021|06-Aug-2021||3|377673|1|1|1|| |1904.09|0.0| ||37|1306950993| |9999907899| |9999907899|||0|1| |1904.09|02-Aug-2021|1|2|A|10|0.0|380.84|0|4|0.0|0.0|0|0|0|0|0|0|0|0|0|0|0|0|0|||||02-Aug-2021|951.0|0|0||Z733|Z733|N|Z604|Y|T7431X|N|N1830|Y|E1129|N|N182|Y|R801|Y|Z653|Y|I4891|Y|N181|Y|E1121|Y|E11319|Y|D4959|Y|D075|Y|E781|Y|E119|Y|E8881|Y|I10|Y|Z954|N|I350|Y|R931|Y|I259|Y|E785|Y|E669|Y|G4733|N|||| | | | | | | | | | | | | | | | | | | | | | |GZ3|02-Aug-2021|G4730|02-Aug-2021|Z741|02-Aug-2021|F419|02-Aug-2021|Z9181|02-Aug-2021|Z139|02-Aug-2021|Z1331|02-Aug-2021|Z1331|02-Aug-2021|F1990|02-Aug-2021|F109|02-Aug-2021|||||||||||||||||||||||||||||||0|0||1|450|99495|3.0|2021-08-03T00:00:00|hospital_C|hospital_C_20210802
SYN_BENE_C07ED173D74B|SYN_CLM_143A13F5EEBD|V|60|02-Aug-2021|02-Aug-2021|06-Aug-2021||3|377673|1|1|1|| |1904.09|0.0| ||37|1306950993| |9999907899| |9999907899|||0|1| |1904.09|02-Aug-2021|1|2|A|10|0.0|380.84|0|4|0.0|0.0|0|0|0|0|0|0|0|0|0|0|0|0|0|||||02-Aug-2021|951.0|0|0||Z733|Z733|N|Z604|Y|T7431X|N|N1830|Y|E1129|N|N182|Y|R801|Y|Z653|Y|I4891|Y|N181|Y|E1121|Y|E11319|Y|D4959|Y|D075|Y|E781|Y|E119|Y|E8881|Y|I10|Y|Z954|N|I350|Y|R931|Y|I259|Y|E785|Y|E669|Y|G4733|N|||| | | | | | | | | | | | | | | | | | | | | | |GZ3|02-Aug-2021|G4730|02-Aug-2021|Z741|02-Aug-2021|F419|02-Aug-2021|Z9181|02-Aug-2021|Z139|02-Aug-2021|Z1331|02-Aug-2021|Z1331|02-Aug-2021|F1990|02-Aug-2021|F109|02-Aug-2021|||||||||||||||||||||||||||||||0|0||2|450|G8839|3.0|2021-08-03T00:00:00|hospital_C|hospital_C_20210802
SYN_BENE_C07ED173D74B|SYN_CLM_143A13F5EEBD|V|60|02-Aug-2021|02-Aug-2021|06-Aug-2021||3|377673|1|1|1|| |1904.09|0.0| ||37|1306950993| |9999907899| |9999907899|||0|1| |1904.09|02-Aug-2021|1|2|A|10|0.0|380.84|0|4|0.0|0.0|0|0|0|0|0|0|0|0|0|0|0|0|0|||||02-Aug-2021|951.0|0|0||Z733|Z733|N|Z604|Y|T7431X|N|N1830|Y|E1129|N|N182|Y|R801|Y|Z653|Y|I4891|Y|N181|Y|E1121|Y|E11319|Y|D4959|Y|D075|Y|E781|Y|E119|Y|E8881|Y|I10|Y|Z954|N|I350|Y|R931|Y|I259|Y|E785|Y|E669|Y|G4733|N|||| | | | | | | | | | | | | | | | | | | | | | |GZ3|02-Aug-2021|G4730|02-Aug-2021|Z741|02-Aug-2021|F419|02-Aug-2021|Z9181|02-Aug-2021|Z139|02-Aug-2021|Z1331|02-Aug-2021|Z1331|02-Aug-2021|F1990|02-Aug-2021|F109|02-Aug-2021|||||||||||||||||||||||||||||||0|0||3|450|96156|3.0|2021-08-03T00:00:00|hospital_C|hospital_C_20210802
SYN_BENE_C07ED173D74B|SYN_CLM_143A13F5EEBD|V|60|02-Aug-2021|02-Aug-2021|06-Aug-2021||3|377673|1|1|1|| |1904.09|0.0| ||37|1306950993| |9999907899| |9999907899|||0|1| |1904.09|02-Aug-2021|1|2|A|10|0.0|380.84|0|4|0.0|0.0|0|0|0|0|0|0|0|0|0|0|0|0|0|||||02-Aug-2021|951.0|0|0||Z733|Z733|N|Z604|Y|T7431X|N|N1830|Y|E1129|N|N182|Y|R801|Y|Z653|Y|I4891|Y|N181|Y|E1121|Y|E11319|Y|D4959|Y|D075|Y|E781|Y|E119|Y|E8881|Y|I10|Y|Z954|N|I350|Y|R931|Y|I259|Y|E785|Y|E669|Y|G4733|N|||| | | | | | | | | | | | | | | | | | | | | | |GZ3|02-Aug-2021|G4730|02-Aug-2021|Z741|02-Aug-2021|F419|02-Aug-2021|Z9181|02-Aug-2021|Z139|02-Aug-2021|Z1331|02-Aug-2021|Z1331|02-Aug-2021|F1990|02-Aug-2021|F109|02-Aug-2021|||||||||||||||||||||||||||||||0|0||4|450|96127|3.0|2021-08-03T00:00:00|hospital_C|hospital_C_20210802
SYN_BENE_C07ED173D74B|SYN_CLM_143A13F5EEBD|V|60|02-Aug-2021|02-Aug-2021|06-Aug-2021||3|377673|1|1|1|| |1904.09|0.0| ||37|1306950993| |9999907899| |9999907899|||0|1| |1904.09|02-Aug-2021|1|2|A|10|0.0|380.84|0|4|0.0|0.0|0|0|0|0|0|0|0|0|0|0|0|0|0|||||02-Aug-2021|951.0|0|0||Z733|Z733|N|Z604|Y|T7431X|N|N1830|Y|E1129|N|N182|Y|R801|Y|Z653|Y|I4891|Y|N181|Y|E1121|Y|E11319|Y|D4959|Y|D075|Y|E781|Y|E119|Y|E8881|Y|I10|Y|Z954|N|I350|Y|R931|Y|I259|Y|E785|Y|E669|Y|G4733|N|||| | | | | | | | | | | | | | | | | | | | | | |GZ3|02-Aug-2021|G4730|02-Aug-2021|Z741|02-Aug-2021|F419|02-Aug-2021|Z9181|02-Aug-2021|Z139|02-Aug-2021|Z1331|02-Aug-2021|Z1331|02-Aug-2021|F1990|02-Aug-2021|F109|02-Aug-2021|||||||||||||||||||||||||||||||0|0||5|450|M1069|3.0|2021-08-03T00:00:00|hospital_C|hospital_C_20210802
SYN_BENE_C07ED173D74B|SYN_CLM_143A13F5EEBD|V|60|02-Aug-2021|02-Aug-2021|06-Aug-2021||3|377673|1|1|1|| |1904.09|0.0| ||37|1306950993| |9999907899| |9999907899|||0|1| |1904.09|02-Aug-2021|1|2|A|10|0.0|380.84|0|4|0.0|0.0|0|0|0|0|0|0|0|0|0|0|0|0|0|||||02-Aug-2021|951.0|0|0||Z733|Z733|N|Z604|Y|T7431X|N|N1830|Y|E1129|N|N182|Y|R801|Y|Z653|Y|I4891|Y|N181|Y|E1121|Y|E11319|Y|D4959|Y|D075|Y|E781|Y|E119|Y|E8881|Y|I10|Y|Z954|N|I350|Y|R931|Y|I259|Y|E785|Y|E669|Y|G4733|N|||| | | | | | | | | | | | | | | | | | | | | | |GZ3|02-Aug-2021|G4730|02-Aug-2021|Z741|02-Aug-2021|F419|02-Aug-2021|Z9181|02-Aug-2021|Z139|02-Aug-2021|Z1331|02-Aug-2021|Z1331|02-Aug-2021|F1990|02-Aug-2021|F109|02-Aug-2021|||||||||||||||||||||||||||||||0|0||6|450|99401|3.0|2021-08-03T00:00:00|hospital_C|hospital_C_20210802
SYN_BENE_C07ED173D74B|SYN_CLM_143A13F5EEBD|V|60|02-Aug-2021|02-Aug-2021|06-Aug-2021||3|377673|1|1|1|| |1904.09|0.0| ||37|1306950993| |9999907899| |9999907899|||0|1| |1904.09|02-Aug-2021|1|2|A|10|0.0|380.84|0|4|0.0|0.0|0|0|0|0|0|0|0|0|0|0|0|0|0|||||02-Aug-2021|951.0|0|0||Z733|Z733|N|Z604|Y|T7431X|N|N1830|Y|E1129|N|N182|Y|R801|Y|Z653|Y|I4891|Y|N181|Y|E1121|Y|E11319|Y|D4959|Y|D075|Y|E781|Y|E119|Y|E8881|Y|I10|Y|Z954|N|I350|Y|R931|Y|I259|Y|E785|Y|E669|Y|G4733|N|||| | | | | | | | | | | | | | | | | | | | | | |GZ3|02-Aug-2021|G4730|02-Aug-2021|Z741|02-Aug-2021|F419|02-Aug-2021|Z9181|02-Aug-2021|Z139|02-Aug-2021|Z1331|02-Aug-2021|Z1331|02-Aug-2021|F1990|02-Aug-2021|F109|02-Aug-2021|||||||||||||||||||||||||||||||0|0||7|450|G0444|3.0|2021-08-03T00:00:00|hospital_C|hospital_C_20210802
SYN_BENE_C07ED173D74B|SYN_CLM_143A13F5EEBD|V|60|02-Aug-2021|02-Aug-2021|06-Aug-2021||3|377673|1|1|1|| |1904.09|0.0| ||37|1306950993| |9999907899| |9999907899|||0|1| |1904.09|02-Aug-2021|1|2|A|10|0.0|380.84|0|4|0.0|0.0|0|0|0|0|0|0|0|0|0|0|0|0|0|||||02-Aug-2021|951.0|0|0||Z733|Z733|N|Z604|Y|T7431X|N|N1830|Y|E1129|N|N182|Y|R801|Y|Z653|Y|I4891|Y|N181|Y|E1121|Y|E11319|Y|D4959|Y|D075|Y|E781|Y|E119|Y|E8881|Y|I10|Y|Z954|N|I350|Y|R931|Y|I259|Y|E785|Y|E669|Y|G4733|N|||| | | | | | | | | | | | | | | | | | | | | | |GZ3|02-Aug-2021|G4730|02-Aug-2021|Z741|02-Aug-2021|F419|02-Aug-2021|Z9181|02-Aug-2021|Z139|02-Aug-2021|Z1331|02-Aug-2021|Z1331|02-Aug-2021|F1990|02-Aug-2021|F109|02-Aug-2021|||||||||||||||||||||||||||||||0|0||8|450|G0444|3.0|2021-08-03T00:00:00|hospital_C|hospital_C_20210802
SYN_BENE_C07ED173D74B|SYN_CLM_143A13F5EEBD|V|60|02-Aug-2021|02-Aug-2021|06-Aug-2021||3|377673|1|1|1|| |1904.09|0.0| ||37|1306950993| |9999907899| |9999907899|||0|1| |1904.09|02-Aug-2021|1|2|A|10|0.0|380.84|0|4|0.0|0.0|0|0|0|0|0|0|0|0|0|0|0|0|0|||||02-Aug-2021|951.0|0|0||Z733|Z733|N|Z604|Y|T7431X|N|N1830|Y|E1129|N|N182|Y|R801|Y|Z653|Y|I4891|Y|N181|Y|E1121|Y|E11319|Y|D4959|Y|D075|Y|E781|Y|E119|Y|E8881|Y|I10|Y|Z954|N|I350|Y|R931|Y|I259|Y|E785|Y|E669|Y|G4733|N|||| | | | | | | | | | | | | | | | | | | | | | |GZ3|02-Aug-2021|G4730|02-Aug-2021|Z741|02-Aug-2021|F419|02-Aug-2021|Z9181|02-Aug-2021|Z139|02-Aug-2021|Z1331|02-Aug-2021|Z1331|02-Aug-2021|F1990|02-Aug-2021|F109|02-Aug-2021|||||||||||||||||||||||||||||||0|0||9|450|99408|3.0|2021-08-03T00:00:00|hospital_C|hospital_C_20210802
SYN_BENE_C07ED173D74B|SYN_CLM_143A13F5EEBD|V|60|02-Aug-2021|02-Aug-2021|06-Aug-2021||3|377673|1|1|1|| |1904.09|0.0| ||37|1306950993| |9999907899| |9999907899|||0|1| |1904.09|02-Aug-2021|1|2|A|10|0.0|380.84|0|4|0.0|0.0|0|0|0|0|0|0|0|0|0|0|0|0|0|||||02-Aug-2021|951.0|0|0||Z733|Z733|N|Z604|Y|T7431X|N|N1830|Y|E1129|N|N182|Y|R801|Y|Z653|Y|I4891|Y|N181|Y|E1121|Y|E11319|Y|D4959|Y|D075|Y|E781|Y|E119|Y|E8881|Y|I10|Y|Z954|N|I350|Y|R931|Y|I259|Y|E785|Y|E669|Y|G4733|N|||| | | | | | | | | | | | | | | | | | | | | | |GZ3|02-Aug-2021|G4730|02-Aug-2021|Z741|02-Aug-2021|F419|02-Aug-2021|Z9181|02-Aug-2021|Z139|02-Aug-2021|Z1331|02-Aug-2021|Z1331|02-Aug-2021|F1990|02-Aug-2021|F109|02-Aug-2021|||||||||||||||||||||||||||||||0|0||10|450|G0442|3.0|2021-08-03T00:00:00|hospital_C|hospital_C_20210802
SYN_BENE_52B933EC0648|SYN_CLM_7F1C513408E5|V|60|02-Aug-2021|02-Aug-2021|06-Aug-2021||3|377673|1|1|1|| |1904.09|0.0| ||37|1306950993| |9999907899| |9999907899|||0|1| |1904.09|02-Aug-2021|1|2|A|10|0.0|380.84|0|4|0.0|0.0|0|0|0|0|0|0|0|0|0|0|0|0|0|||||02-Aug-2021|951.0|0|0||Z733|Z733|N|Z604|Y|T7431X|N|N1830|Y|E1129|N|N182|Y|R801|Y|Z653|Y|I4891|Y|N181|Y|E1121|Y|E11319|Y|D4959|Y|D075|Y|E781|Y|E119|Y|E8881|Y|I10|Y|Z954|N|I350|Y|R931|Y|I259|Y|E785|Y|E669|Y|G4733|N|||| | | | | | | | | | | | | | | | | | | | | | |GZ3|02-Aug-2021|G4730|02-Aug-2021|Z741|02-Aug-2021|F419|02-Aug-2021|Z9181|02-Aug-2021|Z139|02-Aug-2021|Z1331|02-Aug-2021|Z1331|02-Aug-2021|F1990|02-Aug-2021|F109|02-Aug-2021|||||||||||||||||||||||||||||||0|0||1|450|99495|3.0|2021-08-03T00:00:00|hospital_C|hospital_C_20210802
SYN_BENE_52B933EC0648|SYN_CLM_7F1C513408E5|V|60|02-Aug-2021|02-Aug-2021|06-Aug-2021||3|377673|1|1|1|| |1904.09|0.0| ||37|1306950993| |9999907899| |9999907899|||0|1| |1904.09|02-Aug-2021|1|2|A|10|0.0|380.84|0|4|0.0|0.0|0|0|0|0|0|0|0|0|0|0|0|0|0|||||02-Aug-2021|951.0|0|0||Z733|Z733|N|Z604|Y|T7431X|N|N1830|Y|E1129|N|N182|Y|R801|Y|Z653|Y|I4891|Y|N181|Y|E1121|Y|E11319|Y|D4959|Y|D075|Y|E781|Y|E119|Y|E8881|Y|I10|Y|Z954|N|I350|Y|R931|Y|I259|Y|E785|Y|E669|Y|G4733|N|||| | | | | | | | | | | | | | | | | | | | | | |GZ3|02-Aug-2021|G4730|02-Aug-2021|Z741|02-Aug-2021|F419|02-Aug-2021|Z9181|02-Aug-2021|Z139|02-Aug-2021|Z1331|02-Aug-2021|Z1331|02-Aug-2021|F1990|02-Aug-2021|F109|02-Aug-2021|||||||||||||||||||||||||||||||0|0||2|450|G8839|3.0|2021-08-03T00:00:00|hospital_C|hospital_C_20210802
SYN_BENE_52B933EC0648|SYN_CLM_7F1C513408E5|V|60|02-Aug-2021|02-Aug-2021|06-Aug-2021||3|377673|1|1|1|| |1904.09|0.0| ||37|1306950993| |9999907899| |9999907899|||0|1| |1904.09|02-Aug-2021|1|2|A|10|0.0|380.84|0|4|0.0|0.0|0|0|0|0|0|0|0|0|0|0|0|0|0|||||02-Aug-2021|951.0|0|0||Z733|Z733|N|Z604|Y|T7431X|N|N1830|Y|E1129|N|N182|Y|R801|Y|Z653|Y|I4891|Y|N181|Y|E1121|Y|E11319|Y|D4959|Y|D075|Y|E781|Y|E119|Y|E8881|Y|I10|Y|Z954|N|I350|Y|R931|Y|I259|Y|E785|Y|E669|Y|G4733|N|||| | | | | | | | | | | | | | | | | | | | | | |GZ3|02-Aug-2021|G4730|02-Aug-2021|Z741|02-Aug-2021|F419|02-Aug-2021|Z9181|02-Aug-2021|Z139|02-Aug-2021|Z1331|02-Aug-2021|Z1331|02-Aug-2021|F1990|02-Aug-2021|F109|02-Aug-2021|||||||||||||||||||||||||||||||0|0||3|450|96156|3.0|2021-08-03T00:00:00|hospital_C|hospital_C_20210802
SYN_BENE_52B933EC0648|SYN_CLM_7F1C513408E5|V|60|02-Aug-2021|02-Aug-2021|06-Aug-2021||3|377673|1|1|1|| |1904.09|0.0| ||37|1306950993| |9999907899| |9999907899|||0|1| |1904.09|02-Aug-2021|1|2|A|10|0.0|380.84|0|4|0.0|0.0|0|0|0|0|0|0|0|0|0|0|0|0|0|||||02-Aug-2021|951.0|0|0||Z733|Z733|N|Z604|Y|T7431X|N|N1830|Y|E1129|N|N182|Y|R801|Y|Z653|Y|I4891|Y|N181|Y|E1121|Y|E11319|Y|D4959|Y|D075|Y|E781|Y|E119|Y|E8881|Y|I10|Y|Z954|N|I350|Y|R931|Y|I259|Y|E785|Y|E669|Y|G4733|N|||| | | | | | | | | | | | | | | | | | | | | | |GZ3|02-Aug-2021|G4730|02-Aug-2021|Z741|02-Aug-2021|F419|02-Aug-2021|Z9181|02-Aug-2021|Z139|02-Aug-2021|Z1331|02-Aug-2021|Z1331|02-Aug-2021|F1990|02-Aug-2021|F109|02-Aug-2021|||||||||||||||||||||||||||||||0|0||4|450|96127|3.0|2021-08-03T00:00:00|hospital_C|hospital_C_20210802
SYN_BENE_52B933EC0648|SYN_CLM_7F1C513408E5|V|60|02-Aug-2021|02-Aug-2021|06-Aug-2021||3|377673|1|1|1|| |1904.09|0.0| ||37|1306950993| |9999907899| |9999907899|||0|1| |1904.09|02-Aug-2021|1|2|A|10|0.0|380.84|0|4|0.0|0.0|0|0|0|0|0|0|0|0|0|0|0|0|0|||||02-Aug-2021|951.0|0|0||Z733|Z733|N|Z604|Y|T7431X|N|N1830|Y|E1129|N|N182|Y|R801|Y|Z653|Y|I4891|Y|N181|Y|E1121|Y|E11319|Y|D4959|Y|D075|Y|E781|Y|E119|Y|E8881|Y|I10|Y|Z954|N|I350|Y|R931|Y|I259|Y|E785|Y|E669|Y|G4733|N|||| | | | | | | | | | | | | | | | | | | | | | |GZ3|02-Aug-2021|G4730|02-Aug-2021|Z741|02-Aug-2021|F419|02-Aug-2021|Z9181|02-Aug-2021|Z139|02-Aug-2021|Z1331|02-Aug-2021|Z1331|02-Aug-2021|F1990|02-Aug-2021|F109|02-Aug-2021|||||||||||||||||||||||||||||||0|0||5|450|M1069|3.0|2021-08-03T00:00:00|hospital_C|hospital_C_20210802
SYN_BENE_52B933EC0648|SYN_CLM_7F1C513408E5|V|60|02-Aug-2021|02-Aug-2021|06-Aug-2021||3|377673|1|1|1|| |1904.09|0.0| ||37|1306950993| |9999907899| |9999907899|||0|1| |1904.09|02-Aug-2021|1|2|A|10|0.0|380.84|0|4|0.0|0.0|0|0|0|0|0|0|0|0|0|0|0|0|0|||||02-Aug-2021|951.0|0|0||Z733|Z733|N|Z604|Y|T7431X|N|N1830|Y|E1129|N|N182|Y|R801|Y|Z653|Y|I4891|Y|N181|Y|E1121|Y|E11319|Y|D4959|Y|D075|Y|E781|Y|E119|Y|E8881|Y|I10|Y|Z954|N|I350|Y|R931|Y|I259|Y|E785|Y|E669|Y|G4733|N|||| | | | | | | | | | | | | | | | | | | | | | |GZ3|02-Aug-2021|G4730|02-Aug-2021|Z741|02-Aug-2021|F419|02-Aug-2021|Z9181|02-Aug-2021|Z139|02-Aug-2021|Z1331|02-Aug-2021|Z1331|02-Aug-2021|F1990|02-Aug-2021|F109|02-Aug-2021|||||||||||||||||||||||||||||||0|0||6|450|99401|3.0|2021-08-03T00:00:00|hospital_C|hospital_C_20210802
SYN_BENE_52B933EC0648|SYN_CLM_7F1C513408E5|V|60|02-Aug-2021|02-Aug-2021|06-Aug-2021||3|377673|1|1|1|| |1904.09|0.0| ||37|1306950993| |9999907899| |9999907899|||0|1| |1904.09|02-Aug-2021|1|2|A|10|0.0|380.84|0|4|0.0|0.0|0|0|0|0|0|0|0|0|0|0|0|0|0|||||02-Aug-2021|951.0|0|0||Z733|Z733|N|Z604|Y|T7431X|N|N1830|Y|E1129|N|N182|Y|R801|Y|Z653|Y|I4891|Y|N181|Y|E1121|Y|E11319|Y|D4959|Y|D075|Y|E781|Y|E119|Y|E8881|Y|I10|Y|Z954|N|I350|Y|R931|Y|I259|Y|E785|Y|E669|Y|G4733|N|||| | | | | | | | | | | | | | | | | | | | | | |GZ3|02-Aug-2021|G4730|02-Aug-2021|Z741|02-Aug-2021|F419|02-Aug-2021|Z9181|02-Aug-2021|Z139|02-Aug-2021|Z1331|02-Aug-2021|Z1331|02-Aug-2021|F1990|02-Aug-2021|F109|02-Aug-2021|||||||||||||||||||||||||||||||0|0||7|450|G0444|3.0|2021-08-03T00:00:00|hospital_C|hospital_C_20210802
SYN_BENE_52B933EC0648|SYN_CLM_7F1C513408E5|V|60|02-Aug-2021|02-Aug-2021|06-Aug-2021||3|377673|1|1|1|| |1904.09|0.0| ||37|1306950993| |9999907899| |9999907899|||0|1| |1904.09|02-Aug-2021|1|2|A|10|0.0|380.84|0|4|0.0|0.0|0|0|0|0|0|0|0|0|0|0|0|0|0|||||02-Aug-2021|951.0|0|0||Z733|Z733|N|Z604|Y|T7431X|N|N1830|Y|E1129|N|N182|Y|R801|Y|Z653|Y|I4891|Y|N181|Y|E1121|Y|E11319|Y|D4959|Y|D075|Y|E781|Y|E119|Y|E8881|Y|I10|Y|Z954|N|I350|Y|R931|Y|I259|Y|E785|Y|E669|Y|G4733|N|||| | | | | | | | | | | | | | | | | | | | | | |GZ3|02-Aug-2021|G4730|02-Aug-2021|Z741|02-Aug-2021|F419|02-Aug-2021|Z9181|02-Aug-2021|Z139|02-Aug-2021|Z1331|02-Aug-2021|Z1331|02-Aug-2021|F1990|02-Aug-2021|F109|02-Aug-2021|||||||||||||||||||||||||||||||0|0||8|450|G0444|3.0|2021-08-03T00:00:00|hospital_C|hospital_C_20210802
SYN_BENE_52B933EC0648|SYN_CLM_7F1C513408E5|V|60|02-Aug-2021|02-Aug-2021|06-Aug-2021||3|377673|1|1|1|| |1904.09|0.0| ||37|1306950993| |9999907899| |9999907899|||0|1| |1904.09|02-Aug-2021|1|2|A|10|0.0|380.84|0|4|0.0|0.0|0|0|0|0|0|0|0|0|0|0|0|0|0|||||02-Aug-2021|951.0|0|0||Z733|Z733|N|Z604|Y|T7431X|N|N1830|Y|E1129|N|N182|Y|R801|Y|Z653|Y|I4891|Y|N181|Y|E1121|Y|E11319|Y|D4959|Y|D075|Y|E781|Y|E119|Y|E8881|Y|I10|Y|Z954|N|I350|Y|R931|Y|I259|Y|E785|Y|E669|Y|G4733|N|||| | | | | | | | | | | | | | | | | | | | | | |GZ3|02-Aug-2021|G4730|02-Aug-2021|Z741|02-Aug-2021|F419|02-Aug-2021|Z9181|02-Aug-2021|Z139|02-Aug-2021|Z1331|02-Aug-2021|Z1331|02-Aug-2021|F1990|02-Aug-2021|F109|02-Aug-2021|||||||||||||||||||||||||||||||0|0||9|450|99408|3.0|2021-08-03T00:00:00|hospital_C|hospital_C_20210802
SYN_BENE_52B933EC0648|SYN_CLM_7F1C513408E5|V|60|02-Aug-2021|02-Aug-2021|06-Aug-2021||3|377673|1|1|1|| |1904.09|0.0| ||37|1306950993| |9999907899| |9999907899|||0|1| |1904.09|02-Aug-2021|1|2|A|10|0.0|380.84|0|4|0.0|0.0|0|0|0|0|0|0|0|0|0|0|0|0|0|||||02-Aug-2021|951.0|0|0||Z733|Z733|N|Z604|Y|T7431X|N|N1830|Y|E1129|N|N182|Y|R801|Y|Z653|Y|I4891|Y|N181|Y|E1121|Y|E11319|Y|D4959|Y|D075|Y|E781|Y|E119|Y|E8881|Y|I10|Y|Z954|N|I350|Y|R931|Y|I259|Y|E785|Y|E669|Y|G4733|N|||| | | | | | | | | | | | | | | | | | | | | | |GZ3|02-Aug-2021|G4730|02-Aug-2021|Z741|02-Aug-2021|F419|02-Aug-2021|Z9181|02-Aug-2021|Z139|02-Aug-2021|Z1331|02-Aug-2021|Z1331|02-Aug-2021|F1990|02-Aug-2021|F109|02-Aug-2021|||||||||||||||||||||||||||||||0|0||10|450|G0442|3.0|2021-08-03T00:00:00|hospital_C|hospital_C_20210802
SYN_BENE_006083D41CA7|SYN_CLM_02462880F781|V|60|02-Aug-2021|02-Aug-2021|06-Aug-2021||3|377673|1|1|1|| |1904.09|0.0| ||37|1306950993| |9999907899| |9999907899|||0|1| |1904.09|02-Aug-2021|1|2|A|10|0.0|380.84|0|4|0.0|0.0|0|0|0|0|0|0|0|0|0|0|0|0|0|||||02-Aug-2021|951.0|0|0||Z733|Z733|N|Z604|Y|T7431X|N|N1830|Y|E1129|N|N182|Y|R801|Y|Z653|Y|I4891|Y|N181|Y|E1121|Y|E11319|Y|D4959|Y|D075|Y|E781|Y|E119|Y|E8881|Y|I10|Y|Z954|N|I350|Y|R931|Y|I259|Y|E785|Y|E669|Y|G4733|N|||| | | | | | | | | | | | | | | | | | | | | | |GZ3|02-Aug-2021|G4730|02-Aug-2021|Z741|02-Aug-2021|F419|02-Aug-2021|Z9181|02-Aug-2021|Z139|02-Aug-2021|Z1331|02-Aug-2021|Z1331|02-Aug-2021|F1990|02-Aug-2021|F109|02-Aug-2021|||||||||||||||||||||||||||||||0|0||1|450|99495|3.0|2021-08-03T00:00:00|hospital_C|hospital_C_20210802
SYN_BENE_006083D41CA7|SYN_CLM_02462880F781|V|60|02-Aug-2021|02-Aug-2021|06-Aug-2021||3|377673|1|1|1|| |1904.09|0.0| ||37|1306950993| |9999907899| |9999907899|||0|1| |1904.09|02-Aug-2021|1|2|A|10|0.0|380.84|0|4|0.0|0.0|0|0|0|0|0|0|0|0|0|0|0|0|0|||||02-Aug-2021|951.0|0|0||Z733|Z733|N|Z604|Y|T7431X|N|N1830|Y|E1129|N|N182|Y|R801|Y|Z653|Y|I4891|Y|N181|Y|E1121|Y|E11319|Y|D4959|Y|D075|Y|E781|Y|E119|Y|E8881|Y|I10|Y|Z954|N|I350|Y|R931|Y|I259|Y|E785|Y|E669|Y|G4733|N|||| | | | | | | | | | | | | | | | | | | | | | |GZ3|02-Aug-2021|G4730|02-Aug-2021|Z741|02-Aug-2021|F419|02-Aug-2021|Z9181|02-Aug-2021|Z139|02-Aug-2021|Z1331|02-Aug-2021|Z1331|02-Aug-2021|F1990|02-Aug-2021|F109|02-Aug-2021|||||||||||||||||||||||||||||||0|0||2|450|G8839|3.0|2021-08-03T00:00:00|hospital_C|hospital_C_20210802
SYN_BENE_006083D41CA7|SYN_CLM_02462880F781|V|60|02-Aug-2021|02-Aug-2021|06-Aug-2021||3|377673|1|1|1|| |1904.09|0.0| ||37|1306950993| |9999907899| |9999907899|||0|1| |1904.09|02-Aug-2021|1|2|A|10|0.0|380.84|0|4|0.0|0.0|0|0|0|0|0|0|0|0|0|0|0|0|0|||||02-Aug-2021|951.0|0|0||Z733|Z733|N|Z604|Y|T7431X|N|N1830|Y|E1129|N|N182|Y|R801|Y|Z653|Y|I4891|Y|N181|Y|E1121|Y|E11319|Y|D4959|Y|D075|Y|E781|Y|E119|Y|E8881|Y|I10|Y|Z954|N|I350|Y|R931|Y|I259|Y|E785|Y|E669|Y|G4733|N|||| | | | | | | | | | | | | | | | | | | | | | |GZ3|02-Aug-2021|G4730|02-Aug-2021|Z741|02-Aug-2021|F419|02-Aug-2021|Z9181|02-Aug-2021|Z139|02-Aug-2021|Z1331|02-Aug-2021|Z1331|02-Aug-2021|F1990|02-Aug-2021|F109|02-Aug-2021|||||||||||||||||||||||||||||||0|0||3|450|96156|3.0|2021-08-03T00:00:00|hospital_C|hospital_C_20210802
SYN_BENE_006083D41CA7|SYN_CLM_02462880F781|V|60|02-Aug-2021|02-Aug-2021|06-Aug-2021||3|377673|1|1|1|| |1904.09|0.0| ||37|1306950993| |9999907899| |9999907899|||0|1| |1904.09|02-Aug-2021|1|2|A|10|0.0|380.84|0|4|0.0|0.0|0|0|0|0|0|0|0|0|0|0|0|0|0|||||02-Aug-2021|951.0|0|0||Z733|Z733|N|Z604|Y|T7431X|N|N1830|Y|E1129|N|N182|Y|R801|Y|Z653|Y|I4891|Y|N181|Y|E1121|Y|E11319|Y|D4959|Y|D075|Y|E781|Y|E119|Y|E8881|Y|I10|Y|Z954|N|I350|Y|R931|Y|I259|Y|E785|Y|E669|Y|G4733|N|||| | | | | | | | | | | | | | | | | | | | | | |GZ3|02-Aug-2021|G4730|02-Aug-2021|Z741|02-Aug-2021|F419|02-Aug-2021|Z9181|02-Aug-2021|Z139|02-Aug-2021|Z1331|02-Aug-2021|Z1331|02-Aug-2021|F1990|02-Aug-2021|F109|02-Aug-2021|||||||||||||||||||||||||||||||0|0||4|450|96127|3.0|2021-08-03T00:00:00|hospital_C|hospital_C_20210802
SYN_BENE_006083D41CA7|SYN_CLM_02462880F781|V|60|02-Aug-2021|02-Aug-2021|06-Aug-2021||3|377673|1|1|1|| |1904.09|0.0| ||37|1306950993| |9999907899| |9999907899|||0|1| |1904.09|02-Aug-2021|1|2|A|10|0.0|380.84|0|4|0.0|0.0|0|0|0|0|0|0|0|0|0|0|0|0|0|||||02-Aug-2021|951.0|0|0||Z733|Z733|N|Z604|Y|T7431X|N|N1830|Y|E1129|N|N182|Y|R801|Y|Z653|Y|I4891|Y|N181|Y|E1121|Y|E11319|Y|D4959|Y|D075|Y|E781|Y|E119|Y|E8881|Y|I10|Y|Z954|N|I350|Y|R931|Y|I259|Y|E785|Y|E669|Y|G4733|N|||| | | | | | | | | | | | | | | | | | | | | | |GZ3|02-Aug-2021|G4730|02-Aug-2021|Z741|02-Aug-2021|F419|02-Aug-2021|Z9181|02-Aug-2021|Z139|02-Aug-2021|Z1331|02-Aug-2021|Z1331|02-Aug-2021|F1990|02-Aug-2021|F109|02-Aug-2021|||||||||||||||||||||||||||||||0|0||5|450|M1069|3.0|2021-08-03T00:00:00|hospital_C|hospital_C_20210802
SYN_BENE_006083D41CA7|SYN_CLM_02462880F781|V|60|02-Aug-2021|02-Aug-2021|06-Aug-2021||3|377673|1|1|1|| |1904.09|0.0| ||37|1306950993| |9999907899| |9999907899|||0|1| |1904.09|02-Aug-2021|1|2|A|10|0.0|380.84|0|4|0.0|0.0|0|0|0|0|0|0|0|0|0|0|0|0|0|||||02-Aug-2021|951.0|0|0||Z733|Z733|N|Z604|Y|T7431X|N|N1830|Y|E1129|N|N182|Y|R801|Y|Z653|Y|I4891|Y|N181|Y|E1121|Y|E11319|Y|D4959|Y|D075|Y|E781|Y|E119|Y|E8881|Y|I10|Y|Z954|N|I350|Y|R931|Y|I259|Y|E785|Y|E669|Y|G4733|N|||| | | | | | | | | | | | | | | | | | | | | | |GZ3|02-Aug-2021|G4730|02-Aug-2021|Z741|02-Aug-2021|F419|02-Aug-2021|Z9181|02-Aug-2021|Z139|02-Aug-2021|Z1331|02-Aug-2021|Z1331|02-Aug-2021|F1990|02-Aug-2021|F109|02-Aug-2021|||||||||||||||||||||||||||||||0|0||6|450|99401|3.0|2021-08-03T00:00:00|hospital_C|hospital_C_20210802
SYN_BENE_006083D41CA7|SYN_CLM_02462880F781|V|60|02-Aug-2021|02-Aug-2021|06-Aug-2021||3|377673|1|1|1|| |1904.09|0.0| ||37|1306950993| |9999907899| |9999907899|||0|1| |1904.09|02-Aug-2021|1|2|A|10|0.0|380.84|0|4|0.0|0.0|0|0|0|0|0|0|0|0|0|0|0|0|0|||||02-Aug-2021|951.0|0|0||Z733|Z733|N|Z604|Y|T7431X|N|N1830|Y|E1129|N|N182|Y|R801|Y|Z653|Y|I4891|Y|N181|Y|E1121|Y|E11319|Y|D4959|Y|D075|Y|E781|Y|E119|Y|E8881|Y|I10|Y|Z954|N|I350|Y|R931|Y|I259|Y|E785|Y|E669|Y|G4733|N|||| | | | | | | | | | | | | | | | | | | | | | |GZ3|02-Aug-2021|G4730|02-Aug-2021|Z741|02-Aug-2021|F419|02-Aug-2021|Z9181|02-Aug-2021|Z139|02-Aug-2021|Z1331|02-Aug-2021|Z1331|02-Aug-2021|F1990|02-Aug-2021|F109|02-Aug-2021|||||||||||||||||||||||||||||||0|0||7|450|G0444|3.0|2021-08-03T00:00:00|hospital_C|hospital_C_20210802
SYN_BENE_006083D41CA7|SYN_CLM_02462880F781|V|60|02-Aug-2021|02-Aug-2021|06-Aug-2021||3|377673|1|1|1|| |1904.09|0.0| ||37|1306950993| |9999907899| |9999907899|||0|1| |1904.09|02-Aug-2021|1|2|A|10|0.0|380.84|0|4|0.0|0.0|0|0|0|0|0|0|0|0|0|0|0|0|0|||||02-Aug-2021|951.0|0|0||Z733|Z733|N|Z604|Y|T7431X|N|N1830|Y|E1129|N|N182|Y|R801|Y|Z653|Y|I4891|Y|N181|Y|E1121|Y|E11319|Y|D4959|Y|D075|Y|E781|Y|E119|Y|E8881|Y|I10|Y|Z954|N|I350|Y|R931|Y|I259|Y|E785|Y|E669|Y|G4733|N|||| | | | | | | | | | | | | | | | | | | | | | |GZ3|02-Aug-2021|G4730|02-Aug-2021|Z741|02-Aug-2021|F419|02-Aug-2021|Z9181|02-Aug-2021|Z139|02-Aug-2021|Z1331|02-Aug-2021|Z1331|02-Aug-2021|F1990|02-Aug-2021|F109|02-Aug-2021|||||||||||||||||||||||||||||||0|0||8|450|G0444|3.0|2021-08-03T00:00:00|hospital_C|hospital_C_20210802
SYN_BENE_006083D41CA7|SYN_CLM_02462880F781|V|60|02-Aug-2021|02-Aug-2021|06-Aug-2021||3|377673|1|1|1|| |1904.09|0.0| ||37|1306950993| |9999907899| |9999907899|||0|1| |1904.09|02-Aug-2021|1|2|A|10|0.0|380.84|0|4|0.0|0.0|0|0|0|0|0|0|0|0|0|0|0|0|0|||||02-Aug-2021|951.0|0|0||Z733|Z733|N|Z604|Y|T7431X|N|N1830|Y|E1129|N|N182|Y|R801|Y|Z653|Y|I4891|Y|N181|Y|E1121|Y|E11319|Y|D4959|Y|D075|Y|E781|Y|E119|Y|E8881|Y|I10|Y|Z954|N|I350|Y|R931|Y|I259|Y|E785|Y|E669|Y|G4733|N|||| | | | | | | | | | | | | | | | | | | | | | |GZ3|02-Aug-2021|G4730|02-Aug-2021|Z741|02-Aug-2021|F419|02-Aug-2021|Z9181|02-Aug-2021|Z139|02-Aug-2021|Z1331|02-Aug-2021|Z1331|02-Aug-2021|F1990|02-Aug-2021|F109|02-Aug-2021|||||||||||||||||||||||||||||||0|0||9|450|99408|3.0|2021-08-03T00:00:00|hospital_C|hospital_C_20210802
SYN_BENE_006083D41CA7|SYN_CLM_02462880F781|V|60|02-Aug-2021|02-Aug-2021|06-Aug-2021||3|377673|1|1|1|| |1904.09|0.0| ||37|1306950993| |9999907899| |9999907899|||0|1| |1904.09|02-Aug-2021|1|2|A|10|0.0|380.84|0|4|0.0|0.0|0|0|0|0|0|0|0|0|0|0|0|0|0|||||02-Aug-2021|951.0|0|0||Z733|Z733|N|Z604|Y|T7431X|N|N1830|Y|E1129|N|N182|Y|R801|Y|Z653|Y|I4891|Y|N181|Y|E1121|Y|E11319|Y|D4959|Y|D075|Y|E781|Y|E119|Y|E8881|Y|I10|Y|Z954|N|I350|Y|R931|Y|I259|Y|E785|Y|E669|Y|G4733|N|||| | | | | | | | | | | | | | | | | | | | | | |GZ3|02-Aug-2021|G4730|02-Aug-2021|Z741|02-Aug-2021|F419|02-Aug-2021|Z9181|02-Aug-2021|Z139|02-Aug-2021|Z1331|02-Aug-2021|Z1331|02-Aug-2021|F1990|02-Aug-2021|F109|02-Aug-2021|||||||||||||||||||||||||||||||0|0||10|450|G0442|3.0|2021-08-03T00:00:00|hospital_C|hospital_C_20210802
SYN_BENE_57D590347F5D|SYN_CLM_B2B176655D80|V|60|02-Aug-2021|02-Aug-2021|06-Aug-2021||3|377673|1|1|1|| |1904.09|0.0| ||37|1306950993| |9999907899| |9999907899|||0|1| |1904.09|02-Aug-2021|1|2|A|10|0.0|380.84|0|4|0.0|0.0|0|0|0|0|0|0|0|0|0|0|0|0|0|||||02-Aug-2021|951.0|0|0||Z733|Z733|N|Z604|Y|T7431X|N|N1830|Y|E1129|N|N182|Y|R801|Y|Z653|Y|I4891|Y|N181|Y|E1121|Y|E11319|Y|D4959|Y|D075|Y|E781|Y|E119|Y|E8881|Y|I10|Y|Z954|N|I350|Y|R931|Y|I259|Y|E785|Y|E669|Y|G4733|N|||| | | | | | | | | | | | | | | | | | | | | | |GZ3|02-Aug-2021|G4730|02-Aug-2021|Z741|02-Aug-2021|F419|02-Aug-2021|Z9181|02-Aug-2021|Z139|02-Aug-2021|Z1331|02-Aug-2021|Z1331|02-Aug-2021|F1990|02-Aug-2021|F109|02-Aug-2021|||||||||||||||||||||||||||||||0|0||1|450|99495|3.0|2021-08-03T00:00:00|hospital_C|hospital_C_20210802
SYN_BENE_57D590347F5D|SYN_CLM_B2B176655D80|V|60|02-Aug-2021|02-Aug-2021|06-Aug-2021||3|377673|1|1|1|| |1904.09|0.0| ||37|1306950993| |9999907899| |9999907899|||0|1| |1904.09|02-Aug-2021|1|2|A|10|0.0|380.84|0|4|0.0|0.0|0|0|0|0|0|0|0|0|0|0|0|0|0|||||02-Aug-2021|951.0|0|0||Z733|Z733|N|Z604|Y|T7431X|N|N1830|Y|E1129|N|N182|Y|R801|Y|Z653|Y|I4891|Y|N181|Y|E1121|Y|E11319|Y|D4959|Y|D075|Y|E781|Y|E119|Y|E8881|Y|I10|Y|Z954|N|I350|Y|R931|Y|I259|Y|E785|Y|E669|Y|G4733|N|||| | | | | | | | | | | | | | | | | | | | | | |GZ3|02-Aug-2021|G4730|02-Aug-2021|Z741|02-Aug-2021|F419|02-Aug-2021|Z9181|02-Aug-2021|Z139|02-Aug-2021|Z1331|02-Aug-2021|Z1331|02-Aug-2021|F1990|02-Aug-2021|F109|02-Aug-2021|||||||||||||||||||||||||||||||0|0||2|450|G8839|3.0|2021-08-03T00:00:00|hospital_C|hospital_C_20210802
SYN_BENE_57D590347F5D|SYN_CLM_B2B176655D80|V|60|02-Aug-2021|02-Aug-2021|06-Aug-2021||3|377673|1|1|1|| |1904.09|0.0| ||37|1306950993| |9999907899| |9999907899|||0|1| |1904.09|02-Aug-2021|1|2|A|10|0.0|380.84|0|4|0.0|0.0|0|0|0|0|0|0|0|0|0|0|0|0|0|||||02-Aug-2021|951.0|0|0||Z733|Z733|N|Z604|Y|T7431X|N|N1830|Y|E1129|N|N182|Y|R801|Y|Z653|Y|I4891|Y|N181|Y|E1121|Y|E11319|Y|D4959|Y|D075|Y|E781|Y|E119|Y|E8881|Y|I10|Y|Z954|N|I350|Y|R931|Y|I259|Y|E785|Y|E669|Y|G4733|N|||| | | | | | | | | | | | | | | | | | | | | | |GZ3|02-Aug-2021|G4730|02-Aug-2021|Z741|02-Aug-2021|F419|02-Aug-2021|Z9181|02-Aug-2021|Z139|02-Aug-2021|Z1331|02-Aug-2021|Z1331|02-Aug-2021|F1990|02-Aug-2021|F109|02-Aug-2021|||||||||||||||||||||||||||||||0|0||3|450|96156|3.0|2021-08-03T00:00:00|hospital_C|hospital_C_20210802
SYN_BENE_57D590347F5D|SYN_CLM_B2B176655D80|V|60|02-Aug-2021|02-Aug-2021|06-Aug-2021||3|377673|1|1|1|| |1904.09|0.0| ||37|1306950993| |9999907899| |9999907899|||0|1| |1904.09|02-Aug-2021|1|2|A|10|0.0|380.84|0|4|0.0|0.0|0|0|0|0|0|0|0|0|0|0|0|0|0|||||02-Aug-2021|951.0|0|0||Z733|Z733|N|Z604|Y|T7431X|N|N1830|Y|E1129|N|N182|Y|R801|Y|Z653|Y|I4891|Y|N181|Y|E1121|Y|E11319|Y|D4959|Y|D075|Y|E781|Y|E119|Y|E8881|Y|I10|Y|Z954|N|I350|Y|R931|Y|I259|Y|E785|Y|E669|Y|G4733|N|||| | | | | | | | | | | | | | | | | | | | | | |GZ3|02-Aug-2021|G4730|02-Aug-2021|Z741|02-Aug-2021|F419|02-Aug-2021|Z9181|02-Aug-2021|Z139|02-Aug-2021|Z1331|02-Aug-2021|Z1331|02-Aug-2021|F1990|02-Aug-2021|F109|02-Aug-2021|||||||||||||||||||||||||||||||0|0||4|450|96127|3.0|2021-08-03T00:00:00|hospital_C|hospital_C_20210802
SYN_BENE_57D590347F5D|SYN_CLM_B2B176655D80|V|60|02-Aug-2021|02-Aug-2021|06-Aug-2021||3|377673|1|1|1|| |1904.09|0.0| ||37|1306950993| |9999907899| |9999907899|||0|1| |1904.09|02-Aug-2021|1|2|A|10|0.0|380.84|0|4|0.0|0.0|0|0|0|0|0|0|0|0|0|0|0|0|0|||||02-Aug-2021|951.0|0|0||Z733|Z733|N|Z604|Y|T7431X|N|N1830|Y|E1129|N|N182|Y|R801|Y|Z653|Y|I4891|Y|N181|Y|E1121|Y|E11319|Y|D4959|Y|D075|Y|E781|Y|E119|Y|E8881|Y|I10|Y|Z954|N|I350|Y|R931|Y|I259|Y|E785|Y|E669|Y|G4733|N|||| | | | | | | | | | | | | | | | | | | | | | |GZ3|02-Aug-2021|G4730|02-Aug-2021|Z741|02-Aug-2021|F419|02-Aug-2021|Z9181|02-Aug-2021|Z139|02-Aug-2021|Z1331|02-Aug-2021|Z1331|02-Aug-2021|F1990|02-Aug-2021|F109|02-Aug-2021|||||||||||||||||||||||||||||||0|0||5|450|M1069|3.0|2021-08-03T00:00:00|hospital_C|hospital_C_20210802
SYN_BENE_57D590347F5D|SYN_CLM_B2B176655D80|V|60|02-Aug-2021|02-Aug-2021|06-Aug-2021||3|377673|1|1|1|| |1904.09|0.0| ||37|1306950993| |9999907899| |9999907899|||0|1| |1904.09|02-Aug-2021|1|2|A|10|0.0|380.84|0|4|0.0|0.0|0|0|0|0|0|0|0|0|0|0|0|0|0|||||02-Aug-2021|951.0|0|0||Z733|Z733|N|Z604|Y|T7431X|N|N1830|Y|E1129|N|N182|Y|R801|Y|Z653|Y|I4891|Y|N181|Y|E1121|Y|E11319|Y|D4959|Y|D075|Y|E781|Y|E119|Y|E8881|Y|I10|Y|Z954|N|I350|Y|R931|Y|I259|Y|E785|Y|E669|Y|G4733|N|||| | | | | | | | | | | | | | | | | | | | | | |GZ3|02-Aug-2021|G4730|02-Aug-2021|Z741|02-Aug-2021|F419|02-Aug-2021|Z9181|02-Aug-2021|Z139|02-Aug-2021|Z1331|02-Aug-2021|Z1331|02-Aug-2021|F1990|02-Aug-2021|F109|02-Aug-2021|||||||||||||||||||||||||||||||0|0||6|450|99401|3.0|2021-08-03T00:00:00|hospital_C|hospital_C_20210802
SYN_BENE_57D590347F5D|SYN_CLM_B2B176655D80|V|60|02-Aug-2021|02-Aug-2021|06-Aug-2021||3|377673|1|1|1|| |1904.09|0.0| ||37|1306950993| |9999907899| |9999907899|||0|1| |1904.09|02-Aug-2021|1|2|A|10|0.0|380.84|0|4|0.0|0.0|0|0|0|0|0|0|0|0|0|0|0|0|0|||||02-Aug-2021|951.0|0|0||Z733|Z733|N|Z604|Y|T7431X|N|N1830|Y|E1129|N|N182|Y|R801|Y|Z653|Y|I4891|Y|N181|Y|E1121|Y|E11319|Y|D4959|Y|D075|Y|E781|Y|E119|Y|E8881|Y|I10|Y|Z954|N|I350|Y|R931|Y|I259|Y|E785|Y|E669|Y|G4733|N|||| | | | | | | | | | | | | | | | | | | | | | |GZ3|02-Aug-2021|G4730|02-Aug-2021|Z741|02-Aug-2021|F419|02-Aug-2021|Z9181|02-Aug-2021|Z139|02-Aug-2021|Z1331|02-Aug-2021|Z1331|02-Aug-2021|F1990|02-Aug-2021|F109|02-Aug-2021|||||||||||||||||||||||||||||||0|0||7|450|G0444|3.0|2021-08-03T00:00:00|hospital_C|hospital_C_20210802
SYN_BENE_57D590347F5D|SYN_CLM_B2B176655D80|V|60|02-Aug-2021|02-Aug-2021|06-Aug-2021||3|377673|1|1|1|| |1904.09|0.0| ||37|1306950993| |9999907899| |9999907899|||0|1| |1904.09|02-Aug-2021|1|2|A|10|0.0|380.84|0|4|0.0|0.0|0|0|0|0|0|0|0|0|0|0|0|0|0|||||02-Aug-2021|951.0|0|0||Z733|Z733|N|Z604|Y|T7431X|N|N1830|Y|E1129|N|N182|Y|R801|Y|Z653|Y|I4891|Y|N181|Y|E1121|Y|E11319|Y|D4959|Y|D075|Y|E781|Y|E119|Y|E8881|Y|I10|Y|Z954|N|I350|Y|R931|Y|I259|Y|E785|Y|E669|Y|G4733|N|||| | | | | | | | | | | | | | | | | | | | | | |GZ3|02-Aug-2021|G4730|02-Aug-2021|Z741|02-Aug-2021|F419|02-Aug-2021|Z9181|02-Aug-2021|Z139|02-Aug-2021|Z1331|02-Aug-2021|Z1331|02-Aug-2021|F1990|02-Aug-2021|F109|02-Aug-2021|||||||||||||||||||||||||||||||0|0||8|450|G0444|3.0|2021-08-03T00:00:00|hospital_C|hospital_C_20210802
SYN_BENE_57D590347F5D|SYN_CLM_B2B176655D80|V|60|02-Aug-2021|02-Aug-2021|06-Aug-2021||3|377673|1|1|1|| |1904.09|0.0| ||37|1306950993| |9999907899| |9999907899|||0|1| |1904.09|02-Aug-2021|1|2|A|10|0.0|380.84|0|4|0.0|0.0|0|0|0|0|0|0|0|0|0|0|0|0|0|||||02-Aug-2021|951.0|0|0||Z733|Z733|N|Z604|Y|T7431X|N|N1830|Y|E1129|N|N182|Y|R801|Y|Z653|Y|I4891|Y|N181|Y|E1121|Y|E11319|Y|D4959|Y|D075|Y|E781|Y|E119|Y|E8881|Y|I10|Y|Z954|N|I350|Y|R931|Y|I259|Y|E785|Y|E669|Y|G4733|N|||| | | | | | | | | | | | | | | | | | | | | | |GZ3|02-Aug-2021|G4730|02-Aug-2021|Z741|02-Aug-2021|F419|02-Aug-2021|Z9181|02-Aug-2021|Z139|02-Aug-2021|Z1331|02-Aug-2021|Z1331|02-Aug-2021|F1990|02-Aug-2021|F109|02-Aug-2021|||||||||||||||||||||||||||||||0|0||9|450|99408|3.0|2021-08-03T00:00:00|hospital_C|hospital_C_20210802
SYN_BENE_57D590347F5D|SYN_CLM_B2B176655D80|V|60|02-Aug-2021|02-Aug-2021|06-Aug-2021||3|377673|1|1|1|| |1904.09|0.0| ||37|1306950993| |9999907899| |9999907899|||0|1| |1904.09|02-Aug-2021|1|2|A|10|0.0|380.84|0|4|0.0|0.0|0|0|0|0|0|0|0|0|0|0|0|0|0|||||02-Aug-2021|951.0|0|0||Z733|Z733|N|Z604|Y|T7431X|N|N1830|Y|E1129|N|N182|Y|R801|Y|Z653|Y|I4891|Y|N181|Y|E1121|Y|E11319|Y|D4959|Y|D075|Y|E781|Y|E119|Y|E8881|Y|I10|Y|Z954|N|I350|Y|R931|Y|I259|Y|E785|Y|E669|Y|G4733|N|||| | | | | | | | | | | | | | | | | | | | | | |GZ3|02-Aug-2021|G4730|02-Aug-2021|Z741|02-Aug-2021|F419|02-Aug-2021|Z9181|02-Aug-2021|Z139|02-Aug-2021|Z1331|02-Aug-2021|Z1331|02-Aug-2021|F1990|02-Aug-2021|F109|02-Aug-2021|||||||||||||||||||||||||||||||0|0||10|450|G0442|3.0|2021-08-03T00:00:00|hospital_C|hospital_C_20210802
SYN_BENE_F7CAE8827023|SYN_CLM_5ADE4747D327|V|60|02-Aug-2021|02-Aug-2021|06-Aug-2021||3|377673|1|1|1|| |1904.09|0.0| ||37|1306950993| |9999907899| |9999907899|||0|1| |1904.09|02-Aug-2021|1|2|A|10|0.0|380.84|0|4|0.0|0.0|0|0|0|0|0|0|0|0|0|0|0|0|0|||||02-Aug-2021|951.0|0|0||Z733|Z733|N|Z604|Y|T7431X|N|N1830|Y|E1129|N|N182|Y|R801|Y|Z653|Y|I4891|Y|N181|Y|E1121|Y|E11319|Y|D4959|Y|D075|Y|E781|Y|E119|Y|E8881|Y|I10|Y|Z954|N|I350|Y|R931|Y|I259|Y|E785|Y|E669|Y|G4733|N|||| | | | | | | | | | | | | | | | | | | | | | |GZ3|02-Aug-2021|G4730|02-Aug-2021|Z741|02-Aug-2021|F419|02-Aug-2021|Z9181|02-Aug-2021|Z139|02-Aug-2021|Z1331|02-Aug-2021|Z1331|02-Aug-2021|F1990|02-Aug-2021|F109|02-Aug-2021|||||||||||||||||||||||||||||||0|0||1|450|99495|3.0|2021-08-03T00:00:00|hospital_C|hospital_C_20210802
SYN_BENE_F7CAE8827023|SYN_CLM_5ADE4747D327|V|60|02-Aug-2021|02-Aug-2021|06-Aug-2021||3|377673|1|1|1|| |1904.09|0.0| ||37|1306950993| |9999907899| |9999907899|||0|1| |1904.09|02-Aug-2021|1|2|A|10|0.0|380.84|0|4|0.0|0.0|0|0|0|0|0|0|0|0|0|0|0|0|0|||||02-Aug-2021|951.0|0|0||Z733|Z733|N|Z604|Y|T7431X|N|N1830|Y|E1129|N|N182|Y|R801|Y|Z653|Y|I4891|Y|N181|Y|E1121|Y|E11319|Y|D4959|Y|D075|Y|E781|Y|E119|Y|E8881|Y|I10|Y|Z954|N|I350|Y|R931|Y|I259|Y|E785|Y|E669|Y|G4733|N|||| | | | | | | | | | | | | | | | | | | | | | |GZ3|02-Aug-2021|G4730|02-Aug-2021|Z741|02-Aug-2021|F419|02-Aug-2021|Z9181|02-Aug-2021|Z139|02-Aug-2021|Z1331|02-Aug-2021|Z1331|02-Aug-2021|F1990|02-Aug-2021|F109|02-Aug-2021|||||||||||||||||||||||||||||||0|0||2|450|G8839|3.0|2021-08-03T00:00:00|hospital_C|hospital_C_20210802
SYN_BENE_F7CAE8827023|SYN_CLM_5ADE4747D327|V|60|02-Aug-2021|02-Aug-2021|06-Aug-2021||3|377673|1|1|1|| |1904.09|0.0| ||37|1306950993| |9999907899| |9999907899|||0|1| |1904.09|02-Aug-2021|1|2|A|10|0.0|380.84|0|4|0.0|0.0|0|0|0|0|0|0|0|0|0|0|0|0|0|||||02-Aug-2021|951.0|0|0||Z733|Z733|N|Z604|Y|T7431X|N|N1830|Y|E1129|N|N182|Y|R801|Y|Z653|Y|I4891|Y|N181|Y|E1121|Y|E11319|Y|D4959|Y|D075|Y|E781|Y|E119|Y|E8881|Y|I10|Y|Z954|N|I350|Y|R931|Y|I259|Y|E785|Y|E669|Y|G4733|N|||| | | | | | | | | | | | | | | | | | | | | | |GZ3|02-Aug-2021|G4730|02-Aug-2021|Z741|02-Aug-2021|F419|02-Aug-2021|Z9181|02-Aug-2021|Z139|02-Aug-2021|Z1331|02-Aug-2021|Z1331|02-Aug-2021|F1990|02-Aug-2021|F109|02-Aug-2021|||||||||||||||||||||||||||||||0|0||3|450|96156|3.0|2021-08-03T00:00:00|hospital_C|hospital_C_20210802
SYN_BENE_F7CAE8827023|SYN_CLM_5ADE4747D327|V|60|02-Aug-2021|02-Aug-2021|06-Aug-2021||3|377673|1|1|1|| |1904.09|0.0| ||37|1306950993| |9999907899| |9999907899|||0|1| |1904.09|02-Aug-2021|1|2|A|10|0.0|380.84|0|4|0.0|0.0|0|0|0|0|0|0|0|0|0|0|0|0|0|||||02-Aug-2021|951.0|0|0||Z733|Z733|N|Z604|Y|T7431X|N|N1830|Y|E1129|N|N182|Y|R801|Y|Z653|Y|I4891|Y|N181|Y|E1121|Y|E11319|Y|D4959|Y|D075|Y|E781|Y|E119|Y|E8881|Y|I10|Y|Z954|N|I350|Y|R931|Y|I259|Y|E785|Y|E669|Y|G4733|N|||| | | | | | | | | | | | | | | | | | | | | | |GZ3|02-Aug-2021|G4730|02-Aug-2021|Z741|02-Aug-2021|F419|02-Aug-2021|Z9181|02-Aug-2021|Z139|02-Aug-2021|Z1331|02-Aug-2021|Z1331|02-Aug-2021|F1990|02-Aug-2021|F109|02-Aug-2021|||||||||||||||||||||||||||||||0|0||4|450|96127|3.0|2021-08-03T00:00:00|hospital_C|hospital_C_20210802
SYN_BENE_F7CAE8827023|SYN_CLM_5ADE4747D327|V|60|02-Aug-2021|02-Aug-2021|06-Aug-2021||3|377673|1|1|1|| |1904.09|0.0| ||37|1306950993| |9999907899| |9999907899|||0|1| |1904.09|02-Aug-2021|1|2|A|10|0.0|380.84|0|4|0.0|0.0|0|0|0|0|0|0|0|0|0|0|0|0|0|||||02-Aug-2021|951.0|0|0||Z733|Z733|N|Z604|Y|T7431X|N|N1830|Y|E1129|N|N182|Y|R801|Y|Z653|Y|I4891|Y|N181|Y|E1121|Y|E11319|Y|D4959|Y|D075|Y|E781|Y|E119|Y|E8881|Y|I10|Y|Z954|N|I350|Y|R931|Y|I259|Y|E785|Y|E669|Y|G4733|N|||| | | | | | | | | | | | | | | | | | | | | | |GZ3|02-Aug-2021|G4730|02-Aug-2021|Z741|02-Aug-2021|F419|02-Aug-2021|Z9181|02-Aug-2021|Z139|02-Aug-2021|Z1331|02-Aug-2021|Z1331|02-Aug-2021|F1990|02-Aug-2021|F109|02-Aug-2021|||||||||||||||||||||||||||||||0|0||5|450|M1069|3.0|2021-08-03T00:00:00|hospital_C|hospital_C_20210802
SYN_BENE_F7CAE8827023|SYN_CLM_5ADE4747D327|V|60|02-Aug-2021|02-Aug-2021|06-Aug-2021||3|377673|1|1|1|| |1904.09|0.0| ||37|1306950993| |9999907899| |9999907899|||0|1| |1904.09|02-Aug-2021|1|2|A|10|0.0|380.84|0|4|0.0|0.0|0|0|0|0|0|0|0|0|0|0|0|0|0|||||02-Aug-2021|951.0|0|0||Z733|Z733|N|Z604|Y|T7431X|N|N1830|Y|E1129|N|N182|Y|R801|Y|Z653|Y|I4891|Y|N181|Y|E1121|Y|E11319|Y|D4959|Y|D075|Y|E781|Y|E119|Y|E8881|Y|I10|Y|Z954|N|I350|Y|R931|Y|I259|Y|E785|Y|E669|Y|G4733|N|||| | | | | | | | | | | | | | | | | | | | | | |GZ3|02-Aug-2021|G4730|02-Aug-2021|Z741|02-Aug-2021|F419|02-Aug-2021|Z9181|02-Aug-2021|Z139|02-Aug-2021|Z1331|02-Aug-2021|Z1331|02-Aug-2021|F1990|02-Aug-2021|F109|02-Aug-2021|||||||||||||||||||||||||||||||0|0||6|450|99401|3.0|2021-08-03T00:00:00|hospital_C|hospital_C_20210802
SYN_BENE_F7CAE8827023|SYN_CLM_5ADE4747D327|V|60|02-Aug-2021|02-Aug-2021|06-Aug-2021||3|377673|1|1|1|| |1904.09|0.0| ||37|1306950993| |9999907899| |9999907899|||0|1| |1904.09|02-Aug-2021|1|2|A|10|0.0|380.84|0|4|0.0|0.0|0|0|0|0|0|0|0|0|0|0|0|0|0|||||02-Aug-2021|951.0|0|0||Z733|Z733|N|Z604|Y|T7431X|N|N1830|Y|E1129|N|N182|Y|R801|Y|Z653|Y|I4891|Y|N181|Y|E1121|Y|E11319|Y|D4959|Y|D075|Y|E781|Y|E119|Y|E8881|Y|I10|Y|Z954|N|I350|Y|R931|Y|I259|Y|E785|Y|E669|Y|G4733|N|||| | | | | | | | | | | | | | | | | | | | | | |GZ3|02-Aug-2021|G4730|02-Aug-2021|Z741|02-Aug-2021|F419|02-Aug-2021|Z9181|02-Aug-2021|Z139|02-Aug-2021|Z1331|02-Aug-2021|Z1331|02-Aug-2021|F1990|02-Aug-2021|F109|02-Aug-2021|||||||||||||||||||||||||||||||0|0||7|450|G0444|3.0|2021-08-03T00:00:00|hospital_C|hospital_C_20210802
SYN_BENE_F7CAE8827023|SYN_CLM_5ADE4747D327|V|60|02-Aug-2021|02-Aug-2021|06-Aug-2021||3|377673|1|1|1|| |1904.09|0.0| ||37|1306950993| |9999907899| |9999907899|||0|1| |1904.09|02-Aug-2021|1|2|A|10|0.0|380.84|0|4|0.0|0.0|0|0|0|0|0|0|0|0|0|0|0|0|0|||||02-Aug-2021|951.0|0|0||Z733|Z733|N|Z604|Y|T7431X|N|N1830|Y|E1129|N|N182|Y|R801|Y|Z653|Y|I4891|Y|N181|Y|E1121|Y|E11319|Y|D4959|Y|D075|Y|E781|Y|E119|Y|E8881|Y|I10|Y|Z954|N|I350|Y|R931|Y|I259|Y|E785|Y|E669|Y|G4733|N|||| | | | | | | | | | | | | | | | | | | | | | |GZ3|02-Aug-2021|G4730|02-Aug-2021|Z741|02-Aug-2021|F419|02-Aug-2021|Z9181|02-Aug-2021|Z139|02-Aug-2021|Z1331|02-Aug-2021|Z1331|02-Aug-2021|F1990|02-Aug-2021|F109|02-Aug-2021|||||||||||||||||||||||||||||||0|0||8|450|G0444|3.0|2021-08-03T00:00:00|hospital_C|hospital_C_20210802
SYN_BENE_F7CAE8827023|SYN_CLM_5ADE4747D327|V|60|02-Aug-2021|02-Aug-2021|06-Aug-2021||3|377673|1|1|1|| |1904.09|0.0| ||37|1306950993| |9999907899| |9999907899|||0|1| |1904.09|02-Aug-2021|1|2|A|10|0.0|380.84|0|4|0.0|0.0|0|0|0|0|0|0|0|0|0|0|0|0|0|||||02-Aug-2021|951.0|0|0||Z733|Z733|N|Z604|Y|T7431X|N|N1830|Y|E1129|N|N182|Y|R801|Y|Z653|Y|I4891|Y|N181|Y|E1121|Y|E11319|Y|D4959|Y|D075|Y|E781|Y|E119|Y|E8881|Y|I10|Y|Z954|N|I350|Y|R931|Y|I259|Y|E785|Y|E669|Y|G4733|N|||| | | | | | | | | | | | | | | | | | | | | | |GZ3|02-Aug-2021|G4730|02-Aug-2021|Z741|02-Aug-2021|F419|02-Aug-2021|Z9181|02-Aug-2021|Z139|02-Aug-2021|Z1331|02-Aug-2021|Z1331|02-Aug-2021|F1990|02-Aug-2021|F109|02-Aug-2021|||||||||||||||||||||||||||||||0|0||9|450|99408|3.0|2021-08-03T00:00:00|hospital_C|hospital_C_20210802
SYN_BENE_F7CAE8827023|SYN_CLM_5ADE4747D327|V|60|02-Aug-2021|02-Aug-2021|06-Aug-2021||3|377673|1|1|1|| |1904.09|0.0| ||37|1306950993| |9999907899| |9999907899|||0|1| |1904.09|02-Aug-2021|1|2|A|10|0.0|380.84|0|4|0.0|0.0|0|0|0|0|0|0|0|0|0|0|0|0|0|||||02-Aug-2021|951.0|0|0||Z733|Z733|N|Z604|Y|T7431X|N|N1830|Y|E1129|N|N182|Y|R801|Y|Z653|Y|I4891|Y|N181|Y|E1121|Y|E11319|Y|D4959|Y|D075|Y|E781|Y|E119|Y|E8881|Y|I10|Y|Z954|N|I350|Y|R931|Y|I259|Y|E785|Y|E669|Y|G4733|N|||| | | | | | | | | | | | | | | | | | | | | | |GZ3|02-Aug-2021|G4730|02-Aug-2021|Z741|02-Aug-2021|F419|02-Aug-2021|Z9181|02-Aug-2021|Z139|02-Aug-2021|Z1331|02-Aug-2021|Z1331|02-Aug-2021|F1990|02-Aug-2021|F109|02-Aug-2021|||||||||||||||||||||||||||||||0|0||10|450|G0442|3.0|2021-08-03T00:00:00|hospital_C|hospital_C_20210802
SYN_BENE_66B78C455975|SYN_CLM_51A18B3D6F3C|V|60|02-Aug-2021|02-Aug-2021|06-Aug-2021||3|377673|1|1|1|| |1904.09|0.0| ||37|1306950993| |9999907899| |9999907899|||0|1| |1904.09|02-Aug-2021|1|2|A|10|0.0|380.84|0|4|0.0|0.0|0|0|0|0|0|0|0|0|0|0|0|0|0|||||02-Aug-2021|951.0|0|0||Z733|Z733|N|Z604|Y|T7431X|N|N1830|Y|E1129|N|N182|Y|R801|Y|Z653|Y|I4891|Y|N181|Y|E1121|Y|E11319|Y|D4959|Y|D075|Y|E781|Y|E119|Y|E8881|Y|I10|Y|Z954|N|I350|Y|R931|Y|I259|Y|E785|Y|E669|Y|G4733|N|||| | | | | | | | | | | | | | | | | | | | | | |GZ3|02-Aug-2021|G4730|02-Aug-2021|Z741|02-Aug-2021|F419|02-Aug-2021|Z9181|02-Aug-2021|Z139|02-Aug-2021|Z1331|02-Aug-2021|Z1331|02-Aug-2021|F1990|02-Aug-2021|F109|02-Aug-2021|||||||||||||||||||||||||||||||0|0||1|450|99495|3.0|2021-08-03T00:00:00|hospital_C|hospital_C_20210802
SYN_BENE_66B78C455975|SYN_CLM_51A18B3D6F3C|V|60|02-Aug-2021|02-Aug-2021|06-Aug-2021||3|377673|1|1|1|| |1904.09|0.0| ||37|1306950993| |9999907899| |9999907899|||0|1| |1904.09|02-Aug-2021|1|2|A|10|0.0|380.84|0|4|0.0|0.0|0|0|0|0|0|0|0|0|0|0|0|0|0|||||02-Aug-2021|951.0|0|0||Z733|Z733|N|Z604|Y|T7431X|N|N1830|Y|E1129|N|N182|Y|R801|Y|Z653|Y|I4891|Y|N181|Y|E1121|Y|E11319|Y|D4959|Y|D075|Y|E781|Y|E119|Y|E8881|Y|I10|Y|Z954|N|I350|Y|R931|Y|I259|Y|E785|Y|E669|Y|G4733|N|||| | | | | | | | | | | | | | | | | | | | | | |GZ3|02-Aug-2021|G4730|02-Aug-2021|Z741|02-Aug-2021|F419|02-Aug-2021|Z9181|02-Aug-2021|Z139|02-Aug-2021|Z1331|02-Aug-2021|Z1331|02-Aug-2021|F1990|02-Aug-2021|F109|02-Aug-2021|||||||||||||||||||||||||||||||0|0||2|450|G8839|3.0|2021-08-03T00:00:00|hospital_C|hospital_C_20210802
SYN_BENE_66B78C455975|SYN_CLM_51A18B3D6F3C|V|60|02-Aug-2021|02-Aug-2021|06-Aug-2021||3|377673|1|1|1|| |1904.09|0.0| ||37|1306950993| |9999907899| |9999907899|||0|1| |1904.09|02-Aug-2021|1|2|A|10|0.0|380.84|0|4|0.0|0.0|0|0|0|0|0|0|0|0|0|0|0|0|0|||||02-Aug-2021|951.0|0|0||Z733|Z733|N|Z604|Y|T7431X|N|N1830|Y|E1129|N|N182|Y|R801|Y|Z653|Y|I4891|Y|N181|Y|E1121|Y|E11319|Y|D4959|Y|D075|Y|E781|Y|E119|Y|E8881|Y|I10|Y|Z954|N|I350|Y|R931|Y|I259|Y|E785|Y|E669|Y|G4733|N|||| | | | | | | | | | | | | | | | | | | | | | |GZ3|02-Aug-2021|G4730|02-Aug-2021|Z741|02-Aug-2021|F419|02-Aug-2021|Z9181|02-Aug-2021|Z139|02-Aug-2021|Z1331|02-Aug-2021|Z1331|02-Aug-2021|F1990|02-Aug-2021|F109|02-Aug-2021|||||||||||||||||||||||||||||||0|0||3|450|96156|3.0|2021-08-03T00:00:00|hospital_C|hospital_C_20210802
SYN_BENE_66B78C455975|SYN_CLM_51A18B3D6F3C|V|60|02-Aug-2021|02-Aug-2021|06-Aug-2021||3|377673|1|1|1|| |1904.09|0.0| ||37|1306950993| |9999907899| |9999907899|||0|1| |1904.09|02-Aug-2021|1|2|A|10|0.0|380.84|0|4|0.0|0.0|0|0|0|0|0|0|0|0|0|0|0|0|0|||||02-Aug-2021|951.0|0|0||Z733|Z733|N|Z604|Y|T7431X|N|N1830|Y|E1129|N|N182|Y|R801|Y|Z653|Y|I4891|Y|N181|Y|E1121|Y|E11319|Y|D4959|Y|D075|Y|E781|Y|E119|Y|E8881|Y|I10|Y|Z954|N|I350|Y|R931|Y|I259|Y|E785|Y|E669|Y|G4733|N|||| | | | | | | | | | | | | | | | | | | | | | |GZ3|02-Aug-2021|G4730|02-Aug-2021|Z741|02-Aug-2021|F419|02-Aug-2021|Z9181|02-Aug-2021|Z139|02-Aug-2021|Z1331|02-Aug-2021|Z1331|02-Aug-2021|F1990|02-Aug-2021|F109|02-Aug-2021|||||||||||||||||||||||||||||||0|0||4|450|96127|3.0|2021-08-03T00:00:00|hospital_C|hospital_C_20210802
SYN_BENE_66B78C455975|SYN_CLM_51A18B3D6F3C|V|60|02-Aug-2021|02-Aug-2021|06-Aug-2021||3|377673|1|1|1|| |1904.09|0.0| ||37|1306950993| |9999907899| |9999907899|||0|1| |1904.09|02-Aug-2021|1|2|A|10|0.0|380.84|0|4|0.0|0.0|0|0|0|0|0|0|0|0|0|0|0|0|0|||||02-Aug-2021|951.0|0|0||Z733|Z733|N|Z604|Y|T7431X|N|N1830|Y|E1129|N|N182|Y|R801|Y|Z653|Y|I4891|Y|N181|Y|E1121|Y|E11319|Y|D4959|Y|D075|Y|E781|Y|E119|Y|E8881|Y|I10|Y|Z954|N|I350|Y|R931|Y|I259|Y|E785|Y|E669|Y|G4733|N|||| | | | | | | | | | | | | | | | | | | | | | |GZ3|02-Aug-2021|G4730|02-Aug-2021|Z741|02-Aug-2021|F419|02-Aug-2021|Z9181|02-Aug-2021|Z139|02-Aug-2021|Z1331|02-Aug-2021|Z1331|02-Aug-2021|F1990|02-Aug-2021|F109|02-Aug-2021|||||||||||||||||||||||||||||||0|0||5|450|M1069|3.0|2021-08-03T00:00:00|hospital_C|hospital_C_20210802
SYN_BENE_66B78C455975|SYN_CLM_51A18B3D6F3C|V|60|02-Aug-2021|02-Aug-2021|06-Aug-2021||3|377673|1|1|1|| |1904.09|0.0| ||37|1306950993| |9999907899| |9999907899|||0|1| |1904.09|02-Aug-2021|1|2|A|10|0.0|380.84|0|4|0.0|0.0|0|0|0|0|0|0|0|0|0|0|0|0|0|||||02-Aug-2021|951.0|0|0||Z733|Z733|N|Z604|Y|T7431X|N|N1830|Y|E1129|N|N182|Y|R801|Y|Z653|Y|I4891|Y|N181|Y|E1121|Y|E11319|Y|D4959|Y|D075|Y|E781|Y|E119|Y|E8881|Y|I10|Y|Z954|N|I350|Y|R931|Y|I259|Y|E785|Y|E669|Y|G4733|N|||| | | | | | | | | | | | | | | | | | | | | | |GZ3|02-Aug-2021|G4730|02-Aug-2021|Z741|02-Aug-2021|F419|02-Aug-2021|Z9181|02-Aug-2021|Z139|02-Aug-2021|Z1331|02-Aug-2021|Z1331|02-Aug-2021|F1990|02-Aug-2021|F109|02-Aug-2021|||||||||||||||||||||||||||||||0|0||6|450|99401|3.0|2021-08-03T00:00:00|hospital_C|hospital_C_20210802
SYN_BENE_66B78C455975|SYN_CLM_51A18B3D6F3C|V|60|02-Aug-2021|02-Aug-2021|06-Aug-2021||3|377673|1|1|1|| |1904.09|0.0| ||37|1306950993| |9999907899| |9999907899|||0|1| |1904.09|02-Aug-2021|1|2|A|10|0.0|380.84|0|4|0.0|0.0|0|0|0|0|0|0|0|0|0|0|0|0|0|||||02-Aug-2021|951.0|0|0||Z733|Z733|N|Z604|Y|T7431X|N|N1830|Y|E1129|N|N182|Y|R801|Y|Z653|Y|I4891|Y|N181|Y|E1121|Y|E11319|Y|D4959|Y|D075|Y|E781|Y|E119|Y|E8881|Y|I10|Y|Z954|N|I350|Y|R931|Y|I259|Y|E785|Y|E669|Y|G4733|N|||| | | | | | | | | | | | | | | | | | | | | | |GZ3|02-Aug-2021|G4730|02-Aug-2021|Z741|02-Aug-2021|F419|02-Aug-2021|Z9181|02-Aug-2021|Z139|02-Aug-2021|Z1331|02-Aug-2021|Z1331|02-Aug-2021|F1990|02-Aug-2021|F109|02-Aug-2021|||||||||||||||||||||||||||||||0|0||7|450|G0444|3.0|2021-08-03T00:00:00|hospital_C|hospital_C_20210802
SYN_BENE_66B78C455975|SYN_CLM_51A18B3D6F3C|V|60|02-Aug-2021|02-Aug-2021|06-Aug-2021||3|377673|1|1|1|| |1904.09|0.0| ||37|1306950993| |9999907899| |9999907899|||0|1| |1904.09|02-Aug-2021|1|2|A|10|0.0|380.84|0|4|0.0|0.0|0|0|0|0|0|0|0|0|0|0|0|0|0|||||02-Aug-2021|951.0|0|0||Z733|Z733|N|Z604|Y|T7431X|N|N1830|Y|E1129|N|N182|Y|R801|Y|Z653|Y|I4891|Y|N181|Y|E1121|Y|E11319|Y|D4959|Y|D075|Y|E781|Y|E119|Y|E8881|Y|I10|Y|Z954|N|I350|Y|R931|Y|I259|Y|E785|Y|E669|Y|G4733|N|||| | | | | | | | | | | | | | | | | | | | | | |GZ3|02-Aug-2021|G4730|02-Aug-2021|Z741|02-Aug-2021|F419|02-Aug-2021|Z9181|02-Aug-2021|Z139|02-Aug-2021|Z1331|02-Aug-2021|Z1331|02-Aug-2021|F1990|02-Aug-2021|F109|02-Aug-2021|||||||||||||||||||||||||||||||0|0||8|450|G0444|3.0|2021-08-03T00:00:00|hospital_C|hospital_C_20210802
SYN_BENE_66B78C455975|SYN_CLM_51A18B3D6F3C|V|60|02-Aug-2021|02-Aug-2021|06-Aug-2021||3|377673|1|1|1|| |1904.09|0.0| ||37|1306950993| |9999907899| |9999907899|||0|1| |1904.09|02-Aug-2021|1|2|A|10|0.0|380.84|0|4|0.0|0.0|0|0|0|0|0|0|0|0|0|0|0|0|0|||||02-Aug-2021|951.0|0|0||Z733|Z733|N|Z604|Y|T7431X|N|N1830|Y|E1129|N|N182|Y|R801|Y|Z653|Y|I4891|Y|N181|Y|E1121|Y|E11319|Y|D4959|Y|D075|Y|E781|Y|E119|Y|E8881|Y|I10|Y|Z954|N|I350|Y|R931|Y|I259|Y|E785|Y|E669|Y|G4733|N|||| | | | | | | | | | | | | | | | | | | | | | |GZ3|02-Aug-2021|G4730|02-Aug-2021|Z741|02-Aug-2021|F419|02-Aug-2021|Z9181|02-Aug-2021|Z139|02-Aug-2021|Z1331|02-Aug-2021|Z1331|02-Aug-2021|F1990|02-Aug-2021|F109|02-Aug-2021|||||||||||||||||||||||||||||||0|0||9|450|99408|3.0|2021-08-03T00:00:00|hospital_C|hospital_C_20210802
SYN_BENE_66B78C455975|SYN_CLM_51A18B3D6F3C|V|60|02-Aug-2021|02-Aug-2021|06-Aug-2021||3|377673|1|1|1|| |1904.09|0.0| ||37|1306950993| |9999907899| |9999907899|||0|1| |1904.09|02-Aug-2021|1|2|A|10|0.0|380.84|0|4|0.0|0.0|0|0|0|0|0|0|0|0|0|0|0|0|0|||||02-Aug-2021|951.0|0|0||Z733|Z733|N|Z604|Y|T7431X|N|N1830|Y|E1129|N|N182|Y|R801|Y|Z653|Y|I4891|Y|N181|Y|E1121|Y|E11319|Y|D4959|Y|D075|Y|E781|Y|E119|Y|E8881|Y|I10|Y|Z954|N|I350|Y|R931|Y|I259|Y|E785|Y|E669|Y|G4733|N|||| | | | | | | | | | | | | | | | | | | | | | |GZ3|02-Aug-2021|G4730|02-Aug-2021|Z741|02-Aug-2021|F419|02-Aug-2021|Z9181|02-Aug-2021|Z139|02-Aug-2021|Z1331|02-Aug-2021|Z1331|02-Aug-2021|F1990|02-Aug-2021|F109|02-Aug-2021|||||||||||||||||||||||||||||||0|0||10|450|G0442|3.0|2021-08-03T00:00:00|hospital_C|hospital_C_20210802
SYN_BENE_BFE2CDA81681|SYN_CLM_A5B58A555F69|V|60|02-Aug-2021|02-Aug-2021|06-Aug-2021||3|377673|1|1|1|| |1904.09|0.0| ||37|1306950993| |9999907899| |9999907899|||0|1| |1904.09|02-Aug-2021|1|2|A|10|0.0|380.84|0|4|0.0|0.0|0|0|0|0|0|0|0|0|0|0|0|0|0|||||02-Aug-2021|951.0|0|0||Z733|Z733|N|Z604|Y|T7431X|N|N1830|Y|E1129|N|N182|Y|R801|Y|Z653|Y|I4891|Y|N181|Y|E1121|Y|E11319|Y|D4959|Y|D075|Y|E781|Y|E119|Y|E8881|Y|I10|Y|Z954|N|I350|Y|R931|Y|I259|Y|E785|Y|E669|Y|G4733|N|||| | | | | | | | | | | | | | | | | | | | | | |GZ3|02-Aug-2021|G4730|02-Aug-2021|Z741|02-Aug-2021|F419|02-Aug-2021|Z9181|02-Aug-2021|Z139|02-Aug-2021|Z1331|02-Aug-2021|Z1331|02-Aug-2021|F1990|02-Aug-2021|F109|02-Aug-2021|||||||||||||||||||||||||||||||0|0||1|450|99495|3.0|2021-08-03T00:00:00|hospital_C|hospital_C_20210802
SYN_BENE_BFE2CDA81681|SYN_CLM_A5B58A555F69|V|60|02-Aug-2021|02-Aug-2021|06-Aug-2021||3|377673|1|1|1|| |1904.09|0.0| ||37|1306950993| |9999907899| |9999907899|||0|1| |1904.09|02-Aug-2021|1|2|A|10|0.0|380.84|0|4|0.0|0.0|0|0|0|0|0|0|0|0|0|0|0|0|0|||||02-Aug-2021|951.0|0|0||Z733|Z733|N|Z604|Y|T7431X|N|N1830|Y|E1129|N|N182|Y|R801|Y|Z653|Y|I4891|Y|N181|Y|E1121|Y|E11319|Y|D4959|Y|D075|Y|E781|Y|E119|Y|E8881|Y|I10|Y|Z954|N|I350|Y|R931|Y|I259|Y|E785|Y|E669|Y|G4733|N|||| | | | | | | | | | | | | | | | | | | | | | |GZ3|02-Aug-2021|G4730|02-Aug-2021|Z741|02-Aug-2021|F419|02-Aug-2021|Z9181|02-Aug-2021|Z139|02-Aug-2021|Z1331|02-Aug-2021|Z1331|02-Aug-2021|F1990|02-Aug-2021|F109|02-Aug-2021|||||||||||||||||||||||||||||||0|0||2|450|G8839|3.0|2021-08-03T00:00:00|hospital_C|hospital_C_20210802
SYN_BENE_BFE2CDA81681|SYN_CLM_A5B58A555F69|V|60|02-Aug-2021|02-Aug-2021|06-Aug-2021||3|377673|1|1|1|| |1904.09|0.0| ||37|1306950993| |9999907899| |9999907899|||0|1| |1904.09|02-Aug-2021|1|2|A|10|0.0|380.84|0|4|0.0|0.0|0|0|0|0|0|0|0|0|0|0|0|0|0|||||02-Aug-2021|951.0|0|0||Z733|Z733|N|Z604|Y|T7431X|N|N1830|Y|E1129|N|N182|Y|R801|Y|Z653|Y|I4891|Y|N181|Y|E1121|Y|E11319|Y|D4959|Y|D075|Y|E781|Y|E119|Y|E8881|Y|I10|Y|Z954|N|I350|Y|R931|Y|I259|Y|E785|Y|E669|Y|G4733|N|||| | | | | | | | | | | | | | | | | | | | | | |GZ3|02-Aug-2021|G4730|02-Aug-2021|Z741|02-Aug-2021|F419|02-Aug-2021|Z9181|02-Aug-2021|Z139|02-Aug-2021|Z1331|02-Aug-2021|Z1331|02-Aug-2021|F1990|02-Aug-2021|F109|02-Aug-2021|||||||||||||||||||||||||||||||0|0||3|450|96156|3.0|2021-08-03T00:00:00|hospital_C|hospital_C_20210802
SYN_BENE_BFE2CDA81681|SYN_CLM_A5B58A555F69|V|60|02-Aug-2021|02-Aug-2021|06-Aug-2021||3|377673|1|1|1|| |1904.09|0.0| ||37|1306950993| |9999907899| |9999907899|||0|1| |1904.09|02-Aug-2021|1|2|A|10|0.0|380.84|0|4|0.0|0.0|0|0|0|0|0|0|0|0|0|0|0|0|0|||||02-Aug-2021|951.0|0|0||Z733|Z733|N|Z604|Y|T7431X|N|N1830|Y|E1129|N|N182|Y|R801|Y|Z653|Y|I4891|Y|N181|Y|E1121|Y|E11319|Y|D4959|Y|D075|Y|E781|Y|E119|Y|E8881|Y|I10|Y|Z954|N|I350|Y|R931|Y|I259|Y|E785|Y|E669|Y|G4733|N|||| | | | | | | | | | | | | | | | | | | | | | |GZ3|02-Aug-2021|G4730|02-Aug-2021|Z741|02-Aug-2021|F419|02-Aug-2021|Z9181|02-Aug-2021|Z139|02-Aug-2021|Z1331|02-Aug-2021|Z1331|02-Aug-2021|F1990|02-Aug-2021|F109|02-Aug-2021|||||||||||||||||||||||||||||||0|0||4|450|96127|3.0|2021-08-03T00:00:00|hospital_C|hospital_C_20210802
SYN_BENE_BFE2CDA81681|SYN_CLM_A5B58A555F69|V|60|02-Aug-2021|02-Aug-2021|06-Aug-2021||3|377673|1|1|1|| |1904.09|0.0| ||37|1306950993| |9999907899| |9999907899|||0|1| |1904.09|02-Aug-2021|1|2|A|10|0.0|380.84|0|4|0.0|0.0|0|0|0|0|0|0|0|0|0|0|0|0|0|||||02-Aug-2021|951.0|0|0||Z733|Z733|N|Z604|Y|T7431X|N|N1830|Y|E1129|N|N182|Y|R801|Y|Z653|Y|I4891|Y|N181|Y|E1121|Y|E11319|Y|D4959|Y|D075|Y|E781|Y|E119|Y|E8881|Y|I10|Y|Z954|N|I350|Y|R931|Y|I259|Y|E785|Y|E669|Y|G4733|N|||| | | | | | | | | | | | | | | | | | | | | | |GZ3|02-Aug-2021|G4730|02-Aug-2021|Z741|02-Aug-2021|F419|02-Aug-2021|Z9181|02-Aug-2021|Z139|02-Aug-2021|Z1331|02-Aug-2021|Z1331|02-Aug-2021|F1990|02-Aug-2021|F109|02-Aug-2021|||||||||||||||||||||||||||||||0|0||5|450|M1069|3.0|2021-08-03T00:00:00|hospital_C|hospital_C_20210802
SYN_BENE_BFE2CDA81681|SYN_CLM_A5B58A555F69|V|60|02-Aug-2021|02-Aug-2021|06-Aug-2021||3|377673|1|1|1|| |1904.09|0.0| ||37|1306950993| |9999907899| |9999907899|||0|1| |1904.09|02-Aug-2021|1|2|A|10|0.0|380.84|0|4|0.0|0.0|0|0|0|0|0|0|0|0|0|0|0|0|0|||||02-Aug-2021|951.0|0|0||Z733|Z733|N|Z604|Y|T7431X|N|N1830|Y|E1129|N|N182|Y|R801|Y|Z653|Y|I4891|Y|N181|Y|E1121|Y|E11319|Y|D4959|Y|D075|Y|E781|Y|E119|Y|E8881|Y|I10|Y|Z954|N|I350|Y|R931|Y|I259|Y|E785|Y|E669|Y|G4733|N|||| | | | | | | | | | | | | | | | | | | | | | |GZ3|02-Aug-2021|G4730|02-Aug-2021|Z741|02-Aug-2021|F419|02-Aug-2021|Z9181|02-Aug-2021|Z139|02-Aug-2021|Z1331|02-Aug-2021|Z1331|02-Aug-2021|F1990|02-Aug-2021|F109|02-Aug-2021|||||||||||||||||||||||||||||||0|0||6|450|99401|3.0|2021-08-03T00:00:00|hospital_C|hospital_C_20210802
SYN_BENE_BFE2CDA81681|SYN_CLM_A5B58A555F69|V|60|02-Aug-2021|02-Aug-2021|06-Aug-2021||3|377673|1|1|1|| |1904.09|0.0| ||37|1306950993| |9999907899| |9999907899|||0|1| |1904.09|02-Aug-2021|1|2|A|10|0.0|380.84|0|4|0.0|0.0|0|0|0|0|0|0|0|0|0|0|0|0|0|||||02-Aug-2021|951.0|0|0||Z733|Z733|N|Z604|Y|T7431X|N|N1830|Y|E1129|N|N182|Y|R801|Y|Z653|Y|I4891|Y|N181|Y|E1121|Y|E11319|Y|D4959|Y|D075|Y|E781|Y|E119|Y|E8881|Y|I10|Y|Z954|N|I350|Y|R931|Y|I259|Y|E785|Y|E669|Y|G4733|N|||| | | | | | | | | | | | | | | | | | | | | | |GZ3|02-Aug-2021|G4730|02-Aug-2021|Z741|02-Aug-2021|F419|02-Aug-2021|Z9181|02-Aug-2021|Z139|02-Aug-2021|Z1331|02-Aug-2021|Z1331|02-Aug-2021|F1990|02-Aug-2021|F109|02-Aug-2021|||||||||||||||||||||||||||||||0|0||7|450|G0444|3.0|2021-08-03T00:00:00|hospital_C|hospital_C_20210802
SYN_BENE_BFE2CDA81681|SYN_CLM_A5B58A555F69|V|60|02-Aug-2021|02-Aug-2021|06-Aug-2021||3|377673|1|1|1|| |1904.09|0.0| ||37|1306950993| |9999907899| |9999907899|||0|1| |1904.09|02-Aug-2021|1|2|A|10|0.0|380.84|0|4|0.0|0.0|0|0|0|0|0|0|0|0|0|0|0|0|0|||||02-Aug-2021|951.0|0|0||Z733|Z733|N|Z604|Y|T7431X|N|N1830|Y|E1129|N|N182|Y|R801|Y|Z653|Y|I4891|Y|N181|Y|E1121|Y|E11319|Y|D4959|Y|D075|Y|E781|Y|E119|Y|E8881|Y|I10|Y|Z954|N|I350|Y|R931|Y|I259|Y|E785|Y|E669|Y|G4733|N|||| | | | | | | | | | | | | | | | | | | | | | |GZ3|02-Aug-2021|G4730|02-Aug-2021|Z741|02-Aug-2021|F419|02-Aug-2021|Z9181|02-Aug-2021|Z139|02-Aug-2021|Z1331|02-Aug-2021|Z1331|02-Aug-2021|F1990|02-Aug-2021|F109|02-Aug-2021|||||||||||||||||||||||||||||||0|0||8|450|G0444|3.0|2021-08-03T00:00:00|hospital_C|hospital_C_20210802
SYN_BENE_BFE2CDA81681|SYN_CLM_A5B58A555F69|V|60|02-Aug-2021|02-Aug-2021|06-Aug-2021||3|377673|1|1|1|| |1904.09|0.0| ||37|1306950993| |9999907899| |9999907899|||0|1| |1904.09|02-Aug-2021|1|2|A|10|0.0|380.84|0|4|0.0|0.0|0|0|0|0|0|0|0|0|0|0|0|0|0|||||02-Aug-2021|951.0|0|0||Z733|Z733|N|Z604|Y|T7431X|N|N1830|Y|E1129|N|N182|Y|R801|Y|Z653|Y|I4891|Y|N181|Y|E1121|Y|E11319|Y|D4959|Y|D075|Y|E781|Y|E119|Y|E8881|Y|I10|Y|Z954|N|I350|Y|R931|Y|I259|Y|E785|Y|E669|Y|G4733|N|||| | | | | | | | | | | | | | | | | | | | | | |GZ3|02-Aug-2021|G4730|02-Aug-2021|Z741|02-Aug-2021|F419|02-Aug-2021|Z9181|02-Aug-2021|Z139|02-Aug-2021|Z1331|02-Aug-2021|Z1331|02-Aug-2021|F1990|02-Aug-2021|F109|02-Aug-2021|||||||||||||||||||||||||||||||0|0||9|450|99408|3.0|2021-08-03T00:00:00|hospital_C|hospital_C_20210802
SYN_BENE_BFE2CDA81681|SYN_CLM_A5B58A555F69|V|60|02-Aug-2021|02-Aug-2021|06-Aug-2021||3|377673|1|1|1|| |1904.09|0.0| ||37|1306950993| |9999907899| |9999907899|||0|1| |1904.09|02-Aug-2021|1|2|A|10|0.0|380.84|0|4|0.0|0.0|0|0|0|0|0|0|0|0|0|0|0|0|0|||||02-Aug-2021|951.0|0|0||Z733|Z733|N|Z604|Y|T7431X|N|N1830|Y|E1129|N|N182|Y|R801|Y|Z653|Y|I4891|Y|N181|Y|E1121|Y|E11319|Y|D4959|Y|D075|Y|E781|Y|E119|Y|E8881|Y|I10|Y|Z954|N|I350|Y|R931|Y|I259|Y|E785|Y|E669|Y|G4733|N|||| | | | | | | | | | | | | | | | | | | | | | |GZ3|02-Aug-2021|G4730|02-Aug-2021|Z741|02-Aug-2021|F419|02-Aug-2021|Z9181|02-Aug-2021|Z139|02-Aug-2021|Z1331|02-Aug-2021|Z1331|02-Aug-2021|F1990|02-Aug-2021|F109|02-Aug-2021|||||||||||||||||||||||||||||||0|0||10|450|G0442|3.0|2021-08-03T00:00:00|hospital_C|hospital_C_20210802
SYN_BENE_06DD66331352|SYN_CLM_16BF24DB3393|V|60|02-Aug-2021|02-Aug-2021|06-Aug-2021||3|377673|1|1|1|| |1904.09|0.0| ||37|1306950993| |9999907899| |9999907899|||0|1| |1904.09|02-Aug-2021|1|2|A|10|0.0|380.84|0|4|0.0|0.0|0|0|0|0|0|0|0|0|0|0|0|0|0|||||02-Aug-2021|951.0|0|0||Z733|Z733|N|Z604|Y|T7431X|N|N1830|Y|E1129|N|N182|Y|R801|Y|Z653|Y|I4891|Y|N181|Y|E1121|Y|E11319|Y|D4959|Y|D075|Y|E781|Y|E119|Y|E8881|Y|I10|Y|Z954|N|I350|Y|R931|Y|I259|Y|E785|Y|E669|Y|G4733|N|||| | | | | | | | | | | | | | | | | | | | | | |GZ3|02-Aug-2021|G4730|02-Aug-2021|Z741|02-Aug-2021|F419|02-Aug-2021|Z9181|02-Aug-2021|Z139|02-Aug-2021|Z1331|02-Aug-2021|Z1331|02-Aug-2021|F1990|02-Aug-2021|F109|02-Aug-2021|||||||||||||||||||||||||||||||0|0||1|450|99495|3.0|2021-08-03T00:00:00|hospital_C|hospital_C_20210802
SYN_BENE_06DD66331352|SYN_CLM_16BF24DB3393|V|60|02-Aug-2021|02-Aug-2021|06-Aug-2021||3|377673|1|1|1|| |1904.09|0.0| ||37|1306950993| |9999907899| |9999907899|||0|1| |1904.09|02-Aug-2021|1|2|A|10|0.0|380.84|0|4|0.0|0.0|0|0|0|0|0|0|0|0|0|0|0|0|0|||||02-Aug-2021|951.0|0|0||Z733|Z733|N|Z604|Y|T7431X|N|N1830|Y|E1129|N|N182|Y|R801|Y|Z653|Y|I4891|Y|N181|Y|E1121|Y|E11319|Y|D4959|Y|D075|Y|E781|Y|E119|Y|E8881|Y|I10|Y|Z954|N|I350|Y|R931|Y|I259|Y|E785|Y|E669|Y|G4733|N|||| | | | | | | | | | | | | | | | | | | | | | |GZ3|02-Aug-2021|G4730|02-Aug-2021|Z741|02-Aug-2021|F419|02-Aug-2021|Z9181|02-Aug-2021|Z139|02-Aug-2021|Z1331|02-Aug-2021|Z1331|02-Aug-2021|F1990|02-Aug-2021|F109|02-Aug-2021|||||||||||||||||||||||||||||||0|0||2|450|G8839|3.0|2021-08-03T00:00:00|hospital_C|hospital_C_20210802
SYN_BENE_06DD66331352|SYN_CLM_16BF24DB3393|V|60|02-Aug-2021|02-Aug-2021|06-Aug-2021||3|377673|1|1|1|| |1904.09|0.0| ||37|1306950993| |9999907899| |9999907899|||0|1| |1904.09|02-Aug-2021|1|2|A|10|0.0|380.84|0|4|0.0|0.0|0|0|0|0|0|0|0|0|0|0|0|0|0|||||02-Aug-2021|951.0|0|0||Z733|Z733|N|Z604|Y|T7431X|N|N1830|Y|E1129|N|N182|Y|R801|Y|Z653|Y|I4891|Y|N181|Y|E1121|Y|E11319|Y|D4959|Y|D075|Y|E781|Y|E119|Y|E8881|Y|I10|Y|Z954|N|I350|Y|R931|Y|I259|Y|E785|Y|E669|Y|G4733|N|||| | | | | | | | | | | | | | | | | | | | | | |GZ3|02-Aug-2021|G4730|02-Aug-2021|Z741|02-Aug-2021|F419|02-Aug-2021|Z9181|02-Aug-2021|Z139|02-Aug-2021|Z1331|02-Aug-2021|Z1331|02-Aug-2021|F1990|02-Aug-2021|F109|02-Aug-2021|||||||||||||||||||||||||||||||0|0||3|450|96156|3.0|2021-08-03T00:00:00|hospital_C|hospital_C_20210802
SYN_BENE_06DD66331352|SYN_CLM_16BF24DB3393|V|60|02-Aug-2021|02-Aug-2021|06-Aug-2021||3|377673|1|1|1|| |1904.09|0.0| ||37|1306950993| |9999907899| |9999907899|||0|1| |1904.09|02-Aug-2021|1|2|A|10|0.0|380.84|0|4|0.0|0.0|0|0|0|0|0|0|0|0|0|0|0|0|0|||||02-Aug-2021|951.0|0|0||Z733|Z733|N|Z604|Y|T7431X|N|N1830|Y|E1129|N|N182|Y|R801|Y|Z653|Y|I4891|Y|N181|Y|E1121|Y|E11319|Y|D4959|Y|D075|Y|E781|Y|E119|Y|E8881|Y|I10|Y|Z954|N|I350|Y|R931|Y|I259|Y|E785|Y|E669|Y|G4733|N|||| | | | | | | | | | | | | | | | | | | | | | |GZ3|02-Aug-2021|G4730|02-Aug-2021|Z741|02-Aug-2021|F419|02-Aug-2021|Z9181|02-Aug-2021|Z139|02-Aug-2021|Z1331|02-Aug-2021|Z1331|02-Aug-2021|F1990|02-Aug-2021|F109|02-Aug-2021|||||||||||||||||||||||||||||||0|0||4|450|96127|3.0|2021-08-03T00:00:00|hospital_C|hospital_C_20210802
SYN_BENE_06DD66331352|SYN_CLM_16BF24DB3393|V|60|02-Aug-2021|02-Aug-2021|06-Aug-2021||3|377673|1|1|1|| |1904.09|0.0| ||37|1306950993| |9999907899| |9999907899|||0|1| |1904.09|02-Aug-2021|1|2|A|10|0.0|380.84|0|4|0.0|0.0|0|0|0|0|0|0|0|0|0|0|0|0|0|||||02-Aug-2021|951.0|0|0||Z733|Z733|N|Z604|Y|T7431X|N|N1830|Y|E1129|N|N182|Y|R801|Y|Z653|Y|I4891|Y|N181|Y|E1121|Y|E11319|Y|D4959|Y|D075|Y|E781|Y|E119|Y|E8881|Y|I10|Y|Z954|N|I350|Y|R931|Y|I259|Y|E785|Y|E669|Y|G4733|N|||| | | | | | | | | | | | | | | | | | | | | | |GZ3|02-Aug-2021|G4730|02-Aug-2021|Z741|02-Aug-2021|F419|02-Aug-2021|Z9181|02-Aug-2021|Z139|02-Aug-2021|Z1331|02-Aug-2021|Z1331|02-Aug-2021|F1990|02-Aug-2021|F109|02-Aug-2021|||||||||||||||||||||||||||||||0|0||5|450|M1069|3.0|2021-08-03T00:00:00|hospital_C|hospital_C_20210802
SYN_BENE_06DD66331352|SYN_CLM_16BF24DB3393|V|60|02-Aug-2021|02-Aug-2021|06-Aug-2021||3|377673|1|1|1|| |1904.09|0.0| ||37|1306950993| |9999907899| |9999907899|||0|1| |1904.09|02-Aug-2021|1|2|A|10|0.0|380.84|0|4|0.0|0.0|0|0|0|0|0|0|0|0|0|0|0|0|0|||||02-Aug-2021|951.0|0|0||Z733|Z733|N|Z604|Y|T7431X|N|N1830|Y|E1129|N|N182|Y|R801|Y|Z653|Y|I4891|Y|N181|Y|E1121|Y|E11319|Y|D4959|Y|D075|Y|E781|Y|E119|Y|E8881|Y|I10|Y|Z954|N|I350|Y|R931|Y|I259|Y|E785|Y|E669|Y|G4733|N|||| | | | | | | | | | | | | | | | | | | | | | |GZ3|02-Aug-2021|G4730|02-Aug-2021|Z741|02-Aug-2021|F419|02-Aug-2021|Z9181|02-Aug-2021|Z139|02-Aug-2021|Z1331|02-Aug-2021|Z1331|02-Aug-2021|F1990|02-Aug-2021|F109|02-Aug-2021|||||||||||||||||||||||||||||||0|0||6|450|99401|3.0|2021-08-03T00:00:00|hospital_C|hospital_C_20210802
SYN_BENE_06DD66331352|SYN_CLM_16BF24DB3393|V|60|02-Aug-2021|02-Aug-2021|06-Aug-2021||3|377673|1|1|1|| |1904.09|0.0| ||37|1306950993| |9999907899| |9999907899|||0|1| |1904.09|02-Aug-2021|1|2|A|10|0.0|380.84|0|4|0.0|0.0|0|0|0|0|0|0|0|0|0|0|0|0|0|||||02-Aug-2021|951.0|0|0||Z733|Z733|N|Z604|Y|T7431X|N|N1830|Y|E1129|N|N182|Y|R801|Y|Z653|Y|I4891|Y|N181|Y|E1121|Y|E11319|Y|D4959|Y|D075|Y|E781|Y|E119|Y|E8881|Y|I10|Y|Z954|N|I350|Y|R931|Y|I259|Y|E785|Y|E669|Y|G4733|N|||| | | | | | | | | | | | | | | | | | | | | | |GZ3|02-Aug-2021|G4730|02-Aug-2021|Z741|02-Aug-2021|F419|02-Aug-2021|Z9181|02-Aug-2021|Z139|02-Aug-2021|Z1331|02-Aug-2021|Z1331|02-Aug-2021|F1990|02-Aug-2021|F109|02-Aug-2021|||||||||||||||||||||||||||||||0|0||7|450|G0444|3.0|2021-08-03T00:00:00|hospital_C|hospital_C_20210802
SYN_BENE_06DD66331352|SYN_CLM_16BF24DB3393|V|60|02-Aug-2021|02-Aug-2021|06-Aug-2021||3|377673|1|1|1|| |1904.09|0.0| ||37|1306950993| |9999907899| |9999907899|||0|1| |1904.09|02-Aug-2021|1|2|A|10|0.0|380.84|0|4|0.0|0.0|0|0|0|0|0|0|0|0|0|0|0|0|0|||||02-Aug-2021|951.0|0|0||Z733|Z733|N|Z604|Y|T7431X|N|N1830|Y|E1129|N|N182|Y|R801|Y|Z653|Y|I4891|Y|N181|Y|E1121|Y|E11319|Y|D4959|Y|D075|Y|E781|Y|E119|Y|E8881|Y|I10|Y|Z954|N|I350|Y|R931|Y|I259|Y|E785|Y|E669|Y|G4733|N|||| | | | | | | | | | | | | | | | | | | | | | |GZ3|02-Aug-2021|G4730|02-Aug-2021|Z741|02-Aug-2021|F419|02-Aug-2021|Z9181|02-Aug-2021|Z139|02-Aug-2021|Z1331|02-Aug-2021|Z1331|02-Aug-2021|F1990|02-Aug-2021|F109|02-Aug-2021|||||||||||||||||||||||||||||||0|0||8|450|G0444|3.0|2021-08-03T00:00:00|hospital_C|hospital_C_20210802
SYN_BENE_06DD66331352|SYN_CLM_16BF24DB3393|V|60|02-Aug-2021|02-Aug-2021|06-Aug-2021||3|377673|1|1|1|| |1904.09|0.0| ||37|1306950993| |9999907899| |9999907899|||0|1| |1904.09|02-Aug-2021|1|2|A|10|0.0|380.84|0|4|0.0|0.0|0|0|0|0|0|0|0|0|0|0|0|0|0|||||02-Aug-2021|951.0|0|0||Z733|Z733|N|Z604|Y|T7431X|N|N1830|Y|E1129|N|N182|Y|R801|Y|Z653|Y|I4891|Y|N181|Y|E1121|Y|E11319|Y|D4959|Y|D075|Y|E781|Y|E119|Y|E8881|Y|I10|Y|Z954|N|I350|Y|R931|Y|I259|Y|E785|Y|E669|Y|G4733|N|||| | | | | | | | | | | | | | | | | | | | | | |GZ3|02-Aug-2021|G4730|02-Aug-2021|Z741|02-Aug-2021|F419|02-Aug-2021|Z9181|02-Aug-2021|Z139|02-Aug-2021|Z1331|02-Aug-2021|Z1331|02-Aug-2021|F1990|02-Aug-2021|F109|02-Aug-2021|||||||||||||||||||||||||||||||0|0||9|450|99408|3.0|2021-08-03T00:00:00|hospital_C|hospital_C_20210802
SYN_BENE_06DD66331352|SYN_CLM_16BF24DB3393|V|60|02-Aug-2021|02-Aug-2021|06-Aug-2021||3|377673|1|1|1|| |1904.09|0.0| ||37|1306950993| |9999907899| |9999907899|||0|1| |1904.09|02-Aug-2021|1|2|A|10|0.0|380.84|0|4|0.0|0.0|0|0|0|0|0|0|0|0|0|0|0|0|0|||||02-Aug-2021|951.0|0|0||Z733|Z733|N|Z604|Y|T7431X|N|N1830|Y|E1129|N|N182|Y|R801|Y|Z653|Y|I4891|Y|N181|Y|E1121|Y|E11319|Y|D4959|Y|D075|Y|E781|Y|E119|Y|E8881|Y|I10|Y|Z954|N|I350|Y|R931|Y|I259|Y|E785|Y|E669|Y|G4733|N|||| | | | | | | | | | | | | | | | | | | | | | |GZ3|02-Aug-2021|G4730|02-Aug-2021|Z741|02-Aug-2021|F419|02-Aug-2021|Z9181|02-Aug-2021|Z139|02-Aug-2021|Z1331|02-Aug-2021|Z1331|02-Aug-2021|F1990|02-Aug-2021|F109|02-Aug-2021|||||||||||||||||||||||||||||||0|0||10|450|G0442|3.0|2021-08-03T00:00:00|hospital_C|hospital_C_20210802
SYN_BENE_BA36CB63BFDB|SYN_CLM_8D460C763926|V|60|02-Aug-2021|02-Aug-2021|06-Aug-2021||3|377673|1|1|1|| |1904.09|0.0| ||37|1306950993| |9999907899| |9999907899|||0|1| |1904.09|02-Aug-2021|1|2|A|10|0.0|380.84|0|4|0.0|0.0|0|0|0|0|0|0|0|0|0|0|0|0|0|||||02-Aug-2021|951.0|0|0||Z733|Z733|N|Z604|Y|T7431X|N|N1830|Y|E1129|N|N182|Y|R801|Y|Z653|Y|I4891|Y|N181|Y|E1121|Y|E11319|Y|D4959|Y|D075|Y|E781|Y|E119|Y|E8881|Y|I10|Y|Z954|N|I350|Y|R931|Y|I259|Y|E785|Y|E669|Y|G4733|N|||| | | | | | | | | | | | | | | | | | | | | | |GZ3|02-Aug-2021|G4730|02-Aug-2021|Z741|02-Aug-2021|F419|02-Aug-2021|Z9181|02-Aug-2021|Z139|02-Aug-2021|Z1331|02-Aug-2021|Z1331|02-Aug-2021|F1990|02-Aug-2021|F109|02-Aug-2021|||||||||||||||||||||||||||||||0|0||1|450|99495|3.0|2021-08-03T00:00:00|hospital_C|hospital_C_20210802
SYN_BENE_BA36CB63BFDB|SYN_CLM_8D460C763926|V|60|02-Aug-2021|02-Aug-2021|06-Aug-2021||3|377673|1|1|1|| |1904.09|0.0| ||37|1306950993| |9999907899| |9999907899|||0|1| |1904.09|02-Aug-2021|1|2|A|10|0.0|380.84|0|4|0.0|0.0|0|0|0|0|0|0|0|0|0|0|0|0|0|||||02-Aug-2021|951.0|0|0||Z733|Z733|N|Z604|Y|T7431X|N|N1830|Y|E1129|N|N182|Y|R801|Y|Z653|Y|I4891|Y|N181|Y|E1121|Y|E11319|Y|D4959|Y|D075|Y|E781|Y|E119|Y|E8881|Y|I10|Y|Z954|N|I350|Y|R931|Y|I259|Y|E785|Y|E669|Y|G4733|N|||| | | | | | | | | | | | | | | | | | | | | | |GZ3|02-Aug-2021|G4730|02-Aug-2021|Z741|02-Aug-2021|F419|02-Aug-2021|Z9181|02-Aug-2021|Z139|02-Aug-2021|Z1331|02-Aug-2021|Z1331|02-Aug-2021|F1990|02-Aug-2021|F109|02-Aug-2021|||||||||||||||||||||||||||||||0|0||2|450|G8839|3.0|2021-08-03T00:00:00|hospital_C|hospital_C_20210802
SYN_BENE_BA36CB63BFDB|SYN_CLM_8D460C763926|V|60|02-Aug-2021|02-Aug-2021|06-Aug-2021||3|377673|1|1|1|| |1904.09|0.0| ||37|1306950993| |9999907899| |9999907899|||0|1| |1904.09|02-Aug-2021|1|2|A|10|0.0|380.84|0|4|0.0|0.0|0|0|0|0|0|0|0|0|0|0|0|0|0|||||02-Aug-2021|951.0|0|0||Z733|Z733|N|Z604|Y|T7431X|N|N1830|Y|E1129|N|N182|Y|R801|Y|Z653|Y|I4891|Y|N181|Y|E1121|Y|E11319|Y|D4959|Y|D075|Y|E781|Y|E119|Y|E8881|Y|I10|Y|Z954|N|I350|Y|R931|Y|I259|Y|E785|Y|E669|Y|G4733|N|||| | | | | | | | | | | | | | | | | | | | | | |GZ3|02-Aug-2021|G4730|02-Aug-2021|Z741|02-Aug-2021|F419|02-Aug-2021|Z9181|02-Aug-2021|Z139|02-Aug-2021|Z1331|02-Aug-2021|Z1331|02-Aug-2021|F1990|02-Aug-2021|F109|02-Aug-2021|||||||||||||||||||||||||||||||0|0||3|450|96156|3.0|2021-08-03T00:00:00|hospital_C|hospital_C_20210802
SYN_BENE_BA36CB63BFDB|SYN_CLM_8D460C763926|V|60|02-Aug-2021|02-Aug-2021|06-Aug-2021||3|377673|1|1|1|| |1904.09|0.0| ||37|1306950993| |9999907899| |9999907899|||0|1| |1904.09|02-Aug-2021|1|2|A|10|0.0|380.84|0|4|0.0|0.0|0|0|0|0|0|0|0|0|0|0|0|0|0|||||02-Aug-2021|951.0|0|0||Z733|Z733|N|Z604|Y|T7431X|N|N1830|Y|E1129|N|N182|Y|R801|Y|Z653|Y|I4891|Y|N181|Y|E1121|Y|E11319|Y|D4959|Y|D075|Y|E781|Y|E119|Y|E8881|Y|I10|Y|Z954|N|I350|Y|R931|Y|I259|Y|E785|Y|E669|Y|G4733|N|||| | | | | | | | | | | | | | | | | | | | | | |GZ3|02-Aug-2021|G4730|02-Aug-2021|Z741|02-Aug-2021|F419|02-Aug-2021|Z9181|02-Aug-2021|Z139|02-Aug-2021|Z1331|02-Aug-2021|Z1331|02-Aug-2021|F1990|02-Aug-2021|F109|02-Aug-2021|||||||||||||||||||||||||||||||0|0||4|450|96127|3.0|2021-08-03T00:00:00|hospital_C|hospital_C_20210802
SYN_BENE_BA36CB63BFDB|SYN_CLM_8D460C763926|V|60|02-Aug-2021|02-Aug-2021|06-Aug-2021||3|377673|1|1|1|| |1904.09|0.0| ||37|1306950993| |9999907899| |9999907899|||0|1| |1904.09|02-Aug-2021|1|2|A|10|0.0|380.84|0|4|0.0|0.0|0|0|0|0|0|0|0|0|0|0|0|0|0|||||02-Aug-2021|951.0|0|0||Z733|Z733|N|Z604|Y|T7431X|N|N1830|Y|E1129|N|N182|Y|R801|Y|Z653|Y|I4891|Y|N181|Y|E1121|Y|E11319|Y|D4959|Y|D075|Y|E781|Y|E119|Y|E8881|Y|I10|Y|Z954|N|I350|Y|R931|Y|I259|Y|E785|Y|E669|Y|G4733|N|||| | | | | | | | | | | | | | | | | | | | | | |GZ3|02-Aug-2021|G4730|02-Aug-2021|Z741|02-Aug-2021|F419|02-Aug-2021|Z9181|02-Aug-2021|Z139|02-Aug-2021|Z1331|02-Aug-2021|Z1331|02-Aug-2021|F1990|02-Aug-2021|F109|02-Aug-2021|||||||||||||||||||||||||||||||0|0||5|450|M1069|3.0|2021-08-03T00:00:00|hospital_C|hospital_C_20210802
SYN_BENE_BA36CB63BFDB|SYN_CLM_8D460C763926|V|60|02-Aug-2021|02-Aug-2021|06-Aug-2021||3|377673|1|1|1|| |1904.09|0.0| ||37|1306950993| |9999907899| |9999907899|||0|1| |1904.09|02-Aug-2021|1|2|A|10|0.0|380.84|0|4|0.0|0.0|0|0|0|0|0|0|0|0|0|0|0|0|0|||||02-Aug-2021|951.0|0|0||Z733|Z733|N|Z604|Y|T7431X|N|N1830|Y|E1129|N|N182|Y|R801|Y|Z653|Y|I4891|Y|N181|Y|E1121|Y|E11319|Y|D4959|Y|D075|Y|E781|Y|E119|Y|E8881|Y|I10|Y|Z954|N|I350|Y|R931|Y|I259|Y|E785|Y|E669|Y|G4733|N|||| | | | | | | | | | | | | | | | | | | | | | |GZ3|02-Aug-2021|G4730|02-Aug-2021|Z741|02-Aug-2021|F419|02-Aug-2021|Z9181|02-Aug-2021|Z139|02-Aug-2021|Z1331|02-Aug-2021|Z1331|02-Aug-2021|F1990|02-Aug-2021|F109|02-Aug-2021|||||||||||||||||||||||||||||||0|0||6|450|99401|3.0|2021-08-03T00:00:00|hospital_C|hospital_C_20210802
SYN_BENE_BA36CB63BFDB|SYN_CLM_8D460C763926|V|60|02-Aug-2021|02-Aug-2021|06-Aug-2021||3|377673|1|1|1|| |1904.09|0.0| ||37|1306950993| |9999907899| |9999907899|||0|1| |1904.09|02-Aug-2021|1|2|A|10|0.0|380.84|0|4|0.0|0.0|0|0|0|0|0|0|0|0|0|0|0|0|0|||||02-Aug-2021|951.0|0|0||Z733|Z733|N|Z604|Y|T7431X|N|N1830|Y|E1129|N|N182|Y|R801|Y|Z653|Y|I4891|Y|N181|Y|E1121|Y|E11319|Y|D4959|Y|D075|Y|E781|Y|E119|Y|E8881|Y|I10|Y|Z954|N|I350|Y|R931|Y|I259|Y|E785|Y|E669|Y|G4733|N|||| | | | | | | | | | | | | | | | | | | | | | |GZ3|02-Aug-2021|G4730|02-Aug-2021|Z741|02-Aug-2021|F419|02-Aug-2021|Z9181|02-Aug-2021|Z139|02-Aug-2021|Z1331|02-Aug-2021|Z1331|02-Aug-2021|F1990|02-Aug-2021|F109|02-Aug-2021|||||||||||||||||||||||||||||||0|0||7|450|G0444|3.0|2021-08-03T00:00:00|hospital_C|hospital_C_20210802
SYN_BENE_BA36CB63BFDB|SYN_CLM_8D460C763926|V|60|02-Aug-2021|02-Aug-2021|06-Aug-2021||3|377673|1|1|1|| |1904.09|0.0| ||37|1306950993| |9999907899| |9999907899|||0|1| |1904.09|02-Aug-2021|1|2|A|10|0.0|380.84|0|4|0.0|0.0|0|0|0|0|0|0|0|0|0|0|0|0|0|||||02-Aug-2021|951.0|0|0||Z733|Z733|N|Z604|Y|T7431X|N|N1830|Y|E1129|N|N182|Y|R801|Y|Z653|Y|I4891|Y|N181|Y|E1121|Y|E11319|Y|D4959|Y|D075|Y|E781|Y|E119|Y|E8881|Y|I10|Y|Z954|N|I350|Y|R931|Y|I259|Y|E785|Y|E669|Y|G4733|N|||| | | | | | | | | | | | | | | | | | | | | | |GZ3|02-Aug-2021|G4730|02-Aug-2021|Z741|02-Aug-2021|F419|02-Aug-2021|Z9181|02-Aug-2021|Z139|02-Aug-2021|Z1331|02-Aug-2021|Z1331|02-Aug-2021|F1990|02-Aug-2021|F109|02-Aug-2021|||||||||||||||||||||||||||||||0|0||8|450|G0444|3.0|2021-08-03T00:00:00|hospital_C|hospital_C_20210802
SYN_BENE_BA36CB63BFDB|SYN_CLM_8D460C763926|V|60|02-Aug-2021|02-Aug-2021|06-Aug-2021||3|377673|1|1|1|| |1904.09|0.0| ||37|1306950993| |9999907899| |9999907899|||0|1| |1904.09|02-Aug-2021|1|2|A|10|0.0|380.84|0|4|0.0|0.0|0|0|0|0|0|0|0|0|0|0|0|0|0|||||02-Aug-2021|951.0|0|0||Z733|Z733|N|Z604|Y|T7431X|N|N1830|Y|E1129|N|N182|Y|R801|Y|Z653|Y|I4891|Y|N181|Y|E1121|Y|E11319|Y|D4959|Y|D075|Y|E781|Y|E119|Y|E8881|Y|I10|Y|Z954|N|I350|Y|R931|Y|I259|Y|E785|Y|E669|Y|G4733|N|||| | | | | | | | | | | | | | | | | | | | | | |GZ3|02-Aug-2021|G4730|02-Aug-2021|Z741|02-Aug-2021|F419|02-Aug-2021|Z9181|02-Aug-2021|Z139|02-Aug-2021|Z1331|02-Aug-2021|Z1331|02-Aug-2021|F1990|02-Aug-2021|F109|02-Aug-2021|||||||||||||||||||||||||||||||0|0||9|450|99408|3.0|2021-08-03T00:00:00|hospital_C|hospital_C_20210802
SYN_BENE_BA36CB63BFDB|SYN_CLM_8D460C763926|V|60|02-Aug-2021|02-Aug-2021|06-Aug-2021||3|377673|1|1|1|| |1904.09|0.0| ||37|1306950993| |9999907899| |9999907899|||0|1| |1904.09|02-Aug-2021|1|2|A|10|0.0|380.84|0|4|0.0|0.0|0|0|0|0|0|0|0|0|0|0|0|0|0|||||02-Aug-2021|951.0|0|0||Z733|Z733|N|Z604|Y|T7431X|N|N1830|Y|E1129|N|N182|Y|R801|Y|Z653|Y|I4891|Y|N181|Y|E1121|Y|E11319|Y|D4959|Y|D075|Y|E781|Y|E119|Y|E8881|Y|I10|Y|Z954|N|I350|Y|R931|Y|I259|Y|E785|Y|E669|Y|G4733|N|||| | | | | | | | | | | | | | | | | | | | | | |GZ3|02-Aug-2021|G4730|02-Aug-2021|Z741|02-Aug-2021|F419|02-Aug-2021|Z9181|02-Aug-2021|Z139|02-Aug-2021|Z1331|02-Aug-2021|Z1331|02-Aug-2021|F1990|02-Aug-2021|F109|02-Aug-2021|||||||||||||||||||||||||||||||0|0||10|450|G0442|3.0|2021-08-03T00:00:00|hospital_C|hospital_C_20210802
SYN_BENE_435F4F2BD13D|SYN_CLM_215FD4DEC01F|V|60|02-Aug-2021|02-Aug-2021|06-Aug-2021||3|377673|1|1|1|| |1904.09|0.0| ||37|1306950993| |9999907899| |9999907899|||0|1| |1904.09|02-Aug-2021|1|2|A|10|0.0|380.84|0|4|0.0|0.0|0|0|0|0|0|0|0|0|0|0|0|0|0|||||02-Aug-2021|951.0|0|0||Z733|Z733|N|Z604|Y|T7431X|N|N1830|Y|E1129|N|N182|Y|R801|Y|Z653|Y|I4891|Y|N181|Y|E1121|Y|E11319|Y|D4959|Y|D075|Y|E781|Y|E119|Y|E8881|Y|I10|Y|Z954|N|I350|Y|R931|Y|I259|Y|E785|Y|E669|Y|G4733|N|||| | | | | | | | | | | | | | | | | | | | | | |GZ3|02-Aug-2021|G4730|02-Aug-2021|Z741|02-Aug-2021|F419|02-Aug-2021|Z9181|02-Aug-2021|Z139|02-Aug-2021|Z1331|02-Aug-2021|Z1331|02-Aug-2021|F1990|02-Aug-2021|F109|02-Aug-2021|||||||||||||||||||||||||||||||0|0||1|450|99495|3.0|2021-08-03T00:00:00|hospital_C|hospital_C_20210802
SYN_BENE_435F4F2BD13D|SYN_CLM_215FD4DEC01F|V|60|02-Aug-2021|02-Aug-2021|06-Aug-2021||3|377673|1|1|1|| |1904.09|0.0| ||37|1306950993| |9999907899| |9999907899|||0|1| |1904.09|02-Aug-2021|1|2|A|10|0.0|380.84|0|4|0.0|0.0|0|0|0|0|0|0|0|0|0|0|0|0|0|||||02-Aug-2021|951.0|0|0||Z733|Z733|N|Z604|Y|T7431X|N|N1830|Y|E1129|N|N182|Y|R801|Y|Z653|Y|I4891|Y|N181|Y|E1121|Y|E11319|Y|D4959|Y|D075|Y|E781|Y|E119|Y|E8881|Y|I10|Y|Z954|N|I350|Y|R931|Y|I259|Y|E785|Y|E669|Y|G4733|N|||| | | | | | | | | | | | | | | | | | | | | | |GZ3|02-Aug-2021|G4730|02-Aug-2021|Z741|02-Aug-2021|F419|02-Aug-2021|Z9181|02-Aug-2021|Z139|02-Aug-2021|Z1331|02-Aug-2021|Z1331|02-Aug-2021|F1990|02-Aug-2021|F109|02-Aug-2021|||||||||||||||||||||||||||||||0|0||2|450|G8839|3.0|2021-08-03T00:00:00|hospital_C|hospital_C_20210802
SYN_BENE_435F4F2BD13D|SYN_CLM_215FD4DEC01F|V|60|02-Aug-2021|02-Aug-2021|06-Aug-2021||3|377673|1|1|1|| |1904.09|0.0| ||37|1306950993| |9999907899| |9999907899|||0|1| |1904.09|02-Aug-2021|1|2|A|10|0.0|380.84|0|4|0.0|0.0|0|0|0|0|0|0|0|0|0|0|0|0|0|||||02-Aug-2021|951.0|0|0||Z733|Z733|N|Z604|Y|T7431X|N|N1830|Y|E1129|N|N182|Y|R801|Y|Z653|Y|I4891|Y|N181|Y|E1121|Y|E11319|Y|D4959|Y|D075|Y|E781|Y|E119|Y|E8881|Y|I10|Y|Z954|N|I350|Y|R931|Y|I259|Y|E785|Y|E669|Y|G4733|N|||| | | | | | | | | | | | | | | | | | | | | | |GZ3|02-Aug-2021|G4730|02-Aug-2021|Z741|02-Aug-2021|F419|02-Aug-2021|Z9181|02-Aug-2021|Z139|02-Aug-2021|Z1331|02-Aug-2021|Z1331|02-Aug-2021|F1990|02-Aug-2021|F109|02-Aug-2021|||||||||||||||||||||||||||||||0|0||3|450|96156|3.0|2021-08-03T00:00:00|hospital_C|hospital_C_20210802
SYN_BENE_435F4F2BD13D|SYN_CLM_215FD4DEC01F|V|60|02-Aug-2021|02-Aug-2021|06-Aug-2021||3|377673|1|1|1|| |1904.09|0.0| ||37|1306950993| |9999907899| |9999907899|||0|1| |1904.09|02-Aug-2021|1|2|A|10|0.0|380.84|0|4|0.0|0.0|0|0|0|0|0|0|0|0|0|0|0|0|0|||||02-Aug-2021|951.0|0|0||Z733|Z733|N|Z604|Y|T7431X|N|N1830|Y|E1129|N|N182|Y|R801|Y|Z653|Y|I4891|Y|N181|Y|E1121|Y|E11319|Y|D4959|Y|D075|Y|E781|Y|E119|Y|E8881|Y|I10|Y|Z954|N|I350|Y|R931|Y|I259|Y|E785|Y|E669|Y|G4733|N|||| | | | | | | | | | | | | | | | | | | | | | |GZ3|02-Aug-2021|G4730|02-Aug-2021|Z741|02-Aug-2021|F419|02-Aug-2021|Z9181|02-Aug-2021|Z139|02-Aug-2021|Z1331|02-Aug-2021|Z1331|02-Aug-2021|F1990|02-Aug-2021|F109|02-Aug-2021|||||||||||||||||||||||||||||||0|0||4|450|96127|3.0|2021-08-03T00:00:00|hospital_C|hospital_C_20210802
SYN_BENE_435F4F2BD13D|SYN_CLM_215FD4DEC01F|V|60|02-Aug-2021|02-Aug-2021|06-Aug-2021||3|377673|1|1|1|| |1904.09|0.0| ||37|1306950993| |9999907899| |9999907899|||0|1| |1904.09|02-Aug-2021|1|2|A|10|0.0|380.84|0|4|0.0|0.0|0|0|0|0|0|0|0|0|0|0|0|0|0|||||02-Aug-2021|951.0|0|0||Z733|Z733|N|Z604|Y|T7431X|N|N1830|Y|E1129|N|N182|Y|R801|Y|Z653|Y|I4891|Y|N181|Y|E1121|Y|E11319|Y|D4959|Y|D075|Y|E781|Y|E119|Y|E8881|Y|I10|Y|Z954|N|I350|Y|R931|Y|I259|Y|E785|Y|E669|Y|G4733|N|||| | | | | | | | | | | | | | | | | | | | | | |GZ3|02-Aug-2021|G4730|02-Aug-2021|Z741|02-Aug-2021|F419|02-Aug-2021|Z9181|02-Aug-2021|Z139|02-Aug-2021|Z1331|02-Aug-2021|Z1331|02-Aug-2021|F1990|02-Aug-2021|F109|02-Aug-2021|||||||||||||||||||||||||||||||0|0||5|450|M1069|3.0|2021-08-03T00:00:00|hospital_C|hospital_C_20210802
SYN_BENE_435F4F2BD13D|SYN_CLM_215FD4DEC01F|V|60|02-Aug-2021|02-Aug-2021|06-Aug-2021||3|377673|1|1|1|| |1904.09|0.0| ||37|1306950993| |9999907899| |9999907899|||0|1| |1904.09|02-Aug-2021|1|2|A|10|0.0|380.84|0|4|0.0|0.0|0|0|0|0|0|0|0|0|0|0|0|0|0|||||02-Aug-2021|951.0|0|0||Z733|Z733|N|Z604|Y|T7431X|N|N1830|Y|E1129|N|N182|Y|R801|Y|Z653|Y|I4891|Y|N181|Y|E1121|Y|E11319|Y|D4959|Y|D075|Y|E781|Y|E119|Y|E8881|Y|I10|Y|Z954|N|I350|Y|R931|Y|I259|Y|E785|Y|E669|Y|G4733|N|||| | | | | | | | | | | | | | | | | | | | | | |GZ3|02-Aug-2021|G4730|02-Aug-2021|Z741|02-Aug-2021|F419|02-Aug-2021|Z9181|02-Aug-2021|Z139|02-Aug-2021|Z1331|02-Aug-2021|Z1331|02-Aug-2021|F1990|02-Aug-2021|F109|02-Aug-2021|||||||||||||||||||||||||||||||0|0||6|450|99401|3.0|2021-08-03T00:00:00|hospital_C|hospital_C_20210802
SYN_BENE_435F4F2BD13D|SYN_CLM_215FD4DEC01F|V|60|02-Aug-2021|02-Aug-2021|06-Aug-2021||3|377673|1|1|1|| |1904.09|0.0| ||37|1306950993| |9999907899| |9999907899|||0|1| |1904.09|02-Aug-2021|1|2|A|10|0.0|380.84|0|4|0.0|0.0|0|0|0|0|0|0|0|0|0|0|0|0|0|||||02-Aug-2021|951.0|0|0||Z733|Z733|N|Z604|Y|T7431X|N|N1830|Y|E1129|N|N182|Y|R801|Y|Z653|Y|I4891|Y|N181|Y|E1121|Y|E11319|Y|D4959|Y|D075|Y|E781|Y|E119|Y|E8881|Y|I10|Y|Z954|N|I350|Y|R931|Y|I259|Y|E785|Y|E669|Y|G4733|N|||| | | | | | | | | | | | | | | | | | | | | | |GZ3|02-Aug-2021|G4730|02-Aug-2021|Z741|02-Aug-2021|F419|02-Aug-2021|Z9181|02-Aug-2021|Z139|02-Aug-2021|Z1331|02-Aug-2021|Z1331|02-Aug-2021|F1990|02-Aug-2021|F109|02-Aug-2021|||||||||||||||||||||||||||||||0|0||7|450|G0444|3.0|2021-08-03T00:00:00|hospital_C|hospital_C_20210802
SYN_BENE_435F4F2BD13D|SYN_CLM_215FD4DEC01F|V|60|02-Aug-2021|02-Aug-2021|06-Aug-2021||3|377673|1|1|1|| |1904.09|0.0| ||37|1306950993| |9999907899| |9999907899|||0|1| |1904.09|02-Aug-2021|1|2|A|10|0.0|380.84|0|4|0.0|0.0|0|0|0|0|0|0|0|0|0|0|0|0|0|||||02-Aug-2021|951.0|0|0||Z733|Z733|N|Z604|Y|T7431X|N|N1830|Y|E1129|N|N182|Y|R801|Y|Z653|Y|I4891|Y|N181|Y|E1121|Y|E11319|Y|D4959|Y|D075|Y|E781|Y|E119|Y|E8881|Y|I10|Y|Z954|N|I350|Y|R931|Y|I259|Y|E785|Y|E669|Y|G4733|N|||| | | | | | | | | | | | | | | | | | | | | | |GZ3|02-Aug-2021|G4730|02-Aug-2021|Z741|02-Aug-2021|F419|02-Aug-2021|Z9181|02-Aug-2021|Z139|02-Aug-2021|Z1331|02-Aug-2021|Z1331|02-Aug-2021|F1990|02-Aug-2021|F109|02-Aug-2021|||||||||||||||||||||||||||||||0|0||8|450|G0444|3.0|2021-08-03T00:00:00|hospital_C|hospital_C_20210802
SYN_BENE_435F4F2BD13D|SYN_CLM_215FD4DEC01F|V|60|02-Aug-2021|02-Aug-2021|06-Aug-2021||3|377673|1|1|1|| |1904.09|0.0| ||37|1306950993| |9999907899| |9999907899|||0|1| |1904.09|02-Aug-2021|1|2|A|10|0.0|380.84|0|4|0.0|0.0|0|0|0|0|0|0|0|0|0|0|0|0|0|||||02-Aug-2021|951.0|0|0||Z733|Z733|N|Z604|Y|T7431X|N|N1830|Y|E1129|N|N182|Y|R801|Y|Z653|Y|I4891|Y|N181|Y|E1121|Y|E11319|Y|D4959|Y|D075|Y|E781|Y|E119|Y|E8881|Y|I10|Y|Z954|N|I350|Y|R931|Y|I259|Y|E785|Y|E669|Y|G4733|N|||| | | | | | | | | | | | | | | | | | | | | | |GZ3|02-Aug-2021|G4730|02-Aug-2021|Z741|02-Aug-2021|F419|02-Aug-2021|Z9181|02-Aug-2021|Z139|02-Aug-2021|Z1331|02-Aug-2021|Z1331|02-Aug-2021|F1990|02-Aug-2021|F109|02-Aug-2021|||||||||||||||||||||||||||||||0|0||9|450|99408|3.0|2021-08-03T00:00:00|hospital_C|hospital_C_20210802
SYN_BENE_435F4F2BD13D|SYN_CLM_215FD4DEC01F|V|60|02-Aug-2021|02-Aug-2021|06-Aug-2021||3|377673|1|1|1|| |1904.09|0.0| ||37|1306950993| |9999907899| |9999907899|||0|1| |1904.09|02-Aug-2021|1|2|A|10|0.0|380.84|0|4|0.0|0.0|0|0|0|0|0|0|0|0|0|0|0|0|0|||||02-Aug-2021|951.0|0|0||Z733|Z733|N|Z604|Y|T7431X|N|N1830|Y|E1129|N|N182|Y|R801|Y|Z653|Y|I4891|Y|N181|Y|E1121|Y|E11319|Y|D4959|Y|D075|Y|E781|Y|E119|Y|E8881|Y|I10|Y|Z954|N|I350|Y|R931|Y|I259|Y|E785|Y|E669|Y|G4733|N|||| | | | | | | | | | | | | | | | | | | | | | |GZ3|02-Aug-2021|G4730|02-Aug-2021|Z741|02-Aug-2021|F419|02-Aug-2021|Z9181|02-Aug-2021|Z139|02-Aug-2021|Z1331|02-Aug-2021|Z1331|02-Aug-2021|F1990|02-Aug-2021|F109|02-Aug-2021|||||||||||||||||||||||||||||||0|0||10|450|G0442|3.0|2021-08-03T00:00:00|hospital_C|hospital_C_20210802
SYN_BENE_1D4DD93AAE4C|SYN_CLM_DC81939F1D8A|V|60|02-Aug-2021|02-Aug-2021|06-Aug-2021||3|377673|1|1|1|| |1904.09|0.0| ||37|1306950993| |9999907899| |9999907899|||0|1| |1904.09|02-Aug-2021|1|2|A|10|0.0|380.84|0|4|0.0|0.0|0|0|0|0|0|0|0|0|0|0|0|0|0|||||02-Aug-2021|951.0|0|0||Z733|Z733|N|Z604|Y|T7431X|N|N1830|Y|E1129|N|N182|Y|R801|Y|Z653|Y|I4891|Y|N181|Y|E1121|Y|E11319|Y|D4959|Y|D075|Y|E781|Y|E119|Y|E8881|Y|I10|Y|Z954|N|I350|Y|R931|Y|I259|Y|E785|Y|E669|Y|G4733|N|||| | | | | | | | | | | | | | | | | | | | | | |GZ3|02-Aug-2021|G4730|02-Aug-2021|Z741|02-Aug-2021|F419|02-Aug-2021|Z9181|02-Aug-2021|Z139|02-Aug-2021|Z1331|02-Aug-2021|Z1331|02-Aug-2021|F1990|02-Aug-2021|F109|02-Aug-2021|||||||||||||||||||||||||||||||0|0||1|450|99495|3.0|2021-08-03T00:00:00|hospital_C|hospital_C_20210802
SYN_BENE_1D4DD93AAE4C|SYN_CLM_DC81939F1D8A|V|60|02-Aug-2021|02-Aug-2021|06-Aug-2021||3|377673|1|1|1|| |1904.09|0.0| ||37|1306950993| |9999907899| |9999907899|||0|1| |1904.09|02-Aug-2021|1|2|A|10|0.0|380.84|0|4|0.0|0.0|0|0|0|0|0|0|0|0|0|0|0|0|0|||||02-Aug-2021|951.0|0|0||Z733|Z733|N|Z604|Y|T7431X|N|N1830|Y|E1129|N|N182|Y|R801|Y|Z653|Y|I4891|Y|N181|Y|E1121|Y|E11319|Y|D4959|Y|D075|Y|E781|Y|E119|Y|E8881|Y|I10|Y|Z954|N|I350|Y|R931|Y|I259|Y|E785|Y|E669|Y|G4733|N|||| | | | | | | | | | | | | | | | | | | | | | |GZ3|02-Aug-2021|G4730|02-Aug-2021|Z741|02-Aug-2021|F419|02-Aug-2021|Z9181|02-Aug-2021|Z139|02-Aug-2021|Z1331|02-Aug-2021|Z1331|02-Aug-2021|F1990|02-Aug-2021|F109|02-Aug-2021|||||||||||||||||||||||||||||||0|0||2|450|G8839|3.0|2021-08-03T00:00:00|hospital_C|hospital_C_20210802
SYN_BENE_1D4DD93AAE4C|SYN_CLM_DC81939F1D8A|V|60|02-Aug-2021|02-Aug-2021|06-Aug-2021||3|377673|1|1|1|| |1904.09|0.0| ||37|1306950993| |9999907899| |9999907899|||0|1| |1904.09|02-Aug-2021|1|2|A|10|0.0|380.84|0|4|0.0|0.0|0|0|0|0|0|0|0|0|0|0|0|0|0|||||02-Aug-2021|951.0|0|0||Z733|Z733|N|Z604|Y|T7431X|N|N1830|Y|E1129|N|N182|Y|R801|Y|Z653|Y|I4891|Y|N181|Y|E1121|Y|E11319|Y|D4959|Y|D075|Y|E781|Y|E119|Y|E8881|Y|I10|Y|Z954|N|I350|Y|R931|Y|I259|Y|E785|Y|E669|Y|G4733|N|||| | | | | | | | | | | | | | | | | | | | | | |GZ3|02-Aug-2021|G4730|02-Aug-2021|Z741|02-Aug-2021|F419|02-Aug-2021|Z9181|02-Aug-2021|Z139|02-Aug-2021|Z1331|02-Aug-2021|Z1331|02-Aug-2021|F1990|02-Aug-2021|F109|02-Aug-2021|||||||||||||||||||||||||||||||0|0||3|450|96156|3.0|2021-08-03T00:00:00|hospital_C|hospital_C_20210802
SYN_BENE_1D4DD93AAE4C|SYN_CLM_DC81939F1D8A|V|60|02-Aug-2021|02-Aug-2021|06-Aug-2021||3|377673|1|1|1|| |1904.09|0.0| ||37|1306950993| |9999907899| |9999907899|||0|1| |1904.09|02-Aug-2021|1|2|A|10|0.0|380.84|0|4|0.0|0.0|0|0|0|0|0|0|0|0|0|0|0|0|0|||||02-Aug-2021|951.0|0|0||Z733|Z733|N|Z604|Y|T7431X|N|N1830|Y|E1129|N|N182|Y|R801|Y|Z653|Y|I4891|Y|N181|Y|E1121|Y|E11319|Y|D4959|Y|D075|Y|E781|Y|E119|Y|E8881|Y|I10|Y|Z954|N|I350|Y|R931|Y|I259|Y|E785|Y|E669|Y|G4733|N|||| | | | | | | | | | | | | | | | | | | | | | |GZ3|02-Aug-2021|G4730|02-Aug-2021|Z741|02-Aug-2021|F419|02-Aug-2021|Z9181|02-Aug-2021|Z139|02-Aug-2021|Z1331|02-Aug-2021|Z1331|02-Aug-2021|F1990|02-Aug-2021|F109|02-Aug-2021|||||||||||||||||||||||||||||||0|0||4|450|96127|3.0|2021-08-03T00:00:00|hospital_C|hospital_C_20210802
SYN_BENE_1D4DD93AAE4C|SYN_CLM_DC81939F1D8A|V|60|02-Aug-2021|02-Aug-2021|06-Aug-2021||3|377673|1|1|1|| |1904.09|0.0| ||37|1306950993| |9999907899| |9999907899|||0|1| |1904.09|02-Aug-2021|1|2|A|10|0.0|380.84|0|4|0.0|0.0|0|0|0|0|0|0|0|0|0|0|0|0|0|||||02-Aug-2021|951.0|0|0||Z733|Z733|N|Z604|Y|T7431X|N|N1830|Y|E1129|N|N182|Y|R801|Y|Z653|Y|I4891|Y|N181|Y|E1121|Y|E11319|Y|D4959|Y|D075|Y|E781|Y|E119|Y|E8881|Y|I10|Y|Z954|N|I350|Y|R931|Y|I259|Y|E785|Y|E669|Y|G4733|N|||| | | | | | | | | | | | | | | | | | | | | | |GZ3|02-Aug-2021|G4730|02-Aug-2021|Z741|02-Aug-2021|F419|02-Aug-2021|Z9181|02-Aug-2021|Z139|02-Aug-2021|Z1331|02-Aug-2021|Z1331|02-Aug-2021|F1990|02-Aug-2021|F109|02-Aug-2021|||||||||||||||||||||||||||||||0|0||5|450|M1069|3.0|2021-08-03T00:00:00|hospital_C|hospital_C_20210802
SYN_BENE_1D4DD93AAE4C|SYN_CLM_DC81939F1D8A|V|60|02-Aug-2021|02-Aug-2021|06-Aug-2021||3|377673|1|1|1|| |1904.09|0.0| ||37|1306950993| |9999907899| |9999907899|||0|1| |1904.09|02-Aug-2021|1|2|A|10|0.0|380.84|0|4|0.0|0.0|0|0|0|0|0|0|0|0|0|0|0|0|0|||||02-Aug-2021|951.0|0|0||Z733|Z733|N|Z604|Y|T7431X|N|N1830|Y|E1129|N|N182|Y|R801|Y|Z653|Y|I4891|Y|N181|Y|E1121|Y|E11319|Y|D4959|Y|D075|Y|E781|Y|E119|Y|E8881|Y|I10|Y|Z954|N|I350|Y|R931|Y|I259|Y|E785|Y|E669|Y|G4733|N|||| | | | | | | | | | | | | | | | | | | | | | |GZ3|02-Aug-2021|G4730|02-Aug-2021|Z741|02-Aug-2021|F419|02-Aug-2021|Z9181|02-Aug-2021|Z139|02-Aug-2021|Z1331|02-Aug-2021|Z1331|02-Aug-2021|F1990|02-Aug-2021|F109|02-Aug-2021|||||||||||||||||||||||||||||||0|0||6|450|99401|3.0|2021-08-03T00:00:00|hospital_C|hospital_C_20210802
SYN_BENE_1D4DD93AAE4C|SYN_CLM_DC81939F1D8A|V|60|02-Aug-2021|02-Aug-2021|06-Aug-2021||3|377673|1|1|1|| |1904.09|0.0| ||37|1306950993| |9999907899| |9999907899|||0|1| |1904.09|02-Aug-2021|1|2|A|10|0.0|380.84|0|4|0.0|0.0|0|0|0|0|0|0|0|0|0|0|0|0|0|||||02-Aug-2021|951.0|0|0||Z733|Z733|N|Z604|Y|T7431X|N|N1830|Y|E1129|N|N182|Y|R801|Y|Z653|Y|I4891|Y|N181|Y|E1121|Y|E11319|Y|D4959|Y|D075|Y|E781|Y|E119|Y|E8881|Y|I10|Y|Z954|N|I350|Y|R931|Y|I259|Y|E785|Y|E669|Y|G4733|N|||| | | | | | | | | | | | | | | | | | | | | | |GZ3|02-Aug-2021|G4730|02-Aug-2021|Z741|02-Aug-2021|F419|02-Aug-2021|Z9181|02-Aug-2021|Z139|02-Aug-2021|Z1331|02-Aug-2021|Z1331|02-Aug-2021|F1990|02-Aug-2021|F109|02-Aug-2021|||||||||||||||||||||||||||||||0|0||7|450|G0444|3.0|2021-08-03T00:00:00|hospital_C|hospital_C_20210802
SYN_BENE_1D4DD93AAE4C|SYN_CLM_DC81939F1D8A|V|60|02-Aug-2021|02-Aug-2021|06-Aug-2021||3|377673|1|1|1|| |1904.09|0.0| ||37|1306950993| |9999907899| |9999907899|||0|1| |1904.09|02-Aug-2021|1|2|A|10|0.0|380.84|0|4|0.0|0.0|0|0|0|0|0|0|0|0|0|0|0|0|0|||||02-Aug-2021|951.0|0|0||Z733|Z733|N|Z604|Y|T7431X|N|N1830|Y|E1129|N|N182|Y|R801|Y|Z653|Y|I4891|Y|N181|Y|E1121|Y|E11319|Y|D4959|Y|D075|Y|E781|Y|E119|Y|E8881|Y|I10|Y|Z954|N|I350|Y|R931|Y|I259|Y|E785|Y|E669|Y|G4733|N|||| | | | | | | | | | | | | | | | | | | | | | |GZ3|02-Aug-2021|G4730|02-Aug-2021|Z741|02-Aug-2021|F419|02-Aug-2021|Z9181|02-Aug-2021|Z139|02-Aug-2021|Z1331|02-Aug-2021|Z1331|02-Aug-2021|F1990|02-Aug-2021|F109|02-Aug-2021|||||||||||||||||||||||||||||||0|0||8|450|G0444|3.0|2021-08-03T00:00:00|hospital_C|hospital_C_20210802
SYN_BENE_1D4DD93AAE4C|SYN_CLM_DC81939F1D8A|V|60|02-Aug-2021|02-Aug-2021|06-Aug-2021||3|377673|1|1|1|| |1904.09|0.0| ||37|1306950993| |9999907899| |9999907899|||0|1| |1904.09|02-Aug-2021|1|2|A|10|0.0|380.84|0|4|0.0|0.0|0|0|0|0|0|0|0|0|0|0|0|0|0|||||02-Aug-2021|951.0|0|0||Z733|Z733|N|Z604|Y|T7431X|N|N1830|Y|E1129|N|N182|Y|R801|Y|Z653|Y|I4891|Y|N181|Y|E1121|Y|E11319|Y|D4959|Y|D075|Y|E781|Y|E119|Y|E8881|Y|I10|Y|Z954|N|I350|Y|R931|Y|I259|Y|E785|Y|E669|Y|G4733|N|||| | | | | | | | | | | | | | | | | | | | | | |GZ3|02-Aug-2021|G4730|02-Aug-2021|Z741|02-Aug-2021|F419|02-Aug-2021|Z9181|02-Aug-2021|Z139|02-Aug-2021|Z1331|02-Aug-2021|Z1331|02-Aug-2021|F1990|02-Aug-2021|F109|02-Aug-2021|||||||||||||||||||||||||||||||0|0||9|450|99408|3.0|2021-08-03T00:00:00|hospital_C|hospital_C_20210802
SYN_BENE_1D4DD93AAE4C|SYN_CLM_DC81939F1D8A|V|60|02-Aug-2021|02-Aug-2021|06-Aug-2021||3|377673|1|1|1|| |1904.09|0.0| ||37|1306950993| |9999907899| |9999907899|||0|1| |1904.09|02-Aug-2021|1|2|A|10|0.0|380.84|0|4|0.0|0.0|0|0|0|0|0|0|0|0|0|0|0|0|0|||||02-Aug-2021|951.0|0|0||Z733|Z733|N|Z604|Y|T7431X|N|N1830|Y|E1129|N|N182|Y|R801|Y|Z653|Y|I4891|Y|N181|Y|E1121|Y|E11319|Y|D4959|Y|D075|Y|E781|Y|E119|Y|E8881|Y|I10|Y|Z954|N|I350|Y|R931|Y|I259|Y|E785|Y|E669|Y|G4733|N|||| | | | | | | | | | | | | | | | | | | | | | |GZ3|02-Aug-2021|G4730|02-Aug-2021|Z741|02-Aug-2021|F419|02-Aug-2021|Z9181|02-Aug-2021|Z139|02-Aug-2021|Z1331|02-Aug-2021|Z1331|02-Aug-2021|F1990|02-Aug-2021|F109|02-Aug-2021|||||||||||||||||||||||||||||||0|0||10|450|G0442|3.0|2021-08-03T00:00:00|hospital_C|hospital_C_20210802
