BENE_ID|CLM_ID|NCH_NEAR_LINE_REC_IDENT_CD|NCH_CLM_TYPE_CD|CLM_FROM_DT|CLM_THRU_DT|NCH_WKLY_PROC_DT|FI_CLM_PROC_DT|CLAIM_QUERY_CODE|PRVDR_NUM|CLM_FAC_TYPE_CD|CLM_SRVC_CLSFCTN_TYPE_CD|CLM_FREQ_CD|FI_NUM|CLM_MDCR_NON_PMT_RSN_CD|CLM_PMT_AMT|NCH_PRMRY_PYR_CLM_PD_AMT|NCH_PRMRY_PYR_CD|FI_CLM_ACTN_CD|PRVDR_STATE_CD|ORG_NPI_NUM|AT_PHYSN_UPIN|AT_PHYSN_NPI|OP_PHYSN_UPIN|OP_PHYSN_NPI|OT_PHYSN_UPIN|OT_PHYSN_NPI|CLM_MCO_PD_SW|PTNT_DSCHRG_STUS_CD|CLM_PPS_IND_CD|CLM_TOT_CHRG_AMT|CLM_ADMSN_DT|CLM_IP_ADMSN_TYPE_CD|CLM_SRC_IP_ADMSN_CD|NCH_PTNT_STATUS_IND_CD|CLM_PASS_THRU_PER_DIEM_AMT|NCH_BENE_IP_DDCTBL_AMT|NCH_BENE_PTA_COINSRNC_LBLTY_AM|NCH_BENE_BLOOD_DDCTBL_LBLTY_AM|NCH_PROFNL_CMPNT_CHRG_AMT|NCH_IP_NCVRD_CHRG_AMT|NCH_IP_TOT_DDCTN_AMT|CLM_TOT_PPS_CPTL_AMT|CLM_PPS_CPTL_FSP_AMT|CLM_PPS_CPTL_OUTLIER_AMT|CLM_PPS_CPTL_DSPRPRTNT_SHR_AMT|CLM_PPS_CPTL_IME_AMT|CLM_PPS_CPTL_EXCPTN_AMT|CLM_PPS_OLD_CPTL_HLD_HRMLS_AMT|CLM_PPS_CPTL_DRG_WT_NUM|CLM_UTLZTN_DAY_CNT|BENE_TOT_COINSRNC_DAYS_CNT|BENE_LRD_USED_CNT|CLM_NON_UTLZTN_DAYS_CNT|NCH_BLOOD_PNTS_FRNSHD_QTY|NCH_VRFD_NCVRD_STAY_FROM_DT|NCH_VRFD_NCVRD_STAY_THRU_DT|NCH_ACTV_OR_CVRD_LVL_CARE_THRU|NCH_BENE_MDCR_BNFTS_EXHTD_DT_I|NCH_BENE_DSCHRG_DT|CLM_DRG_CD|CLM_DRG_OUTLIER_STAY_CD|NCH_DRG_OUTLIER_APRVD_PMT_AMT|ADMTG_DGNS_CD|PRNCPAL_DGNS_CD|ICD_DGNS_CD1|CLM_POA_IND_SW1|ICD_DGNS_CD2|CLM_POA_IND_SW2|ICD_DGNS_CD3|CLM_POA_IND_SW3|ICD_DGNS_CD4|CLM_POA_IND_SW4|ICD_DGNS_CD5|CLM_POA_IND_SW5|ICD_DGNS_CD6|CLM_POA_IND_SW6|ICD_DGNS_CD7|CLM_POA_IND_SW7|ICD_DGNS_CD8|CLM_POA_IND_SW8|ICD_DGNS_CD9|CLM_POA_IND_SW9|ICD_DGNS_CD10|CLM_POA_IND_SW10|ICD_DGNS_CD11|CLM_POA_IND_SW11|ICD_DGNS_CD12|CLM_POA_IND_SW12|ICD_DGNS_CD13|CLM_POA_IND_SW13|ICD_DGNS_CD14|CLM_POA_IND_SW14|ICD_DGNS_CD15|CLM_POA_IND_SW15|ICD_DGNS_CD16|CLM_POA_IND_SW16|ICD_DGNS_CD17|CLM_POA_IND_SW17|ICD_DGNS_CD18|CLM_POA_IND_SW18|ICD_DGNS_CD19|CLM_POA_IND_SW19|ICD_DGNS_CD20|CLM_POA_IND_SW20|ICD_DGNS_CD21|CLM_POA_IND_SW21|ICD_DGNS_CD22|CLM_POA_IND_SW22|ICD_DGNS_CD23|CLM_POA_IND_SW23|ICD_DGNS_CD24|CLM_POA_IND_SW24|ICD_DGNS_CD25|CLM_POA_IND_SW25|FST_DGNS_E_CD|ICD_DGNS_E_CD1|CLM_E_POA_IND_SW1|ICD_DGNS_E_CD2|CLM_E_POA_IND_SW2|ICD_DGNS_E_CD3|CLM_E_POA_IND_SW3|ICD_DGNS_E_CD4|CLM_E_POA_IND_SW4|ICD_DGNS_E_CD5|CLM_E_POA_IND_SW5|ICD_DGNS_E_CD6|CLM_E_POA_IND_SW6|ICD_DGNS_E_CD7|CLM_E_POA_IND_SW7|ICD_DGNS_E_CD8|CLM_E_POA_IND_SW8|ICD_DGNS_E_CD9|CLM_E_POA_IND_SW9|ICD_DGNS_E_CD10|CLM_E_POA_IND_SW10|ICD_DGNS_E_CD11|CLM_E_POA_IND_SW11|ICD_DGNS_E_CD12|CLM_E_POA_IND_SW12|ICD_PRCDR_CD1|PRCDR_DT1|ICD_PRCDR_CD2|PRCDR_DT2|ICD_PRCDR_CD3|PRCDR_DT3|ICD_PRCDR_CD4|PRCDR_DT4|ICD_PRCDR_CD5|PRCDR_DT5|ICD_PRCDR_CD6|PRCDR_DT6|ICD_PRCDR_CD7|PRCDR_DT7|ICD_PRCDR_CD8|PRCDR_DT8|ICD_PRCDR_CD9|PRCDR_DT9|ICD_PRCDR_CD10|PRCDR_DT10|ICD_PRCDR_CD11|PRCDR_DT11|ICD_PRCDR_CD12|PRCDR_DT12|ICD_PRCDR_CD13|PRCDR_DT13|ICD_PRCDR_CD14|PRCDR_DT14|ICD_PRCDR_CD15|PRCDR_DT15|ICD_PRCDR_CD16|PRCDR_DT16|ICD_PRCDR_CD17|PRCDR_DT17|ICD_PRCDR_CD18|PRCDR_DT18|ICD_PRCDR_CD19|PRCDR_DT19|ICD_PRCDR_CD20|PRCDR_DT20|ICD_PRCDR_CD21|PRCDR_DT21|ICD_PRCDR_CD22|PRCDR_DT22|ICD_PRCDR_CD23|PRCDR_DT23|ICD_PRCDR_CD24|PRCDR_DT24|ICD_PRCDR_CD25|PRCDR_DT25|IME_OP_CLM_VAL_AMT|DSH_OP_CLM_VAL_AMT|CLM_UNCOMPD_CARE_PMT_AMT|CLM_LINE_NUM|REV_CNTR|HCPCS_CD|REV_CNTR_DDCTBL_COINSRNC_CD|ingestion_timestamp|hospital_id|batch_id
-10000010275202|-10000930958203|V|60|01-Oct-2018|01-Oct-2018|05-Oct-2018||3|377673|1|1|1|| |1034.08|0.0| ||37|1306950993| |9999907899| |9999907899|||0|1| |1034.08|01-Oct-2018|1|2|A|10|0.0|206.84|0|4|0.0|0.0|0|0|0|0|0|0|0|0|0|0|0|0|0|||||01-Oct-2018|923.0|0|0||T7432X|T7432X|N|N1830|Y|E1129|Y|N182|N|R809|N|Z653|Y|I4891|Y|E1122|Y|E1121|Y|E11319|Y|D4959|Y|D075|Y|E781|Y|E119|Y|E8881|Y|P292|N|Z952|N|I350|Y|R931|Y|I259|Y|E785|Y|E669|Y|P2832|N|G479|Y|Z591|Y|W50|Y07|U| | | | | | | | | | | | | | | | | | | | | | |Z741|01-Oct-2018|Z9181|01-Oct-2018|Z139|01-Oct-2018|Z1331|01-Oct-2018|Z1331|01-Oct-2018|||||||||||||||||||||||||||||||||||||||||0|0||1|450|96156|3.0|2018-10-02T00:00:00|hospital_C|hospital_C_20181001
-10000010275202|-10000930958203|V|60|01-Oct-2018|01-Oct-2018|05-Oct-2018||3|377673|1|1|1|| |1034.08|0.0| ||37|1306950993| |9999907899| |9999907899|||0|1| |1034.08|01-Oct-2018|1|2|A|10|0.0|206.84|0|4|0.0|0.0|0|0|0|0|0|0|0|0|0|0|0|0|0|||||01-Oct-2018|923.0|0|0||T7432X|T7432X|N|N1830|Y|E1129|Y|N182|N|R809|N|Z653|Y|I4891|Y|E1122|Y|E1121|Y|E11319|Y|D4959|Y|D075|Y|E781|Y|E119|Y|E8881|Y|P292|N|Z952|N|I350|Y|R931|Y|I259|Y|E785|Y|E669|Y|P2832|N|G479|Y|Z591|Y|W50|Y07|U| | | | | | | | | | | | | | | | | | | | | | |Z741|01-Oct-2018|Z9181|01-Oct-2018|Z139|01-Oct-2018|Z1331|01-Oct-2018|Z1331|01-Oct-2018|||||||||||||||||||||||||||||||||||||||||0|0||2|450|M1069|3.0|2018-10-02T00:00:00|hospital_C|hospital_C_20181001
-10000010275202|-10000930958203|V|60|01-Oct-2018|01-Oct-2018|05-Oct-2018||3|377673|1|1|1|| |1034.08|0.0| ||37|1306950993| |9999907899| |9999907899|||0|1| |1034.08|01-Oct-2018|1|2|A|10|0.0|206.84|0|4|0.0|0.0|0|0|0|0|0|0|0|0|0|0|0|0|0|||||01-Oct-2018|923.0|0|0||T7432X|T7432X|N|N1830|Y|E1129|Y|N182|N|R809|N|Z653|Y|I4891|Y|E1122|Y|E1121|Y|E11319|Y|D4959|Y|D075|Y|E781|Y|E119|Y|E8881|Y|P292|N|Z952|N|I350|Y|R931|Y|I259|Y|E785|Y|E669|Y|P2832|N|G479|Y|Z591|Y|W50|Y07|U| | | | | | | | | | | | | | | | | | | | | | |Z741|01-Oct-2018|Z9181|01-Oct-2018|Z139|01-Oct-2018|Z1331|01-Oct-2018|Z1331|01-Oct-2018|||||||||||||||||||||||||||||||||||||||||0|0||3|450|99401|3.0|2018-10-02T00:00:00|hospital_C|hospital_C_20181001
-10000010275202|-10000930958203|V|60|01-Oct-2018|01-Oct-2018|05-Oct-2018||3|377673|1|1|1|| |1034.08|0.0| ||37|1306950993| |9999907899| |9999907899|||0|1| |1034.08|01-Oct-2018|1|2|A|10|0.0|206.84|0|4|0.0|0.0|0|0|0|0|0|0|0|0|0|0|0|0|0|||||01-Oct-2018|923.0|0|0||T7432X|T7432X|N|N1830|Y|E1129|Y|N182|N|R809|N|Z653|Y|I4891|Y|E1122|Y|E1121|Y|E11319|Y|D4959|Y|D075|Y|E781|Y|E119|Y|E8881|Y|P292|N|Z952|N|I350|Y|R931|Y|I259|Y|E785|Y|E669|Y|P2832|N|G479|Y|Z591|Y|W50|Y07|U| | | | | | | | | | | | | | | | | | | | | | |Z741|01-Oct-2018|Z9181|01-Oct-2018|Z139|01-Oct-2018|Z1331|01-Oct-2018|Z1331|01-Oct-2018|||||||||||||||||||||||||||||||||||||||||0|0||4|450|G0444|3.0|2018-10-02T00:00:00|hospital_C|hospital_C_20181001
-10000010275202|-10000930958203|V|60|01-Oct-2018|01-Oct-2018|05-Oct-2018||3|377673|1|1|1|| |1034.08|0.0| ||37|1306950993| |9999907899| |9999907899|||0|1| |1034.08|01-Oct-2018|1|2|A|10|0.0|206.84|0|4|0.0|0.0|0|0|0|0|0|0|0|0|0|0|0|0|0|||||01-Oct-2018|923.0|0|0||T7432X|T7432X|N|N1830|Y|E1129|Y|N182|N|R809|N|Z653|Y|I4891|Y|E1122|Y|E1121|Y|E11319|Y|D4959|Y|D075|Y|E781|Y|E119|Y|E8881|Y|P292|N|Z952|N|I350|Y|R931|Y|I259|Y|E785|Y|E669|Y|P2832|N|G479|Y|Z591|Y|W50|Y07|U| | | | | | | | | | | | | | | | | | | | | | |Z741|01-Oct-2018|Z9181|01-Oct-2018|Z139|01-Oct-2018|Z1331|01-Oct-2018|Z1331|01-Oct-2018|||||||||||||||||||||||||||||||||||||||||0|0||5|450|G0444|3.0|2018-10-02T00:00:00|hospital_C|hospital_C_20181001
SYN_BENE_BEC7F9B88F5F|SYN_CLM_AC60A90697C2|V|60|01-Oct-2018|01-Oct-2018|05-Oct-2018||3|377673|1|1|1|| |1034.08|0.0| ||37|1306950993| |9999907899| |9999907899|||0|1| |1034.08|01-Oct-2018|1|2|A|10|0.0|206.84|0|4|0.0|0.0|0|0|0|0|0|0|0|0|0|0|0|0|0|||||01-Oct-2018|923.0|0|0||T7432X|T7432X|N|N1830|Y|E1129|Y|N182|N|R809|N|Z653|Y|I4891|Y|E1122|Y|E1121|Y|E11319|Y|D4959|Y|D075|Y|E781|Y|E119|Y|E8881|Y|P292|N|Z952|N|I350|Y|R931|Y|I259|Y|E785|Y|E669|Y|P2832|N|G479|Y|Z591|Y|W50|Y07|U| | | | | | | | | | | | | | | | | | | | | | |Z741|01-Oct-2018|Z9181|01-Oct-2018|Z139|01-Oct-2018|Z1331|01-Oct-2018|Z1331|01-Oct-2018|||||||||||||||||||||||||||||||||||||||||0|0||1|450|96156|3.0|2018-10-02T00:00:00|hospital_C|hospital_C_20181001
SYN_BENE_BEC7F9B88F5F|SYN_CLM_AC60A90697C2|V|60|01-Oct-2018|01-Oct-2018|05-Oct-2018||3|377673|1|1|1|| |1034.08|0.0| ||37|1306950993| |9999907899| |9999907899|||0|1| |1034.08|01-Oct-2018|1|2|A|10|0.0|206.84|0|4|0.0|0.0|0|0|0|0|0|0|0|0|0|0|0|0|0|||||01-Oct-2018|923.0|0|0||T7432X|T7432X|N|N1830|Y|E1129|Y|N182|N|R809|N|Z653|Y|I4891|Y|E1122|Y|E1121|Y|E11319|Y|D4959|Y|D075|Y|E781|Y|E119|Y|E8881|Y|P292|N|Z952|N|I350|Y|R931|Y|I259|Y|E785|Y|E669|Y|P2832|N|G479|Y|Z591|Y|W50|Y07|U| | | | | | | | | | | | | | | | | | | | | | |Z741|01-Oct-2018|Z9181|01-Oct-2018|Z139|01-Oct-2018|Z1331|01-Oct-2018|Z1331|01-Oct-2018|||||||||||||||||||||||||||||||||||||||||0|0||2|450|M1069|3.0|2018-10-02T00:00:00|hospital_C|hospital_C_20181001
SYN_BENE_BEC7F9B88F5F|SYN_CLM_AC60A90697C2|V|60|01-Oct-2018|01-Oct-2018|05-Oct-2018||3|377673|1|1|1|| |1034.08|0.0| ||37|1306950993| |9999907899| |9999907899|||0|1| |1034.08|01-Oct-2018|1|2|A|10|0.0|206.84|0|4|0.0|0.0|0|0|0|0|0|0|0|0|0|0|0|0|0|||||01-Oct-2018|923.0|0|0||T7432X|T7432X|N|N1830|Y|E1129|Y|N182|N|R809|N|Z653|Y|I4891|Y|E1122|Y|E1121|Y|E11319|Y|D4959|Y|D075|Y|E781|Y|E119|Y|E8881|Y|P292|N|Z952|N|I350|Y|R931|Y|I259|Y|E785|Y|E669|Y|P2832|N|G479|Y|Z591|Y|W50|Y07|U| | | | | | | | | | | | | | | | | | | | | | |Z741|01-Oct-2018|Z9181|01-Oct-2018|Z139|01-Oct-2018|Z1331|01-Oct-2018|Z1331|01-Oct-2018|||||||||||||||||||||||||||||||||||||||||0|0||3|450|99401|3.0|2018-10-02T00:00:00|hospital_C|hospital_C_20181001
SYN_BENE_BEC7F9B88F5F|SYN_CLM_AC60A90697C2|V|60|01-Oct-2018|01-Oct-2018|05-Oct-2018||3|377673|1|1|1|| |1034.08|0.0| ||37|1306950993| |9999907899| |9999907899|||0|1| |1034.08|01-Oct-2018|1|2|A|10|0.0|206.84|0|4|0.0|0.0|0|0|0|0|0|0|0|0|0|0|0|0|0|||||01-Oct-2018|923.0|0|0||T7432X|T7432X|N|N1830|Y|E1129|Y|N182|N|R809|N|Z653|Y|I4891|Y|E1122|Y|E1121|Y|E11319|Y|D4959|Y|D075|Y|E781|Y|E119|Y|E8881|Y|P292|N|Z952|N|I350|Y|R931|Y|I259|Y|E785|Y|E669|Y|P2832|N|G479|Y|Z591|Y|W50|Y07|U| | | | | | | | | | | | | | | | | | | | | | |Z741|01-Oct-2018|Z9181|01-Oct-2018|Z139|01-Oct-2018|Z1331|01-Oct-2018|Z1331|01-Oct-2018|||||||||||||||||||||||||||||||||||||||||0|0||4|450|G0444|3.0|2018-10-02T00:00:00|hospital_C|hospital_C_20181001
SYN_BENE_BEC7F9B88F5F|SYN_CLM_AC60A90697C2|V|60|01-Oct-2018|01-Oct-2018|05-Oct-2018||3|377673|1|1|1|| |1034.08|0.0| ||37|1306950993| |9999907899| |9999907899|||0|1| |1034.08|01-Oct-2018|1|2|A|10|0.0|206.84|0|4|0.0|0.0|0|0|0|0|0|0|0|0|0|0|0|0|0|||||01-Oct-2018|923.0|0|0||T7432X|T7432X|N|N1830|Y|E1129|Y|N182|N|R809|N|Z653|Y|I4891|Y|E1122|Y|E1121|Y|E11319|Y|D4959|Y|D075|Y|E781|Y|E119|Y|E8881|Y|P292|N|Z952|N|I350|Y|R931|Y|I259|Y|E785|Y|E669|Y|P2832|N|G479|Y|Z591|Y|W50|Y07|U| | | | | | | | | | | | | | | | | | | | | | |Z741|01-Oct-2018|Z9181|01-Oct-2018|Z139|01-Oct-2018|Z1331|01-Oct-2018|Z1331|01-Oct-2018|||||||||||||||||||||||||||||||||||||||||0|0||5|450|G0444|3.0|2018-10-02T00:00:00|hospital_C|hospital_C_20181001
SYN_BENE_D8607D957B79|SYN_CLM_12B76000F5F9|V|60|01-Oct-2018|01-Oct-2018|05-Oct-2018||3|377673|1|1|1|| |1034.08|0.0| ||37|1306950993| |9999907899| |9999907899|||0|1| |1034.08|01-Oct-2018|1|2|A|10|0.0|206.84|0|4|0.0|0.0|0|0|0|0|0|0|0|0|0|0|0|0|0|||||01-Oct-2018|923.0|0|0||T7432X|T7432X|N|N1830|Y|E1129|Y|N182|N|R809|N|Z653|Y|I4891|Y|E1122|Y|E1121|Y|E11319|Y|D4959|Y|D075|Y|E781|Y|E119|Y|E8881|Y|P292|N|Z952|N|I350|Y|R931|Y|I259|Y|E785|Y|E669|Y|P2832|N|G479|Y|Z591|Y|W50|Y07|U| | | | | | | | | | | | | | | | | | | | | | |Z741|01-Oct-2018|Z9181|01-Oct-2018|Z139|01-Oct-2018|Z1331|01-Oct-2018|Z1331|01-Oct-2018|||||||||||||||||||||||||||||||||||||||||0|0||1|450|96156|3.0|2018-10-02T00:00:00|hospital_C|hospital_C_20181001
SYN_BENE_D8607D957B79|SYN_CLM_12B76000F5F9|V|60|01-Oct-2018|01-Oct-2018|05-Oct-2018||3|377673|1|1|1|| |1034.08|0.0| ||37|1306950993| |9999907899| |9999907899|||0|1| |1034.08|01-Oct-2018|1|2|A|10|0.0|206.84|0|4|0.0|0.0|0|0|0|0|0|0|0|0|0|0|0|0|0|||||01-Oct-2018|923.0|0|0||T7432X|T7432X|N|N1830|Y|E1129|Y|N182|N|R809|N|Z653|Y|I4891|Y|E1122|Y|E1121|Y|E11319|Y|D4959|Y|D075|Y|E781|Y|E119|Y|E8881|Y|P292|N|Z952|N|I350|Y|R931|Y|I259|Y|E785|Y|E669|Y|P2832|N|G479|Y|Z591|Y|W50|Y07|U| | | | | | | | | | | | | | | | | | | | | | |Z741|01-Oct-2018|Z9181|01-Oct-2018|Z139|01-Oct-2018|Z1331|01-Oct-2018|Z1331|01-Oct-2018|||||||||||||||||||||||||||||||||||||||||0|0||2|450|M1069|3.0|2018-10-02T00:00:00|hospital_C|hospital_C_20181001
SYN_BENE_D8607D957B79|SYN_CLM_12B76000F5F9|V|60|01-Oct-2018|01-Oct-2018|05-Oct-2018||3|377673|1|1|1|| |1034.08|0.0| ||37|1306950993| |9999907899| |9999907899|||0|1| |1034.08|01-Oct-2018|1|2|A|10|0.0|206.84|0|4|0.0|0.0|0|0|0|0|0|0|0|0|0|0|0|0|0|||||01-Oct-2018|923.0|0|0||T7432X|T7432X|N|N1830|Y|E1129|Y|N182|N|R809|N|Z653|Y|I4891|Y|E1122|Y|E1121|Y|E11319|Y|D4959|Y|D075|Y|E781|Y|E119|Y|E8881|Y|P292|N|Z952|N|I350|Y|R931|Y|I259|Y|E785|Y|E669|Y|P2832|N|G479|Y|Z591|Y|W50|Y07|U| | | | | | | | | | | | | | | | | | | | | | |Z741|01-Oct-2018|Z9181|01-Oct-2018|Z139|01-Oct-2018|Z1331|01-Oct-2018|Z1331|01-Oct-2018|||||||||||||||||||||||||||||||||||||||||0|0||3|450|99401|3.0|2018-10-02T00:00:00|hospital_C|hospital_C_20181001
SYN_BENE_D8607D957B79|SYN_CLM_12B76000F5F9|V|60|01-Oct-2018|01-Oct-2018|05-Oct-2018||3|377673|1|1|1|| |1034.08|0.0| ||37|1306950993| |9999907899| |9999907899|||0|1| |1034.08|01-Oct-2018|1|2|A|10|0.0|206.84|0|4|0.0|0.0|0|0|0|0|0|0|0|0|0|0|0|0|0|||||01-Oct-2018|923.0|0|0||T7432X|T7432X|N|N1830|Y|E1129|Y|N182|N|R809|N|Z653|Y|I4891|Y|E1122|Y|E1121|Y|E11319|Y|D4959|Y|D075|Y|E781|Y|E119|Y|E8881|Y|P292|N|Z952|N|I350|Y|R931|Y|I259|Y|E785|Y|E669|Y|P2832|N|G479|Y|Z591|Y|W50|Y07|U| | | | | | | | | | | | | | | | | | | | | | |Z741|01-Oct-2018|Z9181|01-Oct-2018|Z139|01-Oct-2018|Z1331|01-Oct-2018|Z1331|01-Oct-2018|||||||||||||||||||||||||||||||||||||||||0|0||4|450|G0444|3.0|2018-10-02T00:00:00|hospital_C|hospital_C_20181001
SYN_BENE_D8607D957B79|SYN_CLM_12B76000F5F9|V|60|01-Oct-2018|01-Oct-2018|05-Oct-2018||3|377673|1|1|1|| |1034.08|0.0| ||37|1306950993| |9999907899| |9999907899|||0|1| |1034.08|01-Oct-2018|1|2|A|10|0.0|206.84|0|4|0.0|0.0|0|0|0|0|0|0|0|0|0|0|0|0|0|||||01-Oct-2018|923.0|0|0||T7432X|T7432X|N|N1830|Y|E1129|Y|N182|N|R809|N|Z653|Y|I4891|Y|E1122|Y|E1121|Y|E11319|Y|D4959|Y|D075|Y|E781|Y|E119|Y|E8881|Y|P292|N|Z952|N|I350|Y|R931|Y|I259|Y|E785|Y|E669|Y|P2832|N|G479|Y|Z591|Y|W50|Y07|U| | | | | | | | | | | | | | | | | | | | | | |Z741|01-Oct-2018|Z9181|01-Oct-2018|Z139|01-Oct-2018|Z1331|01-Oct-2018|Z1331|01-Oct-2018|||||||||||||||||||||||||||||||||||||||||0|0||5|450|G0444|3.0|2018-10-02T00:00:00|hospital_C|hospital_C_20181001
SYN_BENE_ACA120552686|SYN_CLM_6B9B10296F33|V|60|01-Oct-2018|01-Oct-2018|05-Oct-2018||3|377673|1|1|1|| |1034.08|0.0| ||37|1306950993| |9999907899| |9999907899|||0|1| |1034.08|01-Oct-2018|1|2|A|10|0.0|206.84|0|4|0.0|0.0|0|0|0|0|0|0|0|0|0|0|0|0|0|||||01-Oct-2018|923.0|0|0||T7432X|T7432X|N|N1830|Y|E1129|Y|N182|N|R809|N|Z653|Y|I4891|Y|E1122|Y|E1121|Y|E11319|Y|D4959|Y|D075|Y|E781|Y|E119|Y|E8881|Y|P292|N|Z952|N|I350|Y|R931|Y|I259|Y|E785|Y|E669|Y|P2832|N|G479|Y|Z591|Y|W50|Y07|U| | | | | | | | | | | | | | | | | | | | | | |Z741|01-Oct-2018|Z9181|01-Oct-2018|Z139|01-Oct-2018|Z1331|01-Oct-2018|Z1331|01-Oct-2018|||||||||||||||||||||||||||||||||||||||||0|0||1|450|96156|3.0|2018-10-02T00:00:00|hospital_C|hospital_C_20181001
SYN_BENE_ACA120552686|SYN_CLM_6B9B10296F33|V|60|01-Oct-2018|01-Oct-2018|05-Oct-2018||3|377673|1|1|1|| |1034.08|0.0| ||37|1306950993| |9999907899| |9999907899|||0|1| |1034.08|01-Oct-2018|1|2|A|10|0.0|206.84|0|4|0.0|0.0|0|0|0|0|0|0|0|0|0|0|0|0|0|||||01-Oct-2018|923.0|0|0||T7432X|T7432X|N|N1830|Y|E1129|Y|N182|N|R809|N|Z653|Y|I4891|Y|E1122|Y|E1121|Y|E11319|Y|D4959|Y|D075|Y|E781|Y|E119|Y|E8881|Y|P292|N|Z952|N|I350|Y|R931|Y|I259|Y|E785|Y|E669|Y|P2832|N|G479|Y|Z591|Y|W50|Y07|U| | | | | | | | | | | | | | | | | | | | | | |Z741|01-Oct-2018|Z9181|01-Oct-2018|Z139|01-Oct-2018|Z1331|01-Oct-2018|Z1331|01-Oct-2018|||||||||||||||||||||||||||||||||||||||||0|0||2|450|M1069|3.0|2018-10-02T00:00:00|hospital_C|hospital_C_20181001
SYN_BENE_ACA120552686|SYN_CLM_6B9B10296F33|V|60|01-Oct-2018|01-Oct-2018|05-Oct-2018||3|377673|1|1|1|| |1034.08|0.0| ||37|1306950993| |9999907899| |9999907899|||0|1| |1034.08|01-Oct-2018|1|2|A|10|0.0|206.84|0|4|0.0|0.0|0|0|0|0|0|0|0|0|0|0|0|0|0|||||01-Oct-2018|923.0|0|0||T7432X|T7432X|N|N1830|Y|E1129|Y|N182|N|R809|N|Z653|Y|I4891|Y|E1122|Y|E1121|Y|E11319|Y|D4959|Y|D075|Y|E781|Y|E119|Y|E8881|Y|P292|N|Z952|N|I350|Y|R931|Y|I259|Y|E785|Y|E669|Y|P2832|N|G479|Y|Z591|Y|W50|Y07|U| | | | | | | | | | | | | | | | | | | | | | |Z741|01-Oct-2018|Z9181|01-Oct-2018|Z139|01-Oct-2018|Z1331|01-Oct-2018|Z1331|01-Oct-2018|||||||||||||||||||||||||||||||||||||||||0|0||3|450|99401|3.0|2018-10-02T00:00:00|hospital_C|hospital_C_20181001
SYN_BENE_ACA120552686|SYN_CLM_6B9B10296F33|V|60|01-Oct-2018|01-Oct-2018|05-Oct-2018||3|377673|1|1|1|| |1034.08|0.0| ||37|1306950993| |9999907899| |9999907899|||0|1| |1034.08|01-Oct-2018|1|2|A|10|0.0|206.84|0|4|0.0|0.0|0|0|0|0|0|0|0|0|0|0|0|0|0|||||01-Oct-2018|923.0|0|0||T7432X|T7432X|N|N1830|Y|E1129|Y|N182|N|R809|N|Z653|Y|I4891|Y|E1122|Y|E1121|Y|E11319|Y|D4959|Y|D075|Y|E781|Y|E119|Y|E8881|Y|P292|N|Z952|N|I350|Y|R931|Y|I259|Y|E785|Y|E669|Y|P2832|N|G479|Y|Z591|Y|W50|Y07|U| | | | | | | | | | | | | | | | | | | | | | |Z741|01-Oct-2018|Z9181|01-Oct-2018|Z139|01-Oct-2018|Z1331|01-Oct-2018|Z1331|01-Oct-2018|||||||||||||||||||||||||||||||||||||||||0|0||4|450|G0444|3.0|2018-10-02T00:00:00|hospital_C|hospital_C_20181001
SYN_BENE_ACA120552686|SYN_CLM_6B9B10296F33|V|60|01-Oct-2018|01-Oct-2018|05-Oct-2018||3|377673|1|1|1|| |1034.08|0.0| ||37|1306950993| |9999907899| |9999907899|||0|1| |1034.08|01-Oct-2018|1|2|A|10|0.0|206.84|0|4|0.0|0.0|0|0|0|0|0|0|0|0|0|0|0|0|0|||||01-Oct-2018|923.0|0|0||T7432X|T7432X|N|N1830|Y|E1129|Y|N182|N|R809|N|Z653|Y|I4891|Y|E1122|Y|E1121|Y|E11319|Y|D4959|Y|D075|Y|E781|Y|E119|Y|E8881|Y|P292|N|Z952|N|I350|Y|R931|Y|I259|Y|E785|Y|E669|Y|P2832|N|G479|Y|Z591|Y|W50|Y07|U| | | | | | | | | | | | | | | | | | | | | | |Z741|01-Oct-2018|Z9181|01-Oct-2018|Z139|01-Oct-2018|Z1331|01-Oct-2018|Z1331|01-Oct-2018|||||||||||||||||||||||||||||||||||||||||0|0||5|450|G0444|3.0|2018-10-02T00:00:00|hospital_C|hospital_C_20181001
SYN_BENE_B9B8D78DAB8B|SYN_CLM_FE8581364E2A|V|60|01-Oct-2018|01-Oct-2018|05-Oct-2018||3|377673|1|1|1|| |1034.08|0.0| ||37|1306950993| |9999907899| |9999907899|||0|1| |1034.08|01-Oct-2018|1|2|A|10|0.0|206.84|0|4|0.0|0.0|0|0|0|0|0|0|0|0|0|0|0|0|0|||||01-Oct-2018|923.0|0|0||T7432X|T7432X|N|N1830|Y|E1129|Y|N182|N|R809|N|Z653|Y|I4891|Y|E1122|Y|E1121|Y|E11319|Y|D4959|Y|D075|Y|E781|Y|E119|Y|E8881|Y|P292|N|Z952|N|I350|Y|R931|Y|I259|Y|E785|Y|E669|Y|P2832|N|G479|Y|Z591|Y|W50|Y07|U| | | | | | | | | | | | | | | | | | | | | | |Z741|01-Oct-2018|Z9181|01-Oct-2018|Z139|01-Oct-2018|Z1331|01-Oct-2018|Z1331|01-Oct-2018|||||||||||||||||||||||||||||||||||||||||0|0||1|450|96156|3.0|2018-10-02T00:00:00|hospital_C|hospital_C_20181001
SYN_BENE_B9B8D78DAB8B|SYN_CLM_FE8581364E2A|V|60|01-Oct-2018|01-Oct-2018|05-Oct-2018||3|377673|1|1|1|| |1034.08|0.0| ||37|1306950993| |9999907899| |9999907899|||0|1| |1034.08|01-Oct-2018|1|2|A|10|0.0|206.84|0|4|0.0|0.0|0|0|0|0|0|0|0|0|0|0|0|0|0|||||01-Oct-2018|923.0|0|0||T7432X|T7432X|N|N1830|Y|E1129|Y|N182|N|R809|N|Z653|Y|I4891|Y|E1122|Y|E1121|Y|E11319|Y|D4959|Y|D075|Y|E781|Y|E119|Y|E8881|Y|P292|N|Z952|N|I350|Y|R931|Y|I259|Y|E785|Y|E669|Y|P2832|N|G479|Y|Z591|Y|W50|Y07|U| | | | | | | | | | | | | | | | | | | | | | |Z741|01-Oct-2018|Z9181|01-Oct-2018|Z139|01-Oct-2018|Z1331|01-Oct-2018|Z1331|01-Oct-2018|||||||||||||||||||||||||||||||||||||||||0|0||2|450|M1069|3.0|2018-10-02T00:00:00|hospital_C|hospital_C_20181001
SYN_BENE_B9B8D78DAB8B|SYN_CLM_FE8581364E2A|V|60|01-Oct-2018|01-Oct-2018|05-Oct-2018||3|377673|1|1|1|| |1034.08|0.0| ||37|1306950993| |9999907899| |9999907899|||0|1| |1034.08|01-Oct-2018|1|2|A|10|0.0|206.84|0|4|0.0|0.0|0|0|0|0|0|0|0|0|0|0|0|0|0|||||01-Oct-2018|923.0|0|0||T7432X|T7432X|N|N1830|Y|E1129|Y|N182|N|R809|N|Z653|Y|I4891|Y|E1122|Y|E1121|Y|E11319|Y|D4959|Y|D075|Y|E781|Y|E119|Y|E8881|Y|P292|N|Z952|N|I350|Y|R931|Y|I259|Y|E785|Y|E669|Y|P2832|N|G479|Y|Z591|Y|W50|Y07|U| | | | | | | | | | | | | | | | | | | | | | |Z741|01-Oct-2018|Z9181|01-Oct-2018|Z139|01-Oct-2018|Z1331|01-Oct-2018|Z1331|01-Oct-2018|||||||||||||||||||||||||||||||||||||||||0|0||3|450|99401|3.0|2018-10-02T00:00:00|hospital_C|hospital_C_20181001
SYN_BENE_B9B8D78DAB8B|SYN_CLM_FE8581364E2A|V|60|01-Oct-2018|01-Oct-2018|05-Oct-2018||3|377673|1|1|1|| |1034.08|0.0| ||37|1306950993| |9999907899| |9999907899|||0|1| |1034.08|01-Oct-2018|1|2|A|10|0.0|206.84|0|4|0.0|0.0|0|0|0|0|0|0|0|0|0|0|0|0|0|||||01-Oct-2018|923.0|0|0||T7432X|T7432X|N|N1830|Y|E1129|Y|N182|N|R809|N|Z653|Y|I4891|Y|E1122|Y|E1121|Y|E11319|Y|D4959|Y|D075|Y|E781|Y|E119|Y|E8881|Y|P292|N|Z952|N|I350|Y|R931|Y|I259|Y|E785|Y|E669|Y|P2832|N|G479|Y|Z591|Y|W50|Y07|U| | | | | | | | | | | | | | | | | | | | | | |Z741|01-Oct-2018|Z9181|01-Oct-2018|Z139|01-Oct-2018|Z1331|01-Oct-2018|Z1331|01-Oct-2018|||||||||||||||||||||||||||||||||||||||||0|0||4|450|G0444|3.0|2018-10-02T00:00:00|hospital_C|hospital_C_20181001
SYN_BENE_B9B8D78DAB8B|SYN_CLM_FE8581364E2A|V|60|01-Oct-2018|01-Oct-2018|05-Oct-2018||3|377673|1|1|1|| |1034.08|0.0| ||37|1306950993| |9999907899| |9999907899|||0|1| |1034.08|01-Oct-2018|1|2|A|10|0.0|206.84|0|4|0.0|0.0|0|0|0|0|0|0|0|0|0|0|0|0|0|||||01-Oct-2018|923.0|0|0||T7432X|T7432X|N|N1830|Y|E1129|Y|N182|N|R809|N|Z653|Y|I4891|Y|E1122|Y|E1121|Y|E11319|Y|D4959|Y|D075|Y|E781|Y|E119|Y|E8881|Y|P292|N|Z952|N|I350|Y|R931|Y|I259|Y|E785|Y|E669|Y|P2832|N|G479|Y|Z591|Y|W50|Y07|U| | | | | | | | | | | | | | | | | | | | | | |Z741|01-Oct-2018|Z9181|01-Oct-2018|Z139|01-Oct-2018|Z1331|01-Oct-2018|Z1331|01-Oct-2018|||||||||||||||||||||||||||||||||||||||||0|0||5|450|G0444|3.0|2018-10-02T00:00:00|hospital_C|hospital_C_20181001
SYN_BENE_C28A083B2170|SYN_CLM_89E77EE0E7B0|V|60|01-Oct-2018|01-Oct-2018|05-Oct-2018||3|377673|1|1|1|| |1034.08|0.0| ||37|1306950993| |9999907899| |9999907899|||0|1| |1034.08|01-Oct-2018|1|2|A|10|0.0|206.84|0|4|0.0|0.0|0|0|0|0|0|0|0|0|0|0|0|0|0|||||01-Oct-2018|923.0|0|0||T7432X|T7432X|N|N1830|Y|E1129|Y|N182|N|R809|N|Z653|Y|I4891|Y|E1122|Y|E1121|Y|E11319|Y|D4959|Y|D075|Y|E781|Y|E119|Y|E8881|Y|P292|N|Z952|N|I350|Y|R931|Y|I259|Y|E785|Y|E669|Y|P2832|N|G479|Y|Z591|Y|W50|Y07|U| | | | | | | | | | | | | | | | | | | | | | |Z741|01-Oct-2018|Z9181|01-Oct-2018|Z139|01-Oct-2018|Z1331|01-Oct-2018|Z1331|01-Oct-2018|||||||||||||||||||||||||||||||||||||||||0|0||1|450|96156|3.0|2018-10-02T00:00:00|hospital_C|hospital_C_20181001
SYN_BENE_C28A083B2170|SYN_CLM_89E77EE0E7B0|V|60|01-Oct-2018|01-Oct-2018|05-Oct-2018||3|377673|1|1|1|| |1034.08|0.0| ||37|1306950993| |9999907899| |9999907899|||0|1| |1034.08|01-Oct-2018|1|2|A|10|0.0|206.84|0|4|0.0|0.0|0|0|0|0|0|0|0|0|0|0|0|0|0|||||01-Oct-2018|923.0|0|0||T7432X|T7432X|N|N1830|Y|E1129|Y|N182|N|R809|N|Z653|Y|I4891|Y|E1122|Y|E1121|Y|E11319|Y|D4959|Y|D075|Y|E781|Y|E119|Y|E8881|Y|P292|N|Z952|N|I350|Y|R931|Y|I259|Y|E785|Y|E669|Y|P2832|N|G479|Y|Z591|Y|W50|Y07|U| | | | | | | | | | | | | | | | | | | | | | |Z741|01-Oct-2018|Z9181|01-Oct-2018|Z139|01-Oct-2018|Z1331|01-Oct-2018|Z1331|01-Oct-2018|||||||||||||||||||||||||||||||||||||||||0|0||2|450|M1069|3.0|2018-10-02T00:00:00|hospital_C|hospital_C_20181001
SYN_BENE_C28A083B2170|SYN_CLM_89E77EE0E7B0|V|60|01-Oct-2018|01-Oct-2018|05-Oct-2018||3|377673|1|1|1|| |1034.08|0.0| ||37|1306950993| |9999907899| |9999907899|||0|1| |1034.08|01-Oct-2018|1|2|A|10|0.0|206.84|0|4|0.0|0.0|0|0|0|0|0|0|0|0|0|0|0|0|0|||||01-Oct-2018|923.0|0|0||T7432X|T7432X|N|N1830|Y|E1129|Y|N182|N|R809|N|Z653|Y|I4891|Y|E1122|Y|E1121|Y|E11319|Y|D4959|Y|D075|Y|E781|Y|E119|Y|E8881|Y|P292|N|Z952|N|I350|Y|R931|Y|I259|Y|E785|Y|E669|Y|P2832|N|G479|Y|Z591|Y|W50|Y07|U| | | | | | | | | | | | | | | | | | | | | | |Z741|01-Oct-2018|Z9181|01-Oct-2018|Z139|01-Oct-2018|Z1331|01-Oct-2018|Z1331|01-Oct-2018|||||||||||||||||||||||||||||||||||||||||0|0||3|450|99401|3.0|2018-10-02T00:00:00|hospital_C|hospital_C_20181001
SYN_BENE_C28A083B2170|SYN_CLM_89E77EE0E7B0|V|60|01-Oct-2018|01-Oct-2018|05-Oct-2018||3|377673|1|1|1|| |1034.08|0.0| ||37|1306950993| |9999907899| |9999907899|||0|1| |1034.08|01-Oct-2018|1|2|A|10|0.0|206.84|0|4|0.0|0.0|0|0|0|0|0|0|0|0|0|0|0|0|0|||||01-Oct-2018|923.0|0|0||T7432X|T7432X|N|N1830|Y|E1129|Y|N182|N|R809|N|Z653|Y|I4891|Y|E1122|Y|E1121|Y|E11319|Y|D4959|Y|D075|Y|E781|Y|E119|Y|E8881|Y|P292|N|Z952|N|I350|Y|R931|Y|I259|Y|E785|Y|E669|Y|P2832|N|G479|Y|Z591|Y|W50|Y07|U| | | | | | | | | | | | | | | | | | | | | | |Z741|01-Oct-2018|Z9181|01-Oct-2018|Z139|01-Oct-2018|Z1331|01-Oct-2018|Z1331|01-Oct-2018|||||||||||||||||||||||||||||||||||||||||0|0||4|450|G0444|3.0|2018-10-02T00:00:00|hospital_C|hospital_C_20181001
SYN_BENE_C28A083B2170|SYN_CLM_89E77EE0E7B0|V|60|01-Oct-2018|01-Oct-2018|05-Oct-2018||3|377673|1|1|1|| |1034.08|0.0| ||37|1306950993| |9999907899| |9999907899|||0|1| |1034.08|01-Oct-2018|1|2|A|10|0.0|206.84|0|4|0.0|0.0|0|0|0|0|0|0|0|0|0|0|0|0|0|||||01-Oct-2018|923.0|0|0||T7432X|T7432X|N|N1830|Y|E1129|Y|N182|N|R809|N|Z653|Y|I4891|Y|E1122|Y|E1121|Y|E11319|Y|D4959|Y|D075|Y|E781|Y|E119|Y|E8881|Y|P292|N|Z952|N|I350|Y|R931|Y|I259|Y|E785|Y|E669|Y|P2832|N|G479|Y|Z591|Y|W50|Y07|U| | | | | | | | | | | | | | | | | | | | | | |Z741|01-Oct-2018|Z9181|01-Oct-2018|Z139|01-Oct-2018|Z1331|01-Oct-2018|Z1331|01-Oct-2018|||||||||||||||||||||||||||||||||||||||||0|0||5|450|G0444|3.0|2018-10-02T00:00:00|hospital_C|hospital_C_20181001
SYN_BENE_EEF1AA174518|SYN_CLM_F5AEF3F84393|V|60|01-Oct-2018|01-Oct-2018|05-Oct-2018||3|377673|1|1|1|| |1034.08|0.0| ||37|1306950993| |9999907899| |9999907899|||0|1| |1034.08|01-Oct-2018|1|2|A|10|0.0|206.84|0|4|0.0|0.0|0|0|0|0|0|0|0|0|0|0|0|0|0|||||01-Oct-2018|923.0|0|0||T7432X|T7432X|N|N1830|Y|E1129|Y|N182|N|R809|N|Z653|Y|I4891|Y|E1122|Y|E1121|Y|E11319|Y|D4959|Y|D075|Y|E781|Y|E119|Y|E8881|Y|P292|N|Z952|N|I350|Y|R931|Y|I259|Y|E785|Y|E669|Y|P2832|N|G479|Y|Z591|Y|W50|Y07|U| | | | | | | | | | | | | | | | | | | | | | |Z741|01-Oct-2018|Z9181|01-Oct-2018|Z139|01-Oct-2018|Z1331|01-Oct-2018|Z1331|01-Oct-2018|||||||||||||||||||||||||||||||||||||||||0|0||1|450|96156|3.0|2018-10-02T00:00:00|hospital_C|hospital_C_20181001
SYN_BENE_EEF1AA174518|SYN_CLM_F5AEF3F84393|V|60|01-Oct-2018|01-Oct-2018|05-Oct-2018||3|377673|1|1|1|| |1034.08|0.0| ||37|1306950993| |9999907899| |9999907899|||0|1| |1034.08|01-Oct-2018|1|2|A|10|0.0|206.84|0|4|0.0|0.0|0|0|0|0|0|0|0|0|0|0|0|0|0|||||01-Oct-2018|923.0|0|0||T7432X|T7432X|N|N1830|Y|E1129|Y|N182|N|R809|N|Z653|Y|I4891|Y|E1122|Y|E1121|Y|E11319|Y|D4959|Y|D075|Y|E781|Y|E119|Y|E8881|Y|P292|N|Z952|N|I350|Y|R931|Y|I259|Y|E785|Y|E669|Y|P2832|N|G479|Y|Z591|Y|W50|Y07|U| | | | | | | | | | | | | | | | | | | | | | |Z741|01-Oct-2018|Z9181|01-Oct-2018|Z139|01-Oct-2018|Z1331|01-Oct-2018|Z1331|01-Oct-2018|||||||||||||||||||||||||||||||||||||||||0|0||2|450|M1069|3.0|2018-10-02T00:00:00|hospital_C|hospital_C_20181001
SYN_BENE_EEF1AA174518|SYN_CLM_F5AEF3F84393|V|60|01-Oct-2018|01-Oct-2018|05-Oct-2018||3|377673|1|1|1|| |1034.08|0.0| ||37|1306950993| |9999907899| |9999907899|||0|1| |1034.08|01-Oct-2018|1|2|A|10|0.0|206.84|0|4|0.0|0.0|0|0|0|0|0|0|0|0|0|0|0|0|0|||||01-Oct-2018|923.0|0|0||T7432X|T7432X|N|N1830|Y|E1129|Y|N182|N|R809|N|Z653|Y|I4891|Y|E1122|Y|E1121|Y|E11319|Y|D4959|Y|D075|Y|E781|Y|E119|Y|E8881|Y|P292|N|Z952|N|I350|Y|R931|Y|I259|Y|E785|Y|E669|Y|P2832|N|G479|Y|Z591|Y|W50|Y07|U| | | | | | | | | | | | | | | | | | | | | | |Z741|01-Oct-2018|Z9181|01-Oct-2018|Z139|01-Oct-2018|Z1331|01-Oct-2018|Z1331|01-Oct-2018|||||||||||||||||||||||||||||||||||||||||0|0||3|450|99401|3.0|2018-10-02T00:00:00|hospital_C|hospital_C_20181001
SYN_BENE_EEF1AA174518|SYN_CLM_F5AEF3F84393|V|60|01-Oct-2018|01-Oct-2018|05-Oct-2018||3|377673|1|1|1|| |1034.08|0.0| ||37|1306950993| |9999907899| |9999907899|||0|1| |1034.08|01-Oct-2018|1|2|A|10|0.0|206.84|0|4|0.0|0.0|0|0|0|0|0|0|0|0|0|0|0|0|0|||||01-Oct-2018|923.0|0|0||T7432X|T7432X|N|N1830|Y|E1129|Y|N182|N|R809|N|Z653|Y|I4891|Y|E1122|Y|E1121|Y|E11319|Y|D4959|Y|D075|Y|E781|Y|E119|Y|E8881|Y|P292|N|Z952|N|I350|Y|R931|Y|I259|Y|E785|Y|E669|Y|P2832|N|G479|Y|Z591|Y|W50|Y07|U| | | | | | | | | | | | | | | | | | | | | | |Z741|01-Oct-2018|Z9181|01-Oct-2018|Z139|01-Oct-2018|Z1331|01-Oct-2018|Z1331|01-Oct-2018|||||||||||||||||||||||||||||||||||||||||0|0||4|450|G0444|3.0|2018-10-02T00:00:00|hospital_C|hospital_C_20181001
SYN_BENE_EEF1AA174518|SYN_CLM_F5AEF3F84393|V|60|01-Oct-2018|01-Oct-2018|05-Oct-2018||3|377673|1|1|1|| |1034.08|0.0| ||37|1306950993| |9999907899| |9999907899|||0|1| |1034.08|01-Oct-2018|1|2|A|10|0.0|206.84|0|4|0.0|0.0|0|0|0|0|0|0|0|0|0|0|0|0|0|||||01-Oct-2018|923.0|0|0||T7432X|T7432X|N|N1830|Y|E1129|Y|N182|N|R809|N|Z653|Y|I4891|Y|E1122|Y|E1121|Y|E11319|Y|D4959|Y|D075|Y|E781|Y|E119|Y|E8881|Y|P292|N|Z952|N|I350|Y|R931|Y|I259|Y|E785|Y|E669|Y|P2832|N|G479|Y|Z591|Y|W50|Y07|U| | | | | | | | | | | | | | | | | | | | | | |Z741|01-Oct-2018|Z9181|01-Oct-2018|Z139|01-Oct-2018|Z1331|01-Oct-2018|Z1331|01-Oct-2018|||||||||||||||||||||||||||||||||||||||||0|0||5|450|G0444|3.0|2018-10-02T00:00:00|hospital_C|hospital_C_20181001
SYN_BENE_D88C69DF4D01|SYN_CLM_C057094A9726|V|60|01-Oct-2018|01-Oct-2018|05-Oct-2018||3|377673|1|1|1|| |1034.08|0.0| ||37|1306950993| |9999907899| |9999907899|||0|1| |1034.08|01-Oct-2018|1|2|A|10|0.0|206.84|0|4|0.0|0.0|0|0|0|0|0|0|0|0|0|0|0|0|0|||||01-Oct-2018|923.0|0|0||T7432X|T7432X|N|N1830|Y|E1129|Y|N182|N|R809|N|Z653|Y|I4891|Y|E1122|Y|E1121|Y|E11319|Y|D4959|Y|D075|Y|E781|Y|E119|Y|E8881|Y|P292|N|Z952|N|I350|Y|R931|Y|I259|Y|E785|Y|E669|Y|P2832|N|G479|Y|Z591|Y|W50|Y07|U| | | | | | | | | | | | | | | | | | | | | | |Z741|01-Oct-2018|Z9181|01-Oct-2018|Z139|01-Oct-2018|Z1331|01-Oct-2018|Z1331|01-Oct-2018|||||||||||||||||||||||||||||||||||||||||0|0||1|450|96156|3.0|2018-10-02T00:00:00|hospital_C|hospital_C_20181001
SYN_BENE_D88C69DF4D01|SYN_CLM_C057094A9726|V|60|01-Oct-2018|01-Oct-2018|05-Oct-2018||3|377673|1|1|1|| |1034.08|0.0| ||37|1306950993| |9999907899| |9999907899|||0|1| |1034.08|01-Oct-2018|1|2|A|10|0.0|206.84|0|4|0.0|0.0|0|0|0|0|0|0|0|0|0|0|0|0|0|||||01-Oct-2018|923.0|0|0||T7432X|T7432X|N|N1830|Y|E1129|Y|N182|N|R809|N|Z653|Y|I4891|Y|E1122|Y|E1121|Y|E11319|Y|D4959|Y|D075|Y|E781|Y|E119|Y|E8881|Y|P292|N|Z952|N|I350|Y|R931|Y|I259|Y|E785|Y|E669|Y|P2832|N|G479|Y|Z591|Y|W50|Y07|U| | | | | | | | | | | | | | | | | | | | | | |Z741|01-Oct-2018|Z9181|01-Oct-2018|Z139|01-Oct-2018|Z1331|01-Oct-2018|Z1331|01-Oct-2018|||||||||||||||||||||||||||||||||||||||||0|0||2|450|M1069|3.0|2018-10-02T00:00:00|hospital_C|hospital_C_20181001
SYN_BENE_D88C69DF4D01|SYN_CLM_C057094A9726|V|60|01-Oct-2018|01-Oct-2018|05-Oct-2018||3|377673|1|1|1|| |1034.08|0.0| ||37|1306950993| |9999907899| |9999907899|||0|1| |1034.08|01-Oct-2018|1|2|A|10|0.0|206.84|0|4|0.0|0.0|0|0|0|0|0|0|0|0|0|0|0|0|0|||||01-Oct-2018|923.0|0|0||T7432X|T7432X|N|N1830|Y|E1129|Y|N182|N|R809|N|Z653|Y|I4891|Y|E1122|Y|E1121|Y|E11319|Y|D4959|Y|D075|Y|E781|Y|E119|Y|E8881|Y|P292|N|Z952|N|I350|Y|R931|Y|I259|Y|E785|Y|E669|Y|P2832|N|G479|Y|Z591|Y|W50|Y07|U| | | | | | | | | | | | | | | | | | | | | | |Z741|01-Oct-2018|Z9181|01-Oct-2018|Z139|01-Oct-2018|Z1331|01-Oct-2018|Z1331|01-Oct-2018|||||||||||||||||||||||||||||||||||||||||0|0||3|450|99401|3.0|2018-10-02T00:00:00|hospital_C|hospital_C_20181001
SYN_BENE_D88C69DF4D01|SYN_CLM_C057094A9726|V|60|01-Oct-2018|01-Oct-2018|05-Oct-2018||3|377673|1|1|1|| |1034.08|0.0| ||37|1306950993| |9999907899| |9999907899|||0|1| |1034.08|01-Oct-2018|1|2|A|10|0.0|206.84|0|4|0.0|0.0|0|0|0|0|0|0|0|0|0|0|0|0|0|||||01-Oct-2018|923.0|0|0||T7432X|T7432X|N|N1830|Y|E1129|Y|N182|N|R809|N|Z653|Y|I4891|Y|E1122|Y|E1121|Y|E11319|Y|D4959|Y|D075|Y|E781|Y|E119|Y|E8881|Y|P292|N|Z952|N|I350|Y|R931|Y|I259|Y|E785|Y|E669|Y|P2832|N|G479|Y|Z591|Y|W50|Y07|U| | | | | | | | | | | | | | | | | | | | | | |Z741|01-Oct-2018|Z9181|01-Oct-2018|Z139|01-Oct-2018|Z1331|01-Oct-2018|Z1331|01-Oct-2018|||||||||||||||||||||||||||||||||||||||||0|0||4|450|G0444|3.0|2018-10-02T00:00:00|hospital_C|hospital_C_20181001
SYN_BENE_D88C69DF4D01|SYN_CLM_C057094A9726|V|60|01-Oct-2018|01-Oct-2018|05-Oct-2018||3|377673|1|1|1|| |1034.08|0.0| ||37|1306950993| |9999907899| |9999907899|||0|1| |1034.08|01-Oct-2018|1|2|A|10|0.0|206.84|0|4|0.0|0.0|0|0|0|0|0|0|0|0|0|0|0|0|0|||||01-Oct-2018|923.0|0|0||T7432X|T7432X|N|N1830|Y|E1129|Y|N182|N|R809|N|Z653|Y|I4891|Y|E1122|Y|E1121|Y|E11319|Y|D4959|Y|D075|Y|E781|Y|E119|Y|E8881|Y|P292|N|Z952|N|I350|Y|R931|Y|I259|Y|E785|Y|E669|Y|P2832|N|G479|Y|Z591|Y|W50|Y07|U| | | | | | | | | | | | | | | | | | | | | | |Z741|01-Oct-2018|Z9181|01-Oct-2018|Z139|01-Oct-2018|Z1331|01-Oct-2018|Z1331|01-Oct-2018|||||||||||||||||||||||||||||||||||||||||0|0||5|450|G0444|3.0|2018-10-02T00:00:00|hospital_C|hospital_C_20181001
SYN_BENE_84EEA34FB30D|SYN_CLM_0F7CA2667A59|V|60|01-Oct-2018|01-Oct-2018|05-Oct-2018||3|377673|1|1|1|| |1034.08|0.0| ||37|1306950993| |9999907899| |9999907899|||0|1| |1034.08|01-Oct-2018|1|2|A|10|0.0|206.84|0|4|0.0|0.0|0|0|0|0|0|0|0|0|0|0|0|0|0|||||01-Oct-2018|923.0|0|0||T7432X|T7432X|N|N1830|Y|E1129|Y|N182|N|R809|N|Z653|Y|I4891|Y|E1122|Y|E1121|Y|E11319|Y|D4959|Y|D075|Y|E781|Y|E119|Y|E8881|Y|P292|N|Z952|N|I350|Y|R931|Y|I259|Y|E785|Y|E669|Y|P2832|N|G479|Y|Z591|Y|W50|Y07|U| | | | | | | | | | | | | | | | | | | | | | |Z741|01-Oct-2018|Z9181|01-Oct-2018|Z139|01-Oct-2018|Z1331|01-Oct-2018|Z1331|01-Oct-2018|||||||||||||||||||||||||||||||||||||||||0|0||1|450|96156|3.0|2018-10-02T00:00:00|hospital_C|hospital_C_20181001
SYN_BENE_84EEA34FB30D|SYN_CLM_0F7CA2667A59|V|60|01-Oct-2018|01-Oct-2018|05-Oct-2018||3|377673|1|1|1|| |1034.08|0.0| ||37|1306950993| |9999907899| |9999907899|||0|1| |1034.08|01-Oct-2018|1|2|A|10|0.0|206.84|0|4|0.0|0.0|0|0|0|0|0|0|0|0|0|0|0|0|0|||||01-Oct-2018|923.0|0|0||T7432X|T7432X|N|N1830|Y|E1129|Y|N182|N|R809|N|Z653|Y|I4891|Y|E1122|Y|E1121|Y|E11319|Y|D4959|Y|D075|Y|E781|Y|E119|Y|E8881|Y|P292|N|Z952|N|I350|Y|R931|Y|I259|Y|E785|Y|E669|Y|P2832|N|G479|Y|Z591|Y|W50|Y07|U| | | | | | | | | | | | | | | | | | | | | | |Z741|01-Oct-2018|Z9181|01-Oct-2018|Z139|01-Oct-2018|Z1331|01-Oct-2018|Z1331|01-Oct-2018|||||||||||||||||||||||||||||||||||||||||0|0||2|450|M1069|3.0|2018-10-02T00:00:00|hospital_C|hospital_C_20181001
SYN_BENE_84EEA34FB30D|SYN_CLM_0F7CA2667A59|V|60|01-Oct-2018|01-Oct-2018|05-Oct-2018||3|377673|1|1|1|| |1034.08|0.0| ||37|1306950993| |9999907899| |9999907899|||0|1| |1034.08|01-Oct-2018|1|2|A|10|0.0|206.84|0|4|0.0|0.0|0|0|0|0|0|0|0|0|0|0|0|0|0|||||01-Oct-2018|923.0|0|0||T7432X|T7432X|N|N1830|Y|E1129|Y|N182|N|R809|N|Z653|Y|I4891|Y|E1122|Y|E1121|Y|E11319|Y|D4959|Y|D075|Y|E781|Y|E119|Y|E8881|Y|P292|N|Z952|N|I350|Y|R931|Y|I259|Y|E785|Y|E669|Y|P2832|N|G479|Y|Z591|Y|W50|Y07|U| | | | | | | | | | | | | | | | | | | | | | |Z741|01-Oct-2018|Z9181|01-Oct-2018|Z139|01-Oct-2018|Z1331|01-Oct-2018|Z1331|01-Oct-2018|||||||||||||||||||||||||||||||||||||||||0|0||3|450|99401|3.0|2018-10-02T00:00:00|hospital_C|hospital_C_20181001
SYN_BENE_84EEA34FB30D|SYN_CLM_0F7CA2667A59|V|60|01-Oct-2018|01-Oct-2018|05-Oct-2018||3|377673|1|1|1|| |1034.08|0.0| ||37|1306950993| |9999907899| |9999907899|||0|1| |1034.08|01-Oct-2018|1|2|A|10|0.0|206.84|0|4|0.0|0.0|0|0|0|0|0|0|0|0|0|0|0|0|0|||||01-Oct-2018|923.0|0|0||T7432X|T7432X|N|N1830|Y|E1129|Y|N182|N|R809|N|Z653|Y|I4891|Y|E1122|Y|E1121|Y|E11319|Y|D4959|Y|D075|Y|E781|Y|E119|Y|E8881|Y|P292|N|Z952|N|I350|Y|R931|Y|I259|Y|E785|Y|E669|Y|P2832|N|G479|Y|Z591|Y|W50|Y07|U| | | | | | | | | | | | | | | | | | | | | | |Z741|01-Oct-2018|Z9181|01-Oct-2018|Z139|01-Oct-2018|Z1331|01-Oct-2018|Z1331|01-Oct-2018|||||||||||||||||||||||||||||||||||||||||0|0||4|450|G0444|3.0|2018-10-02T00:00:00|hospital_C|hospital_C_20181001
SYN_BENE_84EEA34FB30D|SYN_CLM_0F7CA2667A59|V|60|01-Oct-2018|01-Oct-2018|05-Oct-2018||3|377673|1|1|1|| |1034.08|0.0| ||37|1306950993| |9999907899| |9999907899|||0|1| |1034.08|01-Oct-2018|1|2|A|10|0.0|206.84|0|4|0.0|0.0|0|0|0|0|0|0|0|0|0|0|0|0|0|||||01-Oct-2018|923.0|0|0||T7432X|T7432X|N|N1830|Y|E1129|Y|N182|N|R809|N|Z653|Y|I4891|Y|E1122|Y|E1121|Y|E11319|Y|D4959|Y|D075|Y|E781|Y|E119|Y|E8881|Y|P292|N|Z952|N|I350|Y|R931|Y|I259|Y|E785|Y|E669|Y|P2832|N|G479|Y|Z591|Y|W50|Y07|U| | | | | | | | | | | | | | | | | | | | | | |Z741|01-Oct-2018|Z9181|01-Oct-2018|Z139|01-Oct-2018|Z1331|01-Oct-2018|Z1331|01-Oct-2018|||||||||||||||||||||||||||||||||||||||||0|0||5|450|G0444|3.0|2018-10-02T00:00:00|hospital_C|hospital_C_20181001
SYN_BENE_C1E95B0C0B05|SYN_CLM_59B90FD05424|V|60|01-Oct-2018|01-Oct-2018|05-Oct-2018||3|377673|1|1|1|| |1034.08|0.0| ||37|1306950993| |9999907899| |9999907899|||0|1| |1034.08|01-Oct-2018|1|2|A|10|0.0|206.84|0|4|0.0|0.0|0|0|0|0|0|0|0|0|0|0|0|0|0|||||01-Oct-2018|923.0|0|0||T7432X|T7432X|N|N1830|Y|E1129|Y|N182|N|R809|N|Z653|Y|I4891|Y|E1122|Y|E1121|Y|E11319|Y|D4959|Y|D075|Y|E781|Y|E119|Y|E8881|Y|P292|N|Z952|N|I350|Y|R931|Y|I259|Y|E785|Y|E669|Y|P2832|N|G479|Y|Z591|Y|W50|Y07|U| | | | | | | | | | | | | | | | | | | | | | |Z741|01-Oct-2018|Z9181|01-Oct-2018|Z139|01-Oct-2018|Z1331|01-Oct-2018|Z1331|01-Oct-2018|||||||||||||||||||||||||||||||||||||||||0|0||1|450|96156|3.0|2018-10-02T00:00:00|hospital_C|hospital_C_20181001
SYN_BENE_C1E95B0C0B05|SYN_CLM_59B90FD05424|V|60|01-Oct-2018|01-Oct-2018|05-Oct-2018||3|377673|1|1|1|| |1034.08|0.0| ||37|1306950993| |9999907899| |9999907899|||0|1| |1034.08|01-Oct-2018|1|2|A|10|0.0|206.84|0|4|0.0|0.0|0|0|0|0|0|0|0|0|0|0|0|0|0|||||01-Oct-2018|923.0|0|0||T7432X|T7432X|N|N1830|Y|E1129|Y|N182|N|R809|N|Z653|Y|I4891|Y|E1122|Y|E1121|Y|E11319|Y|D4959|Y|D075|Y|E781|Y|E119|Y|E8881|Y|P292|N|Z952|N|I350|Y|R931|Y|I259|Y|E785|Y|E669|Y|P2832|N|G479|Y|Z591|Y|W50|Y07|U| | | | | | | | | | | | | | | | | | | | | | |Z741|01-Oct-2018|Z9181|01-Oct-2018|Z139|01-Oct-2018|Z1331|01-Oct-2018|Z1331|01-Oct-2018|||||||||||||||||||||||||||||||||||||||||0|0||2|450|M1069|3.0|2018-10-02T00:00:00|hospital_C|hospital_C_20181001
SYN_BENE_C1E95B0C0B05|SYN_CLM_59B90FD05424|V|60|01-Oct-2018|01-Oct-2018|05-Oct-2018||3|377673|1|1|1|| |1034.08|0.0| ||37|1306950993| |9999907899| |9999907899|||0|1| |1034.08|01-Oct-2018|1|2|A|10|0.0|206.84|0|4|0.0|0.0|0|0|0|0|0|0|0|0|0|0|0|0|0|||||01-Oct-2018|923.0|0|0||T7432X|T7432X|N|N1830|Y|E1129|Y|N182|N|R809|N|Z653|Y|I4891|Y|E1122|Y|E1121|Y|E11319|Y|D4959|Y|D075|Y|E781|Y|E119|Y|E8881|Y|P292|N|Z952|N|I350|Y|R931|Y|I259|Y|E785|Y|E669|Y|P2832|N|G479|Y|Z591|Y|W50|Y07|U| | | | | | | | | | | | | | | | | | | | | | |Z741|01-Oct-2018|Z9181|01-Oct-2018|Z139|01-Oct-2018|Z1331|01-Oct-2018|Z1331|01-Oct-2018|||||||||||||||||||||||||||||||||||||||||0|0||3|450|99401|3.0|2018-10-02T00:00:00|hospital_C|hospital_C_20181001
SYN_BENE_C1E95B0C0B05|SYN_CLM_59B90FD05424|V|60|01-Oct-2018|01-Oct-2018|05-Oct-2018||3|377673|1|1|1|| |1034.08|0.0| ||37|1306950993| |9999907899| |9999907899|||0|1| |1034.08|01-Oct-2018|1|2|A|10|0.0|206.84|0|4|0.0|0.0|0|0|0|0|0|0|0|0|0|0|0|0|0|||||01-Oct-2018|923.0|0|0||T7432X|T7432X|N|N1830|Y|E1129|Y|N182|N|R809|N|Z653|Y|I4891|Y|E1122|Y|E1121|Y|E11319|Y|D4959|Y|D075|Y|E781|Y|E119|Y|E8881|Y|P292|N|Z952|N|I350|Y|R931|Y|I259|Y|E785|Y|E669|Y|P2832|N|G479|Y|Z591|Y|W50|Y07|U| | | | | | | | | | | | | | | | | | | | | | |Z741|01-Oct-2018|Z9181|01-Oct-2018|Z139|01-Oct-2018|Z1331|01-Oct-2018|Z1331|01-Oct-2018|||||||||||||||||||||||||||||||||||||||||0|0||4|450|G0444|3.0|2018-10-02T00:00:00|hospital_C|hospital_C_20181001
SYN_BENE_C1E95B0C0B05|SYN_CLM_59B90FD05424|V|60|01-Oct-2018|01-Oct-2018|05-Oct-2018||3|377673|1|1|1|| |1034.08|0.0| ||37|1306950993| |9999907899| |9999907899|||0|1| |1034.08|01-Oct-2018|1|2|A|10|0.0|206.84|0|4|0.0|0.0|0|0|0|0|0|0|0|0|0|0|0|0|0|||||01-Oct-2018|923.0|0|0||T7432X|T7432X|N|N1830|Y|E1129|Y|N182|N|R809|N|Z653|Y|I4891|Y|E1122|Y|E1121|Y|E11319|Y|D4959|Y|D075|Y|E781|Y|E119|Y|E8881|Y|P292|N|Z952|N|I350|Y|R931|Y|I259|Y|E785|Y|E669|Y|P2832|N|G479|Y|Z591|Y|W50|Y07|U| | | | | | | | | | | | | | | | | | | | | | |Z741|01-Oct-2018|Z9181|01-Oct-2018|Z139|01-Oct-2018|Z1331|01-Oct-2018|Z1331|01-Oct-2018|||||||||||||||||||||||||||||||||||||||||0|0||5|450|G0444|3.0|2018-10-02T00:00:00|hospital_C|hospital_C_20181001
SYN_BENE_E5E31C6858C3|SYN_CLM_48DC646ED5C6|V|60|01-Oct-2018|01-Oct-2018|05-Oct-2018||3|377673|1|1|1|| |1034.08|0.0| ||37|1306950993| |9999907899| |9999907899|||0|1| |1034.08|01-Oct-2018|1|2|A|10|0.0|206.84|0|4|0.0|0.0|0|0|0|0|0|0|0|0|0|0|0|0|0|||||01-Oct-2018|923.0|0|0||T7432X|T7432X|N|N1830|Y|E1129|Y|N182|N|R809|N|Z653|Y|I4891|Y|E1122|Y|E1121|Y|E11319|Y|D4959|Y|D075|Y|E781|Y|E119|Y|E8881|Y|P292|N|Z952|N|I350|Y|R931|Y|I259|Y|E785|Y|E669|Y|P2832|N|G479|Y|Z591|Y|W50|Y07|U| | | | | | | | | | | | | | | | | | | | | | |Z741|01-Oct-2018|Z9181|01-Oct-2018|Z139|01-Oct-2018|Z1331|01-Oct-2018|Z1331|01-Oct-2018|||||||||||||||||||||||||||||||||||||||||0|0||1|450|96156|3.0|2018-10-02T00:00:00|hospital_C|hospital_C_20181001
SYN_BENE_E5E31C6858C3|SYN_CLM_48DC646ED5C6|V|60|01-Oct-2018|01-Oct-2018|05-Oct-2018||3|377673|1|1|1|| |1034.08|0.0| ||37|1306950993| |9999907899| |9999907899|||0|1| |1034.08|01-Oct-2018|1|2|A|10|0.0|206.84|0|4|0.0|0.0|0|0|0|0|0|0|0|0|0|0|0|0|0|||||01-Oct-2018|923.0|0|0||T7432X|T7432X|N|N1830|Y|E1129|Y|N182|N|R809|N|Z653|Y|I4891|Y|E1122|Y|E1121|Y|E11319|Y|D4959|Y|D075|Y|E781|Y|E119|Y|E8881|Y|P292|N|Z952|N|I350|Y|R931|Y|I259|Y|E785|Y|E669|Y|P2832|N|G479|Y|Z591|Y|W50|Y07|U| | | | | | | | | | | | | | | | | | | | | | |Z741|01-Oct-2018|Z9181|01-Oct-2018|Z139|01-Oct-2018|Z1331|01-Oct-2018|Z1331|01-Oct-2018|||||||||||||||||||||||||||||||||||||||||0|0||2|450|M1069|3.0|2018-10-02T00:00:00|hospital_C|hospital_C_20181001
SYN_BENE_E5E31C6858C3|SYN_CLM_48DC646ED5C6|V|60|01-Oct-2018|01-Oct-2018|05-Oct-2018||3|377673|1|1|1|| |1034.08|0.0| ||37|1306950993| |9999907899| |9999907899|||0|1| |1034.08|01-Oct-2018|1|2|A|10|0.0|206.84|0|4|0.0|0.0|0|0|0|0|0|0|0|0|0|0|0|0|0|||||01-Oct-2018|923.0|0|0||T7432X|T7432X|N|N1830|Y|E1129|Y|N182|N|R809|N|Z653|Y|I4891|Y|E1122|Y|E1121|Y|E11319|Y|D4959|Y|D075|Y|E781|Y|E119|Y|E8881|Y|P292|N|Z952|N|I350|Y|R931|Y|I259|Y|E785|Y|E669|Y|P2832|N|G479|Y|Z591|Y|W50|Y07|U| | | | | | | | | | | | | | | | | | | | | | |Z741|01-Oct-2018|Z9181|01-Oct-2018|Z139|01-Oct-2018|Z1331|01-Oct-2018|Z1331|01-Oct-2018|||||||||||||||||||||||||||||||||||||||||0|0||3|450|99401|3.0|2018-10-02T00:00:00|hospital_C|hospital_C_20181001
SYN_BENE_E5E31C6858C3|SYN_CLM_48DC646ED5C6|V|60|01-Oct-2018|01-Oct-2018|05-Oct-2018||3|377673|1|1|1|| |1034.08|0.0| ||37|1306950993| |9999907899| |9999907899|||0|1| |1034.08|01-Oct-2018|1|2|A|10|0.0|206.84|0|4|0.0|0.0|0|0|0|0|0|0|0|0|0|0|0|0|0|||||01-Oct-2018|923.0|0|0||T7432X|T7432X|N|N1830|Y|E1129|Y|N182|N|R809|N|Z653|Y|I4891|Y|E1122|Y|E1121|Y|E11319|Y|D4959|Y|D075|Y|E781|Y|E119|Y|E8881|Y|P292|N|Z952|N|I350|Y|R931|Y|I259|Y|E785|Y|E669|Y|P2832|N|G479|Y|Z591|Y|W50|Y07|U| | | | | | | | | | | | | | | | | | | | | | |Z741|01-Oct-2018|Z9181|01-Oct-2018|Z139|01-Oct-2018|Z1331|01-Oct-2018|Z1331|01-Oct-2018|||||||||||||||||||||||||||||||||||||||||0|0||4|450|G0444|3.0|2018-10-02T00:00:00|hospital_C|hospital_C_20181001
SYN_BENE_E5E31C6858C3|SYN_CLM_48DC646ED5C6|V|60|01-Oct-2018|01-Oct-2018|05-Oct-2018||3|377673|1|1|1|| |1034.08|0.0| ||37|1306950993| |9999907899| |9999907899|||0|1| |1034.08|01-Oct-2018|1|2|A|10|0.0|206.84|0|4|0.0|0.0|0|0|0|0|0|0|0|0|0|0|0|0|0|||||01-Oct-2018|923.0|0|0||T7432X|T7432X|N|N1830|Y|E1129|Y|N182|N|R809|N|Z653|Y|I4891|Y|E1122|Y|E1121|Y|E11319|Y|D4959|Y|D075|Y|E781|Y|E119|Y|E8881|Y|P292|N|Z952|N|I350|Y|R931|Y|I259|Y|E785|Y|E669|Y|P2832|N|G479|Y|Z591|Y|W50|Y07|U| | | | | | | | | | | | | | | | | | | | | | |Z741|01-Oct-2018|Z9181|01-Oct-2018|Z139|01-Oct-2018|Z1331|01-Oct-2018|Z1331|01-Oct-2018|||||||||||||||||||||||||||||||||||||||||0|0||5|450|G0444|3.0|2018-10-02T00:00:00|hospital_C|hospital_C_20181001
SYN_BENE_B3D00C7A09F7|SYN_CLM_4D54F9B6BE1D|V|60|01-Oct-2018|01-Oct-2018|05-Oct-2018||3|377673|1|1|1|| |1034.08|0.0| ||37|1306950993| |9999907899| |9999907899|||0|1| |1034.08|01-Oct-2018|1|2|A|10|0.0|206.84|0|4|0.0|0.0|0|0|0|0|0|0|0|0|0|0|0|0|0|||||01-Oct-2018|923.0|0|0||T7432X|T7432X|N|N1830|Y|E1129|Y|N182|N|R809|N|Z653|Y|I4891|Y|E1122|Y|E1121|Y|E11319|Y|D4959|Y|D075|Y|E781|Y|E119|Y|E8881|Y|P292|N|Z952|N|I350|Y|R931|Y|I259|Y|E785|Y|E669|Y|P2832|N|G479|Y|Z591|Y|W50|Y07|U| | | | | | | | | | | | | | | | | | | | | | |Z741|01-Oct-2018|Z9181|01-Oct-2018|Z139|01-Oct-2018|Z1331|01-Oct-2018|Z1331|01-Oct-2018|||||||||||||||||||||||||||||||||||||||||0|0||1|450|96156|3.0|2018-10-02T00:00:00|hospital_C|hospital_C_20181001
SYN_BENE_B3D00C7A09F7|SYN_CLM_4D54F9B6BE1D|V|60|01-Oct-2018|01-Oct-2018|05-Oct-2018||3|377673|1|1|1|| |1034.08|0.0| ||37|1306950993| |9999907899| |9999907899|||0|1| |1034.08|01-Oct-2018|1|2|A|10|0.0|206.84|0|4|0.0|0.0|0|0|0|0|0|0|0|0|0|0|0|0|0|||||01-Oct-2018|923.0|0|0||T7432X|T7432X|N|N1830|Y|E1129|Y|N182|N|R809|N|Z653|Y|I4891|Y|E1122|Y|E1121|Y|E11319|Y|D4959|Y|D075|Y|E781|Y|E119|Y|E8881|Y|P292|N|Z952|N|I350|Y|R931|Y|I259|Y|E785|Y|E669|Y|P2832|N|G479|Y|Z591|Y|W50|Y07|U| | | | | | | | | | | | | | | | | | | | | | |Z741|01-Oct-2018|Z9181|01-Oct-2018|Z139|01-Oct-2018|Z1331|01-Oct-2018|Z1331|01-Oct-2018|||||||||||||||||||||||||||||||||||||||||0|0||2|450|M1069|3.0|2018-10-02T00:00:00|hospital_C|hospital_C_20181001
SYN_BENE_B3D00C7A09F7|SYN_CLM_4D54F9B6BE1D|V|60|01-Oct-2018|01-Oct-2018|05-Oct-2018||3|377673|1|1|1|| |1034.08|0.0| ||37|1306950993| |9999907899| |9999907899|||0|1| |1034.08|01-Oct-2018|1|2|A|10|0.0|206.84|0|4|0.0|0.0|0|0|0|0|0|0|0|0|0|0|0|0|0|||||01-Oct-2018|923.0|0|0||T7432X|T7432X|N|N1830|Y|E1129|Y|N182|N|R809|N|Z653|Y|I4891|Y|E1122|Y|E1121|Y|E11319|Y|D4959|Y|D075|Y|E781|Y|E119|Y|E8881|Y|P292|N|Z952|N|I350|Y|R931|Y|I259|Y|E785|Y|E669|Y|P2832|N|G479|Y|Z591|Y|W50|Y07|U| | | | | | | | | | | | | | | | | | | | | | |Z741|01-Oct-2018|Z9181|01-Oct-2018|Z139|01-Oct-2018|Z1331|01-Oct-2018|Z1331|01-Oct-2018|||||||||||||||||||||||||||||||||||||||||0|0||3|450|99401|3.0|2018-10-02T00:00:00|hospital_C|hospital_C_20181001
SYN_BENE_B3D00C7A09F7|SYN_CLM_4D54F9B6BE1D|V|60|01-Oct-2018|01-Oct-2018|05-Oct-2018||3|377673|1|1|1|| |1034.08|0.0| ||37|1306950993| |9999907899| |9999907899|||0|1| |1034.08|01-Oct-2018|1|2|A|10|0.0|206.84|0|4|0.0|0.0|0|0|0|0|0|0|0|0|0|0|0|0|0|||||01-Oct-2018|923.0|0|0||T7432X|T7432X|N|N1830|Y|E1129|Y|N182|N|R809|N|Z653|Y|I4891|Y|E1122|Y|E1121|Y|E11319|Y|D4959|Y|D075|Y|E781|Y|E119|Y|E8881|Y|P292|N|Z952|N|I350|Y|R931|Y|I259|Y|E785|Y|E669|Y|P2832|N|G479|Y|Z591|Y|W50|Y07|U| | | | | | | | | | | | | | | | | | | | | | |Z741|01-Oct-2018|Z9181|01-Oct-2018|Z139|01-Oct-2018|Z1331|01-Oct-2018|Z1331|01-Oct-2018|||||||||||||||||||||||||||||||||||||||||0|0||4|450|G0444|3.0|2018-10-02T00:00:00|hospital_C|hospital_C_20181001
SYN_BENE_B3D00C7A09F7|SYN_CLM_4D54F9B6BE1D|V|60|01-Oct-2018|01-Oct-2018|05-Oct-2018||3|377673|1|1|1|| |1034.08|0.0| ||37|1306950993| |9999907899| |9999907899|||0|1| |1034.08|01-Oct-2018|1|2|A|10|0.0|206.84|0|4|0.0|0.0|0|0|0|0|0|0|0|0|0|0|0|0|0|||||01-Oct-2018|923.0|0|0||T7432X|T7432X|N|N1830|Y|E1129|Y|N182|N|R809|N|Z653|Y|I4891|Y|E1122|Y|E1121|Y|E11319|Y|D4959|Y|D075|Y|E781|Y|E119|Y|E8881|Y|P292|N|Z952|N|I350|Y|R931|Y|I259|Y|E785|Y|E669|Y|P2832|N|G479|Y|Z591|Y|W50|Y07|U| | | | | | | | | | | | | | | | | | | | | | |Z741|01-Oct-2018|Z9181|01-Oct-2018|Z139|01-Oct-2018|Z1331|01-Oct-2018|Z1331|01-Oct-2018|||||||||||||||||||||||||||||||||||||||||0|0||5|450|G0444|3.0|2018-10-02T00:00:00|hospital_C|hospital_C_20181001
SYN_BENE_8C189C5974E9|SYN_CLM_979F9536A691|V|60|01-Oct-2018|01-Oct-2018|05-Oct-2018||3|377673|1|1|1|| |1034.08|0.0| ||37|1306950993| |9999907899| |9999907899|||0|1| |1034.08|01-Oct-2018|1|2|A|10|0.0|206.84|0|4|0.0|0.0|0|0|0|0|0|0|0|0|0|0|0|0|0|||||01-Oct-2018|923.0|0|0||T7432X|T7432X|N|N1830|Y|E1129|Y|N182|N|R809|N|Z653|Y|I4891|Y|E1122|Y|E1121|Y|E11319|Y|D4959|Y|D075|Y|E781|Y|E119|Y|E8881|Y|P292|N|Z952|N|I350|Y|R931|Y|I259|Y|E785|Y|E669|Y|P2832|N|G479|Y|Z591|Y|W50|Y07|U| | | | | | | | | | | | | | | | | | | | | | |Z741|01-Oct-2018|Z9181|01-Oct-2018|Z139|01-Oct-2018|Z1331|01-Oct-2018|Z1331|01-Oct-2018|||||||||||||||||||||||||||||||||||||||||0|0||1|450|96156|3.0|2018-10-02T00:00:00|hospital_C|hospital_C_20181001
SYN_BENE_8C189C5974E9|SYN_CLM_979F9536A691|V|60|01-Oct-2018|01-Oct-2018|05-Oct-2018||3|377673|1|1|1|| |1034.08|0.0| ||37|1306950993| |9999907899| |9999907899|||0|1| |1034.08|01-Oct-2018|1|2|A|10|0.0|206.84|0|4|0.0|0.0|0|0|0|0|0|0|0|0|0|0|0|0|0|||||01-Oct-2018|923.0|0|0||T7432X|T7432X|N|N1830|Y|E1129|Y|N182|N|R809|N|Z653|Y|I4891|Y|E1122|Y|E1121|Y|E11319|Y|D4959|Y|D075|Y|E781|Y|E119|Y|E8881|Y|P292|N|Z952|N|I350|Y|R931|Y|I259|Y|E785|Y|E669|Y|P2832|N|G479|Y|Z591|Y|W50|Y07|U| | | | | | | | | | | | | | | | | | | | | | |Z741|01-Oct-2018|Z9181|01-Oct-2018|Z139|01-Oct-2018|Z1331|01-Oct-2018|Z1331|01-Oct-2018|||||||||||||||||||||||||||||||||||||||||0|0||2|450|M1069|3.0|2018-10-02T00:00:00|hospital_C|hospital_C_20181001
SYN_BENE_8C189C5974E9|SYN_CLM_979F9536A691|V|60|01-Oct-2018|01-Oct-2018|05-Oct-2018||3|377673|1|1|1|| |1034.08|0.0| ||37|1306950993| |9999907899| |9999907899|||0|1| |1034.08|01-Oct-2018|1|2|A|10|0.0|206.84|0|4|0.0|0.0|0|0|0|0|0|0|0|0|0|0|0|0|0|||||01-Oct-2018|923.0|0|0||T7432X|T7432X|N|N1830|Y|E1129|Y|N182|N|R809|N|Z653|Y|I4891|Y|E1122|Y|E1121|Y|E11319|Y|D4959|Y|D075|Y|E781|Y|E119|Y|E8881|Y|P292|N|Z952|N|I350|Y|R931|Y|I259|Y|E785|Y|E669|Y|P2832|N|G479|Y|Z591|Y|W50|Y07|U| | | | | | | | | | | | | | | | | | | | | | |Z741|01-Oct-2018|Z9181|01-Oct-2018|Z139|01-Oct-2018|Z1331|01-Oct-2018|Z1331|01-Oct-2018|||||||||||||||||||||||||||||||||||||||||0|0||3|450|99401|3.0|2018-10-02T00:00:00|hospital_C|hospital_C_20181001
SYN_BENE_8C189C5974E9|SYN_CLM_979F9536A691|V|60|01-Oct-2018|01-Oct-2018|05-Oct-2018||3|377673|1|1|1|| |1034.08|0.0| ||37|1306950993| |9999907899| |9999907899|||0|1| |1034.08|01-Oct-2018|1|2|A|10|0.0|206.84|0|4|0.0|0.0|0|0|0|0|0|0|0|0|0|0|0|0|0|||||01-Oct-2018|923.0|0|0||T7432X|T7432X|N|N1830|Y|E1129|Y|N182|N|R809|N|Z653|Y|I4891|Y|E1122|Y|E1121|Y|E11319|Y|D4959|Y|D075|Y|E781|Y|E119|Y|E8881|Y|P292|N|Z952|N|I350|Y|R931|Y|I259|Y|E785|Y|E669|Y|P2832|N|G479|Y|Z591|Y|W50|Y07|U| | | | | | | | | | | | | | | | | | | | | | |Z741|01-Oct-2018|Z9181|01-Oct-2018|Z139|01-Oct-2018|Z1331|01-Oct-2018|Z1331|01-Oct-2018|||||||||||||||||||||||||||||||||||||||||0|0||4|450|G0444|3.0|2018-10-02T00:00:00|hospital_C|hospital_C_20181001
SYN_BENE_8C189C5974E9|SYN_CLM_979F9536A691|V|60|01-Oct-2018|01-Oct-2018|05-Oct-2018||3|377673|1|1|1|| |1034.08|0.0| ||37|1306950993| |9999907899| |9999907899|||0|1| |1034.08|01-Oct-2018|1|2|A|10|0.0|206.84|0|4|0.0|0.0|0|0|0|0|0|0|0|0|0|0|0|0|0|||||01-Oct-2018|923.0|0|0||T7432X|T7432X|N|N1830|Y|E1129|Y|N182|N|R809|N|Z653|Y|I4891|Y|E1122|Y|E1121|Y|E11319|Y|D4959|Y|D075|Y|E781|Y|E119|Y|E8881|Y|P292|N|Z952|N|I350|Y|R931|Y|I259|Y|E785|Y|E669|Y|P2832|N|G479|Y|Z591|Y|W50|Y07|U| | | | | | | | | | | | | | | | | | | | | | |Z741|01-Oct-2018|Z9181|01-Oct-2018|Z139|01-Oct-2018|Z1331|01-Oct-2018|Z1331|01-Oct-2018|||||||||||||||||||||||||||||||||||||||||0|0||5|450|G0444|3.0|2018-10-02T00:00:00|hospital_C|hospital_C_20181001
SYN_BENE_8AF0692425FA|SYN_CLM_BF8BAD297AD6|V|60|01-Oct-2018|01-Oct-2018|05-Oct-2018||3|377673|1|1|1|| |1034.08|0.0| ||37|1306950993| |9999907899| |9999907899|||0|1| |1034.08|01-Oct-2018|1|2|A|10|0.0|206.84|0|4|0.0|0.0|0|0|0|0|0|0|0|0|0|0|0|0|0|||||01-Oct-2018|923.0|0|0||T7432X|T7432X|N|N1830|Y|E1129|Y|N182|N|R809|N|Z653|Y|I4891|Y|E1122|Y|E1121|Y|E11319|Y|D4959|Y|D075|Y|E781|Y|E119|Y|E8881|Y|P292|N|Z952|N|I350|Y|R931|Y|I259|Y|E785|Y|E669|Y|P2832|N|G479|Y|Z591|Y|W50|Y07|U| | | | | | | | | | | | | | | | | | | | | | |Z741|01-Oct-2018|Z9181|01-Oct-2018|Z139|01-Oct-2018|Z1331|01-Oct-2018|Z1331|01-Oct-2018|||||||||||||||||||||||||||||||||||||||||0|0||1|450|96156|3.0|2018-10-02T00:00:00|hospital_C|hospital_C_20181001
SYN_BENE_8AF0692425FA|SYN_CLM_BF8BAD297AD6|V|60|01-Oct-2018|01-Oct-2018|05-Oct-2018||3|377673|1|1|1|| |1034.08|0.0| ||37|1306950993| |9999907899| |9999907899|||0|1| |1034.08|01-Oct-2018|1|2|A|10|0.0|206.84|0|4|0.0|0.0|0|0|0|0|0|0|0|0|0|0|0|0|0|||||01-Oct-2018|923.0|0|0||T7432X|T7432X|N|N1830|Y|E1129|Y|N182|N|R809|N|Z653|Y|I4891|Y|E1122|Y|E1121|Y|E11319|Y|D4959|Y|D075|Y|E781|Y|E119|Y|E8881|Y|P292|N|Z952|N|I350|Y|R931|Y|I259|Y|E785|Y|E669|Y|P2832|N|G479|Y|Z591|Y|W50|Y07|U| | | | | | | | | | | | | | | | | | | | | | |Z741|01-Oct-2018|Z9181|01-Oct-2018|Z139|01-Oct-2018|Z1331|01-Oct-2018|Z1331|01-Oct-2018|||||||||||||||||||||||||||||||||||||||||0|0||2|450|M1069|3.0|2018-10-02T00:00:00|hospital_C|hospital_C_20181001
SYN_BENE_8AF0692425FA|SYN_CLM_BF8BAD297AD6|V|60|01-Oct-2018|01-Oct-2018|05-Oct-2018||3|377673|1|1|1|| |1034.08|0.0| ||37|1306950993| |9999907899| |9999907899|||0|1| |1034.08|01-Oct-2018|1|2|A|10|0.0|206.84|0|4|0.0|0.0|0|0|0|0|0|0|0|0|0|0|0|0|0|||||01-Oct-2018|923.0|0|0||T7432X|T7432X|N|N1830|Y|E1129|Y|N182|N|R809|N|Z653|Y|I4891|Y|E1122|Y|E1121|Y|E11319|Y|D4959|Y|D075|Y|E781|Y|E119|Y|E8881|Y|P292|N|Z952|N|I350|Y|R931|Y|I259|Y|E785|Y|E669|Y|P2832|N|G479|Y|Z591|Y|W50|Y07|U| | | | | | | | | | | | | | | | | | | | | | |Z741|01-Oct-2018|Z9181|01-Oct-2018|Z139|01-Oct-2018|Z1331|01-Oct-2018|Z1331|01-Oct-2018|||||||||||||||||||||||||||||||||||||||||0|0||3|450|99401|3.0|2018-10-02T00:00:00|hospital_C|hospital_C_20181001
SYN_BENE_8AF0692425FA|SYN_CLM_BF8BAD297AD6|V|60|01-Oct-2018|01-Oct-2018|05-Oct-2018||3|377673|1|1|1|| |1034.08|0.0| ||37|1306950993| |9999907899| |9999907899|||0|1| |1034.08|01-Oct-2018|1|2|A|10|0.0|206.84|0|4|0.0|0.0|0|0|0|0|0|0|0|0|0|0|0|0|0|||||01-Oct-2018|923.0|0|0||T7432X|T7432X|N|N1830|Y|E1129|Y|N182|N|R809|N|Z653|Y|I4891|Y|E1122|Y|E1121|Y|E11319|Y|D4959|Y|D075|Y|E781|Y|E119|Y|E8881|Y|P292|N|Z952|N|I350|Y|R931|Y|I259|Y|E785|Y|E669|Y|P2832|N|G479|Y|Z591|Y|W50|Y07|U| | | | | | | | | | | | | | | | | | | | | | |Z741|01-Oct-2018|Z9181|01-Oct-2018|Z139|01-Oct-2018|Z1331|01-Oct-2018|Z1331|01-Oct-2018|||||||||||||||||||||||||||||||||||||||||0|0||4|450|G0444|3.0|2018-10-02T00:00:00|hospital_C|hospital_C_20181001
SYN_BENE_8AF0692425FA|SYN_CLM_BF8BAD297AD6|V|60|01-Oct-2018|01-Oct-2018|05-Oct-2018||3|377673|1|1|1|| |1034.08|0.0| ||37|1306950993| |9999907899| |9999907899|||0|1| |1034.08|01-Oct-2018|1|2|A|10|0.0|206.84|0|4|0.0|0.0|0|0|0|0|0|0|0|0|0|0|0|0|0|||||01-Oct-2018|923.0|0|0||T7432X|T7432X|N|N1830|Y|E1129|Y|N182|N|R809|N|Z653|Y|I4891|Y|E1122|Y|E1121|Y|E11319|Y|D4959|Y|D075|Y|E781|Y|E119|Y|E8881|Y|P292|N|Z952|N|I350|Y|R931|Y|I259|Y|E785|Y|E669|Y|P2832|N|G479|Y|Z591|Y|W50|Y07|U| | | | | | | | | | | | | | | | | | | | | | |Z741|01-Oct-2018|Z9181|01-Oct-2018|Z139|01-Oct-2018|Z1331|01-Oct-2018|Z1331|01-Oct-2018|||||||||||||||||||||||||||||||||||||||||0|0||5|450|G0444|3.0|2018-10-02T00:00:00|hospital_C|hospital_C_20181001
SYN_BENE_EC8EBC34B4F2|SYN_CLM_898B253F86D4|V|60|01-Oct-2018|01-Oct-2018|05-Oct-2018||3|377673|1|1|1|| |1034.08|0.0| ||37|1306950993| |9999907899| |9999907899|||0|1| |1034.08|01-Oct-2018|1|2|A|10|0.0|206.84|0|4|0.0|0.0|0|0|0|0|0|0|0|0|0|0|0|0|0|||||01-Oct-2018|923.0|0|0||T7432X|T7432X|N|N1830|Y|E1129|Y|N182|N|R809|N|Z653|Y|I4891|Y|E1122|Y|E1121|Y|E11319|Y|D4959|Y|D075|Y|E781|Y|E119|Y|E8881|Y|P292|N|Z952|N|I350|Y|R931|Y|I259|Y|E785|Y|E669|Y|P2832|N|G479|Y|Z591|Y|W50|Y07|U| | | | | | | | | | | | | | | | | | | | | | |Z741|01-Oct-2018|Z9181|01-Oct-2018|Z139|01-Oct-2018|Z1331|01-Oct-2018|Z1331|01-Oct-2018|||||||||||||||||||||||||||||||||||||||||0|0||1|450|96156|3.0|2018-10-02T00:00:00|hospital_C|hospital_C_20181001
SYN_BENE_EC8EBC34B4F2|SYN_CLM_898B253F86D4|V|60|01-Oct-2018|01-Oct-2018|05-Oct-2018||3|377673|1|1|1|| |1034.08|0.0| ||37|1306950993| |9999907899| |9999907899|||0|1| |1034.08|01-Oct-2018|1|2|A|10|0.0|206.84|0|4|0.0|0.0|0|0|0|0|0|0|0|0|0|0|0|0|0|||||01-Oct-2018|923.0|0|0||T7432X|T7432X|N|N1830|Y|E1129|Y|N182|N|R809|N|Z653|Y|I4891|Y|E1122|Y|E1121|Y|E11319|Y|D4959|Y|D075|Y|E781|Y|E119|Y|E8881|Y|P292|N|Z952|N|I350|Y|R931|Y|I259|Y|E785|Y|E669|Y|P2832|N|G479|Y|Z591|Y|W50|Y07|U| | | | | | | | | | | | | | | | | | | | | | |Z741|01-Oct-2018|Z9181|01-Oct-2018|Z139|01-Oct-2018|Z1331|01-Oct-2018|Z1331|01-Oct-2018|||||||||||||||||||||||||||||||||||||||||0|0||2|450|M1069|3.0|2018-10-02T00:00:00|hospital_C|hospital_C_20181001
SYN_BENE_EC8EBC34B4F2|SYN_CLM_898B253F86D4|V|60|01-Oct-2018|01-Oct-2018|05-Oct-2018||3|377673|1|1|1|| |1034.08|0.0| ||37|1306950993| |9999907899| |9999907899|||0|1| |1034.08|01-Oct-2018|1|2|A|10|0.0|206.84|0|4|0.0|0.0|0|0|0|0|0|0|0|0|0|0|0|0|0|||||01-Oct-2018|923.0|0|0||T7432X|T7432X|N|N1830|Y|E1129|Y|N182|N|R809|N|Z653|Y|I4891|Y|E1122|Y|E1121|Y|E11319|Y|D4959|Y|D075|Y|E781|Y|E119|Y|E8881|Y|P292|N|Z952|N|I350|Y|R931|Y|I259|Y|E785|Y|E669|Y|P2832|N|G479|Y|Z591|Y|W50|Y07|U| | | | | | | | | | | | | | | | | | | | | | |Z741|01-Oct-2018|Z9181|01-Oct-2018|Z139|01-Oct-2018|Z1331|01-Oct-2018|Z1331|01-Oct-2018|||||||||||||||||||||||||||||||||||||||||0|0||3|450|99401|3.0|2018-10-02T00:00:00|hospital_C|hospital_C_20181001
SYN_BENE_EC8EBC34B4F2|SYN_CLM_898B253F86D4|V|60|01-Oct-2018|01-Oct-2018|05-Oct-2018||3|377673|1|1|1|| |1034.08|0.0| ||37|1306950993| |9999907899| |9999907899|||0|1| |1034.08|01-Oct-2018|1|2|A|10|0.0|206.84|0|4|0.0|0.0|0|0|0|0|0|0|0|0|0|0|0|0|0|||||01-Oct-2018|923.0|0|0||T7432X|T7432X|N|N1830|Y|E1129|Y|N182|N|R809|N|Z653|Y|I4891|Y|E1122|Y|E1121|Y|E11319|Y|D4959|Y|D075|Y|E781|Y|E119|Y|E8881|Y|P292|N|Z952|N|I350|Y|R931|Y|I259|Y|E785|Y|E669|Y|P2832|N|G479|Y|Z591|Y|W50|Y07|U| | | | | | | | | | | | | | | | | | | | | | |Z741|01-Oct-2018|Z9181|01-Oct-2018|Z139|01-Oct-2018|Z1331|01-Oct-2018|Z1331|01-Oct-2018|||||||||||||||||||||||||||||||||||||||||0|0||4|450|G0444|3.0|2018-10-02T00:00:00|hospital_C|hospital_C_20181001
SYN_BENE_EC8EBC34B4F2|SYN_CLM_898B253F86D4|V|60|01-Oct-2018|01-Oct-2018|05-Oct-2018||3|377673|1|1|1|| |1034.08|0.0| ||37|1306950993| |9999907899| |9999907899|||0|1| |1034.08|01-Oct-2018|1|2|A|10|0.0|206.84|0|4|0.0|0.0|0|0|0|0|0|0|0|0|0|0|0|0|0|||||01-Oct-2018|923.0|0|0||T7432X|T7432X|N|N1830|Y|E1129|Y|N182|N|R809|N|Z653|Y|I4891|Y|E1122|Y|E1121|Y|E11319|Y|D4959|Y|D075|Y|E781|Y|E119|Y|E8881|Y|P292|N|Z952|N|I350|Y|R931|Y|I259|Y|E785|Y|E669|Y|P2832|N|G479|Y|Z591|Y|W50|Y07|U| | | | | | | | | | | | | | | | | | | | | | |Z741|01-Oct-2018|Z9181|01-Oct-2018|Z139|01-Oct-2018|Z1331|01-Oct-2018|Z1331|01-Oct-2018|||||||||||||||||||||||||||||||||||||||||0|0||5|450|G0444|3.0|2018-10-02T00:00:00|hospital_C|hospital_C_20181001
SYN_BENE_832C97383AFC|SYN_CLM_1D76BCC8AE76|V|60|01-Oct-2018|01-Oct-2018|05-Oct-2018||3|377673|1|1|1|| |1034.08|0.0| ||37|1306950993| |9999907899| |9999907899|||0|1| |1034.08|01-Oct-2018|1|2|A|10|0.0|206.84|0|4|0.0|0.0|0|0|0|0|0|0|0|0|0|0|0|0|0|||||01-Oct-2018|923.0|0|0||T7432X|T7432X|N|N1830|Y|E1129|Y|N182|N|R809|N|Z653|Y|I4891|Y|E1122|Y|E1121|Y|E11319|Y|D4959|Y|D075|Y|E781|Y|E119|Y|E8881|Y|P292|N|Z952|N|I350|Y|R931|Y|I259|Y|E785|Y|E669|Y|P2832|N|G479|Y|Z591|Y|W50|Y07|U| | | | | | | | | | | | | | | | | | | | | | |Z741|01-Oct-2018|Z9181|01-Oct-2018|Z139|01-Oct-2018|Z1331|01-Oct-2018|Z1331|01-Oct-2018|||||||||||||||||||||||||||||||||||||||||0|0||1|450|96156|3.0|2018-10-02T00:00:00|hospital_C|hospital_C_20181001
SYN_BENE_832C97383AFC|SYN_CLM_1D76BCC8AE76|V|60|01-Oct-2018|01-Oct-2018|05-Oct-2018||3|377673|1|1|1|| |1034.08|0.0| ||37|1306950993| |9999907899| |9999907899|||0|1| |1034.08|01-Oct-2018|1|2|A|10|0.0|206.84|0|4|0.0|0.0|0|0|0|0|0|0|0|0|0|0|0|0|0|||||01-Oct-2018|923.0|0|0||T7432X|T7432X|N|N1830|Y|E1129|Y|N182|N|R809|N|Z653|Y|I4891|Y|E1122|Y|E1121|Y|E11319|Y|D4959|Y|D075|Y|E781|Y|E119|Y|E8881|Y|P292|N|Z952|N|I350|Y|R931|Y|I259|Y|E785|Y|E669|Y|P2832|N|G479|Y|Z591|Y|W50|Y07|U| | | | | | | | | | | | | | | | | | | | | | |Z741|01-Oct-2018|Z9181|01-Oct-2018|Z139|01-Oct-2018|Z1331|01-Oct-2018|Z1331|01-Oct-2018|||||||||||||||||||||||||||||||||||||||||0|0||2|450|M1069|3.0|2018-10-02T00:00:00|hospital_C|hospital_C_20181001
SYN_BENE_832C97383AFC|SYN_CLM_1D76BCC8AE76|V|60|01-Oct-2018|01-Oct-2018|05-Oct-2018||3|377673|1|1|1|| |1034.08|0.0| ||37|1306950993| |9999907899| |9999907899|||0|1| |1034.08|01-Oct-2018|1|2|A|10|0.0|206.84|0|4|0.0|0.0|0|0|0|0|0|0|0|0|0|0|0|0|0|||||01-Oct-2018|923.0|0|0||T7432X|T7432X|N|N1830|Y|E1129|Y|N182|N|R809|N|Z653|Y|I4891|Y|E1122|Y|E1121|Y|E11319|Y|D4959|Y|D075|Y|E781|Y|E119|Y|E8881|Y|P292|N|Z952|N|I350|Y|R931|Y|I259|Y|E785|Y|E669|Y|P2832|N|G479|Y|Z591|Y|W50|Y07|U| | | | | | | | | | | | | | | | | | | | | | |Z741|01-Oct-2018|Z9181|01-Oct-2018|Z139|01-Oct-2018|Z1331|01-Oct-2018|Z1331|01-Oct-2018|||||||||||||||||||||||||||||||||||||||||0|0||3|450|99401|3.0|2018-10-02T00:00:00|hospital_C|hospital_C_20181001
SYN_BENE_832C97383AFC|SYN_CLM_1D76BCC8AE76|V|60|01-Oct-2018|01-Oct-2018|05-Oct-2018||3|377673|1|1|1|| |1034.08|0.0| ||37|1306950993| |9999907899| |9999907899|||0|1| |1034.08|01-Oct-2018|1|2|A|10|0.0|206.84|0|4|0.0|0.0|0|0|0|0|0|0|0|0|0|0|0|0|0|||||01-Oct-2018|923.0|0|0||T7432X|T7432X|N|N1830|Y|E1129|Y|N182|N|R809|N|Z653|Y|I4891|Y|E1122|Y|E1121|Y|E11319|Y|D4959|Y|D075|Y|E781|Y|E119|Y|E8881|Y|P292|N|Z952|N|I350|Y|R931|Y|I259|Y|E785|Y|E669|Y|P2832|N|G479|Y|Z591|Y|W50|Y07|U| | | | | | | | | | | | | | | | | | | | | | |Z741|01-Oct-2018|Z9181|01-Oct-2018|Z139|01-Oct-2018|Z1331|01-Oct-2018|Z1331|01-Oct-2018|||||||||||||||||||||||||||||||||||||||||0|0||4|450|G0444|3.0|2018-10-02T00:00:00|hospital_C|hospital_C_20181001
SYN_BENE_832C97383AFC|SYN_CLM_1D76BCC8AE76|V|60|01-Oct-2018|01-Oct-2018|05-Oct-2018||3|377673|1|1|1|| |1034.08|0.0| ||37|1306950993| |9999907899| |9999907899|||0|1| |1034.08|01-Oct-2018|1|2|A|10|0.0|206.84|0|4|0.0|0.0|0|0|0|0|0|0|0|0|0|0|0|0|0|||||01-Oct-2018|923.0|0|0||T7432X|T7432X|N|N1830|Y|E1129|Y|N182|N|R809|N|Z653|Y|I4891|Y|E1122|Y|E1121|Y|E11319|Y|D4959|Y|D075|Y|E781|Y|E119|Y|E8881|Y|P292|N|Z952|N|I350|Y|R931|Y|I259|Y|E785|Y|E669|Y|P2832|N|G479|Y|Z591|Y|W50|Y07|U| | | | | | | | | | | | | | | | | | | | | | |Z741|01-Oct-2018|Z9181|01-Oct-2018|Z139|01-Oct-2018|Z1331|01-Oct-2018|Z1331|01-Oct-2018|||||||||||||||||||||||||||||||||||||||||0|0||5|450|G0444|3.0|2018-10-02T00:00:00|hospital_C|hospital_C_20181001
SYN_BENE_0F95B8664D25|SYN_CLM_A161D028DEC1|V|60|01-Oct-2018|01-Oct-2018|05-Oct-2018||3|377673|1|1|1|| |1034.08|0.0| ||37|1306950993| |9999907899| |9999907899|||0|1| |1034.08|01-Oct-2018|1|2|A|10|0.0|206.84|0|4|0.0|0.0|0|0|0|0|0|0|0|0|0|0|0|0|0|||||01-Oct-2018|923.0|0|0||T7432X|T7432X|N|N1830|Y|E1129|Y|N182|N|R809|N|Z653|Y|I4891|Y|E1122|Y|E1121|Y|E11319|Y|D4959|Y|D075|Y|E781|Y|E119|Y|E8881|Y|P292|N|Z952|N|I350|Y|R931|Y|I259|Y|E785|Y|E669|Y|P2832|N|G479|Y|Z591|Y|W50|Y07|U| | | | | | | | | | | | | | | | | | | | | | |Z741|01-Oct-2018|Z9181|01-Oct-2018|Z139|01-Oct-2018|Z1331|01-Oct-2018|Z1331|01-Oct-2018|||||||||||||||||||||||||||||||||||||||||0|0||1|450|96156|3.0|2018-10-02T00:00:00|hospital_C|hospital_C_20181001
SYN_BENE_0F95B8664D25|SYN_CLM_A161D028DEC1|V|60|01-Oct-2018|01-Oct-2018|05-Oct-2018||3|377673|1|1|1|| |1034.08|0.0| ||37|1306950993| |9999907899| |9999907899|||0|1| |1034.08|01-Oct-2018|1|2|A|10|0.0|206.84|0|4|0.0|0.0|0|0|0|0|0|0|0|0|0|0|0|0|0|||||01-Oct-2018|923.0|0|0||T7432X|T7432X|N|N1830|Y|E1129|Y|N182|N|R809|N|Z653|Y|I4891|Y|E1122|Y|E1121|Y|E11319|Y|D4959|Y|D075|Y|E781|Y|E119|Y|E8881|Y|P292|N|Z952|N|I350|Y|R931|Y|I259|Y|E785|Y|E669|Y|P2832|N|G479|Y|Z591|Y|W50|Y07|U| | | | | | | | | | | | | | | | | | | | | | |Z741|01-Oct-2018|Z9181|01-Oct-2018|Z139|01-Oct-2018|Z1331|01-Oct-2018|Z1331|01-Oct-2018|||||||||||||||||||||||||||||||||||||||||0|0||2|450|M1069|3.0|2018-10-02T00:00:00|hospital_C|hospital_C_20181001
SYN_BENE_0F95B8664D25|SYN_CLM_A161D028DEC1|V|60|01-Oct-2018|01-Oct-2018|05-Oct-2018||3|377673|1|1|1|| |1034.08|0.0| ||37|1306950993| |9999907899| |9999907899|||0|1| |1034.08|01-Oct-2018|1|2|A|10|0.0|206.84|0|4|0.0|0.0|0|0|0|0|0|0|0|0|0|0|0|0|0|||||01-Oct-2018|923.0|0|0||T7432X|T7432X|N|N1830|Y|E1129|Y|N182|N|R809|N|Z653|Y|I4891|Y|E1122|Y|E1121|Y|E11319|Y|D4959|Y|D075|Y|E781|Y|E119|Y|E8881|Y|P292|N|Z952|N|I350|Y|R931|Y|I259|Y|E785|Y|E669|Y|P2832|N|G479|Y|Z591|Y|W50|Y07|U| | | | | | | | | | | | | | | | | | | | | | |Z741|01-Oct-2018|Z9181|01-Oct-2018|Z139|01-Oct-2018|Z1331|01-Oct-2018|Z1331|01-Oct-2018|||||||||||||||||||||||||||||||||||||||||0|0||3|450|99401|3.0|2018-10-02T00:00:00|hospital_C|hospital_C_20181001
SYN_BENE_0F95B8664D25|SYN_CLM_A161D028DEC1|V|60|01-Oct-2018|01-Oct-2018|05-Oct-2018||3|377673|1|1|1|| |1034.08|0.0| ||37|1306950993| |9999907899| |9999907899|||0|1| |1034.08|01-Oct-2018|1|2|A|10|0.0|206.84|0|4|0.0|0.0|0|0|0|0|0|0|0|0|0|0|0|0|0|||||01-Oct-2018|923.0|0|0||T7432X|T7432X|N|N1830|Y|E1129|Y|N182|N|R809|N|Z653|Y|I4891|Y|E1122|Y|E1121|Y|E11319|Y|D4959|Y|D075|Y|E781|Y|E119|Y|E8881|Y|P292|N|Z952|N|I350|Y|R931|Y|I259|Y|E785|Y|E669|Y|P2832|N|G479|Y|Z591|Y|W50|Y07|U| | | | | | | | | | | | | | | | | | | | | | |Z741|01-Oct-2018|Z9181|01-Oct-2018|Z139|01-Oct-2018|Z1331|01-Oct-2018|Z1331|01-Oct-2018|||||||||||||||||||||||||||||||||||||||||0|0||4|450|G0444|3.0|2018-10-02T00:00:00|hospital_C|hospital_C_20181001
SYN_BENE_0F95B8664D25|SYN_CLM_A161D028DEC1|V|60|01-Oct-2018|01-Oct-2018|05-Oct-2018||3|377673|1|1|1|| |1034.08|0.0| ||37|1306950993| |9999907899| |9999907899|||0|1| |1034.08|01-Oct-2018|1|2|A|10|0.0|206.84|0|4|0.0|0.0|0|0|0|0|0|0|0|0|0|0|0|0|0|||||01-Oct-2018|923.0|0|0||T7432X|T7432X|N|N1830|Y|E1129|Y|N182|N|R809|N|Z653|Y|I4891|Y|E1122|Y|E1121|Y|E11319|Y|D4959|Y|D075|Y|E781|Y|E119|Y|E8881|Y|P292|N|Z952|N|I350|Y|R931|Y|I259|Y|E785|Y|E669|Y|P2832|N|G479|Y|Z591|Y|W50|Y07|U| | | | | | | | | | | | | | | | | | | | | | |Z741|01-Oct-2018|Z9181|01-Oct-2018|Z139|01-Oct-2018|Z1331|01-Oct-2018|Z1331|01-Oct-2018|||||||||||||||||||||||||||||||||||||||||0|0||5|450|G0444|3.0|2018-10-02T00:00:00|hospital_C|hospital_C_20181001
SYN_BENE_CC74F324BFC1|SYN_CLM_F848AA6D4476|V|60|01-Oct-2018|01-Oct-2018|05-Oct-2018||3|377673|1|1|1|| |1034.08|0.0| ||37|1306950993| |9999907899| |9999907899|||0|1| |1034.08|01-Oct-2018|1|2|A|10|0.0|206.84|0|4|0.0|0.0|0|0|0|0|0|0|0|0|0|0|0|0|0|||||01-Oct-2018|923.0|0|0||T7432X|T7432X|N|N1830|Y|E1129|Y|N182|N|R809|N|Z653|Y|I4891|Y|E1122|Y|E1121|Y|E11319|Y|D4959|Y|D075|Y|E781|Y|E119|Y|E8881|Y|P292|N|Z952|N|I350|Y|R931|Y|I259|Y|E785|Y|E669|Y|P2832|N|G479|Y|Z591|Y|W50|Y07|U| | | | | | | | | | | | | | | | | | | | | | |Z741|01-Oct-2018|Z9181|01-Oct-2018|Z139|01-Oct-2018|Z1331|01-Oct-2018|Z1331|01-Oct-2018|||||||||||||||||||||||||||||||||||||||||0|0||1|450|96156|3.0|2018-10-02T00:00:00|hospital_C|hospital_C_20181001
SYN_BENE_CC74F324BFC1|SYN_CLM_F848AA6D4476|V|60|01-Oct-2018|01-Oct-2018|05-Oct-2018||3|377673|1|1|1|| |1034.08|0.0| ||37|1306950993| |9999907899| |9999907899|||0|1| |1034.08|01-Oct-2018|1|2|A|10|0.0|206.84|0|4|0.0|0.0|0|0|0|0|0|0|0|0|0|0|0|0|0|||||01-Oct-2018|923.0|0|0||T7432X|T7432X|N|N1830|Y|E1129|Y|N182|N|R809|N|Z653|Y|I4891|Y|E1122|Y|E1121|Y|E11319|Y|D4959|Y|D075|Y|E781|Y|E119|Y|E8881|Y|P292|N|Z952|N|I350|Y|R931|Y|I259|Y|E785|Y|E669|Y|P2832|N|G479|Y|Z591|Y|W50|Y07|U| | | | | | | | | | | | | | | | | | | | | | |Z741|01-Oct-2018|Z9181|01-Oct-2018|Z139|01-Oct-2018|Z1331|01-Oct-2018|Z1331|01-Oct-2018|||||||||||||||||||||||||||||||||||||||||0|0||2|450|M1069|3.0|2018-10-02T00:00:00|hospital_C|hospital_C_20181001
SYN_BENE_CC74F324BFC1|SYN_CLM_F848AA6D4476|V|60|01-Oct-2018|01-Oct-2018|05-Oct-2018||3|377673|1|1|1|| |1034.08|0.0| ||37|1306950993| |9999907899| |9999907899|||0|1| |1034.08|01-Oct-2018|1|2|A|10|0.0|206.84|0|4|0.0|0.0|0|0|0|0|0|0|0|0|0|0|0|0|0|||||01-Oct-2018|923.0|0|0||T7432X|T7432X|N|N1830|Y|E1129|Y|N182|N|R809|N|Z653|Y|I4891|Y|E1122|Y|E1121|Y|E11319|Y|D4959|Y|D075|Y|E781|Y|E119|Y|E8881|Y|P292|N|Z952|N|I350|Y|R931|Y|I259|Y|E785|Y|E669|Y|P2832|N|G479|Y|Z591|Y|W50|Y07|U| | | | | | | | | | | | | | | | | | | | | | |Z741|01-Oct-2018|Z9181|01-Oct-2018|Z139|01-Oct-2018|Z1331|01-Oct-2018|Z1331|01-Oct-2018|||||||||||||||||||||||||||||||||||||||||0|0||3|450|99401|3.0|2018-10-02T00:00:00|hospital_C|hospital_C_20181001
SYN_BENE_CC74F324BFC1|SYN_CLM_F848AA6D4476|V|60|01-Oct-2018|01-Oct-2018|05-Oct-2018||3|377673|1|1|1|| |1034.08|0.0| ||37|1306950993| |9999907899| |9999907899|||0|1| |1034.08|01-Oct-2018|1|2|A|10|0.0|206.84|0|4|0.0|0.0|0|0|0|0|0|0|0|0|0|0|0|0|0|||||01-Oct-2018|923.0|0|0||T7432X|T7432X|N|N1830|Y|E1129|Y|N182|N|R809|N|Z653|Y|I4891|Y|E1122|Y|E1121|Y|E11319|Y|D4959|Y|D075|Y|E781|Y|E119|Y|E8881|Y|P292|N|Z952|N|I350|Y|R931|Y|I259|Y|E785|Y|E669|Y|P2832|N|G479|Y|Z591|Y|W50|Y07|U| | | | | | | | | | | | | | | | | | | | | | |Z741|01-Oct-2018|Z9181|01-Oct-2018|Z139|01-Oct-2018|Z1331|01-Oct-2018|Z1331|01-Oct-2018|||||||||||||||||||||||||||||||||||||||||0|0||4|450|G0444|3.0|2018-10-02T00:00:00|hospital_C|hospital_C_20181001
SYN_BENE_CC74F324BFC1|SYN_CLM_F848AA6D4476|V|60|01-Oct-2018|01-Oct-2018|05-Oct-2018||3|377673|1|1|1|| |1034.08|0.0| ||37|1306950993| |9999907899| |9999907899|||0|1| |1034.08|01-Oct-2018|1|2|A|10|0.0|206.84|0|4|0.0|0.0|0|0|0|0|0|0|0|0|0|0|0|0|0|||||01-Oct-2018|923.0|0|0||T7432X|T7432X|N|N1830|Y|E1129|Y|N182|N|R809|N|Z653|Y|I4891|Y|E1122|Y|E1121|Y|E11319|Y|D4959|Y|D075|Y|E781|Y|E119|Y|E8881|Y|P292|N|Z952|N|I350|Y|R931|Y|I259|Y|E785|Y|E669|Y|P2832|N|G479|Y|Z591|Y|W50|Y07|U| | | | | | | | | | | | | | | | | | | | | | |Z741|01-Oct-2018|Z9181|01-Oct-2018|Z139|01-Oct-2018|Z1331|01-Oct-2018|Z1331|01-Oct-2018|||||||||||||||||||||||||||||||||||||||||0|0||5|450|G0444|3.0|2018-10-02T00:00:00|hospital_C|hospital_C_20181001
SYN_BENE_71040894A441|SYN_CLM_5F41650F1DC3|V|60|01-Oct-2018|01-Oct-2018|05-Oct-2018||3|377673|1|1|1|| |1034.08|0.0| ||37|1306950993| |9999907899| |9999907899|||0|1| |1034.08|01-Oct-2018|1|2|A|10|0.0|206.84|0|4|0.0|0.0|0|0|0|0|0|0|0|0|0|0|0|0|0|||||01-Oct-2018|923.0|0|0||T7432X|T7432X|N|N1830|Y|E1129|Y|N182|N|R809|N|Z653|Y|I4891|Y|E1122|Y|E1121|Y|E11319|Y|D4959|Y|D075|Y|E781|Y|E119|Y|E8881|Y|P292|N|Z952|N|I350|Y|R931|Y|I259|Y|E785|Y|E669|Y|P2832|N|G479|Y|Z591|Y|W50|Y07|U| | | | | | | | | | | | | | | | | | | | | | |Z741|01-Oct-2018|Z9181|01-Oct-2018|Z139|01-Oct-2018|Z1331|01-Oct-2018|Z1331|01-Oct-2018|||||||||||||||||||||||||||||||||||||||||0|0||1|450|96156|3.0|2018-10-02T00:00:00|hospital_C|hospital_C_20181001
SYN_BENE_71040894A441|SYN_CLM_5F41650F1DC3|V|60|01-Oct-2018|01-Oct-2018|05-Oct-2018||3|377673|1|1|1|| |1034.08|0.0| ||37|1306950993| |9999907899| |9999907899|||0|1| |1034.08|01-Oct-2018|1|2|A|10|0.0|206.84|0|4|0.0|0.0|0|0|0|0|0|0|0|0|0|0|0|0|0|||||01-Oct-2018|923.0|0|0||T7432X|T7432X|N|N1830|Y|E1129|Y|N182|N|R809|N|Z653|Y|I4891|Y|E1122|Y|E1121|Y|E11319|Y|D4959|Y|D075|Y|E781|Y|E119|Y|E8881|Y|P292|N|Z952|N|I350|Y|R931|Y|I259|Y|E785|Y|E669|Y|P2832|N|G479|Y|Z591|Y|W50|Y07|U| | | | | | | | | | | | | | | | | | | | | | |Z741|01-Oct-2018|Z9181|01-Oct-2018|Z139|01-Oct-2018|Z1331|01-Oct-2018|Z1331|01-Oct-2018|||||||||||||||||||||||||||||||||||||||||0|0||2|450|M1069|3.0|2018-10-02T00:00:00|hospital_C|hospital_C_20181001
SYN_BENE_71040894A441|SYN_CLM_5F41650F1DC3|V|60|01-Oct-2018|01-Oct-2018|05-Oct-2018||3|377673|1|1|1|| |1034.08|0.0| ||37|1306950993| |9999907899| |9999907899|||0|1| |1034.08|01-Oct-2018|1|2|A|10|0.0|206.84|0|4|0.0|0.0|0|0|0|0|0|0|0|0|0|0|0|0|0|||||01-Oct-2018|923.0|0|0||T7432X|T7432X|N|N1830|Y|E1129|Y|N182|N|R809|N|Z653|Y|I4891|Y|E1122|Y|E1121|Y|E11319|Y|D4959|Y|D075|Y|E781|Y|E119|Y|E8881|Y|P292|N|Z952|N|I350|Y|R931|Y|I259|Y|E785|Y|E669|Y|P2832|N|G479|Y|Z591|Y|W50|Y07|U| | | | | | | | | | | | | | | | | | | | | | |Z741|01-Oct-2018|Z9181|01-Oct-2018|Z139|01-Oct-2018|Z1331|01-Oct-2018|Z1331|01-Oct-2018|||||||||||||||||||||||||||||||||||||||||0|0||3|450|99401|3.0|2018-10-02T00:00:00|hospital_C|hospital_C_20181001
SYN_BENE_71040894A441|SYN_CLM_5F41650F1DC3|V|60|01-Oct-2018|01-Oct-2018|05-Oct-2018||3|377673|1|1|1|| |1034.08|0.0| ||37|1306950993| |9999907899| |9999907899|||0|1| |1034.08|01-Oct-2018|1|2|A|10|0.0|206.84|0|4|0.0|0.0|0|0|0|0|0|0|0|0|0|0|0|0|0|||||01-Oct-2018|923.0|0|0||T7432X|T7432X|N|N1830|Y|E1129|Y|N182|N|R809|N|Z653|Y|I4891|Y|E1122|Y|E1121|Y|E11319|Y|D4959|Y|D075|Y|E781|Y|E119|Y|E8881|Y|P292|N|Z952|N|I350|Y|R931|Y|I259|Y|E785|Y|E669|Y|P2832|N|G479|Y|Z591|Y|W50|Y07|U| | | | | | | | | | | | | | | | | | | | | | |Z741|01-Oct-2018|Z9181|01-Oct-2018|Z139|01-Oct-2018|Z1331|01-Oct-2018|Z1331|01-Oct-2018|||||||||||||||||||||||||||||||||||||||||0|0||4|450|G0444|3.0|2018-10-02T00:00:00|hospital_C|hospital_C_20181001
SYN_BENE_71040894A441|SYN_CLM_5F41650F1DC3|V|60|01-Oct-2018|01-Oct-2018|05-Oct-2018||3|377673|1|1|1|| |1034.08|0.0| ||37|1306950993| |9999907899| |9999907899|||0|1| |1034.08|01-Oct-2018|1|2|A|10|0.0|206.84|0|4|0.0|0.0|0|0|0|0|0|0|0|0|0|0|0|0|0|||||01-Oct-2018|923.0|0|0||T7432X|T7432X|N|N1830|Y|E1129|Y|N182|N|R809|N|Z653|Y|I4891|Y|E1122|Y|E1121|Y|E11319|Y|D4959|Y|D075|Y|E781|Y|E119|Y|E8881|Y|P292|N|Z952|N|I350|Y|R931|Y|I259|Y|E785|Y|E669|Y|P2832|N|G479|Y|Z591|Y|W50|Y07|U| | | | | | | | | | | | | | | | | | | | | | |Z741|01-Oct-2018|Z9181|01-Oct-2018|Z139|01-Oct-2018|Z1331|01-Oct-2018|Z1331|01-Oct-2018|||||||||||||||||||||||||||||||||||||||||0|0||5|450|G0444|3.0|2018-10-02T00:00:00|hospital_C|hospital_C_20181001
SYN_BENE_6647BEE6F73C|SYN_CLM_28DB4649D12C|V|60|01-Oct-2018|01-Oct-2018|05-Oct-2018||3|377673|1|1|1|| |1034.08|0.0| ||37|1306950993| |9999907899| |9999907899|||0|1| |1034.08|01-Oct-2018|1|2|A|10|0.0|206.84|0|4|0.0|0.0|0|0|0|0|0|0|0|0|0|0|0|0|0|||||01-Oct-2018|923.0|0|0||T7432X|T7432X|N|N1830|Y|E1129|Y|N182|N|R809|N|Z653|Y|I4891|Y|E1122|Y|E1121|Y|E11319|Y|D4959|Y|D075|Y|E781|Y|E119|Y|E8881|Y|P292|N|Z952|N|I350|Y|R931|Y|I259|Y|E785|Y|E669|Y|P2832|N|G479|Y|Z591|Y|W50|Y07|U| | | | | | | | | | | | | | | | | | | | | | |Z741|01-Oct-2018|Z9181|01-Oct-2018|Z139|01-Oct-2018|Z1331|01-Oct-2018|Z1331|01-Oct-2018|||||||||||||||||||||||||||||||||||||||||0|0||1|450|96156|3.0|2018-10-02T00:00:00|hospital_C|hospital_C_20181001
SYN_BENE_6647BEE6F73C|SYN_CLM_28DB4649D12C|V|60|01-Oct-2018|01-Oct-2018|05-Oct-2018||3|377673|1|1|1|| |1034.08|0.0| ||37|1306950993| |9999907899| |9999907899|||0|1| |1034.08|01-Oct-2018|1|2|A|10|0.0|206.84|0|4|0.0|0.0|0|0|0|0|0|0|0|0|0|0|0|0|0|||||01-Oct-2018|923.0|0|0||T7432X|T7432X|N|N1830|Y|E1129|Y|N182|N|R809|N|Z653|Y|I4891|Y|E1122|Y|E1121|Y|E11319|Y|D4959|Y|D075|Y|E781|Y|E119|Y|E8881|Y|P292|N|Z952|N|I350|Y|R931|Y|I259|Y|E785|Y|E669|Y|P2832|N|G479|Y|Z591|Y|W50|Y07|U| | | | | | | | | | | | | | | | | | | | | | |Z741|01-Oct-2018|Z9181|01-Oct-2018|Z139|01-Oct-2018|Z1331|01-Oct-2018|Z1331|01-Oct-2018|||||||||||||||||||||||||||||||||||||||||0|0||2|450|M1069|3.0|2018-10-02T00:00:00|hospital_C|hospital_C_20181001
SYN_BENE_6647BEE6F73C|SYN_CLM_28DB4649D12C|V|60|01-Oct-2018|01-Oct-2018|05-Oct-2018||3|377673|1|1|1|| |1034.08|0.0| ||37|1306950993| |9999907899| |9999907899|||0|1| |1034.08|01-Oct-2018|1|2|A|10|0.0|206.84|0|4|0.0|0.0|0|0|0|0|0|0|0|0|0|0|0|0|0|||||01-Oct-2018|923.0|0|0||T7432X|T7432X|N|N1830|Y|E1129|Y|N182|N|R809|N|Z653|Y|I4891|Y|E1122|Y|E1121|Y|E11319|Y|D4959|Y|D075|Y|E781|Y|E119|Y|E8881|Y|P292|N|Z952|N|I350|Y|R931|Y|I259|Y|E785|Y|E669|Y|P2832|N|G479|Y|Z591|Y|W50|Y07|U| | | | | | | | | | | | | | | | | | | | | | |Z741|01-Oct-2018|Z9181|01-Oct-2018|Z139|01-Oct-2018|Z1331|01-Oct-2018|Z1331|01-Oct-2018|||||||||||||||||||||||||||||||||||||||||0|0||3|450|99401|3.0|2018-10-02T00:00:00|hospital_C|hospital_C_20181001
SYN_BENE_6647BEE6F73C|SYN_CLM_28DB4649D12C|V|60|01-Oct-2018|01-Oct-2018|05-Oct-2018||3|377673|1|1|1|| |1034.08|0.0| ||37|1306950993| |9999907899| |9999907899|||0|1| |1034.08|01-Oct-2018|1|2|A|10|0.0|206.84|0|4|0.0|0.0|0|0|0|0|0|0|0|0|0|0|0|0|0|||||01-Oct-2018|923.0|0|0||T7432X|T7432X|N|N1830|Y|E1129|Y|N182|N|R809|N|Z653|Y|I4891|Y|E1122|Y|E1121|Y|E11319|Y|D4959|Y|D075|Y|E781|Y|E119|Y|E8881|Y|P292|N|Z952|N|I350|Y|R931|Y|I259|Y|E785|Y|E669|Y|P2832|N|G479|Y|Z591|Y|W50|Y07|U| | | | | | | | | | | | | | | | | | | | | | |Z741|01-Oct-2018|Z9181|01-Oct-2018|Z139|01-Oct-2018|Z1331|01-Oct-2018|Z1331|01-Oct-2018|||||||||||||||||||||||||||||||||||||||||0|0||4|450|G0444|3.0|2018-10-02T00:00:00|hospital_C|hospital_C_20181001
SYN_BENE_6647BEE6F73C|SYN_CLM_28DB4649D12C|V|60|01-Oct-2018|01-Oct-2018|05-Oct-2018||3|377673|1|1|1|| |1034.08|0.0| ||37|1306950993| |9999907899| |9999907899|||0|1| |1034.08|01-Oct-2018|1|2|A|10|0.0|206.84|0|4|0.0|0.0|0|0|0|0|0|0|0|0|0|0|0|0|0|||||01-Oct-2018|923.0|0|0||T7432X|T7432X|N|N1830|Y|E1129|Y|N182|N|R809|N|Z653|Y|I4891|Y|E1122|Y|E1121|Y|E11319|Y|D4959|Y|D075|Y|E781|Y|E119|Y|E8881|Y|P292|N|Z952|N|I350|Y|R931|Y|I259|Y|E785|Y|E669|Y|P2832|N|G479|Y|Z591|Y|W50|Y07|U| | | | | | | | | | | | | | | | | | | | | | |Z741|01-Oct-2018|Z9181|01-Oct-2018|Z139|01-Oct-2018|Z1331|01-Oct-2018|Z1331|01-Oct-2018|||||||||||||||||||||||||||||||||||||||||0|0||5|450|G0444|3.0|2018-10-02T00:00:00|hospital_C|hospital_C_20181001
SYN_BENE_AE386708297F|SYN_CLM_180D5FB6A1F0|V|60|01-Oct-2018|01-Oct-2018|05-Oct-2018||3|377673|1|1|1|| |1034.08|0.0| ||37|1306950993| |9999907899| |9999907899|||0|1| |1034.08|01-Oct-2018|1|2|A|10|0.0|206.84|0|4|0.0|0.0|0|0|0|0|0|0|0|0|0|0|0|0|0|||||01-Oct-2018|923.0|0|0||T7432X|T7432X|N|N1830|Y|E1129|Y|N182|N|R809|N|Z653|Y|I4891|Y|E1122|Y|E1121|Y|E11319|Y|D4959|Y|D075|Y|E781|Y|E119|Y|E8881|Y|P292|N|Z952|N|I350|Y|R931|Y|I259|Y|E785|Y|E669|Y|P2832|N|G479|Y|Z591|Y|W50|Y07|U| | | | | | | | | | | | | | | | | | | | | | |Z741|01-Oct-2018|Z9181|01-Oct-2018|Z139|01-Oct-2018|Z1331|01-Oct-2018|Z1331|01-Oct-2018|||||||||||||||||||||||||||||||||||||||||0|0||1|450|96156|3.0|2018-10-02T00:00:00|hospital_C|hospital_C_20181001
SYN_BENE_AE386708297F|SYN_CLM_180D5FB6A1F0|V|60|01-Oct-2018|01-Oct-2018|05-Oct-2018||3|377673|1|1|1|| |1034.08|0.0| ||37|1306950993| |9999907899| |9999907899|||0|1| |1034.08|01-Oct-2018|1|2|A|10|0.0|206.84|0|4|0.0|0.0|0|0|0|0|0|0|0|0|0|0|0|0|0|||||01-Oct-2018|923.0|0|0||T7432X|T7432X|N|N1830|Y|E1129|Y|N182|N|R809|N|Z653|Y|I4891|Y|E1122|Y|E1121|Y|E11319|Y|D4959|Y|D075|Y|E781|Y|E119|Y|E8881|Y|P292|N|Z952|N|I350|Y|R931|Y|I259|Y|E785|Y|E669|Y|P2832|N|G479|Y|Z591|Y|W50|Y07|U| | | | | | | | | | | | | | | | | | | | | | |Z741|01-Oct-2018|Z9181|01-Oct-2018|Z139|01-Oct-2018|Z1331|01-Oct-2018|Z1331|01-Oct-2018|||||||||||||||||||||||||||||||||||||||||0|0||2|450|M1069|3.0|2018-10-02T00:00:00|hospital_C|hospital_C_20181001
SYN_BENE_AE386708297F|SYN_CLM_180D5FB6A1F0|V|60|01-Oct-2018|01-Oct-2018|05-Oct-2018||3|377673|1|1|1|| |1034.08|0.0| ||37|1306950993| |9999907899| |9999907899|||0|1| |1034.08|01-Oct-2018|1|2|A|10|0.0|206.84|0|4|0.0|0.0|0|0|0|0|0|0|0|0|0|0|0|0|0|||||01-Oct-2018|923.0|0|0||T7432X|T7432X|N|N1830|Y|E1129|Y|N182|N|R809|N|Z653|Y|I4891|Y|E1122|Y|E1121|Y|E11319|Y|D4959|Y|D075|Y|E781|Y|E119|Y|E8881|Y|P292|N|Z952|N|I350|Y|R931|Y|I259|Y|E785|Y|E669|Y|P2832|N|G479|Y|Z591|Y|W50|Y07|U| | | | | | | | | | | | | | | | | | | | | | |Z741|01-Oct-2018|Z9181|01-Oct-2018|Z139|01-Oct-2018|Z1331|01-Oct-2018|Z1331|01-Oct-2018|||||||||||||||||||||||||||||||||||||||||0|0||3|450|99401|3.0|2018-10-02T00:00:00|hospital_C|hospital_C_20181001
SYN_BENE_AE386708297F|SYN_CLM_180D5FB6A1F0|V|60|01-Oct-2018|01-Oct-2018|05-Oct-2018||3|377673|1|1|1|| |1034.08|0.0| ||37|1306950993| |9999907899| |9999907899|||0|1| |1034.08|01-Oct-2018|1|2|A|10|0.0|206.84|0|4|0.0|0.0|0|0|0|0|0|0|0|0|0|0|0|0|0|||||01-Oct-2018|923.0|0|0||T7432X|T7432X|N|N1830|Y|E1129|Y|N182|N|R809|N|Z653|Y|I4891|Y|E1122|Y|E1121|Y|E11319|Y|D4959|Y|D075|Y|E781|Y|E119|Y|E8881|Y|P292|N|Z952|N|I350|Y|R931|Y|I259|Y|E785|Y|E669|Y|P2832|N|G479|Y|Z591|Y|W50|Y07|U| | | | | | | | | | | | | | | | | | | | | | |Z741|01-Oct-2018|Z9181|01-Oct-2018|Z139|01-Oct-2018|Z1331|01-Oct-2018|Z1331|01-Oct-2018|||||||||||||||||||||||||||||||||||||||||0|0||4|450|G0444|3.0|2018-10-02T00:00:00|hospital_C|hospital_C_20181001
SYN_BENE_AE386708297F|SYN_CLM_180D5FB6A1F0|V|60|01-Oct-2018|01-Oct-2018|05-Oct-2018||3|377673|1|1|1|| |1034.08|0.0| ||37|1306950993| |9999907899| |9999907899|||0|1| |1034.08|01-Oct-2018|1|2|A|10|0.0|206.84|0|4|0.0|0.0|0|0|0|0|0|0|0|0|0|0|0|0|0|||||01-Oct-2018|923.0|0|0||T7432X|T7432X|N|N1830|Y|E1129|Y|N182|N|R809|N|Z653|Y|I4891|Y|E1122|Y|E1121|Y|E11319|Y|D4959|Y|D075|Y|E781|Y|E119|Y|E8881|Y|P292|N|Z952|N|I350|Y|R931|Y|I259|Y|E785|Y|E669|Y|P2832|N|G479|Y|Z591|Y|W50|Y07|U| | | | | | | | | | | | | | | | | | | | | | |Z741|01-Oct-2018|Z9181|01-Oct-2018|Z139|01-Oct-2018|Z1331|01-Oct-2018|Z1331|01-Oct-2018|||||||||||||||||||||||||||||||||||||||||0|0||5|450|G0444|3.0|2018-10-02T00:00:00|hospital_C|hospital_C_20181001
SYN_BENE_929C46BD4807|SYN_CLM_1AED43AA6443|V|60|01-Oct-2018|01-Oct-2018|05-Oct-2018||3|377673|1|1|1|| |1034.08|0.0| ||37|1306950993| |9999907899| |9999907899|||0|1| |1034.08|01-Oct-2018|1|2|A|10|0.0|206.84|0|4|0.0|0.0|0|0|0|0|0|0|0|0|0|0|0|0|0|||||01-Oct-2018|923.0|0|0||T7432X|T7432X|N|N1830|Y|E1129|Y|N182|N|R809|N|Z653|Y|I4891|Y|E1122|Y|E1121|Y|E11319|Y|D4959|Y|D075|Y|E781|Y|E119|Y|E8881|Y|P292|N|Z952|N|I350|Y|R931|Y|I259|Y|E785|Y|E669|Y|P2832|N|G479|Y|Z591|Y|W50|Y07|U| | | | | | | | | | | | | | | | | | | | | | |Z741|01-Oct-2018|Z9181|01-Oct-2018|Z139|01-Oct-2018|Z1331|01-Oct-2018|Z1331|01-Oct-2018|||||||||||||||||||||||||||||||||||||||||0|0||1|450|96156|3.0|2018-10-02T00:00:00|hospital_C|hospital_C_20181001
SYN_BENE_929C46BD4807|SYN_CLM_1AED43AA6443|V|60|01-Oct-2018|01-Oct-2018|05-Oct-2018||3|377673|1|1|1|| |1034.08|0.0| ||37|1306950993| |9999907899| |9999907899|||0|1| |1034.08|01-Oct-2018|1|2|A|10|0.0|206.84|0|4|0.0|0.0|0|0|0|0|0|0|0|0|0|0|0|0|0|||||01-Oct-2018|923.0|0|0||T7432X|T7432X|N|N1830|Y|E1129|Y|N182|N|R809|N|Z653|Y|I4891|Y|E1122|Y|E1121|Y|E11319|Y|D4959|Y|D075|Y|E781|Y|E119|Y|E8881|Y|P292|N|Z952|N|I350|Y|R931|Y|I259|Y|E785|Y|E669|Y|P2832|N|G479|Y|Z591|Y|W50|Y07|U| | | | | | | | | | | | | | | | | | | | | | |Z741|01-Oct-2018|Z9181|01-Oct-2018|Z139|01-Oct-2018|Z1331|01-Oct-2018|Z1331|01-Oct-2018|||||||||||||||||||||||||||||||||||||||||0|0||2|450|M1069|3.0|2018-10-02T00:00:00|hospital_C|hospital_C_20181001
SYN_BENE_929C46BD4807|SYN_CLM_1AED43AA6443|V|60|01-Oct-2018|01-Oct-2018|05-Oct-2018||3|377673|1|1|1|| |1034.08|0.0| ||37|1306950993| |9999907899| |9999907899|||0|1| |1034.08|01-Oct-2018|1|2|A|10|0.0|206.84|0|4|0.0|0.0|0|0|0|0|0|0|0|0|0|0|0|0|0|||||01-Oct-2018|923.0|0|0||T7432X|T7432X|N|N1830|Y|E1129|Y|N182|N|R809|N|Z653|Y|I4891|Y|E1122|Y|E1121|Y|E11319|Y|D4959|Y|D075|Y|E781|Y|E119|Y|E8881|Y|P292|N|Z952|N|I350|Y|R931|Y|I259|Y|E785|Y|E669|Y|P2832|N|G479|Y|Z591|Y|W50|Y07|U| | | | | | | | | | | | | | | | | | | | | | |Z741|01-Oct-2018|Z9181|01-Oct-2018|Z139|01-Oct-2018|Z1331|01-Oct-2018|Z1331|01-Oct-2018|||||||||||||||||||||||||||||||||||||||||0|0||3|450|99401|3.0|2018-10-02T00:00:00|hospital_C|hospital_C_20181001
SYN_BENE_929C46BD4807|SYN_CLM_1AED43AA6443|V|60|01-Oct-2018|01-Oct-2018|05-Oct-2018||3|377673|1|1|1|| |1034.08|0.0| ||37|1306950993| |9999907899| |9999907899|||0|1| |1034.08|01-Oct-2018|1|2|A|10|0.0|206.84|0|4|0.0|0.0|0|0|0|0|0|0|0|0|0|0|0|0|0|||||01-Oct-2018|923.0|0|0||T7432X|T7432X|N|N1830|Y|E1129|Y|N182|N|R809|N|Z653|Y|I4891|Y|E1122|Y|E1121|Y|E11319|Y|D4959|Y|D075|Y|E781|Y|E119|Y|E8881|Y|P292|N|Z952|N|I350|Y|R931|Y|I259|Y|E785|Y|E669|Y|P2832|N|G479|Y|Z591|Y|W50|Y07|U| | | | | | | | | | | | | | | | | | | | | | |Z741|01-Oct-2018|Z9181|01-Oct-2018|Z139|01-Oct-2018|Z1331|01-Oct-2018|Z1331|01-Oct-2018|||||||||||||||||||||||||||||||||||||||||0|0||4|450|G0444|3.0|2018-10-02T00:00:00|hospital_C|hospital_C_20181001
SYN_BENE_929C46BD4807|SYN_CLM_1AED43AA6443|V|60|01-Oct-2018|01-Oct-2018|05-Oct-2018||3|377673|1|1|1|| |1034.08|0.0| ||37|1306950993| |9999907899| |9999907899|||0|1| |1034.08|01-Oct-2018|1|2|A|10|0.0|206.84|0|4|0.0|0.0|0|0|0|0|0|0|0|0|0|0|0|0|0|||||01-Oct-2018|923.0|0|0||T7432X|T7432X|N|N1830|Y|E1129|Y|N182|N|R809|N|Z653|Y|I4891|Y|E1122|Y|E1121|Y|E11319|Y|D4959|Y|D075|Y|E781|Y|E119|Y|E8881|Y|P292|N|Z952|N|I350|Y|R931|Y|I259|Y|E785|Y|E669|Y|P2832|N|G479|Y|Z591|Y|W50|Y07|U| | | | | | | | | | | | | | | | | | | | | | |Z741|01-Oct-2018|Z9181|01-Oct-2018|Z139|01-Oct-2018|Z1331|01-Oct-2018|Z1331|01-Oct-2018|||||||||||||||||||||||||||||||||||||||||0|0||5|450|G0444|3.0|2018-10-02T00:00:00|hospital_C|hospital_C_20181001
SYN_BENE_51A0A0434B4F|SYN_CLM_B8A9C76E324B|V|60|01-Oct-2018|01-Oct-2018|05-Oct-2018||3|377673|1|1|1|| |1034.08|0.0| ||37|1306950993| |9999907899| |9999907899|||0|1| |1034.08|01-Oct-2018|1|2|A|10|0.0|206.84|0|4|0.0|0.0|0|0|0|0|0|0|0|0|0|0|0|0|0|||||01-Oct-2018|923.0|0|0||T7432X|T7432X|N|N1830|Y|E1129|Y|N182|N|R809|N|Z653|Y|I4891|Y|E1122|Y|E1121|Y|E11319|Y|D4959|Y|D075|Y|E781|Y|E119|Y|E8881|Y|P292|N|Z952|N|I350|Y|R931|Y|I259|Y|E785|Y|E669|Y|P2832|N|G479|Y|Z591|Y|W50|Y07|U| | | | | | | | | | | | | | | | | | | | | | |Z741|01-Oct-2018|Z9181|01-Oct-2018|Z139|01-Oct-2018|Z1331|01-Oct-2018|Z1331|01-Oct-2018|||||||||||||||||||||||||||||||||||||||||0|0||1|450|96156|3.0|2018-10-02T00:00:00|hospital_C|hospital_C_20181001
SYN_BENE_51A0A0434B4F|SYN_CLM_B8A9C76E324B|V|60|01-Oct-2018|01-Oct-2018|05-Oct-2018||3|377673|1|1|1|| |1034.08|0.0| ||37|1306950993| |9999907899| |9999907899|||0|1| |1034.08|01-Oct-2018|1|2|A|10|0.0|206.84|0|4|0.0|0.0|0|0|0|0|0|0|0|0|0|0|0|0|0|||||01-Oct-2018|923.0|0|0||T7432X|T7432X|N|N1830|Y|E1129|Y|N182|N|R809|N|Z653|Y|I4891|Y|E1122|Y|E1121|Y|E11319|Y|D4959|Y|D075|Y|E781|Y|E119|Y|E8881|Y|P292|N|Z952|N|I350|Y|R931|Y|I259|Y|E785|Y|E669|Y|P2832|N|G479|Y|Z591|Y|W50|Y07|U| | | | | | | | | | | | | | | | | | | | | | |Z741|01-Oct-2018|Z9181|01-Oct-2018|Z139|01-Oct-2018|Z1331|01-Oct-2018|Z1331|01-Oct-2018|||||||||||||||||||||||||||||||||||||||||0|0||2|450|M1069|3.0|2018-10-02T00:00:00|hospital_C|hospital_C_20181001
SYN_BENE_51A0A0434B4F|SYN_CLM_B8A9C76E324B|V|60|01-Oct-2018|01-Oct-2018|05-Oct-2018||3|377673|1|1|1|| |1034.08|0.0| ||37|1306950993| |9999907899| |9999907899|||0|1| |1034.08|01-Oct-2018|1|2|A|10|0.0|206.84|0|4|0.0|0.0|0|0|0|0|0|0|0|0|0|0|0|0|0|||||01-Oct-2018|923.0|0|0||T7432X|T7432X|N|N1830|Y|E1129|Y|N182|N|R809|N|Z653|Y|I4891|Y|E1122|Y|E1121|Y|E11319|Y|D4959|Y|D075|Y|E781|Y|E119|Y|E8881|Y|P292|N|Z952|N|I350|Y|R931|Y|I259|Y|E785|Y|E669|Y|P2832|N|G479|Y|Z591|Y|W50|Y07|U| | | | | | | | | | | | | | | | | | | | | | |Z741|01-Oct-2018|Z9181|01-Oct-2018|Z139|01-Oct-2018|Z1331|01-Oct-2018|Z1331|01-Oct-2018|||||||||||||||||||||||||||||||||||||||||0|0||3|450|99401|3.0|2018-10-02T00:00:00|hospital_C|hospital_C_20181001
SYN_BENE_51A0A0434B4F|SYN_CLM_B8A9C76E324B|V|60|01-Oct-2018|01-Oct-2018|05-Oct-2018||3|377673|1|1|1|| |1034.08|0.0| ||37|1306950993| |9999907899| |9999907899|||0|1| |1034.08|01-Oct-2018|1|2|A|10|0.0|206.84|0|4|0.0|0.0|0|0|0|0|0|0|0|0|0|0|0|0|0|||||01-Oct-2018|923.0|0|0||T7432X|T7432X|N|N1830|Y|E1129|Y|N182|N|R809|N|Z653|Y|I4891|Y|E1122|Y|E1121|Y|E11319|Y|D4959|Y|D075|Y|E781|Y|E119|Y|E8881|Y|P292|N|Z952|N|I350|Y|R931|Y|I259|Y|E785|Y|E669|Y|P2832|N|G479|Y|Z591|Y|W50|Y07|U| | | | | | | | | | | | | | | | | | | | | | |Z741|01-Oct-2018|Z9181|01-Oct-2018|Z139|01-Oct-2018|Z1331|01-Oct-2018|Z1331|01-Oct-2018|||||||||||||||||||||||||||||||||||||||||0|0||4|450|G0444|3.0|2018-10-02T00:00:00|hospital_C|hospital_C_20181001
SYN_BENE_51A0A0434B4F|SYN_CLM_B8A9C76E324B|V|60|01-Oct-2018|01-Oct-2018|05-Oct-2018||3|377673|1|1|1|| |1034.08|0.0| ||37|1306950993| |9999907899| |9999907899|||0|1| |1034.08|01-Oct-2018|1|2|A|10|0.0|206.84|0|4|0.0|0.0|0|0|0|0|0|0|0|0|0|0|0|0|0|||||01-Oct-2018|923.0|0|0||T7432X|T7432X|N|N1830|Y|E1129|Y|N182|N|R809|N|Z653|Y|I4891|Y|E1122|Y|E1121|Y|E11319|Y|D4959|Y|D075|Y|E781|Y|E119|Y|E8881|Y|P292|N|Z952|N|I350|Y|R931|Y|I259|Y|E785|Y|E669|Y|P2832|N|G479|Y|Z591|Y|W50|Y07|U| | | | | | | | | | | | | | | | | | | | | | |Z741|01-Oct-2018|Z9181|01-Oct-2018|Z139|01-Oct-2018|Z1331|01-Oct-2018|Z1331|01-Oct-2018|||||||||||||||||||||||||||||||||||||||||0|0||5|450|G0444|3.0|2018-10-02T00:00:00|hospital_C|hospital_C_20181001
SYN_BENE_4D362F1F3A2F|SYN_CLM_2E6752B88441|V|60|01-Oct-2018|01-Oct-2018|05-Oct-2018||3|377673|1|1|1|| |1034.08|0.0| ||37|1306950993| |9999907899| |9999907899|||0|1| |1034.08|01-Oct-2018|1|2|A|10|0.0|206.84|0|4|0.0|0.0|0|0|0|0|0|0|0|0|0|0|0|0|0|||||01-Oct-2018|923.0|0|0||T7432X|T7432X|N|N1830|Y|E1129|Y|N182|N|R809|N|Z653|Y|I4891|Y|E1122|Y|E1121|Y|E11319|Y|D4959|Y|D075|Y|E781|Y|E119|Y|E8881|Y|P292|N|Z952|N|I350|Y|R931|Y|I259|Y|E785|Y|E669|Y|P2832|N|G479|Y|Z591|Y|W50|Y07|U| | | | | | | | | | | | | | | | | | | | | | |Z741|01-Oct-2018|Z9181|01-Oct-2018|Z139|01-Oct-2018|Z1331|01-Oct-2018|Z1331|01-Oct-2018|||||||||||||||||||||||||||||||||||||||||0|0||1|450|96156|3.0|2018-10-02T00:00:00|hospital_C|hospital_C_20181001
SYN_BENE_4D362F1F3A2F|SYN_CLM_2E6752B88441|V|60|01-Oct-2018|01-Oct-2018|05-Oct-2018||3|377673|1|1|1|| |1034.08|0.0| ||37|1306950993| |9999907899| |9999907899|||0|1| |1034.08|01-Oct-2018|1|2|A|10|0.0|206.84|0|4|0.0|0.0|0|0|0|0|0|0|0|0|0|0|0|0|0|||||01-Oct-2018|923.0|0|0||T7432X|T7432X|N|N1830|Y|E1129|Y|N182|N|R809|N|Z653|Y|I4891|Y|E1122|Y|E1121|Y|E11319|Y|D4959|Y|D075|Y|E781|Y|E119|Y|E8881|Y|P292|N|Z952|N|I350|Y|R931|Y|I259|Y|E785|Y|E669|Y|P2832|N|G479|Y|Z591|Y|W50|Y07|U| | | | | | | | | | | | | | | | | | | | | | |Z741|01-Oct-2018|Z9181|01-Oct-2018|Z139|01-Oct-2018|Z1331|01-Oct-2018|Z1331|01-Oct-2018|||||||||||||||||||||||||||||||||||||||||0|0||2|450|M1069|3.0|2018-10-02T00:00:00|hospital_C|hospital_C_20181001
SYN_BENE_4D362F1F3A2F|SYN_CLM_2E6752B88441|V|60|01-Oct-2018|01-Oct-2018|05-Oct-2018||3|377673|1|1|1|| |1034.08|0.0| ||37|1306950993| |9999907899| |9999907899|||0|1| |1034.08|01-Oct-2018|1|2|A|10|0.0|206.84|0|4|0.0|0.0|0|0|0|0|0|0|0|0|0|0|0|0|0|||||01-Oct-2018|923.0|0|0||T7432X|T7432X|N|N1830|Y|E1129|Y|N182|N|R809|N|Z653|Y|I4891|Y|E1122|Y|E1121|Y|E11319|Y|D4959|Y|D075|Y|E781|Y|E119|Y|E8881|Y|P292|N|Z952|N|I350|Y|R931|Y|I259|Y|E785|Y|E669|Y|P2832|N|G479|Y|Z591|Y|W50|Y07|U| | | | | | | | | | | | | | | | | | | | | | |Z741|01-Oct-2018|Z9181|01-Oct-2018|Z139|01-Oct-2018|Z1331|01-Oct-2018|Z1331|01-Oct-2018|||||||||||||||||||||||||||||||||||||||||0|0||3|450|99401|3.0|2018-10-02T00:00:00|hospital_C|hospital_C_20181001
SYN_BENE_4D362F1F3A2F|SYN_CLM_2E6752B88441|V|60|01-Oct-2018|01-Oct-2018|05-Oct-2018||3|377673|1|1|1|| |1034.08|0.0| ||37|1306950993| |9999907899| |9999907899|||0|1| |1034.08|01-Oct-2018|1|2|A|10|0.0|206.84|0|4|0.0|0.0|0|0|0|0|0|0|0|0|0|0|0|0|0|||||01-Oct-2018|923.0|0|0||T7432X|T7432X|N|N1830|Y|E1129|Y|N182|N|R809|N|Z653|Y|I4891|Y|E1122|Y|E1121|Y|E11319|Y|D4959|Y|D075|Y|E781|Y|E119|Y|E8881|Y|P292|N|Z952|N|I350|Y|R931|Y|I259|Y|E785|Y|E669|Y|P2832|N|G479|Y|Z591|Y|W50|Y07|U| | | | | | | | | | | | | | | | | | | | | | |Z741|01-Oct-2018|Z9181|01-Oct-2018|Z139|01-Oct-2018|Z1331|01-Oct-2018|Z1331|01-Oct-2018|||||||||||||||||||||||||||||||||||||||||0|0||4|450|G0444|3.0|2018-10-02T00:00:00|hospital_C|hospital_C_20181001
SYN_BENE_4D362F1F3A2F|SYN_CLM_2E6752B88441|V|60|01-Oct-2018|01-Oct-2018|05-Oct-2018||3|377673|1|1|1|| |1034.08|0.0| ||37|1306950993| |9999907899| |9999907899|||0|1| |1034.08|01-Oct-2018|1|2|A|10|0.0|206.84|0|4|0.0|0.0|0|0|0|0|0|0|0|0|0|0|0|0|0|||||01-Oct-2018|923.0|0|0||T7432X|T7432X|N|N1830|Y|E1129|Y|N182|N|R809|N|Z653|Y|I4891|Y|E1122|Y|E1121|Y|E11319|Y|D4959|Y|D075|Y|E781|Y|E119|Y|E8881|Y|P292|N|Z952|N|I350|Y|R931|Y|I259|Y|E785|Y|E669|Y|P2832|N|G479|Y|Z591|Y|W50|Y07|U| | | | | | | | | | | | | | | | | | | | | | |Z741|01-Oct-2018|Z9181|01-Oct-2018|Z139|01-Oct-2018|Z1331|01-Oct-2018|Z1331|01-Oct-2018|||||||||||||||||||||||||||||||||||||||||0|0||5|450|G0444|3.0|2018-10-02T00:00:00|hospital_C|hospital_C_20181001
SYN_BENE_F83BBC22C76D|SYN_CLM_AFE669CE297A|V|60|01-Oct-2018|01-Oct-2018|05-Oct-2018||3|377673|1|1|1|| |1034.08|0.0| ||37|1306950993| |9999907899| |9999907899|||0|1| |1034.08|01-Oct-2018|1|2|A|10|0.0|206.84|0|4|0.0|0.0|0|0|0|0|0|0|0|0|0|0|0|0|0|||||01-Oct-2018|923.0|0|0||T7432X|T7432X|N|N1830|Y|E1129|Y|N182|N|R809|N|Z653|Y|I4891|Y|E1122|Y|E1121|Y|E11319|Y|D4959|Y|D075|Y|E781|Y|E119|Y|E8881|Y|P292|N|Z952|N|I350|Y|R931|Y|I259|Y|E785|Y|E669|Y|P2832|N|G479|Y|Z591|Y|W50|Y07|U| | | | | | | | | | | | | | | | | | | | | | |Z741|01-Oct-2018|Z9181|01-Oct-2018|Z139|01-Oct-2018|Z1331|01-Oct-2018|Z1331|01-Oct-2018|||||||||||||||||||||||||||||||||||||||||0|0||1|450|96156|3.0|2018-10-02T00:00:00|hospital_C|hospital_C_20181001
SYN_BENE_F83BBC22C76D|SYN_CLM_AFE669CE297A|V|60|01-Oct-2018|01-Oct-2018|05-Oct-2018||3|377673|1|1|1|| |1034.08|0.0| ||37|1306950993| |9999907899| |9999907899|||0|1| |1034.08|01-Oct-2018|1|2|A|10|0.0|206.84|0|4|0.0|0.0|0|0|0|0|0|0|0|0|0|0|0|0|0|||||01-Oct-2018|923.0|0|0||T7432X|T7432X|N|N1830|Y|E1129|Y|N182|N|R809|N|Z653|Y|I4891|Y|E1122|Y|E1121|Y|E11319|Y|D4959|Y|D075|Y|E781|Y|E119|Y|E8881|Y|P292|N|Z952|N|I350|Y|R931|Y|I259|Y|E785|Y|E669|Y|P2832|N|G479|Y|Z591|Y|W50|Y07|U| | | | | | | | | | | | | | | | | | | | | | |Z741|01-Oct-2018|Z9181|01-Oct-2018|Z139|01-Oct-2018|Z1331|01-Oct-2018|Z1331|01-Oct-2018|||||||||||||||||||||||||||||||||||||||||0|0||2|450|M1069|3.0|2018-10-02T00:00:00|hospital_C|hospital_C_20181001
SYN_BENE_F83BBC22C76D|SYN_CLM_AFE669CE297A|V|60|01-Oct-2018|01-Oct-2018|05-Oct-2018||3|377673|1|1|1|| |1034.08|0.0| ||37|1306950993| |9999907899| |9999907899|||0|1| |1034.08|01-Oct-2018|1|2|A|10|0.0|206.84|0|4|0.0|0.0|0|0|0|0|0|0|0|0|0|0|0|0|0|||||01-Oct-2018|923.0|0|0||T7432X|T7432X|N|N1830|Y|E1129|Y|N182|N|R809|N|Z653|Y|I4891|Y|E1122|Y|E1121|Y|E11319|Y|D4959|Y|D075|Y|E781|Y|E119|Y|E8881|Y|P292|N|Z952|N|I350|Y|R931|Y|I259|Y|E785|Y|E669|Y|P2832|N|G479|Y|Z591|Y|W50|Y07|U| | | | | | | | | | | | | | | | | | | | | | |Z741|01-Oct-2018|Z9181|01-Oct-2018|Z139|01-Oct-2018|Z1331|01-Oct-2018|Z1331|01-Oct-2018|||||||||||||||||||||||||||||||||||||||||0|0||3|450|99401|3.0|2018-10-02T00:00:00|hospital_C|hospital_C_20181001
SYN_BENE_F83BBC22C76D|SYN_CLM_AFE669CE297A|V|60|01-Oct-2018|01-Oct-2018|05-Oct-2018||3|377673|1|1|1|| |1034.08|0.0| ||37|1306950993| |9999907899| |9999907899|||0|1| |1034.08|01-Oct-2018|1|2|A|10|0.0|206.84|0|4|0.0|0.0|0|0|0|0|0|0|0|0|0|0|0|0|0|||||01-Oct-2018|923.0|0|0||T7432X|T7432X|N|N1830|Y|E1129|Y|N182|N|R809|N|Z653|Y|I4891|Y|E1122|Y|E1121|Y|E11319|Y|D4959|Y|D075|Y|E781|Y|E119|Y|E8881|Y|P292|N|Z952|N|I350|Y|R931|Y|I259|Y|E785|Y|E669|Y|P2832|N|G479|Y|Z591|Y|W50|Y07|U| | | | | | | | | | | | | | | | | | | | | | |Z741|01-Oct-2018|Z9181|01-Oct-2018|Z139|01-Oct-2018|Z1331|01-Oct-2018|Z1331|01-Oct-2018|||||||||||||||||||||||||||||||||||||||||0|0||4|450|G0444|3.0|2018-10-02T00:00:00|hospital_C|hospital_C_20181001
SYN_BENE_F83BBC22C76D|SYN_CLM_AFE669CE297A|V|60|01-Oct-2018|01-Oct-2018|05-Oct-2018||3|377673|1|1|1|| |1034.08|0.0| ||37|1306950993| |9999907899| |9999907899|||0|1| |1034.08|01-Oct-2018|1|2|A|10|0.0|206.84|0|4|0.0|0.0|0|0|0|0|0|0|0|0|0|0|0|0|0|||||01-Oct-2018|923.0|0|0||T7432X|T7432X|N|N1830|Y|E1129|Y|N182|N|R809|N|Z653|Y|I4891|Y|E1122|Y|E1121|Y|E11319|Y|D4959|Y|D075|Y|E781|Y|E119|Y|E8881|Y|P292|N|Z952|N|I350|Y|R931|Y|I259|Y|E785|Y|E669|Y|P2832|N|G479|Y|Z591|Y|W50|Y07|U| | | | | | | | | | | | | | | | | | | | | | |Z741|01-Oct-2018|Z9181|01-Oct-2018|Z139|01-Oct-2018|Z1331|01-Oct-2018|Z1331|01-Oct-2018|||||||||||||||||||||||||||||||||||||||||0|0||5|450|G0444|3.0|2018-10-02T00:00:00|hospital_C|hospital_C_20181001
SYN_BENE_517234D143A4|SYN_CLM_26F3C9BA54E1|V|60|01-Oct-2018|01-Oct-2018|05-Oct-2018||3|377673|1|1|1|| |1034.08|0.0| ||37|1306950993| |9999907899| |9999907899|||0|1| |1034.08|01-Oct-2018|1|2|A|10|0.0|206.84|0|4|0.0|0.0|0|0|0|0|0|0|0|0|0|0|0|0|0|||||01-Oct-2018|923.0|0|0||T7432X|T7432X|N|N1830|Y|E1129|Y|N182|N|R809|N|Z653|Y|I4891|Y|E1122|Y|E1121|Y|E11319|Y|D4959|Y|D075|Y|E781|Y|E119|Y|E8881|Y|P292|N|Z952|N|I350|Y|R931|Y|I259|Y|E785|Y|E669|Y|P2832|N|G479|Y|Z591|Y|W50|Y07|U| | | | | | | | | | | | | | | | | | | | | | |Z741|01-Oct-2018|Z9181|01-Oct-2018|Z139|01-Oct-2018|Z1331|01-Oct-2018|Z1331|01-Oct-2018|||||||||||||||||||||||||||||||||||||||||0|0||1|450|96156|3.0|2018-10-02T00:00:00|hospital_C|hospital_C_20181001
SYN_BENE_517234D143A4|SYN_CLM_26F3C9BA54E1|V|60|01-Oct-2018|01-Oct-2018|05-Oct-2018||3|377673|1|1|1|| |1034.08|0.0| ||37|1306950993| |9999907899| |9999907899|||0|1| |1034.08|01-Oct-2018|1|2|A|10|0.0|206.84|0|4|0.0|0.0|0|0|0|0|0|0|0|0|0|0|0|0|0|||||01-Oct-2018|923.0|0|0||T7432X|T7432X|N|N1830|Y|E1129|Y|N182|N|R809|N|Z653|Y|I4891|Y|E1122|Y|E1121|Y|E11319|Y|D4959|Y|D075|Y|E781|Y|E119|Y|E8881|Y|P292|N|Z952|N|I350|Y|R931|Y|I259|Y|E785|Y|E669|Y|P2832|N|G479|Y|Z591|Y|W50|Y07|U| | | | | | | | | | | | | | | | | | | | | | |Z741|01-Oct-2018|Z9181|01-Oct-2018|Z139|01-Oct-2018|Z1331|01-Oct-2018|Z1331|01-Oct-2018|||||||||||||||||||||||||||||||||||||||||0|0||2|450|M1069|3.0|2018-10-02T00:00:00|hospital_C|hospital_C_20181001
SYN_BENE_517234D143A4|SYN_CLM_26F3C9BA54E1|V|60|01-Oct-2018|01-Oct-2018|05-Oct-2018||3|377673|1|1|1|| |1034.08|0.0| ||37|1306950993| |9999907899| |9999907899|||0|1| |1034.08|01-Oct-2018|1|2|A|10|0.0|206.84|0|4|0.0|0.0|0|0|0|0|0|0|0|0|0|0|0|0|0|||||01-Oct-2018|923.0|0|0||T7432X|T7432X|N|N1830|Y|E1129|Y|N182|N|R809|N|Z653|Y|I4891|Y|E1122|Y|E1121|Y|E11319|Y|D4959|Y|D075|Y|E781|Y|E119|Y|E8881|Y|P292|N|Z952|N|I350|Y|R931|Y|I259|Y|E785|Y|E669|Y|P2832|N|G479|Y|Z591|Y|W50|Y07|U| | | | | | | | | | | | | | | | | | | | | | |Z741|01-Oct-2018|Z9181|01-Oct-2018|Z139|01-Oct-2018|Z1331|01-Oct-2018|Z1331|01-Oct-2018|||||||||||||||||||||||||||||||||||||||||0|0||3|450|99401|3.0|2018-10-02T00:00:00|hospital_C|hospital_C_20181001
SYN_BENE_517234D143A4|SYN_CLM_26F3C9BA54E1|V|60|01-Oct-2018|01-Oct-2018|05-Oct-2018||3|377673|1|1|1|| |1034.08|0.0| ||37|1306950993| |9999907899| |9999907899|||0|1| |1034.08|01-Oct-2018|1|2|A|10|0.0|206.84|0|4|0.0|0.0|0|0|0|0|0|0|0|0|0|0|0|0|0|||||01-Oct-2018|923.0|0|0||T7432X|T7432X|N|N1830|Y|E1129|Y|N182|N|R809|N|Z653|Y|I4891|Y|E1122|Y|E1121|Y|E11319|Y|D4959|Y|D075|Y|E781|Y|E119|Y|E8881|Y|P292|N|Z952|N|I350|Y|R931|Y|I259|Y|E785|Y|E669|Y|P2832|N|G479|Y|Z591|Y|W50|Y07|U| | | | | | | | | | | | | | | | | | | | | | |Z741|01-Oct-2018|Z9181|01-Oct-2018|Z139|01-Oct-2018|Z1331|01-Oct-2018|Z1331|01-Oct-2018|||||||||||||||||||||||||||||||||||||||||0|0||4|450|G0444|3.0|2018-10-02T00:00:00|hospital_C|hospital_C_20181001
SYN_BENE_517234D143A4|SYN_CLM_26F3C9BA54E1|V|60|01-Oct-2018|01-Oct-2018|05-Oct-2018||3|377673|1|1|1|| |1034.08|0.0| ||37|1306950993| |9999907899| |9999907899|||0|1| |1034.08|01-Oct-2018|1|2|A|10|0.0|206.84|0|4|0.0|0.0|0|0|0|0|0|0|0|0|0|0|0|0|0|||||01-Oct-2018|923.0|0|0||T7432X|T7432X|N|N1830|Y|E1129|Y|N182|N|R809|N|Z653|Y|I4891|Y|E1122|Y|E1121|Y|E11319|Y|D4959|Y|D075|Y|E781|Y|E119|Y|E8881|Y|P292|N|Z952|N|I350|Y|R931|Y|I259|Y|E785|Y|E669|Y|P2832|N|G479|Y|Z591|Y|W50|Y07|U| | | | | | | | | | | | | | | | | | | | | | |Z741|01-Oct-2018|Z9181|01-Oct-2018|Z139|01-Oct-2018|Z1331|01-Oct-2018|Z1331|01-Oct-2018|||||||||||||||||||||||||||||||||||||||||0|0||5|450|G0444|3.0|2018-10-02T00:00:00|hospital_C|hospital_C_20181001
SYN_BENE_0E58B1F5CB6C|SYN_CLM_BE6C77B71E05|V|60|01-Oct-2018|01-Oct-2018|05-Oct-2018||3|377673|1|1|1|| |1034.08|0.0| ||37|1306950993| |9999907899| |9999907899|||0|1| |1034.08|01-Oct-2018|1|2|A|10|0.0|206.84|0|4|0.0|0.0|0|0|0|0|0|0|0|0|0|0|0|0|0|||||01-Oct-2018|923.0|0|0||T7432X|T7432X|N|N1830|Y|E1129|Y|N182|N|R809|N|Z653|Y|I4891|Y|E1122|Y|E1121|Y|E11319|Y|D4959|Y|D075|Y|E781|Y|E119|Y|E8881|Y|P292|N|Z952|N|I350|Y|R931|Y|I259|Y|E785|Y|E669|Y|P2832|N|G479|Y|Z591|Y|W50|Y07|U| | | | | | | | | | | | | | | | | | | | | | |Z741|01-Oct-2018|Z9181|01-Oct-2018|Z139|01-Oct-2018|Z1331|01-Oct-2018|Z1331|01-Oct-2018|||||||||||||||||||||||||||||||||||||||||0|0||1|450|96156|3.0|2018-10-02T00:00:00|hospital_C|hospital_C_20181001
SYN_BENE_0E58B1F5CB6C|SYN_CLM_BE6C77B71E05|V|60|01-Oct-2018|01-Oct-2018|05-Oct-2018||3|377673|1|1|1|| |1034.08|0.0| ||37|1306950993| |9999907899| |9999907899|||0|1| |1034.08|01-Oct-2018|1|2|A|10|0.0|206.84|0|4|0.0|0.0|0|0|0|0|0|0|0|0|0|0|0|0|0|||||01-Oct-2018|923.0|0|0||T7432X|T7432X|N|N1830|Y|E1129|Y|N182|N|R809|N|Z653|Y|I4891|Y|E1122|Y|E1121|Y|E11319|Y|D4959|Y|D075|Y|E781|Y|E119|Y|E8881|Y|P292|N|Z952|N|I350|Y|R931|Y|I259|Y|E785|Y|E669|Y|P2832|N|G479|Y|Z591|Y|W50|Y07|U| | | | | | | | | | | | | | | | | | | | | | |Z741|01-Oct-2018|Z9181|01-Oct-2018|Z139|01-Oct-2018|Z1331|01-Oct-2018|Z1331|01-Oct-2018|||||||||||||||||||||||||||||||||||||||||0|0||2|450|M1069|3.0|2018-10-02T00:00:00|hospital_C|hospital_C_20181001
SYN_BENE_0E58B1F5CB6C|SYN_CLM_BE6C77B71E05|V|60|01-Oct-2018|01-Oct-2018|05-Oct-2018||3|377673|1|1|1|| |1034.08|0.0| ||37|1306950993| |9999907899| |9999907899|||0|1| |1034.08|01-Oct-2018|1|2|A|10|0.0|206.84|0|4|0.0|0.0|0|0|0|0|0|0|0|0|0|0|0|0|0|||||01-Oct-2018|923.0|0|0||T7432X|T7432X|N|N1830|Y|E1129|Y|N182|N|R809|N|Z653|Y|I4891|Y|E1122|Y|E1121|Y|E11319|Y|D4959|Y|D075|Y|E781|Y|E119|Y|E8881|Y|P292|N|Z952|N|I350|Y|R931|Y|I259|Y|E785|Y|E669|Y|P2832|N|G479|Y|Z591|Y|W50|Y07|U| | | | | | | | | | | | | | | | | | | | | | |Z741|01-Oct-2018|Z9181|01-Oct-2018|Z139|01-Oct-2018|Z1331|01-Oct-2018|Z1331|01-Oct-2018|||||||||||||||||||||||||||||||||||||||||0|0||3|450|99401|3.0|2018-10-02T00:00:00|hospital_C|hospital_C_20181001
SYN_BENE_0E58B1F5CB6C|SYN_CLM_BE6C77B71E05|V|60|01-Oct-2018|01-Oct-2018|05-Oct-2018||3|377673|1|1|1|| |1034.08|0.0| ||37|1306950993| |9999907899| |9999907899|||0|1| |1034.08|01-Oct-2018|1|2|A|10|0.0|206.84|0|4|0.0|0.0|0|0|0|0|0|0|0|0|0|0|0|0|0|||||01-Oct-2018|923.0|0|0||T7432X|T7432X|N|N1830|Y|E1129|Y|N182|N|R809|N|Z653|Y|I4891|Y|E1122|Y|E1121|Y|E11319|Y|D4959|Y|D075|Y|E781|Y|E119|Y|E8881|Y|P292|N|Z952|N|I350|Y|R931|Y|I259|Y|E785|Y|E669|Y|P2832|N|G479|Y|Z591|Y|W50|Y07|U| | | | | | | | | | | | | | | | | | | | | | |Z741|01-Oct-2018|Z9181|01-Oct-2018|Z139|01-Oct-2018|Z1331|01-Oct-2018|Z1331|01-Oct-2018|||||||||||||||||||||||||||||||||||||||||0|0||4|450|G0444|3.0|2018-10-02T00:00:00|hospital_C|hospital_C_20181001
SYN_BENE_0E58B1F5CB6C|SYN_CLM_BE6C77B71E05|V|60|01-Oct-2018|01-Oct-2018|05-Oct-2018||3|377673|1|1|1|| |1034.08|0.0| ||37|1306950993| |9999907899| |9999907899|||0|1| |1034.08|01-Oct-2018|1|2|A|10|0.0|206.84|0|4|0.0|0.0|0|0|0|0|0|0|0|0|0|0|0|0|0|||||01-Oct-2018|923.0|0|0||T7432X|T7432X|N|N1830|Y|E1129|Y|N182|N|R809|N|Z653|Y|I4891|Y|E1122|Y|E1121|Y|E11319|Y|D4959|Y|D075|Y|E781|Y|E119|Y|E8881|Y|P292|N|Z952|N|I350|Y|R931|Y|I259|Y|E785|Y|E669|Y|P2832|N|G479|Y|Z591|Y|W50|Y07|U| | | | | | | | | | | | | | | | | | | | | | |Z741|01-Oct-2018|Z9181|01-Oct-2018|Z139|01-Oct-2018|Z1331|01-Oct-2018|Z1331|01-Oct-2018|||||||||||||||||||||||||||||||||||||||||0|0||5|450|G0444|3.0|2018-10-02T00:00:00|hospital_C|hospital_C_20181001
SYN_BENE_2AB2E838D082|SYN_CLM_63D648667C90|V|60|01-Oct-2018|01-Oct-2018|05-Oct-2018||3|377673|1|1|1|| |1034.08|0.0| ||37|1306950993| |9999907899| |9999907899|||0|1| |1034.08|01-Oct-2018|1|2|A|10|0.0|206.84|0|4|0.0|0.0|0|0|0|0|0|0|0|0|0|0|0|0|0|||||01-Oct-2018|923.0|0|0||T7432X|T7432X|N|N1830|Y|E1129|Y|N182|N|R809|N|Z653|Y|I4891|Y|E1122|Y|E1121|Y|E11319|Y|D4959|Y|D075|Y|E781|Y|E119|Y|E8881|Y|P292|N|Z952|N|I350|Y|R931|Y|I259|Y|E785|Y|E669|Y|P2832|N|G479|Y|Z591|Y|W50|Y07|U| | | | | | | | | | | | | | | | | | | | | | |Z741|01-Oct-2018|Z9181|01-Oct-2018|Z139|01-Oct-2018|Z1331|01-Oct-2018|Z1331|01-Oct-2018|||||||||||||||||||||||||||||||||||||||||0|0||1|450|96156|3.0|2018-10-02T00:00:00|hospital_C|hospital_C_20181001
SYN_BENE_2AB2E838D082|SYN_CLM_63D648667C90|V|60|01-Oct-2018|01-Oct-2018|05-Oct-2018||3|377673|1|1|1|| |1034.08|0.0| ||37|1306950993| |9999907899| |9999907899|||0|1| |1034.08|01-Oct-2018|1|2|A|10|0.0|206.84|0|4|0.0|0.0|0|0|0|0|0|0|0|0|0|0|0|0|0|||||01-Oct-2018|923.0|0|0||T7432X|T7432X|N|N1830|Y|E1129|Y|N182|N|R809|N|Z653|Y|I4891|Y|E1122|Y|E1121|Y|E11319|Y|D4959|Y|D075|Y|E781|Y|E119|Y|E8881|Y|P292|N|Z952|N|I350|Y|R931|Y|I259|Y|E785|Y|E669|Y|P2832|N|G479|Y|Z591|Y|W50|Y07|U| | | | | | | | | | | | | | | | | | | | | | |Z741|01-Oct-2018|Z9181|01-Oct-2018|Z139|01-Oct-2018|Z1331|01-Oct-2018|Z1331|01-Oct-2018|||||||||||||||||||||||||||||||||||||||||0|0||2|450|M1069|3.0|2018-10-02T00:00:00|hospital_C|hospital_C_20181001
SYN_BENE_2AB2E838D082|SYN_CLM_63D648667C90|V|60|01-Oct-2018|01-Oct-2018|05-Oct-2018||3|377673|1|1|1|| |1034.08|0.0| ||37|1306950993| |9999907899| |9999907899|||0|1| |1034.08|01-Oct-2018|1|2|A|10|0.0|206.84|0|4|0.0|0.0|0|0|0|0|0|0|0|0|0|0|0|0|0|||||01-Oct-2018|923.0|0|0||T7432X|T7432X|N|N1830|Y|E1129|Y|N182|N|R809|N|Z653|Y|I4891|Y|E1122|Y|E1121|Y|E11319|Y|D4959|Y|D075|Y|E781|Y|E119|Y|E8881|Y|P292|N|Z952|N|I350|Y|R931|Y|I259|Y|E785|Y|E669|Y|P2832|N|G479|Y|Z591|Y|W50|Y07|U| | | | | | | | | | | | | | | | | | | | | | |Z741|01-Oct-2018|Z9181|01-Oct-2018|Z139|01-Oct-2018|Z1331|01-Oct-2018|Z1331|01-Oct-2018|||||||||||||||||||||||||||||||||||||||||0|0||3|450|99401|3.0|2018-10-02T00:00:00|hospital_C|hospital_C_20181001
SYN_BENE_2AB2E838D082|SYN_CLM_63D648667C90|V|60|01-Oct-2018|01-Oct-2018|05-Oct-2018||3|377673|1|1|1|| |1034.08|0.0| ||37|1306950993| |9999907899| |9999907899|||0|1| |1034.08|01-Oct-2018|1|2|A|10|0.0|206.84|0|4|0.0|0.0|0|0|0|0|0|0|0|0|0|0|0|0|0|||||01-Oct-2018|923.0|0|0||T7432X|T7432X|N|N1830|Y|E1129|Y|N182|N|R809|N|Z653|Y|I4891|Y|E1122|Y|E1121|Y|E11319|Y|D4959|Y|D075|Y|E781|Y|E119|Y|E8881|Y|P292|N|Z952|N|I350|Y|R931|Y|I259|Y|E785|Y|E669|Y|P2832|N|G479|Y|Z591|Y|W50|Y07|U| | | | | | | | | | | | | | | | | | | | | | |Z741|01-Oct-2018|Z9181|01-Oct-2018|Z139|01-Oct-2018|Z1331|01-Oct-2018|Z1331|01-Oct-2018|||||||||||||||||||||||||||||||||||||||||0|0||4|450|G0444|3.0|2018-10-02T00:00:00|hospital_C|hospital_C_20181001
SYN_BENE_2AB2E838D082|SYN_CLM_63D648667C90|V|60|01-Oct-2018|01-Oct-2018|05-Oct-2018||3|377673|1|1|1|| |1034.08|0.0| ||37|1306950993| |9999907899| |9999907899|||0|1| |1034.08|01-Oct-2018|1|2|A|10|0.0|206.84|0|4|0.0|0.0|0|0|0|0|0|0|0|0|0|0|0|0|0|||||01-Oct-2018|923.0|0|0||T7432X|T7432X|N|N1830|Y|E1129|Y|N182|N|R809|N|Z653|Y|I4891|Y|E1122|Y|E1121|Y|E11319|Y|D4959|Y|D075|Y|E781|Y|E119|Y|E8881|Y|P292|N|Z952|N|I350|Y|R931|Y|I259|Y|E785|Y|E669|Y|P2832|N|G479|Y|Z591|Y|W50|Y07|U| | | | | | | | | | | | | | | | | | | | | | |Z741|01-Oct-2018|Z9181|01-Oct-2018|Z139|01-Oct-2018|Z1331|01-Oct-2018|Z1331|01-Oct-2018|||||||||||||||||||||||||||||||||||||||||0|0||5|450|G0444|3.0|2018-10-02T00:00:00|hospital_C|hospital_C_20181001
SYN_BENE_931BB7CEE3C0|SYN_CLM_0AF7E6BF45B5|V|60|01-Oct-2018|01-Oct-2018|05-Oct-2018||3|377673|1|1|1|| |1034.08|0.0| ||37|1306950993| |9999907899| |9999907899|||0|1| |1034.08|01-Oct-2018|1|2|A|10|0.0|206.84|0|4|0.0|0.0|0|0|0|0|0|0|0|0|0|0|0|0|0|||||01-Oct-2018|923.0|0|0||T7432X|T7432X|N|N1830|Y|E1129|Y|N182|N|R809|N|Z653|Y|I4891|Y|E1122|Y|E1121|Y|E11319|Y|D4959|Y|D075|Y|E781|Y|E119|Y|E8881|Y|P292|N|Z952|N|I350|Y|R931|Y|I259|Y|E785|Y|E669|Y|P2832|N|G479|Y|Z591|Y|W50|Y07|U| | | | | | | | | | | | | | | | | | | | | | |Z741|01-Oct-2018|Z9181|01-Oct-2018|Z139|01-Oct-2018|Z1331|01-Oct-2018|Z1331|01-Oct-2018|||||||||||||||||||||||||||||||||||||||||0|0||1|450|96156|3.0|2018-10-02T00:00:00|hospital_C|hospital_C_20181001
SYN_BENE_931BB7CEE3C0|SYN_CLM_0AF7E6BF45B5|V|60|01-Oct-2018|01-Oct-2018|05-Oct-2018||3|377673|1|1|1|| |1034.08|0.0| ||37|1306950993| |9999907899| |9999907899|||0|1| |1034.08|01-Oct-2018|1|2|A|10|0.0|206.84|0|4|0.0|0.0|0|0|0|0|0|0|0|0|0|0|0|0|0|||||01-Oct-2018|923.0|0|0||T7432X|T7432X|N|N1830|Y|E1129|Y|N182|N|R809|N|Z653|Y|I4891|Y|E1122|Y|E1121|Y|E11319|Y|D4959|Y|D075|Y|E781|Y|E119|Y|E8881|Y|P292|N|Z952|N|I350|Y|R931|Y|I259|Y|E785|Y|E669|Y|P2832|N|G479|Y|Z591|Y|W50|Y07|U| | | | | | | | | | | | | | | | | | | | | | |Z741|01-Oct-2018|Z9181|01-Oct-2018|Z139|01-Oct-2018|Z1331|01-Oct-2018|Z1331|01-Oct-2018|||||||||||||||||||||||||||||||||||||||||0|0||2|450|M1069|3.0|2018-10-02T00:00:00|hospital_C|hospital_C_20181001
SYN_BENE_931BB7CEE3C0|SYN_CLM_0AF7E6BF45B5|V|60|01-Oct-2018|01-Oct-2018|05-Oct-2018||3|377673|1|1|1|| |1034.08|0.0| ||37|1306950993| |9999907899| |9999907899|||0|1| |1034.08|01-Oct-2018|1|2|A|10|0.0|206.84|0|4|0.0|0.0|0|0|0|0|0|0|0|0|0|0|0|0|0|||||01-Oct-2018|923.0|0|0||T7432X|T7432X|N|N1830|Y|E1129|Y|N182|N|R809|N|Z653|Y|I4891|Y|E1122|Y|E1121|Y|E11319|Y|D4959|Y|D075|Y|E781|Y|E119|Y|E8881|Y|P292|N|Z952|N|I350|Y|R931|Y|I259|Y|E785|Y|E669|Y|P2832|N|G479|Y|Z591|Y|W50|Y07|U| | | | | | | | | | | | | | | | | | | | | | |Z741|01-Oct-2018|Z9181|01-Oct-2018|Z139|01-Oct-2018|Z1331|01-Oct-2018|Z1331|01-Oct-2018|||||||||||||||||||||||||||||||||||||||||0|0||3|450|99401|3.0|2018-10-02T00:00:00|hospital_C|hospital_C_20181001
SYN_BENE_931BB7CEE3C0|SYN_CLM_0AF7E6BF45B5|V|60|01-Oct-2018|01-Oct-2018|05-Oct-2018||3|377673|1|1|1|| |1034.08|0.0| ||37|1306950993| |9999907899| |9999907899|||0|1| |1034.08|01-Oct-2018|1|2|A|10|0.0|206.84|0|4|0.0|0.0|0|0|0|0|0|0|0|0|0|0|0|0|0|||||01-Oct-2018|923.0|0|0||T7432X|T7432X|N|N1830|Y|E1129|Y|N182|N|R809|N|Z653|Y|I4891|Y|E1122|Y|E1121|Y|E11319|Y|D4959|Y|D075|Y|E781|Y|E119|Y|E8881|Y|P292|N|Z952|N|I350|Y|R931|Y|I259|Y|E785|Y|E669|Y|P2832|N|G479|Y|Z591|Y|W50|Y07|U| | | | | | | | | | | | | | | | | | | | | | |Z741|01-Oct-2018|Z9181|01-Oct-2018|Z139|01-Oct-2018|Z1331|01-Oct-2018|Z1331|01-Oct-2018|||||||||||||||||||||||||||||||||||||||||0|0||4|450|G0444|3.0|2018-10-02T00:00:00|hospital_C|hospital_C_20181001
SYN_BENE_931BB7CEE3C0|SYN_CLM_0AF7E6BF45B5|V|60|01-Oct-2018|01-Oct-2018|05-Oct-2018||3|377673|1|1|1|| |1034.08|0.0| ||37|1306950993| |9999907899| |9999907899|||0|1| |1034.08|01-Oct-2018|1|2|A|10|0.0|206.84|0|4|0.0|0.0|0|0|0|0|0|0|0|0|0|0|0|0|0|||||01-Oct-2018|923.0|0|0||T7432X|T7432X|N|N1830|Y|E1129|Y|N182|N|R809|N|Z653|Y|I4891|Y|E1122|Y|E1121|Y|E11319|Y|D4959|Y|D075|Y|E781|Y|E119|Y|E8881|Y|P292|N|Z952|N|I350|Y|R931|Y|I259|Y|E785|Y|E669|Y|P2832|N|G479|Y|Z591|Y|W50|Y07|U| | | | | | | | | | | | | | | | | | | | | | |Z741|01-Oct-2018|Z9181|01-Oct-2018|Z139|01-Oct-2018|Z1331|01-Oct-2018|Z1331|01-Oct-2018|||||||||||||||||||||||||||||||||||||||||0|0||5|450|G0444|3.0|2018-10-02T00:00:00|hospital_C|hospital_C_20181001
SYN_BENE_9D0D03B39437|SYN_CLM_035E81F51694|V|60|01-Oct-2018|01-Oct-2018|05-Oct-2018||3|377673|1|1|1|| |1034.08|0.0| ||37|1306950993| |9999907899| |9999907899|||0|1| |1034.08|01-Oct-2018|1|2|A|10|0.0|206.84|0|4|0.0|0.0|0|0|0|0|0|0|0|0|0|0|0|0|0|||||01-Oct-2018|923.0|0|0||T7432X|T7432X|N|N1830|Y|E1129|Y|N182|N|R809|N|Z653|Y|I4891|Y|E1122|Y|E1121|Y|E11319|Y|D4959|Y|D075|Y|E781|Y|E119|Y|E8881|Y|P292|N|Z952|N|I350|Y|R931|Y|I259|Y|E785|Y|E669|Y|P2832|N|G479|Y|Z591|Y|W50|Y07|U| | | | | | | | | | | | | | | | | | | | | | |Z741|01-Oct-2018|Z9181|01-Oct-2018|Z139|01-Oct-2018|Z1331|01-Oct-2018|Z1331|01-Oct-2018|||||||||||||||||||||||||||||||||||||||||0|0||1|450|96156|3.0|2018-10-02T00:00:00|hospital_C|hospital_C_20181001
SYN_BENE_9D0D03B39437|SYN_CLM_035E81F51694|V|60|01-Oct-2018|01-Oct-2018|05-Oct-2018||3|377673|1|1|1|| |1034.08|0.0| ||37|1306950993| |9999907899| |9999907899|||0|1| |1034.08|01-Oct-2018|1|2|A|10|0.0|206.84|0|4|0.0|0.0|0|0|0|0|0|0|0|0|0|0|0|0|0|||||01-Oct-2018|923.0|0|0||T7432X|T7432X|N|N1830|Y|E1129|Y|N182|N|R809|N|Z653|Y|I4891|Y|E1122|Y|E1121|Y|E11319|Y|D4959|Y|D075|Y|E781|Y|E119|Y|E8881|Y|P292|N|Z952|N|I350|Y|R931|Y|I259|Y|E785|Y|E669|Y|P2832|N|G479|Y|Z591|Y|W50|Y07|U| | | | | | | | | | | | | | | | | | | | | | |Z741|01-Oct-2018|Z9181|01-Oct-2018|Z139|01-Oct-2018|Z1331|01-Oct-2018|Z1331|01-Oct-2018|||||||||||||||||||||||||||||||||||||||||0|0||2|450|M1069|3.0|2018-10-02T00:00:00|hospital_C|hospital_C_20181001
SYN_BENE_9D0D03B39437|SYN_CLM_035E81F51694|V|60|01-Oct-2018|01-Oct-2018|05-Oct-2018||3|377673|1|1|1|| |1034.08|0.0| ||37|1306950993| |9999907899| |9999907899|||0|1| |1034.08|01-Oct-2018|1|2|A|10|0.0|206.84|0|4|0.0|0.0|0|0|0|0|0|0|0|0|0|0|0|0|0|||||01-Oct-2018|923.0|0|0||T7432X|T7432X|N|N1830|Y|E1129|Y|N182|N|R809|N|Z653|Y|I4891|Y|E1122|Y|E1121|Y|E11319|Y|D4959|Y|D075|Y|E781|Y|E119|Y|E8881|Y|P292|N|Z952|N|I350|Y|R931|Y|I259|Y|E785|Y|E669|Y|P2832|N|G479|Y|Z591|Y|W50|Y07|U| | | | | | | | | | | | | | | | | | | | | | |Z741|01-Oct-2018|Z9181|01-Oct-2018|Z139|01-Oct-2018|Z1331|01-Oct-2018|Z1331|01-Oct-2018|||||||||||||||||||||||||||||||||||||||||0|0||3|450|99401|3.0|2018-10-02T00:00:00|hospital_C|hospital_C_20181001
SYN_BENE_9D0D03B39437|SYN_CLM_035E81F51694|V|60|01-Oct-2018|01-Oct-2018|05-Oct-2018||3|377673|1|1|1|| |1034.08|0.0| ||37|1306950993| |9999907899| |9999907899|||0|1| |1034.08|01-Oct-2018|1|2|A|10|0.0|206.84|0|4|0.0|0.0|0|0|0|0|0|0|0|0|0|0|0|0|0|||||01-Oct-2018|923.0|0|0||T7432X|T7432X|N|N1830|Y|E1129|Y|N182|N|R809|N|Z653|Y|I4891|Y|E1122|Y|E1121|Y|E11319|Y|D4959|Y|D075|Y|E781|Y|E119|Y|E8881|Y|P292|N|Z952|N|I350|Y|R931|Y|I259|Y|E785|Y|E669|Y|P2832|N|G479|Y|Z591|Y|W50|Y07|U| | | | | | | | | | | | | | | | | | | | | | |Z741|01-Oct-2018|Z9181|01-Oct-2018|Z139|01-Oct-2018|Z1331|01-Oct-2018|Z1331|01-Oct-2018|||||||||||||||||||||||||||||||||||||||||0|0||4|450|G0444|3.0|2018-10-02T00:00:00|hospital_C|hospital_C_20181001
SYN_BENE_9D0D03B39437|SYN_CLM_035E81F51694|V|60|01-Oct-2018|01-Oct-2018|05-Oct-2018||3|377673|1|1|1|| |1034.08|0.0| ||37|1306950993| |9999907899| |9999907899|||0|1| |1034.08|01-Oct-2018|1|2|A|10|0.0|206.84|0|4|0.0|0.0|0|0|0|0|0|0|0|0|0|0|0|0|0|||||01-Oct-2018|923.0|0|0||T7432X|T7432X|N|N1830|Y|E1129|Y|N182|N|R809|N|Z653|Y|I4891|Y|E1122|Y|E1121|Y|E11319|Y|D4959|Y|D075|Y|E781|Y|E119|Y|E8881|Y|P292|N|Z952|N|I350|Y|R931|Y|I259|Y|E785|Y|E669|Y|P2832|N|G479|Y|Z591|Y|W50|Y07|U| | | | | | | | | | | | | | | | | | | | | | |Z741|01-Oct-2018|Z9181|01-Oct-2018|Z139|01-Oct-2018|Z1331|01-Oct-2018|Z1331|01-Oct-2018|||||||||||||||||||||||||||||||||||||||||0|0||5|450|G0444|3.0|2018-10-02T00:00:00|hospital_C|hospital_C_20181001
SYN_BENE_982970F0BD83|SYN_CLM_07587497D503|V|60|01-Oct-2018|01-Oct-2018|05-Oct-2018||3|377673|1|1|1|| |1034.08|0.0| ||37|1306950993| |9999907899| |9999907899|||0|1| |1034.08|01-Oct-2018|1|2|A|10|0.0|206.84|0|4|0.0|0.0|0|0|0|0|0|0|0|0|0|0|0|0|0|||||01-Oct-2018|923.0|0|0||T7432X|T7432X|N|N1830|Y|E1129|Y|N182|N|R809|N|Z653|Y|I4891|Y|E1122|Y|E1121|Y|E11319|Y|D4959|Y|D075|Y|E781|Y|E119|Y|E8881|Y|P292|N|Z952|N|I350|Y|R931|Y|I259|Y|E785|Y|E669|Y|P2832|N|G479|Y|Z591|Y|W50|Y07|U| | | | | | | | | | | | | | | | | | | | | | |Z741|01-Oct-2018|Z9181|01-Oct-2018|Z139|01-Oct-2018|Z1331|01-Oct-2018|Z1331|01-Oct-2018|||||||||||||||||||||||||||||||||||||||||0|0||1|450|96156|3.0|2018-10-02T00:00:00|hospital_C|hospital_C_20181001
SYN_BENE_982970F0BD83|SYN_CLM_07587497D503|V|60|01-Oct-2018|01-Oct-2018|05-Oct-2018||3|377673|1|1|1|| |1034.08|0.0| ||37|1306950993| |9999907899| |9999907899|||0|1| |1034.08|01-Oct-2018|1|2|A|10|0.0|206.84|0|4|0.0|0.0|0|0|0|0|0|0|0|0|0|0|0|0|0|||||01-Oct-2018|923.0|0|0||T7432X|T7432X|N|N1830|Y|E1129|Y|N182|N|R809|N|Z653|Y|I4891|Y|E1122|Y|E1121|Y|E11319|Y|D4959|Y|D075|Y|E781|Y|E119|Y|E8881|Y|P292|N|Z952|N|I350|Y|R931|Y|I259|Y|E785|Y|E669|Y|P2832|N|G479|Y|Z591|Y|W50|Y07|U| | | | | | | | | | | | | | | | | | | | | | |Z741|01-Oct-2018|Z9181|01-Oct-2018|Z139|01-Oct-2018|Z1331|01-Oct-2018|Z1331|01-Oct-2018|||||||||||||||||||||||||||||||||||||||||0|0||2|450|M1069|3.0|2018-10-02T00:00:00|hospital_C|hospital_C_20181001
SYN_BENE_982970F0BD83|SYN_CLM_07587497D503|V|60|01-Oct-2018|01-Oct-2018|05-Oct-2018||3|377673|1|1|1|| |1034.08|0.0| ||37|1306950993| |9999907899| |9999907899|||0|1| |1034.08|01-Oct-2018|1|2|A|10|0.0|206.84|0|4|0.0|0.0|0|0|0|0|0|0|0|0|0|0|0|0|0|||||01-Oct-2018|923.0|0|0||T7432X|T7432X|N|N1830|Y|E1129|Y|N182|N|R809|N|Z653|Y|I4891|Y|E1122|Y|E1121|Y|E11319|Y|D4959|Y|D075|Y|E781|Y|E119|Y|E8881|Y|P292|N|Z952|N|I350|Y|R931|Y|I259|Y|E785|Y|E669|Y|P2832|N|G479|Y|Z591|Y|W50|Y07|U| | | | | | | | | | | | | | | | | | | | | | |Z741|01-Oct-2018|Z9181|01-Oct-2018|Z139|01-Oct-2018|Z1331|01-Oct-2018|Z1331|01-Oct-2018|||||||||||||||||||||||||||||||||||||||||0|0||3|450|99401|3.0|2018-10-02T00:00:00|hospital_C|hospital_C_20181001
SYN_BENE_982970F0BD83|SYN_CLM_07587497D503|V|60|01-Oct-2018|01-Oct-2018|05-Oct-2018||3|377673|1|1|1|| |1034.08|0.0| ||37|1306950993| |9999907899| |9999907899|||0|1| |1034.08|01-Oct-2018|1|2|A|10|0.0|206.84|0|4|0.0|0.0|0|0|0|0|0|0|0|0|0|0|0|0|0|||||01-Oct-2018|923.0|0|0||T7432X|T7432X|N|N1830|Y|E1129|Y|N182|N|R809|N|Z653|Y|I4891|Y|E1122|Y|E1121|Y|E11319|Y|D4959|Y|D075|Y|E781|Y|E119|Y|E8881|Y|P292|N|Z952|N|I350|Y|R931|Y|I259|Y|E785|Y|E669|Y|P2832|N|G479|Y|Z591|Y|W50|Y07|U| | | | | | | | | | | | | | | | | | | | | | |Z741|01-Oct-2018|Z9181|01-Oct-2018|Z139|01-Oct-2018|Z1331|01-Oct-2018|Z1331|01-Oct-2018|||||||||||||||||||||||||||||||||||||||||0|0||4|450|G0444|3.0|2018-10-02T00:00:00|hospital_C|hospital_C_20181001
SYN_BENE_982970F0BD83|SYN_CLM_07587497D503|V|60|01-Oct-2018|01-Oct-2018|05-Oct-2018||3|377673|1|1|1|| |1034.08|0.0| ||37|1306950993| |9999907899| |9999907899|||0|1| |1034.08|01-Oct-2018|1|2|A|10|0.0|206.84|0|4|0.0|0.0|0|0|0|0|0|0|0|0|0|0|0|0|0|||||01-Oct-2018|923.0|0|0||T7432X|T7432X|N|N1830|Y|E1129|Y|N182|N|R809|N|Z653|Y|I4891|Y|E1122|Y|E1121|Y|E11319|Y|D4959|Y|D075|Y|E781|Y|E119|Y|E8881|Y|P292|N|Z952|N|I350|Y|R931|Y|I259|Y|E785|Y|E669|Y|P2832|N|G479|Y|Z591|Y|W50|Y07|U| | | | | | | | | | | | | | | | | | | | | | |Z741|01-Oct-2018|Z9181|01-Oct-2018|Z139|01-Oct-2018|Z1331|01-Oct-2018|Z1331|01-Oct-2018|||||||||||||||||||||||||||||||||||||||||0|0||5|450|G0444|3.0|2018-10-02T00:00:00|hospital_C|hospital_C_20181001
SYN_BENE_BA3EBF1D3B65|SYN_CLM_E3778C25B259|V|60|01-Oct-2018|01-Oct-2018|05-Oct-2018||3|377673|1|1|1|| |1034.08|0.0| ||37|1306950993| |9999907899| |9999907899|||0|1| |1034.08|01-Oct-2018|1|2|A|10|0.0|206.84|0|4|0.0|0.0|0|0|0|0|0|0|0|0|0|0|0|0|0|||||01-Oct-2018|923.0|0|0||T7432X|T7432X|N|N1830|Y|E1129|Y|N182|N|R809|N|Z653|Y|I4891|Y|E1122|Y|E1121|Y|E11319|Y|D4959|Y|D075|Y|E781|Y|E119|Y|E8881|Y|P292|N|Z952|N|I350|Y|R931|Y|I259|Y|E785|Y|E669|Y|P2832|N|G479|Y|Z591|Y|W50|Y07|U| | | | | | | | | | | | | | | | | | | | | | |Z741|01-Oct-2018|Z9181|01-Oct-2018|Z139|01-Oct-2018|Z1331|01-Oct-2018|Z1331|01-Oct-2018|||||||||||||||||||||||||||||||||||||||||0|0||1|450|96156|3.0|2018-10-02T00:00:00|hospital_C|hospital_C_20181001
SYN_BENE_BA3EBF1D3B65|SYN_CLM_E3778C25B259|V|60|01-Oct-2018|01-Oct-2018|05-Oct-2018||3|377673|1|1|1|| |1034.08|0.0| ||37|1306950993| |9999907899| |9999907899|||0|1| |1034.08|01-Oct-2018|1|2|A|10|0.0|206.84|0|4|0.0|0.0|0|0|0|0|0|0|0|0|0|0|0|0|0|||||01-Oct-2018|923.0|0|0||T7432X|T7432X|N|N1830|Y|E1129|Y|N182|N|R809|N|Z653|Y|I4891|Y|E1122|Y|E1121|Y|E11319|Y|D4959|Y|D075|Y|E781|Y|E119|Y|E8881|Y|P292|N|Z952|N|I350|Y|R931|Y|I259|Y|E785|Y|E669|Y|P2832|N|G479|Y|Z591|Y|W50|Y07|U| | | | | | | | | | | | | | | | | | | | | | |Z741|01-Oct-2018|Z9181|01-Oct-2018|Z139|01-Oct-2018|Z1331|01-Oct-2018|Z1331|01-Oct-2018|||||||||||||||||||||||||||||||||||||||||0|0||2|450|M1069|3.0|2018-10-02T00:00:00|hospital_C|hospital_C_20181001
SYN_BENE_BA3EBF1D3B65|SYN_CLM_E3778C25B259|V|60|01-Oct-2018|01-Oct-2018|05-Oct-2018||3|377673|1|1|1|| |1034.08|0.0| ||37|1306950993| |9999907899| |9999907899|||0|1| |1034.08|01-Oct-2018|1|2|A|10|0.0|206.84|0|4|0.0|0.0|0|0|0|0|0|0|0|0|0|0|0|0|0|||||01-Oct-2018|923.0|0|0||T7432X|T7432X|N|N1830|Y|E1129|Y|N182|N|R809|N|Z653|Y|I4891|Y|E1122|Y|E1121|Y|E11319|Y|D4959|Y|D075|Y|E781|Y|E119|Y|E8881|Y|P292|N|Z952|N|I350|Y|R931|Y|I259|Y|E785|Y|E669|Y|P2832|N|G479|Y|Z591|Y|W50|Y07|U| | | | | | | | | | | | | | | | | | | | | | |Z741|01-Oct-2018|Z9181|01-Oct-2018|Z139|01-Oct-2018|Z1331|01-Oct-2018|Z1331|01-Oct-2018|||||||||||||||||||||||||||||||||||||||||0|0||3|450|99401|3.0|2018-10-02T00:00:00|hospital_C|hospital_C_20181001
SYN_BENE_BA3EBF1D3B65|SYN_CLM_E3778C25B259|V|60|01-Oct-2018|01-Oct-2018|05-Oct-2018||3|377673|1|1|1|| |1034.08|0.0| ||37|1306950993| |9999907899| |9999907899|||0|1| |1034.08|01-Oct-2018|1|2|A|10|0.0|206.84|0|4|0.0|0.0|0|0|0|0|0|0|0|0|0|0|0|0|0|||||01-Oct-2018|923.0|0|0||T7432X|T7432X|N|N1830|Y|E1129|Y|N182|N|R809|N|Z653|Y|I4891|Y|E1122|Y|E1121|Y|E11319|Y|D4959|Y|D075|Y|E781|Y|E119|Y|E8881|Y|P292|N|Z952|N|I350|Y|R931|Y|I259|Y|E785|Y|E669|Y|P2832|N|G479|Y|Z591|Y|W50|Y07|U| | | | | | | | | | | | | | | | | | | | | | |Z741|01-Oct-2018|Z9181|01-Oct-2018|Z139|01-Oct-2018|Z1331|01-Oct-2018|Z1331|01-Oct-2018|||||||||||||||||||||||||||||||||||||||||0|0||4|450|G0444|3.0|2018-10-02T00:00:00|hospital_C|hospital_C_20181001
SYN_BENE_BA3EBF1D3B65|SYN_CLM_E3778C25B259|V|60|01-Oct-2018|01-Oct-2018|05-Oct-2018||3|377673|1|1|1|| |1034.08|0.0| ||37|1306950993| |9999907899| |9999907899|||0|1| |1034.08|01-Oct-2018|1|2|A|10|0.0|206.84|0|4|0.0|0.0|0|0|0|0|0|0|0|0|0|0|0|0|0|||||01-Oct-2018|923.0|0|0||T7432X|T7432X|N|N1830|Y|E1129|Y|N182|N|R809|N|Z653|Y|I4891|Y|E1122|Y|E1121|Y|E11319|Y|D4959|Y|D075|Y|E781|Y|E119|Y|E8881|Y|P292|N|Z952|N|I350|Y|R931|Y|I259|Y|E785|Y|E669|Y|P2832|N|G479|Y|Z591|Y|W50|Y07|U| | | | | | | | | | | | | | | | | | | | | | |Z741|01-Oct-2018|Z9181|01-Oct-2018|Z139|01-Oct-2018|Z1331|01-Oct-2018|Z1331|01-Oct-2018|||||||||||||||||||||||||||||||||||||||||0|0||5|450|G0444|3.0|2018-10-02T00:00:00|hospital_C|hospital_C_20181001
SYN_BENE_5B2DED152062|SYN_CLM_C5900BCBD918|V|60|01-Oct-2018|01-Oct-2018|05-Oct-2018||3|377673|1|1|1|| |1034.08|0.0| ||37|1306950993| |9999907899| |9999907899|||0|1| |1034.08|01-Oct-2018|1|2|A|10|0.0|206.84|0|4|0.0|0.0|0|0|0|0|0|0|0|0|0|0|0|0|0|||||01-Oct-2018|923.0|0|0||T7432X|T7432X|N|N1830|Y|E1129|Y|N182|N|R809|N|Z653|Y|I4891|Y|E1122|Y|E1121|Y|E11319|Y|D4959|Y|D075|Y|E781|Y|E119|Y|E8881|Y|P292|N|Z952|N|I350|Y|R931|Y|I259|Y|E785|Y|E669|Y|P2832|N|G479|Y|Z591|Y|W50|Y07|U| | | | | | | | | | | | | | | | | | | | | | |Z741|01-Oct-2018|Z9181|01-Oct-2018|Z139|01-Oct-2018|Z1331|01-Oct-2018|Z1331|01-Oct-2018|||||||||||||||||||||||||||||||||||||||||0|0||1|450|96156|3.0|2018-10-02T00:00:00|hospital_C|hospital_C_20181001
SYN_BENE_5B2DED152062|SYN_CLM_C5900BCBD918|V|60|01-Oct-2018|01-Oct-2018|05-Oct-2018||3|377673|1|1|1|| |1034.08|0.0| ||37|1306950993| |9999907899| |9999907899|||0|1| |1034.08|01-Oct-2018|1|2|A|10|0.0|206.84|0|4|0.0|0.0|0|0|0|0|0|0|0|0|0|0|0|0|0|||||01-Oct-2018|923.0|0|0||T7432X|T7432X|N|N1830|Y|E1129|Y|N182|N|R809|N|Z653|Y|I4891|Y|E1122|Y|E1121|Y|E11319|Y|D4959|Y|D075|Y|E781|Y|E119|Y|E8881|Y|P292|N|Z952|N|I350|Y|R931|Y|I259|Y|E785|Y|E669|Y|P2832|N|G479|Y|Z591|Y|W50|Y07|U| | | | | | | | | | | | | | | | | | | | | | |Z741|01-Oct-2018|Z9181|01-Oct-2018|Z139|01-Oct-2018|Z1331|01-Oct-2018|Z1331|01-Oct-2018|||||||||||||||||||||||||||||||||||||||||0|0||2|450|M1069|3.0|2018-10-02T00:00:00|hospital_C|hospital_C_20181001
SYN_BENE_5B2DED152062|SYN_CLM_C5900BCBD918|V|60|01-Oct-2018|01-Oct-2018|05-Oct-2018||3|377673|1|1|1|| |1034.08|0.0| ||37|1306950993| |9999907899| |9999907899|||0|1| |1034.08|01-Oct-2018|1|2|A|10|0.0|206.84|0|4|0.0|0.0|0|0|0|0|0|0|0|0|0|0|0|0|0|||||01-Oct-2018|923.0|0|0||T7432X|T7432X|N|N1830|Y|E1129|Y|N182|N|R809|N|Z653|Y|I4891|Y|E1122|Y|E1121|Y|E11319|Y|D4959|Y|D075|Y|E781|Y|E119|Y|E8881|Y|P292|N|Z952|N|I350|Y|R931|Y|I259|Y|E785|Y|E669|Y|P2832|N|G479|Y|Z591|Y|W50|Y07|U| | | | | | | | | | | | | | | | | | | | | | |Z741|01-Oct-2018|Z9181|01-Oct-2018|Z139|01-Oct-2018|Z1331|01-Oct-2018|Z1331|01-Oct-2018|||||||||||||||||||||||||||||||||||||||||0|0||3|450|99401|3.0|2018-10-02T00:00:00|hospital_C|hospital_C_20181001
SYN_BENE_5B2DED152062|SYN_CLM_C5900BCBD918|V|60|01-Oct-2018|01-Oct-2018|05-Oct-2018||3|377673|1|1|1|| |1034.08|0.0| ||37|1306950993| |9999907899| |9999907899|||0|1| |1034.08|01-Oct-2018|1|2|A|10|0.0|206.84|0|4|0.0|0.0|0|0|0|0|0|0|0|0|0|0|0|0|0|||||01-Oct-2018|923.0|0|0||T7432X|T7432X|N|N1830|Y|E1129|Y|N182|N|R809|N|Z653|Y|I4891|Y|E1122|Y|E1121|Y|E11319|Y|D4959|Y|D075|Y|E781|Y|E119|Y|E8881|Y|P292|N|Z952|N|I350|Y|R931|Y|I259|Y|E785|Y|E669|Y|P2832|N|G479|Y|Z591|Y|W50|Y07|U| | | | | | | | | | | | | | | | | | | | | | |Z741|01-Oct-2018|Z9181|01-Oct-2018|Z139|01-Oct-2018|Z1331|01-Oct-2018|Z1331|01-Oct-2018|||||||||||||||||||||||||||||||||||||||||0|0||4|450|G0444|3.0|2018-10-02T00:00:00|hospital_C|hospital_C_20181001
SYN_BENE_5B2DED152062|SYN_CLM_C5900BCBD918|V|60|01-Oct-2018|01-Oct-2018|05-Oct-2018||3|377673|1|1|1|| |1034.08|0.0| ||37|1306950993| |9999907899| |9999907899|||0|1| |1034.08|01-Oct-2018|1|2|A|10|0.0|206.84|0|4|0.0|0.0|0|0|0|0|0|0|0|0|0|0|0|0|0|||||01-Oct-2018|923.0|0|0||T7432X|T7432X|N|N1830|Y|E1129|Y|N182|N|R809|N|Z653|Y|I4891|Y|E1122|Y|E1121|Y|E11319|Y|D4959|Y|D075|Y|E781|Y|E119|Y|E8881|Y|P292|N|Z952|N|I350|Y|R931|Y|I259|Y|E785|Y|E669|Y|P2832|N|G479|Y|Z591|Y|W50|Y07|U| | | | | | | | | | | | | | | | | | | | | | |Z741|01-Oct-2018|Z9181|01-Oct-2018|Z139|01-Oct-2018|Z1331|01-Oct-2018|Z1331|01-Oct-2018|||||||||||||||||||||||||||||||||||||||||0|0||5|450|G0444|3.0|2018-10-02T00:00:00|hospital_C|hospital_C_20181001
SYN_BENE_B705D3B2EBC5|SYN_CLM_BAF56450C79B|V|60|01-Oct-2018|01-Oct-2018|05-Oct-2018||3|377673|1|1|1|| |1034.08|0.0| ||37|1306950993| |9999907899| |9999907899|||0|1| |1034.08|01-Oct-2018|1|2|A|10|0.0|206.84|0|4|0.0|0.0|0|0|0|0|0|0|0|0|0|0|0|0|0|||||01-Oct-2018|923.0|0|0||T7432X|T7432X|N|N1830|Y|E1129|Y|N182|N|R809|N|Z653|Y|I4891|Y|E1122|Y|E1121|Y|E11319|Y|D4959|Y|D075|Y|E781|Y|E119|Y|E8881|Y|P292|N|Z952|N|I350|Y|R931|Y|I259|Y|E785|Y|E669|Y|P2832|N|G479|Y|Z591|Y|W50|Y07|U| | | | | | | | | | | | | | | | | | | | | | |Z741|01-Oct-2018|Z9181|01-Oct-2018|Z139|01-Oct-2018|Z1331|01-Oct-2018|Z1331|01-Oct-2018|||||||||||||||||||||||||||||||||||||||||0|0||1|450|96156|3.0|2018-10-02T00:00:00|hospital_C|hospital_C_20181001
SYN_BENE_B705D3B2EBC5|SYN_CLM_BAF56450C79B|V|60|01-Oct-2018|01-Oct-2018|05-Oct-2018||3|377673|1|1|1|| |1034.08|0.0| ||37|1306950993| |9999907899| |9999907899|||0|1| |1034.08|01-Oct-2018|1|2|A|10|0.0|206.84|0|4|0.0|0.0|0|0|0|0|0|0|0|0|0|0|0|0|0|||||01-Oct-2018|923.0|0|0||T7432X|T7432X|N|N1830|Y|E1129|Y|N182|N|R809|N|Z653|Y|I4891|Y|E1122|Y|E1121|Y|E11319|Y|D4959|Y|D075|Y|E781|Y|E119|Y|E8881|Y|P292|N|Z952|N|I350|Y|R931|Y|I259|Y|E785|Y|E669|Y|P2832|N|G479|Y|Z591|Y|W50|Y07|U| | | | | | | | | | | | | | | | | | | | | | |Z741|01-Oct-2018|Z9181|01-Oct-2018|Z139|01-Oct-2018|Z1331|01-Oct-2018|Z1331|01-Oct-2018|||||||||||||||||||||||||||||||||||||||||0|0||2|450|M1069|3.0|2018-10-02T00:00:00|hospital_C|hospital_C_20181001
SYN_BENE_B705D3B2EBC5|SYN_CLM_BAF56450C79B|V|60|01-Oct-2018|01-Oct-2018|05-Oct-2018||3|377673|1|1|1|| |1034.08|0.0| ||37|1306950993| |9999907899| |9999907899|||0|1| |1034.08|01-Oct-2018|1|2|A|10|0.0|206.84|0|4|0.0|0.0|0|0|0|0|0|0|0|0|0|0|0|0|0|||||01-Oct-2018|923.0|0|0||T7432X|T7432X|N|N1830|Y|E1129|Y|N182|N|R809|N|Z653|Y|I4891|Y|E1122|Y|E1121|Y|E11319|Y|D4959|Y|D075|Y|E781|Y|E119|Y|E8881|Y|P292|N|Z952|N|I350|Y|R931|Y|I259|Y|E785|Y|E669|Y|P2832|N|G479|Y|Z591|Y|W50|Y07|U| | | | | | | | | | | | | | | | | | | | | | |Z741|01-Oct-2018|Z9181|01-Oct-2018|Z139|01-Oct-2018|Z1331|01-Oct-2018|Z1331|01-Oct-2018|||||||||||||||||||||||||||||||||||||||||0|0||3|450|99401|3.0|2018-10-02T00:00:00|hospital_C|hospital_C_20181001
SYN_BENE_B705D3B2EBC5|SYN_CLM_BAF56450C79B|V|60|01-Oct-2018|01-Oct-2018|05-Oct-2018||3|377673|1|1|1|| |1034.08|0.0| ||37|1306950993| |9999907899| |9999907899|||0|1| |1034.08|01-Oct-2018|1|2|A|10|0.0|206.84|0|4|0.0|0.0|0|0|0|0|0|0|0|0|0|0|0|0|0|||||01-Oct-2018|923.0|0|0||T7432X|T7432X|N|N1830|Y|E1129|Y|N182|N|R809|N|Z653|Y|I4891|Y|E1122|Y|E1121|Y|E11319|Y|D4959|Y|D075|Y|E781|Y|E119|Y|E8881|Y|P292|N|Z952|N|I350|Y|R931|Y|I259|Y|E785|Y|E669|Y|P2832|N|G479|Y|Z591|Y|W50|Y07|U| | | | | | | | | | | | | | | | | | | | | | |Z741|01-Oct-2018|Z9181|01-Oct-2018|Z139|01-Oct-2018|Z1331|01-Oct-2018|Z1331|01-Oct-2018|||||||||||||||||||||||||||||||||||||||||0|0||4|450|G0444|3.0|2018-10-02T00:00:00|hospital_C|hospital_C_20181001
SYN_BENE_B705D3B2EBC5|SYN_CLM_BAF56450C79B|V|60|01-Oct-2018|01-Oct-2018|05-Oct-2018||3|377673|1|1|1|| |1034.08|0.0| ||37|1306950993| |9999907899| |9999907899|||0|1| |1034.08|01-Oct-2018|1|2|A|10|0.0|206.84|0|4|0.0|0.0|0|0|0|0|0|0|0|0|0|0|0|0|0|||||01-Oct-2018|923.0|0|0||T7432X|T7432X|N|N1830|Y|E1129|Y|N182|N|R809|N|Z653|Y|I4891|Y|E1122|Y|E1121|Y|E11319|Y|D4959|Y|D075|Y|E781|Y|E119|Y|E8881|Y|P292|N|Z952|N|I350|Y|R931|Y|I259|Y|E785|Y|E669|Y|P2832|N|G479|Y|Z591|Y|W50|Y07|U| | | | | | | | | | | | | | | | | | | | | | |Z741|01-Oct-2018|Z9181|01-Oct-2018|Z139|01-Oct-2018|Z1331|01-Oct-2018|Z1331|01-Oct-2018|||||||||||||||||||||||||||||||||||||||||0|0||5|450|G0444|3.0|2018-10-02T00:00:00|hospital_C|hospital_C_20181001
SYN_BENE_F564A09C1E25|SYN_CLM_8F268AC49821|V|60|01-Oct-2018|01-Oct-2018|05-Oct-2018||3|377673|1|1|1|| |1034.08|0.0| ||37|1306950993| |9999907899| |9999907899|||0|1| |1034.08|01-Oct-2018|1|2|A|10|0.0|206.84|0|4|0.0|0.0|0|0|0|0|0|0|0|0|0|0|0|0|0|||||01-Oct-2018|923.0|0|0||T7432X|T7432X|N|N1830|Y|E1129|Y|N182|N|R809|N|Z653|Y|I4891|Y|E1122|Y|E1121|Y|E11319|Y|D4959|Y|D075|Y|E781|Y|E119|Y|E8881|Y|P292|N|Z952|N|I350|Y|R931|Y|I259|Y|E785|Y|E669|Y|P2832|N|G479|Y|Z591|Y|W50|Y07|U| | | | | | | | | | | | | | | | | | | | | | |Z741|01-Oct-2018|Z9181|01-Oct-2018|Z139|01-Oct-2018|Z1331|01-Oct-2018|Z1331|01-Oct-2018|||||||||||||||||||||||||||||||||||||||||0|0||1|450|96156|3.0|2018-10-02T00:00:00|hospital_C|hospital_C_20181001
SYN_BENE_F564A09C1E25|SYN_CLM_8F268AC49821|V|60|01-Oct-2018|01-Oct-2018|05-Oct-2018||3|377673|1|1|1|| |1034.08|0.0| ||37|1306950993| |9999907899| |9999907899|||0|1| |1034.08|01-Oct-2018|1|2|A|10|0.0|206.84|0|4|0.0|0.0|0|0|0|0|0|0|0|0|0|0|0|0|0|||||01-Oct-2018|923.0|0|0||T7432X|T7432X|N|N1830|Y|E1129|Y|N182|N|R809|N|Z653|Y|I4891|Y|E1122|Y|E1121|Y|E11319|Y|D4959|Y|D075|Y|E781|Y|E119|Y|E8881|Y|P292|N|Z952|N|I350|Y|R931|Y|I259|Y|E785|Y|E669|Y|P2832|N|G479|Y|Z591|Y|W50|Y07|U| | | | | | | | | | | | | | | | | | | | | | |Z741|01-Oct-2018|Z9181|01-Oct-2018|Z139|01-Oct-2018|Z1331|01-Oct-2018|Z1331|01-Oct-2018|||||||||||||||||||||||||||||||||||||||||0|0||2|450|M1069|3.0|2018-10-02T00:00:00|hospital_C|hospital_C_20181001
SYN_BENE_F564A09C1E25|SYN_CLM_8F268AC49821|V|60|01-Oct-2018|01-Oct-2018|05-Oct-2018||3|377673|1|1|1|| |1034.08|0.0| ||37|1306950993| |9999907899| |9999907899|||0|1| |1034.08|01-Oct-2018|1|2|A|10|0.0|206.84|0|4|0.0|0.0|0|0|0|0|0|0|0|0|0|0|0|0|0|||||01-Oct-2018|923.0|0|0||T7432X|T7432X|N|N1830|Y|E1129|Y|N182|N|R809|N|Z653|Y|I4891|Y|E1122|Y|E1121|Y|E11319|Y|D4959|Y|D075|Y|E781|Y|E119|Y|E8881|Y|P292|N|Z952|N|I350|Y|R931|Y|I259|Y|E785|Y|E669|Y|P2832|N|G479|Y|Z591|Y|W50|Y07|U| | | | | | | | | | | | | | | | | | | | | | |Z741|01-Oct-2018|Z9181|01-Oct-2018|Z139|01-Oct-2018|Z1331|01-Oct-2018|Z1331|01-Oct-2018|||||||||||||||||||||||||||||||||||||||||0|0||3|450|99401|3.0|2018-10-02T00:00:00|hospital_C|hospital_C_20181001
SYN_BENE_F564A09C1E25|SYN_CLM_8F268AC49821|V|60|01-Oct-2018|01-Oct-2018|05-Oct-2018||3|377673|1|1|1|| |1034.08|0.0| ||37|1306950993| |9999907899| |9999907899|||0|1| |1034.08|01-Oct-2018|1|2|A|10|0.0|206.84|0|4|0.0|0.0|0|0|0|0|0|0|0|0|0|0|0|0|0|||||01-Oct-2018|923.0|0|0||T7432X|T7432X|N|N1830|Y|E1129|Y|N182|N|R809|N|Z653|Y|I4891|Y|E1122|Y|E1121|Y|E11319|Y|D4959|Y|D075|Y|E781|Y|E119|Y|E8881|Y|P292|N|Z952|N|I350|Y|R931|Y|I259|Y|E785|Y|E669|Y|P2832|N|G479|Y|Z591|Y|W50|Y07|U| | | | | | | | | | | | | | | | | | | | | | |Z741|01-Oct-2018|Z9181|01-Oct-2018|Z139|01-Oct-2018|Z1331|01-Oct-2018|Z1331|01-Oct-2018|||||||||||||||||||||||||||||||||||||||||0|0||4|450|G0444|3.0|2018-10-02T00:00:00|hospital_C|hospital_C_20181001
SYN_BENE_F564A09C1E25|SYN_CLM_8F268AC49821|V|60|01-Oct-2018|01-Oct-2018|05-Oct-2018||3|377673|1|1|1|| |1034.08|0.0| ||37|1306950993| |9999907899| |9999907899|||0|1| |1034.08|01-Oct-2018|1|2|A|10|0.0|206.84|0|4|0.0|0.0|0|0|0|0|0|0|0|0|0|0|0|0|0|||||01-Oct-2018|923.0|0|0||T7432X|T7432X|N|N1830|Y|E1129|Y|N182|N|R809|N|Z653|Y|I4891|Y|E1122|Y|E1121|Y|E11319|Y|D4959|Y|D075|Y|E781|Y|E119|Y|E8881|Y|P292|N|Z952|N|I350|Y|R931|Y|I259|Y|E785|Y|E669|Y|P2832|N|G479|Y|Z591|Y|W50|Y07|U| | | | | | | | | | | | | | | | | | | | | | |Z741|01-Oct-2018|Z9181|01-Oct-2018|Z139|01-Oct-2018|Z1331|01-Oct-2018|Z1331|01-Oct-2018|||||||||||||||||||||||||||||||||||||||||0|0||5|450|G0444|3.0|2018-10-02T00:00:00|hospital_C|hospital_C_20181001
SYN_BENE_756455BAF8D5|SYN_CLM_72FF26F1ED7B|V|60|01-Oct-2018|01-Oct-2018|05-Oct-2018||3|377673|1|1|1|| |1034.08|0.0| ||37|1306950993| |9999907899| |9999907899|||0|1| |1034.08|01-Oct-2018|1|2|A|10|0.0|206.84|0|4|0.0|0.0|0|0|0|0|0|0|0|0|0|0|0|0|0|||||01-Oct-2018|923.0|0|0||T7432X|T7432X|N|N1830|Y|E1129|Y|N182|N|R809|N|Z653|Y|I4891|Y|E1122|Y|E1121|Y|E11319|Y|D4959|Y|D075|Y|E781|Y|E119|Y|E8881|Y|P292|N|Z952|N|I350|Y|R931|Y|I259|Y|E785|Y|E669|Y|P2832|N|G479|Y|Z591|Y|W50|Y07|U| | | | | | | | | | | | | | | | | | | | | | |Z741|01-Oct-2018|Z9181|01-Oct-2018|Z139|01-Oct-2018|Z1331|01-Oct-2018|Z1331|01-Oct-2018|||||||||||||||||||||||||||||||||||||||||0|0||1|450|96156|3.0|2018-10-02T00:00:00|hospital_C|hospital_C_20181001
SYN_BENE_756455BAF8D5|SYN_CLM_72FF26F1ED7B|V|60|01-Oct-2018|01-Oct-2018|05-Oct-2018||3|377673|1|1|1|| |1034.08|0.0| ||37|1306950993| |9999907899| |9999907899|||0|1| |1034.08|01-Oct-2018|1|2|A|10|0.0|206.84|0|4|0.0|0.0|0|0|0|0|0|0|0|0|0|0|0|0|0|||||01-Oct-2018|923.0|0|0||T7432X|T7432X|N|N1830|Y|E1129|Y|N182|N|R809|N|Z653|Y|I4891|Y|E1122|Y|E1121|Y|E11319|Y|D4959|Y|D075|Y|E781|Y|E119|Y|E8881|Y|P292|N|Z952|N|I350|Y|R931|Y|I259|Y|E785|Y|E669|Y|P2832|N|G479|Y|Z591|Y|W50|Y07|U| | | | | | | | | | | | | | | | | | | | | | |Z741|01-Oct-2018|Z9181|01-Oct-2018|Z139|01-Oct-2018|Z1331|01-Oct-2018|Z1331|01-Oct-2018|||||||||||||||||||||||||||||||||||||||||0|0||2|450|M1069|3.0|2018-10-02T00:00:00|hospital_C|hospital_C_20181001
SYN_BENE_756455BAF8D5|SYN_CLM_72FF26F1ED7B|V|60|01-Oct-2018|01-Oct-2018|05-Oct-2018||3|377673|1|1|1|| |1034.08|0.0| ||37|1306950993| |9999907899| |9999907899|||0|1| |1034.08|01-Oct-2018|1|2|A|10|0.0|206.84|0|4|0.0|0.0|0|0|0|0|0|0|0|0|0|0|0|0|0|||||01-Oct-2018|923.0|0|0||T7432X|T7432X|N|N1830|Y|E1129|Y|N182|N|R809|N|Z653|Y|I4891|Y|E1122|Y|E1121|Y|E11319|Y|D4959|Y|D075|Y|E781|Y|E119|Y|E8881|Y|P292|N|Z952|N|I350|Y|R931|Y|I259|Y|E785|Y|E669|Y|P2832|N|G479|Y|Z591|Y|W50|Y07|U| | | | | | | | | | | | | | | | | | | | | | |Z741|01-Oct-2018|Z9181|01-Oct-2018|Z139|01-Oct-2018|Z1331|01-Oct-2018|Z1331|01-Oct-2018|||||||||||||||||||||||||||||||||||||||||0|0||3|450|99401|3.0|2018-10-02T00:00:00|hospital_C|hospital_C_20181001
SYN_BENE_756455BAF8D5|SYN_CLM_72FF26F1ED7B|V|60|01-Oct-2018|01-Oct-2018|05-Oct-2018||3|377673|1|1|1|| |1034.08|0.0| ||37|1306950993| |9999907899| |9999907899|||0|1| |1034.08|01-Oct-2018|1|2|A|10|0.0|206.84|0|4|0.0|0.0|0|0|0|0|0|0|0|0|0|0|0|0|0|||||01-Oct-2018|923.0|0|0||T7432X|T7432X|N|N1830|Y|E1129|Y|N182|N|R809|N|Z653|Y|I4891|Y|E1122|Y|E1121|Y|E11319|Y|D4959|Y|D075|Y|E781|Y|E119|Y|E8881|Y|P292|N|Z952|N|I350|Y|R931|Y|I259|Y|E785|Y|E669|Y|P2832|N|G479|Y|Z591|Y|W50|Y07|U| | | | | | | | | | | | | | | | | | | | | | |Z741|01-Oct-2018|Z9181|01-Oct-2018|Z139|01-Oct-2018|Z1331|01-Oct-2018|Z1331|01-Oct-2018|||||||||||||||||||||||||||||||||||||||||0|0||4|450|G0444|3.0|2018-10-02T00:00:00|hospital_C|hospital_C_20181001
SYN_BENE_756455BAF8D5|SYN_CLM_72FF26F1ED7B|V|60|01-Oct-2018|01-Oct-2018|05-Oct-2018||3|377673|1|1|1|| |1034.08|0.0| ||37|1306950993| |9999907899| |9999907899|||0|1| |1034.08|01-Oct-2018|1|2|A|10|0.0|206.84|0|4|0.0|0.0|0|0|0|0|0|0|0|0|0|0|0|0|0|||||01-Oct-2018|923.0|0|0||T7432X|T7432X|N|N1830|Y|E1129|Y|N182|N|R809|N|Z653|Y|I4891|Y|E1122|Y|E1121|Y|E11319|Y|D4959|Y|D075|Y|E781|Y|E119|Y|E8881|Y|P292|N|Z952|N|I350|Y|R931|Y|I259|Y|E785|Y|E669|Y|P2832|N|G479|Y|Z591|Y|W50|Y07|U| | | | | | | | | | | | | | | | | | | | | | |Z741|01-Oct-2018|Z9181|01-Oct-2018|Z139|01-Oct-2018|Z1331|01-Oct-2018|Z1331|01-Oct-2018|||||||||||||||||||||||||||||||||||||||||0|0||5|450|G0444|3.0|2018-10-02T00:00:00|hospital_C|hospital_C_20181001
SYN_BENE_2537C9F70437|SYN_CLM_AE0A3E6CE18A|V|60|01-Oct-2018|01-Oct-2018|05-Oct-2018||3|377673|1|1|1|| |1034.08|0.0| ||37|1306950993| |9999907899| |9999907899|||0|1| |1034.08|01-Oct-2018|1|2|A|10|0.0|206.84|0|4|0.0|0.0|0|0|0|0|0|0|0|0|0|0|0|0|0|||||01-Oct-2018|923.0|0|0||T7432X|T7432X|N|N1830|Y|E1129|Y|N182|N|R809|N|Z653|Y|I4891|Y|E1122|Y|E1121|Y|E11319|Y|D4959|Y|D075|Y|E781|Y|E119|Y|E8881|Y|P292|N|Z952|N|I350|Y|R931|Y|I259|Y|E785|Y|E669|Y|P2832|N|G479|Y|Z591|Y|W50|Y07|U| | | | | | | | | | | | | | | | | | | | | | |Z741|01-Oct-2018|Z9181|01-Oct-2018|Z139|01-Oct-2018|Z1331|01-Oct-2018|Z1331|01-Oct-2018|||||||||||||||||||||||||||||||||||||||||0|0||1|450|96156|3.0|2018-10-02T00:00:00|hospital_C|hospital_C_20181001
SYN_BENE_2537C9F70437|SYN_CLM_AE0A3E6CE18A|V|60|01-Oct-2018|01-Oct-2018|05-Oct-2018||3|377673|1|1|1|| |1034.08|0.0| ||37|1306950993| |9999907899| |9999907899|||0|1| |1034.08|01-Oct-2018|1|2|A|10|0.0|206.84|0|4|0.0|0.0|0|0|0|0|0|0|0|0|0|0|0|0|0|||||01-Oct-2018|923.0|0|0||T7432X|T7432X|N|N1830|Y|E1129|Y|N182|N|R809|N|Z653|Y|I4891|Y|E1122|Y|E1121|Y|E11319|Y|D4959|Y|D075|Y|E781|Y|E119|Y|E8881|Y|P292|N|Z952|N|I350|Y|R931|Y|I259|Y|E785|Y|E669|Y|P2832|N|G479|Y|Z591|Y|W50|Y07|U| | | | | | | | | | | | | | | | | | | | | | |Z741|01-Oct-2018|Z9181|01-Oct-2018|Z139|01-Oct-2018|Z1331|01-Oct-2018|Z1331|01-Oct-2018|||||||||||||||||||||||||||||||||||||||||0|0||2|450|M1069|3.0|2018-10-02T00:00:00|hospital_C|hospital_C_20181001
SYN_BENE_2537C9F70437|SYN_CLM_AE0A3E6CE18A|V|60|01-Oct-2018|01-Oct-2018|05-Oct-2018||3|377673|1|1|1|| |1034.08|0.0| ||37|1306950993| |9999907899| |9999907899|||0|1| |1034.08|01-Oct-2018|1|2|A|10|0.0|206.84|0|4|0.0|0.0|0|0|0|0|0|0|0|0|0|0|0|0|0|||||01-Oct-2018|923.0|0|0||T7432X|T7432X|N|N1830|Y|E1129|Y|N182|N|R809|N|Z653|Y|I4891|Y|E1122|Y|E1121|Y|E11319|Y|D4959|Y|D075|Y|E781|Y|E119|Y|E8881|Y|P292|N|Z952|N|I350|Y|R931|Y|I259|Y|E785|Y|E669|Y|P2832|N|G479|Y|Z591|Y|W50|Y07|U| | | | | | | | | | | | | | | | | | | | | | |Z741|01-Oct-2018|Z9181|01-Oct-2018|Z139|01-Oct-2018|Z1331|01-Oct-2018|Z1331|01-Oct-2018|||||||||||||||||||||||||||||||||||||||||0|0||3|450|99401|3.0|2018-10-02T00:00:00|hospital_C|hospital_C_20181001
SYN_BENE_2537C9F70437|SYN_CLM_AE0A3E6CE18A|V|60|01-Oct-2018|01-Oct-2018|05-Oct-2018||3|377673|1|1|1|| |1034.08|0.0| ||37|1306950993| |9999907899| |9999907899|||0|1| |1034.08|01-Oct-2018|1|2|A|10|0.0|206.84|0|4|0.0|0.0|0|0|0|0|0|0|0|0|0|0|0|0|0|||||01-Oct-2018|923.0|0|0||T7432X|T7432X|N|N1830|Y|E1129|Y|N182|N|R809|N|Z653|Y|I4891|Y|E1122|Y|E1121|Y|E11319|Y|D4959|Y|D075|Y|E781|Y|E119|Y|E8881|Y|P292|N|Z952|N|I350|Y|R931|Y|I259|Y|E785|Y|E669|Y|P2832|N|G479|Y|Z591|Y|W50|Y07|U| | | | | | | | | | | | | | | | | | | | | | |Z741|01-Oct-2018|Z9181|01-Oct-2018|Z139|01-Oct-2018|Z1331|01-Oct-2018|Z1331|01-Oct-2018|||||||||||||||||||||||||||||||||||||||||0|0||4|450|G0444|3.0|2018-10-02T00:00:00|hospital_C|hospital_C_20181001
SYN_BENE_2537C9F70437|SYN_CLM_AE0A3E6CE18A|V|60|01-Oct-2018|01-Oct-2018|05-Oct-2018||3|377673|1|1|1|| |1034.08|0.0| ||37|1306950993| |9999907899| |9999907899|||0|1| |1034.08|01-Oct-2018|1|2|A|10|0.0|206.84|0|4|0.0|0.0|0|0|0|0|0|0|0|0|0|0|0|0|0|||||01-Oct-2018|923.0|0|0||T7432X|T7432X|N|N1830|Y|E1129|Y|N182|N|R809|N|Z653|Y|I4891|Y|E1122|Y|E1121|Y|E11319|Y|D4959|Y|D075|Y|E781|Y|E119|Y|E8881|Y|P292|N|Z952|N|I350|Y|R931|Y|I259|Y|E785|Y|E669|Y|P2832|N|G479|Y|Z591|Y|W50|Y07|U| | | | | | | | | | | | | | | | | | | | | | |Z741|01-Oct-2018|Z9181|01-Oct-2018|Z139|01-Oct-2018|Z1331|01-Oct-2018|Z1331|01-Oct-2018|||||||||||||||||||||||||||||||||||||||||0|0||5|450|G0444|3.0|2018-10-02T00:00:00|hospital_C|hospital_C_20181001
SYN_BENE_D7087146BEB6|SYN_CLM_D8E028DE11A1|V|60|01-Oct-2018|01-Oct-2018|05-Oct-2018||3|377673|1|1|1|| |1034.08|0.0| ||37|1306950993| |9999907899| |9999907899|||0|1| |1034.08|01-Oct-2018|1|2|A|10|0.0|206.84|0|4|0.0|0.0|0|0|0|0|0|0|0|0|0|0|0|0|0|||||01-Oct-2018|923.0|0|0||T7432X|T7432X|N|N1830|Y|E1129|Y|N182|N|R809|N|Z653|Y|I4891|Y|E1122|Y|E1121|Y|E11319|Y|D4959|Y|D075|Y|E781|Y|E119|Y|E8881|Y|P292|N|Z952|N|I350|Y|R931|Y|I259|Y|E785|Y|E669|Y|P2832|N|G479|Y|Z591|Y|W50|Y07|U| | | | | | | | | | | | | | | | | | | | | | |Z741|01-Oct-2018|Z9181|01-Oct-2018|Z139|01-Oct-2018|Z1331|01-Oct-2018|Z1331|01-Oct-2018|||||||||||||||||||||||||||||||||||||||||0|0||1|450|96156|3.0|2018-10-02T00:00:00|hospital_C|hospital_C_20181001
SYN_BENE_D7087146BEB6|SYN_CLM_D8E028DE11A1|V|60|01-Oct-2018|01-Oct-2018|05-Oct-2018||3|377673|1|1|1|| |1034.08|0.0| ||37|1306950993| |9999907899| |9999907899|||0|1| |1034.08|01-Oct-2018|1|2|A|10|0.0|206.84|0|4|0.0|0.0|0|0|0|0|0|0|0|0|0|0|0|0|0|||||01-Oct-2018|923.0|0|0||T7432X|T7432X|N|N1830|Y|E1129|Y|N182|N|R809|N|Z653|Y|I4891|Y|E1122|Y|E1121|Y|E11319|Y|D4959|Y|D075|Y|E781|Y|E119|Y|E8881|Y|P292|N|Z952|N|I350|Y|R931|Y|I259|Y|E785|Y|E669|Y|P2832|N|G479|Y|Z591|Y|W50|Y07|U| | | | | | | | | | | | | | | | | | | | | | |Z741|01-Oct-2018|Z9181|01-Oct-2018|Z139|01-Oct-2018|Z1331|01-Oct-2018|Z1331|01-Oct-2018|||||||||||||||||||||||||||||||||||||||||0|0||2|450|M1069|3.0|2018-10-02T00:00:00|hospital_C|hospital_C_20181001
SYN_BENE_D7087146BEB6|SYN_CLM_D8E028DE11A1|V|60|01-Oct-2018|01-Oct-2018|05-Oct-2018||3|377673|1|1|1|| |1034.08|0.0| ||37|1306950993| |9999907899| |9999907899|||0|1| |1034.08|01-Oct-2018|1|2|A|10|0.0|206.84|0|4|0.0|0.0|0|0|0|0|0|0|0|0|0|0|0|0|0|||||01-Oct-2018|923.0|0|0||T7432X|T7432X|N|N1830|Y|E1129|Y|N182|N|R809|N|Z653|Y|I4891|Y|E1122|Y|E1121|Y|E11319|Y|D4959|Y|D075|Y|E781|Y|E119|Y|E8881|Y|P292|N|Z952|N|I350|Y|R931|Y|I259|Y|E785|Y|E669|Y|P2832|N|G479|Y|Z591|Y|W50|Y07|U| | | | | | | | | | | | | | | | | | | | | | |Z741|01-Oct-2018|Z9181|01-Oct-2018|Z139|01-Oct-2018|Z1331|01-Oct-2018|Z1331|01-Oct-2018|||||||||||||||||||||||||||||||||||||||||0|0||3|450|99401|3.0|2018-10-02T00:00:00|hospital_C|hospital_C_20181001
SYN_BENE_D7087146BEB6|SYN_CLM_D8E028DE11A1|V|60|01-Oct-2018|01-Oct-2018|05-Oct-2018||3|377673|1|1|1|| |1034.08|0.0| ||37|1306950993| |9999907899| |9999907899|||0|1| |1034.08|01-Oct-2018|1|2|A|10|0.0|206.84|0|4|0.0|0.0|0|0|0|0|0|0|0|0|0|0|0|0|0|||||01-Oct-2018|923.0|0|0||T7432X|T7432X|N|N1830|Y|E1129|Y|N182|N|R809|N|Z653|Y|I4891|Y|E1122|Y|E1121|Y|E11319|Y|D4959|Y|D075|Y|E781|Y|E119|Y|E8881|Y|P292|N|Z952|N|I350|Y|R931|Y|I259|Y|E785|Y|E669|Y|P2832|N|G479|Y|Z591|Y|W50|Y07|U| | | | | | | | | | | | | | | | | | | | | | |Z741|01-Oct-2018|Z9181|01-Oct-2018|Z139|01-Oct-2018|Z1331|01-Oct-2018|Z1331|01-Oct-2018|||||||||||||||||||||||||||||||||||||||||0|0||4|450|G0444|3.0|2018-10-02T00:00:00|hospital_C|hospital_C_20181001
SYN_BENE_D7087146BEB6|SYN_CLM_D8E028DE11A1|V|60|01-Oct-2018|01-Oct-2018|05-Oct-2018||3|377673|1|1|1|| |1034.08|0.0| ||37|1306950993| |9999907899| |9999907899|||0|1| |1034.08|01-Oct-2018|1|2|A|10|0.0|206.84|0|4|0.0|0.0|0|0|0|0|0|0|0|0|0|0|0|0|0|||||01-Oct-2018|923.0|0|0||T7432X|T7432X|N|N1830|Y|E1129|Y|N182|N|R809|N|Z653|Y|I4891|Y|E1122|Y|E1121|Y|E11319|Y|D4959|Y|D075|Y|E781|Y|E119|Y|E8881|Y|P292|N|Z952|N|I350|Y|R931|Y|I259|Y|E785|Y|E669|Y|P2832|N|G479|Y|Z591|Y|W50|Y07|U| | | | | | | | | | | | | | | | | | | | | | |Z741|01-Oct-2018|Z9181|01-Oct-2018|Z139|01-Oct-2018|Z1331|01-Oct-2018|Z1331|01-Oct-2018|||||||||||||||||||||||||||||||||||||||||0|0||5|450|G0444|3.0|2018-10-02T00:00:00|hospital_C|hospital_C_20181001
SYN_BENE_B55E17B22343|SYN_CLM_A492C5B76ACC|V|60|01-Oct-2018|01-Oct-2018|05-Oct-2018||3|377673|1|1|1|| |1034.08|0.0| ||37|1306950993| |9999907899| |9999907899|||0|1| |1034.08|01-Oct-2018|1|2|A|10|0.0|206.84|0|4|0.0|0.0|0|0|0|0|0|0|0|0|0|0|0|0|0|||||01-Oct-2018|923.0|0|0||T7432X|T7432X|N|N1830|Y|E1129|Y|N182|N|R809|N|Z653|Y|I4891|Y|E1122|Y|E1121|Y|E11319|Y|D4959|Y|D075|Y|E781|Y|E119|Y|E8881|Y|P292|N|Z952|N|I350|Y|R931|Y|I259|Y|E785|Y|E669|Y|P2832|N|G479|Y|Z591|Y|W50|Y07|U| | | | | | | | | | | | | | | | | | | | | | |Z741|01-Oct-2018|Z9181|01-Oct-2018|Z139|01-Oct-2018|Z1331|01-Oct-2018|Z1331|01-Oct-2018|||||||||||||||||||||||||||||||||||||||||0|0||1|450|96156|3.0|2018-10-02T00:00:00|hospital_C|hospital_C_20181001
SYN_BENE_B55E17B22343|SYN_CLM_A492C5B76ACC|V|60|01-Oct-2018|01-Oct-2018|05-Oct-2018||3|377673|1|1|1|| |1034.08|0.0| ||37|1306950993| |9999907899| |9999907899|||0|1| |1034.08|01-Oct-2018|1|2|A|10|0.0|206.84|0|4|0.0|0.0|0|0|0|0|0|0|0|0|0|0|0|0|0|||||01-Oct-2018|923.0|0|0||T7432X|T7432X|N|N1830|Y|E1129|Y|N182|N|R809|N|Z653|Y|I4891|Y|E1122|Y|E1121|Y|E11319|Y|D4959|Y|D075|Y|E781|Y|E119|Y|E8881|Y|P292|N|Z952|N|I350|Y|R931|Y|I259|Y|E785|Y|E669|Y|P2832|N|G479|Y|Z591|Y|W50|Y07|U| | | | | | | | | | | | | | | | | | | | | | |Z741|01-Oct-2018|Z9181|01-Oct-2018|Z139|01-Oct-2018|Z1331|01-Oct-2018|Z1331|01-Oct-2018|||||||||||||||||||||||||||||||||||||||||0|0||2|450|M1069|3.0|2018-10-02T00:00:00|hospital_C|hospital_C_20181001
SYN_BENE_B55E17B22343|SYN_CLM_A492C5B76ACC|V|60|01-Oct-2018|01-Oct-2018|05-Oct-2018||3|377673|1|1|1|| |1034.08|0.0| ||37|1306950993| |9999907899| |9999907899|||0|1| |1034.08|01-Oct-2018|1|2|A|10|0.0|206.84|0|4|0.0|0.0|0|0|0|0|0|0|0|0|0|0|0|0|0|||||01-Oct-2018|923.0|0|0||T7432X|T7432X|N|N1830|Y|E1129|Y|N182|N|R809|N|Z653|Y|I4891|Y|E1122|Y|E1121|Y|E11319|Y|D4959|Y|D075|Y|E781|Y|E119|Y|E8881|Y|P292|N|Z952|N|I350|Y|R931|Y|I259|Y|E785|Y|E669|Y|P2832|N|G479|Y|Z591|Y|W50|Y07|U| | | | | | | | | | | | | | | | | | | | | | |Z741|01-Oct-2018|Z9181|01-Oct-2018|Z139|01-Oct-2018|Z1331|01-Oct-2018|Z1331|01-Oct-2018|||||||||||||||||||||||||||||||||||||||||0|0||3|450|99401|3.0|2018-10-02T00:00:00|hospital_C|hospital_C_20181001
SYN_BENE_B55E17B22343|SYN_CLM_A492C5B76ACC|V|60|01-Oct-2018|01-Oct-2018|05-Oct-2018||3|377673|1|1|1|| |1034.08|0.0| ||37|1306950993| |9999907899| |9999907899|||0|1| |1034.08|01-Oct-2018|1|2|A|10|0.0|206.84|0|4|0.0|0.0|0|0|0|0|0|0|0|0|0|0|0|0|0|||||01-Oct-2018|923.0|0|0||T7432X|T7432X|N|N1830|Y|E1129|Y|N182|N|R809|N|Z653|Y|I4891|Y|E1122|Y|E1121|Y|E11319|Y|D4959|Y|D075|Y|E781|Y|E119|Y|E8881|Y|P292|N|Z952|N|I350|Y|R931|Y|I259|Y|E785|Y|E669|Y|P2832|N|G479|Y|Z591|Y|W50|Y07|U| | | | | | | | | | | | | | | | | | | | | | |Z741|01-Oct-2018|Z9181|01-Oct-2018|Z139|01-Oct-2018|Z1331|01-Oct-2018|Z1331|01-Oct-2018|||||||||||||||||||||||||||||||||||||||||0|0||4|450|G0444|3.0|2018-10-02T00:00:00|hospital_C|hospital_C_20181001
SYN_BENE_B55E17B22343|SYN_CLM_A492C5B76ACC|V|60|01-Oct-2018|01-Oct-2018|05-Oct-2018||3|377673|1|1|1|| |1034.08|0.0| ||37|1306950993| |9999907899| |9999907899|||0|1| |1034.08|01-Oct-2018|1|2|A|10|0.0|206.84|0|4|0.0|0.0|0|0|0|0|0|0|0|0|0|0|0|0|0|||||01-Oct-2018|923.0|0|0||T7432X|T7432X|N|N1830|Y|E1129|Y|N182|N|R809|N|Z653|Y|I4891|Y|E1122|Y|E1121|Y|E11319|Y|D4959|Y|D075|Y|E781|Y|E119|Y|E8881|Y|P292|N|Z952|N|I350|Y|R931|Y|I259|Y|E785|Y|E669|Y|P2832|N|G479|Y|Z591|Y|W50|Y07|U| | | | | | | | | | | | | | | | | | | | | | |Z741|01-Oct-2018|Z9181|01-Oct-2018|Z139|01-Oct-2018|Z1331|01-Oct-2018|Z1331|01-Oct-2018|||||||||||||||||||||||||||||||||||||||||0|0||5|450|G0444|3.0|2018-10-02T00:00:00|hospital_C|hospital_C_20181001
