BENE_ID|CLM_ID|NCH_NEAR_LINE_REC_IDENT_CD|NCH_CLM_TYPE_CD|CLM_FROM_DT|CLM_THRU_DT|NCH_WKLY_PROC_DT|FI_CLM_PROC_DT|CLAIM_QUERY_CODE|PRVDR_NUM|CLM_FAC_TYPE_CD|CLM_SRVC_CLSFCTN_TYPE_CD|CLM_FREQ_CD|FI_NUM|CLM_MDCR_NON_PMT_RSN_CD|CLM_PMT_AMT|NCH_PRMRY_PYR_CLM_PD_AMT|NCH_PRMRY_PYR_CD|FI_CLM_ACTN_CD|PRVDR_STATE_CD|ORG_NPI_NUM|AT_PHYSN_UPIN|AT_PHYSN_NPI|OP_PHYSN_UPIN|OP_PHYSN_NPI|OT_PHYSN_UPIN|OT_PHYSN_NPI|CLM_MCO_PD_SW|PTNT_DSCHRG_STUS_CD|CLM_PPS_IND_CD|CLM_TOT_CHRG_AMT|CLM_ADMSN_DT|CLM_IP_ADMSN_TYPE_CD|CLM_SRC_IP_ADMSN_CD|NCH_PTNT_STATUS_IND_CD|CLM_PASS_THRU_PER_DIEM_AMT|NCH_BENE_IP_DDCTBL_AMT|NCH_BENE_PTA_COINSRNC_LBLTY_AM|NCH_BENE_BLOOD_DDCTBL_LBLTY_AM|NCH_PROFNL_CMPNT_CHRG_AMT|NCH_IP_NCVRD_CHRG_AMT|NCH_IP_TOT_DDCTN_AMT|CLM_TOT_PPS_CPTL_AMT|CLM_PPS_CPTL_FSP_AMT|CLM_PPS_CPTL_OUTLIER_AMT|CLM_PPS_CPTL_DSPRPRTNT_SHR_AMT|CLM_PPS_CPTL_IME_AMT|CLM_PPS_CPTL_EXCPTN_AMT|CLM_PPS_OLD_CPTL_HLD_HRMLS_AMT|CLM_PPS_CPTL_DRG_WT_NUM|CLM_UTLZTN_DAY_CNT|BENE_TOT_COINSRNC_DAYS_CNT|BENE_LRD_USED_CNT|CLM_NON_UTLZTN_DAYS_CNT|NCH_BLOOD_PNTS_FRNSHD_QTY|NCH_VRFD_NCVRD_STAY_FROM_DT|NCH_VRFD_NCVRD_STAY_THRU_DT|NCH_ACTV_OR_CVRD_LVL_CARE_THRU|NCH_BENE_MDCR_BNFTS_EXHTD_DT_I|NCH_BENE_DSCHRG_DT|CLM_DRG_CD|CLM_DRG_OUTLIER_STAY_CD|NCH_DRG_OUTLIER_APRVD_PMT_AMT|ADMTG_DGNS_CD|PRNCPAL_DGNS_CD|ICD_DGNS_CD1|CLM_POA_IND_SW1|ICD_DGNS_CD2|CLM_POA_IND_SW2|ICD_DGNS_CD3|CLM_POA_IND_SW3|ICD_DGNS_CD4|CLM_POA_IND_SW4|ICD_DGNS_CD5|CLM_POA_IND_SW5|ICD_DGNS_CD6|CLM_POA_IND_SW6|ICD_DGNS_CD7|CLM_POA_IND_SW7|ICD_DGNS_CD8|CLM_POA_IND_SW8|ICD_DGNS_CD9|CLM_POA_IND_SW9|ICD_DGNS_CD10|CLM_POA_IND_SW10|ICD_DGNS_CD11|CLM_POA_IND_SW11|ICD_DGNS_CD12|CLM_POA_IND_SW12|ICD_DGNS_CD13|CLM_POA_IND_SW13|ICD_DGNS_CD14|CLM_POA_IND_SW14|ICD_DGNS_CD15|CLM_POA_IND_SW15|ICD_DGNS_CD16|CLM_POA_IND_SW16|ICD_DGNS_CD17|CLM_POA_IND_SW17|ICD_DGNS_CD18|CLM_POA_IND_SW18|ICD_DGNS_CD19|CLM_POA_IND_SW19|ICD_DGNS_CD20|CLM_POA_IND_SW20|ICD_DGNS_CD21|CLM_POA_IND_SW21|ICD_DGNS_CD22|CLM_POA_IND_SW22|ICD_DGNS_CD23|CLM_POA_IND_SW23|ICD_DGNS_CD24|CLM_POA_IND_SW24|ICD_DGNS_CD25|CLM_POA_IND_SW25|FST_DGNS_E_CD|ICD_DGNS_E_CD1|CLM_E_POA_IND_SW1|ICD_DGNS_E_CD2|CLM_E_POA_IND_SW2|ICD_DGNS_E_CD3|CLM_E_POA_IND_SW3|ICD_DGNS_E_CD4|CLM_E_POA_IND_SW4|ICD_DGNS_E_CD5|CLM_E_POA_IND_SW5|ICD_DGNS_E_CD6|CLM_E_POA_IND_SW6|ICD_DGNS_E_CD7|CLM_E_POA_IND_SW7|ICD_DGNS_E_CD8|CLM_E_POA_IND_SW8|ICD_DGNS_E_CD9|CLM_E_POA_IND_SW9|ICD_DGNS_E_CD10|CLM_E_POA_IND_SW10|ICD_DGNS_E_CD11|CLM_E_POA_IND_SW11|ICD_DGNS_E_CD12|CLM_E_POA_IND_SW12|ICD_PRCDR_CD1|PRCDR_DT1|ICD_PRCDR_CD2|PRCDR_DT2|ICD_PRCDR_CD3|PRCDR_DT3|ICD_PRCDR_CD4|PRCDR_DT4|ICD_PRCDR_CD5|PRCDR_DT5|ICD_PRCDR_CD6|PRCDR_DT6|ICD_PRCDR_CD7|PRCDR_DT7|ICD_PRCDR_CD8|PRCDR_DT8|ICD_PRCDR_CD9|PRCDR_DT9|ICD_PRCDR_CD10|PRCDR_DT10|ICD_PRCDR_CD11|PRCDR_DT11|ICD_PRCDR_CD12|PRCDR_DT12|ICD_PRCDR_CD13|PRCDR_DT13|ICD_PRCDR_CD14|PRCDR_DT14|ICD_PRCDR_CD15|PRCDR_DT15|ICD_PRCDR_CD16|PRCDR_DT16|ICD_PRCDR_CD17|PRCDR_DT17|ICD_PRCDR_CD18|PRCDR_DT18|ICD_PRCDR_CD19|PRCDR_DT19|ICD_PRCDR_CD20|PRCDR_DT20|ICD_PRCDR_CD21|PRCDR_DT21|ICD_PRCDR_CD22|PRCDR_DT22|ICD_PRCDR_CD23|PRCDR_DT23|ICD_PRCDR_CD24|PRCDR_DT24|ICD_PRCDR_CD25|PRCDR_DT25|IME_OP_CLM_VAL_AMT|DSH_OP_CLM_VAL_AMT|CLM_UNCOMPD_CARE_PMT_AMT|CLM_LINE_NUM|REV_CNTR|HCPCS_CD|REV_CNTR_DDCTBL_COINSRNC_CD|ingestion_timestamp|hospital_id|batch_id
-10000010275202|-10000930959402|V|60|19-Dec-2022|19-Dec-2022|23-Dec-2022||3|377673|1|1|1|| |928.44|0.0| ||37|1306950993| |9999907899| |9999907899|||0|1| |928.44|19-Dec-2022|1|5|A|10|0.0|185.71|0|4|185.71|185.71|0|0|0|0|0|0|0|0|0|0|0|0|0|||||19-Dec-2022|949.0|0|0||T7431X|T7431X|N|Z608|Y|N1830|Y|R809|N|N182|Y|R801|Y|Z653|Y|I4891|Y|N181|N|E1121|Y|E11319|Y|D4959|Y|D075|Y|E781|Y|E119|Y|E8881|Y|P292|N|Z952|Y|I350|Y|R931|Y|I259|Y|E785|Y|E669|Y|Q870|N|G479|Y|Y04|X58|U| | | | | | | | | | | | | | | | | | | | | | |Z741|19-Dec-2022|F419|19-Dec-2022|Z1331|19-Dec-2022|Z1331|19-Dec-2022|F1990|19-Dec-2022|Z715|19-Dec-2022|||||||||||||||||||||||||||||||||||||||0|0||1|450|96156|2.0|2022-12-20T00:00:00|hospital_C|hospital_C_20221219
-10000010275202|-10000930959402|V|60|19-Dec-2022|19-Dec-2022|23-Dec-2022||3|377673|1|1|1|| |928.44|0.0| ||37|1306950993| |9999907899| |9999907899|||0|1| |928.44|19-Dec-2022|1|5|A|10|0.0|185.71|0|4|185.71|185.71|0|0|0|0|0|0|0|0|0|0|0|0|0|||||19-Dec-2022|949.0|0|0||T7431X|T7431X|N|Z608|Y|N1830|Y|R809|N|N182|Y|R801|Y|Z653|Y|I4891|Y|N181|N|E1121|Y|E11319|Y|D4959|Y|D075|Y|E781|Y|E119|Y|E8881|Y|P292|N|Z952|Y|I350|Y|R931|Y|I259|Y|E785|Y|E669|Y|Q870|N|G479|Y|Y04|X58|U| | | | | | | | | | | | | | | | | | | | | | |Z741|19-Dec-2022|F419|19-Dec-2022|Z1331|19-Dec-2022|Z1331|19-Dec-2022|F1990|19-Dec-2022|Z715|19-Dec-2022|||||||||||||||||||||||||||||||||||||||0|0||2|450|96127|3.0|2022-12-20T00:00:00|hospital_C|hospital_C_20221219
-10000010275202|-10000930959402|V|60|19-Dec-2022|19-Dec-2022|23-Dec-2022||3|377673|1|1|1|| |928.44|0.0| ||37|1306950993| |9999907899| |9999907899|||0|1| |928.44|19-Dec-2022|1|5|A|10|0.0|185.71|0|4|185.71|185.71|0|0|0|0|0|0|0|0|0|0|0|0|0|||||19-Dec-2022|949.0|0|0||T7431X|T7431X|N|Z608|Y|N1830|Y|R809|N|N182|Y|R801|Y|Z653|Y|I4891|Y|N181|N|E1121|Y|E11319|Y|D4959|Y|D075|Y|E781|Y|E119|Y|E8881|Y|P292|N|Z952|Y|I350|Y|R931|Y|I259|Y|E785|Y|E669|Y|Q870|N|G479|Y|Y04|X58|U| | | | | | | | | | | | | | | | | | | | | | |Z741|19-Dec-2022|F419|19-Dec-2022|Z1331|19-Dec-2022|Z1331|19-Dec-2022|F1990|19-Dec-2022|Z715|19-Dec-2022|||||||||||||||||||||||||||||||||||||||0|0||3|450|G0444|3.0|2022-12-20T00:00:00|hospital_C|hospital_C_20221219
-10000010275202|-10000930959402|V|60|19-Dec-2022|19-Dec-2022|23-Dec-2022||3|377673|1|1|1|| |928.44|0.0| ||37|1306950993| |9999907899| |9999907899|||0|1| |928.44|19-Dec-2022|1|5|A|10|0.0|185.71|0|4|185.71|185.71|0|0|0|0|0|0|0|0|0|0|0|0|0|||||19-Dec-2022|949.0|0|0||T7431X|T7431X|N|Z608|Y|N1830|Y|R809|N|N182|Y|R801|Y|Z653|Y|I4891|Y|N181|N|E1121|Y|E11319|Y|D4959|Y|D075|Y|E781|Y|E119|Y|E8881|Y|P292|N|Z952|Y|I350|Y|R931|Y|I259|Y|E785|Y|E669|Y|Q870|N|G479|Y|Y04|X58|U| | | | | | | | | | | | | | | | | | | | | | |Z741|19-Dec-2022|F419|19-Dec-2022|Z1331|19-Dec-2022|Z1331|19-Dec-2022|F1990|19-Dec-2022|Z715|19-Dec-2022|||||||||||||||||||||||||||||||||||||||0|0||4|450|G0444|3.0|2022-12-20T00:00:00|hospital_C|hospital_C_20221219
-10000010275202|-10000930959402|V|60|19-Dec-2022|19-Dec-2022|23-Dec-2022||3|377673|1|1|1|| |928.44|0.0| ||37|1306950993| |9999907899| |9999907899|||0|1| |928.44|19-Dec-2022|1|5|A|10|0.0|185.71|0|4|185.71|185.71|0|0|0|0|0|0|0|0|0|0|0|0|0|||||19-Dec-2022|949.0|0|0||T7431X|T7431X|N|Z608|Y|N1830|Y|R809|N|N182|Y|R801|Y|Z653|Y|I4891|Y|N181|N|E1121|Y|E11319|Y|D4959|Y|D075|Y|E781|Y|E119|Y|E8881|Y|P292|N|Z952|Y|I350|Y|R931|Y|I259|Y|E785|Y|E669|Y|Q870|N|G479|Y|Y04|X58|U| | | | | | | | | | | | | | | | | | | | | | |Z741|19-Dec-2022|F419|19-Dec-2022|Z1331|19-Dec-2022|Z1331|19-Dec-2022|F1990|19-Dec-2022|Z715|19-Dec-2022|||||||||||||||||||||||||||||||||||||||0|0||5|450|99408|3.0|2022-12-20T00:00:00|hospital_C|hospital_C_20221219
-10000010275202|-10000930959402|V|60|19-Dec-2022|19-Dec-2022|23-Dec-2022||3|377673|1|1|1|| |928.44|0.0| ||37|1306950993| |9999907899| |9999907899|||0|1| |928.44|19-Dec-2022|1|5|A|10|0.0|185.71|0|4|185.71|185.71|0|0|0|0|0|0|0|0|0|0|0|0|0|||||19-Dec-2022|949.0|0|0||T7431X|T7431X|N|Z608|Y|N1830|Y|R809|N|N182|Y|R801|Y|Z653|Y|I4891|Y|N181|N|E1121|Y|E11319|Y|D4959|Y|D075|Y|E781|Y|E119|Y|E8881|Y|P292|N|Z952|Y|I350|Y|R931|Y|I259|Y|E785|Y|E669|Y|Q870|N|G479|Y|Y04|X58|U| | | | | | | | | | | | | | | | | | | | | | |Z741|19-Dec-2022|F419|19-Dec-2022|Z1331|19-Dec-2022|Z1331|19-Dec-2022|F1990|19-Dec-2022|Z715|19-Dec-2022|||||||||||||||||||||||||||||||||||||||0|0||6|450|99408|3.0|2022-12-20T00:00:00|hospital_C|hospital_C_20221219
SYN_BENE_E3C491CD6157|SYN_CLM_CA958EC6F8C3|V|60|19-Dec-2022|19-Dec-2022|23-Dec-2022||3|377673|1|1|1|| |928.44|0.0| ||37|1306950993| |9999907899| |9999907899|||0|1| |928.44|19-Dec-2022|1|5|A|10|0.0|185.71|0|4|185.71|185.71|0|0|0|0|0|0|0|0|0|0|0|0|0|||||19-Dec-2022|949.0|0|0||T7431X|T7431X|N|Z608|Y|N1830|Y|R809|N|N182|Y|R801|Y|Z653|Y|I4891|Y|N181|N|E1121|Y|E11319|Y|D4959|Y|D075|Y|E781|Y|E119|Y|E8881|Y|P292|N|Z952|Y|I350|Y|R931|Y|I259|Y|E785|Y|E669|Y|Q870|N|G479|Y|Y04|X58|U| | | | | | | | | | | | | | | | | | | | | | |Z741|19-Dec-2022|F419|19-Dec-2022|Z1331|19-Dec-2022|Z1331|19-Dec-2022|F1990|19-Dec-2022|Z715|19-Dec-2022|||||||||||||||||||||||||||||||||||||||0|0||1|450|96156|2.0|2022-12-20T00:00:00|hospital_C|hospital_C_20221219
SYN_BENE_E3C491CD6157|SYN_CLM_CA958EC6F8C3|V|60|19-Dec-2022|19-Dec-2022|23-Dec-2022||3|377673|1|1|1|| |928.44|0.0| ||37|1306950993| |9999907899| |9999907899|||0|1| |928.44|19-Dec-2022|1|5|A|10|0.0|185.71|0|4|185.71|185.71|0|0|0|0|0|0|0|0|0|0|0|0|0|||||19-Dec-2022|949.0|0|0||T7431X|T7431X|N|Z608|Y|N1830|Y|R809|N|N182|Y|R801|Y|Z653|Y|I4891|Y|N181|N|E1121|Y|E11319|Y|D4959|Y|D075|Y|E781|Y|E119|Y|E8881|Y|P292|N|Z952|Y|I350|Y|R931|Y|I259|Y|E785|Y|E669|Y|Q870|N|G479|Y|Y04|X58|U| | | | | | | | | | | | | | | | | | | | | | |Z741|19-Dec-2022|F419|19-Dec-2022|Z1331|19-Dec-2022|Z1331|19-Dec-2022|F1990|19-Dec-2022|Z715|19-Dec-2022|||||||||||||||||||||||||||||||||||||||0|0||2|450|96127|3.0|2022-12-20T00:00:00|hospital_C|hospital_C_20221219
SYN_BENE_E3C491CD6157|SYN_CLM_CA958EC6F8C3|V|60|19-Dec-2022|19-Dec-2022|23-Dec-2022||3|377673|1|1|1|| |928.44|0.0| ||37|1306950993| |9999907899| |9999907899|||0|1| |928.44|19-Dec-2022|1|5|A|10|0.0|185.71|0|4|185.71|185.71|0|0|0|0|0|0|0|0|0|0|0|0|0|||||19-Dec-2022|949.0|0|0||T7431X|T7431X|N|Z608|Y|N1830|Y|R809|N|N182|Y|R801|Y|Z653|Y|I4891|Y|N181|N|E1121|Y|E11319|Y|D4959|Y|D075|Y|E781|Y|E119|Y|E8881|Y|P292|N|Z952|Y|I350|Y|R931|Y|I259|Y|E785|Y|E669|Y|Q870|N|G479|Y|Y04|X58|U| | | | | | | | | | | | | | | | | | | | | | |Z741|19-Dec-2022|F419|19-Dec-2022|Z1331|19-Dec-2022|Z1331|19-Dec-2022|F1990|19-Dec-2022|Z715|19-Dec-2022|||||||||||||||||||||||||||||||||||||||0|0||3|450|G0444|3.0|2022-12-20T00:00:00|hospital_C|hospital_C_20221219
SYN_BENE_E3C491CD6157|SYN_CLM_CA958EC6F8C3|V|60|19-Dec-2022|19-Dec-2022|23-Dec-2022||3|377673|1|1|1|| |928.44|0.0| ||37|1306950993| |9999907899| |9999907899|||0|1| |928.44|19-Dec-2022|1|5|A|10|0.0|185.71|0|4|185.71|185.71|0|0|0|0|0|0|0|0|0|0|0|0|0|||||19-Dec-2022|949.0|0|0||T7431X|T7431X|N|Z608|Y|N1830|Y|R809|N|N182|Y|R801|Y|Z653|Y|I4891|Y|N181|N|E1121|Y|E11319|Y|D4959|Y|D075|Y|E781|Y|E119|Y|E8881|Y|P292|N|Z952|Y|I350|Y|R931|Y|I259|Y|E785|Y|E669|Y|Q870|N|G479|Y|Y04|X58|U| | | | | | | | | | | | | | | | | | | | | | |Z741|19-Dec-2022|F419|19-Dec-2022|Z1331|19-Dec-2022|Z1331|19-Dec-2022|F1990|19-Dec-2022|Z715|19-Dec-2022|||||||||||||||||||||||||||||||||||||||0|0||4|450|G0444|3.0|2022-12-20T00:00:00|hospital_C|hospital_C_20221219
SYN_BENE_E3C491CD6157|SYN_CLM_CA958EC6F8C3|V|60|19-Dec-2022|19-Dec-2022|23-Dec-2022||3|377673|1|1|1|| |928.44|0.0| ||37|1306950993| |9999907899| |9999907899|||0|1| |928.44|19-Dec-2022|1|5|A|10|0.0|185.71|0|4|185.71|185.71|0|0|0|0|0|0|0|0|0|0|0|0|0|||||19-Dec-2022|949.0|0|0||T7431X|T7431X|N|Z608|Y|N1830|Y|R809|N|N182|Y|R801|Y|Z653|Y|I4891|Y|N181|N|E1121|Y|E11319|Y|D4959|Y|D075|Y|E781|Y|E119|Y|E8881|Y|P292|N|Z952|Y|I350|Y|R931|Y|I259|Y|E785|Y|E669|Y|Q870|N|G479|Y|Y04|X58|U| | | | | | | | | | | | | | | | | | | | | | |Z741|19-Dec-2022|F419|19-Dec-2022|Z1331|19-Dec-2022|Z1331|19-Dec-2022|F1990|19-Dec-2022|Z715|19-Dec-2022|||||||||||||||||||||||||||||||||||||||0|0||5|450|99408|3.0|2022-12-20T00:00:00|hospital_C|hospital_C_20221219
SYN_BENE_E3C491CD6157|SYN_CLM_CA958EC6F8C3|V|60|19-Dec-2022|19-Dec-2022|23-Dec-2022||3|377673|1|1|1|| |928.44|0.0| ||37|1306950993| |9999907899| |9999907899|||0|1| |928.44|19-Dec-2022|1|5|A|10|0.0|185.71|0|4|185.71|185.71|0|0|0|0|0|0|0|0|0|0|0|0|0|||||19-Dec-2022|949.0|0|0||T7431X|T7431X|N|Z608|Y|N1830|Y|R809|N|N182|Y|R801|Y|Z653|Y|I4891|Y|N181|N|E1121|Y|E11319|Y|D4959|Y|D075|Y|E781|Y|E119|Y|E8881|Y|P292|N|Z952|Y|I350|Y|R931|Y|I259|Y|E785|Y|E669|Y|Q870|N|G479|Y|Y04|X58|U| | | | | | | | | | | | | | | | | | | | | | |Z741|19-Dec-2022|F419|19-Dec-2022|Z1331|19-Dec-2022|Z1331|19-Dec-2022|F1990|19-Dec-2022|Z715|19-Dec-2022|||||||||||||||||||||||||||||||||||||||0|0||6|450|99408|3.0|2022-12-20T00:00:00|hospital_C|hospital_C_20221219
SYN_BENE_363E09055BE1|SYN_CLM_788EFC7D4DFA|V|60|19-Dec-2022|19-Dec-2022|23-Dec-2022||3|377673|1|1|1|| |928.44|0.0| ||37|1306950993| |9999907899| |9999907899|||0|1| |928.44|19-Dec-2022|1|5|A|10|0.0|185.71|0|4|185.71|185.71|0|0|0|0|0|0|0|0|0|0|0|0|0|||||19-Dec-2022|949.0|0|0||T7431X|T7431X|N|Z608|Y|N1830|Y|R809|N|N182|Y|R801|Y|Z653|Y|I4891|Y|N181|N|E1121|Y|E11319|Y|D4959|Y|D075|Y|E781|Y|E119|Y|E8881|Y|P292|N|Z952|Y|I350|Y|R931|Y|I259|Y|E785|Y|E669|Y|Q870|N|G479|Y|Y04|X58|U| | | | | | | | | | | | | | | | | | | | | | |Z741|19-Dec-2022|F419|19-Dec-2022|Z1331|19-Dec-2022|Z1331|19-Dec-2022|F1990|19-Dec-2022|Z715|19-Dec-2022|||||||||||||||||||||||||||||||||||||||0|0||1|450|96156|2.0|2022-12-20T00:00:00|hospital_C|hospital_C_20221219
SYN_BENE_363E09055BE1|SYN_CLM_788EFC7D4DFA|V|60|19-Dec-2022|19-Dec-2022|23-Dec-2022||3|377673|1|1|1|| |928.44|0.0| ||37|1306950993| |9999907899| |9999907899|||0|1| |928.44|19-Dec-2022|1|5|A|10|0.0|185.71|0|4|185.71|185.71|0|0|0|0|0|0|0|0|0|0|0|0|0|||||19-Dec-2022|949.0|0|0||T7431X|T7431X|N|Z608|Y|N1830|Y|R809|N|N182|Y|R801|Y|Z653|Y|I4891|Y|N181|N|E1121|Y|E11319|Y|D4959|Y|D075|Y|E781|Y|E119|Y|E8881|Y|P292|N|Z952|Y|I350|Y|R931|Y|I259|Y|E785|Y|E669|Y|Q870|N|G479|Y|Y04|X58|U| | | | | | | | | | | | | | | | | | | | | | |Z741|19-Dec-2022|F419|19-Dec-2022|Z1331|19-Dec-2022|Z1331|19-Dec-2022|F1990|19-Dec-2022|Z715|19-Dec-2022|||||||||||||||||||||||||||||||||||||||0|0||2|450|96127|3.0|2022-12-20T00:00:00|hospital_C|hospital_C_20221219
SYN_BENE_363E09055BE1|SYN_CLM_788EFC7D4DFA|V|60|19-Dec-2022|19-Dec-2022|23-Dec-2022||3|377673|1|1|1|| |928.44|0.0| ||37|1306950993| |9999907899| |9999907899|||0|1| |928.44|19-Dec-2022|1|5|A|10|0.0|185.71|0|4|185.71|185.71|0|0|0|0|0|0|0|0|0|0|0|0|0|||||19-Dec-2022|949.0|0|0||T7431X|T7431X|N|Z608|Y|N1830|Y|R809|N|N182|Y|R801|Y|Z653|Y|I4891|Y|N181|N|E1121|Y|E11319|Y|D4959|Y|D075|Y|E781|Y|E119|Y|E8881|Y|P292|N|Z952|Y|I350|Y|R931|Y|I259|Y|E785|Y|E669|Y|Q870|N|G479|Y|Y04|X58|U| | | | | | | | | | | | | | | | | | | | | | |Z741|19-Dec-2022|F419|19-Dec-2022|Z1331|19-Dec-2022|Z1331|19-Dec-2022|F1990|19-Dec-2022|Z715|19-Dec-2022|||||||||||||||||||||||||||||||||||||||0|0||3|450|G0444|3.0|2022-12-20T00:00:00|hospital_C|hospital_C_20221219
SYN_BENE_363E09055BE1|SYN_CLM_788EFC7D4DFA|V|60|19-Dec-2022|19-Dec-2022|23-Dec-2022||3|377673|1|1|1|| |928.44|0.0| ||37|1306950993| |9999907899| |9999907899|||0|1| |928.44|19-Dec-2022|1|5|A|10|0.0|185.71|0|4|185.71|185.71|0|0|0|0|0|0|0|0|0|0|0|0|0|||||19-Dec-2022|949.0|0|0||T7431X|T7431X|N|Z608|Y|N1830|Y|R809|N|N182|Y|R801|Y|Z653|Y|I4891|Y|N181|N|E1121|Y|E11319|Y|D4959|Y|D075|Y|E781|Y|E119|Y|E8881|Y|P292|N|Z952|Y|I350|Y|R931|Y|I259|Y|E785|Y|E669|Y|Q870|N|G479|Y|Y04|X58|U| | | | | | | | | | | | | | | | | | | | | | |Z741|19-Dec-2022|F419|19-Dec-2022|Z1331|19-Dec-2022|Z1331|19-Dec-2022|F1990|19-Dec-2022|Z715|19-Dec-2022|||||||||||||||||||||||||||||||||||||||0|0||4|450|G0444|3.0|2022-12-20T00:00:00|hospital_C|hospital_C_20221219
SYN_BENE_363E09055BE1|SYN_CLM_788EFC7D4DFA|V|60|19-Dec-2022|19-Dec-2022|23-Dec-2022||3|377673|1|1|1|| |928.44|0.0| ||37|1306950993| |9999907899| |9999907899|||0|1| |928.44|19-Dec-2022|1|5|A|10|0.0|185.71|0|4|185.71|185.71|0|0|0|0|0|0|0|0|0|0|0|0|0|||||19-Dec-2022|949.0|0|0||T7431X|T7431X|N|Z608|Y|N1830|Y|R809|N|N182|Y|R801|Y|Z653|Y|I4891|Y|N181|N|E1121|Y|E11319|Y|D4959|Y|D075|Y|E781|Y|E119|Y|E8881|Y|P292|N|Z952|Y|I350|Y|R931|Y|I259|Y|E785|Y|E669|Y|Q870|N|G479|Y|Y04|X58|U| | | | | | | | | | | | | | | | | | | | | | |Z741|19-Dec-2022|F419|19-Dec-2022|Z1331|19-Dec-2022|Z1331|19-Dec-2022|F1990|19-Dec-2022|Z715|19-Dec-2022|||||||||||||||||||||||||||||||||||||||0|0||5|450|99408|3.0|2022-12-20T00:00:00|hospital_C|hospital_C_20221219
SYN_BENE_363E09055BE1|SYN_CLM_788EFC7D4DFA|V|60|19-Dec-2022|19-Dec-2022|23-Dec-2022||3|377673|1|1|1|| |928.44|0.0| ||37|1306950993| |9999907899| |9999907899|||0|1| |928.44|19-Dec-2022|1|5|A|10|0.0|185.71|0|4|185.71|185.71|0|0|0|0|0|0|0|0|0|0|0|0|0|||||19-Dec-2022|949.0|0|0||T7431X|T7431X|N|Z608|Y|N1830|Y|R809|N|N182|Y|R801|Y|Z653|Y|I4891|Y|N181|N|E1121|Y|E11319|Y|D4959|Y|D075|Y|E781|Y|E119|Y|E8881|Y|P292|N|Z952|Y|I350|Y|R931|Y|I259|Y|E785|Y|E669|Y|Q870|N|G479|Y|Y04|X58|U| | | | | | | | | | | | | | | | | | | | | | |Z741|19-Dec-2022|F419|19-Dec-2022|Z1331|19-Dec-2022|Z1331|19-Dec-2022|F1990|19-Dec-2022|Z715|19-Dec-2022|||||||||||||||||||||||||||||||||||||||0|0||6|450|99408|3.0|2022-12-20T00:00:00|hospital_C|hospital_C_20221219
SYN_BENE_79971DFC10C3|SYN_CLM_9EE7FCECD769|V|60|19-Dec-2022|19-Dec-2022|23-Dec-2022||3|377673|1|1|1|| |928.44|0.0| ||37|1306950993| |9999907899| |9999907899|||0|1| |928.44|19-Dec-2022|1|5|A|10|0.0|185.71|0|4|185.71|185.71|0|0|0|0|0|0|0|0|0|0|0|0|0|||||19-Dec-2022|949.0|0|0||T7431X|T7431X|N|Z608|Y|N1830|Y|R809|N|N182|Y|R801|Y|Z653|Y|I4891|Y|N181|N|E1121|Y|E11319|Y|D4959|Y|D075|Y|E781|Y|E119|Y|E8881|Y|P292|N|Z952|Y|I350|Y|R931|Y|I259|Y|E785|Y|E669|Y|Q870|N|G479|Y|Y04|X58|U| | | | | | | | | | | | | | | | | | | | | | |Z741|19-Dec-2022|F419|19-Dec-2022|Z1331|19-Dec-2022|Z1331|19-Dec-2022|F1990|19-Dec-2022|Z715|19-Dec-2022|||||||||||||||||||||||||||||||||||||||0|0||1|450|96156|2.0|2022-12-20T00:00:00|hospital_C|hospital_C_20221219
SYN_BENE_79971DFC10C3|SYN_CLM_9EE7FCECD769|V|60|19-Dec-2022|19-Dec-2022|23-Dec-2022||3|377673|1|1|1|| |928.44|0.0| ||37|1306950993| |9999907899| |9999907899|||0|1| |928.44|19-Dec-2022|1|5|A|10|0.0|185.71|0|4|185.71|185.71|0|0|0|0|0|0|0|0|0|0|0|0|0|||||19-Dec-2022|949.0|0|0||T7431X|T7431X|N|Z608|Y|N1830|Y|R809|N|N182|Y|R801|Y|Z653|Y|I4891|Y|N181|N|E1121|Y|E11319|Y|D4959|Y|D075|Y|E781|Y|E119|Y|E8881|Y|P292|N|Z952|Y|I350|Y|R931|Y|I259|Y|E785|Y|E669|Y|Q870|N|G479|Y|Y04|X58|U| | | | | | | | | | | | | | | | | | | | | | |Z741|19-Dec-2022|F419|19-Dec-2022|Z1331|19-Dec-2022|Z1331|19-Dec-2022|F1990|19-Dec-2022|Z715|19-Dec-2022|||||||||||||||||||||||||||||||||||||||0|0||2|450|96127|3.0|2022-12-20T00:00:00|hospital_C|hospital_C_20221219
SYN_BENE_79971DFC10C3|SYN_CLM_9EE7FCECD769|V|60|19-Dec-2022|19-Dec-2022|23-Dec-2022||3|377673|1|1|1|| |928.44|0.0| ||37|1306950993| |9999907899| |9999907899|||0|1| |928.44|19-Dec-2022|1|5|A|10|0.0|185.71|0|4|185.71|185.71|0|0|0|0|0|0|0|0|0|0|0|0|0|||||19-Dec-2022|949.0|0|0||T7431X|T7431X|N|Z608|Y|N1830|Y|R809|N|N182|Y|R801|Y|Z653|Y|I4891|Y|N181|N|E1121|Y|E11319|Y|D4959|Y|D075|Y|E781|Y|E119|Y|E8881|Y|P292|N|Z952|Y|I350|Y|R931|Y|I259|Y|E785|Y|E669|Y|Q870|N|G479|Y|Y04|X58|U| | | | | | | | | | | | | | | | | | | | | | |Z741|19-Dec-2022|F419|19-Dec-2022|Z1331|19-Dec-2022|Z1331|19-Dec-2022|F1990|19-Dec-2022|Z715|19-Dec-2022|||||||||||||||||||||||||||||||||||||||0|0||3|450|G0444|3.0|2022-12-20T00:00:00|hospital_C|hospital_C_20221219
SYN_BENE_79971DFC10C3|SYN_CLM_9EE7FCECD769|V|60|19-Dec-2022|19-Dec-2022|23-Dec-2022||3|377673|1|1|1|| |928.44|0.0| ||37|1306950993| |9999907899| |9999907899|||0|1| |928.44|19-Dec-2022|1|5|A|10|0.0|185.71|0|4|185.71|185.71|0|0|0|0|0|0|0|0|0|0|0|0|0|||||19-Dec-2022|949.0|0|0||T7431X|T7431X|N|Z608|Y|N1830|Y|R809|N|N182|Y|R801|Y|Z653|Y|I4891|Y|N181|N|E1121|Y|E11319|Y|D4959|Y|D075|Y|E781|Y|E119|Y|E8881|Y|P292|N|Z952|Y|I350|Y|R931|Y|I259|Y|E785|Y|E669|Y|Q870|N|G479|Y|Y04|X58|U| | | | | | | | | | | | | | | | | | | | | | |Z741|19-Dec-2022|F419|19-Dec-2022|Z1331|19-Dec-2022|Z1331|19-Dec-2022|F1990|19-Dec-2022|Z715|19-Dec-2022|||||||||||||||||||||||||||||||||||||||0|0||4|450|G0444|3.0|2022-12-20T00:00:00|hospital_C|hospital_C_20221219
SYN_BENE_79971DFC10C3|SYN_CLM_9EE7FCECD769|V|60|19-Dec-2022|19-Dec-2022|23-Dec-2022||3|377673|1|1|1|| |928.44|0.0| ||37|1306950993| |9999907899| |9999907899|||0|1| |928.44|19-Dec-2022|1|5|A|10|0.0|185.71|0|4|185.71|185.71|0|0|0|0|0|0|0|0|0|0|0|0|0|||||19-Dec-2022|949.0|0|0||T7431X|T7431X|N|Z608|Y|N1830|Y|R809|N|N182|Y|R801|Y|Z653|Y|I4891|Y|N181|N|E1121|Y|E11319|Y|D4959|Y|D075|Y|E781|Y|E119|Y|E8881|Y|P292|N|Z952|Y|I350|Y|R931|Y|I259|Y|E785|Y|E669|Y|Q870|N|G479|Y|Y04|X58|U| | | | | | | | | | | | | | | | | | | | | | |Z741|19-Dec-2022|F419|19-Dec-2022|Z1331|19-Dec-2022|Z1331|19-Dec-2022|F1990|19-Dec-2022|Z715|19-Dec-2022|||||||||||||||||||||||||||||||||||||||0|0||5|450|99408|3.0|2022-12-20T00:00:00|hospital_C|hospital_C_20221219
SYN_BENE_79971DFC10C3|SYN_CLM_9EE7FCECD769|V|60|19-Dec-2022|19-Dec-2022|23-Dec-2022||3|377673|1|1|1|| |928.44|0.0| ||37|1306950993| |9999907899| |9999907899|||0|1| |928.44|19-Dec-2022|1|5|A|10|0.0|185.71|0|4|185.71|185.71|0|0|0|0|0|0|0|0|0|0|0|0|0|||||19-Dec-2022|949.0|0|0||T7431X|T7431X|N|Z608|Y|N1830|Y|R809|N|N182|Y|R801|Y|Z653|Y|I4891|Y|N181|N|E1121|Y|E11319|Y|D4959|Y|D075|Y|E781|Y|E119|Y|E8881|Y|P292|N|Z952|Y|I350|Y|R931|Y|I259|Y|E785|Y|E669|Y|Q870|N|G479|Y|Y04|X58|U| | | | | | | | | | | | | | | | | | | | | | |Z741|19-Dec-2022|F419|19-Dec-2022|Z1331|19-Dec-2022|Z1331|19-Dec-2022|F1990|19-Dec-2022|Z715|19-Dec-2022|||||||||||||||||||||||||||||||||||||||0|0||6|450|99408|3.0|2022-12-20T00:00:00|hospital_C|hospital_C_20221219
SYN_BENE_2825574D0678|SYN_CLM_FBE2908E878E|V|60|19-Dec-2022|19-Dec-2022|23-Dec-2022||3|377673|1|1|1|| |928.44|0.0| ||37|1306950993| |9999907899| |9999907899|||0|1| |928.44|19-Dec-2022|1|5|A|10|0.0|185.71|0|4|185.71|185.71|0|0|0|0|0|0|0|0|0|0|0|0|0|||||19-Dec-2022|949.0|0|0||T7431X|T7431X|N|Z608|Y|N1830|Y|R809|N|N182|Y|R801|Y|Z653|Y|I4891|Y|N181|N|E1121|Y|E11319|Y|D4959|Y|D075|Y|E781|Y|E119|Y|E8881|Y|P292|N|Z952|Y|I350|Y|R931|Y|I259|Y|E785|Y|E669|Y|Q870|N|G479|Y|Y04|X58|U| | | | | | | | | | | | | | | | | | | | | | |Z741|19-Dec-2022|F419|19-Dec-2022|Z1331|19-Dec-2022|Z1331|19-Dec-2022|F1990|19-Dec-2022|Z715|19-Dec-2022|||||||||||||||||||||||||||||||||||||||0|0||1|450|96156|2.0|2022-12-20T00:00:00|hospital_C|hospital_C_20221219
SYN_BENE_2825574D0678|SYN_CLM_FBE2908E878E|V|60|19-Dec-2022|19-Dec-2022|23-Dec-2022||3|377673|1|1|1|| |928.44|0.0| ||37|1306950993| |9999907899| |9999907899|||0|1| |928.44|19-Dec-2022|1|5|A|10|0.0|185.71|0|4|185.71|185.71|0|0|0|0|0|0|0|0|0|0|0|0|0|||||19-Dec-2022|949.0|0|0||T7431X|T7431X|N|Z608|Y|N1830|Y|R809|N|N182|Y|R801|Y|Z653|Y|I4891|Y|N181|N|E1121|Y|E11319|Y|D4959|Y|D075|Y|E781|Y|E119|Y|E8881|Y|P292|N|Z952|Y|I350|Y|R931|Y|I259|Y|E785|Y|E669|Y|Q870|N|G479|Y|Y04|X58|U| | | | | | | | | | | | | | | | | | | | | | |Z741|19-Dec-2022|F419|19-Dec-2022|Z1331|19-Dec-2022|Z1331|19-Dec-2022|F1990|19-Dec-2022|Z715|19-Dec-2022|||||||||||||||||||||||||||||||||||||||0|0||2|450|96127|3.0|2022-12-20T00:00:00|hospital_C|hospital_C_20221219
SYN_BENE_2825574D0678|SYN_CLM_FBE2908E878E|V|60|19-Dec-2022|19-Dec-2022|23-Dec-2022||3|377673|1|1|1|| |928.44|0.0| ||37|1306950993| |9999907899| |9999907899|||0|1| |928.44|19-Dec-2022|1|5|A|10|0.0|185.71|0|4|185.71|185.71|0|0|0|0|0|0|0|0|0|0|0|0|0|||||19-Dec-2022|949.0|0|0||T7431X|T7431X|N|Z608|Y|N1830|Y|R809|N|N182|Y|R801|Y|Z653|Y|I4891|Y|N181|N|E1121|Y|E11319|Y|D4959|Y|D075|Y|E781|Y|E119|Y|E8881|Y|P292|N|Z952|Y|I350|Y|R931|Y|I259|Y|E785|Y|E669|Y|Q870|N|G479|Y|Y04|X58|U| | | | | | | | | | | | | | | | | | | | | | |Z741|19-Dec-2022|F419|19-Dec-2022|Z1331|19-Dec-2022|Z1331|19-Dec-2022|F1990|19-Dec-2022|Z715|19-Dec-2022|||||||||||||||||||||||||||||||||||||||0|0||3|450|G0444|3.0|2022-12-20T00:00:00|hospital_C|hospital_C_20221219
SYN_BENE_2825574D0678|SYN_CLM_FBE2908E878E|V|60|19-Dec-2022|19-Dec-2022|23-Dec-2022||3|377673|1|1|1|| |928.44|0.0| ||37|1306950993| |9999907899| |9999907899|||0|1| |928.44|19-Dec-2022|1|5|A|10|0.0|185.71|0|4|185.71|185.71|0|0|0|0|0|0|0|0|0|0|0|0|0|||||19-Dec-2022|949.0|0|0||T7431X|T7431X|N|Z608|Y|N1830|Y|R809|N|N182|Y|R801|Y|Z653|Y|I4891|Y|N181|N|E1121|Y|E11319|Y|D4959|Y|D075|Y|E781|Y|E119|Y|E8881|Y|P292|N|Z952|Y|I350|Y|R931|Y|I259|Y|E785|Y|E669|Y|Q870|N|G479|Y|Y04|X58|U| | | | | | | | | | | | | | | | | | | | | | |Z741|19-Dec-2022|F419|19-Dec-2022|Z1331|19-Dec-2022|Z1331|19-Dec-2022|F1990|19-Dec-2022|Z715|19-Dec-2022|||||||||||||||||||||||||||||||||||||||0|0||4|450|G0444|3.0|2022-12-20T00:00:00|hospital_C|hospital_C_20221219
SYN_BENE_2825574D0678|SYN_CLM_FBE2908E878E|V|60|19-Dec-2022|19-Dec-2022|23-Dec-2022||3|377673|1|1|1|| |928.44|0.0| ||37|1306950993| |9999907899| |9999907899|||0|1| |928.44|19-Dec-2022|1|5|A|10|0.0|185.71|0|4|185.71|185.71|0|0|0|0|0|0|0|0|0|0|0|0|0|||||19-Dec-2022|949.0|0|0||T7431X|T7431X|N|Z608|Y|N1830|Y|R809|N|N182|Y|R801|Y|Z653|Y|I4891|Y|N181|N|E1121|Y|E11319|Y|D4959|Y|D075|Y|E781|Y|E119|Y|E8881|Y|P292|N|Z952|Y|I350|Y|R931|Y|I259|Y|E785|Y|E669|Y|Q870|N|G479|Y|Y04|X58|U| | | | | | | | | | | | | | | | | | | | | | |Z741|19-Dec-2022|F419|19-Dec-2022|Z1331|19-Dec-2022|Z1331|19-Dec-2022|F1990|19-Dec-2022|Z715|19-Dec-2022|||||||||||||||||||||||||||||||||||||||0|0||5|450|99408|3.0|2022-12-20T00:00:00|hospital_C|hospital_C_20221219
SYN_BENE_2825574D0678|SYN_CLM_FBE2908E878E|V|60|19-Dec-2022|19-Dec-2022|23-Dec-2022||3|377673|1|1|1|| |928.44|0.0| ||37|1306950993| |9999907899| |9999907899|||0|1| |928.44|19-Dec-2022|1|5|A|10|0.0|185.71|0|4|185.71|185.71|0|0|0|0|0|0|0|0|0|0|0|0|0|||||19-Dec-2022|949.0|0|0||T7431X|T7431X|N|Z608|Y|N1830|Y|R809|N|N182|Y|R801|Y|Z653|Y|I4891|Y|N181|N|E1121|Y|E11319|Y|D4959|Y|D075|Y|E781|Y|E119|Y|E8881|Y|P292|N|Z952|Y|I350|Y|R931|Y|I259|Y|E785|Y|E669|Y|Q870|N|G479|Y|Y04|X58|U| | | | | | | | | | | | | | | | | | | | | | |Z741|19-Dec-2022|F419|19-Dec-2022|Z1331|19-Dec-2022|Z1331|19-Dec-2022|F1990|19-Dec-2022|Z715|19-Dec-2022|||||||||||||||||||||||||||||||||||||||0|0||6|450|99408|3.0|2022-12-20T00:00:00|hospital_C|hospital_C_20221219
SYN_BENE_F7565300A7EC|SYN_CLM_D67AD6CA5849|V|60|19-Dec-2022|19-Dec-2022|23-Dec-2022||3|377673|1|1|1|| |928.44|0.0| ||37|1306950993| |9999907899| |9999907899|||0|1| |928.44|19-Dec-2022|1|5|A|10|0.0|185.71|0|4|185.71|185.71|0|0|0|0|0|0|0|0|0|0|0|0|0|||||19-Dec-2022|949.0|0|0||T7431X|T7431X|N|Z608|Y|N1830|Y|R809|N|N182|Y|R801|Y|Z653|Y|I4891|Y|N181|N|E1121|Y|E11319|Y|D4959|Y|D075|Y|E781|Y|E119|Y|E8881|Y|P292|N|Z952|Y|I350|Y|R931|Y|I259|Y|E785|Y|E669|Y|Q870|N|G479|Y|Y04|X58|U| | | | | | | | | | | | | | | | | | | | | | |Z741|19-Dec-2022|F419|19-Dec-2022|Z1331|19-Dec-2022|Z1331|19-Dec-2022|F1990|19-Dec-2022|Z715|19-Dec-2022|||||||||||||||||||||||||||||||||||||||0|0||1|450|96156|2.0|2022-12-20T00:00:00|hospital_C|hospital_C_20221219
SYN_BENE_F7565300A7EC|SYN_CLM_D67AD6CA5849|V|60|19-Dec-2022|19-Dec-2022|23-Dec-2022||3|377673|1|1|1|| |928.44|0.0| ||37|1306950993| |9999907899| |9999907899|||0|1| |928.44|19-Dec-2022|1|5|A|10|0.0|185.71|0|4|185.71|185.71|0|0|0|0|0|0|0|0|0|0|0|0|0|||||19-Dec-2022|949.0|0|0||T7431X|T7431X|N|Z608|Y|N1830|Y|R809|N|N182|Y|R801|Y|Z653|Y|I4891|Y|N181|N|E1121|Y|E11319|Y|D4959|Y|D075|Y|E781|Y|E119|Y|E8881|Y|P292|N|Z952|Y|I350|Y|R931|Y|I259|Y|E785|Y|E669|Y|Q870|N|G479|Y|Y04|X58|U| | | | | | | | | | | | | | | | | | | | | | |Z741|19-Dec-2022|F419|19-Dec-2022|Z1331|19-Dec-2022|Z1331|19-Dec-2022|F1990|19-Dec-2022|Z715|19-Dec-2022|||||||||||||||||||||||||||||||||||||||0|0||2|450|96127|3.0|2022-12-20T00:00:00|hospital_C|hospital_C_20221219
SYN_BENE_F7565300A7EC|SYN_CLM_D67AD6CA5849|V|60|19-Dec-2022|19-Dec-2022|23-Dec-2022||3|377673|1|1|1|| |928.44|0.0| ||37|1306950993| |9999907899| |9999907899|||0|1| |928.44|19-Dec-2022|1|5|A|10|0.0|185.71|0|4|185.71|185.71|0|0|0|0|0|0|0|0|0|0|0|0|0|||||19-Dec-2022|949.0|0|0||T7431X|T7431X|N|Z608|Y|N1830|Y|R809|N|N182|Y|R801|Y|Z653|Y|I4891|Y|N181|N|E1121|Y|E11319|Y|D4959|Y|D075|Y|E781|Y|E119|Y|E8881|Y|P292|N|Z952|Y|I350|Y|R931|Y|I259|Y|E785|Y|E669|Y|Q870|N|G479|Y|Y04|X58|U| | | | | | | | | | | | | | | | | | | | | | |Z741|19-Dec-2022|F419|19-Dec-2022|Z1331|19-Dec-2022|Z1331|19-Dec-2022|F1990|19-Dec-2022|Z715|19-Dec-2022|||||||||||||||||||||||||||||||||||||||0|0||3|450|G0444|3.0|2022-12-20T00:00:00|hospital_C|hospital_C_20221219
SYN_BENE_F7565300A7EC|SYN_CLM_D67AD6CA5849|V|60|19-Dec-2022|19-Dec-2022|23-Dec-2022||3|377673|1|1|1|| |928.44|0.0| ||37|1306950993| |9999907899| |9999907899|||0|1| |928.44|19-Dec-2022|1|5|A|10|0.0|185.71|0|4|185.71|185.71|0|0|0|0|0|0|0|0|0|0|0|0|0|||||19-Dec-2022|949.0|0|0||T7431X|T7431X|N|Z608|Y|N1830|Y|R809|N|N182|Y|R801|Y|Z653|Y|I4891|Y|N181|N|E1121|Y|E11319|Y|D4959|Y|D075|Y|E781|Y|E119|Y|E8881|Y|P292|N|Z952|Y|I350|Y|R931|Y|I259|Y|E785|Y|E669|Y|Q870|N|G479|Y|Y04|X58|U| | | | | | | | | | | | | | | | | | | | | | |Z741|19-Dec-2022|F419|19-Dec-2022|Z1331|19-Dec-2022|Z1331|19-Dec-2022|F1990|19-Dec-2022|Z715|19-Dec-2022|||||||||||||||||||||||||||||||||||||||0|0||4|450|G0444|3.0|2022-12-20T00:00:00|hospital_C|hospital_C_20221219
SYN_BENE_F7565300A7EC|SYN_CLM_D67AD6CA5849|V|60|19-Dec-2022|19-Dec-2022|23-Dec-2022||3|377673|1|1|1|| |928.44|0.0| ||37|1306950993| |9999907899| |9999907899|||0|1| |928.44|19-Dec-2022|1|5|A|10|0.0|185.71|0|4|185.71|185.71|0|0|0|0|0|0|0|0|0|0|0|0|0|||||19-Dec-2022|949.0|0|0||T7431X|T7431X|N|Z608|Y|N1830|Y|R809|N|N182|Y|R801|Y|Z653|Y|I4891|Y|N181|N|E1121|Y|E11319|Y|D4959|Y|D075|Y|E781|Y|E119|Y|E8881|Y|P292|N|Z952|Y|I350|Y|R931|Y|I259|Y|E785|Y|E669|Y|Q870|N|G479|Y|Y04|X58|U| | | | | | | | | | | | | | | | | | | | | | |Z741|19-Dec-2022|F419|19-Dec-2022|Z1331|19-Dec-2022|Z1331|19-Dec-2022|F1990|19-Dec-2022|Z715|19-Dec-2022|||||||||||||||||||||||||||||||||||||||0|0||5|450|99408|3.0|2022-12-20T00:00:00|hospital_C|hospital_C_20221219
SYN_BENE_F7565300A7EC|SYN_CLM_D67AD6CA5849|V|60|19-Dec-2022|19-Dec-2022|23-Dec-2022||3|377673|1|1|1|| |928.44|0.0| ||37|1306950993| |9999907899| |9999907899|||0|1| |928.44|19-Dec-2022|1|5|A|10|0.0|185.71|0|4|185.71|185.71|0|0|0|0|0|0|0|0|0|0|0|0|0|||||19-Dec-2022|949.0|0|0||T7431X|T7431X|N|Z608|Y|N1830|Y|R809|N|N182|Y|R801|Y|Z653|Y|I4891|Y|N181|N|E1121|Y|E11319|Y|D4959|Y|D075|Y|E781|Y|E119|Y|E8881|Y|P292|N|Z952|Y|I350|Y|R931|Y|I259|Y|E785|Y|E669|Y|Q870|N|G479|Y|Y04|X58|U| | | | | | | | | | | | | | | | | | | | | | |Z741|19-Dec-2022|F419|19-Dec-2022|Z1331|19-Dec-2022|Z1331|19-Dec-2022|F1990|19-Dec-2022|Z715|19-Dec-2022|||||||||||||||||||||||||||||||||||||||0|0||6|450|99408|3.0|2022-12-20T00:00:00|hospital_C|hospital_C_20221219
SYN_BENE_085D112A07A4|SYN_CLM_BCB9A8344894|V|60|19-Dec-2022|19-Dec-2022|23-Dec-2022||3|377673|1|1|1|| |928.44|0.0| ||37|1306950993| |9999907899| |9999907899|||0|1| |928.44|19-Dec-2022|1|5|A|10|0.0|185.71|0|4|185.71|185.71|0|0|0|0|0|0|0|0|0|0|0|0|0|||||19-Dec-2022|949.0|0|0||T7431X|T7431X|N|Z608|Y|N1830|Y|R809|N|N182|Y|R801|Y|Z653|Y|I4891|Y|N181|N|E1121|Y|E11319|Y|D4959|Y|D075|Y|E781|Y|E119|Y|E8881|Y|P292|N|Z952|Y|I350|Y|R931|Y|I259|Y|E785|Y|E669|Y|Q870|N|G479|Y|Y04|X58|U| | | | | | | | | | | | | | | | | | | | | | |Z741|19-Dec-2022|F419|19-Dec-2022|Z1331|19-Dec-2022|Z1331|19-Dec-2022|F1990|19-Dec-2022|Z715|19-Dec-2022|||||||||||||||||||||||||||||||||||||||0|0||1|450|96156|2.0|2022-12-20T00:00:00|hospital_C|hospital_C_20221219
SYN_BENE_085D112A07A4|SYN_CLM_BCB9A8344894|V|60|19-Dec-2022|19-Dec-2022|23-Dec-2022||3|377673|1|1|1|| |928.44|0.0| ||37|1306950993| |9999907899| |9999907899|||0|1| |928.44|19-Dec-2022|1|5|A|10|0.0|185.71|0|4|185.71|185.71|0|0|0|0|0|0|0|0|0|0|0|0|0|||||19-Dec-2022|949.0|0|0||T7431X|T7431X|N|Z608|Y|N1830|Y|R809|N|N182|Y|R801|Y|Z653|Y|I4891|Y|N181|N|E1121|Y|E11319|Y|D4959|Y|D075|Y|E781|Y|E119|Y|E8881|Y|P292|N|Z952|Y|I350|Y|R931|Y|I259|Y|E785|Y|E669|Y|Q870|N|G479|Y|Y04|X58|U| | | | | | | | | | | | | | | | | | | | | | |Z741|19-Dec-2022|F419|19-Dec-2022|Z1331|19-Dec-2022|Z1331|19-Dec-2022|F1990|19-Dec-2022|Z715|19-Dec-2022|||||||||||||||||||||||||||||||||||||||0|0||2|450|96127|3.0|2022-12-20T00:00:00|hospital_C|hospital_C_20221219
SYN_BENE_085D112A07A4|SYN_CLM_BCB9A8344894|V|60|19-Dec-2022|19-Dec-2022|23-Dec-2022||3|377673|1|1|1|| |928.44|0.0| ||37|1306950993| |9999907899| |9999907899|||0|1| |928.44|19-Dec-2022|1|5|A|10|0.0|185.71|0|4|185.71|185.71|0|0|0|0|0|0|0|0|0|0|0|0|0|||||19-Dec-2022|949.0|0|0||T7431X|T7431X|N|Z608|Y|N1830|Y|R809|N|N182|Y|R801|Y|Z653|Y|I4891|Y|N181|N|E1121|Y|E11319|Y|D4959|Y|D075|Y|E781|Y|E119|Y|E8881|Y|P292|N|Z952|Y|I350|Y|R931|Y|I259|Y|E785|Y|E669|Y|Q870|N|G479|Y|Y04|X58|U| | | | | | | | | | | | | | | | | | | | | | |Z741|19-Dec-2022|F419|19-Dec-2022|Z1331|19-Dec-2022|Z1331|19-Dec-2022|F1990|19-Dec-2022|Z715|19-Dec-2022|||||||||||||||||||||||||||||||||||||||0|0||3|450|G0444|3.0|2022-12-20T00:00:00|hospital_C|hospital_C_20221219
SYN_BENE_085D112A07A4|SYN_CLM_BCB9A8344894|V|60|19-Dec-2022|19-Dec-2022|23-Dec-2022||3|377673|1|1|1|| |928.44|0.0| ||37|1306950993| |9999907899| |9999907899|||0|1| |928.44|19-Dec-2022|1|5|A|10|0.0|185.71|0|4|185.71|185.71|0|0|0|0|0|0|0|0|0|0|0|0|0|||||19-Dec-2022|949.0|0|0||T7431X|T7431X|N|Z608|Y|N1830|Y|R809|N|N182|Y|R801|Y|Z653|Y|I4891|Y|N181|N|E1121|Y|E11319|Y|D4959|Y|D075|Y|E781|Y|E119|Y|E8881|Y|P292|N|Z952|Y|I350|Y|R931|Y|I259|Y|E785|Y|E669|Y|Q870|N|G479|Y|Y04|X58|U| | | | | | | | | | | | | | | | | | | | | | |Z741|19-Dec-2022|F419|19-Dec-2022|Z1331|19-Dec-2022|Z1331|19-Dec-2022|F1990|19-Dec-2022|Z715|19-Dec-2022|||||||||||||||||||||||||||||||||||||||0|0||4|450|G0444|3.0|2022-12-20T00:00:00|hospital_C|hospital_C_20221219
SYN_BENE_085D112A07A4|SYN_CLM_BCB9A8344894|V|60|19-Dec-2022|19-Dec-2022|23-Dec-2022||3|377673|1|1|1|| |928.44|0.0| ||37|1306950993| |9999907899| |9999907899|||0|1| |928.44|19-Dec-2022|1|5|A|10|0.0|185.71|0|4|185.71|185.71|0|0|0|0|0|0|0|0|0|0|0|0|0|||||19-Dec-2022|949.0|0|0||T7431X|T7431X|N|Z608|Y|N1830|Y|R809|N|N182|Y|R801|Y|Z653|Y|I4891|Y|N181|N|E1121|Y|E11319|Y|D4959|Y|D075|Y|E781|Y|E119|Y|E8881|Y|P292|N|Z952|Y|I350|Y|R931|Y|I259|Y|E785|Y|E669|Y|Q870|N|G479|Y|Y04|X58|U| | | | | | | | | | | | | | | | | | | | | | |Z741|19-Dec-2022|F419|19-Dec-2022|Z1331|19-Dec-2022|Z1331|19-Dec-2022|F1990|19-Dec-2022|Z715|19-Dec-2022|||||||||||||||||||||||||||||||||||||||0|0||5|450|99408|3.0|2022-12-20T00:00:00|hospital_C|hospital_C_20221219
SYN_BENE_085D112A07A4|SYN_CLM_BCB9A8344894|V|60|19-Dec-2022|19-Dec-2022|23-Dec-2022||3|377673|1|1|1|| |928.44|0.0| ||37|1306950993| |9999907899| |9999907899|||0|1| |928.44|19-Dec-2022|1|5|A|10|0.0|185.71|0|4|185.71|185.71|0|0|0|0|0|0|0|0|0|0|0|0|0|||||19-Dec-2022|949.0|0|0||T7431X|T7431X|N|Z608|Y|N1830|Y|R809|N|N182|Y|R801|Y|Z653|Y|I4891|Y|N181|N|E1121|Y|E11319|Y|D4959|Y|D075|Y|E781|Y|E119|Y|E8881|Y|P292|N|Z952|Y|I350|Y|R931|Y|I259|Y|E785|Y|E669|Y|Q870|N|G479|Y|Y04|X58|U| | | | | | | | | | | | | | | | | | | | | | |Z741|19-Dec-2022|F419|19-Dec-2022|Z1331|19-Dec-2022|Z1331|19-Dec-2022|F1990|19-Dec-2022|Z715|19-Dec-2022|||||||||||||||||||||||||||||||||||||||0|0||6|450|99408|3.0|2022-12-20T00:00:00|hospital_C|hospital_C_20221219
SYN_BENE_3EBCE894E2DE|SYN_CLM_2CDEDDB8F8F0|V|60|19-Dec-2022|19-Dec-2022|23-Dec-2022||3|377673|1|1|1|| |928.44|0.0| ||37|1306950993| |9999907899| |9999907899|||0|1| |928.44|19-Dec-2022|1|5|A|10|0.0|185.71|0|4|185.71|185.71|0|0|0|0|0|0|0|0|0|0|0|0|0|||||19-Dec-2022|949.0|0|0||T7431X|T7431X|N|Z608|Y|N1830|Y|R809|N|N182|Y|R801|Y|Z653|Y|I4891|Y|N181|N|E1121|Y|E11319|Y|D4959|Y|D075|Y|E781|Y|E119|Y|E8881|Y|P292|N|Z952|Y|I350|Y|R931|Y|I259|Y|E785|Y|E669|Y|Q870|N|G479|Y|Y04|X58|U| | | | | | | | | | | | | | | | | | | | | | |Z741|19-Dec-2022|F419|19-Dec-2022|Z1331|19-Dec-2022|Z1331|19-Dec-2022|F1990|19-Dec-2022|Z715|19-Dec-2022|||||||||||||||||||||||||||||||||||||||0|0||1|450|96156|2.0|2022-12-20T00:00:00|hospital_C|hospital_C_20221219
SYN_BENE_3EBCE894E2DE|SYN_CLM_2CDEDDB8F8F0|V|60|19-Dec-2022|19-Dec-2022|23-Dec-2022||3|377673|1|1|1|| |928.44|0.0| ||37|1306950993| |9999907899| |9999907899|||0|1| |928.44|19-Dec-2022|1|5|A|10|0.0|185.71|0|4|185.71|185.71|0|0|0|0|0|0|0|0|0|0|0|0|0|||||19-Dec-2022|949.0|0|0||T7431X|T7431X|N|Z608|Y|N1830|Y|R809|N|N182|Y|R801|Y|Z653|Y|I4891|Y|N181|N|E1121|Y|E11319|Y|D4959|Y|D075|Y|E781|Y|E119|Y|E8881|Y|P292|N|Z952|Y|I350|Y|R931|Y|I259|Y|E785|Y|E669|Y|Q870|N|G479|Y|Y04|X58|U| | | | | | | | | | | | | | | | | | | | | | |Z741|19-Dec-2022|F419|19-Dec-2022|Z1331|19-Dec-2022|Z1331|19-Dec-2022|F1990|19-Dec-2022|Z715|19-Dec-2022|||||||||||||||||||||||||||||||||||||||0|0||2|450|96127|3.0|2022-12-20T00:00:00|hospital_C|hospital_C_20221219
SYN_BENE_3EBCE894E2DE|SYN_CLM_2CDEDDB8F8F0|V|60|19-Dec-2022|19-Dec-2022|23-Dec-2022||3|377673|1|1|1|| |928.44|0.0| ||37|1306950993| |9999907899| |9999907899|||0|1| |928.44|19-Dec-2022|1|5|A|10|0.0|185.71|0|4|185.71|185.71|0|0|0|0|0|0|0|0|0|0|0|0|0|||||19-Dec-2022|949.0|0|0||T7431X|T7431X|N|Z608|Y|N1830|Y|R809|N|N182|Y|R801|Y|Z653|Y|I4891|Y|N181|N|E1121|Y|E11319|Y|D4959|Y|D075|Y|E781|Y|E119|Y|E8881|Y|P292|N|Z952|Y|I350|Y|R931|Y|I259|Y|E785|Y|E669|Y|Q870|N|G479|Y|Y04|X58|U| | | | | | | | | | | | | | | | | | | | | | |Z741|19-Dec-2022|F419|19-Dec-2022|Z1331|19-Dec-2022|Z1331|19-Dec-2022|F1990|19-Dec-2022|Z715|19-Dec-2022|||||||||||||||||||||||||||||||||||||||0|0||3|450|G0444|3.0|2022-12-20T00:00:00|hospital_C|hospital_C_20221219
SYN_BENE_3EBCE894E2DE|SYN_CLM_2CDEDDB8F8F0|V|60|19-Dec-2022|19-Dec-2022|23-Dec-2022||3|377673|1|1|1|| |928.44|0.0| ||37|1306950993| |9999907899| |9999907899|||0|1| |928.44|19-Dec-2022|1|5|A|10|0.0|185.71|0|4|185.71|185.71|0|0|0|0|0|0|0|0|0|0|0|0|0|||||19-Dec-2022|949.0|0|0||T7431X|T7431X|N|Z608|Y|N1830|Y|R809|N|N182|Y|R801|Y|Z653|Y|I4891|Y|N181|N|E1121|Y|E11319|Y|D4959|Y|D075|Y|E781|Y|E119|Y|E8881|Y|P292|N|Z952|Y|I350|Y|R931|Y|I259|Y|E785|Y|E669|Y|Q870|N|G479|Y|Y04|X58|U| | | | | | | | | | | | | | | | | | | | | | |Z741|19-Dec-2022|F419|19-Dec-2022|Z1331|19-Dec-2022|Z1331|19-Dec-2022|F1990|19-Dec-2022|Z715|19-Dec-2022|||||||||||||||||||||||||||||||||||||||0|0||4|450|G0444|3.0|2022-12-20T00:00:00|hospital_C|hospital_C_20221219
SYN_BENE_3EBCE894E2DE|SYN_CLM_2CDEDDB8F8F0|V|60|19-Dec-2022|19-Dec-2022|23-Dec-2022||3|377673|1|1|1|| |928.44|0.0| ||37|1306950993| |9999907899| |9999907899|||0|1| |928.44|19-Dec-2022|1|5|A|10|0.0|185.71|0|4|185.71|185.71|0|0|0|0|0|0|0|0|0|0|0|0|0|||||19-Dec-2022|949.0|0|0||T7431X|T7431X|N|Z608|Y|N1830|Y|R809|N|N182|Y|R801|Y|Z653|Y|I4891|Y|N181|N|E1121|Y|E11319|Y|D4959|Y|D075|Y|E781|Y|E119|Y|E8881|Y|P292|N|Z952|Y|I350|Y|R931|Y|I259|Y|E785|Y|E669|Y|Q870|N|G479|Y|Y04|X58|U| | | | | | | | | | | | | | | | | | | | | | |Z741|19-Dec-2022|F419|19-Dec-2022|Z1331|19-Dec-2022|Z1331|19-Dec-2022|F1990|19-Dec-2022|Z715|19-Dec-2022|||||||||||||||||||||||||||||||||||||||0|0||5|450|99408|3.0|2022-12-20T00:00:00|hospital_C|hospital_C_20221219
SYN_BENE_3EBCE894E2DE|SYN_CLM_2CDEDDB8F8F0|V|60|19-Dec-2022|19-Dec-2022|23-Dec-2022||3|377673|1|1|1|| |928.44|0.0| ||37|1306950993| |9999907899| |9999907899|||0|1| |928.44|19-Dec-2022|1|5|A|10|0.0|185.71|0|4|185.71|185.71|0|0|0|0|0|0|0|0|0|0|0|0|0|||||19-Dec-2022|949.0|0|0||T7431X|T7431X|N|Z608|Y|N1830|Y|R809|N|N182|Y|R801|Y|Z653|Y|I4891|Y|N181|N|E1121|Y|E11319|Y|D4959|Y|D075|Y|E781|Y|E119|Y|E8881|Y|P292|N|Z952|Y|I350|Y|R931|Y|I259|Y|E785|Y|E669|Y|Q870|N|G479|Y|Y04|X58|U| | | | | | | | | | | | | | | | | | | | | | |Z741|19-Dec-2022|F419|19-Dec-2022|Z1331|19-Dec-2022|Z1331|19-Dec-2022|F1990|19-Dec-2022|Z715|19-Dec-2022|||||||||||||||||||||||||||||||||||||||0|0||6|450|99408|3.0|2022-12-20T00:00:00|hospital_C|hospital_C_20221219
SYN_BENE_8318BAAE7153|SYN_CLM_F4897ADFB61D|V|60|19-Dec-2022|19-Dec-2022|23-Dec-2022||3|377673|1|1|1|| |928.44|0.0| ||37|1306950993| |9999907899| |9999907899|||0|1| |928.44|19-Dec-2022|1|5|A|10|0.0|185.71|0|4|185.71|185.71|0|0|0|0|0|0|0|0|0|0|0|0|0|||||19-Dec-2022|949.0|0|0||T7431X|T7431X|N|Z608|Y|N1830|Y|R809|N|N182|Y|R801|Y|Z653|Y|I4891|Y|N181|N|E1121|Y|E11319|Y|D4959|Y|D075|Y|E781|Y|E119|Y|E8881|Y|P292|N|Z952|Y|I350|Y|R931|Y|I259|Y|E785|Y|E669|Y|Q870|N|G479|Y|Y04|X58|U| | | | | | | | | | | | | | | | | | | | | | |Z741|19-Dec-2022|F419|19-Dec-2022|Z1331|19-Dec-2022|Z1331|19-Dec-2022|F1990|19-Dec-2022|Z715|19-Dec-2022|||||||||||||||||||||||||||||||||||||||0|0||1|450|96156|2.0|2022-12-20T00:00:00|hospital_C|hospital_C_20221219
SYN_BENE_8318BAAE7153|SYN_CLM_F4897ADFB61D|V|60|19-Dec-2022|19-Dec-2022|23-Dec-2022||3|377673|1|1|1|| |928.44|0.0| ||37|1306950993| |9999907899| |9999907899|||0|1| |928.44|19-Dec-2022|1|5|A|10|0.0|185.71|0|4|185.71|185.71|0|0|0|0|0|0|0|0|0|0|0|0|0|||||19-Dec-2022|949.0|0|0||T7431X|T7431X|N|Z608|Y|N1830|Y|R809|N|N182|Y|R801|Y|Z653|Y|I4891|Y|N181|N|E1121|Y|E11319|Y|D4959|Y|D075|Y|E781|Y|E119|Y|E8881|Y|P292|N|Z952|Y|I350|Y|R931|Y|I259|Y|E785|Y|E669|Y|Q870|N|G479|Y|Y04|X58|U| | | | | | | | | | | | | | | | | | | | | | |Z741|19-Dec-2022|F419|19-Dec-2022|Z1331|19-Dec-2022|Z1331|19-Dec-2022|F1990|19-Dec-2022|Z715|19-Dec-2022|||||||||||||||||||||||||||||||||||||||0|0||2|450|96127|3.0|2022-12-20T00:00:00|hospital_C|hospital_C_20221219
SYN_BENE_8318BAAE7153|SYN_CLM_F4897ADFB61D|V|60|19-Dec-2022|19-Dec-2022|23-Dec-2022||3|377673|1|1|1|| |928.44|0.0| ||37|1306950993| |9999907899| |9999907899|||0|1| |928.44|19-Dec-2022|1|5|A|10|0.0|185.71|0|4|185.71|185.71|0|0|0|0|0|0|0|0|0|0|0|0|0|||||19-Dec-2022|949.0|0|0||T7431X|T7431X|N|Z608|Y|N1830|Y|R809|N|N182|Y|R801|Y|Z653|Y|I4891|Y|N181|N|E1121|Y|E11319|Y|D4959|Y|D075|Y|E781|Y|E119|Y|E8881|Y|P292|N|Z952|Y|I350|Y|R931|Y|I259|Y|E785|Y|E669|Y|Q870|N|G479|Y|Y04|X58|U| | | | | | | | | | | | | | | | | | | | | | |Z741|19-Dec-2022|F419|19-Dec-2022|Z1331|19-Dec-2022|Z1331|19-Dec-2022|F1990|19-Dec-2022|Z715|19-Dec-2022|||||||||||||||||||||||||||||||||||||||0|0||3|450|G0444|3.0|2022-12-20T00:00:00|hospital_C|hospital_C_20221219
SYN_BENE_8318BAAE7153|SYN_CLM_F4897ADFB61D|V|60|19-Dec-2022|19-Dec-2022|23-Dec-2022||3|377673|1|1|1|| |928.44|0.0| ||37|1306950993| |9999907899| |9999907899|||0|1| |928.44|19-Dec-2022|1|5|A|10|0.0|185.71|0|4|185.71|185.71|0|0|0|0|0|0|0|0|0|0|0|0|0|||||19-Dec-2022|949.0|0|0||T7431X|T7431X|N|Z608|Y|N1830|Y|R809|N|N182|Y|R801|Y|Z653|Y|I4891|Y|N181|N|E1121|Y|E11319|Y|D4959|Y|D075|Y|E781|Y|E119|Y|E8881|Y|P292|N|Z952|Y|I350|Y|R931|Y|I259|Y|E785|Y|E669|Y|Q870|N|G479|Y|Y04|X58|U| | | | | | | | | | | | | | | | | | | | | | |Z741|19-Dec-2022|F419|19-Dec-2022|Z1331|19-Dec-2022|Z1331|19-Dec-2022|F1990|19-Dec-2022|Z715|19-Dec-2022|||||||||||||||||||||||||||||||||||||||0|0||4|450|G0444|3.0|2022-12-20T00:00:00|hospital_C|hospital_C_20221219
SYN_BENE_8318BAAE7153|SYN_CLM_F4897ADFB61D|V|60|19-Dec-2022|19-Dec-2022|23-Dec-2022||3|377673|1|1|1|| |928.44|0.0| ||37|1306950993| |9999907899| |9999907899|||0|1| |928.44|19-Dec-2022|1|5|A|10|0.0|185.71|0|4|185.71|185.71|0|0|0|0|0|0|0|0|0|0|0|0|0|||||19-Dec-2022|949.0|0|0||T7431X|T7431X|N|Z608|Y|N1830|Y|R809|N|N182|Y|R801|Y|Z653|Y|I4891|Y|N181|N|E1121|Y|E11319|Y|D4959|Y|D075|Y|E781|Y|E119|Y|E8881|Y|P292|N|Z952|Y|I350|Y|R931|Y|I259|Y|E785|Y|E669|Y|Q870|N|G479|Y|Y04|X58|U| | | | | | | | | | | | | | | | | | | | | | |Z741|19-Dec-2022|F419|19-Dec-2022|Z1331|19-Dec-2022|Z1331|19-Dec-2022|F1990|19-Dec-2022|Z715|19-Dec-2022|||||||||||||||||||||||||||||||||||||||0|0||5|450|99408|3.0|2022-12-20T00:00:00|hospital_C|hospital_C_20221219
SYN_BENE_8318BAAE7153|SYN_CLM_F4897ADFB61D|V|60|19-Dec-2022|19-Dec-2022|23-Dec-2022||3|377673|1|1|1|| |928.44|0.0| ||37|1306950993| |9999907899| |9999907899|||0|1| |928.44|19-Dec-2022|1|5|A|10|0.0|185.71|0|4|185.71|185.71|0|0|0|0|0|0|0|0|0|0|0|0|0|||||19-Dec-2022|949.0|0|0||T7431X|T7431X|N|Z608|Y|N1830|Y|R809|N|N182|Y|R801|Y|Z653|Y|I4891|Y|N181|N|E1121|Y|E11319|Y|D4959|Y|D075|Y|E781|Y|E119|Y|E8881|Y|P292|N|Z952|Y|I350|Y|R931|Y|I259|Y|E785|Y|E669|Y|Q870|N|G479|Y|Y04|X58|U| | | | | | | | | | | | | | | | | | | | | | |Z741|19-Dec-2022|F419|19-Dec-2022|Z1331|19-Dec-2022|Z1331|19-Dec-2022|F1990|19-Dec-2022|Z715|19-Dec-2022|||||||||||||||||||||||||||||||||||||||0|0||6|450|99408|3.0|2022-12-20T00:00:00|hospital_C|hospital_C_20221219
SYN_BENE_DEE0B690A04F|SYN_CLM_A18A53924560|V|60|19-Dec-2022|19-Dec-2022|23-Dec-2022||3|377673|1|1|1|| |928.44|0.0| ||37|1306950993| |9999907899| |9999907899|||0|1| |928.44|19-Dec-2022|1|5|A|10|0.0|185.71|0|4|185.71|185.71|0|0|0|0|0|0|0|0|0|0|0|0|0|||||19-Dec-2022|949.0|0|0||T7431X|T7431X|N|Z608|Y|N1830|Y|R809|N|N182|Y|R801|Y|Z653|Y|I4891|Y|N181|N|E1121|Y|E11319|Y|D4959|Y|D075|Y|E781|Y|E119|Y|E8881|Y|P292|N|Z952|Y|I350|Y|R931|Y|I259|Y|E785|Y|E669|Y|Q870|N|G479|Y|Y04|X58|U| | | | | | | | | | | | | | | | | | | | | | |Z741|19-Dec-2022|F419|19-Dec-2022|Z1331|19-Dec-2022|Z1331|19-Dec-2022|F1990|19-Dec-2022|Z715|19-Dec-2022|||||||||||||||||||||||||||||||||||||||0|0||1|450|96156|2.0|2022-12-20T00:00:00|hospital_C|hospital_C_20221219
SYN_BENE_DEE0B690A04F|SYN_CLM_A18A53924560|V|60|19-Dec-2022|19-Dec-2022|23-Dec-2022||3|377673|1|1|1|| |928.44|0.0| ||37|1306950993| |9999907899| |9999907899|||0|1| |928.44|19-Dec-2022|1|5|A|10|0.0|185.71|0|4|185.71|185.71|0|0|0|0|0|0|0|0|0|0|0|0|0|||||19-Dec-2022|949.0|0|0||T7431X|T7431X|N|Z608|Y|N1830|Y|R809|N|N182|Y|R801|Y|Z653|Y|I4891|Y|N181|N|E1121|Y|E11319|Y|D4959|Y|D075|Y|E781|Y|E119|Y|E8881|Y|P292|N|Z952|Y|I350|Y|R931|Y|I259|Y|E785|Y|E669|Y|Q870|N|G479|Y|Y04|X58|U| | | | | | | | | | | | | | | | | | | | | | |Z741|19-Dec-2022|F419|19-Dec-2022|Z1331|19-Dec-2022|Z1331|19-Dec-2022|F1990|19-Dec-2022|Z715|19-Dec-2022|||||||||||||||||||||||||||||||||||||||0|0||2|450|96127|3.0|2022-12-20T00:00:00|hospital_C|hospital_C_20221219
SYN_BENE_DEE0B690A04F|SYN_CLM_A18A53924560|V|60|19-Dec-2022|19-Dec-2022|23-Dec-2022||3|377673|1|1|1|| |928.44|0.0| ||37|1306950993| |9999907899| |9999907899|||0|1| |928.44|19-Dec-2022|1|5|A|10|0.0|185.71|0|4|185.71|185.71|0|0|0|0|0|0|0|0|0|0|0|0|0|||||19-Dec-2022|949.0|0|0||T7431X|T7431X|N|Z608|Y|N1830|Y|R809|N|N182|Y|R801|Y|Z653|Y|I4891|Y|N181|N|E1121|Y|E11319|Y|D4959|Y|D075|Y|E781|Y|E119|Y|E8881|Y|P292|N|Z952|Y|I350|Y|R931|Y|I259|Y|E785|Y|E669|Y|Q870|N|G479|Y|Y04|X58|U| | | | | | | | | | | | | | | | | | | | | | |Z741|19-Dec-2022|F419|19-Dec-2022|Z1331|19-Dec-2022|Z1331|19-Dec-2022|F1990|19-Dec-2022|Z715|19-Dec-2022|||||||||||||||||||||||||||||||||||||||0|0||3|450|G0444|3.0|2022-12-20T00:00:00|hospital_C|hospital_C_20221219
SYN_BENE_DEE0B690A04F|SYN_CLM_A18A53924560|V|60|19-Dec-2022|19-Dec-2022|23-Dec-2022||3|377673|1|1|1|| |928.44|0.0| ||37|1306950993| |9999907899| |9999907899|||0|1| |928.44|19-Dec-2022|1|5|A|10|0.0|185.71|0|4|185.71|185.71|0|0|0|0|0|0|0|0|0|0|0|0|0|||||19-Dec-2022|949.0|0|0||T7431X|T7431X|N|Z608|Y|N1830|Y|R809|N|N182|Y|R801|Y|Z653|Y|I4891|Y|N181|N|E1121|Y|E11319|Y|D4959|Y|D075|Y|E781|Y|E119|Y|E8881|Y|P292|N|Z952|Y|I350|Y|R931|Y|I259|Y|E785|Y|E669|Y|Q870|N|G479|Y|Y04|X58|U| | | | | | | | | | | | | | | | | | | | | | |Z741|19-Dec-2022|F419|19-Dec-2022|Z1331|19-Dec-2022|Z1331|19-Dec-2022|F1990|19-Dec-2022|Z715|19-Dec-2022|||||||||||||||||||||||||||||||||||||||0|0||4|450|G0444|3.0|2022-12-20T00:00:00|hospital_C|hospital_C_20221219
SYN_BENE_DEE0B690A04F|SYN_CLM_A18A53924560|V|60|19-Dec-2022|19-Dec-2022|23-Dec-2022||3|377673|1|1|1|| |928.44|0.0| ||37|1306950993| |9999907899| |9999907899|||0|1| |928.44|19-Dec-2022|1|5|A|10|0.0|185.71|0|4|185.71|185.71|0|0|0|0|0|0|0|0|0|0|0|0|0|||||19-Dec-2022|949.0|0|0||T7431X|T7431X|N|Z608|Y|N1830|Y|R809|N|N182|Y|R801|Y|Z653|Y|I4891|Y|N181|N|E1121|Y|E11319|Y|D4959|Y|D075|Y|E781|Y|E119|Y|E8881|Y|P292|N|Z952|Y|I350|Y|R931|Y|I259|Y|E785|Y|E669|Y|Q870|N|G479|Y|Y04|X58|U| | | | | | | | | | | | | | | | | | | | | | |Z741|19-Dec-2022|F419|19-Dec-2022|Z1331|19-Dec-2022|Z1331|19-Dec-2022|F1990|19-Dec-2022|Z715|19-Dec-2022|||||||||||||||||||||||||||||||||||||||0|0||5|450|99408|3.0|2022-12-20T00:00:00|hospital_C|hospital_C_20221219
SYN_BENE_DEE0B690A04F|SYN_CLM_A18A53924560|V|60|19-Dec-2022|19-Dec-2022|23-Dec-2022||3|377673|1|1|1|| |928.44|0.0| ||37|1306950993| |9999907899| |9999907899|||0|1| |928.44|19-Dec-2022|1|5|A|10|0.0|185.71|0|4|185.71|185.71|0|0|0|0|0|0|0|0|0|0|0|0|0|||||19-Dec-2022|949.0|0|0||T7431X|T7431X|N|Z608|Y|N1830|Y|R809|N|N182|Y|R801|Y|Z653|Y|I4891|Y|N181|N|E1121|Y|E11319|Y|D4959|Y|D075|Y|E781|Y|E119|Y|E8881|Y|P292|N|Z952|Y|I350|Y|R931|Y|I259|Y|E785|Y|E669|Y|Q870|N|G479|Y|Y04|X58|U| | | | | | | | | | | | | | | | | | | | | | |Z741|19-Dec-2022|F419|19-Dec-2022|Z1331|19-Dec-2022|Z1331|19-Dec-2022|F1990|19-Dec-2022|Z715|19-Dec-2022|||||||||||||||||||||||||||||||||||||||0|0||6|450|99408|3.0|2022-12-20T00:00:00|hospital_C|hospital_C_20221219
SYN_BENE_89AD6EB1DA90|SYN_CLM_AC8769C66D3D|V|60|19-Dec-2022|19-Dec-2022|23-Dec-2022||3|377673|1|1|1|| |928.44|0.0| ||37|1306950993| |9999907899| |9999907899|||0|1| |928.44|19-Dec-2022|1|5|A|10|0.0|185.71|0|4|185.71|185.71|0|0|0|0|0|0|0|0|0|0|0|0|0|||||19-Dec-2022|949.0|0|0||T7431X|T7431X|N|Z608|Y|N1830|Y|R809|N|N182|Y|R801|Y|Z653|Y|I4891|Y|N181|N|E1121|Y|E11319|Y|D4959|Y|D075|Y|E781|Y|E119|Y|E8881|Y|P292|N|Z952|Y|I350|Y|R931|Y|I259|Y|E785|Y|E669|Y|Q870|N|G479|Y|Y04|X58|U| | | | | | | | | | | | | | | | | | | | | | |Z741|19-Dec-2022|F419|19-Dec-2022|Z1331|19-Dec-2022|Z1331|19-Dec-2022|F1990|19-Dec-2022|Z715|19-Dec-2022|||||||||||||||||||||||||||||||||||||||0|0||1|450|96156|2.0|2022-12-20T00:00:00|hospital_C|hospital_C_20221219
SYN_BENE_89AD6EB1DA90|SYN_CLM_AC8769C66D3D|V|60|19-Dec-2022|19-Dec-2022|23-Dec-2022||3|377673|1|1|1|| |928.44|0.0| ||37|1306950993| |9999907899| |9999907899|||0|1| |928.44|19-Dec-2022|1|5|A|10|0.0|185.71|0|4|185.71|185.71|0|0|0|0|0|0|0|0|0|0|0|0|0|||||19-Dec-2022|949.0|0|0||T7431X|T7431X|N|Z608|Y|N1830|Y|R809|N|N182|Y|R801|Y|Z653|Y|I4891|Y|N181|N|E1121|Y|E11319|Y|D4959|Y|D075|Y|E781|Y|E119|Y|E8881|Y|P292|N|Z952|Y|I350|Y|R931|Y|I259|Y|E785|Y|E669|Y|Q870|N|G479|Y|Y04|X58|U| | | | | | | | | | | | | | | | | | | | | | |Z741|19-Dec-2022|F419|19-Dec-2022|Z1331|19-Dec-2022|Z1331|19-Dec-2022|F1990|19-Dec-2022|Z715|19-Dec-2022|||||||||||||||||||||||||||||||||||||||0|0||2|450|96127|3.0|2022-12-20T00:00:00|hospital_C|hospital_C_20221219
SYN_BENE_89AD6EB1DA90|SYN_CLM_AC8769C66D3D|V|60|19-Dec-2022|19-Dec-2022|23-Dec-2022||3|377673|1|1|1|| |928.44|0.0| ||37|1306950993| |9999907899| |9999907899|||0|1| |928.44|19-Dec-2022|1|5|A|10|0.0|185.71|0|4|185.71|185.71|0|0|0|0|0|0|0|0|0|0|0|0|0|||||19-Dec-2022|949.0|0|0||T7431X|T7431X|N|Z608|Y|N1830|Y|R809|N|N182|Y|R801|Y|Z653|Y|I4891|Y|N181|N|E1121|Y|E11319|Y|D4959|Y|D075|Y|E781|Y|E119|Y|E8881|Y|P292|N|Z952|Y|I350|Y|R931|Y|I259|Y|E785|Y|E669|Y|Q870|N|G479|Y|Y04|X58|U| | | | | | | | | | | | | | | | | | | | | | |Z741|19-Dec-2022|F419|19-Dec-2022|Z1331|19-Dec-2022|Z1331|19-Dec-2022|F1990|19-Dec-2022|Z715|19-Dec-2022|||||||||||||||||||||||||||||||||||||||0|0||3|450|G0444|3.0|2022-12-20T00:00:00|hospital_C|hospital_C_20221219
SYN_BENE_89AD6EB1DA90|SYN_CLM_AC8769C66D3D|V|60|19-Dec-2022|19-Dec-2022|23-Dec-2022||3|377673|1|1|1|| |928.44|0.0| ||37|1306950993| |9999907899| |9999907899|||0|1| |928.44|19-Dec-2022|1|5|A|10|0.0|185.71|0|4|185.71|185.71|0|0|0|0|0|0|0|0|0|0|0|0|0|||||19-Dec-2022|949.0|0|0||T7431X|T7431X|N|Z608|Y|N1830|Y|R809|N|N182|Y|R801|Y|Z653|Y|I4891|Y|N181|N|E1121|Y|E11319|Y|D4959|Y|D075|Y|E781|Y|E119|Y|E8881|Y|P292|N|Z952|Y|I350|Y|R931|Y|I259|Y|E785|Y|E669|Y|Q870|N|G479|Y|Y04|X58|U| | | | | | | | | | | | | | | | | | | | | | |Z741|19-Dec-2022|F419|19-Dec-2022|Z1331|19-Dec-2022|Z1331|19-Dec-2022|F1990|19-Dec-2022|Z715|19-Dec-2022|||||||||||||||||||||||||||||||||||||||0|0||4|450|G0444|3.0|2022-12-20T00:00:00|hospital_C|hospital_C_20221219
SYN_BENE_89AD6EB1DA90|SYN_CLM_AC8769C66D3D|V|60|19-Dec-2022|19-Dec-2022|23-Dec-2022||3|377673|1|1|1|| |928.44|0.0| ||37|1306950993| |9999907899| |9999907899|||0|1| |928.44|19-Dec-2022|1|5|A|10|0.0|185.71|0|4|185.71|185.71|0|0|0|0|0|0|0|0|0|0|0|0|0|||||19-Dec-2022|949.0|0|0||T7431X|T7431X|N|Z608|Y|N1830|Y|R809|N|N182|Y|R801|Y|Z653|Y|I4891|Y|N181|N|E1121|Y|E11319|Y|D4959|Y|D075|Y|E781|Y|E119|Y|E8881|Y|P292|N|Z952|Y|I350|Y|R931|Y|I259|Y|E785|Y|E669|Y|Q870|N|G479|Y|Y04|X58|U| | | | | | | | | | | | | | | | | | | | | | |Z741|19-Dec-2022|F419|19-Dec-2022|Z1331|19-Dec-2022|Z1331|19-Dec-2022|F1990|19-Dec-2022|Z715|19-Dec-2022|||||||||||||||||||||||||||||||||||||||0|0||5|450|99408|3.0|2022-12-20T00:00:00|hospital_C|hospital_C_20221219
SYN_BENE_89AD6EB1DA90|SYN_CLM_AC8769C66D3D|V|60|19-Dec-2022|19-Dec-2022|23-Dec-2022||3|377673|1|1|1|| |928.44|0.0| ||37|1306950993| |9999907899| |9999907899|||0|1| |928.44|19-Dec-2022|1|5|A|10|0.0|185.71|0|4|185.71|185.71|0|0|0|0|0|0|0|0|0|0|0|0|0|||||19-Dec-2022|949.0|0|0||T7431X|T7431X|N|Z608|Y|N1830|Y|R809|N|N182|Y|R801|Y|Z653|Y|I4891|Y|N181|N|E1121|Y|E11319|Y|D4959|Y|D075|Y|E781|Y|E119|Y|E8881|Y|P292|N|Z952|Y|I350|Y|R931|Y|I259|Y|E785|Y|E669|Y|Q870|N|G479|Y|Y04|X58|U| | | | | | | | | | | | | | | | | | | | | | |Z741|19-Dec-2022|F419|19-Dec-2022|Z1331|19-Dec-2022|Z1331|19-Dec-2022|F1990|19-Dec-2022|Z715|19-Dec-2022|||||||||||||||||||||||||||||||||||||||0|0||6|450|99408|3.0|2022-12-20T00:00:00|hospital_C|hospital_C_20221219
SYN_BENE_77891A2D73D3|SYN_CLM_3B7FF67F3E4A|V|60|19-Dec-2022|19-Dec-2022|23-Dec-2022||3|377673|1|1|1|| |928.44|0.0| ||37|1306950993| |9999907899| |9999907899|||0|1| |928.44|19-Dec-2022|1|5|A|10|0.0|185.71|0|4|185.71|185.71|0|0|0|0|0|0|0|0|0|0|0|0|0|||||19-Dec-2022|949.0|0|0||T7431X|T7431X|N|Z608|Y|N1830|Y|R809|N|N182|Y|R801|Y|Z653|Y|I4891|Y|N181|N|E1121|Y|E11319|Y|D4959|Y|D075|Y|E781|Y|E119|Y|E8881|Y|P292|N|Z952|Y|I350|Y|R931|Y|I259|Y|E785|Y|E669|Y|Q870|N|G479|Y|Y04|X58|U| | | | | | | | | | | | | | | | | | | | | | |Z741|19-Dec-2022|F419|19-Dec-2022|Z1331|19-Dec-2022|Z1331|19-Dec-2022|F1990|19-Dec-2022|Z715|19-Dec-2022|||||||||||||||||||||||||||||||||||||||0|0||1|450|96156|2.0|2022-12-20T00:00:00|hospital_C|hospital_C_20221219
SYN_BENE_77891A2D73D3|SYN_CLM_3B7FF67F3E4A|V|60|19-Dec-2022|19-Dec-2022|23-Dec-2022||3|377673|1|1|1|| |928.44|0.0| ||37|1306950993| |9999907899| |9999907899|||0|1| |928.44|19-Dec-2022|1|5|A|10|0.0|185.71|0|4|185.71|185.71|0|0|0|0|0|0|0|0|0|0|0|0|0|||||19-Dec-2022|949.0|0|0||T7431X|T7431X|N|Z608|Y|N1830|Y|R809|N|N182|Y|R801|Y|Z653|Y|I4891|Y|N181|N|E1121|Y|E11319|Y|D4959|Y|D075|Y|E781|Y|E119|Y|E8881|Y|P292|N|Z952|Y|I350|Y|R931|Y|I259|Y|E785|Y|E669|Y|Q870|N|G479|Y|Y04|X58|U| | | | | | | | | | | | | | | | | | | | | | |Z741|19-Dec-2022|F419|19-Dec-2022|Z1331|19-Dec-2022|Z1331|19-Dec-2022|F1990|19-Dec-2022|Z715|19-Dec-2022|||||||||||||||||||||||||||||||||||||||0|0||2|450|96127|3.0|2022-12-20T00:00:00|hospital_C|hospital_C_20221219
SYN_BENE_77891A2D73D3|SYN_CLM_3B7FF67F3E4A|V|60|19-Dec-2022|19-Dec-2022|23-Dec-2022||3|377673|1|1|1|| |928.44|0.0| ||37|1306950993| |9999907899| |9999907899|||0|1| |928.44|19-Dec-2022|1|5|A|10|0.0|185.71|0|4|185.71|185.71|0|0|0|0|0|0|0|0|0|0|0|0|0|||||19-Dec-2022|949.0|0|0||T7431X|T7431X|N|Z608|Y|N1830|Y|R809|N|N182|Y|R801|Y|Z653|Y|I4891|Y|N181|N|E1121|Y|E11319|Y|D4959|Y|D075|Y|E781|Y|E119|Y|E8881|Y|P292|N|Z952|Y|I350|Y|R931|Y|I259|Y|E785|Y|E669|Y|Q870|N|G479|Y|Y04|X58|U| | | | | | | | | | | | | | | | | | | | | | |Z741|19-Dec-2022|F419|19-Dec-2022|Z1331|19-Dec-2022|Z1331|19-Dec-2022|F1990|19-Dec-2022|Z715|19-Dec-2022|||||||||||||||||||||||||||||||||||||||0|0||3|450|G0444|3.0|2022-12-20T00:00:00|hospital_C|hospital_C_20221219
SYN_BENE_77891A2D73D3|SYN_CLM_3B7FF67F3E4A|V|60|19-Dec-2022|19-Dec-2022|23-Dec-2022||3|377673|1|1|1|| |928.44|0.0| ||37|1306950993| |9999907899| |9999907899|||0|1| |928.44|19-Dec-2022|1|5|A|10|0.0|185.71|0|4|185.71|185.71|0|0|0|0|0|0|0|0|0|0|0|0|0|||||19-Dec-2022|949.0|0|0||T7431X|T7431X|N|Z608|Y|N1830|Y|R809|N|N182|Y|R801|Y|Z653|Y|I4891|Y|N181|N|E1121|Y|E11319|Y|D4959|Y|D075|Y|E781|Y|E119|Y|E8881|Y|P292|N|Z952|Y|I350|Y|R931|Y|I259|Y|E785|Y|E669|Y|Q870|N|G479|Y|Y04|X58|U| | | | | | | | | | | | | | | | | | | | | | |Z741|19-Dec-2022|F419|19-Dec-2022|Z1331|19-Dec-2022|Z1331|19-Dec-2022|F1990|19-Dec-2022|Z715|19-Dec-2022|||||||||||||||||||||||||||||||||||||||0|0||4|450|G0444|3.0|2022-12-20T00:00:00|hospital_C|hospital_C_20221219
SYN_BENE_77891A2D73D3|SYN_CLM_3B7FF67F3E4A|V|60|19-Dec-2022|19-Dec-2022|23-Dec-2022||3|377673|1|1|1|| |928.44|0.0| ||37|1306950993| |9999907899| |9999907899|||0|1| |928.44|19-Dec-2022|1|5|A|10|0.0|185.71|0|4|185.71|185.71|0|0|0|0|0|0|0|0|0|0|0|0|0|||||19-Dec-2022|949.0|0|0||T7431X|T7431X|N|Z608|Y|N1830|Y|R809|N|N182|Y|R801|Y|Z653|Y|I4891|Y|N181|N|E1121|Y|E11319|Y|D4959|Y|D075|Y|E781|Y|E119|Y|E8881|Y|P292|N|Z952|Y|I350|Y|R931|Y|I259|Y|E785|Y|E669|Y|Q870|N|G479|Y|Y04|X58|U| | | | | | | | | | | | | | | | | | | | | | |Z741|19-Dec-2022|F419|19-Dec-2022|Z1331|19-Dec-2022|Z1331|19-Dec-2022|F1990|19-Dec-2022|Z715|19-Dec-2022|||||||||||||||||||||||||||||||||||||||0|0||5|450|99408|3.0|2022-12-20T00:00:00|hospital_C|hospital_C_20221219
SYN_BENE_77891A2D73D3|SYN_CLM_3B7FF67F3E4A|V|60|19-Dec-2022|19-Dec-2022|23-Dec-2022||3|377673|1|1|1|| |928.44|0.0| ||37|1306950993| |9999907899| |9999907899|||0|1| |928.44|19-Dec-2022|1|5|A|10|0.0|185.71|0|4|185.71|185.71|0|0|0|0|0|0|0|0|0|0|0|0|0|||||19-Dec-2022|949.0|0|0||T7431X|T7431X|N|Z608|Y|N1830|Y|R809|N|N182|Y|R801|Y|Z653|Y|I4891|Y|N181|N|E1121|Y|E11319|Y|D4959|Y|D075|Y|E781|Y|E119|Y|E8881|Y|P292|N|Z952|Y|I350|Y|R931|Y|I259|Y|E785|Y|E669|Y|Q870|N|G479|Y|Y04|X58|U| | | | | | | | | | | | | | | | | | | | | | |Z741|19-Dec-2022|F419|19-Dec-2022|Z1331|19-Dec-2022|Z1331|19-Dec-2022|F1990|19-Dec-2022|Z715|19-Dec-2022|||||||||||||||||||||||||||||||||||||||0|0||6|450|99408|3.0|2022-12-20T00:00:00|hospital_C|hospital_C_20221219
SYN_BENE_7E5BC310837B|SYN_CLM_A438995DEF6D|V|60|19-Dec-2022|19-Dec-2022|23-Dec-2022||3|377673|1|1|1|| |928.44|0.0| ||37|1306950993| |9999907899| |9999907899|||0|1| |928.44|19-Dec-2022|1|5|A|10|0.0|185.71|0|4|185.71|185.71|0|0|0|0|0|0|0|0|0|0|0|0|0|||||19-Dec-2022|949.0|0|0||T7431X|T7431X|N|Z608|Y|N1830|Y|R809|N|N182|Y|R801|Y|Z653|Y|I4891|Y|N181|N|E1121|Y|E11319|Y|D4959|Y|D075|Y|E781|Y|E119|Y|E8881|Y|P292|N|Z952|Y|I350|Y|R931|Y|I259|Y|E785|Y|E669|Y|Q870|N|G479|Y|Y04|X58|U| | | | | | | | | | | | | | | | | | | | | | |Z741|19-Dec-2022|F419|19-Dec-2022|Z1331|19-Dec-2022|Z1331|19-Dec-2022|F1990|19-Dec-2022|Z715|19-Dec-2022|||||||||||||||||||||||||||||||||||||||0|0||1|450|96156|2.0|2022-12-20T00:00:00|hospital_C|hospital_C_20221219
SYN_BENE_7E5BC310837B|SYN_CLM_A438995DEF6D|V|60|19-Dec-2022|19-Dec-2022|23-Dec-2022||3|377673|1|1|1|| |928.44|0.0| ||37|1306950993| |9999907899| |9999907899|||0|1| |928.44|19-Dec-2022|1|5|A|10|0.0|185.71|0|4|185.71|185.71|0|0|0|0|0|0|0|0|0|0|0|0|0|||||19-Dec-2022|949.0|0|0||T7431X|T7431X|N|Z608|Y|N1830|Y|R809|N|N182|Y|R801|Y|Z653|Y|I4891|Y|N181|N|E1121|Y|E11319|Y|D4959|Y|D075|Y|E781|Y|E119|Y|E8881|Y|P292|N|Z952|Y|I350|Y|R931|Y|I259|Y|E785|Y|E669|Y|Q870|N|G479|Y|Y04|X58|U| | | | | | | | | | | | | | | | | | | | | | |Z741|19-Dec-2022|F419|19-Dec-2022|Z1331|19-Dec-2022|Z1331|19-Dec-2022|F1990|19-Dec-2022|Z715|19-Dec-2022|||||||||||||||||||||||||||||||||||||||0|0||2|450|96127|3.0|2022-12-20T00:00:00|hospital_C|hospital_C_20221219
SYN_BENE_7E5BC310837B|SYN_CLM_A438995DEF6D|V|60|19-Dec-2022|19-Dec-2022|23-Dec-2022||3|377673|1|1|1|| |928.44|0.0| ||37|1306950993| |9999907899| |9999907899|||0|1| |928.44|19-Dec-2022|1|5|A|10|0.0|185.71|0|4|185.71|185.71|0|0|0|0|0|0|0|0|0|0|0|0|0|||||19-Dec-2022|949.0|0|0||T7431X|T7431X|N|Z608|Y|N1830|Y|R809|N|N182|Y|R801|Y|Z653|Y|I4891|Y|N181|N|E1121|Y|E11319|Y|D4959|Y|D075|Y|E781|Y|E119|Y|E8881|Y|P292|N|Z952|Y|I350|Y|R931|Y|I259|Y|E785|Y|E669|Y|Q870|N|G479|Y|Y04|X58|U| | | | | | | | | | | | | | | | | | | | | | |Z741|19-Dec-2022|F419|19-Dec-2022|Z1331|19-Dec-2022|Z1331|19-Dec-2022|F1990|19-Dec-2022|Z715|19-Dec-2022|||||||||||||||||||||||||||||||||||||||0|0||3|450|G0444|3.0|2022-12-20T00:00:00|hospital_C|hospital_C_20221219
SYN_BENE_7E5BC310837B|SYN_CLM_A438995DEF6D|V|60|19-Dec-2022|19-Dec-2022|23-Dec-2022||3|377673|1|1|1|| |928.44|0.0| ||37|1306950993| |9999907899| |9999907899|||0|1| |928.44|19-Dec-2022|1|5|A|10|0.0|185.71|0|4|185.71|185.71|0|0|0|0|0|0|0|0|0|0|0|0|0|||||19-Dec-2022|949.0|0|0||T7431X|T7431X|N|Z608|Y|N1830|Y|R809|N|N182|Y|R801|Y|Z653|Y|I4891|Y|N181|N|E1121|Y|E11319|Y|D4959|Y|D075|Y|E781|Y|E119|Y|E8881|Y|P292|N|Z952|Y|I350|Y|R931|Y|I259|Y|E785|Y|E669|Y|Q870|N|G479|Y|Y04|X58|U| | | | | | | | | | | | | | | | | | | | | | |Z741|19-Dec-2022|F419|19-Dec-2022|Z1331|19-Dec-2022|Z1331|19-Dec-2022|F1990|19-Dec-2022|Z715|19-Dec-2022|||||||||||||||||||||||||||||||||||||||0|0||4|450|G0444|3.0|2022-12-20T00:00:00|hospital_C|hospital_C_20221219
SYN_BENE_7E5BC310837B|SYN_CLM_A438995DEF6D|V|60|19-Dec-2022|19-Dec-2022|23-Dec-2022||3|377673|1|1|1|| |928.44|0.0| ||37|1306950993| |9999907899| |9999907899|||0|1| |928.44|19-Dec-2022|1|5|A|10|0.0|185.71|0|4|185.71|185.71|0|0|0|0|0|0|0|0|0|0|0|0|0|||||19-Dec-2022|949.0|0|0||T7431X|T7431X|N|Z608|Y|N1830|Y|R809|N|N182|Y|R801|Y|Z653|Y|I4891|Y|N181|N|E1121|Y|E11319|Y|D4959|Y|D075|Y|E781|Y|E119|Y|E8881|Y|P292|N|Z952|Y|I350|Y|R931|Y|I259|Y|E785|Y|E669|Y|Q870|N|G479|Y|Y04|X58|U| | | | | | | | | | | | | | | | | | | | | | |Z741|19-Dec-2022|F419|19-Dec-2022|Z1331|19-Dec-2022|Z1331|19-Dec-2022|F1990|19-Dec-2022|Z715|19-Dec-2022|||||||||||||||||||||||||||||||||||||||0|0||5|450|99408|3.0|2022-12-20T00:00:00|hospital_C|hospital_C_20221219
SYN_BENE_7E5BC310837B|SYN_CLM_A438995DEF6D|V|60|19-Dec-2022|19-Dec-2022|23-Dec-2022||3|377673|1|1|1|| |928.44|0.0| ||37|1306950993| |9999907899| |9999907899|||0|1| |928.44|19-Dec-2022|1|5|A|10|0.0|185.71|0|4|185.71|185.71|0|0|0|0|0|0|0|0|0|0|0|0|0|||||19-Dec-2022|949.0|0|0||T7431X|T7431X|N|Z608|Y|N1830|Y|R809|N|N182|Y|R801|Y|Z653|Y|I4891|Y|N181|N|E1121|Y|E11319|Y|D4959|Y|D075|Y|E781|Y|E119|Y|E8881|Y|P292|N|Z952|Y|I350|Y|R931|Y|I259|Y|E785|Y|E669|Y|Q870|N|G479|Y|Y04|X58|U| | | | | | | | | | | | | | | | | | | | | | |Z741|19-Dec-2022|F419|19-Dec-2022|Z1331|19-Dec-2022|Z1331|19-Dec-2022|F1990|19-Dec-2022|Z715|19-Dec-2022|||||||||||||||||||||||||||||||||||||||0|0||6|450|99408|3.0|2022-12-20T00:00:00|hospital_C|hospital_C_20221219
SYN_BENE_22C8F0B5F0EE|SYN_CLM_523394EE98B3|V|60|19-Dec-2022|19-Dec-2022|23-Dec-2022||3|377673|1|1|1|| |928.44|0.0| ||37|1306950993| |9999907899| |9999907899|||0|1| |928.44|19-Dec-2022|1|5|A|10|0.0|185.71|0|4|185.71|185.71|0|0|0|0|0|0|0|0|0|0|0|0|0|||||19-Dec-2022|949.0|0|0||T7431X|T7431X|N|Z608|Y|N1830|Y|R809|N|N182|Y|R801|Y|Z653|Y|I4891|Y|N181|N|E1121|Y|E11319|Y|D4959|Y|D075|Y|E781|Y|E119|Y|E8881|Y|P292|N|Z952|Y|I350|Y|R931|Y|I259|Y|E785|Y|E669|Y|Q870|N|G479|Y|Y04|X58|U| | | | | | | | | | | | | | | | | | | | | | |Z741|19-Dec-2022|F419|19-Dec-2022|Z1331|19-Dec-2022|Z1331|19-Dec-2022|F1990|19-Dec-2022|Z715|19-Dec-2022|||||||||||||||||||||||||||||||||||||||0|0||1|450|96156|2.0|2022-12-20T00:00:00|hospital_C|hospital_C_20221219
SYN_BENE_22C8F0B5F0EE|SYN_CLM_523394EE98B3|V|60|19-Dec-2022|19-Dec-2022|23-Dec-2022||3|377673|1|1|1|| |928.44|0.0| ||37|1306950993| |9999907899| |9999907899|||0|1| |928.44|19-Dec-2022|1|5|A|10|0.0|185.71|0|4|185.71|185.71|0|0|0|0|0|0|0|0|0|0|0|0|0|||||19-Dec-2022|949.0|0|0||T7431X|T7431X|N|Z608|Y|N1830|Y|R809|N|N182|Y|R801|Y|Z653|Y|I4891|Y|N181|N|E1121|Y|E11319|Y|D4959|Y|D075|Y|E781|Y|E119|Y|E8881|Y|P292|N|Z952|Y|I350|Y|R931|Y|I259|Y|E785|Y|E669|Y|Q870|N|G479|Y|Y04|X58|U| | | | | | | | | | | | | | | | | | | | | | |Z741|19-Dec-2022|F419|19-Dec-2022|Z1331|19-Dec-2022|Z1331|19-Dec-2022|F1990|19-Dec-2022|Z715|19-Dec-2022|||||||||||||||||||||||||||||||||||||||0|0||2|450|96127|3.0|2022-12-20T00:00:00|hospital_C|hospital_C_20221219
SYN_BENE_22C8F0B5F0EE|SYN_CLM_523394EE98B3|V|60|19-Dec-2022|19-Dec-2022|23-Dec-2022||3|377673|1|1|1|| |928.44|0.0| ||37|1306950993| |9999907899| |9999907899|||0|1| |928.44|19-Dec-2022|1|5|A|10|0.0|185.71|0|4|185.71|185.71|0|0|0|0|0|0|0|0|0|0|0|0|0|||||19-Dec-2022|949.0|0|0||T7431X|T7431X|N|Z608|Y|N1830|Y|R809|N|N182|Y|R801|Y|Z653|Y|I4891|Y|N181|N|E1121|Y|E11319|Y|D4959|Y|D075|Y|E781|Y|E119|Y|E8881|Y|P292|N|Z952|Y|I350|Y|R931|Y|I259|Y|E785|Y|E669|Y|Q870|N|G479|Y|Y04|X58|U| | | | | | | | | | | | | | | | | | | | | | |Z741|19-Dec-2022|F419|19-Dec-2022|Z1331|19-Dec-2022|Z1331|19-Dec-2022|F1990|19-Dec-2022|Z715|19-Dec-2022|||||||||||||||||||||||||||||||||||||||0|0||3|450|G0444|3.0|2022-12-20T00:00:00|hospital_C|hospital_C_20221219
SYN_BENE_22C8F0B5F0EE|SYN_CLM_523394EE98B3|V|60|19-Dec-2022|19-Dec-2022|23-Dec-2022||3|377673|1|1|1|| |928.44|0.0| ||37|1306950993| |9999907899| |9999907899|||0|1| |928.44|19-Dec-2022|1|5|A|10|0.0|185.71|0|4|185.71|185.71|0|0|0|0|0|0|0|0|0|0|0|0|0|||||19-Dec-2022|949.0|0|0||T7431X|T7431X|N|Z608|Y|N1830|Y|R809|N|N182|Y|R801|Y|Z653|Y|I4891|Y|N181|N|E1121|Y|E11319|Y|D4959|Y|D075|Y|E781|Y|E119|Y|E8881|Y|P292|N|Z952|Y|I350|Y|R931|Y|I259|Y|E785|Y|E669|Y|Q870|N|G479|Y|Y04|X58|U| | | | | | | | | | | | | | | | | | | | | | |Z741|19-Dec-2022|F419|19-Dec-2022|Z1331|19-Dec-2022|Z1331|19-Dec-2022|F1990|19-Dec-2022|Z715|19-Dec-2022|||||||||||||||||||||||||||||||||||||||0|0||4|450|G0444|3.0|2022-12-20T00:00:00|hospital_C|hospital_C_20221219
SYN_BENE_22C8F0B5F0EE|SYN_CLM_523394EE98B3|V|60|19-Dec-2022|19-Dec-2022|23-Dec-2022||3|377673|1|1|1|| |928.44|0.0| ||37|1306950993| |9999907899| |9999907899|||0|1| |928.44|19-Dec-2022|1|5|A|10|0.0|185.71|0|4|185.71|185.71|0|0|0|0|0|0|0|0|0|0|0|0|0|||||19-Dec-2022|949.0|0|0||T7431X|T7431X|N|Z608|Y|N1830|Y|R809|N|N182|Y|R801|Y|Z653|Y|I4891|Y|N181|N|E1121|Y|E11319|Y|D4959|Y|D075|Y|E781|Y|E119|Y|E8881|Y|P292|N|Z952|Y|I350|Y|R931|Y|I259|Y|E785|Y|E669|Y|Q870|N|G479|Y|Y04|X58|U| | | | | | | | | | | | | | | | | | | | | | |Z741|19-Dec-2022|F419|19-Dec-2022|Z1331|19-Dec-2022|Z1331|19-Dec-2022|F1990|19-Dec-2022|Z715|19-Dec-2022|||||||||||||||||||||||||||||||||||||||0|0||5|450|99408|3.0|2022-12-20T00:00:00|hospital_C|hospital_C_20221219
SYN_BENE_22C8F0B5F0EE|SYN_CLM_523394EE98B3|V|60|19-Dec-2022|19-Dec-2022|23-Dec-2022||3|377673|1|1|1|| |928.44|0.0| ||37|1306950993| |9999907899| |9999907899|||0|1| |928.44|19-Dec-2022|1|5|A|10|0.0|185.71|0|4|185.71|185.71|0|0|0|0|0|0|0|0|0|0|0|0|0|||||19-Dec-2022|949.0|0|0||T7431X|T7431X|N|Z608|Y|N1830|Y|R809|N|N182|Y|R801|Y|Z653|Y|I4891|Y|N181|N|E1121|Y|E11319|Y|D4959|Y|D075|Y|E781|Y|E119|Y|E8881|Y|P292|N|Z952|Y|I350|Y|R931|Y|I259|Y|E785|Y|E669|Y|Q870|N|G479|Y|Y04|X58|U| | | | | | | | | | | | | | | | | | | | | | |Z741|19-Dec-2022|F419|19-Dec-2022|Z1331|19-Dec-2022|Z1331|19-Dec-2022|F1990|19-Dec-2022|Z715|19-Dec-2022|||||||||||||||||||||||||||||||||||||||0|0||6|450|99408|3.0|2022-12-20T00:00:00|hospital_C|hospital_C_20221219
SYN_BENE_102C8C6C016E|SYN_CLM_E38CA4AD6563|V|60|19-Dec-2022|19-Dec-2022|23-Dec-2022||3|377673|1|1|1|| |928.44|0.0| ||37|1306950993| |9999907899| |9999907899|||0|1| |928.44|19-Dec-2022|1|5|A|10|0.0|185.71|0|4|185.71|185.71|0|0|0|0|0|0|0|0|0|0|0|0|0|||||19-Dec-2022|949.0|0|0||T7431X|T7431X|N|Z608|Y|N1830|Y|R809|N|N182|Y|R801|Y|Z653|Y|I4891|Y|N181|N|E1121|Y|E11319|Y|D4959|Y|D075|Y|E781|Y|E119|Y|E8881|Y|P292|N|Z952|Y|I350|Y|R931|Y|I259|Y|E785|Y|E669|Y|Q870|N|G479|Y|Y04|X58|U| | | | | | | | | | | | | | | | | | | | | | |Z741|19-Dec-2022|F419|19-Dec-2022|Z1331|19-Dec-2022|Z1331|19-Dec-2022|F1990|19-Dec-2022|Z715|19-Dec-2022|||||||||||||||||||||||||||||||||||||||0|0||1|450|96156|2.0|2022-12-20T00:00:00|hospital_C|hospital_C_20221219
SYN_BENE_102C8C6C016E|SYN_CLM_E38CA4AD6563|V|60|19-Dec-2022|19-Dec-2022|23-Dec-2022||3|377673|1|1|1|| |928.44|0.0| ||37|1306950993| |9999907899| |9999907899|||0|1| |928.44|19-Dec-2022|1|5|A|10|0.0|185.71|0|4|185.71|185.71|0|0|0|0|0|0|0|0|0|0|0|0|0|||||19-Dec-2022|949.0|0|0||T7431X|T7431X|N|Z608|Y|N1830|Y|R809|N|N182|Y|R801|Y|Z653|Y|I4891|Y|N181|N|E1121|Y|E11319|Y|D4959|Y|D075|Y|E781|Y|E119|Y|E8881|Y|P292|N|Z952|Y|I350|Y|R931|Y|I259|Y|E785|Y|E669|Y|Q870|N|G479|Y|Y04|X58|U| | | | | | | | | | | | | | | | | | | | | | |Z741|19-Dec-2022|F419|19-Dec-2022|Z1331|19-Dec-2022|Z1331|19-Dec-2022|F1990|19-Dec-2022|Z715|19-Dec-2022|||||||||||||||||||||||||||||||||||||||0|0||2|450|96127|3.0|2022-12-20T00:00:00|hospital_C|hospital_C_20221219
SYN_BENE_102C8C6C016E|SYN_CLM_E38CA4AD6563|V|60|19-Dec-2022|19-Dec-2022|23-Dec-2022||3|377673|1|1|1|| |928.44|0.0| ||37|1306950993| |9999907899| |9999907899|||0|1| |928.44|19-Dec-2022|1|5|A|10|0.0|185.71|0|4|185.71|185.71|0|0|0|0|0|0|0|0|0|0|0|0|0|||||19-Dec-2022|949.0|0|0||T7431X|T7431X|N|Z608|Y|N1830|Y|R809|N|N182|Y|R801|Y|Z653|Y|I4891|Y|N181|N|E1121|Y|E11319|Y|D4959|Y|D075|Y|E781|Y|E119|Y|E8881|Y|P292|N|Z952|Y|I350|Y|R931|Y|I259|Y|E785|Y|E669|Y|Q870|N|G479|Y|Y04|X58|U| | | | | | | | | | | | | | | | | | | | | | |Z741|19-Dec-2022|F419|19-Dec-2022|Z1331|19-Dec-2022|Z1331|19-Dec-2022|F1990|19-Dec-2022|Z715|19-Dec-2022|||||||||||||||||||||||||||||||||||||||0|0||3|450|G0444|3.0|2022-12-20T00:00:00|hospital_C|hospital_C_20221219
SYN_BENE_102C8C6C016E|SYN_CLM_E38CA4AD6563|V|60|19-Dec-2022|19-Dec-2022|23-Dec-2022||3|377673|1|1|1|| |928.44|0.0| ||37|1306950993| |9999907899| |9999907899|||0|1| |928.44|19-Dec-2022|1|5|A|10|0.0|185.71|0|4|185.71|185.71|0|0|0|0|0|0|0|0|0|0|0|0|0|||||19-Dec-2022|949.0|0|0||T7431X|T7431X|N|Z608|Y|N1830|Y|R809|N|N182|Y|R801|Y|Z653|Y|I4891|Y|N181|N|E1121|Y|E11319|Y|D4959|Y|D075|Y|E781|Y|E119|Y|E8881|Y|P292|N|Z952|Y|I350|Y|R931|Y|I259|Y|E785|Y|E669|Y|Q870|N|G479|Y|Y04|X58|U| | | | | | | | | | | | | | | | | | | | | | |Z741|19-Dec-2022|F419|19-Dec-2022|Z1331|19-Dec-2022|Z1331|19-Dec-2022|F1990|19-Dec-2022|Z715|19-Dec-2022|||||||||||||||||||||||||||||||||||||||0|0||4|450|G0444|3.0|2022-12-20T00:00:00|hospital_C|hospital_C_20221219
SYN_BENE_102C8C6C016E|SYN_CLM_E38CA4AD6563|V|60|19-Dec-2022|19-Dec-2022|23-Dec-2022||3|377673|1|1|1|| |928.44|0.0| ||37|1306950993| |9999907899| |9999907899|||0|1| |928.44|19-Dec-2022|1|5|A|10|0.0|185.71|0|4|185.71|185.71|0|0|0|0|0|0|0|0|0|0|0|0|0|||||19-Dec-2022|949.0|0|0||T7431X|T7431X|N|Z608|Y|N1830|Y|R809|N|N182|Y|R801|Y|Z653|Y|I4891|Y|N181|N|E1121|Y|E11319|Y|D4959|Y|D075|Y|E781|Y|E119|Y|E8881|Y|P292|N|Z952|Y|I350|Y|R931|Y|I259|Y|E785|Y|E669|Y|Q870|N|G479|Y|Y04|X58|U| | | | | | | | | | | | | | | | | | | | | | |Z741|19-Dec-2022|F419|19-Dec-2022|Z1331|19-Dec-2022|Z1331|19-Dec-2022|F1990|19-Dec-2022|Z715|19-Dec-2022|||||||||||||||||||||||||||||||||||||||0|0||5|450|99408|3.0|2022-12-20T00:00:00|hospital_C|hospital_C_20221219
SYN_BENE_102C8C6C016E|SYN_CLM_E38CA4AD6563|V|60|19-Dec-2022|19-Dec-2022|23-Dec-2022||3|377673|1|1|1|| |928.44|0.0| ||37|1306950993| |9999907899| |9999907899|||0|1| |928.44|19-Dec-2022|1|5|A|10|0.0|185.71|0|4|185.71|185.71|0|0|0|0|0|0|0|0|0|0|0|0|0|||||19-Dec-2022|949.0|0|0||T7431X|T7431X|N|Z608|Y|N1830|Y|R809|N|N182|Y|R801|Y|Z653|Y|I4891|Y|N181|N|E1121|Y|E11319|Y|D4959|Y|D075|Y|E781|Y|E119|Y|E8881|Y|P292|N|Z952|Y|I350|Y|R931|Y|I259|Y|E785|Y|E669|Y|Q870|N|G479|Y|Y04|X58|U| | | | | | | | | | | | | | | | | | | | | | |Z741|19-Dec-2022|F419|19-Dec-2022|Z1331|19-Dec-2022|Z1331|19-Dec-2022|F1990|19-Dec-2022|Z715|19-Dec-2022|||||||||||||||||||||||||||||||||||||||0|0||6|450|99408|3.0|2022-12-20T00:00:00|hospital_C|hospital_C_20221219
SYN_BENE_3E5BD0E1372B|SYN_CLM_2CF3EB192732|V|60|19-Dec-2022|19-Dec-2022|23-Dec-2022||3|377673|1|1|1|| |928.44|0.0| ||37|1306950993| |9999907899| |9999907899|||0|1| |928.44|19-Dec-2022|1|5|A|10|0.0|185.71|0|4|185.71|185.71|0|0|0|0|0|0|0|0|0|0|0|0|0|||||19-Dec-2022|949.0|0|0||T7431X|T7431X|N|Z608|Y|N1830|Y|R809|N|N182|Y|R801|Y|Z653|Y|I4891|Y|N181|N|E1121|Y|E11319|Y|D4959|Y|D075|Y|E781|Y|E119|Y|E8881|Y|P292|N|Z952|Y|I350|Y|R931|Y|I259|Y|E785|Y|E669|Y|Q870|N|G479|Y|Y04|X58|U| | | | | | | | | | | | | | | | | | | | | | |Z741|19-Dec-2022|F419|19-Dec-2022|Z1331|19-Dec-2022|Z1331|19-Dec-2022|F1990|19-Dec-2022|Z715|19-Dec-2022|||||||||||||||||||||||||||||||||||||||0|0||1|450|96156|2.0|2022-12-20T00:00:00|hospital_C|hospital_C_20221219
SYN_BENE_3E5BD0E1372B|SYN_CLM_2CF3EB192732|V|60|19-Dec-2022|19-Dec-2022|23-Dec-2022||3|377673|1|1|1|| |928.44|0.0| ||37|1306950993| |9999907899| |9999907899|||0|1| |928.44|19-Dec-2022|1|5|A|10|0.0|185.71|0|4|185.71|185.71|0|0|0|0|0|0|0|0|0|0|0|0|0|||||19-Dec-2022|949.0|0|0||T7431X|T7431X|N|Z608|Y|N1830|Y|R809|N|N182|Y|R801|Y|Z653|Y|I4891|Y|N181|N|E1121|Y|E11319|Y|D4959|Y|D075|Y|E781|Y|E119|Y|E8881|Y|P292|N|Z952|Y|I350|Y|R931|Y|I259|Y|E785|Y|E669|Y|Q870|N|G479|Y|Y04|X58|U| | | | | | | | | | | | | | | | | | | | | | |Z741|19-Dec-2022|F419|19-Dec-2022|Z1331|19-Dec-2022|Z1331|19-Dec-2022|F1990|19-Dec-2022|Z715|19-Dec-2022|||||||||||||||||||||||||||||||||||||||0|0||2|450|96127|3.0|2022-12-20T00:00:00|hospital_C|hospital_C_20221219
SYN_BENE_3E5BD0E1372B|SYN_CLM_2CF3EB192732|V|60|19-Dec-2022|19-Dec-2022|23-Dec-2022||3|377673|1|1|1|| |928.44|0.0| ||37|1306950993| |9999907899| |9999907899|||0|1| |928.44|19-Dec-2022|1|5|A|10|0.0|185.71|0|4|185.71|185.71|0|0|0|0|0|0|0|0|0|0|0|0|0|||||19-Dec-2022|949.0|0|0||T7431X|T7431X|N|Z608|Y|N1830|Y|R809|N|N182|Y|R801|Y|Z653|Y|I4891|Y|N181|N|E1121|Y|E11319|Y|D4959|Y|D075|Y|E781|Y|E119|Y|E8881|Y|P292|N|Z952|Y|I350|Y|R931|Y|I259|Y|E785|Y|E669|Y|Q870|N|G479|Y|Y04|X58|U| | | | | | | | | | | | | | | | | | | | | | |Z741|19-Dec-2022|F419|19-Dec-2022|Z1331|19-Dec-2022|Z1331|19-Dec-2022|F1990|19-Dec-2022|Z715|19-Dec-2022|||||||||||||||||||||||||||||||||||||||0|0||3|450|G0444|3.0|2022-12-20T00:00:00|hospital_C|hospital_C_20221219
SYN_BENE_3E5BD0E1372B|SYN_CLM_2CF3EB192732|V|60|19-Dec-2022|19-Dec-2022|23-Dec-2022||3|377673|1|1|1|| |928.44|0.0| ||37|1306950993| |9999907899| |9999907899|||0|1| |928.44|19-Dec-2022|1|5|A|10|0.0|185.71|0|4|185.71|185.71|0|0|0|0|0|0|0|0|0|0|0|0|0|||||19-Dec-2022|949.0|0|0||T7431X|T7431X|N|Z608|Y|N1830|Y|R809|N|N182|Y|R801|Y|Z653|Y|I4891|Y|N181|N|E1121|Y|E11319|Y|D4959|Y|D075|Y|E781|Y|E119|Y|E8881|Y|P292|N|Z952|Y|I350|Y|R931|Y|I259|Y|E785|Y|E669|Y|Q870|N|G479|Y|Y04|X58|U| | | | | | | | | | | | | | | | | | | | | | |Z741|19-Dec-2022|F419|19-Dec-2022|Z1331|19-Dec-2022|Z1331|19-Dec-2022|F1990|19-Dec-2022|Z715|19-Dec-2022|||||||||||||||||||||||||||||||||||||||0|0||4|450|G0444|3.0|2022-12-20T00:00:00|hospital_C|hospital_C_20221219
SYN_BENE_3E5BD0E1372B|SYN_CLM_2CF3EB192732|V|60|19-Dec-2022|19-Dec-2022|23-Dec-2022||3|377673|1|1|1|| |928.44|0.0| ||37|1306950993| |9999907899| |9999907899|||0|1| |928.44|19-Dec-2022|1|5|A|10|0.0|185.71|0|4|185.71|185.71|0|0|0|0|0|0|0|0|0|0|0|0|0|||||19-Dec-2022|949.0|0|0||T7431X|T7431X|N|Z608|Y|N1830|Y|R809|N|N182|Y|R801|Y|Z653|Y|I4891|Y|N181|N|E1121|Y|E11319|Y|D4959|Y|D075|Y|E781|Y|E119|Y|E8881|Y|P292|N|Z952|Y|I350|Y|R931|Y|I259|Y|E785|Y|E669|Y|Q870|N|G479|Y|Y04|X58|U| | | | | | | | | | | | | | | | | | | | | | |Z741|19-Dec-2022|F419|19-Dec-2022|Z1331|19-Dec-2022|Z1331|19-Dec-2022|F1990|19-Dec-2022|Z715|19-Dec-2022|||||||||||||||||||||||||||||||||||||||0|0||5|450|99408|3.0|2022-12-20T00:00:00|hospital_C|hospital_C_20221219
SYN_BENE_3E5BD0E1372B|SYN_CLM_2CF3EB192732|V|60|19-Dec-2022|19-Dec-2022|23-Dec-2022||3|377673|1|1|1|| |928.44|0.0| ||37|1306950993| |9999907899| |9999907899|||0|1| |928.44|19-Dec-2022|1|5|A|10|0.0|185.71|0|4|185.71|185.71|0|0|0|0|0|0|0|0|0|0|0|0|0|||||19-Dec-2022|949.0|0|0||T7431X|T7431X|N|Z608|Y|N1830|Y|R809|N|N182|Y|R801|Y|Z653|Y|I4891|Y|N181|N|E1121|Y|E11319|Y|D4959|Y|D075|Y|E781|Y|E119|Y|E8881|Y|P292|N|Z952|Y|I350|Y|R931|Y|I259|Y|E785|Y|E669|Y|Q870|N|G479|Y|Y04|X58|U| | | | | | | | | | | | | | | | | | | | | | |Z741|19-Dec-2022|F419|19-Dec-2022|Z1331|19-Dec-2022|Z1331|19-Dec-2022|F1990|19-Dec-2022|Z715|19-Dec-2022|||||||||||||||||||||||||||||||||||||||0|0||6|450|99408|3.0|2022-12-20T00:00:00|hospital_C|hospital_C_20221219
SYN_BENE_7A6A09FCE598|SYN_CLM_841261923465|V|60|19-Dec-2022|19-Dec-2022|23-Dec-2022||3|377673|1|1|1|| |928.44|0.0| ||37|1306950993| |9999907899| |9999907899|||0|1| |928.44|19-Dec-2022|1|5|A|10|0.0|185.71|0|4|185.71|185.71|0|0|0|0|0|0|0|0|0|0|0|0|0|||||19-Dec-2022|949.0|0|0||T7431X|T7431X|N|Z608|Y|N1830|Y|R809|N|N182|Y|R801|Y|Z653|Y|I4891|Y|N181|N|E1121|Y|E11319|Y|D4959|Y|D075|Y|E781|Y|E119|Y|E8881|Y|P292|N|Z952|Y|I350|Y|R931|Y|I259|Y|E785|Y|E669|Y|Q870|N|G479|Y|Y04|X58|U| | | | | | | | | | | | | | | | | | | | | | |Z741|19-Dec-2022|F419|19-Dec-2022|Z1331|19-Dec-2022|Z1331|19-Dec-2022|F1990|19-Dec-2022|Z715|19-Dec-2022|||||||||||||||||||||||||||||||||||||||0|0||1|450|96156|2.0|2022-12-20T00:00:00|hospital_C|hospital_C_20221219
SYN_BENE_7A6A09FCE598|SYN_CLM_841261923465|V|60|19-Dec-2022|19-Dec-2022|23-Dec-2022||3|377673|1|1|1|| |928.44|0.0| ||37|1306950993| |9999907899| |9999907899|||0|1| |928.44|19-Dec-2022|1|5|A|10|0.0|185.71|0|4|185.71|185.71|0|0|0|0|0|0|0|0|0|0|0|0|0|||||19-Dec-2022|949.0|0|0||T7431X|T7431X|N|Z608|Y|N1830|Y|R809|N|N182|Y|R801|Y|Z653|Y|I4891|Y|N181|N|E1121|Y|E11319|Y|D4959|Y|D075|Y|E781|Y|E119|Y|E8881|Y|P292|N|Z952|Y|I350|Y|R931|Y|I259|Y|E785|Y|E669|Y|Q870|N|G479|Y|Y04|X58|U| | | | | | | | | | | | | | | | | | | | | | |Z741|19-Dec-2022|F419|19-Dec-2022|Z1331|19-Dec-2022|Z1331|19-Dec-2022|F1990|19-Dec-2022|Z715|19-Dec-2022|||||||||||||||||||||||||||||||||||||||0|0||2|450|96127|3.0|2022-12-20T00:00:00|hospital_C|hospital_C_20221219
SYN_BENE_7A6A09FCE598|SYN_CLM_841261923465|V|60|19-Dec-2022|19-Dec-2022|23-Dec-2022||3|377673|1|1|1|| |928.44|0.0| ||37|1306950993| |9999907899| |9999907899|||0|1| |928.44|19-Dec-2022|1|5|A|10|0.0|185.71|0|4|185.71|185.71|0|0|0|0|0|0|0|0|0|0|0|0|0|||||19-Dec-2022|949.0|0|0||T7431X|T7431X|N|Z608|Y|N1830|Y|R809|N|N182|Y|R801|Y|Z653|Y|I4891|Y|N181|N|E1121|Y|E11319|Y|D4959|Y|D075|Y|E781|Y|E119|Y|E8881|Y|P292|N|Z952|Y|I350|Y|R931|Y|I259|Y|E785|Y|E669|Y|Q870|N|G479|Y|Y04|X58|U| | | | | | | | | | | | | | | | | | | | | | |Z741|19-Dec-2022|F419|19-Dec-2022|Z1331|19-Dec-2022|Z1331|19-Dec-2022|F1990|19-Dec-2022|Z715|19-Dec-2022|||||||||||||||||||||||||||||||||||||||0|0||3|450|G0444|3.0|2022-12-20T00:00:00|hospital_C|hospital_C_20221219
SYN_BENE_7A6A09FCE598|SYN_CLM_841261923465|V|60|19-Dec-2022|19-Dec-2022|23-Dec-2022||3|377673|1|1|1|| |928.44|0.0| ||37|1306950993| |9999907899| |9999907899|||0|1| |928.44|19-Dec-2022|1|5|A|10|0.0|185.71|0|4|185.71|185.71|0|0|0|0|0|0|0|0|0|0|0|0|0|||||19-Dec-2022|949.0|0|0||T7431X|T7431X|N|Z608|Y|N1830|Y|R809|N|N182|Y|R801|Y|Z653|Y|I4891|Y|N181|N|E1121|Y|E11319|Y|D4959|Y|D075|Y|E781|Y|E119|Y|E8881|Y|P292|N|Z952|Y|I350|Y|R931|Y|I259|Y|E785|Y|E669|Y|Q870|N|G479|Y|Y04|X58|U| | | | | | | | | | | | | | | | | | | | | | |Z741|19-Dec-2022|F419|19-Dec-2022|Z1331|19-Dec-2022|Z1331|19-Dec-2022|F1990|19-Dec-2022|Z715|19-Dec-2022|||||||||||||||||||||||||||||||||||||||0|0||4|450|G0444|3.0|2022-12-20T00:00:00|hospital_C|hospital_C_20221219
SYN_BENE_7A6A09FCE598|SYN_CLM_841261923465|V|60|19-Dec-2022|19-Dec-2022|23-Dec-2022||3|377673|1|1|1|| |928.44|0.0| ||37|1306950993| |9999907899| |9999907899|||0|1| |928.44|19-Dec-2022|1|5|A|10|0.0|185.71|0|4|185.71|185.71|0|0|0|0|0|0|0|0|0|0|0|0|0|||||19-Dec-2022|949.0|0|0||T7431X|T7431X|N|Z608|Y|N1830|Y|R809|N|N182|Y|R801|Y|Z653|Y|I4891|Y|N181|N|E1121|Y|E11319|Y|D4959|Y|D075|Y|E781|Y|E119|Y|E8881|Y|P292|N|Z952|Y|I350|Y|R931|Y|I259|Y|E785|Y|E669|Y|Q870|N|G479|Y|Y04|X58|U| | | | | | | | | | | | | | | | | | | | | | |Z741|19-Dec-2022|F419|19-Dec-2022|Z1331|19-Dec-2022|Z1331|19-Dec-2022|F1990|19-Dec-2022|Z715|19-Dec-2022|||||||||||||||||||||||||||||||||||||||0|0||5|450|99408|3.0|2022-12-20T00:00:00|hospital_C|hospital_C_20221219
SYN_BENE_7A6A09FCE598|SYN_CLM_841261923465|V|60|19-Dec-2022|19-Dec-2022|23-Dec-2022||3|377673|1|1|1|| |928.44|0.0| ||37|1306950993| |9999907899| |9999907899|||0|1| |928.44|19-Dec-2022|1|5|A|10|0.0|185.71|0|4|185.71|185.71|0|0|0|0|0|0|0|0|0|0|0|0|0|||||19-Dec-2022|949.0|0|0||T7431X|T7431X|N|Z608|Y|N1830|Y|R809|N|N182|Y|R801|Y|Z653|Y|I4891|Y|N181|N|E1121|Y|E11319|Y|D4959|Y|D075|Y|E781|Y|E119|Y|E8881|Y|P292|N|Z952|Y|I350|Y|R931|Y|I259|Y|E785|Y|E669|Y|Q870|N|G479|Y|Y04|X58|U| | | | | | | | | | | | | | | | | | | | | | |Z741|19-Dec-2022|F419|19-Dec-2022|Z1331|19-Dec-2022|Z1331|19-Dec-2022|F1990|19-Dec-2022|Z715|19-Dec-2022|||||||||||||||||||||||||||||||||||||||0|0||6|450|99408|3.0|2022-12-20T00:00:00|hospital_C|hospital_C_20221219
SYN_BENE_ABA99EBFE2E0|SYN_CLM_EA6ABD8C3596|V|60|19-Dec-2022|19-Dec-2022|23-Dec-2022||3|377673|1|1|1|| |928.44|0.0| ||37|1306950993| |9999907899| |9999907899|||0|1| |928.44|19-Dec-2022|1|5|A|10|0.0|185.71|0|4|185.71|185.71|0|0|0|0|0|0|0|0|0|0|0|0|0|||||19-Dec-2022|949.0|0|0||T7431X|T7431X|N|Z608|Y|N1830|Y|R809|N|N182|Y|R801|Y|Z653|Y|I4891|Y|N181|N|E1121|Y|E11319|Y|D4959|Y|D075|Y|E781|Y|E119|Y|E8881|Y|P292|N|Z952|Y|I350|Y|R931|Y|I259|Y|E785|Y|E669|Y|Q870|N|G479|Y|Y04|X58|U| | | | | | | | | | | | | | | | | | | | | | |Z741|19-Dec-2022|F419|19-Dec-2022|Z1331|19-Dec-2022|Z1331|19-Dec-2022|F1990|19-Dec-2022|Z715|19-Dec-2022|||||||||||||||||||||||||||||||||||||||0|0||1|450|96156|2.0|2022-12-20T00:00:00|hospital_C|hospital_C_20221219
SYN_BENE_ABA99EBFE2E0|SYN_CLM_EA6ABD8C3596|V|60|19-Dec-2022|19-Dec-2022|23-Dec-2022||3|377673|1|1|1|| |928.44|0.0| ||37|1306950993| |9999907899| |9999907899|||0|1| |928.44|19-Dec-2022|1|5|A|10|0.0|185.71|0|4|185.71|185.71|0|0|0|0|0|0|0|0|0|0|0|0|0|||||19-Dec-2022|949.0|0|0||T7431X|T7431X|N|Z608|Y|N1830|Y|R809|N|N182|Y|R801|Y|Z653|Y|I4891|Y|N181|N|E1121|Y|E11319|Y|D4959|Y|D075|Y|E781|Y|E119|Y|E8881|Y|P292|N|Z952|Y|I350|Y|R931|Y|I259|Y|E785|Y|E669|Y|Q870|N|G479|Y|Y04|X58|U| | | | | | | | | | | | | | | | | | | | | | |Z741|19-Dec-2022|F419|19-Dec-2022|Z1331|19-Dec-2022|Z1331|19-Dec-2022|F1990|19-Dec-2022|Z715|19-Dec-2022|||||||||||||||||||||||||||||||||||||||0|0||2|450|96127|3.0|2022-12-20T00:00:00|hospital_C|hospital_C_20221219
SYN_BENE_ABA99EBFE2E0|SYN_CLM_EA6ABD8C3596|V|60|19-Dec-2022|19-Dec-2022|23-Dec-2022||3|377673|1|1|1|| |928.44|0.0| ||37|1306950993| |9999907899| |9999907899|||0|1| |928.44|19-Dec-2022|1|5|A|10|0.0|185.71|0|4|185.71|185.71|0|0|0|0|0|0|0|0|0|0|0|0|0|||||19-Dec-2022|949.0|0|0||T7431X|T7431X|N|Z608|Y|N1830|Y|R809|N|N182|Y|R801|Y|Z653|Y|I4891|Y|N181|N|E1121|Y|E11319|Y|D4959|Y|D075|Y|E781|Y|E119|Y|E8881|Y|P292|N|Z952|Y|I350|Y|R931|Y|I259|Y|E785|Y|E669|Y|Q870|N|G479|Y|Y04|X58|U| | | | | | | | | | | | | | | | | | | | | | |Z741|19-Dec-2022|F419|19-Dec-2022|Z1331|19-Dec-2022|Z1331|19-Dec-2022|F1990|19-Dec-2022|Z715|19-Dec-2022|||||||||||||||||||||||||||||||||||||||0|0||3|450|G0444|3.0|2022-12-20T00:00:00|hospital_C|hospital_C_20221219
SYN_BENE_ABA99EBFE2E0|SYN_CLM_EA6ABD8C3596|V|60|19-Dec-2022|19-Dec-2022|23-Dec-2022||3|377673|1|1|1|| |928.44|0.0| ||37|1306950993| |9999907899| |9999907899|||0|1| |928.44|19-Dec-2022|1|5|A|10|0.0|185.71|0|4|185.71|185.71|0|0|0|0|0|0|0|0|0|0|0|0|0|||||19-Dec-2022|949.0|0|0||T7431X|T7431X|N|Z608|Y|N1830|Y|R809|N|N182|Y|R801|Y|Z653|Y|I4891|Y|N181|N|E1121|Y|E11319|Y|D4959|Y|D075|Y|E781|Y|E119|Y|E8881|Y|P292|N|Z952|Y|I350|Y|R931|Y|I259|Y|E785|Y|E669|Y|Q870|N|G479|Y|Y04|X58|U| | | | | | | | | | | | | | | | | | | | | | |Z741|19-Dec-2022|F419|19-Dec-2022|Z1331|19-Dec-2022|Z1331|19-Dec-2022|F1990|19-Dec-2022|Z715|19-Dec-2022|||||||||||||||||||||||||||||||||||||||0|0||4|450|G0444|3.0|2022-12-20T00:00:00|hospital_C|hospital_C_20221219
SYN_BENE_ABA99EBFE2E0|SYN_CLM_EA6ABD8C3596|V|60|19-Dec-2022|19-Dec-2022|23-Dec-2022||3|377673|1|1|1|| |928.44|0.0| ||37|1306950993| |9999907899| |9999907899|||0|1| |928.44|19-Dec-2022|1|5|A|10|0.0|185.71|0|4|185.71|185.71|0|0|0|0|0|0|0|0|0|0|0|0|0|||||19-Dec-2022|949.0|0|0||T7431X|T7431X|N|Z608|Y|N1830|Y|R809|N|N182|Y|R801|Y|Z653|Y|I4891|Y|N181|N|E1121|Y|E11319|Y|D4959|Y|D075|Y|E781|Y|E119|Y|E8881|Y|P292|N|Z952|Y|I350|Y|R931|Y|I259|Y|E785|Y|E669|Y|Q870|N|G479|Y|Y04|X58|U| | | | | | | | | | | | | | | | | | | | | | |Z741|19-Dec-2022|F419|19-Dec-2022|Z1331|19-Dec-2022|Z1331|19-Dec-2022|F1990|19-Dec-2022|Z715|19-Dec-2022|||||||||||||||||||||||||||||||||||||||0|0||5|450|99408|3.0|2022-12-20T00:00:00|hospital_C|hospital_C_20221219
SYN_BENE_ABA99EBFE2E0|SYN_CLM_EA6ABD8C3596|V|60|19-Dec-2022|19-Dec-2022|23-Dec-2022||3|377673|1|1|1|| |928.44|0.0| ||37|1306950993| |9999907899| |9999907899|||0|1| |928.44|19-Dec-2022|1|5|A|10|0.0|185.71|0|4|185.71|185.71|0|0|0|0|0|0|0|0|0|0|0|0|0|||||19-Dec-2022|949.0|0|0||T7431X|T7431X|N|Z608|Y|N1830|Y|R809|N|N182|Y|R801|Y|Z653|Y|I4891|Y|N181|N|E1121|Y|E11319|Y|D4959|Y|D075|Y|E781|Y|E119|Y|E8881|Y|P292|N|Z952|Y|I350|Y|R931|Y|I259|Y|E785|Y|E669|Y|Q870|N|G479|Y|Y04|X58|U| | | | | | | | | | | | | | | | | | | | | | |Z741|19-Dec-2022|F419|19-Dec-2022|Z1331|19-Dec-2022|Z1331|19-Dec-2022|F1990|19-Dec-2022|Z715|19-Dec-2022|||||||||||||||||||||||||||||||||||||||0|0||6|450|99408|3.0|2022-12-20T00:00:00|hospital_C|hospital_C_20221219
SYN_BENE_BADBCA9BF72C|SYN_CLM_12CB6AE4675C|V|60|19-Dec-2022|19-Dec-2022|23-Dec-2022||3|377673|1|1|1|| |928.44|0.0| ||37|1306950993| |9999907899| |9999907899|||0|1| |928.44|19-Dec-2022|1|5|A|10|0.0|185.71|0|4|185.71|185.71|0|0|0|0|0|0|0|0|0|0|0|0|0|||||19-Dec-2022|949.0|0|0||T7431X|T7431X|N|Z608|Y|N1830|Y|R809|N|N182|Y|R801|Y|Z653|Y|I4891|Y|N181|N|E1121|Y|E11319|Y|D4959|Y|D075|Y|E781|Y|E119|Y|E8881|Y|P292|N|Z952|Y|I350|Y|R931|Y|I259|Y|E785|Y|E669|Y|Q870|N|G479|Y|Y04|X58|U| | | | | | | | | | | | | | | | | | | | | | |Z741|19-Dec-2022|F419|19-Dec-2022|Z1331|19-Dec-2022|Z1331|19-Dec-2022|F1990|19-Dec-2022|Z715|19-Dec-2022|||||||||||||||||||||||||||||||||||||||0|0||1|450|96156|2.0|2022-12-20T00:00:00|hospital_C|hospital_C_20221219
SYN_BENE_BADBCA9BF72C|SYN_CLM_12CB6AE4675C|V|60|19-Dec-2022|19-Dec-2022|23-Dec-2022||3|377673|1|1|1|| |928.44|0.0| ||37|1306950993| |9999907899| |9999907899|||0|1| |928.44|19-Dec-2022|1|5|A|10|0.0|185.71|0|4|185.71|185.71|0|0|0|0|0|0|0|0|0|0|0|0|0|||||19-Dec-2022|949.0|0|0||T7431X|T7431X|N|Z608|Y|N1830|Y|R809|N|N182|Y|R801|Y|Z653|Y|I4891|Y|N181|N|E1121|Y|E11319|Y|D4959|Y|D075|Y|E781|Y|E119|Y|E8881|Y|P292|N|Z952|Y|I350|Y|R931|Y|I259|Y|E785|Y|E669|Y|Q870|N|G479|Y|Y04|X58|U| | | | | | | | | | | | | | | | | | | | | | |Z741|19-Dec-2022|F419|19-Dec-2022|Z1331|19-Dec-2022|Z1331|19-Dec-2022|F1990|19-Dec-2022|Z715|19-Dec-2022|||||||||||||||||||||||||||||||||||||||0|0||2|450|96127|3.0|2022-12-20T00:00:00|hospital_C|hospital_C_20221219
SYN_BENE_BADBCA9BF72C|SYN_CLM_12CB6AE4675C|V|60|19-Dec-2022|19-Dec-2022|23-Dec-2022||3|377673|1|1|1|| |928.44|0.0| ||37|1306950993| |9999907899| |9999907899|||0|1| |928.44|19-Dec-2022|1|5|A|10|0.0|185.71|0|4|185.71|185.71|0|0|0|0|0|0|0|0|0|0|0|0|0|||||19-Dec-2022|949.0|0|0||T7431X|T7431X|N|Z608|Y|N1830|Y|R809|N|N182|Y|R801|Y|Z653|Y|I4891|Y|N181|N|E1121|Y|E11319|Y|D4959|Y|D075|Y|E781|Y|E119|Y|E8881|Y|P292|N|Z952|Y|I350|Y|R931|Y|I259|Y|E785|Y|E669|Y|Q870|N|G479|Y|Y04|X58|U| | | | | | | | | | | | | | | | | | | | | | |Z741|19-Dec-2022|F419|19-Dec-2022|Z1331|19-Dec-2022|Z1331|19-Dec-2022|F1990|19-Dec-2022|Z715|19-Dec-2022|||||||||||||||||||||||||||||||||||||||0|0||3|450|G0444|3.0|2022-12-20T00:00:00|hospital_C|hospital_C_20221219
SYN_BENE_BADBCA9BF72C|SYN_CLM_12CB6AE4675C|V|60|19-Dec-2022|19-Dec-2022|23-Dec-2022||3|377673|1|1|1|| |928.44|0.0| ||37|1306950993| |9999907899| |9999907899|||0|1| |928.44|19-Dec-2022|1|5|A|10|0.0|185.71|0|4|185.71|185.71|0|0|0|0|0|0|0|0|0|0|0|0|0|||||19-Dec-2022|949.0|0|0||T7431X|T7431X|N|Z608|Y|N1830|Y|R809|N|N182|Y|R801|Y|Z653|Y|I4891|Y|N181|N|E1121|Y|E11319|Y|D4959|Y|D075|Y|E781|Y|E119|Y|E8881|Y|P292|N|Z952|Y|I350|Y|R931|Y|I259|Y|E785|Y|E669|Y|Q870|N|G479|Y|Y04|X58|U| | | | | | | | | | | | | | | | | | | | | | |Z741|19-Dec-2022|F419|19-Dec-2022|Z1331|19-Dec-2022|Z1331|19-Dec-2022|F1990|19-Dec-2022|Z715|19-Dec-2022|||||||||||||||||||||||||||||||||||||||0|0||4|450|G0444|3.0|2022-12-20T00:00:00|hospital_C|hospital_C_20221219
SYN_BENE_BADBCA9BF72C|SYN_CLM_12CB6AE4675C|V|60|19-Dec-2022|19-Dec-2022|23-Dec-2022||3|377673|1|1|1|| |928.44|0.0| ||37|1306950993| |9999907899| |9999907899|||0|1| |928.44|19-Dec-2022|1|5|A|10|0.0|185.71|0|4|185.71|185.71|0|0|0|0|0|0|0|0|0|0|0|0|0|||||19-Dec-2022|949.0|0|0||T7431X|T7431X|N|Z608|Y|N1830|Y|R809|N|N182|Y|R801|Y|Z653|Y|I4891|Y|N181|N|E1121|Y|E11319|Y|D4959|Y|D075|Y|E781|Y|E119|Y|E8881|Y|P292|N|Z952|Y|I350|Y|R931|Y|I259|Y|E785|Y|E669|Y|Q870|N|G479|Y|Y04|X58|U| | | | | | | | | | | | | | | | | | | | | | |Z741|19-Dec-2022|F419|19-Dec-2022|Z1331|19-Dec-2022|Z1331|19-Dec-2022|F1990|19-Dec-2022|Z715|19-Dec-2022|||||||||||||||||||||||||||||||||||||||0|0||5|450|99408|3.0|2022-12-20T00:00:00|hospital_C|hospital_C_20221219
SYN_BENE_BADBCA9BF72C|SYN_CLM_12CB6AE4675C|V|60|19-Dec-2022|19-Dec-2022|23-Dec-2022||3|377673|1|1|1|| |928.44|0.0| ||37|1306950993| |9999907899| |9999907899|||0|1| |928.44|19-Dec-2022|1|5|A|10|0.0|185.71|0|4|185.71|185.71|0|0|0|0|0|0|0|0|0|0|0|0|0|||||19-Dec-2022|949.0|0|0||T7431X|T7431X|N|Z608|Y|N1830|Y|R809|N|N182|Y|R801|Y|Z653|Y|I4891|Y|N181|N|E1121|Y|E11319|Y|D4959|Y|D075|Y|E781|Y|E119|Y|E8881|Y|P292|N|Z952|Y|I350|Y|R931|Y|I259|Y|E785|Y|E669|Y|Q870|N|G479|Y|Y04|X58|U| | | | | | | | | | | | | | | | | | | | | | |Z741|19-Dec-2022|F419|19-Dec-2022|Z1331|19-Dec-2022|Z1331|19-Dec-2022|F1990|19-Dec-2022|Z715|19-Dec-2022|||||||||||||||||||||||||||||||||||||||0|0||6|450|99408|3.0|2022-12-20T00:00:00|hospital_C|hospital_C_20221219
SYN_BENE_F2E80B966755|SYN_CLM_C55C4AB3B529|V|60|19-Dec-2022|19-Dec-2022|23-Dec-2022||3|377673|1|1|1|| |928.44|0.0| ||37|1306950993| |9999907899| |9999907899|||0|1| |928.44|19-Dec-2022|1|5|A|10|0.0|185.71|0|4|185.71|185.71|0|0|0|0|0|0|0|0|0|0|0|0|0|||||19-Dec-2022|949.0|0|0||T7431X|T7431X|N|Z608|Y|N1830|Y|R809|N|N182|Y|R801|Y|Z653|Y|I4891|Y|N181|N|E1121|Y|E11319|Y|D4959|Y|D075|Y|E781|Y|E119|Y|E8881|Y|P292|N|Z952|Y|I350|Y|R931|Y|I259|Y|E785|Y|E669|Y|Q870|N|G479|Y|Y04|X58|U| | | | | | | | | | | | | | | | | | | | | | |Z741|19-Dec-2022|F419|19-Dec-2022|Z1331|19-Dec-2022|Z1331|19-Dec-2022|F1990|19-Dec-2022|Z715|19-Dec-2022|||||||||||||||||||||||||||||||||||||||0|0||1|450|96156|2.0|2022-12-20T00:00:00|hospital_C|hospital_C_20221219
SYN_BENE_F2E80B966755|SYN_CLM_C55C4AB3B529|V|60|19-Dec-2022|19-Dec-2022|23-Dec-2022||3|377673|1|1|1|| |928.44|0.0| ||37|1306950993| |9999907899| |9999907899|||0|1| |928.44|19-Dec-2022|1|5|A|10|0.0|185.71|0|4|185.71|185.71|0|0|0|0|0|0|0|0|0|0|0|0|0|||||19-Dec-2022|949.0|0|0||T7431X|T7431X|N|Z608|Y|N1830|Y|R809|N|N182|Y|R801|Y|Z653|Y|I4891|Y|N181|N|E1121|Y|E11319|Y|D4959|Y|D075|Y|E781|Y|E119|Y|E8881|Y|P292|N|Z952|Y|I350|Y|R931|Y|I259|Y|E785|Y|E669|Y|Q870|N|G479|Y|Y04|X58|U| | | | | | | | | | | | | | | | | | | | | | |Z741|19-Dec-2022|F419|19-Dec-2022|Z1331|19-Dec-2022|Z1331|19-Dec-2022|F1990|19-Dec-2022|Z715|19-Dec-2022|||||||||||||||||||||||||||||||||||||||0|0||2|450|96127|3.0|2022-12-20T00:00:00|hospital_C|hospital_C_20221219
SYN_BENE_F2E80B966755|SYN_CLM_C55C4AB3B529|V|60|19-Dec-2022|19-Dec-2022|23-Dec-2022||3|377673|1|1|1|| |928.44|0.0| ||37|1306950993| |9999907899| |9999907899|||0|1| |928.44|19-Dec-2022|1|5|A|10|0.0|185.71|0|4|185.71|185.71|0|0|0|0|0|0|0|0|0|0|0|0|0|||||19-Dec-2022|949.0|0|0||T7431X|T7431X|N|Z608|Y|N1830|Y|R809|N|N182|Y|R801|Y|Z653|Y|I4891|Y|N181|N|E1121|Y|E11319|Y|D4959|Y|D075|Y|E781|Y|E119|Y|E8881|Y|P292|N|Z952|Y|I350|Y|R931|Y|I259|Y|E785|Y|E669|Y|Q870|N|G479|Y|Y04|X58|U| | | | | | | | | | | | | | | | | | | | | | |Z741|19-Dec-2022|F419|19-Dec-2022|Z1331|19-Dec-2022|Z1331|19-Dec-2022|F1990|19-Dec-2022|Z715|19-Dec-2022|||||||||||||||||||||||||||||||||||||||0|0||3|450|G0444|3.0|2022-12-20T00:00:00|hospital_C|hospital_C_20221219
SYN_BENE_F2E80B966755|SYN_CLM_C55C4AB3B529|V|60|19-Dec-2022|19-Dec-2022|23-Dec-2022||3|377673|1|1|1|| |928.44|0.0| ||37|1306950993| |9999907899| |9999907899|||0|1| |928.44|19-Dec-2022|1|5|A|10|0.0|185.71|0|4|185.71|185.71|0|0|0|0|0|0|0|0|0|0|0|0|0|||||19-Dec-2022|949.0|0|0||T7431X|T7431X|N|Z608|Y|N1830|Y|R809|N|N182|Y|R801|Y|Z653|Y|I4891|Y|N181|N|E1121|Y|E11319|Y|D4959|Y|D075|Y|E781|Y|E119|Y|E8881|Y|P292|N|Z952|Y|I350|Y|R931|Y|I259|Y|E785|Y|E669|Y|Q870|N|G479|Y|Y04|X58|U| | | | | | | | | | | | | | | | | | | | | | |Z741|19-Dec-2022|F419|19-Dec-2022|Z1331|19-Dec-2022|Z1331|19-Dec-2022|F1990|19-Dec-2022|Z715|19-Dec-2022|||||||||||||||||||||||||||||||||||||||0|0||4|450|G0444|3.0|2022-12-20T00:00:00|hospital_C|hospital_C_20221219
SYN_BENE_F2E80B966755|SYN_CLM_C55C4AB3B529|V|60|19-Dec-2022|19-Dec-2022|23-Dec-2022||3|377673|1|1|1|| |928.44|0.0| ||37|1306950993| |9999907899| |9999907899|||0|1| |928.44|19-Dec-2022|1|5|A|10|0.0|185.71|0|4|185.71|185.71|0|0|0|0|0|0|0|0|0|0|0|0|0|||||19-Dec-2022|949.0|0|0||T7431X|T7431X|N|Z608|Y|N1830|Y|R809|N|N182|Y|R801|Y|Z653|Y|I4891|Y|N181|N|E1121|Y|E11319|Y|D4959|Y|D075|Y|E781|Y|E119|Y|E8881|Y|P292|N|Z952|Y|I350|Y|R931|Y|I259|Y|E785|Y|E669|Y|Q870|N|G479|Y|Y04|X58|U| | | | | | | | | | | | | | | | | | | | | | |Z741|19-Dec-2022|F419|19-Dec-2022|Z1331|19-Dec-2022|Z1331|19-Dec-2022|F1990|19-Dec-2022|Z715|19-Dec-2022|||||||||||||||||||||||||||||||||||||||0|0||5|450|99408|3.0|2022-12-20T00:00:00|hospital_C|hospital_C_20221219
SYN_BENE_F2E80B966755|SYN_CLM_C55C4AB3B529|V|60|19-Dec-2022|19-Dec-2022|23-Dec-2022||3|377673|1|1|1|| |928.44|0.0| ||37|1306950993| |9999907899| |9999907899|||0|1| |928.44|19-Dec-2022|1|5|A|10|0.0|185.71|0|4|185.71|185.71|0|0|0|0|0|0|0|0|0|0|0|0|0|||||19-Dec-2022|949.0|0|0||T7431X|T7431X|N|Z608|Y|N1830|Y|R809|N|N182|Y|R801|Y|Z653|Y|I4891|Y|N181|N|E1121|Y|E11319|Y|D4959|Y|D075|Y|E781|Y|E119|Y|E8881|Y|P292|N|Z952|Y|I350|Y|R931|Y|I259|Y|E785|Y|E669|Y|Q870|N|G479|Y|Y04|X58|U| | | | | | | | | | | | | | | | | | | | | | |Z741|19-Dec-2022|F419|19-Dec-2022|Z1331|19-Dec-2022|Z1331|19-Dec-2022|F1990|19-Dec-2022|Z715|19-Dec-2022|||||||||||||||||||||||||||||||||||||||0|0||6|450|99408|3.0|2022-12-20T00:00:00|hospital_C|hospital_C_20221219
SYN_BENE_2ABE82D6C9D7|SYN_CLM_35EEBD6D65F8|V|60|19-Dec-2022|19-Dec-2022|23-Dec-2022||3|377673|1|1|1|| |928.44|0.0| ||37|1306950993| |9999907899| |9999907899|||0|1| |928.44|19-Dec-2022|1|5|A|10|0.0|185.71|0|4|185.71|185.71|0|0|0|0|0|0|0|0|0|0|0|0|0|||||19-Dec-2022|949.0|0|0||T7431X|T7431X|N|Z608|Y|N1830|Y|R809|N|N182|Y|R801|Y|Z653|Y|I4891|Y|N181|N|E1121|Y|E11319|Y|D4959|Y|D075|Y|E781|Y|E119|Y|E8881|Y|P292|N|Z952|Y|I350|Y|R931|Y|I259|Y|E785|Y|E669|Y|Q870|N|G479|Y|Y04|X58|U| | | | | | | | | | | | | | | | | | | | | | |Z741|19-Dec-2022|F419|19-Dec-2022|Z1331|19-Dec-2022|Z1331|19-Dec-2022|F1990|19-Dec-2022|Z715|19-Dec-2022|||||||||||||||||||||||||||||||||||||||0|0||1|450|96156|2.0|2022-12-20T00:00:00|hospital_C|hospital_C_20221219
SYN_BENE_2ABE82D6C9D7|SYN_CLM_35EEBD6D65F8|V|60|19-Dec-2022|19-Dec-2022|23-Dec-2022||3|377673|1|1|1|| |928.44|0.0| ||37|1306950993| |9999907899| |9999907899|||0|1| |928.44|19-Dec-2022|1|5|A|10|0.0|185.71|0|4|185.71|185.71|0|0|0|0|0|0|0|0|0|0|0|0|0|||||19-Dec-2022|949.0|0|0||T7431X|T7431X|N|Z608|Y|N1830|Y|R809|N|N182|Y|R801|Y|Z653|Y|I4891|Y|N181|N|E1121|Y|E11319|Y|D4959|Y|D075|Y|E781|Y|E119|Y|E8881|Y|P292|N|Z952|Y|I350|Y|R931|Y|I259|Y|E785|Y|E669|Y|Q870|N|G479|Y|Y04|X58|U| | | | | | | | | | | | | | | | | | | | | | |Z741|19-Dec-2022|F419|19-Dec-2022|Z1331|19-Dec-2022|Z1331|19-Dec-2022|F1990|19-Dec-2022|Z715|19-Dec-2022|||||||||||||||||||||||||||||||||||||||0|0||2|450|96127|3.0|2022-12-20T00:00:00|hospital_C|hospital_C_20221219
SYN_BENE_2ABE82D6C9D7|SYN_CLM_35EEBD6D65F8|V|60|19-Dec-2022|19-Dec-2022|23-Dec-2022||3|377673|1|1|1|| |928.44|0.0| ||37|1306950993| |9999907899| |9999907899|||0|1| |928.44|19-Dec-2022|1|5|A|10|0.0|185.71|0|4|185.71|185.71|0|0|0|0|0|0|0|0|0|0|0|0|0|||||19-Dec-2022|949.0|0|0||T7431X|T7431X|N|Z608|Y|N1830|Y|R809|N|N182|Y|R801|Y|Z653|Y|I4891|Y|N181|N|E1121|Y|E11319|Y|D4959|Y|D075|Y|E781|Y|E119|Y|E8881|Y|P292|N|Z952|Y|I350|Y|R931|Y|I259|Y|E785|Y|E669|Y|Q870|N|G479|Y|Y04|X58|U| | | | | | | | | | | | | | | | | | | | | | |Z741|19-Dec-2022|F419|19-Dec-2022|Z1331|19-Dec-2022|Z1331|19-Dec-2022|F1990|19-Dec-2022|Z715|19-Dec-2022|||||||||||||||||||||||||||||||||||||||0|0||3|450|G0444|3.0|2022-12-20T00:00:00|hospital_C|hospital_C_20221219
SYN_BENE_2ABE82D6C9D7|SYN_CLM_35EEBD6D65F8|V|60|19-Dec-2022|19-Dec-2022|23-Dec-2022||3|377673|1|1|1|| |928.44|0.0| ||37|1306950993| |9999907899| |9999907899|||0|1| |928.44|19-Dec-2022|1|5|A|10|0.0|185.71|0|4|185.71|185.71|0|0|0|0|0|0|0|0|0|0|0|0|0|||||19-Dec-2022|949.0|0|0||T7431X|T7431X|N|Z608|Y|N1830|Y|R809|N|N182|Y|R801|Y|Z653|Y|I4891|Y|N181|N|E1121|Y|E11319|Y|D4959|Y|D075|Y|E781|Y|E119|Y|E8881|Y|P292|N|Z952|Y|I350|Y|R931|Y|I259|Y|E785|Y|E669|Y|Q870|N|G479|Y|Y04|X58|U| | | | | | | | | | | | | | | | | | | | | | |Z741|19-Dec-2022|F419|19-Dec-2022|Z1331|19-Dec-2022|Z1331|19-Dec-2022|F1990|19-Dec-2022|Z715|19-Dec-2022|||||||||||||||||||||||||||||||||||||||0|0||4|450|G0444|3.0|2022-12-20T00:00:00|hospital_C|hospital_C_20221219
SYN_BENE_2ABE82D6C9D7|SYN_CLM_35EEBD6D65F8|V|60|19-Dec-2022|19-Dec-2022|23-Dec-2022||3|377673|1|1|1|| |928.44|0.0| ||37|1306950993| |9999907899| |9999907899|||0|1| |928.44|19-Dec-2022|1|5|A|10|0.0|185.71|0|4|185.71|185.71|0|0|0|0|0|0|0|0|0|0|0|0|0|||||19-Dec-2022|949.0|0|0||T7431X|T7431X|N|Z608|Y|N1830|Y|R809|N|N182|Y|R801|Y|Z653|Y|I4891|Y|N181|N|E1121|Y|E11319|Y|D4959|Y|D075|Y|E781|Y|E119|Y|E8881|Y|P292|N|Z952|Y|I350|Y|R931|Y|I259|Y|E785|Y|E669|Y|Q870|N|G479|Y|Y04|X58|U| | | | | | | | | | | | | | | | | | | | | | |Z741|19-Dec-2022|F419|19-Dec-2022|Z1331|19-Dec-2022|Z1331|19-Dec-2022|F1990|19-Dec-2022|Z715|19-Dec-2022|||||||||||||||||||||||||||||||||||||||0|0||5|450|99408|3.0|2022-12-20T00:00:00|hospital_C|hospital_C_20221219
SYN_BENE_2ABE82D6C9D7|SYN_CLM_35EEBD6D65F8|V|60|19-Dec-2022|19-Dec-2022|23-Dec-2022||3|377673|1|1|1|| |928.44|0.0| ||37|1306950993| |9999907899| |9999907899|||0|1| |928.44|19-Dec-2022|1|5|A|10|0.0|185.71|0|4|185.71|185.71|0|0|0|0|0|0|0|0|0|0|0|0|0|||||19-Dec-2022|949.0|0|0||T7431X|T7431X|N|Z608|Y|N1830|Y|R809|N|N182|Y|R801|Y|Z653|Y|I4891|Y|N181|N|E1121|Y|E11319|Y|D4959|Y|D075|Y|E781|Y|E119|Y|E8881|Y|P292|N|Z952|Y|I350|Y|R931|Y|I259|Y|E785|Y|E669|Y|Q870|N|G479|Y|Y04|X58|U| | | | | | | | | | | | | | | | | | | | | | |Z741|19-Dec-2022|F419|19-Dec-2022|Z1331|19-Dec-2022|Z1331|19-Dec-2022|F1990|19-Dec-2022|Z715|19-Dec-2022|||||||||||||||||||||||||||||||||||||||0|0||6|450|99408|3.0|2022-12-20T00:00:00|hospital_C|hospital_C_20221219
SYN_BENE_0759E28E166B|SYN_CLM_E36D80C44C66|V|60|19-Dec-2022|19-Dec-2022|23-Dec-2022||3|377673|1|1|1|| |928.44|0.0| ||37|1306950993| |9999907899| |9999907899|||0|1| |928.44|19-Dec-2022|1|5|A|10|0.0|185.71|0|4|185.71|185.71|0|0|0|0|0|0|0|0|0|0|0|0|0|||||19-Dec-2022|949.0|0|0||T7431X|T7431X|N|Z608|Y|N1830|Y|R809|N|N182|Y|R801|Y|Z653|Y|I4891|Y|N181|N|E1121|Y|E11319|Y|D4959|Y|D075|Y|E781|Y|E119|Y|E8881|Y|P292|N|Z952|Y|I350|Y|R931|Y|I259|Y|E785|Y|E669|Y|Q870|N|G479|Y|Y04|X58|U| | | | | | | | | | | | | | | | | | | | | | |Z741|19-Dec-2022|F419|19-Dec-2022|Z1331|19-Dec-2022|Z1331|19-Dec-2022|F1990|19-Dec-2022|Z715|19-Dec-2022|||||||||||||||||||||||||||||||||||||||0|0||1|450|96156|2.0|2022-12-20T00:00:00|hospital_C|hospital_C_20221219
SYN_BENE_0759E28E166B|SYN_CLM_E36D80C44C66|V|60|19-Dec-2022|19-Dec-2022|23-Dec-2022||3|377673|1|1|1|| |928.44|0.0| ||37|1306950993| |9999907899| |9999907899|||0|1| |928.44|19-Dec-2022|1|5|A|10|0.0|185.71|0|4|185.71|185.71|0|0|0|0|0|0|0|0|0|0|0|0|0|||||19-Dec-2022|949.0|0|0||T7431X|T7431X|N|Z608|Y|N1830|Y|R809|N|N182|Y|R801|Y|Z653|Y|I4891|Y|N181|N|E1121|Y|E11319|Y|D4959|Y|D075|Y|E781|Y|E119|Y|E8881|Y|P292|N|Z952|Y|I350|Y|R931|Y|I259|Y|E785|Y|E669|Y|Q870|N|G479|Y|Y04|X58|U| | | | | | | | | | | | | | | | | | | | | | |Z741|19-Dec-2022|F419|19-Dec-2022|Z1331|19-Dec-2022|Z1331|19-Dec-2022|F1990|19-Dec-2022|Z715|19-Dec-2022|||||||||||||||||||||||||||||||||||||||0|0||2|450|96127|3.0|2022-12-20T00:00:00|hospital_C|hospital_C_20221219
SYN_BENE_0759E28E166B|SYN_CLM_E36D80C44C66|V|60|19-Dec-2022|19-Dec-2022|23-Dec-2022||3|377673|1|1|1|| |928.44|0.0| ||37|1306950993| |9999907899| |9999907899|||0|1| |928.44|19-Dec-2022|1|5|A|10|0.0|185.71|0|4|185.71|185.71|0|0|0|0|0|0|0|0|0|0|0|0|0|||||19-Dec-2022|949.0|0|0||T7431X|T7431X|N|Z608|Y|N1830|Y|R809|N|N182|Y|R801|Y|Z653|Y|I4891|Y|N181|N|E1121|Y|E11319|Y|D4959|Y|D075|Y|E781|Y|E119|Y|E8881|Y|P292|N|Z952|Y|I350|Y|R931|Y|I259|Y|E785|Y|E669|Y|Q870|N|G479|Y|Y04|X58|U| | | | | | | | | | | | | | | | | | | | | | |Z741|19-Dec-2022|F419|19-Dec-2022|Z1331|19-Dec-2022|Z1331|19-Dec-2022|F1990|19-Dec-2022|Z715|19-Dec-2022|||||||||||||||||||||||||||||||||||||||0|0||3|450|G0444|3.0|2022-12-20T00:00:00|hospital_C|hospital_C_20221219
SYN_BENE_0759E28E166B|SYN_CLM_E36D80C44C66|V|60|19-Dec-2022|19-Dec-2022|23-Dec-2022||3|377673|1|1|1|| |928.44|0.0| ||37|1306950993| |9999907899| |9999907899|||0|1| |928.44|19-Dec-2022|1|5|A|10|0.0|185.71|0|4|185.71|185.71|0|0|0|0|0|0|0|0|0|0|0|0|0|||||19-Dec-2022|949.0|0|0||T7431X|T7431X|N|Z608|Y|N1830|Y|R809|N|N182|Y|R801|Y|Z653|Y|I4891|Y|N181|N|E1121|Y|E11319|Y|D4959|Y|D075|Y|E781|Y|E119|Y|E8881|Y|P292|N|Z952|Y|I350|Y|R931|Y|I259|Y|E785|Y|E669|Y|Q870|N|G479|Y|Y04|X58|U| | | | | | | | | | | | | | | | | | | | | | |Z741|19-Dec-2022|F419|19-Dec-2022|Z1331|19-Dec-2022|Z1331|19-Dec-2022|F1990|19-Dec-2022|Z715|19-Dec-2022|||||||||||||||||||||||||||||||||||||||0|0||4|450|G0444|3.0|2022-12-20T00:00:00|hospital_C|hospital_C_20221219
SYN_BENE_0759E28E166B|SYN_CLM_E36D80C44C66|V|60|19-Dec-2022|19-Dec-2022|23-Dec-2022||3|377673|1|1|1|| |928.44|0.0| ||37|1306950993| |9999907899| |9999907899|||0|1| |928.44|19-Dec-2022|1|5|A|10|0.0|185.71|0|4|185.71|185.71|0|0|0|0|0|0|0|0|0|0|0|0|0|||||19-Dec-2022|949.0|0|0||T7431X|T7431X|N|Z608|Y|N1830|Y|R809|N|N182|Y|R801|Y|Z653|Y|I4891|Y|N181|N|E1121|Y|E11319|Y|D4959|Y|D075|Y|E781|Y|E119|Y|E8881|Y|P292|N|Z952|Y|I350|Y|R931|Y|I259|Y|E785|Y|E669|Y|Q870|N|G479|Y|Y04|X58|U| | | | | | | | | | | | | | | | | | | | | | |Z741|19-Dec-2022|F419|19-Dec-2022|Z1331|19-Dec-2022|Z1331|19-Dec-2022|F1990|19-Dec-2022|Z715|19-Dec-2022|||||||||||||||||||||||||||||||||||||||0|0||5|450|99408|3.0|2022-12-20T00:00:00|hospital_C|hospital_C_20221219
SYN_BENE_0759E28E166B|SYN_CLM_E36D80C44C66|V|60|19-Dec-2022|19-Dec-2022|23-Dec-2022||3|377673|1|1|1|| |928.44|0.0| ||37|1306950993| |9999907899| |9999907899|||0|1| |928.44|19-Dec-2022|1|5|A|10|0.0|185.71|0|4|185.71|185.71|0|0|0|0|0|0|0|0|0|0|0|0|0|||||19-Dec-2022|949.0|0|0||T7431X|T7431X|N|Z608|Y|N1830|Y|R809|N|N182|Y|R801|Y|Z653|Y|I4891|Y|N181|N|E1121|Y|E11319|Y|D4959|Y|D075|Y|E781|Y|E119|Y|E8881|Y|P292|N|Z952|Y|I350|Y|R931|Y|I259|Y|E785|Y|E669|Y|Q870|N|G479|Y|Y04|X58|U| | | | | | | | | | | | | | | | | | | | | | |Z741|19-Dec-2022|F419|19-Dec-2022|Z1331|19-Dec-2022|Z1331|19-Dec-2022|F1990|19-Dec-2022|Z715|19-Dec-2022|||||||||||||||||||||||||||||||||||||||0|0||6|450|99408|3.0|2022-12-20T00:00:00|hospital_C|hospital_C_20221219
SYN_BENE_727235A92AD2|SYN_CLM_0FF45A56DB1E|V|60|19-Dec-2022|19-Dec-2022|23-Dec-2022||3|377673|1|1|1|| |928.44|0.0| ||37|1306950993| |9999907899| |9999907899|||0|1| |928.44|19-Dec-2022|1|5|A|10|0.0|185.71|0|4|185.71|185.71|0|0|0|0|0|0|0|0|0|0|0|0|0|||||19-Dec-2022|949.0|0|0||T7431X|T7431X|N|Z608|Y|N1830|Y|R809|N|N182|Y|R801|Y|Z653|Y|I4891|Y|N181|N|E1121|Y|E11319|Y|D4959|Y|D075|Y|E781|Y|E119|Y|E8881|Y|P292|N|Z952|Y|I350|Y|R931|Y|I259|Y|E785|Y|E669|Y|Q870|N|G479|Y|Y04|X58|U| | | | | | | | | | | | | | | | | | | | | | |Z741|19-Dec-2022|F419|19-Dec-2022|Z1331|19-Dec-2022|Z1331|19-Dec-2022|F1990|19-Dec-2022|Z715|19-Dec-2022|||||||||||||||||||||||||||||||||||||||0|0||1|450|96156|2.0|2022-12-20T00:00:00|hospital_C|hospital_C_20221219
SYN_BENE_727235A92AD2|SYN_CLM_0FF45A56DB1E|V|60|19-Dec-2022|19-Dec-2022|23-Dec-2022||3|377673|1|1|1|| |928.44|0.0| ||37|1306950993| |9999907899| |9999907899|||0|1| |928.44|19-Dec-2022|1|5|A|10|0.0|185.71|0|4|185.71|185.71|0|0|0|0|0|0|0|0|0|0|0|0|0|||||19-Dec-2022|949.0|0|0||T7431X|T7431X|N|Z608|Y|N1830|Y|R809|N|N182|Y|R801|Y|Z653|Y|I4891|Y|N181|N|E1121|Y|E11319|Y|D4959|Y|D075|Y|E781|Y|E119|Y|E8881|Y|P292|N|Z952|Y|I350|Y|R931|Y|I259|Y|E785|Y|E669|Y|Q870|N|G479|Y|Y04|X58|U| | | | | | | | | | | | | | | | | | | | | | |Z741|19-Dec-2022|F419|19-Dec-2022|Z1331|19-Dec-2022|Z1331|19-Dec-2022|F1990|19-Dec-2022|Z715|19-Dec-2022|||||||||||||||||||||||||||||||||||||||0|0||2|450|96127|3.0|2022-12-20T00:00:00|hospital_C|hospital_C_20221219
SYN_BENE_727235A92AD2|SYN_CLM_0FF45A56DB1E|V|60|19-Dec-2022|19-Dec-2022|23-Dec-2022||3|377673|1|1|1|| |928.44|0.0| ||37|1306950993| |9999907899| |9999907899|||0|1| |928.44|19-Dec-2022|1|5|A|10|0.0|185.71|0|4|185.71|185.71|0|0|0|0|0|0|0|0|0|0|0|0|0|||||19-Dec-2022|949.0|0|0||T7431X|T7431X|N|Z608|Y|N1830|Y|R809|N|N182|Y|R801|Y|Z653|Y|I4891|Y|N181|N|E1121|Y|E11319|Y|D4959|Y|D075|Y|E781|Y|E119|Y|E8881|Y|P292|N|Z952|Y|I350|Y|R931|Y|I259|Y|E785|Y|E669|Y|Q870|N|G479|Y|Y04|X58|U| | | | | | | | | | | | | | | | | | | | | | |Z741|19-Dec-2022|F419|19-Dec-2022|Z1331|19-Dec-2022|Z1331|19-Dec-2022|F1990|19-Dec-2022|Z715|19-Dec-2022|||||||||||||||||||||||||||||||||||||||0|0||3|450|G0444|3.0|2022-12-20T00:00:00|hospital_C|hospital_C_20221219
SYN_BENE_727235A92AD2|SYN_CLM_0FF45A56DB1E|V|60|19-Dec-2022|19-Dec-2022|23-Dec-2022||3|377673|1|1|1|| |928.44|0.0| ||37|1306950993| |9999907899| |9999907899|||0|1| |928.44|19-Dec-2022|1|5|A|10|0.0|185.71|0|4|185.71|185.71|0|0|0|0|0|0|0|0|0|0|0|0|0|||||19-Dec-2022|949.0|0|0||T7431X|T7431X|N|Z608|Y|N1830|Y|R809|N|N182|Y|R801|Y|Z653|Y|I4891|Y|N181|N|E1121|Y|E11319|Y|D4959|Y|D075|Y|E781|Y|E119|Y|E8881|Y|P292|N|Z952|Y|I350|Y|R931|Y|I259|Y|E785|Y|E669|Y|Q870|N|G479|Y|Y04|X58|U| | | | | | | | | | | | | | | | | | | | | | |Z741|19-Dec-2022|F419|19-Dec-2022|Z1331|19-Dec-2022|Z1331|19-Dec-2022|F1990|19-Dec-2022|Z715|19-Dec-2022|||||||||||||||||||||||||||||||||||||||0|0||4|450|G0444|3.0|2022-12-20T00:00:00|hospital_C|hospital_C_20221219
SYN_BENE_727235A92AD2|SYN_CLM_0FF45A56DB1E|V|60|19-Dec-2022|19-Dec-2022|23-Dec-2022||3|377673|1|1|1|| |928.44|0.0| ||37|1306950993| |9999907899| |9999907899|||0|1| |928.44|19-Dec-2022|1|5|A|10|0.0|185.71|0|4|185.71|185.71|0|0|0|0|0|0|0|0|0|0|0|0|0|||||19-Dec-2022|949.0|0|0||T7431X|T7431X|N|Z608|Y|N1830|Y|R809|N|N182|Y|R801|Y|Z653|Y|I4891|Y|N181|N|E1121|Y|E11319|Y|D4959|Y|D075|Y|E781|Y|E119|Y|E8881|Y|P292|N|Z952|Y|I350|Y|R931|Y|I259|Y|E785|Y|E669|Y|Q870|N|G479|Y|Y04|X58|U| | | | | | | | | | | | | | | | | | | | | | |Z741|19-Dec-2022|F419|19-Dec-2022|Z1331|19-Dec-2022|Z1331|19-Dec-2022|F1990|19-Dec-2022|Z715|19-Dec-2022|||||||||||||||||||||||||||||||||||||||0|0||5|450|99408|3.0|2022-12-20T00:00:00|hospital_C|hospital_C_20221219
SYN_BENE_727235A92AD2|SYN_CLM_0FF45A56DB1E|V|60|19-Dec-2022|19-Dec-2022|23-Dec-2022||3|377673|1|1|1|| |928.44|0.0| ||37|1306950993| |9999907899| |9999907899|||0|1| |928.44|19-Dec-2022|1|5|A|10|0.0|185.71|0|4|185.71|185.71|0|0|0|0|0|0|0|0|0|0|0|0|0|||||19-Dec-2022|949.0|0|0||T7431X|T7431X|N|Z608|Y|N1830|Y|R809|N|N182|Y|R801|Y|Z653|Y|I4891|Y|N181|N|E1121|Y|E11319|Y|D4959|Y|D075|Y|E781|Y|E119|Y|E8881|Y|P292|N|Z952|Y|I350|Y|R931|Y|I259|Y|E785|Y|E669|Y|Q870|N|G479|Y|Y04|X58|U| | | | | | | | | | | | | | | | | | | | | | |Z741|19-Dec-2022|F419|19-Dec-2022|Z1331|19-Dec-2022|Z1331|19-Dec-2022|F1990|19-Dec-2022|Z715|19-Dec-2022|||||||||||||||||||||||||||||||||||||||0|0||6|450|99408|3.0|2022-12-20T00:00:00|hospital_C|hospital_C_20221219
SYN_BENE_18E8699C1EC0|SYN_CLM_6181FD1CF7C2|V|60|19-Dec-2022|19-Dec-2022|23-Dec-2022||3|377673|1|1|1|| |928.44|0.0| ||37|1306950993| |9999907899| |9999907899|||0|1| |928.44|19-Dec-2022|1|5|A|10|0.0|185.71|0|4|185.71|185.71|0|0|0|0|0|0|0|0|0|0|0|0|0|||||19-Dec-2022|949.0|0|0||T7431X|T7431X|N|Z608|Y|N1830|Y|R809|N|N182|Y|R801|Y|Z653|Y|I4891|Y|N181|N|E1121|Y|E11319|Y|D4959|Y|D075|Y|E781|Y|E119|Y|E8881|Y|P292|N|Z952|Y|I350|Y|R931|Y|I259|Y|E785|Y|E669|Y|Q870|N|G479|Y|Y04|X58|U| | | | | | | | | | | | | | | | | | | | | | |Z741|19-Dec-2022|F419|19-Dec-2022|Z1331|19-Dec-2022|Z1331|19-Dec-2022|F1990|19-Dec-2022|Z715|19-Dec-2022|||||||||||||||||||||||||||||||||||||||0|0||1|450|96156|2.0|2022-12-20T00:00:00|hospital_C|hospital_C_20221219
SYN_BENE_18E8699C1EC0|SYN_CLM_6181FD1CF7C2|V|60|19-Dec-2022|19-Dec-2022|23-Dec-2022||3|377673|1|1|1|| |928.44|0.0| ||37|1306950993| |9999907899| |9999907899|||0|1| |928.44|19-Dec-2022|1|5|A|10|0.0|185.71|0|4|185.71|185.71|0|0|0|0|0|0|0|0|0|0|0|0|0|||||19-Dec-2022|949.0|0|0||T7431X|T7431X|N|Z608|Y|N1830|Y|R809|N|N182|Y|R801|Y|Z653|Y|I4891|Y|N181|N|E1121|Y|E11319|Y|D4959|Y|D075|Y|E781|Y|E119|Y|E8881|Y|P292|N|Z952|Y|I350|Y|R931|Y|I259|Y|E785|Y|E669|Y|Q870|N|G479|Y|Y04|X58|U| | | | | | | | | | | | | | | | | | | | | | |Z741|19-Dec-2022|F419|19-Dec-2022|Z1331|19-Dec-2022|Z1331|19-Dec-2022|F1990|19-Dec-2022|Z715|19-Dec-2022|||||||||||||||||||||||||||||||||||||||0|0||2|450|96127|3.0|2022-12-20T00:00:00|hospital_C|hospital_C_20221219
SYN_BENE_18E8699C1EC0|SYN_CLM_6181FD1CF7C2|V|60|19-Dec-2022|19-Dec-2022|23-Dec-2022||3|377673|1|1|1|| |928.44|0.0| ||37|1306950993| |9999907899| |9999907899|||0|1| |928.44|19-Dec-2022|1|5|A|10|0.0|185.71|0|4|185.71|185.71|0|0|0|0|0|0|0|0|0|0|0|0|0|||||19-Dec-2022|949.0|0|0||T7431X|T7431X|N|Z608|Y|N1830|Y|R809|N|N182|Y|R801|Y|Z653|Y|I4891|Y|N181|N|E1121|Y|E11319|Y|D4959|Y|D075|Y|E781|Y|E119|Y|E8881|Y|P292|N|Z952|Y|I350|Y|R931|Y|I259|Y|E785|Y|E669|Y|Q870|N|G479|Y|Y04|X58|U| | | | | | | | | | | | | | | | | | | | | | |Z741|19-Dec-2022|F419|19-Dec-2022|Z1331|19-Dec-2022|Z1331|19-Dec-2022|F1990|19-Dec-2022|Z715|19-Dec-2022|||||||||||||||||||||||||||||||||||||||0|0||3|450|G0444|3.0|2022-12-20T00:00:00|hospital_C|hospital_C_20221219
SYN_BENE_18E8699C1EC0|SYN_CLM_6181FD1CF7C2|V|60|19-Dec-2022|19-Dec-2022|23-Dec-2022||3|377673|1|1|1|| |928.44|0.0| ||37|1306950993| |9999907899| |9999907899|||0|1| |928.44|19-Dec-2022|1|5|A|10|0.0|185.71|0|4|185.71|185.71|0|0|0|0|0|0|0|0|0|0|0|0|0|||||19-Dec-2022|949.0|0|0||T7431X|T7431X|N|Z608|Y|N1830|Y|R809|N|N182|Y|R801|Y|Z653|Y|I4891|Y|N181|N|E1121|Y|E11319|Y|D4959|Y|D075|Y|E781|Y|E119|Y|E8881|Y|P292|N|Z952|Y|I350|Y|R931|Y|I259|Y|E785|Y|E669|Y|Q870|N|G479|Y|Y04|X58|U| | | | | | | | | | | | | | | | | | | | | | |Z741|19-Dec-2022|F419|19-Dec-2022|Z1331|19-Dec-2022|Z1331|19-Dec-2022|F1990|19-Dec-2022|Z715|19-Dec-2022|||||||||||||||||||||||||||||||||||||||0|0||4|450|G0444|3.0|2022-12-20T00:00:00|hospital_C|hospital_C_20221219
SYN_BENE_18E8699C1EC0|SYN_CLM_6181FD1CF7C2|V|60|19-Dec-2022|19-Dec-2022|23-Dec-2022||3|377673|1|1|1|| |928.44|0.0| ||37|1306950993| |9999907899| |9999907899|||0|1| |928.44|19-Dec-2022|1|5|A|10|0.0|185.71|0|4|185.71|185.71|0|0|0|0|0|0|0|0|0|0|0|0|0|||||19-Dec-2022|949.0|0|0||T7431X|T7431X|N|Z608|Y|N1830|Y|R809|N|N182|Y|R801|Y|Z653|Y|I4891|Y|N181|N|E1121|Y|E11319|Y|D4959|Y|D075|Y|E781|Y|E119|Y|E8881|Y|P292|N|Z952|Y|I350|Y|R931|Y|I259|Y|E785|Y|E669|Y|Q870|N|G479|Y|Y04|X58|U| | | | | | | | | | | | | | | | | | | | | | |Z741|19-Dec-2022|F419|19-Dec-2022|Z1331|19-Dec-2022|Z1331|19-Dec-2022|F1990|19-Dec-2022|Z715|19-Dec-2022|||||||||||||||||||||||||||||||||||||||0|0||5|450|99408|3.0|2022-12-20T00:00:00|hospital_C|hospital_C_20221219
SYN_BENE_18E8699C1EC0|SYN_CLM_6181FD1CF7C2|V|60|19-Dec-2022|19-Dec-2022|23-Dec-2022||3|377673|1|1|1|| |928.44|0.0| ||37|1306950993| |9999907899| |9999907899|||0|1| |928.44|19-Dec-2022|1|5|A|10|0.0|185.71|0|4|185.71|185.71|0|0|0|0|0|0|0|0|0|0|0|0|0|||||19-Dec-2022|949.0|0|0||T7431X|T7431X|N|Z608|Y|N1830|Y|R809|N|N182|Y|R801|Y|Z653|Y|I4891|Y|N181|N|E1121|Y|E11319|Y|D4959|Y|D075|Y|E781|Y|E119|Y|E8881|Y|P292|N|Z952|Y|I350|Y|R931|Y|I259|Y|E785|Y|E669|Y|Q870|N|G479|Y|Y04|X58|U| | | | | | | | | | | | | | | | | | | | | | |Z741|19-Dec-2022|F419|19-Dec-2022|Z1331|19-Dec-2022|Z1331|19-Dec-2022|F1990|19-Dec-2022|Z715|19-Dec-2022|||||||||||||||||||||||||||||||||||||||0|0||6|450|99408|3.0|2022-12-20T00:00:00|hospital_C|hospital_C_20221219
SYN_BENE_C10C18FE9B5D|SYN_CLM_0BC716FC2199|V|60|19-Dec-2022|19-Dec-2022|23-Dec-2022||3|377673|1|1|1|| |928.44|0.0| ||37|1306950993| |9999907899| |9999907899|||0|1| |928.44|19-Dec-2022|1|5|A|10|0.0|185.71|0|4|185.71|185.71|0|0|0|0|0|0|0|0|0|0|0|0|0|||||19-Dec-2022|949.0|0|0||T7431X|T7431X|N|Z608|Y|N1830|Y|R809|N|N182|Y|R801|Y|Z653|Y|I4891|Y|N181|N|E1121|Y|E11319|Y|D4959|Y|D075|Y|E781|Y|E119|Y|E8881|Y|P292|N|Z952|Y|I350|Y|R931|Y|I259|Y|E785|Y|E669|Y|Q870|N|G479|Y|Y04|X58|U| | | | | | | | | | | | | | | | | | | | | | |Z741|19-Dec-2022|F419|19-Dec-2022|Z1331|19-Dec-2022|Z1331|19-Dec-2022|F1990|19-Dec-2022|Z715|19-Dec-2022|||||||||||||||||||||||||||||||||||||||0|0||1|450|96156|2.0|2022-12-20T00:00:00|hospital_C|hospital_C_20221219
SYN_BENE_C10C18FE9B5D|SYN_CLM_0BC716FC2199|V|60|19-Dec-2022|19-Dec-2022|23-Dec-2022||3|377673|1|1|1|| |928.44|0.0| ||37|1306950993| |9999907899| |9999907899|||0|1| |928.44|19-Dec-2022|1|5|A|10|0.0|185.71|0|4|185.71|185.71|0|0|0|0|0|0|0|0|0|0|0|0|0|||||19-Dec-2022|949.0|0|0||T7431X|T7431X|N|Z608|Y|N1830|Y|R809|N|N182|Y|R801|Y|Z653|Y|I4891|Y|N181|N|E1121|Y|E11319|Y|D4959|Y|D075|Y|E781|Y|E119|Y|E8881|Y|P292|N|Z952|Y|I350|Y|R931|Y|I259|Y|E785|Y|E669|Y|Q870|N|G479|Y|Y04|X58|U| | | | | | | | | | | | | | | | | | | | | | |Z741|19-Dec-2022|F419|19-Dec-2022|Z1331|19-Dec-2022|Z1331|19-Dec-2022|F1990|19-Dec-2022|Z715|19-Dec-2022|||||||||||||||||||||||||||||||||||||||0|0||2|450|96127|3.0|2022-12-20T00:00:00|hospital_C|hospital_C_20221219
SYN_BENE_C10C18FE9B5D|SYN_CLM_0BC716FC2199|V|60|19-Dec-2022|19-Dec-2022|23-Dec-2022||3|377673|1|1|1|| |928.44|0.0| ||37|1306950993| |9999907899| |9999907899|||0|1| |928.44|19-Dec-2022|1|5|A|10|0.0|185.71|0|4|185.71|185.71|0|0|0|0|0|0|0|0|0|0|0|0|0|||||19-Dec-2022|949.0|0|0||T7431X|T7431X|N|Z608|Y|N1830|Y|R809|N|N182|Y|R801|Y|Z653|Y|I4891|Y|N181|N|E1121|Y|E11319|Y|D4959|Y|D075|Y|E781|Y|E119|Y|E8881|Y|P292|N|Z952|Y|I350|Y|R931|Y|I259|Y|E785|Y|E669|Y|Q870|N|G479|Y|Y04|X58|U| | | | | | | | | | | | | | | | | | | | | | |Z741|19-Dec-2022|F419|19-Dec-2022|Z1331|19-Dec-2022|Z1331|19-Dec-2022|F1990|19-Dec-2022|Z715|19-Dec-2022|||||||||||||||||||||||||||||||||||||||0|0||3|450|G0444|3.0|2022-12-20T00:00:00|hospital_C|hospital_C_20221219
SYN_BENE_C10C18FE9B5D|SYN_CLM_0BC716FC2199|V|60|19-Dec-2022|19-Dec-2022|23-Dec-2022||3|377673|1|1|1|| |928.44|0.0| ||37|1306950993| |9999907899| |9999907899|||0|1| |928.44|19-Dec-2022|1|5|A|10|0.0|185.71|0|4|185.71|185.71|0|0|0|0|0|0|0|0|0|0|0|0|0|||||19-Dec-2022|949.0|0|0||T7431X|T7431X|N|Z608|Y|N1830|Y|R809|N|N182|Y|R801|Y|Z653|Y|I4891|Y|N181|N|E1121|Y|E11319|Y|D4959|Y|D075|Y|E781|Y|E119|Y|E8881|Y|P292|N|Z952|Y|I350|Y|R931|Y|I259|Y|E785|Y|E669|Y|Q870|N|G479|Y|Y04|X58|U| | | | | | | | | | | | | | | | | | | | | | |Z741|19-Dec-2022|F419|19-Dec-2022|Z1331|19-Dec-2022|Z1331|19-Dec-2022|F1990|19-Dec-2022|Z715|19-Dec-2022|||||||||||||||||||||||||||||||||||||||0|0||4|450|G0444|3.0|2022-12-20T00:00:00|hospital_C|hospital_C_20221219
SYN_BENE_C10C18FE9B5D|SYN_CLM_0BC716FC2199|V|60|19-Dec-2022|19-Dec-2022|23-Dec-2022||3|377673|1|1|1|| |928.44|0.0| ||37|1306950993| |9999907899| |9999907899|||0|1| |928.44|19-Dec-2022|1|5|A|10|0.0|185.71|0|4|185.71|185.71|0|0|0|0|0|0|0|0|0|0|0|0|0|||||19-Dec-2022|949.0|0|0||T7431X|T7431X|N|Z608|Y|N1830|Y|R809|N|N182|Y|R801|Y|Z653|Y|I4891|Y|N181|N|E1121|Y|E11319|Y|D4959|Y|D075|Y|E781|Y|E119|Y|E8881|Y|P292|N|Z952|Y|I350|Y|R931|Y|I259|Y|E785|Y|E669|Y|Q870|N|G479|Y|Y04|X58|U| | | | | | | | | | | | | | | | | | | | | | |Z741|19-Dec-2022|F419|19-Dec-2022|Z1331|19-Dec-2022|Z1331|19-Dec-2022|F1990|19-Dec-2022|Z715|19-Dec-2022|||||||||||||||||||||||||||||||||||||||0|0||5|450|99408|3.0|2022-12-20T00:00:00|hospital_C|hospital_C_20221219
SYN_BENE_C10C18FE9B5D|SYN_CLM_0BC716FC2199|V|60|19-Dec-2022|19-Dec-2022|23-Dec-2022||3|377673|1|1|1|| |928.44|0.0| ||37|1306950993| |9999907899| |9999907899|||0|1| |928.44|19-Dec-2022|1|5|A|10|0.0|185.71|0|4|185.71|185.71|0|0|0|0|0|0|0|0|0|0|0|0|0|||||19-Dec-2022|949.0|0|0||T7431X|T7431X|N|Z608|Y|N1830|Y|R809|N|N182|Y|R801|Y|Z653|Y|I4891|Y|N181|N|E1121|Y|E11319|Y|D4959|Y|D075|Y|E781|Y|E119|Y|E8881|Y|P292|N|Z952|Y|I350|Y|R931|Y|I259|Y|E785|Y|E669|Y|Q870|N|G479|Y|Y04|X58|U| | | | | | | | | | | | | | | | | | | | | | |Z741|19-Dec-2022|F419|19-Dec-2022|Z1331|19-Dec-2022|Z1331|19-Dec-2022|F1990|19-Dec-2022|Z715|19-Dec-2022|||||||||||||||||||||||||||||||||||||||0|0||6|450|99408|3.0|2022-12-20T00:00:00|hospital_C|hospital_C_20221219
SYN_BENE_1A3A1984C866|SYN_CLM_74F66352DC62|V|60|19-Dec-2022|19-Dec-2022|23-Dec-2022||3|377673|1|1|1|| |928.44|0.0| ||37|1306950993| |9999907899| |9999907899|||0|1| |928.44|19-Dec-2022|1|5|A|10|0.0|185.71|0|4|185.71|185.71|0|0|0|0|0|0|0|0|0|0|0|0|0|||||19-Dec-2022|949.0|0|0||T7431X|T7431X|N|Z608|Y|N1830|Y|R809|N|N182|Y|R801|Y|Z653|Y|I4891|Y|N181|N|E1121|Y|E11319|Y|D4959|Y|D075|Y|E781|Y|E119|Y|E8881|Y|P292|N|Z952|Y|I350|Y|R931|Y|I259|Y|E785|Y|E669|Y|Q870|N|G479|Y|Y04|X58|U| | | | | | | | | | | | | | | | | | | | | | |Z741|19-Dec-2022|F419|19-Dec-2022|Z1331|19-Dec-2022|Z1331|19-Dec-2022|F1990|19-Dec-2022|Z715|19-Dec-2022|||||||||||||||||||||||||||||||||||||||0|0||1|450|96156|2.0|2022-12-20T00:00:00|hospital_C|hospital_C_20221219
SYN_BENE_1A3A1984C866|SYN_CLM_74F66352DC62|V|60|19-Dec-2022|19-Dec-2022|23-Dec-2022||3|377673|1|1|1|| |928.44|0.0| ||37|1306950993| |9999907899| |9999907899|||0|1| |928.44|19-Dec-2022|1|5|A|10|0.0|185.71|0|4|185.71|185.71|0|0|0|0|0|0|0|0|0|0|0|0|0|||||19-Dec-2022|949.0|0|0||T7431X|T7431X|N|Z608|Y|N1830|Y|R809|N|N182|Y|R801|Y|Z653|Y|I4891|Y|N181|N|E1121|Y|E11319|Y|D4959|Y|D075|Y|E781|Y|E119|Y|E8881|Y|P292|N|Z952|Y|I350|Y|R931|Y|I259|Y|E785|Y|E669|Y|Q870|N|G479|Y|Y04|X58|U| | | | | | | | | | | | | | | | | | | | | | |Z741|19-Dec-2022|F419|19-Dec-2022|Z1331|19-Dec-2022|Z1331|19-Dec-2022|F1990|19-Dec-2022|Z715|19-Dec-2022|||||||||||||||||||||||||||||||||||||||0|0||2|450|96127|3.0|2022-12-20T00:00:00|hospital_C|hospital_C_20221219
SYN_BENE_1A3A1984C866|SYN_CLM_74F66352DC62|V|60|19-Dec-2022|19-Dec-2022|23-Dec-2022||3|377673|1|1|1|| |928.44|0.0| ||37|1306950993| |9999907899| |9999907899|||0|1| |928.44|19-Dec-2022|1|5|A|10|0.0|185.71|0|4|185.71|185.71|0|0|0|0|0|0|0|0|0|0|0|0|0|||||19-Dec-2022|949.0|0|0||T7431X|T7431X|N|Z608|Y|N1830|Y|R809|N|N182|Y|R801|Y|Z653|Y|I4891|Y|N181|N|E1121|Y|E11319|Y|D4959|Y|D075|Y|E781|Y|E119|Y|E8881|Y|P292|N|Z952|Y|I350|Y|R931|Y|I259|Y|E785|Y|E669|Y|Q870|N|G479|Y|Y04|X58|U| | | | | | | | | | | | | | | | | | | | | | |Z741|19-Dec-2022|F419|19-Dec-2022|Z1331|19-Dec-2022|Z1331|19-Dec-2022|F1990|19-Dec-2022|Z715|19-Dec-2022|||||||||||||||||||||||||||||||||||||||0|0||3|450|G0444|3.0|2022-12-20T00:00:00|hospital_C|hospital_C_20221219
SYN_BENE_1A3A1984C866|SYN_CLM_74F66352DC62|V|60|19-Dec-2022|19-Dec-2022|23-Dec-2022||3|377673|1|1|1|| |928.44|0.0| ||37|1306950993| |9999907899| |9999907899|||0|1| |928.44|19-Dec-2022|1|5|A|10|0.0|185.71|0|4|185.71|185.71|0|0|0|0|0|0|0|0|0|0|0|0|0|||||19-Dec-2022|949.0|0|0||T7431X|T7431X|N|Z608|Y|N1830|Y|R809|N|N182|Y|R801|Y|Z653|Y|I4891|Y|N181|N|E1121|Y|E11319|Y|D4959|Y|D075|Y|E781|Y|E119|Y|E8881|Y|P292|N|Z952|Y|I350|Y|R931|Y|I259|Y|E785|Y|E669|Y|Q870|N|G479|Y|Y04|X58|U| | | | | | | | | | | | | | | | | | | | | | |Z741|19-Dec-2022|F419|19-Dec-2022|Z1331|19-Dec-2022|Z1331|19-Dec-2022|F1990|19-Dec-2022|Z715|19-Dec-2022|||||||||||||||||||||||||||||||||||||||0|0||4|450|G0444|3.0|2022-12-20T00:00:00|hospital_C|hospital_C_20221219
SYN_BENE_1A3A1984C866|SYN_CLM_74F66352DC62|V|60|19-Dec-2022|19-Dec-2022|23-Dec-2022||3|377673|1|1|1|| |928.44|0.0| ||37|1306950993| |9999907899| |9999907899|||0|1| |928.44|19-Dec-2022|1|5|A|10|0.0|185.71|0|4|185.71|185.71|0|0|0|0|0|0|0|0|0|0|0|0|0|||||19-Dec-2022|949.0|0|0||T7431X|T7431X|N|Z608|Y|N1830|Y|R809|N|N182|Y|R801|Y|Z653|Y|I4891|Y|N181|N|E1121|Y|E11319|Y|D4959|Y|D075|Y|E781|Y|E119|Y|E8881|Y|P292|N|Z952|Y|I350|Y|R931|Y|I259|Y|E785|Y|E669|Y|Q870|N|G479|Y|Y04|X58|U| | | | | | | | | | | | | | | | | | | | | | |Z741|19-Dec-2022|F419|19-Dec-2022|Z1331|19-Dec-2022|Z1331|19-Dec-2022|F1990|19-Dec-2022|Z715|19-Dec-2022|||||||||||||||||||||||||||||||||||||||0|0||5|450|99408|3.0|2022-12-20T00:00:00|hospital_C|hospital_C_20221219
SYN_BENE_1A3A1984C866|SYN_CLM_74F66352DC62|V|60|19-Dec-2022|19-Dec-2022|23-Dec-2022||3|377673|1|1|1|| |928.44|0.0| ||37|1306950993| |9999907899| |9999907899|||0|1| |928.44|19-Dec-2022|1|5|A|10|0.0|185.71|0|4|185.71|185.71|0|0|0|0|0|0|0|0|0|0|0|0|0|||||19-Dec-2022|949.0|0|0||T7431X|T7431X|N|Z608|Y|N1830|Y|R809|N|N182|Y|R801|Y|Z653|Y|I4891|Y|N181|N|E1121|Y|E11319|Y|D4959|Y|D075|Y|E781|Y|E119|Y|E8881|Y|P292|N|Z952|Y|I350|Y|R931|Y|I259|Y|E785|Y|E669|Y|Q870|N|G479|Y|Y04|X58|U| | | | | | | | | | | | | | | | | | | | | | |Z741|19-Dec-2022|F419|19-Dec-2022|Z1331|19-Dec-2022|Z1331|19-Dec-2022|F1990|19-Dec-2022|Z715|19-Dec-2022|||||||||||||||||||||||||||||||||||||||0|0||6|450|99408|3.0|2022-12-20T00:00:00|hospital_C|hospital_C_20221219
