BENE_ID|CLM_ID|NCH_NEAR_LINE_REC_IDENT_CD|NCH_CLM_TYPE_CD|CLM_FROM_DT|CLM_THRU_DT|NCH_WKLY_PROC_DT|FI_CLM_PROC_DT|CLAIM_QUERY_CODE|PRVDR_NUM|CLM_FAC_TYPE_CD|CLM_SRVC_CLSFCTN_TYPE_CD|CLM_FREQ_CD|FI_NUM|CLM_MDCR_NON_PMT_RSN_CD|CLM_PMT_AMT|NCH_PRMRY_PYR_CLM_PD_AMT|NCH_PRMRY_PYR_CD|FI_CLM_ACTN_CD|PRVDR_STATE_CD|ORG_NPI_NUM|AT_PHYSN_UPIN|AT_PHYSN_NPI|OP_PHYSN_UPIN|OP_PHYSN_NPI|OT_PHYSN_UPIN|OT_PHYSN_NPI|CLM_MCO_PD_SW|PTNT_DSCHRG_STUS_CD|CLM_PPS_IND_CD|CLM_TOT_CHRG_AMT|CLM_ADMSN_DT|CLM_IP_ADMSN_TYPE_CD|CLM_SRC_IP_ADMSN_CD|NCH_PTNT_STATUS_IND_CD|CLM_PASS_THRU_PER_DIEM_AMT|NCH_BENE_IP_DDCTBL_AMT|NCH_BENE_PTA_COINSRNC_LBLTY_AM|NCH_BENE_BLOOD_DDCTBL_LBLTY_AM|NCH_PROFNL_CMPNT_CHRG_AMT|NCH_IP_NCVRD_CHRG_AMT|NCH_IP_TOT_DDCTN_AMT|CLM_TOT_PPS_CPTL_AMT|CLM_PPS_CPTL_FSP_AMT|CLM_PPS_CPTL_OUTLIER_AMT|CLM_PPS_CPTL_DSPRPRTNT_SHR_AMT|CLM_PPS_CPTL_IME_AMT|CLM_PPS_CPTL_EXCPTN_AMT|CLM_PPS_OLD_CPTL_HLD_HRMLS_AMT|CLM_PPS_CPTL_DRG_WT_NUM|CLM_UTLZTN_DAY_CNT|BENE_TOT_COINSRNC_DAYS_CNT|BENE_LRD_USED_CNT|CLM_NON_UTLZTN_DAYS_CNT|NCH_BLOOD_PNTS_FRNSHD_QTY|NCH_VRFD_NCVRD_STAY_FROM_DT|NCH_VRFD_NCVRD_STAY_THRU_DT|NCH_ACTV_OR_CVRD_LVL_CARE_THRU|NCH_BENE_MDCR_BNFTS_EXHTD_DT_I|NCH_BENE_DSCHRG_DT|CLM_DRG_CD|CLM_DRG_OUTLIER_STAY_CD|NCH_DRG_OUTLIER_APRVD_PMT_AMT|ADMTG_DGNS_CD|PRNCPAL_DGNS_CD|ICD_DGNS_CD1|CLM_POA_IND_SW1|ICD_DGNS_CD2|CLM_POA_IND_SW2|ICD_DGNS_CD3|CLM_POA_IND_SW3|ICD_DGNS_CD4|CLM_POA_IND_SW4|ICD_DGNS_CD5|CLM_POA_IND_SW5|ICD_DGNS_CD6|CLM_POA_IND_SW6|ICD_DGNS_CD7|CLM_POA_IND_SW7|ICD_DGNS_CD8|CLM_POA_IND_SW8|ICD_DGNS_CD9|CLM_POA_IND_SW9|ICD_DGNS_CD10|CLM_POA_IND_SW10|ICD_DGNS_CD11|CLM_POA_IND_SW11|ICD_DGNS_CD12|CLM_POA_IND_SW12|ICD_DGNS_CD13|CLM_POA_IND_SW13|ICD_DGNS_CD14|CLM_POA_IND_SW14|ICD_DGNS_CD15|CLM_POA_IND_SW15|ICD_DGNS_CD16|CLM_POA_IND_SW16|ICD_DGNS_CD17|CLM_POA_IND_SW17|ICD_DGNS_CD18|CLM_POA_IND_SW18|ICD_DGNS_CD19|CLM_POA_IND_SW19|ICD_DGNS_CD20|CLM_POA_IND_SW20|ICD_DGNS_CD21|CLM_POA_IND_SW21|ICD_DGNS_CD22|CLM_POA_IND_SW22|ICD_DGNS_CD23|CLM_POA_IND_SW23|ICD_DGNS_CD24|CLM_POA_IND_SW24|ICD_DGNS_CD25|CLM_POA_IND_SW25|FST_DGNS_E_CD|ICD_DGNS_E_CD1|CLM_E_POA_IND_SW1|ICD_DGNS_E_CD2|CLM_E_POA_IND_SW2|ICD_DGNS_E_CD3|CLM_E_POA_IND_SW3|ICD_DGNS_E_CD4|CLM_E_POA_IND_SW4|ICD_DGNS_E_CD5|CLM_E_POA_IND_SW5|ICD_DGNS_E_CD6|CLM_E_POA_IND_SW6|ICD_DGNS_E_CD7|CLM_E_POA_IND_SW7|ICD_DGNS_E_CD8|CLM_E_POA_IND_SW8|ICD_DGNS_E_CD9|CLM_E_POA_IND_SW9|ICD_DGNS_E_CD10|CLM_E_POA_IND_SW10|ICD_DGNS_E_CD11|CLM_E_POA_IND_SW11|ICD_DGNS_E_CD12|CLM_E_POA_IND_SW12|ICD_PRCDR_CD1|PRCDR_DT1|ICD_PRCDR_CD2|PRCDR_DT2|ICD_PRCDR_CD3|PRCDR_DT3|ICD_PRCDR_CD4|PRCDR_DT4|ICD_PRCDR_CD5|PRCDR_DT5|ICD_PRCDR_CD6|PRCDR_DT6|ICD_PRCDR_CD7|PRCDR_DT7|ICD_PRCDR_CD8|PRCDR_DT8|ICD_PRCDR_CD9|PRCDR_DT9|ICD_PRCDR_CD10|PRCDR_DT10|ICD_PRCDR_CD11|PRCDR_DT11|ICD_PRCDR_CD12|PRCDR_DT12|ICD_PRCDR_CD13|PRCDR_DT13|ICD_PRCDR_CD14|PRCDR_DT14|ICD_PRCDR_CD15|PRCDR_DT15|ICD_PRCDR_CD16|PRCDR_DT16|ICD_PRCDR_CD17|PRCDR_DT17|ICD_PRCDR_CD18|PRCDR_DT18|ICD_PRCDR_CD19|PRCDR_DT19|ICD_PRCDR_CD20|PRCDR_DT20|ICD_PRCDR_CD21|PRCDR_DT21|ICD_PRCDR_CD22|PRCDR_DT22|ICD_PRCDR_CD23|PRCDR_DT23|ICD_PRCDR_CD24|PRCDR_DT24|ICD_PRCDR_CD25|PRCDR_DT25|IME_OP_CLM_VAL_AMT|DSH_OP_CLM_VAL_AMT|CLM_UNCOMPD_CARE_PMT_AMT|CLM_LINE_NUM|REV_CNTR|HCPCS_CD|REV_CNTR_DDCTBL_COINSRNC_CD|ingestion_timestamp|hospital_id|batch_id
-10000010275202|-10000930958917|V|60|29-Mar-2021|29-Mar-2021|02-Apr-2021||3|377673|1|1|1|| |928.44|0.0| ||37|1306950993| |9999907899| |9999907899|||0|1| |928.44|29-Mar-2021|1|2|A|10|0.0|185.71|0|4|0.0|0.0|0|0|0|0|0|0|0|0|0|0|0|0|0|||||29-Mar-2021|951.0|0|0||Z733|Z733|Y|T7421X|N|N1830|Y|R801|N|I151|N|R809|N|Z653|Y|I4891|Y|E1122|N|E1121|Y|E11319|Y|D4959|Y|D075|Y|E781|Y|E119|Y|E8881|Y|I10|N|Z952|N|I350|Y|R931|Y|I259|Y|E785|Y|E669|Y|G9349|N|G479|Y|||| | | | | | | | | | | | | | | | | | | | | | |Z741|29-Mar-2021|Z9181|29-Mar-2021|Z1331|29-Mar-2021|Z1331|29-Mar-2021|F1990|29-Mar-2021|Z715|29-Mar-2021|||||||||||||||||||||||||||||||||||||||0|0||1|450|96156|3.0|2021-03-30T00:00:00|hospital_C|hospital_C_20210329
-10000010275202|-10000930958917|V|60|29-Mar-2021|29-Mar-2021|02-Apr-2021||3|377673|1|1|1|| |928.44|0.0| ||37|1306950993| |9999907899| |9999907899|||0|1| |928.44|29-Mar-2021|1|2|A|10|0.0|185.71|0|4|0.0|0.0|0|0|0|0|0|0|0|0|0|0|0|0|0|||||29-Mar-2021|951.0|0|0||Z733|Z733|Y|T7421X|N|N1830|Y|R801|N|I151|N|R809|N|Z653|Y|I4891|Y|E1122|N|E1121|Y|E11319|Y|D4959|Y|D075|Y|E781|Y|E119|Y|E8881|Y|I10|N|Z952|N|I350|Y|R931|Y|I259|Y|E785|Y|E669|Y|G9349|N|G479|Y|||| | | | | | | | | | | | | | | | | | | | | | |Z741|29-Mar-2021|Z9181|29-Mar-2021|Z1331|29-Mar-2021|Z1331|29-Mar-2021|F1990|29-Mar-2021|Z715|29-Mar-2021|||||||||||||||||||||||||||||||||||||||0|0||2|450|M1069|3.0|2021-03-30T00:00:00|hospital_C|hospital_C_20210329
-10000010275202|-10000930958917|V|60|29-Mar-2021|29-Mar-2021|02-Apr-2021||3|377673|1|1|1|| |928.44|0.0| ||37|1306950993| |9999907899| |9999907899|||0|1| |928.44|29-Mar-2021|1|2|A|10|0.0|185.71|0|4|0.0|0.0|0|0|0|0|0|0|0|0|0|0|0|0|0|||||29-Mar-2021|951.0|0|0||Z733|Z733|Y|T7421X|N|N1830|Y|R801|N|I151|N|R809|N|Z653|Y|I4891|Y|E1122|N|E1121|Y|E11319|Y|D4959|Y|D075|Y|E781|Y|E119|Y|E8881|Y|I10|N|Z952|N|I350|Y|R931|Y|I259|Y|E785|Y|E669|Y|G9349|N|G479|Y|||| | | | | | | | | | | | | | | | | | | | | | |Z741|29-Mar-2021|Z9181|29-Mar-2021|Z1331|29-Mar-2021|Z1331|29-Mar-2021|F1990|29-Mar-2021|Z715|29-Mar-2021|||||||||||||||||||||||||||||||||||||||0|0||3|450|G0444|3.0|2021-03-30T00:00:00|hospital_C|hospital_C_20210329
-10000010275202|-10000930958917|V|60|29-Mar-2021|29-Mar-2021|02-Apr-2021||3|377673|1|1|1|| |928.44|0.0| ||37|1306950993| |9999907899| |9999907899|||0|1| |928.44|29-Mar-2021|1|2|A|10|0.0|185.71|0|4|0.0|0.0|0|0|0|0|0|0|0|0|0|0|0|0|0|||||29-Mar-2021|951.0|0|0||Z733|Z733|Y|T7421X|N|N1830|Y|R801|N|I151|N|R809|N|Z653|Y|I4891|Y|E1122|N|E1121|Y|E11319|Y|D4959|Y|D075|Y|E781|Y|E119|Y|E8881|Y|I10|N|Z952|N|I350|Y|R931|Y|I259|Y|E785|Y|E669|Y|G9349|N|G479|Y|||| | | | | | | | | | | | | | | | | | | | | | |Z741|29-Mar-2021|Z9181|29-Mar-2021|Z1331|29-Mar-2021|Z1331|29-Mar-2021|F1990|29-Mar-2021|Z715|29-Mar-2021|||||||||||||||||||||||||||||||||||||||0|0||4|450|G0444|3.0|2021-03-30T00:00:00|hospital_C|hospital_C_20210329
-10000010275202|-10000930958917|V|60|29-Mar-2021|29-Mar-2021|02-Apr-2021||3|377673|1|1|1|| |928.44|0.0| ||37|1306950993| |9999907899| |9999907899|||0|1| |928.44|29-Mar-2021|1|2|A|10|0.0|185.71|0|4|0.0|0.0|0|0|0|0|0|0|0|0|0|0|0|0|0|||||29-Mar-2021|951.0|0|0||Z733|Z733|Y|T7421X|N|N1830|Y|R801|N|I151|N|R809|N|Z653|Y|I4891|Y|E1122|N|E1121|Y|E11319|Y|D4959|Y|D075|Y|E781|Y|E119|Y|E8881|Y|I10|N|Z952|N|I350|Y|R931|Y|I259|Y|E785|Y|E669|Y|G9349|N|G479|Y|||| | | | | | | | | | | | | | | | | | | | | | |Z741|29-Mar-2021|Z9181|29-Mar-2021|Z1331|29-Mar-2021|Z1331|29-Mar-2021|F1990|29-Mar-2021|Z715|29-Mar-2021|||||||||||||||||||||||||||||||||||||||0|0||5|450|99408|3.0|2021-03-30T00:00:00|hospital_C|hospital_C_20210329
-10000010275202|-10000930958917|V|60|29-Mar-2021|29-Mar-2021|02-Apr-2021||3|377673|1|1|1|| |928.44|0.0| ||37|1306950993| |9999907899| |9999907899|||0|1| |928.44|29-Mar-2021|1|2|A|10|0.0|185.71|0|4|0.0|0.0|0|0|0|0|0|0|0|0|0|0|0|0|0|||||29-Mar-2021|951.0|0|0||Z733|Z733|Y|T7421X|N|N1830|Y|R801|N|I151|N|R809|N|Z653|Y|I4891|Y|E1122|N|E1121|Y|E11319|Y|D4959|Y|D075|Y|E781|Y|E119|Y|E8881|Y|I10|N|Z952|N|I350|Y|R931|Y|I259|Y|E785|Y|E669|Y|G9349|N|G479|Y|||| | | | | | | | | | | | | | | | | | | | | | |Z741|29-Mar-2021|Z9181|29-Mar-2021|Z1331|29-Mar-2021|Z1331|29-Mar-2021|F1990|29-Mar-2021|Z715|29-Mar-2021|||||||||||||||||||||||||||||||||||||||0|0||6|450|99408|3.0|2021-03-30T00:00:00|hospital_C|hospital_C_20210329
SYN_BENE_5F7902C39424|SYN_CLM_FC4AAC12E9F5|V|60|29-Mar-2021|29-Mar-2021|02-Apr-2021||3|377673|1|1|1|| |928.44|0.0| ||37|1306950993| |9999907899| |9999907899|||0|1| |928.44|29-Mar-2021|1|2|A|10|0.0|185.71|0|4|0.0|0.0|0|0|0|0|0|0|0|0|0|0|0|0|0|||||29-Mar-2021|951.0|0|0||Z733|Z733|Y|T7421X|N|N1830|Y|R801|N|I151|N|R809|N|Z653|Y|I4891|Y|E1122|N|E1121|Y|E11319|Y|D4959|Y|D075|Y|E781|Y|E119|Y|E8881|Y|I10|N|Z952|N|I350|Y|R931|Y|I259|Y|E785|Y|E669|Y|G9349|N|G479|Y|||| | | | | | | | | | | | | | | | | | | | | | |Z741|29-Mar-2021|Z9181|29-Mar-2021|Z1331|29-Mar-2021|Z1331|29-Mar-2021|F1990|29-Mar-2021|Z715|29-Mar-2021|||||||||||||||||||||||||||||||||||||||0|0||1|450|96156|3.0|2021-03-30T00:00:00|hospital_C|hospital_C_20210329
SYN_BENE_5F7902C39424|SYN_CLM_FC4AAC12E9F5|V|60|29-Mar-2021|29-Mar-2021|02-Apr-2021||3|377673|1|1|1|| |928.44|0.0| ||37|1306950993| |9999907899| |9999907899|||0|1| |928.44|29-Mar-2021|1|2|A|10|0.0|185.71|0|4|0.0|0.0|0|0|0|0|0|0|0|0|0|0|0|0|0|||||29-Mar-2021|951.0|0|0||Z733|Z733|Y|T7421X|N|N1830|Y|R801|N|I151|N|R809|N|Z653|Y|I4891|Y|E1122|N|E1121|Y|E11319|Y|D4959|Y|D075|Y|E781|Y|E119|Y|E8881|Y|I10|N|Z952|N|I350|Y|R931|Y|I259|Y|E785|Y|E669|Y|G9349|N|G479|Y|||| | | | | | | | | | | | | | | | | | | | | | |Z741|29-Mar-2021|Z9181|29-Mar-2021|Z1331|29-Mar-2021|Z1331|29-Mar-2021|F1990|29-Mar-2021|Z715|29-Mar-2021|||||||||||||||||||||||||||||||||||||||0|0||2|450|M1069|3.0|2021-03-30T00:00:00|hospital_C|hospital_C_20210329
SYN_BENE_5F7902C39424|SYN_CLM_FC4AAC12E9F5|V|60|29-Mar-2021|29-Mar-2021|02-Apr-2021||3|377673|1|1|1|| |928.44|0.0| ||37|1306950993| |9999907899| |9999907899|||0|1| |928.44|29-Mar-2021|1|2|A|10|0.0|185.71|0|4|0.0|0.0|0|0|0|0|0|0|0|0|0|0|0|0|0|||||29-Mar-2021|951.0|0|0||Z733|Z733|Y|T7421X|N|N1830|Y|R801|N|I151|N|R809|N|Z653|Y|I4891|Y|E1122|N|E1121|Y|E11319|Y|D4959|Y|D075|Y|E781|Y|E119|Y|E8881|Y|I10|N|Z952|N|I350|Y|R931|Y|I259|Y|E785|Y|E669|Y|G9349|N|G479|Y|||| | | | | | | | | | | | | | | | | | | | | | |Z741|29-Mar-2021|Z9181|29-Mar-2021|Z1331|29-Mar-2021|Z1331|29-Mar-2021|F1990|29-Mar-2021|Z715|29-Mar-2021|||||||||||||||||||||||||||||||||||||||0|0||3|450|G0444|3.0|2021-03-30T00:00:00|hospital_C|hospital_C_20210329
SYN_BENE_5F7902C39424|SYN_CLM_FC4AAC12E9F5|V|60|29-Mar-2021|29-Mar-2021|02-Apr-2021||3|377673|1|1|1|| |928.44|0.0| ||37|1306950993| |9999907899| |9999907899|||0|1| |928.44|29-Mar-2021|1|2|A|10|0.0|185.71|0|4|0.0|0.0|0|0|0|0|0|0|0|0|0|0|0|0|0|||||29-Mar-2021|951.0|0|0||Z733|Z733|Y|T7421X|N|N1830|Y|R801|N|I151|N|R809|N|Z653|Y|I4891|Y|E1122|N|E1121|Y|E11319|Y|D4959|Y|D075|Y|E781|Y|E119|Y|E8881|Y|I10|N|Z952|N|I350|Y|R931|Y|I259|Y|E785|Y|E669|Y|G9349|N|G479|Y|||| | | | | | | | | | | | | | | | | | | | | | |Z741|29-Mar-2021|Z9181|29-Mar-2021|Z1331|29-Mar-2021|Z1331|29-Mar-2021|F1990|29-Mar-2021|Z715|29-Mar-2021|||||||||||||||||||||||||||||||||||||||0|0||4|450|G0444|3.0|2021-03-30T00:00:00|hospital_C|hospital_C_20210329
SYN_BENE_5F7902C39424|SYN_CLM_FC4AAC12E9F5|V|60|29-Mar-2021|29-Mar-2021|02-Apr-2021||3|377673|1|1|1|| |928.44|0.0| ||37|1306950993| |9999907899| |9999907899|||0|1| |928.44|29-Mar-2021|1|2|A|10|0.0|185.71|0|4|0.0|0.0|0|0|0|0|0|0|0|0|0|0|0|0|0|||||29-Mar-2021|951.0|0|0||Z733|Z733|Y|T7421X|N|N1830|Y|R801|N|I151|N|R809|N|Z653|Y|I4891|Y|E1122|N|E1121|Y|E11319|Y|D4959|Y|D075|Y|E781|Y|E119|Y|E8881|Y|I10|N|Z952|N|I350|Y|R931|Y|I259|Y|E785|Y|E669|Y|G9349|N|G479|Y|||| | | | | | | | | | | | | | | | | | | | | | |Z741|29-Mar-2021|Z9181|29-Mar-2021|Z1331|29-Mar-2021|Z1331|29-Mar-2021|F1990|29-Mar-2021|Z715|29-Mar-2021|||||||||||||||||||||||||||||||||||||||0|0||5|450|99408|3.0|2021-03-30T00:00:00|hospital_C|hospital_C_20210329
SYN_BENE_5F7902C39424|SYN_CLM_FC4AAC12E9F5|V|60|29-Mar-2021|29-Mar-2021|02-Apr-2021||3|377673|1|1|1|| |928.44|0.0| ||37|1306950993| |9999907899| |9999907899|||0|1| |928.44|29-Mar-2021|1|2|A|10|0.0|185.71|0|4|0.0|0.0|0|0|0|0|0|0|0|0|0|0|0|0|0|||||29-Mar-2021|951.0|0|0||Z733|Z733|Y|T7421X|N|N1830|Y|R801|N|I151|N|R809|N|Z653|Y|I4891|Y|E1122|N|E1121|Y|E11319|Y|D4959|Y|D075|Y|E781|Y|E119|Y|E8881|Y|I10|N|Z952|N|I350|Y|R931|Y|I259|Y|E785|Y|E669|Y|G9349|N|G479|Y|||| | | | | | | | | | | | | | | | | | | | | | |Z741|29-Mar-2021|Z9181|29-Mar-2021|Z1331|29-Mar-2021|Z1331|29-Mar-2021|F1990|29-Mar-2021|Z715|29-Mar-2021|||||||||||||||||||||||||||||||||||||||0|0||6|450|99408|3.0|2021-03-30T00:00:00|hospital_C|hospital_C_20210329
SYN_BENE_C95A6E7EE062|SYN_CLM_350A3EF381F8|V|60|29-Mar-2021|29-Mar-2021|02-Apr-2021||3|377673|1|1|1|| |928.44|0.0| ||37|1306950993| |9999907899| |9999907899|||0|1| |928.44|29-Mar-2021|1|2|A|10|0.0|185.71|0|4|0.0|0.0|0|0|0|0|0|0|0|0|0|0|0|0|0|||||29-Mar-2021|951.0|0|0||Z733|Z733|Y|T7421X|N|N1830|Y|R801|N|I151|N|R809|N|Z653|Y|I4891|Y|E1122|N|E1121|Y|E11319|Y|D4959|Y|D075|Y|E781|Y|E119|Y|E8881|Y|I10|N|Z952|N|I350|Y|R931|Y|I259|Y|E785|Y|E669|Y|G9349|N|G479|Y|||| | | | | | | | | | | | | | | | | | | | | | |Z741|29-Mar-2021|Z9181|29-Mar-2021|Z1331|29-Mar-2021|Z1331|29-Mar-2021|F1990|29-Mar-2021|Z715|29-Mar-2021|||||||||||||||||||||||||||||||||||||||0|0||1|450|96156|3.0|2021-03-30T00:00:00|hospital_C|hospital_C_20210329
SYN_BENE_C95A6E7EE062|SYN_CLM_350A3EF381F8|V|60|29-Mar-2021|29-Mar-2021|02-Apr-2021||3|377673|1|1|1|| |928.44|0.0| ||37|1306950993| |9999907899| |9999907899|||0|1| |928.44|29-Mar-2021|1|2|A|10|0.0|185.71|0|4|0.0|0.0|0|0|0|0|0|0|0|0|0|0|0|0|0|||||29-Mar-2021|951.0|0|0||Z733|Z733|Y|T7421X|N|N1830|Y|R801|N|I151|N|R809|N|Z653|Y|I4891|Y|E1122|N|E1121|Y|E11319|Y|D4959|Y|D075|Y|E781|Y|E119|Y|E8881|Y|I10|N|Z952|N|I350|Y|R931|Y|I259|Y|E785|Y|E669|Y|G9349|N|G479|Y|||| | | | | | | | | | | | | | | | | | | | | | |Z741|29-Mar-2021|Z9181|29-Mar-2021|Z1331|29-Mar-2021|Z1331|29-Mar-2021|F1990|29-Mar-2021|Z715|29-Mar-2021|||||||||||||||||||||||||||||||||||||||0|0||2|450|M1069|3.0|2021-03-30T00:00:00|hospital_C|hospital_C_20210329
SYN_BENE_C95A6E7EE062|SYN_CLM_350A3EF381F8|V|60|29-Mar-2021|29-Mar-2021|02-Apr-2021||3|377673|1|1|1|| |928.44|0.0| ||37|1306950993| |9999907899| |9999907899|||0|1| |928.44|29-Mar-2021|1|2|A|10|0.0|185.71|0|4|0.0|0.0|0|0|0|0|0|0|0|0|0|0|0|0|0|||||29-Mar-2021|951.0|0|0||Z733|Z733|Y|T7421X|N|N1830|Y|R801|N|I151|N|R809|N|Z653|Y|I4891|Y|E1122|N|E1121|Y|E11319|Y|D4959|Y|D075|Y|E781|Y|E119|Y|E8881|Y|I10|N|Z952|N|I350|Y|R931|Y|I259|Y|E785|Y|E669|Y|G9349|N|G479|Y|||| | | | | | | | | | | | | | | | | | | | | | |Z741|29-Mar-2021|Z9181|29-Mar-2021|Z1331|29-Mar-2021|Z1331|29-Mar-2021|F1990|29-Mar-2021|Z715|29-Mar-2021|||||||||||||||||||||||||||||||||||||||0|0||3|450|G0444|3.0|2021-03-30T00:00:00|hospital_C|hospital_C_20210329
SYN_BENE_C95A6E7EE062|SYN_CLM_350A3EF381F8|V|60|29-Mar-2021|29-Mar-2021|02-Apr-2021||3|377673|1|1|1|| |928.44|0.0| ||37|1306950993| |9999907899| |9999907899|||0|1| |928.44|29-Mar-2021|1|2|A|10|0.0|185.71|0|4|0.0|0.0|0|0|0|0|0|0|0|0|0|0|0|0|0|||||29-Mar-2021|951.0|0|0||Z733|Z733|Y|T7421X|N|N1830|Y|R801|N|I151|N|R809|N|Z653|Y|I4891|Y|E1122|N|E1121|Y|E11319|Y|D4959|Y|D075|Y|E781|Y|E119|Y|E8881|Y|I10|N|Z952|N|I350|Y|R931|Y|I259|Y|E785|Y|E669|Y|G9349|N|G479|Y|||| | | | | | | | | | | | | | | | | | | | | | |Z741|29-Mar-2021|Z9181|29-Mar-2021|Z1331|29-Mar-2021|Z1331|29-Mar-2021|F1990|29-Mar-2021|Z715|29-Mar-2021|||||||||||||||||||||||||||||||||||||||0|0||4|450|G0444|3.0|2021-03-30T00:00:00|hospital_C|hospital_C_20210329
SYN_BENE_C95A6E7EE062|SYN_CLM_350A3EF381F8|V|60|29-Mar-2021|29-Mar-2021|02-Apr-2021||3|377673|1|1|1|| |928.44|0.0| ||37|1306950993| |9999907899| |9999907899|||0|1| |928.44|29-Mar-2021|1|2|A|10|0.0|185.71|0|4|0.0|0.0|0|0|0|0|0|0|0|0|0|0|0|0|0|||||29-Mar-2021|951.0|0|0||Z733|Z733|Y|T7421X|N|N1830|Y|R801|N|I151|N|R809|N|Z653|Y|I4891|Y|E1122|N|E1121|Y|E11319|Y|D4959|Y|D075|Y|E781|Y|E119|Y|E8881|Y|I10|N|Z952|N|I350|Y|R931|Y|I259|Y|E785|Y|E669|Y|G9349|N|G479|Y|||| | | | | | | | | | | | | | | | | | | | | | |Z741|29-Mar-2021|Z9181|29-Mar-2021|Z1331|29-Mar-2021|Z1331|29-Mar-2021|F1990|29-Mar-2021|Z715|29-Mar-2021|||||||||||||||||||||||||||||||||||||||0|0||5|450|99408|3.0|2021-03-30T00:00:00|hospital_C|hospital_C_20210329
SYN_BENE_C95A6E7EE062|SYN_CLM_350A3EF381F8|V|60|29-Mar-2021|29-Mar-2021|02-Apr-2021||3|377673|1|1|1|| |928.44|0.0| ||37|1306950993| |9999907899| |9999907899|||0|1| |928.44|29-Mar-2021|1|2|A|10|0.0|185.71|0|4|0.0|0.0|0|0|0|0|0|0|0|0|0|0|0|0|0|||||29-Mar-2021|951.0|0|0||Z733|Z733|Y|T7421X|N|N1830|Y|R801|N|I151|N|R809|N|Z653|Y|I4891|Y|E1122|N|E1121|Y|E11319|Y|D4959|Y|D075|Y|E781|Y|E119|Y|E8881|Y|I10|N|Z952|N|I350|Y|R931|Y|I259|Y|E785|Y|E669|Y|G9349|N|G479|Y|||| | | | | | | | | | | | | | | | | | | | | | |Z741|29-Mar-2021|Z9181|29-Mar-2021|Z1331|29-Mar-2021|Z1331|29-Mar-2021|F1990|29-Mar-2021|Z715|29-Mar-2021|||||||||||||||||||||||||||||||||||||||0|0||6|450|99408|3.0|2021-03-30T00:00:00|hospital_C|hospital_C_20210329
SYN_BENE_8B5191E004FD|SYN_CLM_DE324C70A093|V|60|29-Mar-2021|29-Mar-2021|02-Apr-2021||3|377673|1|1|1|| |928.44|0.0| ||37|1306950993| |9999907899| |9999907899|||0|1| |928.44|29-Mar-2021|1|2|A|10|0.0|185.71|0|4|0.0|0.0|0|0|0|0|0|0|0|0|0|0|0|0|0|||||29-Mar-2021|951.0|0|0||Z733|Z733|Y|T7421X|N|N1830|Y|R801|N|I151|N|R809|N|Z653|Y|I4891|Y|E1122|N|E1121|Y|E11319|Y|D4959|Y|D075|Y|E781|Y|E119|Y|E8881|Y|I10|N|Z952|N|I350|Y|R931|Y|I259|Y|E785|Y|E669|Y|G9349|N|G479|Y|||| | | | | | | | | | | | | | | | | | | | | | |Z741|29-Mar-2021|Z9181|29-Mar-2021|Z1331|29-Mar-2021|Z1331|29-Mar-2021|F1990|29-Mar-2021|Z715|29-Mar-2021|||||||||||||||||||||||||||||||||||||||0|0||1|450|96156|3.0|2021-03-30T00:00:00|hospital_C|hospital_C_20210329
SYN_BENE_8B5191E004FD|SYN_CLM_DE324C70A093|V|60|29-Mar-2021|29-Mar-2021|02-Apr-2021||3|377673|1|1|1|| |928.44|0.0| ||37|1306950993| |9999907899| |9999907899|||0|1| |928.44|29-Mar-2021|1|2|A|10|0.0|185.71|0|4|0.0|0.0|0|0|0|0|0|0|0|0|0|0|0|0|0|||||29-Mar-2021|951.0|0|0||Z733|Z733|Y|T7421X|N|N1830|Y|R801|N|I151|N|R809|N|Z653|Y|I4891|Y|E1122|N|E1121|Y|E11319|Y|D4959|Y|D075|Y|E781|Y|E119|Y|E8881|Y|I10|N|Z952|N|I350|Y|R931|Y|I259|Y|E785|Y|E669|Y|G9349|N|G479|Y|||| | | | | | | | | | | | | | | | | | | | | | |Z741|29-Mar-2021|Z9181|29-Mar-2021|Z1331|29-Mar-2021|Z1331|29-Mar-2021|F1990|29-Mar-2021|Z715|29-Mar-2021|||||||||||||||||||||||||||||||||||||||0|0||2|450|M1069|3.0|2021-03-30T00:00:00|hospital_C|hospital_C_20210329
SYN_BENE_8B5191E004FD|SYN_CLM_DE324C70A093|V|60|29-Mar-2021|29-Mar-2021|02-Apr-2021||3|377673|1|1|1|| |928.44|0.0| ||37|1306950993| |9999907899| |9999907899|||0|1| |928.44|29-Mar-2021|1|2|A|10|0.0|185.71|0|4|0.0|0.0|0|0|0|0|0|0|0|0|0|0|0|0|0|||||29-Mar-2021|951.0|0|0||Z733|Z733|Y|T7421X|N|N1830|Y|R801|N|I151|N|R809|N|Z653|Y|I4891|Y|E1122|N|E1121|Y|E11319|Y|D4959|Y|D075|Y|E781|Y|E119|Y|E8881|Y|I10|N|Z952|N|I350|Y|R931|Y|I259|Y|E785|Y|E669|Y|G9349|N|G479|Y|||| | | | | | | | | | | | | | | | | | | | | | |Z741|29-Mar-2021|Z9181|29-Mar-2021|Z1331|29-Mar-2021|Z1331|29-Mar-2021|F1990|29-Mar-2021|Z715|29-Mar-2021|||||||||||||||||||||||||||||||||||||||0|0||3|450|G0444|3.0|2021-03-30T00:00:00|hospital_C|hospital_C_20210329
SYN_BENE_8B5191E004FD|SYN_CLM_DE324C70A093|V|60|29-Mar-2021|29-Mar-2021|02-Apr-2021||3|377673|1|1|1|| |928.44|0.0| ||37|1306950993| |9999907899| |9999907899|||0|1| |928.44|29-Mar-2021|1|2|A|10|0.0|185.71|0|4|0.0|0.0|0|0|0|0|0|0|0|0|0|0|0|0|0|||||29-Mar-2021|951.0|0|0||Z733|Z733|Y|T7421X|N|N1830|Y|R801|N|I151|N|R809|N|Z653|Y|I4891|Y|E1122|N|E1121|Y|E11319|Y|D4959|Y|D075|Y|E781|Y|E119|Y|E8881|Y|I10|N|Z952|N|I350|Y|R931|Y|I259|Y|E785|Y|E669|Y|G9349|N|G479|Y|||| | | | | | | | | | | | | | | | | | | | | | |Z741|29-Mar-2021|Z9181|29-Mar-2021|Z1331|29-Mar-2021|Z1331|29-Mar-2021|F1990|29-Mar-2021|Z715|29-Mar-2021|||||||||||||||||||||||||||||||||||||||0|0||4|450|G0444|3.0|2021-03-30T00:00:00|hospital_C|hospital_C_20210329
SYN_BENE_8B5191E004FD|SYN_CLM_DE324C70A093|V|60|29-Mar-2021|29-Mar-2021|02-Apr-2021||3|377673|1|1|1|| |928.44|0.0| ||37|1306950993| |9999907899| |9999907899|||0|1| |928.44|29-Mar-2021|1|2|A|10|0.0|185.71|0|4|0.0|0.0|0|0|0|0|0|0|0|0|0|0|0|0|0|||||29-Mar-2021|951.0|0|0||Z733|Z733|Y|T7421X|N|N1830|Y|R801|N|I151|N|R809|N|Z653|Y|I4891|Y|E1122|N|E1121|Y|E11319|Y|D4959|Y|D075|Y|E781|Y|E119|Y|E8881|Y|I10|N|Z952|N|I350|Y|R931|Y|I259|Y|E785|Y|E669|Y|G9349|N|G479|Y|||| | | | | | | | | | | | | | | | | | | | | | |Z741|29-Mar-2021|Z9181|29-Mar-2021|Z1331|29-Mar-2021|Z1331|29-Mar-2021|F1990|29-Mar-2021|Z715|29-Mar-2021|||||||||||||||||||||||||||||||||||||||0|0||5|450|99408|3.0|2021-03-30T00:00:00|hospital_C|hospital_C_20210329
SYN_BENE_8B5191E004FD|SYN_CLM_DE324C70A093|V|60|29-Mar-2021|29-Mar-2021|02-Apr-2021||3|377673|1|1|1|| |928.44|0.0| ||37|1306950993| |9999907899| |9999907899|||0|1| |928.44|29-Mar-2021|1|2|A|10|0.0|185.71|0|4|0.0|0.0|0|0|0|0|0|0|0|0|0|0|0|0|0|||||29-Mar-2021|951.0|0|0||Z733|Z733|Y|T7421X|N|N1830|Y|R801|N|I151|N|R809|N|Z653|Y|I4891|Y|E1122|N|E1121|Y|E11319|Y|D4959|Y|D075|Y|E781|Y|E119|Y|E8881|Y|I10|N|Z952|N|I350|Y|R931|Y|I259|Y|E785|Y|E669|Y|G9349|N|G479|Y|||| | | | | | | | | | | | | | | | | | | | | | |Z741|29-Mar-2021|Z9181|29-Mar-2021|Z1331|29-Mar-2021|Z1331|29-Mar-2021|F1990|29-Mar-2021|Z715|29-Mar-2021|||||||||||||||||||||||||||||||||||||||0|0||6|450|99408|3.0|2021-03-30T00:00:00|hospital_C|hospital_C_20210329
SYN_BENE_1F045FF028DE|SYN_CLM_53714F5B59C3|V|60|29-Mar-2021|29-Mar-2021|02-Apr-2021||3|377673|1|1|1|| |928.44|0.0| ||37|1306950993| |9999907899| |9999907899|||0|1| |928.44|29-Mar-2021|1|2|A|10|0.0|185.71|0|4|0.0|0.0|0|0|0|0|0|0|0|0|0|0|0|0|0|||||29-Mar-2021|951.0|0|0||Z733|Z733|Y|T7421X|N|N1830|Y|R801|N|I151|N|R809|N|Z653|Y|I4891|Y|E1122|N|E1121|Y|E11319|Y|D4959|Y|D075|Y|E781|Y|E119|Y|E8881|Y|I10|N|Z952|N|I350|Y|R931|Y|I259|Y|E785|Y|E669|Y|G9349|N|G479|Y|||| | | | | | | | | | | | | | | | | | | | | | |Z741|29-Mar-2021|Z9181|29-Mar-2021|Z1331|29-Mar-2021|Z1331|29-Mar-2021|F1990|29-Mar-2021|Z715|29-Mar-2021|||||||||||||||||||||||||||||||||||||||0|0||1|450|96156|3.0|2021-03-30T00:00:00|hospital_C|hospital_C_20210329
SYN_BENE_1F045FF028DE|SYN_CLM_53714F5B59C3|V|60|29-Mar-2021|29-Mar-2021|02-Apr-2021||3|377673|1|1|1|| |928.44|0.0| ||37|1306950993| |9999907899| |9999907899|||0|1| |928.44|29-Mar-2021|1|2|A|10|0.0|185.71|0|4|0.0|0.0|0|0|0|0|0|0|0|0|0|0|0|0|0|||||29-Mar-2021|951.0|0|0||Z733|Z733|Y|T7421X|N|N1830|Y|R801|N|I151|N|R809|N|Z653|Y|I4891|Y|E1122|N|E1121|Y|E11319|Y|D4959|Y|D075|Y|E781|Y|E119|Y|E8881|Y|I10|N|Z952|N|I350|Y|R931|Y|I259|Y|E785|Y|E669|Y|G9349|N|G479|Y|||| | | | | | | | | | | | | | | | | | | | | | |Z741|29-Mar-2021|Z9181|29-Mar-2021|Z1331|29-Mar-2021|Z1331|29-Mar-2021|F1990|29-Mar-2021|Z715|29-Mar-2021|||||||||||||||||||||||||||||||||||||||0|0||2|450|M1069|3.0|2021-03-30T00:00:00|hospital_C|hospital_C_20210329
SYN_BENE_1F045FF028DE|SYN_CLM_53714F5B59C3|V|60|29-Mar-2021|29-Mar-2021|02-Apr-2021||3|377673|1|1|1|| |928.44|0.0| ||37|1306950993| |9999907899| |9999907899|||0|1| |928.44|29-Mar-2021|1|2|A|10|0.0|185.71|0|4|0.0|0.0|0|0|0|0|0|0|0|0|0|0|0|0|0|||||29-Mar-2021|951.0|0|0||Z733|Z733|Y|T7421X|N|N1830|Y|R801|N|I151|N|R809|N|Z653|Y|I4891|Y|E1122|N|E1121|Y|E11319|Y|D4959|Y|D075|Y|E781|Y|E119|Y|E8881|Y|I10|N|Z952|N|I350|Y|R931|Y|I259|Y|E785|Y|E669|Y|G9349|N|G479|Y|||| | | | | | | | | | | | | | | | | | | | | | |Z741|29-Mar-2021|Z9181|29-Mar-2021|Z1331|29-Mar-2021|Z1331|29-Mar-2021|F1990|29-Mar-2021|Z715|29-Mar-2021|||||||||||||||||||||||||||||||||||||||0|0||3|450|G0444|3.0|2021-03-30T00:00:00|hospital_C|hospital_C_20210329
SYN_BENE_1F045FF028DE|SYN_CLM_53714F5B59C3|V|60|29-Mar-2021|29-Mar-2021|02-Apr-2021||3|377673|1|1|1|| |928.44|0.0| ||37|1306950993| |9999907899| |9999907899|||0|1| |928.44|29-Mar-2021|1|2|A|10|0.0|185.71|0|4|0.0|0.0|0|0|0|0|0|0|0|0|0|0|0|0|0|||||29-Mar-2021|951.0|0|0||Z733|Z733|Y|T7421X|N|N1830|Y|R801|N|I151|N|R809|N|Z653|Y|I4891|Y|E1122|N|E1121|Y|E11319|Y|D4959|Y|D075|Y|E781|Y|E119|Y|E8881|Y|I10|N|Z952|N|I350|Y|R931|Y|I259|Y|E785|Y|E669|Y|G9349|N|G479|Y|||| | | | | | | | | | | | | | | | | | | | | | |Z741|29-Mar-2021|Z9181|29-Mar-2021|Z1331|29-Mar-2021|Z1331|29-Mar-2021|F1990|29-Mar-2021|Z715|29-Mar-2021|||||||||||||||||||||||||||||||||||||||0|0||4|450|G0444|3.0|2021-03-30T00:00:00|hospital_C|hospital_C_20210329
SYN_BENE_1F045FF028DE|SYN_CLM_53714F5B59C3|V|60|29-Mar-2021|29-Mar-2021|02-Apr-2021||3|377673|1|1|1|| |928.44|0.0| ||37|1306950993| |9999907899| |9999907899|||0|1| |928.44|29-Mar-2021|1|2|A|10|0.0|185.71|0|4|0.0|0.0|0|0|0|0|0|0|0|0|0|0|0|0|0|||||29-Mar-2021|951.0|0|0||Z733|Z733|Y|T7421X|N|N1830|Y|R801|N|I151|N|R809|N|Z653|Y|I4891|Y|E1122|N|E1121|Y|E11319|Y|D4959|Y|D075|Y|E781|Y|E119|Y|E8881|Y|I10|N|Z952|N|I350|Y|R931|Y|I259|Y|E785|Y|E669|Y|G9349|N|G479|Y|||| | | | | | | | | | | | | | | | | | | | | | |Z741|29-Mar-2021|Z9181|29-Mar-2021|Z1331|29-Mar-2021|Z1331|29-Mar-2021|F1990|29-Mar-2021|Z715|29-Mar-2021|||||||||||||||||||||||||||||||||||||||0|0||5|450|99408|3.0|2021-03-30T00:00:00|hospital_C|hospital_C_20210329
SYN_BENE_1F045FF028DE|SYN_CLM_53714F5B59C3|V|60|29-Mar-2021|29-Mar-2021|02-Apr-2021||3|377673|1|1|1|| |928.44|0.0| ||37|1306950993| |9999907899| |9999907899|||0|1| |928.44|29-Mar-2021|1|2|A|10|0.0|185.71|0|4|0.0|0.0|0|0|0|0|0|0|0|0|0|0|0|0|0|||||29-Mar-2021|951.0|0|0||Z733|Z733|Y|T7421X|N|N1830|Y|R801|N|I151|N|R809|N|Z653|Y|I4891|Y|E1122|N|E1121|Y|E11319|Y|D4959|Y|D075|Y|E781|Y|E119|Y|E8881|Y|I10|N|Z952|N|I350|Y|R931|Y|I259|Y|E785|Y|E669|Y|G9349|N|G479|Y|||| | | | | | | | | | | | | | | | | | | | | | |Z741|29-Mar-2021|Z9181|29-Mar-2021|Z1331|29-Mar-2021|Z1331|29-Mar-2021|F1990|29-Mar-2021|Z715|29-Mar-2021|||||||||||||||||||||||||||||||||||||||0|0||6|450|99408|3.0|2021-03-30T00:00:00|hospital_C|hospital_C_20210329
SYN_BENE_16BB635BADDF|SYN_CLM_261B6F74B619|V|60|29-Mar-2021|29-Mar-2021|02-Apr-2021||3|377673|1|1|1|| |928.44|0.0| ||37|1306950993| |9999907899| |9999907899|||0|1| |928.44|29-Mar-2021|1|2|A|10|0.0|185.71|0|4|0.0|0.0|0|0|0|0|0|0|0|0|0|0|0|0|0|||||29-Mar-2021|951.0|0|0||Z733|Z733|Y|T7421X|N|N1830|Y|R801|N|I151|N|R809|N|Z653|Y|I4891|Y|E1122|N|E1121|Y|E11319|Y|D4959|Y|D075|Y|E781|Y|E119|Y|E8881|Y|I10|N|Z952|N|I350|Y|R931|Y|I259|Y|E785|Y|E669|Y|G9349|N|G479|Y|||| | | | | | | | | | | | | | | | | | | | | | |Z741|29-Mar-2021|Z9181|29-Mar-2021|Z1331|29-Mar-2021|Z1331|29-Mar-2021|F1990|29-Mar-2021|Z715|29-Mar-2021|||||||||||||||||||||||||||||||||||||||0|0||1|450|96156|3.0|2021-03-30T00:00:00|hospital_C|hospital_C_20210329
SYN_BENE_16BB635BADDF|SYN_CLM_261B6F74B619|V|60|29-Mar-2021|29-Mar-2021|02-Apr-2021||3|377673|1|1|1|| |928.44|0.0| ||37|1306950993| |9999907899| |9999907899|||0|1| |928.44|29-Mar-2021|1|2|A|10|0.0|185.71|0|4|0.0|0.0|0|0|0|0|0|0|0|0|0|0|0|0|0|||||29-Mar-2021|951.0|0|0||Z733|Z733|Y|T7421X|N|N1830|Y|R801|N|I151|N|R809|N|Z653|Y|I4891|Y|E1122|N|E1121|Y|E11319|Y|D4959|Y|D075|Y|E781|Y|E119|Y|E8881|Y|I10|N|Z952|N|I350|Y|R931|Y|I259|Y|E785|Y|E669|Y|G9349|N|G479|Y|||| | | | | | | | | | | | | | | | | | | | | | |Z741|29-Mar-2021|Z9181|29-Mar-2021|Z1331|29-Mar-2021|Z1331|29-Mar-2021|F1990|29-Mar-2021|Z715|29-Mar-2021|||||||||||||||||||||||||||||||||||||||0|0||2|450|M1069|3.0|2021-03-30T00:00:00|hospital_C|hospital_C_20210329
SYN_BENE_16BB635BADDF|SYN_CLM_261B6F74B619|V|60|29-Mar-2021|29-Mar-2021|02-Apr-2021||3|377673|1|1|1|| |928.44|0.0| ||37|1306950993| |9999907899| |9999907899|||0|1| |928.44|29-Mar-2021|1|2|A|10|0.0|185.71|0|4|0.0|0.0|0|0|0|0|0|0|0|0|0|0|0|0|0|||||29-Mar-2021|951.0|0|0||Z733|Z733|Y|T7421X|N|N1830|Y|R801|N|I151|N|R809|N|Z653|Y|I4891|Y|E1122|N|E1121|Y|E11319|Y|D4959|Y|D075|Y|E781|Y|E119|Y|E8881|Y|I10|N|Z952|N|I350|Y|R931|Y|I259|Y|E785|Y|E669|Y|G9349|N|G479|Y|||| | | | | | | | | | | | | | | | | | | | | | |Z741|29-Mar-2021|Z9181|29-Mar-2021|Z1331|29-Mar-2021|Z1331|29-Mar-2021|F1990|29-Mar-2021|Z715|29-Mar-2021|||||||||||||||||||||||||||||||||||||||0|0||3|450|G0444|3.0|2021-03-30T00:00:00|hospital_C|hospital_C_20210329
SYN_BENE_16BB635BADDF|SYN_CLM_261B6F74B619|V|60|29-Mar-2021|29-Mar-2021|02-Apr-2021||3|377673|1|1|1|| |928.44|0.0| ||37|1306950993| |9999907899| |9999907899|||0|1| |928.44|29-Mar-2021|1|2|A|10|0.0|185.71|0|4|0.0|0.0|0|0|0|0|0|0|0|0|0|0|0|0|0|||||29-Mar-2021|951.0|0|0||Z733|Z733|Y|T7421X|N|N1830|Y|R801|N|I151|N|R809|N|Z653|Y|I4891|Y|E1122|N|E1121|Y|E11319|Y|D4959|Y|D075|Y|E781|Y|E119|Y|E8881|Y|I10|N|Z952|N|I350|Y|R931|Y|I259|Y|E785|Y|E669|Y|G9349|N|G479|Y|||| | | | | | | | | | | | | | | | | | | | | | |Z741|29-Mar-2021|Z9181|29-Mar-2021|Z1331|29-Mar-2021|Z1331|29-Mar-2021|F1990|29-Mar-2021|Z715|29-Mar-2021|||||||||||||||||||||||||||||||||||||||0|0||4|450|G0444|3.0|2021-03-30T00:00:00|hospital_C|hospital_C_20210329
SYN_BENE_16BB635BADDF|SYN_CLM_261B6F74B619|V|60|29-Mar-2021|29-Mar-2021|02-Apr-2021||3|377673|1|1|1|| |928.44|0.0| ||37|1306950993| |9999907899| |9999907899|||0|1| |928.44|29-Mar-2021|1|2|A|10|0.0|185.71|0|4|0.0|0.0|0|0|0|0|0|0|0|0|0|0|0|0|0|||||29-Mar-2021|951.0|0|0||Z733|Z733|Y|T7421X|N|N1830|Y|R801|N|I151|N|R809|N|Z653|Y|I4891|Y|E1122|N|E1121|Y|E11319|Y|D4959|Y|D075|Y|E781|Y|E119|Y|E8881|Y|I10|N|Z952|N|I350|Y|R931|Y|I259|Y|E785|Y|E669|Y|G9349|N|G479|Y|||| | | | | | | | | | | | | | | | | | | | | | |Z741|29-Mar-2021|Z9181|29-Mar-2021|Z1331|29-Mar-2021|Z1331|29-Mar-2021|F1990|29-Mar-2021|Z715|29-Mar-2021|||||||||||||||||||||||||||||||||||||||0|0||5|450|99408|3.0|2021-03-30T00:00:00|hospital_C|hospital_C_20210329
SYN_BENE_16BB635BADDF|SYN_CLM_261B6F74B619|V|60|29-Mar-2021|29-Mar-2021|02-Apr-2021||3|377673|1|1|1|| |928.44|0.0| ||37|1306950993| |9999907899| |9999907899|||0|1| |928.44|29-Mar-2021|1|2|A|10|0.0|185.71|0|4|0.0|0.0|0|0|0|0|0|0|0|0|0|0|0|0|0|||||29-Mar-2021|951.0|0|0||Z733|Z733|Y|T7421X|N|N1830|Y|R801|N|I151|N|R809|N|Z653|Y|I4891|Y|E1122|N|E1121|Y|E11319|Y|D4959|Y|D075|Y|E781|Y|E119|Y|E8881|Y|I10|N|Z952|N|I350|Y|R931|Y|I259|Y|E785|Y|E669|Y|G9349|N|G479|Y|||| | | | | | | | | | | | | | | | | | | | | | |Z741|29-Mar-2021|Z9181|29-Mar-2021|Z1331|29-Mar-2021|Z1331|29-Mar-2021|F1990|29-Mar-2021|Z715|29-Mar-2021|||||||||||||||||||||||||||||||||||||||0|0||6|450|99408|3.0|2021-03-30T00:00:00|hospital_C|hospital_C_20210329
SYN_BENE_6ADD01A049B5|SYN_CLM_F1192DB6A428|V|60|29-Mar-2021|29-Mar-2021|02-Apr-2021||3|377673|1|1|1|| |928.44|0.0| ||37|1306950993| |9999907899| |9999907899|||0|1| |928.44|29-Mar-2021|1|2|A|10|0.0|185.71|0|4|0.0|0.0|0|0|0|0|0|0|0|0|0|0|0|0|0|||||29-Mar-2021|951.0|0|0||Z733|Z733|Y|T7421X|N|N1830|Y|R801|N|I151|N|R809|N|Z653|Y|I4891|Y|E1122|N|E1121|Y|E11319|Y|D4959|Y|D075|Y|E781|Y|E119|Y|E8881|Y|I10|N|Z952|N|I350|Y|R931|Y|I259|Y|E785|Y|E669|Y|G9349|N|G479|Y|||| | | | | | | | | | | | | | | | | | | | | | |Z741|29-Mar-2021|Z9181|29-Mar-2021|Z1331|29-Mar-2021|Z1331|29-Mar-2021|F1990|29-Mar-2021|Z715|29-Mar-2021|||||||||||||||||||||||||||||||||||||||0|0||1|450|96156|3.0|2021-03-30T00:00:00|hospital_C|hospital_C_20210329
SYN_BENE_6ADD01A049B5|SYN_CLM_F1192DB6A428|V|60|29-Mar-2021|29-Mar-2021|02-Apr-2021||3|377673|1|1|1|| |928.44|0.0| ||37|1306950993| |9999907899| |9999907899|||0|1| |928.44|29-Mar-2021|1|2|A|10|0.0|185.71|0|4|0.0|0.0|0|0|0|0|0|0|0|0|0|0|0|0|0|||||29-Mar-2021|951.0|0|0||Z733|Z733|Y|T7421X|N|N1830|Y|R801|N|I151|N|R809|N|Z653|Y|I4891|Y|E1122|N|E1121|Y|E11319|Y|D4959|Y|D075|Y|E781|Y|E119|Y|E8881|Y|I10|N|Z952|N|I350|Y|R931|Y|I259|Y|E785|Y|E669|Y|G9349|N|G479|Y|||| | | | | | | | | | | | | | | | | | | | | | |Z741|29-Mar-2021|Z9181|29-Mar-2021|Z1331|29-Mar-2021|Z1331|29-Mar-2021|F1990|29-Mar-2021|Z715|29-Mar-2021|||||||||||||||||||||||||||||||||||||||0|0||2|450|M1069|3.0|2021-03-30T00:00:00|hospital_C|hospital_C_20210329
SYN_BENE_6ADD01A049B5|SYN_CLM_F1192DB6A428|V|60|29-Mar-2021|29-Mar-2021|02-Apr-2021||3|377673|1|1|1|| |928.44|0.0| ||37|1306950993| |9999907899| |9999907899|||0|1| |928.44|29-Mar-2021|1|2|A|10|0.0|185.71|0|4|0.0|0.0|0|0|0|0|0|0|0|0|0|0|0|0|0|||||29-Mar-2021|951.0|0|0||Z733|Z733|Y|T7421X|N|N1830|Y|R801|N|I151|N|R809|N|Z653|Y|I4891|Y|E1122|N|E1121|Y|E11319|Y|D4959|Y|D075|Y|E781|Y|E119|Y|E8881|Y|I10|N|Z952|N|I350|Y|R931|Y|I259|Y|E785|Y|E669|Y|G9349|N|G479|Y|||| | | | | | | | | | | | | | | | | | | | | | |Z741|29-Mar-2021|Z9181|29-Mar-2021|Z1331|29-Mar-2021|Z1331|29-Mar-2021|F1990|29-Mar-2021|Z715|29-Mar-2021|||||||||||||||||||||||||||||||||||||||0|0||3|450|G0444|3.0|2021-03-30T00:00:00|hospital_C|hospital_C_20210329
SYN_BENE_6ADD01A049B5|SYN_CLM_F1192DB6A428|V|60|29-Mar-2021|29-Mar-2021|02-Apr-2021||3|377673|1|1|1|| |928.44|0.0| ||37|1306950993| |9999907899| |9999907899|||0|1| |928.44|29-Mar-2021|1|2|A|10|0.0|185.71|0|4|0.0|0.0|0|0|0|0|0|0|0|0|0|0|0|0|0|||||29-Mar-2021|951.0|0|0||Z733|Z733|Y|T7421X|N|N1830|Y|R801|N|I151|N|R809|N|Z653|Y|I4891|Y|E1122|N|E1121|Y|E11319|Y|D4959|Y|D075|Y|E781|Y|E119|Y|E8881|Y|I10|N|Z952|N|I350|Y|R931|Y|I259|Y|E785|Y|E669|Y|G9349|N|G479|Y|||| | | | | | | | | | | | | | | | | | | | | | |Z741|29-Mar-2021|Z9181|29-Mar-2021|Z1331|29-Mar-2021|Z1331|29-Mar-2021|F1990|29-Mar-2021|Z715|29-Mar-2021|||||||||||||||||||||||||||||||||||||||0|0||4|450|G0444|3.0|2021-03-30T00:00:00|hospital_C|hospital_C_20210329
SYN_BENE_6ADD01A049B5|SYN_CLM_F1192DB6A428|V|60|29-Mar-2021|29-Mar-2021|02-Apr-2021||3|377673|1|1|1|| |928.44|0.0| ||37|1306950993| |9999907899| |9999907899|||0|1| |928.44|29-Mar-2021|1|2|A|10|0.0|185.71|0|4|0.0|0.0|0|0|0|0|0|0|0|0|0|0|0|0|0|||||29-Mar-2021|951.0|0|0||Z733|Z733|Y|T7421X|N|N1830|Y|R801|N|I151|N|R809|N|Z653|Y|I4891|Y|E1122|N|E1121|Y|E11319|Y|D4959|Y|D075|Y|E781|Y|E119|Y|E8881|Y|I10|N|Z952|N|I350|Y|R931|Y|I259|Y|E785|Y|E669|Y|G9349|N|G479|Y|||| | | | | | | | | | | | | | | | | | | | | | |Z741|29-Mar-2021|Z9181|29-Mar-2021|Z1331|29-Mar-2021|Z1331|29-Mar-2021|F1990|29-Mar-2021|Z715|29-Mar-2021|||||||||||||||||||||||||||||||||||||||0|0||5|450|99408|3.0|2021-03-30T00:00:00|hospital_C|hospital_C_20210329
SYN_BENE_6ADD01A049B5|SYN_CLM_F1192DB6A428|V|60|29-Mar-2021|29-Mar-2021|02-Apr-2021||3|377673|1|1|1|| |928.44|0.0| ||37|1306950993| |9999907899| |9999907899|||0|1| |928.44|29-Mar-2021|1|2|A|10|0.0|185.71|0|4|0.0|0.0|0|0|0|0|0|0|0|0|0|0|0|0|0|||||29-Mar-2021|951.0|0|0||Z733|Z733|Y|T7421X|N|N1830|Y|R801|N|I151|N|R809|N|Z653|Y|I4891|Y|E1122|N|E1121|Y|E11319|Y|D4959|Y|D075|Y|E781|Y|E119|Y|E8881|Y|I10|N|Z952|N|I350|Y|R931|Y|I259|Y|E785|Y|E669|Y|G9349|N|G479|Y|||| | | | | | | | | | | | | | | | | | | | | | |Z741|29-Mar-2021|Z9181|29-Mar-2021|Z1331|29-Mar-2021|Z1331|29-Mar-2021|F1990|29-Mar-2021|Z715|29-Mar-2021|||||||||||||||||||||||||||||||||||||||0|0||6|450|99408|3.0|2021-03-30T00:00:00|hospital_C|hospital_C_20210329
SYN_BENE_B5C58CB96022|SYN_CLM_063C48E14720|V|60|29-Mar-2021|29-Mar-2021|02-Apr-2021||3|377673|1|1|1|| |928.44|0.0| ||37|1306950993| |9999907899| |9999907899|||0|1| |928.44|29-Mar-2021|1|2|A|10|0.0|185.71|0|4|0.0|0.0|0|0|0|0|0|0|0|0|0|0|0|0|0|||||29-Mar-2021|951.0|0|0||Z733|Z733|Y|T7421X|N|N1830|Y|R801|N|I151|N|R809|N|Z653|Y|I4891|Y|E1122|N|E1121|Y|E11319|Y|D4959|Y|D075|Y|E781|Y|E119|Y|E8881|Y|I10|N|Z952|N|I350|Y|R931|Y|I259|Y|E785|Y|E669|Y|G9349|N|G479|Y|||| | | | | | | | | | | | | | | | | | | | | | |Z741|29-Mar-2021|Z9181|29-Mar-2021|Z1331|29-Mar-2021|Z1331|29-Mar-2021|F1990|29-Mar-2021|Z715|29-Mar-2021|||||||||||||||||||||||||||||||||||||||0|0||1|450|96156|3.0|2021-03-30T00:00:00|hospital_C|hospital_C_20210329
SYN_BENE_B5C58CB96022|SYN_CLM_063C48E14720|V|60|29-Mar-2021|29-Mar-2021|02-Apr-2021||3|377673|1|1|1|| |928.44|0.0| ||37|1306950993| |9999907899| |9999907899|||0|1| |928.44|29-Mar-2021|1|2|A|10|0.0|185.71|0|4|0.0|0.0|0|0|0|0|0|0|0|0|0|0|0|0|0|||||29-Mar-2021|951.0|0|0||Z733|Z733|Y|T7421X|N|N1830|Y|R801|N|I151|N|R809|N|Z653|Y|I4891|Y|E1122|N|E1121|Y|E11319|Y|D4959|Y|D075|Y|E781|Y|E119|Y|E8881|Y|I10|N|Z952|N|I350|Y|R931|Y|I259|Y|E785|Y|E669|Y|G9349|N|G479|Y|||| | | | | | | | | | | | | | | | | | | | | | |Z741|29-Mar-2021|Z9181|29-Mar-2021|Z1331|29-Mar-2021|Z1331|29-Mar-2021|F1990|29-Mar-2021|Z715|29-Mar-2021|||||||||||||||||||||||||||||||||||||||0|0||2|450|M1069|3.0|2021-03-30T00:00:00|hospital_C|hospital_C_20210329
SYN_BENE_B5C58CB96022|SYN_CLM_063C48E14720|V|60|29-Mar-2021|29-Mar-2021|02-Apr-2021||3|377673|1|1|1|| |928.44|0.0| ||37|1306950993| |9999907899| |9999907899|||0|1| |928.44|29-Mar-2021|1|2|A|10|0.0|185.71|0|4|0.0|0.0|0|0|0|0|0|0|0|0|0|0|0|0|0|||||29-Mar-2021|951.0|0|0||Z733|Z733|Y|T7421X|N|N1830|Y|R801|N|I151|N|R809|N|Z653|Y|I4891|Y|E1122|N|E1121|Y|E11319|Y|D4959|Y|D075|Y|E781|Y|E119|Y|E8881|Y|I10|N|Z952|N|I350|Y|R931|Y|I259|Y|E785|Y|E669|Y|G9349|N|G479|Y|||| | | | | | | | | | | | | | | | | | | | | | |Z741|29-Mar-2021|Z9181|29-Mar-2021|Z1331|29-Mar-2021|Z1331|29-Mar-2021|F1990|29-Mar-2021|Z715|29-Mar-2021|||||||||||||||||||||||||||||||||||||||0|0||3|450|G0444|3.0|2021-03-30T00:00:00|hospital_C|hospital_C_20210329
SYN_BENE_B5C58CB96022|SYN_CLM_063C48E14720|V|60|29-Mar-2021|29-Mar-2021|02-Apr-2021||3|377673|1|1|1|| |928.44|0.0| ||37|1306950993| |9999907899| |9999907899|||0|1| |928.44|29-Mar-2021|1|2|A|10|0.0|185.71|0|4|0.0|0.0|0|0|0|0|0|0|0|0|0|0|0|0|0|||||29-Mar-2021|951.0|0|0||Z733|Z733|Y|T7421X|N|N1830|Y|R801|N|I151|N|R809|N|Z653|Y|I4891|Y|E1122|N|E1121|Y|E11319|Y|D4959|Y|D075|Y|E781|Y|E119|Y|E8881|Y|I10|N|Z952|N|I350|Y|R931|Y|I259|Y|E785|Y|E669|Y|G9349|N|G479|Y|||| | | | | | | | | | | | | | | | | | | | | | |Z741|29-Mar-2021|Z9181|29-Mar-2021|Z1331|29-Mar-2021|Z1331|29-Mar-2021|F1990|29-Mar-2021|Z715|29-Mar-2021|||||||||||||||||||||||||||||||||||||||0|0||4|450|G0444|3.0|2021-03-30T00:00:00|hospital_C|hospital_C_20210329
SYN_BENE_B5C58CB96022|SYN_CLM_063C48E14720|V|60|29-Mar-2021|29-Mar-2021|02-Apr-2021||3|377673|1|1|1|| |928.44|0.0| ||37|1306950993| |9999907899| |9999907899|||0|1| |928.44|29-Mar-2021|1|2|A|10|0.0|185.71|0|4|0.0|0.0|0|0|0|0|0|0|0|0|0|0|0|0|0|||||29-Mar-2021|951.0|0|0||Z733|Z733|Y|T7421X|N|N1830|Y|R801|N|I151|N|R809|N|Z653|Y|I4891|Y|E1122|N|E1121|Y|E11319|Y|D4959|Y|D075|Y|E781|Y|E119|Y|E8881|Y|I10|N|Z952|N|I350|Y|R931|Y|I259|Y|E785|Y|E669|Y|G9349|N|G479|Y|||| | | | | | | | | | | | | | | | | | | | | | |Z741|29-Mar-2021|Z9181|29-Mar-2021|Z1331|29-Mar-2021|Z1331|29-Mar-2021|F1990|29-Mar-2021|Z715|29-Mar-2021|||||||||||||||||||||||||||||||||||||||0|0||5|450|99408|3.0|2021-03-30T00:00:00|hospital_C|hospital_C_20210329
SYN_BENE_B5C58CB96022|SYN_CLM_063C48E14720|V|60|29-Mar-2021|29-Mar-2021|02-Apr-2021||3|377673|1|1|1|| |928.44|0.0| ||37|1306950993| |9999907899| |9999907899|||0|1| |928.44|29-Mar-2021|1|2|A|10|0.0|185.71|0|4|0.0|0.0|0|0|0|0|0|0|0|0|0|0|0|0|0|||||29-Mar-2021|951.0|0|0||Z733|Z733|Y|T7421X|N|N1830|Y|R801|N|I151|N|R809|N|Z653|Y|I4891|Y|E1122|N|E1121|Y|E11319|Y|D4959|Y|D075|Y|E781|Y|E119|Y|E8881|Y|I10|N|Z952|N|I350|Y|R931|Y|I259|Y|E785|Y|E669|Y|G9349|N|G479|Y|||| | | | | | | | | | | | | | | | | | | | | | |Z741|29-Mar-2021|Z9181|29-Mar-2021|Z1331|29-Mar-2021|Z1331|29-Mar-2021|F1990|29-Mar-2021|Z715|29-Mar-2021|||||||||||||||||||||||||||||||||||||||0|0||6|450|99408|3.0|2021-03-30T00:00:00|hospital_C|hospital_C_20210329
SYN_BENE_77932DE14222|SYN_CLM_AD5E03EF880D|V|60|29-Mar-2021|29-Mar-2021|02-Apr-2021||3|377673|1|1|1|| |928.44|0.0| ||37|1306950993| |9999907899| |9999907899|||0|1| |928.44|29-Mar-2021|1|2|A|10|0.0|185.71|0|4|0.0|0.0|0|0|0|0|0|0|0|0|0|0|0|0|0|||||29-Mar-2021|951.0|0|0||Z733|Z733|Y|T7421X|N|N1830|Y|R801|N|I151|N|R809|N|Z653|Y|I4891|Y|E1122|N|E1121|Y|E11319|Y|D4959|Y|D075|Y|E781|Y|E119|Y|E8881|Y|I10|N|Z952|N|I350|Y|R931|Y|I259|Y|E785|Y|E669|Y|G9349|N|G479|Y|||| | | | | | | | | | | | | | | | | | | | | | |Z741|29-Mar-2021|Z9181|29-Mar-2021|Z1331|29-Mar-2021|Z1331|29-Mar-2021|F1990|29-Mar-2021|Z715|29-Mar-2021|||||||||||||||||||||||||||||||||||||||0|0||1|450|96156|3.0|2021-03-30T00:00:00|hospital_C|hospital_C_20210329
SYN_BENE_77932DE14222|SYN_CLM_AD5E03EF880D|V|60|29-Mar-2021|29-Mar-2021|02-Apr-2021||3|377673|1|1|1|| |928.44|0.0| ||37|1306950993| |9999907899| |9999907899|||0|1| |928.44|29-Mar-2021|1|2|A|10|0.0|185.71|0|4|0.0|0.0|0|0|0|0|0|0|0|0|0|0|0|0|0|||||29-Mar-2021|951.0|0|0||Z733|Z733|Y|T7421X|N|N1830|Y|R801|N|I151|N|R809|N|Z653|Y|I4891|Y|E1122|N|E1121|Y|E11319|Y|D4959|Y|D075|Y|E781|Y|E119|Y|E8881|Y|I10|N|Z952|N|I350|Y|R931|Y|I259|Y|E785|Y|E669|Y|G9349|N|G479|Y|||| | | | | | | | | | | | | | | | | | | | | | |Z741|29-Mar-2021|Z9181|29-Mar-2021|Z1331|29-Mar-2021|Z1331|29-Mar-2021|F1990|29-Mar-2021|Z715|29-Mar-2021|||||||||||||||||||||||||||||||||||||||0|0||2|450|M1069|3.0|2021-03-30T00:00:00|hospital_C|hospital_C_20210329
SYN_BENE_77932DE14222|SYN_CLM_AD5E03EF880D|V|60|29-Mar-2021|29-Mar-2021|02-Apr-2021||3|377673|1|1|1|| |928.44|0.0| ||37|1306950993| |9999907899| |9999907899|||0|1| |928.44|29-Mar-2021|1|2|A|10|0.0|185.71|0|4|0.0|0.0|0|0|0|0|0|0|0|0|0|0|0|0|0|||||29-Mar-2021|951.0|0|0||Z733|Z733|Y|T7421X|N|N1830|Y|R801|N|I151|N|R809|N|Z653|Y|I4891|Y|E1122|N|E1121|Y|E11319|Y|D4959|Y|D075|Y|E781|Y|E119|Y|E8881|Y|I10|N|Z952|N|I350|Y|R931|Y|I259|Y|E785|Y|E669|Y|G9349|N|G479|Y|||| | | | | | | | | | | | | | | | | | | | | | |Z741|29-Mar-2021|Z9181|29-Mar-2021|Z1331|29-Mar-2021|Z1331|29-Mar-2021|F1990|29-Mar-2021|Z715|29-Mar-2021|||||||||||||||||||||||||||||||||||||||0|0||3|450|G0444|3.0|2021-03-30T00:00:00|hospital_C|hospital_C_20210329
SYN_BENE_77932DE14222|SYN_CLM_AD5E03EF880D|V|60|29-Mar-2021|29-Mar-2021|02-Apr-2021||3|377673|1|1|1|| |928.44|0.0| ||37|1306950993| |9999907899| |9999907899|||0|1| |928.44|29-Mar-2021|1|2|A|10|0.0|185.71|0|4|0.0|0.0|0|0|0|0|0|0|0|0|0|0|0|0|0|||||29-Mar-2021|951.0|0|0||Z733|Z733|Y|T7421X|N|N1830|Y|R801|N|I151|N|R809|N|Z653|Y|I4891|Y|E1122|N|E1121|Y|E11319|Y|D4959|Y|D075|Y|E781|Y|E119|Y|E8881|Y|I10|N|Z952|N|I350|Y|R931|Y|I259|Y|E785|Y|E669|Y|G9349|N|G479|Y|||| | | | | | | | | | | | | | | | | | | | | | |Z741|29-Mar-2021|Z9181|29-Mar-2021|Z1331|29-Mar-2021|Z1331|29-Mar-2021|F1990|29-Mar-2021|Z715|29-Mar-2021|||||||||||||||||||||||||||||||||||||||0|0||4|450|G0444|3.0|2021-03-30T00:00:00|hospital_C|hospital_C_20210329
SYN_BENE_77932DE14222|SYN_CLM_AD5E03EF880D|V|60|29-Mar-2021|29-Mar-2021|02-Apr-2021||3|377673|1|1|1|| |928.44|0.0| ||37|1306950993| |9999907899| |9999907899|||0|1| |928.44|29-Mar-2021|1|2|A|10|0.0|185.71|0|4|0.0|0.0|0|0|0|0|0|0|0|0|0|0|0|0|0|||||29-Mar-2021|951.0|0|0||Z733|Z733|Y|T7421X|N|N1830|Y|R801|N|I151|N|R809|N|Z653|Y|I4891|Y|E1122|N|E1121|Y|E11319|Y|D4959|Y|D075|Y|E781|Y|E119|Y|E8881|Y|I10|N|Z952|N|I350|Y|R931|Y|I259|Y|E785|Y|E669|Y|G9349|N|G479|Y|||| | | | | | | | | | | | | | | | | | | | | | |Z741|29-Mar-2021|Z9181|29-Mar-2021|Z1331|29-Mar-2021|Z1331|29-Mar-2021|F1990|29-Mar-2021|Z715|29-Mar-2021|||||||||||||||||||||||||||||||||||||||0|0||5|450|99408|3.0|2021-03-30T00:00:00|hospital_C|hospital_C_20210329
SYN_BENE_77932DE14222|SYN_CLM_AD5E03EF880D|V|60|29-Mar-2021|29-Mar-2021|02-Apr-2021||3|377673|1|1|1|| |928.44|0.0| ||37|1306950993| |9999907899| |9999907899|||0|1| |928.44|29-Mar-2021|1|2|A|10|0.0|185.71|0|4|0.0|0.0|0|0|0|0|0|0|0|0|0|0|0|0|0|||||29-Mar-2021|951.0|0|0||Z733|Z733|Y|T7421X|N|N1830|Y|R801|N|I151|N|R809|N|Z653|Y|I4891|Y|E1122|N|E1121|Y|E11319|Y|D4959|Y|D075|Y|E781|Y|E119|Y|E8881|Y|I10|N|Z952|N|I350|Y|R931|Y|I259|Y|E785|Y|E669|Y|G9349|N|G479|Y|||| | | | | | | | | | | | | | | | | | | | | | |Z741|29-Mar-2021|Z9181|29-Mar-2021|Z1331|29-Mar-2021|Z1331|29-Mar-2021|F1990|29-Mar-2021|Z715|29-Mar-2021|||||||||||||||||||||||||||||||||||||||0|0||6|450|99408|3.0|2021-03-30T00:00:00|hospital_C|hospital_C_20210329
SYN_BENE_B9DD9110F1CF|SYN_CLM_EEDE46840280|V|60|29-Mar-2021|29-Mar-2021|02-Apr-2021||3|377673|1|1|1|| |928.44|0.0| ||37|1306950993| |9999907899| |9999907899|||0|1| |928.44|29-Mar-2021|1|2|A|10|0.0|185.71|0|4|0.0|0.0|0|0|0|0|0|0|0|0|0|0|0|0|0|||||29-Mar-2021|951.0|0|0||Z733|Z733|Y|T7421X|N|N1830|Y|R801|N|I151|N|R809|N|Z653|Y|I4891|Y|E1122|N|E1121|Y|E11319|Y|D4959|Y|D075|Y|E781|Y|E119|Y|E8881|Y|I10|N|Z952|N|I350|Y|R931|Y|I259|Y|E785|Y|E669|Y|G9349|N|G479|Y|||| | | | | | | | | | | | | | | | | | | | | | |Z741|29-Mar-2021|Z9181|29-Mar-2021|Z1331|29-Mar-2021|Z1331|29-Mar-2021|F1990|29-Mar-2021|Z715|29-Mar-2021|||||||||||||||||||||||||||||||||||||||0|0||1|450|96156|3.0|2021-03-30T00:00:00|hospital_C|hospital_C_20210329
SYN_BENE_B9DD9110F1CF|SYN_CLM_EEDE46840280|V|60|29-Mar-2021|29-Mar-2021|02-Apr-2021||3|377673|1|1|1|| |928.44|0.0| ||37|1306950993| |9999907899| |9999907899|||0|1| |928.44|29-Mar-2021|1|2|A|10|0.0|185.71|0|4|0.0|0.0|0|0|0|0|0|0|0|0|0|0|0|0|0|||||29-Mar-2021|951.0|0|0||Z733|Z733|Y|T7421X|N|N1830|Y|R801|N|I151|N|R809|N|Z653|Y|I4891|Y|E1122|N|E1121|Y|E11319|Y|D4959|Y|D075|Y|E781|Y|E119|Y|E8881|Y|I10|N|Z952|N|I350|Y|R931|Y|I259|Y|E785|Y|E669|Y|G9349|N|G479|Y|||| | | | | | | | | | | | | | | | | | | | | | |Z741|29-Mar-2021|Z9181|29-Mar-2021|Z1331|29-Mar-2021|Z1331|29-Mar-2021|F1990|29-Mar-2021|Z715|29-Mar-2021|||||||||||||||||||||||||||||||||||||||0|0||2|450|M1069|3.0|2021-03-30T00:00:00|hospital_C|hospital_C_20210329
SYN_BENE_B9DD9110F1CF|SYN_CLM_EEDE46840280|V|60|29-Mar-2021|29-Mar-2021|02-Apr-2021||3|377673|1|1|1|| |928.44|0.0| ||37|1306950993| |9999907899| |9999907899|||0|1| |928.44|29-Mar-2021|1|2|A|10|0.0|185.71|0|4|0.0|0.0|0|0|0|0|0|0|0|0|0|0|0|0|0|||||29-Mar-2021|951.0|0|0||Z733|Z733|Y|T7421X|N|N1830|Y|R801|N|I151|N|R809|N|Z653|Y|I4891|Y|E1122|N|E1121|Y|E11319|Y|D4959|Y|D075|Y|E781|Y|E119|Y|E8881|Y|I10|N|Z952|N|I350|Y|R931|Y|I259|Y|E785|Y|E669|Y|G9349|N|G479|Y|||| | | | | | | | | | | | | | | | | | | | | | |Z741|29-Mar-2021|Z9181|29-Mar-2021|Z1331|29-Mar-2021|Z1331|29-Mar-2021|F1990|29-Mar-2021|Z715|29-Mar-2021|||||||||||||||||||||||||||||||||||||||0|0||3|450|G0444|3.0|2021-03-30T00:00:00|hospital_C|hospital_C_20210329
SYN_BENE_B9DD9110F1CF|SYN_CLM_EEDE46840280|V|60|29-Mar-2021|29-Mar-2021|02-Apr-2021||3|377673|1|1|1|| |928.44|0.0| ||37|1306950993| |9999907899| |9999907899|||0|1| |928.44|29-Mar-2021|1|2|A|10|0.0|185.71|0|4|0.0|0.0|0|0|0|0|0|0|0|0|0|0|0|0|0|||||29-Mar-2021|951.0|0|0||Z733|Z733|Y|T7421X|N|N1830|Y|R801|N|I151|N|R809|N|Z653|Y|I4891|Y|E1122|N|E1121|Y|E11319|Y|D4959|Y|D075|Y|E781|Y|E119|Y|E8881|Y|I10|N|Z952|N|I350|Y|R931|Y|I259|Y|E785|Y|E669|Y|G9349|N|G479|Y|||| | | | | | | | | | | | | | | | | | | | | | |Z741|29-Mar-2021|Z9181|29-Mar-2021|Z1331|29-Mar-2021|Z1331|29-Mar-2021|F1990|29-Mar-2021|Z715|29-Mar-2021|||||||||||||||||||||||||||||||||||||||0|0||4|450|G0444|3.0|2021-03-30T00:00:00|hospital_C|hospital_C_20210329
SYN_BENE_B9DD9110F1CF|SYN_CLM_EEDE46840280|V|60|29-Mar-2021|29-Mar-2021|02-Apr-2021||3|377673|1|1|1|| |928.44|0.0| ||37|1306950993| |9999907899| |9999907899|||0|1| |928.44|29-Mar-2021|1|2|A|10|0.0|185.71|0|4|0.0|0.0|0|0|0|0|0|0|0|0|0|0|0|0|0|||||29-Mar-2021|951.0|0|0||Z733|Z733|Y|T7421X|N|N1830|Y|R801|N|I151|N|R809|N|Z653|Y|I4891|Y|E1122|N|E1121|Y|E11319|Y|D4959|Y|D075|Y|E781|Y|E119|Y|E8881|Y|I10|N|Z952|N|I350|Y|R931|Y|I259|Y|E785|Y|E669|Y|G9349|N|G479|Y|||| | | | | | | | | | | | | | | | | | | | | | |Z741|29-Mar-2021|Z9181|29-Mar-2021|Z1331|29-Mar-2021|Z1331|29-Mar-2021|F1990|29-Mar-2021|Z715|29-Mar-2021|||||||||||||||||||||||||||||||||||||||0|0||5|450|99408|3.0|2021-03-30T00:00:00|hospital_C|hospital_C_20210329
SYN_BENE_B9DD9110F1CF|SYN_CLM_EEDE46840280|V|60|29-Mar-2021|29-Mar-2021|02-Apr-2021||3|377673|1|1|1|| |928.44|0.0| ||37|1306950993| |9999907899| |9999907899|||0|1| |928.44|29-Mar-2021|1|2|A|10|0.0|185.71|0|4|0.0|0.0|0|0|0|0|0|0|0|0|0|0|0|0|0|||||29-Mar-2021|951.0|0|0||Z733|Z733|Y|T7421X|N|N1830|Y|R801|N|I151|N|R809|N|Z653|Y|I4891|Y|E1122|N|E1121|Y|E11319|Y|D4959|Y|D075|Y|E781|Y|E119|Y|E8881|Y|I10|N|Z952|N|I350|Y|R931|Y|I259|Y|E785|Y|E669|Y|G9349|N|G479|Y|||| | | | | | | | | | | | | | | | | | | | | | |Z741|29-Mar-2021|Z9181|29-Mar-2021|Z1331|29-Mar-2021|Z1331|29-Mar-2021|F1990|29-Mar-2021|Z715|29-Mar-2021|||||||||||||||||||||||||||||||||||||||0|0||6|450|99408|3.0|2021-03-30T00:00:00|hospital_C|hospital_C_20210329
SYN_BENE_A5D31D9A9249|SYN_CLM_710AF37F1C2F|V|60|29-Mar-2021|29-Mar-2021|02-Apr-2021||3|377673|1|1|1|| |928.44|0.0| ||37|1306950993| |9999907899| |9999907899|||0|1| |928.44|29-Mar-2021|1|2|A|10|0.0|185.71|0|4|0.0|0.0|0|0|0|0|0|0|0|0|0|0|0|0|0|||||29-Mar-2021|951.0|0|0||Z733|Z733|Y|T7421X|N|N1830|Y|R801|N|I151|N|R809|N|Z653|Y|I4891|Y|E1122|N|E1121|Y|E11319|Y|D4959|Y|D075|Y|E781|Y|E119|Y|E8881|Y|I10|N|Z952|N|I350|Y|R931|Y|I259|Y|E785|Y|E669|Y|G9349|N|G479|Y|||| | | | | | | | | | | | | | | | | | | | | | |Z741|29-Mar-2021|Z9181|29-Mar-2021|Z1331|29-Mar-2021|Z1331|29-Mar-2021|F1990|29-Mar-2021|Z715|29-Mar-2021|||||||||||||||||||||||||||||||||||||||0|0||1|450|96156|3.0|2021-03-30T00:00:00|hospital_C|hospital_C_20210329
SYN_BENE_A5D31D9A9249|SYN_CLM_710AF37F1C2F|V|60|29-Mar-2021|29-Mar-2021|02-Apr-2021||3|377673|1|1|1|| |928.44|0.0| ||37|1306950993| |9999907899| |9999907899|||0|1| |928.44|29-Mar-2021|1|2|A|10|0.0|185.71|0|4|0.0|0.0|0|0|0|0|0|0|0|0|0|0|0|0|0|||||29-Mar-2021|951.0|0|0||Z733|Z733|Y|T7421X|N|N1830|Y|R801|N|I151|N|R809|N|Z653|Y|I4891|Y|E1122|N|E1121|Y|E11319|Y|D4959|Y|D075|Y|E781|Y|E119|Y|E8881|Y|I10|N|Z952|N|I350|Y|R931|Y|I259|Y|E785|Y|E669|Y|G9349|N|G479|Y|||| | | | | | | | | | | | | | | | | | | | | | |Z741|29-Mar-2021|Z9181|29-Mar-2021|Z1331|29-Mar-2021|Z1331|29-Mar-2021|F1990|29-Mar-2021|Z715|29-Mar-2021|||||||||||||||||||||||||||||||||||||||0|0||2|450|M1069|3.0|2021-03-30T00:00:00|hospital_C|hospital_C_20210329
SYN_BENE_A5D31D9A9249|SYN_CLM_710AF37F1C2F|V|60|29-Mar-2021|29-Mar-2021|02-Apr-2021||3|377673|1|1|1|| |928.44|0.0| ||37|1306950993| |9999907899| |9999907899|||0|1| |928.44|29-Mar-2021|1|2|A|10|0.0|185.71|0|4|0.0|0.0|0|0|0|0|0|0|0|0|0|0|0|0|0|||||29-Mar-2021|951.0|0|0||Z733|Z733|Y|T7421X|N|N1830|Y|R801|N|I151|N|R809|N|Z653|Y|I4891|Y|E1122|N|E1121|Y|E11319|Y|D4959|Y|D075|Y|E781|Y|E119|Y|E8881|Y|I10|N|Z952|N|I350|Y|R931|Y|I259|Y|E785|Y|E669|Y|G9349|N|G479|Y|||| | | | | | | | | | | | | | | | | | | | | | |Z741|29-Mar-2021|Z9181|29-Mar-2021|Z1331|29-Mar-2021|Z1331|29-Mar-2021|F1990|29-Mar-2021|Z715|29-Mar-2021|||||||||||||||||||||||||||||||||||||||0|0||3|450|G0444|3.0|2021-03-30T00:00:00|hospital_C|hospital_C_20210329
SYN_BENE_A5D31D9A9249|SYN_CLM_710AF37F1C2F|V|60|29-Mar-2021|29-Mar-2021|02-Apr-2021||3|377673|1|1|1|| |928.44|0.0| ||37|1306950993| |9999907899| |9999907899|||0|1| |928.44|29-Mar-2021|1|2|A|10|0.0|185.71|0|4|0.0|0.0|0|0|0|0|0|0|0|0|0|0|0|0|0|||||29-Mar-2021|951.0|0|0||Z733|Z733|Y|T7421X|N|N1830|Y|R801|N|I151|N|R809|N|Z653|Y|I4891|Y|E1122|N|E1121|Y|E11319|Y|D4959|Y|D075|Y|E781|Y|E119|Y|E8881|Y|I10|N|Z952|N|I350|Y|R931|Y|I259|Y|E785|Y|E669|Y|G9349|N|G479|Y|||| | | | | | | | | | | | | | | | | | | | | | |Z741|29-Mar-2021|Z9181|29-Mar-2021|Z1331|29-Mar-2021|Z1331|29-Mar-2021|F1990|29-Mar-2021|Z715|29-Mar-2021|||||||||||||||||||||||||||||||||||||||0|0||4|450|G0444|3.0|2021-03-30T00:00:00|hospital_C|hospital_C_20210329
SYN_BENE_A5D31D9A9249|SYN_CLM_710AF37F1C2F|V|60|29-Mar-2021|29-Mar-2021|02-Apr-2021||3|377673|1|1|1|| |928.44|0.0| ||37|1306950993| |9999907899| |9999907899|||0|1| |928.44|29-Mar-2021|1|2|A|10|0.0|185.71|0|4|0.0|0.0|0|0|0|0|0|0|0|0|0|0|0|0|0|||||29-Mar-2021|951.0|0|0||Z733|Z733|Y|T7421X|N|N1830|Y|R801|N|I151|N|R809|N|Z653|Y|I4891|Y|E1122|N|E1121|Y|E11319|Y|D4959|Y|D075|Y|E781|Y|E119|Y|E8881|Y|I10|N|Z952|N|I350|Y|R931|Y|I259|Y|E785|Y|E669|Y|G9349|N|G479|Y|||| | | | | | | | | | | | | | | | | | | | | | |Z741|29-Mar-2021|Z9181|29-Mar-2021|Z1331|29-Mar-2021|Z1331|29-Mar-2021|F1990|29-Mar-2021|Z715|29-Mar-2021|||||||||||||||||||||||||||||||||||||||0|0||5|450|99408|3.0|2021-03-30T00:00:00|hospital_C|hospital_C_20210329
SYN_BENE_A5D31D9A9249|SYN_CLM_710AF37F1C2F|V|60|29-Mar-2021|29-Mar-2021|02-Apr-2021||3|377673|1|1|1|| |928.44|0.0| ||37|1306950993| |9999907899| |9999907899|||0|1| |928.44|29-Mar-2021|1|2|A|10|0.0|185.71|0|4|0.0|0.0|0|0|0|0|0|0|0|0|0|0|0|0|0|||||29-Mar-2021|951.0|0|0||Z733|Z733|Y|T7421X|N|N1830|Y|R801|N|I151|N|R809|N|Z653|Y|I4891|Y|E1122|N|E1121|Y|E11319|Y|D4959|Y|D075|Y|E781|Y|E119|Y|E8881|Y|I10|N|Z952|N|I350|Y|R931|Y|I259|Y|E785|Y|E669|Y|G9349|N|G479|Y|||| | | | | | | | | | | | | | | | | | | | | | |Z741|29-Mar-2021|Z9181|29-Mar-2021|Z1331|29-Mar-2021|Z1331|29-Mar-2021|F1990|29-Mar-2021|Z715|29-Mar-2021|||||||||||||||||||||||||||||||||||||||0|0||6|450|99408|3.0|2021-03-30T00:00:00|hospital_C|hospital_C_20210329
SYN_BENE_E73627B41C85|SYN_CLM_5386B62A5846|V|60|29-Mar-2021|29-Mar-2021|02-Apr-2021||3|377673|1|1|1|| |928.44|0.0| ||37|1306950993| |9999907899| |9999907899|||0|1| |928.44|29-Mar-2021|1|2|A|10|0.0|185.71|0|4|0.0|0.0|0|0|0|0|0|0|0|0|0|0|0|0|0|||||29-Mar-2021|951.0|0|0||Z733|Z733|Y|T7421X|N|N1830|Y|R801|N|I151|N|R809|N|Z653|Y|I4891|Y|E1122|N|E1121|Y|E11319|Y|D4959|Y|D075|Y|E781|Y|E119|Y|E8881|Y|I10|N|Z952|N|I350|Y|R931|Y|I259|Y|E785|Y|E669|Y|G9349|N|G479|Y|||| | | | | | | | | | | | | | | | | | | | | | |Z741|29-Mar-2021|Z9181|29-Mar-2021|Z1331|29-Mar-2021|Z1331|29-Mar-2021|F1990|29-Mar-2021|Z715|29-Mar-2021|||||||||||||||||||||||||||||||||||||||0|0||1|450|96156|3.0|2021-03-30T00:00:00|hospital_C|hospital_C_20210329
SYN_BENE_E73627B41C85|SYN_CLM_5386B62A5846|V|60|29-Mar-2021|29-Mar-2021|02-Apr-2021||3|377673|1|1|1|| |928.44|0.0| ||37|1306950993| |9999907899| |9999907899|||0|1| |928.44|29-Mar-2021|1|2|A|10|0.0|185.71|0|4|0.0|0.0|0|0|0|0|0|0|0|0|0|0|0|0|0|||||29-Mar-2021|951.0|0|0||Z733|Z733|Y|T7421X|N|N1830|Y|R801|N|I151|N|R809|N|Z653|Y|I4891|Y|E1122|N|E1121|Y|E11319|Y|D4959|Y|D075|Y|E781|Y|E119|Y|E8881|Y|I10|N|Z952|N|I350|Y|R931|Y|I259|Y|E785|Y|E669|Y|G9349|N|G479|Y|||| | | | | | | | | | | | | | | | | | | | | | |Z741|29-Mar-2021|Z9181|29-Mar-2021|Z1331|29-Mar-2021|Z1331|29-Mar-2021|F1990|29-Mar-2021|Z715|29-Mar-2021|||||||||||||||||||||||||||||||||||||||0|0||2|450|M1069|3.0|2021-03-30T00:00:00|hospital_C|hospital_C_20210329
SYN_BENE_E73627B41C85|SYN_CLM_5386B62A5846|V|60|29-Mar-2021|29-Mar-2021|02-Apr-2021||3|377673|1|1|1|| |928.44|0.0| ||37|1306950993| |9999907899| |9999907899|||0|1| |928.44|29-Mar-2021|1|2|A|10|0.0|185.71|0|4|0.0|0.0|0|0|0|0|0|0|0|0|0|0|0|0|0|||||29-Mar-2021|951.0|0|0||Z733|Z733|Y|T7421X|N|N1830|Y|R801|N|I151|N|R809|N|Z653|Y|I4891|Y|E1122|N|E1121|Y|E11319|Y|D4959|Y|D075|Y|E781|Y|E119|Y|E8881|Y|I10|N|Z952|N|I350|Y|R931|Y|I259|Y|E785|Y|E669|Y|G9349|N|G479|Y|||| | | | | | | | | | | | | | | | | | | | | | |Z741|29-Mar-2021|Z9181|29-Mar-2021|Z1331|29-Mar-2021|Z1331|29-Mar-2021|F1990|29-Mar-2021|Z715|29-Mar-2021|||||||||||||||||||||||||||||||||||||||0|0||3|450|G0444|3.0|2021-03-30T00:00:00|hospital_C|hospital_C_20210329
SYN_BENE_E73627B41C85|SYN_CLM_5386B62A5846|V|60|29-Mar-2021|29-Mar-2021|02-Apr-2021||3|377673|1|1|1|| |928.44|0.0| ||37|1306950993| |9999907899| |9999907899|||0|1| |928.44|29-Mar-2021|1|2|A|10|0.0|185.71|0|4|0.0|0.0|0|0|0|0|0|0|0|0|0|0|0|0|0|||||29-Mar-2021|951.0|0|0||Z733|Z733|Y|T7421X|N|N1830|Y|R801|N|I151|N|R809|N|Z653|Y|I4891|Y|E1122|N|E1121|Y|E11319|Y|D4959|Y|D075|Y|E781|Y|E119|Y|E8881|Y|I10|N|Z952|N|I350|Y|R931|Y|I259|Y|E785|Y|E669|Y|G9349|N|G479|Y|||| | | | | | | | | | | | | | | | | | | | | | |Z741|29-Mar-2021|Z9181|29-Mar-2021|Z1331|29-Mar-2021|Z1331|29-Mar-2021|F1990|29-Mar-2021|Z715|29-Mar-2021|||||||||||||||||||||||||||||||||||||||0|0||4|450|G0444|3.0|2021-03-30T00:00:00|hospital_C|hospital_C_20210329
SYN_BENE_E73627B41C85|SYN_CLM_5386B62A5846|V|60|29-Mar-2021|29-Mar-2021|02-Apr-2021||3|377673|1|1|1|| |928.44|0.0| ||37|1306950993| |9999907899| |9999907899|||0|1| |928.44|29-Mar-2021|1|2|A|10|0.0|185.71|0|4|0.0|0.0|0|0|0|0|0|0|0|0|0|0|0|0|0|||||29-Mar-2021|951.0|0|0||Z733|Z733|Y|T7421X|N|N1830|Y|R801|N|I151|N|R809|N|Z653|Y|I4891|Y|E1122|N|E1121|Y|E11319|Y|D4959|Y|D075|Y|E781|Y|E119|Y|E8881|Y|I10|N|Z952|N|I350|Y|R931|Y|I259|Y|E785|Y|E669|Y|G9349|N|G479|Y|||| | | | | | | | | | | | | | | | | | | | | | |Z741|29-Mar-2021|Z9181|29-Mar-2021|Z1331|29-Mar-2021|Z1331|29-Mar-2021|F1990|29-Mar-2021|Z715|29-Mar-2021|||||||||||||||||||||||||||||||||||||||0|0||5|450|99408|3.0|2021-03-30T00:00:00|hospital_C|hospital_C_20210329
SYN_BENE_E73627B41C85|SYN_CLM_5386B62A5846|V|60|29-Mar-2021|29-Mar-2021|02-Apr-2021||3|377673|1|1|1|| |928.44|0.0| ||37|1306950993| |9999907899| |9999907899|||0|1| |928.44|29-Mar-2021|1|2|A|10|0.0|185.71|0|4|0.0|0.0|0|0|0|0|0|0|0|0|0|0|0|0|0|||||29-Mar-2021|951.0|0|0||Z733|Z733|Y|T7421X|N|N1830|Y|R801|N|I151|N|R809|N|Z653|Y|I4891|Y|E1122|N|E1121|Y|E11319|Y|D4959|Y|D075|Y|E781|Y|E119|Y|E8881|Y|I10|N|Z952|N|I350|Y|R931|Y|I259|Y|E785|Y|E669|Y|G9349|N|G479|Y|||| | | | | | | | | | | | | | | | | | | | | | |Z741|29-Mar-2021|Z9181|29-Mar-2021|Z1331|29-Mar-2021|Z1331|29-Mar-2021|F1990|29-Mar-2021|Z715|29-Mar-2021|||||||||||||||||||||||||||||||||||||||0|0||6|450|99408|3.0|2021-03-30T00:00:00|hospital_C|hospital_C_20210329
SYN_BENE_958D9A7EB2E9|SYN_CLM_CFD7E29A360B|V|60|29-Mar-2021|29-Mar-2021|02-Apr-2021||3|377673|1|1|1|| |928.44|0.0| ||37|1306950993| |9999907899| |9999907899|||0|1| |928.44|29-Mar-2021|1|2|A|10|0.0|185.71|0|4|0.0|0.0|0|0|0|0|0|0|0|0|0|0|0|0|0|||||29-Mar-2021|951.0|0|0||Z733|Z733|Y|T7421X|N|N1830|Y|R801|N|I151|N|R809|N|Z653|Y|I4891|Y|E1122|N|E1121|Y|E11319|Y|D4959|Y|D075|Y|E781|Y|E119|Y|E8881|Y|I10|N|Z952|N|I350|Y|R931|Y|I259|Y|E785|Y|E669|Y|G9349|N|G479|Y|||| | | | | | | | | | | | | | | | | | | | | | |Z741|29-Mar-2021|Z9181|29-Mar-2021|Z1331|29-Mar-2021|Z1331|29-Mar-2021|F1990|29-Mar-2021|Z715|29-Mar-2021|||||||||||||||||||||||||||||||||||||||0|0||1|450|96156|3.0|2021-03-30T00:00:00|hospital_C|hospital_C_20210329
SYN_BENE_958D9A7EB2E9|SYN_CLM_CFD7E29A360B|V|60|29-Mar-2021|29-Mar-2021|02-Apr-2021||3|377673|1|1|1|| |928.44|0.0| ||37|1306950993| |9999907899| |9999907899|||0|1| |928.44|29-Mar-2021|1|2|A|10|0.0|185.71|0|4|0.0|0.0|0|0|0|0|0|0|0|0|0|0|0|0|0|||||29-Mar-2021|951.0|0|0||Z733|Z733|Y|T7421X|N|N1830|Y|R801|N|I151|N|R809|N|Z653|Y|I4891|Y|E1122|N|E1121|Y|E11319|Y|D4959|Y|D075|Y|E781|Y|E119|Y|E8881|Y|I10|N|Z952|N|I350|Y|R931|Y|I259|Y|E785|Y|E669|Y|G9349|N|G479|Y|||| | | | | | | | | | | | | | | | | | | | | | |Z741|29-Mar-2021|Z9181|29-Mar-2021|Z1331|29-Mar-2021|Z1331|29-Mar-2021|F1990|29-Mar-2021|Z715|29-Mar-2021|||||||||||||||||||||||||||||||||||||||0|0||2|450|M1069|3.0|2021-03-30T00:00:00|hospital_C|hospital_C_20210329
SYN_BENE_958D9A7EB2E9|SYN_CLM_CFD7E29A360B|V|60|29-Mar-2021|29-Mar-2021|02-Apr-2021||3|377673|1|1|1|| |928.44|0.0| ||37|1306950993| |9999907899| |9999907899|||0|1| |928.44|29-Mar-2021|1|2|A|10|0.0|185.71|0|4|0.0|0.0|0|0|0|0|0|0|0|0|0|0|0|0|0|||||29-Mar-2021|951.0|0|0||Z733|Z733|Y|T7421X|N|N1830|Y|R801|N|I151|N|R809|N|Z653|Y|I4891|Y|E1122|N|E1121|Y|E11319|Y|D4959|Y|D075|Y|E781|Y|E119|Y|E8881|Y|I10|N|Z952|N|I350|Y|R931|Y|I259|Y|E785|Y|E669|Y|G9349|N|G479|Y|||| | | | | | | | | | | | | | | | | | | | | | |Z741|29-Mar-2021|Z9181|29-Mar-2021|Z1331|29-Mar-2021|Z1331|29-Mar-2021|F1990|29-Mar-2021|Z715|29-Mar-2021|||||||||||||||||||||||||||||||||||||||0|0||3|450|G0444|3.0|2021-03-30T00:00:00|hospital_C|hospital_C_20210329
SYN_BENE_958D9A7EB2E9|SYN_CLM_CFD7E29A360B|V|60|29-Mar-2021|29-Mar-2021|02-Apr-2021||3|377673|1|1|1|| |928.44|0.0| ||37|1306950993| |9999907899| |9999907899|||0|1| |928.44|29-Mar-2021|1|2|A|10|0.0|185.71|0|4|0.0|0.0|0|0|0|0|0|0|0|0|0|0|0|0|0|||||29-Mar-2021|951.0|0|0||Z733|Z733|Y|T7421X|N|N1830|Y|R801|N|I151|N|R809|N|Z653|Y|I4891|Y|E1122|N|E1121|Y|E11319|Y|D4959|Y|D075|Y|E781|Y|E119|Y|E8881|Y|I10|N|Z952|N|I350|Y|R931|Y|I259|Y|E785|Y|E669|Y|G9349|N|G479|Y|||| | | | | | | | | | | | | | | | | | | | | | |Z741|29-Mar-2021|Z9181|29-Mar-2021|Z1331|29-Mar-2021|Z1331|29-Mar-2021|F1990|29-Mar-2021|Z715|29-Mar-2021|||||||||||||||||||||||||||||||||||||||0|0||4|450|G0444|3.0|2021-03-30T00:00:00|hospital_C|hospital_C_20210329
SYN_BENE_958D9A7EB2E9|SYN_CLM_CFD7E29A360B|V|60|29-Mar-2021|29-Mar-2021|02-Apr-2021||3|377673|1|1|1|| |928.44|0.0| ||37|1306950993| |9999907899| |9999907899|||0|1| |928.44|29-Mar-2021|1|2|A|10|0.0|185.71|0|4|0.0|0.0|0|0|0|0|0|0|0|0|0|0|0|0|0|||||29-Mar-2021|951.0|0|0||Z733|Z733|Y|T7421X|N|N1830|Y|R801|N|I151|N|R809|N|Z653|Y|I4891|Y|E1122|N|E1121|Y|E11319|Y|D4959|Y|D075|Y|E781|Y|E119|Y|E8881|Y|I10|N|Z952|N|I350|Y|R931|Y|I259|Y|E785|Y|E669|Y|G9349|N|G479|Y|||| | | | | | | | | | | | | | | | | | | | | | |Z741|29-Mar-2021|Z9181|29-Mar-2021|Z1331|29-Mar-2021|Z1331|29-Mar-2021|F1990|29-Mar-2021|Z715|29-Mar-2021|||||||||||||||||||||||||||||||||||||||0|0||5|450|99408|3.0|2021-03-30T00:00:00|hospital_C|hospital_C_20210329
SYN_BENE_958D9A7EB2E9|SYN_CLM_CFD7E29A360B|V|60|29-Mar-2021|29-Mar-2021|02-Apr-2021||3|377673|1|1|1|| |928.44|0.0| ||37|1306950993| |9999907899| |9999907899|||0|1| |928.44|29-Mar-2021|1|2|A|10|0.0|185.71|0|4|0.0|0.0|0|0|0|0|0|0|0|0|0|0|0|0|0|||||29-Mar-2021|951.0|0|0||Z733|Z733|Y|T7421X|N|N1830|Y|R801|N|I151|N|R809|N|Z653|Y|I4891|Y|E1122|N|E1121|Y|E11319|Y|D4959|Y|D075|Y|E781|Y|E119|Y|E8881|Y|I10|N|Z952|N|I350|Y|R931|Y|I259|Y|E785|Y|E669|Y|G9349|N|G479|Y|||| | | | | | | | | | | | | | | | | | | | | | |Z741|29-Mar-2021|Z9181|29-Mar-2021|Z1331|29-Mar-2021|Z1331|29-Mar-2021|F1990|29-Mar-2021|Z715|29-Mar-2021|||||||||||||||||||||||||||||||||||||||0|0||6|450|99408|3.0|2021-03-30T00:00:00|hospital_C|hospital_C_20210329
SYN_BENE_629FE81876A4|SYN_CLM_C7FF864D5EAC|V|60|29-Mar-2021|29-Mar-2021|02-Apr-2021||3|377673|1|1|1|| |928.44|0.0| ||37|1306950993| |9999907899| |9999907899|||0|1| |928.44|29-Mar-2021|1|2|A|10|0.0|185.71|0|4|0.0|0.0|0|0|0|0|0|0|0|0|0|0|0|0|0|||||29-Mar-2021|951.0|0|0||Z733|Z733|Y|T7421X|N|N1830|Y|R801|N|I151|N|R809|N|Z653|Y|I4891|Y|E1122|N|E1121|Y|E11319|Y|D4959|Y|D075|Y|E781|Y|E119|Y|E8881|Y|I10|N|Z952|N|I350|Y|R931|Y|I259|Y|E785|Y|E669|Y|G9349|N|G479|Y|||| | | | | | | | | | | | | | | | | | | | | | |Z741|29-Mar-2021|Z9181|29-Mar-2021|Z1331|29-Mar-2021|Z1331|29-Mar-2021|F1990|29-Mar-2021|Z715|29-Mar-2021|||||||||||||||||||||||||||||||||||||||0|0||1|450|96156|3.0|2021-03-30T00:00:00|hospital_C|hospital_C_20210329
SYN_BENE_629FE81876A4|SYN_CLM_C7FF864D5EAC|V|60|29-Mar-2021|29-Mar-2021|02-Apr-2021||3|377673|1|1|1|| |928.44|0.0| ||37|1306950993| |9999907899| |9999907899|||0|1| |928.44|29-Mar-2021|1|2|A|10|0.0|185.71|0|4|0.0|0.0|0|0|0|0|0|0|0|0|0|0|0|0|0|||||29-Mar-2021|951.0|0|0||Z733|Z733|Y|T7421X|N|N1830|Y|R801|N|I151|N|R809|N|Z653|Y|I4891|Y|E1122|N|E1121|Y|E11319|Y|D4959|Y|D075|Y|E781|Y|E119|Y|E8881|Y|I10|N|Z952|N|I350|Y|R931|Y|I259|Y|E785|Y|E669|Y|G9349|N|G479|Y|||| | | | | | | | | | | | | | | | | | | | | | |Z741|29-Mar-2021|Z9181|29-Mar-2021|Z1331|29-Mar-2021|Z1331|29-Mar-2021|F1990|29-Mar-2021|Z715|29-Mar-2021|||||||||||||||||||||||||||||||||||||||0|0||2|450|M1069|3.0|2021-03-30T00:00:00|hospital_C|hospital_C_20210329
SYN_BENE_629FE81876A4|SYN_CLM_C7FF864D5EAC|V|60|29-Mar-2021|29-Mar-2021|02-Apr-2021||3|377673|1|1|1|| |928.44|0.0| ||37|1306950993| |9999907899| |9999907899|||0|1| |928.44|29-Mar-2021|1|2|A|10|0.0|185.71|0|4|0.0|0.0|0|0|0|0|0|0|0|0|0|0|0|0|0|||||29-Mar-2021|951.0|0|0||Z733|Z733|Y|T7421X|N|N1830|Y|R801|N|I151|N|R809|N|Z653|Y|I4891|Y|E1122|N|E1121|Y|E11319|Y|D4959|Y|D075|Y|E781|Y|E119|Y|E8881|Y|I10|N|Z952|N|I350|Y|R931|Y|I259|Y|E785|Y|E669|Y|G9349|N|G479|Y|||| | | | | | | | | | | | | | | | | | | | | | |Z741|29-Mar-2021|Z9181|29-Mar-2021|Z1331|29-Mar-2021|Z1331|29-Mar-2021|F1990|29-Mar-2021|Z715|29-Mar-2021|||||||||||||||||||||||||||||||||||||||0|0||3|450|G0444|3.0|2021-03-30T00:00:00|hospital_C|hospital_C_20210329
SYN_BENE_629FE81876A4|SYN_CLM_C7FF864D5EAC|V|60|29-Mar-2021|29-Mar-2021|02-Apr-2021||3|377673|1|1|1|| |928.44|0.0| ||37|1306950993| |9999907899| |9999907899|||0|1| |928.44|29-Mar-2021|1|2|A|10|0.0|185.71|0|4|0.0|0.0|0|0|0|0|0|0|0|0|0|0|0|0|0|||||29-Mar-2021|951.0|0|0||Z733|Z733|Y|T7421X|N|N1830|Y|R801|N|I151|N|R809|N|Z653|Y|I4891|Y|E1122|N|E1121|Y|E11319|Y|D4959|Y|D075|Y|E781|Y|E119|Y|E8881|Y|I10|N|Z952|N|I350|Y|R931|Y|I259|Y|E785|Y|E669|Y|G9349|N|G479|Y|||| | | | | | | | | | | | | | | | | | | | | | |Z741|29-Mar-2021|Z9181|29-Mar-2021|Z1331|29-Mar-2021|Z1331|29-Mar-2021|F1990|29-Mar-2021|Z715|29-Mar-2021|||||||||||||||||||||||||||||||||||||||0|0||4|450|G0444|3.0|2021-03-30T00:00:00|hospital_C|hospital_C_20210329
SYN_BENE_629FE81876A4|SYN_CLM_C7FF864D5EAC|V|60|29-Mar-2021|29-Mar-2021|02-Apr-2021||3|377673|1|1|1|| |928.44|0.0| ||37|1306950993| |9999907899| |9999907899|||0|1| |928.44|29-Mar-2021|1|2|A|10|0.0|185.71|0|4|0.0|0.0|0|0|0|0|0|0|0|0|0|0|0|0|0|||||29-Mar-2021|951.0|0|0||Z733|Z733|Y|T7421X|N|N1830|Y|R801|N|I151|N|R809|N|Z653|Y|I4891|Y|E1122|N|E1121|Y|E11319|Y|D4959|Y|D075|Y|E781|Y|E119|Y|E8881|Y|I10|N|Z952|N|I350|Y|R931|Y|I259|Y|E785|Y|E669|Y|G9349|N|G479|Y|||| | | | | | | | | | | | | | | | | | | | | | |Z741|29-Mar-2021|Z9181|29-Mar-2021|Z1331|29-Mar-2021|Z1331|29-Mar-2021|F1990|29-Mar-2021|Z715|29-Mar-2021|||||||||||||||||||||||||||||||||||||||0|0||5|450|99408|3.0|2021-03-30T00:00:00|hospital_C|hospital_C_20210329
SYN_BENE_629FE81876A4|SYN_CLM_C7FF864D5EAC|V|60|29-Mar-2021|29-Mar-2021|02-Apr-2021||3|377673|1|1|1|| |928.44|0.0| ||37|1306950993| |9999907899| |9999907899|||0|1| |928.44|29-Mar-2021|1|2|A|10|0.0|185.71|0|4|0.0|0.0|0|0|0|0|0|0|0|0|0|0|0|0|0|||||29-Mar-2021|951.0|0|0||Z733|Z733|Y|T7421X|N|N1830|Y|R801|N|I151|N|R809|N|Z653|Y|I4891|Y|E1122|N|E1121|Y|E11319|Y|D4959|Y|D075|Y|E781|Y|E119|Y|E8881|Y|I10|N|Z952|N|I350|Y|R931|Y|I259|Y|E785|Y|E669|Y|G9349|N|G479|Y|||| | | | | | | | | | | | | | | | | | | | | | |Z741|29-Mar-2021|Z9181|29-Mar-2021|Z1331|29-Mar-2021|Z1331|29-Mar-2021|F1990|29-Mar-2021|Z715|29-Mar-2021|||||||||||||||||||||||||||||||||||||||0|0||6|450|99408|3.0|2021-03-30T00:00:00|hospital_C|hospital_C_20210329
SYN_BENE_BEF916BF43F5|SYN_CLM_75E2011A9CC8|V|60|29-Mar-2021|29-Mar-2021|02-Apr-2021||3|377673|1|1|1|| |928.44|0.0| ||37|1306950993| |9999907899| |9999907899|||0|1| |928.44|29-Mar-2021|1|2|A|10|0.0|185.71|0|4|0.0|0.0|0|0|0|0|0|0|0|0|0|0|0|0|0|||||29-Mar-2021|951.0|0|0||Z733|Z733|Y|T7421X|N|N1830|Y|R801|N|I151|N|R809|N|Z653|Y|I4891|Y|E1122|N|E1121|Y|E11319|Y|D4959|Y|D075|Y|E781|Y|E119|Y|E8881|Y|I10|N|Z952|N|I350|Y|R931|Y|I259|Y|E785|Y|E669|Y|G9349|N|G479|Y|||| | | | | | | | | | | | | | | | | | | | | | |Z741|29-Mar-2021|Z9181|29-Mar-2021|Z1331|29-Mar-2021|Z1331|29-Mar-2021|F1990|29-Mar-2021|Z715|29-Mar-2021|||||||||||||||||||||||||||||||||||||||0|0||1|450|96156|3.0|2021-03-30T00:00:00|hospital_C|hospital_C_20210329
SYN_BENE_BEF916BF43F5|SYN_CLM_75E2011A9CC8|V|60|29-Mar-2021|29-Mar-2021|02-Apr-2021||3|377673|1|1|1|| |928.44|0.0| ||37|1306950993| |9999907899| |9999907899|||0|1| |928.44|29-Mar-2021|1|2|A|10|0.0|185.71|0|4|0.0|0.0|0|0|0|0|0|0|0|0|0|0|0|0|0|||||29-Mar-2021|951.0|0|0||Z733|Z733|Y|T7421X|N|N1830|Y|R801|N|I151|N|R809|N|Z653|Y|I4891|Y|E1122|N|E1121|Y|E11319|Y|D4959|Y|D075|Y|E781|Y|E119|Y|E8881|Y|I10|N|Z952|N|I350|Y|R931|Y|I259|Y|E785|Y|E669|Y|G9349|N|G479|Y|||| | | | | | | | | | | | | | | | | | | | | | |Z741|29-Mar-2021|Z9181|29-Mar-2021|Z1331|29-Mar-2021|Z1331|29-Mar-2021|F1990|29-Mar-2021|Z715|29-Mar-2021|||||||||||||||||||||||||||||||||||||||0|0||2|450|M1069|3.0|2021-03-30T00:00:00|hospital_C|hospital_C_20210329
SYN_BENE_BEF916BF43F5|SYN_CLM_75E2011A9CC8|V|60|29-Mar-2021|29-Mar-2021|02-Apr-2021||3|377673|1|1|1|| |928.44|0.0| ||37|1306950993| |9999907899| |9999907899|||0|1| |928.44|29-Mar-2021|1|2|A|10|0.0|185.71|0|4|0.0|0.0|0|0|0|0|0|0|0|0|0|0|0|0|0|||||29-Mar-2021|951.0|0|0||Z733|Z733|Y|T7421X|N|N1830|Y|R801|N|I151|N|R809|N|Z653|Y|I4891|Y|E1122|N|E1121|Y|E11319|Y|D4959|Y|D075|Y|E781|Y|E119|Y|E8881|Y|I10|N|Z952|N|I350|Y|R931|Y|I259|Y|E785|Y|E669|Y|G9349|N|G479|Y|||| | | | | | | | | | | | | | | | | | | | | | |Z741|29-Mar-2021|Z9181|29-Mar-2021|Z1331|29-Mar-2021|Z1331|29-Mar-2021|F1990|29-Mar-2021|Z715|29-Mar-2021|||||||||||||||||||||||||||||||||||||||0|0||3|450|G0444|3.0|2021-03-30T00:00:00|hospital_C|hospital_C_20210329
SYN_BENE_BEF916BF43F5|SYN_CLM_75E2011A9CC8|V|60|29-Mar-2021|29-Mar-2021|02-Apr-2021||3|377673|1|1|1|| |928.44|0.0| ||37|1306950993| |9999907899| |9999907899|||0|1| |928.44|29-Mar-2021|1|2|A|10|0.0|185.71|0|4|0.0|0.0|0|0|0|0|0|0|0|0|0|0|0|0|0|||||29-Mar-2021|951.0|0|0||Z733|Z733|Y|T7421X|N|N1830|Y|R801|N|I151|N|R809|N|Z653|Y|I4891|Y|E1122|N|E1121|Y|E11319|Y|D4959|Y|D075|Y|E781|Y|E119|Y|E8881|Y|I10|N|Z952|N|I350|Y|R931|Y|I259|Y|E785|Y|E669|Y|G9349|N|G479|Y|||| | | | | | | | | | | | | | | | | | | | | | |Z741|29-Mar-2021|Z9181|29-Mar-2021|Z1331|29-Mar-2021|Z1331|29-Mar-2021|F1990|29-Mar-2021|Z715|29-Mar-2021|||||||||||||||||||||||||||||||||||||||0|0||4|450|G0444|3.0|2021-03-30T00:00:00|hospital_C|hospital_C_20210329
SYN_BENE_BEF916BF43F5|SYN_CLM_75E2011A9CC8|V|60|29-Mar-2021|29-Mar-2021|02-Apr-2021||3|377673|1|1|1|| |928.44|0.0| ||37|1306950993| |9999907899| |9999907899|||0|1| |928.44|29-Mar-2021|1|2|A|10|0.0|185.71|0|4|0.0|0.0|0|0|0|0|0|0|0|0|0|0|0|0|0|||||29-Mar-2021|951.0|0|0||Z733|Z733|Y|T7421X|N|N1830|Y|R801|N|I151|N|R809|N|Z653|Y|I4891|Y|E1122|N|E1121|Y|E11319|Y|D4959|Y|D075|Y|E781|Y|E119|Y|E8881|Y|I10|N|Z952|N|I350|Y|R931|Y|I259|Y|E785|Y|E669|Y|G9349|N|G479|Y|||| | | | | | | | | | | | | | | | | | | | | | |Z741|29-Mar-2021|Z9181|29-Mar-2021|Z1331|29-Mar-2021|Z1331|29-Mar-2021|F1990|29-Mar-2021|Z715|29-Mar-2021|||||||||||||||||||||||||||||||||||||||0|0||5|450|99408|3.0|2021-03-30T00:00:00|hospital_C|hospital_C_20210329
SYN_BENE_BEF916BF43F5|SYN_CLM_75E2011A9CC8|V|60|29-Mar-2021|29-Mar-2021|02-Apr-2021||3|377673|1|1|1|| |928.44|0.0| ||37|1306950993| |9999907899| |9999907899|||0|1| |928.44|29-Mar-2021|1|2|A|10|0.0|185.71|0|4|0.0|0.0|0|0|0|0|0|0|0|0|0|0|0|0|0|||||29-Mar-2021|951.0|0|0||Z733|Z733|Y|T7421X|N|N1830|Y|R801|N|I151|N|R809|N|Z653|Y|I4891|Y|E1122|N|E1121|Y|E11319|Y|D4959|Y|D075|Y|E781|Y|E119|Y|E8881|Y|I10|N|Z952|N|I350|Y|R931|Y|I259|Y|E785|Y|E669|Y|G9349|N|G479|Y|||| | | | | | | | | | | | | | | | | | | | | | |Z741|29-Mar-2021|Z9181|29-Mar-2021|Z1331|29-Mar-2021|Z1331|29-Mar-2021|F1990|29-Mar-2021|Z715|29-Mar-2021|||||||||||||||||||||||||||||||||||||||0|0||6|450|99408|3.0|2021-03-30T00:00:00|hospital_C|hospital_C_20210329
SYN_BENE_58BBF5FC95AD|SYN_CLM_3624B936D798|V|60|29-Mar-2021|29-Mar-2021|02-Apr-2021||3|377673|1|1|1|| |928.44|0.0| ||37|1306950993| |9999907899| |9999907899|||0|1| |928.44|29-Mar-2021|1|2|A|10|0.0|185.71|0|4|0.0|0.0|0|0|0|0|0|0|0|0|0|0|0|0|0|||||29-Mar-2021|951.0|0|0||Z733|Z733|Y|T7421X|N|N1830|Y|R801|N|I151|N|R809|N|Z653|Y|I4891|Y|E1122|N|E1121|Y|E11319|Y|D4959|Y|D075|Y|E781|Y|E119|Y|E8881|Y|I10|N|Z952|N|I350|Y|R931|Y|I259|Y|E785|Y|E669|Y|G9349|N|G479|Y|||| | | | | | | | | | | | | | | | | | | | | | |Z741|29-Mar-2021|Z9181|29-Mar-2021|Z1331|29-Mar-2021|Z1331|29-Mar-2021|F1990|29-Mar-2021|Z715|29-Mar-2021|||||||||||||||||||||||||||||||||||||||0|0||1|450|96156|3.0|2021-03-30T00:00:00|hospital_C|hospital_C_20210329
SYN_BENE_58BBF5FC95AD|SYN_CLM_3624B936D798|V|60|29-Mar-2021|29-Mar-2021|02-Apr-2021||3|377673|1|1|1|| |928.44|0.0| ||37|1306950993| |9999907899| |9999907899|||0|1| |928.44|29-Mar-2021|1|2|A|10|0.0|185.71|0|4|0.0|0.0|0|0|0|0|0|0|0|0|0|0|0|0|0|||||29-Mar-2021|951.0|0|0||Z733|Z733|Y|T7421X|N|N1830|Y|R801|N|I151|N|R809|N|Z653|Y|I4891|Y|E1122|N|E1121|Y|E11319|Y|D4959|Y|D075|Y|E781|Y|E119|Y|E8881|Y|I10|N|Z952|N|I350|Y|R931|Y|I259|Y|E785|Y|E669|Y|G9349|N|G479|Y|||| | | | | | | | | | | | | | | | | | | | | | |Z741|29-Mar-2021|Z9181|29-Mar-2021|Z1331|29-Mar-2021|Z1331|29-Mar-2021|F1990|29-Mar-2021|Z715|29-Mar-2021|||||||||||||||||||||||||||||||||||||||0|0||2|450|M1069|3.0|2021-03-30T00:00:00|hospital_C|hospital_C_20210329
SYN_BENE_58BBF5FC95AD|SYN_CLM_3624B936D798|V|60|29-Mar-2021|29-Mar-2021|02-Apr-2021||3|377673|1|1|1|| |928.44|0.0| ||37|1306950993| |9999907899| |9999907899|||0|1| |928.44|29-Mar-2021|1|2|A|10|0.0|185.71|0|4|0.0|0.0|0|0|0|0|0|0|0|0|0|0|0|0|0|||||29-Mar-2021|951.0|0|0||Z733|Z733|Y|T7421X|N|N1830|Y|R801|N|I151|N|R809|N|Z653|Y|I4891|Y|E1122|N|E1121|Y|E11319|Y|D4959|Y|D075|Y|E781|Y|E119|Y|E8881|Y|I10|N|Z952|N|I350|Y|R931|Y|I259|Y|E785|Y|E669|Y|G9349|N|G479|Y|||| | | | | | | | | | | | | | | | | | | | | | |Z741|29-Mar-2021|Z9181|29-Mar-2021|Z1331|29-Mar-2021|Z1331|29-Mar-2021|F1990|29-Mar-2021|Z715|29-Mar-2021|||||||||||||||||||||||||||||||||||||||0|0||3|450|G0444|3.0|2021-03-30T00:00:00|hospital_C|hospital_C_20210329
SYN_BENE_58BBF5FC95AD|SYN_CLM_3624B936D798|V|60|29-Mar-2021|29-Mar-2021|02-Apr-2021||3|377673|1|1|1|| |928.44|0.0| ||37|1306950993| |9999907899| |9999907899|||0|1| |928.44|29-Mar-2021|1|2|A|10|0.0|185.71|0|4|0.0|0.0|0|0|0|0|0|0|0|0|0|0|0|0|0|||||29-Mar-2021|951.0|0|0||Z733|Z733|Y|T7421X|N|N1830|Y|R801|N|I151|N|R809|N|Z653|Y|I4891|Y|E1122|N|E1121|Y|E11319|Y|D4959|Y|D075|Y|E781|Y|E119|Y|E8881|Y|I10|N|Z952|N|I350|Y|R931|Y|I259|Y|E785|Y|E669|Y|G9349|N|G479|Y|||| | | | | | | | | | | | | | | | | | | | | | |Z741|29-Mar-2021|Z9181|29-Mar-2021|Z1331|29-Mar-2021|Z1331|29-Mar-2021|F1990|29-Mar-2021|Z715|29-Mar-2021|||||||||||||||||||||||||||||||||||||||0|0||4|450|G0444|3.0|2021-03-30T00:00:00|hospital_C|hospital_C_20210329
SYN_BENE_58BBF5FC95AD|SYN_CLM_3624B936D798|V|60|29-Mar-2021|29-Mar-2021|02-Apr-2021||3|377673|1|1|1|| |928.44|0.0| ||37|1306950993| |9999907899| |9999907899|||0|1| |928.44|29-Mar-2021|1|2|A|10|0.0|185.71|0|4|0.0|0.0|0|0|0|0|0|0|0|0|0|0|0|0|0|||||29-Mar-2021|951.0|0|0||Z733|Z733|Y|T7421X|N|N1830|Y|R801|N|I151|N|R809|N|Z653|Y|I4891|Y|E1122|N|E1121|Y|E11319|Y|D4959|Y|D075|Y|E781|Y|E119|Y|E8881|Y|I10|N|Z952|N|I350|Y|R931|Y|I259|Y|E785|Y|E669|Y|G9349|N|G479|Y|||| | | | | | | | | | | | | | | | | | | | | | |Z741|29-Mar-2021|Z9181|29-Mar-2021|Z1331|29-Mar-2021|Z1331|29-Mar-2021|F1990|29-Mar-2021|Z715|29-Mar-2021|||||||||||||||||||||||||||||||||||||||0|0||5|450|99408|3.0|2021-03-30T00:00:00|hospital_C|hospital_C_20210329
SYN_BENE_58BBF5FC95AD|SYN_CLM_3624B936D798|V|60|29-Mar-2021|29-Mar-2021|02-Apr-2021||3|377673|1|1|1|| |928.44|0.0| ||37|1306950993| |9999907899| |9999907899|||0|1| |928.44|29-Mar-2021|1|2|A|10|0.0|185.71|0|4|0.0|0.0|0|0|0|0|0|0|0|0|0|0|0|0|0|||||29-Mar-2021|951.0|0|0||Z733|Z733|Y|T7421X|N|N1830|Y|R801|N|I151|N|R809|N|Z653|Y|I4891|Y|E1122|N|E1121|Y|E11319|Y|D4959|Y|D075|Y|E781|Y|E119|Y|E8881|Y|I10|N|Z952|N|I350|Y|R931|Y|I259|Y|E785|Y|E669|Y|G9349|N|G479|Y|||| | | | | | | | | | | | | | | | | | | | | | |Z741|29-Mar-2021|Z9181|29-Mar-2021|Z1331|29-Mar-2021|Z1331|29-Mar-2021|F1990|29-Mar-2021|Z715|29-Mar-2021|||||||||||||||||||||||||||||||||||||||0|0||6|450|99408|3.0|2021-03-30T00:00:00|hospital_C|hospital_C_20210329
SYN_BENE_4F117A3AB0D8|SYN_CLM_B7B0FC0BE2E1|V|60|29-Mar-2021|29-Mar-2021|02-Apr-2021||3|377673|1|1|1|| |928.44|0.0| ||37|1306950993| |9999907899| |9999907899|||0|1| |928.44|29-Mar-2021|1|2|A|10|0.0|185.71|0|4|0.0|0.0|0|0|0|0|0|0|0|0|0|0|0|0|0|||||29-Mar-2021|951.0|0|0||Z733|Z733|Y|T7421X|N|N1830|Y|R801|N|I151|N|R809|N|Z653|Y|I4891|Y|E1122|N|E1121|Y|E11319|Y|D4959|Y|D075|Y|E781|Y|E119|Y|E8881|Y|I10|N|Z952|N|I350|Y|R931|Y|I259|Y|E785|Y|E669|Y|G9349|N|G479|Y|||| | | | | | | | | | | | | | | | | | | | | | |Z741|29-Mar-2021|Z9181|29-Mar-2021|Z1331|29-Mar-2021|Z1331|29-Mar-2021|F1990|29-Mar-2021|Z715|29-Mar-2021|||||||||||||||||||||||||||||||||||||||0|0||1|450|96156|3.0|2021-03-30T00:00:00|hospital_C|hospital_C_20210329
SYN_BENE_4F117A3AB0D8|SYN_CLM_B7B0FC0BE2E1|V|60|29-Mar-2021|29-Mar-2021|02-Apr-2021||3|377673|1|1|1|| |928.44|0.0| ||37|1306950993| |9999907899| |9999907899|||0|1| |928.44|29-Mar-2021|1|2|A|10|0.0|185.71|0|4|0.0|0.0|0|0|0|0|0|0|0|0|0|0|0|0|0|||||29-Mar-2021|951.0|0|0||Z733|Z733|Y|T7421X|N|N1830|Y|R801|N|I151|N|R809|N|Z653|Y|I4891|Y|E1122|N|E1121|Y|E11319|Y|D4959|Y|D075|Y|E781|Y|E119|Y|E8881|Y|I10|N|Z952|N|I350|Y|R931|Y|I259|Y|E785|Y|E669|Y|G9349|N|G479|Y|||| | | | | | | | | | | | | | | | | | | | | | |Z741|29-Mar-2021|Z9181|29-Mar-2021|Z1331|29-Mar-2021|Z1331|29-Mar-2021|F1990|29-Mar-2021|Z715|29-Mar-2021|||||||||||||||||||||||||||||||||||||||0|0||2|450|M1069|3.0|2021-03-30T00:00:00|hospital_C|hospital_C_20210329
SYN_BENE_4F117A3AB0D8|SYN_CLM_B7B0FC0BE2E1|V|60|29-Mar-2021|29-Mar-2021|02-Apr-2021||3|377673|1|1|1|| |928.44|0.0| ||37|1306950993| |9999907899| |9999907899|||0|1| |928.44|29-Mar-2021|1|2|A|10|0.0|185.71|0|4|0.0|0.0|0|0|0|0|0|0|0|0|0|0|0|0|0|||||29-Mar-2021|951.0|0|0||Z733|Z733|Y|T7421X|N|N1830|Y|R801|N|I151|N|R809|N|Z653|Y|I4891|Y|E1122|N|E1121|Y|E11319|Y|D4959|Y|D075|Y|E781|Y|E119|Y|E8881|Y|I10|N|Z952|N|I350|Y|R931|Y|I259|Y|E785|Y|E669|Y|G9349|N|G479|Y|||| | | | | | | | | | | | | | | | | | | | | | |Z741|29-Mar-2021|Z9181|29-Mar-2021|Z1331|29-Mar-2021|Z1331|29-Mar-2021|F1990|29-Mar-2021|Z715|29-Mar-2021|||||||||||||||||||||||||||||||||||||||0|0||3|450|G0444|3.0|2021-03-30T00:00:00|hospital_C|hospital_C_20210329
SYN_BENE_4F117A3AB0D8|SYN_CLM_B7B0FC0BE2E1|V|60|29-Mar-2021|29-Mar-2021|02-Apr-2021||3|377673|1|1|1|| |928.44|0.0| ||37|1306950993| |9999907899| |9999907899|||0|1| |928.44|29-Mar-2021|1|2|A|10|0.0|185.71|0|4|0.0|0.0|0|0|0|0|0|0|0|0|0|0|0|0|0|||||29-Mar-2021|951.0|0|0||Z733|Z733|Y|T7421X|N|N1830|Y|R801|N|I151|N|R809|N|Z653|Y|I4891|Y|E1122|N|E1121|Y|E11319|Y|D4959|Y|D075|Y|E781|Y|E119|Y|E8881|Y|I10|N|Z952|N|I350|Y|R931|Y|I259|Y|E785|Y|E669|Y|G9349|N|G479|Y|||| | | | | | | | | | | | | | | | | | | | | | |Z741|29-Mar-2021|Z9181|29-Mar-2021|Z1331|29-Mar-2021|Z1331|29-Mar-2021|F1990|29-Mar-2021|Z715|29-Mar-2021|||||||||||||||||||||||||||||||||||||||0|0||4|450|G0444|3.0|2021-03-30T00:00:00|hospital_C|hospital_C_20210329
SYN_BENE_4F117A3AB0D8|SYN_CLM_B7B0FC0BE2E1|V|60|29-Mar-2021|29-Mar-2021|02-Apr-2021||3|377673|1|1|1|| |928.44|0.0| ||37|1306950993| |9999907899| |9999907899|||0|1| |928.44|29-Mar-2021|1|2|A|10|0.0|185.71|0|4|0.0|0.0|0|0|0|0|0|0|0|0|0|0|0|0|0|||||29-Mar-2021|951.0|0|0||Z733|Z733|Y|T7421X|N|N1830|Y|R801|N|I151|N|R809|N|Z653|Y|I4891|Y|E1122|N|E1121|Y|E11319|Y|D4959|Y|D075|Y|E781|Y|E119|Y|E8881|Y|I10|N|Z952|N|I350|Y|R931|Y|I259|Y|E785|Y|E669|Y|G9349|N|G479|Y|||| | | | | | | | | | | | | | | | | | | | | | |Z741|29-Mar-2021|Z9181|29-Mar-2021|Z1331|29-Mar-2021|Z1331|29-Mar-2021|F1990|29-Mar-2021|Z715|29-Mar-2021|||||||||||||||||||||||||||||||||||||||0|0||5|450|99408|3.0|2021-03-30T00:00:00|hospital_C|hospital_C_20210329
SYN_BENE_4F117A3AB0D8|SYN_CLM_B7B0FC0BE2E1|V|60|29-Mar-2021|29-Mar-2021|02-Apr-2021||3|377673|1|1|1|| |928.44|0.0| ||37|1306950993| |9999907899| |9999907899|||0|1| |928.44|29-Mar-2021|1|2|A|10|0.0|185.71|0|4|0.0|0.0|0|0|0|0|0|0|0|0|0|0|0|0|0|||||29-Mar-2021|951.0|0|0||Z733|Z733|Y|T7421X|N|N1830|Y|R801|N|I151|N|R809|N|Z653|Y|I4891|Y|E1122|N|E1121|Y|E11319|Y|D4959|Y|D075|Y|E781|Y|E119|Y|E8881|Y|I10|N|Z952|N|I350|Y|R931|Y|I259|Y|E785|Y|E669|Y|G9349|N|G479|Y|||| | | | | | | | | | | | | | | | | | | | | | |Z741|29-Mar-2021|Z9181|29-Mar-2021|Z1331|29-Mar-2021|Z1331|29-Mar-2021|F1990|29-Mar-2021|Z715|29-Mar-2021|||||||||||||||||||||||||||||||||||||||0|0||6|450|99408|3.0|2021-03-30T00:00:00|hospital_C|hospital_C_20210329
SYN_BENE_0AD2BD7DAFF1|SYN_CLM_1AE9E04D17A2|V|60|29-Mar-2021|29-Mar-2021|02-Apr-2021||3|377673|1|1|1|| |928.44|0.0| ||37|1306950993| |9999907899| |9999907899|||0|1| |928.44|29-Mar-2021|1|2|A|10|0.0|185.71|0|4|0.0|0.0|0|0|0|0|0|0|0|0|0|0|0|0|0|||||29-Mar-2021|951.0|0|0||Z733|Z733|Y|T7421X|N|N1830|Y|R801|N|I151|N|R809|N|Z653|Y|I4891|Y|E1122|N|E1121|Y|E11319|Y|D4959|Y|D075|Y|E781|Y|E119|Y|E8881|Y|I10|N|Z952|N|I350|Y|R931|Y|I259|Y|E785|Y|E669|Y|G9349|N|G479|Y|||| | | | | | | | | | | | | | | | | | | | | | |Z741|29-Mar-2021|Z9181|29-Mar-2021|Z1331|29-Mar-2021|Z1331|29-Mar-2021|F1990|29-Mar-2021|Z715|29-Mar-2021|||||||||||||||||||||||||||||||||||||||0|0||1|450|96156|3.0|2021-03-30T00:00:00|hospital_C|hospital_C_20210329
SYN_BENE_0AD2BD7DAFF1|SYN_CLM_1AE9E04D17A2|V|60|29-Mar-2021|29-Mar-2021|02-Apr-2021||3|377673|1|1|1|| |928.44|0.0| ||37|1306950993| |9999907899| |9999907899|||0|1| |928.44|29-Mar-2021|1|2|A|10|0.0|185.71|0|4|0.0|0.0|0|0|0|0|0|0|0|0|0|0|0|0|0|||||29-Mar-2021|951.0|0|0||Z733|Z733|Y|T7421X|N|N1830|Y|R801|N|I151|N|R809|N|Z653|Y|I4891|Y|E1122|N|E1121|Y|E11319|Y|D4959|Y|D075|Y|E781|Y|E119|Y|E8881|Y|I10|N|Z952|N|I350|Y|R931|Y|I259|Y|E785|Y|E669|Y|G9349|N|G479|Y|||| | | | | | | | | | | | | | | | | | | | | | |Z741|29-Mar-2021|Z9181|29-Mar-2021|Z1331|29-Mar-2021|Z1331|29-Mar-2021|F1990|29-Mar-2021|Z715|29-Mar-2021|||||||||||||||||||||||||||||||||||||||0|0||2|450|M1069|3.0|2021-03-30T00:00:00|hospital_C|hospital_C_20210329
SYN_BENE_0AD2BD7DAFF1|SYN_CLM_1AE9E04D17A2|V|60|29-Mar-2021|29-Mar-2021|02-Apr-2021||3|377673|1|1|1|| |928.44|0.0| ||37|1306950993| |9999907899| |9999907899|||0|1| |928.44|29-Mar-2021|1|2|A|10|0.0|185.71|0|4|0.0|0.0|0|0|0|0|0|0|0|0|0|0|0|0|0|||||29-Mar-2021|951.0|0|0||Z733|Z733|Y|T7421X|N|N1830|Y|R801|N|I151|N|R809|N|Z653|Y|I4891|Y|E1122|N|E1121|Y|E11319|Y|D4959|Y|D075|Y|E781|Y|E119|Y|E8881|Y|I10|N|Z952|N|I350|Y|R931|Y|I259|Y|E785|Y|E669|Y|G9349|N|G479|Y|||| | | | | | | | | | | | | | | | | | | | | | |Z741|29-Mar-2021|Z9181|29-Mar-2021|Z1331|29-Mar-2021|Z1331|29-Mar-2021|F1990|29-Mar-2021|Z715|29-Mar-2021|||||||||||||||||||||||||||||||||||||||0|0||3|450|G0444|3.0|2021-03-30T00:00:00|hospital_C|hospital_C_20210329
SYN_BENE_0AD2BD7DAFF1|SYN_CLM_1AE9E04D17A2|V|60|29-Mar-2021|29-Mar-2021|02-Apr-2021||3|377673|1|1|1|| |928.44|0.0| ||37|1306950993| |9999907899| |9999907899|||0|1| |928.44|29-Mar-2021|1|2|A|10|0.0|185.71|0|4|0.0|0.0|0|0|0|0|0|0|0|0|0|0|0|0|0|||||29-Mar-2021|951.0|0|0||Z733|Z733|Y|T7421X|N|N1830|Y|R801|N|I151|N|R809|N|Z653|Y|I4891|Y|E1122|N|E1121|Y|E11319|Y|D4959|Y|D075|Y|E781|Y|E119|Y|E8881|Y|I10|N|Z952|N|I350|Y|R931|Y|I259|Y|E785|Y|E669|Y|G9349|N|G479|Y|||| | | | | | | | | | | | | | | | | | | | | | |Z741|29-Mar-2021|Z9181|29-Mar-2021|Z1331|29-Mar-2021|Z1331|29-Mar-2021|F1990|29-Mar-2021|Z715|29-Mar-2021|||||||||||||||||||||||||||||||||||||||0|0||4|450|G0444|3.0|2021-03-30T00:00:00|hospital_C|hospital_C_20210329
SYN_BENE_0AD2BD7DAFF1|SYN_CLM_1AE9E04D17A2|V|60|29-Mar-2021|29-Mar-2021|02-Apr-2021||3|377673|1|1|1|| |928.44|0.0| ||37|1306950993| |9999907899| |9999907899|||0|1| |928.44|29-Mar-2021|1|2|A|10|0.0|185.71|0|4|0.0|0.0|0|0|0|0|0|0|0|0|0|0|0|0|0|||||29-Mar-2021|951.0|0|0||Z733|Z733|Y|T7421X|N|N1830|Y|R801|N|I151|N|R809|N|Z653|Y|I4891|Y|E1122|N|E1121|Y|E11319|Y|D4959|Y|D075|Y|E781|Y|E119|Y|E8881|Y|I10|N|Z952|N|I350|Y|R931|Y|I259|Y|E785|Y|E669|Y|G9349|N|G479|Y|||| | | | | | | | | | | | | | | | | | | | | | |Z741|29-Mar-2021|Z9181|29-Mar-2021|Z1331|29-Mar-2021|Z1331|29-Mar-2021|F1990|29-Mar-2021|Z715|29-Mar-2021|||||||||||||||||||||||||||||||||||||||0|0||5|450|99408|3.0|2021-03-30T00:00:00|hospital_C|hospital_C_20210329
SYN_BENE_0AD2BD7DAFF1|SYN_CLM_1AE9E04D17A2|V|60|29-Mar-2021|29-Mar-2021|02-Apr-2021||3|377673|1|1|1|| |928.44|0.0| ||37|1306950993| |9999907899| |9999907899|||0|1| |928.44|29-Mar-2021|1|2|A|10|0.0|185.71|0|4|0.0|0.0|0|0|0|0|0|0|0|0|0|0|0|0|0|||||29-Mar-2021|951.0|0|0||Z733|Z733|Y|T7421X|N|N1830|Y|R801|N|I151|N|R809|N|Z653|Y|I4891|Y|E1122|N|E1121|Y|E11319|Y|D4959|Y|D075|Y|E781|Y|E119|Y|E8881|Y|I10|N|Z952|N|I350|Y|R931|Y|I259|Y|E785|Y|E669|Y|G9349|N|G479|Y|||| | | | | | | | | | | | | | | | | | | | | | |Z741|29-Mar-2021|Z9181|29-Mar-2021|Z1331|29-Mar-2021|Z1331|29-Mar-2021|F1990|29-Mar-2021|Z715|29-Mar-2021|||||||||||||||||||||||||||||||||||||||0|0||6|450|99408|3.0|2021-03-30T00:00:00|hospital_C|hospital_C_20210329
SYN_BENE_D7492E5C286D|SYN_CLM_53E4D8477976|V|60|29-Mar-2021|29-Mar-2021|02-Apr-2021||3|377673|1|1|1|| |928.44|0.0| ||37|1306950993| |9999907899| |9999907899|||0|1| |928.44|29-Mar-2021|1|2|A|10|0.0|185.71|0|4|0.0|0.0|0|0|0|0|0|0|0|0|0|0|0|0|0|||||29-Mar-2021|951.0|0|0||Z733|Z733|Y|T7421X|N|N1830|Y|R801|N|I151|N|R809|N|Z653|Y|I4891|Y|E1122|N|E1121|Y|E11319|Y|D4959|Y|D075|Y|E781|Y|E119|Y|E8881|Y|I10|N|Z952|N|I350|Y|R931|Y|I259|Y|E785|Y|E669|Y|G9349|N|G479|Y|||| | | | | | | | | | | | | | | | | | | | | | |Z741|29-Mar-2021|Z9181|29-Mar-2021|Z1331|29-Mar-2021|Z1331|29-Mar-2021|F1990|29-Mar-2021|Z715|29-Mar-2021|||||||||||||||||||||||||||||||||||||||0|0||1|450|96156|3.0|2021-03-30T00:00:00|hospital_C|hospital_C_20210329
SYN_BENE_D7492E5C286D|SYN_CLM_53E4D8477976|V|60|29-Mar-2021|29-Mar-2021|02-Apr-2021||3|377673|1|1|1|| |928.44|0.0| ||37|1306950993| |9999907899| |9999907899|||0|1| |928.44|29-Mar-2021|1|2|A|10|0.0|185.71|0|4|0.0|0.0|0|0|0|0|0|0|0|0|0|0|0|0|0|||||29-Mar-2021|951.0|0|0||Z733|Z733|Y|T7421X|N|N1830|Y|R801|N|I151|N|R809|N|Z653|Y|I4891|Y|E1122|N|E1121|Y|E11319|Y|D4959|Y|D075|Y|E781|Y|E119|Y|E8881|Y|I10|N|Z952|N|I350|Y|R931|Y|I259|Y|E785|Y|E669|Y|G9349|N|G479|Y|||| | | | | | | | | | | | | | | | | | | | | | |Z741|29-Mar-2021|Z9181|29-Mar-2021|Z1331|29-Mar-2021|Z1331|29-Mar-2021|F1990|29-Mar-2021|Z715|29-Mar-2021|||||||||||||||||||||||||||||||||||||||0|0||2|450|M1069|3.0|2021-03-30T00:00:00|hospital_C|hospital_C_20210329
SYN_BENE_D7492E5C286D|SYN_CLM_53E4D8477976|V|60|29-Mar-2021|29-Mar-2021|02-Apr-2021||3|377673|1|1|1|| |928.44|0.0| ||37|1306950993| |9999907899| |9999907899|||0|1| |928.44|29-Mar-2021|1|2|A|10|0.0|185.71|0|4|0.0|0.0|0|0|0|0|0|0|0|0|0|0|0|0|0|||||29-Mar-2021|951.0|0|0||Z733|Z733|Y|T7421X|N|N1830|Y|R801|N|I151|N|R809|N|Z653|Y|I4891|Y|E1122|N|E1121|Y|E11319|Y|D4959|Y|D075|Y|E781|Y|E119|Y|E8881|Y|I10|N|Z952|N|I350|Y|R931|Y|I259|Y|E785|Y|E669|Y|G9349|N|G479|Y|||| | | | | | | | | | | | | | | | | | | | | | |Z741|29-Mar-2021|Z9181|29-Mar-2021|Z1331|29-Mar-2021|Z1331|29-Mar-2021|F1990|29-Mar-2021|Z715|29-Mar-2021|||||||||||||||||||||||||||||||||||||||0|0||3|450|G0444|3.0|2021-03-30T00:00:00|hospital_C|hospital_C_20210329
SYN_BENE_D7492E5C286D|SYN_CLM_53E4D8477976|V|60|29-Mar-2021|29-Mar-2021|02-Apr-2021||3|377673|1|1|1|| |928.44|0.0| ||37|1306950993| |9999907899| |9999907899|||0|1| |928.44|29-Mar-2021|1|2|A|10|0.0|185.71|0|4|0.0|0.0|0|0|0|0|0|0|0|0|0|0|0|0|0|||||29-Mar-2021|951.0|0|0||Z733|Z733|Y|T7421X|N|N1830|Y|R801|N|I151|N|R809|N|Z653|Y|I4891|Y|E1122|N|E1121|Y|E11319|Y|D4959|Y|D075|Y|E781|Y|E119|Y|E8881|Y|I10|N|Z952|N|I350|Y|R931|Y|I259|Y|E785|Y|E669|Y|G9349|N|G479|Y|||| | | | | | | | | | | | | | | | | | | | | | |Z741|29-Mar-2021|Z9181|29-Mar-2021|Z1331|29-Mar-2021|Z1331|29-Mar-2021|F1990|29-Mar-2021|Z715|29-Mar-2021|||||||||||||||||||||||||||||||||||||||0|0||4|450|G0444|3.0|2021-03-30T00:00:00|hospital_C|hospital_C_20210329
SYN_BENE_D7492E5C286D|SYN_CLM_53E4D8477976|V|60|29-Mar-2021|29-Mar-2021|02-Apr-2021||3|377673|1|1|1|| |928.44|0.0| ||37|1306950993| |9999907899| |9999907899|||0|1| |928.44|29-Mar-2021|1|2|A|10|0.0|185.71|0|4|0.0|0.0|0|0|0|0|0|0|0|0|0|0|0|0|0|||||29-Mar-2021|951.0|0|0||Z733|Z733|Y|T7421X|N|N1830|Y|R801|N|I151|N|R809|N|Z653|Y|I4891|Y|E1122|N|E1121|Y|E11319|Y|D4959|Y|D075|Y|E781|Y|E119|Y|E8881|Y|I10|N|Z952|N|I350|Y|R931|Y|I259|Y|E785|Y|E669|Y|G9349|N|G479|Y|||| | | | | | | | | | | | | | | | | | | | | | |Z741|29-Mar-2021|Z9181|29-Mar-2021|Z1331|29-Mar-2021|Z1331|29-Mar-2021|F1990|29-Mar-2021|Z715|29-Mar-2021|||||||||||||||||||||||||||||||||||||||0|0||5|450|99408|3.0|2021-03-30T00:00:00|hospital_C|hospital_C_20210329
SYN_BENE_D7492E5C286D|SYN_CLM_53E4D8477976|V|60|29-Mar-2021|29-Mar-2021|02-Apr-2021||3|377673|1|1|1|| |928.44|0.0| ||37|1306950993| |9999907899| |9999907899|||0|1| |928.44|29-Mar-2021|1|2|A|10|0.0|185.71|0|4|0.0|0.0|0|0|0|0|0|0|0|0|0|0|0|0|0|||||29-Mar-2021|951.0|0|0||Z733|Z733|Y|T7421X|N|N1830|Y|R801|N|I151|N|R809|N|Z653|Y|I4891|Y|E1122|N|E1121|Y|E11319|Y|D4959|Y|D075|Y|E781|Y|E119|Y|E8881|Y|I10|N|Z952|N|I350|Y|R931|Y|I259|Y|E785|Y|E669|Y|G9349|N|G479|Y|||| | | | | | | | | | | | | | | | | | | | | | |Z741|29-Mar-2021|Z9181|29-Mar-2021|Z1331|29-Mar-2021|Z1331|29-Mar-2021|F1990|29-Mar-2021|Z715|29-Mar-2021|||||||||||||||||||||||||||||||||||||||0|0||6|450|99408|3.0|2021-03-30T00:00:00|hospital_C|hospital_C_20210329
SYN_BENE_48D2519D1E93|SYN_CLM_D52F8A6AEA4C|V|60|29-Mar-2021|29-Mar-2021|02-Apr-2021||3|377673|1|1|1|| |928.44|0.0| ||37|1306950993| |9999907899| |9999907899|||0|1| |928.44|29-Mar-2021|1|2|A|10|0.0|185.71|0|4|0.0|0.0|0|0|0|0|0|0|0|0|0|0|0|0|0|||||29-Mar-2021|951.0|0|0||Z733|Z733|Y|T7421X|N|N1830|Y|R801|N|I151|N|R809|N|Z653|Y|I4891|Y|E1122|N|E1121|Y|E11319|Y|D4959|Y|D075|Y|E781|Y|E119|Y|E8881|Y|I10|N|Z952|N|I350|Y|R931|Y|I259|Y|E785|Y|E669|Y|G9349|N|G479|Y|||| | | | | | | | | | | | | | | | | | | | | | |Z741|29-Mar-2021|Z9181|29-Mar-2021|Z1331|29-Mar-2021|Z1331|29-Mar-2021|F1990|29-Mar-2021|Z715|29-Mar-2021|||||||||||||||||||||||||||||||||||||||0|0||1|450|96156|3.0|2021-03-30T00:00:00|hospital_C|hospital_C_20210329
SYN_BENE_48D2519D1E93|SYN_CLM_D52F8A6AEA4C|V|60|29-Mar-2021|29-Mar-2021|02-Apr-2021||3|377673|1|1|1|| |928.44|0.0| ||37|1306950993| |9999907899| |9999907899|||0|1| |928.44|29-Mar-2021|1|2|A|10|0.0|185.71|0|4|0.0|0.0|0|0|0|0|0|0|0|0|0|0|0|0|0|||||29-Mar-2021|951.0|0|0||Z733|Z733|Y|T7421X|N|N1830|Y|R801|N|I151|N|R809|N|Z653|Y|I4891|Y|E1122|N|E1121|Y|E11319|Y|D4959|Y|D075|Y|E781|Y|E119|Y|E8881|Y|I10|N|Z952|N|I350|Y|R931|Y|I259|Y|E785|Y|E669|Y|G9349|N|G479|Y|||| | | | | | | | | | | | | | | | | | | | | | |Z741|29-Mar-2021|Z9181|29-Mar-2021|Z1331|29-Mar-2021|Z1331|29-Mar-2021|F1990|29-Mar-2021|Z715|29-Mar-2021|||||||||||||||||||||||||||||||||||||||0|0||2|450|M1069|3.0|2021-03-30T00:00:00|hospital_C|hospital_C_20210329
SYN_BENE_48D2519D1E93|SYN_CLM_D52F8A6AEA4C|V|60|29-Mar-2021|29-Mar-2021|02-Apr-2021||3|377673|1|1|1|| |928.44|0.0| ||37|1306950993| |9999907899| |9999907899|||0|1| |928.44|29-Mar-2021|1|2|A|10|0.0|185.71|0|4|0.0|0.0|0|0|0|0|0|0|0|0|0|0|0|0|0|||||29-Mar-2021|951.0|0|0||Z733|Z733|Y|T7421X|N|N1830|Y|R801|N|I151|N|R809|N|Z653|Y|I4891|Y|E1122|N|E1121|Y|E11319|Y|D4959|Y|D075|Y|E781|Y|E119|Y|E8881|Y|I10|N|Z952|N|I350|Y|R931|Y|I259|Y|E785|Y|E669|Y|G9349|N|G479|Y|||| | | | | | | | | | | | | | | | | | | | | | |Z741|29-Mar-2021|Z9181|29-Mar-2021|Z1331|29-Mar-2021|Z1331|29-Mar-2021|F1990|29-Mar-2021|Z715|29-Mar-2021|||||||||||||||||||||||||||||||||||||||0|0||3|450|G0444|3.0|2021-03-30T00:00:00|hospital_C|hospital_C_20210329
SYN_BENE_48D2519D1E93|SYN_CLM_D52F8A6AEA4C|V|60|29-Mar-2021|29-Mar-2021|02-Apr-2021||3|377673|1|1|1|| |928.44|0.0| ||37|1306950993| |9999907899| |9999907899|||0|1| |928.44|29-Mar-2021|1|2|A|10|0.0|185.71|0|4|0.0|0.0|0|0|0|0|0|0|0|0|0|0|0|0|0|||||29-Mar-2021|951.0|0|0||Z733|Z733|Y|T7421X|N|N1830|Y|R801|N|I151|N|R809|N|Z653|Y|I4891|Y|E1122|N|E1121|Y|E11319|Y|D4959|Y|D075|Y|E781|Y|E119|Y|E8881|Y|I10|N|Z952|N|I350|Y|R931|Y|I259|Y|E785|Y|E669|Y|G9349|N|G479|Y|||| | | | | | | | | | | | | | | | | | | | | | |Z741|29-Mar-2021|Z9181|29-Mar-2021|Z1331|29-Mar-2021|Z1331|29-Mar-2021|F1990|29-Mar-2021|Z715|29-Mar-2021|||||||||||||||||||||||||||||||||||||||0|0||4|450|G0444|3.0|2021-03-30T00:00:00|hospital_C|hospital_C_20210329
SYN_BENE_48D2519D1E93|SYN_CLM_D52F8A6AEA4C|V|60|29-Mar-2021|29-Mar-2021|02-Apr-2021||3|377673|1|1|1|| |928.44|0.0| ||37|1306950993| |9999907899| |9999907899|||0|1| |928.44|29-Mar-2021|1|2|A|10|0.0|185.71|0|4|0.0|0.0|0|0|0|0|0|0|0|0|0|0|0|0|0|||||29-Mar-2021|951.0|0|0||Z733|Z733|Y|T7421X|N|N1830|Y|R801|N|I151|N|R809|N|Z653|Y|I4891|Y|E1122|N|E1121|Y|E11319|Y|D4959|Y|D075|Y|E781|Y|E119|Y|E8881|Y|I10|N|Z952|N|I350|Y|R931|Y|I259|Y|E785|Y|E669|Y|G9349|N|G479|Y|||| | | | | | | | | | | | | | | | | | | | | | |Z741|29-Mar-2021|Z9181|29-Mar-2021|Z1331|29-Mar-2021|Z1331|29-Mar-2021|F1990|29-Mar-2021|Z715|29-Mar-2021|||||||||||||||||||||||||||||||||||||||0|0||5|450|99408|3.0|2021-03-30T00:00:00|hospital_C|hospital_C_20210329
SYN_BENE_48D2519D1E93|SYN_CLM_D52F8A6AEA4C|V|60|29-Mar-2021|29-Mar-2021|02-Apr-2021||3|377673|1|1|1|| |928.44|0.0| ||37|1306950993| |9999907899| |9999907899|||0|1| |928.44|29-Mar-2021|1|2|A|10|0.0|185.71|0|4|0.0|0.0|0|0|0|0|0|0|0|0|0|0|0|0|0|||||29-Mar-2021|951.0|0|0||Z733|Z733|Y|T7421X|N|N1830|Y|R801|N|I151|N|R809|N|Z653|Y|I4891|Y|E1122|N|E1121|Y|E11319|Y|D4959|Y|D075|Y|E781|Y|E119|Y|E8881|Y|I10|N|Z952|N|I350|Y|R931|Y|I259|Y|E785|Y|E669|Y|G9349|N|G479|Y|||| | | | | | | | | | | | | | | | | | | | | | |Z741|29-Mar-2021|Z9181|29-Mar-2021|Z1331|29-Mar-2021|Z1331|29-Mar-2021|F1990|29-Mar-2021|Z715|29-Mar-2021|||||||||||||||||||||||||||||||||||||||0|0||6|450|99408|3.0|2021-03-30T00:00:00|hospital_C|hospital_C_20210329
SYN_BENE_51D7C1B1868C|SYN_CLM_FE461405D0C2|V|60|29-Mar-2021|29-Mar-2021|02-Apr-2021||3|377673|1|1|1|| |928.44|0.0| ||37|1306950993| |9999907899| |9999907899|||0|1| |928.44|29-Mar-2021|1|2|A|10|0.0|185.71|0|4|0.0|0.0|0|0|0|0|0|0|0|0|0|0|0|0|0|||||29-Mar-2021|951.0|0|0||Z733|Z733|Y|T7421X|N|N1830|Y|R801|N|I151|N|R809|N|Z653|Y|I4891|Y|E1122|N|E1121|Y|E11319|Y|D4959|Y|D075|Y|E781|Y|E119|Y|E8881|Y|I10|N|Z952|N|I350|Y|R931|Y|I259|Y|E785|Y|E669|Y|G9349|N|G479|Y|||| | | | | | | | | | | | | | | | | | | | | | |Z741|29-Mar-2021|Z9181|29-Mar-2021|Z1331|29-Mar-2021|Z1331|29-Mar-2021|F1990|29-Mar-2021|Z715|29-Mar-2021|||||||||||||||||||||||||||||||||||||||0|0||1|450|96156|3.0|2021-03-30T00:00:00|hospital_C|hospital_C_20210329
SYN_BENE_51D7C1B1868C|SYN_CLM_FE461405D0C2|V|60|29-Mar-2021|29-Mar-2021|02-Apr-2021||3|377673|1|1|1|| |928.44|0.0| ||37|1306950993| |9999907899| |9999907899|||0|1| |928.44|29-Mar-2021|1|2|A|10|0.0|185.71|0|4|0.0|0.0|0|0|0|0|0|0|0|0|0|0|0|0|0|||||29-Mar-2021|951.0|0|0||Z733|Z733|Y|T7421X|N|N1830|Y|R801|N|I151|N|R809|N|Z653|Y|I4891|Y|E1122|N|E1121|Y|E11319|Y|D4959|Y|D075|Y|E781|Y|E119|Y|E8881|Y|I10|N|Z952|N|I350|Y|R931|Y|I259|Y|E785|Y|E669|Y|G9349|N|G479|Y|||| | | | | | | | | | | | | | | | | | | | | | |Z741|29-Mar-2021|Z9181|29-Mar-2021|Z1331|29-Mar-2021|Z1331|29-Mar-2021|F1990|29-Mar-2021|Z715|29-Mar-2021|||||||||||||||||||||||||||||||||||||||0|0||2|450|M1069|3.0|2021-03-30T00:00:00|hospital_C|hospital_C_20210329
SYN_BENE_51D7C1B1868C|SYN_CLM_FE461405D0C2|V|60|29-Mar-2021|29-Mar-2021|02-Apr-2021||3|377673|1|1|1|| |928.44|0.0| ||37|1306950993| |9999907899| |9999907899|||0|1| |928.44|29-Mar-2021|1|2|A|10|0.0|185.71|0|4|0.0|0.0|0|0|0|0|0|0|0|0|0|0|0|0|0|||||29-Mar-2021|951.0|0|0||Z733|Z733|Y|T7421X|N|N1830|Y|R801|N|I151|N|R809|N|Z653|Y|I4891|Y|E1122|N|E1121|Y|E11319|Y|D4959|Y|D075|Y|E781|Y|E119|Y|E8881|Y|I10|N|Z952|N|I350|Y|R931|Y|I259|Y|E785|Y|E669|Y|G9349|N|G479|Y|||| | | | | | | | | | | | | | | | | | | | | | |Z741|29-Mar-2021|Z9181|29-Mar-2021|Z1331|29-Mar-2021|Z1331|29-Mar-2021|F1990|29-Mar-2021|Z715|29-Mar-2021|||||||||||||||||||||||||||||||||||||||0|0||3|450|G0444|3.0|2021-03-30T00:00:00|hospital_C|hospital_C_20210329
SYN_BENE_51D7C1B1868C|SYN_CLM_FE461405D0C2|V|60|29-Mar-2021|29-Mar-2021|02-Apr-2021||3|377673|1|1|1|| |928.44|0.0| ||37|1306950993| |9999907899| |9999907899|||0|1| |928.44|29-Mar-2021|1|2|A|10|0.0|185.71|0|4|0.0|0.0|0|0|0|0|0|0|0|0|0|0|0|0|0|||||29-Mar-2021|951.0|0|0||Z733|Z733|Y|T7421X|N|N1830|Y|R801|N|I151|N|R809|N|Z653|Y|I4891|Y|E1122|N|E1121|Y|E11319|Y|D4959|Y|D075|Y|E781|Y|E119|Y|E8881|Y|I10|N|Z952|N|I350|Y|R931|Y|I259|Y|E785|Y|E669|Y|G9349|N|G479|Y|||| | | | | | | | | | | | | | | | | | | | | | |Z741|29-Mar-2021|Z9181|29-Mar-2021|Z1331|29-Mar-2021|Z1331|29-Mar-2021|F1990|29-Mar-2021|Z715|29-Mar-2021|||||||||||||||||||||||||||||||||||||||0|0||4|450|G0444|3.0|2021-03-30T00:00:00|hospital_C|hospital_C_20210329
SYN_BENE_51D7C1B1868C|SYN_CLM_FE461405D0C2|V|60|29-Mar-2021|29-Mar-2021|02-Apr-2021||3|377673|1|1|1|| |928.44|0.0| ||37|1306950993| |9999907899| |9999907899|||0|1| |928.44|29-Mar-2021|1|2|A|10|0.0|185.71|0|4|0.0|0.0|0|0|0|0|0|0|0|0|0|0|0|0|0|||||29-Mar-2021|951.0|0|0||Z733|Z733|Y|T7421X|N|N1830|Y|R801|N|I151|N|R809|N|Z653|Y|I4891|Y|E1122|N|E1121|Y|E11319|Y|D4959|Y|D075|Y|E781|Y|E119|Y|E8881|Y|I10|N|Z952|N|I350|Y|R931|Y|I259|Y|E785|Y|E669|Y|G9349|N|G479|Y|||| | | | | | | | | | | | | | | | | | | | | | |Z741|29-Mar-2021|Z9181|29-Mar-2021|Z1331|29-Mar-2021|Z1331|29-Mar-2021|F1990|29-Mar-2021|Z715|29-Mar-2021|||||||||||||||||||||||||||||||||||||||0|0||5|450|99408|3.0|2021-03-30T00:00:00|hospital_C|hospital_C_20210329
SYN_BENE_51D7C1B1868C|SYN_CLM_FE461405D0C2|V|60|29-Mar-2021|29-Mar-2021|02-Apr-2021||3|377673|1|1|1|| |928.44|0.0| ||37|1306950993| |9999907899| |9999907899|||0|1| |928.44|29-Mar-2021|1|2|A|10|0.0|185.71|0|4|0.0|0.0|0|0|0|0|0|0|0|0|0|0|0|0|0|||||29-Mar-2021|951.0|0|0||Z733|Z733|Y|T7421X|N|N1830|Y|R801|N|I151|N|R809|N|Z653|Y|I4891|Y|E1122|N|E1121|Y|E11319|Y|D4959|Y|D075|Y|E781|Y|E119|Y|E8881|Y|I10|N|Z952|N|I350|Y|R931|Y|I259|Y|E785|Y|E669|Y|G9349|N|G479|Y|||| | | | | | | | | | | | | | | | | | | | | | |Z741|29-Mar-2021|Z9181|29-Mar-2021|Z1331|29-Mar-2021|Z1331|29-Mar-2021|F1990|29-Mar-2021|Z715|29-Mar-2021|||||||||||||||||||||||||||||||||||||||0|0||6|450|99408|3.0|2021-03-30T00:00:00|hospital_C|hospital_C_20210329
SYN_BENE_E246F65EF1C1|SYN_CLM_79C9ECC58FC0|V|60|29-Mar-2021|29-Mar-2021|02-Apr-2021||3|377673|1|1|1|| |928.44|0.0| ||37|1306950993| |9999907899| |9999907899|||0|1| |928.44|29-Mar-2021|1|2|A|10|0.0|185.71|0|4|0.0|0.0|0|0|0|0|0|0|0|0|0|0|0|0|0|||||29-Mar-2021|951.0|0|0||Z733|Z733|Y|T7421X|N|N1830|Y|R801|N|I151|N|R809|N|Z653|Y|I4891|Y|E1122|N|E1121|Y|E11319|Y|D4959|Y|D075|Y|E781|Y|E119|Y|E8881|Y|I10|N|Z952|N|I350|Y|R931|Y|I259|Y|E785|Y|E669|Y|G9349|N|G479|Y|||| | | | | | | | | | | | | | | | | | | | | | |Z741|29-Mar-2021|Z9181|29-Mar-2021|Z1331|29-Mar-2021|Z1331|29-Mar-2021|F1990|29-Mar-2021|Z715|29-Mar-2021|||||||||||||||||||||||||||||||||||||||0|0||1|450|96156|3.0|2021-03-30T00:00:00|hospital_C|hospital_C_20210329
SYN_BENE_E246F65EF1C1|SYN_CLM_79C9ECC58FC0|V|60|29-Mar-2021|29-Mar-2021|02-Apr-2021||3|377673|1|1|1|| |928.44|0.0| ||37|1306950993| |9999907899| |9999907899|||0|1| |928.44|29-Mar-2021|1|2|A|10|0.0|185.71|0|4|0.0|0.0|0|0|0|0|0|0|0|0|0|0|0|0|0|||||29-Mar-2021|951.0|0|0||Z733|Z733|Y|T7421X|N|N1830|Y|R801|N|I151|N|R809|N|Z653|Y|I4891|Y|E1122|N|E1121|Y|E11319|Y|D4959|Y|D075|Y|E781|Y|E119|Y|E8881|Y|I10|N|Z952|N|I350|Y|R931|Y|I259|Y|E785|Y|E669|Y|G9349|N|G479|Y|||| | | | | | | | | | | | | | | | | | | | | | |Z741|29-Mar-2021|Z9181|29-Mar-2021|Z1331|29-Mar-2021|Z1331|29-Mar-2021|F1990|29-Mar-2021|Z715|29-Mar-2021|||||||||||||||||||||||||||||||||||||||0|0||2|450|M1069|3.0|2021-03-30T00:00:00|hospital_C|hospital_C_20210329
SYN_BENE_E246F65EF1C1|SYN_CLM_79C9ECC58FC0|V|60|29-Mar-2021|29-Mar-2021|02-Apr-2021||3|377673|1|1|1|| |928.44|0.0| ||37|1306950993| |9999907899| |9999907899|||0|1| |928.44|29-Mar-2021|1|2|A|10|0.0|185.71|0|4|0.0|0.0|0|0|0|0|0|0|0|0|0|0|0|0|0|||||29-Mar-2021|951.0|0|0||Z733|Z733|Y|T7421X|N|N1830|Y|R801|N|I151|N|R809|N|Z653|Y|I4891|Y|E1122|N|E1121|Y|E11319|Y|D4959|Y|D075|Y|E781|Y|E119|Y|E8881|Y|I10|N|Z952|N|I350|Y|R931|Y|I259|Y|E785|Y|E669|Y|G9349|N|G479|Y|||| | | | | | | | | | | | | | | | | | | | | | |Z741|29-Mar-2021|Z9181|29-Mar-2021|Z1331|29-Mar-2021|Z1331|29-Mar-2021|F1990|29-Mar-2021|Z715|29-Mar-2021|||||||||||||||||||||||||||||||||||||||0|0||3|450|G0444|3.0|2021-03-30T00:00:00|hospital_C|hospital_C_20210329
SYN_BENE_E246F65EF1C1|SYN_CLM_79C9ECC58FC0|V|60|29-Mar-2021|29-Mar-2021|02-Apr-2021||3|377673|1|1|1|| |928.44|0.0| ||37|1306950993| |9999907899| |9999907899|||0|1| |928.44|29-Mar-2021|1|2|A|10|0.0|185.71|0|4|0.0|0.0|0|0|0|0|0|0|0|0|0|0|0|0|0|||||29-Mar-2021|951.0|0|0||Z733|Z733|Y|T7421X|N|N1830|Y|R801|N|I151|N|R809|N|Z653|Y|I4891|Y|E1122|N|E1121|Y|E11319|Y|D4959|Y|D075|Y|E781|Y|E119|Y|E8881|Y|I10|N|Z952|N|I350|Y|R931|Y|I259|Y|E785|Y|E669|Y|G9349|N|G479|Y|||| | | | | | | | | | | | | | | | | | | | | | |Z741|29-Mar-2021|Z9181|29-Mar-2021|Z1331|29-Mar-2021|Z1331|29-Mar-2021|F1990|29-Mar-2021|Z715|29-Mar-2021|||||||||||||||||||||||||||||||||||||||0|0||4|450|G0444|3.0|2021-03-30T00:00:00|hospital_C|hospital_C_20210329
SYN_BENE_E246F65EF1C1|SYN_CLM_79C9ECC58FC0|V|60|29-Mar-2021|29-Mar-2021|02-Apr-2021||3|377673|1|1|1|| |928.44|0.0| ||37|1306950993| |9999907899| |9999907899|||0|1| |928.44|29-Mar-2021|1|2|A|10|0.0|185.71|0|4|0.0|0.0|0|0|0|0|0|0|0|0|0|0|0|0|0|||||29-Mar-2021|951.0|0|0||Z733|Z733|Y|T7421X|N|N1830|Y|R801|N|I151|N|R809|N|Z653|Y|I4891|Y|E1122|N|E1121|Y|E11319|Y|D4959|Y|D075|Y|E781|Y|E119|Y|E8881|Y|I10|N|Z952|N|I350|Y|R931|Y|I259|Y|E785|Y|E669|Y|G9349|N|G479|Y|||| | | | | | | | | | | | | | | | | | | | | | |Z741|29-Mar-2021|Z9181|29-Mar-2021|Z1331|29-Mar-2021|Z1331|29-Mar-2021|F1990|29-Mar-2021|Z715|29-Mar-2021|||||||||||||||||||||||||||||||||||||||0|0||5|450|99408|3.0|2021-03-30T00:00:00|hospital_C|hospital_C_20210329
SYN_BENE_E246F65EF1C1|SYN_CLM_79C9ECC58FC0|V|60|29-Mar-2021|29-Mar-2021|02-Apr-2021||3|377673|1|1|1|| |928.44|0.0| ||37|1306950993| |9999907899| |9999907899|||0|1| |928.44|29-Mar-2021|1|2|A|10|0.0|185.71|0|4|0.0|0.0|0|0|0|0|0|0|0|0|0|0|0|0|0|||||29-Mar-2021|951.0|0|0||Z733|Z733|Y|T7421X|N|N1830|Y|R801|N|I151|N|R809|N|Z653|Y|I4891|Y|E1122|N|E1121|Y|E11319|Y|D4959|Y|D075|Y|E781|Y|E119|Y|E8881|Y|I10|N|Z952|N|I350|Y|R931|Y|I259|Y|E785|Y|E669|Y|G9349|N|G479|Y|||| | | | | | | | | | | | | | | | | | | | | | |Z741|29-Mar-2021|Z9181|29-Mar-2021|Z1331|29-Mar-2021|Z1331|29-Mar-2021|F1990|29-Mar-2021|Z715|29-Mar-2021|||||||||||||||||||||||||||||||||||||||0|0||6|450|99408|3.0|2021-03-30T00:00:00|hospital_C|hospital_C_20210329
SYN_BENE_67F47EE873FC|SYN_CLM_81484D564FFD|V|60|29-Mar-2021|29-Mar-2021|02-Apr-2021||3|377673|1|1|1|| |928.44|0.0| ||37|1306950993| |9999907899| |9999907899|||0|1| |928.44|29-Mar-2021|1|2|A|10|0.0|185.71|0|4|0.0|0.0|0|0|0|0|0|0|0|0|0|0|0|0|0|||||29-Mar-2021|951.0|0|0||Z733|Z733|Y|T7421X|N|N1830|Y|R801|N|I151|N|R809|N|Z653|Y|I4891|Y|E1122|N|E1121|Y|E11319|Y|D4959|Y|D075|Y|E781|Y|E119|Y|E8881|Y|I10|N|Z952|N|I350|Y|R931|Y|I259|Y|E785|Y|E669|Y|G9349|N|G479|Y|||| | | | | | | | | | | | | | | | | | | | | | |Z741|29-Mar-2021|Z9181|29-Mar-2021|Z1331|29-Mar-2021|Z1331|29-Mar-2021|F1990|29-Mar-2021|Z715|29-Mar-2021|||||||||||||||||||||||||||||||||||||||0|0||1|450|96156|3.0|2021-03-30T00:00:00|hospital_C|hospital_C_20210329
SYN_BENE_67F47EE873FC|SYN_CLM_81484D564FFD|V|60|29-Mar-2021|29-Mar-2021|02-Apr-2021||3|377673|1|1|1|| |928.44|0.0| ||37|1306950993| |9999907899| |9999907899|||0|1| |928.44|29-Mar-2021|1|2|A|10|0.0|185.71|0|4|0.0|0.0|0|0|0|0|0|0|0|0|0|0|0|0|0|||||29-Mar-2021|951.0|0|0||Z733|Z733|Y|T7421X|N|N1830|Y|R801|N|I151|N|R809|N|Z653|Y|I4891|Y|E1122|N|E1121|Y|E11319|Y|D4959|Y|D075|Y|E781|Y|E119|Y|E8881|Y|I10|N|Z952|N|I350|Y|R931|Y|I259|Y|E785|Y|E669|Y|G9349|N|G479|Y|||| | | | | | | | | | | | | | | | | | | | | | |Z741|29-Mar-2021|Z9181|29-Mar-2021|Z1331|29-Mar-2021|Z1331|29-Mar-2021|F1990|29-Mar-2021|Z715|29-Mar-2021|||||||||||||||||||||||||||||||||||||||0|0||2|450|M1069|3.0|2021-03-30T00:00:00|hospital_C|hospital_C_20210329
SYN_BENE_67F47EE873FC|SYN_CLM_81484D564FFD|V|60|29-Mar-2021|29-Mar-2021|02-Apr-2021||3|377673|1|1|1|| |928.44|0.0| ||37|1306950993| |9999907899| |9999907899|||0|1| |928.44|29-Mar-2021|1|2|A|10|0.0|185.71|0|4|0.0|0.0|0|0|0|0|0|0|0|0|0|0|0|0|0|||||29-Mar-2021|951.0|0|0||Z733|Z733|Y|T7421X|N|N1830|Y|R801|N|I151|N|R809|N|Z653|Y|I4891|Y|E1122|N|E1121|Y|E11319|Y|D4959|Y|D075|Y|E781|Y|E119|Y|E8881|Y|I10|N|Z952|N|I350|Y|R931|Y|I259|Y|E785|Y|E669|Y|G9349|N|G479|Y|||| | | | | | | | | | | | | | | | | | | | | | |Z741|29-Mar-2021|Z9181|29-Mar-2021|Z1331|29-Mar-2021|Z1331|29-Mar-2021|F1990|29-Mar-2021|Z715|29-Mar-2021|||||||||||||||||||||||||||||||||||||||0|0||3|450|G0444|3.0|2021-03-30T00:00:00|hospital_C|hospital_C_20210329
SYN_BENE_67F47EE873FC|SYN_CLM_81484D564FFD|V|60|29-Mar-2021|29-Mar-2021|02-Apr-2021||3|377673|1|1|1|| |928.44|0.0| ||37|1306950993| |9999907899| |9999907899|||0|1| |928.44|29-Mar-2021|1|2|A|10|0.0|185.71|0|4|0.0|0.0|0|0|0|0|0|0|0|0|0|0|0|0|0|||||29-Mar-2021|951.0|0|0||Z733|Z733|Y|T7421X|N|N1830|Y|R801|N|I151|N|R809|N|Z653|Y|I4891|Y|E1122|N|E1121|Y|E11319|Y|D4959|Y|D075|Y|E781|Y|E119|Y|E8881|Y|I10|N|Z952|N|I350|Y|R931|Y|I259|Y|E785|Y|E669|Y|G9349|N|G479|Y|||| | | | | | | | | | | | | | | | | | | | | | |Z741|29-Mar-2021|Z9181|29-Mar-2021|Z1331|29-Mar-2021|Z1331|29-Mar-2021|F1990|29-Mar-2021|Z715|29-Mar-2021|||||||||||||||||||||||||||||||||||||||0|0||4|450|G0444|3.0|2021-03-30T00:00:00|hospital_C|hospital_C_20210329
SYN_BENE_67F47EE873FC|SYN_CLM_81484D564FFD|V|60|29-Mar-2021|29-Mar-2021|02-Apr-2021||3|377673|1|1|1|| |928.44|0.0| ||37|1306950993| |9999907899| |9999907899|||0|1| |928.44|29-Mar-2021|1|2|A|10|0.0|185.71|0|4|0.0|0.0|0|0|0|0|0|0|0|0|0|0|0|0|0|||||29-Mar-2021|951.0|0|0||Z733|Z733|Y|T7421X|N|N1830|Y|R801|N|I151|N|R809|N|Z653|Y|I4891|Y|E1122|N|E1121|Y|E11319|Y|D4959|Y|D075|Y|E781|Y|E119|Y|E8881|Y|I10|N|Z952|N|I350|Y|R931|Y|I259|Y|E785|Y|E669|Y|G9349|N|G479|Y|||| | | | | | | | | | | | | | | | | | | | | | |Z741|29-Mar-2021|Z9181|29-Mar-2021|Z1331|29-Mar-2021|Z1331|29-Mar-2021|F1990|29-Mar-2021|Z715|29-Mar-2021|||||||||||||||||||||||||||||||||||||||0|0||5|450|99408|3.0|2021-03-30T00:00:00|hospital_C|hospital_C_20210329
SYN_BENE_67F47EE873FC|SYN_CLM_81484D564FFD|V|60|29-Mar-2021|29-Mar-2021|02-Apr-2021||3|377673|1|1|1|| |928.44|0.0| ||37|1306950993| |9999907899| |9999907899|||0|1| |928.44|29-Mar-2021|1|2|A|10|0.0|185.71|0|4|0.0|0.0|0|0|0|0|0|0|0|0|0|0|0|0|0|||||29-Mar-2021|951.0|0|0||Z733|Z733|Y|T7421X|N|N1830|Y|R801|N|I151|N|R809|N|Z653|Y|I4891|Y|E1122|N|E1121|Y|E11319|Y|D4959|Y|D075|Y|E781|Y|E119|Y|E8881|Y|I10|N|Z952|N|I350|Y|R931|Y|I259|Y|E785|Y|E669|Y|G9349|N|G479|Y|||| | | | | | | | | | | | | | | | | | | | | | |Z741|29-Mar-2021|Z9181|29-Mar-2021|Z1331|29-Mar-2021|Z1331|29-Mar-2021|F1990|29-Mar-2021|Z715|29-Mar-2021|||||||||||||||||||||||||||||||||||||||0|0||6|450|99408|3.0|2021-03-30T00:00:00|hospital_C|hospital_C_20210329
SYN_BENE_8157B2F7EC66|SYN_CLM_00316EAB3A48|V|60|29-Mar-2021|29-Mar-2021|02-Apr-2021||3|377673|1|1|1|| |928.44|0.0| ||37|1306950993| |9999907899| |9999907899|||0|1| |928.44|29-Mar-2021|1|2|A|10|0.0|185.71|0|4|0.0|0.0|0|0|0|0|0|0|0|0|0|0|0|0|0|||||29-Mar-2021|951.0|0|0||Z733|Z733|Y|T7421X|N|N1830|Y|R801|N|I151|N|R809|N|Z653|Y|I4891|Y|E1122|N|E1121|Y|E11319|Y|D4959|Y|D075|Y|E781|Y|E119|Y|E8881|Y|I10|N|Z952|N|I350|Y|R931|Y|I259|Y|E785|Y|E669|Y|G9349|N|G479|Y|||| | | | | | | | | | | | | | | | | | | | | | |Z741|29-Mar-2021|Z9181|29-Mar-2021|Z1331|29-Mar-2021|Z1331|29-Mar-2021|F1990|29-Mar-2021|Z715|29-Mar-2021|||||||||||||||||||||||||||||||||||||||0|0||1|450|96156|3.0|2021-03-30T00:00:00|hospital_C|hospital_C_20210329
SYN_BENE_8157B2F7EC66|SYN_CLM_00316EAB3A48|V|60|29-Mar-2021|29-Mar-2021|02-Apr-2021||3|377673|1|1|1|| |928.44|0.0| ||37|1306950993| |9999907899| |9999907899|||0|1| |928.44|29-Mar-2021|1|2|A|10|0.0|185.71|0|4|0.0|0.0|0|0|0|0|0|0|0|0|0|0|0|0|0|||||29-Mar-2021|951.0|0|0||Z733|Z733|Y|T7421X|N|N1830|Y|R801|N|I151|N|R809|N|Z653|Y|I4891|Y|E1122|N|E1121|Y|E11319|Y|D4959|Y|D075|Y|E781|Y|E119|Y|E8881|Y|I10|N|Z952|N|I350|Y|R931|Y|I259|Y|E785|Y|E669|Y|G9349|N|G479|Y|||| | | | | | | | | | | | | | | | | | | | | | |Z741|29-Mar-2021|Z9181|29-Mar-2021|Z1331|29-Mar-2021|Z1331|29-Mar-2021|F1990|29-Mar-2021|Z715|29-Mar-2021|||||||||||||||||||||||||||||||||||||||0|0||2|450|M1069|3.0|2021-03-30T00:00:00|hospital_C|hospital_C_20210329
SYN_BENE_8157B2F7EC66|SYN_CLM_00316EAB3A48|V|60|29-Mar-2021|29-Mar-2021|02-Apr-2021||3|377673|1|1|1|| |928.44|0.0| ||37|1306950993| |9999907899| |9999907899|||0|1| |928.44|29-Mar-2021|1|2|A|10|0.0|185.71|0|4|0.0|0.0|0|0|0|0|0|0|0|0|0|0|0|0|0|||||29-Mar-2021|951.0|0|0||Z733|Z733|Y|T7421X|N|N1830|Y|R801|N|I151|N|R809|N|Z653|Y|I4891|Y|E1122|N|E1121|Y|E11319|Y|D4959|Y|D075|Y|E781|Y|E119|Y|E8881|Y|I10|N|Z952|N|I350|Y|R931|Y|I259|Y|E785|Y|E669|Y|G9349|N|G479|Y|||| | | | | | | | | | | | | | | | | | | | | | |Z741|29-Mar-2021|Z9181|29-Mar-2021|Z1331|29-Mar-2021|Z1331|29-Mar-2021|F1990|29-Mar-2021|Z715|29-Mar-2021|||||||||||||||||||||||||||||||||||||||0|0||3|450|G0444|3.0|2021-03-30T00:00:00|hospital_C|hospital_C_20210329
SYN_BENE_8157B2F7EC66|SYN_CLM_00316EAB3A48|V|60|29-Mar-2021|29-Mar-2021|02-Apr-2021||3|377673|1|1|1|| |928.44|0.0| ||37|1306950993| |9999907899| |9999907899|||0|1| |928.44|29-Mar-2021|1|2|A|10|0.0|185.71|0|4|0.0|0.0|0|0|0|0|0|0|0|0|0|0|0|0|0|||||29-Mar-2021|951.0|0|0||Z733|Z733|Y|T7421X|N|N1830|Y|R801|N|I151|N|R809|N|Z653|Y|I4891|Y|E1122|N|E1121|Y|E11319|Y|D4959|Y|D075|Y|E781|Y|E119|Y|E8881|Y|I10|N|Z952|N|I350|Y|R931|Y|I259|Y|E785|Y|E669|Y|G9349|N|G479|Y|||| | | | | | | | | | | | | | | | | | | | | | |Z741|29-Mar-2021|Z9181|29-Mar-2021|Z1331|29-Mar-2021|Z1331|29-Mar-2021|F1990|29-Mar-2021|Z715|29-Mar-2021|||||||||||||||||||||||||||||||||||||||0|0||4|450|G0444|3.0|2021-03-30T00:00:00|hospital_C|hospital_C_20210329
SYN_BENE_8157B2F7EC66|SYN_CLM_00316EAB3A48|V|60|29-Mar-2021|29-Mar-2021|02-Apr-2021||3|377673|1|1|1|| |928.44|0.0| ||37|1306950993| |9999907899| |9999907899|||0|1| |928.44|29-Mar-2021|1|2|A|10|0.0|185.71|0|4|0.0|0.0|0|0|0|0|0|0|0|0|0|0|0|0|0|||||29-Mar-2021|951.0|0|0||Z733|Z733|Y|T7421X|N|N1830|Y|R801|N|I151|N|R809|N|Z653|Y|I4891|Y|E1122|N|E1121|Y|E11319|Y|D4959|Y|D075|Y|E781|Y|E119|Y|E8881|Y|I10|N|Z952|N|I350|Y|R931|Y|I259|Y|E785|Y|E669|Y|G9349|N|G479|Y|||| | | | | | | | | | | | | | | | | | | | | | |Z741|29-Mar-2021|Z9181|29-Mar-2021|Z1331|29-Mar-2021|Z1331|29-Mar-2021|F1990|29-Mar-2021|Z715|29-Mar-2021|||||||||||||||||||||||||||||||||||||||0|0||5|450|99408|3.0|2021-03-30T00:00:00|hospital_C|hospital_C_20210329
SYN_BENE_8157B2F7EC66|SYN_CLM_00316EAB3A48|V|60|29-Mar-2021|29-Mar-2021|02-Apr-2021||3|377673|1|1|1|| |928.44|0.0| ||37|1306950993| |9999907899| |9999907899|||0|1| |928.44|29-Mar-2021|1|2|A|10|0.0|185.71|0|4|0.0|0.0|0|0|0|0|0|0|0|0|0|0|0|0|0|||||29-Mar-2021|951.0|0|0||Z733|Z733|Y|T7421X|N|N1830|Y|R801|N|I151|N|R809|N|Z653|Y|I4891|Y|E1122|N|E1121|Y|E11319|Y|D4959|Y|D075|Y|E781|Y|E119|Y|E8881|Y|I10|N|Z952|N|I350|Y|R931|Y|I259|Y|E785|Y|E669|Y|G9349|N|G479|Y|||| | | | | | | | | | | | | | | | | | | | | | |Z741|29-Mar-2021|Z9181|29-Mar-2021|Z1331|29-Mar-2021|Z1331|29-Mar-2021|F1990|29-Mar-2021|Z715|29-Mar-2021|||||||||||||||||||||||||||||||||||||||0|0||6|450|99408|3.0|2021-03-30T00:00:00|hospital_C|hospital_C_20210329
SYN_BENE_C689349DED90|SYN_CLM_AA2CAABDB0A2|V|60|29-Mar-2021|29-Mar-2021|02-Apr-2021||3|377673|1|1|1|| |928.44|0.0| ||37|1306950993| |9999907899| |9999907899|||0|1| |928.44|29-Mar-2021|1|2|A|10|0.0|185.71|0|4|0.0|0.0|0|0|0|0|0|0|0|0|0|0|0|0|0|||||29-Mar-2021|951.0|0|0||Z733|Z733|Y|T7421X|N|N1830|Y|R801|N|I151|N|R809|N|Z653|Y|I4891|Y|E1122|N|E1121|Y|E11319|Y|D4959|Y|D075|Y|E781|Y|E119|Y|E8881|Y|I10|N|Z952|N|I350|Y|R931|Y|I259|Y|E785|Y|E669|Y|G9349|N|G479|Y|||| | | | | | | | | | | | | | | | | | | | | | |Z741|29-Mar-2021|Z9181|29-Mar-2021|Z1331|29-Mar-2021|Z1331|29-Mar-2021|F1990|29-Mar-2021|Z715|29-Mar-2021|||||||||||||||||||||||||||||||||||||||0|0||1|450|96156|3.0|2021-03-30T00:00:00|hospital_C|hospital_C_20210329
SYN_BENE_C689349DED90|SYN_CLM_AA2CAABDB0A2|V|60|29-Mar-2021|29-Mar-2021|02-Apr-2021||3|377673|1|1|1|| |928.44|0.0| ||37|1306950993| |9999907899| |9999907899|||0|1| |928.44|29-Mar-2021|1|2|A|10|0.0|185.71|0|4|0.0|0.0|0|0|0|0|0|0|0|0|0|0|0|0|0|||||29-Mar-2021|951.0|0|0||Z733|Z733|Y|T7421X|N|N1830|Y|R801|N|I151|N|R809|N|Z653|Y|I4891|Y|E1122|N|E1121|Y|E11319|Y|D4959|Y|D075|Y|E781|Y|E119|Y|E8881|Y|I10|N|Z952|N|I350|Y|R931|Y|I259|Y|E785|Y|E669|Y|G9349|N|G479|Y|||| | | | | | | | | | | | | | | | | | | | | | |Z741|29-Mar-2021|Z9181|29-Mar-2021|Z1331|29-Mar-2021|Z1331|29-Mar-2021|F1990|29-Mar-2021|Z715|29-Mar-2021|||||||||||||||||||||||||||||||||||||||0|0||2|450|M1069|3.0|2021-03-30T00:00:00|hospital_C|hospital_C_20210329
SYN_BENE_C689349DED90|SYN_CLM_AA2CAABDB0A2|V|60|29-Mar-2021|29-Mar-2021|02-Apr-2021||3|377673|1|1|1|| |928.44|0.0| ||37|1306950993| |9999907899| |9999907899|||0|1| |928.44|29-Mar-2021|1|2|A|10|0.0|185.71|0|4|0.0|0.0|0|0|0|0|0|0|0|0|0|0|0|0|0|||||29-Mar-2021|951.0|0|0||Z733|Z733|Y|T7421X|N|N1830|Y|R801|N|I151|N|R809|N|Z653|Y|I4891|Y|E1122|N|E1121|Y|E11319|Y|D4959|Y|D075|Y|E781|Y|E119|Y|E8881|Y|I10|N|Z952|N|I350|Y|R931|Y|I259|Y|E785|Y|E669|Y|G9349|N|G479|Y|||| | | | | | | | | | | | | | | | | | | | | | |Z741|29-Mar-2021|Z9181|29-Mar-2021|Z1331|29-Mar-2021|Z1331|29-Mar-2021|F1990|29-Mar-2021|Z715|29-Mar-2021|||||||||||||||||||||||||||||||||||||||0|0||3|450|G0444|3.0|2021-03-30T00:00:00|hospital_C|hospital_C_20210329
SYN_BENE_C689349DED90|SYN_CLM_AA2CAABDB0A2|V|60|29-Mar-2021|29-Mar-2021|02-Apr-2021||3|377673|1|1|1|| |928.44|0.0| ||37|1306950993| |9999907899| |9999907899|||0|1| |928.44|29-Mar-2021|1|2|A|10|0.0|185.71|0|4|0.0|0.0|0|0|0|0|0|0|0|0|0|0|0|0|0|||||29-Mar-2021|951.0|0|0||Z733|Z733|Y|T7421X|N|N1830|Y|R801|N|I151|N|R809|N|Z653|Y|I4891|Y|E1122|N|E1121|Y|E11319|Y|D4959|Y|D075|Y|E781|Y|E119|Y|E8881|Y|I10|N|Z952|N|I350|Y|R931|Y|I259|Y|E785|Y|E669|Y|G9349|N|G479|Y|||| | | | | | | | | | | | | | | | | | | | | | |Z741|29-Mar-2021|Z9181|29-Mar-2021|Z1331|29-Mar-2021|Z1331|29-Mar-2021|F1990|29-Mar-2021|Z715|29-Mar-2021|||||||||||||||||||||||||||||||||||||||0|0||4|450|G0444|3.0|2021-03-30T00:00:00|hospital_C|hospital_C_20210329
SYN_BENE_C689349DED90|SYN_CLM_AA2CAABDB0A2|V|60|29-Mar-2021|29-Mar-2021|02-Apr-2021||3|377673|1|1|1|| |928.44|0.0| ||37|1306950993| |9999907899| |9999907899|||0|1| |928.44|29-Mar-2021|1|2|A|10|0.0|185.71|0|4|0.0|0.0|0|0|0|0|0|0|0|0|0|0|0|0|0|||||29-Mar-2021|951.0|0|0||Z733|Z733|Y|T7421X|N|N1830|Y|R801|N|I151|N|R809|N|Z653|Y|I4891|Y|E1122|N|E1121|Y|E11319|Y|D4959|Y|D075|Y|E781|Y|E119|Y|E8881|Y|I10|N|Z952|N|I350|Y|R931|Y|I259|Y|E785|Y|E669|Y|G9349|N|G479|Y|||| | | | | | | | | | | | | | | | | | | | | | |Z741|29-Mar-2021|Z9181|29-Mar-2021|Z1331|29-Mar-2021|Z1331|29-Mar-2021|F1990|29-Mar-2021|Z715|29-Mar-2021|||||||||||||||||||||||||||||||||||||||0|0||5|450|99408|3.0|2021-03-30T00:00:00|hospital_C|hospital_C_20210329
SYN_BENE_C689349DED90|SYN_CLM_AA2CAABDB0A2|V|60|29-Mar-2021|29-Mar-2021|02-Apr-2021||3|377673|1|1|1|| |928.44|0.0| ||37|1306950993| |9999907899| |9999907899|||0|1| |928.44|29-Mar-2021|1|2|A|10|0.0|185.71|0|4|0.0|0.0|0|0|0|0|0|0|0|0|0|0|0|0|0|||||29-Mar-2021|951.0|0|0||Z733|Z733|Y|T7421X|N|N1830|Y|R801|N|I151|N|R809|N|Z653|Y|I4891|Y|E1122|N|E1121|Y|E11319|Y|D4959|Y|D075|Y|E781|Y|E119|Y|E8881|Y|I10|N|Z952|N|I350|Y|R931|Y|I259|Y|E785|Y|E669|Y|G9349|N|G479|Y|||| | | | | | | | | | | | | | | | | | | | | | |Z741|29-Mar-2021|Z9181|29-Mar-2021|Z1331|29-Mar-2021|Z1331|29-Mar-2021|F1990|29-Mar-2021|Z715|29-Mar-2021|||||||||||||||||||||||||||||||||||||||0|0||6|450|99408|3.0|2021-03-30T00:00:00|hospital_C|hospital_C_20210329
SYN_BENE_3E72AA160E05|SYN_CLM_BDF60B241AF7|V|60|29-Mar-2021|29-Mar-2021|02-Apr-2021||3|377673|1|1|1|| |928.44|0.0| ||37|1306950993| |9999907899| |9999907899|||0|1| |928.44|29-Mar-2021|1|2|A|10|0.0|185.71|0|4|0.0|0.0|0|0|0|0|0|0|0|0|0|0|0|0|0|||||29-Mar-2021|951.0|0|0||Z733|Z733|Y|T7421X|N|N1830|Y|R801|N|I151|N|R809|N|Z653|Y|I4891|Y|E1122|N|E1121|Y|E11319|Y|D4959|Y|D075|Y|E781|Y|E119|Y|E8881|Y|I10|N|Z952|N|I350|Y|R931|Y|I259|Y|E785|Y|E669|Y|G9349|N|G479|Y|||| | | | | | | | | | | | | | | | | | | | | | |Z741|29-Mar-2021|Z9181|29-Mar-2021|Z1331|29-Mar-2021|Z1331|29-Mar-2021|F1990|29-Mar-2021|Z715|29-Mar-2021|||||||||||||||||||||||||||||||||||||||0|0||1|450|96156|3.0|2021-03-30T00:00:00|hospital_C|hospital_C_20210329
SYN_BENE_3E72AA160E05|SYN_CLM_BDF60B241AF7|V|60|29-Mar-2021|29-Mar-2021|02-Apr-2021||3|377673|1|1|1|| |928.44|0.0| ||37|1306950993| |9999907899| |9999907899|||0|1| |928.44|29-Mar-2021|1|2|A|10|0.0|185.71|0|4|0.0|0.0|0|0|0|0|0|0|0|0|0|0|0|0|0|||||29-Mar-2021|951.0|0|0||Z733|Z733|Y|T7421X|N|N1830|Y|R801|N|I151|N|R809|N|Z653|Y|I4891|Y|E1122|N|E1121|Y|E11319|Y|D4959|Y|D075|Y|E781|Y|E119|Y|E8881|Y|I10|N|Z952|N|I350|Y|R931|Y|I259|Y|E785|Y|E669|Y|G9349|N|G479|Y|||| | | | | | | | | | | | | | | | | | | | | | |Z741|29-Mar-2021|Z9181|29-Mar-2021|Z1331|29-Mar-2021|Z1331|29-Mar-2021|F1990|29-Mar-2021|Z715|29-Mar-2021|||||||||||||||||||||||||||||||||||||||0|0||2|450|M1069|3.0|2021-03-30T00:00:00|hospital_C|hospital_C_20210329
SYN_BENE_3E72AA160E05|SYN_CLM_BDF60B241AF7|V|60|29-Mar-2021|29-Mar-2021|02-Apr-2021||3|377673|1|1|1|| |928.44|0.0| ||37|1306950993| |9999907899| |9999907899|||0|1| |928.44|29-Mar-2021|1|2|A|10|0.0|185.71|0|4|0.0|0.0|0|0|0|0|0|0|0|0|0|0|0|0|0|||||29-Mar-2021|951.0|0|0||Z733|Z733|Y|T7421X|N|N1830|Y|R801|N|I151|N|R809|N|Z653|Y|I4891|Y|E1122|N|E1121|Y|E11319|Y|D4959|Y|D075|Y|E781|Y|E119|Y|E8881|Y|I10|N|Z952|N|I350|Y|R931|Y|I259|Y|E785|Y|E669|Y|G9349|N|G479|Y|||| | | | | | | | | | | | | | | | | | | | | | |Z741|29-Mar-2021|Z9181|29-Mar-2021|Z1331|29-Mar-2021|Z1331|29-Mar-2021|F1990|29-Mar-2021|Z715|29-Mar-2021|||||||||||||||||||||||||||||||||||||||0|0||3|450|G0444|3.0|2021-03-30T00:00:00|hospital_C|hospital_C_20210329
SYN_BENE_3E72AA160E05|SYN_CLM_BDF60B241AF7|V|60|29-Mar-2021|29-Mar-2021|02-Apr-2021||3|377673|1|1|1|| |928.44|0.0| ||37|1306950993| |9999907899| |9999907899|||0|1| |928.44|29-Mar-2021|1|2|A|10|0.0|185.71|0|4|0.0|0.0|0|0|0|0|0|0|0|0|0|0|0|0|0|||||29-Mar-2021|951.0|0|0||Z733|Z733|Y|T7421X|N|N1830|Y|R801|N|I151|N|R809|N|Z653|Y|I4891|Y|E1122|N|E1121|Y|E11319|Y|D4959|Y|D075|Y|E781|Y|E119|Y|E8881|Y|I10|N|Z952|N|I350|Y|R931|Y|I259|Y|E785|Y|E669|Y|G9349|N|G479|Y|||| | | | | | | | | | | | | | | | | | | | | | |Z741|29-Mar-2021|Z9181|29-Mar-2021|Z1331|29-Mar-2021|Z1331|29-Mar-2021|F1990|29-Mar-2021|Z715|29-Mar-2021|||||||||||||||||||||||||||||||||||||||0|0||4|450|G0444|3.0|2021-03-30T00:00:00|hospital_C|hospital_C_20210329
SYN_BENE_3E72AA160E05|SYN_CLM_BDF60B241AF7|V|60|29-Mar-2021|29-Mar-2021|02-Apr-2021||3|377673|1|1|1|| |928.44|0.0| ||37|1306950993| |9999907899| |9999907899|||0|1| |928.44|29-Mar-2021|1|2|A|10|0.0|185.71|0|4|0.0|0.0|0|0|0|0|0|0|0|0|0|0|0|0|0|||||29-Mar-2021|951.0|0|0||Z733|Z733|Y|T7421X|N|N1830|Y|R801|N|I151|N|R809|N|Z653|Y|I4891|Y|E1122|N|E1121|Y|E11319|Y|D4959|Y|D075|Y|E781|Y|E119|Y|E8881|Y|I10|N|Z952|N|I350|Y|R931|Y|I259|Y|E785|Y|E669|Y|G9349|N|G479|Y|||| | | | | | | | | | | | | | | | | | | | | | |Z741|29-Mar-2021|Z9181|29-Mar-2021|Z1331|29-Mar-2021|Z1331|29-Mar-2021|F1990|29-Mar-2021|Z715|29-Mar-2021|||||||||||||||||||||||||||||||||||||||0|0||5|450|99408|3.0|2021-03-30T00:00:00|hospital_C|hospital_C_20210329
SYN_BENE_3E72AA160E05|SYN_CLM_BDF60B241AF7|V|60|29-Mar-2021|29-Mar-2021|02-Apr-2021||3|377673|1|1|1|| |928.44|0.0| ||37|1306950993| |9999907899| |9999907899|||0|1| |928.44|29-Mar-2021|1|2|A|10|0.0|185.71|0|4|0.0|0.0|0|0|0|0|0|0|0|0|0|0|0|0|0|||||29-Mar-2021|951.0|0|0||Z733|Z733|Y|T7421X|N|N1830|Y|R801|N|I151|N|R809|N|Z653|Y|I4891|Y|E1122|N|E1121|Y|E11319|Y|D4959|Y|D075|Y|E781|Y|E119|Y|E8881|Y|I10|N|Z952|N|I350|Y|R931|Y|I259|Y|E785|Y|E669|Y|G9349|N|G479|Y|||| | | | | | | | | | | | | | | | | | | | | | |Z741|29-Mar-2021|Z9181|29-Mar-2021|Z1331|29-Mar-2021|Z1331|29-Mar-2021|F1990|29-Mar-2021|Z715|29-Mar-2021|||||||||||||||||||||||||||||||||||||||0|0||6|450|99408|3.0|2021-03-30T00:00:00|hospital_C|hospital_C_20210329
SYN_BENE_D7550864C095|SYN_CLM_0C55DD1BCFBC|V|60|29-Mar-2021|29-Mar-2021|02-Apr-2021||3|377673|1|1|1|| |928.44|0.0| ||37|1306950993| |9999907899| |9999907899|||0|1| |928.44|29-Mar-2021|1|2|A|10|0.0|185.71|0|4|0.0|0.0|0|0|0|0|0|0|0|0|0|0|0|0|0|||||29-Mar-2021|951.0|0|0||Z733|Z733|Y|T7421X|N|N1830|Y|R801|N|I151|N|R809|N|Z653|Y|I4891|Y|E1122|N|E1121|Y|E11319|Y|D4959|Y|D075|Y|E781|Y|E119|Y|E8881|Y|I10|N|Z952|N|I350|Y|R931|Y|I259|Y|E785|Y|E669|Y|G9349|N|G479|Y|||| | | | | | | | | | | | | | | | | | | | | | |Z741|29-Mar-2021|Z9181|29-Mar-2021|Z1331|29-Mar-2021|Z1331|29-Mar-2021|F1990|29-Mar-2021|Z715|29-Mar-2021|||||||||||||||||||||||||||||||||||||||0|0||1|450|96156|3.0|2021-03-30T00:00:00|hospital_C|hospital_C_20210329
SYN_BENE_D7550864C095|SYN_CLM_0C55DD1BCFBC|V|60|29-Mar-2021|29-Mar-2021|02-Apr-2021||3|377673|1|1|1|| |928.44|0.0| ||37|1306950993| |9999907899| |9999907899|||0|1| |928.44|29-Mar-2021|1|2|A|10|0.0|185.71|0|4|0.0|0.0|0|0|0|0|0|0|0|0|0|0|0|0|0|||||29-Mar-2021|951.0|0|0||Z733|Z733|Y|T7421X|N|N1830|Y|R801|N|I151|N|R809|N|Z653|Y|I4891|Y|E1122|N|E1121|Y|E11319|Y|D4959|Y|D075|Y|E781|Y|E119|Y|E8881|Y|I10|N|Z952|N|I350|Y|R931|Y|I259|Y|E785|Y|E669|Y|G9349|N|G479|Y|||| | | | | | | | | | | | | | | | | | | | | | |Z741|29-Mar-2021|Z9181|29-Mar-2021|Z1331|29-Mar-2021|Z1331|29-Mar-2021|F1990|29-Mar-2021|Z715|29-Mar-2021|||||||||||||||||||||||||||||||||||||||0|0||2|450|M1069|3.0|2021-03-30T00:00:00|hospital_C|hospital_C_20210329
SYN_BENE_D7550864C095|SYN_CLM_0C55DD1BCFBC|V|60|29-Mar-2021|29-Mar-2021|02-Apr-2021||3|377673|1|1|1|| |928.44|0.0| ||37|1306950993| |9999907899| |9999907899|||0|1| |928.44|29-Mar-2021|1|2|A|10|0.0|185.71|0|4|0.0|0.0|0|0|0|0|0|0|0|0|0|0|0|0|0|||||29-Mar-2021|951.0|0|0||Z733|Z733|Y|T7421X|N|N1830|Y|R801|N|I151|N|R809|N|Z653|Y|I4891|Y|E1122|N|E1121|Y|E11319|Y|D4959|Y|D075|Y|E781|Y|E119|Y|E8881|Y|I10|N|Z952|N|I350|Y|R931|Y|I259|Y|E785|Y|E669|Y|G9349|N|G479|Y|||| | | | | | | | | | | | | | | | | | | | | | |Z741|29-Mar-2021|Z9181|29-Mar-2021|Z1331|29-Mar-2021|Z1331|29-Mar-2021|F1990|29-Mar-2021|Z715|29-Mar-2021|||||||||||||||||||||||||||||||||||||||0|0||3|450|G0444|3.0|2021-03-30T00:00:00|hospital_C|hospital_C_20210329
SYN_BENE_D7550864C095|SYN_CLM_0C55DD1BCFBC|V|60|29-Mar-2021|29-Mar-2021|02-Apr-2021||3|377673|1|1|1|| |928.44|0.0| ||37|1306950993| |9999907899| |9999907899|||0|1| |928.44|29-Mar-2021|1|2|A|10|0.0|185.71|0|4|0.0|0.0|0|0|0|0|0|0|0|0|0|0|0|0|0|||||29-Mar-2021|951.0|0|0||Z733|Z733|Y|T7421X|N|N1830|Y|R801|N|I151|N|R809|N|Z653|Y|I4891|Y|E1122|N|E1121|Y|E11319|Y|D4959|Y|D075|Y|E781|Y|E119|Y|E8881|Y|I10|N|Z952|N|I350|Y|R931|Y|I259|Y|E785|Y|E669|Y|G9349|N|G479|Y|||| | | | | | | | | | | | | | | | | | | | | | |Z741|29-Mar-2021|Z9181|29-Mar-2021|Z1331|29-Mar-2021|Z1331|29-Mar-2021|F1990|29-Mar-2021|Z715|29-Mar-2021|||||||||||||||||||||||||||||||||||||||0|0||4|450|G0444|3.0|2021-03-30T00:00:00|hospital_C|hospital_C_20210329
SYN_BENE_D7550864C095|SYN_CLM_0C55DD1BCFBC|V|60|29-Mar-2021|29-Mar-2021|02-Apr-2021||3|377673|1|1|1|| |928.44|0.0| ||37|1306950993| |9999907899| |9999907899|||0|1| |928.44|29-Mar-2021|1|2|A|10|0.0|185.71|0|4|0.0|0.0|0|0|0|0|0|0|0|0|0|0|0|0|0|||||29-Mar-2021|951.0|0|0||Z733|Z733|Y|T7421X|N|N1830|Y|R801|N|I151|N|R809|N|Z653|Y|I4891|Y|E1122|N|E1121|Y|E11319|Y|D4959|Y|D075|Y|E781|Y|E119|Y|E8881|Y|I10|N|Z952|N|I350|Y|R931|Y|I259|Y|E785|Y|E669|Y|G9349|N|G479|Y|||| | | | | | | | | | | | | | | | | | | | | | |Z741|29-Mar-2021|Z9181|29-Mar-2021|Z1331|29-Mar-2021|Z1331|29-Mar-2021|F1990|29-Mar-2021|Z715|29-Mar-2021|||||||||||||||||||||||||||||||||||||||0|0||5|450|99408|3.0|2021-03-30T00:00:00|hospital_C|hospital_C_20210329
SYN_BENE_D7550864C095|SYN_CLM_0C55DD1BCFBC|V|60|29-Mar-2021|29-Mar-2021|02-Apr-2021||3|377673|1|1|1|| |928.44|0.0| ||37|1306950993| |9999907899| |9999907899|||0|1| |928.44|29-Mar-2021|1|2|A|10|0.0|185.71|0|4|0.0|0.0|0|0|0|0|0|0|0|0|0|0|0|0|0|||||29-Mar-2021|951.0|0|0||Z733|Z733|Y|T7421X|N|N1830|Y|R801|N|I151|N|R809|N|Z653|Y|I4891|Y|E1122|N|E1121|Y|E11319|Y|D4959|Y|D075|Y|E781|Y|E119|Y|E8881|Y|I10|N|Z952|N|I350|Y|R931|Y|I259|Y|E785|Y|E669|Y|G9349|N|G479|Y|||| | | | | | | | | | | | | | | | | | | | | | |Z741|29-Mar-2021|Z9181|29-Mar-2021|Z1331|29-Mar-2021|Z1331|29-Mar-2021|F1990|29-Mar-2021|Z715|29-Mar-2021|||||||||||||||||||||||||||||||||||||||0|0||6|450|99408|3.0|2021-03-30T00:00:00|hospital_C|hospital_C_20210329
