BENE_ID|CLM_ID|NCH_NEAR_LINE_REC_IDENT_CD|NCH_CLM_TYPE_CD|CLM_FROM_DT|CLM_THRU_DT|NCH_WKLY_PROC_DT|FI_CLM_PROC_DT|CLAIM_QUERY_CODE|PRVDR_NUM|CLM_FAC_TYPE_CD|CLM_SRVC_CLSFCTN_TYPE_CD|CLM_FREQ_CD|FI_NUM|CLM_MDCR_NON_PMT_RSN_CD|CLM_PMT_AMT|NCH_PRMRY_PYR_CLM_PD_AMT|NCH_PRMRY_PYR_CD|FI_CLM_ACTN_CD|PRVDR_STATE_CD|ORG_NPI_NUM|AT_PHYSN_UPIN|AT_PHYSN_NPI|OP_PHYSN_UPIN|OP_PHYSN_NPI|OT_PHYSN_UPIN|OT_PHYSN_NPI|CLM_MCO_PD_SW|PTNT_DSCHRG_STUS_CD|CLM_PPS_IND_CD|CLM_TOT_CHRG_AMT|CLM_ADMSN_DT|CLM_IP_ADMSN_TYPE_CD|CLM_SRC_IP_ADMSN_CD|NCH_PTNT_STATUS_IND_CD|CLM_PASS_THRU_PER_DIEM_AMT|NCH_BENE_IP_DDCTBL_AMT|NCH_BENE_PTA_COINSRNC_LBLTY_AM|NCH_BENE_BLOOD_DDCTBL_LBLTY_AM|NCH_PROFNL_CMPNT_CHRG_AMT|NCH_IP_NCVRD_CHRG_AMT|NCH_IP_TOT_DDCTN_AMT|CLM_TOT_PPS_CPTL_AMT|CLM_PPS_CPTL_FSP_AMT|CLM_PPS_CPTL_OUTLIER_AMT|CLM_PPS_CPTL_DSPRPRTNT_SHR_AMT|CLM_PPS_CPTL_IME_AMT|CLM_PPS_CPTL_EXCPTN_AMT|CLM_PPS_OLD_CPTL_HLD_HRMLS_AMT|CLM_PPS_CPTL_DRG_WT_NUM|CLM_UTLZTN_DAY_CNT|BENE_TOT_COINSRNC_DAYS_CNT|BENE_LRD_USED_CNT|CLM_NON_UTLZTN_DAYS_CNT|NCH_BLOOD_PNTS_FRNSHD_QTY|NCH_VRFD_NCVRD_STAY_FROM_DT|NCH_VRFD_NCVRD_STAY_THRU_DT|NCH_ACTV_OR_CVRD_LVL_CARE_THRU|NCH_BENE_MDCR_BNFTS_EXHTD_DT_I|NCH_BENE_DSCHRG_DT|CLM_DRG_CD|CLM_DRG_OUTLIER_STAY_CD|NCH_DRG_OUTLIER_APRVD_PMT_AMT|ADMTG_DGNS_CD|PRNCPAL_DGNS_CD|ICD_DGNS_CD1|CLM_POA_IND_SW1|ICD_DGNS_CD2|CLM_POA_IND_SW2|ICD_DGNS_CD3|CLM_POA_IND_SW3|ICD_DGNS_CD4|CLM_POA_IND_SW4|ICD_DGNS_CD5|CLM_POA_IND_SW5|ICD_DGNS_CD6|CLM_POA_IND_SW6|ICD_DGNS_CD7|CLM_POA_IND_SW7|ICD_DGNS_CD8|CLM_POA_IND_SW8|ICD_DGNS_CD9|CLM_POA_IND_SW9|ICD_DGNS_CD10|CLM_POA_IND_SW10|ICD_DGNS_CD11|CLM_POA_IND_SW11|ICD_DGNS_CD12|CLM_POA_IND_SW12|ICD_DGNS_CD13|CLM_POA_IND_SW13|ICD_DGNS_CD14|CLM_POA_IND_SW14|ICD_DGNS_CD15|CLM_POA_IND_SW15|ICD_DGNS_CD16|CLM_POA_IND_SW16|ICD_DGNS_CD17|CLM_POA_IND_SW17|ICD_DGNS_CD18|CLM_POA_IND_SW18|ICD_DGNS_CD19|CLM_POA_IND_SW19|ICD_DGNS_CD20|CLM_POA_IND_SW20|ICD_DGNS_CD21|CLM_POA_IND_SW21|ICD_DGNS_CD22|CLM_POA_IND_SW22|ICD_DGNS_CD23|CLM_POA_IND_SW23|ICD_DGNS_CD24|CLM_POA_IND_SW24|ICD_DGNS_CD25|CLM_POA_IND_SW25|FST_DGNS_E_CD|ICD_DGNS_E_CD1|CLM_E_POA_IND_SW1|ICD_DGNS_E_CD2|CLM_E_POA_IND_SW2|ICD_DGNS_E_CD3|CLM_E_POA_IND_SW3|ICD_DGNS_E_CD4|CLM_E_POA_IND_SW4|ICD_DGNS_E_CD5|CLM_E_POA_IND_SW5|ICD_DGNS_E_CD6|CLM_E_POA_IND_SW6|ICD_DGNS_E_CD7|CLM_E_POA_IND_SW7|ICD_DGNS_E_CD8|CLM_E_POA_IND_SW8|ICD_DGNS_E_CD9|CLM_E_POA_IND_SW9|ICD_DGNS_E_CD10|CLM_E_POA_IND_SW10|ICD_DGNS_E_CD11|CLM_E_POA_IND_SW11|ICD_DGNS_E_CD12|CLM_E_POA_IND_SW12|ICD_PRCDR_CD1|PRCDR_DT1|ICD_PRCDR_CD2|PRCDR_DT2|ICD_PRCDR_CD3|PRCDR_DT3|ICD_PRCDR_CD4|PRCDR_DT4|ICD_PRCDR_CD5|PRCDR_DT5|ICD_PRCDR_CD6|PRCDR_DT6|ICD_PRCDR_CD7|PRCDR_DT7|ICD_PRCDR_CD8|PRCDR_DT8|ICD_PRCDR_CD9|PRCDR_DT9|ICD_PRCDR_CD10|PRCDR_DT10|ICD_PRCDR_CD11|PRCDR_DT11|ICD_PRCDR_CD12|PRCDR_DT12|ICD_PRCDR_CD13|PRCDR_DT13|ICD_PRCDR_CD14|PRCDR_DT14|ICD_PRCDR_CD15|PRCDR_DT15|ICD_PRCDR_CD16|PRCDR_DT16|ICD_PRCDR_CD17|PRCDR_DT17|ICD_PRCDR_CD18|PRCDR_DT18|ICD_PRCDR_CD19|PRCDR_DT19|ICD_PRCDR_CD20|PRCDR_DT20|ICD_PRCDR_CD21|PRCDR_DT21|ICD_PRCDR_CD22|PRCDR_DT22|ICD_PRCDR_CD23|PRCDR_DT23|ICD_PRCDR_CD24|PRCDR_DT24|ICD_PRCDR_CD25|PRCDR_DT25|IME_OP_CLM_VAL_AMT|DSH_OP_CLM_VAL_AMT|CLM_UNCOMPD_CARE_PMT_AMT|CLM_LINE_NUM|REV_CNTR|HCPCS_CD|REV_CNTR_DDCTBL_COINSRNC_CD|ingestion_timestamp|hospital_id|batch_id
-10000010275202|-10000930959381|V|60|07-Nov-2022|07-Nov-2022|11-Nov-2022||3|377673|1|1|1|| |928.44|0.0| ||37|1306950993| |9999907899| |9999907899|||0|1| |928.44|07-Nov-2022|1|1|A|10|0.0|185.71|0|4|185.71|185.71|0|0|0|0|0|0|0|0|0|0|0|0|0|||||07-Nov-2022|951.0|0|0||Z604|Z604|N|Z733|Y|Z608|Y|N1830|Y|R801|N|E1022|N|E1129|Y|Z653|Y|I4891|Y|T50905|Y|E1121|Y|E11319|Y|D4959|Y|D075|Y|E781|Y|E119|Y|E8881|Y|I10|N|Z952|N|I350|Y|R931|Y|I259|Y|E785|Y|E669|Y|F78A9|N|W86|W86|U| | | | | | | | | | | | | | | | | | | | | | |Z741|07-Nov-2022|Z9181|07-Nov-2022|Z139|07-Nov-2022|Z1331|07-Nov-2022|Z1331|07-Nov-2022|F1990|07-Nov-2022|F109|07-Nov-2022|||||||||||||||||||||||||||||||||||||0|0||1|450|96156|2.0|2022-11-08T00:00:00|hospital_C|hospital_C_20221107
-10000010275202|-10000930959381|V|60|07-Nov-2022|07-Nov-2022|11-Nov-2022||3|377673|1|1|1|| |928.44|0.0| ||37|1306950993| |9999907899| |9999907899|||0|1| |928.44|07-Nov-2022|1|1|A|10|0.0|185.71|0|4|185.71|185.71|0|0|0|0|0|0|0|0|0|0|0|0|0|||||07-Nov-2022|951.0|0|0||Z604|Z604|N|Z733|Y|Z608|Y|N1830|Y|R801|N|E1022|N|E1129|Y|Z653|Y|I4891|Y|T50905|Y|E1121|Y|E11319|Y|D4959|Y|D075|Y|E781|Y|E119|Y|E8881|Y|I10|N|Z952|N|I350|Y|R931|Y|I259|Y|E785|Y|E669|Y|F78A9|N|W86|W86|U| | | | | | | | | | | | | | | | | | | | | | |Z741|07-Nov-2022|Z9181|07-Nov-2022|Z139|07-Nov-2022|Z1331|07-Nov-2022|Z1331|07-Nov-2022|F1990|07-Nov-2022|F109|07-Nov-2022|||||||||||||||||||||||||||||||||||||0|0||2|450|M1069|3.0|2022-11-08T00:00:00|hospital_C|hospital_C_20221107
-10000010275202|-10000930959381|V|60|07-Nov-2022|07-Nov-2022|11-Nov-2022||3|377673|1|1|1|| |928.44|0.0| ||37|1306950993| |9999907899| |9999907899|||0|1| |928.44|07-Nov-2022|1|1|A|10|0.0|185.71|0|4|185.71|185.71|0|0|0|0|0|0|0|0|0|0|0|0|0|||||07-Nov-2022|951.0|0|0||Z604|Z604|N|Z733|Y|Z608|Y|N1830|Y|R801|N|E1022|N|E1129|Y|Z653|Y|I4891|Y|T50905|Y|E1121|Y|E11319|Y|D4959|Y|D075|Y|E781|Y|E119|Y|E8881|Y|I10|N|Z952|N|I350|Y|R931|Y|I259|Y|E785|Y|E669|Y|F78A9|N|W86|W86|U| | | | | | | | | | | | | | | | | | | | | | |Z741|07-Nov-2022|Z9181|07-Nov-2022|Z139|07-Nov-2022|Z1331|07-Nov-2022|Z1331|07-Nov-2022|F1990|07-Nov-2022|F109|07-Nov-2022|||||||||||||||||||||||||||||||||||||0|0||3|450|99401|3.0|2022-11-08T00:00:00|hospital_C|hospital_C_20221107
-10000010275202|-10000930959381|V|60|07-Nov-2022|07-Nov-2022|11-Nov-2022||3|377673|1|1|1|| |928.44|0.0| ||37|1306950993| |9999907899| |9999907899|||0|1| |928.44|07-Nov-2022|1|1|A|10|0.0|185.71|0|4|185.71|185.71|0|0|0|0|0|0|0|0|0|0|0|0|0|||||07-Nov-2022|951.0|0|0||Z604|Z604|N|Z733|Y|Z608|Y|N1830|Y|R801|N|E1022|N|E1129|Y|Z653|Y|I4891|Y|T50905|Y|E1121|Y|E11319|Y|D4959|Y|D075|Y|E781|Y|E119|Y|E8881|Y|I10|N|Z952|N|I350|Y|R931|Y|I259|Y|E785|Y|E669|Y|F78A9|N|W86|W86|U| | | | | | | | | | | | | | | | | | | | | | |Z741|07-Nov-2022|Z9181|07-Nov-2022|Z139|07-Nov-2022|Z1331|07-Nov-2022|Z1331|07-Nov-2022|F1990|07-Nov-2022|F109|07-Nov-2022|||||||||||||||||||||||||||||||||||||0|0||4|450|G0444|3.0|2022-11-08T00:00:00|hospital_C|hospital_C_20221107
-10000010275202|-10000930959381|V|60|07-Nov-2022|07-Nov-2022|11-Nov-2022||3|377673|1|1|1|| |928.44|0.0| ||37|1306950993| |9999907899| |9999907899|||0|1| |928.44|07-Nov-2022|1|1|A|10|0.0|185.71|0|4|185.71|185.71|0|0|0|0|0|0|0|0|0|0|0|0|0|||||07-Nov-2022|951.0|0|0||Z604|Z604|N|Z733|Y|Z608|Y|N1830|Y|R801|N|E1022|N|E1129|Y|Z653|Y|I4891|Y|T50905|Y|E1121|Y|E11319|Y|D4959|Y|D075|Y|E781|Y|E119|Y|E8881|Y|I10|N|Z952|N|I350|Y|R931|Y|I259|Y|E785|Y|E669|Y|F78A9|N|W86|W86|U| | | | | | | | | | | | | | | | | | | | | | |Z741|07-Nov-2022|Z9181|07-Nov-2022|Z139|07-Nov-2022|Z1331|07-Nov-2022|Z1331|07-Nov-2022|F1990|07-Nov-2022|F109|07-Nov-2022|||||||||||||||||||||||||||||||||||||0|0||5|450|G0444|3.0|2022-11-08T00:00:00|hospital_C|hospital_C_20221107
-10000010275202|-10000930959381|V|60|07-Nov-2022|07-Nov-2022|11-Nov-2022||3|377673|1|1|1|| |928.44|0.0| ||37|1306950993| |9999907899| |9999907899|||0|1| |928.44|07-Nov-2022|1|1|A|10|0.0|185.71|0|4|185.71|185.71|0|0|0|0|0|0|0|0|0|0|0|0|0|||||07-Nov-2022|951.0|0|0||Z604|Z604|N|Z733|Y|Z608|Y|N1830|Y|R801|N|E1022|N|E1129|Y|Z653|Y|I4891|Y|T50905|Y|E1121|Y|E11319|Y|D4959|Y|D075|Y|E781|Y|E119|Y|E8881|Y|I10|N|Z952|N|I350|Y|R931|Y|I259|Y|E785|Y|E669|Y|F78A9|N|W86|W86|U| | | | | | | | | | | | | | | | | | | | | | |Z741|07-Nov-2022|Z9181|07-Nov-2022|Z139|07-Nov-2022|Z1331|07-Nov-2022|Z1331|07-Nov-2022|F1990|07-Nov-2022|F109|07-Nov-2022|||||||||||||||||||||||||||||||||||||0|0||6|450|99408|3.0|2022-11-08T00:00:00|hospital_C|hospital_C_20221107
-10000010275202|-10000930959381|V|60|07-Nov-2022|07-Nov-2022|11-Nov-2022||3|377673|1|1|1|| |928.44|0.0| ||37|1306950993| |9999907899| |9999907899|||0|1| |928.44|07-Nov-2022|1|1|A|10|0.0|185.71|0|4|185.71|185.71|0|0|0|0|0|0|0|0|0|0|0|0|0|||||07-Nov-2022|951.0|0|0||Z604|Z604|N|Z733|Y|Z608|Y|N1830|Y|R801|N|E1022|N|E1129|Y|Z653|Y|I4891|Y|T50905|Y|E1121|Y|E11319|Y|D4959|Y|D075|Y|E781|Y|E119|Y|E8881|Y|I10|N|Z952|N|I350|Y|R931|Y|I259|Y|E785|Y|E669|Y|F78A9|N|W86|W86|U| | | | | | | | | | | | | | | | | | | | | | |Z741|07-Nov-2022|Z9181|07-Nov-2022|Z139|07-Nov-2022|Z1331|07-Nov-2022|Z1331|07-Nov-2022|F1990|07-Nov-2022|F109|07-Nov-2022|||||||||||||||||||||||||||||||||||||0|0||7|450|G0442|3.0|2022-11-08T00:00:00|hospital_C|hospital_C_20221107
SYN_BENE_37154961218A|SYN_CLM_8CB408574FED|V|60|07-Nov-2022|07-Nov-2022|11-Nov-2022||3|377673|1|1|1|| |928.44|0.0| ||37|1306950993| |9999907899| |9999907899|||0|1| |928.44|07-Nov-2022|1|1|A|10|0.0|185.71|0|4|185.71|185.71|0|0|0|0|0|0|0|0|0|0|0|0|0|||||07-Nov-2022|951.0|0|0||Z604|Z604|N|Z733|Y|Z608|Y|N1830|Y|R801|N|E1022|N|E1129|Y|Z653|Y|I4891|Y|T50905|Y|E1121|Y|E11319|Y|D4959|Y|D075|Y|E781|Y|E119|Y|E8881|Y|I10|N|Z952|N|I350|Y|R931|Y|I259|Y|E785|Y|E669|Y|F78A9|N|W86|W86|U| | | | | | | | | | | | | | | | | | | | | | |Z741|07-Nov-2022|Z9181|07-Nov-2022|Z139|07-Nov-2022|Z1331|07-Nov-2022|Z1331|07-Nov-2022|F1990|07-Nov-2022|F109|07-Nov-2022|||||||||||||||||||||||||||||||||||||0|0||1|450|96156|2.0|2022-11-08T00:00:00|hospital_C|hospital_C_20221107
SYN_BENE_37154961218A|SYN_CLM_8CB408574FED|V|60|07-Nov-2022|07-Nov-2022|11-Nov-2022||3|377673|1|1|1|| |928.44|0.0| ||37|1306950993| |9999907899| |9999907899|||0|1| |928.44|07-Nov-2022|1|1|A|10|0.0|185.71|0|4|185.71|185.71|0|0|0|0|0|0|0|0|0|0|0|0|0|||||07-Nov-2022|951.0|0|0||Z604|Z604|N|Z733|Y|Z608|Y|N1830|Y|R801|N|E1022|N|E1129|Y|Z653|Y|I4891|Y|T50905|Y|E1121|Y|E11319|Y|D4959|Y|D075|Y|E781|Y|E119|Y|E8881|Y|I10|N|Z952|N|I350|Y|R931|Y|I259|Y|E785|Y|E669|Y|F78A9|N|W86|W86|U| | | | | | | | | | | | | | | | | | | | | | |Z741|07-Nov-2022|Z9181|07-Nov-2022|Z139|07-Nov-2022|Z1331|07-Nov-2022|Z1331|07-Nov-2022|F1990|07-Nov-2022|F109|07-Nov-2022|||||||||||||||||||||||||||||||||||||0|0||2|450|M1069|3.0|2022-11-08T00:00:00|hospital_C|hospital_C_20221107
SYN_BENE_37154961218A|SYN_CLM_8CB408574FED|V|60|07-Nov-2022|07-Nov-2022|11-Nov-2022||3|377673|1|1|1|| |928.44|0.0| ||37|1306950993| |9999907899| |9999907899|||0|1| |928.44|07-Nov-2022|1|1|A|10|0.0|185.71|0|4|185.71|185.71|0|0|0|0|0|0|0|0|0|0|0|0|0|||||07-Nov-2022|951.0|0|0||Z604|Z604|N|Z733|Y|Z608|Y|N1830|Y|R801|N|E1022|N|E1129|Y|Z653|Y|I4891|Y|T50905|Y|E1121|Y|E11319|Y|D4959|Y|D075|Y|E781|Y|E119|Y|E8881|Y|I10|N|Z952|N|I350|Y|R931|Y|I259|Y|E785|Y|E669|Y|F78A9|N|W86|W86|U| | | | | | | | | | | | | | | | | | | | | | |Z741|07-Nov-2022|Z9181|07-Nov-2022|Z139|07-Nov-2022|Z1331|07-Nov-2022|Z1331|07-Nov-2022|F1990|07-Nov-2022|F109|07-Nov-2022|||||||||||||||||||||||||||||||||||||0|0||3|450|99401|3.0|2022-11-08T00:00:00|hospital_C|hospital_C_20221107
SYN_BENE_37154961218A|SYN_CLM_8CB408574FED|V|60|07-Nov-2022|07-Nov-2022|11-Nov-2022||3|377673|1|1|1|| |928.44|0.0| ||37|1306950993| |9999907899| |9999907899|||0|1| |928.44|07-Nov-2022|1|1|A|10|0.0|185.71|0|4|185.71|185.71|0|0|0|0|0|0|0|0|0|0|0|0|0|||||07-Nov-2022|951.0|0|0||Z604|Z604|N|Z733|Y|Z608|Y|N1830|Y|R801|N|E1022|N|E1129|Y|Z653|Y|I4891|Y|T50905|Y|E1121|Y|E11319|Y|D4959|Y|D075|Y|E781|Y|E119|Y|E8881|Y|I10|N|Z952|N|I350|Y|R931|Y|I259|Y|E785|Y|E669|Y|F78A9|N|W86|W86|U| | | | | | | | | | | | | | | | | | | | | | |Z741|07-Nov-2022|Z9181|07-Nov-2022|Z139|07-Nov-2022|Z1331|07-Nov-2022|Z1331|07-Nov-2022|F1990|07-Nov-2022|F109|07-Nov-2022|||||||||||||||||||||||||||||||||||||0|0||4|450|G0444|3.0|2022-11-08T00:00:00|hospital_C|hospital_C_20221107
SYN_BENE_37154961218A|SYN_CLM_8CB408574FED|V|60|07-Nov-2022|07-Nov-2022|11-Nov-2022||3|377673|1|1|1|| |928.44|0.0| ||37|1306950993| |9999907899| |9999907899|||0|1| |928.44|07-Nov-2022|1|1|A|10|0.0|185.71|0|4|185.71|185.71|0|0|0|0|0|0|0|0|0|0|0|0|0|||||07-Nov-2022|951.0|0|0||Z604|Z604|N|Z733|Y|Z608|Y|N1830|Y|R801|N|E1022|N|E1129|Y|Z653|Y|I4891|Y|T50905|Y|E1121|Y|E11319|Y|D4959|Y|D075|Y|E781|Y|E119|Y|E8881|Y|I10|N|Z952|N|I350|Y|R931|Y|I259|Y|E785|Y|E669|Y|F78A9|N|W86|W86|U| | | | | | | | | | | | | | | | | | | | | | |Z741|07-Nov-2022|Z9181|07-Nov-2022|Z139|07-Nov-2022|Z1331|07-Nov-2022|Z1331|07-Nov-2022|F1990|07-Nov-2022|F109|07-Nov-2022|||||||||||||||||||||||||||||||||||||0|0||5|450|G0444|3.0|2022-11-08T00:00:00|hospital_C|hospital_C_20221107
SYN_BENE_37154961218A|SYN_CLM_8CB408574FED|V|60|07-Nov-2022|07-Nov-2022|11-Nov-2022||3|377673|1|1|1|| |928.44|0.0| ||37|1306950993| |9999907899| |9999907899|||0|1| |928.44|07-Nov-2022|1|1|A|10|0.0|185.71|0|4|185.71|185.71|0|0|0|0|0|0|0|0|0|0|0|0|0|||||07-Nov-2022|951.0|0|0||Z604|Z604|N|Z733|Y|Z608|Y|N1830|Y|R801|N|E1022|N|E1129|Y|Z653|Y|I4891|Y|T50905|Y|E1121|Y|E11319|Y|D4959|Y|D075|Y|E781|Y|E119|Y|E8881|Y|I10|N|Z952|N|I350|Y|R931|Y|I259|Y|E785|Y|E669|Y|F78A9|N|W86|W86|U| | | | | | | | | | | | | | | | | | | | | | |Z741|07-Nov-2022|Z9181|07-Nov-2022|Z139|07-Nov-2022|Z1331|07-Nov-2022|Z1331|07-Nov-2022|F1990|07-Nov-2022|F109|07-Nov-2022|||||||||||||||||||||||||||||||||||||0|0||6|450|99408|3.0|2022-11-08T00:00:00|hospital_C|hospital_C_20221107
SYN_BENE_37154961218A|SYN_CLM_8CB408574FED|V|60|07-Nov-2022|07-Nov-2022|11-Nov-2022||3|377673|1|1|1|| |928.44|0.0| ||37|1306950993| |9999907899| |9999907899|||0|1| |928.44|07-Nov-2022|1|1|A|10|0.0|185.71|0|4|185.71|185.71|0|0|0|0|0|0|0|0|0|0|0|0|0|||||07-Nov-2022|951.0|0|0||Z604|Z604|N|Z733|Y|Z608|Y|N1830|Y|R801|N|E1022|N|E1129|Y|Z653|Y|I4891|Y|T50905|Y|E1121|Y|E11319|Y|D4959|Y|D075|Y|E781|Y|E119|Y|E8881|Y|I10|N|Z952|N|I350|Y|R931|Y|I259|Y|E785|Y|E669|Y|F78A9|N|W86|W86|U| | | | | | | | | | | | | | | | | | | | | | |Z741|07-Nov-2022|Z9181|07-Nov-2022|Z139|07-Nov-2022|Z1331|07-Nov-2022|Z1331|07-Nov-2022|F1990|07-Nov-2022|F109|07-Nov-2022|||||||||||||||||||||||||||||||||||||0|0||7|450|G0442|3.0|2022-11-08T00:00:00|hospital_C|hospital_C_20221107
SYN_BENE_FD83538F1593|SYN_CLM_4F2C79EAF172|V|60|07-Nov-2022|07-Nov-2022|11-Nov-2022||3|377673|1|1|1|| |928.44|0.0| ||37|1306950993| |9999907899| |9999907899|||0|1| |928.44|07-Nov-2022|1|1|A|10|0.0|185.71|0|4|185.71|185.71|0|0|0|0|0|0|0|0|0|0|0|0|0|||||07-Nov-2022|951.0|0|0||Z604|Z604|N|Z733|Y|Z608|Y|N1830|Y|R801|N|E1022|N|E1129|Y|Z653|Y|I4891|Y|T50905|Y|E1121|Y|E11319|Y|D4959|Y|D075|Y|E781|Y|E119|Y|E8881|Y|I10|N|Z952|N|I350|Y|R931|Y|I259|Y|E785|Y|E669|Y|F78A9|N|W86|W86|U| | | | | | | | | | | | | | | | | | | | | | |Z741|07-Nov-2022|Z9181|07-Nov-2022|Z139|07-Nov-2022|Z1331|07-Nov-2022|Z1331|07-Nov-2022|F1990|07-Nov-2022|F109|07-Nov-2022|||||||||||||||||||||||||||||||||||||0|0||1|450|96156|2.0|2022-11-08T00:00:00|hospital_C|hospital_C_20221107
SYN_BENE_FD83538F1593|SYN_CLM_4F2C79EAF172|V|60|07-Nov-2022|07-Nov-2022|11-Nov-2022||3|377673|1|1|1|| |928.44|0.0| ||37|1306950993| |9999907899| |9999907899|||0|1| |928.44|07-Nov-2022|1|1|A|10|0.0|185.71|0|4|185.71|185.71|0|0|0|0|0|0|0|0|0|0|0|0|0|||||07-Nov-2022|951.0|0|0||Z604|Z604|N|Z733|Y|Z608|Y|N1830|Y|R801|N|E1022|N|E1129|Y|Z653|Y|I4891|Y|T50905|Y|E1121|Y|E11319|Y|D4959|Y|D075|Y|E781|Y|E119|Y|E8881|Y|I10|N|Z952|N|I350|Y|R931|Y|I259|Y|E785|Y|E669|Y|F78A9|N|W86|W86|U| | | | | | | | | | | | | | | | | | | | | | |Z741|07-Nov-2022|Z9181|07-Nov-2022|Z139|07-Nov-2022|Z1331|07-Nov-2022|Z1331|07-Nov-2022|F1990|07-Nov-2022|F109|07-Nov-2022|||||||||||||||||||||||||||||||||||||0|0||2|450|M1069|3.0|2022-11-08T00:00:00|hospital_C|hospital_C_20221107
SYN_BENE_FD83538F1593|SYN_CLM_4F2C79EAF172|V|60|07-Nov-2022|07-Nov-2022|11-Nov-2022||3|377673|1|1|1|| |928.44|0.0| ||37|1306950993| |9999907899| |9999907899|||0|1| |928.44|07-Nov-2022|1|1|A|10|0.0|185.71|0|4|185.71|185.71|0|0|0|0|0|0|0|0|0|0|0|0|0|||||07-Nov-2022|951.0|0|0||Z604|Z604|N|Z733|Y|Z608|Y|N1830|Y|R801|N|E1022|N|E1129|Y|Z653|Y|I4891|Y|T50905|Y|E1121|Y|E11319|Y|D4959|Y|D075|Y|E781|Y|E119|Y|E8881|Y|I10|N|Z952|N|I350|Y|R931|Y|I259|Y|E785|Y|E669|Y|F78A9|N|W86|W86|U| | | | | | | | | | | | | | | | | | | | | | |Z741|07-Nov-2022|Z9181|07-Nov-2022|Z139|07-Nov-2022|Z1331|07-Nov-2022|Z1331|07-Nov-2022|F1990|07-Nov-2022|F109|07-Nov-2022|||||||||||||||||||||||||||||||||||||0|0||3|450|99401|3.0|2022-11-08T00:00:00|hospital_C|hospital_C_20221107
SYN_BENE_FD83538F1593|SYN_CLM_4F2C79EAF172|V|60|07-Nov-2022|07-Nov-2022|11-Nov-2022||3|377673|1|1|1|| |928.44|0.0| ||37|1306950993| |9999907899| |9999907899|||0|1| |928.44|07-Nov-2022|1|1|A|10|0.0|185.71|0|4|185.71|185.71|0|0|0|0|0|0|0|0|0|0|0|0|0|||||07-Nov-2022|951.0|0|0||Z604|Z604|N|Z733|Y|Z608|Y|N1830|Y|R801|N|E1022|N|E1129|Y|Z653|Y|I4891|Y|T50905|Y|E1121|Y|E11319|Y|D4959|Y|D075|Y|E781|Y|E119|Y|E8881|Y|I10|N|Z952|N|I350|Y|R931|Y|I259|Y|E785|Y|E669|Y|F78A9|N|W86|W86|U| | | | | | | | | | | | | | | | | | | | | | |Z741|07-Nov-2022|Z9181|07-Nov-2022|Z139|07-Nov-2022|Z1331|07-Nov-2022|Z1331|07-Nov-2022|F1990|07-Nov-2022|F109|07-Nov-2022|||||||||||||||||||||||||||||||||||||0|0||4|450|G0444|3.0|2022-11-08T00:00:00|hospital_C|hospital_C_20221107
SYN_BENE_FD83538F1593|SYN_CLM_4F2C79EAF172|V|60|07-Nov-2022|07-Nov-2022|11-Nov-2022||3|377673|1|1|1|| |928.44|0.0| ||37|1306950993| |9999907899| |9999907899|||0|1| |928.44|07-Nov-2022|1|1|A|10|0.0|185.71|0|4|185.71|185.71|0|0|0|0|0|0|0|0|0|0|0|0|0|||||07-Nov-2022|951.0|0|0||Z604|Z604|N|Z733|Y|Z608|Y|N1830|Y|R801|N|E1022|N|E1129|Y|Z653|Y|I4891|Y|T50905|Y|E1121|Y|E11319|Y|D4959|Y|D075|Y|E781|Y|E119|Y|E8881|Y|I10|N|Z952|N|I350|Y|R931|Y|I259|Y|E785|Y|E669|Y|F78A9|N|W86|W86|U| | | | | | | | | | | | | | | | | | | | | | |Z741|07-Nov-2022|Z9181|07-Nov-2022|Z139|07-Nov-2022|Z1331|07-Nov-2022|Z1331|07-Nov-2022|F1990|07-Nov-2022|F109|07-Nov-2022|||||||||||||||||||||||||||||||||||||0|0||5|450|G0444|3.0|2022-11-08T00:00:00|hospital_C|hospital_C_20221107
SYN_BENE_FD83538F1593|SYN_CLM_4F2C79EAF172|V|60|07-Nov-2022|07-Nov-2022|11-Nov-2022||3|377673|1|1|1|| |928.44|0.0| ||37|1306950993| |9999907899| |9999907899|||0|1| |928.44|07-Nov-2022|1|1|A|10|0.0|185.71|0|4|185.71|185.71|0|0|0|0|0|0|0|0|0|0|0|0|0|||||07-Nov-2022|951.0|0|0||Z604|Z604|N|Z733|Y|Z608|Y|N1830|Y|R801|N|E1022|N|E1129|Y|Z653|Y|I4891|Y|T50905|Y|E1121|Y|E11319|Y|D4959|Y|D075|Y|E781|Y|E119|Y|E8881|Y|I10|N|Z952|N|I350|Y|R931|Y|I259|Y|E785|Y|E669|Y|F78A9|N|W86|W86|U| | | | | | | | | | | | | | | | | | | | | | |Z741|07-Nov-2022|Z9181|07-Nov-2022|Z139|07-Nov-2022|Z1331|07-Nov-2022|Z1331|07-Nov-2022|F1990|07-Nov-2022|F109|07-Nov-2022|||||||||||||||||||||||||||||||||||||0|0||6|450|99408|3.0|2022-11-08T00:00:00|hospital_C|hospital_C_20221107
SYN_BENE_FD83538F1593|SYN_CLM_4F2C79EAF172|V|60|07-Nov-2022|07-Nov-2022|11-Nov-2022||3|377673|1|1|1|| |928.44|0.0| ||37|1306950993| |9999907899| |9999907899|||0|1| |928.44|07-Nov-2022|1|1|A|10|0.0|185.71|0|4|185.71|185.71|0|0|0|0|0|0|0|0|0|0|0|0|0|||||07-Nov-2022|951.0|0|0||Z604|Z604|N|Z733|Y|Z608|Y|N1830|Y|R801|N|E1022|N|E1129|Y|Z653|Y|I4891|Y|T50905|Y|E1121|Y|E11319|Y|D4959|Y|D075|Y|E781|Y|E119|Y|E8881|Y|I10|N|Z952|N|I350|Y|R931|Y|I259|Y|E785|Y|E669|Y|F78A9|N|W86|W86|U| | | | | | | | | | | | | | | | | | | | | | |Z741|07-Nov-2022|Z9181|07-Nov-2022|Z139|07-Nov-2022|Z1331|07-Nov-2022|Z1331|07-Nov-2022|F1990|07-Nov-2022|F109|07-Nov-2022|||||||||||||||||||||||||||||||||||||0|0||7|450|G0442|3.0|2022-11-08T00:00:00|hospital_C|hospital_C_20221107
SYN_BENE_513619DFC4DF|SYN_CLM_C193D0725FCA|V|60|07-Nov-2022|07-Nov-2022|11-Nov-2022||3|377673|1|1|1|| |928.44|0.0| ||37|1306950993| |9999907899| |9999907899|||0|1| |928.44|07-Nov-2022|1|1|A|10|0.0|185.71|0|4|185.71|185.71|0|0|0|0|0|0|0|0|0|0|0|0|0|||||07-Nov-2022|951.0|0|0||Z604|Z604|N|Z733|Y|Z608|Y|N1830|Y|R801|N|E1022|N|E1129|Y|Z653|Y|I4891|Y|T50905|Y|E1121|Y|E11319|Y|D4959|Y|D075|Y|E781|Y|E119|Y|E8881|Y|I10|N|Z952|N|I350|Y|R931|Y|I259|Y|E785|Y|E669|Y|F78A9|N|W86|W86|U| | | | | | | | | | | | | | | | | | | | | | |Z741|07-Nov-2022|Z9181|07-Nov-2022|Z139|07-Nov-2022|Z1331|07-Nov-2022|Z1331|07-Nov-2022|F1990|07-Nov-2022|F109|07-Nov-2022|||||||||||||||||||||||||||||||||||||0|0||1|450|96156|2.0|2022-11-08T00:00:00|hospital_C|hospital_C_20221107
SYN_BENE_513619DFC4DF|SYN_CLM_C193D0725FCA|V|60|07-Nov-2022|07-Nov-2022|11-Nov-2022||3|377673|1|1|1|| |928.44|0.0| ||37|1306950993| |9999907899| |9999907899|||0|1| |928.44|07-Nov-2022|1|1|A|10|0.0|185.71|0|4|185.71|185.71|0|0|0|0|0|0|0|0|0|0|0|0|0|||||07-Nov-2022|951.0|0|0||Z604|Z604|N|Z733|Y|Z608|Y|N1830|Y|R801|N|E1022|N|E1129|Y|Z653|Y|I4891|Y|T50905|Y|E1121|Y|E11319|Y|D4959|Y|D075|Y|E781|Y|E119|Y|E8881|Y|I10|N|Z952|N|I350|Y|R931|Y|I259|Y|E785|Y|E669|Y|F78A9|N|W86|W86|U| | | | | | | | | | | | | | | | | | | | | | |Z741|07-Nov-2022|Z9181|07-Nov-2022|Z139|07-Nov-2022|Z1331|07-Nov-2022|Z1331|07-Nov-2022|F1990|07-Nov-2022|F109|07-Nov-2022|||||||||||||||||||||||||||||||||||||0|0||2|450|M1069|3.0|2022-11-08T00:00:00|hospital_C|hospital_C_20221107
SYN_BENE_513619DFC4DF|SYN_CLM_C193D0725FCA|V|60|07-Nov-2022|07-Nov-2022|11-Nov-2022||3|377673|1|1|1|| |928.44|0.0| ||37|1306950993| |9999907899| |9999907899|||0|1| |928.44|07-Nov-2022|1|1|A|10|0.0|185.71|0|4|185.71|185.71|0|0|0|0|0|0|0|0|0|0|0|0|0|||||07-Nov-2022|951.0|0|0||Z604|Z604|N|Z733|Y|Z608|Y|N1830|Y|R801|N|E1022|N|E1129|Y|Z653|Y|I4891|Y|T50905|Y|E1121|Y|E11319|Y|D4959|Y|D075|Y|E781|Y|E119|Y|E8881|Y|I10|N|Z952|N|I350|Y|R931|Y|I259|Y|E785|Y|E669|Y|F78A9|N|W86|W86|U| | | | | | | | | | | | | | | | | | | | | | |Z741|07-Nov-2022|Z9181|07-Nov-2022|Z139|07-Nov-2022|Z1331|07-Nov-2022|Z1331|07-Nov-2022|F1990|07-Nov-2022|F109|07-Nov-2022|||||||||||||||||||||||||||||||||||||0|0||3|450|99401|3.0|2022-11-08T00:00:00|hospital_C|hospital_C_20221107
SYN_BENE_513619DFC4DF|SYN_CLM_C193D0725FCA|V|60|07-Nov-2022|07-Nov-2022|11-Nov-2022||3|377673|1|1|1|| |928.44|0.0| ||37|1306950993| |9999907899| |9999907899|||0|1| |928.44|07-Nov-2022|1|1|A|10|0.0|185.71|0|4|185.71|185.71|0|0|0|0|0|0|0|0|0|0|0|0|0|||||07-Nov-2022|951.0|0|0||Z604|Z604|N|Z733|Y|Z608|Y|N1830|Y|R801|N|E1022|N|E1129|Y|Z653|Y|I4891|Y|T50905|Y|E1121|Y|E11319|Y|D4959|Y|D075|Y|E781|Y|E119|Y|E8881|Y|I10|N|Z952|N|I350|Y|R931|Y|I259|Y|E785|Y|E669|Y|F78A9|N|W86|W86|U| | | | | | | | | | | | | | | | | | | | | | |Z741|07-Nov-2022|Z9181|07-Nov-2022|Z139|07-Nov-2022|Z1331|07-Nov-2022|Z1331|07-Nov-2022|F1990|07-Nov-2022|F109|07-Nov-2022|||||||||||||||||||||||||||||||||||||0|0||4|450|G0444|3.0|2022-11-08T00:00:00|hospital_C|hospital_C_20221107
SYN_BENE_513619DFC4DF|SYN_CLM_C193D0725FCA|V|60|07-Nov-2022|07-Nov-2022|11-Nov-2022||3|377673|1|1|1|| |928.44|0.0| ||37|1306950993| |9999907899| |9999907899|||0|1| |928.44|07-Nov-2022|1|1|A|10|0.0|185.71|0|4|185.71|185.71|0|0|0|0|0|0|0|0|0|0|0|0|0|||||07-Nov-2022|951.0|0|0||Z604|Z604|N|Z733|Y|Z608|Y|N1830|Y|R801|N|E1022|N|E1129|Y|Z653|Y|I4891|Y|T50905|Y|E1121|Y|E11319|Y|D4959|Y|D075|Y|E781|Y|E119|Y|E8881|Y|I10|N|Z952|N|I350|Y|R931|Y|I259|Y|E785|Y|E669|Y|F78A9|N|W86|W86|U| | | | | | | | | | | | | | | | | | | | | | |Z741|07-Nov-2022|Z9181|07-Nov-2022|Z139|07-Nov-2022|Z1331|07-Nov-2022|Z1331|07-Nov-2022|F1990|07-Nov-2022|F109|07-Nov-2022|||||||||||||||||||||||||||||||||||||0|0||5|450|G0444|3.0|2022-11-08T00:00:00|hospital_C|hospital_C_20221107
SYN_BENE_513619DFC4DF|SYN_CLM_C193D0725FCA|V|60|07-Nov-2022|07-Nov-2022|11-Nov-2022||3|377673|1|1|1|| |928.44|0.0| ||37|1306950993| |9999907899| |9999907899|||0|1| |928.44|07-Nov-2022|1|1|A|10|0.0|185.71|0|4|185.71|185.71|0|0|0|0|0|0|0|0|0|0|0|0|0|||||07-Nov-2022|951.0|0|0||Z604|Z604|N|Z733|Y|Z608|Y|N1830|Y|R801|N|E1022|N|E1129|Y|Z653|Y|I4891|Y|T50905|Y|E1121|Y|E11319|Y|D4959|Y|D075|Y|E781|Y|E119|Y|E8881|Y|I10|N|Z952|N|I350|Y|R931|Y|I259|Y|E785|Y|E669|Y|F78A9|N|W86|W86|U| | | | | | | | | | | | | | | | | | | | | | |Z741|07-Nov-2022|Z9181|07-Nov-2022|Z139|07-Nov-2022|Z1331|07-Nov-2022|Z1331|07-Nov-2022|F1990|07-Nov-2022|F109|07-Nov-2022|||||||||||||||||||||||||||||||||||||0|0||6|450|99408|3.0|2022-11-08T00:00:00|hospital_C|hospital_C_20221107
SYN_BENE_513619DFC4DF|SYN_CLM_C193D0725FCA|V|60|07-Nov-2022|07-Nov-2022|11-Nov-2022||3|377673|1|1|1|| |928.44|0.0| ||37|1306950993| |9999907899| |9999907899|||0|1| |928.44|07-Nov-2022|1|1|A|10|0.0|185.71|0|4|185.71|185.71|0|0|0|0|0|0|0|0|0|0|0|0|0|||||07-Nov-2022|951.0|0|0||Z604|Z604|N|Z733|Y|Z608|Y|N1830|Y|R801|N|E1022|N|E1129|Y|Z653|Y|I4891|Y|T50905|Y|E1121|Y|E11319|Y|D4959|Y|D075|Y|E781|Y|E119|Y|E8881|Y|I10|N|Z952|N|I350|Y|R931|Y|I259|Y|E785|Y|E669|Y|F78A9|N|W86|W86|U| | | | | | | | | | | | | | | | | | | | | | |Z741|07-Nov-2022|Z9181|07-Nov-2022|Z139|07-Nov-2022|Z1331|07-Nov-2022|Z1331|07-Nov-2022|F1990|07-Nov-2022|F109|07-Nov-2022|||||||||||||||||||||||||||||||||||||0|0||7|450|G0442|3.0|2022-11-08T00:00:00|hospital_C|hospital_C_20221107
SYN_BENE_3BE61BACB5EE|SYN_CLM_B823452CF242|V|60|07-Nov-2022|07-Nov-2022|11-Nov-2022||3|377673|1|1|1|| |928.44|0.0| ||37|1306950993| |9999907899| |9999907899|||0|1| |928.44|07-Nov-2022|1|1|A|10|0.0|185.71|0|4|185.71|185.71|0|0|0|0|0|0|0|0|0|0|0|0|0|||||07-Nov-2022|951.0|0|0||Z604|Z604|N|Z733|Y|Z608|Y|N1830|Y|R801|N|E1022|N|E1129|Y|Z653|Y|I4891|Y|T50905|Y|E1121|Y|E11319|Y|D4959|Y|D075|Y|E781|Y|E119|Y|E8881|Y|I10|N|Z952|N|I350|Y|R931|Y|I259|Y|E785|Y|E669|Y|F78A9|N|W86|W86|U| | | | | | | | | | | | | | | | | | | | | | |Z741|07-Nov-2022|Z9181|07-Nov-2022|Z139|07-Nov-2022|Z1331|07-Nov-2022|Z1331|07-Nov-2022|F1990|07-Nov-2022|F109|07-Nov-2022|||||||||||||||||||||||||||||||||||||0|0||1|450|96156|2.0|2022-11-08T00:00:00|hospital_C|hospital_C_20221107
SYN_BENE_3BE61BACB5EE|SYN_CLM_B823452CF242|V|60|07-Nov-2022|07-Nov-2022|11-Nov-2022||3|377673|1|1|1|| |928.44|0.0| ||37|1306950993| |9999907899| |9999907899|||0|1| |928.44|07-Nov-2022|1|1|A|10|0.0|185.71|0|4|185.71|185.71|0|0|0|0|0|0|0|0|0|0|0|0|0|||||07-Nov-2022|951.0|0|0||Z604|Z604|N|Z733|Y|Z608|Y|N1830|Y|R801|N|E1022|N|E1129|Y|Z653|Y|I4891|Y|T50905|Y|E1121|Y|E11319|Y|D4959|Y|D075|Y|E781|Y|E119|Y|E8881|Y|I10|N|Z952|N|I350|Y|R931|Y|I259|Y|E785|Y|E669|Y|F78A9|N|W86|W86|U| | | | | | | | | | | | | | | | | | | | | | |Z741|07-Nov-2022|Z9181|07-Nov-2022|Z139|07-Nov-2022|Z1331|07-Nov-2022|Z1331|07-Nov-2022|F1990|07-Nov-2022|F109|07-Nov-2022|||||||||||||||||||||||||||||||||||||0|0||2|450|M1069|3.0|2022-11-08T00:00:00|hospital_C|hospital_C_20221107
SYN_BENE_3BE61BACB5EE|SYN_CLM_B823452CF242|V|60|07-Nov-2022|07-Nov-2022|11-Nov-2022||3|377673|1|1|1|| |928.44|0.0| ||37|1306950993| |9999907899| |9999907899|||0|1| |928.44|07-Nov-2022|1|1|A|10|0.0|185.71|0|4|185.71|185.71|0|0|0|0|0|0|0|0|0|0|0|0|0|||||07-Nov-2022|951.0|0|0||Z604|Z604|N|Z733|Y|Z608|Y|N1830|Y|R801|N|E1022|N|E1129|Y|Z653|Y|I4891|Y|T50905|Y|E1121|Y|E11319|Y|D4959|Y|D075|Y|E781|Y|E119|Y|E8881|Y|I10|N|Z952|N|I350|Y|R931|Y|I259|Y|E785|Y|E669|Y|F78A9|N|W86|W86|U| | | | | | | | | | | | | | | | | | | | | | |Z741|07-Nov-2022|Z9181|07-Nov-2022|Z139|07-Nov-2022|Z1331|07-Nov-2022|Z1331|07-Nov-2022|F1990|07-Nov-2022|F109|07-Nov-2022|||||||||||||||||||||||||||||||||||||0|0||3|450|99401|3.0|2022-11-08T00:00:00|hospital_C|hospital_C_20221107
SYN_BENE_3BE61BACB5EE|SYN_CLM_B823452CF242|V|60|07-Nov-2022|07-Nov-2022|11-Nov-2022||3|377673|1|1|1|| |928.44|0.0| ||37|1306950993| |9999907899| |9999907899|||0|1| |928.44|07-Nov-2022|1|1|A|10|0.0|185.71|0|4|185.71|185.71|0|0|0|0|0|0|0|0|0|0|0|0|0|||||07-Nov-2022|951.0|0|0||Z604|Z604|N|Z733|Y|Z608|Y|N1830|Y|R801|N|E1022|N|E1129|Y|Z653|Y|I4891|Y|T50905|Y|E1121|Y|E11319|Y|D4959|Y|D075|Y|E781|Y|E119|Y|E8881|Y|I10|N|Z952|N|I350|Y|R931|Y|I259|Y|E785|Y|E669|Y|F78A9|N|W86|W86|U| | | | | | | | | | | | | | | | | | | | | | |Z741|07-Nov-2022|Z9181|07-Nov-2022|Z139|07-Nov-2022|Z1331|07-Nov-2022|Z1331|07-Nov-2022|F1990|07-Nov-2022|F109|07-Nov-2022|||||||||||||||||||||||||||||||||||||0|0||4|450|G0444|3.0|2022-11-08T00:00:00|hospital_C|hospital_C_20221107
SYN_BENE_3BE61BACB5EE|SYN_CLM_B823452CF242|V|60|07-Nov-2022|07-Nov-2022|11-Nov-2022||3|377673|1|1|1|| |928.44|0.0| ||37|1306950993| |9999907899| |9999907899|||0|1| |928.44|07-Nov-2022|1|1|A|10|0.0|185.71|0|4|185.71|185.71|0|0|0|0|0|0|0|0|0|0|0|0|0|||||07-Nov-2022|951.0|0|0||Z604|Z604|N|Z733|Y|Z608|Y|N1830|Y|R801|N|E1022|N|E1129|Y|Z653|Y|I4891|Y|T50905|Y|E1121|Y|E11319|Y|D4959|Y|D075|Y|E781|Y|E119|Y|E8881|Y|I10|N|Z952|N|I350|Y|R931|Y|I259|Y|E785|Y|E669|Y|F78A9|N|W86|W86|U| | | | | | | | | | | | | | | | | | | | | | |Z741|07-Nov-2022|Z9181|07-Nov-2022|Z139|07-Nov-2022|Z1331|07-Nov-2022|Z1331|07-Nov-2022|F1990|07-Nov-2022|F109|07-Nov-2022|||||||||||||||||||||||||||||||||||||0|0||5|450|G0444|3.0|2022-11-08T00:00:00|hospital_C|hospital_C_20221107
SYN_BENE_3BE61BACB5EE|SYN_CLM_B823452CF242|V|60|07-Nov-2022|07-Nov-2022|11-Nov-2022||3|377673|1|1|1|| |928.44|0.0| ||37|1306950993| |9999907899| |9999907899|||0|1| |928.44|07-Nov-2022|1|1|A|10|0.0|185.71|0|4|185.71|185.71|0|0|0|0|0|0|0|0|0|0|0|0|0|||||07-Nov-2022|951.0|0|0||Z604|Z604|N|Z733|Y|Z608|Y|N1830|Y|R801|N|E1022|N|E1129|Y|Z653|Y|I4891|Y|T50905|Y|E1121|Y|E11319|Y|D4959|Y|D075|Y|E781|Y|E119|Y|E8881|Y|I10|N|Z952|N|I350|Y|R931|Y|I259|Y|E785|Y|E669|Y|F78A9|N|W86|W86|U| | | | | | | | | | | | | | | | | | | | | | |Z741|07-Nov-2022|Z9181|07-Nov-2022|Z139|07-Nov-2022|Z1331|07-Nov-2022|Z1331|07-Nov-2022|F1990|07-Nov-2022|F109|07-Nov-2022|||||||||||||||||||||||||||||||||||||0|0||6|450|99408|3.0|2022-11-08T00:00:00|hospital_C|hospital_C_20221107
SYN_BENE_3BE61BACB5EE|SYN_CLM_B823452CF242|V|60|07-Nov-2022|07-Nov-2022|11-Nov-2022||3|377673|1|1|1|| |928.44|0.0| ||37|1306950993| |9999907899| |9999907899|||0|1| |928.44|07-Nov-2022|1|1|A|10|0.0|185.71|0|4|185.71|185.71|0|0|0|0|0|0|0|0|0|0|0|0|0|||||07-Nov-2022|951.0|0|0||Z604|Z604|N|Z733|Y|Z608|Y|N1830|Y|R801|N|E1022|N|E1129|Y|Z653|Y|I4891|Y|T50905|Y|E1121|Y|E11319|Y|D4959|Y|D075|Y|E781|Y|E119|Y|E8881|Y|I10|N|Z952|N|I350|Y|R931|Y|I259|Y|E785|Y|E669|Y|F78A9|N|W86|W86|U| | | | | | | | | | | | | | | | | | | | | | |Z741|07-Nov-2022|Z9181|07-Nov-2022|Z139|07-Nov-2022|Z1331|07-Nov-2022|Z1331|07-Nov-2022|F1990|07-Nov-2022|F109|07-Nov-2022|||||||||||||||||||||||||||||||||||||0|0||7|450|G0442|3.0|2022-11-08T00:00:00|hospital_C|hospital_C_20221107
SYN_BENE_1697A92BA21F|SYN_CLM_8859B1A8FDAD|V|60|07-Nov-2022|07-Nov-2022|11-Nov-2022||3|377673|1|1|1|| |928.44|0.0| ||37|1306950993| |9999907899| |9999907899|||0|1| |928.44|07-Nov-2022|1|1|A|10|0.0|185.71|0|4|185.71|185.71|0|0|0|0|0|0|0|0|0|0|0|0|0|||||07-Nov-2022|951.0|0|0||Z604|Z604|N|Z733|Y|Z608|Y|N1830|Y|R801|N|E1022|N|E1129|Y|Z653|Y|I4891|Y|T50905|Y|E1121|Y|E11319|Y|D4959|Y|D075|Y|E781|Y|E119|Y|E8881|Y|I10|N|Z952|N|I350|Y|R931|Y|I259|Y|E785|Y|E669|Y|F78A9|N|W86|W86|U| | | | | | | | | | | | | | | | | | | | | | |Z741|07-Nov-2022|Z9181|07-Nov-2022|Z139|07-Nov-2022|Z1331|07-Nov-2022|Z1331|07-Nov-2022|F1990|07-Nov-2022|F109|07-Nov-2022|||||||||||||||||||||||||||||||||||||0|0||1|450|96156|2.0|2022-11-08T00:00:00|hospital_C|hospital_C_20221107
SYN_BENE_1697A92BA21F|SYN_CLM_8859B1A8FDAD|V|60|07-Nov-2022|07-Nov-2022|11-Nov-2022||3|377673|1|1|1|| |928.44|0.0| ||37|1306950993| |9999907899| |9999907899|||0|1| |928.44|07-Nov-2022|1|1|A|10|0.0|185.71|0|4|185.71|185.71|0|0|0|0|0|0|0|0|0|0|0|0|0|||||07-Nov-2022|951.0|0|0||Z604|Z604|N|Z733|Y|Z608|Y|N1830|Y|R801|N|E1022|N|E1129|Y|Z653|Y|I4891|Y|T50905|Y|E1121|Y|E11319|Y|D4959|Y|D075|Y|E781|Y|E119|Y|E8881|Y|I10|N|Z952|N|I350|Y|R931|Y|I259|Y|E785|Y|E669|Y|F78A9|N|W86|W86|U| | | | | | | | | | | | | | | | | | | | | | |Z741|07-Nov-2022|Z9181|07-Nov-2022|Z139|07-Nov-2022|Z1331|07-Nov-2022|Z1331|07-Nov-2022|F1990|07-Nov-2022|F109|07-Nov-2022|||||||||||||||||||||||||||||||||||||0|0||2|450|M1069|3.0|2022-11-08T00:00:00|hospital_C|hospital_C_20221107
SYN_BENE_1697A92BA21F|SYN_CLM_8859B1A8FDAD|V|60|07-Nov-2022|07-Nov-2022|11-Nov-2022||3|377673|1|1|1|| |928.44|0.0| ||37|1306950993| |9999907899| |9999907899|||0|1| |928.44|07-Nov-2022|1|1|A|10|0.0|185.71|0|4|185.71|185.71|0|0|0|0|0|0|0|0|0|0|0|0|0|||||07-Nov-2022|951.0|0|0||Z604|Z604|N|Z733|Y|Z608|Y|N1830|Y|R801|N|E1022|N|E1129|Y|Z653|Y|I4891|Y|T50905|Y|E1121|Y|E11319|Y|D4959|Y|D075|Y|E781|Y|E119|Y|E8881|Y|I10|N|Z952|N|I350|Y|R931|Y|I259|Y|E785|Y|E669|Y|F78A9|N|W86|W86|U| | | | | | | | | | | | | | | | | | | | | | |Z741|07-Nov-2022|Z9181|07-Nov-2022|Z139|07-Nov-2022|Z1331|07-Nov-2022|Z1331|07-Nov-2022|F1990|07-Nov-2022|F109|07-Nov-2022|||||||||||||||||||||||||||||||||||||0|0||3|450|99401|3.0|2022-11-08T00:00:00|hospital_C|hospital_C_20221107
SYN_BENE_1697A92BA21F|SYN_CLM_8859B1A8FDAD|V|60|07-Nov-2022|07-Nov-2022|11-Nov-2022||3|377673|1|1|1|| |928.44|0.0| ||37|1306950993| |9999907899| |9999907899|||0|1| |928.44|07-Nov-2022|1|1|A|10|0.0|185.71|0|4|185.71|185.71|0|0|0|0|0|0|0|0|0|0|0|0|0|||||07-Nov-2022|951.0|0|0||Z604|Z604|N|Z733|Y|Z608|Y|N1830|Y|R801|N|E1022|N|E1129|Y|Z653|Y|I4891|Y|T50905|Y|E1121|Y|E11319|Y|D4959|Y|D075|Y|E781|Y|E119|Y|E8881|Y|I10|N|Z952|N|I350|Y|R931|Y|I259|Y|E785|Y|E669|Y|F78A9|N|W86|W86|U| | | | | | | | | | | | | | | | | | | | | | |Z741|07-Nov-2022|Z9181|07-Nov-2022|Z139|07-Nov-2022|Z1331|07-Nov-2022|Z1331|07-Nov-2022|F1990|07-Nov-2022|F109|07-Nov-2022|||||||||||||||||||||||||||||||||||||0|0||4|450|G0444|3.0|2022-11-08T00:00:00|hospital_C|hospital_C_20221107
SYN_BENE_1697A92BA21F|SYN_CLM_8859B1A8FDAD|V|60|07-Nov-2022|07-Nov-2022|11-Nov-2022||3|377673|1|1|1|| |928.44|0.0| ||37|1306950993| |9999907899| |9999907899|||0|1| |928.44|07-Nov-2022|1|1|A|10|0.0|185.71|0|4|185.71|185.71|0|0|0|0|0|0|0|0|0|0|0|0|0|||||07-Nov-2022|951.0|0|0||Z604|Z604|N|Z733|Y|Z608|Y|N1830|Y|R801|N|E1022|N|E1129|Y|Z653|Y|I4891|Y|T50905|Y|E1121|Y|E11319|Y|D4959|Y|D075|Y|E781|Y|E119|Y|E8881|Y|I10|N|Z952|N|I350|Y|R931|Y|I259|Y|E785|Y|E669|Y|F78A9|N|W86|W86|U| | | | | | | | | | | | | | | | | | | | | | |Z741|07-Nov-2022|Z9181|07-Nov-2022|Z139|07-Nov-2022|Z1331|07-Nov-2022|Z1331|07-Nov-2022|F1990|07-Nov-2022|F109|07-Nov-2022|||||||||||||||||||||||||||||||||||||0|0||5|450|G0444|3.0|2022-11-08T00:00:00|hospital_C|hospital_C_20221107
SYN_BENE_1697A92BA21F|SYN_CLM_8859B1A8FDAD|V|60|07-Nov-2022|07-Nov-2022|11-Nov-2022||3|377673|1|1|1|| |928.44|0.0| ||37|1306950993| |9999907899| |9999907899|||0|1| |928.44|07-Nov-2022|1|1|A|10|0.0|185.71|0|4|185.71|185.71|0|0|0|0|0|0|0|0|0|0|0|0|0|||||07-Nov-2022|951.0|0|0||Z604|Z604|N|Z733|Y|Z608|Y|N1830|Y|R801|N|E1022|N|E1129|Y|Z653|Y|I4891|Y|T50905|Y|E1121|Y|E11319|Y|D4959|Y|D075|Y|E781|Y|E119|Y|E8881|Y|I10|N|Z952|N|I350|Y|R931|Y|I259|Y|E785|Y|E669|Y|F78A9|N|W86|W86|U| | | | | | | | | | | | | | | | | | | | | | |Z741|07-Nov-2022|Z9181|07-Nov-2022|Z139|07-Nov-2022|Z1331|07-Nov-2022|Z1331|07-Nov-2022|F1990|07-Nov-2022|F109|07-Nov-2022|||||||||||||||||||||||||||||||||||||0|0||6|450|99408|3.0|2022-11-08T00:00:00|hospital_C|hospital_C_20221107
SYN_BENE_1697A92BA21F|SYN_CLM_8859B1A8FDAD|V|60|07-Nov-2022|07-Nov-2022|11-Nov-2022||3|377673|1|1|1|| |928.44|0.0| ||37|1306950993| |9999907899| |9999907899|||0|1| |928.44|07-Nov-2022|1|1|A|10|0.0|185.71|0|4|185.71|185.71|0|0|0|0|0|0|0|0|0|0|0|0|0|||||07-Nov-2022|951.0|0|0||Z604|Z604|N|Z733|Y|Z608|Y|N1830|Y|R801|N|E1022|N|E1129|Y|Z653|Y|I4891|Y|T50905|Y|E1121|Y|E11319|Y|D4959|Y|D075|Y|E781|Y|E119|Y|E8881|Y|I10|N|Z952|N|I350|Y|R931|Y|I259|Y|E785|Y|E669|Y|F78A9|N|W86|W86|U| | | | | | | | | | | | | | | | | | | | | | |Z741|07-Nov-2022|Z9181|07-Nov-2022|Z139|07-Nov-2022|Z1331|07-Nov-2022|Z1331|07-Nov-2022|F1990|07-Nov-2022|F109|07-Nov-2022|||||||||||||||||||||||||||||||||||||0|0||7|450|G0442|3.0|2022-11-08T00:00:00|hospital_C|hospital_C_20221107
SYN_BENE_72DAD1B8B574|SYN_CLM_AD745C524A90|V|60|07-Nov-2022|07-Nov-2022|11-Nov-2022||3|377673|1|1|1|| |928.44|0.0| ||37|1306950993| |9999907899| |9999907899|||0|1| |928.44|07-Nov-2022|1|1|A|10|0.0|185.71|0|4|185.71|185.71|0|0|0|0|0|0|0|0|0|0|0|0|0|||||07-Nov-2022|951.0|0|0||Z604|Z604|N|Z733|Y|Z608|Y|N1830|Y|R801|N|E1022|N|E1129|Y|Z653|Y|I4891|Y|T50905|Y|E1121|Y|E11319|Y|D4959|Y|D075|Y|E781|Y|E119|Y|E8881|Y|I10|N|Z952|N|I350|Y|R931|Y|I259|Y|E785|Y|E669|Y|F78A9|N|W86|W86|U| | | | | | | | | | | | | | | | | | | | | | |Z741|07-Nov-2022|Z9181|07-Nov-2022|Z139|07-Nov-2022|Z1331|07-Nov-2022|Z1331|07-Nov-2022|F1990|07-Nov-2022|F109|07-Nov-2022|||||||||||||||||||||||||||||||||||||0|0||1|450|96156|2.0|2022-11-08T00:00:00|hospital_C|hospital_C_20221107
SYN_BENE_72DAD1B8B574|SYN_CLM_AD745C524A90|V|60|07-Nov-2022|07-Nov-2022|11-Nov-2022||3|377673|1|1|1|| |928.44|0.0| ||37|1306950993| |9999907899| |9999907899|||0|1| |928.44|07-Nov-2022|1|1|A|10|0.0|185.71|0|4|185.71|185.71|0|0|0|0|0|0|0|0|0|0|0|0|0|||||07-Nov-2022|951.0|0|0||Z604|Z604|N|Z733|Y|Z608|Y|N1830|Y|R801|N|E1022|N|E1129|Y|Z653|Y|I4891|Y|T50905|Y|E1121|Y|E11319|Y|D4959|Y|D075|Y|E781|Y|E119|Y|E8881|Y|I10|N|Z952|N|I350|Y|R931|Y|I259|Y|E785|Y|E669|Y|F78A9|N|W86|W86|U| | | | | | | | | | | | | | | | | | | | | | |Z741|07-Nov-2022|Z9181|07-Nov-2022|Z139|07-Nov-2022|Z1331|07-Nov-2022|Z1331|07-Nov-2022|F1990|07-Nov-2022|F109|07-Nov-2022|||||||||||||||||||||||||||||||||||||0|0||2|450|M1069|3.0|2022-11-08T00:00:00|hospital_C|hospital_C_20221107
SYN_BENE_72DAD1B8B574|SYN_CLM_AD745C524A90|V|60|07-Nov-2022|07-Nov-2022|11-Nov-2022||3|377673|1|1|1|| |928.44|0.0| ||37|1306950993| |9999907899| |9999907899|||0|1| |928.44|07-Nov-2022|1|1|A|10|0.0|185.71|0|4|185.71|185.71|0|0|0|0|0|0|0|0|0|0|0|0|0|||||07-Nov-2022|951.0|0|0||Z604|Z604|N|Z733|Y|Z608|Y|N1830|Y|R801|N|E1022|N|E1129|Y|Z653|Y|I4891|Y|T50905|Y|E1121|Y|E11319|Y|D4959|Y|D075|Y|E781|Y|E119|Y|E8881|Y|I10|N|Z952|N|I350|Y|R931|Y|I259|Y|E785|Y|E669|Y|F78A9|N|W86|W86|U| | | | | | | | | | | | | | | | | | | | | | |Z741|07-Nov-2022|Z9181|07-Nov-2022|Z139|07-Nov-2022|Z1331|07-Nov-2022|Z1331|07-Nov-2022|F1990|07-Nov-2022|F109|07-Nov-2022|||||||||||||||||||||||||||||||||||||0|0||3|450|99401|3.0|2022-11-08T00:00:00|hospital_C|hospital_C_20221107
SYN_BENE_72DAD1B8B574|SYN_CLM_AD745C524A90|V|60|07-Nov-2022|07-Nov-2022|11-Nov-2022||3|377673|1|1|1|| |928.44|0.0| ||37|1306950993| |9999907899| |9999907899|||0|1| |928.44|07-Nov-2022|1|1|A|10|0.0|185.71|0|4|185.71|185.71|0|0|0|0|0|0|0|0|0|0|0|0|0|||||07-Nov-2022|951.0|0|0||Z604|Z604|N|Z733|Y|Z608|Y|N1830|Y|R801|N|E1022|N|E1129|Y|Z653|Y|I4891|Y|T50905|Y|E1121|Y|E11319|Y|D4959|Y|D075|Y|E781|Y|E119|Y|E8881|Y|I10|N|Z952|N|I350|Y|R931|Y|I259|Y|E785|Y|E669|Y|F78A9|N|W86|W86|U| | | | | | | | | | | | | | | | | | | | | | |Z741|07-Nov-2022|Z9181|07-Nov-2022|Z139|07-Nov-2022|Z1331|07-Nov-2022|Z1331|07-Nov-2022|F1990|07-Nov-2022|F109|07-Nov-2022|||||||||||||||||||||||||||||||||||||0|0||4|450|G0444|3.0|2022-11-08T00:00:00|hospital_C|hospital_C_20221107
SYN_BENE_72DAD1B8B574|SYN_CLM_AD745C524A90|V|60|07-Nov-2022|07-Nov-2022|11-Nov-2022||3|377673|1|1|1|| |928.44|0.0| ||37|1306950993| |9999907899| |9999907899|||0|1| |928.44|07-Nov-2022|1|1|A|10|0.0|185.71|0|4|185.71|185.71|0|0|0|0|0|0|0|0|0|0|0|0|0|||||07-Nov-2022|951.0|0|0||Z604|Z604|N|Z733|Y|Z608|Y|N1830|Y|R801|N|E1022|N|E1129|Y|Z653|Y|I4891|Y|T50905|Y|E1121|Y|E11319|Y|D4959|Y|D075|Y|E781|Y|E119|Y|E8881|Y|I10|N|Z952|N|I350|Y|R931|Y|I259|Y|E785|Y|E669|Y|F78A9|N|W86|W86|U| | | | | | | | | | | | | | | | | | | | | | |Z741|07-Nov-2022|Z9181|07-Nov-2022|Z139|07-Nov-2022|Z1331|07-Nov-2022|Z1331|07-Nov-2022|F1990|07-Nov-2022|F109|07-Nov-2022|||||||||||||||||||||||||||||||||||||0|0||5|450|G0444|3.0|2022-11-08T00:00:00|hospital_C|hospital_C_20221107
SYN_BENE_72DAD1B8B574|SYN_CLM_AD745C524A90|V|60|07-Nov-2022|07-Nov-2022|11-Nov-2022||3|377673|1|1|1|| |928.44|0.0| ||37|1306950993| |9999907899| |9999907899|||0|1| |928.44|07-Nov-2022|1|1|A|10|0.0|185.71|0|4|185.71|185.71|0|0|0|0|0|0|0|0|0|0|0|0|0|||||07-Nov-2022|951.0|0|0||Z604|Z604|N|Z733|Y|Z608|Y|N1830|Y|R801|N|E1022|N|E1129|Y|Z653|Y|I4891|Y|T50905|Y|E1121|Y|E11319|Y|D4959|Y|D075|Y|E781|Y|E119|Y|E8881|Y|I10|N|Z952|N|I350|Y|R931|Y|I259|Y|E785|Y|E669|Y|F78A9|N|W86|W86|U| | | | | | | | | | | | | | | | | | | | | | |Z741|07-Nov-2022|Z9181|07-Nov-2022|Z139|07-Nov-2022|Z1331|07-Nov-2022|Z1331|07-Nov-2022|F1990|07-Nov-2022|F109|07-Nov-2022|||||||||||||||||||||||||||||||||||||0|0||6|450|99408|3.0|2022-11-08T00:00:00|hospital_C|hospital_C_20221107
SYN_BENE_72DAD1B8B574|SYN_CLM_AD745C524A90|V|60|07-Nov-2022|07-Nov-2022|11-Nov-2022||3|377673|1|1|1|| |928.44|0.0| ||37|1306950993| |9999907899| |9999907899|||0|1| |928.44|07-Nov-2022|1|1|A|10|0.0|185.71|0|4|185.71|185.71|0|0|0|0|0|0|0|0|0|0|0|0|0|||||07-Nov-2022|951.0|0|0||Z604|Z604|N|Z733|Y|Z608|Y|N1830|Y|R801|N|E1022|N|E1129|Y|Z653|Y|I4891|Y|T50905|Y|E1121|Y|E11319|Y|D4959|Y|D075|Y|E781|Y|E119|Y|E8881|Y|I10|N|Z952|N|I350|Y|R931|Y|I259|Y|E785|Y|E669|Y|F78A9|N|W86|W86|U| | | | | | | | | | | | | | | | | | | | | | |Z741|07-Nov-2022|Z9181|07-Nov-2022|Z139|07-Nov-2022|Z1331|07-Nov-2022|Z1331|07-Nov-2022|F1990|07-Nov-2022|F109|07-Nov-2022|||||||||||||||||||||||||||||||||||||0|0||7|450|G0442|3.0|2022-11-08T00:00:00|hospital_C|hospital_C_20221107
SYN_BENE_6CE5AA96FA96|SYN_CLM_AB804FB1F383|V|60|07-Nov-2022|07-Nov-2022|11-Nov-2022||3|377673|1|1|1|| |928.44|0.0| ||37|1306950993| |9999907899| |9999907899|||0|1| |928.44|07-Nov-2022|1|1|A|10|0.0|185.71|0|4|185.71|185.71|0|0|0|0|0|0|0|0|0|0|0|0|0|||||07-Nov-2022|951.0|0|0||Z604|Z604|N|Z733|Y|Z608|Y|N1830|Y|R801|N|E1022|N|E1129|Y|Z653|Y|I4891|Y|T50905|Y|E1121|Y|E11319|Y|D4959|Y|D075|Y|E781|Y|E119|Y|E8881|Y|I10|N|Z952|N|I350|Y|R931|Y|I259|Y|E785|Y|E669|Y|F78A9|N|W86|W86|U| | | | | | | | | | | | | | | | | | | | | | |Z741|07-Nov-2022|Z9181|07-Nov-2022|Z139|07-Nov-2022|Z1331|07-Nov-2022|Z1331|07-Nov-2022|F1990|07-Nov-2022|F109|07-Nov-2022|||||||||||||||||||||||||||||||||||||0|0||1|450|96156|2.0|2022-11-08T00:00:00|hospital_C|hospital_C_20221107
SYN_BENE_6CE5AA96FA96|SYN_CLM_AB804FB1F383|V|60|07-Nov-2022|07-Nov-2022|11-Nov-2022||3|377673|1|1|1|| |928.44|0.0| ||37|1306950993| |9999907899| |9999907899|||0|1| |928.44|07-Nov-2022|1|1|A|10|0.0|185.71|0|4|185.71|185.71|0|0|0|0|0|0|0|0|0|0|0|0|0|||||07-Nov-2022|951.0|0|0||Z604|Z604|N|Z733|Y|Z608|Y|N1830|Y|R801|N|E1022|N|E1129|Y|Z653|Y|I4891|Y|T50905|Y|E1121|Y|E11319|Y|D4959|Y|D075|Y|E781|Y|E119|Y|E8881|Y|I10|N|Z952|N|I350|Y|R931|Y|I259|Y|E785|Y|E669|Y|F78A9|N|W86|W86|U| | | | | | | | | | | | | | | | | | | | | | |Z741|07-Nov-2022|Z9181|07-Nov-2022|Z139|07-Nov-2022|Z1331|07-Nov-2022|Z1331|07-Nov-2022|F1990|07-Nov-2022|F109|07-Nov-2022|||||||||||||||||||||||||||||||||||||0|0||2|450|M1069|3.0|2022-11-08T00:00:00|hospital_C|hospital_C_20221107
SYN_BENE_6CE5AA96FA96|SYN_CLM_AB804FB1F383|V|60|07-Nov-2022|07-Nov-2022|11-Nov-2022||3|377673|1|1|1|| |928.44|0.0| ||37|1306950993| |9999907899| |9999907899|||0|1| |928.44|07-Nov-2022|1|1|A|10|0.0|185.71|0|4|185.71|185.71|0|0|0|0|0|0|0|0|0|0|0|0|0|||||07-Nov-2022|951.0|0|0||Z604|Z604|N|Z733|Y|Z608|Y|N1830|Y|R801|N|E1022|N|E1129|Y|Z653|Y|I4891|Y|T50905|Y|E1121|Y|E11319|Y|D4959|Y|D075|Y|E781|Y|E119|Y|E8881|Y|I10|N|Z952|N|I350|Y|R931|Y|I259|Y|E785|Y|E669|Y|F78A9|N|W86|W86|U| | | | | | | | | | | | | | | | | | | | | | |Z741|07-Nov-2022|Z9181|07-Nov-2022|Z139|07-Nov-2022|Z1331|07-Nov-2022|Z1331|07-Nov-2022|F1990|07-Nov-2022|F109|07-Nov-2022|||||||||||||||||||||||||||||||||||||0|0||3|450|99401|3.0|2022-11-08T00:00:00|hospital_C|hospital_C_20221107
SYN_BENE_6CE5AA96FA96|SYN_CLM_AB804FB1F383|V|60|07-Nov-2022|07-Nov-2022|11-Nov-2022||3|377673|1|1|1|| |928.44|0.0| ||37|1306950993| |9999907899| |9999907899|||0|1| |928.44|07-Nov-2022|1|1|A|10|0.0|185.71|0|4|185.71|185.71|0|0|0|0|0|0|0|0|0|0|0|0|0|||||07-Nov-2022|951.0|0|0||Z604|Z604|N|Z733|Y|Z608|Y|N1830|Y|R801|N|E1022|N|E1129|Y|Z653|Y|I4891|Y|T50905|Y|E1121|Y|E11319|Y|D4959|Y|D075|Y|E781|Y|E119|Y|E8881|Y|I10|N|Z952|N|I350|Y|R931|Y|I259|Y|E785|Y|E669|Y|F78A9|N|W86|W86|U| | | | | | | | | | | | | | | | | | | | | | |Z741|07-Nov-2022|Z9181|07-Nov-2022|Z139|07-Nov-2022|Z1331|07-Nov-2022|Z1331|07-Nov-2022|F1990|07-Nov-2022|F109|07-Nov-2022|||||||||||||||||||||||||||||||||||||0|0||4|450|G0444|3.0|2022-11-08T00:00:00|hospital_C|hospital_C_20221107
SYN_BENE_6CE5AA96FA96|SYN_CLM_AB804FB1F383|V|60|07-Nov-2022|07-Nov-2022|11-Nov-2022||3|377673|1|1|1|| |928.44|0.0| ||37|1306950993| |9999907899| |9999907899|||0|1| |928.44|07-Nov-2022|1|1|A|10|0.0|185.71|0|4|185.71|185.71|0|0|0|0|0|0|0|0|0|0|0|0|0|||||07-Nov-2022|951.0|0|0||Z604|Z604|N|Z733|Y|Z608|Y|N1830|Y|R801|N|E1022|N|E1129|Y|Z653|Y|I4891|Y|T50905|Y|E1121|Y|E11319|Y|D4959|Y|D075|Y|E781|Y|E119|Y|E8881|Y|I10|N|Z952|N|I350|Y|R931|Y|I259|Y|E785|Y|E669|Y|F78A9|N|W86|W86|U| | | | | | | | | | | | | | | | | | | | | | |Z741|07-Nov-2022|Z9181|07-Nov-2022|Z139|07-Nov-2022|Z1331|07-Nov-2022|Z1331|07-Nov-2022|F1990|07-Nov-2022|F109|07-Nov-2022|||||||||||||||||||||||||||||||||||||0|0||5|450|G0444|3.0|2022-11-08T00:00:00|hospital_C|hospital_C_20221107
SYN_BENE_6CE5AA96FA96|SYN_CLM_AB804FB1F383|V|60|07-Nov-2022|07-Nov-2022|11-Nov-2022||3|377673|1|1|1|| |928.44|0.0| ||37|1306950993| |9999907899| |9999907899|||0|1| |928.44|07-Nov-2022|1|1|A|10|0.0|185.71|0|4|185.71|185.71|0|0|0|0|0|0|0|0|0|0|0|0|0|||||07-Nov-2022|951.0|0|0||Z604|Z604|N|Z733|Y|Z608|Y|N1830|Y|R801|N|E1022|N|E1129|Y|Z653|Y|I4891|Y|T50905|Y|E1121|Y|E11319|Y|D4959|Y|D075|Y|E781|Y|E119|Y|E8881|Y|I10|N|Z952|N|I350|Y|R931|Y|I259|Y|E785|Y|E669|Y|F78A9|N|W86|W86|U| | | | | | | | | | | | | | | | | | | | | | |Z741|07-Nov-2022|Z9181|07-Nov-2022|Z139|07-Nov-2022|Z1331|07-Nov-2022|Z1331|07-Nov-2022|F1990|07-Nov-2022|F109|07-Nov-2022|||||||||||||||||||||||||||||||||||||0|0||6|450|99408|3.0|2022-11-08T00:00:00|hospital_C|hospital_C_20221107
SYN_BENE_6CE5AA96FA96|SYN_CLM_AB804FB1F383|V|60|07-Nov-2022|07-Nov-2022|11-Nov-2022||3|377673|1|1|1|| |928.44|0.0| ||37|1306950993| |9999907899| |9999907899|||0|1| |928.44|07-Nov-2022|1|1|A|10|0.0|185.71|0|4|185.71|185.71|0|0|0|0|0|0|0|0|0|0|0|0|0|||||07-Nov-2022|951.0|0|0||Z604|Z604|N|Z733|Y|Z608|Y|N1830|Y|R801|N|E1022|N|E1129|Y|Z653|Y|I4891|Y|T50905|Y|E1121|Y|E11319|Y|D4959|Y|D075|Y|E781|Y|E119|Y|E8881|Y|I10|N|Z952|N|I350|Y|R931|Y|I259|Y|E785|Y|E669|Y|F78A9|N|W86|W86|U| | | | | | | | | | | | | | | | | | | | | | |Z741|07-Nov-2022|Z9181|07-Nov-2022|Z139|07-Nov-2022|Z1331|07-Nov-2022|Z1331|07-Nov-2022|F1990|07-Nov-2022|F109|07-Nov-2022|||||||||||||||||||||||||||||||||||||0|0||7|450|G0442|3.0|2022-11-08T00:00:00|hospital_C|hospital_C_20221107
SYN_BENE_785795795AF2|SYN_CLM_C272B5E2981E|V|60|07-Nov-2022|07-Nov-2022|11-Nov-2022||3|377673|1|1|1|| |928.44|0.0| ||37|1306950993| |9999907899| |9999907899|||0|1| |928.44|07-Nov-2022|1|1|A|10|0.0|185.71|0|4|185.71|185.71|0|0|0|0|0|0|0|0|0|0|0|0|0|||||07-Nov-2022|951.0|0|0||Z604|Z604|N|Z733|Y|Z608|Y|N1830|Y|R801|N|E1022|N|E1129|Y|Z653|Y|I4891|Y|T50905|Y|E1121|Y|E11319|Y|D4959|Y|D075|Y|E781|Y|E119|Y|E8881|Y|I10|N|Z952|N|I350|Y|R931|Y|I259|Y|E785|Y|E669|Y|F78A9|N|W86|W86|U| | | | | | | | | | | | | | | | | | | | | | |Z741|07-Nov-2022|Z9181|07-Nov-2022|Z139|07-Nov-2022|Z1331|07-Nov-2022|Z1331|07-Nov-2022|F1990|07-Nov-2022|F109|07-Nov-2022|||||||||||||||||||||||||||||||||||||0|0||1|450|96156|2.0|2022-11-08T00:00:00|hospital_C|hospital_C_20221107
SYN_BENE_785795795AF2|SYN_CLM_C272B5E2981E|V|60|07-Nov-2022|07-Nov-2022|11-Nov-2022||3|377673|1|1|1|| |928.44|0.0| ||37|1306950993| |9999907899| |9999907899|||0|1| |928.44|07-Nov-2022|1|1|A|10|0.0|185.71|0|4|185.71|185.71|0|0|0|0|0|0|0|0|0|0|0|0|0|||||07-Nov-2022|951.0|0|0||Z604|Z604|N|Z733|Y|Z608|Y|N1830|Y|R801|N|E1022|N|E1129|Y|Z653|Y|I4891|Y|T50905|Y|E1121|Y|E11319|Y|D4959|Y|D075|Y|E781|Y|E119|Y|E8881|Y|I10|N|Z952|N|I350|Y|R931|Y|I259|Y|E785|Y|E669|Y|F78A9|N|W86|W86|U| | | | | | | | | | | | | | | | | | | | | | |Z741|07-Nov-2022|Z9181|07-Nov-2022|Z139|07-Nov-2022|Z1331|07-Nov-2022|Z1331|07-Nov-2022|F1990|07-Nov-2022|F109|07-Nov-2022|||||||||||||||||||||||||||||||||||||0|0||2|450|M1069|3.0|2022-11-08T00:00:00|hospital_C|hospital_C_20221107
SYN_BENE_785795795AF2|SYN_CLM_C272B5E2981E|V|60|07-Nov-2022|07-Nov-2022|11-Nov-2022||3|377673|1|1|1|| |928.44|0.0| ||37|1306950993| |9999907899| |9999907899|||0|1| |928.44|07-Nov-2022|1|1|A|10|0.0|185.71|0|4|185.71|185.71|0|0|0|0|0|0|0|0|0|0|0|0|0|||||07-Nov-2022|951.0|0|0||Z604|Z604|N|Z733|Y|Z608|Y|N1830|Y|R801|N|E1022|N|E1129|Y|Z653|Y|I4891|Y|T50905|Y|E1121|Y|E11319|Y|D4959|Y|D075|Y|E781|Y|E119|Y|E8881|Y|I10|N|Z952|N|I350|Y|R931|Y|I259|Y|E785|Y|E669|Y|F78A9|N|W86|W86|U| | | | | | | | | | | | | | | | | | | | | | |Z741|07-Nov-2022|Z9181|07-Nov-2022|Z139|07-Nov-2022|Z1331|07-Nov-2022|Z1331|07-Nov-2022|F1990|07-Nov-2022|F109|07-Nov-2022|||||||||||||||||||||||||||||||||||||0|0||3|450|99401|3.0|2022-11-08T00:00:00|hospital_C|hospital_C_20221107
SYN_BENE_785795795AF2|SYN_CLM_C272B5E2981E|V|60|07-Nov-2022|07-Nov-2022|11-Nov-2022||3|377673|1|1|1|| |928.44|0.0| ||37|1306950993| |9999907899| |9999907899|||0|1| |928.44|07-Nov-2022|1|1|A|10|0.0|185.71|0|4|185.71|185.71|0|0|0|0|0|0|0|0|0|0|0|0|0|||||07-Nov-2022|951.0|0|0||Z604|Z604|N|Z733|Y|Z608|Y|N1830|Y|R801|N|E1022|N|E1129|Y|Z653|Y|I4891|Y|T50905|Y|E1121|Y|E11319|Y|D4959|Y|D075|Y|E781|Y|E119|Y|E8881|Y|I10|N|Z952|N|I350|Y|R931|Y|I259|Y|E785|Y|E669|Y|F78A9|N|W86|W86|U| | | | | | | | | | | | | | | | | | | | | | |Z741|07-Nov-2022|Z9181|07-Nov-2022|Z139|07-Nov-2022|Z1331|07-Nov-2022|Z1331|07-Nov-2022|F1990|07-Nov-2022|F109|07-Nov-2022|||||||||||||||||||||||||||||||||||||0|0||4|450|G0444|3.0|2022-11-08T00:00:00|hospital_C|hospital_C_20221107
SYN_BENE_785795795AF2|SYN_CLM_C272B5E2981E|V|60|07-Nov-2022|07-Nov-2022|11-Nov-2022||3|377673|1|1|1|| |928.44|0.0| ||37|1306950993| |9999907899| |9999907899|||0|1| |928.44|07-Nov-2022|1|1|A|10|0.0|185.71|0|4|185.71|185.71|0|0|0|0|0|0|0|0|0|0|0|0|0|||||07-Nov-2022|951.0|0|0||Z604|Z604|N|Z733|Y|Z608|Y|N1830|Y|R801|N|E1022|N|E1129|Y|Z653|Y|I4891|Y|T50905|Y|E1121|Y|E11319|Y|D4959|Y|D075|Y|E781|Y|E119|Y|E8881|Y|I10|N|Z952|N|I350|Y|R931|Y|I259|Y|E785|Y|E669|Y|F78A9|N|W86|W86|U| | | | | | | | | | | | | | | | | | | | | | |Z741|07-Nov-2022|Z9181|07-Nov-2022|Z139|07-Nov-2022|Z1331|07-Nov-2022|Z1331|07-Nov-2022|F1990|07-Nov-2022|F109|07-Nov-2022|||||||||||||||||||||||||||||||||||||0|0||5|450|G0444|3.0|2022-11-08T00:00:00|hospital_C|hospital_C_20221107
SYN_BENE_785795795AF2|SYN_CLM_C272B5E2981E|V|60|07-Nov-2022|07-Nov-2022|11-Nov-2022||3|377673|1|1|1|| |928.44|0.0| ||37|1306950993| |9999907899| |9999907899|||0|1| |928.44|07-Nov-2022|1|1|A|10|0.0|185.71|0|4|185.71|185.71|0|0|0|0|0|0|0|0|0|0|0|0|0|||||07-Nov-2022|951.0|0|0||Z604|Z604|N|Z733|Y|Z608|Y|N1830|Y|R801|N|E1022|N|E1129|Y|Z653|Y|I4891|Y|T50905|Y|E1121|Y|E11319|Y|D4959|Y|D075|Y|E781|Y|E119|Y|E8881|Y|I10|N|Z952|N|I350|Y|R931|Y|I259|Y|E785|Y|E669|Y|F78A9|N|W86|W86|U| | | | | | | | | | | | | | | | | | | | | | |Z741|07-Nov-2022|Z9181|07-Nov-2022|Z139|07-Nov-2022|Z1331|07-Nov-2022|Z1331|07-Nov-2022|F1990|07-Nov-2022|F109|07-Nov-2022|||||||||||||||||||||||||||||||||||||0|0||6|450|99408|3.0|2022-11-08T00:00:00|hospital_C|hospital_C_20221107
SYN_BENE_785795795AF2|SYN_CLM_C272B5E2981E|V|60|07-Nov-2022|07-Nov-2022|11-Nov-2022||3|377673|1|1|1|| |928.44|0.0| ||37|1306950993| |9999907899| |9999907899|||0|1| |928.44|07-Nov-2022|1|1|A|10|0.0|185.71|0|4|185.71|185.71|0|0|0|0|0|0|0|0|0|0|0|0|0|||||07-Nov-2022|951.0|0|0||Z604|Z604|N|Z733|Y|Z608|Y|N1830|Y|R801|N|E1022|N|E1129|Y|Z653|Y|I4891|Y|T50905|Y|E1121|Y|E11319|Y|D4959|Y|D075|Y|E781|Y|E119|Y|E8881|Y|I10|N|Z952|N|I350|Y|R931|Y|I259|Y|E785|Y|E669|Y|F78A9|N|W86|W86|U| | | | | | | | | | | | | | | | | | | | | | |Z741|07-Nov-2022|Z9181|07-Nov-2022|Z139|07-Nov-2022|Z1331|07-Nov-2022|Z1331|07-Nov-2022|F1990|07-Nov-2022|F109|07-Nov-2022|||||||||||||||||||||||||||||||||||||0|0||7|450|G0442|3.0|2022-11-08T00:00:00|hospital_C|hospital_C_20221107
SYN_BENE_D1D7FE87639B|SYN_CLM_A95682331DD7|V|60|07-Nov-2022|07-Nov-2022|11-Nov-2022||3|377673|1|1|1|| |928.44|0.0| ||37|1306950993| |9999907899| |9999907899|||0|1| |928.44|07-Nov-2022|1|1|A|10|0.0|185.71|0|4|185.71|185.71|0|0|0|0|0|0|0|0|0|0|0|0|0|||||07-Nov-2022|951.0|0|0||Z604|Z604|N|Z733|Y|Z608|Y|N1830|Y|R801|N|E1022|N|E1129|Y|Z653|Y|I4891|Y|T50905|Y|E1121|Y|E11319|Y|D4959|Y|D075|Y|E781|Y|E119|Y|E8881|Y|I10|N|Z952|N|I350|Y|R931|Y|I259|Y|E785|Y|E669|Y|F78A9|N|W86|W86|U| | | | | | | | | | | | | | | | | | | | | | |Z741|07-Nov-2022|Z9181|07-Nov-2022|Z139|07-Nov-2022|Z1331|07-Nov-2022|Z1331|07-Nov-2022|F1990|07-Nov-2022|F109|07-Nov-2022|||||||||||||||||||||||||||||||||||||0|0||1|450|96156|2.0|2022-11-08T00:00:00|hospital_C|hospital_C_20221107
SYN_BENE_D1D7FE87639B|SYN_CLM_A95682331DD7|V|60|07-Nov-2022|07-Nov-2022|11-Nov-2022||3|377673|1|1|1|| |928.44|0.0| ||37|1306950993| |9999907899| |9999907899|||0|1| |928.44|07-Nov-2022|1|1|A|10|0.0|185.71|0|4|185.71|185.71|0|0|0|0|0|0|0|0|0|0|0|0|0|||||07-Nov-2022|951.0|0|0||Z604|Z604|N|Z733|Y|Z608|Y|N1830|Y|R801|N|E1022|N|E1129|Y|Z653|Y|I4891|Y|T50905|Y|E1121|Y|E11319|Y|D4959|Y|D075|Y|E781|Y|E119|Y|E8881|Y|I10|N|Z952|N|I350|Y|R931|Y|I259|Y|E785|Y|E669|Y|F78A9|N|W86|W86|U| | | | | | | | | | | | | | | | | | | | | | |Z741|07-Nov-2022|Z9181|07-Nov-2022|Z139|07-Nov-2022|Z1331|07-Nov-2022|Z1331|07-Nov-2022|F1990|07-Nov-2022|F109|07-Nov-2022|||||||||||||||||||||||||||||||||||||0|0||2|450|M1069|3.0|2022-11-08T00:00:00|hospital_C|hospital_C_20221107
SYN_BENE_D1D7FE87639B|SYN_CLM_A95682331DD7|V|60|07-Nov-2022|07-Nov-2022|11-Nov-2022||3|377673|1|1|1|| |928.44|0.0| ||37|1306950993| |9999907899| |9999907899|||0|1| |928.44|07-Nov-2022|1|1|A|10|0.0|185.71|0|4|185.71|185.71|0|0|0|0|0|0|0|0|0|0|0|0|0|||||07-Nov-2022|951.0|0|0||Z604|Z604|N|Z733|Y|Z608|Y|N1830|Y|R801|N|E1022|N|E1129|Y|Z653|Y|I4891|Y|T50905|Y|E1121|Y|E11319|Y|D4959|Y|D075|Y|E781|Y|E119|Y|E8881|Y|I10|N|Z952|N|I350|Y|R931|Y|I259|Y|E785|Y|E669|Y|F78A9|N|W86|W86|U| | | | | | | | | | | | | | | | | | | | | | |Z741|07-Nov-2022|Z9181|07-Nov-2022|Z139|07-Nov-2022|Z1331|07-Nov-2022|Z1331|07-Nov-2022|F1990|07-Nov-2022|F109|07-Nov-2022|||||||||||||||||||||||||||||||||||||0|0||3|450|99401|3.0|2022-11-08T00:00:00|hospital_C|hospital_C_20221107
SYN_BENE_D1D7FE87639B|SYN_CLM_A95682331DD7|V|60|07-Nov-2022|07-Nov-2022|11-Nov-2022||3|377673|1|1|1|| |928.44|0.0| ||37|1306950993| |9999907899| |9999907899|||0|1| |928.44|07-Nov-2022|1|1|A|10|0.0|185.71|0|4|185.71|185.71|0|0|0|0|0|0|0|0|0|0|0|0|0|||||07-Nov-2022|951.0|0|0||Z604|Z604|N|Z733|Y|Z608|Y|N1830|Y|R801|N|E1022|N|E1129|Y|Z653|Y|I4891|Y|T50905|Y|E1121|Y|E11319|Y|D4959|Y|D075|Y|E781|Y|E119|Y|E8881|Y|I10|N|Z952|N|I350|Y|R931|Y|I259|Y|E785|Y|E669|Y|F78A9|N|W86|W86|U| | | | | | | | | | | | | | | | | | | | | | |Z741|07-Nov-2022|Z9181|07-Nov-2022|Z139|07-Nov-2022|Z1331|07-Nov-2022|Z1331|07-Nov-2022|F1990|07-Nov-2022|F109|07-Nov-2022|||||||||||||||||||||||||||||||||||||0|0||4|450|G0444|3.0|2022-11-08T00:00:00|hospital_C|hospital_C_20221107
SYN_BENE_D1D7FE87639B|SYN_CLM_A95682331DD7|V|60|07-Nov-2022|07-Nov-2022|11-Nov-2022||3|377673|1|1|1|| |928.44|0.0| ||37|1306950993| |9999907899| |9999907899|||0|1| |928.44|07-Nov-2022|1|1|A|10|0.0|185.71|0|4|185.71|185.71|0|0|0|0|0|0|0|0|0|0|0|0|0|||||07-Nov-2022|951.0|0|0||Z604|Z604|N|Z733|Y|Z608|Y|N1830|Y|R801|N|E1022|N|E1129|Y|Z653|Y|I4891|Y|T50905|Y|E1121|Y|E11319|Y|D4959|Y|D075|Y|E781|Y|E119|Y|E8881|Y|I10|N|Z952|N|I350|Y|R931|Y|I259|Y|E785|Y|E669|Y|F78A9|N|W86|W86|U| | | | | | | | | | | | | | | | | | | | | | |Z741|07-Nov-2022|Z9181|07-Nov-2022|Z139|07-Nov-2022|Z1331|07-Nov-2022|Z1331|07-Nov-2022|F1990|07-Nov-2022|F109|07-Nov-2022|||||||||||||||||||||||||||||||||||||0|0||5|450|G0444|3.0|2022-11-08T00:00:00|hospital_C|hospital_C_20221107
SYN_BENE_D1D7FE87639B|SYN_CLM_A95682331DD7|V|60|07-Nov-2022|07-Nov-2022|11-Nov-2022||3|377673|1|1|1|| |928.44|0.0| ||37|1306950993| |9999907899| |9999907899|||0|1| |928.44|07-Nov-2022|1|1|A|10|0.0|185.71|0|4|185.71|185.71|0|0|0|0|0|0|0|0|0|0|0|0|0|||||07-Nov-2022|951.0|0|0||Z604|Z604|N|Z733|Y|Z608|Y|N1830|Y|R801|N|E1022|N|E1129|Y|Z653|Y|I4891|Y|T50905|Y|E1121|Y|E11319|Y|D4959|Y|D075|Y|E781|Y|E119|Y|E8881|Y|I10|N|Z952|N|I350|Y|R931|Y|I259|Y|E785|Y|E669|Y|F78A9|N|W86|W86|U| | | | | | | | | | | | | | | | | | | | | | |Z741|07-Nov-2022|Z9181|07-Nov-2022|Z139|07-Nov-2022|Z1331|07-Nov-2022|Z1331|07-Nov-2022|F1990|07-Nov-2022|F109|07-Nov-2022|||||||||||||||||||||||||||||||||||||0|0||6|450|99408|3.0|2022-11-08T00:00:00|hospital_C|hospital_C_20221107
SYN_BENE_D1D7FE87639B|SYN_CLM_A95682331DD7|V|60|07-Nov-2022|07-Nov-2022|11-Nov-2022||3|377673|1|1|1|| |928.44|0.0| ||37|1306950993| |9999907899| |9999907899|||0|1| |928.44|07-Nov-2022|1|1|A|10|0.0|185.71|0|4|185.71|185.71|0|0|0|0|0|0|0|0|0|0|0|0|0|||||07-Nov-2022|951.0|0|0||Z604|Z604|N|Z733|Y|Z608|Y|N1830|Y|R801|N|E1022|N|E1129|Y|Z653|Y|I4891|Y|T50905|Y|E1121|Y|E11319|Y|D4959|Y|D075|Y|E781|Y|E119|Y|E8881|Y|I10|N|Z952|N|I350|Y|R931|Y|I259|Y|E785|Y|E669|Y|F78A9|N|W86|W86|U| | | | | | | | | | | | | | | | | | | | | | |Z741|07-Nov-2022|Z9181|07-Nov-2022|Z139|07-Nov-2022|Z1331|07-Nov-2022|Z1331|07-Nov-2022|F1990|07-Nov-2022|F109|07-Nov-2022|||||||||||||||||||||||||||||||||||||0|0||7|450|G0442|3.0|2022-11-08T00:00:00|hospital_C|hospital_C_20221107
SYN_BENE_66F8422058AC|SYN_CLM_A1C3905C690E|V|60|07-Nov-2022|07-Nov-2022|11-Nov-2022||3|377673|1|1|1|| |928.44|0.0| ||37|1306950993| |9999907899| |9999907899|||0|1| |928.44|07-Nov-2022|1|1|A|10|0.0|185.71|0|4|185.71|185.71|0|0|0|0|0|0|0|0|0|0|0|0|0|||||07-Nov-2022|951.0|0|0||Z604|Z604|N|Z733|Y|Z608|Y|N1830|Y|R801|N|E1022|N|E1129|Y|Z653|Y|I4891|Y|T50905|Y|E1121|Y|E11319|Y|D4959|Y|D075|Y|E781|Y|E119|Y|E8881|Y|I10|N|Z952|N|I350|Y|R931|Y|I259|Y|E785|Y|E669|Y|F78A9|N|W86|W86|U| | | | | | | | | | | | | | | | | | | | | | |Z741|07-Nov-2022|Z9181|07-Nov-2022|Z139|07-Nov-2022|Z1331|07-Nov-2022|Z1331|07-Nov-2022|F1990|07-Nov-2022|F109|07-Nov-2022|||||||||||||||||||||||||||||||||||||0|0||1|450|96156|2.0|2022-11-08T00:00:00|hospital_C|hospital_C_20221107
SYN_BENE_66F8422058AC|SYN_CLM_A1C3905C690E|V|60|07-Nov-2022|07-Nov-2022|11-Nov-2022||3|377673|1|1|1|| |928.44|0.0| ||37|1306950993| |9999907899| |9999907899|||0|1| |928.44|07-Nov-2022|1|1|A|10|0.0|185.71|0|4|185.71|185.71|0|0|0|0|0|0|0|0|0|0|0|0|0|||||07-Nov-2022|951.0|0|0||Z604|Z604|N|Z733|Y|Z608|Y|N1830|Y|R801|N|E1022|N|E1129|Y|Z653|Y|I4891|Y|T50905|Y|E1121|Y|E11319|Y|D4959|Y|D075|Y|E781|Y|E119|Y|E8881|Y|I10|N|Z952|N|I350|Y|R931|Y|I259|Y|E785|Y|E669|Y|F78A9|N|W86|W86|U| | | | | | | | | | | | | | | | | | | | | | |Z741|07-Nov-2022|Z9181|07-Nov-2022|Z139|07-Nov-2022|Z1331|07-Nov-2022|Z1331|07-Nov-2022|F1990|07-Nov-2022|F109|07-Nov-2022|||||||||||||||||||||||||||||||||||||0|0||2|450|M1069|3.0|2022-11-08T00:00:00|hospital_C|hospital_C_20221107
SYN_BENE_66F8422058AC|SYN_CLM_A1C3905C690E|V|60|07-Nov-2022|07-Nov-2022|11-Nov-2022||3|377673|1|1|1|| |928.44|0.0| ||37|1306950993| |9999907899| |9999907899|||0|1| |928.44|07-Nov-2022|1|1|A|10|0.0|185.71|0|4|185.71|185.71|0|0|0|0|0|0|0|0|0|0|0|0|0|||||07-Nov-2022|951.0|0|0||Z604|Z604|N|Z733|Y|Z608|Y|N1830|Y|R801|N|E1022|N|E1129|Y|Z653|Y|I4891|Y|T50905|Y|E1121|Y|E11319|Y|D4959|Y|D075|Y|E781|Y|E119|Y|E8881|Y|I10|N|Z952|N|I350|Y|R931|Y|I259|Y|E785|Y|E669|Y|F78A9|N|W86|W86|U| | | | | | | | | | | | | | | | | | | | | | |Z741|07-Nov-2022|Z9181|07-Nov-2022|Z139|07-Nov-2022|Z1331|07-Nov-2022|Z1331|07-Nov-2022|F1990|07-Nov-2022|F109|07-Nov-2022|||||||||||||||||||||||||||||||||||||0|0||3|450|99401|3.0|2022-11-08T00:00:00|hospital_C|hospital_C_20221107
SYN_BENE_66F8422058AC|SYN_CLM_A1C3905C690E|V|60|07-Nov-2022|07-Nov-2022|11-Nov-2022||3|377673|1|1|1|| |928.44|0.0| ||37|1306950993| |9999907899| |9999907899|||0|1| |928.44|07-Nov-2022|1|1|A|10|0.0|185.71|0|4|185.71|185.71|0|0|0|0|0|0|0|0|0|0|0|0|0|||||07-Nov-2022|951.0|0|0||Z604|Z604|N|Z733|Y|Z608|Y|N1830|Y|R801|N|E1022|N|E1129|Y|Z653|Y|I4891|Y|T50905|Y|E1121|Y|E11319|Y|D4959|Y|D075|Y|E781|Y|E119|Y|E8881|Y|I10|N|Z952|N|I350|Y|R931|Y|I259|Y|E785|Y|E669|Y|F78A9|N|W86|W86|U| | | | | | | | | | | | | | | | | | | | | | |Z741|07-Nov-2022|Z9181|07-Nov-2022|Z139|07-Nov-2022|Z1331|07-Nov-2022|Z1331|07-Nov-2022|F1990|07-Nov-2022|F109|07-Nov-2022|||||||||||||||||||||||||||||||||||||0|0||4|450|G0444|3.0|2022-11-08T00:00:00|hospital_C|hospital_C_20221107
SYN_BENE_66F8422058AC|SYN_CLM_A1C3905C690E|V|60|07-Nov-2022|07-Nov-2022|11-Nov-2022||3|377673|1|1|1|| |928.44|0.0| ||37|1306950993| |9999907899| |9999907899|||0|1| |928.44|07-Nov-2022|1|1|A|10|0.0|185.71|0|4|185.71|185.71|0|0|0|0|0|0|0|0|0|0|0|0|0|||||07-Nov-2022|951.0|0|0||Z604|Z604|N|Z733|Y|Z608|Y|N1830|Y|R801|N|E1022|N|E1129|Y|Z653|Y|I4891|Y|T50905|Y|E1121|Y|E11319|Y|D4959|Y|D075|Y|E781|Y|E119|Y|E8881|Y|I10|N|Z952|N|I350|Y|R931|Y|I259|Y|E785|Y|E669|Y|F78A9|N|W86|W86|U| | | | | | | | | | | | | | | | | | | | | | |Z741|07-Nov-2022|Z9181|07-Nov-2022|Z139|07-Nov-2022|Z1331|07-Nov-2022|Z1331|07-Nov-2022|F1990|07-Nov-2022|F109|07-Nov-2022|||||||||||||||||||||||||||||||||||||0|0||5|450|G0444|3.0|2022-11-08T00:00:00|hospital_C|hospital_C_20221107
SYN_BENE_66F8422058AC|SYN_CLM_A1C3905C690E|V|60|07-Nov-2022|07-Nov-2022|11-Nov-2022||3|377673|1|1|1|| |928.44|0.0| ||37|1306950993| |9999907899| |9999907899|||0|1| |928.44|07-Nov-2022|1|1|A|10|0.0|185.71|0|4|185.71|185.71|0|0|0|0|0|0|0|0|0|0|0|0|0|||||07-Nov-2022|951.0|0|0||Z604|Z604|N|Z733|Y|Z608|Y|N1830|Y|R801|N|E1022|N|E1129|Y|Z653|Y|I4891|Y|T50905|Y|E1121|Y|E11319|Y|D4959|Y|D075|Y|E781|Y|E119|Y|E8881|Y|I10|N|Z952|N|I350|Y|R931|Y|I259|Y|E785|Y|E669|Y|F78A9|N|W86|W86|U| | | | | | | | | | | | | | | | | | | | | | |Z741|07-Nov-2022|Z9181|07-Nov-2022|Z139|07-Nov-2022|Z1331|07-Nov-2022|Z1331|07-Nov-2022|F1990|07-Nov-2022|F109|07-Nov-2022|||||||||||||||||||||||||||||||||||||0|0||6|450|99408|3.0|2022-11-08T00:00:00|hospital_C|hospital_C_20221107
SYN_BENE_66F8422058AC|SYN_CLM_A1C3905C690E|V|60|07-Nov-2022|07-Nov-2022|11-Nov-2022||3|377673|1|1|1|| |928.44|0.0| ||37|1306950993| |9999907899| |9999907899|||0|1| |928.44|07-Nov-2022|1|1|A|10|0.0|185.71|0|4|185.71|185.71|0|0|0|0|0|0|0|0|0|0|0|0|0|||||07-Nov-2022|951.0|0|0||Z604|Z604|N|Z733|Y|Z608|Y|N1830|Y|R801|N|E1022|N|E1129|Y|Z653|Y|I4891|Y|T50905|Y|E1121|Y|E11319|Y|D4959|Y|D075|Y|E781|Y|E119|Y|E8881|Y|I10|N|Z952|N|I350|Y|R931|Y|I259|Y|E785|Y|E669|Y|F78A9|N|W86|W86|U| | | | | | | | | | | | | | | | | | | | | | |Z741|07-Nov-2022|Z9181|07-Nov-2022|Z139|07-Nov-2022|Z1331|07-Nov-2022|Z1331|07-Nov-2022|F1990|07-Nov-2022|F109|07-Nov-2022|||||||||||||||||||||||||||||||||||||0|0||7|450|G0442|3.0|2022-11-08T00:00:00|hospital_C|hospital_C_20221107
SYN_BENE_6FF9F7A7D7DE|SYN_CLM_832BE99D00F9|V|60|07-Nov-2022|07-Nov-2022|11-Nov-2022||3|377673|1|1|1|| |928.44|0.0| ||37|1306950993| |9999907899| |9999907899|||0|1| |928.44|07-Nov-2022|1|1|A|10|0.0|185.71|0|4|185.71|185.71|0|0|0|0|0|0|0|0|0|0|0|0|0|||||07-Nov-2022|951.0|0|0||Z604|Z604|N|Z733|Y|Z608|Y|N1830|Y|R801|N|E1022|N|E1129|Y|Z653|Y|I4891|Y|T50905|Y|E1121|Y|E11319|Y|D4959|Y|D075|Y|E781|Y|E119|Y|E8881|Y|I10|N|Z952|N|I350|Y|R931|Y|I259|Y|E785|Y|E669|Y|F78A9|N|W86|W86|U| | | | | | | | | | | | | | | | | | | | | | |Z741|07-Nov-2022|Z9181|07-Nov-2022|Z139|07-Nov-2022|Z1331|07-Nov-2022|Z1331|07-Nov-2022|F1990|07-Nov-2022|F109|07-Nov-2022|||||||||||||||||||||||||||||||||||||0|0||1|450|96156|2.0|2022-11-08T00:00:00|hospital_C|hospital_C_20221107
SYN_BENE_6FF9F7A7D7DE|SYN_CLM_832BE99D00F9|V|60|07-Nov-2022|07-Nov-2022|11-Nov-2022||3|377673|1|1|1|| |928.44|0.0| ||37|1306950993| |9999907899| |9999907899|||0|1| |928.44|07-Nov-2022|1|1|A|10|0.0|185.71|0|4|185.71|185.71|0|0|0|0|0|0|0|0|0|0|0|0|0|||||07-Nov-2022|951.0|0|0||Z604|Z604|N|Z733|Y|Z608|Y|N1830|Y|R801|N|E1022|N|E1129|Y|Z653|Y|I4891|Y|T50905|Y|E1121|Y|E11319|Y|D4959|Y|D075|Y|E781|Y|E119|Y|E8881|Y|I10|N|Z952|N|I350|Y|R931|Y|I259|Y|E785|Y|E669|Y|F78A9|N|W86|W86|U| | | | | | | | | | | | | | | | | | | | | | |Z741|07-Nov-2022|Z9181|07-Nov-2022|Z139|07-Nov-2022|Z1331|07-Nov-2022|Z1331|07-Nov-2022|F1990|07-Nov-2022|F109|07-Nov-2022|||||||||||||||||||||||||||||||||||||0|0||2|450|M1069|3.0|2022-11-08T00:00:00|hospital_C|hospital_C_20221107
SYN_BENE_6FF9F7A7D7DE|SYN_CLM_832BE99D00F9|V|60|07-Nov-2022|07-Nov-2022|11-Nov-2022||3|377673|1|1|1|| |928.44|0.0| ||37|1306950993| |9999907899| |9999907899|||0|1| |928.44|07-Nov-2022|1|1|A|10|0.0|185.71|0|4|185.71|185.71|0|0|0|0|0|0|0|0|0|0|0|0|0|||||07-Nov-2022|951.0|0|0||Z604|Z604|N|Z733|Y|Z608|Y|N1830|Y|R801|N|E1022|N|E1129|Y|Z653|Y|I4891|Y|T50905|Y|E1121|Y|E11319|Y|D4959|Y|D075|Y|E781|Y|E119|Y|E8881|Y|I10|N|Z952|N|I350|Y|R931|Y|I259|Y|E785|Y|E669|Y|F78A9|N|W86|W86|U| | | | | | | | | | | | | | | | | | | | | | |Z741|07-Nov-2022|Z9181|07-Nov-2022|Z139|07-Nov-2022|Z1331|07-Nov-2022|Z1331|07-Nov-2022|F1990|07-Nov-2022|F109|07-Nov-2022|||||||||||||||||||||||||||||||||||||0|0||3|450|99401|3.0|2022-11-08T00:00:00|hospital_C|hospital_C_20221107
SYN_BENE_6FF9F7A7D7DE|SYN_CLM_832BE99D00F9|V|60|07-Nov-2022|07-Nov-2022|11-Nov-2022||3|377673|1|1|1|| |928.44|0.0| ||37|1306950993| |9999907899| |9999907899|||0|1| |928.44|07-Nov-2022|1|1|A|10|0.0|185.71|0|4|185.71|185.71|0|0|0|0|0|0|0|0|0|0|0|0|0|||||07-Nov-2022|951.0|0|0||Z604|Z604|N|Z733|Y|Z608|Y|N1830|Y|R801|N|E1022|N|E1129|Y|Z653|Y|I4891|Y|T50905|Y|E1121|Y|E11319|Y|D4959|Y|D075|Y|E781|Y|E119|Y|E8881|Y|I10|N|Z952|N|I350|Y|R931|Y|I259|Y|E785|Y|E669|Y|F78A9|N|W86|W86|U| | | | | | | | | | | | | | | | | | | | | | |Z741|07-Nov-2022|Z9181|07-Nov-2022|Z139|07-Nov-2022|Z1331|07-Nov-2022|Z1331|07-Nov-2022|F1990|07-Nov-2022|F109|07-Nov-2022|||||||||||||||||||||||||||||||||||||0|0||4|450|G0444|3.0|2022-11-08T00:00:00|hospital_C|hospital_C_20221107
SYN_BENE_6FF9F7A7D7DE|SYN_CLM_832BE99D00F9|V|60|07-Nov-2022|07-Nov-2022|11-Nov-2022||3|377673|1|1|1|| |928.44|0.0| ||37|1306950993| |9999907899| |9999907899|||0|1| |928.44|07-Nov-2022|1|1|A|10|0.0|185.71|0|4|185.71|185.71|0|0|0|0|0|0|0|0|0|0|0|0|0|||||07-Nov-2022|951.0|0|0||Z604|Z604|N|Z733|Y|Z608|Y|N1830|Y|R801|N|E1022|N|E1129|Y|Z653|Y|I4891|Y|T50905|Y|E1121|Y|E11319|Y|D4959|Y|D075|Y|E781|Y|E119|Y|E8881|Y|I10|N|Z952|N|I350|Y|R931|Y|I259|Y|E785|Y|E669|Y|F78A9|N|W86|W86|U| | | | | | | | | | | | | | | | | | | | | | |Z741|07-Nov-2022|Z9181|07-Nov-2022|Z139|07-Nov-2022|Z1331|07-Nov-2022|Z1331|07-Nov-2022|F1990|07-Nov-2022|F109|07-Nov-2022|||||||||||||||||||||||||||||||||||||0|0||5|450|G0444|3.0|2022-11-08T00:00:00|hospital_C|hospital_C_20221107
SYN_BENE_6FF9F7A7D7DE|SYN_CLM_832BE99D00F9|V|60|07-Nov-2022|07-Nov-2022|11-Nov-2022||3|377673|1|1|1|| |928.44|0.0| ||37|1306950993| |9999907899| |9999907899|||0|1| |928.44|07-Nov-2022|1|1|A|10|0.0|185.71|0|4|185.71|185.71|0|0|0|0|0|0|0|0|0|0|0|0|0|||||07-Nov-2022|951.0|0|0||Z604|Z604|N|Z733|Y|Z608|Y|N1830|Y|R801|N|E1022|N|E1129|Y|Z653|Y|I4891|Y|T50905|Y|E1121|Y|E11319|Y|D4959|Y|D075|Y|E781|Y|E119|Y|E8881|Y|I10|N|Z952|N|I350|Y|R931|Y|I259|Y|E785|Y|E669|Y|F78A9|N|W86|W86|U| | | | | | | | | | | | | | | | | | | | | | |Z741|07-Nov-2022|Z9181|07-Nov-2022|Z139|07-Nov-2022|Z1331|07-Nov-2022|Z1331|07-Nov-2022|F1990|07-Nov-2022|F109|07-Nov-2022|||||||||||||||||||||||||||||||||||||0|0||6|450|99408|3.0|2022-11-08T00:00:00|hospital_C|hospital_C_20221107
SYN_BENE_6FF9F7A7D7DE|SYN_CLM_832BE99D00F9|V|60|07-Nov-2022|07-Nov-2022|11-Nov-2022||3|377673|1|1|1|| |928.44|0.0| ||37|1306950993| |9999907899| |9999907899|||0|1| |928.44|07-Nov-2022|1|1|A|10|0.0|185.71|0|4|185.71|185.71|0|0|0|0|0|0|0|0|0|0|0|0|0|||||07-Nov-2022|951.0|0|0||Z604|Z604|N|Z733|Y|Z608|Y|N1830|Y|R801|N|E1022|N|E1129|Y|Z653|Y|I4891|Y|T50905|Y|E1121|Y|E11319|Y|D4959|Y|D075|Y|E781|Y|E119|Y|E8881|Y|I10|N|Z952|N|I350|Y|R931|Y|I259|Y|E785|Y|E669|Y|F78A9|N|W86|W86|U| | | | | | | | | | | | | | | | | | | | | | |Z741|07-Nov-2022|Z9181|07-Nov-2022|Z139|07-Nov-2022|Z1331|07-Nov-2022|Z1331|07-Nov-2022|F1990|07-Nov-2022|F109|07-Nov-2022|||||||||||||||||||||||||||||||||||||0|0||7|450|G0442|3.0|2022-11-08T00:00:00|hospital_C|hospital_C_20221107
SYN_BENE_F8F8BD7209AA|SYN_CLM_D8C1BB1C3087|V|60|07-Nov-2022|07-Nov-2022|11-Nov-2022||3|377673|1|1|1|| |928.44|0.0| ||37|1306950993| |9999907899| |9999907899|||0|1| |928.44|07-Nov-2022|1|1|A|10|0.0|185.71|0|4|185.71|185.71|0|0|0|0|0|0|0|0|0|0|0|0|0|||||07-Nov-2022|951.0|0|0||Z604|Z604|N|Z733|Y|Z608|Y|N1830|Y|R801|N|E1022|N|E1129|Y|Z653|Y|I4891|Y|T50905|Y|E1121|Y|E11319|Y|D4959|Y|D075|Y|E781|Y|E119|Y|E8881|Y|I10|N|Z952|N|I350|Y|R931|Y|I259|Y|E785|Y|E669|Y|F78A9|N|W86|W86|U| | | | | | | | | | | | | | | | | | | | | | |Z741|07-Nov-2022|Z9181|07-Nov-2022|Z139|07-Nov-2022|Z1331|07-Nov-2022|Z1331|07-Nov-2022|F1990|07-Nov-2022|F109|07-Nov-2022|||||||||||||||||||||||||||||||||||||0|0||1|450|96156|2.0|2022-11-08T00:00:00|hospital_C|hospital_C_20221107
SYN_BENE_F8F8BD7209AA|SYN_CLM_D8C1BB1C3087|V|60|07-Nov-2022|07-Nov-2022|11-Nov-2022||3|377673|1|1|1|| |928.44|0.0| ||37|1306950993| |9999907899| |9999907899|||0|1| |928.44|07-Nov-2022|1|1|A|10|0.0|185.71|0|4|185.71|185.71|0|0|0|0|0|0|0|0|0|0|0|0|0|||||07-Nov-2022|951.0|0|0||Z604|Z604|N|Z733|Y|Z608|Y|N1830|Y|R801|N|E1022|N|E1129|Y|Z653|Y|I4891|Y|T50905|Y|E1121|Y|E11319|Y|D4959|Y|D075|Y|E781|Y|E119|Y|E8881|Y|I10|N|Z952|N|I350|Y|R931|Y|I259|Y|E785|Y|E669|Y|F78A9|N|W86|W86|U| | | | | | | | | | | | | | | | | | | | | | |Z741|07-Nov-2022|Z9181|07-Nov-2022|Z139|07-Nov-2022|Z1331|07-Nov-2022|Z1331|07-Nov-2022|F1990|07-Nov-2022|F109|07-Nov-2022|||||||||||||||||||||||||||||||||||||0|0||2|450|M1069|3.0|2022-11-08T00:00:00|hospital_C|hospital_C_20221107
SYN_BENE_F8F8BD7209AA|SYN_CLM_D8C1BB1C3087|V|60|07-Nov-2022|07-Nov-2022|11-Nov-2022||3|377673|1|1|1|| |928.44|0.0| ||37|1306950993| |9999907899| |9999907899|||0|1| |928.44|07-Nov-2022|1|1|A|10|0.0|185.71|0|4|185.71|185.71|0|0|0|0|0|0|0|0|0|0|0|0|0|||||07-Nov-2022|951.0|0|0||Z604|Z604|N|Z733|Y|Z608|Y|N1830|Y|R801|N|E1022|N|E1129|Y|Z653|Y|I4891|Y|T50905|Y|E1121|Y|E11319|Y|D4959|Y|D075|Y|E781|Y|E119|Y|E8881|Y|I10|N|Z952|N|I350|Y|R931|Y|I259|Y|E785|Y|E669|Y|F78A9|N|W86|W86|U| | | | | | | | | | | | | | | | | | | | | | |Z741|07-Nov-2022|Z9181|07-Nov-2022|Z139|07-Nov-2022|Z1331|07-Nov-2022|Z1331|07-Nov-2022|F1990|07-Nov-2022|F109|07-Nov-2022|||||||||||||||||||||||||||||||||||||0|0||3|450|99401|3.0|2022-11-08T00:00:00|hospital_C|hospital_C_20221107
SYN_BENE_F8F8BD7209AA|SYN_CLM_D8C1BB1C3087|V|60|07-Nov-2022|07-Nov-2022|11-Nov-2022||3|377673|1|1|1|| |928.44|0.0| ||37|1306950993| |9999907899| |9999907899|||0|1| |928.44|07-Nov-2022|1|1|A|10|0.0|185.71|0|4|185.71|185.71|0|0|0|0|0|0|0|0|0|0|0|0|0|||||07-Nov-2022|951.0|0|0||Z604|Z604|N|Z733|Y|Z608|Y|N1830|Y|R801|N|E1022|N|E1129|Y|Z653|Y|I4891|Y|T50905|Y|E1121|Y|E11319|Y|D4959|Y|D075|Y|E781|Y|E119|Y|E8881|Y|I10|N|Z952|N|I350|Y|R931|Y|I259|Y|E785|Y|E669|Y|F78A9|N|W86|W86|U| | | | | | | | | | | | | | | | | | | | | | |Z741|07-Nov-2022|Z9181|07-Nov-2022|Z139|07-Nov-2022|Z1331|07-Nov-2022|Z1331|07-Nov-2022|F1990|07-Nov-2022|F109|07-Nov-2022|||||||||||||||||||||||||||||||||||||0|0||4|450|G0444|3.0|2022-11-08T00:00:00|hospital_C|hospital_C_20221107
SYN_BENE_F8F8BD7209AA|SYN_CLM_D8C1BB1C3087|V|60|07-Nov-2022|07-Nov-2022|11-Nov-2022||3|377673|1|1|1|| |928.44|0.0| ||37|1306950993| |9999907899| |9999907899|||0|1| |928.44|07-Nov-2022|1|1|A|10|0.0|185.71|0|4|185.71|185.71|0|0|0|0|0|0|0|0|0|0|0|0|0|||||07-Nov-2022|951.0|0|0||Z604|Z604|N|Z733|Y|Z608|Y|N1830|Y|R801|N|E1022|N|E1129|Y|Z653|Y|I4891|Y|T50905|Y|E1121|Y|E11319|Y|D4959|Y|D075|Y|E781|Y|E119|Y|E8881|Y|I10|N|Z952|N|I350|Y|R931|Y|I259|Y|E785|Y|E669|Y|F78A9|N|W86|W86|U| | | | | | | | | | | | | | | | | | | | | | |Z741|07-Nov-2022|Z9181|07-Nov-2022|Z139|07-Nov-2022|Z1331|07-Nov-2022|Z1331|07-Nov-2022|F1990|07-Nov-2022|F109|07-Nov-2022|||||||||||||||||||||||||||||||||||||0|0||5|450|G0444|3.0|2022-11-08T00:00:00|hospital_C|hospital_C_20221107
SYN_BENE_F8F8BD7209AA|SYN_CLM_D8C1BB1C3087|V|60|07-Nov-2022|07-Nov-2022|11-Nov-2022||3|377673|1|1|1|| |928.44|0.0| ||37|1306950993| |9999907899| |9999907899|||0|1| |928.44|07-Nov-2022|1|1|A|10|0.0|185.71|0|4|185.71|185.71|0|0|0|0|0|0|0|0|0|0|0|0|0|||||07-Nov-2022|951.0|0|0||Z604|Z604|N|Z733|Y|Z608|Y|N1830|Y|R801|N|E1022|N|E1129|Y|Z653|Y|I4891|Y|T50905|Y|E1121|Y|E11319|Y|D4959|Y|D075|Y|E781|Y|E119|Y|E8881|Y|I10|N|Z952|N|I350|Y|R931|Y|I259|Y|E785|Y|E669|Y|F78A9|N|W86|W86|U| | | | | | | | | | | | | | | | | | | | | | |Z741|07-Nov-2022|Z9181|07-Nov-2022|Z139|07-Nov-2022|Z1331|07-Nov-2022|Z1331|07-Nov-2022|F1990|07-Nov-2022|F109|07-Nov-2022|||||||||||||||||||||||||||||||||||||0|0||6|450|99408|3.0|2022-11-08T00:00:00|hospital_C|hospital_C_20221107
SYN_BENE_F8F8BD7209AA|SYN_CLM_D8C1BB1C3087|V|60|07-Nov-2022|07-Nov-2022|11-Nov-2022||3|377673|1|1|1|| |928.44|0.0| ||37|1306950993| |9999907899| |9999907899|||0|1| |928.44|07-Nov-2022|1|1|A|10|0.0|185.71|0|4|185.71|185.71|0|0|0|0|0|0|0|0|0|0|0|0|0|||||07-Nov-2022|951.0|0|0||Z604|Z604|N|Z733|Y|Z608|Y|N1830|Y|R801|N|E1022|N|E1129|Y|Z653|Y|I4891|Y|T50905|Y|E1121|Y|E11319|Y|D4959|Y|D075|Y|E781|Y|E119|Y|E8881|Y|I10|N|Z952|N|I350|Y|R931|Y|I259|Y|E785|Y|E669|Y|F78A9|N|W86|W86|U| | | | | | | | | | | | | | | | | | | | | | |Z741|07-Nov-2022|Z9181|07-Nov-2022|Z139|07-Nov-2022|Z1331|07-Nov-2022|Z1331|07-Nov-2022|F1990|07-Nov-2022|F109|07-Nov-2022|||||||||||||||||||||||||||||||||||||0|0||7|450|G0442|3.0|2022-11-08T00:00:00|hospital_C|hospital_C_20221107
SYN_BENE_6652D09B0D3F|SYN_CLM_FED0E6653B09|V|60|07-Nov-2022|07-Nov-2022|11-Nov-2022||3|377673|1|1|1|| |928.44|0.0| ||37|1306950993| |9999907899| |9999907899|||0|1| |928.44|07-Nov-2022|1|1|A|10|0.0|185.71|0|4|185.71|185.71|0|0|0|0|0|0|0|0|0|0|0|0|0|||||07-Nov-2022|951.0|0|0||Z604|Z604|N|Z733|Y|Z608|Y|N1830|Y|R801|N|E1022|N|E1129|Y|Z653|Y|I4891|Y|T50905|Y|E1121|Y|E11319|Y|D4959|Y|D075|Y|E781|Y|E119|Y|E8881|Y|I10|N|Z952|N|I350|Y|R931|Y|I259|Y|E785|Y|E669|Y|F78A9|N|W86|W86|U| | | | | | | | | | | | | | | | | | | | | | |Z741|07-Nov-2022|Z9181|07-Nov-2022|Z139|07-Nov-2022|Z1331|07-Nov-2022|Z1331|07-Nov-2022|F1990|07-Nov-2022|F109|07-Nov-2022|||||||||||||||||||||||||||||||||||||0|0||1|450|96156|2.0|2022-11-08T00:00:00|hospital_C|hospital_C_20221107
SYN_BENE_6652D09B0D3F|SYN_CLM_FED0E6653B09|V|60|07-Nov-2022|07-Nov-2022|11-Nov-2022||3|377673|1|1|1|| |928.44|0.0| ||37|1306950993| |9999907899| |9999907899|||0|1| |928.44|07-Nov-2022|1|1|A|10|0.0|185.71|0|4|185.71|185.71|0|0|0|0|0|0|0|0|0|0|0|0|0|||||07-Nov-2022|951.0|0|0||Z604|Z604|N|Z733|Y|Z608|Y|N1830|Y|R801|N|E1022|N|E1129|Y|Z653|Y|I4891|Y|T50905|Y|E1121|Y|E11319|Y|D4959|Y|D075|Y|E781|Y|E119|Y|E8881|Y|I10|N|Z952|N|I350|Y|R931|Y|I259|Y|E785|Y|E669|Y|F78A9|N|W86|W86|U| | | | | | | | | | | | | | | | | | | | | | |Z741|07-Nov-2022|Z9181|07-Nov-2022|Z139|07-Nov-2022|Z1331|07-Nov-2022|Z1331|07-Nov-2022|F1990|07-Nov-2022|F109|07-Nov-2022|||||||||||||||||||||||||||||||||||||0|0||2|450|M1069|3.0|2022-11-08T00:00:00|hospital_C|hospital_C_20221107
SYN_BENE_6652D09B0D3F|SYN_CLM_FED0E6653B09|V|60|07-Nov-2022|07-Nov-2022|11-Nov-2022||3|377673|1|1|1|| |928.44|0.0| ||37|1306950993| |9999907899| |9999907899|||0|1| |928.44|07-Nov-2022|1|1|A|10|0.0|185.71|0|4|185.71|185.71|0|0|0|0|0|0|0|0|0|0|0|0|0|||||07-Nov-2022|951.0|0|0||Z604|Z604|N|Z733|Y|Z608|Y|N1830|Y|R801|N|E1022|N|E1129|Y|Z653|Y|I4891|Y|T50905|Y|E1121|Y|E11319|Y|D4959|Y|D075|Y|E781|Y|E119|Y|E8881|Y|I10|N|Z952|N|I350|Y|R931|Y|I259|Y|E785|Y|E669|Y|F78A9|N|W86|W86|U| | | | | | | | | | | | | | | | | | | | | | |Z741|07-Nov-2022|Z9181|07-Nov-2022|Z139|07-Nov-2022|Z1331|07-Nov-2022|Z1331|07-Nov-2022|F1990|07-Nov-2022|F109|07-Nov-2022|||||||||||||||||||||||||||||||||||||0|0||3|450|99401|3.0|2022-11-08T00:00:00|hospital_C|hospital_C_20221107
SYN_BENE_6652D09B0D3F|SYN_CLM_FED0E6653B09|V|60|07-Nov-2022|07-Nov-2022|11-Nov-2022||3|377673|1|1|1|| |928.44|0.0| ||37|1306950993| |9999907899| |9999907899|||0|1| |928.44|07-Nov-2022|1|1|A|10|0.0|185.71|0|4|185.71|185.71|0|0|0|0|0|0|0|0|0|0|0|0|0|||||07-Nov-2022|951.0|0|0||Z604|Z604|N|Z733|Y|Z608|Y|N1830|Y|R801|N|E1022|N|E1129|Y|Z653|Y|I4891|Y|T50905|Y|E1121|Y|E11319|Y|D4959|Y|D075|Y|E781|Y|E119|Y|E8881|Y|I10|N|Z952|N|I350|Y|R931|Y|I259|Y|E785|Y|E669|Y|F78A9|N|W86|W86|U| | | | | | | | | | | | | | | | | | | | | | |Z741|07-Nov-2022|Z9181|07-Nov-2022|Z139|07-Nov-2022|Z1331|07-Nov-2022|Z1331|07-Nov-2022|F1990|07-Nov-2022|F109|07-Nov-2022|||||||||||||||||||||||||||||||||||||0|0||4|450|G0444|3.0|2022-11-08T00:00:00|hospital_C|hospital_C_20221107
SYN_BENE_6652D09B0D3F|SYN_CLM_FED0E6653B09|V|60|07-Nov-2022|07-Nov-2022|11-Nov-2022||3|377673|1|1|1|| |928.44|0.0| ||37|1306950993| |9999907899| |9999907899|||0|1| |928.44|07-Nov-2022|1|1|A|10|0.0|185.71|0|4|185.71|185.71|0|0|0|0|0|0|0|0|0|0|0|0|0|||||07-Nov-2022|951.0|0|0||Z604|Z604|N|Z733|Y|Z608|Y|N1830|Y|R801|N|E1022|N|E1129|Y|Z653|Y|I4891|Y|T50905|Y|E1121|Y|E11319|Y|D4959|Y|D075|Y|E781|Y|E119|Y|E8881|Y|I10|N|Z952|N|I350|Y|R931|Y|I259|Y|E785|Y|E669|Y|F78A9|N|W86|W86|U| | | | | | | | | | | | | | | | | | | | | | |Z741|07-Nov-2022|Z9181|07-Nov-2022|Z139|07-Nov-2022|Z1331|07-Nov-2022|Z1331|07-Nov-2022|F1990|07-Nov-2022|F109|07-Nov-2022|||||||||||||||||||||||||||||||||||||0|0||5|450|G0444|3.0|2022-11-08T00:00:00|hospital_C|hospital_C_20221107
SYN_BENE_6652D09B0D3F|SYN_CLM_FED0E6653B09|V|60|07-Nov-2022|07-Nov-2022|11-Nov-2022||3|377673|1|1|1|| |928.44|0.0| ||37|1306950993| |9999907899| |9999907899|||0|1| |928.44|07-Nov-2022|1|1|A|10|0.0|185.71|0|4|185.71|185.71|0|0|0|0|0|0|0|0|0|0|0|0|0|||||07-Nov-2022|951.0|0|0||Z604|Z604|N|Z733|Y|Z608|Y|N1830|Y|R801|N|E1022|N|E1129|Y|Z653|Y|I4891|Y|T50905|Y|E1121|Y|E11319|Y|D4959|Y|D075|Y|E781|Y|E119|Y|E8881|Y|I10|N|Z952|N|I350|Y|R931|Y|I259|Y|E785|Y|E669|Y|F78A9|N|W86|W86|U| | | | | | | | | | | | | | | | | | | | | | |Z741|07-Nov-2022|Z9181|07-Nov-2022|Z139|07-Nov-2022|Z1331|07-Nov-2022|Z1331|07-Nov-2022|F1990|07-Nov-2022|F109|07-Nov-2022|||||||||||||||||||||||||||||||||||||0|0||6|450|99408|3.0|2022-11-08T00:00:00|hospital_C|hospital_C_20221107
SYN_BENE_6652D09B0D3F|SYN_CLM_FED0E6653B09|V|60|07-Nov-2022|07-Nov-2022|11-Nov-2022||3|377673|1|1|1|| |928.44|0.0| ||37|1306950993| |9999907899| |9999907899|||0|1| |928.44|07-Nov-2022|1|1|A|10|0.0|185.71|0|4|185.71|185.71|0|0|0|0|0|0|0|0|0|0|0|0|0|||||07-Nov-2022|951.0|0|0||Z604|Z604|N|Z733|Y|Z608|Y|N1830|Y|R801|N|E1022|N|E1129|Y|Z653|Y|I4891|Y|T50905|Y|E1121|Y|E11319|Y|D4959|Y|D075|Y|E781|Y|E119|Y|E8881|Y|I10|N|Z952|N|I350|Y|R931|Y|I259|Y|E785|Y|E669|Y|F78A9|N|W86|W86|U| | | | | | | | | | | | | | | | | | | | | | |Z741|07-Nov-2022|Z9181|07-Nov-2022|Z139|07-Nov-2022|Z1331|07-Nov-2022|Z1331|07-Nov-2022|F1990|07-Nov-2022|F109|07-Nov-2022|||||||||||||||||||||||||||||||||||||0|0||7|450|G0442|3.0|2022-11-08T00:00:00|hospital_C|hospital_C_20221107
SYN_BENE_1B665A054CA4|SYN_CLM_0CAB5EC5384E|V|60|07-Nov-2022|07-Nov-2022|11-Nov-2022||3|377673|1|1|1|| |928.44|0.0| ||37|1306950993| |9999907899| |9999907899|||0|1| |928.44|07-Nov-2022|1|1|A|10|0.0|185.71|0|4|185.71|185.71|0|0|0|0|0|0|0|0|0|0|0|0|0|||||07-Nov-2022|951.0|0|0||Z604|Z604|N|Z733|Y|Z608|Y|N1830|Y|R801|N|E1022|N|E1129|Y|Z653|Y|I4891|Y|T50905|Y|E1121|Y|E11319|Y|D4959|Y|D075|Y|E781|Y|E119|Y|E8881|Y|I10|N|Z952|N|I350|Y|R931|Y|I259|Y|E785|Y|E669|Y|F78A9|N|W86|W86|U| | | | | | | | | | | | | | | | | | | | | | |Z741|07-Nov-2022|Z9181|07-Nov-2022|Z139|07-Nov-2022|Z1331|07-Nov-2022|Z1331|07-Nov-2022|F1990|07-Nov-2022|F109|07-Nov-2022|||||||||||||||||||||||||||||||||||||0|0||1|450|96156|2.0|2022-11-08T00:00:00|hospital_C|hospital_C_20221107
SYN_BENE_1B665A054CA4|SYN_CLM_0CAB5EC5384E|V|60|07-Nov-2022|07-Nov-2022|11-Nov-2022||3|377673|1|1|1|| |928.44|0.0| ||37|1306950993| |9999907899| |9999907899|||0|1| |928.44|07-Nov-2022|1|1|A|10|0.0|185.71|0|4|185.71|185.71|0|0|0|0|0|0|0|0|0|0|0|0|0|||||07-Nov-2022|951.0|0|0||Z604|Z604|N|Z733|Y|Z608|Y|N1830|Y|R801|N|E1022|N|E1129|Y|Z653|Y|I4891|Y|T50905|Y|E1121|Y|E11319|Y|D4959|Y|D075|Y|E781|Y|E119|Y|E8881|Y|I10|N|Z952|N|I350|Y|R931|Y|I259|Y|E785|Y|E669|Y|F78A9|N|W86|W86|U| | | | | | | | | | | | | | | | | | | | | | |Z741|07-Nov-2022|Z9181|07-Nov-2022|Z139|07-Nov-2022|Z1331|07-Nov-2022|Z1331|07-Nov-2022|F1990|07-Nov-2022|F109|07-Nov-2022|||||||||||||||||||||||||||||||||||||0|0||2|450|M1069|3.0|2022-11-08T00:00:00|hospital_C|hospital_C_20221107
SYN_BENE_1B665A054CA4|SYN_CLM_0CAB5EC5384E|V|60|07-Nov-2022|07-Nov-2022|11-Nov-2022||3|377673|1|1|1|| |928.44|0.0| ||37|1306950993| |9999907899| |9999907899|||0|1| |928.44|07-Nov-2022|1|1|A|10|0.0|185.71|0|4|185.71|185.71|0|0|0|0|0|0|0|0|0|0|0|0|0|||||07-Nov-2022|951.0|0|0||Z604|Z604|N|Z733|Y|Z608|Y|N1830|Y|R801|N|E1022|N|E1129|Y|Z653|Y|I4891|Y|T50905|Y|E1121|Y|E11319|Y|D4959|Y|D075|Y|E781|Y|E119|Y|E8881|Y|I10|N|Z952|N|I350|Y|R931|Y|I259|Y|E785|Y|E669|Y|F78A9|N|W86|W86|U| | | | | | | | | | | | | | | | | | | | | | |Z741|07-Nov-2022|Z9181|07-Nov-2022|Z139|07-Nov-2022|Z1331|07-Nov-2022|Z1331|07-Nov-2022|F1990|07-Nov-2022|F109|07-Nov-2022|||||||||||||||||||||||||||||||||||||0|0||3|450|99401|3.0|2022-11-08T00:00:00|hospital_C|hospital_C_20221107
SYN_BENE_1B665A054CA4|SYN_CLM_0CAB5EC5384E|V|60|07-Nov-2022|07-Nov-2022|11-Nov-2022||3|377673|1|1|1|| |928.44|0.0| ||37|1306950993| |9999907899| |9999907899|||0|1| |928.44|07-Nov-2022|1|1|A|10|0.0|185.71|0|4|185.71|185.71|0|0|0|0|0|0|0|0|0|0|0|0|0|||||07-Nov-2022|951.0|0|0||Z604|Z604|N|Z733|Y|Z608|Y|N1830|Y|R801|N|E1022|N|E1129|Y|Z653|Y|I4891|Y|T50905|Y|E1121|Y|E11319|Y|D4959|Y|D075|Y|E781|Y|E119|Y|E8881|Y|I10|N|Z952|N|I350|Y|R931|Y|I259|Y|E785|Y|E669|Y|F78A9|N|W86|W86|U| | | | | | | | | | | | | | | | | | | | | | |Z741|07-Nov-2022|Z9181|07-Nov-2022|Z139|07-Nov-2022|Z1331|07-Nov-2022|Z1331|07-Nov-2022|F1990|07-Nov-2022|F109|07-Nov-2022|||||||||||||||||||||||||||||||||||||0|0||4|450|G0444|3.0|2022-11-08T00:00:00|hospital_C|hospital_C_20221107
SYN_BENE_1B665A054CA4|SYN_CLM_0CAB5EC5384E|V|60|07-Nov-2022|07-Nov-2022|11-Nov-2022||3|377673|1|1|1|| |928.44|0.0| ||37|1306950993| |9999907899| |9999907899|||0|1| |928.44|07-Nov-2022|1|1|A|10|0.0|185.71|0|4|185.71|185.71|0|0|0|0|0|0|0|0|0|0|0|0|0|||||07-Nov-2022|951.0|0|0||Z604|Z604|N|Z733|Y|Z608|Y|N1830|Y|R801|N|E1022|N|E1129|Y|Z653|Y|I4891|Y|T50905|Y|E1121|Y|E11319|Y|D4959|Y|D075|Y|E781|Y|E119|Y|E8881|Y|I10|N|Z952|N|I350|Y|R931|Y|I259|Y|E785|Y|E669|Y|F78A9|N|W86|W86|U| | | | | | | | | | | | | | | | | | | | | | |Z741|07-Nov-2022|Z9181|07-Nov-2022|Z139|07-Nov-2022|Z1331|07-Nov-2022|Z1331|07-Nov-2022|F1990|07-Nov-2022|F109|07-Nov-2022|||||||||||||||||||||||||||||||||||||0|0||5|450|G0444|3.0|2022-11-08T00:00:00|hospital_C|hospital_C_20221107
SYN_BENE_1B665A054CA4|SYN_CLM_0CAB5EC5384E|V|60|07-Nov-2022|07-Nov-2022|11-Nov-2022||3|377673|1|1|1|| |928.44|0.0| ||37|1306950993| |9999907899| |9999907899|||0|1| |928.44|07-Nov-2022|1|1|A|10|0.0|185.71|0|4|185.71|185.71|0|0|0|0|0|0|0|0|0|0|0|0|0|||||07-Nov-2022|951.0|0|0||Z604|Z604|N|Z733|Y|Z608|Y|N1830|Y|R801|N|E1022|N|E1129|Y|Z653|Y|I4891|Y|T50905|Y|E1121|Y|E11319|Y|D4959|Y|D075|Y|E781|Y|E119|Y|E8881|Y|I10|N|Z952|N|I350|Y|R931|Y|I259|Y|E785|Y|E669|Y|F78A9|N|W86|W86|U| | | | | | | | | | | | | | | | | | | | | | |Z741|07-Nov-2022|Z9181|07-Nov-2022|Z139|07-Nov-2022|Z1331|07-Nov-2022|Z1331|07-Nov-2022|F1990|07-Nov-2022|F109|07-Nov-2022|||||||||||||||||||||||||||||||||||||0|0||6|450|99408|3.0|2022-11-08T00:00:00|hospital_C|hospital_C_20221107
SYN_BENE_1B665A054CA4|SYN_CLM_0CAB5EC5384E|V|60|07-Nov-2022|07-Nov-2022|11-Nov-2022||3|377673|1|1|1|| |928.44|0.0| ||37|1306950993| |9999907899| |9999907899|||0|1| |928.44|07-Nov-2022|1|1|A|10|0.0|185.71|0|4|185.71|185.71|0|0|0|0|0|0|0|0|0|0|0|0|0|||||07-Nov-2022|951.0|0|0||Z604|Z604|N|Z733|Y|Z608|Y|N1830|Y|R801|N|E1022|N|E1129|Y|Z653|Y|I4891|Y|T50905|Y|E1121|Y|E11319|Y|D4959|Y|D075|Y|E781|Y|E119|Y|E8881|Y|I10|N|Z952|N|I350|Y|R931|Y|I259|Y|E785|Y|E669|Y|F78A9|N|W86|W86|U| | | | | | | | | | | | | | | | | | | | | | |Z741|07-Nov-2022|Z9181|07-Nov-2022|Z139|07-Nov-2022|Z1331|07-Nov-2022|Z1331|07-Nov-2022|F1990|07-Nov-2022|F109|07-Nov-2022|||||||||||||||||||||||||||||||||||||0|0||7|450|G0442|3.0|2022-11-08T00:00:00|hospital_C|hospital_C_20221107
SYN_BENE_9452400EBA39|SYN_CLM_4AF0AD9ADB62|V|60|07-Nov-2022|07-Nov-2022|11-Nov-2022||3|377673|1|1|1|| |928.44|0.0| ||37|1306950993| |9999907899| |9999907899|||0|1| |928.44|07-Nov-2022|1|1|A|10|0.0|185.71|0|4|185.71|185.71|0|0|0|0|0|0|0|0|0|0|0|0|0|||||07-Nov-2022|951.0|0|0||Z604|Z604|N|Z733|Y|Z608|Y|N1830|Y|R801|N|E1022|N|E1129|Y|Z653|Y|I4891|Y|T50905|Y|E1121|Y|E11319|Y|D4959|Y|D075|Y|E781|Y|E119|Y|E8881|Y|I10|N|Z952|N|I350|Y|R931|Y|I259|Y|E785|Y|E669|Y|F78A9|N|W86|W86|U| | | | | | | | | | | | | | | | | | | | | | |Z741|07-Nov-2022|Z9181|07-Nov-2022|Z139|07-Nov-2022|Z1331|07-Nov-2022|Z1331|07-Nov-2022|F1990|07-Nov-2022|F109|07-Nov-2022|||||||||||||||||||||||||||||||||||||0|0||1|450|96156|2.0|2022-11-08T00:00:00|hospital_C|hospital_C_20221107
SYN_BENE_9452400EBA39|SYN_CLM_4AF0AD9ADB62|V|60|07-Nov-2022|07-Nov-2022|11-Nov-2022||3|377673|1|1|1|| |928.44|0.0| ||37|1306950993| |9999907899| |9999907899|||0|1| |928.44|07-Nov-2022|1|1|A|10|0.0|185.71|0|4|185.71|185.71|0|0|0|0|0|0|0|0|0|0|0|0|0|||||07-Nov-2022|951.0|0|0||Z604|Z604|N|Z733|Y|Z608|Y|N1830|Y|R801|N|E1022|N|E1129|Y|Z653|Y|I4891|Y|T50905|Y|E1121|Y|E11319|Y|D4959|Y|D075|Y|E781|Y|E119|Y|E8881|Y|I10|N|Z952|N|I350|Y|R931|Y|I259|Y|E785|Y|E669|Y|F78A9|N|W86|W86|U| | | | | | | | | | | | | | | | | | | | | | |Z741|07-Nov-2022|Z9181|07-Nov-2022|Z139|07-Nov-2022|Z1331|07-Nov-2022|Z1331|07-Nov-2022|F1990|07-Nov-2022|F109|07-Nov-2022|||||||||||||||||||||||||||||||||||||0|0||2|450|M1069|3.0|2022-11-08T00:00:00|hospital_C|hospital_C_20221107
SYN_BENE_9452400EBA39|SYN_CLM_4AF0AD9ADB62|V|60|07-Nov-2022|07-Nov-2022|11-Nov-2022||3|377673|1|1|1|| |928.44|0.0| ||37|1306950993| |9999907899| |9999907899|||0|1| |928.44|07-Nov-2022|1|1|A|10|0.0|185.71|0|4|185.71|185.71|0|0|0|0|0|0|0|0|0|0|0|0|0|||||07-Nov-2022|951.0|0|0||Z604|Z604|N|Z733|Y|Z608|Y|N1830|Y|R801|N|E1022|N|E1129|Y|Z653|Y|I4891|Y|T50905|Y|E1121|Y|E11319|Y|D4959|Y|D075|Y|E781|Y|E119|Y|E8881|Y|I10|N|Z952|N|I350|Y|R931|Y|I259|Y|E785|Y|E669|Y|F78A9|N|W86|W86|U| | | | | | | | | | | | | | | | | | | | | | |Z741|07-Nov-2022|Z9181|07-Nov-2022|Z139|07-Nov-2022|Z1331|07-Nov-2022|Z1331|07-Nov-2022|F1990|07-Nov-2022|F109|07-Nov-2022|||||||||||||||||||||||||||||||||||||0|0||3|450|99401|3.0|2022-11-08T00:00:00|hospital_C|hospital_C_20221107
SYN_BENE_9452400EBA39|SYN_CLM_4AF0AD9ADB62|V|60|07-Nov-2022|07-Nov-2022|11-Nov-2022||3|377673|1|1|1|| |928.44|0.0| ||37|1306950993| |9999907899| |9999907899|||0|1| |928.44|07-Nov-2022|1|1|A|10|0.0|185.71|0|4|185.71|185.71|0|0|0|0|0|0|0|0|0|0|0|0|0|||||07-Nov-2022|951.0|0|0||Z604|Z604|N|Z733|Y|Z608|Y|N1830|Y|R801|N|E1022|N|E1129|Y|Z653|Y|I4891|Y|T50905|Y|E1121|Y|E11319|Y|D4959|Y|D075|Y|E781|Y|E119|Y|E8881|Y|I10|N|Z952|N|I350|Y|R931|Y|I259|Y|E785|Y|E669|Y|F78A9|N|W86|W86|U| | | | | | | | | | | | | | | | | | | | | | |Z741|07-Nov-2022|Z9181|07-Nov-2022|Z139|07-Nov-2022|Z1331|07-Nov-2022|Z1331|07-Nov-2022|F1990|07-Nov-2022|F109|07-Nov-2022|||||||||||||||||||||||||||||||||||||0|0||4|450|G0444|3.0|2022-11-08T00:00:00|hospital_C|hospital_C_20221107
SYN_BENE_9452400EBA39|SYN_CLM_4AF0AD9ADB62|V|60|07-Nov-2022|07-Nov-2022|11-Nov-2022||3|377673|1|1|1|| |928.44|0.0| ||37|1306950993| |9999907899| |9999907899|||0|1| |928.44|07-Nov-2022|1|1|A|10|0.0|185.71|0|4|185.71|185.71|0|0|0|0|0|0|0|0|0|0|0|0|0|||||07-Nov-2022|951.0|0|0||Z604|Z604|N|Z733|Y|Z608|Y|N1830|Y|R801|N|E1022|N|E1129|Y|Z653|Y|I4891|Y|T50905|Y|E1121|Y|E11319|Y|D4959|Y|D075|Y|E781|Y|E119|Y|E8881|Y|I10|N|Z952|N|I350|Y|R931|Y|I259|Y|E785|Y|E669|Y|F78A9|N|W86|W86|U| | | | | | | | | | | | | | | | | | | | | | |Z741|07-Nov-2022|Z9181|07-Nov-2022|Z139|07-Nov-2022|Z1331|07-Nov-2022|Z1331|07-Nov-2022|F1990|07-Nov-2022|F109|07-Nov-2022|||||||||||||||||||||||||||||||||||||0|0||5|450|G0444|3.0|2022-11-08T00:00:00|hospital_C|hospital_C_20221107
SYN_BENE_9452400EBA39|SYN_CLM_4AF0AD9ADB62|V|60|07-Nov-2022|07-Nov-2022|11-Nov-2022||3|377673|1|1|1|| |928.44|0.0| ||37|1306950993| |9999907899| |9999907899|||0|1| |928.44|07-Nov-2022|1|1|A|10|0.0|185.71|0|4|185.71|185.71|0|0|0|0|0|0|0|0|0|0|0|0|0|||||07-Nov-2022|951.0|0|0||Z604|Z604|N|Z733|Y|Z608|Y|N1830|Y|R801|N|E1022|N|E1129|Y|Z653|Y|I4891|Y|T50905|Y|E1121|Y|E11319|Y|D4959|Y|D075|Y|E781|Y|E119|Y|E8881|Y|I10|N|Z952|N|I350|Y|R931|Y|I259|Y|E785|Y|E669|Y|F78A9|N|W86|W86|U| | | | | | | | | | | | | | | | | | | | | | |Z741|07-Nov-2022|Z9181|07-Nov-2022|Z139|07-Nov-2022|Z1331|07-Nov-2022|Z1331|07-Nov-2022|F1990|07-Nov-2022|F109|07-Nov-2022|||||||||||||||||||||||||||||||||||||0|0||6|450|99408|3.0|2022-11-08T00:00:00|hospital_C|hospital_C_20221107
SYN_BENE_9452400EBA39|SYN_CLM_4AF0AD9ADB62|V|60|07-Nov-2022|07-Nov-2022|11-Nov-2022||3|377673|1|1|1|| |928.44|0.0| ||37|1306950993| |9999907899| |9999907899|||0|1| |928.44|07-Nov-2022|1|1|A|10|0.0|185.71|0|4|185.71|185.71|0|0|0|0|0|0|0|0|0|0|0|0|0|||||07-Nov-2022|951.0|0|0||Z604|Z604|N|Z733|Y|Z608|Y|N1830|Y|R801|N|E1022|N|E1129|Y|Z653|Y|I4891|Y|T50905|Y|E1121|Y|E11319|Y|D4959|Y|D075|Y|E781|Y|E119|Y|E8881|Y|I10|N|Z952|N|I350|Y|R931|Y|I259|Y|E785|Y|E669|Y|F78A9|N|W86|W86|U| | | | | | | | | | | | | | | | | | | | | | |Z741|07-Nov-2022|Z9181|07-Nov-2022|Z139|07-Nov-2022|Z1331|07-Nov-2022|Z1331|07-Nov-2022|F1990|07-Nov-2022|F109|07-Nov-2022|||||||||||||||||||||||||||||||||||||0|0||7|450|G0442|3.0|2022-11-08T00:00:00|hospital_C|hospital_C_20221107
SYN_BENE_3C4EAD244920|SYN_CLM_9468EA69B113|V|60|07-Nov-2022|07-Nov-2022|11-Nov-2022||3|377673|1|1|1|| |928.44|0.0| ||37|1306950993| |9999907899| |9999907899|||0|1| |928.44|07-Nov-2022|1|1|A|10|0.0|185.71|0|4|185.71|185.71|0|0|0|0|0|0|0|0|0|0|0|0|0|||||07-Nov-2022|951.0|0|0||Z604|Z604|N|Z733|Y|Z608|Y|N1830|Y|R801|N|E1022|N|E1129|Y|Z653|Y|I4891|Y|T50905|Y|E1121|Y|E11319|Y|D4959|Y|D075|Y|E781|Y|E119|Y|E8881|Y|I10|N|Z952|N|I350|Y|R931|Y|I259|Y|E785|Y|E669|Y|F78A9|N|W86|W86|U| | | | | | | | | | | | | | | | | | | | | | |Z741|07-Nov-2022|Z9181|07-Nov-2022|Z139|07-Nov-2022|Z1331|07-Nov-2022|Z1331|07-Nov-2022|F1990|07-Nov-2022|F109|07-Nov-2022|||||||||||||||||||||||||||||||||||||0|0||1|450|96156|2.0|2022-11-08T00:00:00|hospital_C|hospital_C_20221107
SYN_BENE_3C4EAD244920|SYN_CLM_9468EA69B113|V|60|07-Nov-2022|07-Nov-2022|11-Nov-2022||3|377673|1|1|1|| |928.44|0.0| ||37|1306950993| |9999907899| |9999907899|||0|1| |928.44|07-Nov-2022|1|1|A|10|0.0|185.71|0|4|185.71|185.71|0|0|0|0|0|0|0|0|0|0|0|0|0|||||07-Nov-2022|951.0|0|0||Z604|Z604|N|Z733|Y|Z608|Y|N1830|Y|R801|N|E1022|N|E1129|Y|Z653|Y|I4891|Y|T50905|Y|E1121|Y|E11319|Y|D4959|Y|D075|Y|E781|Y|E119|Y|E8881|Y|I10|N|Z952|N|I350|Y|R931|Y|I259|Y|E785|Y|E669|Y|F78A9|N|W86|W86|U| | | | | | | | | | | | | | | | | | | | | | |Z741|07-Nov-2022|Z9181|07-Nov-2022|Z139|07-Nov-2022|Z1331|07-Nov-2022|Z1331|07-Nov-2022|F1990|07-Nov-2022|F109|07-Nov-2022|||||||||||||||||||||||||||||||||||||0|0||2|450|M1069|3.0|2022-11-08T00:00:00|hospital_C|hospital_C_20221107
SYN_BENE_3C4EAD244920|SYN_CLM_9468EA69B113|V|60|07-Nov-2022|07-Nov-2022|11-Nov-2022||3|377673|1|1|1|| |928.44|0.0| ||37|1306950993| |9999907899| |9999907899|||0|1| |928.44|07-Nov-2022|1|1|A|10|0.0|185.71|0|4|185.71|185.71|0|0|0|0|0|0|0|0|0|0|0|0|0|||||07-Nov-2022|951.0|0|0||Z604|Z604|N|Z733|Y|Z608|Y|N1830|Y|R801|N|E1022|N|E1129|Y|Z653|Y|I4891|Y|T50905|Y|E1121|Y|E11319|Y|D4959|Y|D075|Y|E781|Y|E119|Y|E8881|Y|I10|N|Z952|N|I350|Y|R931|Y|I259|Y|E785|Y|E669|Y|F78A9|N|W86|W86|U| | | | | | | | | | | | | | | | | | | | | | |Z741|07-Nov-2022|Z9181|07-Nov-2022|Z139|07-Nov-2022|Z1331|07-Nov-2022|Z1331|07-Nov-2022|F1990|07-Nov-2022|F109|07-Nov-2022|||||||||||||||||||||||||||||||||||||0|0||3|450|99401|3.0|2022-11-08T00:00:00|hospital_C|hospital_C_20221107
SYN_BENE_3C4EAD244920|SYN_CLM_9468EA69B113|V|60|07-Nov-2022|07-Nov-2022|11-Nov-2022||3|377673|1|1|1|| |928.44|0.0| ||37|1306950993| |9999907899| |9999907899|||0|1| |928.44|07-Nov-2022|1|1|A|10|0.0|185.71|0|4|185.71|185.71|0|0|0|0|0|0|0|0|0|0|0|0|0|||||07-Nov-2022|951.0|0|0||Z604|Z604|N|Z733|Y|Z608|Y|N1830|Y|R801|N|E1022|N|E1129|Y|Z653|Y|I4891|Y|T50905|Y|E1121|Y|E11319|Y|D4959|Y|D075|Y|E781|Y|E119|Y|E8881|Y|I10|N|Z952|N|I350|Y|R931|Y|I259|Y|E785|Y|E669|Y|F78A9|N|W86|W86|U| | | | | | | | | | | | | | | | | | | | | | |Z741|07-Nov-2022|Z9181|07-Nov-2022|Z139|07-Nov-2022|Z1331|07-Nov-2022|Z1331|07-Nov-2022|F1990|07-Nov-2022|F109|07-Nov-2022|||||||||||||||||||||||||||||||||||||0|0||4|450|G0444|3.0|2022-11-08T00:00:00|hospital_C|hospital_C_20221107
SYN_BENE_3C4EAD244920|SYN_CLM_9468EA69B113|V|60|07-Nov-2022|07-Nov-2022|11-Nov-2022||3|377673|1|1|1|| |928.44|0.0| ||37|1306950993| |9999907899| |9999907899|||0|1| |928.44|07-Nov-2022|1|1|A|10|0.0|185.71|0|4|185.71|185.71|0|0|0|0|0|0|0|0|0|0|0|0|0|||||07-Nov-2022|951.0|0|0||Z604|Z604|N|Z733|Y|Z608|Y|N1830|Y|R801|N|E1022|N|E1129|Y|Z653|Y|I4891|Y|T50905|Y|E1121|Y|E11319|Y|D4959|Y|D075|Y|E781|Y|E119|Y|E8881|Y|I10|N|Z952|N|I350|Y|R931|Y|I259|Y|E785|Y|E669|Y|F78A9|N|W86|W86|U| | | | | | | | | | | | | | | | | | | | | | |Z741|07-Nov-2022|Z9181|07-Nov-2022|Z139|07-Nov-2022|Z1331|07-Nov-2022|Z1331|07-Nov-2022|F1990|07-Nov-2022|F109|07-Nov-2022|||||||||||||||||||||||||||||||||||||0|0||5|450|G0444|3.0|2022-11-08T00:00:00|hospital_C|hospital_C_20221107
SYN_BENE_3C4EAD244920|SYN_CLM_9468EA69B113|V|60|07-Nov-2022|07-Nov-2022|11-Nov-2022||3|377673|1|1|1|| |928.44|0.0| ||37|1306950993| |9999907899| |9999907899|||0|1| |928.44|07-Nov-2022|1|1|A|10|0.0|185.71|0|4|185.71|185.71|0|0|0|0|0|0|0|0|0|0|0|0|0|||||07-Nov-2022|951.0|0|0||Z604|Z604|N|Z733|Y|Z608|Y|N1830|Y|R801|N|E1022|N|E1129|Y|Z653|Y|I4891|Y|T50905|Y|E1121|Y|E11319|Y|D4959|Y|D075|Y|E781|Y|E119|Y|E8881|Y|I10|N|Z952|N|I350|Y|R931|Y|I259|Y|E785|Y|E669|Y|F78A9|N|W86|W86|U| | | | | | | | | | | | | | | | | | | | | | |Z741|07-Nov-2022|Z9181|07-Nov-2022|Z139|07-Nov-2022|Z1331|07-Nov-2022|Z1331|07-Nov-2022|F1990|07-Nov-2022|F109|07-Nov-2022|||||||||||||||||||||||||||||||||||||0|0||6|450|99408|3.0|2022-11-08T00:00:00|hospital_C|hospital_C_20221107
SYN_BENE_3C4EAD244920|SYN_CLM_9468EA69B113|V|60|07-Nov-2022|07-Nov-2022|11-Nov-2022||3|377673|1|1|1|| |928.44|0.0| ||37|1306950993| |9999907899| |9999907899|||0|1| |928.44|07-Nov-2022|1|1|A|10|0.0|185.71|0|4|185.71|185.71|0|0|0|0|0|0|0|0|0|0|0|0|0|||||07-Nov-2022|951.0|0|0||Z604|Z604|N|Z733|Y|Z608|Y|N1830|Y|R801|N|E1022|N|E1129|Y|Z653|Y|I4891|Y|T50905|Y|E1121|Y|E11319|Y|D4959|Y|D075|Y|E781|Y|E119|Y|E8881|Y|I10|N|Z952|N|I350|Y|R931|Y|I259|Y|E785|Y|E669|Y|F78A9|N|W86|W86|U| | | | | | | | | | | | | | | | | | | | | | |Z741|07-Nov-2022|Z9181|07-Nov-2022|Z139|07-Nov-2022|Z1331|07-Nov-2022|Z1331|07-Nov-2022|F1990|07-Nov-2022|F109|07-Nov-2022|||||||||||||||||||||||||||||||||||||0|0||7|450|G0442|3.0|2022-11-08T00:00:00|hospital_C|hospital_C_20221107
SYN_BENE_B0117B7D2AC1|SYN_CLM_F8B579B5B35B|V|60|07-Nov-2022|07-Nov-2022|11-Nov-2022||3|377673|1|1|1|| |928.44|0.0| ||37|1306950993| |9999907899| |9999907899|||0|1| |928.44|07-Nov-2022|1|1|A|10|0.0|185.71|0|4|185.71|185.71|0|0|0|0|0|0|0|0|0|0|0|0|0|||||07-Nov-2022|951.0|0|0||Z604|Z604|N|Z733|Y|Z608|Y|N1830|Y|R801|N|E1022|N|E1129|Y|Z653|Y|I4891|Y|T50905|Y|E1121|Y|E11319|Y|D4959|Y|D075|Y|E781|Y|E119|Y|E8881|Y|I10|N|Z952|N|I350|Y|R931|Y|I259|Y|E785|Y|E669|Y|F78A9|N|W86|W86|U| | | | | | | | | | | | | | | | | | | | | | |Z741|07-Nov-2022|Z9181|07-Nov-2022|Z139|07-Nov-2022|Z1331|07-Nov-2022|Z1331|07-Nov-2022|F1990|07-Nov-2022|F109|07-Nov-2022|||||||||||||||||||||||||||||||||||||0|0||1|450|96156|2.0|2022-11-08T00:00:00|hospital_C|hospital_C_20221107
SYN_BENE_B0117B7D2AC1|SYN_CLM_F8B579B5B35B|V|60|07-Nov-2022|07-Nov-2022|11-Nov-2022||3|377673|1|1|1|| |928.44|0.0| ||37|1306950993| |9999907899| |9999907899|||0|1| |928.44|07-Nov-2022|1|1|A|10|0.0|185.71|0|4|185.71|185.71|0|0|0|0|0|0|0|0|0|0|0|0|0|||||07-Nov-2022|951.0|0|0||Z604|Z604|N|Z733|Y|Z608|Y|N1830|Y|R801|N|E1022|N|E1129|Y|Z653|Y|I4891|Y|T50905|Y|E1121|Y|E11319|Y|D4959|Y|D075|Y|E781|Y|E119|Y|E8881|Y|I10|N|Z952|N|I350|Y|R931|Y|I259|Y|E785|Y|E669|Y|F78A9|N|W86|W86|U| | | | | | | | | | | | | | | | | | | | | | |Z741|07-Nov-2022|Z9181|07-Nov-2022|Z139|07-Nov-2022|Z1331|07-Nov-2022|Z1331|07-Nov-2022|F1990|07-Nov-2022|F109|07-Nov-2022|||||||||||||||||||||||||||||||||||||0|0||2|450|M1069|3.0|2022-11-08T00:00:00|hospital_C|hospital_C_20221107
SYN_BENE_B0117B7D2AC1|SYN_CLM_F8B579B5B35B|V|60|07-Nov-2022|07-Nov-2022|11-Nov-2022||3|377673|1|1|1|| |928.44|0.0| ||37|1306950993| |9999907899| |9999907899|||0|1| |928.44|07-Nov-2022|1|1|A|10|0.0|185.71|0|4|185.71|185.71|0|0|0|0|0|0|0|0|0|0|0|0|0|||||07-Nov-2022|951.0|0|0||Z604|Z604|N|Z733|Y|Z608|Y|N1830|Y|R801|N|E1022|N|E1129|Y|Z653|Y|I4891|Y|T50905|Y|E1121|Y|E11319|Y|D4959|Y|D075|Y|E781|Y|E119|Y|E8881|Y|I10|N|Z952|N|I350|Y|R931|Y|I259|Y|E785|Y|E669|Y|F78A9|N|W86|W86|U| | | | | | | | | | | | | | | | | | | | | | |Z741|07-Nov-2022|Z9181|07-Nov-2022|Z139|07-Nov-2022|Z1331|07-Nov-2022|Z1331|07-Nov-2022|F1990|07-Nov-2022|F109|07-Nov-2022|||||||||||||||||||||||||||||||||||||0|0||3|450|99401|3.0|2022-11-08T00:00:00|hospital_C|hospital_C_20221107
SYN_BENE_B0117B7D2AC1|SYN_CLM_F8B579B5B35B|V|60|07-Nov-2022|07-Nov-2022|11-Nov-2022||3|377673|1|1|1|| |928.44|0.0| ||37|1306950993| |9999907899| |9999907899|||0|1| |928.44|07-Nov-2022|1|1|A|10|0.0|185.71|0|4|185.71|185.71|0|0|0|0|0|0|0|0|0|0|0|0|0|||||07-Nov-2022|951.0|0|0||Z604|Z604|N|Z733|Y|Z608|Y|N1830|Y|R801|N|E1022|N|E1129|Y|Z653|Y|I4891|Y|T50905|Y|E1121|Y|E11319|Y|D4959|Y|D075|Y|E781|Y|E119|Y|E8881|Y|I10|N|Z952|N|I350|Y|R931|Y|I259|Y|E785|Y|E669|Y|F78A9|N|W86|W86|U| | | | | | | | | | | | | | | | | | | | | | |Z741|07-Nov-2022|Z9181|07-Nov-2022|Z139|07-Nov-2022|Z1331|07-Nov-2022|Z1331|07-Nov-2022|F1990|07-Nov-2022|F109|07-Nov-2022|||||||||||||||||||||||||||||||||||||0|0||4|450|G0444|3.0|2022-11-08T00:00:00|hospital_C|hospital_C_20221107
SYN_BENE_B0117B7D2AC1|SYN_CLM_F8B579B5B35B|V|60|07-Nov-2022|07-Nov-2022|11-Nov-2022||3|377673|1|1|1|| |928.44|0.0| ||37|1306950993| |9999907899| |9999907899|||0|1| |928.44|07-Nov-2022|1|1|A|10|0.0|185.71|0|4|185.71|185.71|0|0|0|0|0|0|0|0|0|0|0|0|0|||||07-Nov-2022|951.0|0|0||Z604|Z604|N|Z733|Y|Z608|Y|N1830|Y|R801|N|E1022|N|E1129|Y|Z653|Y|I4891|Y|T50905|Y|E1121|Y|E11319|Y|D4959|Y|D075|Y|E781|Y|E119|Y|E8881|Y|I10|N|Z952|N|I350|Y|R931|Y|I259|Y|E785|Y|E669|Y|F78A9|N|W86|W86|U| | | | | | | | | | | | | | | | | | | | | | |Z741|07-Nov-2022|Z9181|07-Nov-2022|Z139|07-Nov-2022|Z1331|07-Nov-2022|Z1331|07-Nov-2022|F1990|07-Nov-2022|F109|07-Nov-2022|||||||||||||||||||||||||||||||||||||0|0||5|450|G0444|3.0|2022-11-08T00:00:00|hospital_C|hospital_C_20221107
SYN_BENE_B0117B7D2AC1|SYN_CLM_F8B579B5B35B|V|60|07-Nov-2022|07-Nov-2022|11-Nov-2022||3|377673|1|1|1|| |928.44|0.0| ||37|1306950993| |9999907899| |9999907899|||0|1| |928.44|07-Nov-2022|1|1|A|10|0.0|185.71|0|4|185.71|185.71|0|0|0|0|0|0|0|0|0|0|0|0|0|||||07-Nov-2022|951.0|0|0||Z604|Z604|N|Z733|Y|Z608|Y|N1830|Y|R801|N|E1022|N|E1129|Y|Z653|Y|I4891|Y|T50905|Y|E1121|Y|E11319|Y|D4959|Y|D075|Y|E781|Y|E119|Y|E8881|Y|I10|N|Z952|N|I350|Y|R931|Y|I259|Y|E785|Y|E669|Y|F78A9|N|W86|W86|U| | | | | | | | | | | | | | | | | | | | | | |Z741|07-Nov-2022|Z9181|07-Nov-2022|Z139|07-Nov-2022|Z1331|07-Nov-2022|Z1331|07-Nov-2022|F1990|07-Nov-2022|F109|07-Nov-2022|||||||||||||||||||||||||||||||||||||0|0||6|450|99408|3.0|2022-11-08T00:00:00|hospital_C|hospital_C_20221107
SYN_BENE_B0117B7D2AC1|SYN_CLM_F8B579B5B35B|V|60|07-Nov-2022|07-Nov-2022|11-Nov-2022||3|377673|1|1|1|| |928.44|0.0| ||37|1306950993| |9999907899| |9999907899|||0|1| |928.44|07-Nov-2022|1|1|A|10|0.0|185.71|0|4|185.71|185.71|0|0|0|0|0|0|0|0|0|0|0|0|0|||||07-Nov-2022|951.0|0|0||Z604|Z604|N|Z733|Y|Z608|Y|N1830|Y|R801|N|E1022|N|E1129|Y|Z653|Y|I4891|Y|T50905|Y|E1121|Y|E11319|Y|D4959|Y|D075|Y|E781|Y|E119|Y|E8881|Y|I10|N|Z952|N|I350|Y|R931|Y|I259|Y|E785|Y|E669|Y|F78A9|N|W86|W86|U| | | | | | | | | | | | | | | | | | | | | | |Z741|07-Nov-2022|Z9181|07-Nov-2022|Z139|07-Nov-2022|Z1331|07-Nov-2022|Z1331|07-Nov-2022|F1990|07-Nov-2022|F109|07-Nov-2022|||||||||||||||||||||||||||||||||||||0|0||7|450|G0442|3.0|2022-11-08T00:00:00|hospital_C|hospital_C_20221107
SYN_BENE_EE210B9BC5BC|SYN_CLM_F1DF2A134AA3|V|60|07-Nov-2022|07-Nov-2022|11-Nov-2022||3|377673|1|1|1|| |928.44|0.0| ||37|1306950993| |9999907899| |9999907899|||0|1| |928.44|07-Nov-2022|1|1|A|10|0.0|185.71|0|4|185.71|185.71|0|0|0|0|0|0|0|0|0|0|0|0|0|||||07-Nov-2022|951.0|0|0||Z604|Z604|N|Z733|Y|Z608|Y|N1830|Y|R801|N|E1022|N|E1129|Y|Z653|Y|I4891|Y|T50905|Y|E1121|Y|E11319|Y|D4959|Y|D075|Y|E781|Y|E119|Y|E8881|Y|I10|N|Z952|N|I350|Y|R931|Y|I259|Y|E785|Y|E669|Y|F78A9|N|W86|W86|U| | | | | | | | | | | | | | | | | | | | | | |Z741|07-Nov-2022|Z9181|07-Nov-2022|Z139|07-Nov-2022|Z1331|07-Nov-2022|Z1331|07-Nov-2022|F1990|07-Nov-2022|F109|07-Nov-2022|||||||||||||||||||||||||||||||||||||0|0||1|450|96156|2.0|2022-11-08T00:00:00|hospital_C|hospital_C_20221107
SYN_BENE_EE210B9BC5BC|SYN_CLM_F1DF2A134AA3|V|60|07-Nov-2022|07-Nov-2022|11-Nov-2022||3|377673|1|1|1|| |928.44|0.0| ||37|1306950993| |9999907899| |9999907899|||0|1| |928.44|07-Nov-2022|1|1|A|10|0.0|185.71|0|4|185.71|185.71|0|0|0|0|0|0|0|0|0|0|0|0|0|||||07-Nov-2022|951.0|0|0||Z604|Z604|N|Z733|Y|Z608|Y|N1830|Y|R801|N|E1022|N|E1129|Y|Z653|Y|I4891|Y|T50905|Y|E1121|Y|E11319|Y|D4959|Y|D075|Y|E781|Y|E119|Y|E8881|Y|I10|N|Z952|N|I350|Y|R931|Y|I259|Y|E785|Y|E669|Y|F78A9|N|W86|W86|U| | | | | | | | | | | | | | | | | | | | | | |Z741|07-Nov-2022|Z9181|07-Nov-2022|Z139|07-Nov-2022|Z1331|07-Nov-2022|Z1331|07-Nov-2022|F1990|07-Nov-2022|F109|07-Nov-2022|||||||||||||||||||||||||||||||||||||0|0||2|450|M1069|3.0|2022-11-08T00:00:00|hospital_C|hospital_C_20221107
SYN_BENE_EE210B9BC5BC|SYN_CLM_F1DF2A134AA3|V|60|07-Nov-2022|07-Nov-2022|11-Nov-2022||3|377673|1|1|1|| |928.44|0.0| ||37|1306950993| |9999907899| |9999907899|||0|1| |928.44|07-Nov-2022|1|1|A|10|0.0|185.71|0|4|185.71|185.71|0|0|0|0|0|0|0|0|0|0|0|0|0|||||07-Nov-2022|951.0|0|0||Z604|Z604|N|Z733|Y|Z608|Y|N1830|Y|R801|N|E1022|N|E1129|Y|Z653|Y|I4891|Y|T50905|Y|E1121|Y|E11319|Y|D4959|Y|D075|Y|E781|Y|E119|Y|E8881|Y|I10|N|Z952|N|I350|Y|R931|Y|I259|Y|E785|Y|E669|Y|F78A9|N|W86|W86|U| | | | | | | | | | | | | | | | | | | | | | |Z741|07-Nov-2022|Z9181|07-Nov-2022|Z139|07-Nov-2022|Z1331|07-Nov-2022|Z1331|07-Nov-2022|F1990|07-Nov-2022|F109|07-Nov-2022|||||||||||||||||||||||||||||||||||||0|0||3|450|99401|3.0|2022-11-08T00:00:00|hospital_C|hospital_C_20221107
SYN_BENE_EE210B9BC5BC|SYN_CLM_F1DF2A134AA3|V|60|07-Nov-2022|07-Nov-2022|11-Nov-2022||3|377673|1|1|1|| |928.44|0.0| ||37|1306950993| |9999907899| |9999907899|||0|1| |928.44|07-Nov-2022|1|1|A|10|0.0|185.71|0|4|185.71|185.71|0|0|0|0|0|0|0|0|0|0|0|0|0|||||07-Nov-2022|951.0|0|0||Z604|Z604|N|Z733|Y|Z608|Y|N1830|Y|R801|N|E1022|N|E1129|Y|Z653|Y|I4891|Y|T50905|Y|E1121|Y|E11319|Y|D4959|Y|D075|Y|E781|Y|E119|Y|E8881|Y|I10|N|Z952|N|I350|Y|R931|Y|I259|Y|E785|Y|E669|Y|F78A9|N|W86|W86|U| | | | | | | | | | | | | | | | | | | | | | |Z741|07-Nov-2022|Z9181|07-Nov-2022|Z139|07-Nov-2022|Z1331|07-Nov-2022|Z1331|07-Nov-2022|F1990|07-Nov-2022|F109|07-Nov-2022|||||||||||||||||||||||||||||||||||||0|0||4|450|G0444|3.0|2022-11-08T00:00:00|hospital_C|hospital_C_20221107
SYN_BENE_EE210B9BC5BC|SYN_CLM_F1DF2A134AA3|V|60|07-Nov-2022|07-Nov-2022|11-Nov-2022||3|377673|1|1|1|| |928.44|0.0| ||37|1306950993| |9999907899| |9999907899|||0|1| |928.44|07-Nov-2022|1|1|A|10|0.0|185.71|0|4|185.71|185.71|0|0|0|0|0|0|0|0|0|0|0|0|0|||||07-Nov-2022|951.0|0|0||Z604|Z604|N|Z733|Y|Z608|Y|N1830|Y|R801|N|E1022|N|E1129|Y|Z653|Y|I4891|Y|T50905|Y|E1121|Y|E11319|Y|D4959|Y|D075|Y|E781|Y|E119|Y|E8881|Y|I10|N|Z952|N|I350|Y|R931|Y|I259|Y|E785|Y|E669|Y|F78A9|N|W86|W86|U| | | | | | | | | | | | | | | | | | | | | | |Z741|07-Nov-2022|Z9181|07-Nov-2022|Z139|07-Nov-2022|Z1331|07-Nov-2022|Z1331|07-Nov-2022|F1990|07-Nov-2022|F109|07-Nov-2022|||||||||||||||||||||||||||||||||||||0|0||5|450|G0444|3.0|2022-11-08T00:00:00|hospital_C|hospital_C_20221107
SYN_BENE_EE210B9BC5BC|SYN_CLM_F1DF2A134AA3|V|60|07-Nov-2022|07-Nov-2022|11-Nov-2022||3|377673|1|1|1|| |928.44|0.0| ||37|1306950993| |9999907899| |9999907899|||0|1| |928.44|07-Nov-2022|1|1|A|10|0.0|185.71|0|4|185.71|185.71|0|0|0|0|0|0|0|0|0|0|0|0|0|||||07-Nov-2022|951.0|0|0||Z604|Z604|N|Z733|Y|Z608|Y|N1830|Y|R801|N|E1022|N|E1129|Y|Z653|Y|I4891|Y|T50905|Y|E1121|Y|E11319|Y|D4959|Y|D075|Y|E781|Y|E119|Y|E8881|Y|I10|N|Z952|N|I350|Y|R931|Y|I259|Y|E785|Y|E669|Y|F78A9|N|W86|W86|U| | | | | | | | | | | | | | | | | | | | | | |Z741|07-Nov-2022|Z9181|07-Nov-2022|Z139|07-Nov-2022|Z1331|07-Nov-2022|Z1331|07-Nov-2022|F1990|07-Nov-2022|F109|07-Nov-2022|||||||||||||||||||||||||||||||||||||0|0||6|450|99408|3.0|2022-11-08T00:00:00|hospital_C|hospital_C_20221107
SYN_BENE_EE210B9BC5BC|SYN_CLM_F1DF2A134AA3|V|60|07-Nov-2022|07-Nov-2022|11-Nov-2022||3|377673|1|1|1|| |928.44|0.0| ||37|1306950993| |9999907899| |9999907899|||0|1| |928.44|07-Nov-2022|1|1|A|10|0.0|185.71|0|4|185.71|185.71|0|0|0|0|0|0|0|0|0|0|0|0|0|||||07-Nov-2022|951.0|0|0||Z604|Z604|N|Z733|Y|Z608|Y|N1830|Y|R801|N|E1022|N|E1129|Y|Z653|Y|I4891|Y|T50905|Y|E1121|Y|E11319|Y|D4959|Y|D075|Y|E781|Y|E119|Y|E8881|Y|I10|N|Z952|N|I350|Y|R931|Y|I259|Y|E785|Y|E669|Y|F78A9|N|W86|W86|U| | | | | | | | | | | | | | | | | | | | | | |Z741|07-Nov-2022|Z9181|07-Nov-2022|Z139|07-Nov-2022|Z1331|07-Nov-2022|Z1331|07-Nov-2022|F1990|07-Nov-2022|F109|07-Nov-2022|||||||||||||||||||||||||||||||||||||0|0||7|450|G0442|3.0|2022-11-08T00:00:00|hospital_C|hospital_C_20221107
SYN_BENE_C697469F3671|SYN_CLM_11F8921E1F64|V|60|07-Nov-2022|07-Nov-2022|11-Nov-2022||3|377673|1|1|1|| |928.44|0.0| ||37|1306950993| |9999907899| |9999907899|||0|1| |928.44|07-Nov-2022|1|1|A|10|0.0|185.71|0|4|185.71|185.71|0|0|0|0|0|0|0|0|0|0|0|0|0|||||07-Nov-2022|951.0|0|0||Z604|Z604|N|Z733|Y|Z608|Y|N1830|Y|R801|N|E1022|N|E1129|Y|Z653|Y|I4891|Y|T50905|Y|E1121|Y|E11319|Y|D4959|Y|D075|Y|E781|Y|E119|Y|E8881|Y|I10|N|Z952|N|I350|Y|R931|Y|I259|Y|E785|Y|E669|Y|F78A9|N|W86|W86|U| | | | | | | | | | | | | | | | | | | | | | |Z741|07-Nov-2022|Z9181|07-Nov-2022|Z139|07-Nov-2022|Z1331|07-Nov-2022|Z1331|07-Nov-2022|F1990|07-Nov-2022|F109|07-Nov-2022|||||||||||||||||||||||||||||||||||||0|0||1|450|96156|2.0|2022-11-08T00:00:00|hospital_C|hospital_C_20221107
SYN_BENE_C697469F3671|SYN_CLM_11F8921E1F64|V|60|07-Nov-2022|07-Nov-2022|11-Nov-2022||3|377673|1|1|1|| |928.44|0.0| ||37|1306950993| |9999907899| |9999907899|||0|1| |928.44|07-Nov-2022|1|1|A|10|0.0|185.71|0|4|185.71|185.71|0|0|0|0|0|0|0|0|0|0|0|0|0|||||07-Nov-2022|951.0|0|0||Z604|Z604|N|Z733|Y|Z608|Y|N1830|Y|R801|N|E1022|N|E1129|Y|Z653|Y|I4891|Y|T50905|Y|E1121|Y|E11319|Y|D4959|Y|D075|Y|E781|Y|E119|Y|E8881|Y|I10|N|Z952|N|I350|Y|R931|Y|I259|Y|E785|Y|E669|Y|F78A9|N|W86|W86|U| | | | | | | | | | | | | | | | | | | | | | |Z741|07-Nov-2022|Z9181|07-Nov-2022|Z139|07-Nov-2022|Z1331|07-Nov-2022|Z1331|07-Nov-2022|F1990|07-Nov-2022|F109|07-Nov-2022|||||||||||||||||||||||||||||||||||||0|0||2|450|M1069|3.0|2022-11-08T00:00:00|hospital_C|hospital_C_20221107
SYN_BENE_C697469F3671|SYN_CLM_11F8921E1F64|V|60|07-Nov-2022|07-Nov-2022|11-Nov-2022||3|377673|1|1|1|| |928.44|0.0| ||37|1306950993| |9999907899| |9999907899|||0|1| |928.44|07-Nov-2022|1|1|A|10|0.0|185.71|0|4|185.71|185.71|0|0|0|0|0|0|0|0|0|0|0|0|0|||||07-Nov-2022|951.0|0|0||Z604|Z604|N|Z733|Y|Z608|Y|N1830|Y|R801|N|E1022|N|E1129|Y|Z653|Y|I4891|Y|T50905|Y|E1121|Y|E11319|Y|D4959|Y|D075|Y|E781|Y|E119|Y|E8881|Y|I10|N|Z952|N|I350|Y|R931|Y|I259|Y|E785|Y|E669|Y|F78A9|N|W86|W86|U| | | | | | | | | | | | | | | | | | | | | | |Z741|07-Nov-2022|Z9181|07-Nov-2022|Z139|07-Nov-2022|Z1331|07-Nov-2022|Z1331|07-Nov-2022|F1990|07-Nov-2022|F109|07-Nov-2022|||||||||||||||||||||||||||||||||||||0|0||3|450|99401|3.0|2022-11-08T00:00:00|hospital_C|hospital_C_20221107
SYN_BENE_C697469F3671|SYN_CLM_11F8921E1F64|V|60|07-Nov-2022|07-Nov-2022|11-Nov-2022||3|377673|1|1|1|| |928.44|0.0| ||37|1306950993| |9999907899| |9999907899|||0|1| |928.44|07-Nov-2022|1|1|A|10|0.0|185.71|0|4|185.71|185.71|0|0|0|0|0|0|0|0|0|0|0|0|0|||||07-Nov-2022|951.0|0|0||Z604|Z604|N|Z733|Y|Z608|Y|N1830|Y|R801|N|E1022|N|E1129|Y|Z653|Y|I4891|Y|T50905|Y|E1121|Y|E11319|Y|D4959|Y|D075|Y|E781|Y|E119|Y|E8881|Y|I10|N|Z952|N|I350|Y|R931|Y|I259|Y|E785|Y|E669|Y|F78A9|N|W86|W86|U| | | | | | | | | | | | | | | | | | | | | | |Z741|07-Nov-2022|Z9181|07-Nov-2022|Z139|07-Nov-2022|Z1331|07-Nov-2022|Z1331|07-Nov-2022|F1990|07-Nov-2022|F109|07-Nov-2022|||||||||||||||||||||||||||||||||||||0|0||4|450|G0444|3.0|2022-11-08T00:00:00|hospital_C|hospital_C_20221107
SYN_BENE_C697469F3671|SYN_CLM_11F8921E1F64|V|60|07-Nov-2022|07-Nov-2022|11-Nov-2022||3|377673|1|1|1|| |928.44|0.0| ||37|1306950993| |9999907899| |9999907899|||0|1| |928.44|07-Nov-2022|1|1|A|10|0.0|185.71|0|4|185.71|185.71|0|0|0|0|0|0|0|0|0|0|0|0|0|||||07-Nov-2022|951.0|0|0||Z604|Z604|N|Z733|Y|Z608|Y|N1830|Y|R801|N|E1022|N|E1129|Y|Z653|Y|I4891|Y|T50905|Y|E1121|Y|E11319|Y|D4959|Y|D075|Y|E781|Y|E119|Y|E8881|Y|I10|N|Z952|N|I350|Y|R931|Y|I259|Y|E785|Y|E669|Y|F78A9|N|W86|W86|U| | | | | | | | | | | | | | | | | | | | | | |Z741|07-Nov-2022|Z9181|07-Nov-2022|Z139|07-Nov-2022|Z1331|07-Nov-2022|Z1331|07-Nov-2022|F1990|07-Nov-2022|F109|07-Nov-2022|||||||||||||||||||||||||||||||||||||0|0||5|450|G0444|3.0|2022-11-08T00:00:00|hospital_C|hospital_C_20221107
SYN_BENE_C697469F3671|SYN_CLM_11F8921E1F64|V|60|07-Nov-2022|07-Nov-2022|11-Nov-2022||3|377673|1|1|1|| |928.44|0.0| ||37|1306950993| |9999907899| |9999907899|||0|1| |928.44|07-Nov-2022|1|1|A|10|0.0|185.71|0|4|185.71|185.71|0|0|0|0|0|0|0|0|0|0|0|0|0|||||07-Nov-2022|951.0|0|0||Z604|Z604|N|Z733|Y|Z608|Y|N1830|Y|R801|N|E1022|N|E1129|Y|Z653|Y|I4891|Y|T50905|Y|E1121|Y|E11319|Y|D4959|Y|D075|Y|E781|Y|E119|Y|E8881|Y|I10|N|Z952|N|I350|Y|R931|Y|I259|Y|E785|Y|E669|Y|F78A9|N|W86|W86|U| | | | | | | | | | | | | | | | | | | | | | |Z741|07-Nov-2022|Z9181|07-Nov-2022|Z139|07-Nov-2022|Z1331|07-Nov-2022|Z1331|07-Nov-2022|F1990|07-Nov-2022|F109|07-Nov-2022|||||||||||||||||||||||||||||||||||||0|0||6|450|99408|3.0|2022-11-08T00:00:00|hospital_C|hospital_C_20221107
SYN_BENE_C697469F3671|SYN_CLM_11F8921E1F64|V|60|07-Nov-2022|07-Nov-2022|11-Nov-2022||3|377673|1|1|1|| |928.44|0.0| ||37|1306950993| |9999907899| |9999907899|||0|1| |928.44|07-Nov-2022|1|1|A|10|0.0|185.71|0|4|185.71|185.71|0|0|0|0|0|0|0|0|0|0|0|0|0|||||07-Nov-2022|951.0|0|0||Z604|Z604|N|Z733|Y|Z608|Y|N1830|Y|R801|N|E1022|N|E1129|Y|Z653|Y|I4891|Y|T50905|Y|E1121|Y|E11319|Y|D4959|Y|D075|Y|E781|Y|E119|Y|E8881|Y|I10|N|Z952|N|I350|Y|R931|Y|I259|Y|E785|Y|E669|Y|F78A9|N|W86|W86|U| | | | | | | | | | | | | | | | | | | | | | |Z741|07-Nov-2022|Z9181|07-Nov-2022|Z139|07-Nov-2022|Z1331|07-Nov-2022|Z1331|07-Nov-2022|F1990|07-Nov-2022|F109|07-Nov-2022|||||||||||||||||||||||||||||||||||||0|0||7|450|G0442|3.0|2022-11-08T00:00:00|hospital_C|hospital_C_20221107
SYN_BENE_484088C4350E|SYN_CLM_D0AE06ACFE30|V|60|07-Nov-2022|07-Nov-2022|11-Nov-2022||3|377673|1|1|1|| |928.44|0.0| ||37|1306950993| |9999907899| |9999907899|||0|1| |928.44|07-Nov-2022|1|1|A|10|0.0|185.71|0|4|185.71|185.71|0|0|0|0|0|0|0|0|0|0|0|0|0|||||07-Nov-2022|951.0|0|0||Z604|Z604|N|Z733|Y|Z608|Y|N1830|Y|R801|N|E1022|N|E1129|Y|Z653|Y|I4891|Y|T50905|Y|E1121|Y|E11319|Y|D4959|Y|D075|Y|E781|Y|E119|Y|E8881|Y|I10|N|Z952|N|I350|Y|R931|Y|I259|Y|E785|Y|E669|Y|F78A9|N|W86|W86|U| | | | | | | | | | | | | | | | | | | | | | |Z741|07-Nov-2022|Z9181|07-Nov-2022|Z139|07-Nov-2022|Z1331|07-Nov-2022|Z1331|07-Nov-2022|F1990|07-Nov-2022|F109|07-Nov-2022|||||||||||||||||||||||||||||||||||||0|0||1|450|96156|2.0|2022-11-08T00:00:00|hospital_C|hospital_C_20221107
SYN_BENE_484088C4350E|SYN_CLM_D0AE06ACFE30|V|60|07-Nov-2022|07-Nov-2022|11-Nov-2022||3|377673|1|1|1|| |928.44|0.0| ||37|1306950993| |9999907899| |9999907899|||0|1| |928.44|07-Nov-2022|1|1|A|10|0.0|185.71|0|4|185.71|185.71|0|0|0|0|0|0|0|0|0|0|0|0|0|||||07-Nov-2022|951.0|0|0||Z604|Z604|N|Z733|Y|Z608|Y|N1830|Y|R801|N|E1022|N|E1129|Y|Z653|Y|I4891|Y|T50905|Y|E1121|Y|E11319|Y|D4959|Y|D075|Y|E781|Y|E119|Y|E8881|Y|I10|N|Z952|N|I350|Y|R931|Y|I259|Y|E785|Y|E669|Y|F78A9|N|W86|W86|U| | | | | | | | | | | | | | | | | | | | | | |Z741|07-Nov-2022|Z9181|07-Nov-2022|Z139|07-Nov-2022|Z1331|07-Nov-2022|Z1331|07-Nov-2022|F1990|07-Nov-2022|F109|07-Nov-2022|||||||||||||||||||||||||||||||||||||0|0||2|450|M1069|3.0|2022-11-08T00:00:00|hospital_C|hospital_C_20221107
SYN_BENE_484088C4350E|SYN_CLM_D0AE06ACFE30|V|60|07-Nov-2022|07-Nov-2022|11-Nov-2022||3|377673|1|1|1|| |928.44|0.0| ||37|1306950993| |9999907899| |9999907899|||0|1| |928.44|07-Nov-2022|1|1|A|10|0.0|185.71|0|4|185.71|185.71|0|0|0|0|0|0|0|0|0|0|0|0|0|||||07-Nov-2022|951.0|0|0||Z604|Z604|N|Z733|Y|Z608|Y|N1830|Y|R801|N|E1022|N|E1129|Y|Z653|Y|I4891|Y|T50905|Y|E1121|Y|E11319|Y|D4959|Y|D075|Y|E781|Y|E119|Y|E8881|Y|I10|N|Z952|N|I350|Y|R931|Y|I259|Y|E785|Y|E669|Y|F78A9|N|W86|W86|U| | | | | | | | | | | | | | | | | | | | | | |Z741|07-Nov-2022|Z9181|07-Nov-2022|Z139|07-Nov-2022|Z1331|07-Nov-2022|Z1331|07-Nov-2022|F1990|07-Nov-2022|F109|07-Nov-2022|||||||||||||||||||||||||||||||||||||0|0||3|450|99401|3.0|2022-11-08T00:00:00|hospital_C|hospital_C_20221107
SYN_BENE_484088C4350E|SYN_CLM_D0AE06ACFE30|V|60|07-Nov-2022|07-Nov-2022|11-Nov-2022||3|377673|1|1|1|| |928.44|0.0| ||37|1306950993| |9999907899| |9999907899|||0|1| |928.44|07-Nov-2022|1|1|A|10|0.0|185.71|0|4|185.71|185.71|0|0|0|0|0|0|0|0|0|0|0|0|0|||||07-Nov-2022|951.0|0|0||Z604|Z604|N|Z733|Y|Z608|Y|N1830|Y|R801|N|E1022|N|E1129|Y|Z653|Y|I4891|Y|T50905|Y|E1121|Y|E11319|Y|D4959|Y|D075|Y|E781|Y|E119|Y|E8881|Y|I10|N|Z952|N|I350|Y|R931|Y|I259|Y|E785|Y|E669|Y|F78A9|N|W86|W86|U| | | | | | | | | | | | | | | | | | | | | | |Z741|07-Nov-2022|Z9181|07-Nov-2022|Z139|07-Nov-2022|Z1331|07-Nov-2022|Z1331|07-Nov-2022|F1990|07-Nov-2022|F109|07-Nov-2022|||||||||||||||||||||||||||||||||||||0|0||4|450|G0444|3.0|2022-11-08T00:00:00|hospital_C|hospital_C_20221107
SYN_BENE_484088C4350E|SYN_CLM_D0AE06ACFE30|V|60|07-Nov-2022|07-Nov-2022|11-Nov-2022||3|377673|1|1|1|| |928.44|0.0| ||37|1306950993| |9999907899| |9999907899|||0|1| |928.44|07-Nov-2022|1|1|A|10|0.0|185.71|0|4|185.71|185.71|0|0|0|0|0|0|0|0|0|0|0|0|0|||||07-Nov-2022|951.0|0|0||Z604|Z604|N|Z733|Y|Z608|Y|N1830|Y|R801|N|E1022|N|E1129|Y|Z653|Y|I4891|Y|T50905|Y|E1121|Y|E11319|Y|D4959|Y|D075|Y|E781|Y|E119|Y|E8881|Y|I10|N|Z952|N|I350|Y|R931|Y|I259|Y|E785|Y|E669|Y|F78A9|N|W86|W86|U| | | | | | | | | | | | | | | | | | | | | | |Z741|07-Nov-2022|Z9181|07-Nov-2022|Z139|07-Nov-2022|Z1331|07-Nov-2022|Z1331|07-Nov-2022|F1990|07-Nov-2022|F109|07-Nov-2022|||||||||||||||||||||||||||||||||||||0|0||5|450|G0444|3.0|2022-11-08T00:00:00|hospital_C|hospital_C_20221107
SYN_BENE_484088C4350E|SYN_CLM_D0AE06ACFE30|V|60|07-Nov-2022|07-Nov-2022|11-Nov-2022||3|377673|1|1|1|| |928.44|0.0| ||37|1306950993| |9999907899| |9999907899|||0|1| |928.44|07-Nov-2022|1|1|A|10|0.0|185.71|0|4|185.71|185.71|0|0|0|0|0|0|0|0|0|0|0|0|0|||||07-Nov-2022|951.0|0|0||Z604|Z604|N|Z733|Y|Z608|Y|N1830|Y|R801|N|E1022|N|E1129|Y|Z653|Y|I4891|Y|T50905|Y|E1121|Y|E11319|Y|D4959|Y|D075|Y|E781|Y|E119|Y|E8881|Y|I10|N|Z952|N|I350|Y|R931|Y|I259|Y|E785|Y|E669|Y|F78A9|N|W86|W86|U| | | | | | | | | | | | | | | | | | | | | | |Z741|07-Nov-2022|Z9181|07-Nov-2022|Z139|07-Nov-2022|Z1331|07-Nov-2022|Z1331|07-Nov-2022|F1990|07-Nov-2022|F109|07-Nov-2022|||||||||||||||||||||||||||||||||||||0|0||6|450|99408|3.0|2022-11-08T00:00:00|hospital_C|hospital_C_20221107
SYN_BENE_484088C4350E|SYN_CLM_D0AE06ACFE30|V|60|07-Nov-2022|07-Nov-2022|11-Nov-2022||3|377673|1|1|1|| |928.44|0.0| ||37|1306950993| |9999907899| |9999907899|||0|1| |928.44|07-Nov-2022|1|1|A|10|0.0|185.71|0|4|185.71|185.71|0|0|0|0|0|0|0|0|0|0|0|0|0|||||07-Nov-2022|951.0|0|0||Z604|Z604|N|Z733|Y|Z608|Y|N1830|Y|R801|N|E1022|N|E1129|Y|Z653|Y|I4891|Y|T50905|Y|E1121|Y|E11319|Y|D4959|Y|D075|Y|E781|Y|E119|Y|E8881|Y|I10|N|Z952|N|I350|Y|R931|Y|I259|Y|E785|Y|E669|Y|F78A9|N|W86|W86|U| | | | | | | | | | | | | | | | | | | | | | |Z741|07-Nov-2022|Z9181|07-Nov-2022|Z139|07-Nov-2022|Z1331|07-Nov-2022|Z1331|07-Nov-2022|F1990|07-Nov-2022|F109|07-Nov-2022|||||||||||||||||||||||||||||||||||||0|0||7|450|G0442|3.0|2022-11-08T00:00:00|hospital_C|hospital_C_20221107
SYN_BENE_F4181F6F6AE1|SYN_CLM_5C4609CF2827|V|60|07-Nov-2022|07-Nov-2022|11-Nov-2022||3|377673|1|1|1|| |928.44|0.0| ||37|1306950993| |9999907899| |9999907899|||0|1| |928.44|07-Nov-2022|1|1|A|10|0.0|185.71|0|4|185.71|185.71|0|0|0|0|0|0|0|0|0|0|0|0|0|||||07-Nov-2022|951.0|0|0||Z604|Z604|N|Z733|Y|Z608|Y|N1830|Y|R801|N|E1022|N|E1129|Y|Z653|Y|I4891|Y|T50905|Y|E1121|Y|E11319|Y|D4959|Y|D075|Y|E781|Y|E119|Y|E8881|Y|I10|N|Z952|N|I350|Y|R931|Y|I259|Y|E785|Y|E669|Y|F78A9|N|W86|W86|U| | | | | | | | | | | | | | | | | | | | | | |Z741|07-Nov-2022|Z9181|07-Nov-2022|Z139|07-Nov-2022|Z1331|07-Nov-2022|Z1331|07-Nov-2022|F1990|07-Nov-2022|F109|07-Nov-2022|||||||||||||||||||||||||||||||||||||0|0||1|450|96156|2.0|2022-11-08T00:00:00|hospital_C|hospital_C_20221107
SYN_BENE_F4181F6F6AE1|SYN_CLM_5C4609CF2827|V|60|07-Nov-2022|07-Nov-2022|11-Nov-2022||3|377673|1|1|1|| |928.44|0.0| ||37|1306950993| |9999907899| |9999907899|||0|1| |928.44|07-Nov-2022|1|1|A|10|0.0|185.71|0|4|185.71|185.71|0|0|0|0|0|0|0|0|0|0|0|0|0|||||07-Nov-2022|951.0|0|0||Z604|Z604|N|Z733|Y|Z608|Y|N1830|Y|R801|N|E1022|N|E1129|Y|Z653|Y|I4891|Y|T50905|Y|E1121|Y|E11319|Y|D4959|Y|D075|Y|E781|Y|E119|Y|E8881|Y|I10|N|Z952|N|I350|Y|R931|Y|I259|Y|E785|Y|E669|Y|F78A9|N|W86|W86|U| | | | | | | | | | | | | | | | | | | | | | |Z741|07-Nov-2022|Z9181|07-Nov-2022|Z139|07-Nov-2022|Z1331|07-Nov-2022|Z1331|07-Nov-2022|F1990|07-Nov-2022|F109|07-Nov-2022|||||||||||||||||||||||||||||||||||||0|0||2|450|M1069|3.0|2022-11-08T00:00:00|hospital_C|hospital_C_20221107
SYN_BENE_F4181F6F6AE1|SYN_CLM_5C4609CF2827|V|60|07-Nov-2022|07-Nov-2022|11-Nov-2022||3|377673|1|1|1|| |928.44|0.0| ||37|1306950993| |9999907899| |9999907899|||0|1| |928.44|07-Nov-2022|1|1|A|10|0.0|185.71|0|4|185.71|185.71|0|0|0|0|0|0|0|0|0|0|0|0|0|||||07-Nov-2022|951.0|0|0||Z604|Z604|N|Z733|Y|Z608|Y|N1830|Y|R801|N|E1022|N|E1129|Y|Z653|Y|I4891|Y|T50905|Y|E1121|Y|E11319|Y|D4959|Y|D075|Y|E781|Y|E119|Y|E8881|Y|I10|N|Z952|N|I350|Y|R931|Y|I259|Y|E785|Y|E669|Y|F78A9|N|W86|W86|U| | | | | | | | | | | | | | | | | | | | | | |Z741|07-Nov-2022|Z9181|07-Nov-2022|Z139|07-Nov-2022|Z1331|07-Nov-2022|Z1331|07-Nov-2022|F1990|07-Nov-2022|F109|07-Nov-2022|||||||||||||||||||||||||||||||||||||0|0||3|450|99401|3.0|2022-11-08T00:00:00|hospital_C|hospital_C_20221107
SYN_BENE_F4181F6F6AE1|SYN_CLM_5C4609CF2827|V|60|07-Nov-2022|07-Nov-2022|11-Nov-2022||3|377673|1|1|1|| |928.44|0.0| ||37|1306950993| |9999907899| |9999907899|||0|1| |928.44|07-Nov-2022|1|1|A|10|0.0|185.71|0|4|185.71|185.71|0|0|0|0|0|0|0|0|0|0|0|0|0|||||07-Nov-2022|951.0|0|0||Z604|Z604|N|Z733|Y|Z608|Y|N1830|Y|R801|N|E1022|N|E1129|Y|Z653|Y|I4891|Y|T50905|Y|E1121|Y|E11319|Y|D4959|Y|D075|Y|E781|Y|E119|Y|E8881|Y|I10|N|Z952|N|I350|Y|R931|Y|I259|Y|E785|Y|E669|Y|F78A9|N|W86|W86|U| | | | | | | | | | | | | | | | | | | | | | |Z741|07-Nov-2022|Z9181|07-Nov-2022|Z139|07-Nov-2022|Z1331|07-Nov-2022|Z1331|07-Nov-2022|F1990|07-Nov-2022|F109|07-Nov-2022|||||||||||||||||||||||||||||||||||||0|0||4|450|G0444|3.0|2022-11-08T00:00:00|hospital_C|hospital_C_20221107
SYN_BENE_F4181F6F6AE1|SYN_CLM_5C4609CF2827|V|60|07-Nov-2022|07-Nov-2022|11-Nov-2022||3|377673|1|1|1|| |928.44|0.0| ||37|1306950993| |9999907899| |9999907899|||0|1| |928.44|07-Nov-2022|1|1|A|10|0.0|185.71|0|4|185.71|185.71|0|0|0|0|0|0|0|0|0|0|0|0|0|||||07-Nov-2022|951.0|0|0||Z604|Z604|N|Z733|Y|Z608|Y|N1830|Y|R801|N|E1022|N|E1129|Y|Z653|Y|I4891|Y|T50905|Y|E1121|Y|E11319|Y|D4959|Y|D075|Y|E781|Y|E119|Y|E8881|Y|I10|N|Z952|N|I350|Y|R931|Y|I259|Y|E785|Y|E669|Y|F78A9|N|W86|W86|U| | | | | | | | | | | | | | | | | | | | | | |Z741|07-Nov-2022|Z9181|07-Nov-2022|Z139|07-Nov-2022|Z1331|07-Nov-2022|Z1331|07-Nov-2022|F1990|07-Nov-2022|F109|07-Nov-2022|||||||||||||||||||||||||||||||||||||0|0||5|450|G0444|3.0|2022-11-08T00:00:00|hospital_C|hospital_C_20221107
SYN_BENE_F4181F6F6AE1|SYN_CLM_5C4609CF2827|V|60|07-Nov-2022|07-Nov-2022|11-Nov-2022||3|377673|1|1|1|| |928.44|0.0| ||37|1306950993| |9999907899| |9999907899|||0|1| |928.44|07-Nov-2022|1|1|A|10|0.0|185.71|0|4|185.71|185.71|0|0|0|0|0|0|0|0|0|0|0|0|0|||||07-Nov-2022|951.0|0|0||Z604|Z604|N|Z733|Y|Z608|Y|N1830|Y|R801|N|E1022|N|E1129|Y|Z653|Y|I4891|Y|T50905|Y|E1121|Y|E11319|Y|D4959|Y|D075|Y|E781|Y|E119|Y|E8881|Y|I10|N|Z952|N|I350|Y|R931|Y|I259|Y|E785|Y|E669|Y|F78A9|N|W86|W86|U| | | | | | | | | | | | | | | | | | | | | | |Z741|07-Nov-2022|Z9181|07-Nov-2022|Z139|07-Nov-2022|Z1331|07-Nov-2022|Z1331|07-Nov-2022|F1990|07-Nov-2022|F109|07-Nov-2022|||||||||||||||||||||||||||||||||||||0|0||6|450|99408|3.0|2022-11-08T00:00:00|hospital_C|hospital_C_20221107
SYN_BENE_F4181F6F6AE1|SYN_CLM_5C4609CF2827|V|60|07-Nov-2022|07-Nov-2022|11-Nov-2022||3|377673|1|1|1|| |928.44|0.0| ||37|1306950993| |9999907899| |9999907899|||0|1| |928.44|07-Nov-2022|1|1|A|10|0.0|185.71|0|4|185.71|185.71|0|0|0|0|0|0|0|0|0|0|0|0|0|||||07-Nov-2022|951.0|0|0||Z604|Z604|N|Z733|Y|Z608|Y|N1830|Y|R801|N|E1022|N|E1129|Y|Z653|Y|I4891|Y|T50905|Y|E1121|Y|E11319|Y|D4959|Y|D075|Y|E781|Y|E119|Y|E8881|Y|I10|N|Z952|N|I350|Y|R931|Y|I259|Y|E785|Y|E669|Y|F78A9|N|W86|W86|U| | | | | | | | | | | | | | | | | | | | | | |Z741|07-Nov-2022|Z9181|07-Nov-2022|Z139|07-Nov-2022|Z1331|07-Nov-2022|Z1331|07-Nov-2022|F1990|07-Nov-2022|F109|07-Nov-2022|||||||||||||||||||||||||||||||||||||0|0||7|450|G0442|3.0|2022-11-08T00:00:00|hospital_C|hospital_C_20221107
SYN_BENE_DE4368E57536|SYN_CLM_C5BE48D40D58|V|60|07-Nov-2022|07-Nov-2022|11-Nov-2022||3|377673|1|1|1|| |928.44|0.0| ||37|1306950993| |9999907899| |9999907899|||0|1| |928.44|07-Nov-2022|1|1|A|10|0.0|185.71|0|4|185.71|185.71|0|0|0|0|0|0|0|0|0|0|0|0|0|||||07-Nov-2022|951.0|0|0||Z604|Z604|N|Z733|Y|Z608|Y|N1830|Y|R801|N|E1022|N|E1129|Y|Z653|Y|I4891|Y|T50905|Y|E1121|Y|E11319|Y|D4959|Y|D075|Y|E781|Y|E119|Y|E8881|Y|I10|N|Z952|N|I350|Y|R931|Y|I259|Y|E785|Y|E669|Y|F78A9|N|W86|W86|U| | | | | | | | | | | | | | | | | | | | | | |Z741|07-Nov-2022|Z9181|07-Nov-2022|Z139|07-Nov-2022|Z1331|07-Nov-2022|Z1331|07-Nov-2022|F1990|07-Nov-2022|F109|07-Nov-2022|||||||||||||||||||||||||||||||||||||0|0||1|450|96156|2.0|2022-11-08T00:00:00|hospital_C|hospital_C_20221107
SYN_BENE_DE4368E57536|SYN_CLM_C5BE48D40D58|V|60|07-Nov-2022|07-Nov-2022|11-Nov-2022||3|377673|1|1|1|| |928.44|0.0| ||37|1306950993| |9999907899| |9999907899|||0|1| |928.44|07-Nov-2022|1|1|A|10|0.0|185.71|0|4|185.71|185.71|0|0|0|0|0|0|0|0|0|0|0|0|0|||||07-Nov-2022|951.0|0|0||Z604|Z604|N|Z733|Y|Z608|Y|N1830|Y|R801|N|E1022|N|E1129|Y|Z653|Y|I4891|Y|T50905|Y|E1121|Y|E11319|Y|D4959|Y|D075|Y|E781|Y|E119|Y|E8881|Y|I10|N|Z952|N|I350|Y|R931|Y|I259|Y|E785|Y|E669|Y|F78A9|N|W86|W86|U| | | | | | | | | | | | | | | | | | | | | | |Z741|07-Nov-2022|Z9181|07-Nov-2022|Z139|07-Nov-2022|Z1331|07-Nov-2022|Z1331|07-Nov-2022|F1990|07-Nov-2022|F109|07-Nov-2022|||||||||||||||||||||||||||||||||||||0|0||2|450|M1069|3.0|2022-11-08T00:00:00|hospital_C|hospital_C_20221107
SYN_BENE_DE4368E57536|SYN_CLM_C5BE48D40D58|V|60|07-Nov-2022|07-Nov-2022|11-Nov-2022||3|377673|1|1|1|| |928.44|0.0| ||37|1306950993| |9999907899| |9999907899|||0|1| |928.44|07-Nov-2022|1|1|A|10|0.0|185.71|0|4|185.71|185.71|0|0|0|0|0|0|0|0|0|0|0|0|0|||||07-Nov-2022|951.0|0|0||Z604|Z604|N|Z733|Y|Z608|Y|N1830|Y|R801|N|E1022|N|E1129|Y|Z653|Y|I4891|Y|T50905|Y|E1121|Y|E11319|Y|D4959|Y|D075|Y|E781|Y|E119|Y|E8881|Y|I10|N|Z952|N|I350|Y|R931|Y|I259|Y|E785|Y|E669|Y|F78A9|N|W86|W86|U| | | | | | | | | | | | | | | | | | | | | | |Z741|07-Nov-2022|Z9181|07-Nov-2022|Z139|07-Nov-2022|Z1331|07-Nov-2022|Z1331|07-Nov-2022|F1990|07-Nov-2022|F109|07-Nov-2022|||||||||||||||||||||||||||||||||||||0|0||3|450|99401|3.0|2022-11-08T00:00:00|hospital_C|hospital_C_20221107
SYN_BENE_DE4368E57536|SYN_CLM_C5BE48D40D58|V|60|07-Nov-2022|07-Nov-2022|11-Nov-2022||3|377673|1|1|1|| |928.44|0.0| ||37|1306950993| |9999907899| |9999907899|||0|1| |928.44|07-Nov-2022|1|1|A|10|0.0|185.71|0|4|185.71|185.71|0|0|0|0|0|0|0|0|0|0|0|0|0|||||07-Nov-2022|951.0|0|0||Z604|Z604|N|Z733|Y|Z608|Y|N1830|Y|R801|N|E1022|N|E1129|Y|Z653|Y|I4891|Y|T50905|Y|E1121|Y|E11319|Y|D4959|Y|D075|Y|E781|Y|E119|Y|E8881|Y|I10|N|Z952|N|I350|Y|R931|Y|I259|Y|E785|Y|E669|Y|F78A9|N|W86|W86|U| | | | | | | | | | | | | | | | | | | | | | |Z741|07-Nov-2022|Z9181|07-Nov-2022|Z139|07-Nov-2022|Z1331|07-Nov-2022|Z1331|07-Nov-2022|F1990|07-Nov-2022|F109|07-Nov-2022|||||||||||||||||||||||||||||||||||||0|0||4|450|G0444|3.0|2022-11-08T00:00:00|hospital_C|hospital_C_20221107
SYN_BENE_DE4368E57536|SYN_CLM_C5BE48D40D58|V|60|07-Nov-2022|07-Nov-2022|11-Nov-2022||3|377673|1|1|1|| |928.44|0.0| ||37|1306950993| |9999907899| |9999907899|||0|1| |928.44|07-Nov-2022|1|1|A|10|0.0|185.71|0|4|185.71|185.71|0|0|0|0|0|0|0|0|0|0|0|0|0|||||07-Nov-2022|951.0|0|0||Z604|Z604|N|Z733|Y|Z608|Y|N1830|Y|R801|N|E1022|N|E1129|Y|Z653|Y|I4891|Y|T50905|Y|E1121|Y|E11319|Y|D4959|Y|D075|Y|E781|Y|E119|Y|E8881|Y|I10|N|Z952|N|I350|Y|R931|Y|I259|Y|E785|Y|E669|Y|F78A9|N|W86|W86|U| | | | | | | | | | | | | | | | | | | | | | |Z741|07-Nov-2022|Z9181|07-Nov-2022|Z139|07-Nov-2022|Z1331|07-Nov-2022|Z1331|07-Nov-2022|F1990|07-Nov-2022|F109|07-Nov-2022|||||||||||||||||||||||||||||||||||||0|0||5|450|G0444|3.0|2022-11-08T00:00:00|hospital_C|hospital_C_20221107
SYN_BENE_DE4368E57536|SYN_CLM_C5BE48D40D58|V|60|07-Nov-2022|07-Nov-2022|11-Nov-2022||3|377673|1|1|1|| |928.44|0.0| ||37|1306950993| |9999907899| |9999907899|||0|1| |928.44|07-Nov-2022|1|1|A|10|0.0|185.71|0|4|185.71|185.71|0|0|0|0|0|0|0|0|0|0|0|0|0|||||07-Nov-2022|951.0|0|0||Z604|Z604|N|Z733|Y|Z608|Y|N1830|Y|R801|N|E1022|N|E1129|Y|Z653|Y|I4891|Y|T50905|Y|E1121|Y|E11319|Y|D4959|Y|D075|Y|E781|Y|E119|Y|E8881|Y|I10|N|Z952|N|I350|Y|R931|Y|I259|Y|E785|Y|E669|Y|F78A9|N|W86|W86|U| | | | | | | | | | | | | | | | | | | | | | |Z741|07-Nov-2022|Z9181|07-Nov-2022|Z139|07-Nov-2022|Z1331|07-Nov-2022|Z1331|07-Nov-2022|F1990|07-Nov-2022|F109|07-Nov-2022|||||||||||||||||||||||||||||||||||||0|0||6|450|99408|3.0|2022-11-08T00:00:00|hospital_C|hospital_C_20221107
SYN_BENE_DE4368E57536|SYN_CLM_C5BE48D40D58|V|60|07-Nov-2022|07-Nov-2022|11-Nov-2022||3|377673|1|1|1|| |928.44|0.0| ||37|1306950993| |9999907899| |9999907899|||0|1| |928.44|07-Nov-2022|1|1|A|10|0.0|185.71|0|4|185.71|185.71|0|0|0|0|0|0|0|0|0|0|0|0|0|||||07-Nov-2022|951.0|0|0||Z604|Z604|N|Z733|Y|Z608|Y|N1830|Y|R801|N|E1022|N|E1129|Y|Z653|Y|I4891|Y|T50905|Y|E1121|Y|E11319|Y|D4959|Y|D075|Y|E781|Y|E119|Y|E8881|Y|I10|N|Z952|N|I350|Y|R931|Y|I259|Y|E785|Y|E669|Y|F78A9|N|W86|W86|U| | | | | | | | | | | | | | | | | | | | | | |Z741|07-Nov-2022|Z9181|07-Nov-2022|Z139|07-Nov-2022|Z1331|07-Nov-2022|Z1331|07-Nov-2022|F1990|07-Nov-2022|F109|07-Nov-2022|||||||||||||||||||||||||||||||||||||0|0||7|450|G0442|3.0|2022-11-08T00:00:00|hospital_C|hospital_C_20221107
SYN_BENE_985708FFA19E|SYN_CLM_46ECE0093A8D|V|60|07-Nov-2022|07-Nov-2022|11-Nov-2022||3|377673|1|1|1|| |928.44|0.0| ||37|1306950993| |9999907899| |9999907899|||0|1| |928.44|07-Nov-2022|1|1|A|10|0.0|185.71|0|4|185.71|185.71|0|0|0|0|0|0|0|0|0|0|0|0|0|||||07-Nov-2022|951.0|0|0||Z604|Z604|N|Z733|Y|Z608|Y|N1830|Y|R801|N|E1022|N|E1129|Y|Z653|Y|I4891|Y|T50905|Y|E1121|Y|E11319|Y|D4959|Y|D075|Y|E781|Y|E119|Y|E8881|Y|I10|N|Z952|N|I350|Y|R931|Y|I259|Y|E785|Y|E669|Y|F78A9|N|W86|W86|U| | | | | | | | | | | | | | | | | | | | | | |Z741|07-Nov-2022|Z9181|07-Nov-2022|Z139|07-Nov-2022|Z1331|07-Nov-2022|Z1331|07-Nov-2022|F1990|07-Nov-2022|F109|07-Nov-2022|||||||||||||||||||||||||||||||||||||0|0||1|450|96156|2.0|2022-11-08T00:00:00|hospital_C|hospital_C_20221107
SYN_BENE_985708FFA19E|SYN_CLM_46ECE0093A8D|V|60|07-Nov-2022|07-Nov-2022|11-Nov-2022||3|377673|1|1|1|| |928.44|0.0| ||37|1306950993| |9999907899| |9999907899|||0|1| |928.44|07-Nov-2022|1|1|A|10|0.0|185.71|0|4|185.71|185.71|0|0|0|0|0|0|0|0|0|0|0|0|0|||||07-Nov-2022|951.0|0|0||Z604|Z604|N|Z733|Y|Z608|Y|N1830|Y|R801|N|E1022|N|E1129|Y|Z653|Y|I4891|Y|T50905|Y|E1121|Y|E11319|Y|D4959|Y|D075|Y|E781|Y|E119|Y|E8881|Y|I10|N|Z952|N|I350|Y|R931|Y|I259|Y|E785|Y|E669|Y|F78A9|N|W86|W86|U| | | | | | | | | | | | | | | | | | | | | | |Z741|07-Nov-2022|Z9181|07-Nov-2022|Z139|07-Nov-2022|Z1331|07-Nov-2022|Z1331|07-Nov-2022|F1990|07-Nov-2022|F109|07-Nov-2022|||||||||||||||||||||||||||||||||||||0|0||2|450|M1069|3.0|2022-11-08T00:00:00|hospital_C|hospital_C_20221107
SYN_BENE_985708FFA19E|SYN_CLM_46ECE0093A8D|V|60|07-Nov-2022|07-Nov-2022|11-Nov-2022||3|377673|1|1|1|| |928.44|0.0| ||37|1306950993| |9999907899| |9999907899|||0|1| |928.44|07-Nov-2022|1|1|A|10|0.0|185.71|0|4|185.71|185.71|0|0|0|0|0|0|0|0|0|0|0|0|0|||||07-Nov-2022|951.0|0|0||Z604|Z604|N|Z733|Y|Z608|Y|N1830|Y|R801|N|E1022|N|E1129|Y|Z653|Y|I4891|Y|T50905|Y|E1121|Y|E11319|Y|D4959|Y|D075|Y|E781|Y|E119|Y|E8881|Y|I10|N|Z952|N|I350|Y|R931|Y|I259|Y|E785|Y|E669|Y|F78A9|N|W86|W86|U| | | | | | | | | | | | | | | | | | | | | | |Z741|07-Nov-2022|Z9181|07-Nov-2022|Z139|07-Nov-2022|Z1331|07-Nov-2022|Z1331|07-Nov-2022|F1990|07-Nov-2022|F109|07-Nov-2022|||||||||||||||||||||||||||||||||||||0|0||3|450|99401|3.0|2022-11-08T00:00:00|hospital_C|hospital_C_20221107
SYN_BENE_985708FFA19E|SYN_CLM_46ECE0093A8D|V|60|07-Nov-2022|07-Nov-2022|11-Nov-2022||3|377673|1|1|1|| |928.44|0.0| ||37|1306950993| |9999907899| |9999907899|||0|1| |928.44|07-Nov-2022|1|1|A|10|0.0|185.71|0|4|185.71|185.71|0|0|0|0|0|0|0|0|0|0|0|0|0|||||07-Nov-2022|951.0|0|0||Z604|Z604|N|Z733|Y|Z608|Y|N1830|Y|R801|N|E1022|N|E1129|Y|Z653|Y|I4891|Y|T50905|Y|E1121|Y|E11319|Y|D4959|Y|D075|Y|E781|Y|E119|Y|E8881|Y|I10|N|Z952|N|I350|Y|R931|Y|I259|Y|E785|Y|E669|Y|F78A9|N|W86|W86|U| | | | | | | | | | | | | | | | | | | | | | |Z741|07-Nov-2022|Z9181|07-Nov-2022|Z139|07-Nov-2022|Z1331|07-Nov-2022|Z1331|07-Nov-2022|F1990|07-Nov-2022|F109|07-Nov-2022|||||||||||||||||||||||||||||||||||||0|0||4|450|G0444|3.0|2022-11-08T00:00:00|hospital_C|hospital_C_20221107
SYN_BENE_985708FFA19E|SYN_CLM_46ECE0093A8D|V|60|07-Nov-2022|07-Nov-2022|11-Nov-2022||3|377673|1|1|1|| |928.44|0.0| ||37|1306950993| |9999907899| |9999907899|||0|1| |928.44|07-Nov-2022|1|1|A|10|0.0|185.71|0|4|185.71|185.71|0|0|0|0|0|0|0|0|0|0|0|0|0|||||07-Nov-2022|951.0|0|0||Z604|Z604|N|Z733|Y|Z608|Y|N1830|Y|R801|N|E1022|N|E1129|Y|Z653|Y|I4891|Y|T50905|Y|E1121|Y|E11319|Y|D4959|Y|D075|Y|E781|Y|E119|Y|E8881|Y|I10|N|Z952|N|I350|Y|R931|Y|I259|Y|E785|Y|E669|Y|F78A9|N|W86|W86|U| | | | | | | | | | | | | | | | | | | | | | |Z741|07-Nov-2022|Z9181|07-Nov-2022|Z139|07-Nov-2022|Z1331|07-Nov-2022|Z1331|07-Nov-2022|F1990|07-Nov-2022|F109|07-Nov-2022|||||||||||||||||||||||||||||||||||||0|0||5|450|G0444|3.0|2022-11-08T00:00:00|hospital_C|hospital_C_20221107
SYN_BENE_985708FFA19E|SYN_CLM_46ECE0093A8D|V|60|07-Nov-2022|07-Nov-2022|11-Nov-2022||3|377673|1|1|1|| |928.44|0.0| ||37|1306950993| |9999907899| |9999907899|||0|1| |928.44|07-Nov-2022|1|1|A|10|0.0|185.71|0|4|185.71|185.71|0|0|0|0|0|0|0|0|0|0|0|0|0|||||07-Nov-2022|951.0|0|0||Z604|Z604|N|Z733|Y|Z608|Y|N1830|Y|R801|N|E1022|N|E1129|Y|Z653|Y|I4891|Y|T50905|Y|E1121|Y|E11319|Y|D4959|Y|D075|Y|E781|Y|E119|Y|E8881|Y|I10|N|Z952|N|I350|Y|R931|Y|I259|Y|E785|Y|E669|Y|F78A9|N|W86|W86|U| | | | | | | | | | | | | | | | | | | | | | |Z741|07-Nov-2022|Z9181|07-Nov-2022|Z139|07-Nov-2022|Z1331|07-Nov-2022|Z1331|07-Nov-2022|F1990|07-Nov-2022|F109|07-Nov-2022|||||||||||||||||||||||||||||||||||||0|0||6|450|99408|3.0|2022-11-08T00:00:00|hospital_C|hospital_C_20221107
SYN_BENE_985708FFA19E|SYN_CLM_46ECE0093A8D|V|60|07-Nov-2022|07-Nov-2022|11-Nov-2022||3|377673|1|1|1|| |928.44|0.0| ||37|1306950993| |9999907899| |9999907899|||0|1| |928.44|07-Nov-2022|1|1|A|10|0.0|185.71|0|4|185.71|185.71|0|0|0|0|0|0|0|0|0|0|0|0|0|||||07-Nov-2022|951.0|0|0||Z604|Z604|N|Z733|Y|Z608|Y|N1830|Y|R801|N|E1022|N|E1129|Y|Z653|Y|I4891|Y|T50905|Y|E1121|Y|E11319|Y|D4959|Y|D075|Y|E781|Y|E119|Y|E8881|Y|I10|N|Z952|N|I350|Y|R931|Y|I259|Y|E785|Y|E669|Y|F78A9|N|W86|W86|U| | | | | | | | | | | | | | | | | | | | | | |Z741|07-Nov-2022|Z9181|07-Nov-2022|Z139|07-Nov-2022|Z1331|07-Nov-2022|Z1331|07-Nov-2022|F1990|07-Nov-2022|F109|07-Nov-2022|||||||||||||||||||||||||||||||||||||0|0||7|450|G0442|3.0|2022-11-08T00:00:00|hospital_C|hospital_C_20221107
SYN_BENE_D77F4A0928E6|SYN_CLM_AFCA49B330F5|V|60|07-Nov-2022|07-Nov-2022|11-Nov-2022||3|377673|1|1|1|| |928.44|0.0| ||37|1306950993| |9999907899| |9999907899|||0|1| |928.44|07-Nov-2022|1|1|A|10|0.0|185.71|0|4|185.71|185.71|0|0|0|0|0|0|0|0|0|0|0|0|0|||||07-Nov-2022|951.0|0|0||Z604|Z604|N|Z733|Y|Z608|Y|N1830|Y|R801|N|E1022|N|E1129|Y|Z653|Y|I4891|Y|T50905|Y|E1121|Y|E11319|Y|D4959|Y|D075|Y|E781|Y|E119|Y|E8881|Y|I10|N|Z952|N|I350|Y|R931|Y|I259|Y|E785|Y|E669|Y|F78A9|N|W86|W86|U| | | | | | | | | | | | | | | | | | | | | | |Z741|07-Nov-2022|Z9181|07-Nov-2022|Z139|07-Nov-2022|Z1331|07-Nov-2022|Z1331|07-Nov-2022|F1990|07-Nov-2022|F109|07-Nov-2022|||||||||||||||||||||||||||||||||||||0|0||1|450|96156|2.0|2022-11-08T00:00:00|hospital_C|hospital_C_20221107
SYN_BENE_D77F4A0928E6|SYN_CLM_AFCA49B330F5|V|60|07-Nov-2022|07-Nov-2022|11-Nov-2022||3|377673|1|1|1|| |928.44|0.0| ||37|1306950993| |9999907899| |9999907899|||0|1| |928.44|07-Nov-2022|1|1|A|10|0.0|185.71|0|4|185.71|185.71|0|0|0|0|0|0|0|0|0|0|0|0|0|||||07-Nov-2022|951.0|0|0||Z604|Z604|N|Z733|Y|Z608|Y|N1830|Y|R801|N|E1022|N|E1129|Y|Z653|Y|I4891|Y|T50905|Y|E1121|Y|E11319|Y|D4959|Y|D075|Y|E781|Y|E119|Y|E8881|Y|I10|N|Z952|N|I350|Y|R931|Y|I259|Y|E785|Y|E669|Y|F78A9|N|W86|W86|U| | | | | | | | | | | | | | | | | | | | | | |Z741|07-Nov-2022|Z9181|07-Nov-2022|Z139|07-Nov-2022|Z1331|07-Nov-2022|Z1331|07-Nov-2022|F1990|07-Nov-2022|F109|07-Nov-2022|||||||||||||||||||||||||||||||||||||0|0||2|450|M1069|3.0|2022-11-08T00:00:00|hospital_C|hospital_C_20221107
SYN_BENE_D77F4A0928E6|SYN_CLM_AFCA49B330F5|V|60|07-Nov-2022|07-Nov-2022|11-Nov-2022||3|377673|1|1|1|| |928.44|0.0| ||37|1306950993| |9999907899| |9999907899|||0|1| |928.44|07-Nov-2022|1|1|A|10|0.0|185.71|0|4|185.71|185.71|0|0|0|0|0|0|0|0|0|0|0|0|0|||||07-Nov-2022|951.0|0|0||Z604|Z604|N|Z733|Y|Z608|Y|N1830|Y|R801|N|E1022|N|E1129|Y|Z653|Y|I4891|Y|T50905|Y|E1121|Y|E11319|Y|D4959|Y|D075|Y|E781|Y|E119|Y|E8881|Y|I10|N|Z952|N|I350|Y|R931|Y|I259|Y|E785|Y|E669|Y|F78A9|N|W86|W86|U| | | | | | | | | | | | | | | | | | | | | | |Z741|07-Nov-2022|Z9181|07-Nov-2022|Z139|07-Nov-2022|Z1331|07-Nov-2022|Z1331|07-Nov-2022|F1990|07-Nov-2022|F109|07-Nov-2022|||||||||||||||||||||||||||||||||||||0|0||3|450|99401|3.0|2022-11-08T00:00:00|hospital_C|hospital_C_20221107
SYN_BENE_D77F4A0928E6|SYN_CLM_AFCA49B330F5|V|60|07-Nov-2022|07-Nov-2022|11-Nov-2022||3|377673|1|1|1|| |928.44|0.0| ||37|1306950993| |9999907899| |9999907899|||0|1| |928.44|07-Nov-2022|1|1|A|10|0.0|185.71|0|4|185.71|185.71|0|0|0|0|0|0|0|0|0|0|0|0|0|||||07-Nov-2022|951.0|0|0||Z604|Z604|N|Z733|Y|Z608|Y|N1830|Y|R801|N|E1022|N|E1129|Y|Z653|Y|I4891|Y|T50905|Y|E1121|Y|E11319|Y|D4959|Y|D075|Y|E781|Y|E119|Y|E8881|Y|I10|N|Z952|N|I350|Y|R931|Y|I259|Y|E785|Y|E669|Y|F78A9|N|W86|W86|U| | | | | | | | | | | | | | | | | | | | | | |Z741|07-Nov-2022|Z9181|07-Nov-2022|Z139|07-Nov-2022|Z1331|07-Nov-2022|Z1331|07-Nov-2022|F1990|07-Nov-2022|F109|07-Nov-2022|||||||||||||||||||||||||||||||||||||0|0||4|450|G0444|3.0|2022-11-08T00:00:00|hospital_C|hospital_C_20221107
SYN_BENE_D77F4A0928E6|SYN_CLM_AFCA49B330F5|V|60|07-Nov-2022|07-Nov-2022|11-Nov-2022||3|377673|1|1|1|| |928.44|0.0| ||37|1306950993| |9999907899| |9999907899|||0|1| |928.44|07-Nov-2022|1|1|A|10|0.0|185.71|0|4|185.71|185.71|0|0|0|0|0|0|0|0|0|0|0|0|0|||||07-Nov-2022|951.0|0|0||Z604|Z604|N|Z733|Y|Z608|Y|N1830|Y|R801|N|E1022|N|E1129|Y|Z653|Y|I4891|Y|T50905|Y|E1121|Y|E11319|Y|D4959|Y|D075|Y|E781|Y|E119|Y|E8881|Y|I10|N|Z952|N|I350|Y|R931|Y|I259|Y|E785|Y|E669|Y|F78A9|N|W86|W86|U| | | | | | | | | | | | | | | | | | | | | | |Z741|07-Nov-2022|Z9181|07-Nov-2022|Z139|07-Nov-2022|Z1331|07-Nov-2022|Z1331|07-Nov-2022|F1990|07-Nov-2022|F109|07-Nov-2022|||||||||||||||||||||||||||||||||||||0|0||5|450|G0444|3.0|2022-11-08T00:00:00|hospital_C|hospital_C_20221107
SYN_BENE_D77F4A0928E6|SYN_CLM_AFCA49B330F5|V|60|07-Nov-2022|07-Nov-2022|11-Nov-2022||3|377673|1|1|1|| |928.44|0.0| ||37|1306950993| |9999907899| |9999907899|||0|1| |928.44|07-Nov-2022|1|1|A|10|0.0|185.71|0|4|185.71|185.71|0|0|0|0|0|0|0|0|0|0|0|0|0|||||07-Nov-2022|951.0|0|0||Z604|Z604|N|Z733|Y|Z608|Y|N1830|Y|R801|N|E1022|N|E1129|Y|Z653|Y|I4891|Y|T50905|Y|E1121|Y|E11319|Y|D4959|Y|D075|Y|E781|Y|E119|Y|E8881|Y|I10|N|Z952|N|I350|Y|R931|Y|I259|Y|E785|Y|E669|Y|F78A9|N|W86|W86|U| | | | | | | | | | | | | | | | | | | | | | |Z741|07-Nov-2022|Z9181|07-Nov-2022|Z139|07-Nov-2022|Z1331|07-Nov-2022|Z1331|07-Nov-2022|F1990|07-Nov-2022|F109|07-Nov-2022|||||||||||||||||||||||||||||||||||||0|0||6|450|99408|3.0|2022-11-08T00:00:00|hospital_C|hospital_C_20221107
SYN_BENE_D77F4A0928E6|SYN_CLM_AFCA49B330F5|V|60|07-Nov-2022|07-Nov-2022|11-Nov-2022||3|377673|1|1|1|| |928.44|0.0| ||37|1306950993| |9999907899| |9999907899|||0|1| |928.44|07-Nov-2022|1|1|A|10|0.0|185.71|0|4|185.71|185.71|0|0|0|0|0|0|0|0|0|0|0|0|0|||||07-Nov-2022|951.0|0|0||Z604|Z604|N|Z733|Y|Z608|Y|N1830|Y|R801|N|E1022|N|E1129|Y|Z653|Y|I4891|Y|T50905|Y|E1121|Y|E11319|Y|D4959|Y|D075|Y|E781|Y|E119|Y|E8881|Y|I10|N|Z952|N|I350|Y|R931|Y|I259|Y|E785|Y|E669|Y|F78A9|N|W86|W86|U| | | | | | | | | | | | | | | | | | | | | | |Z741|07-Nov-2022|Z9181|07-Nov-2022|Z139|07-Nov-2022|Z1331|07-Nov-2022|Z1331|07-Nov-2022|F1990|07-Nov-2022|F109|07-Nov-2022|||||||||||||||||||||||||||||||||||||0|0||7|450|G0442|3.0|2022-11-08T00:00:00|hospital_C|hospital_C_20221107
SYN_BENE_2A3E542110F7|SYN_CLM_4ABAC110E82E|V|60|07-Nov-2022|07-Nov-2022|11-Nov-2022||3|377673|1|1|1|| |928.44|0.0| ||37|1306950993| |9999907899| |9999907899|||0|1| |928.44|07-Nov-2022|1|1|A|10|0.0|185.71|0|4|185.71|185.71|0|0|0|0|0|0|0|0|0|0|0|0|0|||||07-Nov-2022|951.0|0|0||Z604|Z604|N|Z733|Y|Z608|Y|N1830|Y|R801|N|E1022|N|E1129|Y|Z653|Y|I4891|Y|T50905|Y|E1121|Y|E11319|Y|D4959|Y|D075|Y|E781|Y|E119|Y|E8881|Y|I10|N|Z952|N|I350|Y|R931|Y|I259|Y|E785|Y|E669|Y|F78A9|N|W86|W86|U| | | | | | | | | | | | | | | | | | | | | | |Z741|07-Nov-2022|Z9181|07-Nov-2022|Z139|07-Nov-2022|Z1331|07-Nov-2022|Z1331|07-Nov-2022|F1990|07-Nov-2022|F109|07-Nov-2022|||||||||||||||||||||||||||||||||||||0|0||1|450|96156|2.0|2022-11-08T00:00:00|hospital_C|hospital_C_20221107
SYN_BENE_2A3E542110F7|SYN_CLM_4ABAC110E82E|V|60|07-Nov-2022|07-Nov-2022|11-Nov-2022||3|377673|1|1|1|| |928.44|0.0| ||37|1306950993| |9999907899| |9999907899|||0|1| |928.44|07-Nov-2022|1|1|A|10|0.0|185.71|0|4|185.71|185.71|0|0|0|0|0|0|0|0|0|0|0|0|0|||||07-Nov-2022|951.0|0|0||Z604|Z604|N|Z733|Y|Z608|Y|N1830|Y|R801|N|E1022|N|E1129|Y|Z653|Y|I4891|Y|T50905|Y|E1121|Y|E11319|Y|D4959|Y|D075|Y|E781|Y|E119|Y|E8881|Y|I10|N|Z952|N|I350|Y|R931|Y|I259|Y|E785|Y|E669|Y|F78A9|N|W86|W86|U| | | | | | | | | | | | | | | | | | | | | | |Z741|07-Nov-2022|Z9181|07-Nov-2022|Z139|07-Nov-2022|Z1331|07-Nov-2022|Z1331|07-Nov-2022|F1990|07-Nov-2022|F109|07-Nov-2022|||||||||||||||||||||||||||||||||||||0|0||2|450|M1069|3.0|2022-11-08T00:00:00|hospital_C|hospital_C_20221107
SYN_BENE_2A3E542110F7|SYN_CLM_4ABAC110E82E|V|60|07-Nov-2022|07-Nov-2022|11-Nov-2022||3|377673|1|1|1|| |928.44|0.0| ||37|1306950993| |9999907899| |9999907899|||0|1| |928.44|07-Nov-2022|1|1|A|10|0.0|185.71|0|4|185.71|185.71|0|0|0|0|0|0|0|0|0|0|0|0|0|||||07-Nov-2022|951.0|0|0||Z604|Z604|N|Z733|Y|Z608|Y|N1830|Y|R801|N|E1022|N|E1129|Y|Z653|Y|I4891|Y|T50905|Y|E1121|Y|E11319|Y|D4959|Y|D075|Y|E781|Y|E119|Y|E8881|Y|I10|N|Z952|N|I350|Y|R931|Y|I259|Y|E785|Y|E669|Y|F78A9|N|W86|W86|U| | | | | | | | | | | | | | | | | | | | | | |Z741|07-Nov-2022|Z9181|07-Nov-2022|Z139|07-Nov-2022|Z1331|07-Nov-2022|Z1331|07-Nov-2022|F1990|07-Nov-2022|F109|07-Nov-2022|||||||||||||||||||||||||||||||||||||0|0||3|450|99401|3.0|2022-11-08T00:00:00|hospital_C|hospital_C_20221107
SYN_BENE_2A3E542110F7|SYN_CLM_4ABAC110E82E|V|60|07-Nov-2022|07-Nov-2022|11-Nov-2022||3|377673|1|1|1|| |928.44|0.0| ||37|1306950993| |9999907899| |9999907899|||0|1| |928.44|07-Nov-2022|1|1|A|10|0.0|185.71|0|4|185.71|185.71|0|0|0|0|0|0|0|0|0|0|0|0|0|||||07-Nov-2022|951.0|0|0||Z604|Z604|N|Z733|Y|Z608|Y|N1830|Y|R801|N|E1022|N|E1129|Y|Z653|Y|I4891|Y|T50905|Y|E1121|Y|E11319|Y|D4959|Y|D075|Y|E781|Y|E119|Y|E8881|Y|I10|N|Z952|N|I350|Y|R931|Y|I259|Y|E785|Y|E669|Y|F78A9|N|W86|W86|U| | | | | | | | | | | | | | | | | | | | | | |Z741|07-Nov-2022|Z9181|07-Nov-2022|Z139|07-Nov-2022|Z1331|07-Nov-2022|Z1331|07-Nov-2022|F1990|07-Nov-2022|F109|07-Nov-2022|||||||||||||||||||||||||||||||||||||0|0||4|450|G0444|3.0|2022-11-08T00:00:00|hospital_C|hospital_C_20221107
SYN_BENE_2A3E542110F7|SYN_CLM_4ABAC110E82E|V|60|07-Nov-2022|07-Nov-2022|11-Nov-2022||3|377673|1|1|1|| |928.44|0.0| ||37|1306950993| |9999907899| |9999907899|||0|1| |928.44|07-Nov-2022|1|1|A|10|0.0|185.71|0|4|185.71|185.71|0|0|0|0|0|0|0|0|0|0|0|0|0|||||07-Nov-2022|951.0|0|0||Z604|Z604|N|Z733|Y|Z608|Y|N1830|Y|R801|N|E1022|N|E1129|Y|Z653|Y|I4891|Y|T50905|Y|E1121|Y|E11319|Y|D4959|Y|D075|Y|E781|Y|E119|Y|E8881|Y|I10|N|Z952|N|I350|Y|R931|Y|I259|Y|E785|Y|E669|Y|F78A9|N|W86|W86|U| | | | | | | | | | | | | | | | | | | | | | |Z741|07-Nov-2022|Z9181|07-Nov-2022|Z139|07-Nov-2022|Z1331|07-Nov-2022|Z1331|07-Nov-2022|F1990|07-Nov-2022|F109|07-Nov-2022|||||||||||||||||||||||||||||||||||||0|0||5|450|G0444|3.0|2022-11-08T00:00:00|hospital_C|hospital_C_20221107
SYN_BENE_2A3E542110F7|SYN_CLM_4ABAC110E82E|V|60|07-Nov-2022|07-Nov-2022|11-Nov-2022||3|377673|1|1|1|| |928.44|0.0| ||37|1306950993| |9999907899| |9999907899|||0|1| |928.44|07-Nov-2022|1|1|A|10|0.0|185.71|0|4|185.71|185.71|0|0|0|0|0|0|0|0|0|0|0|0|0|||||07-Nov-2022|951.0|0|0||Z604|Z604|N|Z733|Y|Z608|Y|N1830|Y|R801|N|E1022|N|E1129|Y|Z653|Y|I4891|Y|T50905|Y|E1121|Y|E11319|Y|D4959|Y|D075|Y|E781|Y|E119|Y|E8881|Y|I10|N|Z952|N|I350|Y|R931|Y|I259|Y|E785|Y|E669|Y|F78A9|N|W86|W86|U| | | | | | | | | | | | | | | | | | | | | | |Z741|07-Nov-2022|Z9181|07-Nov-2022|Z139|07-Nov-2022|Z1331|07-Nov-2022|Z1331|07-Nov-2022|F1990|07-Nov-2022|F109|07-Nov-2022|||||||||||||||||||||||||||||||||||||0|0||6|450|99408|3.0|2022-11-08T00:00:00|hospital_C|hospital_C_20221107
SYN_BENE_2A3E542110F7|SYN_CLM_4ABAC110E82E|V|60|07-Nov-2022|07-Nov-2022|11-Nov-2022||3|377673|1|1|1|| |928.44|0.0| ||37|1306950993| |9999907899| |9999907899|||0|1| |928.44|07-Nov-2022|1|1|A|10|0.0|185.71|0|4|185.71|185.71|0|0|0|0|0|0|0|0|0|0|0|0|0|||||07-Nov-2022|951.0|0|0||Z604|Z604|N|Z733|Y|Z608|Y|N1830|Y|R801|N|E1022|N|E1129|Y|Z653|Y|I4891|Y|T50905|Y|E1121|Y|E11319|Y|D4959|Y|D075|Y|E781|Y|E119|Y|E8881|Y|I10|N|Z952|N|I350|Y|R931|Y|I259|Y|E785|Y|E669|Y|F78A9|N|W86|W86|U| | | | | | | | | | | | | | | | | | | | | | |Z741|07-Nov-2022|Z9181|07-Nov-2022|Z139|07-Nov-2022|Z1331|07-Nov-2022|Z1331|07-Nov-2022|F1990|07-Nov-2022|F109|07-Nov-2022|||||||||||||||||||||||||||||||||||||0|0||7|450|G0442|3.0|2022-11-08T00:00:00|hospital_C|hospital_C_20221107
SYN_BENE_4439F218B905|SYN_CLM_7F9BBAB6BC78|V|60|07-Nov-2022|07-Nov-2022|11-Nov-2022||3|377673|1|1|1|| |928.44|0.0| ||37|1306950993| |9999907899| |9999907899|||0|1| |928.44|07-Nov-2022|1|1|A|10|0.0|185.71|0|4|185.71|185.71|0|0|0|0|0|0|0|0|0|0|0|0|0|||||07-Nov-2022|951.0|0|0||Z604|Z604|N|Z733|Y|Z608|Y|N1830|Y|R801|N|E1022|N|E1129|Y|Z653|Y|I4891|Y|T50905|Y|E1121|Y|E11319|Y|D4959|Y|D075|Y|E781|Y|E119|Y|E8881|Y|I10|N|Z952|N|I350|Y|R931|Y|I259|Y|E785|Y|E669|Y|F78A9|N|W86|W86|U| | | | | | | | | | | | | | | | | | | | | | |Z741|07-Nov-2022|Z9181|07-Nov-2022|Z139|07-Nov-2022|Z1331|07-Nov-2022|Z1331|07-Nov-2022|F1990|07-Nov-2022|F109|07-Nov-2022|||||||||||||||||||||||||||||||||||||0|0||1|450|96156|2.0|2022-11-08T00:00:00|hospital_C|hospital_C_20221107
SYN_BENE_4439F218B905|SYN_CLM_7F9BBAB6BC78|V|60|07-Nov-2022|07-Nov-2022|11-Nov-2022||3|377673|1|1|1|| |928.44|0.0| ||37|1306950993| |9999907899| |9999907899|||0|1| |928.44|07-Nov-2022|1|1|A|10|0.0|185.71|0|4|185.71|185.71|0|0|0|0|0|0|0|0|0|0|0|0|0|||||07-Nov-2022|951.0|0|0||Z604|Z604|N|Z733|Y|Z608|Y|N1830|Y|R801|N|E1022|N|E1129|Y|Z653|Y|I4891|Y|T50905|Y|E1121|Y|E11319|Y|D4959|Y|D075|Y|E781|Y|E119|Y|E8881|Y|I10|N|Z952|N|I350|Y|R931|Y|I259|Y|E785|Y|E669|Y|F78A9|N|W86|W86|U| | | | | | | | | | | | | | | | | | | | | | |Z741|07-Nov-2022|Z9181|07-Nov-2022|Z139|07-Nov-2022|Z1331|07-Nov-2022|Z1331|07-Nov-2022|F1990|07-Nov-2022|F109|07-Nov-2022|||||||||||||||||||||||||||||||||||||0|0||2|450|M1069|3.0|2022-11-08T00:00:00|hospital_C|hospital_C_20221107
SYN_BENE_4439F218B905|SYN_CLM_7F9BBAB6BC78|V|60|07-Nov-2022|07-Nov-2022|11-Nov-2022||3|377673|1|1|1|| |928.44|0.0| ||37|1306950993| |9999907899| |9999907899|||0|1| |928.44|07-Nov-2022|1|1|A|10|0.0|185.71|0|4|185.71|185.71|0|0|0|0|0|0|0|0|0|0|0|0|0|||||07-Nov-2022|951.0|0|0||Z604|Z604|N|Z733|Y|Z608|Y|N1830|Y|R801|N|E1022|N|E1129|Y|Z653|Y|I4891|Y|T50905|Y|E1121|Y|E11319|Y|D4959|Y|D075|Y|E781|Y|E119|Y|E8881|Y|I10|N|Z952|N|I350|Y|R931|Y|I259|Y|E785|Y|E669|Y|F78A9|N|W86|W86|U| | | | | | | | | | | | | | | | | | | | | | |Z741|07-Nov-2022|Z9181|07-Nov-2022|Z139|07-Nov-2022|Z1331|07-Nov-2022|Z1331|07-Nov-2022|F1990|07-Nov-2022|F109|07-Nov-2022|||||||||||||||||||||||||||||||||||||0|0||3|450|99401|3.0|2022-11-08T00:00:00|hospital_C|hospital_C_20221107
SYN_BENE_4439F218B905|SYN_CLM_7F9BBAB6BC78|V|60|07-Nov-2022|07-Nov-2022|11-Nov-2022||3|377673|1|1|1|| |928.44|0.0| ||37|1306950993| |9999907899| |9999907899|||0|1| |928.44|07-Nov-2022|1|1|A|10|0.0|185.71|0|4|185.71|185.71|0|0|0|0|0|0|0|0|0|0|0|0|0|||||07-Nov-2022|951.0|0|0||Z604|Z604|N|Z733|Y|Z608|Y|N1830|Y|R801|N|E1022|N|E1129|Y|Z653|Y|I4891|Y|T50905|Y|E1121|Y|E11319|Y|D4959|Y|D075|Y|E781|Y|E119|Y|E8881|Y|I10|N|Z952|N|I350|Y|R931|Y|I259|Y|E785|Y|E669|Y|F78A9|N|W86|W86|U| | | | | | | | | | | | | | | | | | | | | | |Z741|07-Nov-2022|Z9181|07-Nov-2022|Z139|07-Nov-2022|Z1331|07-Nov-2022|Z1331|07-Nov-2022|F1990|07-Nov-2022|F109|07-Nov-2022|||||||||||||||||||||||||||||||||||||0|0||4|450|G0444|3.0|2022-11-08T00:00:00|hospital_C|hospital_C_20221107
SYN_BENE_4439F218B905|SYN_CLM_7F9BBAB6BC78|V|60|07-Nov-2022|07-Nov-2022|11-Nov-2022||3|377673|1|1|1|| |928.44|0.0| ||37|1306950993| |9999907899| |9999907899|||0|1| |928.44|07-Nov-2022|1|1|A|10|0.0|185.71|0|4|185.71|185.71|0|0|0|0|0|0|0|0|0|0|0|0|0|||||07-Nov-2022|951.0|0|0||Z604|Z604|N|Z733|Y|Z608|Y|N1830|Y|R801|N|E1022|N|E1129|Y|Z653|Y|I4891|Y|T50905|Y|E1121|Y|E11319|Y|D4959|Y|D075|Y|E781|Y|E119|Y|E8881|Y|I10|N|Z952|N|I350|Y|R931|Y|I259|Y|E785|Y|E669|Y|F78A9|N|W86|W86|U| | | | | | | | | | | | | | | | | | | | | | |Z741|07-Nov-2022|Z9181|07-Nov-2022|Z139|07-Nov-2022|Z1331|07-Nov-2022|Z1331|07-Nov-2022|F1990|07-Nov-2022|F109|07-Nov-2022|||||||||||||||||||||||||||||||||||||0|0||5|450|G0444|3.0|2022-11-08T00:00:00|hospital_C|hospital_C_20221107
SYN_BENE_4439F218B905|SYN_CLM_7F9BBAB6BC78|V|60|07-Nov-2022|07-Nov-2022|11-Nov-2022||3|377673|1|1|1|| |928.44|0.0| ||37|1306950993| |9999907899| |9999907899|||0|1| |928.44|07-Nov-2022|1|1|A|10|0.0|185.71|0|4|185.71|185.71|0|0|0|0|0|0|0|0|0|0|0|0|0|||||07-Nov-2022|951.0|0|0||Z604|Z604|N|Z733|Y|Z608|Y|N1830|Y|R801|N|E1022|N|E1129|Y|Z653|Y|I4891|Y|T50905|Y|E1121|Y|E11319|Y|D4959|Y|D075|Y|E781|Y|E119|Y|E8881|Y|I10|N|Z952|N|I350|Y|R931|Y|I259|Y|E785|Y|E669|Y|F78A9|N|W86|W86|U| | | | | | | | | | | | | | | | | | | | | | |Z741|07-Nov-2022|Z9181|07-Nov-2022|Z139|07-Nov-2022|Z1331|07-Nov-2022|Z1331|07-Nov-2022|F1990|07-Nov-2022|F109|07-Nov-2022|||||||||||||||||||||||||||||||||||||0|0||6|450|99408|3.0|2022-11-08T00:00:00|hospital_C|hospital_C_20221107
SYN_BENE_4439F218B905|SYN_CLM_7F9BBAB6BC78|V|60|07-Nov-2022|07-Nov-2022|11-Nov-2022||3|377673|1|1|1|| |928.44|0.0| ||37|1306950993| |9999907899| |9999907899|||0|1| |928.44|07-Nov-2022|1|1|A|10|0.0|185.71|0|4|185.71|185.71|0|0|0|0|0|0|0|0|0|0|0|0|0|||||07-Nov-2022|951.0|0|0||Z604|Z604|N|Z733|Y|Z608|Y|N1830|Y|R801|N|E1022|N|E1129|Y|Z653|Y|I4891|Y|T50905|Y|E1121|Y|E11319|Y|D4959|Y|D075|Y|E781|Y|E119|Y|E8881|Y|I10|N|Z952|N|I350|Y|R931|Y|I259|Y|E785|Y|E669|Y|F78A9|N|W86|W86|U| | | | | | | | | | | | | | | | | | | | | | |Z741|07-Nov-2022|Z9181|07-Nov-2022|Z139|07-Nov-2022|Z1331|07-Nov-2022|Z1331|07-Nov-2022|F1990|07-Nov-2022|F109|07-Nov-2022|||||||||||||||||||||||||||||||||||||0|0||7|450|G0442|3.0|2022-11-08T00:00:00|hospital_C|hospital_C_20221107
SYN_BENE_F3E913A1FE9E|SYN_CLM_AD0143277451|V|60|07-Nov-2022|07-Nov-2022|11-Nov-2022||3|377673|1|1|1|| |928.44|0.0| ||37|1306950993| |9999907899| |9999907899|||0|1| |928.44|07-Nov-2022|1|1|A|10|0.0|185.71|0|4|185.71|185.71|0|0|0|0|0|0|0|0|0|0|0|0|0|||||07-Nov-2022|951.0|0|0||Z604|Z604|N|Z733|Y|Z608|Y|N1830|Y|R801|N|E1022|N|E1129|Y|Z653|Y|I4891|Y|T50905|Y|E1121|Y|E11319|Y|D4959|Y|D075|Y|E781|Y|E119|Y|E8881|Y|I10|N|Z952|N|I350|Y|R931|Y|I259|Y|E785|Y|E669|Y|F78A9|N|W86|W86|U| | | | | | | | | | | | | | | | | | | | | | |Z741|07-Nov-2022|Z9181|07-Nov-2022|Z139|07-Nov-2022|Z1331|07-Nov-2022|Z1331|07-Nov-2022|F1990|07-Nov-2022|F109|07-Nov-2022|||||||||||||||||||||||||||||||||||||0|0||1|450|96156|2.0|2022-11-08T00:00:00|hospital_C|hospital_C_20221107
SYN_BENE_F3E913A1FE9E|SYN_CLM_AD0143277451|V|60|07-Nov-2022|07-Nov-2022|11-Nov-2022||3|377673|1|1|1|| |928.44|0.0| ||37|1306950993| |9999907899| |9999907899|||0|1| |928.44|07-Nov-2022|1|1|A|10|0.0|185.71|0|4|185.71|185.71|0|0|0|0|0|0|0|0|0|0|0|0|0|||||07-Nov-2022|951.0|0|0||Z604|Z604|N|Z733|Y|Z608|Y|N1830|Y|R801|N|E1022|N|E1129|Y|Z653|Y|I4891|Y|T50905|Y|E1121|Y|E11319|Y|D4959|Y|D075|Y|E781|Y|E119|Y|E8881|Y|I10|N|Z952|N|I350|Y|R931|Y|I259|Y|E785|Y|E669|Y|F78A9|N|W86|W86|U| | | | | | | | | | | | | | | | | | | | | | |Z741|07-Nov-2022|Z9181|07-Nov-2022|Z139|07-Nov-2022|Z1331|07-Nov-2022|Z1331|07-Nov-2022|F1990|07-Nov-2022|F109|07-Nov-2022|||||||||||||||||||||||||||||||||||||0|0||2|450|M1069|3.0|2022-11-08T00:00:00|hospital_C|hospital_C_20221107
SYN_BENE_F3E913A1FE9E|SYN_CLM_AD0143277451|V|60|07-Nov-2022|07-Nov-2022|11-Nov-2022||3|377673|1|1|1|| |928.44|0.0| ||37|1306950993| |9999907899| |9999907899|||0|1| |928.44|07-Nov-2022|1|1|A|10|0.0|185.71|0|4|185.71|185.71|0|0|0|0|0|0|0|0|0|0|0|0|0|||||07-Nov-2022|951.0|0|0||Z604|Z604|N|Z733|Y|Z608|Y|N1830|Y|R801|N|E1022|N|E1129|Y|Z653|Y|I4891|Y|T50905|Y|E1121|Y|E11319|Y|D4959|Y|D075|Y|E781|Y|E119|Y|E8881|Y|I10|N|Z952|N|I350|Y|R931|Y|I259|Y|E785|Y|E669|Y|F78A9|N|W86|W86|U| | | | | | | | | | | | | | | | | | | | | | |Z741|07-Nov-2022|Z9181|07-Nov-2022|Z139|07-Nov-2022|Z1331|07-Nov-2022|Z1331|07-Nov-2022|F1990|07-Nov-2022|F109|07-Nov-2022|||||||||||||||||||||||||||||||||||||0|0||3|450|99401|3.0|2022-11-08T00:00:00|hospital_C|hospital_C_20221107
SYN_BENE_F3E913A1FE9E|SYN_CLM_AD0143277451|V|60|07-Nov-2022|07-Nov-2022|11-Nov-2022||3|377673|1|1|1|| |928.44|0.0| ||37|1306950993| |9999907899| |9999907899|||0|1| |928.44|07-Nov-2022|1|1|A|10|0.0|185.71|0|4|185.71|185.71|0|0|0|0|0|0|0|0|0|0|0|0|0|||||07-Nov-2022|951.0|0|0||Z604|Z604|N|Z733|Y|Z608|Y|N1830|Y|R801|N|E1022|N|E1129|Y|Z653|Y|I4891|Y|T50905|Y|E1121|Y|E11319|Y|D4959|Y|D075|Y|E781|Y|E119|Y|E8881|Y|I10|N|Z952|N|I350|Y|R931|Y|I259|Y|E785|Y|E669|Y|F78A9|N|W86|W86|U| | | | | | | | | | | | | | | | | | | | | | |Z741|07-Nov-2022|Z9181|07-Nov-2022|Z139|07-Nov-2022|Z1331|07-Nov-2022|Z1331|07-Nov-2022|F1990|07-Nov-2022|F109|07-Nov-2022|||||||||||||||||||||||||||||||||||||0|0||4|450|G0444|3.0|2022-11-08T00:00:00|hospital_C|hospital_C_20221107
SYN_BENE_F3E913A1FE9E|SYN_CLM_AD0143277451|V|60|07-Nov-2022|07-Nov-2022|11-Nov-2022||3|377673|1|1|1|| |928.44|0.0| ||37|1306950993| |9999907899| |9999907899|||0|1| |928.44|07-Nov-2022|1|1|A|10|0.0|185.71|0|4|185.71|185.71|0|0|0|0|0|0|0|0|0|0|0|0|0|||||07-Nov-2022|951.0|0|0||Z604|Z604|N|Z733|Y|Z608|Y|N1830|Y|R801|N|E1022|N|E1129|Y|Z653|Y|I4891|Y|T50905|Y|E1121|Y|E11319|Y|D4959|Y|D075|Y|E781|Y|E119|Y|E8881|Y|I10|N|Z952|N|I350|Y|R931|Y|I259|Y|E785|Y|E669|Y|F78A9|N|W86|W86|U| | | | | | | | | | | | | | | | | | | | | | |Z741|07-Nov-2022|Z9181|07-Nov-2022|Z139|07-Nov-2022|Z1331|07-Nov-2022|Z1331|07-Nov-2022|F1990|07-Nov-2022|F109|07-Nov-2022|||||||||||||||||||||||||||||||||||||0|0||5|450|G0444|3.0|2022-11-08T00:00:00|hospital_C|hospital_C_20221107
SYN_BENE_F3E913A1FE9E|SYN_CLM_AD0143277451|V|60|07-Nov-2022|07-Nov-2022|11-Nov-2022||3|377673|1|1|1|| |928.44|0.0| ||37|1306950993| |9999907899| |9999907899|||0|1| |928.44|07-Nov-2022|1|1|A|10|0.0|185.71|0|4|185.71|185.71|0|0|0|0|0|0|0|0|0|0|0|0|0|||||07-Nov-2022|951.0|0|0||Z604|Z604|N|Z733|Y|Z608|Y|N1830|Y|R801|N|E1022|N|E1129|Y|Z653|Y|I4891|Y|T50905|Y|E1121|Y|E11319|Y|D4959|Y|D075|Y|E781|Y|E119|Y|E8881|Y|I10|N|Z952|N|I350|Y|R931|Y|I259|Y|E785|Y|E669|Y|F78A9|N|W86|W86|U| | | | | | | | | | | | | | | | | | | | | | |Z741|07-Nov-2022|Z9181|07-Nov-2022|Z139|07-Nov-2022|Z1331|07-Nov-2022|Z1331|07-Nov-2022|F1990|07-Nov-2022|F109|07-Nov-2022|||||||||||||||||||||||||||||||||||||0|0||6|450|99408|3.0|2022-11-08T00:00:00|hospital_C|hospital_C_20221107
SYN_BENE_F3E913A1FE9E|SYN_CLM_AD0143277451|V|60|07-Nov-2022|07-Nov-2022|11-Nov-2022||3|377673|1|1|1|| |928.44|0.0| ||37|1306950993| |9999907899| |9999907899|||0|1| |928.44|07-Nov-2022|1|1|A|10|0.0|185.71|0|4|185.71|185.71|0|0|0|0|0|0|0|0|0|0|0|0|0|||||07-Nov-2022|951.0|0|0||Z604|Z604|N|Z733|Y|Z608|Y|N1830|Y|R801|N|E1022|N|E1129|Y|Z653|Y|I4891|Y|T50905|Y|E1121|Y|E11319|Y|D4959|Y|D075|Y|E781|Y|E119|Y|E8881|Y|I10|N|Z952|N|I350|Y|R931|Y|I259|Y|E785|Y|E669|Y|F78A9|N|W86|W86|U| | | | | | | | | | | | | | | | | | | | | | |Z741|07-Nov-2022|Z9181|07-Nov-2022|Z139|07-Nov-2022|Z1331|07-Nov-2022|Z1331|07-Nov-2022|F1990|07-Nov-2022|F109|07-Nov-2022|||||||||||||||||||||||||||||||||||||0|0||7|450|G0442|3.0|2022-11-08T00:00:00|hospital_C|hospital_C_20221107
