BENE_ID|CLM_ID|NCH_NEAR_LINE_REC_IDENT_CD|NCH_CLM_TYPE_CD|CLM_FROM_DT|CLM_THRU_DT|NCH_WKLY_PROC_DT|FI_CLM_PROC_DT|CLAIM_QUERY_CODE|PRVDR_NUM|CLM_FAC_TYPE_CD|CLM_SRVC_CLSFCTN_TYPE_CD|CLM_FREQ_CD|FI_NUM|CLM_MDCR_NON_PMT_RSN_CD|CLM_PMT_AMT|NCH_PRMRY_PYR_CLM_PD_AMT|NCH_PRMRY_PYR_CD|FI_CLM_ACTN_CD|PRVDR_STATE_CD|ORG_NPI_NUM|AT_PHYSN_UPIN|AT_PHYSN_NPI|OP_PHYSN_UPIN|OP_PHYSN_NPI|OT_PHYSN_UPIN|OT_PHYSN_NPI|CLM_MCO_PD_SW|PTNT_DSCHRG_STUS_CD|CLM_PPS_IND_CD|CLM_TOT_CHRG_AMT|CLM_ADMSN_DT|CLM_IP_ADMSN_TYPE_CD|CLM_SRC_IP_ADMSN_CD|NCH_PTNT_STATUS_IND_CD|CLM_PASS_THRU_PER_DIEM_AMT|NCH_BENE_IP_DDCTBL_AMT|NCH_BENE_PTA_COINSRNC_LBLTY_AM|NCH_BENE_BLOOD_DDCTBL_LBLTY_AM|NCH_PROFNL_CMPNT_CHRG_AMT|NCH_IP_NCVRD_CHRG_AMT|NCH_IP_TOT_DDCTN_AMT|CLM_TOT_PPS_CPTL_AMT|CLM_PPS_CPTL_FSP_AMT|CLM_PPS_CPTL_OUTLIER_AMT|CLM_PPS_CPTL_DSPRPRTNT_SHR_AMT|CLM_PPS_CPTL_IME_AMT|CLM_PPS_CPTL_EXCPTN_AMT|CLM_PPS_OLD_CPTL_HLD_HRMLS_AMT|CLM_PPS_CPTL_DRG_WT_NUM|CLM_UTLZTN_DAY_CNT|BENE_TOT_COINSRNC_DAYS_CNT|BENE_LRD_USED_CNT|CLM_NON_UTLZTN_DAYS_CNT|NCH_BLOOD_PNTS_FRNSHD_QTY|NCH_VRFD_NCVRD_STAY_FROM_DT|NCH_VRFD_NCVRD_STAY_THRU_DT|NCH_ACTV_OR_CVRD_LVL_CARE_THRU|NCH_BENE_MDCR_BNFTS_EXHTD_DT_I|NCH_BENE_DSCHRG_DT|CLM_DRG_CD|CLM_DRG_OUTLIER_STAY_CD|NCH_DRG_OUTLIER_APRVD_PMT_AMT|ADMTG_DGNS_CD|PRNCPAL_DGNS_CD|ICD_DGNS_CD1|CLM_POA_IND_SW1|ICD_DGNS_CD2|CLM_POA_IND_SW2|ICD_DGNS_CD3|CLM_POA_IND_SW3|ICD_DGNS_CD4|CLM_POA_IND_SW4|ICD_DGNS_CD5|CLM_POA_IND_SW5|ICD_DGNS_CD6|CLM_POA_IND_SW6|ICD_DGNS_CD7|CLM_POA_IND_SW7|ICD_DGNS_CD8|CLM_POA_IND_SW8|ICD_DGNS_CD9|CLM_POA_IND_SW9|ICD_DGNS_CD10|CLM_POA_IND_SW10|ICD_DGNS_CD11|CLM_POA_IND_SW11|ICD_DGNS_CD12|CLM_POA_IND_SW12|ICD_DGNS_CD13|CLM_POA_IND_SW13|ICD_DGNS_CD14|CLM_POA_IND_SW14|ICD_DGNS_CD15|CLM_POA_IND_SW15|ICD_DGNS_CD16|CLM_POA_IND_SW16|ICD_DGNS_CD17|CLM_POA_IND_SW17|ICD_DGNS_CD18|CLM_POA_IND_SW18|ICD_DGNS_CD19|CLM_POA_IND_SW19|ICD_DGNS_CD20|CLM_POA_IND_SW20|ICD_DGNS_CD21|CLM_POA_IND_SW21|ICD_DGNS_CD22|CLM_POA_IND_SW22|ICD_DGNS_CD23|CLM_POA_IND_SW23|ICD_DGNS_CD24|CLM_POA_IND_SW24|ICD_DGNS_CD25|CLM_POA_IND_SW25|FST_DGNS_E_CD|ICD_DGNS_E_CD1|CLM_E_POA_IND_SW1|ICD_DGNS_E_CD2|CLM_E_POA_IND_SW2|ICD_DGNS_E_CD3|CLM_E_POA_IND_SW3|ICD_DGNS_E_CD4|CLM_E_POA_IND_SW4|ICD_DGNS_E_CD5|CLM_E_POA_IND_SW5|ICD_DGNS_E_CD6|CLM_E_POA_IND_SW6|ICD_DGNS_E_CD7|CLM_E_POA_IND_SW7|ICD_DGNS_E_CD8|CLM_E_POA_IND_SW8|ICD_DGNS_E_CD9|CLM_E_POA_IND_SW9|ICD_DGNS_E_CD10|CLM_E_POA_IND_SW10|ICD_DGNS_E_CD11|CLM_E_POA_IND_SW11|ICD_DGNS_E_CD12|CLM_E_POA_IND_SW12|ICD_PRCDR_CD1|PRCDR_DT1|ICD_PRCDR_CD2|PRCDR_DT2|ICD_PRCDR_CD3|PRCDR_DT3|ICD_PRCDR_CD4|PRCDR_DT4|ICD_PRCDR_CD5|PRCDR_DT5|ICD_PRCDR_CD6|PRCDR_DT6|ICD_PRCDR_CD7|PRCDR_DT7|ICD_PRCDR_CD8|PRCDR_DT8|ICD_PRCDR_CD9|PRCDR_DT9|ICD_PRCDR_CD10|PRCDR_DT10|ICD_PRCDR_CD11|PRCDR_DT11|ICD_PRCDR_CD12|PRCDR_DT12|ICD_PRCDR_CD13|PRCDR_DT13|ICD_PRCDR_CD14|PRCDR_DT14|ICD_PRCDR_CD15|PRCDR_DT15|ICD_PRCDR_CD16|PRCDR_DT16|ICD_PRCDR_CD17|PRCDR_DT17|ICD_PRCDR_CD18|PRCDR_DT18|ICD_PRCDR_CD19|PRCDR_DT19|ICD_PRCDR_CD20|PRCDR_DT20|ICD_PRCDR_CD21|PRCDR_DT21|ICD_PRCDR_CD22|PRCDR_DT22|ICD_PRCDR_CD23|PRCDR_DT23|ICD_PRCDR_CD24|PRCDR_DT24|ICD_PRCDR_CD25|PRCDR_DT25|IME_OP_CLM_VAL_AMT|DSH_OP_CLM_VAL_AMT|CLM_UNCOMPD_CARE_PMT_AMT|CLM_LINE_NUM|REV_CNTR|HCPCS_CD|REV_CNTR_DDCTBL_COINSRNC_CD|ingestion_timestamp|hospital_id|batch_id
-10000010282387|-10000931260622|V|60|17-Aug-2021|17-Aug-2021|20-Aug-2021||3|491581|1|1|1|| |1677.79|0.0| ||49|1063523132| |9999868992| |9999868992|||0|1| |1677.79|17-Aug-2021|1|5|A|10|0.0|335.56|0|4|0.0|0.0|0|0|0|0|0|0|0|0|0|0|0|0|0|||||17-Aug-2021|951.0|0|0||Z733|Z733|N|Z604|N|G309|Y|Z653|Y|N1830|Y|R801|Y|E1122|Y|E1129|N|G43719|Y|E785|Y|N181|Y|E1121|Y|E781|Y|R931|Y|E119|Y|I259|Y|E8881|Y|E669|Y|R7303|Y|D649|Y|P292|Y|Z560|Y|R4689|Y|||||||| | | | | | | | | | | | | | | | | | | | | | |GZ3|17-Aug-2021|Z741|17-Aug-2021|F419|17-Aug-2021|Z9181|17-Aug-2021|Z1331|17-Aug-2021|Z1331|17-Aug-2021|||||||||||||||||||||||||||||||||||||||0|0||1|450|99495|3.0|2021-08-18T00:00:00|hospital_B|hospital_B_20210817
-10000010282387|-10000931260622|V|60|17-Aug-2021|17-Aug-2021|20-Aug-2021||3|491581|1|1|1|| |1677.79|0.0| ||49|1063523132| |9999868992| |9999868992|||0|1| |1677.79|17-Aug-2021|1|5|A|10|0.0|335.56|0|4|0.0|0.0|0|0|0|0|0|0|0|0|0|0|0|0|0|||||17-Aug-2021|951.0|0|0||Z733|Z733|N|Z604|N|G309|Y|Z653|Y|N1830|Y|R801|Y|E1122|Y|E1129|N|G43719|Y|E785|Y|N181|Y|E1121|Y|E781|Y|R931|Y|E119|Y|I259|Y|E8881|Y|E669|Y|R7303|Y|D649|Y|P292|Y|Z560|Y|R4689|Y|||||||| | | | | | | | | | | | | | | | | | | | | | |GZ3|17-Aug-2021|Z741|17-Aug-2021|F419|17-Aug-2021|Z9181|17-Aug-2021|Z1331|17-Aug-2021|Z1331|17-Aug-2021|||||||||||||||||||||||||||||||||||||||0|0||2|450|96156|3.0|2021-08-18T00:00:00|hospital_B|hospital_B_20210817
-10000010282387|-10000931260622|V|60|17-Aug-2021|17-Aug-2021|20-Aug-2021||3|491581|1|1|1|| |1677.79|0.0| ||49|1063523132| |9999868992| |9999868992|||0|1| |1677.79|17-Aug-2021|1|5|A|10|0.0|335.56|0|4|0.0|0.0|0|0|0|0|0|0|0|0|0|0|0|0|0|||||17-Aug-2021|951.0|0|0||Z733|Z733|N|Z604|N|G309|Y|Z653|Y|N1830|Y|R801|Y|E1122|Y|E1129|N|G43719|Y|E785|Y|N181|Y|E1121|Y|E781|Y|R931|Y|E119|Y|I259|Y|E8881|Y|E669|Y|R7303|Y|D649|Y|P292|Y|Z560|Y|R4689|Y|||||||| | | | | | | | | | | | | | | | | | | | | | |GZ3|17-Aug-2021|Z741|17-Aug-2021|F419|17-Aug-2021|Z9181|17-Aug-2021|Z1331|17-Aug-2021|Z1331|17-Aug-2021|||||||||||||||||||||||||||||||||||||||0|0||3|450|96127|3.0|2021-08-18T00:00:00|hospital_B|hospital_B_20210817
-10000010282387|-10000931260622|V|60|17-Aug-2021|17-Aug-2021|20-Aug-2021||3|491581|1|1|1|| |1677.79|0.0| ||49|1063523132| |9999868992| |9999868992|||0|1| |1677.79|17-Aug-2021|1|5|A|10|0.0|335.56|0|4|0.0|0.0|0|0|0|0|0|0|0|0|0|0|0|0|0|||||17-Aug-2021|951.0|0|0||Z733|Z733|N|Z604|N|G309|Y|Z653|Y|N1830|Y|R801|Y|E1122|Y|E1129|N|G43719|Y|E785|Y|N181|Y|E1121|Y|E781|Y|R931|Y|E119|Y|I259|Y|E8881|Y|E669|Y|R7303|Y|D649|Y|P292|Y|Z560|Y|R4689|Y|||||||| | | | | | | | | | | | | | | | | | | | | | |GZ3|17-Aug-2021|Z741|17-Aug-2021|F419|17-Aug-2021|Z9181|17-Aug-2021|Z1331|17-Aug-2021|Z1331|17-Aug-2021|||||||||||||||||||||||||||||||||||||||0|0||4|450|M1069|3.0|2021-08-18T00:00:00|hospital_B|hospital_B_20210817
-10000010282387|-10000931260622|V|60|17-Aug-2021|17-Aug-2021|20-Aug-2021||3|491581|1|1|1|| |1677.79|0.0| ||49|1063523132| |9999868992| |9999868992|||0|1| |1677.79|17-Aug-2021|1|5|A|10|0.0|335.56|0|4|0.0|0.0|0|0|0|0|0|0|0|0|0|0|0|0|0|||||17-Aug-2021|951.0|0|0||Z733|Z733|N|Z604|N|G309|Y|Z653|Y|N1830|Y|R801|Y|E1122|Y|E1129|N|G43719|Y|E785|Y|N181|Y|E1121|Y|E781|Y|R931|Y|E119|Y|I259|Y|E8881|Y|E669|Y|R7303|Y|D649|Y|P292|Y|Z560|Y|R4689|Y|||||||| | | | | | | | | | | | | | | | | | | | | | |GZ3|17-Aug-2021|Z741|17-Aug-2021|F419|17-Aug-2021|Z9181|17-Aug-2021|Z1331|17-Aug-2021|Z1331|17-Aug-2021|||||||||||||||||||||||||||||||||||||||0|0||5|450|G0444|3.0|2021-08-18T00:00:00|hospital_B|hospital_B_20210817
-10000010282387|-10000931260622|V|60|17-Aug-2021|17-Aug-2021|20-Aug-2021||3|491581|1|1|1|| |1677.79|0.0| ||49|1063523132| |9999868992| |9999868992|||0|1| |1677.79|17-Aug-2021|1|5|A|10|0.0|335.56|0|4|0.0|0.0|0|0|0|0|0|0|0|0|0|0|0|0|0|||||17-Aug-2021|951.0|0|0||Z733|Z733|N|Z604|N|G309|Y|Z653|Y|N1830|Y|R801|Y|E1122|Y|E1129|N|G43719|Y|E785|Y|N181|Y|E1121|Y|E781|Y|R931|Y|E119|Y|I259|Y|E8881|Y|E669|Y|R7303|Y|D649|Y|P292|Y|Z560|Y|R4689|Y|||||||| | | | | | | | | | | | | | | | | | | | | | |GZ3|17-Aug-2021|Z741|17-Aug-2021|F419|17-Aug-2021|Z9181|17-Aug-2021|Z1331|17-Aug-2021|Z1331|17-Aug-2021|||||||||||||||||||||||||||||||||||||||0|0||6|450|G0444|3.0|2021-08-18T00:00:00|hospital_B|hospital_B_20210817
SYN_BENE_F0409D8C3423|SYN_CLM_82C34F3BCB13|V|60|17-Aug-2021|17-Aug-2021|20-Aug-2021||3|491581|1|1|1|| |1677.79|0.0| ||49|1063523132| |9999868992| |9999868992|||0|1| |1677.79|17-Aug-2021|1|5|A|10|0.0|335.56|0|4|0.0|0.0|0|0|0|0|0|0|0|0|0|0|0|0|0|||||17-Aug-2021|951.0|0|0||Z733|Z733|N|Z604|N|G309|Y|Z653|Y|N1830|Y|R801|Y|E1122|Y|E1129|N|G43719|Y|E785|Y|N181|Y|E1121|Y|E781|Y|R931|Y|E119|Y|I259|Y|E8881|Y|E669|Y|R7303|Y|D649|Y|P292|Y|Z560|Y|R4689|Y|||||||| | | | | | | | | | | | | | | | | | | | | | |GZ3|17-Aug-2021|Z741|17-Aug-2021|F419|17-Aug-2021|Z9181|17-Aug-2021|Z1331|17-Aug-2021|Z1331|17-Aug-2021|||||||||||||||||||||||||||||||||||||||0|0||1|450|99495|3.0|2021-08-18T00:00:00|hospital_B|hospital_B_20210817
SYN_BENE_F0409D8C3423|SYN_CLM_82C34F3BCB13|V|60|17-Aug-2021|17-Aug-2021|20-Aug-2021||3|491581|1|1|1|| |1677.79|0.0| ||49|1063523132| |9999868992| |9999868992|||0|1| |1677.79|17-Aug-2021|1|5|A|10|0.0|335.56|0|4|0.0|0.0|0|0|0|0|0|0|0|0|0|0|0|0|0|||||17-Aug-2021|951.0|0|0||Z733|Z733|N|Z604|N|G309|Y|Z653|Y|N1830|Y|R801|Y|E1122|Y|E1129|N|G43719|Y|E785|Y|N181|Y|E1121|Y|E781|Y|R931|Y|E119|Y|I259|Y|E8881|Y|E669|Y|R7303|Y|D649|Y|P292|Y|Z560|Y|R4689|Y|||||||| | | | | | | | | | | | | | | | | | | | | | |GZ3|17-Aug-2021|Z741|17-Aug-2021|F419|17-Aug-2021|Z9181|17-Aug-2021|Z1331|17-Aug-2021|Z1331|17-Aug-2021|||||||||||||||||||||||||||||||||||||||0|0||2|450|96156|3.0|2021-08-18T00:00:00|hospital_B|hospital_B_20210817
SYN_BENE_F0409D8C3423|SYN_CLM_82C34F3BCB13|V|60|17-Aug-2021|17-Aug-2021|20-Aug-2021||3|491581|1|1|1|| |1677.79|0.0| ||49|1063523132| |9999868992| |9999868992|||0|1| |1677.79|17-Aug-2021|1|5|A|10|0.0|335.56|0|4|0.0|0.0|0|0|0|0|0|0|0|0|0|0|0|0|0|||||17-Aug-2021|951.0|0|0||Z733|Z733|N|Z604|N|G309|Y|Z653|Y|N1830|Y|R801|Y|E1122|Y|E1129|N|G43719|Y|E785|Y|N181|Y|E1121|Y|E781|Y|R931|Y|E119|Y|I259|Y|E8881|Y|E669|Y|R7303|Y|D649|Y|P292|Y|Z560|Y|R4689|Y|||||||| | | | | | | | | | | | | | | | | | | | | | |GZ3|17-Aug-2021|Z741|17-Aug-2021|F419|17-Aug-2021|Z9181|17-Aug-2021|Z1331|17-Aug-2021|Z1331|17-Aug-2021|||||||||||||||||||||||||||||||||||||||0|0||3|450|96127|3.0|2021-08-18T00:00:00|hospital_B|hospital_B_20210817
SYN_BENE_F0409D8C3423|SYN_CLM_82C34F3BCB13|V|60|17-Aug-2021|17-Aug-2021|20-Aug-2021||3|491581|1|1|1|| |1677.79|0.0| ||49|1063523132| |9999868992| |9999868992|||0|1| |1677.79|17-Aug-2021|1|5|A|10|0.0|335.56|0|4|0.0|0.0|0|0|0|0|0|0|0|0|0|0|0|0|0|||||17-Aug-2021|951.0|0|0||Z733|Z733|N|Z604|N|G309|Y|Z653|Y|N1830|Y|R801|Y|E1122|Y|E1129|N|G43719|Y|E785|Y|N181|Y|E1121|Y|E781|Y|R931|Y|E119|Y|I259|Y|E8881|Y|E669|Y|R7303|Y|D649|Y|P292|Y|Z560|Y|R4689|Y|||||||| | | | | | | | | | | | | | | | | | | | | | |GZ3|17-Aug-2021|Z741|17-Aug-2021|F419|17-Aug-2021|Z9181|17-Aug-2021|Z1331|17-Aug-2021|Z1331|17-Aug-2021|||||||||||||||||||||||||||||||||||||||0|0||4|450|M1069|3.0|2021-08-18T00:00:00|hospital_B|hospital_B_20210817
SYN_BENE_F0409D8C3423|SYN_CLM_82C34F3BCB13|V|60|17-Aug-2021|17-Aug-2021|20-Aug-2021||3|491581|1|1|1|| |1677.79|0.0| ||49|1063523132| |9999868992| |9999868992|||0|1| |1677.79|17-Aug-2021|1|5|A|10|0.0|335.56|0|4|0.0|0.0|0|0|0|0|0|0|0|0|0|0|0|0|0|||||17-Aug-2021|951.0|0|0||Z733|Z733|N|Z604|N|G309|Y|Z653|Y|N1830|Y|R801|Y|E1122|Y|E1129|N|G43719|Y|E785|Y|N181|Y|E1121|Y|E781|Y|R931|Y|E119|Y|I259|Y|E8881|Y|E669|Y|R7303|Y|D649|Y|P292|Y|Z560|Y|R4689|Y|||||||| | | | | | | | | | | | | | | | | | | | | | |GZ3|17-Aug-2021|Z741|17-Aug-2021|F419|17-Aug-2021|Z9181|17-Aug-2021|Z1331|17-Aug-2021|Z1331|17-Aug-2021|||||||||||||||||||||||||||||||||||||||0|0||5|450|G0444|3.0|2021-08-18T00:00:00|hospital_B|hospital_B_20210817
SYN_BENE_F0409D8C3423|SYN_CLM_82C34F3BCB13|V|60|17-Aug-2021|17-Aug-2021|20-Aug-2021||3|491581|1|1|1|| |1677.79|0.0| ||49|1063523132| |9999868992| |9999868992|||0|1| |1677.79|17-Aug-2021|1|5|A|10|0.0|335.56|0|4|0.0|0.0|0|0|0|0|0|0|0|0|0|0|0|0|0|||||17-Aug-2021|951.0|0|0||Z733|Z733|N|Z604|N|G309|Y|Z653|Y|N1830|Y|R801|Y|E1122|Y|E1129|N|G43719|Y|E785|Y|N181|Y|E1121|Y|E781|Y|R931|Y|E119|Y|I259|Y|E8881|Y|E669|Y|R7303|Y|D649|Y|P292|Y|Z560|Y|R4689|Y|||||||| | | | | | | | | | | | | | | | | | | | | | |GZ3|17-Aug-2021|Z741|17-Aug-2021|F419|17-Aug-2021|Z9181|17-Aug-2021|Z1331|17-Aug-2021|Z1331|17-Aug-2021|||||||||||||||||||||||||||||||||||||||0|0||6|450|G0444|3.0|2021-08-18T00:00:00|hospital_B|hospital_B_20210817
SYN_BENE_5F055CB53EE4|SYN_CLM_1B8B8E8012FB|V|60|17-Aug-2021|17-Aug-2021|20-Aug-2021||3|491581|1|1|1|| |1677.79|0.0| ||49|1063523132| |9999868992| |9999868992|||0|1| |1677.79|17-Aug-2021|1|5|A|10|0.0|335.56|0|4|0.0|0.0|0|0|0|0|0|0|0|0|0|0|0|0|0|||||17-Aug-2021|951.0|0|0||Z733|Z733|N|Z604|N|G309|Y|Z653|Y|N1830|Y|R801|Y|E1122|Y|E1129|N|G43719|Y|E785|Y|N181|Y|E1121|Y|E781|Y|R931|Y|E119|Y|I259|Y|E8881|Y|E669|Y|R7303|Y|D649|Y|P292|Y|Z560|Y|R4689|Y|||||||| | | | | | | | | | | | | | | | | | | | | | |GZ3|17-Aug-2021|Z741|17-Aug-2021|F419|17-Aug-2021|Z9181|17-Aug-2021|Z1331|17-Aug-2021|Z1331|17-Aug-2021|||||||||||||||||||||||||||||||||||||||0|0||1|450|99495|3.0|2021-08-18T00:00:00|hospital_B|hospital_B_20210817
SYN_BENE_5F055CB53EE4|SYN_CLM_1B8B8E8012FB|V|60|17-Aug-2021|17-Aug-2021|20-Aug-2021||3|491581|1|1|1|| |1677.79|0.0| ||49|1063523132| |9999868992| |9999868992|||0|1| |1677.79|17-Aug-2021|1|5|A|10|0.0|335.56|0|4|0.0|0.0|0|0|0|0|0|0|0|0|0|0|0|0|0|||||17-Aug-2021|951.0|0|0||Z733|Z733|N|Z604|N|G309|Y|Z653|Y|N1830|Y|R801|Y|E1122|Y|E1129|N|G43719|Y|E785|Y|N181|Y|E1121|Y|E781|Y|R931|Y|E119|Y|I259|Y|E8881|Y|E669|Y|R7303|Y|D649|Y|P292|Y|Z560|Y|R4689|Y|||||||| | | | | | | | | | | | | | | | | | | | | | |GZ3|17-Aug-2021|Z741|17-Aug-2021|F419|17-Aug-2021|Z9181|17-Aug-2021|Z1331|17-Aug-2021|Z1331|17-Aug-2021|||||||||||||||||||||||||||||||||||||||0|0||2|450|96156|3.0|2021-08-18T00:00:00|hospital_B|hospital_B_20210817
SYN_BENE_5F055CB53EE4|SYN_CLM_1B8B8E8012FB|V|60|17-Aug-2021|17-Aug-2021|20-Aug-2021||3|491581|1|1|1|| |1677.79|0.0| ||49|1063523132| |9999868992| |9999868992|||0|1| |1677.79|17-Aug-2021|1|5|A|10|0.0|335.56|0|4|0.0|0.0|0|0|0|0|0|0|0|0|0|0|0|0|0|||||17-Aug-2021|951.0|0|0||Z733|Z733|N|Z604|N|G309|Y|Z653|Y|N1830|Y|R801|Y|E1122|Y|E1129|N|G43719|Y|E785|Y|N181|Y|E1121|Y|E781|Y|R931|Y|E119|Y|I259|Y|E8881|Y|E669|Y|R7303|Y|D649|Y|P292|Y|Z560|Y|R4689|Y|||||||| | | | | | | | | | | | | | | | | | | | | | |GZ3|17-Aug-2021|Z741|17-Aug-2021|F419|17-Aug-2021|Z9181|17-Aug-2021|Z1331|17-Aug-2021|Z1331|17-Aug-2021|||||||||||||||||||||||||||||||||||||||0|0||3|450|96127|3.0|2021-08-18T00:00:00|hospital_B|hospital_B_20210817
SYN_BENE_5F055CB53EE4|SYN_CLM_1B8B8E8012FB|V|60|17-Aug-2021|17-Aug-2021|20-Aug-2021||3|491581|1|1|1|| |1677.79|0.0| ||49|1063523132| |9999868992| |9999868992|||0|1| |1677.79|17-Aug-2021|1|5|A|10|0.0|335.56|0|4|0.0|0.0|0|0|0|0|0|0|0|0|0|0|0|0|0|||||17-Aug-2021|951.0|0|0||Z733|Z733|N|Z604|N|G309|Y|Z653|Y|N1830|Y|R801|Y|E1122|Y|E1129|N|G43719|Y|E785|Y|N181|Y|E1121|Y|E781|Y|R931|Y|E119|Y|I259|Y|E8881|Y|E669|Y|R7303|Y|D649|Y|P292|Y|Z560|Y|R4689|Y|||||||| | | | | | | | | | | | | | | | | | | | | | |GZ3|17-Aug-2021|Z741|17-Aug-2021|F419|17-Aug-2021|Z9181|17-Aug-2021|Z1331|17-Aug-2021|Z1331|17-Aug-2021|||||||||||||||||||||||||||||||||||||||0|0||4|450|M1069|3.0|2021-08-18T00:00:00|hospital_B|hospital_B_20210817
SYN_BENE_5F055CB53EE4|SYN_CLM_1B8B8E8012FB|V|60|17-Aug-2021|17-Aug-2021|20-Aug-2021||3|491581|1|1|1|| |1677.79|0.0| ||49|1063523132| |9999868992| |9999868992|||0|1| |1677.79|17-Aug-2021|1|5|A|10|0.0|335.56|0|4|0.0|0.0|0|0|0|0|0|0|0|0|0|0|0|0|0|||||17-Aug-2021|951.0|0|0||Z733|Z733|N|Z604|N|G309|Y|Z653|Y|N1830|Y|R801|Y|E1122|Y|E1129|N|G43719|Y|E785|Y|N181|Y|E1121|Y|E781|Y|R931|Y|E119|Y|I259|Y|E8881|Y|E669|Y|R7303|Y|D649|Y|P292|Y|Z560|Y|R4689|Y|||||||| | | | | | | | | | | | | | | | | | | | | | |GZ3|17-Aug-2021|Z741|17-Aug-2021|F419|17-Aug-2021|Z9181|17-Aug-2021|Z1331|17-Aug-2021|Z1331|17-Aug-2021|||||||||||||||||||||||||||||||||||||||0|0||5|450|G0444|3.0|2021-08-18T00:00:00|hospital_B|hospital_B_20210817
SYN_BENE_5F055CB53EE4|SYN_CLM_1B8B8E8012FB|V|60|17-Aug-2021|17-Aug-2021|20-Aug-2021||3|491581|1|1|1|| |1677.79|0.0| ||49|1063523132| |9999868992| |9999868992|||0|1| |1677.79|17-Aug-2021|1|5|A|10|0.0|335.56|0|4|0.0|0.0|0|0|0|0|0|0|0|0|0|0|0|0|0|||||17-Aug-2021|951.0|0|0||Z733|Z733|N|Z604|N|G309|Y|Z653|Y|N1830|Y|R801|Y|E1122|Y|E1129|N|G43719|Y|E785|Y|N181|Y|E1121|Y|E781|Y|R931|Y|E119|Y|I259|Y|E8881|Y|E669|Y|R7303|Y|D649|Y|P292|Y|Z560|Y|R4689|Y|||||||| | | | | | | | | | | | | | | | | | | | | | |GZ3|17-Aug-2021|Z741|17-Aug-2021|F419|17-Aug-2021|Z9181|17-Aug-2021|Z1331|17-Aug-2021|Z1331|17-Aug-2021|||||||||||||||||||||||||||||||||||||||0|0||6|450|G0444|3.0|2021-08-18T00:00:00|hospital_B|hospital_B_20210817
SYN_BENE_CAC7018BA455|SYN_CLM_6AA14DF6D0C1|V|60|17-Aug-2021|17-Aug-2021|20-Aug-2021||3|491581|1|1|1|| |1677.79|0.0| ||49|1063523132| |9999868992| |9999868992|||0|1| |1677.79|17-Aug-2021|1|5|A|10|0.0|335.56|0|4|0.0|0.0|0|0|0|0|0|0|0|0|0|0|0|0|0|||||17-Aug-2021|951.0|0|0||Z733|Z733|N|Z604|N|G309|Y|Z653|Y|N1830|Y|R801|Y|E1122|Y|E1129|N|G43719|Y|E785|Y|N181|Y|E1121|Y|E781|Y|R931|Y|E119|Y|I259|Y|E8881|Y|E669|Y|R7303|Y|D649|Y|P292|Y|Z560|Y|R4689|Y|||||||| | | | | | | | | | | | | | | | | | | | | | |GZ3|17-Aug-2021|Z741|17-Aug-2021|F419|17-Aug-2021|Z9181|17-Aug-2021|Z1331|17-Aug-2021|Z1331|17-Aug-2021|||||||||||||||||||||||||||||||||||||||0|0||1|450|99495|3.0|2021-08-18T00:00:00|hospital_B|hospital_B_20210817
SYN_BENE_CAC7018BA455|SYN_CLM_6AA14DF6D0C1|V|60|17-Aug-2021|17-Aug-2021|20-Aug-2021||3|491581|1|1|1|| |1677.79|0.0| ||49|1063523132| |9999868992| |9999868992|||0|1| |1677.79|17-Aug-2021|1|5|A|10|0.0|335.56|0|4|0.0|0.0|0|0|0|0|0|0|0|0|0|0|0|0|0|||||17-Aug-2021|951.0|0|0||Z733|Z733|N|Z604|N|G309|Y|Z653|Y|N1830|Y|R801|Y|E1122|Y|E1129|N|G43719|Y|E785|Y|N181|Y|E1121|Y|E781|Y|R931|Y|E119|Y|I259|Y|E8881|Y|E669|Y|R7303|Y|D649|Y|P292|Y|Z560|Y|R4689|Y|||||||| | | | | | | | | | | | | | | | | | | | | | |GZ3|17-Aug-2021|Z741|17-Aug-2021|F419|17-Aug-2021|Z9181|17-Aug-2021|Z1331|17-Aug-2021|Z1331|17-Aug-2021|||||||||||||||||||||||||||||||||||||||0|0||2|450|96156|3.0|2021-08-18T00:00:00|hospital_B|hospital_B_20210817
SYN_BENE_CAC7018BA455|SYN_CLM_6AA14DF6D0C1|V|60|17-Aug-2021|17-Aug-2021|20-Aug-2021||3|491581|1|1|1|| |1677.79|0.0| ||49|1063523132| |9999868992| |9999868992|||0|1| |1677.79|17-Aug-2021|1|5|A|10|0.0|335.56|0|4|0.0|0.0|0|0|0|0|0|0|0|0|0|0|0|0|0|||||17-Aug-2021|951.0|0|0||Z733|Z733|N|Z604|N|G309|Y|Z653|Y|N1830|Y|R801|Y|E1122|Y|E1129|N|G43719|Y|E785|Y|N181|Y|E1121|Y|E781|Y|R931|Y|E119|Y|I259|Y|E8881|Y|E669|Y|R7303|Y|D649|Y|P292|Y|Z560|Y|R4689|Y|||||||| | | | | | | | | | | | | | | | | | | | | | |GZ3|17-Aug-2021|Z741|17-Aug-2021|F419|17-Aug-2021|Z9181|17-Aug-2021|Z1331|17-Aug-2021|Z1331|17-Aug-2021|||||||||||||||||||||||||||||||||||||||0|0||3|450|96127|3.0|2021-08-18T00:00:00|hospital_B|hospital_B_20210817
SYN_BENE_CAC7018BA455|SYN_CLM_6AA14DF6D0C1|V|60|17-Aug-2021|17-Aug-2021|20-Aug-2021||3|491581|1|1|1|| |1677.79|0.0| ||49|1063523132| |9999868992| |9999868992|||0|1| |1677.79|17-Aug-2021|1|5|A|10|0.0|335.56|0|4|0.0|0.0|0|0|0|0|0|0|0|0|0|0|0|0|0|||||17-Aug-2021|951.0|0|0||Z733|Z733|N|Z604|N|G309|Y|Z653|Y|N1830|Y|R801|Y|E1122|Y|E1129|N|G43719|Y|E785|Y|N181|Y|E1121|Y|E781|Y|R931|Y|E119|Y|I259|Y|E8881|Y|E669|Y|R7303|Y|D649|Y|P292|Y|Z560|Y|R4689|Y|||||||| | | | | | | | | | | | | | | | | | | | | | |GZ3|17-Aug-2021|Z741|17-Aug-2021|F419|17-Aug-2021|Z9181|17-Aug-2021|Z1331|17-Aug-2021|Z1331|17-Aug-2021|||||||||||||||||||||||||||||||||||||||0|0||4|450|M1069|3.0|2021-08-18T00:00:00|hospital_B|hospital_B_20210817
SYN_BENE_CAC7018BA455|SYN_CLM_6AA14DF6D0C1|V|60|17-Aug-2021|17-Aug-2021|20-Aug-2021||3|491581|1|1|1|| |1677.79|0.0| ||49|1063523132| |9999868992| |9999868992|||0|1| |1677.79|17-Aug-2021|1|5|A|10|0.0|335.56|0|4|0.0|0.0|0|0|0|0|0|0|0|0|0|0|0|0|0|||||17-Aug-2021|951.0|0|0||Z733|Z733|N|Z604|N|G309|Y|Z653|Y|N1830|Y|R801|Y|E1122|Y|E1129|N|G43719|Y|E785|Y|N181|Y|E1121|Y|E781|Y|R931|Y|E119|Y|I259|Y|E8881|Y|E669|Y|R7303|Y|D649|Y|P292|Y|Z560|Y|R4689|Y|||||||| | | | | | | | | | | | | | | | | | | | | | |GZ3|17-Aug-2021|Z741|17-Aug-2021|F419|17-Aug-2021|Z9181|17-Aug-2021|Z1331|17-Aug-2021|Z1331|17-Aug-2021|||||||||||||||||||||||||||||||||||||||0|0||5|450|G0444|3.0|2021-08-18T00:00:00|hospital_B|hospital_B_20210817
SYN_BENE_CAC7018BA455|SYN_CLM_6AA14DF6D0C1|V|60|17-Aug-2021|17-Aug-2021|20-Aug-2021||3|491581|1|1|1|| |1677.79|0.0| ||49|1063523132| |9999868992| |9999868992|||0|1| |1677.79|17-Aug-2021|1|5|A|10|0.0|335.56|0|4|0.0|0.0|0|0|0|0|0|0|0|0|0|0|0|0|0|||||17-Aug-2021|951.0|0|0||Z733|Z733|N|Z604|N|G309|Y|Z653|Y|N1830|Y|R801|Y|E1122|Y|E1129|N|G43719|Y|E785|Y|N181|Y|E1121|Y|E781|Y|R931|Y|E119|Y|I259|Y|E8881|Y|E669|Y|R7303|Y|D649|Y|P292|Y|Z560|Y|R4689|Y|||||||| | | | | | | | | | | | | | | | | | | | | | |GZ3|17-Aug-2021|Z741|17-Aug-2021|F419|17-Aug-2021|Z9181|17-Aug-2021|Z1331|17-Aug-2021|Z1331|17-Aug-2021|||||||||||||||||||||||||||||||||||||||0|0||6|450|G0444|3.0|2021-08-18T00:00:00|hospital_B|hospital_B_20210817
SYN_BENE_BA129A1A01A7|SYN_CLM_1D1C3E643C43|V|60|17-Aug-2021|17-Aug-2021|20-Aug-2021||3|491581|1|1|1|| |1677.79|0.0| ||49|1063523132| |9999868992| |9999868992|||0|1| |1677.79|17-Aug-2021|1|5|A|10|0.0|335.56|0|4|0.0|0.0|0|0|0|0|0|0|0|0|0|0|0|0|0|||||17-Aug-2021|951.0|0|0||Z733|Z733|N|Z604|N|G309|Y|Z653|Y|N1830|Y|R801|Y|E1122|Y|E1129|N|G43719|Y|E785|Y|N181|Y|E1121|Y|E781|Y|R931|Y|E119|Y|I259|Y|E8881|Y|E669|Y|R7303|Y|D649|Y|P292|Y|Z560|Y|R4689|Y|||||||| | | | | | | | | | | | | | | | | | | | | | |GZ3|17-Aug-2021|Z741|17-Aug-2021|F419|17-Aug-2021|Z9181|17-Aug-2021|Z1331|17-Aug-2021|Z1331|17-Aug-2021|||||||||||||||||||||||||||||||||||||||0|0||1|450|99495|3.0|2021-08-18T00:00:00|hospital_B|hospital_B_20210817
SYN_BENE_BA129A1A01A7|SYN_CLM_1D1C3E643C43|V|60|17-Aug-2021|17-Aug-2021|20-Aug-2021||3|491581|1|1|1|| |1677.79|0.0| ||49|1063523132| |9999868992| |9999868992|||0|1| |1677.79|17-Aug-2021|1|5|A|10|0.0|335.56|0|4|0.0|0.0|0|0|0|0|0|0|0|0|0|0|0|0|0|||||17-Aug-2021|951.0|0|0||Z733|Z733|N|Z604|N|G309|Y|Z653|Y|N1830|Y|R801|Y|E1122|Y|E1129|N|G43719|Y|E785|Y|N181|Y|E1121|Y|E781|Y|R931|Y|E119|Y|I259|Y|E8881|Y|E669|Y|R7303|Y|D649|Y|P292|Y|Z560|Y|R4689|Y|||||||| | | | | | | | | | | | | | | | | | | | | | |GZ3|17-Aug-2021|Z741|17-Aug-2021|F419|17-Aug-2021|Z9181|17-Aug-2021|Z1331|17-Aug-2021|Z1331|17-Aug-2021|||||||||||||||||||||||||||||||||||||||0|0||2|450|96156|3.0|2021-08-18T00:00:00|hospital_B|hospital_B_20210817
SYN_BENE_BA129A1A01A7|SYN_CLM_1D1C3E643C43|V|60|17-Aug-2021|17-Aug-2021|20-Aug-2021||3|491581|1|1|1|| |1677.79|0.0| ||49|1063523132| |9999868992| |9999868992|||0|1| |1677.79|17-Aug-2021|1|5|A|10|0.0|335.56|0|4|0.0|0.0|0|0|0|0|0|0|0|0|0|0|0|0|0|||||17-Aug-2021|951.0|0|0||Z733|Z733|N|Z604|N|G309|Y|Z653|Y|N1830|Y|R801|Y|E1122|Y|E1129|N|G43719|Y|E785|Y|N181|Y|E1121|Y|E781|Y|R931|Y|E119|Y|I259|Y|E8881|Y|E669|Y|R7303|Y|D649|Y|P292|Y|Z560|Y|R4689|Y|||||||| | | | | | | | | | | | | | | | | | | | | | |GZ3|17-Aug-2021|Z741|17-Aug-2021|F419|17-Aug-2021|Z9181|17-Aug-2021|Z1331|17-Aug-2021|Z1331|17-Aug-2021|||||||||||||||||||||||||||||||||||||||0|0||3|450|96127|3.0|2021-08-18T00:00:00|hospital_B|hospital_B_20210817
SYN_BENE_BA129A1A01A7|SYN_CLM_1D1C3E643C43|V|60|17-Aug-2021|17-Aug-2021|20-Aug-2021||3|491581|1|1|1|| |1677.79|0.0| ||49|1063523132| |9999868992| |9999868992|||0|1| |1677.79|17-Aug-2021|1|5|A|10|0.0|335.56|0|4|0.0|0.0|0|0|0|0|0|0|0|0|0|0|0|0|0|||||17-Aug-2021|951.0|0|0||Z733|Z733|N|Z604|N|G309|Y|Z653|Y|N1830|Y|R801|Y|E1122|Y|E1129|N|G43719|Y|E785|Y|N181|Y|E1121|Y|E781|Y|R931|Y|E119|Y|I259|Y|E8881|Y|E669|Y|R7303|Y|D649|Y|P292|Y|Z560|Y|R4689|Y|||||||| | | | | | | | | | | | | | | | | | | | | | |GZ3|17-Aug-2021|Z741|17-Aug-2021|F419|17-Aug-2021|Z9181|17-Aug-2021|Z1331|17-Aug-2021|Z1331|17-Aug-2021|||||||||||||||||||||||||||||||||||||||0|0||4|450|M1069|3.0|2021-08-18T00:00:00|hospital_B|hospital_B_20210817
SYN_BENE_BA129A1A01A7|SYN_CLM_1D1C3E643C43|V|60|17-Aug-2021|17-Aug-2021|20-Aug-2021||3|491581|1|1|1|| |1677.79|0.0| ||49|1063523132| |9999868992| |9999868992|||0|1| |1677.79|17-Aug-2021|1|5|A|10|0.0|335.56|0|4|0.0|0.0|0|0|0|0|0|0|0|0|0|0|0|0|0|||||17-Aug-2021|951.0|0|0||Z733|Z733|N|Z604|N|G309|Y|Z653|Y|N1830|Y|R801|Y|E1122|Y|E1129|N|G43719|Y|E785|Y|N181|Y|E1121|Y|E781|Y|R931|Y|E119|Y|I259|Y|E8881|Y|E669|Y|R7303|Y|D649|Y|P292|Y|Z560|Y|R4689|Y|||||||| | | | | | | | | | | | | | | | | | | | | | |GZ3|17-Aug-2021|Z741|17-Aug-2021|F419|17-Aug-2021|Z9181|17-Aug-2021|Z1331|17-Aug-2021|Z1331|17-Aug-2021|||||||||||||||||||||||||||||||||||||||0|0||5|450|G0444|3.0|2021-08-18T00:00:00|hospital_B|hospital_B_20210817
SYN_BENE_BA129A1A01A7|SYN_CLM_1D1C3E643C43|V|60|17-Aug-2021|17-Aug-2021|20-Aug-2021||3|491581|1|1|1|| |1677.79|0.0| ||49|1063523132| |9999868992| |9999868992|||0|1| |1677.79|17-Aug-2021|1|5|A|10|0.0|335.56|0|4|0.0|0.0|0|0|0|0|0|0|0|0|0|0|0|0|0|||||17-Aug-2021|951.0|0|0||Z733|Z733|N|Z604|N|G309|Y|Z653|Y|N1830|Y|R801|Y|E1122|Y|E1129|N|G43719|Y|E785|Y|N181|Y|E1121|Y|E781|Y|R931|Y|E119|Y|I259|Y|E8881|Y|E669|Y|R7303|Y|D649|Y|P292|Y|Z560|Y|R4689|Y|||||||| | | | | | | | | | | | | | | | | | | | | | |GZ3|17-Aug-2021|Z741|17-Aug-2021|F419|17-Aug-2021|Z9181|17-Aug-2021|Z1331|17-Aug-2021|Z1331|17-Aug-2021|||||||||||||||||||||||||||||||||||||||0|0||6|450|G0444|3.0|2021-08-18T00:00:00|hospital_B|hospital_B_20210817
SYN_BENE_C587563830D6|SYN_CLM_8F310041C4F2|V|60|17-Aug-2021|17-Aug-2021|20-Aug-2021||3|491581|1|1|1|| |1677.79|0.0| ||49|1063523132| |9999868992| |9999868992|||0|1| |1677.79|17-Aug-2021|1|5|A|10|0.0|335.56|0|4|0.0|0.0|0|0|0|0|0|0|0|0|0|0|0|0|0|||||17-Aug-2021|951.0|0|0||Z733|Z733|N|Z604|N|G309|Y|Z653|Y|N1830|Y|R801|Y|E1122|Y|E1129|N|G43719|Y|E785|Y|N181|Y|E1121|Y|E781|Y|R931|Y|E119|Y|I259|Y|E8881|Y|E669|Y|R7303|Y|D649|Y|P292|Y|Z560|Y|R4689|Y|||||||| | | | | | | | | | | | | | | | | | | | | | |GZ3|17-Aug-2021|Z741|17-Aug-2021|F419|17-Aug-2021|Z9181|17-Aug-2021|Z1331|17-Aug-2021|Z1331|17-Aug-2021|||||||||||||||||||||||||||||||||||||||0|0||1|450|99495|3.0|2021-08-18T00:00:00|hospital_B|hospital_B_20210817
SYN_BENE_C587563830D6|SYN_CLM_8F310041C4F2|V|60|17-Aug-2021|17-Aug-2021|20-Aug-2021||3|491581|1|1|1|| |1677.79|0.0| ||49|1063523132| |9999868992| |9999868992|||0|1| |1677.79|17-Aug-2021|1|5|A|10|0.0|335.56|0|4|0.0|0.0|0|0|0|0|0|0|0|0|0|0|0|0|0|||||17-Aug-2021|951.0|0|0||Z733|Z733|N|Z604|N|G309|Y|Z653|Y|N1830|Y|R801|Y|E1122|Y|E1129|N|G43719|Y|E785|Y|N181|Y|E1121|Y|E781|Y|R931|Y|E119|Y|I259|Y|E8881|Y|E669|Y|R7303|Y|D649|Y|P292|Y|Z560|Y|R4689|Y|||||||| | | | | | | | | | | | | | | | | | | | | | |GZ3|17-Aug-2021|Z741|17-Aug-2021|F419|17-Aug-2021|Z9181|17-Aug-2021|Z1331|17-Aug-2021|Z1331|17-Aug-2021|||||||||||||||||||||||||||||||||||||||0|0||2|450|96156|3.0|2021-08-18T00:00:00|hospital_B|hospital_B_20210817
SYN_BENE_C587563830D6|SYN_CLM_8F310041C4F2|V|60|17-Aug-2021|17-Aug-2021|20-Aug-2021||3|491581|1|1|1|| |1677.79|0.0| ||49|1063523132| |9999868992| |9999868992|||0|1| |1677.79|17-Aug-2021|1|5|A|10|0.0|335.56|0|4|0.0|0.0|0|0|0|0|0|0|0|0|0|0|0|0|0|||||17-Aug-2021|951.0|0|0||Z733|Z733|N|Z604|N|G309|Y|Z653|Y|N1830|Y|R801|Y|E1122|Y|E1129|N|G43719|Y|E785|Y|N181|Y|E1121|Y|E781|Y|R931|Y|E119|Y|I259|Y|E8881|Y|E669|Y|R7303|Y|D649|Y|P292|Y|Z560|Y|R4689|Y|||||||| | | | | | | | | | | | | | | | | | | | | | |GZ3|17-Aug-2021|Z741|17-Aug-2021|F419|17-Aug-2021|Z9181|17-Aug-2021|Z1331|17-Aug-2021|Z1331|17-Aug-2021|||||||||||||||||||||||||||||||||||||||0|0||3|450|96127|3.0|2021-08-18T00:00:00|hospital_B|hospital_B_20210817
SYN_BENE_C587563830D6|SYN_CLM_8F310041C4F2|V|60|17-Aug-2021|17-Aug-2021|20-Aug-2021||3|491581|1|1|1|| |1677.79|0.0| ||49|1063523132| |9999868992| |9999868992|||0|1| |1677.79|17-Aug-2021|1|5|A|10|0.0|335.56|0|4|0.0|0.0|0|0|0|0|0|0|0|0|0|0|0|0|0|||||17-Aug-2021|951.0|0|0||Z733|Z733|N|Z604|N|G309|Y|Z653|Y|N1830|Y|R801|Y|E1122|Y|E1129|N|G43719|Y|E785|Y|N181|Y|E1121|Y|E781|Y|R931|Y|E119|Y|I259|Y|E8881|Y|E669|Y|R7303|Y|D649|Y|P292|Y|Z560|Y|R4689|Y|||||||| | | | | | | | | | | | | | | | | | | | | | |GZ3|17-Aug-2021|Z741|17-Aug-2021|F419|17-Aug-2021|Z9181|17-Aug-2021|Z1331|17-Aug-2021|Z1331|17-Aug-2021|||||||||||||||||||||||||||||||||||||||0|0||4|450|M1069|3.0|2021-08-18T00:00:00|hospital_B|hospital_B_20210817
SYN_BENE_C587563830D6|SYN_CLM_8F310041C4F2|V|60|17-Aug-2021|17-Aug-2021|20-Aug-2021||3|491581|1|1|1|| |1677.79|0.0| ||49|1063523132| |9999868992| |9999868992|||0|1| |1677.79|17-Aug-2021|1|5|A|10|0.0|335.56|0|4|0.0|0.0|0|0|0|0|0|0|0|0|0|0|0|0|0|||||17-Aug-2021|951.0|0|0||Z733|Z733|N|Z604|N|G309|Y|Z653|Y|N1830|Y|R801|Y|E1122|Y|E1129|N|G43719|Y|E785|Y|N181|Y|E1121|Y|E781|Y|R931|Y|E119|Y|I259|Y|E8881|Y|E669|Y|R7303|Y|D649|Y|P292|Y|Z560|Y|R4689|Y|||||||| | | | | | | | | | | | | | | | | | | | | | |GZ3|17-Aug-2021|Z741|17-Aug-2021|F419|17-Aug-2021|Z9181|17-Aug-2021|Z1331|17-Aug-2021|Z1331|17-Aug-2021|||||||||||||||||||||||||||||||||||||||0|0||5|450|G0444|3.0|2021-08-18T00:00:00|hospital_B|hospital_B_20210817
SYN_BENE_C587563830D6|SYN_CLM_8F310041C4F2|V|60|17-Aug-2021|17-Aug-2021|20-Aug-2021||3|491581|1|1|1|| |1677.79|0.0| ||49|1063523132| |9999868992| |9999868992|||0|1| |1677.79|17-Aug-2021|1|5|A|10|0.0|335.56|0|4|0.0|0.0|0|0|0|0|0|0|0|0|0|0|0|0|0|||||17-Aug-2021|951.0|0|0||Z733|Z733|N|Z604|N|G309|Y|Z653|Y|N1830|Y|R801|Y|E1122|Y|E1129|N|G43719|Y|E785|Y|N181|Y|E1121|Y|E781|Y|R931|Y|E119|Y|I259|Y|E8881|Y|E669|Y|R7303|Y|D649|Y|P292|Y|Z560|Y|R4689|Y|||||||| | | | | | | | | | | | | | | | | | | | | | |GZ3|17-Aug-2021|Z741|17-Aug-2021|F419|17-Aug-2021|Z9181|17-Aug-2021|Z1331|17-Aug-2021|Z1331|17-Aug-2021|||||||||||||||||||||||||||||||||||||||0|0||6|450|G0444|3.0|2021-08-18T00:00:00|hospital_B|hospital_B_20210817
SYN_BENE_FFB9DABE9C3F|SYN_CLM_75EC58E3F444|V|60|17-Aug-2021|17-Aug-2021|20-Aug-2021||3|491581|1|1|1|| |1677.79|0.0| ||49|1063523132| |9999868992| |9999868992|||0|1| |1677.79|17-Aug-2021|1|5|A|10|0.0|335.56|0|4|0.0|0.0|0|0|0|0|0|0|0|0|0|0|0|0|0|||||17-Aug-2021|951.0|0|0||Z733|Z733|N|Z604|N|G309|Y|Z653|Y|N1830|Y|R801|Y|E1122|Y|E1129|N|G43719|Y|E785|Y|N181|Y|E1121|Y|E781|Y|R931|Y|E119|Y|I259|Y|E8881|Y|E669|Y|R7303|Y|D649|Y|P292|Y|Z560|Y|R4689|Y|||||||| | | | | | | | | | | | | | | | | | | | | | |GZ3|17-Aug-2021|Z741|17-Aug-2021|F419|17-Aug-2021|Z9181|17-Aug-2021|Z1331|17-Aug-2021|Z1331|17-Aug-2021|||||||||||||||||||||||||||||||||||||||0|0||1|450|99495|3.0|2021-08-18T00:00:00|hospital_B|hospital_B_20210817
SYN_BENE_FFB9DABE9C3F|SYN_CLM_75EC58E3F444|V|60|17-Aug-2021|17-Aug-2021|20-Aug-2021||3|491581|1|1|1|| |1677.79|0.0| ||49|1063523132| |9999868992| |9999868992|||0|1| |1677.79|17-Aug-2021|1|5|A|10|0.0|335.56|0|4|0.0|0.0|0|0|0|0|0|0|0|0|0|0|0|0|0|||||17-Aug-2021|951.0|0|0||Z733|Z733|N|Z604|N|G309|Y|Z653|Y|N1830|Y|R801|Y|E1122|Y|E1129|N|G43719|Y|E785|Y|N181|Y|E1121|Y|E781|Y|R931|Y|E119|Y|I259|Y|E8881|Y|E669|Y|R7303|Y|D649|Y|P292|Y|Z560|Y|R4689|Y|||||||| | | | | | | | | | | | | | | | | | | | | | |GZ3|17-Aug-2021|Z741|17-Aug-2021|F419|17-Aug-2021|Z9181|17-Aug-2021|Z1331|17-Aug-2021|Z1331|17-Aug-2021|||||||||||||||||||||||||||||||||||||||0|0||2|450|96156|3.0|2021-08-18T00:00:00|hospital_B|hospital_B_20210817
SYN_BENE_FFB9DABE9C3F|SYN_CLM_75EC58E3F444|V|60|17-Aug-2021|17-Aug-2021|20-Aug-2021||3|491581|1|1|1|| |1677.79|0.0| ||49|1063523132| |9999868992| |9999868992|||0|1| |1677.79|17-Aug-2021|1|5|A|10|0.0|335.56|0|4|0.0|0.0|0|0|0|0|0|0|0|0|0|0|0|0|0|||||17-Aug-2021|951.0|0|0||Z733|Z733|N|Z604|N|G309|Y|Z653|Y|N1830|Y|R801|Y|E1122|Y|E1129|N|G43719|Y|E785|Y|N181|Y|E1121|Y|E781|Y|R931|Y|E119|Y|I259|Y|E8881|Y|E669|Y|R7303|Y|D649|Y|P292|Y|Z560|Y|R4689|Y|||||||| | | | | | | | | | | | | | | | | | | | | | |GZ3|17-Aug-2021|Z741|17-Aug-2021|F419|17-Aug-2021|Z9181|17-Aug-2021|Z1331|17-Aug-2021|Z1331|17-Aug-2021|||||||||||||||||||||||||||||||||||||||0|0||3|450|96127|3.0|2021-08-18T00:00:00|hospital_B|hospital_B_20210817
SYN_BENE_FFB9DABE9C3F|SYN_CLM_75EC58E3F444|V|60|17-Aug-2021|17-Aug-2021|20-Aug-2021||3|491581|1|1|1|| |1677.79|0.0| ||49|1063523132| |9999868992| |9999868992|||0|1| |1677.79|17-Aug-2021|1|5|A|10|0.0|335.56|0|4|0.0|0.0|0|0|0|0|0|0|0|0|0|0|0|0|0|||||17-Aug-2021|951.0|0|0||Z733|Z733|N|Z604|N|G309|Y|Z653|Y|N1830|Y|R801|Y|E1122|Y|E1129|N|G43719|Y|E785|Y|N181|Y|E1121|Y|E781|Y|R931|Y|E119|Y|I259|Y|E8881|Y|E669|Y|R7303|Y|D649|Y|P292|Y|Z560|Y|R4689|Y|||||||| | | | | | | | | | | | | | | | | | | | | | |GZ3|17-Aug-2021|Z741|17-Aug-2021|F419|17-Aug-2021|Z9181|17-Aug-2021|Z1331|17-Aug-2021|Z1331|17-Aug-2021|||||||||||||||||||||||||||||||||||||||0|0||4|450|M1069|3.0|2021-08-18T00:00:00|hospital_B|hospital_B_20210817
SYN_BENE_FFB9DABE9C3F|SYN_CLM_75EC58E3F444|V|60|17-Aug-2021|17-Aug-2021|20-Aug-2021||3|491581|1|1|1|| |1677.79|0.0| ||49|1063523132| |9999868992| |9999868992|||0|1| |1677.79|17-Aug-2021|1|5|A|10|0.0|335.56|0|4|0.0|0.0|0|0|0|0|0|0|0|0|0|0|0|0|0|||||17-Aug-2021|951.0|0|0||Z733|Z733|N|Z604|N|G309|Y|Z653|Y|N1830|Y|R801|Y|E1122|Y|E1129|N|G43719|Y|E785|Y|N181|Y|E1121|Y|E781|Y|R931|Y|E119|Y|I259|Y|E8881|Y|E669|Y|R7303|Y|D649|Y|P292|Y|Z560|Y|R4689|Y|||||||| | | | | | | | | | | | | | | | | | | | | | |GZ3|17-Aug-2021|Z741|17-Aug-2021|F419|17-Aug-2021|Z9181|17-Aug-2021|Z1331|17-Aug-2021|Z1331|17-Aug-2021|||||||||||||||||||||||||||||||||||||||0|0||5|450|G0444|3.0|2021-08-18T00:00:00|hospital_B|hospital_B_20210817
SYN_BENE_FFB9DABE9C3F|SYN_CLM_75EC58E3F444|V|60|17-Aug-2021|17-Aug-2021|20-Aug-2021||3|491581|1|1|1|| |1677.79|0.0| ||49|1063523132| |9999868992| |9999868992|||0|1| |1677.79|17-Aug-2021|1|5|A|10|0.0|335.56|0|4|0.0|0.0|0|0|0|0|0|0|0|0|0|0|0|0|0|||||17-Aug-2021|951.0|0|0||Z733|Z733|N|Z604|N|G309|Y|Z653|Y|N1830|Y|R801|Y|E1122|Y|E1129|N|G43719|Y|E785|Y|N181|Y|E1121|Y|E781|Y|R931|Y|E119|Y|I259|Y|E8881|Y|E669|Y|R7303|Y|D649|Y|P292|Y|Z560|Y|R4689|Y|||||||| | | | | | | | | | | | | | | | | | | | | | |GZ3|17-Aug-2021|Z741|17-Aug-2021|F419|17-Aug-2021|Z9181|17-Aug-2021|Z1331|17-Aug-2021|Z1331|17-Aug-2021|||||||||||||||||||||||||||||||||||||||0|0||6|450|G0444|3.0|2021-08-18T00:00:00|hospital_B|hospital_B_20210817
SYN_BENE_A222109F0D37|SYN_CLM_58F873CCE56D|V|60|17-Aug-2021|17-Aug-2021|20-Aug-2021||3|491581|1|1|1|| |1677.79|0.0| ||49|1063523132| |9999868992| |9999868992|||0|1| |1677.79|17-Aug-2021|1|5|A|10|0.0|335.56|0|4|0.0|0.0|0|0|0|0|0|0|0|0|0|0|0|0|0|||||17-Aug-2021|951.0|0|0||Z733|Z733|N|Z604|N|G309|Y|Z653|Y|N1830|Y|R801|Y|E1122|Y|E1129|N|G43719|Y|E785|Y|N181|Y|E1121|Y|E781|Y|R931|Y|E119|Y|I259|Y|E8881|Y|E669|Y|R7303|Y|D649|Y|P292|Y|Z560|Y|R4689|Y|||||||| | | | | | | | | | | | | | | | | | | | | | |GZ3|17-Aug-2021|Z741|17-Aug-2021|F419|17-Aug-2021|Z9181|17-Aug-2021|Z1331|17-Aug-2021|Z1331|17-Aug-2021|||||||||||||||||||||||||||||||||||||||0|0||1|450|99495|3.0|2021-08-18T00:00:00|hospital_B|hospital_B_20210817
SYN_BENE_A222109F0D37|SYN_CLM_58F873CCE56D|V|60|17-Aug-2021|17-Aug-2021|20-Aug-2021||3|491581|1|1|1|| |1677.79|0.0| ||49|1063523132| |9999868992| |9999868992|||0|1| |1677.79|17-Aug-2021|1|5|A|10|0.0|335.56|0|4|0.0|0.0|0|0|0|0|0|0|0|0|0|0|0|0|0|||||17-Aug-2021|951.0|0|0||Z733|Z733|N|Z604|N|G309|Y|Z653|Y|N1830|Y|R801|Y|E1122|Y|E1129|N|G43719|Y|E785|Y|N181|Y|E1121|Y|E781|Y|R931|Y|E119|Y|I259|Y|E8881|Y|E669|Y|R7303|Y|D649|Y|P292|Y|Z560|Y|R4689|Y|||||||| | | | | | | | | | | | | | | | | | | | | | |GZ3|17-Aug-2021|Z741|17-Aug-2021|F419|17-Aug-2021|Z9181|17-Aug-2021|Z1331|17-Aug-2021|Z1331|17-Aug-2021|||||||||||||||||||||||||||||||||||||||0|0||2|450|96156|3.0|2021-08-18T00:00:00|hospital_B|hospital_B_20210817
SYN_BENE_A222109F0D37|SYN_CLM_58F873CCE56D|V|60|17-Aug-2021|17-Aug-2021|20-Aug-2021||3|491581|1|1|1|| |1677.79|0.0| ||49|1063523132| |9999868992| |9999868992|||0|1| |1677.79|17-Aug-2021|1|5|A|10|0.0|335.56|0|4|0.0|0.0|0|0|0|0|0|0|0|0|0|0|0|0|0|||||17-Aug-2021|951.0|0|0||Z733|Z733|N|Z604|N|G309|Y|Z653|Y|N1830|Y|R801|Y|E1122|Y|E1129|N|G43719|Y|E785|Y|N181|Y|E1121|Y|E781|Y|R931|Y|E119|Y|I259|Y|E8881|Y|E669|Y|R7303|Y|D649|Y|P292|Y|Z560|Y|R4689|Y|||||||| | | | | | | | | | | | | | | | | | | | | | |GZ3|17-Aug-2021|Z741|17-Aug-2021|F419|17-Aug-2021|Z9181|17-Aug-2021|Z1331|17-Aug-2021|Z1331|17-Aug-2021|||||||||||||||||||||||||||||||||||||||0|0||3|450|96127|3.0|2021-08-18T00:00:00|hospital_B|hospital_B_20210817
SYN_BENE_A222109F0D37|SYN_CLM_58F873CCE56D|V|60|17-Aug-2021|17-Aug-2021|20-Aug-2021||3|491581|1|1|1|| |1677.79|0.0| ||49|1063523132| |9999868992| |9999868992|||0|1| |1677.79|17-Aug-2021|1|5|A|10|0.0|335.56|0|4|0.0|0.0|0|0|0|0|0|0|0|0|0|0|0|0|0|||||17-Aug-2021|951.0|0|0||Z733|Z733|N|Z604|N|G309|Y|Z653|Y|N1830|Y|R801|Y|E1122|Y|E1129|N|G43719|Y|E785|Y|N181|Y|E1121|Y|E781|Y|R931|Y|E119|Y|I259|Y|E8881|Y|E669|Y|R7303|Y|D649|Y|P292|Y|Z560|Y|R4689|Y|||||||| | | | | | | | | | | | | | | | | | | | | | |GZ3|17-Aug-2021|Z741|17-Aug-2021|F419|17-Aug-2021|Z9181|17-Aug-2021|Z1331|17-Aug-2021|Z1331|17-Aug-2021|||||||||||||||||||||||||||||||||||||||0|0||4|450|M1069|3.0|2021-08-18T00:00:00|hospital_B|hospital_B_20210817
SYN_BENE_A222109F0D37|SYN_CLM_58F873CCE56D|V|60|17-Aug-2021|17-Aug-2021|20-Aug-2021||3|491581|1|1|1|| |1677.79|0.0| ||49|1063523132| |9999868992| |9999868992|||0|1| |1677.79|17-Aug-2021|1|5|A|10|0.0|335.56|0|4|0.0|0.0|0|0|0|0|0|0|0|0|0|0|0|0|0|||||17-Aug-2021|951.0|0|0||Z733|Z733|N|Z604|N|G309|Y|Z653|Y|N1830|Y|R801|Y|E1122|Y|E1129|N|G43719|Y|E785|Y|N181|Y|E1121|Y|E781|Y|R931|Y|E119|Y|I259|Y|E8881|Y|E669|Y|R7303|Y|D649|Y|P292|Y|Z560|Y|R4689|Y|||||||| | | | | | | | | | | | | | | | | | | | | | |GZ3|17-Aug-2021|Z741|17-Aug-2021|F419|17-Aug-2021|Z9181|17-Aug-2021|Z1331|17-Aug-2021|Z1331|17-Aug-2021|||||||||||||||||||||||||||||||||||||||0|0||5|450|G0444|3.0|2021-08-18T00:00:00|hospital_B|hospital_B_20210817
SYN_BENE_A222109F0D37|SYN_CLM_58F873CCE56D|V|60|17-Aug-2021|17-Aug-2021|20-Aug-2021||3|491581|1|1|1|| |1677.79|0.0| ||49|1063523132| |9999868992| |9999868992|||0|1| |1677.79|17-Aug-2021|1|5|A|10|0.0|335.56|0|4|0.0|0.0|0|0|0|0|0|0|0|0|0|0|0|0|0|||||17-Aug-2021|951.0|0|0||Z733|Z733|N|Z604|N|G309|Y|Z653|Y|N1830|Y|R801|Y|E1122|Y|E1129|N|G43719|Y|E785|Y|N181|Y|E1121|Y|E781|Y|R931|Y|E119|Y|I259|Y|E8881|Y|E669|Y|R7303|Y|D649|Y|P292|Y|Z560|Y|R4689|Y|||||||| | | | | | | | | | | | | | | | | | | | | | |GZ3|17-Aug-2021|Z741|17-Aug-2021|F419|17-Aug-2021|Z9181|17-Aug-2021|Z1331|17-Aug-2021|Z1331|17-Aug-2021|||||||||||||||||||||||||||||||||||||||0|0||6|450|G0444|3.0|2021-08-18T00:00:00|hospital_B|hospital_B_20210817
SYN_BENE_AA89A0520B4C|SYN_CLM_F2D72F5FC6F2|V|60|17-Aug-2021|17-Aug-2021|20-Aug-2021||3|491581|1|1|1|| |1677.79|0.0| ||49|1063523132| |9999868992| |9999868992|||0|1| |1677.79|17-Aug-2021|1|5|A|10|0.0|335.56|0|4|0.0|0.0|0|0|0|0|0|0|0|0|0|0|0|0|0|||||17-Aug-2021|951.0|0|0||Z733|Z733|N|Z604|N|G309|Y|Z653|Y|N1830|Y|R801|Y|E1122|Y|E1129|N|G43719|Y|E785|Y|N181|Y|E1121|Y|E781|Y|R931|Y|E119|Y|I259|Y|E8881|Y|E669|Y|R7303|Y|D649|Y|P292|Y|Z560|Y|R4689|Y|||||||| | | | | | | | | | | | | | | | | | | | | | |GZ3|17-Aug-2021|Z741|17-Aug-2021|F419|17-Aug-2021|Z9181|17-Aug-2021|Z1331|17-Aug-2021|Z1331|17-Aug-2021|||||||||||||||||||||||||||||||||||||||0|0||1|450|99495|3.0|2021-08-18T00:00:00|hospital_B|hospital_B_20210817
SYN_BENE_AA89A0520B4C|SYN_CLM_F2D72F5FC6F2|V|60|17-Aug-2021|17-Aug-2021|20-Aug-2021||3|491581|1|1|1|| |1677.79|0.0| ||49|1063523132| |9999868992| |9999868992|||0|1| |1677.79|17-Aug-2021|1|5|A|10|0.0|335.56|0|4|0.0|0.0|0|0|0|0|0|0|0|0|0|0|0|0|0|||||17-Aug-2021|951.0|0|0||Z733|Z733|N|Z604|N|G309|Y|Z653|Y|N1830|Y|R801|Y|E1122|Y|E1129|N|G43719|Y|E785|Y|N181|Y|E1121|Y|E781|Y|R931|Y|E119|Y|I259|Y|E8881|Y|E669|Y|R7303|Y|D649|Y|P292|Y|Z560|Y|R4689|Y|||||||| | | | | | | | | | | | | | | | | | | | | | |GZ3|17-Aug-2021|Z741|17-Aug-2021|F419|17-Aug-2021|Z9181|17-Aug-2021|Z1331|17-Aug-2021|Z1331|17-Aug-2021|||||||||||||||||||||||||||||||||||||||0|0||2|450|96156|3.0|2021-08-18T00:00:00|hospital_B|hospital_B_20210817
SYN_BENE_AA89A0520B4C|SYN_CLM_F2D72F5FC6F2|V|60|17-Aug-2021|17-Aug-2021|20-Aug-2021||3|491581|1|1|1|| |1677.79|0.0| ||49|1063523132| |9999868992| |9999868992|||0|1| |1677.79|17-Aug-2021|1|5|A|10|0.0|335.56|0|4|0.0|0.0|0|0|0|0|0|0|0|0|0|0|0|0|0|||||17-Aug-2021|951.0|0|0||Z733|Z733|N|Z604|N|G309|Y|Z653|Y|N1830|Y|R801|Y|E1122|Y|E1129|N|G43719|Y|E785|Y|N181|Y|E1121|Y|E781|Y|R931|Y|E119|Y|I259|Y|E8881|Y|E669|Y|R7303|Y|D649|Y|P292|Y|Z560|Y|R4689|Y|||||||| | | | | | | | | | | | | | | | | | | | | | |GZ3|17-Aug-2021|Z741|17-Aug-2021|F419|17-Aug-2021|Z9181|17-Aug-2021|Z1331|17-Aug-2021|Z1331|17-Aug-2021|||||||||||||||||||||||||||||||||||||||0|0||3|450|96127|3.0|2021-08-18T00:00:00|hospital_B|hospital_B_20210817
SYN_BENE_AA89A0520B4C|SYN_CLM_F2D72F5FC6F2|V|60|17-Aug-2021|17-Aug-2021|20-Aug-2021||3|491581|1|1|1|| |1677.79|0.0| ||49|1063523132| |9999868992| |9999868992|||0|1| |1677.79|17-Aug-2021|1|5|A|10|0.0|335.56|0|4|0.0|0.0|0|0|0|0|0|0|0|0|0|0|0|0|0|||||17-Aug-2021|951.0|0|0||Z733|Z733|N|Z604|N|G309|Y|Z653|Y|N1830|Y|R801|Y|E1122|Y|E1129|N|G43719|Y|E785|Y|N181|Y|E1121|Y|E781|Y|R931|Y|E119|Y|I259|Y|E8881|Y|E669|Y|R7303|Y|D649|Y|P292|Y|Z560|Y|R4689|Y|||||||| | | | | | | | | | | | | | | | | | | | | | |GZ3|17-Aug-2021|Z741|17-Aug-2021|F419|17-Aug-2021|Z9181|17-Aug-2021|Z1331|17-Aug-2021|Z1331|17-Aug-2021|||||||||||||||||||||||||||||||||||||||0|0||4|450|M1069|3.0|2021-08-18T00:00:00|hospital_B|hospital_B_20210817
SYN_BENE_AA89A0520B4C|SYN_CLM_F2D72F5FC6F2|V|60|17-Aug-2021|17-Aug-2021|20-Aug-2021||3|491581|1|1|1|| |1677.79|0.0| ||49|1063523132| |9999868992| |9999868992|||0|1| |1677.79|17-Aug-2021|1|5|A|10|0.0|335.56|0|4|0.0|0.0|0|0|0|0|0|0|0|0|0|0|0|0|0|||||17-Aug-2021|951.0|0|0||Z733|Z733|N|Z604|N|G309|Y|Z653|Y|N1830|Y|R801|Y|E1122|Y|E1129|N|G43719|Y|E785|Y|N181|Y|E1121|Y|E781|Y|R931|Y|E119|Y|I259|Y|E8881|Y|E669|Y|R7303|Y|D649|Y|P292|Y|Z560|Y|R4689|Y|||||||| | | | | | | | | | | | | | | | | | | | | | |GZ3|17-Aug-2021|Z741|17-Aug-2021|F419|17-Aug-2021|Z9181|17-Aug-2021|Z1331|17-Aug-2021|Z1331|17-Aug-2021|||||||||||||||||||||||||||||||||||||||0|0||5|450|G0444|3.0|2021-08-18T00:00:00|hospital_B|hospital_B_20210817
SYN_BENE_AA89A0520B4C|SYN_CLM_F2D72F5FC6F2|V|60|17-Aug-2021|17-Aug-2021|20-Aug-2021||3|491581|1|1|1|| |1677.79|0.0| ||49|1063523132| |9999868992| |9999868992|||0|1| |1677.79|17-Aug-2021|1|5|A|10|0.0|335.56|0|4|0.0|0.0|0|0|0|0|0|0|0|0|0|0|0|0|0|||||17-Aug-2021|951.0|0|0||Z733|Z733|N|Z604|N|G309|Y|Z653|Y|N1830|Y|R801|Y|E1122|Y|E1129|N|G43719|Y|E785|Y|N181|Y|E1121|Y|E781|Y|R931|Y|E119|Y|I259|Y|E8881|Y|E669|Y|R7303|Y|D649|Y|P292|Y|Z560|Y|R4689|Y|||||||| | | | | | | | | | | | | | | | | | | | | | |GZ3|17-Aug-2021|Z741|17-Aug-2021|F419|17-Aug-2021|Z9181|17-Aug-2021|Z1331|17-Aug-2021|Z1331|17-Aug-2021|||||||||||||||||||||||||||||||||||||||0|0||6|450|G0444|3.0|2021-08-18T00:00:00|hospital_B|hospital_B_20210817
SYN_BENE_5FFAFAE3F84D|SYN_CLM_9F61D1A614BC|V|60|17-Aug-2021|17-Aug-2021|20-Aug-2021||3|491581|1|1|1|| |1677.79|0.0| ||49|1063523132| |9999868992| |9999868992|||0|1| |1677.79|17-Aug-2021|1|5|A|10|0.0|335.56|0|4|0.0|0.0|0|0|0|0|0|0|0|0|0|0|0|0|0|||||17-Aug-2021|951.0|0|0||Z733|Z733|N|Z604|N|G309|Y|Z653|Y|N1830|Y|R801|Y|E1122|Y|E1129|N|G43719|Y|E785|Y|N181|Y|E1121|Y|E781|Y|R931|Y|E119|Y|I259|Y|E8881|Y|E669|Y|R7303|Y|D649|Y|P292|Y|Z560|Y|R4689|Y|||||||| | | | | | | | | | | | | | | | | | | | | | |GZ3|17-Aug-2021|Z741|17-Aug-2021|F419|17-Aug-2021|Z9181|17-Aug-2021|Z1331|17-Aug-2021|Z1331|17-Aug-2021|||||||||||||||||||||||||||||||||||||||0|0||1|450|99495|3.0|2021-08-18T00:00:00|hospital_B|hospital_B_20210817
SYN_BENE_5FFAFAE3F84D|SYN_CLM_9F61D1A614BC|V|60|17-Aug-2021|17-Aug-2021|20-Aug-2021||3|491581|1|1|1|| |1677.79|0.0| ||49|1063523132| |9999868992| |9999868992|||0|1| |1677.79|17-Aug-2021|1|5|A|10|0.0|335.56|0|4|0.0|0.0|0|0|0|0|0|0|0|0|0|0|0|0|0|||||17-Aug-2021|951.0|0|0||Z733|Z733|N|Z604|N|G309|Y|Z653|Y|N1830|Y|R801|Y|E1122|Y|E1129|N|G43719|Y|E785|Y|N181|Y|E1121|Y|E781|Y|R931|Y|E119|Y|I259|Y|E8881|Y|E669|Y|R7303|Y|D649|Y|P292|Y|Z560|Y|R4689|Y|||||||| | | | | | | | | | | | | | | | | | | | | | |GZ3|17-Aug-2021|Z741|17-Aug-2021|F419|17-Aug-2021|Z9181|17-Aug-2021|Z1331|17-Aug-2021|Z1331|17-Aug-2021|||||||||||||||||||||||||||||||||||||||0|0||2|450|96156|3.0|2021-08-18T00:00:00|hospital_B|hospital_B_20210817
SYN_BENE_5FFAFAE3F84D|SYN_CLM_9F61D1A614BC|V|60|17-Aug-2021|17-Aug-2021|20-Aug-2021||3|491581|1|1|1|| |1677.79|0.0| ||49|1063523132| |9999868992| |9999868992|||0|1| |1677.79|17-Aug-2021|1|5|A|10|0.0|335.56|0|4|0.0|0.0|0|0|0|0|0|0|0|0|0|0|0|0|0|||||17-Aug-2021|951.0|0|0||Z733|Z733|N|Z604|N|G309|Y|Z653|Y|N1830|Y|R801|Y|E1122|Y|E1129|N|G43719|Y|E785|Y|N181|Y|E1121|Y|E781|Y|R931|Y|E119|Y|I259|Y|E8881|Y|E669|Y|R7303|Y|D649|Y|P292|Y|Z560|Y|R4689|Y|||||||| | | | | | | | | | | | | | | | | | | | | | |GZ3|17-Aug-2021|Z741|17-Aug-2021|F419|17-Aug-2021|Z9181|17-Aug-2021|Z1331|17-Aug-2021|Z1331|17-Aug-2021|||||||||||||||||||||||||||||||||||||||0|0||3|450|96127|3.0|2021-08-18T00:00:00|hospital_B|hospital_B_20210817
SYN_BENE_5FFAFAE3F84D|SYN_CLM_9F61D1A614BC|V|60|17-Aug-2021|17-Aug-2021|20-Aug-2021||3|491581|1|1|1|| |1677.79|0.0| ||49|1063523132| |9999868992| |9999868992|||0|1| |1677.79|17-Aug-2021|1|5|A|10|0.0|335.56|0|4|0.0|0.0|0|0|0|0|0|0|0|0|0|0|0|0|0|||||17-Aug-2021|951.0|0|0||Z733|Z733|N|Z604|N|G309|Y|Z653|Y|N1830|Y|R801|Y|E1122|Y|E1129|N|G43719|Y|E785|Y|N181|Y|E1121|Y|E781|Y|R931|Y|E119|Y|I259|Y|E8881|Y|E669|Y|R7303|Y|D649|Y|P292|Y|Z560|Y|R4689|Y|||||||| | | | | | | | | | | | | | | | | | | | | | |GZ3|17-Aug-2021|Z741|17-Aug-2021|F419|17-Aug-2021|Z9181|17-Aug-2021|Z1331|17-Aug-2021|Z1331|17-Aug-2021|||||||||||||||||||||||||||||||||||||||0|0||4|450|M1069|3.0|2021-08-18T00:00:00|hospital_B|hospital_B_20210817
SYN_BENE_5FFAFAE3F84D|SYN_CLM_9F61D1A614BC|V|60|17-Aug-2021|17-Aug-2021|20-Aug-2021||3|491581|1|1|1|| |1677.79|0.0| ||49|1063523132| |9999868992| |9999868992|||0|1| |1677.79|17-Aug-2021|1|5|A|10|0.0|335.56|0|4|0.0|0.0|0|0|0|0|0|0|0|0|0|0|0|0|0|||||17-Aug-2021|951.0|0|0||Z733|Z733|N|Z604|N|G309|Y|Z653|Y|N1830|Y|R801|Y|E1122|Y|E1129|N|G43719|Y|E785|Y|N181|Y|E1121|Y|E781|Y|R931|Y|E119|Y|I259|Y|E8881|Y|E669|Y|R7303|Y|D649|Y|P292|Y|Z560|Y|R4689|Y|||||||| | | | | | | | | | | | | | | | | | | | | | |GZ3|17-Aug-2021|Z741|17-Aug-2021|F419|17-Aug-2021|Z9181|17-Aug-2021|Z1331|17-Aug-2021|Z1331|17-Aug-2021|||||||||||||||||||||||||||||||||||||||0|0||5|450|G0444|3.0|2021-08-18T00:00:00|hospital_B|hospital_B_20210817
SYN_BENE_5FFAFAE3F84D|SYN_CLM_9F61D1A614BC|V|60|17-Aug-2021|17-Aug-2021|20-Aug-2021||3|491581|1|1|1|| |1677.79|0.0| ||49|1063523132| |9999868992| |9999868992|||0|1| |1677.79|17-Aug-2021|1|5|A|10|0.0|335.56|0|4|0.0|0.0|0|0|0|0|0|0|0|0|0|0|0|0|0|||||17-Aug-2021|951.0|0|0||Z733|Z733|N|Z604|N|G309|Y|Z653|Y|N1830|Y|R801|Y|E1122|Y|E1129|N|G43719|Y|E785|Y|N181|Y|E1121|Y|E781|Y|R931|Y|E119|Y|I259|Y|E8881|Y|E669|Y|R7303|Y|D649|Y|P292|Y|Z560|Y|R4689|Y|||||||| | | | | | | | | | | | | | | | | | | | | | |GZ3|17-Aug-2021|Z741|17-Aug-2021|F419|17-Aug-2021|Z9181|17-Aug-2021|Z1331|17-Aug-2021|Z1331|17-Aug-2021|||||||||||||||||||||||||||||||||||||||0|0||6|450|G0444|3.0|2021-08-18T00:00:00|hospital_B|hospital_B_20210817
SYN_BENE_6A0CA84C4D98|SYN_CLM_001BA57F9283|V|60|17-Aug-2021|17-Aug-2021|20-Aug-2021||3|491581|1|1|1|| |1677.79|0.0| ||49|1063523132| |9999868992| |9999868992|||0|1| |1677.79|17-Aug-2021|1|5|A|10|0.0|335.56|0|4|0.0|0.0|0|0|0|0|0|0|0|0|0|0|0|0|0|||||17-Aug-2021|951.0|0|0||Z733|Z733|N|Z604|N|G309|Y|Z653|Y|N1830|Y|R801|Y|E1122|Y|E1129|N|G43719|Y|E785|Y|N181|Y|E1121|Y|E781|Y|R931|Y|E119|Y|I259|Y|E8881|Y|E669|Y|R7303|Y|D649|Y|P292|Y|Z560|Y|R4689|Y|||||||| | | | | | | | | | | | | | | | | | | | | | |GZ3|17-Aug-2021|Z741|17-Aug-2021|F419|17-Aug-2021|Z9181|17-Aug-2021|Z1331|17-Aug-2021|Z1331|17-Aug-2021|||||||||||||||||||||||||||||||||||||||0|0||1|450|99495|3.0|2021-08-18T00:00:00|hospital_B|hospital_B_20210817
SYN_BENE_6A0CA84C4D98|SYN_CLM_001BA57F9283|V|60|17-Aug-2021|17-Aug-2021|20-Aug-2021||3|491581|1|1|1|| |1677.79|0.0| ||49|1063523132| |9999868992| |9999868992|||0|1| |1677.79|17-Aug-2021|1|5|A|10|0.0|335.56|0|4|0.0|0.0|0|0|0|0|0|0|0|0|0|0|0|0|0|||||17-Aug-2021|951.0|0|0||Z733|Z733|N|Z604|N|G309|Y|Z653|Y|N1830|Y|R801|Y|E1122|Y|E1129|N|G43719|Y|E785|Y|N181|Y|E1121|Y|E781|Y|R931|Y|E119|Y|I259|Y|E8881|Y|E669|Y|R7303|Y|D649|Y|P292|Y|Z560|Y|R4689|Y|||||||| | | | | | | | | | | | | | | | | | | | | | |GZ3|17-Aug-2021|Z741|17-Aug-2021|F419|17-Aug-2021|Z9181|17-Aug-2021|Z1331|17-Aug-2021|Z1331|17-Aug-2021|||||||||||||||||||||||||||||||||||||||0|0||2|450|96156|3.0|2021-08-18T00:00:00|hospital_B|hospital_B_20210817
SYN_BENE_6A0CA84C4D98|SYN_CLM_001BA57F9283|V|60|17-Aug-2021|17-Aug-2021|20-Aug-2021||3|491581|1|1|1|| |1677.79|0.0| ||49|1063523132| |9999868992| |9999868992|||0|1| |1677.79|17-Aug-2021|1|5|A|10|0.0|335.56|0|4|0.0|0.0|0|0|0|0|0|0|0|0|0|0|0|0|0|||||17-Aug-2021|951.0|0|0||Z733|Z733|N|Z604|N|G309|Y|Z653|Y|N1830|Y|R801|Y|E1122|Y|E1129|N|G43719|Y|E785|Y|N181|Y|E1121|Y|E781|Y|R931|Y|E119|Y|I259|Y|E8881|Y|E669|Y|R7303|Y|D649|Y|P292|Y|Z560|Y|R4689|Y|||||||| | | | | | | | | | | | | | | | | | | | | | |GZ3|17-Aug-2021|Z741|17-Aug-2021|F419|17-Aug-2021|Z9181|17-Aug-2021|Z1331|17-Aug-2021|Z1331|17-Aug-2021|||||||||||||||||||||||||||||||||||||||0|0||3|450|96127|3.0|2021-08-18T00:00:00|hospital_B|hospital_B_20210817
SYN_BENE_6A0CA84C4D98|SYN_CLM_001BA57F9283|V|60|17-Aug-2021|17-Aug-2021|20-Aug-2021||3|491581|1|1|1|| |1677.79|0.0| ||49|1063523132| |9999868992| |9999868992|||0|1| |1677.79|17-Aug-2021|1|5|A|10|0.0|335.56|0|4|0.0|0.0|0|0|0|0|0|0|0|0|0|0|0|0|0|||||17-Aug-2021|951.0|0|0||Z733|Z733|N|Z604|N|G309|Y|Z653|Y|N1830|Y|R801|Y|E1122|Y|E1129|N|G43719|Y|E785|Y|N181|Y|E1121|Y|E781|Y|R931|Y|E119|Y|I259|Y|E8881|Y|E669|Y|R7303|Y|D649|Y|P292|Y|Z560|Y|R4689|Y|||||||| | | | | | | | | | | | | | | | | | | | | | |GZ3|17-Aug-2021|Z741|17-Aug-2021|F419|17-Aug-2021|Z9181|17-Aug-2021|Z1331|17-Aug-2021|Z1331|17-Aug-2021|||||||||||||||||||||||||||||||||||||||0|0||4|450|M1069|3.0|2021-08-18T00:00:00|hospital_B|hospital_B_20210817
SYN_BENE_6A0CA84C4D98|SYN_CLM_001BA57F9283|V|60|17-Aug-2021|17-Aug-2021|20-Aug-2021||3|491581|1|1|1|| |1677.79|0.0| ||49|1063523132| |9999868992| |9999868992|||0|1| |1677.79|17-Aug-2021|1|5|A|10|0.0|335.56|0|4|0.0|0.0|0|0|0|0|0|0|0|0|0|0|0|0|0|||||17-Aug-2021|951.0|0|0||Z733|Z733|N|Z604|N|G309|Y|Z653|Y|N1830|Y|R801|Y|E1122|Y|E1129|N|G43719|Y|E785|Y|N181|Y|E1121|Y|E781|Y|R931|Y|E119|Y|I259|Y|E8881|Y|E669|Y|R7303|Y|D649|Y|P292|Y|Z560|Y|R4689|Y|||||||| | | | | | | | | | | | | | | | | | | | | | |GZ3|17-Aug-2021|Z741|17-Aug-2021|F419|17-Aug-2021|Z9181|17-Aug-2021|Z1331|17-Aug-2021|Z1331|17-Aug-2021|||||||||||||||||||||||||||||||||||||||0|0||5|450|G0444|3.0|2021-08-18T00:00:00|hospital_B|hospital_B_20210817
SYN_BENE_6A0CA84C4D98|SYN_CLM_001BA57F9283|V|60|17-Aug-2021|17-Aug-2021|20-Aug-2021||3|491581|1|1|1|| |1677.79|0.0| ||49|1063523132| |9999868992| |9999868992|||0|1| |1677.79|17-Aug-2021|1|5|A|10|0.0|335.56|0|4|0.0|0.0|0|0|0|0|0|0|0|0|0|0|0|0|0|||||17-Aug-2021|951.0|0|0||Z733|Z733|N|Z604|N|G309|Y|Z653|Y|N1830|Y|R801|Y|E1122|Y|E1129|N|G43719|Y|E785|Y|N181|Y|E1121|Y|E781|Y|R931|Y|E119|Y|I259|Y|E8881|Y|E669|Y|R7303|Y|D649|Y|P292|Y|Z560|Y|R4689|Y|||||||| | | | | | | | | | | | | | | | | | | | | | |GZ3|17-Aug-2021|Z741|17-Aug-2021|F419|17-Aug-2021|Z9181|17-Aug-2021|Z1331|17-Aug-2021|Z1331|17-Aug-2021|||||||||||||||||||||||||||||||||||||||0|0||6|450|G0444|3.0|2021-08-18T00:00:00|hospital_B|hospital_B_20210817
SYN_BENE_E163F0DB1B2C|SYN_CLM_A4DD58EF73E6|V|60|17-Aug-2021|17-Aug-2021|20-Aug-2021||3|491581|1|1|1|| |1677.79|0.0| ||49|1063523132| |9999868992| |9999868992|||0|1| |1677.79|17-Aug-2021|1|5|A|10|0.0|335.56|0|4|0.0|0.0|0|0|0|0|0|0|0|0|0|0|0|0|0|||||17-Aug-2021|951.0|0|0||Z733|Z733|N|Z604|N|G309|Y|Z653|Y|N1830|Y|R801|Y|E1122|Y|E1129|N|G43719|Y|E785|Y|N181|Y|E1121|Y|E781|Y|R931|Y|E119|Y|I259|Y|E8881|Y|E669|Y|R7303|Y|D649|Y|P292|Y|Z560|Y|R4689|Y|||||||| | | | | | | | | | | | | | | | | | | | | | |GZ3|17-Aug-2021|Z741|17-Aug-2021|F419|17-Aug-2021|Z9181|17-Aug-2021|Z1331|17-Aug-2021|Z1331|17-Aug-2021|||||||||||||||||||||||||||||||||||||||0|0||1|450|99495|3.0|2021-08-18T00:00:00|hospital_B|hospital_B_20210817
SYN_BENE_E163F0DB1B2C|SYN_CLM_A4DD58EF73E6|V|60|17-Aug-2021|17-Aug-2021|20-Aug-2021||3|491581|1|1|1|| |1677.79|0.0| ||49|1063523132| |9999868992| |9999868992|||0|1| |1677.79|17-Aug-2021|1|5|A|10|0.0|335.56|0|4|0.0|0.0|0|0|0|0|0|0|0|0|0|0|0|0|0|||||17-Aug-2021|951.0|0|0||Z733|Z733|N|Z604|N|G309|Y|Z653|Y|N1830|Y|R801|Y|E1122|Y|E1129|N|G43719|Y|E785|Y|N181|Y|E1121|Y|E781|Y|R931|Y|E119|Y|I259|Y|E8881|Y|E669|Y|R7303|Y|D649|Y|P292|Y|Z560|Y|R4689|Y|||||||| | | | | | | | | | | | | | | | | | | | | | |GZ3|17-Aug-2021|Z741|17-Aug-2021|F419|17-Aug-2021|Z9181|17-Aug-2021|Z1331|17-Aug-2021|Z1331|17-Aug-2021|||||||||||||||||||||||||||||||||||||||0|0||2|450|96156|3.0|2021-08-18T00:00:00|hospital_B|hospital_B_20210817
SYN_BENE_E163F0DB1B2C|SYN_CLM_A4DD58EF73E6|V|60|17-Aug-2021|17-Aug-2021|20-Aug-2021||3|491581|1|1|1|| |1677.79|0.0| ||49|1063523132| |9999868992| |9999868992|||0|1| |1677.79|17-Aug-2021|1|5|A|10|0.0|335.56|0|4|0.0|0.0|0|0|0|0|0|0|0|0|0|0|0|0|0|||||17-Aug-2021|951.0|0|0||Z733|Z733|N|Z604|N|G309|Y|Z653|Y|N1830|Y|R801|Y|E1122|Y|E1129|N|G43719|Y|E785|Y|N181|Y|E1121|Y|E781|Y|R931|Y|E119|Y|I259|Y|E8881|Y|E669|Y|R7303|Y|D649|Y|P292|Y|Z560|Y|R4689|Y|||||||| | | | | | | | | | | | | | | | | | | | | | |GZ3|17-Aug-2021|Z741|17-Aug-2021|F419|17-Aug-2021|Z9181|17-Aug-2021|Z1331|17-Aug-2021|Z1331|17-Aug-2021|||||||||||||||||||||||||||||||||||||||0|0||3|450|96127|3.0|2021-08-18T00:00:00|hospital_B|hospital_B_20210817
SYN_BENE_E163F0DB1B2C|SYN_CLM_A4DD58EF73E6|V|60|17-Aug-2021|17-Aug-2021|20-Aug-2021||3|491581|1|1|1|| |1677.79|0.0| ||49|1063523132| |9999868992| |9999868992|||0|1| |1677.79|17-Aug-2021|1|5|A|10|0.0|335.56|0|4|0.0|0.0|0|0|0|0|0|0|0|0|0|0|0|0|0|||||17-Aug-2021|951.0|0|0||Z733|Z733|N|Z604|N|G309|Y|Z653|Y|N1830|Y|R801|Y|E1122|Y|E1129|N|G43719|Y|E785|Y|N181|Y|E1121|Y|E781|Y|R931|Y|E119|Y|I259|Y|E8881|Y|E669|Y|R7303|Y|D649|Y|P292|Y|Z560|Y|R4689|Y|||||||| | | | | | | | | | | | | | | | | | | | | | |GZ3|17-Aug-2021|Z741|17-Aug-2021|F419|17-Aug-2021|Z9181|17-Aug-2021|Z1331|17-Aug-2021|Z1331|17-Aug-2021|||||||||||||||||||||||||||||||||||||||0|0||4|450|M1069|3.0|2021-08-18T00:00:00|hospital_B|hospital_B_20210817
SYN_BENE_E163F0DB1B2C|SYN_CLM_A4DD58EF73E6|V|60|17-Aug-2021|17-Aug-2021|20-Aug-2021||3|491581|1|1|1|| |1677.79|0.0| ||49|1063523132| |9999868992| |9999868992|||0|1| |1677.79|17-Aug-2021|1|5|A|10|0.0|335.56|0|4|0.0|0.0|0|0|0|0|0|0|0|0|0|0|0|0|0|||||17-Aug-2021|951.0|0|0||Z733|Z733|N|Z604|N|G309|Y|Z653|Y|N1830|Y|R801|Y|E1122|Y|E1129|N|G43719|Y|E785|Y|N181|Y|E1121|Y|E781|Y|R931|Y|E119|Y|I259|Y|E8881|Y|E669|Y|R7303|Y|D649|Y|P292|Y|Z560|Y|R4689|Y|||||||| | | | | | | | | | | | | | | | | | | | | | |GZ3|17-Aug-2021|Z741|17-Aug-2021|F419|17-Aug-2021|Z9181|17-Aug-2021|Z1331|17-Aug-2021|Z1331|17-Aug-2021|||||||||||||||||||||||||||||||||||||||0|0||5|450|G0444|3.0|2021-08-18T00:00:00|hospital_B|hospital_B_20210817
SYN_BENE_E163F0DB1B2C|SYN_CLM_A4DD58EF73E6|V|60|17-Aug-2021|17-Aug-2021|20-Aug-2021||3|491581|1|1|1|| |1677.79|0.0| ||49|1063523132| |9999868992| |9999868992|||0|1| |1677.79|17-Aug-2021|1|5|A|10|0.0|335.56|0|4|0.0|0.0|0|0|0|0|0|0|0|0|0|0|0|0|0|||||17-Aug-2021|951.0|0|0||Z733|Z733|N|Z604|N|G309|Y|Z653|Y|N1830|Y|R801|Y|E1122|Y|E1129|N|G43719|Y|E785|Y|N181|Y|E1121|Y|E781|Y|R931|Y|E119|Y|I259|Y|E8881|Y|E669|Y|R7303|Y|D649|Y|P292|Y|Z560|Y|R4689|Y|||||||| | | | | | | | | | | | | | | | | | | | | | |GZ3|17-Aug-2021|Z741|17-Aug-2021|F419|17-Aug-2021|Z9181|17-Aug-2021|Z1331|17-Aug-2021|Z1331|17-Aug-2021|||||||||||||||||||||||||||||||||||||||0|0||6|450|G0444|3.0|2021-08-18T00:00:00|hospital_B|hospital_B_20210817
SYN_BENE_E3680062EC9F|SYN_CLM_101AAE4A7D6E|V|60|17-Aug-2021|17-Aug-2021|20-Aug-2021||3|491581|1|1|1|| |1677.79|0.0| ||49|1063523132| |9999868992| |9999868992|||0|1| |1677.79|17-Aug-2021|1|5|A|10|0.0|335.56|0|4|0.0|0.0|0|0|0|0|0|0|0|0|0|0|0|0|0|||||17-Aug-2021|951.0|0|0||Z733|Z733|N|Z604|N|G309|Y|Z653|Y|N1830|Y|R801|Y|E1122|Y|E1129|N|G43719|Y|E785|Y|N181|Y|E1121|Y|E781|Y|R931|Y|E119|Y|I259|Y|E8881|Y|E669|Y|R7303|Y|D649|Y|P292|Y|Z560|Y|R4689|Y|||||||| | | | | | | | | | | | | | | | | | | | | | |GZ3|17-Aug-2021|Z741|17-Aug-2021|F419|17-Aug-2021|Z9181|17-Aug-2021|Z1331|17-Aug-2021|Z1331|17-Aug-2021|||||||||||||||||||||||||||||||||||||||0|0||1|450|99495|3.0|2021-08-18T00:00:00|hospital_B|hospital_B_20210817
SYN_BENE_E3680062EC9F|SYN_CLM_101AAE4A7D6E|V|60|17-Aug-2021|17-Aug-2021|20-Aug-2021||3|491581|1|1|1|| |1677.79|0.0| ||49|1063523132| |9999868992| |9999868992|||0|1| |1677.79|17-Aug-2021|1|5|A|10|0.0|335.56|0|4|0.0|0.0|0|0|0|0|0|0|0|0|0|0|0|0|0|||||17-Aug-2021|951.0|0|0||Z733|Z733|N|Z604|N|G309|Y|Z653|Y|N1830|Y|R801|Y|E1122|Y|E1129|N|G43719|Y|E785|Y|N181|Y|E1121|Y|E781|Y|R931|Y|E119|Y|I259|Y|E8881|Y|E669|Y|R7303|Y|D649|Y|P292|Y|Z560|Y|R4689|Y|||||||| | | | | | | | | | | | | | | | | | | | | | |GZ3|17-Aug-2021|Z741|17-Aug-2021|F419|17-Aug-2021|Z9181|17-Aug-2021|Z1331|17-Aug-2021|Z1331|17-Aug-2021|||||||||||||||||||||||||||||||||||||||0|0||2|450|96156|3.0|2021-08-18T00:00:00|hospital_B|hospital_B_20210817
SYN_BENE_E3680062EC9F|SYN_CLM_101AAE4A7D6E|V|60|17-Aug-2021|17-Aug-2021|20-Aug-2021||3|491581|1|1|1|| |1677.79|0.0| ||49|1063523132| |9999868992| |9999868992|||0|1| |1677.79|17-Aug-2021|1|5|A|10|0.0|335.56|0|4|0.0|0.0|0|0|0|0|0|0|0|0|0|0|0|0|0|||||17-Aug-2021|951.0|0|0||Z733|Z733|N|Z604|N|G309|Y|Z653|Y|N1830|Y|R801|Y|E1122|Y|E1129|N|G43719|Y|E785|Y|N181|Y|E1121|Y|E781|Y|R931|Y|E119|Y|I259|Y|E8881|Y|E669|Y|R7303|Y|D649|Y|P292|Y|Z560|Y|R4689|Y|||||||| | | | | | | | | | | | | | | | | | | | | | |GZ3|17-Aug-2021|Z741|17-Aug-2021|F419|17-Aug-2021|Z9181|17-Aug-2021|Z1331|17-Aug-2021|Z1331|17-Aug-2021|||||||||||||||||||||||||||||||||||||||0|0||3|450|96127|3.0|2021-08-18T00:00:00|hospital_B|hospital_B_20210817
SYN_BENE_E3680062EC9F|SYN_CLM_101AAE4A7D6E|V|60|17-Aug-2021|17-Aug-2021|20-Aug-2021||3|491581|1|1|1|| |1677.79|0.0| ||49|1063523132| |9999868992| |9999868992|||0|1| |1677.79|17-Aug-2021|1|5|A|10|0.0|335.56|0|4|0.0|0.0|0|0|0|0|0|0|0|0|0|0|0|0|0|||||17-Aug-2021|951.0|0|0||Z733|Z733|N|Z604|N|G309|Y|Z653|Y|N1830|Y|R801|Y|E1122|Y|E1129|N|G43719|Y|E785|Y|N181|Y|E1121|Y|E781|Y|R931|Y|E119|Y|I259|Y|E8881|Y|E669|Y|R7303|Y|D649|Y|P292|Y|Z560|Y|R4689|Y|||||||| | | | | | | | | | | | | | | | | | | | | | |GZ3|17-Aug-2021|Z741|17-Aug-2021|F419|17-Aug-2021|Z9181|17-Aug-2021|Z1331|17-Aug-2021|Z1331|17-Aug-2021|||||||||||||||||||||||||||||||||||||||0|0||4|450|M1069|3.0|2021-08-18T00:00:00|hospital_B|hospital_B_20210817
SYN_BENE_E3680062EC9F|SYN_CLM_101AAE4A7D6E|V|60|17-Aug-2021|17-Aug-2021|20-Aug-2021||3|491581|1|1|1|| |1677.79|0.0| ||49|1063523132| |9999868992| |9999868992|||0|1| |1677.79|17-Aug-2021|1|5|A|10|0.0|335.56|0|4|0.0|0.0|0|0|0|0|0|0|0|0|0|0|0|0|0|||||17-Aug-2021|951.0|0|0||Z733|Z733|N|Z604|N|G309|Y|Z653|Y|N1830|Y|R801|Y|E1122|Y|E1129|N|G43719|Y|E785|Y|N181|Y|E1121|Y|E781|Y|R931|Y|E119|Y|I259|Y|E8881|Y|E669|Y|R7303|Y|D649|Y|P292|Y|Z560|Y|R4689|Y|||||||| | | | | | | | | | | | | | | | | | | | | | |GZ3|17-Aug-2021|Z741|17-Aug-2021|F419|17-Aug-2021|Z9181|17-Aug-2021|Z1331|17-Aug-2021|Z1331|17-Aug-2021|||||||||||||||||||||||||||||||||||||||0|0||5|450|G0444|3.0|2021-08-18T00:00:00|hospital_B|hospital_B_20210817
SYN_BENE_E3680062EC9F|SYN_CLM_101AAE4A7D6E|V|60|17-Aug-2021|17-Aug-2021|20-Aug-2021||3|491581|1|1|1|| |1677.79|0.0| ||49|1063523132| |9999868992| |9999868992|||0|1| |1677.79|17-Aug-2021|1|5|A|10|0.0|335.56|0|4|0.0|0.0|0|0|0|0|0|0|0|0|0|0|0|0|0|||||17-Aug-2021|951.0|0|0||Z733|Z733|N|Z604|N|G309|Y|Z653|Y|N1830|Y|R801|Y|E1122|Y|E1129|N|G43719|Y|E785|Y|N181|Y|E1121|Y|E781|Y|R931|Y|E119|Y|I259|Y|E8881|Y|E669|Y|R7303|Y|D649|Y|P292|Y|Z560|Y|R4689|Y|||||||| | | | | | | | | | | | | | | | | | | | | | |GZ3|17-Aug-2021|Z741|17-Aug-2021|F419|17-Aug-2021|Z9181|17-Aug-2021|Z1331|17-Aug-2021|Z1331|17-Aug-2021|||||||||||||||||||||||||||||||||||||||0|0||6|450|G0444|3.0|2021-08-18T00:00:00|hospital_B|hospital_B_20210817
SYN_BENE_5AF73887E8E1|SYN_CLM_BCC91F8D941C|V|60|17-Aug-2021|17-Aug-2021|20-Aug-2021||3|491581|1|1|1|| |1677.79|0.0| ||49|1063523132| |9999868992| |9999868992|||0|1| |1677.79|17-Aug-2021|1|5|A|10|0.0|335.56|0|4|0.0|0.0|0|0|0|0|0|0|0|0|0|0|0|0|0|||||17-Aug-2021|951.0|0|0||Z733|Z733|N|Z604|N|G309|Y|Z653|Y|N1830|Y|R801|Y|E1122|Y|E1129|N|G43719|Y|E785|Y|N181|Y|E1121|Y|E781|Y|R931|Y|E119|Y|I259|Y|E8881|Y|E669|Y|R7303|Y|D649|Y|P292|Y|Z560|Y|R4689|Y|||||||| | | | | | | | | | | | | | | | | | | | | | |GZ3|17-Aug-2021|Z741|17-Aug-2021|F419|17-Aug-2021|Z9181|17-Aug-2021|Z1331|17-Aug-2021|Z1331|17-Aug-2021|||||||||||||||||||||||||||||||||||||||0|0||1|450|99495|3.0|2021-08-18T00:00:00|hospital_B|hospital_B_20210817
SYN_BENE_5AF73887E8E1|SYN_CLM_BCC91F8D941C|V|60|17-Aug-2021|17-Aug-2021|20-Aug-2021||3|491581|1|1|1|| |1677.79|0.0| ||49|1063523132| |9999868992| |9999868992|||0|1| |1677.79|17-Aug-2021|1|5|A|10|0.0|335.56|0|4|0.0|0.0|0|0|0|0|0|0|0|0|0|0|0|0|0|||||17-Aug-2021|951.0|0|0||Z733|Z733|N|Z604|N|G309|Y|Z653|Y|N1830|Y|R801|Y|E1122|Y|E1129|N|G43719|Y|E785|Y|N181|Y|E1121|Y|E781|Y|R931|Y|E119|Y|I259|Y|E8881|Y|E669|Y|R7303|Y|D649|Y|P292|Y|Z560|Y|R4689|Y|||||||| | | | | | | | | | | | | | | | | | | | | | |GZ3|17-Aug-2021|Z741|17-Aug-2021|F419|17-Aug-2021|Z9181|17-Aug-2021|Z1331|17-Aug-2021|Z1331|17-Aug-2021|||||||||||||||||||||||||||||||||||||||0|0||2|450|96156|3.0|2021-08-18T00:00:00|hospital_B|hospital_B_20210817
SYN_BENE_5AF73887E8E1|SYN_CLM_BCC91F8D941C|V|60|17-Aug-2021|17-Aug-2021|20-Aug-2021||3|491581|1|1|1|| |1677.79|0.0| ||49|1063523132| |9999868992| |9999868992|||0|1| |1677.79|17-Aug-2021|1|5|A|10|0.0|335.56|0|4|0.0|0.0|0|0|0|0|0|0|0|0|0|0|0|0|0|||||17-Aug-2021|951.0|0|0||Z733|Z733|N|Z604|N|G309|Y|Z653|Y|N1830|Y|R801|Y|E1122|Y|E1129|N|G43719|Y|E785|Y|N181|Y|E1121|Y|E781|Y|R931|Y|E119|Y|I259|Y|E8881|Y|E669|Y|R7303|Y|D649|Y|P292|Y|Z560|Y|R4689|Y|||||||| | | | | | | | | | | | | | | | | | | | | | |GZ3|17-Aug-2021|Z741|17-Aug-2021|F419|17-Aug-2021|Z9181|17-Aug-2021|Z1331|17-Aug-2021|Z1331|17-Aug-2021|||||||||||||||||||||||||||||||||||||||0|0||3|450|96127|3.0|2021-08-18T00:00:00|hospital_B|hospital_B_20210817
SYN_BENE_5AF73887E8E1|SYN_CLM_BCC91F8D941C|V|60|17-Aug-2021|17-Aug-2021|20-Aug-2021||3|491581|1|1|1|| |1677.79|0.0| ||49|1063523132| |9999868992| |9999868992|||0|1| |1677.79|17-Aug-2021|1|5|A|10|0.0|335.56|0|4|0.0|0.0|0|0|0|0|0|0|0|0|0|0|0|0|0|||||17-Aug-2021|951.0|0|0||Z733|Z733|N|Z604|N|G309|Y|Z653|Y|N1830|Y|R801|Y|E1122|Y|E1129|N|G43719|Y|E785|Y|N181|Y|E1121|Y|E781|Y|R931|Y|E119|Y|I259|Y|E8881|Y|E669|Y|R7303|Y|D649|Y|P292|Y|Z560|Y|R4689|Y|||||||| | | | | | | | | | | | | | | | | | | | | | |GZ3|17-Aug-2021|Z741|17-Aug-2021|F419|17-Aug-2021|Z9181|17-Aug-2021|Z1331|17-Aug-2021|Z1331|17-Aug-2021|||||||||||||||||||||||||||||||||||||||0|0||4|450|M1069|3.0|2021-08-18T00:00:00|hospital_B|hospital_B_20210817
SYN_BENE_5AF73887E8E1|SYN_CLM_BCC91F8D941C|V|60|17-Aug-2021|17-Aug-2021|20-Aug-2021||3|491581|1|1|1|| |1677.79|0.0| ||49|1063523132| |9999868992| |9999868992|||0|1| |1677.79|17-Aug-2021|1|5|A|10|0.0|335.56|0|4|0.0|0.0|0|0|0|0|0|0|0|0|0|0|0|0|0|||||17-Aug-2021|951.0|0|0||Z733|Z733|N|Z604|N|G309|Y|Z653|Y|N1830|Y|R801|Y|E1122|Y|E1129|N|G43719|Y|E785|Y|N181|Y|E1121|Y|E781|Y|R931|Y|E119|Y|I259|Y|E8881|Y|E669|Y|R7303|Y|D649|Y|P292|Y|Z560|Y|R4689|Y|||||||| | | | | | | | | | | | | | | | | | | | | | |GZ3|17-Aug-2021|Z741|17-Aug-2021|F419|17-Aug-2021|Z9181|17-Aug-2021|Z1331|17-Aug-2021|Z1331|17-Aug-2021|||||||||||||||||||||||||||||||||||||||0|0||5|450|G0444|3.0|2021-08-18T00:00:00|hospital_B|hospital_B_20210817
SYN_BENE_5AF73887E8E1|SYN_CLM_BCC91F8D941C|V|60|17-Aug-2021|17-Aug-2021|20-Aug-2021||3|491581|1|1|1|| |1677.79|0.0| ||49|1063523132| |9999868992| |9999868992|||0|1| |1677.79|17-Aug-2021|1|5|A|10|0.0|335.56|0|4|0.0|0.0|0|0|0|0|0|0|0|0|0|0|0|0|0|||||17-Aug-2021|951.0|0|0||Z733|Z733|N|Z604|N|G309|Y|Z653|Y|N1830|Y|R801|Y|E1122|Y|E1129|N|G43719|Y|E785|Y|N181|Y|E1121|Y|E781|Y|R931|Y|E119|Y|I259|Y|E8881|Y|E669|Y|R7303|Y|D649|Y|P292|Y|Z560|Y|R4689|Y|||||||| | | | | | | | | | | | | | | | | | | | | | |GZ3|17-Aug-2021|Z741|17-Aug-2021|F419|17-Aug-2021|Z9181|17-Aug-2021|Z1331|17-Aug-2021|Z1331|17-Aug-2021|||||||||||||||||||||||||||||||||||||||0|0||6|450|G0444|3.0|2021-08-18T00:00:00|hospital_B|hospital_B_20210817
SYN_BENE_4E0573924B8F|SYN_CLM_C83E8000DDA0|V|60|17-Aug-2021|17-Aug-2021|20-Aug-2021||3|491581|1|1|1|| |1677.79|0.0| ||49|1063523132| |9999868992| |9999868992|||0|1| |1677.79|17-Aug-2021|1|5|A|10|0.0|335.56|0|4|0.0|0.0|0|0|0|0|0|0|0|0|0|0|0|0|0|||||17-Aug-2021|951.0|0|0||Z733|Z733|N|Z604|N|G309|Y|Z653|Y|N1830|Y|R801|Y|E1122|Y|E1129|N|G43719|Y|E785|Y|N181|Y|E1121|Y|E781|Y|R931|Y|E119|Y|I259|Y|E8881|Y|E669|Y|R7303|Y|D649|Y|P292|Y|Z560|Y|R4689|Y|||||||| | | | | | | | | | | | | | | | | | | | | | |GZ3|17-Aug-2021|Z741|17-Aug-2021|F419|17-Aug-2021|Z9181|17-Aug-2021|Z1331|17-Aug-2021|Z1331|17-Aug-2021|||||||||||||||||||||||||||||||||||||||0|0||1|450|99495|3.0|2021-08-18T00:00:00|hospital_B|hospital_B_20210817
SYN_BENE_4E0573924B8F|SYN_CLM_C83E8000DDA0|V|60|17-Aug-2021|17-Aug-2021|20-Aug-2021||3|491581|1|1|1|| |1677.79|0.0| ||49|1063523132| |9999868992| |9999868992|||0|1| |1677.79|17-Aug-2021|1|5|A|10|0.0|335.56|0|4|0.0|0.0|0|0|0|0|0|0|0|0|0|0|0|0|0|||||17-Aug-2021|951.0|0|0||Z733|Z733|N|Z604|N|G309|Y|Z653|Y|N1830|Y|R801|Y|E1122|Y|E1129|N|G43719|Y|E785|Y|N181|Y|E1121|Y|E781|Y|R931|Y|E119|Y|I259|Y|E8881|Y|E669|Y|R7303|Y|D649|Y|P292|Y|Z560|Y|R4689|Y|||||||| | | | | | | | | | | | | | | | | | | | | | |GZ3|17-Aug-2021|Z741|17-Aug-2021|F419|17-Aug-2021|Z9181|17-Aug-2021|Z1331|17-Aug-2021|Z1331|17-Aug-2021|||||||||||||||||||||||||||||||||||||||0|0||2|450|96156|3.0|2021-08-18T00:00:00|hospital_B|hospital_B_20210817
SYN_BENE_4E0573924B8F|SYN_CLM_C83E8000DDA0|V|60|17-Aug-2021|17-Aug-2021|20-Aug-2021||3|491581|1|1|1|| |1677.79|0.0| ||49|1063523132| |9999868992| |9999868992|||0|1| |1677.79|17-Aug-2021|1|5|A|10|0.0|335.56|0|4|0.0|0.0|0|0|0|0|0|0|0|0|0|0|0|0|0|||||17-Aug-2021|951.0|0|0||Z733|Z733|N|Z604|N|G309|Y|Z653|Y|N1830|Y|R801|Y|E1122|Y|E1129|N|G43719|Y|E785|Y|N181|Y|E1121|Y|E781|Y|R931|Y|E119|Y|I259|Y|E8881|Y|E669|Y|R7303|Y|D649|Y|P292|Y|Z560|Y|R4689|Y|||||||| | | | | | | | | | | | | | | | | | | | | | |GZ3|17-Aug-2021|Z741|17-Aug-2021|F419|17-Aug-2021|Z9181|17-Aug-2021|Z1331|17-Aug-2021|Z1331|17-Aug-2021|||||||||||||||||||||||||||||||||||||||0|0||3|450|96127|3.0|2021-08-18T00:00:00|hospital_B|hospital_B_20210817
SYN_BENE_4E0573924B8F|SYN_CLM_C83E8000DDA0|V|60|17-Aug-2021|17-Aug-2021|20-Aug-2021||3|491581|1|1|1|| |1677.79|0.0| ||49|1063523132| |9999868992| |9999868992|||0|1| |1677.79|17-Aug-2021|1|5|A|10|0.0|335.56|0|4|0.0|0.0|0|0|0|0|0|0|0|0|0|0|0|0|0|||||17-Aug-2021|951.0|0|0||Z733|Z733|N|Z604|N|G309|Y|Z653|Y|N1830|Y|R801|Y|E1122|Y|E1129|N|G43719|Y|E785|Y|N181|Y|E1121|Y|E781|Y|R931|Y|E119|Y|I259|Y|E8881|Y|E669|Y|R7303|Y|D649|Y|P292|Y|Z560|Y|R4689|Y|||||||| | | | | | | | | | | | | | | | | | | | | | |GZ3|17-Aug-2021|Z741|17-Aug-2021|F419|17-Aug-2021|Z9181|17-Aug-2021|Z1331|17-Aug-2021|Z1331|17-Aug-2021|||||||||||||||||||||||||||||||||||||||0|0||4|450|M1069|3.0|2021-08-18T00:00:00|hospital_B|hospital_B_20210817
SYN_BENE_4E0573924B8F|SYN_CLM_C83E8000DDA0|V|60|17-Aug-2021|17-Aug-2021|20-Aug-2021||3|491581|1|1|1|| |1677.79|0.0| ||49|1063523132| |9999868992| |9999868992|||0|1| |1677.79|17-Aug-2021|1|5|A|10|0.0|335.56|0|4|0.0|0.0|0|0|0|0|0|0|0|0|0|0|0|0|0|||||17-Aug-2021|951.0|0|0||Z733|Z733|N|Z604|N|G309|Y|Z653|Y|N1830|Y|R801|Y|E1122|Y|E1129|N|G43719|Y|E785|Y|N181|Y|E1121|Y|E781|Y|R931|Y|E119|Y|I259|Y|E8881|Y|E669|Y|R7303|Y|D649|Y|P292|Y|Z560|Y|R4689|Y|||||||| | | | | | | | | | | | | | | | | | | | | | |GZ3|17-Aug-2021|Z741|17-Aug-2021|F419|17-Aug-2021|Z9181|17-Aug-2021|Z1331|17-Aug-2021|Z1331|17-Aug-2021|||||||||||||||||||||||||||||||||||||||0|0||5|450|G0444|3.0|2021-08-18T00:00:00|hospital_B|hospital_B_20210817
SYN_BENE_4E0573924B8F|SYN_CLM_C83E8000DDA0|V|60|17-Aug-2021|17-Aug-2021|20-Aug-2021||3|491581|1|1|1|| |1677.79|0.0| ||49|1063523132| |9999868992| |9999868992|||0|1| |1677.79|17-Aug-2021|1|5|A|10|0.0|335.56|0|4|0.0|0.0|0|0|0|0|0|0|0|0|0|0|0|0|0|||||17-Aug-2021|951.0|0|0||Z733|Z733|N|Z604|N|G309|Y|Z653|Y|N1830|Y|R801|Y|E1122|Y|E1129|N|G43719|Y|E785|Y|N181|Y|E1121|Y|E781|Y|R931|Y|E119|Y|I259|Y|E8881|Y|E669|Y|R7303|Y|D649|Y|P292|Y|Z560|Y|R4689|Y|||||||| | | | | | | | | | | | | | | | | | | | | | |GZ3|17-Aug-2021|Z741|17-Aug-2021|F419|17-Aug-2021|Z9181|17-Aug-2021|Z1331|17-Aug-2021|Z1331|17-Aug-2021|||||||||||||||||||||||||||||||||||||||0|0||6|450|G0444|3.0|2021-08-18T00:00:00|hospital_B|hospital_B_20210817
SYN_BENE_A1B96D07438F|SYN_CLM_7B0A5902F00F|V|60|17-Aug-2021|17-Aug-2021|20-Aug-2021||3|491581|1|1|1|| |1677.79|0.0| ||49|1063523132| |9999868992| |9999868992|||0|1| |1677.79|17-Aug-2021|1|5|A|10|0.0|335.56|0|4|0.0|0.0|0|0|0|0|0|0|0|0|0|0|0|0|0|||||17-Aug-2021|951.0|0|0||Z733|Z733|N|Z604|N|G309|Y|Z653|Y|N1830|Y|R801|Y|E1122|Y|E1129|N|G43719|Y|E785|Y|N181|Y|E1121|Y|E781|Y|R931|Y|E119|Y|I259|Y|E8881|Y|E669|Y|R7303|Y|D649|Y|P292|Y|Z560|Y|R4689|Y|||||||| | | | | | | | | | | | | | | | | | | | | | |GZ3|17-Aug-2021|Z741|17-Aug-2021|F419|17-Aug-2021|Z9181|17-Aug-2021|Z1331|17-Aug-2021|Z1331|17-Aug-2021|||||||||||||||||||||||||||||||||||||||0|0||1|450|99495|3.0|2021-08-18T00:00:00|hospital_B|hospital_B_20210817
SYN_BENE_A1B96D07438F|SYN_CLM_7B0A5902F00F|V|60|17-Aug-2021|17-Aug-2021|20-Aug-2021||3|491581|1|1|1|| |1677.79|0.0| ||49|1063523132| |9999868992| |9999868992|||0|1| |1677.79|17-Aug-2021|1|5|A|10|0.0|335.56|0|4|0.0|0.0|0|0|0|0|0|0|0|0|0|0|0|0|0|||||17-Aug-2021|951.0|0|0||Z733|Z733|N|Z604|N|G309|Y|Z653|Y|N1830|Y|R801|Y|E1122|Y|E1129|N|G43719|Y|E785|Y|N181|Y|E1121|Y|E781|Y|R931|Y|E119|Y|I259|Y|E8881|Y|E669|Y|R7303|Y|D649|Y|P292|Y|Z560|Y|R4689|Y|||||||| | | | | | | | | | | | | | | | | | | | | | |GZ3|17-Aug-2021|Z741|17-Aug-2021|F419|17-Aug-2021|Z9181|17-Aug-2021|Z1331|17-Aug-2021|Z1331|17-Aug-2021|||||||||||||||||||||||||||||||||||||||0|0||2|450|96156|3.0|2021-08-18T00:00:00|hospital_B|hospital_B_20210817
SYN_BENE_A1B96D07438F|SYN_CLM_7B0A5902F00F|V|60|17-Aug-2021|17-Aug-2021|20-Aug-2021||3|491581|1|1|1|| |1677.79|0.0| ||49|1063523132| |9999868992| |9999868992|||0|1| |1677.79|17-Aug-2021|1|5|A|10|0.0|335.56|0|4|0.0|0.0|0|0|0|0|0|0|0|0|0|0|0|0|0|||||17-Aug-2021|951.0|0|0||Z733|Z733|N|Z604|N|G309|Y|Z653|Y|N1830|Y|R801|Y|E1122|Y|E1129|N|G43719|Y|E785|Y|N181|Y|E1121|Y|E781|Y|R931|Y|E119|Y|I259|Y|E8881|Y|E669|Y|R7303|Y|D649|Y|P292|Y|Z560|Y|R4689|Y|||||||| | | | | | | | | | | | | | | | | | | | | | |GZ3|17-Aug-2021|Z741|17-Aug-2021|F419|17-Aug-2021|Z9181|17-Aug-2021|Z1331|17-Aug-2021|Z1331|17-Aug-2021|||||||||||||||||||||||||||||||||||||||0|0||3|450|96127|3.0|2021-08-18T00:00:00|hospital_B|hospital_B_20210817
SYN_BENE_A1B96D07438F|SYN_CLM_7B0A5902F00F|V|60|17-Aug-2021|17-Aug-2021|20-Aug-2021||3|491581|1|1|1|| |1677.79|0.0| ||49|1063523132| |9999868992| |9999868992|||0|1| |1677.79|17-Aug-2021|1|5|A|10|0.0|335.56|0|4|0.0|0.0|0|0|0|0|0|0|0|0|0|0|0|0|0|||||17-Aug-2021|951.0|0|0||Z733|Z733|N|Z604|N|G309|Y|Z653|Y|N1830|Y|R801|Y|E1122|Y|E1129|N|G43719|Y|E785|Y|N181|Y|E1121|Y|E781|Y|R931|Y|E119|Y|I259|Y|E8881|Y|E669|Y|R7303|Y|D649|Y|P292|Y|Z560|Y|R4689|Y|||||||| | | | | | | | | | | | | | | | | | | | | | |GZ3|17-Aug-2021|Z741|17-Aug-2021|F419|17-Aug-2021|Z9181|17-Aug-2021|Z1331|17-Aug-2021|Z1331|17-Aug-2021|||||||||||||||||||||||||||||||||||||||0|0||4|450|M1069|3.0|2021-08-18T00:00:00|hospital_B|hospital_B_20210817
SYN_BENE_A1B96D07438F|SYN_CLM_7B0A5902F00F|V|60|17-Aug-2021|17-Aug-2021|20-Aug-2021||3|491581|1|1|1|| |1677.79|0.0| ||49|1063523132| |9999868992| |9999868992|||0|1| |1677.79|17-Aug-2021|1|5|A|10|0.0|335.56|0|4|0.0|0.0|0|0|0|0|0|0|0|0|0|0|0|0|0|||||17-Aug-2021|951.0|0|0||Z733|Z733|N|Z604|N|G309|Y|Z653|Y|N1830|Y|R801|Y|E1122|Y|E1129|N|G43719|Y|E785|Y|N181|Y|E1121|Y|E781|Y|R931|Y|E119|Y|I259|Y|E8881|Y|E669|Y|R7303|Y|D649|Y|P292|Y|Z560|Y|R4689|Y|||||||| | | | | | | | | | | | | | | | | | | | | | |GZ3|17-Aug-2021|Z741|17-Aug-2021|F419|17-Aug-2021|Z9181|17-Aug-2021|Z1331|17-Aug-2021|Z1331|17-Aug-2021|||||||||||||||||||||||||||||||||||||||0|0||5|450|G0444|3.0|2021-08-18T00:00:00|hospital_B|hospital_B_20210817
SYN_BENE_A1B96D07438F|SYN_CLM_7B0A5902F00F|V|60|17-Aug-2021|17-Aug-2021|20-Aug-2021||3|491581|1|1|1|| |1677.79|0.0| ||49|1063523132| |9999868992| |9999868992|||0|1| |1677.79|17-Aug-2021|1|5|A|10|0.0|335.56|0|4|0.0|0.0|0|0|0|0|0|0|0|0|0|0|0|0|0|||||17-Aug-2021|951.0|0|0||Z733|Z733|N|Z604|N|G309|Y|Z653|Y|N1830|Y|R801|Y|E1122|Y|E1129|N|G43719|Y|E785|Y|N181|Y|E1121|Y|E781|Y|R931|Y|E119|Y|I259|Y|E8881|Y|E669|Y|R7303|Y|D649|Y|P292|Y|Z560|Y|R4689|Y|||||||| | | | | | | | | | | | | | | | | | | | | | |GZ3|17-Aug-2021|Z741|17-Aug-2021|F419|17-Aug-2021|Z9181|17-Aug-2021|Z1331|17-Aug-2021|Z1331|17-Aug-2021|||||||||||||||||||||||||||||||||||||||0|0||6|450|G0444|3.0|2021-08-18T00:00:00|hospital_B|hospital_B_20210817
SYN_BENE_CEC0CF8D92E8|SYN_CLM_6E6DB6BA9416|V|60|17-Aug-2021|17-Aug-2021|20-Aug-2021||3|491581|1|1|1|| |1677.79|0.0| ||49|1063523132| |9999868992| |9999868992|||0|1| |1677.79|17-Aug-2021|1|5|A|10|0.0|335.56|0|4|0.0|0.0|0|0|0|0|0|0|0|0|0|0|0|0|0|||||17-Aug-2021|951.0|0|0||Z733|Z733|N|Z604|N|G309|Y|Z653|Y|N1830|Y|R801|Y|E1122|Y|E1129|N|G43719|Y|E785|Y|N181|Y|E1121|Y|E781|Y|R931|Y|E119|Y|I259|Y|E8881|Y|E669|Y|R7303|Y|D649|Y|P292|Y|Z560|Y|R4689|Y|||||||| | | | | | | | | | | | | | | | | | | | | | |GZ3|17-Aug-2021|Z741|17-Aug-2021|F419|17-Aug-2021|Z9181|17-Aug-2021|Z1331|17-Aug-2021|Z1331|17-Aug-2021|||||||||||||||||||||||||||||||||||||||0|0||1|450|99495|3.0|2021-08-18T00:00:00|hospital_B|hospital_B_20210817
SYN_BENE_CEC0CF8D92E8|SYN_CLM_6E6DB6BA9416|V|60|17-Aug-2021|17-Aug-2021|20-Aug-2021||3|491581|1|1|1|| |1677.79|0.0| ||49|1063523132| |9999868992| |9999868992|||0|1| |1677.79|17-Aug-2021|1|5|A|10|0.0|335.56|0|4|0.0|0.0|0|0|0|0|0|0|0|0|0|0|0|0|0|||||17-Aug-2021|951.0|0|0||Z733|Z733|N|Z604|N|G309|Y|Z653|Y|N1830|Y|R801|Y|E1122|Y|E1129|N|G43719|Y|E785|Y|N181|Y|E1121|Y|E781|Y|R931|Y|E119|Y|I259|Y|E8881|Y|E669|Y|R7303|Y|D649|Y|P292|Y|Z560|Y|R4689|Y|||||||| | | | | | | | | | | | | | | | | | | | | | |GZ3|17-Aug-2021|Z741|17-Aug-2021|F419|17-Aug-2021|Z9181|17-Aug-2021|Z1331|17-Aug-2021|Z1331|17-Aug-2021|||||||||||||||||||||||||||||||||||||||0|0||2|450|96156|3.0|2021-08-18T00:00:00|hospital_B|hospital_B_20210817
SYN_BENE_CEC0CF8D92E8|SYN_CLM_6E6DB6BA9416|V|60|17-Aug-2021|17-Aug-2021|20-Aug-2021||3|491581|1|1|1|| |1677.79|0.0| ||49|1063523132| |9999868992| |9999868992|||0|1| |1677.79|17-Aug-2021|1|5|A|10|0.0|335.56|0|4|0.0|0.0|0|0|0|0|0|0|0|0|0|0|0|0|0|||||17-Aug-2021|951.0|0|0||Z733|Z733|N|Z604|N|G309|Y|Z653|Y|N1830|Y|R801|Y|E1122|Y|E1129|N|G43719|Y|E785|Y|N181|Y|E1121|Y|E781|Y|R931|Y|E119|Y|I259|Y|E8881|Y|E669|Y|R7303|Y|D649|Y|P292|Y|Z560|Y|R4689|Y|||||||| | | | | | | | | | | | | | | | | | | | | | |GZ3|17-Aug-2021|Z741|17-Aug-2021|F419|17-Aug-2021|Z9181|17-Aug-2021|Z1331|17-Aug-2021|Z1331|17-Aug-2021|||||||||||||||||||||||||||||||||||||||0|0||3|450|96127|3.0|2021-08-18T00:00:00|hospital_B|hospital_B_20210817
SYN_BENE_CEC0CF8D92E8|SYN_CLM_6E6DB6BA9416|V|60|17-Aug-2021|17-Aug-2021|20-Aug-2021||3|491581|1|1|1|| |1677.79|0.0| ||49|1063523132| |9999868992| |9999868992|||0|1| |1677.79|17-Aug-2021|1|5|A|10|0.0|335.56|0|4|0.0|0.0|0|0|0|0|0|0|0|0|0|0|0|0|0|||||17-Aug-2021|951.0|0|0||Z733|Z733|N|Z604|N|G309|Y|Z653|Y|N1830|Y|R801|Y|E1122|Y|E1129|N|G43719|Y|E785|Y|N181|Y|E1121|Y|E781|Y|R931|Y|E119|Y|I259|Y|E8881|Y|E669|Y|R7303|Y|D649|Y|P292|Y|Z560|Y|R4689|Y|||||||| | | | | | | | | | | | | | | | | | | | | | |GZ3|17-Aug-2021|Z741|17-Aug-2021|F419|17-Aug-2021|Z9181|17-Aug-2021|Z1331|17-Aug-2021|Z1331|17-Aug-2021|||||||||||||||||||||||||||||||||||||||0|0||4|450|M1069|3.0|2021-08-18T00:00:00|hospital_B|hospital_B_20210817
SYN_BENE_CEC0CF8D92E8|SYN_CLM_6E6DB6BA9416|V|60|17-Aug-2021|17-Aug-2021|20-Aug-2021||3|491581|1|1|1|| |1677.79|0.0| ||49|1063523132| |9999868992| |9999868992|||0|1| |1677.79|17-Aug-2021|1|5|A|10|0.0|335.56|0|4|0.0|0.0|0|0|0|0|0|0|0|0|0|0|0|0|0|||||17-Aug-2021|951.0|0|0||Z733|Z733|N|Z604|N|G309|Y|Z653|Y|N1830|Y|R801|Y|E1122|Y|E1129|N|G43719|Y|E785|Y|N181|Y|E1121|Y|E781|Y|R931|Y|E119|Y|I259|Y|E8881|Y|E669|Y|R7303|Y|D649|Y|P292|Y|Z560|Y|R4689|Y|||||||| | | | | | | | | | | | | | | | | | | | | | |GZ3|17-Aug-2021|Z741|17-Aug-2021|F419|17-Aug-2021|Z9181|17-Aug-2021|Z1331|17-Aug-2021|Z1331|17-Aug-2021|||||||||||||||||||||||||||||||||||||||0|0||5|450|G0444|3.0|2021-08-18T00:00:00|hospital_B|hospital_B_20210817
SYN_BENE_CEC0CF8D92E8|SYN_CLM_6E6DB6BA9416|V|60|17-Aug-2021|17-Aug-2021|20-Aug-2021||3|491581|1|1|1|| |1677.79|0.0| ||49|1063523132| |9999868992| |9999868992|||0|1| |1677.79|17-Aug-2021|1|5|A|10|0.0|335.56|0|4|0.0|0.0|0|0|0|0|0|0|0|0|0|0|0|0|0|||||17-Aug-2021|951.0|0|0||Z733|Z733|N|Z604|N|G309|Y|Z653|Y|N1830|Y|R801|Y|E1122|Y|E1129|N|G43719|Y|E785|Y|N181|Y|E1121|Y|E781|Y|R931|Y|E119|Y|I259|Y|E8881|Y|E669|Y|R7303|Y|D649|Y|P292|Y|Z560|Y|R4689|Y|||||||| | | | | | | | | | | | | | | | | | | | | | |GZ3|17-Aug-2021|Z741|17-Aug-2021|F419|17-Aug-2021|Z9181|17-Aug-2021|Z1331|17-Aug-2021|Z1331|17-Aug-2021|||||||||||||||||||||||||||||||||||||||0|0||6|450|G0444|3.0|2021-08-18T00:00:00|hospital_B|hospital_B_20210817
SYN_BENE_91D1F0804F8A|SYN_CLM_12940DC23C41|V|60|17-Aug-2021|17-Aug-2021|20-Aug-2021||3|491581|1|1|1|| |1677.79|0.0| ||49|1063523132| |9999868992| |9999868992|||0|1| |1677.79|17-Aug-2021|1|5|A|10|0.0|335.56|0|4|0.0|0.0|0|0|0|0|0|0|0|0|0|0|0|0|0|||||17-Aug-2021|951.0|0|0||Z733|Z733|N|Z604|N|G309|Y|Z653|Y|N1830|Y|R801|Y|E1122|Y|E1129|N|G43719|Y|E785|Y|N181|Y|E1121|Y|E781|Y|R931|Y|E119|Y|I259|Y|E8881|Y|E669|Y|R7303|Y|D649|Y|P292|Y|Z560|Y|R4689|Y|||||||| | | | | | | | | | | | | | | | | | | | | | |GZ3|17-Aug-2021|Z741|17-Aug-2021|F419|17-Aug-2021|Z9181|17-Aug-2021|Z1331|17-Aug-2021|Z1331|17-Aug-2021|||||||||||||||||||||||||||||||||||||||0|0||1|450|99495|3.0|2021-08-18T00:00:00|hospital_B|hospital_B_20210817
SYN_BENE_91D1F0804F8A|SYN_CLM_12940DC23C41|V|60|17-Aug-2021|17-Aug-2021|20-Aug-2021||3|491581|1|1|1|| |1677.79|0.0| ||49|1063523132| |9999868992| |9999868992|||0|1| |1677.79|17-Aug-2021|1|5|A|10|0.0|335.56|0|4|0.0|0.0|0|0|0|0|0|0|0|0|0|0|0|0|0|||||17-Aug-2021|951.0|0|0||Z733|Z733|N|Z604|N|G309|Y|Z653|Y|N1830|Y|R801|Y|E1122|Y|E1129|N|G43719|Y|E785|Y|N181|Y|E1121|Y|E781|Y|R931|Y|E119|Y|I259|Y|E8881|Y|E669|Y|R7303|Y|D649|Y|P292|Y|Z560|Y|R4689|Y|||||||| | | | | | | | | | | | | | | | | | | | | | |GZ3|17-Aug-2021|Z741|17-Aug-2021|F419|17-Aug-2021|Z9181|17-Aug-2021|Z1331|17-Aug-2021|Z1331|17-Aug-2021|||||||||||||||||||||||||||||||||||||||0|0||2|450|96156|3.0|2021-08-18T00:00:00|hospital_B|hospital_B_20210817
SYN_BENE_91D1F0804F8A|SYN_CLM_12940DC23C41|V|60|17-Aug-2021|17-Aug-2021|20-Aug-2021||3|491581|1|1|1|| |1677.79|0.0| ||49|1063523132| |9999868992| |9999868992|||0|1| |1677.79|17-Aug-2021|1|5|A|10|0.0|335.56|0|4|0.0|0.0|0|0|0|0|0|0|0|0|0|0|0|0|0|||||17-Aug-2021|951.0|0|0||Z733|Z733|N|Z604|N|G309|Y|Z653|Y|N1830|Y|R801|Y|E1122|Y|E1129|N|G43719|Y|E785|Y|N181|Y|E1121|Y|E781|Y|R931|Y|E119|Y|I259|Y|E8881|Y|E669|Y|R7303|Y|D649|Y|P292|Y|Z560|Y|R4689|Y|||||||| | | | | | | | | | | | | | | | | | | | | | |GZ3|17-Aug-2021|Z741|17-Aug-2021|F419|17-Aug-2021|Z9181|17-Aug-2021|Z1331|17-Aug-2021|Z1331|17-Aug-2021|||||||||||||||||||||||||||||||||||||||0|0||3|450|96127|3.0|2021-08-18T00:00:00|hospital_B|hospital_B_20210817
SYN_BENE_91D1F0804F8A|SYN_CLM_12940DC23C41|V|60|17-Aug-2021|17-Aug-2021|20-Aug-2021||3|491581|1|1|1|| |1677.79|0.0| ||49|1063523132| |9999868992| |9999868992|||0|1| |1677.79|17-Aug-2021|1|5|A|10|0.0|335.56|0|4|0.0|0.0|0|0|0|0|0|0|0|0|0|0|0|0|0|||||17-Aug-2021|951.0|0|0||Z733|Z733|N|Z604|N|G309|Y|Z653|Y|N1830|Y|R801|Y|E1122|Y|E1129|N|G43719|Y|E785|Y|N181|Y|E1121|Y|E781|Y|R931|Y|E119|Y|I259|Y|E8881|Y|E669|Y|R7303|Y|D649|Y|P292|Y|Z560|Y|R4689|Y|||||||| | | | | | | | | | | | | | | | | | | | | | |GZ3|17-Aug-2021|Z741|17-Aug-2021|F419|17-Aug-2021|Z9181|17-Aug-2021|Z1331|17-Aug-2021|Z1331|17-Aug-2021|||||||||||||||||||||||||||||||||||||||0|0||4|450|M1069|3.0|2021-08-18T00:00:00|hospital_B|hospital_B_20210817
SYN_BENE_91D1F0804F8A|SYN_CLM_12940DC23C41|V|60|17-Aug-2021|17-Aug-2021|20-Aug-2021||3|491581|1|1|1|| |1677.79|0.0| ||49|1063523132| |9999868992| |9999868992|||0|1| |1677.79|17-Aug-2021|1|5|A|10|0.0|335.56|0|4|0.0|0.0|0|0|0|0|0|0|0|0|0|0|0|0|0|||||17-Aug-2021|951.0|0|0||Z733|Z733|N|Z604|N|G309|Y|Z653|Y|N1830|Y|R801|Y|E1122|Y|E1129|N|G43719|Y|E785|Y|N181|Y|E1121|Y|E781|Y|R931|Y|E119|Y|I259|Y|E8881|Y|E669|Y|R7303|Y|D649|Y|P292|Y|Z560|Y|R4689|Y|||||||| | | | | | | | | | | | | | | | | | | | | | |GZ3|17-Aug-2021|Z741|17-Aug-2021|F419|17-Aug-2021|Z9181|17-Aug-2021|Z1331|17-Aug-2021|Z1331|17-Aug-2021|||||||||||||||||||||||||||||||||||||||0|0||5|450|G0444|3.0|2021-08-18T00:00:00|hospital_B|hospital_B_20210817
SYN_BENE_91D1F0804F8A|SYN_CLM_12940DC23C41|V|60|17-Aug-2021|17-Aug-2021|20-Aug-2021||3|491581|1|1|1|| |1677.79|0.0| ||49|1063523132| |9999868992| |9999868992|||0|1| |1677.79|17-Aug-2021|1|5|A|10|0.0|335.56|0|4|0.0|0.0|0|0|0|0|0|0|0|0|0|0|0|0|0|||||17-Aug-2021|951.0|0|0||Z733|Z733|N|Z604|N|G309|Y|Z653|Y|N1830|Y|R801|Y|E1122|Y|E1129|N|G43719|Y|E785|Y|N181|Y|E1121|Y|E781|Y|R931|Y|E119|Y|I259|Y|E8881|Y|E669|Y|R7303|Y|D649|Y|P292|Y|Z560|Y|R4689|Y|||||||| | | | | | | | | | | | | | | | | | | | | | |GZ3|17-Aug-2021|Z741|17-Aug-2021|F419|17-Aug-2021|Z9181|17-Aug-2021|Z1331|17-Aug-2021|Z1331|17-Aug-2021|||||||||||||||||||||||||||||||||||||||0|0||6|450|G0444|3.0|2021-08-18T00:00:00|hospital_B|hospital_B_20210817
SYN_BENE_F97819113972|SYN_CLM_79E6FBF296A2|V|60|17-Aug-2021|17-Aug-2021|20-Aug-2021||3|491581|1|1|1|| |1677.79|0.0| ||49|1063523132| |9999868992| |9999868992|||0|1| |1677.79|17-Aug-2021|1|5|A|10|0.0|335.56|0|4|0.0|0.0|0|0|0|0|0|0|0|0|0|0|0|0|0|||||17-Aug-2021|951.0|0|0||Z733|Z733|N|Z604|N|G309|Y|Z653|Y|N1830|Y|R801|Y|E1122|Y|E1129|N|G43719|Y|E785|Y|N181|Y|E1121|Y|E781|Y|R931|Y|E119|Y|I259|Y|E8881|Y|E669|Y|R7303|Y|D649|Y|P292|Y|Z560|Y|R4689|Y|||||||| | | | | | | | | | | | | | | | | | | | | | |GZ3|17-Aug-2021|Z741|17-Aug-2021|F419|17-Aug-2021|Z9181|17-Aug-2021|Z1331|17-Aug-2021|Z1331|17-Aug-2021|||||||||||||||||||||||||||||||||||||||0|0||1|450|99495|3.0|2021-08-18T00:00:00|hospital_B|hospital_B_20210817
SYN_BENE_F97819113972|SYN_CLM_79E6FBF296A2|V|60|17-Aug-2021|17-Aug-2021|20-Aug-2021||3|491581|1|1|1|| |1677.79|0.0| ||49|1063523132| |9999868992| |9999868992|||0|1| |1677.79|17-Aug-2021|1|5|A|10|0.0|335.56|0|4|0.0|0.0|0|0|0|0|0|0|0|0|0|0|0|0|0|||||17-Aug-2021|951.0|0|0||Z733|Z733|N|Z604|N|G309|Y|Z653|Y|N1830|Y|R801|Y|E1122|Y|E1129|N|G43719|Y|E785|Y|N181|Y|E1121|Y|E781|Y|R931|Y|E119|Y|I259|Y|E8881|Y|E669|Y|R7303|Y|D649|Y|P292|Y|Z560|Y|R4689|Y|||||||| | | | | | | | | | | | | | | | | | | | | | |GZ3|17-Aug-2021|Z741|17-Aug-2021|F419|17-Aug-2021|Z9181|17-Aug-2021|Z1331|17-Aug-2021|Z1331|17-Aug-2021|||||||||||||||||||||||||||||||||||||||0|0||2|450|96156|3.0|2021-08-18T00:00:00|hospital_B|hospital_B_20210817
SYN_BENE_F97819113972|SYN_CLM_79E6FBF296A2|V|60|17-Aug-2021|17-Aug-2021|20-Aug-2021||3|491581|1|1|1|| |1677.79|0.0| ||49|1063523132| |9999868992| |9999868992|||0|1| |1677.79|17-Aug-2021|1|5|A|10|0.0|335.56|0|4|0.0|0.0|0|0|0|0|0|0|0|0|0|0|0|0|0|||||17-Aug-2021|951.0|0|0||Z733|Z733|N|Z604|N|G309|Y|Z653|Y|N1830|Y|R801|Y|E1122|Y|E1129|N|G43719|Y|E785|Y|N181|Y|E1121|Y|E781|Y|R931|Y|E119|Y|I259|Y|E8881|Y|E669|Y|R7303|Y|D649|Y|P292|Y|Z560|Y|R4689|Y|||||||| | | | | | | | | | | | | | | | | | | | | | |GZ3|17-Aug-2021|Z741|17-Aug-2021|F419|17-Aug-2021|Z9181|17-Aug-2021|Z1331|17-Aug-2021|Z1331|17-Aug-2021|||||||||||||||||||||||||||||||||||||||0|0||3|450|96127|3.0|2021-08-18T00:00:00|hospital_B|hospital_B_20210817
SYN_BENE_F97819113972|SYN_CLM_79E6FBF296A2|V|60|17-Aug-2021|17-Aug-2021|20-Aug-2021||3|491581|1|1|1|| |1677.79|0.0| ||49|1063523132| |9999868992| |9999868992|||0|1| |1677.79|17-Aug-2021|1|5|A|10|0.0|335.56|0|4|0.0|0.0|0|0|0|0|0|0|0|0|0|0|0|0|0|||||17-Aug-2021|951.0|0|0||Z733|Z733|N|Z604|N|G309|Y|Z653|Y|N1830|Y|R801|Y|E1122|Y|E1129|N|G43719|Y|E785|Y|N181|Y|E1121|Y|E781|Y|R931|Y|E119|Y|I259|Y|E8881|Y|E669|Y|R7303|Y|D649|Y|P292|Y|Z560|Y|R4689|Y|||||||| | | | | | | | | | | | | | | | | | | | | | |GZ3|17-Aug-2021|Z741|17-Aug-2021|F419|17-Aug-2021|Z9181|17-Aug-2021|Z1331|17-Aug-2021|Z1331|17-Aug-2021|||||||||||||||||||||||||||||||||||||||0|0||4|450|M1069|3.0|2021-08-18T00:00:00|hospital_B|hospital_B_20210817
SYN_BENE_F97819113972|SYN_CLM_79E6FBF296A2|V|60|17-Aug-2021|17-Aug-2021|20-Aug-2021||3|491581|1|1|1|| |1677.79|0.0| ||49|1063523132| |9999868992| |9999868992|||0|1| |1677.79|17-Aug-2021|1|5|A|10|0.0|335.56|0|4|0.0|0.0|0|0|0|0|0|0|0|0|0|0|0|0|0|||||17-Aug-2021|951.0|0|0||Z733|Z733|N|Z604|N|G309|Y|Z653|Y|N1830|Y|R801|Y|E1122|Y|E1129|N|G43719|Y|E785|Y|N181|Y|E1121|Y|E781|Y|R931|Y|E119|Y|I259|Y|E8881|Y|E669|Y|R7303|Y|D649|Y|P292|Y|Z560|Y|R4689|Y|||||||| | | | | | | | | | | | | | | | | | | | | | |GZ3|17-Aug-2021|Z741|17-Aug-2021|F419|17-Aug-2021|Z9181|17-Aug-2021|Z1331|17-Aug-2021|Z1331|17-Aug-2021|||||||||||||||||||||||||||||||||||||||0|0||5|450|G0444|3.0|2021-08-18T00:00:00|hospital_B|hospital_B_20210817
SYN_BENE_F97819113972|SYN_CLM_79E6FBF296A2|V|60|17-Aug-2021|17-Aug-2021|20-Aug-2021||3|491581|1|1|1|| |1677.79|0.0| ||49|1063523132| |9999868992| |9999868992|||0|1| |1677.79|17-Aug-2021|1|5|A|10|0.0|335.56|0|4|0.0|0.0|0|0|0|0|0|0|0|0|0|0|0|0|0|||||17-Aug-2021|951.0|0|0||Z733|Z733|N|Z604|N|G309|Y|Z653|Y|N1830|Y|R801|Y|E1122|Y|E1129|N|G43719|Y|E785|Y|N181|Y|E1121|Y|E781|Y|R931|Y|E119|Y|I259|Y|E8881|Y|E669|Y|R7303|Y|D649|Y|P292|Y|Z560|Y|R4689|Y|||||||| | | | | | | | | | | | | | | | | | | | | | |GZ3|17-Aug-2021|Z741|17-Aug-2021|F419|17-Aug-2021|Z9181|17-Aug-2021|Z1331|17-Aug-2021|Z1331|17-Aug-2021|||||||||||||||||||||||||||||||||||||||0|0||6|450|G0444|3.0|2021-08-18T00:00:00|hospital_B|hospital_B_20210817
SYN_BENE_D9FB610FE343|SYN_CLM_52F8047F93BF|V|60|17-Aug-2021|17-Aug-2021|20-Aug-2021||3|491581|1|1|1|| |1677.79|0.0| ||49|1063523132| |9999868992| |9999868992|||0|1| |1677.79|17-Aug-2021|1|5|A|10|0.0|335.56|0|4|0.0|0.0|0|0|0|0|0|0|0|0|0|0|0|0|0|||||17-Aug-2021|951.0|0|0||Z733|Z733|N|Z604|N|G309|Y|Z653|Y|N1830|Y|R801|Y|E1122|Y|E1129|N|G43719|Y|E785|Y|N181|Y|E1121|Y|E781|Y|R931|Y|E119|Y|I259|Y|E8881|Y|E669|Y|R7303|Y|D649|Y|P292|Y|Z560|Y|R4689|Y|||||||| | | | | | | | | | | | | | | | | | | | | | |GZ3|17-Aug-2021|Z741|17-Aug-2021|F419|17-Aug-2021|Z9181|17-Aug-2021|Z1331|17-Aug-2021|Z1331|17-Aug-2021|||||||||||||||||||||||||||||||||||||||0|0||1|450|99495|3.0|2021-08-18T00:00:00|hospital_B|hospital_B_20210817
SYN_BENE_D9FB610FE343|SYN_CLM_52F8047F93BF|V|60|17-Aug-2021|17-Aug-2021|20-Aug-2021||3|491581|1|1|1|| |1677.79|0.0| ||49|1063523132| |9999868992| |9999868992|||0|1| |1677.79|17-Aug-2021|1|5|A|10|0.0|335.56|0|4|0.0|0.0|0|0|0|0|0|0|0|0|0|0|0|0|0|||||17-Aug-2021|951.0|0|0||Z733|Z733|N|Z604|N|G309|Y|Z653|Y|N1830|Y|R801|Y|E1122|Y|E1129|N|G43719|Y|E785|Y|N181|Y|E1121|Y|E781|Y|R931|Y|E119|Y|I259|Y|E8881|Y|E669|Y|R7303|Y|D649|Y|P292|Y|Z560|Y|R4689|Y|||||||| | | | | | | | | | | | | | | | | | | | | | |GZ3|17-Aug-2021|Z741|17-Aug-2021|F419|17-Aug-2021|Z9181|17-Aug-2021|Z1331|17-Aug-2021|Z1331|17-Aug-2021|||||||||||||||||||||||||||||||||||||||0|0||2|450|96156|3.0|2021-08-18T00:00:00|hospital_B|hospital_B_20210817
SYN_BENE_D9FB610FE343|SYN_CLM_52F8047F93BF|V|60|17-Aug-2021|17-Aug-2021|20-Aug-2021||3|491581|1|1|1|| |1677.79|0.0| ||49|1063523132| |9999868992| |9999868992|||0|1| |1677.79|17-Aug-2021|1|5|A|10|0.0|335.56|0|4|0.0|0.0|0|0|0|0|0|0|0|0|0|0|0|0|0|||||17-Aug-2021|951.0|0|0||Z733|Z733|N|Z604|N|G309|Y|Z653|Y|N1830|Y|R801|Y|E1122|Y|E1129|N|G43719|Y|E785|Y|N181|Y|E1121|Y|E781|Y|R931|Y|E119|Y|I259|Y|E8881|Y|E669|Y|R7303|Y|D649|Y|P292|Y|Z560|Y|R4689|Y|||||||| | | | | | | | | | | | | | | | | | | | | | |GZ3|17-Aug-2021|Z741|17-Aug-2021|F419|17-Aug-2021|Z9181|17-Aug-2021|Z1331|17-Aug-2021|Z1331|17-Aug-2021|||||||||||||||||||||||||||||||||||||||0|0||3|450|96127|3.0|2021-08-18T00:00:00|hospital_B|hospital_B_20210817
SYN_BENE_D9FB610FE343|SYN_CLM_52F8047F93BF|V|60|17-Aug-2021|17-Aug-2021|20-Aug-2021||3|491581|1|1|1|| |1677.79|0.0| ||49|1063523132| |9999868992| |9999868992|||0|1| |1677.79|17-Aug-2021|1|5|A|10|0.0|335.56|0|4|0.0|0.0|0|0|0|0|0|0|0|0|0|0|0|0|0|||||17-Aug-2021|951.0|0|0||Z733|Z733|N|Z604|N|G309|Y|Z653|Y|N1830|Y|R801|Y|E1122|Y|E1129|N|G43719|Y|E785|Y|N181|Y|E1121|Y|E781|Y|R931|Y|E119|Y|I259|Y|E8881|Y|E669|Y|R7303|Y|D649|Y|P292|Y|Z560|Y|R4689|Y|||||||| | | | | | | | | | | | | | | | | | | | | | |GZ3|17-Aug-2021|Z741|17-Aug-2021|F419|17-Aug-2021|Z9181|17-Aug-2021|Z1331|17-Aug-2021|Z1331|17-Aug-2021|||||||||||||||||||||||||||||||||||||||0|0||4|450|M1069|3.0|2021-08-18T00:00:00|hospital_B|hospital_B_20210817
SYN_BENE_D9FB610FE343|SYN_CLM_52F8047F93BF|V|60|17-Aug-2021|17-Aug-2021|20-Aug-2021||3|491581|1|1|1|| |1677.79|0.0| ||49|1063523132| |9999868992| |9999868992|||0|1| |1677.79|17-Aug-2021|1|5|A|10|0.0|335.56|0|4|0.0|0.0|0|0|0|0|0|0|0|0|0|0|0|0|0|||||17-Aug-2021|951.0|0|0||Z733|Z733|N|Z604|N|G309|Y|Z653|Y|N1830|Y|R801|Y|E1122|Y|E1129|N|G43719|Y|E785|Y|N181|Y|E1121|Y|E781|Y|R931|Y|E119|Y|I259|Y|E8881|Y|E669|Y|R7303|Y|D649|Y|P292|Y|Z560|Y|R4689|Y|||||||| | | | | | | | | | | | | | | | | | | | | | |GZ3|17-Aug-2021|Z741|17-Aug-2021|F419|17-Aug-2021|Z9181|17-Aug-2021|Z1331|17-Aug-2021|Z1331|17-Aug-2021|||||||||||||||||||||||||||||||||||||||0|0||5|450|G0444|3.0|2021-08-18T00:00:00|hospital_B|hospital_B_20210817
SYN_BENE_D9FB610FE343|SYN_CLM_52F8047F93BF|V|60|17-Aug-2021|17-Aug-2021|20-Aug-2021||3|491581|1|1|1|| |1677.79|0.0| ||49|1063523132| |9999868992| |9999868992|||0|1| |1677.79|17-Aug-2021|1|5|A|10|0.0|335.56|0|4|0.0|0.0|0|0|0|0|0|0|0|0|0|0|0|0|0|||||17-Aug-2021|951.0|0|0||Z733|Z733|N|Z604|N|G309|Y|Z653|Y|N1830|Y|R801|Y|E1122|Y|E1129|N|G43719|Y|E785|Y|N181|Y|E1121|Y|E781|Y|R931|Y|E119|Y|I259|Y|E8881|Y|E669|Y|R7303|Y|D649|Y|P292|Y|Z560|Y|R4689|Y|||||||| | | | | | | | | | | | | | | | | | | | | | |GZ3|17-Aug-2021|Z741|17-Aug-2021|F419|17-Aug-2021|Z9181|17-Aug-2021|Z1331|17-Aug-2021|Z1331|17-Aug-2021|||||||||||||||||||||||||||||||||||||||0|0||6|450|G0444|3.0|2021-08-18T00:00:00|hospital_B|hospital_B_20210817
SYN_BENE_9DDEB8435993|SYN_CLM_72BEF9E533C6|V|60|17-Aug-2021|17-Aug-2021|20-Aug-2021||3|491581|1|1|1|| |1677.79|0.0| ||49|1063523132| |9999868992| |9999868992|||0|1| |1677.79|17-Aug-2021|1|5|A|10|0.0|335.56|0|4|0.0|0.0|0|0|0|0|0|0|0|0|0|0|0|0|0|||||17-Aug-2021|951.0|0|0||Z733|Z733|N|Z604|N|G309|Y|Z653|Y|N1830|Y|R801|Y|E1122|Y|E1129|N|G43719|Y|E785|Y|N181|Y|E1121|Y|E781|Y|R931|Y|E119|Y|I259|Y|E8881|Y|E669|Y|R7303|Y|D649|Y|P292|Y|Z560|Y|R4689|Y|||||||| | | | | | | | | | | | | | | | | | | | | | |GZ3|17-Aug-2021|Z741|17-Aug-2021|F419|17-Aug-2021|Z9181|17-Aug-2021|Z1331|17-Aug-2021|Z1331|17-Aug-2021|||||||||||||||||||||||||||||||||||||||0|0||1|450|99495|3.0|2021-08-18T00:00:00|hospital_B|hospital_B_20210817
SYN_BENE_9DDEB8435993|SYN_CLM_72BEF9E533C6|V|60|17-Aug-2021|17-Aug-2021|20-Aug-2021||3|491581|1|1|1|| |1677.79|0.0| ||49|1063523132| |9999868992| |9999868992|||0|1| |1677.79|17-Aug-2021|1|5|A|10|0.0|335.56|0|4|0.0|0.0|0|0|0|0|0|0|0|0|0|0|0|0|0|||||17-Aug-2021|951.0|0|0||Z733|Z733|N|Z604|N|G309|Y|Z653|Y|N1830|Y|R801|Y|E1122|Y|E1129|N|G43719|Y|E785|Y|N181|Y|E1121|Y|E781|Y|R931|Y|E119|Y|I259|Y|E8881|Y|E669|Y|R7303|Y|D649|Y|P292|Y|Z560|Y|R4689|Y|||||||| | | | | | | | | | | | | | | | | | | | | | |GZ3|17-Aug-2021|Z741|17-Aug-2021|F419|17-Aug-2021|Z9181|17-Aug-2021|Z1331|17-Aug-2021|Z1331|17-Aug-2021|||||||||||||||||||||||||||||||||||||||0|0||2|450|96156|3.0|2021-08-18T00:00:00|hospital_B|hospital_B_20210817
SYN_BENE_9DDEB8435993|SYN_CLM_72BEF9E533C6|V|60|17-Aug-2021|17-Aug-2021|20-Aug-2021||3|491581|1|1|1|| |1677.79|0.0| ||49|1063523132| |9999868992| |9999868992|||0|1| |1677.79|17-Aug-2021|1|5|A|10|0.0|335.56|0|4|0.0|0.0|0|0|0|0|0|0|0|0|0|0|0|0|0|||||17-Aug-2021|951.0|0|0||Z733|Z733|N|Z604|N|G309|Y|Z653|Y|N1830|Y|R801|Y|E1122|Y|E1129|N|G43719|Y|E785|Y|N181|Y|E1121|Y|E781|Y|R931|Y|E119|Y|I259|Y|E8881|Y|E669|Y|R7303|Y|D649|Y|P292|Y|Z560|Y|R4689|Y|||||||| | | | | | | | | | | | | | | | | | | | | | |GZ3|17-Aug-2021|Z741|17-Aug-2021|F419|17-Aug-2021|Z9181|17-Aug-2021|Z1331|17-Aug-2021|Z1331|17-Aug-2021|||||||||||||||||||||||||||||||||||||||0|0||3|450|96127|3.0|2021-08-18T00:00:00|hospital_B|hospital_B_20210817
SYN_BENE_9DDEB8435993|SYN_CLM_72BEF9E533C6|V|60|17-Aug-2021|17-Aug-2021|20-Aug-2021||3|491581|1|1|1|| |1677.79|0.0| ||49|1063523132| |9999868992| |9999868992|||0|1| |1677.79|17-Aug-2021|1|5|A|10|0.0|335.56|0|4|0.0|0.0|0|0|0|0|0|0|0|0|0|0|0|0|0|||||17-Aug-2021|951.0|0|0||Z733|Z733|N|Z604|N|G309|Y|Z653|Y|N1830|Y|R801|Y|E1122|Y|E1129|N|G43719|Y|E785|Y|N181|Y|E1121|Y|E781|Y|R931|Y|E119|Y|I259|Y|E8881|Y|E669|Y|R7303|Y|D649|Y|P292|Y|Z560|Y|R4689|Y|||||||| | | | | | | | | | | | | | | | | | | | | | |GZ3|17-Aug-2021|Z741|17-Aug-2021|F419|17-Aug-2021|Z9181|17-Aug-2021|Z1331|17-Aug-2021|Z1331|17-Aug-2021|||||||||||||||||||||||||||||||||||||||0|0||4|450|M1069|3.0|2021-08-18T00:00:00|hospital_B|hospital_B_20210817
SYN_BENE_9DDEB8435993|SYN_CLM_72BEF9E533C6|V|60|17-Aug-2021|17-Aug-2021|20-Aug-2021||3|491581|1|1|1|| |1677.79|0.0| ||49|1063523132| |9999868992| |9999868992|||0|1| |1677.79|17-Aug-2021|1|5|A|10|0.0|335.56|0|4|0.0|0.0|0|0|0|0|0|0|0|0|0|0|0|0|0|||||17-Aug-2021|951.0|0|0||Z733|Z733|N|Z604|N|G309|Y|Z653|Y|N1830|Y|R801|Y|E1122|Y|E1129|N|G43719|Y|E785|Y|N181|Y|E1121|Y|E781|Y|R931|Y|E119|Y|I259|Y|E8881|Y|E669|Y|R7303|Y|D649|Y|P292|Y|Z560|Y|R4689|Y|||||||| | | | | | | | | | | | | | | | | | | | | | |GZ3|17-Aug-2021|Z741|17-Aug-2021|F419|17-Aug-2021|Z9181|17-Aug-2021|Z1331|17-Aug-2021|Z1331|17-Aug-2021|||||||||||||||||||||||||||||||||||||||0|0||5|450|G0444|3.0|2021-08-18T00:00:00|hospital_B|hospital_B_20210817
SYN_BENE_9DDEB8435993|SYN_CLM_72BEF9E533C6|V|60|17-Aug-2021|17-Aug-2021|20-Aug-2021||3|491581|1|1|1|| |1677.79|0.0| ||49|1063523132| |9999868992| |9999868992|||0|1| |1677.79|17-Aug-2021|1|5|A|10|0.0|335.56|0|4|0.0|0.0|0|0|0|0|0|0|0|0|0|0|0|0|0|||||17-Aug-2021|951.0|0|0||Z733|Z733|N|Z604|N|G309|Y|Z653|Y|N1830|Y|R801|Y|E1122|Y|E1129|N|G43719|Y|E785|Y|N181|Y|E1121|Y|E781|Y|R931|Y|E119|Y|I259|Y|E8881|Y|E669|Y|R7303|Y|D649|Y|P292|Y|Z560|Y|R4689|Y|||||||| | | | | | | | | | | | | | | | | | | | | | |GZ3|17-Aug-2021|Z741|17-Aug-2021|F419|17-Aug-2021|Z9181|17-Aug-2021|Z1331|17-Aug-2021|Z1331|17-Aug-2021|||||||||||||||||||||||||||||||||||||||0|0||6|450|G0444|3.0|2021-08-18T00:00:00|hospital_B|hospital_B_20210817
SYN_BENE_B4F3C80E68B0|SYN_CLM_CA78E972ADBB|V|60|17-Aug-2021|17-Aug-2021|20-Aug-2021||3|491581|1|1|1|| |1677.79|0.0| ||49|1063523132| |9999868992| |9999868992|||0|1| |1677.79|17-Aug-2021|1|5|A|10|0.0|335.56|0|4|0.0|0.0|0|0|0|0|0|0|0|0|0|0|0|0|0|||||17-Aug-2021|951.0|0|0||Z733|Z733|N|Z604|N|G309|Y|Z653|Y|N1830|Y|R801|Y|E1122|Y|E1129|N|G43719|Y|E785|Y|N181|Y|E1121|Y|E781|Y|R931|Y|E119|Y|I259|Y|E8881|Y|E669|Y|R7303|Y|D649|Y|P292|Y|Z560|Y|R4689|Y|||||||| | | | | | | | | | | | | | | | | | | | | | |GZ3|17-Aug-2021|Z741|17-Aug-2021|F419|17-Aug-2021|Z9181|17-Aug-2021|Z1331|17-Aug-2021|Z1331|17-Aug-2021|||||||||||||||||||||||||||||||||||||||0|0||1|450|99495|3.0|2021-08-18T00:00:00|hospital_B|hospital_B_20210817
SYN_BENE_B4F3C80E68B0|SYN_CLM_CA78E972ADBB|V|60|17-Aug-2021|17-Aug-2021|20-Aug-2021||3|491581|1|1|1|| |1677.79|0.0| ||49|1063523132| |9999868992| |9999868992|||0|1| |1677.79|17-Aug-2021|1|5|A|10|0.0|335.56|0|4|0.0|0.0|0|0|0|0|0|0|0|0|0|0|0|0|0|||||17-Aug-2021|951.0|0|0||Z733|Z733|N|Z604|N|G309|Y|Z653|Y|N1830|Y|R801|Y|E1122|Y|E1129|N|G43719|Y|E785|Y|N181|Y|E1121|Y|E781|Y|R931|Y|E119|Y|I259|Y|E8881|Y|E669|Y|R7303|Y|D649|Y|P292|Y|Z560|Y|R4689|Y|||||||| | | | | | | | | | | | | | | | | | | | | | |GZ3|17-Aug-2021|Z741|17-Aug-2021|F419|17-Aug-2021|Z9181|17-Aug-2021|Z1331|17-Aug-2021|Z1331|17-Aug-2021|||||||||||||||||||||||||||||||||||||||0|0||2|450|96156|3.0|2021-08-18T00:00:00|hospital_B|hospital_B_20210817
SYN_BENE_B4F3C80E68B0|SYN_CLM_CA78E972ADBB|V|60|17-Aug-2021|17-Aug-2021|20-Aug-2021||3|491581|1|1|1|| |1677.79|0.0| ||49|1063523132| |9999868992| |9999868992|||0|1| |1677.79|17-Aug-2021|1|5|A|10|0.0|335.56|0|4|0.0|0.0|0|0|0|0|0|0|0|0|0|0|0|0|0|||||17-Aug-2021|951.0|0|0||Z733|Z733|N|Z604|N|G309|Y|Z653|Y|N1830|Y|R801|Y|E1122|Y|E1129|N|G43719|Y|E785|Y|N181|Y|E1121|Y|E781|Y|R931|Y|E119|Y|I259|Y|E8881|Y|E669|Y|R7303|Y|D649|Y|P292|Y|Z560|Y|R4689|Y|||||||| | | | | | | | | | | | | | | | | | | | | | |GZ3|17-Aug-2021|Z741|17-Aug-2021|F419|17-Aug-2021|Z9181|17-Aug-2021|Z1331|17-Aug-2021|Z1331|17-Aug-2021|||||||||||||||||||||||||||||||||||||||0|0||3|450|96127|3.0|2021-08-18T00:00:00|hospital_B|hospital_B_20210817
SYN_BENE_B4F3C80E68B0|SYN_CLM_CA78E972ADBB|V|60|17-Aug-2021|17-Aug-2021|20-Aug-2021||3|491581|1|1|1|| |1677.79|0.0| ||49|1063523132| |9999868992| |9999868992|||0|1| |1677.79|17-Aug-2021|1|5|A|10|0.0|335.56|0|4|0.0|0.0|0|0|0|0|0|0|0|0|0|0|0|0|0|||||17-Aug-2021|951.0|0|0||Z733|Z733|N|Z604|N|G309|Y|Z653|Y|N1830|Y|R801|Y|E1122|Y|E1129|N|G43719|Y|E785|Y|N181|Y|E1121|Y|E781|Y|R931|Y|E119|Y|I259|Y|E8881|Y|E669|Y|R7303|Y|D649|Y|P292|Y|Z560|Y|R4689|Y|||||||| | | | | | | | | | | | | | | | | | | | | | |GZ3|17-Aug-2021|Z741|17-Aug-2021|F419|17-Aug-2021|Z9181|17-Aug-2021|Z1331|17-Aug-2021|Z1331|17-Aug-2021|||||||||||||||||||||||||||||||||||||||0|0||4|450|M1069|3.0|2021-08-18T00:00:00|hospital_B|hospital_B_20210817
SYN_BENE_B4F3C80E68B0|SYN_CLM_CA78E972ADBB|V|60|17-Aug-2021|17-Aug-2021|20-Aug-2021||3|491581|1|1|1|| |1677.79|0.0| ||49|1063523132| |9999868992| |9999868992|||0|1| |1677.79|17-Aug-2021|1|5|A|10|0.0|335.56|0|4|0.0|0.0|0|0|0|0|0|0|0|0|0|0|0|0|0|||||17-Aug-2021|951.0|0|0||Z733|Z733|N|Z604|N|G309|Y|Z653|Y|N1830|Y|R801|Y|E1122|Y|E1129|N|G43719|Y|E785|Y|N181|Y|E1121|Y|E781|Y|R931|Y|E119|Y|I259|Y|E8881|Y|E669|Y|R7303|Y|D649|Y|P292|Y|Z560|Y|R4689|Y|||||||| | | | | | | | | | | | | | | | | | | | | | |GZ3|17-Aug-2021|Z741|17-Aug-2021|F419|17-Aug-2021|Z9181|17-Aug-2021|Z1331|17-Aug-2021|Z1331|17-Aug-2021|||||||||||||||||||||||||||||||||||||||0|0||5|450|G0444|3.0|2021-08-18T00:00:00|hospital_B|hospital_B_20210817
SYN_BENE_B4F3C80E68B0|SYN_CLM_CA78E972ADBB|V|60|17-Aug-2021|17-Aug-2021|20-Aug-2021||3|491581|1|1|1|| |1677.79|0.0| ||49|1063523132| |9999868992| |9999868992|||0|1| |1677.79|17-Aug-2021|1|5|A|10|0.0|335.56|0|4|0.0|0.0|0|0|0|0|0|0|0|0|0|0|0|0|0|||||17-Aug-2021|951.0|0|0||Z733|Z733|N|Z604|N|G309|Y|Z653|Y|N1830|Y|R801|Y|E1122|Y|E1129|N|G43719|Y|E785|Y|N181|Y|E1121|Y|E781|Y|R931|Y|E119|Y|I259|Y|E8881|Y|E669|Y|R7303|Y|D649|Y|P292|Y|Z560|Y|R4689|Y|||||||| | | | | | | | | | | | | | | | | | | | | | |GZ3|17-Aug-2021|Z741|17-Aug-2021|F419|17-Aug-2021|Z9181|17-Aug-2021|Z1331|17-Aug-2021|Z1331|17-Aug-2021|||||||||||||||||||||||||||||||||||||||0|0||6|450|G0444|3.0|2021-08-18T00:00:00|hospital_B|hospital_B_20210817
SYN_BENE_F746A5194179|SYN_CLM_76CDF5605165|V|60|17-Aug-2021|17-Aug-2021|20-Aug-2021||3|491581|1|1|1|| |1677.79|0.0| ||49|1063523132| |9999868992| |9999868992|||0|1| |1677.79|17-Aug-2021|1|5|A|10|0.0|335.56|0|4|0.0|0.0|0|0|0|0|0|0|0|0|0|0|0|0|0|||||17-Aug-2021|951.0|0|0||Z733|Z733|N|Z604|N|G309|Y|Z653|Y|N1830|Y|R801|Y|E1122|Y|E1129|N|G43719|Y|E785|Y|N181|Y|E1121|Y|E781|Y|R931|Y|E119|Y|I259|Y|E8881|Y|E669|Y|R7303|Y|D649|Y|P292|Y|Z560|Y|R4689|Y|||||||| | | | | | | | | | | | | | | | | | | | | | |GZ3|17-Aug-2021|Z741|17-Aug-2021|F419|17-Aug-2021|Z9181|17-Aug-2021|Z1331|17-Aug-2021|Z1331|17-Aug-2021|||||||||||||||||||||||||||||||||||||||0|0||1|450|99495|3.0|2021-08-18T00:00:00|hospital_B|hospital_B_20210817
SYN_BENE_F746A5194179|SYN_CLM_76CDF5605165|V|60|17-Aug-2021|17-Aug-2021|20-Aug-2021||3|491581|1|1|1|| |1677.79|0.0| ||49|1063523132| |9999868992| |9999868992|||0|1| |1677.79|17-Aug-2021|1|5|A|10|0.0|335.56|0|4|0.0|0.0|0|0|0|0|0|0|0|0|0|0|0|0|0|||||17-Aug-2021|951.0|0|0||Z733|Z733|N|Z604|N|G309|Y|Z653|Y|N1830|Y|R801|Y|E1122|Y|E1129|N|G43719|Y|E785|Y|N181|Y|E1121|Y|E781|Y|R931|Y|E119|Y|I259|Y|E8881|Y|E669|Y|R7303|Y|D649|Y|P292|Y|Z560|Y|R4689|Y|||||||| | | | | | | | | | | | | | | | | | | | | | |GZ3|17-Aug-2021|Z741|17-Aug-2021|F419|17-Aug-2021|Z9181|17-Aug-2021|Z1331|17-Aug-2021|Z1331|17-Aug-2021|||||||||||||||||||||||||||||||||||||||0|0||2|450|96156|3.0|2021-08-18T00:00:00|hospital_B|hospital_B_20210817
SYN_BENE_F746A5194179|SYN_CLM_76CDF5605165|V|60|17-Aug-2021|17-Aug-2021|20-Aug-2021||3|491581|1|1|1|| |1677.79|0.0| ||49|1063523132| |9999868992| |9999868992|||0|1| |1677.79|17-Aug-2021|1|5|A|10|0.0|335.56|0|4|0.0|0.0|0|0|0|0|0|0|0|0|0|0|0|0|0|||||17-Aug-2021|951.0|0|0||Z733|Z733|N|Z604|N|G309|Y|Z653|Y|N1830|Y|R801|Y|E1122|Y|E1129|N|G43719|Y|E785|Y|N181|Y|E1121|Y|E781|Y|R931|Y|E119|Y|I259|Y|E8881|Y|E669|Y|R7303|Y|D649|Y|P292|Y|Z560|Y|R4689|Y|||||||| | | | | | | | | | | | | | | | | | | | | | |GZ3|17-Aug-2021|Z741|17-Aug-2021|F419|17-Aug-2021|Z9181|17-Aug-2021|Z1331|17-Aug-2021|Z1331|17-Aug-2021|||||||||||||||||||||||||||||||||||||||0|0||3|450|96127|3.0|2021-08-18T00:00:00|hospital_B|hospital_B_20210817
SYN_BENE_F746A5194179|SYN_CLM_76CDF5605165|V|60|17-Aug-2021|17-Aug-2021|20-Aug-2021||3|491581|1|1|1|| |1677.79|0.0| ||49|1063523132| |9999868992| |9999868992|||0|1| |1677.79|17-Aug-2021|1|5|A|10|0.0|335.56|0|4|0.0|0.0|0|0|0|0|0|0|0|0|0|0|0|0|0|||||17-Aug-2021|951.0|0|0||Z733|Z733|N|Z604|N|G309|Y|Z653|Y|N1830|Y|R801|Y|E1122|Y|E1129|N|G43719|Y|E785|Y|N181|Y|E1121|Y|E781|Y|R931|Y|E119|Y|I259|Y|E8881|Y|E669|Y|R7303|Y|D649|Y|P292|Y|Z560|Y|R4689|Y|||||||| | | | | | | | | | | | | | | | | | | | | | |GZ3|17-Aug-2021|Z741|17-Aug-2021|F419|17-Aug-2021|Z9181|17-Aug-2021|Z1331|17-Aug-2021|Z1331|17-Aug-2021|||||||||||||||||||||||||||||||||||||||0|0||4|450|M1069|3.0|2021-08-18T00:00:00|hospital_B|hospital_B_20210817
SYN_BENE_F746A5194179|SYN_CLM_76CDF5605165|V|60|17-Aug-2021|17-Aug-2021|20-Aug-2021||3|491581|1|1|1|| |1677.79|0.0| ||49|1063523132| |9999868992| |9999868992|||0|1| |1677.79|17-Aug-2021|1|5|A|10|0.0|335.56|0|4|0.0|0.0|0|0|0|0|0|0|0|0|0|0|0|0|0|||||17-Aug-2021|951.0|0|0||Z733|Z733|N|Z604|N|G309|Y|Z653|Y|N1830|Y|R801|Y|E1122|Y|E1129|N|G43719|Y|E785|Y|N181|Y|E1121|Y|E781|Y|R931|Y|E119|Y|I259|Y|E8881|Y|E669|Y|R7303|Y|D649|Y|P292|Y|Z560|Y|R4689|Y|||||||| | | | | | | | | | | | | | | | | | | | | | |GZ3|17-Aug-2021|Z741|17-Aug-2021|F419|17-Aug-2021|Z9181|17-Aug-2021|Z1331|17-Aug-2021|Z1331|17-Aug-2021|||||||||||||||||||||||||||||||||||||||0|0||5|450|G0444|3.0|2021-08-18T00:00:00|hospital_B|hospital_B_20210817
SYN_BENE_F746A5194179|SYN_CLM_76CDF5605165|V|60|17-Aug-2021|17-Aug-2021|20-Aug-2021||3|491581|1|1|1|| |1677.79|0.0| ||49|1063523132| |9999868992| |9999868992|||0|1| |1677.79|17-Aug-2021|1|5|A|10|0.0|335.56|0|4|0.0|0.0|0|0|0|0|0|0|0|0|0|0|0|0|0|||||17-Aug-2021|951.0|0|0||Z733|Z733|N|Z604|N|G309|Y|Z653|Y|N1830|Y|R801|Y|E1122|Y|E1129|N|G43719|Y|E785|Y|N181|Y|E1121|Y|E781|Y|R931|Y|E119|Y|I259|Y|E8881|Y|E669|Y|R7303|Y|D649|Y|P292|Y|Z560|Y|R4689|Y|||||||| | | | | | | | | | | | | | | | | | | | | | |GZ3|17-Aug-2021|Z741|17-Aug-2021|F419|17-Aug-2021|Z9181|17-Aug-2021|Z1331|17-Aug-2021|Z1331|17-Aug-2021|||||||||||||||||||||||||||||||||||||||0|0||6|450|G0444|3.0|2021-08-18T00:00:00|hospital_B|hospital_B_20210817
SYN_BENE_85674531B9AF|SYN_CLM_524246F65EB3|V|60|17-Aug-2021|17-Aug-2021|20-Aug-2021||3|491581|1|1|1|| |1677.79|0.0| ||49|1063523132| |9999868992| |9999868992|||0|1| |1677.79|17-Aug-2021|1|5|A|10|0.0|335.56|0|4|0.0|0.0|0|0|0|0|0|0|0|0|0|0|0|0|0|||||17-Aug-2021|951.0|0|0||Z733|Z733|N|Z604|N|G309|Y|Z653|Y|N1830|Y|R801|Y|E1122|Y|E1129|N|G43719|Y|E785|Y|N181|Y|E1121|Y|E781|Y|R931|Y|E119|Y|I259|Y|E8881|Y|E669|Y|R7303|Y|D649|Y|P292|Y|Z560|Y|R4689|Y|||||||| | | | | | | | | | | | | | | | | | | | | | |GZ3|17-Aug-2021|Z741|17-Aug-2021|F419|17-Aug-2021|Z9181|17-Aug-2021|Z1331|17-Aug-2021|Z1331|17-Aug-2021|||||||||||||||||||||||||||||||||||||||0|0||1|450|99495|3.0|2021-08-18T00:00:00|hospital_B|hospital_B_20210817
SYN_BENE_85674531B9AF|SYN_CLM_524246F65EB3|V|60|17-Aug-2021|17-Aug-2021|20-Aug-2021||3|491581|1|1|1|| |1677.79|0.0| ||49|1063523132| |9999868992| |9999868992|||0|1| |1677.79|17-Aug-2021|1|5|A|10|0.0|335.56|0|4|0.0|0.0|0|0|0|0|0|0|0|0|0|0|0|0|0|||||17-Aug-2021|951.0|0|0||Z733|Z733|N|Z604|N|G309|Y|Z653|Y|N1830|Y|R801|Y|E1122|Y|E1129|N|G43719|Y|E785|Y|N181|Y|E1121|Y|E781|Y|R931|Y|E119|Y|I259|Y|E8881|Y|E669|Y|R7303|Y|D649|Y|P292|Y|Z560|Y|R4689|Y|||||||| | | | | | | | | | | | | | | | | | | | | | |GZ3|17-Aug-2021|Z741|17-Aug-2021|F419|17-Aug-2021|Z9181|17-Aug-2021|Z1331|17-Aug-2021|Z1331|17-Aug-2021|||||||||||||||||||||||||||||||||||||||0|0||2|450|96156|3.0|2021-08-18T00:00:00|hospital_B|hospital_B_20210817
SYN_BENE_85674531B9AF|SYN_CLM_524246F65EB3|V|60|17-Aug-2021|17-Aug-2021|20-Aug-2021||3|491581|1|1|1|| |1677.79|0.0| ||49|1063523132| |9999868992| |9999868992|||0|1| |1677.79|17-Aug-2021|1|5|A|10|0.0|335.56|0|4|0.0|0.0|0|0|0|0|0|0|0|0|0|0|0|0|0|||||17-Aug-2021|951.0|0|0||Z733|Z733|N|Z604|N|G309|Y|Z653|Y|N1830|Y|R801|Y|E1122|Y|E1129|N|G43719|Y|E785|Y|N181|Y|E1121|Y|E781|Y|R931|Y|E119|Y|I259|Y|E8881|Y|E669|Y|R7303|Y|D649|Y|P292|Y|Z560|Y|R4689|Y|||||||| | | | | | | | | | | | | | | | | | | | | | |GZ3|17-Aug-2021|Z741|17-Aug-2021|F419|17-Aug-2021|Z9181|17-Aug-2021|Z1331|17-Aug-2021|Z1331|17-Aug-2021|||||||||||||||||||||||||||||||||||||||0|0||3|450|96127|3.0|2021-08-18T00:00:00|hospital_B|hospital_B_20210817
SYN_BENE_85674531B9AF|SYN_CLM_524246F65EB3|V|60|17-Aug-2021|17-Aug-2021|20-Aug-2021||3|491581|1|1|1|| |1677.79|0.0| ||49|1063523132| |9999868992| |9999868992|||0|1| |1677.79|17-Aug-2021|1|5|A|10|0.0|335.56|0|4|0.0|0.0|0|0|0|0|0|0|0|0|0|0|0|0|0|||||17-Aug-2021|951.0|0|0||Z733|Z733|N|Z604|N|G309|Y|Z653|Y|N1830|Y|R801|Y|E1122|Y|E1129|N|G43719|Y|E785|Y|N181|Y|E1121|Y|E781|Y|R931|Y|E119|Y|I259|Y|E8881|Y|E669|Y|R7303|Y|D649|Y|P292|Y|Z560|Y|R4689|Y|||||||| | | | | | | | | | | | | | | | | | | | | | |GZ3|17-Aug-2021|Z741|17-Aug-2021|F419|17-Aug-2021|Z9181|17-Aug-2021|Z1331|17-Aug-2021|Z1331|17-Aug-2021|||||||||||||||||||||||||||||||||||||||0|0||4|450|M1069|3.0|2021-08-18T00:00:00|hospital_B|hospital_B_20210817
SYN_BENE_85674531B9AF|SYN_CLM_524246F65EB3|V|60|17-Aug-2021|17-Aug-2021|20-Aug-2021||3|491581|1|1|1|| |1677.79|0.0| ||49|1063523132| |9999868992| |9999868992|||0|1| |1677.79|17-Aug-2021|1|5|A|10|0.0|335.56|0|4|0.0|0.0|0|0|0|0|0|0|0|0|0|0|0|0|0|||||17-Aug-2021|951.0|0|0||Z733|Z733|N|Z604|N|G309|Y|Z653|Y|N1830|Y|R801|Y|E1122|Y|E1129|N|G43719|Y|E785|Y|N181|Y|E1121|Y|E781|Y|R931|Y|E119|Y|I259|Y|E8881|Y|E669|Y|R7303|Y|D649|Y|P292|Y|Z560|Y|R4689|Y|||||||| | | | | | | | | | | | | | | | | | | | | | |GZ3|17-Aug-2021|Z741|17-Aug-2021|F419|17-Aug-2021|Z9181|17-Aug-2021|Z1331|17-Aug-2021|Z1331|17-Aug-2021|||||||||||||||||||||||||||||||||||||||0|0||5|450|G0444|3.0|2021-08-18T00:00:00|hospital_B|hospital_B_20210817
SYN_BENE_85674531B9AF|SYN_CLM_524246F65EB3|V|60|17-Aug-2021|17-Aug-2021|20-Aug-2021||3|491581|1|1|1|| |1677.79|0.0| ||49|1063523132| |9999868992| |9999868992|||0|1| |1677.79|17-Aug-2021|1|5|A|10|0.0|335.56|0|4|0.0|0.0|0|0|0|0|0|0|0|0|0|0|0|0|0|||||17-Aug-2021|951.0|0|0||Z733|Z733|N|Z604|N|G309|Y|Z653|Y|N1830|Y|R801|Y|E1122|Y|E1129|N|G43719|Y|E785|Y|N181|Y|E1121|Y|E781|Y|R931|Y|E119|Y|I259|Y|E8881|Y|E669|Y|R7303|Y|D649|Y|P292|Y|Z560|Y|R4689|Y|||||||| | | | | | | | | | | | | | | | | | | | | | |GZ3|17-Aug-2021|Z741|17-Aug-2021|F419|17-Aug-2021|Z9181|17-Aug-2021|Z1331|17-Aug-2021|Z1331|17-Aug-2021|||||||||||||||||||||||||||||||||||||||0|0||6|450|G0444|3.0|2021-08-18T00:00:00|hospital_B|hospital_B_20210817
SYN_BENE_EA6CBEE516F9|SYN_CLM_13A298E58CFC|V|60|17-Aug-2021|17-Aug-2021|20-Aug-2021||3|491581|1|1|1|| |1677.79|0.0| ||49|1063523132| |9999868992| |9999868992|||0|1| |1677.79|17-Aug-2021|1|5|A|10|0.0|335.56|0|4|0.0|0.0|0|0|0|0|0|0|0|0|0|0|0|0|0|||||17-Aug-2021|951.0|0|0||Z733|Z733|N|Z604|N|G309|Y|Z653|Y|N1830|Y|R801|Y|E1122|Y|E1129|N|G43719|Y|E785|Y|N181|Y|E1121|Y|E781|Y|R931|Y|E119|Y|I259|Y|E8881|Y|E669|Y|R7303|Y|D649|Y|P292|Y|Z560|Y|R4689|Y|||||||| | | | | | | | | | | | | | | | | | | | | | |GZ3|17-Aug-2021|Z741|17-Aug-2021|F419|17-Aug-2021|Z9181|17-Aug-2021|Z1331|17-Aug-2021|Z1331|17-Aug-2021|||||||||||||||||||||||||||||||||||||||0|0||1|450|99495|3.0|2021-08-18T00:00:00|hospital_B|hospital_B_20210817
SYN_BENE_EA6CBEE516F9|SYN_CLM_13A298E58CFC|V|60|17-Aug-2021|17-Aug-2021|20-Aug-2021||3|491581|1|1|1|| |1677.79|0.0| ||49|1063523132| |9999868992| |9999868992|||0|1| |1677.79|17-Aug-2021|1|5|A|10|0.0|335.56|0|4|0.0|0.0|0|0|0|0|0|0|0|0|0|0|0|0|0|||||17-Aug-2021|951.0|0|0||Z733|Z733|N|Z604|N|G309|Y|Z653|Y|N1830|Y|R801|Y|E1122|Y|E1129|N|G43719|Y|E785|Y|N181|Y|E1121|Y|E781|Y|R931|Y|E119|Y|I259|Y|E8881|Y|E669|Y|R7303|Y|D649|Y|P292|Y|Z560|Y|R4689|Y|||||||| | | | | | | | | | | | | | | | | | | | | | |GZ3|17-Aug-2021|Z741|17-Aug-2021|F419|17-Aug-2021|Z9181|17-Aug-2021|Z1331|17-Aug-2021|Z1331|17-Aug-2021|||||||||||||||||||||||||||||||||||||||0|0||2|450|96156|3.0|2021-08-18T00:00:00|hospital_B|hospital_B_20210817
SYN_BENE_EA6CBEE516F9|SYN_CLM_13A298E58CFC|V|60|17-Aug-2021|17-Aug-2021|20-Aug-2021||3|491581|1|1|1|| |1677.79|0.0| ||49|1063523132| |9999868992| |9999868992|||0|1| |1677.79|17-Aug-2021|1|5|A|10|0.0|335.56|0|4|0.0|0.0|0|0|0|0|0|0|0|0|0|0|0|0|0|||||17-Aug-2021|951.0|0|0||Z733|Z733|N|Z604|N|G309|Y|Z653|Y|N1830|Y|R801|Y|E1122|Y|E1129|N|G43719|Y|E785|Y|N181|Y|E1121|Y|E781|Y|R931|Y|E119|Y|I259|Y|E8881|Y|E669|Y|R7303|Y|D649|Y|P292|Y|Z560|Y|R4689|Y|||||||| | | | | | | | | | | | | | | | | | | | | | |GZ3|17-Aug-2021|Z741|17-Aug-2021|F419|17-Aug-2021|Z9181|17-Aug-2021|Z1331|17-Aug-2021|Z1331|17-Aug-2021|||||||||||||||||||||||||||||||||||||||0|0||3|450|96127|3.0|2021-08-18T00:00:00|hospital_B|hospital_B_20210817
SYN_BENE_EA6CBEE516F9|SYN_CLM_13A298E58CFC|V|60|17-Aug-2021|17-Aug-2021|20-Aug-2021||3|491581|1|1|1|| |1677.79|0.0| ||49|1063523132| |9999868992| |9999868992|||0|1| |1677.79|17-Aug-2021|1|5|A|10|0.0|335.56|0|4|0.0|0.0|0|0|0|0|0|0|0|0|0|0|0|0|0|||||17-Aug-2021|951.0|0|0||Z733|Z733|N|Z604|N|G309|Y|Z653|Y|N1830|Y|R801|Y|E1122|Y|E1129|N|G43719|Y|E785|Y|N181|Y|E1121|Y|E781|Y|R931|Y|E119|Y|I259|Y|E8881|Y|E669|Y|R7303|Y|D649|Y|P292|Y|Z560|Y|R4689|Y|||||||| | | | | | | | | | | | | | | | | | | | | | |GZ3|17-Aug-2021|Z741|17-Aug-2021|F419|17-Aug-2021|Z9181|17-Aug-2021|Z1331|17-Aug-2021|Z1331|17-Aug-2021|||||||||||||||||||||||||||||||||||||||0|0||4|450|M1069|3.0|2021-08-18T00:00:00|hospital_B|hospital_B_20210817
SYN_BENE_EA6CBEE516F9|SYN_CLM_13A298E58CFC|V|60|17-Aug-2021|17-Aug-2021|20-Aug-2021||3|491581|1|1|1|| |1677.79|0.0| ||49|1063523132| |9999868992| |9999868992|||0|1| |1677.79|17-Aug-2021|1|5|A|10|0.0|335.56|0|4|0.0|0.0|0|0|0|0|0|0|0|0|0|0|0|0|0|||||17-Aug-2021|951.0|0|0||Z733|Z733|N|Z604|N|G309|Y|Z653|Y|N1830|Y|R801|Y|E1122|Y|E1129|N|G43719|Y|E785|Y|N181|Y|E1121|Y|E781|Y|R931|Y|E119|Y|I259|Y|E8881|Y|E669|Y|R7303|Y|D649|Y|P292|Y|Z560|Y|R4689|Y|||||||| | | | | | | | | | | | | | | | | | | | | | |GZ3|17-Aug-2021|Z741|17-Aug-2021|F419|17-Aug-2021|Z9181|17-Aug-2021|Z1331|17-Aug-2021|Z1331|17-Aug-2021|||||||||||||||||||||||||||||||||||||||0|0||5|450|G0444|3.0|2021-08-18T00:00:00|hospital_B|hospital_B_20210817
SYN_BENE_EA6CBEE516F9|SYN_CLM_13A298E58CFC|V|60|17-Aug-2021|17-Aug-2021|20-Aug-2021||3|491581|1|1|1|| |1677.79|0.0| ||49|1063523132| |9999868992| |9999868992|||0|1| |1677.79|17-Aug-2021|1|5|A|10|0.0|335.56|0|4|0.0|0.0|0|0|0|0|0|0|0|0|0|0|0|0|0|||||17-Aug-2021|951.0|0|0||Z733|Z733|N|Z604|N|G309|Y|Z653|Y|N1830|Y|R801|Y|E1122|Y|E1129|N|G43719|Y|E785|Y|N181|Y|E1121|Y|E781|Y|R931|Y|E119|Y|I259|Y|E8881|Y|E669|Y|R7303|Y|D649|Y|P292|Y|Z560|Y|R4689|Y|||||||| | | | | | | | | | | | | | | | | | | | | | |GZ3|17-Aug-2021|Z741|17-Aug-2021|F419|17-Aug-2021|Z9181|17-Aug-2021|Z1331|17-Aug-2021|Z1331|17-Aug-2021|||||||||||||||||||||||||||||||||||||||0|0||6|450|G0444|3.0|2021-08-18T00:00:00|hospital_B|hospital_B_20210817
