BENE_ID|CLM_ID|NCH_NEAR_LINE_REC_IDENT_CD|NCH_CLM_TYPE_CD|CLM_FROM_DT|CLM_THRU_DT|NCH_WKLY_PROC_DT|FI_CLM_PROC_DT|CLAIM_QUERY_CODE|PRVDR_NUM|CLM_FAC_TYPE_CD|CLM_SRVC_CLSFCTN_TYPE_CD|CLM_FREQ_CD|FI_NUM|CLM_MDCR_NON_PMT_RSN_CD|CLM_PMT_AMT|NCH_PRMRY_PYR_CLM_PD_AMT|NCH_PRMRY_PYR_CD|FI_CLM_ACTN_CD|PRVDR_STATE_CD|ORG_NPI_NUM|AT_PHYSN_UPIN|AT_PHYSN_NPI|OP_PHYSN_UPIN|OP_PHYSN_NPI|OT_PHYSN_UPIN|OT_PHYSN_NPI|CLM_MCO_PD_SW|PTNT_DSCHRG_STUS_CD|CLM_PPS_IND_CD|CLM_TOT_CHRG_AMT|CLM_ADMSN_DT|CLM_IP_ADMSN_TYPE_CD|CLM_SRC_IP_ADMSN_CD|NCH_PTNT_STATUS_IND_CD|CLM_PASS_THRU_PER_DIEM_AMT|NCH_BENE_IP_DDCTBL_AMT|NCH_BENE_PTA_COINSRNC_LBLTY_AM|NCH_BENE_BLOOD_DDCTBL_LBLTY_AM|NCH_PROFNL_CMPNT_CHRG_AMT|NCH_IP_NCVRD_CHRG_AMT|NCH_IP_TOT_DDCTN_AMT|CLM_TOT_PPS_CPTL_AMT|CLM_PPS_CPTL_FSP_AMT|CLM_PPS_CPTL_OUTLIER_AMT|CLM_PPS_CPTL_DSPRPRTNT_SHR_AMT|CLM_PPS_CPTL_IME_AMT|CLM_PPS_CPTL_EXCPTN_AMT|CLM_PPS_OLD_CPTL_HLD_HRMLS_AMT|CLM_PPS_CPTL_DRG_WT_NUM|CLM_UTLZTN_DAY_CNT|BENE_TOT_COINSRNC_DAYS_CNT|BENE_LRD_USED_CNT|CLM_NON_UTLZTN_DAYS_CNT|NCH_BLOOD_PNTS_FRNSHD_QTY|NCH_VRFD_NCVRD_STAY_FROM_DT|NCH_VRFD_NCVRD_STAY_THRU_DT|NCH_ACTV_OR_CVRD_LVL_CARE_THRU|NCH_BENE_MDCR_BNFTS_EXHTD_DT_I|NCH_BENE_DSCHRG_DT|CLM_DRG_CD|CLM_DRG_OUTLIER_STAY_CD|NCH_DRG_OUTLIER_APRVD_PMT_AMT|ADMTG_DGNS_CD|PRNCPAL_DGNS_CD|ICD_DGNS_CD1|CLM_POA_IND_SW1|ICD_DGNS_CD2|CLM_POA_IND_SW2|ICD_DGNS_CD3|CLM_POA_IND_SW3|ICD_DGNS_CD4|CLM_POA_IND_SW4|ICD_DGNS_CD5|CLM_POA_IND_SW5|ICD_DGNS_CD6|CLM_POA_IND_SW6|ICD_DGNS_CD7|CLM_POA_IND_SW7|ICD_DGNS_CD8|CLM_POA_IND_SW8|ICD_DGNS_CD9|CLM_POA_IND_SW9|ICD_DGNS_CD10|CLM_POA_IND_SW10|ICD_DGNS_CD11|CLM_POA_IND_SW11|ICD_DGNS_CD12|CLM_POA_IND_SW12|ICD_DGNS_CD13|CLM_POA_IND_SW13|ICD_DGNS_CD14|CLM_POA_IND_SW14|ICD_DGNS_CD15|CLM_POA_IND_SW15|ICD_DGNS_CD16|CLM_POA_IND_SW16|ICD_DGNS_CD17|CLM_POA_IND_SW17|ICD_DGNS_CD18|CLM_POA_IND_SW18|ICD_DGNS_CD19|CLM_POA_IND_SW19|ICD_DGNS_CD20|CLM_POA_IND_SW20|ICD_DGNS_CD21|CLM_POA_IND_SW21|ICD_DGNS_CD22|CLM_POA_IND_SW22|ICD_DGNS_CD23|CLM_POA_IND_SW23|ICD_DGNS_CD24|CLM_POA_IND_SW24|ICD_DGNS_CD25|CLM_POA_IND_SW25|FST_DGNS_E_CD|ICD_DGNS_E_CD1|CLM_E_POA_IND_SW1|ICD_DGNS_E_CD2|CLM_E_POA_IND_SW2|ICD_DGNS_E_CD3|CLM_E_POA_IND_SW3|ICD_DGNS_E_CD4|CLM_E_POA_IND_SW4|ICD_DGNS_E_CD5|CLM_E_POA_IND_SW5|ICD_DGNS_E_CD6|CLM_E_POA_IND_SW6|ICD_DGNS_E_CD7|CLM_E_POA_IND_SW7|ICD_DGNS_E_CD8|CLM_E_POA_IND_SW8|ICD_DGNS_E_CD9|CLM_E_POA_IND_SW9|ICD_DGNS_E_CD10|CLM_E_POA_IND_SW10|ICD_DGNS_E_CD11|CLM_E_POA_IND_SW11|ICD_DGNS_E_CD12|CLM_E_POA_IND_SW12|ICD_PRCDR_CD1|PRCDR_DT1|ICD_PRCDR_CD2|PRCDR_DT2|ICD_PRCDR_CD3|PRCDR_DT3|ICD_PRCDR_CD4|PRCDR_DT4|ICD_PRCDR_CD5|PRCDR_DT5|ICD_PRCDR_CD6|PRCDR_DT6|ICD_PRCDR_CD7|PRCDR_DT7|ICD_PRCDR_CD8|PRCDR_DT8|ICD_PRCDR_CD9|PRCDR_DT9|ICD_PRCDR_CD10|PRCDR_DT10|ICD_PRCDR_CD11|PRCDR_DT11|ICD_PRCDR_CD12|PRCDR_DT12|ICD_PRCDR_CD13|PRCDR_DT13|ICD_PRCDR_CD14|PRCDR_DT14|ICD_PRCDR_CD15|PRCDR_DT15|ICD_PRCDR_CD16|PRCDR_DT16|ICD_PRCDR_CD17|PRCDR_DT17|ICD_PRCDR_CD18|PRCDR_DT18|ICD_PRCDR_CD19|PRCDR_DT19|ICD_PRCDR_CD20|PRCDR_DT20|ICD_PRCDR_CD21|PRCDR_DT21|ICD_PRCDR_CD22|PRCDR_DT22|ICD_PRCDR_CD23|PRCDR_DT23|ICD_PRCDR_CD24|PRCDR_DT24|ICD_PRCDR_CD25|PRCDR_DT25|IME_OP_CLM_VAL_AMT|DSH_OP_CLM_VAL_AMT|CLM_UNCOMPD_CARE_PMT_AMT|CLM_LINE_NUM|REV_CNTR|HCPCS_CD|REV_CNTR_DDCTBL_COINSRNC_CD|ingestion_timestamp|hospital_id|batch_id
-10000010282387|-10000931260432|V|60|30-Oct-2018|30-Oct-2018|02-Nov-2018||3|491581|1|1|1|| |1526.24|0.0| ||49|1063523132| |9999868992| |9999868992|||0|1| |1526.24|30-Oct-2018|1|5|A|10|0.0|305.25|0|4|0.0|0.0|0|0|0|0|0|0|0|0|0|0|0|0|0|||||30-Oct-2018|951.0|0|0||Z608|Z608|Y|Y0703|N|G309|N|Z653|Y|N1830|Y|R801|N|N182|N|R809|N|G43719|Y|E785|Y|E1022|N|E1121|Y|E781|Y|R931|Y|E119|Y|I259|Y|E8881|Y|E669|Y|R7303|Y|D649|Y|P292|N|Z560|Y|R4689|Y|||||W86|W86|Y| | | | | | | | | | | | | | | | | | | | | | |GZ3|30-Oct-2018|Z741|30-Oct-2018|Z1331|30-Oct-2018|Z1331|30-Oct-2018|F1990|30-Oct-2018|Z715|30-Oct-2018|||||||||||||||||||||||||||||||||||||||0|0||1|450|99495|3.0|2018-10-31T00:00:00|hospital_B|hospital_B_20181030
-10000010282387|-10000931260432|V|60|30-Oct-2018|30-Oct-2018|02-Nov-2018||3|491581|1|1|1|| |1526.24|0.0| ||49|1063523132| |9999868992| |9999868992|||0|1| |1526.24|30-Oct-2018|1|5|A|10|0.0|305.25|0|4|0.0|0.0|0|0|0|0|0|0|0|0|0|0|0|0|0|||||30-Oct-2018|951.0|0|0||Z608|Z608|Y|Y0703|N|G309|N|Z653|Y|N1830|Y|R801|N|N182|N|R809|N|G43719|Y|E785|Y|E1022|N|E1121|Y|E781|Y|R931|Y|E119|Y|I259|Y|E8881|Y|E669|Y|R7303|Y|D649|Y|P292|N|Z560|Y|R4689|Y|||||W86|W86|Y| | | | | | | | | | | | | | | | | | | | | | |GZ3|30-Oct-2018|Z741|30-Oct-2018|Z1331|30-Oct-2018|Z1331|30-Oct-2018|F1990|30-Oct-2018|Z715|30-Oct-2018|||||||||||||||||||||||||||||||||||||||0|0||2|450|96156|3.0|2018-10-31T00:00:00|hospital_B|hospital_B_20181030
-10000010282387|-10000931260432|V|60|30-Oct-2018|30-Oct-2018|02-Nov-2018||3|491581|1|1|1|| |1526.24|0.0| ||49|1063523132| |9999868992| |9999868992|||0|1| |1526.24|30-Oct-2018|1|5|A|10|0.0|305.25|0|4|0.0|0.0|0|0|0|0|0|0|0|0|0|0|0|0|0|||||30-Oct-2018|951.0|0|0||Z608|Z608|Y|Y0703|N|G309|N|Z653|Y|N1830|Y|R801|N|N182|N|R809|N|G43719|Y|E785|Y|E1022|N|E1121|Y|E781|Y|R931|Y|E119|Y|I259|Y|E8881|Y|E669|Y|R7303|Y|D649|Y|P292|N|Z560|Y|R4689|Y|||||W86|W86|Y| | | | | | | | | | | | | | | | | | | | | | |GZ3|30-Oct-2018|Z741|30-Oct-2018|Z1331|30-Oct-2018|Z1331|30-Oct-2018|F1990|30-Oct-2018|Z715|30-Oct-2018|||||||||||||||||||||||||||||||||||||||0|0||3|450|G0444|3.0|2018-10-31T00:00:00|hospital_B|hospital_B_20181030
-10000010282387|-10000931260432|V|60|30-Oct-2018|30-Oct-2018|02-Nov-2018||3|491581|1|1|1|| |1526.24|0.0| ||49|1063523132| |9999868992| |9999868992|||0|1| |1526.24|30-Oct-2018|1|5|A|10|0.0|305.25|0|4|0.0|0.0|0|0|0|0|0|0|0|0|0|0|0|0|0|||||30-Oct-2018|951.0|0|0||Z608|Z608|Y|Y0703|N|G309|N|Z653|Y|N1830|Y|R801|N|N182|N|R809|N|G43719|Y|E785|Y|E1022|N|E1121|Y|E781|Y|R931|Y|E119|Y|I259|Y|E8881|Y|E669|Y|R7303|Y|D649|Y|P292|N|Z560|Y|R4689|Y|||||W86|W86|Y| | | | | | | | | | | | | | | | | | | | | | |GZ3|30-Oct-2018|Z741|30-Oct-2018|Z1331|30-Oct-2018|Z1331|30-Oct-2018|F1990|30-Oct-2018|Z715|30-Oct-2018|||||||||||||||||||||||||||||||||||||||0|0||4|450|G0444|3.0|2018-10-31T00:00:00|hospital_B|hospital_B_20181030
-10000010282387|-10000931260432|V|60|30-Oct-2018|30-Oct-2018|02-Nov-2018||3|491581|1|1|1|| |1526.24|0.0| ||49|1063523132| |9999868992| |9999868992|||0|1| |1526.24|30-Oct-2018|1|5|A|10|0.0|305.25|0|4|0.0|0.0|0|0|0|0|0|0|0|0|0|0|0|0|0|||||30-Oct-2018|951.0|0|0||Z608|Z608|Y|Y0703|N|G309|N|Z653|Y|N1830|Y|R801|N|N182|N|R809|N|G43719|Y|E785|Y|E1022|N|E1121|Y|E781|Y|R931|Y|E119|Y|I259|Y|E8881|Y|E669|Y|R7303|Y|D649|Y|P292|N|Z560|Y|R4689|Y|||||W86|W86|Y| | | | | | | | | | | | | | | | | | | | | | |GZ3|30-Oct-2018|Z741|30-Oct-2018|Z1331|30-Oct-2018|Z1331|30-Oct-2018|F1990|30-Oct-2018|Z715|30-Oct-2018|||||||||||||||||||||||||||||||||||||||0|0||5|450|99408|3.0|2018-10-31T00:00:00|hospital_B|hospital_B_20181030
-10000010282387|-10000931260432|V|60|30-Oct-2018|30-Oct-2018|02-Nov-2018||3|491581|1|1|1|| |1526.24|0.0| ||49|1063523132| |9999868992| |9999868992|||0|1| |1526.24|30-Oct-2018|1|5|A|10|0.0|305.25|0|4|0.0|0.0|0|0|0|0|0|0|0|0|0|0|0|0|0|||||30-Oct-2018|951.0|0|0||Z608|Z608|Y|Y0703|N|G309|N|Z653|Y|N1830|Y|R801|N|N182|N|R809|N|G43719|Y|E785|Y|E1022|N|E1121|Y|E781|Y|R931|Y|E119|Y|I259|Y|E8881|Y|E669|Y|R7303|Y|D649|Y|P292|N|Z560|Y|R4689|Y|||||W86|W86|Y| | | | | | | | | | | | | | | | | | | | | | |GZ3|30-Oct-2018|Z741|30-Oct-2018|Z1331|30-Oct-2018|Z1331|30-Oct-2018|F1990|30-Oct-2018|Z715|30-Oct-2018|||||||||||||||||||||||||||||||||||||||0|0||6|450|99408|3.0|2018-10-31T00:00:00|hospital_B|hospital_B_20181030
SYN_BENE_569C3696F746|SYN_CLM_F4CA62D65688|V|60|30-Oct-2018|30-Oct-2018|02-Nov-2018||3|491581|1|1|1|| |1526.24|0.0| ||49|1063523132| |9999868992| |9999868992|||0|1| |1526.24|30-Oct-2018|1|5|A|10|0.0|305.25|0|4|0.0|0.0|0|0|0|0|0|0|0|0|0|0|0|0|0|||||30-Oct-2018|951.0|0|0||Z608|Z608|Y|Y0703|N|G309|N|Z653|Y|N1830|Y|R801|N|N182|N|R809|N|G43719|Y|E785|Y|E1022|N|E1121|Y|E781|Y|R931|Y|E119|Y|I259|Y|E8881|Y|E669|Y|R7303|Y|D649|Y|P292|N|Z560|Y|R4689|Y|||||W86|W86|Y| | | | | | | | | | | | | | | | | | | | | | |GZ3|30-Oct-2018|Z741|30-Oct-2018|Z1331|30-Oct-2018|Z1331|30-Oct-2018|F1990|30-Oct-2018|Z715|30-Oct-2018|||||||||||||||||||||||||||||||||||||||0|0||1|450|99495|3.0|2018-10-31T00:00:00|hospital_B|hospital_B_20181030
SYN_BENE_569C3696F746|SYN_CLM_F4CA62D65688|V|60|30-Oct-2018|30-Oct-2018|02-Nov-2018||3|491581|1|1|1|| |1526.24|0.0| ||49|1063523132| |9999868992| |9999868992|||0|1| |1526.24|30-Oct-2018|1|5|A|10|0.0|305.25|0|4|0.0|0.0|0|0|0|0|0|0|0|0|0|0|0|0|0|||||30-Oct-2018|951.0|0|0||Z608|Z608|Y|Y0703|N|G309|N|Z653|Y|N1830|Y|R801|N|N182|N|R809|N|G43719|Y|E785|Y|E1022|N|E1121|Y|E781|Y|R931|Y|E119|Y|I259|Y|E8881|Y|E669|Y|R7303|Y|D649|Y|P292|N|Z560|Y|R4689|Y|||||W86|W86|Y| | | | | | | | | | | | | | | | | | | | | | |GZ3|30-Oct-2018|Z741|30-Oct-2018|Z1331|30-Oct-2018|Z1331|30-Oct-2018|F1990|30-Oct-2018|Z715|30-Oct-2018|||||||||||||||||||||||||||||||||||||||0|0||2|450|96156|3.0|2018-10-31T00:00:00|hospital_B|hospital_B_20181030
SYN_BENE_569C3696F746|SYN_CLM_F4CA62D65688|V|60|30-Oct-2018|30-Oct-2018|02-Nov-2018||3|491581|1|1|1|| |1526.24|0.0| ||49|1063523132| |9999868992| |9999868992|||0|1| |1526.24|30-Oct-2018|1|5|A|10|0.0|305.25|0|4|0.0|0.0|0|0|0|0|0|0|0|0|0|0|0|0|0|||||30-Oct-2018|951.0|0|0||Z608|Z608|Y|Y0703|N|G309|N|Z653|Y|N1830|Y|R801|N|N182|N|R809|N|G43719|Y|E785|Y|E1022|N|E1121|Y|E781|Y|R931|Y|E119|Y|I259|Y|E8881|Y|E669|Y|R7303|Y|D649|Y|P292|N|Z560|Y|R4689|Y|||||W86|W86|Y| | | | | | | | | | | | | | | | | | | | | | |GZ3|30-Oct-2018|Z741|30-Oct-2018|Z1331|30-Oct-2018|Z1331|30-Oct-2018|F1990|30-Oct-2018|Z715|30-Oct-2018|||||||||||||||||||||||||||||||||||||||0|0||3|450|G0444|3.0|2018-10-31T00:00:00|hospital_B|hospital_B_20181030
SYN_BENE_569C3696F746|SYN_CLM_F4CA62D65688|V|60|30-Oct-2018|30-Oct-2018|02-Nov-2018||3|491581|1|1|1|| |1526.24|0.0| ||49|1063523132| |9999868992| |9999868992|||0|1| |1526.24|30-Oct-2018|1|5|A|10|0.0|305.25|0|4|0.0|0.0|0|0|0|0|0|0|0|0|0|0|0|0|0|||||30-Oct-2018|951.0|0|0||Z608|Z608|Y|Y0703|N|G309|N|Z653|Y|N1830|Y|R801|N|N182|N|R809|N|G43719|Y|E785|Y|E1022|N|E1121|Y|E781|Y|R931|Y|E119|Y|I259|Y|E8881|Y|E669|Y|R7303|Y|D649|Y|P292|N|Z560|Y|R4689|Y|||||W86|W86|Y| | | | | | | | | | | | | | | | | | | | | | |GZ3|30-Oct-2018|Z741|30-Oct-2018|Z1331|30-Oct-2018|Z1331|30-Oct-2018|F1990|30-Oct-2018|Z715|30-Oct-2018|||||||||||||||||||||||||||||||||||||||0|0||4|450|G0444|3.0|2018-10-31T00:00:00|hospital_B|hospital_B_20181030
SYN_BENE_569C3696F746|SYN_CLM_F4CA62D65688|V|60|30-Oct-2018|30-Oct-2018|02-Nov-2018||3|491581|1|1|1|| |1526.24|0.0| ||49|1063523132| |9999868992| |9999868992|||0|1| |1526.24|30-Oct-2018|1|5|A|10|0.0|305.25|0|4|0.0|0.0|0|0|0|0|0|0|0|0|0|0|0|0|0|||||30-Oct-2018|951.0|0|0||Z608|Z608|Y|Y0703|N|G309|N|Z653|Y|N1830|Y|R801|N|N182|N|R809|N|G43719|Y|E785|Y|E1022|N|E1121|Y|E781|Y|R931|Y|E119|Y|I259|Y|E8881|Y|E669|Y|R7303|Y|D649|Y|P292|N|Z560|Y|R4689|Y|||||W86|W86|Y| | | | | | | | | | | | | | | | | | | | | | |GZ3|30-Oct-2018|Z741|30-Oct-2018|Z1331|30-Oct-2018|Z1331|30-Oct-2018|F1990|30-Oct-2018|Z715|30-Oct-2018|||||||||||||||||||||||||||||||||||||||0|0||5|450|99408|3.0|2018-10-31T00:00:00|hospital_B|hospital_B_20181030
SYN_BENE_569C3696F746|SYN_CLM_F4CA62D65688|V|60|30-Oct-2018|30-Oct-2018|02-Nov-2018||3|491581|1|1|1|| |1526.24|0.0| ||49|1063523132| |9999868992| |9999868992|||0|1| |1526.24|30-Oct-2018|1|5|A|10|0.0|305.25|0|4|0.0|0.0|0|0|0|0|0|0|0|0|0|0|0|0|0|||||30-Oct-2018|951.0|0|0||Z608|Z608|Y|Y0703|N|G309|N|Z653|Y|N1830|Y|R801|N|N182|N|R809|N|G43719|Y|E785|Y|E1022|N|E1121|Y|E781|Y|R931|Y|E119|Y|I259|Y|E8881|Y|E669|Y|R7303|Y|D649|Y|P292|N|Z560|Y|R4689|Y|||||W86|W86|Y| | | | | | | | | | | | | | | | | | | | | | |GZ3|30-Oct-2018|Z741|30-Oct-2018|Z1331|30-Oct-2018|Z1331|30-Oct-2018|F1990|30-Oct-2018|Z715|30-Oct-2018|||||||||||||||||||||||||||||||||||||||0|0||6|450|99408|3.0|2018-10-31T00:00:00|hospital_B|hospital_B_20181030
SYN_BENE_C8FD37ACF49A|SYN_CLM_405A79617A6E|V|60|30-Oct-2018|30-Oct-2018|02-Nov-2018||3|491581|1|1|1|| |1526.24|0.0| ||49|1063523132| |9999868992| |9999868992|||0|1| |1526.24|30-Oct-2018|1|5|A|10|0.0|305.25|0|4|0.0|0.0|0|0|0|0|0|0|0|0|0|0|0|0|0|||||30-Oct-2018|951.0|0|0||Z608|Z608|Y|Y0703|N|G309|N|Z653|Y|N1830|Y|R801|N|N182|N|R809|N|G43719|Y|E785|Y|E1022|N|E1121|Y|E781|Y|R931|Y|E119|Y|I259|Y|E8881|Y|E669|Y|R7303|Y|D649|Y|P292|N|Z560|Y|R4689|Y|||||W86|W86|Y| | | | | | | | | | | | | | | | | | | | | | |GZ3|30-Oct-2018|Z741|30-Oct-2018|Z1331|30-Oct-2018|Z1331|30-Oct-2018|F1990|30-Oct-2018|Z715|30-Oct-2018|||||||||||||||||||||||||||||||||||||||0|0||1|450|99495|3.0|2018-10-31T00:00:00|hospital_B|hospital_B_20181030
SYN_BENE_C8FD37ACF49A|SYN_CLM_405A79617A6E|V|60|30-Oct-2018|30-Oct-2018|02-Nov-2018||3|491581|1|1|1|| |1526.24|0.0| ||49|1063523132| |9999868992| |9999868992|||0|1| |1526.24|30-Oct-2018|1|5|A|10|0.0|305.25|0|4|0.0|0.0|0|0|0|0|0|0|0|0|0|0|0|0|0|||||30-Oct-2018|951.0|0|0||Z608|Z608|Y|Y0703|N|G309|N|Z653|Y|N1830|Y|R801|N|N182|N|R809|N|G43719|Y|E785|Y|E1022|N|E1121|Y|E781|Y|R931|Y|E119|Y|I259|Y|E8881|Y|E669|Y|R7303|Y|D649|Y|P292|N|Z560|Y|R4689|Y|||||W86|W86|Y| | | | | | | | | | | | | | | | | | | | | | |GZ3|30-Oct-2018|Z741|30-Oct-2018|Z1331|30-Oct-2018|Z1331|30-Oct-2018|F1990|30-Oct-2018|Z715|30-Oct-2018|||||||||||||||||||||||||||||||||||||||0|0||2|450|96156|3.0|2018-10-31T00:00:00|hospital_B|hospital_B_20181030
SYN_BENE_C8FD37ACF49A|SYN_CLM_405A79617A6E|V|60|30-Oct-2018|30-Oct-2018|02-Nov-2018||3|491581|1|1|1|| |1526.24|0.0| ||49|1063523132| |9999868992| |9999868992|||0|1| |1526.24|30-Oct-2018|1|5|A|10|0.0|305.25|0|4|0.0|0.0|0|0|0|0|0|0|0|0|0|0|0|0|0|||||30-Oct-2018|951.0|0|0||Z608|Z608|Y|Y0703|N|G309|N|Z653|Y|N1830|Y|R801|N|N182|N|R809|N|G43719|Y|E785|Y|E1022|N|E1121|Y|E781|Y|R931|Y|E119|Y|I259|Y|E8881|Y|E669|Y|R7303|Y|D649|Y|P292|N|Z560|Y|R4689|Y|||||W86|W86|Y| | | | | | | | | | | | | | | | | | | | | | |GZ3|30-Oct-2018|Z741|30-Oct-2018|Z1331|30-Oct-2018|Z1331|30-Oct-2018|F1990|30-Oct-2018|Z715|30-Oct-2018|||||||||||||||||||||||||||||||||||||||0|0||3|450|G0444|3.0|2018-10-31T00:00:00|hospital_B|hospital_B_20181030
SYN_BENE_C8FD37ACF49A|SYN_CLM_405A79617A6E|V|60|30-Oct-2018|30-Oct-2018|02-Nov-2018||3|491581|1|1|1|| |1526.24|0.0| ||49|1063523132| |9999868992| |9999868992|||0|1| |1526.24|30-Oct-2018|1|5|A|10|0.0|305.25|0|4|0.0|0.0|0|0|0|0|0|0|0|0|0|0|0|0|0|||||30-Oct-2018|951.0|0|0||Z608|Z608|Y|Y0703|N|G309|N|Z653|Y|N1830|Y|R801|N|N182|N|R809|N|G43719|Y|E785|Y|E1022|N|E1121|Y|E781|Y|R931|Y|E119|Y|I259|Y|E8881|Y|E669|Y|R7303|Y|D649|Y|P292|N|Z560|Y|R4689|Y|||||W86|W86|Y| | | | | | | | | | | | | | | | | | | | | | |GZ3|30-Oct-2018|Z741|30-Oct-2018|Z1331|30-Oct-2018|Z1331|30-Oct-2018|F1990|30-Oct-2018|Z715|30-Oct-2018|||||||||||||||||||||||||||||||||||||||0|0||4|450|G0444|3.0|2018-10-31T00:00:00|hospital_B|hospital_B_20181030
SYN_BENE_C8FD37ACF49A|SYN_CLM_405A79617A6E|V|60|30-Oct-2018|30-Oct-2018|02-Nov-2018||3|491581|1|1|1|| |1526.24|0.0| ||49|1063523132| |9999868992| |9999868992|||0|1| |1526.24|30-Oct-2018|1|5|A|10|0.0|305.25|0|4|0.0|0.0|0|0|0|0|0|0|0|0|0|0|0|0|0|||||30-Oct-2018|951.0|0|0||Z608|Z608|Y|Y0703|N|G309|N|Z653|Y|N1830|Y|R801|N|N182|N|R809|N|G43719|Y|E785|Y|E1022|N|E1121|Y|E781|Y|R931|Y|E119|Y|I259|Y|E8881|Y|E669|Y|R7303|Y|D649|Y|P292|N|Z560|Y|R4689|Y|||||W86|W86|Y| | | | | | | | | | | | | | | | | | | | | | |GZ3|30-Oct-2018|Z741|30-Oct-2018|Z1331|30-Oct-2018|Z1331|30-Oct-2018|F1990|30-Oct-2018|Z715|30-Oct-2018|||||||||||||||||||||||||||||||||||||||0|0||5|450|99408|3.0|2018-10-31T00:00:00|hospital_B|hospital_B_20181030
SYN_BENE_C8FD37ACF49A|SYN_CLM_405A79617A6E|V|60|30-Oct-2018|30-Oct-2018|02-Nov-2018||3|491581|1|1|1|| |1526.24|0.0| ||49|1063523132| |9999868992| |9999868992|||0|1| |1526.24|30-Oct-2018|1|5|A|10|0.0|305.25|0|4|0.0|0.0|0|0|0|0|0|0|0|0|0|0|0|0|0|||||30-Oct-2018|951.0|0|0||Z608|Z608|Y|Y0703|N|G309|N|Z653|Y|N1830|Y|R801|N|N182|N|R809|N|G43719|Y|E785|Y|E1022|N|E1121|Y|E781|Y|R931|Y|E119|Y|I259|Y|E8881|Y|E669|Y|R7303|Y|D649|Y|P292|N|Z560|Y|R4689|Y|||||W86|W86|Y| | | | | | | | | | | | | | | | | | | | | | |GZ3|30-Oct-2018|Z741|30-Oct-2018|Z1331|30-Oct-2018|Z1331|30-Oct-2018|F1990|30-Oct-2018|Z715|30-Oct-2018|||||||||||||||||||||||||||||||||||||||0|0||6|450|99408|3.0|2018-10-31T00:00:00|hospital_B|hospital_B_20181030
SYN_BENE_EEC1E8642ECD|SYN_CLM_FA5D1C9BB8E0|V|60|30-Oct-2018|30-Oct-2018|02-Nov-2018||3|491581|1|1|1|| |1526.24|0.0| ||49|1063523132| |9999868992| |9999868992|||0|1| |1526.24|30-Oct-2018|1|5|A|10|0.0|305.25|0|4|0.0|0.0|0|0|0|0|0|0|0|0|0|0|0|0|0|||||30-Oct-2018|951.0|0|0||Z608|Z608|Y|Y0703|N|G309|N|Z653|Y|N1830|Y|R801|N|N182|N|R809|N|G43719|Y|E785|Y|E1022|N|E1121|Y|E781|Y|R931|Y|E119|Y|I259|Y|E8881|Y|E669|Y|R7303|Y|D649|Y|P292|N|Z560|Y|R4689|Y|||||W86|W86|Y| | | | | | | | | | | | | | | | | | | | | | |GZ3|30-Oct-2018|Z741|30-Oct-2018|Z1331|30-Oct-2018|Z1331|30-Oct-2018|F1990|30-Oct-2018|Z715|30-Oct-2018|||||||||||||||||||||||||||||||||||||||0|0||1|450|99495|3.0|2018-10-31T00:00:00|hospital_B|hospital_B_20181030
SYN_BENE_EEC1E8642ECD|SYN_CLM_FA5D1C9BB8E0|V|60|30-Oct-2018|30-Oct-2018|02-Nov-2018||3|491581|1|1|1|| |1526.24|0.0| ||49|1063523132| |9999868992| |9999868992|||0|1| |1526.24|30-Oct-2018|1|5|A|10|0.0|305.25|0|4|0.0|0.0|0|0|0|0|0|0|0|0|0|0|0|0|0|||||30-Oct-2018|951.0|0|0||Z608|Z608|Y|Y0703|N|G309|N|Z653|Y|N1830|Y|R801|N|N182|N|R809|N|G43719|Y|E785|Y|E1022|N|E1121|Y|E781|Y|R931|Y|E119|Y|I259|Y|E8881|Y|E669|Y|R7303|Y|D649|Y|P292|N|Z560|Y|R4689|Y|||||W86|W86|Y| | | | | | | | | | | | | | | | | | | | | | |GZ3|30-Oct-2018|Z741|30-Oct-2018|Z1331|30-Oct-2018|Z1331|30-Oct-2018|F1990|30-Oct-2018|Z715|30-Oct-2018|||||||||||||||||||||||||||||||||||||||0|0||2|450|96156|3.0|2018-10-31T00:00:00|hospital_B|hospital_B_20181030
SYN_BENE_EEC1E8642ECD|SYN_CLM_FA5D1C9BB8E0|V|60|30-Oct-2018|30-Oct-2018|02-Nov-2018||3|491581|1|1|1|| |1526.24|0.0| ||49|1063523132| |9999868992| |9999868992|||0|1| |1526.24|30-Oct-2018|1|5|A|10|0.0|305.25|0|4|0.0|0.0|0|0|0|0|0|0|0|0|0|0|0|0|0|||||30-Oct-2018|951.0|0|0||Z608|Z608|Y|Y0703|N|G309|N|Z653|Y|N1830|Y|R801|N|N182|N|R809|N|G43719|Y|E785|Y|E1022|N|E1121|Y|E781|Y|R931|Y|E119|Y|I259|Y|E8881|Y|E669|Y|R7303|Y|D649|Y|P292|N|Z560|Y|R4689|Y|||||W86|W86|Y| | | | | | | | | | | | | | | | | | | | | | |GZ3|30-Oct-2018|Z741|30-Oct-2018|Z1331|30-Oct-2018|Z1331|30-Oct-2018|F1990|30-Oct-2018|Z715|30-Oct-2018|||||||||||||||||||||||||||||||||||||||0|0||3|450|G0444|3.0|2018-10-31T00:00:00|hospital_B|hospital_B_20181030
SYN_BENE_EEC1E8642ECD|SYN_CLM_FA5D1C9BB8E0|V|60|30-Oct-2018|30-Oct-2018|02-Nov-2018||3|491581|1|1|1|| |1526.24|0.0| ||49|1063523132| |9999868992| |9999868992|||0|1| |1526.24|30-Oct-2018|1|5|A|10|0.0|305.25|0|4|0.0|0.0|0|0|0|0|0|0|0|0|0|0|0|0|0|||||30-Oct-2018|951.0|0|0||Z608|Z608|Y|Y0703|N|G309|N|Z653|Y|N1830|Y|R801|N|N182|N|R809|N|G43719|Y|E785|Y|E1022|N|E1121|Y|E781|Y|R931|Y|E119|Y|I259|Y|E8881|Y|E669|Y|R7303|Y|D649|Y|P292|N|Z560|Y|R4689|Y|||||W86|W86|Y| | | | | | | | | | | | | | | | | | | | | | |GZ3|30-Oct-2018|Z741|30-Oct-2018|Z1331|30-Oct-2018|Z1331|30-Oct-2018|F1990|30-Oct-2018|Z715|30-Oct-2018|||||||||||||||||||||||||||||||||||||||0|0||4|450|G0444|3.0|2018-10-31T00:00:00|hospital_B|hospital_B_20181030
SYN_BENE_EEC1E8642ECD|SYN_CLM_FA5D1C9BB8E0|V|60|30-Oct-2018|30-Oct-2018|02-Nov-2018||3|491581|1|1|1|| |1526.24|0.0| ||49|1063523132| |9999868992| |9999868992|||0|1| |1526.24|30-Oct-2018|1|5|A|10|0.0|305.25|0|4|0.0|0.0|0|0|0|0|0|0|0|0|0|0|0|0|0|||||30-Oct-2018|951.0|0|0||Z608|Z608|Y|Y0703|N|G309|N|Z653|Y|N1830|Y|R801|N|N182|N|R809|N|G43719|Y|E785|Y|E1022|N|E1121|Y|E781|Y|R931|Y|E119|Y|I259|Y|E8881|Y|E669|Y|R7303|Y|D649|Y|P292|N|Z560|Y|R4689|Y|||||W86|W86|Y| | | | | | | | | | | | | | | | | | | | | | |GZ3|30-Oct-2018|Z741|30-Oct-2018|Z1331|30-Oct-2018|Z1331|30-Oct-2018|F1990|30-Oct-2018|Z715|30-Oct-2018|||||||||||||||||||||||||||||||||||||||0|0||5|450|99408|3.0|2018-10-31T00:00:00|hospital_B|hospital_B_20181030
SYN_BENE_EEC1E8642ECD|SYN_CLM_FA5D1C9BB8E0|V|60|30-Oct-2018|30-Oct-2018|02-Nov-2018||3|491581|1|1|1|| |1526.24|0.0| ||49|1063523132| |9999868992| |9999868992|||0|1| |1526.24|30-Oct-2018|1|5|A|10|0.0|305.25|0|4|0.0|0.0|0|0|0|0|0|0|0|0|0|0|0|0|0|||||30-Oct-2018|951.0|0|0||Z608|Z608|Y|Y0703|N|G309|N|Z653|Y|N1830|Y|R801|N|N182|N|R809|N|G43719|Y|E785|Y|E1022|N|E1121|Y|E781|Y|R931|Y|E119|Y|I259|Y|E8881|Y|E669|Y|R7303|Y|D649|Y|P292|N|Z560|Y|R4689|Y|||||W86|W86|Y| | | | | | | | | | | | | | | | | | | | | | |GZ3|30-Oct-2018|Z741|30-Oct-2018|Z1331|30-Oct-2018|Z1331|30-Oct-2018|F1990|30-Oct-2018|Z715|30-Oct-2018|||||||||||||||||||||||||||||||||||||||0|0||6|450|99408|3.0|2018-10-31T00:00:00|hospital_B|hospital_B_20181030
SYN_BENE_AE305A18FE2E|SYN_CLM_8AA4BACD13D9|V|60|30-Oct-2018|30-Oct-2018|02-Nov-2018||3|491581|1|1|1|| |1526.24|0.0| ||49|1063523132| |9999868992| |9999868992|||0|1| |1526.24|30-Oct-2018|1|5|A|10|0.0|305.25|0|4|0.0|0.0|0|0|0|0|0|0|0|0|0|0|0|0|0|||||30-Oct-2018|951.0|0|0||Z608|Z608|Y|Y0703|N|G309|N|Z653|Y|N1830|Y|R801|N|N182|N|R809|N|G43719|Y|E785|Y|E1022|N|E1121|Y|E781|Y|R931|Y|E119|Y|I259|Y|E8881|Y|E669|Y|R7303|Y|D649|Y|P292|N|Z560|Y|R4689|Y|||||W86|W86|Y| | | | | | | | | | | | | | | | | | | | | | |GZ3|30-Oct-2018|Z741|30-Oct-2018|Z1331|30-Oct-2018|Z1331|30-Oct-2018|F1990|30-Oct-2018|Z715|30-Oct-2018|||||||||||||||||||||||||||||||||||||||0|0||1|450|99495|3.0|2018-10-31T00:00:00|hospital_B|hospital_B_20181030
SYN_BENE_AE305A18FE2E|SYN_CLM_8AA4BACD13D9|V|60|30-Oct-2018|30-Oct-2018|02-Nov-2018||3|491581|1|1|1|| |1526.24|0.0| ||49|1063523132| |9999868992| |9999868992|||0|1| |1526.24|30-Oct-2018|1|5|A|10|0.0|305.25|0|4|0.0|0.0|0|0|0|0|0|0|0|0|0|0|0|0|0|||||30-Oct-2018|951.0|0|0||Z608|Z608|Y|Y0703|N|G309|N|Z653|Y|N1830|Y|R801|N|N182|N|R809|N|G43719|Y|E785|Y|E1022|N|E1121|Y|E781|Y|R931|Y|E119|Y|I259|Y|E8881|Y|E669|Y|R7303|Y|D649|Y|P292|N|Z560|Y|R4689|Y|||||W86|W86|Y| | | | | | | | | | | | | | | | | | | | | | |GZ3|30-Oct-2018|Z741|30-Oct-2018|Z1331|30-Oct-2018|Z1331|30-Oct-2018|F1990|30-Oct-2018|Z715|30-Oct-2018|||||||||||||||||||||||||||||||||||||||0|0||2|450|96156|3.0|2018-10-31T00:00:00|hospital_B|hospital_B_20181030
SYN_BENE_AE305A18FE2E|SYN_CLM_8AA4BACD13D9|V|60|30-Oct-2018|30-Oct-2018|02-Nov-2018||3|491581|1|1|1|| |1526.24|0.0| ||49|1063523132| |9999868992| |9999868992|||0|1| |1526.24|30-Oct-2018|1|5|A|10|0.0|305.25|0|4|0.0|0.0|0|0|0|0|0|0|0|0|0|0|0|0|0|||||30-Oct-2018|951.0|0|0||Z608|Z608|Y|Y0703|N|G309|N|Z653|Y|N1830|Y|R801|N|N182|N|R809|N|G43719|Y|E785|Y|E1022|N|E1121|Y|E781|Y|R931|Y|E119|Y|I259|Y|E8881|Y|E669|Y|R7303|Y|D649|Y|P292|N|Z560|Y|R4689|Y|||||W86|W86|Y| | | | | | | | | | | | | | | | | | | | | | |GZ3|30-Oct-2018|Z741|30-Oct-2018|Z1331|30-Oct-2018|Z1331|30-Oct-2018|F1990|30-Oct-2018|Z715|30-Oct-2018|||||||||||||||||||||||||||||||||||||||0|0||3|450|G0444|3.0|2018-10-31T00:00:00|hospital_B|hospital_B_20181030
SYN_BENE_AE305A18FE2E|SYN_CLM_8AA4BACD13D9|V|60|30-Oct-2018|30-Oct-2018|02-Nov-2018||3|491581|1|1|1|| |1526.24|0.0| ||49|1063523132| |9999868992| |9999868992|||0|1| |1526.24|30-Oct-2018|1|5|A|10|0.0|305.25|0|4|0.0|0.0|0|0|0|0|0|0|0|0|0|0|0|0|0|||||30-Oct-2018|951.0|0|0||Z608|Z608|Y|Y0703|N|G309|N|Z653|Y|N1830|Y|R801|N|N182|N|R809|N|G43719|Y|E785|Y|E1022|N|E1121|Y|E781|Y|R931|Y|E119|Y|I259|Y|E8881|Y|E669|Y|R7303|Y|D649|Y|P292|N|Z560|Y|R4689|Y|||||W86|W86|Y| | | | | | | | | | | | | | | | | | | | | | |GZ3|30-Oct-2018|Z741|30-Oct-2018|Z1331|30-Oct-2018|Z1331|30-Oct-2018|F1990|30-Oct-2018|Z715|30-Oct-2018|||||||||||||||||||||||||||||||||||||||0|0||4|450|G0444|3.0|2018-10-31T00:00:00|hospital_B|hospital_B_20181030
SYN_BENE_AE305A18FE2E|SYN_CLM_8AA4BACD13D9|V|60|30-Oct-2018|30-Oct-2018|02-Nov-2018||3|491581|1|1|1|| |1526.24|0.0| ||49|1063523132| |9999868992| |9999868992|||0|1| |1526.24|30-Oct-2018|1|5|A|10|0.0|305.25|0|4|0.0|0.0|0|0|0|0|0|0|0|0|0|0|0|0|0|||||30-Oct-2018|951.0|0|0||Z608|Z608|Y|Y0703|N|G309|N|Z653|Y|N1830|Y|R801|N|N182|N|R809|N|G43719|Y|E785|Y|E1022|N|E1121|Y|E781|Y|R931|Y|E119|Y|I259|Y|E8881|Y|E669|Y|R7303|Y|D649|Y|P292|N|Z560|Y|R4689|Y|||||W86|W86|Y| | | | | | | | | | | | | | | | | | | | | | |GZ3|30-Oct-2018|Z741|30-Oct-2018|Z1331|30-Oct-2018|Z1331|30-Oct-2018|F1990|30-Oct-2018|Z715|30-Oct-2018|||||||||||||||||||||||||||||||||||||||0|0||5|450|99408|3.0|2018-10-31T00:00:00|hospital_B|hospital_B_20181030
SYN_BENE_AE305A18FE2E|SYN_CLM_8AA4BACD13D9|V|60|30-Oct-2018|30-Oct-2018|02-Nov-2018||3|491581|1|1|1|| |1526.24|0.0| ||49|1063523132| |9999868992| |9999868992|||0|1| |1526.24|30-Oct-2018|1|5|A|10|0.0|305.25|0|4|0.0|0.0|0|0|0|0|0|0|0|0|0|0|0|0|0|||||30-Oct-2018|951.0|0|0||Z608|Z608|Y|Y0703|N|G309|N|Z653|Y|N1830|Y|R801|N|N182|N|R809|N|G43719|Y|E785|Y|E1022|N|E1121|Y|E781|Y|R931|Y|E119|Y|I259|Y|E8881|Y|E669|Y|R7303|Y|D649|Y|P292|N|Z560|Y|R4689|Y|||||W86|W86|Y| | | | | | | | | | | | | | | | | | | | | | |GZ3|30-Oct-2018|Z741|30-Oct-2018|Z1331|30-Oct-2018|Z1331|30-Oct-2018|F1990|30-Oct-2018|Z715|30-Oct-2018|||||||||||||||||||||||||||||||||||||||0|0||6|450|99408|3.0|2018-10-31T00:00:00|hospital_B|hospital_B_20181030
SYN_BENE_368BFB582129|SYN_CLM_631DD432FEF4|V|60|30-Oct-2018|30-Oct-2018|02-Nov-2018||3|491581|1|1|1|| |1526.24|0.0| ||49|1063523132| |9999868992| |9999868992|||0|1| |1526.24|30-Oct-2018|1|5|A|10|0.0|305.25|0|4|0.0|0.0|0|0|0|0|0|0|0|0|0|0|0|0|0|||||30-Oct-2018|951.0|0|0||Z608|Z608|Y|Y0703|N|G309|N|Z653|Y|N1830|Y|R801|N|N182|N|R809|N|G43719|Y|E785|Y|E1022|N|E1121|Y|E781|Y|R931|Y|E119|Y|I259|Y|E8881|Y|E669|Y|R7303|Y|D649|Y|P292|N|Z560|Y|R4689|Y|||||W86|W86|Y| | | | | | | | | | | | | | | | | | | | | | |GZ3|30-Oct-2018|Z741|30-Oct-2018|Z1331|30-Oct-2018|Z1331|30-Oct-2018|F1990|30-Oct-2018|Z715|30-Oct-2018|||||||||||||||||||||||||||||||||||||||0|0||1|450|99495|3.0|2018-10-31T00:00:00|hospital_B|hospital_B_20181030
SYN_BENE_368BFB582129|SYN_CLM_631DD432FEF4|V|60|30-Oct-2018|30-Oct-2018|02-Nov-2018||3|491581|1|1|1|| |1526.24|0.0| ||49|1063523132| |9999868992| |9999868992|||0|1| |1526.24|30-Oct-2018|1|5|A|10|0.0|305.25|0|4|0.0|0.0|0|0|0|0|0|0|0|0|0|0|0|0|0|||||30-Oct-2018|951.0|0|0||Z608|Z608|Y|Y0703|N|G309|N|Z653|Y|N1830|Y|R801|N|N182|N|R809|N|G43719|Y|E785|Y|E1022|N|E1121|Y|E781|Y|R931|Y|E119|Y|I259|Y|E8881|Y|E669|Y|R7303|Y|D649|Y|P292|N|Z560|Y|R4689|Y|||||W86|W86|Y| | | | | | | | | | | | | | | | | | | | | | |GZ3|30-Oct-2018|Z741|30-Oct-2018|Z1331|30-Oct-2018|Z1331|30-Oct-2018|F1990|30-Oct-2018|Z715|30-Oct-2018|||||||||||||||||||||||||||||||||||||||0|0||2|450|96156|3.0|2018-10-31T00:00:00|hospital_B|hospital_B_20181030
SYN_BENE_368BFB582129|SYN_CLM_631DD432FEF4|V|60|30-Oct-2018|30-Oct-2018|02-Nov-2018||3|491581|1|1|1|| |1526.24|0.0| ||49|1063523132| |9999868992| |9999868992|||0|1| |1526.24|30-Oct-2018|1|5|A|10|0.0|305.25|0|4|0.0|0.0|0|0|0|0|0|0|0|0|0|0|0|0|0|||||30-Oct-2018|951.0|0|0||Z608|Z608|Y|Y0703|N|G309|N|Z653|Y|N1830|Y|R801|N|N182|N|R809|N|G43719|Y|E785|Y|E1022|N|E1121|Y|E781|Y|R931|Y|E119|Y|I259|Y|E8881|Y|E669|Y|R7303|Y|D649|Y|P292|N|Z560|Y|R4689|Y|||||W86|W86|Y| | | | | | | | | | | | | | | | | | | | | | |GZ3|30-Oct-2018|Z741|30-Oct-2018|Z1331|30-Oct-2018|Z1331|30-Oct-2018|F1990|30-Oct-2018|Z715|30-Oct-2018|||||||||||||||||||||||||||||||||||||||0|0||3|450|G0444|3.0|2018-10-31T00:00:00|hospital_B|hospital_B_20181030
SYN_BENE_368BFB582129|SYN_CLM_631DD432FEF4|V|60|30-Oct-2018|30-Oct-2018|02-Nov-2018||3|491581|1|1|1|| |1526.24|0.0| ||49|1063523132| |9999868992| |9999868992|||0|1| |1526.24|30-Oct-2018|1|5|A|10|0.0|305.25|0|4|0.0|0.0|0|0|0|0|0|0|0|0|0|0|0|0|0|||||30-Oct-2018|951.0|0|0||Z608|Z608|Y|Y0703|N|G309|N|Z653|Y|N1830|Y|R801|N|N182|N|R809|N|G43719|Y|E785|Y|E1022|N|E1121|Y|E781|Y|R931|Y|E119|Y|I259|Y|E8881|Y|E669|Y|R7303|Y|D649|Y|P292|N|Z560|Y|R4689|Y|||||W86|W86|Y| | | | | | | | | | | | | | | | | | | | | | |GZ3|30-Oct-2018|Z741|30-Oct-2018|Z1331|30-Oct-2018|Z1331|30-Oct-2018|F1990|30-Oct-2018|Z715|30-Oct-2018|||||||||||||||||||||||||||||||||||||||0|0||4|450|G0444|3.0|2018-10-31T00:00:00|hospital_B|hospital_B_20181030
SYN_BENE_368BFB582129|SYN_CLM_631DD432FEF4|V|60|30-Oct-2018|30-Oct-2018|02-Nov-2018||3|491581|1|1|1|| |1526.24|0.0| ||49|1063523132| |9999868992| |9999868992|||0|1| |1526.24|30-Oct-2018|1|5|A|10|0.0|305.25|0|4|0.0|0.0|0|0|0|0|0|0|0|0|0|0|0|0|0|||||30-Oct-2018|951.0|0|0||Z608|Z608|Y|Y0703|N|G309|N|Z653|Y|N1830|Y|R801|N|N182|N|R809|N|G43719|Y|E785|Y|E1022|N|E1121|Y|E781|Y|R931|Y|E119|Y|I259|Y|E8881|Y|E669|Y|R7303|Y|D649|Y|P292|N|Z560|Y|R4689|Y|||||W86|W86|Y| | | | | | | | | | | | | | | | | | | | | | |GZ3|30-Oct-2018|Z741|30-Oct-2018|Z1331|30-Oct-2018|Z1331|30-Oct-2018|F1990|30-Oct-2018|Z715|30-Oct-2018|||||||||||||||||||||||||||||||||||||||0|0||5|450|99408|3.0|2018-10-31T00:00:00|hospital_B|hospital_B_20181030
SYN_BENE_368BFB582129|SYN_CLM_631DD432FEF4|V|60|30-Oct-2018|30-Oct-2018|02-Nov-2018||3|491581|1|1|1|| |1526.24|0.0| ||49|1063523132| |9999868992| |9999868992|||0|1| |1526.24|30-Oct-2018|1|5|A|10|0.0|305.25|0|4|0.0|0.0|0|0|0|0|0|0|0|0|0|0|0|0|0|||||30-Oct-2018|951.0|0|0||Z608|Z608|Y|Y0703|N|G309|N|Z653|Y|N1830|Y|R801|N|N182|N|R809|N|G43719|Y|E785|Y|E1022|N|E1121|Y|E781|Y|R931|Y|E119|Y|I259|Y|E8881|Y|E669|Y|R7303|Y|D649|Y|P292|N|Z560|Y|R4689|Y|||||W86|W86|Y| | | | | | | | | | | | | | | | | | | | | | |GZ3|30-Oct-2018|Z741|30-Oct-2018|Z1331|30-Oct-2018|Z1331|30-Oct-2018|F1990|30-Oct-2018|Z715|30-Oct-2018|||||||||||||||||||||||||||||||||||||||0|0||6|450|99408|3.0|2018-10-31T00:00:00|hospital_B|hospital_B_20181030
SYN_BENE_18E7BC469754|SYN_CLM_16AAB17E2E41|V|60|30-Oct-2018|30-Oct-2018|02-Nov-2018||3|491581|1|1|1|| |1526.24|0.0| ||49|1063523132| |9999868992| |9999868992|||0|1| |1526.24|30-Oct-2018|1|5|A|10|0.0|305.25|0|4|0.0|0.0|0|0|0|0|0|0|0|0|0|0|0|0|0|||||30-Oct-2018|951.0|0|0||Z608|Z608|Y|Y0703|N|G309|N|Z653|Y|N1830|Y|R801|N|N182|N|R809|N|G43719|Y|E785|Y|E1022|N|E1121|Y|E781|Y|R931|Y|E119|Y|I259|Y|E8881|Y|E669|Y|R7303|Y|D649|Y|P292|N|Z560|Y|R4689|Y|||||W86|W86|Y| | | | | | | | | | | | | | | | | | | | | | |GZ3|30-Oct-2018|Z741|30-Oct-2018|Z1331|30-Oct-2018|Z1331|30-Oct-2018|F1990|30-Oct-2018|Z715|30-Oct-2018|||||||||||||||||||||||||||||||||||||||0|0||1|450|99495|3.0|2018-10-31T00:00:00|hospital_B|hospital_B_20181030
SYN_BENE_18E7BC469754|SYN_CLM_16AAB17E2E41|V|60|30-Oct-2018|30-Oct-2018|02-Nov-2018||3|491581|1|1|1|| |1526.24|0.0| ||49|1063523132| |9999868992| |9999868992|||0|1| |1526.24|30-Oct-2018|1|5|A|10|0.0|305.25|0|4|0.0|0.0|0|0|0|0|0|0|0|0|0|0|0|0|0|||||30-Oct-2018|951.0|0|0||Z608|Z608|Y|Y0703|N|G309|N|Z653|Y|N1830|Y|R801|N|N182|N|R809|N|G43719|Y|E785|Y|E1022|N|E1121|Y|E781|Y|R931|Y|E119|Y|I259|Y|E8881|Y|E669|Y|R7303|Y|D649|Y|P292|N|Z560|Y|R4689|Y|||||W86|W86|Y| | | | | | | | | | | | | | | | | | | | | | |GZ3|30-Oct-2018|Z741|30-Oct-2018|Z1331|30-Oct-2018|Z1331|30-Oct-2018|F1990|30-Oct-2018|Z715|30-Oct-2018|||||||||||||||||||||||||||||||||||||||0|0||2|450|96156|3.0|2018-10-31T00:00:00|hospital_B|hospital_B_20181030
SYN_BENE_18E7BC469754|SYN_CLM_16AAB17E2E41|V|60|30-Oct-2018|30-Oct-2018|02-Nov-2018||3|491581|1|1|1|| |1526.24|0.0| ||49|1063523132| |9999868992| |9999868992|||0|1| |1526.24|30-Oct-2018|1|5|A|10|0.0|305.25|0|4|0.0|0.0|0|0|0|0|0|0|0|0|0|0|0|0|0|||||30-Oct-2018|951.0|0|0||Z608|Z608|Y|Y0703|N|G309|N|Z653|Y|N1830|Y|R801|N|N182|N|R809|N|G43719|Y|E785|Y|E1022|N|E1121|Y|E781|Y|R931|Y|E119|Y|I259|Y|E8881|Y|E669|Y|R7303|Y|D649|Y|P292|N|Z560|Y|R4689|Y|||||W86|W86|Y| | | | | | | | | | | | | | | | | | | | | | |GZ3|30-Oct-2018|Z741|30-Oct-2018|Z1331|30-Oct-2018|Z1331|30-Oct-2018|F1990|30-Oct-2018|Z715|30-Oct-2018|||||||||||||||||||||||||||||||||||||||0|0||3|450|G0444|3.0|2018-10-31T00:00:00|hospital_B|hospital_B_20181030
SYN_BENE_18E7BC469754|SYN_CLM_16AAB17E2E41|V|60|30-Oct-2018|30-Oct-2018|02-Nov-2018||3|491581|1|1|1|| |1526.24|0.0| ||49|1063523132| |9999868992| |9999868992|||0|1| |1526.24|30-Oct-2018|1|5|A|10|0.0|305.25|0|4|0.0|0.0|0|0|0|0|0|0|0|0|0|0|0|0|0|||||30-Oct-2018|951.0|0|0||Z608|Z608|Y|Y0703|N|G309|N|Z653|Y|N1830|Y|R801|N|N182|N|R809|N|G43719|Y|E785|Y|E1022|N|E1121|Y|E781|Y|R931|Y|E119|Y|I259|Y|E8881|Y|E669|Y|R7303|Y|D649|Y|P292|N|Z560|Y|R4689|Y|||||W86|W86|Y| | | | | | | | | | | | | | | | | | | | | | |GZ3|30-Oct-2018|Z741|30-Oct-2018|Z1331|30-Oct-2018|Z1331|30-Oct-2018|F1990|30-Oct-2018|Z715|30-Oct-2018|||||||||||||||||||||||||||||||||||||||0|0||4|450|G0444|3.0|2018-10-31T00:00:00|hospital_B|hospital_B_20181030
SYN_BENE_18E7BC469754|SYN_CLM_16AAB17E2E41|V|60|30-Oct-2018|30-Oct-2018|02-Nov-2018||3|491581|1|1|1|| |1526.24|0.0| ||49|1063523132| |9999868992| |9999868992|||0|1| |1526.24|30-Oct-2018|1|5|A|10|0.0|305.25|0|4|0.0|0.0|0|0|0|0|0|0|0|0|0|0|0|0|0|||||30-Oct-2018|951.0|0|0||Z608|Z608|Y|Y0703|N|G309|N|Z653|Y|N1830|Y|R801|N|N182|N|R809|N|G43719|Y|E785|Y|E1022|N|E1121|Y|E781|Y|R931|Y|E119|Y|I259|Y|E8881|Y|E669|Y|R7303|Y|D649|Y|P292|N|Z560|Y|R4689|Y|||||W86|W86|Y| | | | | | | | | | | | | | | | | | | | | | |GZ3|30-Oct-2018|Z741|30-Oct-2018|Z1331|30-Oct-2018|Z1331|30-Oct-2018|F1990|30-Oct-2018|Z715|30-Oct-2018|||||||||||||||||||||||||||||||||||||||0|0||5|450|99408|3.0|2018-10-31T00:00:00|hospital_B|hospital_B_20181030
SYN_BENE_18E7BC469754|SYN_CLM_16AAB17E2E41|V|60|30-Oct-2018|30-Oct-2018|02-Nov-2018||3|491581|1|1|1|| |1526.24|0.0| ||49|1063523132| |9999868992| |9999868992|||0|1| |1526.24|30-Oct-2018|1|5|A|10|0.0|305.25|0|4|0.0|0.0|0|0|0|0|0|0|0|0|0|0|0|0|0|||||30-Oct-2018|951.0|0|0||Z608|Z608|Y|Y0703|N|G309|N|Z653|Y|N1830|Y|R801|N|N182|N|R809|N|G43719|Y|E785|Y|E1022|N|E1121|Y|E781|Y|R931|Y|E119|Y|I259|Y|E8881|Y|E669|Y|R7303|Y|D649|Y|P292|N|Z560|Y|R4689|Y|||||W86|W86|Y| | | | | | | | | | | | | | | | | | | | | | |GZ3|30-Oct-2018|Z741|30-Oct-2018|Z1331|30-Oct-2018|Z1331|30-Oct-2018|F1990|30-Oct-2018|Z715|30-Oct-2018|||||||||||||||||||||||||||||||||||||||0|0||6|450|99408|3.0|2018-10-31T00:00:00|hospital_B|hospital_B_20181030
SYN_BENE_B68028988556|SYN_CLM_67C425599069|V|60|30-Oct-2018|30-Oct-2018|02-Nov-2018||3|491581|1|1|1|| |1526.24|0.0| ||49|1063523132| |9999868992| |9999868992|||0|1| |1526.24|30-Oct-2018|1|5|A|10|0.0|305.25|0|4|0.0|0.0|0|0|0|0|0|0|0|0|0|0|0|0|0|||||30-Oct-2018|951.0|0|0||Z608|Z608|Y|Y0703|N|G309|N|Z653|Y|N1830|Y|R801|N|N182|N|R809|N|G43719|Y|E785|Y|E1022|N|E1121|Y|E781|Y|R931|Y|E119|Y|I259|Y|E8881|Y|E669|Y|R7303|Y|D649|Y|P292|N|Z560|Y|R4689|Y|||||W86|W86|Y| | | | | | | | | | | | | | | | | | | | | | |GZ3|30-Oct-2018|Z741|30-Oct-2018|Z1331|30-Oct-2018|Z1331|30-Oct-2018|F1990|30-Oct-2018|Z715|30-Oct-2018|||||||||||||||||||||||||||||||||||||||0|0||1|450|99495|3.0|2018-10-31T00:00:00|hospital_B|hospital_B_20181030
SYN_BENE_B68028988556|SYN_CLM_67C425599069|V|60|30-Oct-2018|30-Oct-2018|02-Nov-2018||3|491581|1|1|1|| |1526.24|0.0| ||49|1063523132| |9999868992| |9999868992|||0|1| |1526.24|30-Oct-2018|1|5|A|10|0.0|305.25|0|4|0.0|0.0|0|0|0|0|0|0|0|0|0|0|0|0|0|||||30-Oct-2018|951.0|0|0||Z608|Z608|Y|Y0703|N|G309|N|Z653|Y|N1830|Y|R801|N|N182|N|R809|N|G43719|Y|E785|Y|E1022|N|E1121|Y|E781|Y|R931|Y|E119|Y|I259|Y|E8881|Y|E669|Y|R7303|Y|D649|Y|P292|N|Z560|Y|R4689|Y|||||W86|W86|Y| | | | | | | | | | | | | | | | | | | | | | |GZ3|30-Oct-2018|Z741|30-Oct-2018|Z1331|30-Oct-2018|Z1331|30-Oct-2018|F1990|30-Oct-2018|Z715|30-Oct-2018|||||||||||||||||||||||||||||||||||||||0|0||2|450|96156|3.0|2018-10-31T00:00:00|hospital_B|hospital_B_20181030
SYN_BENE_B68028988556|SYN_CLM_67C425599069|V|60|30-Oct-2018|30-Oct-2018|02-Nov-2018||3|491581|1|1|1|| |1526.24|0.0| ||49|1063523132| |9999868992| |9999868992|||0|1| |1526.24|30-Oct-2018|1|5|A|10|0.0|305.25|0|4|0.0|0.0|0|0|0|0|0|0|0|0|0|0|0|0|0|||||30-Oct-2018|951.0|0|0||Z608|Z608|Y|Y0703|N|G309|N|Z653|Y|N1830|Y|R801|N|N182|N|R809|N|G43719|Y|E785|Y|E1022|N|E1121|Y|E781|Y|R931|Y|E119|Y|I259|Y|E8881|Y|E669|Y|R7303|Y|D649|Y|P292|N|Z560|Y|R4689|Y|||||W86|W86|Y| | | | | | | | | | | | | | | | | | | | | | |GZ3|30-Oct-2018|Z741|30-Oct-2018|Z1331|30-Oct-2018|Z1331|30-Oct-2018|F1990|30-Oct-2018|Z715|30-Oct-2018|||||||||||||||||||||||||||||||||||||||0|0||3|450|G0444|3.0|2018-10-31T00:00:00|hospital_B|hospital_B_20181030
SYN_BENE_B68028988556|SYN_CLM_67C425599069|V|60|30-Oct-2018|30-Oct-2018|02-Nov-2018||3|491581|1|1|1|| |1526.24|0.0| ||49|1063523132| |9999868992| |9999868992|||0|1| |1526.24|30-Oct-2018|1|5|A|10|0.0|305.25|0|4|0.0|0.0|0|0|0|0|0|0|0|0|0|0|0|0|0|||||30-Oct-2018|951.0|0|0||Z608|Z608|Y|Y0703|N|G309|N|Z653|Y|N1830|Y|R801|N|N182|N|R809|N|G43719|Y|E785|Y|E1022|N|E1121|Y|E781|Y|R931|Y|E119|Y|I259|Y|E8881|Y|E669|Y|R7303|Y|D649|Y|P292|N|Z560|Y|R4689|Y|||||W86|W86|Y| | | | | | | | | | | | | | | | | | | | | | |GZ3|30-Oct-2018|Z741|30-Oct-2018|Z1331|30-Oct-2018|Z1331|30-Oct-2018|F1990|30-Oct-2018|Z715|30-Oct-2018|||||||||||||||||||||||||||||||||||||||0|0||4|450|G0444|3.0|2018-10-31T00:00:00|hospital_B|hospital_B_20181030
SYN_BENE_B68028988556|SYN_CLM_67C425599069|V|60|30-Oct-2018|30-Oct-2018|02-Nov-2018||3|491581|1|1|1|| |1526.24|0.0| ||49|1063523132| |9999868992| |9999868992|||0|1| |1526.24|30-Oct-2018|1|5|A|10|0.0|305.25|0|4|0.0|0.0|0|0|0|0|0|0|0|0|0|0|0|0|0|||||30-Oct-2018|951.0|0|0||Z608|Z608|Y|Y0703|N|G309|N|Z653|Y|N1830|Y|R801|N|N182|N|R809|N|G43719|Y|E785|Y|E1022|N|E1121|Y|E781|Y|R931|Y|E119|Y|I259|Y|E8881|Y|E669|Y|R7303|Y|D649|Y|P292|N|Z560|Y|R4689|Y|||||W86|W86|Y| | | | | | | | | | | | | | | | | | | | | | |GZ3|30-Oct-2018|Z741|30-Oct-2018|Z1331|30-Oct-2018|Z1331|30-Oct-2018|F1990|30-Oct-2018|Z715|30-Oct-2018|||||||||||||||||||||||||||||||||||||||0|0||5|450|99408|3.0|2018-10-31T00:00:00|hospital_B|hospital_B_20181030
SYN_BENE_B68028988556|SYN_CLM_67C425599069|V|60|30-Oct-2018|30-Oct-2018|02-Nov-2018||3|491581|1|1|1|| |1526.24|0.0| ||49|1063523132| |9999868992| |9999868992|||0|1| |1526.24|30-Oct-2018|1|5|A|10|0.0|305.25|0|4|0.0|0.0|0|0|0|0|0|0|0|0|0|0|0|0|0|||||30-Oct-2018|951.0|0|0||Z608|Z608|Y|Y0703|N|G309|N|Z653|Y|N1830|Y|R801|N|N182|N|R809|N|G43719|Y|E785|Y|E1022|N|E1121|Y|E781|Y|R931|Y|E119|Y|I259|Y|E8881|Y|E669|Y|R7303|Y|D649|Y|P292|N|Z560|Y|R4689|Y|||||W86|W86|Y| | | | | | | | | | | | | | | | | | | | | | |GZ3|30-Oct-2018|Z741|30-Oct-2018|Z1331|30-Oct-2018|Z1331|30-Oct-2018|F1990|30-Oct-2018|Z715|30-Oct-2018|||||||||||||||||||||||||||||||||||||||0|0||6|450|99408|3.0|2018-10-31T00:00:00|hospital_B|hospital_B_20181030
SYN_BENE_CD170FB0F88A|SYN_CLM_775B9C5AF46C|V|60|30-Oct-2018|30-Oct-2018|02-Nov-2018||3|491581|1|1|1|| |1526.24|0.0| ||49|1063523132| |9999868992| |9999868992|||0|1| |1526.24|30-Oct-2018|1|5|A|10|0.0|305.25|0|4|0.0|0.0|0|0|0|0|0|0|0|0|0|0|0|0|0|||||30-Oct-2018|951.0|0|0||Z608|Z608|Y|Y0703|N|G309|N|Z653|Y|N1830|Y|R801|N|N182|N|R809|N|G43719|Y|E785|Y|E1022|N|E1121|Y|E781|Y|R931|Y|E119|Y|I259|Y|E8881|Y|E669|Y|R7303|Y|D649|Y|P292|N|Z560|Y|R4689|Y|||||W86|W86|Y| | | | | | | | | | | | | | | | | | | | | | |GZ3|30-Oct-2018|Z741|30-Oct-2018|Z1331|30-Oct-2018|Z1331|30-Oct-2018|F1990|30-Oct-2018|Z715|30-Oct-2018|||||||||||||||||||||||||||||||||||||||0|0||1|450|99495|3.0|2018-10-31T00:00:00|hospital_B|hospital_B_20181030
SYN_BENE_CD170FB0F88A|SYN_CLM_775B9C5AF46C|V|60|30-Oct-2018|30-Oct-2018|02-Nov-2018||3|491581|1|1|1|| |1526.24|0.0| ||49|1063523132| |9999868992| |9999868992|||0|1| |1526.24|30-Oct-2018|1|5|A|10|0.0|305.25|0|4|0.0|0.0|0|0|0|0|0|0|0|0|0|0|0|0|0|||||30-Oct-2018|951.0|0|0||Z608|Z608|Y|Y0703|N|G309|N|Z653|Y|N1830|Y|R801|N|N182|N|R809|N|G43719|Y|E785|Y|E1022|N|E1121|Y|E781|Y|R931|Y|E119|Y|I259|Y|E8881|Y|E669|Y|R7303|Y|D649|Y|P292|N|Z560|Y|R4689|Y|||||W86|W86|Y| | | | | | | | | | | | | | | | | | | | | | |GZ3|30-Oct-2018|Z741|30-Oct-2018|Z1331|30-Oct-2018|Z1331|30-Oct-2018|F1990|30-Oct-2018|Z715|30-Oct-2018|||||||||||||||||||||||||||||||||||||||0|0||2|450|96156|3.0|2018-10-31T00:00:00|hospital_B|hospital_B_20181030
SYN_BENE_CD170FB0F88A|SYN_CLM_775B9C5AF46C|V|60|30-Oct-2018|30-Oct-2018|02-Nov-2018||3|491581|1|1|1|| |1526.24|0.0| ||49|1063523132| |9999868992| |9999868992|||0|1| |1526.24|30-Oct-2018|1|5|A|10|0.0|305.25|0|4|0.0|0.0|0|0|0|0|0|0|0|0|0|0|0|0|0|||||30-Oct-2018|951.0|0|0||Z608|Z608|Y|Y0703|N|G309|N|Z653|Y|N1830|Y|R801|N|N182|N|R809|N|G43719|Y|E785|Y|E1022|N|E1121|Y|E781|Y|R931|Y|E119|Y|I259|Y|E8881|Y|E669|Y|R7303|Y|D649|Y|P292|N|Z560|Y|R4689|Y|||||W86|W86|Y| | | | | | | | | | | | | | | | | | | | | | |GZ3|30-Oct-2018|Z741|30-Oct-2018|Z1331|30-Oct-2018|Z1331|30-Oct-2018|F1990|30-Oct-2018|Z715|30-Oct-2018|||||||||||||||||||||||||||||||||||||||0|0||3|450|G0444|3.0|2018-10-31T00:00:00|hospital_B|hospital_B_20181030
SYN_BENE_CD170FB0F88A|SYN_CLM_775B9C5AF46C|V|60|30-Oct-2018|30-Oct-2018|02-Nov-2018||3|491581|1|1|1|| |1526.24|0.0| ||49|1063523132| |9999868992| |9999868992|||0|1| |1526.24|30-Oct-2018|1|5|A|10|0.0|305.25|0|4|0.0|0.0|0|0|0|0|0|0|0|0|0|0|0|0|0|||||30-Oct-2018|951.0|0|0||Z608|Z608|Y|Y0703|N|G309|N|Z653|Y|N1830|Y|R801|N|N182|N|R809|N|G43719|Y|E785|Y|E1022|N|E1121|Y|E781|Y|R931|Y|E119|Y|I259|Y|E8881|Y|E669|Y|R7303|Y|D649|Y|P292|N|Z560|Y|R4689|Y|||||W86|W86|Y| | | | | | | | | | | | | | | | | | | | | | |GZ3|30-Oct-2018|Z741|30-Oct-2018|Z1331|30-Oct-2018|Z1331|30-Oct-2018|F1990|30-Oct-2018|Z715|30-Oct-2018|||||||||||||||||||||||||||||||||||||||0|0||4|450|G0444|3.0|2018-10-31T00:00:00|hospital_B|hospital_B_20181030
SYN_BENE_CD170FB0F88A|SYN_CLM_775B9C5AF46C|V|60|30-Oct-2018|30-Oct-2018|02-Nov-2018||3|491581|1|1|1|| |1526.24|0.0| ||49|1063523132| |9999868992| |9999868992|||0|1| |1526.24|30-Oct-2018|1|5|A|10|0.0|305.25|0|4|0.0|0.0|0|0|0|0|0|0|0|0|0|0|0|0|0|||||30-Oct-2018|951.0|0|0||Z608|Z608|Y|Y0703|N|G309|N|Z653|Y|N1830|Y|R801|N|N182|N|R809|N|G43719|Y|E785|Y|E1022|N|E1121|Y|E781|Y|R931|Y|E119|Y|I259|Y|E8881|Y|E669|Y|R7303|Y|D649|Y|P292|N|Z560|Y|R4689|Y|||||W86|W86|Y| | | | | | | | | | | | | | | | | | | | | | |GZ3|30-Oct-2018|Z741|30-Oct-2018|Z1331|30-Oct-2018|Z1331|30-Oct-2018|F1990|30-Oct-2018|Z715|30-Oct-2018|||||||||||||||||||||||||||||||||||||||0|0||5|450|99408|3.0|2018-10-31T00:00:00|hospital_B|hospital_B_20181030
SYN_BENE_CD170FB0F88A|SYN_CLM_775B9C5AF46C|V|60|30-Oct-2018|30-Oct-2018|02-Nov-2018||3|491581|1|1|1|| |1526.24|0.0| ||49|1063523132| |9999868992| |9999868992|||0|1| |1526.24|30-Oct-2018|1|5|A|10|0.0|305.25|0|4|0.0|0.0|0|0|0|0|0|0|0|0|0|0|0|0|0|||||30-Oct-2018|951.0|0|0||Z608|Z608|Y|Y0703|N|G309|N|Z653|Y|N1830|Y|R801|N|N182|N|R809|N|G43719|Y|E785|Y|E1022|N|E1121|Y|E781|Y|R931|Y|E119|Y|I259|Y|E8881|Y|E669|Y|R7303|Y|D649|Y|P292|N|Z560|Y|R4689|Y|||||W86|W86|Y| | | | | | | | | | | | | | | | | | | | | | |GZ3|30-Oct-2018|Z741|30-Oct-2018|Z1331|30-Oct-2018|Z1331|30-Oct-2018|F1990|30-Oct-2018|Z715|30-Oct-2018|||||||||||||||||||||||||||||||||||||||0|0||6|450|99408|3.0|2018-10-31T00:00:00|hospital_B|hospital_B_20181030
SYN_BENE_162D51EC5D8C|SYN_CLM_A4C3DC2C13A8|V|60|30-Oct-2018|30-Oct-2018|02-Nov-2018||3|491581|1|1|1|| |1526.24|0.0| ||49|1063523132| |9999868992| |9999868992|||0|1| |1526.24|30-Oct-2018|1|5|A|10|0.0|305.25|0|4|0.0|0.0|0|0|0|0|0|0|0|0|0|0|0|0|0|||||30-Oct-2018|951.0|0|0||Z608|Z608|Y|Y0703|N|G309|N|Z653|Y|N1830|Y|R801|N|N182|N|R809|N|G43719|Y|E785|Y|E1022|N|E1121|Y|E781|Y|R931|Y|E119|Y|I259|Y|E8881|Y|E669|Y|R7303|Y|D649|Y|P292|N|Z560|Y|R4689|Y|||||W86|W86|Y| | | | | | | | | | | | | | | | | | | | | | |GZ3|30-Oct-2018|Z741|30-Oct-2018|Z1331|30-Oct-2018|Z1331|30-Oct-2018|F1990|30-Oct-2018|Z715|30-Oct-2018|||||||||||||||||||||||||||||||||||||||0|0||1|450|99495|3.0|2018-10-31T00:00:00|hospital_B|hospital_B_20181030
SYN_BENE_162D51EC5D8C|SYN_CLM_A4C3DC2C13A8|V|60|30-Oct-2018|30-Oct-2018|02-Nov-2018||3|491581|1|1|1|| |1526.24|0.0| ||49|1063523132| |9999868992| |9999868992|||0|1| |1526.24|30-Oct-2018|1|5|A|10|0.0|305.25|0|4|0.0|0.0|0|0|0|0|0|0|0|0|0|0|0|0|0|||||30-Oct-2018|951.0|0|0||Z608|Z608|Y|Y0703|N|G309|N|Z653|Y|N1830|Y|R801|N|N182|N|R809|N|G43719|Y|E785|Y|E1022|N|E1121|Y|E781|Y|R931|Y|E119|Y|I259|Y|E8881|Y|E669|Y|R7303|Y|D649|Y|P292|N|Z560|Y|R4689|Y|||||W86|W86|Y| | | | | | | | | | | | | | | | | | | | | | |GZ3|30-Oct-2018|Z741|30-Oct-2018|Z1331|30-Oct-2018|Z1331|30-Oct-2018|F1990|30-Oct-2018|Z715|30-Oct-2018|||||||||||||||||||||||||||||||||||||||0|0||2|450|96156|3.0|2018-10-31T00:00:00|hospital_B|hospital_B_20181030
SYN_BENE_162D51EC5D8C|SYN_CLM_A4C3DC2C13A8|V|60|30-Oct-2018|30-Oct-2018|02-Nov-2018||3|491581|1|1|1|| |1526.24|0.0| ||49|1063523132| |9999868992| |9999868992|||0|1| |1526.24|30-Oct-2018|1|5|A|10|0.0|305.25|0|4|0.0|0.0|0|0|0|0|0|0|0|0|0|0|0|0|0|||||30-Oct-2018|951.0|0|0||Z608|Z608|Y|Y0703|N|G309|N|Z653|Y|N1830|Y|R801|N|N182|N|R809|N|G43719|Y|E785|Y|E1022|N|E1121|Y|E781|Y|R931|Y|E119|Y|I259|Y|E8881|Y|E669|Y|R7303|Y|D649|Y|P292|N|Z560|Y|R4689|Y|||||W86|W86|Y| | | | | | | | | | | | | | | | | | | | | | |GZ3|30-Oct-2018|Z741|30-Oct-2018|Z1331|30-Oct-2018|Z1331|30-Oct-2018|F1990|30-Oct-2018|Z715|30-Oct-2018|||||||||||||||||||||||||||||||||||||||0|0||3|450|G0444|3.0|2018-10-31T00:00:00|hospital_B|hospital_B_20181030
SYN_BENE_162D51EC5D8C|SYN_CLM_A4C3DC2C13A8|V|60|30-Oct-2018|30-Oct-2018|02-Nov-2018||3|491581|1|1|1|| |1526.24|0.0| ||49|1063523132| |9999868992| |9999868992|||0|1| |1526.24|30-Oct-2018|1|5|A|10|0.0|305.25|0|4|0.0|0.0|0|0|0|0|0|0|0|0|0|0|0|0|0|||||30-Oct-2018|951.0|0|0||Z608|Z608|Y|Y0703|N|G309|N|Z653|Y|N1830|Y|R801|N|N182|N|R809|N|G43719|Y|E785|Y|E1022|N|E1121|Y|E781|Y|R931|Y|E119|Y|I259|Y|E8881|Y|E669|Y|R7303|Y|D649|Y|P292|N|Z560|Y|R4689|Y|||||W86|W86|Y| | | | | | | | | | | | | | | | | | | | | | |GZ3|30-Oct-2018|Z741|30-Oct-2018|Z1331|30-Oct-2018|Z1331|30-Oct-2018|F1990|30-Oct-2018|Z715|30-Oct-2018|||||||||||||||||||||||||||||||||||||||0|0||4|450|G0444|3.0|2018-10-31T00:00:00|hospital_B|hospital_B_20181030
SYN_BENE_162D51EC5D8C|SYN_CLM_A4C3DC2C13A8|V|60|30-Oct-2018|30-Oct-2018|02-Nov-2018||3|491581|1|1|1|| |1526.24|0.0| ||49|1063523132| |9999868992| |9999868992|||0|1| |1526.24|30-Oct-2018|1|5|A|10|0.0|305.25|0|4|0.0|0.0|0|0|0|0|0|0|0|0|0|0|0|0|0|||||30-Oct-2018|951.0|0|0||Z608|Z608|Y|Y0703|N|G309|N|Z653|Y|N1830|Y|R801|N|N182|N|R809|N|G43719|Y|E785|Y|E1022|N|E1121|Y|E781|Y|R931|Y|E119|Y|I259|Y|E8881|Y|E669|Y|R7303|Y|D649|Y|P292|N|Z560|Y|R4689|Y|||||W86|W86|Y| | | | | | | | | | | | | | | | | | | | | | |GZ3|30-Oct-2018|Z741|30-Oct-2018|Z1331|30-Oct-2018|Z1331|30-Oct-2018|F1990|30-Oct-2018|Z715|30-Oct-2018|||||||||||||||||||||||||||||||||||||||0|0||5|450|99408|3.0|2018-10-31T00:00:00|hospital_B|hospital_B_20181030
SYN_BENE_162D51EC5D8C|SYN_CLM_A4C3DC2C13A8|V|60|30-Oct-2018|30-Oct-2018|02-Nov-2018||3|491581|1|1|1|| |1526.24|0.0| ||49|1063523132| |9999868992| |9999868992|||0|1| |1526.24|30-Oct-2018|1|5|A|10|0.0|305.25|0|4|0.0|0.0|0|0|0|0|0|0|0|0|0|0|0|0|0|||||30-Oct-2018|951.0|0|0||Z608|Z608|Y|Y0703|N|G309|N|Z653|Y|N1830|Y|R801|N|N182|N|R809|N|G43719|Y|E785|Y|E1022|N|E1121|Y|E781|Y|R931|Y|E119|Y|I259|Y|E8881|Y|E669|Y|R7303|Y|D649|Y|P292|N|Z560|Y|R4689|Y|||||W86|W86|Y| | | | | | | | | | | | | | | | | | | | | | |GZ3|30-Oct-2018|Z741|30-Oct-2018|Z1331|30-Oct-2018|Z1331|30-Oct-2018|F1990|30-Oct-2018|Z715|30-Oct-2018|||||||||||||||||||||||||||||||||||||||0|0||6|450|99408|3.0|2018-10-31T00:00:00|hospital_B|hospital_B_20181030
SYN_BENE_17848F9AE7F6|SYN_CLM_CD9497B32508|V|60|30-Oct-2018|30-Oct-2018|02-Nov-2018||3|491581|1|1|1|| |1526.24|0.0| ||49|1063523132| |9999868992| |9999868992|||0|1| |1526.24|30-Oct-2018|1|5|A|10|0.0|305.25|0|4|0.0|0.0|0|0|0|0|0|0|0|0|0|0|0|0|0|||||30-Oct-2018|951.0|0|0||Z608|Z608|Y|Y0703|N|G309|N|Z653|Y|N1830|Y|R801|N|N182|N|R809|N|G43719|Y|E785|Y|E1022|N|E1121|Y|E781|Y|R931|Y|E119|Y|I259|Y|E8881|Y|E669|Y|R7303|Y|D649|Y|P292|N|Z560|Y|R4689|Y|||||W86|W86|Y| | | | | | | | | | | | | | | | | | | | | | |GZ3|30-Oct-2018|Z741|30-Oct-2018|Z1331|30-Oct-2018|Z1331|30-Oct-2018|F1990|30-Oct-2018|Z715|30-Oct-2018|||||||||||||||||||||||||||||||||||||||0|0||1|450|99495|3.0|2018-10-31T00:00:00|hospital_B|hospital_B_20181030
SYN_BENE_17848F9AE7F6|SYN_CLM_CD9497B32508|V|60|30-Oct-2018|30-Oct-2018|02-Nov-2018||3|491581|1|1|1|| |1526.24|0.0| ||49|1063523132| |9999868992| |9999868992|||0|1| |1526.24|30-Oct-2018|1|5|A|10|0.0|305.25|0|4|0.0|0.0|0|0|0|0|0|0|0|0|0|0|0|0|0|||||30-Oct-2018|951.0|0|0||Z608|Z608|Y|Y0703|N|G309|N|Z653|Y|N1830|Y|R801|N|N182|N|R809|N|G43719|Y|E785|Y|E1022|N|E1121|Y|E781|Y|R931|Y|E119|Y|I259|Y|E8881|Y|E669|Y|R7303|Y|D649|Y|P292|N|Z560|Y|R4689|Y|||||W86|W86|Y| | | | | | | | | | | | | | | | | | | | | | |GZ3|30-Oct-2018|Z741|30-Oct-2018|Z1331|30-Oct-2018|Z1331|30-Oct-2018|F1990|30-Oct-2018|Z715|30-Oct-2018|||||||||||||||||||||||||||||||||||||||0|0||2|450|96156|3.0|2018-10-31T00:00:00|hospital_B|hospital_B_20181030
SYN_BENE_17848F9AE7F6|SYN_CLM_CD9497B32508|V|60|30-Oct-2018|30-Oct-2018|02-Nov-2018||3|491581|1|1|1|| |1526.24|0.0| ||49|1063523132| |9999868992| |9999868992|||0|1| |1526.24|30-Oct-2018|1|5|A|10|0.0|305.25|0|4|0.0|0.0|0|0|0|0|0|0|0|0|0|0|0|0|0|||||30-Oct-2018|951.0|0|0||Z608|Z608|Y|Y0703|N|G309|N|Z653|Y|N1830|Y|R801|N|N182|N|R809|N|G43719|Y|E785|Y|E1022|N|E1121|Y|E781|Y|R931|Y|E119|Y|I259|Y|E8881|Y|E669|Y|R7303|Y|D649|Y|P292|N|Z560|Y|R4689|Y|||||W86|W86|Y| | | | | | | | | | | | | | | | | | | | | | |GZ3|30-Oct-2018|Z741|30-Oct-2018|Z1331|30-Oct-2018|Z1331|30-Oct-2018|F1990|30-Oct-2018|Z715|30-Oct-2018|||||||||||||||||||||||||||||||||||||||0|0||3|450|G0444|3.0|2018-10-31T00:00:00|hospital_B|hospital_B_20181030
SYN_BENE_17848F9AE7F6|SYN_CLM_CD9497B32508|V|60|30-Oct-2018|30-Oct-2018|02-Nov-2018||3|491581|1|1|1|| |1526.24|0.0| ||49|1063523132| |9999868992| |9999868992|||0|1| |1526.24|30-Oct-2018|1|5|A|10|0.0|305.25|0|4|0.0|0.0|0|0|0|0|0|0|0|0|0|0|0|0|0|||||30-Oct-2018|951.0|0|0||Z608|Z608|Y|Y0703|N|G309|N|Z653|Y|N1830|Y|R801|N|N182|N|R809|N|G43719|Y|E785|Y|E1022|N|E1121|Y|E781|Y|R931|Y|E119|Y|I259|Y|E8881|Y|E669|Y|R7303|Y|D649|Y|P292|N|Z560|Y|R4689|Y|||||W86|W86|Y| | | | | | | | | | | | | | | | | | | | | | |GZ3|30-Oct-2018|Z741|30-Oct-2018|Z1331|30-Oct-2018|Z1331|30-Oct-2018|F1990|30-Oct-2018|Z715|30-Oct-2018|||||||||||||||||||||||||||||||||||||||0|0||4|450|G0444|3.0|2018-10-31T00:00:00|hospital_B|hospital_B_20181030
SYN_BENE_17848F9AE7F6|SYN_CLM_CD9497B32508|V|60|30-Oct-2018|30-Oct-2018|02-Nov-2018||3|491581|1|1|1|| |1526.24|0.0| ||49|1063523132| |9999868992| |9999868992|||0|1| |1526.24|30-Oct-2018|1|5|A|10|0.0|305.25|0|4|0.0|0.0|0|0|0|0|0|0|0|0|0|0|0|0|0|||||30-Oct-2018|951.0|0|0||Z608|Z608|Y|Y0703|N|G309|N|Z653|Y|N1830|Y|R801|N|N182|N|R809|N|G43719|Y|E785|Y|E1022|N|E1121|Y|E781|Y|R931|Y|E119|Y|I259|Y|E8881|Y|E669|Y|R7303|Y|D649|Y|P292|N|Z560|Y|R4689|Y|||||W86|W86|Y| | | | | | | | | | | | | | | | | | | | | | |GZ3|30-Oct-2018|Z741|30-Oct-2018|Z1331|30-Oct-2018|Z1331|30-Oct-2018|F1990|30-Oct-2018|Z715|30-Oct-2018|||||||||||||||||||||||||||||||||||||||0|0||5|450|99408|3.0|2018-10-31T00:00:00|hospital_B|hospital_B_20181030
SYN_BENE_17848F9AE7F6|SYN_CLM_CD9497B32508|V|60|30-Oct-2018|30-Oct-2018|02-Nov-2018||3|491581|1|1|1|| |1526.24|0.0| ||49|1063523132| |9999868992| |9999868992|||0|1| |1526.24|30-Oct-2018|1|5|A|10|0.0|305.25|0|4|0.0|0.0|0|0|0|0|0|0|0|0|0|0|0|0|0|||||30-Oct-2018|951.0|0|0||Z608|Z608|Y|Y0703|N|G309|N|Z653|Y|N1830|Y|R801|N|N182|N|R809|N|G43719|Y|E785|Y|E1022|N|E1121|Y|E781|Y|R931|Y|E119|Y|I259|Y|E8881|Y|E669|Y|R7303|Y|D649|Y|P292|N|Z560|Y|R4689|Y|||||W86|W86|Y| | | | | | | | | | | | | | | | | | | | | | |GZ3|30-Oct-2018|Z741|30-Oct-2018|Z1331|30-Oct-2018|Z1331|30-Oct-2018|F1990|30-Oct-2018|Z715|30-Oct-2018|||||||||||||||||||||||||||||||||||||||0|0||6|450|99408|3.0|2018-10-31T00:00:00|hospital_B|hospital_B_20181030
SYN_BENE_0CB583DF7B24|SYN_CLM_186CC3EAAD3A|V|60|30-Oct-2018|30-Oct-2018|02-Nov-2018||3|491581|1|1|1|| |1526.24|0.0| ||49|1063523132| |9999868992| |9999868992|||0|1| |1526.24|30-Oct-2018|1|5|A|10|0.0|305.25|0|4|0.0|0.0|0|0|0|0|0|0|0|0|0|0|0|0|0|||||30-Oct-2018|951.0|0|0||Z608|Z608|Y|Y0703|N|G309|N|Z653|Y|N1830|Y|R801|N|N182|N|R809|N|G43719|Y|E785|Y|E1022|N|E1121|Y|E781|Y|R931|Y|E119|Y|I259|Y|E8881|Y|E669|Y|R7303|Y|D649|Y|P292|N|Z560|Y|R4689|Y|||||W86|W86|Y| | | | | | | | | | | | | | | | | | | | | | |GZ3|30-Oct-2018|Z741|30-Oct-2018|Z1331|30-Oct-2018|Z1331|30-Oct-2018|F1990|30-Oct-2018|Z715|30-Oct-2018|||||||||||||||||||||||||||||||||||||||0|0||1|450|99495|3.0|2018-10-31T00:00:00|hospital_B|hospital_B_20181030
SYN_BENE_0CB583DF7B24|SYN_CLM_186CC3EAAD3A|V|60|30-Oct-2018|30-Oct-2018|02-Nov-2018||3|491581|1|1|1|| |1526.24|0.0| ||49|1063523132| |9999868992| |9999868992|||0|1| |1526.24|30-Oct-2018|1|5|A|10|0.0|305.25|0|4|0.0|0.0|0|0|0|0|0|0|0|0|0|0|0|0|0|||||30-Oct-2018|951.0|0|0||Z608|Z608|Y|Y0703|N|G309|N|Z653|Y|N1830|Y|R801|N|N182|N|R809|N|G43719|Y|E785|Y|E1022|N|E1121|Y|E781|Y|R931|Y|E119|Y|I259|Y|E8881|Y|E669|Y|R7303|Y|D649|Y|P292|N|Z560|Y|R4689|Y|||||W86|W86|Y| | | | | | | | | | | | | | | | | | | | | | |GZ3|30-Oct-2018|Z741|30-Oct-2018|Z1331|30-Oct-2018|Z1331|30-Oct-2018|F1990|30-Oct-2018|Z715|30-Oct-2018|||||||||||||||||||||||||||||||||||||||0|0||2|450|96156|3.0|2018-10-31T00:00:00|hospital_B|hospital_B_20181030
SYN_BENE_0CB583DF7B24|SYN_CLM_186CC3EAAD3A|V|60|30-Oct-2018|30-Oct-2018|02-Nov-2018||3|491581|1|1|1|| |1526.24|0.0| ||49|1063523132| |9999868992| |9999868992|||0|1| |1526.24|30-Oct-2018|1|5|A|10|0.0|305.25|0|4|0.0|0.0|0|0|0|0|0|0|0|0|0|0|0|0|0|||||30-Oct-2018|951.0|0|0||Z608|Z608|Y|Y0703|N|G309|N|Z653|Y|N1830|Y|R801|N|N182|N|R809|N|G43719|Y|E785|Y|E1022|N|E1121|Y|E781|Y|R931|Y|E119|Y|I259|Y|E8881|Y|E669|Y|R7303|Y|D649|Y|P292|N|Z560|Y|R4689|Y|||||W86|W86|Y| | | | | | | | | | | | | | | | | | | | | | |GZ3|30-Oct-2018|Z741|30-Oct-2018|Z1331|30-Oct-2018|Z1331|30-Oct-2018|F1990|30-Oct-2018|Z715|30-Oct-2018|||||||||||||||||||||||||||||||||||||||0|0||3|450|G0444|3.0|2018-10-31T00:00:00|hospital_B|hospital_B_20181030
SYN_BENE_0CB583DF7B24|SYN_CLM_186CC3EAAD3A|V|60|30-Oct-2018|30-Oct-2018|02-Nov-2018||3|491581|1|1|1|| |1526.24|0.0| ||49|1063523132| |9999868992| |9999868992|||0|1| |1526.24|30-Oct-2018|1|5|A|10|0.0|305.25|0|4|0.0|0.0|0|0|0|0|0|0|0|0|0|0|0|0|0|||||30-Oct-2018|951.0|0|0||Z608|Z608|Y|Y0703|N|G309|N|Z653|Y|N1830|Y|R801|N|N182|N|R809|N|G43719|Y|E785|Y|E1022|N|E1121|Y|E781|Y|R931|Y|E119|Y|I259|Y|E8881|Y|E669|Y|R7303|Y|D649|Y|P292|N|Z560|Y|R4689|Y|||||W86|W86|Y| | | | | | | | | | | | | | | | | | | | | | |GZ3|30-Oct-2018|Z741|30-Oct-2018|Z1331|30-Oct-2018|Z1331|30-Oct-2018|F1990|30-Oct-2018|Z715|30-Oct-2018|||||||||||||||||||||||||||||||||||||||0|0||4|450|G0444|3.0|2018-10-31T00:00:00|hospital_B|hospital_B_20181030
SYN_BENE_0CB583DF7B24|SYN_CLM_186CC3EAAD3A|V|60|30-Oct-2018|30-Oct-2018|02-Nov-2018||3|491581|1|1|1|| |1526.24|0.0| ||49|1063523132| |9999868992| |9999868992|||0|1| |1526.24|30-Oct-2018|1|5|A|10|0.0|305.25|0|4|0.0|0.0|0|0|0|0|0|0|0|0|0|0|0|0|0|||||30-Oct-2018|951.0|0|0||Z608|Z608|Y|Y0703|N|G309|N|Z653|Y|N1830|Y|R801|N|N182|N|R809|N|G43719|Y|E785|Y|E1022|N|E1121|Y|E781|Y|R931|Y|E119|Y|I259|Y|E8881|Y|E669|Y|R7303|Y|D649|Y|P292|N|Z560|Y|R4689|Y|||||W86|W86|Y| | | | | | | | | | | | | | | | | | | | | | |GZ3|30-Oct-2018|Z741|30-Oct-2018|Z1331|30-Oct-2018|Z1331|30-Oct-2018|F1990|30-Oct-2018|Z715|30-Oct-2018|||||||||||||||||||||||||||||||||||||||0|0||5|450|99408|3.0|2018-10-31T00:00:00|hospital_B|hospital_B_20181030
SYN_BENE_0CB583DF7B24|SYN_CLM_186CC3EAAD3A|V|60|30-Oct-2018|30-Oct-2018|02-Nov-2018||3|491581|1|1|1|| |1526.24|0.0| ||49|1063523132| |9999868992| |9999868992|||0|1| |1526.24|30-Oct-2018|1|5|A|10|0.0|305.25|0|4|0.0|0.0|0|0|0|0|0|0|0|0|0|0|0|0|0|||||30-Oct-2018|951.0|0|0||Z608|Z608|Y|Y0703|N|G309|N|Z653|Y|N1830|Y|R801|N|N182|N|R809|N|G43719|Y|E785|Y|E1022|N|E1121|Y|E781|Y|R931|Y|E119|Y|I259|Y|E8881|Y|E669|Y|R7303|Y|D649|Y|P292|N|Z560|Y|R4689|Y|||||W86|W86|Y| | | | | | | | | | | | | | | | | | | | | | |GZ3|30-Oct-2018|Z741|30-Oct-2018|Z1331|30-Oct-2018|Z1331|30-Oct-2018|F1990|30-Oct-2018|Z715|30-Oct-2018|||||||||||||||||||||||||||||||||||||||0|0||6|450|99408|3.0|2018-10-31T00:00:00|hospital_B|hospital_B_20181030
SYN_BENE_317AFE26B5BA|SYN_CLM_DB275A6A42F0|V|60|30-Oct-2018|30-Oct-2018|02-Nov-2018||3|491581|1|1|1|| |1526.24|0.0| ||49|1063523132| |9999868992| |9999868992|||0|1| |1526.24|30-Oct-2018|1|5|A|10|0.0|305.25|0|4|0.0|0.0|0|0|0|0|0|0|0|0|0|0|0|0|0|||||30-Oct-2018|951.0|0|0||Z608|Z608|Y|Y0703|N|G309|N|Z653|Y|N1830|Y|R801|N|N182|N|R809|N|G43719|Y|E785|Y|E1022|N|E1121|Y|E781|Y|R931|Y|E119|Y|I259|Y|E8881|Y|E669|Y|R7303|Y|D649|Y|P292|N|Z560|Y|R4689|Y|||||W86|W86|Y| | | | | | | | | | | | | | | | | | | | | | |GZ3|30-Oct-2018|Z741|30-Oct-2018|Z1331|30-Oct-2018|Z1331|30-Oct-2018|F1990|30-Oct-2018|Z715|30-Oct-2018|||||||||||||||||||||||||||||||||||||||0|0||1|450|99495|3.0|2018-10-31T00:00:00|hospital_B|hospital_B_20181030
SYN_BENE_317AFE26B5BA|SYN_CLM_DB275A6A42F0|V|60|30-Oct-2018|30-Oct-2018|02-Nov-2018||3|491581|1|1|1|| |1526.24|0.0| ||49|1063523132| |9999868992| |9999868992|||0|1| |1526.24|30-Oct-2018|1|5|A|10|0.0|305.25|0|4|0.0|0.0|0|0|0|0|0|0|0|0|0|0|0|0|0|||||30-Oct-2018|951.0|0|0||Z608|Z608|Y|Y0703|N|G309|N|Z653|Y|N1830|Y|R801|N|N182|N|R809|N|G43719|Y|E785|Y|E1022|N|E1121|Y|E781|Y|R931|Y|E119|Y|I259|Y|E8881|Y|E669|Y|R7303|Y|D649|Y|P292|N|Z560|Y|R4689|Y|||||W86|W86|Y| | | | | | | | | | | | | | | | | | | | | | |GZ3|30-Oct-2018|Z741|30-Oct-2018|Z1331|30-Oct-2018|Z1331|30-Oct-2018|F1990|30-Oct-2018|Z715|30-Oct-2018|||||||||||||||||||||||||||||||||||||||0|0||2|450|96156|3.0|2018-10-31T00:00:00|hospital_B|hospital_B_20181030
SYN_BENE_317AFE26B5BA|SYN_CLM_DB275A6A42F0|V|60|30-Oct-2018|30-Oct-2018|02-Nov-2018||3|491581|1|1|1|| |1526.24|0.0| ||49|1063523132| |9999868992| |9999868992|||0|1| |1526.24|30-Oct-2018|1|5|A|10|0.0|305.25|0|4|0.0|0.0|0|0|0|0|0|0|0|0|0|0|0|0|0|||||30-Oct-2018|951.0|0|0||Z608|Z608|Y|Y0703|N|G309|N|Z653|Y|N1830|Y|R801|N|N182|N|R809|N|G43719|Y|E785|Y|E1022|N|E1121|Y|E781|Y|R931|Y|E119|Y|I259|Y|E8881|Y|E669|Y|R7303|Y|D649|Y|P292|N|Z560|Y|R4689|Y|||||W86|W86|Y| | | | | | | | | | | | | | | | | | | | | | |GZ3|30-Oct-2018|Z741|30-Oct-2018|Z1331|30-Oct-2018|Z1331|30-Oct-2018|F1990|30-Oct-2018|Z715|30-Oct-2018|||||||||||||||||||||||||||||||||||||||0|0||3|450|G0444|3.0|2018-10-31T00:00:00|hospital_B|hospital_B_20181030
SYN_BENE_317AFE26B5BA|SYN_CLM_DB275A6A42F0|V|60|30-Oct-2018|30-Oct-2018|02-Nov-2018||3|491581|1|1|1|| |1526.24|0.0| ||49|1063523132| |9999868992| |9999868992|||0|1| |1526.24|30-Oct-2018|1|5|A|10|0.0|305.25|0|4|0.0|0.0|0|0|0|0|0|0|0|0|0|0|0|0|0|||||30-Oct-2018|951.0|0|0||Z608|Z608|Y|Y0703|N|G309|N|Z653|Y|N1830|Y|R801|N|N182|N|R809|N|G43719|Y|E785|Y|E1022|N|E1121|Y|E781|Y|R931|Y|E119|Y|I259|Y|E8881|Y|E669|Y|R7303|Y|D649|Y|P292|N|Z560|Y|R4689|Y|||||W86|W86|Y| | | | | | | | | | | | | | | | | | | | | | |GZ3|30-Oct-2018|Z741|30-Oct-2018|Z1331|30-Oct-2018|Z1331|30-Oct-2018|F1990|30-Oct-2018|Z715|30-Oct-2018|||||||||||||||||||||||||||||||||||||||0|0||4|450|G0444|3.0|2018-10-31T00:00:00|hospital_B|hospital_B_20181030
SYN_BENE_317AFE26B5BA|SYN_CLM_DB275A6A42F0|V|60|30-Oct-2018|30-Oct-2018|02-Nov-2018||3|491581|1|1|1|| |1526.24|0.0| ||49|1063523132| |9999868992| |9999868992|||0|1| |1526.24|30-Oct-2018|1|5|A|10|0.0|305.25|0|4|0.0|0.0|0|0|0|0|0|0|0|0|0|0|0|0|0|||||30-Oct-2018|951.0|0|0||Z608|Z608|Y|Y0703|N|G309|N|Z653|Y|N1830|Y|R801|N|N182|N|R809|N|G43719|Y|E785|Y|E1022|N|E1121|Y|E781|Y|R931|Y|E119|Y|I259|Y|E8881|Y|E669|Y|R7303|Y|D649|Y|P292|N|Z560|Y|R4689|Y|||||W86|W86|Y| | | | | | | | | | | | | | | | | | | | | | |GZ3|30-Oct-2018|Z741|30-Oct-2018|Z1331|30-Oct-2018|Z1331|30-Oct-2018|F1990|30-Oct-2018|Z715|30-Oct-2018|||||||||||||||||||||||||||||||||||||||0|0||5|450|99408|3.0|2018-10-31T00:00:00|hospital_B|hospital_B_20181030
SYN_BENE_317AFE26B5BA|SYN_CLM_DB275A6A42F0|V|60|30-Oct-2018|30-Oct-2018|02-Nov-2018||3|491581|1|1|1|| |1526.24|0.0| ||49|1063523132| |9999868992| |9999868992|||0|1| |1526.24|30-Oct-2018|1|5|A|10|0.0|305.25|0|4|0.0|0.0|0|0|0|0|0|0|0|0|0|0|0|0|0|||||30-Oct-2018|951.0|0|0||Z608|Z608|Y|Y0703|N|G309|N|Z653|Y|N1830|Y|R801|N|N182|N|R809|N|G43719|Y|E785|Y|E1022|N|E1121|Y|E781|Y|R931|Y|E119|Y|I259|Y|E8881|Y|E669|Y|R7303|Y|D649|Y|P292|N|Z560|Y|R4689|Y|||||W86|W86|Y| | | | | | | | | | | | | | | | | | | | | | |GZ3|30-Oct-2018|Z741|30-Oct-2018|Z1331|30-Oct-2018|Z1331|30-Oct-2018|F1990|30-Oct-2018|Z715|30-Oct-2018|||||||||||||||||||||||||||||||||||||||0|0||6|450|99408|3.0|2018-10-31T00:00:00|hospital_B|hospital_B_20181030
SYN_BENE_3B38345CAF52|SYN_CLM_111227F2F553|V|60|30-Oct-2018|30-Oct-2018|02-Nov-2018||3|491581|1|1|1|| |1526.24|0.0| ||49|1063523132| |9999868992| |9999868992|||0|1| |1526.24|30-Oct-2018|1|5|A|10|0.0|305.25|0|4|0.0|0.0|0|0|0|0|0|0|0|0|0|0|0|0|0|||||30-Oct-2018|951.0|0|0||Z608|Z608|Y|Y0703|N|G309|N|Z653|Y|N1830|Y|R801|N|N182|N|R809|N|G43719|Y|E785|Y|E1022|N|E1121|Y|E781|Y|R931|Y|E119|Y|I259|Y|E8881|Y|E669|Y|R7303|Y|D649|Y|P292|N|Z560|Y|R4689|Y|||||W86|W86|Y| | | | | | | | | | | | | | | | | | | | | | |GZ3|30-Oct-2018|Z741|30-Oct-2018|Z1331|30-Oct-2018|Z1331|30-Oct-2018|F1990|30-Oct-2018|Z715|30-Oct-2018|||||||||||||||||||||||||||||||||||||||0|0||1|450|99495|3.0|2018-10-31T00:00:00|hospital_B|hospital_B_20181030
SYN_BENE_3B38345CAF52|SYN_CLM_111227F2F553|V|60|30-Oct-2018|30-Oct-2018|02-Nov-2018||3|491581|1|1|1|| |1526.24|0.0| ||49|1063523132| |9999868992| |9999868992|||0|1| |1526.24|30-Oct-2018|1|5|A|10|0.0|305.25|0|4|0.0|0.0|0|0|0|0|0|0|0|0|0|0|0|0|0|||||30-Oct-2018|951.0|0|0||Z608|Z608|Y|Y0703|N|G309|N|Z653|Y|N1830|Y|R801|N|N182|N|R809|N|G43719|Y|E785|Y|E1022|N|E1121|Y|E781|Y|R931|Y|E119|Y|I259|Y|E8881|Y|E669|Y|R7303|Y|D649|Y|P292|N|Z560|Y|R4689|Y|||||W86|W86|Y| | | | | | | | | | | | | | | | | | | | | | |GZ3|30-Oct-2018|Z741|30-Oct-2018|Z1331|30-Oct-2018|Z1331|30-Oct-2018|F1990|30-Oct-2018|Z715|30-Oct-2018|||||||||||||||||||||||||||||||||||||||0|0||2|450|96156|3.0|2018-10-31T00:00:00|hospital_B|hospital_B_20181030
SYN_BENE_3B38345CAF52|SYN_CLM_111227F2F553|V|60|30-Oct-2018|30-Oct-2018|02-Nov-2018||3|491581|1|1|1|| |1526.24|0.0| ||49|1063523132| |9999868992| |9999868992|||0|1| |1526.24|30-Oct-2018|1|5|A|10|0.0|305.25|0|4|0.0|0.0|0|0|0|0|0|0|0|0|0|0|0|0|0|||||30-Oct-2018|951.0|0|0||Z608|Z608|Y|Y0703|N|G309|N|Z653|Y|N1830|Y|R801|N|N182|N|R809|N|G43719|Y|E785|Y|E1022|N|E1121|Y|E781|Y|R931|Y|E119|Y|I259|Y|E8881|Y|E669|Y|R7303|Y|D649|Y|P292|N|Z560|Y|R4689|Y|||||W86|W86|Y| | | | | | | | | | | | | | | | | | | | | | |GZ3|30-Oct-2018|Z741|30-Oct-2018|Z1331|30-Oct-2018|Z1331|30-Oct-2018|F1990|30-Oct-2018|Z715|30-Oct-2018|||||||||||||||||||||||||||||||||||||||0|0||3|450|G0444|3.0|2018-10-31T00:00:00|hospital_B|hospital_B_20181030
SYN_BENE_3B38345CAF52|SYN_CLM_111227F2F553|V|60|30-Oct-2018|30-Oct-2018|02-Nov-2018||3|491581|1|1|1|| |1526.24|0.0| ||49|1063523132| |9999868992| |9999868992|||0|1| |1526.24|30-Oct-2018|1|5|A|10|0.0|305.25|0|4|0.0|0.0|0|0|0|0|0|0|0|0|0|0|0|0|0|||||30-Oct-2018|951.0|0|0||Z608|Z608|Y|Y0703|N|G309|N|Z653|Y|N1830|Y|R801|N|N182|N|R809|N|G43719|Y|E785|Y|E1022|N|E1121|Y|E781|Y|R931|Y|E119|Y|I259|Y|E8881|Y|E669|Y|R7303|Y|D649|Y|P292|N|Z560|Y|R4689|Y|||||W86|W86|Y| | | | | | | | | | | | | | | | | | | | | | |GZ3|30-Oct-2018|Z741|30-Oct-2018|Z1331|30-Oct-2018|Z1331|30-Oct-2018|F1990|30-Oct-2018|Z715|30-Oct-2018|||||||||||||||||||||||||||||||||||||||0|0||4|450|G0444|3.0|2018-10-31T00:00:00|hospital_B|hospital_B_20181030
SYN_BENE_3B38345CAF52|SYN_CLM_111227F2F553|V|60|30-Oct-2018|30-Oct-2018|02-Nov-2018||3|491581|1|1|1|| |1526.24|0.0| ||49|1063523132| |9999868992| |9999868992|||0|1| |1526.24|30-Oct-2018|1|5|A|10|0.0|305.25|0|4|0.0|0.0|0|0|0|0|0|0|0|0|0|0|0|0|0|||||30-Oct-2018|951.0|0|0||Z608|Z608|Y|Y0703|N|G309|N|Z653|Y|N1830|Y|R801|N|N182|N|R809|N|G43719|Y|E785|Y|E1022|N|E1121|Y|E781|Y|R931|Y|E119|Y|I259|Y|E8881|Y|E669|Y|R7303|Y|D649|Y|P292|N|Z560|Y|R4689|Y|||||W86|W86|Y| | | | | | | | | | | | | | | | | | | | | | |GZ3|30-Oct-2018|Z741|30-Oct-2018|Z1331|30-Oct-2018|Z1331|30-Oct-2018|F1990|30-Oct-2018|Z715|30-Oct-2018|||||||||||||||||||||||||||||||||||||||0|0||5|450|99408|3.0|2018-10-31T00:00:00|hospital_B|hospital_B_20181030
SYN_BENE_3B38345CAF52|SYN_CLM_111227F2F553|V|60|30-Oct-2018|30-Oct-2018|02-Nov-2018||3|491581|1|1|1|| |1526.24|0.0| ||49|1063523132| |9999868992| |9999868992|||0|1| |1526.24|30-Oct-2018|1|5|A|10|0.0|305.25|0|4|0.0|0.0|0|0|0|0|0|0|0|0|0|0|0|0|0|||||30-Oct-2018|951.0|0|0||Z608|Z608|Y|Y0703|N|G309|N|Z653|Y|N1830|Y|R801|N|N182|N|R809|N|G43719|Y|E785|Y|E1022|N|E1121|Y|E781|Y|R931|Y|E119|Y|I259|Y|E8881|Y|E669|Y|R7303|Y|D649|Y|P292|N|Z560|Y|R4689|Y|||||W86|W86|Y| | | | | | | | | | | | | | | | | | | | | | |GZ3|30-Oct-2018|Z741|30-Oct-2018|Z1331|30-Oct-2018|Z1331|30-Oct-2018|F1990|30-Oct-2018|Z715|30-Oct-2018|||||||||||||||||||||||||||||||||||||||0|0||6|450|99408|3.0|2018-10-31T00:00:00|hospital_B|hospital_B_20181030
SYN_BENE_8A63F088E1A8|SYN_CLM_ECE8E2A226E5|V|60|30-Oct-2018|30-Oct-2018|02-Nov-2018||3|491581|1|1|1|| |1526.24|0.0| ||49|1063523132| |9999868992| |9999868992|||0|1| |1526.24|30-Oct-2018|1|5|A|10|0.0|305.25|0|4|0.0|0.0|0|0|0|0|0|0|0|0|0|0|0|0|0|||||30-Oct-2018|951.0|0|0||Z608|Z608|Y|Y0703|N|G309|N|Z653|Y|N1830|Y|R801|N|N182|N|R809|N|G43719|Y|E785|Y|E1022|N|E1121|Y|E781|Y|R931|Y|E119|Y|I259|Y|E8881|Y|E669|Y|R7303|Y|D649|Y|P292|N|Z560|Y|R4689|Y|||||W86|W86|Y| | | | | | | | | | | | | | | | | | | | | | |GZ3|30-Oct-2018|Z741|30-Oct-2018|Z1331|30-Oct-2018|Z1331|30-Oct-2018|F1990|30-Oct-2018|Z715|30-Oct-2018|||||||||||||||||||||||||||||||||||||||0|0||1|450|99495|3.0|2018-10-31T00:00:00|hospital_B|hospital_B_20181030
SYN_BENE_8A63F088E1A8|SYN_CLM_ECE8E2A226E5|V|60|30-Oct-2018|30-Oct-2018|02-Nov-2018||3|491581|1|1|1|| |1526.24|0.0| ||49|1063523132| |9999868992| |9999868992|||0|1| |1526.24|30-Oct-2018|1|5|A|10|0.0|305.25|0|4|0.0|0.0|0|0|0|0|0|0|0|0|0|0|0|0|0|||||30-Oct-2018|951.0|0|0||Z608|Z608|Y|Y0703|N|G309|N|Z653|Y|N1830|Y|R801|N|N182|N|R809|N|G43719|Y|E785|Y|E1022|N|E1121|Y|E781|Y|R931|Y|E119|Y|I259|Y|E8881|Y|E669|Y|R7303|Y|D649|Y|P292|N|Z560|Y|R4689|Y|||||W86|W86|Y| | | | | | | | | | | | | | | | | | | | | | |GZ3|30-Oct-2018|Z741|30-Oct-2018|Z1331|30-Oct-2018|Z1331|30-Oct-2018|F1990|30-Oct-2018|Z715|30-Oct-2018|||||||||||||||||||||||||||||||||||||||0|0||2|450|96156|3.0|2018-10-31T00:00:00|hospital_B|hospital_B_20181030
SYN_BENE_8A63F088E1A8|SYN_CLM_ECE8E2A226E5|V|60|30-Oct-2018|30-Oct-2018|02-Nov-2018||3|491581|1|1|1|| |1526.24|0.0| ||49|1063523132| |9999868992| |9999868992|||0|1| |1526.24|30-Oct-2018|1|5|A|10|0.0|305.25|0|4|0.0|0.0|0|0|0|0|0|0|0|0|0|0|0|0|0|||||30-Oct-2018|951.0|0|0||Z608|Z608|Y|Y0703|N|G309|N|Z653|Y|N1830|Y|R801|N|N182|N|R809|N|G43719|Y|E785|Y|E1022|N|E1121|Y|E781|Y|R931|Y|E119|Y|I259|Y|E8881|Y|E669|Y|R7303|Y|D649|Y|P292|N|Z560|Y|R4689|Y|||||W86|W86|Y| | | | | | | | | | | | | | | | | | | | | | |GZ3|30-Oct-2018|Z741|30-Oct-2018|Z1331|30-Oct-2018|Z1331|30-Oct-2018|F1990|30-Oct-2018|Z715|30-Oct-2018|||||||||||||||||||||||||||||||||||||||0|0||3|450|G0444|3.0|2018-10-31T00:00:00|hospital_B|hospital_B_20181030
SYN_BENE_8A63F088E1A8|SYN_CLM_ECE8E2A226E5|V|60|30-Oct-2018|30-Oct-2018|02-Nov-2018||3|491581|1|1|1|| |1526.24|0.0| ||49|1063523132| |9999868992| |9999868992|||0|1| |1526.24|30-Oct-2018|1|5|A|10|0.0|305.25|0|4|0.0|0.0|0|0|0|0|0|0|0|0|0|0|0|0|0|||||30-Oct-2018|951.0|0|0||Z608|Z608|Y|Y0703|N|G309|N|Z653|Y|N1830|Y|R801|N|N182|N|R809|N|G43719|Y|E785|Y|E1022|N|E1121|Y|E781|Y|R931|Y|E119|Y|I259|Y|E8881|Y|E669|Y|R7303|Y|D649|Y|P292|N|Z560|Y|R4689|Y|||||W86|W86|Y| | | | | | | | | | | | | | | | | | | | | | |GZ3|30-Oct-2018|Z741|30-Oct-2018|Z1331|30-Oct-2018|Z1331|30-Oct-2018|F1990|30-Oct-2018|Z715|30-Oct-2018|||||||||||||||||||||||||||||||||||||||0|0||4|450|G0444|3.0|2018-10-31T00:00:00|hospital_B|hospital_B_20181030
SYN_BENE_8A63F088E1A8|SYN_CLM_ECE8E2A226E5|V|60|30-Oct-2018|30-Oct-2018|02-Nov-2018||3|491581|1|1|1|| |1526.24|0.0| ||49|1063523132| |9999868992| |9999868992|||0|1| |1526.24|30-Oct-2018|1|5|A|10|0.0|305.25|0|4|0.0|0.0|0|0|0|0|0|0|0|0|0|0|0|0|0|||||30-Oct-2018|951.0|0|0||Z608|Z608|Y|Y0703|N|G309|N|Z653|Y|N1830|Y|R801|N|N182|N|R809|N|G43719|Y|E785|Y|E1022|N|E1121|Y|E781|Y|R931|Y|E119|Y|I259|Y|E8881|Y|E669|Y|R7303|Y|D649|Y|P292|N|Z560|Y|R4689|Y|||||W86|W86|Y| | | | | | | | | | | | | | | | | | | | | | |GZ3|30-Oct-2018|Z741|30-Oct-2018|Z1331|30-Oct-2018|Z1331|30-Oct-2018|F1990|30-Oct-2018|Z715|30-Oct-2018|||||||||||||||||||||||||||||||||||||||0|0||5|450|99408|3.0|2018-10-31T00:00:00|hospital_B|hospital_B_20181030
SYN_BENE_8A63F088E1A8|SYN_CLM_ECE8E2A226E5|V|60|30-Oct-2018|30-Oct-2018|02-Nov-2018||3|491581|1|1|1|| |1526.24|0.0| ||49|1063523132| |9999868992| |9999868992|||0|1| |1526.24|30-Oct-2018|1|5|A|10|0.0|305.25|0|4|0.0|0.0|0|0|0|0|0|0|0|0|0|0|0|0|0|||||30-Oct-2018|951.0|0|0||Z608|Z608|Y|Y0703|N|G309|N|Z653|Y|N1830|Y|R801|N|N182|N|R809|N|G43719|Y|E785|Y|E1022|N|E1121|Y|E781|Y|R931|Y|E119|Y|I259|Y|E8881|Y|E669|Y|R7303|Y|D649|Y|P292|N|Z560|Y|R4689|Y|||||W86|W86|Y| | | | | | | | | | | | | | | | | | | | | | |GZ3|30-Oct-2018|Z741|30-Oct-2018|Z1331|30-Oct-2018|Z1331|30-Oct-2018|F1990|30-Oct-2018|Z715|30-Oct-2018|||||||||||||||||||||||||||||||||||||||0|0||6|450|99408|3.0|2018-10-31T00:00:00|hospital_B|hospital_B_20181030
SYN_BENE_1299EC3E971B|SYN_CLM_7DDF75A5CEDC|V|60|30-Oct-2018|30-Oct-2018|02-Nov-2018||3|491581|1|1|1|| |1526.24|0.0| ||49|1063523132| |9999868992| |9999868992|||0|1| |1526.24|30-Oct-2018|1|5|A|10|0.0|305.25|0|4|0.0|0.0|0|0|0|0|0|0|0|0|0|0|0|0|0|||||30-Oct-2018|951.0|0|0||Z608|Z608|Y|Y0703|N|G309|N|Z653|Y|N1830|Y|R801|N|N182|N|R809|N|G43719|Y|E785|Y|E1022|N|E1121|Y|E781|Y|R931|Y|E119|Y|I259|Y|E8881|Y|E669|Y|R7303|Y|D649|Y|P292|N|Z560|Y|R4689|Y|||||W86|W86|Y| | | | | | | | | | | | | | | | | | | | | | |GZ3|30-Oct-2018|Z741|30-Oct-2018|Z1331|30-Oct-2018|Z1331|30-Oct-2018|F1990|30-Oct-2018|Z715|30-Oct-2018|||||||||||||||||||||||||||||||||||||||0|0||1|450|99495|3.0|2018-10-31T00:00:00|hospital_B|hospital_B_20181030
SYN_BENE_1299EC3E971B|SYN_CLM_7DDF75A5CEDC|V|60|30-Oct-2018|30-Oct-2018|02-Nov-2018||3|491581|1|1|1|| |1526.24|0.0| ||49|1063523132| |9999868992| |9999868992|||0|1| |1526.24|30-Oct-2018|1|5|A|10|0.0|305.25|0|4|0.0|0.0|0|0|0|0|0|0|0|0|0|0|0|0|0|||||30-Oct-2018|951.0|0|0||Z608|Z608|Y|Y0703|N|G309|N|Z653|Y|N1830|Y|R801|N|N182|N|R809|N|G43719|Y|E785|Y|E1022|N|E1121|Y|E781|Y|R931|Y|E119|Y|I259|Y|E8881|Y|E669|Y|R7303|Y|D649|Y|P292|N|Z560|Y|R4689|Y|||||W86|W86|Y| | | | | | | | | | | | | | | | | | | | | | |GZ3|30-Oct-2018|Z741|30-Oct-2018|Z1331|30-Oct-2018|Z1331|30-Oct-2018|F1990|30-Oct-2018|Z715|30-Oct-2018|||||||||||||||||||||||||||||||||||||||0|0||2|450|96156|3.0|2018-10-31T00:00:00|hospital_B|hospital_B_20181030
SYN_BENE_1299EC3E971B|SYN_CLM_7DDF75A5CEDC|V|60|30-Oct-2018|30-Oct-2018|02-Nov-2018||3|491581|1|1|1|| |1526.24|0.0| ||49|1063523132| |9999868992| |9999868992|||0|1| |1526.24|30-Oct-2018|1|5|A|10|0.0|305.25|0|4|0.0|0.0|0|0|0|0|0|0|0|0|0|0|0|0|0|||||30-Oct-2018|951.0|0|0||Z608|Z608|Y|Y0703|N|G309|N|Z653|Y|N1830|Y|R801|N|N182|N|R809|N|G43719|Y|E785|Y|E1022|N|E1121|Y|E781|Y|R931|Y|E119|Y|I259|Y|E8881|Y|E669|Y|R7303|Y|D649|Y|P292|N|Z560|Y|R4689|Y|||||W86|W86|Y| | | | | | | | | | | | | | | | | | | | | | |GZ3|30-Oct-2018|Z741|30-Oct-2018|Z1331|30-Oct-2018|Z1331|30-Oct-2018|F1990|30-Oct-2018|Z715|30-Oct-2018|||||||||||||||||||||||||||||||||||||||0|0||3|450|G0444|3.0|2018-10-31T00:00:00|hospital_B|hospital_B_20181030
SYN_BENE_1299EC3E971B|SYN_CLM_7DDF75A5CEDC|V|60|30-Oct-2018|30-Oct-2018|02-Nov-2018||3|491581|1|1|1|| |1526.24|0.0| ||49|1063523132| |9999868992| |9999868992|||0|1| |1526.24|30-Oct-2018|1|5|A|10|0.0|305.25|0|4|0.0|0.0|0|0|0|0|0|0|0|0|0|0|0|0|0|||||30-Oct-2018|951.0|0|0||Z608|Z608|Y|Y0703|N|G309|N|Z653|Y|N1830|Y|R801|N|N182|N|R809|N|G43719|Y|E785|Y|E1022|N|E1121|Y|E781|Y|R931|Y|E119|Y|I259|Y|E8881|Y|E669|Y|R7303|Y|D649|Y|P292|N|Z560|Y|R4689|Y|||||W86|W86|Y| | | | | | | | | | | | | | | | | | | | | | |GZ3|30-Oct-2018|Z741|30-Oct-2018|Z1331|30-Oct-2018|Z1331|30-Oct-2018|F1990|30-Oct-2018|Z715|30-Oct-2018|||||||||||||||||||||||||||||||||||||||0|0||4|450|G0444|3.0|2018-10-31T00:00:00|hospital_B|hospital_B_20181030
SYN_BENE_1299EC3E971B|SYN_CLM_7DDF75A5CEDC|V|60|30-Oct-2018|30-Oct-2018|02-Nov-2018||3|491581|1|1|1|| |1526.24|0.0| ||49|1063523132| |9999868992| |9999868992|||0|1| |1526.24|30-Oct-2018|1|5|A|10|0.0|305.25|0|4|0.0|0.0|0|0|0|0|0|0|0|0|0|0|0|0|0|||||30-Oct-2018|951.0|0|0||Z608|Z608|Y|Y0703|N|G309|N|Z653|Y|N1830|Y|R801|N|N182|N|R809|N|G43719|Y|E785|Y|E1022|N|E1121|Y|E781|Y|R931|Y|E119|Y|I259|Y|E8881|Y|E669|Y|R7303|Y|D649|Y|P292|N|Z560|Y|R4689|Y|||||W86|W86|Y| | | | | | | | | | | | | | | | | | | | | | |GZ3|30-Oct-2018|Z741|30-Oct-2018|Z1331|30-Oct-2018|Z1331|30-Oct-2018|F1990|30-Oct-2018|Z715|30-Oct-2018|||||||||||||||||||||||||||||||||||||||0|0||5|450|99408|3.0|2018-10-31T00:00:00|hospital_B|hospital_B_20181030
SYN_BENE_1299EC3E971B|SYN_CLM_7DDF75A5CEDC|V|60|30-Oct-2018|30-Oct-2018|02-Nov-2018||3|491581|1|1|1|| |1526.24|0.0| ||49|1063523132| |9999868992| |9999868992|||0|1| |1526.24|30-Oct-2018|1|5|A|10|0.0|305.25|0|4|0.0|0.0|0|0|0|0|0|0|0|0|0|0|0|0|0|||||30-Oct-2018|951.0|0|0||Z608|Z608|Y|Y0703|N|G309|N|Z653|Y|N1830|Y|R801|N|N182|N|R809|N|G43719|Y|E785|Y|E1022|N|E1121|Y|E781|Y|R931|Y|E119|Y|I259|Y|E8881|Y|E669|Y|R7303|Y|D649|Y|P292|N|Z560|Y|R4689|Y|||||W86|W86|Y| | | | | | | | | | | | | | | | | | | | | | |GZ3|30-Oct-2018|Z741|30-Oct-2018|Z1331|30-Oct-2018|Z1331|30-Oct-2018|F1990|30-Oct-2018|Z715|30-Oct-2018|||||||||||||||||||||||||||||||||||||||0|0||6|450|99408|3.0|2018-10-31T00:00:00|hospital_B|hospital_B_20181030
SYN_BENE_2168D04A40D0|SYN_CLM_97768D13D440|V|60|30-Oct-2018|30-Oct-2018|02-Nov-2018||3|491581|1|1|1|| |1526.24|0.0| ||49|1063523132| |9999868992| |9999868992|||0|1| |1526.24|30-Oct-2018|1|5|A|10|0.0|305.25|0|4|0.0|0.0|0|0|0|0|0|0|0|0|0|0|0|0|0|||||30-Oct-2018|951.0|0|0||Z608|Z608|Y|Y0703|N|G309|N|Z653|Y|N1830|Y|R801|N|N182|N|R809|N|G43719|Y|E785|Y|E1022|N|E1121|Y|E781|Y|R931|Y|E119|Y|I259|Y|E8881|Y|E669|Y|R7303|Y|D649|Y|P292|N|Z560|Y|R4689|Y|||||W86|W86|Y| | | | | | | | | | | | | | | | | | | | | | |GZ3|30-Oct-2018|Z741|30-Oct-2018|Z1331|30-Oct-2018|Z1331|30-Oct-2018|F1990|30-Oct-2018|Z715|30-Oct-2018|||||||||||||||||||||||||||||||||||||||0|0||1|450|99495|3.0|2018-10-31T00:00:00|hospital_B|hospital_B_20181030
SYN_BENE_2168D04A40D0|SYN_CLM_97768D13D440|V|60|30-Oct-2018|30-Oct-2018|02-Nov-2018||3|491581|1|1|1|| |1526.24|0.0| ||49|1063523132| |9999868992| |9999868992|||0|1| |1526.24|30-Oct-2018|1|5|A|10|0.0|305.25|0|4|0.0|0.0|0|0|0|0|0|0|0|0|0|0|0|0|0|||||30-Oct-2018|951.0|0|0||Z608|Z608|Y|Y0703|N|G309|N|Z653|Y|N1830|Y|R801|N|N182|N|R809|N|G43719|Y|E785|Y|E1022|N|E1121|Y|E781|Y|R931|Y|E119|Y|I259|Y|E8881|Y|E669|Y|R7303|Y|D649|Y|P292|N|Z560|Y|R4689|Y|||||W86|W86|Y| | | | | | | | | | | | | | | | | | | | | | |GZ3|30-Oct-2018|Z741|30-Oct-2018|Z1331|30-Oct-2018|Z1331|30-Oct-2018|F1990|30-Oct-2018|Z715|30-Oct-2018|||||||||||||||||||||||||||||||||||||||0|0||2|450|96156|3.0|2018-10-31T00:00:00|hospital_B|hospital_B_20181030
SYN_BENE_2168D04A40D0|SYN_CLM_97768D13D440|V|60|30-Oct-2018|30-Oct-2018|02-Nov-2018||3|491581|1|1|1|| |1526.24|0.0| ||49|1063523132| |9999868992| |9999868992|||0|1| |1526.24|30-Oct-2018|1|5|A|10|0.0|305.25|0|4|0.0|0.0|0|0|0|0|0|0|0|0|0|0|0|0|0|||||30-Oct-2018|951.0|0|0||Z608|Z608|Y|Y0703|N|G309|N|Z653|Y|N1830|Y|R801|N|N182|N|R809|N|G43719|Y|E785|Y|E1022|N|E1121|Y|E781|Y|R931|Y|E119|Y|I259|Y|E8881|Y|E669|Y|R7303|Y|D649|Y|P292|N|Z560|Y|R4689|Y|||||W86|W86|Y| | | | | | | | | | | | | | | | | | | | | | |GZ3|30-Oct-2018|Z741|30-Oct-2018|Z1331|30-Oct-2018|Z1331|30-Oct-2018|F1990|30-Oct-2018|Z715|30-Oct-2018|||||||||||||||||||||||||||||||||||||||0|0||3|450|G0444|3.0|2018-10-31T00:00:00|hospital_B|hospital_B_20181030
SYN_BENE_2168D04A40D0|SYN_CLM_97768D13D440|V|60|30-Oct-2018|30-Oct-2018|02-Nov-2018||3|491581|1|1|1|| |1526.24|0.0| ||49|1063523132| |9999868992| |9999868992|||0|1| |1526.24|30-Oct-2018|1|5|A|10|0.0|305.25|0|4|0.0|0.0|0|0|0|0|0|0|0|0|0|0|0|0|0|||||30-Oct-2018|951.0|0|0||Z608|Z608|Y|Y0703|N|G309|N|Z653|Y|N1830|Y|R801|N|N182|N|R809|N|G43719|Y|E785|Y|E1022|N|E1121|Y|E781|Y|R931|Y|E119|Y|I259|Y|E8881|Y|E669|Y|R7303|Y|D649|Y|P292|N|Z560|Y|R4689|Y|||||W86|W86|Y| | | | | | | | | | | | | | | | | | | | | | |GZ3|30-Oct-2018|Z741|30-Oct-2018|Z1331|30-Oct-2018|Z1331|30-Oct-2018|F1990|30-Oct-2018|Z715|30-Oct-2018|||||||||||||||||||||||||||||||||||||||0|0||4|450|G0444|3.0|2018-10-31T00:00:00|hospital_B|hospital_B_20181030
SYN_BENE_2168D04A40D0|SYN_CLM_97768D13D440|V|60|30-Oct-2018|30-Oct-2018|02-Nov-2018||3|491581|1|1|1|| |1526.24|0.0| ||49|1063523132| |9999868992| |9999868992|||0|1| |1526.24|30-Oct-2018|1|5|A|10|0.0|305.25|0|4|0.0|0.0|0|0|0|0|0|0|0|0|0|0|0|0|0|||||30-Oct-2018|951.0|0|0||Z608|Z608|Y|Y0703|N|G309|N|Z653|Y|N1830|Y|R801|N|N182|N|R809|N|G43719|Y|E785|Y|E1022|N|E1121|Y|E781|Y|R931|Y|E119|Y|I259|Y|E8881|Y|E669|Y|R7303|Y|D649|Y|P292|N|Z560|Y|R4689|Y|||||W86|W86|Y| | | | | | | | | | | | | | | | | | | | | | |GZ3|30-Oct-2018|Z741|30-Oct-2018|Z1331|30-Oct-2018|Z1331|30-Oct-2018|F1990|30-Oct-2018|Z715|30-Oct-2018|||||||||||||||||||||||||||||||||||||||0|0||5|450|99408|3.0|2018-10-31T00:00:00|hospital_B|hospital_B_20181030
SYN_BENE_2168D04A40D0|SYN_CLM_97768D13D440|V|60|30-Oct-2018|30-Oct-2018|02-Nov-2018||3|491581|1|1|1|| |1526.24|0.0| ||49|1063523132| |9999868992| |9999868992|||0|1| |1526.24|30-Oct-2018|1|5|A|10|0.0|305.25|0|4|0.0|0.0|0|0|0|0|0|0|0|0|0|0|0|0|0|||||30-Oct-2018|951.0|0|0||Z608|Z608|Y|Y0703|N|G309|N|Z653|Y|N1830|Y|R801|N|N182|N|R809|N|G43719|Y|E785|Y|E1022|N|E1121|Y|E781|Y|R931|Y|E119|Y|I259|Y|E8881|Y|E669|Y|R7303|Y|D649|Y|P292|N|Z560|Y|R4689|Y|||||W86|W86|Y| | | | | | | | | | | | | | | | | | | | | | |GZ3|30-Oct-2018|Z741|30-Oct-2018|Z1331|30-Oct-2018|Z1331|30-Oct-2018|F1990|30-Oct-2018|Z715|30-Oct-2018|||||||||||||||||||||||||||||||||||||||0|0||6|450|99408|3.0|2018-10-31T00:00:00|hospital_B|hospital_B_20181030
SYN_BENE_ACE91BBC8550|SYN_CLM_39485823F372|V|60|30-Oct-2018|30-Oct-2018|02-Nov-2018||3|491581|1|1|1|| |1526.24|0.0| ||49|1063523132| |9999868992| |9999868992|||0|1| |1526.24|30-Oct-2018|1|5|A|10|0.0|305.25|0|4|0.0|0.0|0|0|0|0|0|0|0|0|0|0|0|0|0|||||30-Oct-2018|951.0|0|0||Z608|Z608|Y|Y0703|N|G309|N|Z653|Y|N1830|Y|R801|N|N182|N|R809|N|G43719|Y|E785|Y|E1022|N|E1121|Y|E781|Y|R931|Y|E119|Y|I259|Y|E8881|Y|E669|Y|R7303|Y|D649|Y|P292|N|Z560|Y|R4689|Y|||||W86|W86|Y| | | | | | | | | | | | | | | | | | | | | | |GZ3|30-Oct-2018|Z741|30-Oct-2018|Z1331|30-Oct-2018|Z1331|30-Oct-2018|F1990|30-Oct-2018|Z715|30-Oct-2018|||||||||||||||||||||||||||||||||||||||0|0||1|450|99495|3.0|2018-10-31T00:00:00|hospital_B|hospital_B_20181030
SYN_BENE_ACE91BBC8550|SYN_CLM_39485823F372|V|60|30-Oct-2018|30-Oct-2018|02-Nov-2018||3|491581|1|1|1|| |1526.24|0.0| ||49|1063523132| |9999868992| |9999868992|||0|1| |1526.24|30-Oct-2018|1|5|A|10|0.0|305.25|0|4|0.0|0.0|0|0|0|0|0|0|0|0|0|0|0|0|0|||||30-Oct-2018|951.0|0|0||Z608|Z608|Y|Y0703|N|G309|N|Z653|Y|N1830|Y|R801|N|N182|N|R809|N|G43719|Y|E785|Y|E1022|N|E1121|Y|E781|Y|R931|Y|E119|Y|I259|Y|E8881|Y|E669|Y|R7303|Y|D649|Y|P292|N|Z560|Y|R4689|Y|||||W86|W86|Y| | | | | | | | | | | | | | | | | | | | | | |GZ3|30-Oct-2018|Z741|30-Oct-2018|Z1331|30-Oct-2018|Z1331|30-Oct-2018|F1990|30-Oct-2018|Z715|30-Oct-2018|||||||||||||||||||||||||||||||||||||||0|0||2|450|96156|3.0|2018-10-31T00:00:00|hospital_B|hospital_B_20181030
SYN_BENE_ACE91BBC8550|SYN_CLM_39485823F372|V|60|30-Oct-2018|30-Oct-2018|02-Nov-2018||3|491581|1|1|1|| |1526.24|0.0| ||49|1063523132| |9999868992| |9999868992|||0|1| |1526.24|30-Oct-2018|1|5|A|10|0.0|305.25|0|4|0.0|0.0|0|0|0|0|0|0|0|0|0|0|0|0|0|||||30-Oct-2018|951.0|0|0||Z608|Z608|Y|Y0703|N|G309|N|Z653|Y|N1830|Y|R801|N|N182|N|R809|N|G43719|Y|E785|Y|E1022|N|E1121|Y|E781|Y|R931|Y|E119|Y|I259|Y|E8881|Y|E669|Y|R7303|Y|D649|Y|P292|N|Z560|Y|R4689|Y|||||W86|W86|Y| | | | | | | | | | | | | | | | | | | | | | |GZ3|30-Oct-2018|Z741|30-Oct-2018|Z1331|30-Oct-2018|Z1331|30-Oct-2018|F1990|30-Oct-2018|Z715|30-Oct-2018|||||||||||||||||||||||||||||||||||||||0|0||3|450|G0444|3.0|2018-10-31T00:00:00|hospital_B|hospital_B_20181030
SYN_BENE_ACE91BBC8550|SYN_CLM_39485823F372|V|60|30-Oct-2018|30-Oct-2018|02-Nov-2018||3|491581|1|1|1|| |1526.24|0.0| ||49|1063523132| |9999868992| |9999868992|||0|1| |1526.24|30-Oct-2018|1|5|A|10|0.0|305.25|0|4|0.0|0.0|0|0|0|0|0|0|0|0|0|0|0|0|0|||||30-Oct-2018|951.0|0|0||Z608|Z608|Y|Y0703|N|G309|N|Z653|Y|N1830|Y|R801|N|N182|N|R809|N|G43719|Y|E785|Y|E1022|N|E1121|Y|E781|Y|R931|Y|E119|Y|I259|Y|E8881|Y|E669|Y|R7303|Y|D649|Y|P292|N|Z560|Y|R4689|Y|||||W86|W86|Y| | | | | | | | | | | | | | | | | | | | | | |GZ3|30-Oct-2018|Z741|30-Oct-2018|Z1331|30-Oct-2018|Z1331|30-Oct-2018|F1990|30-Oct-2018|Z715|30-Oct-2018|||||||||||||||||||||||||||||||||||||||0|0||4|450|G0444|3.0|2018-10-31T00:00:00|hospital_B|hospital_B_20181030
SYN_BENE_ACE91BBC8550|SYN_CLM_39485823F372|V|60|30-Oct-2018|30-Oct-2018|02-Nov-2018||3|491581|1|1|1|| |1526.24|0.0| ||49|1063523132| |9999868992| |9999868992|||0|1| |1526.24|30-Oct-2018|1|5|A|10|0.0|305.25|0|4|0.0|0.0|0|0|0|0|0|0|0|0|0|0|0|0|0|||||30-Oct-2018|951.0|0|0||Z608|Z608|Y|Y0703|N|G309|N|Z653|Y|N1830|Y|R801|N|N182|N|R809|N|G43719|Y|E785|Y|E1022|N|E1121|Y|E781|Y|R931|Y|E119|Y|I259|Y|E8881|Y|E669|Y|R7303|Y|D649|Y|P292|N|Z560|Y|R4689|Y|||||W86|W86|Y| | | | | | | | | | | | | | | | | | | | | | |GZ3|30-Oct-2018|Z741|30-Oct-2018|Z1331|30-Oct-2018|Z1331|30-Oct-2018|F1990|30-Oct-2018|Z715|30-Oct-2018|||||||||||||||||||||||||||||||||||||||0|0||5|450|99408|3.0|2018-10-31T00:00:00|hospital_B|hospital_B_20181030
SYN_BENE_ACE91BBC8550|SYN_CLM_39485823F372|V|60|30-Oct-2018|30-Oct-2018|02-Nov-2018||3|491581|1|1|1|| |1526.24|0.0| ||49|1063523132| |9999868992| |9999868992|||0|1| |1526.24|30-Oct-2018|1|5|A|10|0.0|305.25|0|4|0.0|0.0|0|0|0|0|0|0|0|0|0|0|0|0|0|||||30-Oct-2018|951.0|0|0||Z608|Z608|Y|Y0703|N|G309|N|Z653|Y|N1830|Y|R801|N|N182|N|R809|N|G43719|Y|E785|Y|E1022|N|E1121|Y|E781|Y|R931|Y|E119|Y|I259|Y|E8881|Y|E669|Y|R7303|Y|D649|Y|P292|N|Z560|Y|R4689|Y|||||W86|W86|Y| | | | | | | | | | | | | | | | | | | | | | |GZ3|30-Oct-2018|Z741|30-Oct-2018|Z1331|30-Oct-2018|Z1331|30-Oct-2018|F1990|30-Oct-2018|Z715|30-Oct-2018|||||||||||||||||||||||||||||||||||||||0|0||6|450|99408|3.0|2018-10-31T00:00:00|hospital_B|hospital_B_20181030
SYN_BENE_323DAE13A6A5|SYN_CLM_93F0668C1D4C|V|60|30-Oct-2018|30-Oct-2018|02-Nov-2018||3|491581|1|1|1|| |1526.24|0.0| ||49|1063523132| |9999868992| |9999868992|||0|1| |1526.24|30-Oct-2018|1|5|A|10|0.0|305.25|0|4|0.0|0.0|0|0|0|0|0|0|0|0|0|0|0|0|0|||||30-Oct-2018|951.0|0|0||Z608|Z608|Y|Y0703|N|G309|N|Z653|Y|N1830|Y|R801|N|N182|N|R809|N|G43719|Y|E785|Y|E1022|N|E1121|Y|E781|Y|R931|Y|E119|Y|I259|Y|E8881|Y|E669|Y|R7303|Y|D649|Y|P292|N|Z560|Y|R4689|Y|||||W86|W86|Y| | | | | | | | | | | | | | | | | | | | | | |GZ3|30-Oct-2018|Z741|30-Oct-2018|Z1331|30-Oct-2018|Z1331|30-Oct-2018|F1990|30-Oct-2018|Z715|30-Oct-2018|||||||||||||||||||||||||||||||||||||||0|0||1|450|99495|3.0|2018-10-31T00:00:00|hospital_B|hospital_B_20181030
SYN_BENE_323DAE13A6A5|SYN_CLM_93F0668C1D4C|V|60|30-Oct-2018|30-Oct-2018|02-Nov-2018||3|491581|1|1|1|| |1526.24|0.0| ||49|1063523132| |9999868992| |9999868992|||0|1| |1526.24|30-Oct-2018|1|5|A|10|0.0|305.25|0|4|0.0|0.0|0|0|0|0|0|0|0|0|0|0|0|0|0|||||30-Oct-2018|951.0|0|0||Z608|Z608|Y|Y0703|N|G309|N|Z653|Y|N1830|Y|R801|N|N182|N|R809|N|G43719|Y|E785|Y|E1022|N|E1121|Y|E781|Y|R931|Y|E119|Y|I259|Y|E8881|Y|E669|Y|R7303|Y|D649|Y|P292|N|Z560|Y|R4689|Y|||||W86|W86|Y| | | | | | | | | | | | | | | | | | | | | | |GZ3|30-Oct-2018|Z741|30-Oct-2018|Z1331|30-Oct-2018|Z1331|30-Oct-2018|F1990|30-Oct-2018|Z715|30-Oct-2018|||||||||||||||||||||||||||||||||||||||0|0||2|450|96156|3.0|2018-10-31T00:00:00|hospital_B|hospital_B_20181030
SYN_BENE_323DAE13A6A5|SYN_CLM_93F0668C1D4C|V|60|30-Oct-2018|30-Oct-2018|02-Nov-2018||3|491581|1|1|1|| |1526.24|0.0| ||49|1063523132| |9999868992| |9999868992|||0|1| |1526.24|30-Oct-2018|1|5|A|10|0.0|305.25|0|4|0.0|0.0|0|0|0|0|0|0|0|0|0|0|0|0|0|||||30-Oct-2018|951.0|0|0||Z608|Z608|Y|Y0703|N|G309|N|Z653|Y|N1830|Y|R801|N|N182|N|R809|N|G43719|Y|E785|Y|E1022|N|E1121|Y|E781|Y|R931|Y|E119|Y|I259|Y|E8881|Y|E669|Y|R7303|Y|D649|Y|P292|N|Z560|Y|R4689|Y|||||W86|W86|Y| | | | | | | | | | | | | | | | | | | | | | |GZ3|30-Oct-2018|Z741|30-Oct-2018|Z1331|30-Oct-2018|Z1331|30-Oct-2018|F1990|30-Oct-2018|Z715|30-Oct-2018|||||||||||||||||||||||||||||||||||||||0|0||3|450|G0444|3.0|2018-10-31T00:00:00|hospital_B|hospital_B_20181030
SYN_BENE_323DAE13A6A5|SYN_CLM_93F0668C1D4C|V|60|30-Oct-2018|30-Oct-2018|02-Nov-2018||3|491581|1|1|1|| |1526.24|0.0| ||49|1063523132| |9999868992| |9999868992|||0|1| |1526.24|30-Oct-2018|1|5|A|10|0.0|305.25|0|4|0.0|0.0|0|0|0|0|0|0|0|0|0|0|0|0|0|||||30-Oct-2018|951.0|0|0||Z608|Z608|Y|Y0703|N|G309|N|Z653|Y|N1830|Y|R801|N|N182|N|R809|N|G43719|Y|E785|Y|E1022|N|E1121|Y|E781|Y|R931|Y|E119|Y|I259|Y|E8881|Y|E669|Y|R7303|Y|D649|Y|P292|N|Z560|Y|R4689|Y|||||W86|W86|Y| | | | | | | | | | | | | | | | | | | | | | |GZ3|30-Oct-2018|Z741|30-Oct-2018|Z1331|30-Oct-2018|Z1331|30-Oct-2018|F1990|30-Oct-2018|Z715|30-Oct-2018|||||||||||||||||||||||||||||||||||||||0|0||4|450|G0444|3.0|2018-10-31T00:00:00|hospital_B|hospital_B_20181030
SYN_BENE_323DAE13A6A5|SYN_CLM_93F0668C1D4C|V|60|30-Oct-2018|30-Oct-2018|02-Nov-2018||3|491581|1|1|1|| |1526.24|0.0| ||49|1063523132| |9999868992| |9999868992|||0|1| |1526.24|30-Oct-2018|1|5|A|10|0.0|305.25|0|4|0.0|0.0|0|0|0|0|0|0|0|0|0|0|0|0|0|||||30-Oct-2018|951.0|0|0||Z608|Z608|Y|Y0703|N|G309|N|Z653|Y|N1830|Y|R801|N|N182|N|R809|N|G43719|Y|E785|Y|E1022|N|E1121|Y|E781|Y|R931|Y|E119|Y|I259|Y|E8881|Y|E669|Y|R7303|Y|D649|Y|P292|N|Z560|Y|R4689|Y|||||W86|W86|Y| | | | | | | | | | | | | | | | | | | | | | |GZ3|30-Oct-2018|Z741|30-Oct-2018|Z1331|30-Oct-2018|Z1331|30-Oct-2018|F1990|30-Oct-2018|Z715|30-Oct-2018|||||||||||||||||||||||||||||||||||||||0|0||5|450|99408|3.0|2018-10-31T00:00:00|hospital_B|hospital_B_20181030
SYN_BENE_323DAE13A6A5|SYN_CLM_93F0668C1D4C|V|60|30-Oct-2018|30-Oct-2018|02-Nov-2018||3|491581|1|1|1|| |1526.24|0.0| ||49|1063523132| |9999868992| |9999868992|||0|1| |1526.24|30-Oct-2018|1|5|A|10|0.0|305.25|0|4|0.0|0.0|0|0|0|0|0|0|0|0|0|0|0|0|0|||||30-Oct-2018|951.0|0|0||Z608|Z608|Y|Y0703|N|G309|N|Z653|Y|N1830|Y|R801|N|N182|N|R809|N|G43719|Y|E785|Y|E1022|N|E1121|Y|E781|Y|R931|Y|E119|Y|I259|Y|E8881|Y|E669|Y|R7303|Y|D649|Y|P292|N|Z560|Y|R4689|Y|||||W86|W86|Y| | | | | | | | | | | | | | | | | | | | | | |GZ3|30-Oct-2018|Z741|30-Oct-2018|Z1331|30-Oct-2018|Z1331|30-Oct-2018|F1990|30-Oct-2018|Z715|30-Oct-2018|||||||||||||||||||||||||||||||||||||||0|0||6|450|99408|3.0|2018-10-31T00:00:00|hospital_B|hospital_B_20181030
SYN_BENE_BABC606A4A9D|SYN_CLM_C08BA207F665|V|60|30-Oct-2018|30-Oct-2018|02-Nov-2018||3|491581|1|1|1|| |1526.24|0.0| ||49|1063523132| |9999868992| |9999868992|||0|1| |1526.24|30-Oct-2018|1|5|A|10|0.0|305.25|0|4|0.0|0.0|0|0|0|0|0|0|0|0|0|0|0|0|0|||||30-Oct-2018|951.0|0|0||Z608|Z608|Y|Y0703|N|G309|N|Z653|Y|N1830|Y|R801|N|N182|N|R809|N|G43719|Y|E785|Y|E1022|N|E1121|Y|E781|Y|R931|Y|E119|Y|I259|Y|E8881|Y|E669|Y|R7303|Y|D649|Y|P292|N|Z560|Y|R4689|Y|||||W86|W86|Y| | | | | | | | | | | | | | | | | | | | | | |GZ3|30-Oct-2018|Z741|30-Oct-2018|Z1331|30-Oct-2018|Z1331|30-Oct-2018|F1990|30-Oct-2018|Z715|30-Oct-2018|||||||||||||||||||||||||||||||||||||||0|0||1|450|99495|3.0|2018-10-31T00:00:00|hospital_B|hospital_B_20181030
SYN_BENE_BABC606A4A9D|SYN_CLM_C08BA207F665|V|60|30-Oct-2018|30-Oct-2018|02-Nov-2018||3|491581|1|1|1|| |1526.24|0.0| ||49|1063523132| |9999868992| |9999868992|||0|1| |1526.24|30-Oct-2018|1|5|A|10|0.0|305.25|0|4|0.0|0.0|0|0|0|0|0|0|0|0|0|0|0|0|0|||||30-Oct-2018|951.0|0|0||Z608|Z608|Y|Y0703|N|G309|N|Z653|Y|N1830|Y|R801|N|N182|N|R809|N|G43719|Y|E785|Y|E1022|N|E1121|Y|E781|Y|R931|Y|E119|Y|I259|Y|E8881|Y|E669|Y|R7303|Y|D649|Y|P292|N|Z560|Y|R4689|Y|||||W86|W86|Y| | | | | | | | | | | | | | | | | | | | | | |GZ3|30-Oct-2018|Z741|30-Oct-2018|Z1331|30-Oct-2018|Z1331|30-Oct-2018|F1990|30-Oct-2018|Z715|30-Oct-2018|||||||||||||||||||||||||||||||||||||||0|0||2|450|96156|3.0|2018-10-31T00:00:00|hospital_B|hospital_B_20181030
SYN_BENE_BABC606A4A9D|SYN_CLM_C08BA207F665|V|60|30-Oct-2018|30-Oct-2018|02-Nov-2018||3|491581|1|1|1|| |1526.24|0.0| ||49|1063523132| |9999868992| |9999868992|||0|1| |1526.24|30-Oct-2018|1|5|A|10|0.0|305.25|0|4|0.0|0.0|0|0|0|0|0|0|0|0|0|0|0|0|0|||||30-Oct-2018|951.0|0|0||Z608|Z608|Y|Y0703|N|G309|N|Z653|Y|N1830|Y|R801|N|N182|N|R809|N|G43719|Y|E785|Y|E1022|N|E1121|Y|E781|Y|R931|Y|E119|Y|I259|Y|E8881|Y|E669|Y|R7303|Y|D649|Y|P292|N|Z560|Y|R4689|Y|||||W86|W86|Y| | | | | | | | | | | | | | | | | | | | | | |GZ3|30-Oct-2018|Z741|30-Oct-2018|Z1331|30-Oct-2018|Z1331|30-Oct-2018|F1990|30-Oct-2018|Z715|30-Oct-2018|||||||||||||||||||||||||||||||||||||||0|0||3|450|G0444|3.0|2018-10-31T00:00:00|hospital_B|hospital_B_20181030
SYN_BENE_BABC606A4A9D|SYN_CLM_C08BA207F665|V|60|30-Oct-2018|30-Oct-2018|02-Nov-2018||3|491581|1|1|1|| |1526.24|0.0| ||49|1063523132| |9999868992| |9999868992|||0|1| |1526.24|30-Oct-2018|1|5|A|10|0.0|305.25|0|4|0.0|0.0|0|0|0|0|0|0|0|0|0|0|0|0|0|||||30-Oct-2018|951.0|0|0||Z608|Z608|Y|Y0703|N|G309|N|Z653|Y|N1830|Y|R801|N|N182|N|R809|N|G43719|Y|E785|Y|E1022|N|E1121|Y|E781|Y|R931|Y|E119|Y|I259|Y|E8881|Y|E669|Y|R7303|Y|D649|Y|P292|N|Z560|Y|R4689|Y|||||W86|W86|Y| | | | | | | | | | | | | | | | | | | | | | |GZ3|30-Oct-2018|Z741|30-Oct-2018|Z1331|30-Oct-2018|Z1331|30-Oct-2018|F1990|30-Oct-2018|Z715|30-Oct-2018|||||||||||||||||||||||||||||||||||||||0|0||4|450|G0444|3.0|2018-10-31T00:00:00|hospital_B|hospital_B_20181030
SYN_BENE_BABC606A4A9D|SYN_CLM_C08BA207F665|V|60|30-Oct-2018|30-Oct-2018|02-Nov-2018||3|491581|1|1|1|| |1526.24|0.0| ||49|1063523132| |9999868992| |9999868992|||0|1| |1526.24|30-Oct-2018|1|5|A|10|0.0|305.25|0|4|0.0|0.0|0|0|0|0|0|0|0|0|0|0|0|0|0|||||30-Oct-2018|951.0|0|0||Z608|Z608|Y|Y0703|N|G309|N|Z653|Y|N1830|Y|R801|N|N182|N|R809|N|G43719|Y|E785|Y|E1022|N|E1121|Y|E781|Y|R931|Y|E119|Y|I259|Y|E8881|Y|E669|Y|R7303|Y|D649|Y|P292|N|Z560|Y|R4689|Y|||||W86|W86|Y| | | | | | | | | | | | | | | | | | | | | | |GZ3|30-Oct-2018|Z741|30-Oct-2018|Z1331|30-Oct-2018|Z1331|30-Oct-2018|F1990|30-Oct-2018|Z715|30-Oct-2018|||||||||||||||||||||||||||||||||||||||0|0||5|450|99408|3.0|2018-10-31T00:00:00|hospital_B|hospital_B_20181030
SYN_BENE_BABC606A4A9D|SYN_CLM_C08BA207F665|V|60|30-Oct-2018|30-Oct-2018|02-Nov-2018||3|491581|1|1|1|| |1526.24|0.0| ||49|1063523132| |9999868992| |9999868992|||0|1| |1526.24|30-Oct-2018|1|5|A|10|0.0|305.25|0|4|0.0|0.0|0|0|0|0|0|0|0|0|0|0|0|0|0|||||30-Oct-2018|951.0|0|0||Z608|Z608|Y|Y0703|N|G309|N|Z653|Y|N1830|Y|R801|N|N182|N|R809|N|G43719|Y|E785|Y|E1022|N|E1121|Y|E781|Y|R931|Y|E119|Y|I259|Y|E8881|Y|E669|Y|R7303|Y|D649|Y|P292|N|Z560|Y|R4689|Y|||||W86|W86|Y| | | | | | | | | | | | | | | | | | | | | | |GZ3|30-Oct-2018|Z741|30-Oct-2018|Z1331|30-Oct-2018|Z1331|30-Oct-2018|F1990|30-Oct-2018|Z715|30-Oct-2018|||||||||||||||||||||||||||||||||||||||0|0||6|450|99408|3.0|2018-10-31T00:00:00|hospital_B|hospital_B_20181030
SYN_BENE_CEB66264795C|SYN_CLM_EA08A2D394D4|V|60|30-Oct-2018|30-Oct-2018|02-Nov-2018||3|491581|1|1|1|| |1526.24|0.0| ||49|1063523132| |9999868992| |9999868992|||0|1| |1526.24|30-Oct-2018|1|5|A|10|0.0|305.25|0|4|0.0|0.0|0|0|0|0|0|0|0|0|0|0|0|0|0|||||30-Oct-2018|951.0|0|0||Z608|Z608|Y|Y0703|N|G309|N|Z653|Y|N1830|Y|R801|N|N182|N|R809|N|G43719|Y|E785|Y|E1022|N|E1121|Y|E781|Y|R931|Y|E119|Y|I259|Y|E8881|Y|E669|Y|R7303|Y|D649|Y|P292|N|Z560|Y|R4689|Y|||||W86|W86|Y| | | | | | | | | | | | | | | | | | | | | | |GZ3|30-Oct-2018|Z741|30-Oct-2018|Z1331|30-Oct-2018|Z1331|30-Oct-2018|F1990|30-Oct-2018|Z715|30-Oct-2018|||||||||||||||||||||||||||||||||||||||0|0||1|450|99495|3.0|2018-10-31T00:00:00|hospital_B|hospital_B_20181030
SYN_BENE_CEB66264795C|SYN_CLM_EA08A2D394D4|V|60|30-Oct-2018|30-Oct-2018|02-Nov-2018||3|491581|1|1|1|| |1526.24|0.0| ||49|1063523132| |9999868992| |9999868992|||0|1| |1526.24|30-Oct-2018|1|5|A|10|0.0|305.25|0|4|0.0|0.0|0|0|0|0|0|0|0|0|0|0|0|0|0|||||30-Oct-2018|951.0|0|0||Z608|Z608|Y|Y0703|N|G309|N|Z653|Y|N1830|Y|R801|N|N182|N|R809|N|G43719|Y|E785|Y|E1022|N|E1121|Y|E781|Y|R931|Y|E119|Y|I259|Y|E8881|Y|E669|Y|R7303|Y|D649|Y|P292|N|Z560|Y|R4689|Y|||||W86|W86|Y| | | | | | | | | | | | | | | | | | | | | | |GZ3|30-Oct-2018|Z741|30-Oct-2018|Z1331|30-Oct-2018|Z1331|30-Oct-2018|F1990|30-Oct-2018|Z715|30-Oct-2018|||||||||||||||||||||||||||||||||||||||0|0||2|450|96156|3.0|2018-10-31T00:00:00|hospital_B|hospital_B_20181030
SYN_BENE_CEB66264795C|SYN_CLM_EA08A2D394D4|V|60|30-Oct-2018|30-Oct-2018|02-Nov-2018||3|491581|1|1|1|| |1526.24|0.0| ||49|1063523132| |9999868992| |9999868992|||0|1| |1526.24|30-Oct-2018|1|5|A|10|0.0|305.25|0|4|0.0|0.0|0|0|0|0|0|0|0|0|0|0|0|0|0|||||30-Oct-2018|951.0|0|0||Z608|Z608|Y|Y0703|N|G309|N|Z653|Y|N1830|Y|R801|N|N182|N|R809|N|G43719|Y|E785|Y|E1022|N|E1121|Y|E781|Y|R931|Y|E119|Y|I259|Y|E8881|Y|E669|Y|R7303|Y|D649|Y|P292|N|Z560|Y|R4689|Y|||||W86|W86|Y| | | | | | | | | | | | | | | | | | | | | | |GZ3|30-Oct-2018|Z741|30-Oct-2018|Z1331|30-Oct-2018|Z1331|30-Oct-2018|F1990|30-Oct-2018|Z715|30-Oct-2018|||||||||||||||||||||||||||||||||||||||0|0||3|450|G0444|3.0|2018-10-31T00:00:00|hospital_B|hospital_B_20181030
SYN_BENE_CEB66264795C|SYN_CLM_EA08A2D394D4|V|60|30-Oct-2018|30-Oct-2018|02-Nov-2018||3|491581|1|1|1|| |1526.24|0.0| ||49|1063523132| |9999868992| |9999868992|||0|1| |1526.24|30-Oct-2018|1|5|A|10|0.0|305.25|0|4|0.0|0.0|0|0|0|0|0|0|0|0|0|0|0|0|0|||||30-Oct-2018|951.0|0|0||Z608|Z608|Y|Y0703|N|G309|N|Z653|Y|N1830|Y|R801|N|N182|N|R809|N|G43719|Y|E785|Y|E1022|N|E1121|Y|E781|Y|R931|Y|E119|Y|I259|Y|E8881|Y|E669|Y|R7303|Y|D649|Y|P292|N|Z560|Y|R4689|Y|||||W86|W86|Y| | | | | | | | | | | | | | | | | | | | | | |GZ3|30-Oct-2018|Z741|30-Oct-2018|Z1331|30-Oct-2018|Z1331|30-Oct-2018|F1990|30-Oct-2018|Z715|30-Oct-2018|||||||||||||||||||||||||||||||||||||||0|0||4|450|G0444|3.0|2018-10-31T00:00:00|hospital_B|hospital_B_20181030
SYN_BENE_CEB66264795C|SYN_CLM_EA08A2D394D4|V|60|30-Oct-2018|30-Oct-2018|02-Nov-2018||3|491581|1|1|1|| |1526.24|0.0| ||49|1063523132| |9999868992| |9999868992|||0|1| |1526.24|30-Oct-2018|1|5|A|10|0.0|305.25|0|4|0.0|0.0|0|0|0|0|0|0|0|0|0|0|0|0|0|||||30-Oct-2018|951.0|0|0||Z608|Z608|Y|Y0703|N|G309|N|Z653|Y|N1830|Y|R801|N|N182|N|R809|N|G43719|Y|E785|Y|E1022|N|E1121|Y|E781|Y|R931|Y|E119|Y|I259|Y|E8881|Y|E669|Y|R7303|Y|D649|Y|P292|N|Z560|Y|R4689|Y|||||W86|W86|Y| | | | | | | | | | | | | | | | | | | | | | |GZ3|30-Oct-2018|Z741|30-Oct-2018|Z1331|30-Oct-2018|Z1331|30-Oct-2018|F1990|30-Oct-2018|Z715|30-Oct-2018|||||||||||||||||||||||||||||||||||||||0|0||5|450|99408|3.0|2018-10-31T00:00:00|hospital_B|hospital_B_20181030
SYN_BENE_CEB66264795C|SYN_CLM_EA08A2D394D4|V|60|30-Oct-2018|30-Oct-2018|02-Nov-2018||3|491581|1|1|1|| |1526.24|0.0| ||49|1063523132| |9999868992| |9999868992|||0|1| |1526.24|30-Oct-2018|1|5|A|10|0.0|305.25|0|4|0.0|0.0|0|0|0|0|0|0|0|0|0|0|0|0|0|||||30-Oct-2018|951.0|0|0||Z608|Z608|Y|Y0703|N|G309|N|Z653|Y|N1830|Y|R801|N|N182|N|R809|N|G43719|Y|E785|Y|E1022|N|E1121|Y|E781|Y|R931|Y|E119|Y|I259|Y|E8881|Y|E669|Y|R7303|Y|D649|Y|P292|N|Z560|Y|R4689|Y|||||W86|W86|Y| | | | | | | | | | | | | | | | | | | | | | |GZ3|30-Oct-2018|Z741|30-Oct-2018|Z1331|30-Oct-2018|Z1331|30-Oct-2018|F1990|30-Oct-2018|Z715|30-Oct-2018|||||||||||||||||||||||||||||||||||||||0|0||6|450|99408|3.0|2018-10-31T00:00:00|hospital_B|hospital_B_20181030
SYN_BENE_C2F3129B9C5C|SYN_CLM_D2A06F0C71C0|V|60|30-Oct-2018|30-Oct-2018|02-Nov-2018||3|491581|1|1|1|| |1526.24|0.0| ||49|1063523132| |9999868992| |9999868992|||0|1| |1526.24|30-Oct-2018|1|5|A|10|0.0|305.25|0|4|0.0|0.0|0|0|0|0|0|0|0|0|0|0|0|0|0|||||30-Oct-2018|951.0|0|0||Z608|Z608|Y|Y0703|N|G309|N|Z653|Y|N1830|Y|R801|N|N182|N|R809|N|G43719|Y|E785|Y|E1022|N|E1121|Y|E781|Y|R931|Y|E119|Y|I259|Y|E8881|Y|E669|Y|R7303|Y|D649|Y|P292|N|Z560|Y|R4689|Y|||||W86|W86|Y| | | | | | | | | | | | | | | | | | | | | | |GZ3|30-Oct-2018|Z741|30-Oct-2018|Z1331|30-Oct-2018|Z1331|30-Oct-2018|F1990|30-Oct-2018|Z715|30-Oct-2018|||||||||||||||||||||||||||||||||||||||0|0||1|450|99495|3.0|2018-10-31T00:00:00|hospital_B|hospital_B_20181030
SYN_BENE_C2F3129B9C5C|SYN_CLM_D2A06F0C71C0|V|60|30-Oct-2018|30-Oct-2018|02-Nov-2018||3|491581|1|1|1|| |1526.24|0.0| ||49|1063523132| |9999868992| |9999868992|||0|1| |1526.24|30-Oct-2018|1|5|A|10|0.0|305.25|0|4|0.0|0.0|0|0|0|0|0|0|0|0|0|0|0|0|0|||||30-Oct-2018|951.0|0|0||Z608|Z608|Y|Y0703|N|G309|N|Z653|Y|N1830|Y|R801|N|N182|N|R809|N|G43719|Y|E785|Y|E1022|N|E1121|Y|E781|Y|R931|Y|E119|Y|I259|Y|E8881|Y|E669|Y|R7303|Y|D649|Y|P292|N|Z560|Y|R4689|Y|||||W86|W86|Y| | | | | | | | | | | | | | | | | | | | | | |GZ3|30-Oct-2018|Z741|30-Oct-2018|Z1331|30-Oct-2018|Z1331|30-Oct-2018|F1990|30-Oct-2018|Z715|30-Oct-2018|||||||||||||||||||||||||||||||||||||||0|0||2|450|96156|3.0|2018-10-31T00:00:00|hospital_B|hospital_B_20181030
SYN_BENE_C2F3129B9C5C|SYN_CLM_D2A06F0C71C0|V|60|30-Oct-2018|30-Oct-2018|02-Nov-2018||3|491581|1|1|1|| |1526.24|0.0| ||49|1063523132| |9999868992| |9999868992|||0|1| |1526.24|30-Oct-2018|1|5|A|10|0.0|305.25|0|4|0.0|0.0|0|0|0|0|0|0|0|0|0|0|0|0|0|||||30-Oct-2018|951.0|0|0||Z608|Z608|Y|Y0703|N|G309|N|Z653|Y|N1830|Y|R801|N|N182|N|R809|N|G43719|Y|E785|Y|E1022|N|E1121|Y|E781|Y|R931|Y|E119|Y|I259|Y|E8881|Y|E669|Y|R7303|Y|D649|Y|P292|N|Z560|Y|R4689|Y|||||W86|W86|Y| | | | | | | | | | | | | | | | | | | | | | |GZ3|30-Oct-2018|Z741|30-Oct-2018|Z1331|30-Oct-2018|Z1331|30-Oct-2018|F1990|30-Oct-2018|Z715|30-Oct-2018|||||||||||||||||||||||||||||||||||||||0|0||3|450|G0444|3.0|2018-10-31T00:00:00|hospital_B|hospital_B_20181030
SYN_BENE_C2F3129B9C5C|SYN_CLM_D2A06F0C71C0|V|60|30-Oct-2018|30-Oct-2018|02-Nov-2018||3|491581|1|1|1|| |1526.24|0.0| ||49|1063523132| |9999868992| |9999868992|||0|1| |1526.24|30-Oct-2018|1|5|A|10|0.0|305.25|0|4|0.0|0.0|0|0|0|0|0|0|0|0|0|0|0|0|0|||||30-Oct-2018|951.0|0|0||Z608|Z608|Y|Y0703|N|G309|N|Z653|Y|N1830|Y|R801|N|N182|N|R809|N|G43719|Y|E785|Y|E1022|N|E1121|Y|E781|Y|R931|Y|E119|Y|I259|Y|E8881|Y|E669|Y|R7303|Y|D649|Y|P292|N|Z560|Y|R4689|Y|||||W86|W86|Y| | | | | | | | | | | | | | | | | | | | | | |GZ3|30-Oct-2018|Z741|30-Oct-2018|Z1331|30-Oct-2018|Z1331|30-Oct-2018|F1990|30-Oct-2018|Z715|30-Oct-2018|||||||||||||||||||||||||||||||||||||||0|0||4|450|G0444|3.0|2018-10-31T00:00:00|hospital_B|hospital_B_20181030
SYN_BENE_C2F3129B9C5C|SYN_CLM_D2A06F0C71C0|V|60|30-Oct-2018|30-Oct-2018|02-Nov-2018||3|491581|1|1|1|| |1526.24|0.0| ||49|1063523132| |9999868992| |9999868992|||0|1| |1526.24|30-Oct-2018|1|5|A|10|0.0|305.25|0|4|0.0|0.0|0|0|0|0|0|0|0|0|0|0|0|0|0|||||30-Oct-2018|951.0|0|0||Z608|Z608|Y|Y0703|N|G309|N|Z653|Y|N1830|Y|R801|N|N182|N|R809|N|G43719|Y|E785|Y|E1022|N|E1121|Y|E781|Y|R931|Y|E119|Y|I259|Y|E8881|Y|E669|Y|R7303|Y|D649|Y|P292|N|Z560|Y|R4689|Y|||||W86|W86|Y| | | | | | | | | | | | | | | | | | | | | | |GZ3|30-Oct-2018|Z741|30-Oct-2018|Z1331|30-Oct-2018|Z1331|30-Oct-2018|F1990|30-Oct-2018|Z715|30-Oct-2018|||||||||||||||||||||||||||||||||||||||0|0||5|450|99408|3.0|2018-10-31T00:00:00|hospital_B|hospital_B_20181030
SYN_BENE_C2F3129B9C5C|SYN_CLM_D2A06F0C71C0|V|60|30-Oct-2018|30-Oct-2018|02-Nov-2018||3|491581|1|1|1|| |1526.24|0.0| ||49|1063523132| |9999868992| |9999868992|||0|1| |1526.24|30-Oct-2018|1|5|A|10|0.0|305.25|0|4|0.0|0.0|0|0|0|0|0|0|0|0|0|0|0|0|0|||||30-Oct-2018|951.0|0|0||Z608|Z608|Y|Y0703|N|G309|N|Z653|Y|N1830|Y|R801|N|N182|N|R809|N|G43719|Y|E785|Y|E1022|N|E1121|Y|E781|Y|R931|Y|E119|Y|I259|Y|E8881|Y|E669|Y|R7303|Y|D649|Y|P292|N|Z560|Y|R4689|Y|||||W86|W86|Y| | | | | | | | | | | | | | | | | | | | | | |GZ3|30-Oct-2018|Z741|30-Oct-2018|Z1331|30-Oct-2018|Z1331|30-Oct-2018|F1990|30-Oct-2018|Z715|30-Oct-2018|||||||||||||||||||||||||||||||||||||||0|0||6|450|99408|3.0|2018-10-31T00:00:00|hospital_B|hospital_B_20181030
SYN_BENE_1D4F82605DC4|SYN_CLM_9DEBF12DE289|V|60|30-Oct-2018|30-Oct-2018|02-Nov-2018||3|491581|1|1|1|| |1526.24|0.0| ||49|1063523132| |9999868992| |9999868992|||0|1| |1526.24|30-Oct-2018|1|5|A|10|0.0|305.25|0|4|0.0|0.0|0|0|0|0|0|0|0|0|0|0|0|0|0|||||30-Oct-2018|951.0|0|0||Z608|Z608|Y|Y0703|N|G309|N|Z653|Y|N1830|Y|R801|N|N182|N|R809|N|G43719|Y|E785|Y|E1022|N|E1121|Y|E781|Y|R931|Y|E119|Y|I259|Y|E8881|Y|E669|Y|R7303|Y|D649|Y|P292|N|Z560|Y|R4689|Y|||||W86|W86|Y| | | | | | | | | | | | | | | | | | | | | | |GZ3|30-Oct-2018|Z741|30-Oct-2018|Z1331|30-Oct-2018|Z1331|30-Oct-2018|F1990|30-Oct-2018|Z715|30-Oct-2018|||||||||||||||||||||||||||||||||||||||0|0||1|450|99495|3.0|2018-10-31T00:00:00|hospital_B|hospital_B_20181030
SYN_BENE_1D4F82605DC4|SYN_CLM_9DEBF12DE289|V|60|30-Oct-2018|30-Oct-2018|02-Nov-2018||3|491581|1|1|1|| |1526.24|0.0| ||49|1063523132| |9999868992| |9999868992|||0|1| |1526.24|30-Oct-2018|1|5|A|10|0.0|305.25|0|4|0.0|0.0|0|0|0|0|0|0|0|0|0|0|0|0|0|||||30-Oct-2018|951.0|0|0||Z608|Z608|Y|Y0703|N|G309|N|Z653|Y|N1830|Y|R801|N|N182|N|R809|N|G43719|Y|E785|Y|E1022|N|E1121|Y|E781|Y|R931|Y|E119|Y|I259|Y|E8881|Y|E669|Y|R7303|Y|D649|Y|P292|N|Z560|Y|R4689|Y|||||W86|W86|Y| | | | | | | | | | | | | | | | | | | | | | |GZ3|30-Oct-2018|Z741|30-Oct-2018|Z1331|30-Oct-2018|Z1331|30-Oct-2018|F1990|30-Oct-2018|Z715|30-Oct-2018|||||||||||||||||||||||||||||||||||||||0|0||2|450|96156|3.0|2018-10-31T00:00:00|hospital_B|hospital_B_20181030
SYN_BENE_1D4F82605DC4|SYN_CLM_9DEBF12DE289|V|60|30-Oct-2018|30-Oct-2018|02-Nov-2018||3|491581|1|1|1|| |1526.24|0.0| ||49|1063523132| |9999868992| |9999868992|||0|1| |1526.24|30-Oct-2018|1|5|A|10|0.0|305.25|0|4|0.0|0.0|0|0|0|0|0|0|0|0|0|0|0|0|0|||||30-Oct-2018|951.0|0|0||Z608|Z608|Y|Y0703|N|G309|N|Z653|Y|N1830|Y|R801|N|N182|N|R809|N|G43719|Y|E785|Y|E1022|N|E1121|Y|E781|Y|R931|Y|E119|Y|I259|Y|E8881|Y|E669|Y|R7303|Y|D649|Y|P292|N|Z560|Y|R4689|Y|||||W86|W86|Y| | | | | | | | | | | | | | | | | | | | | | |GZ3|30-Oct-2018|Z741|30-Oct-2018|Z1331|30-Oct-2018|Z1331|30-Oct-2018|F1990|30-Oct-2018|Z715|30-Oct-2018|||||||||||||||||||||||||||||||||||||||0|0||3|450|G0444|3.0|2018-10-31T00:00:00|hospital_B|hospital_B_20181030
SYN_BENE_1D4F82605DC4|SYN_CLM_9DEBF12DE289|V|60|30-Oct-2018|30-Oct-2018|02-Nov-2018||3|491581|1|1|1|| |1526.24|0.0| ||49|1063523132| |9999868992| |9999868992|||0|1| |1526.24|30-Oct-2018|1|5|A|10|0.0|305.25|0|4|0.0|0.0|0|0|0|0|0|0|0|0|0|0|0|0|0|||||30-Oct-2018|951.0|0|0||Z608|Z608|Y|Y0703|N|G309|N|Z653|Y|N1830|Y|R801|N|N182|N|R809|N|G43719|Y|E785|Y|E1022|N|E1121|Y|E781|Y|R931|Y|E119|Y|I259|Y|E8881|Y|E669|Y|R7303|Y|D649|Y|P292|N|Z560|Y|R4689|Y|||||W86|W86|Y| | | | | | | | | | | | | | | | | | | | | | |GZ3|30-Oct-2018|Z741|30-Oct-2018|Z1331|30-Oct-2018|Z1331|30-Oct-2018|F1990|30-Oct-2018|Z715|30-Oct-2018|||||||||||||||||||||||||||||||||||||||0|0||4|450|G0444|3.0|2018-10-31T00:00:00|hospital_B|hospital_B_20181030
SYN_BENE_1D4F82605DC4|SYN_CLM_9DEBF12DE289|V|60|30-Oct-2018|30-Oct-2018|02-Nov-2018||3|491581|1|1|1|| |1526.24|0.0| ||49|1063523132| |9999868992| |9999868992|||0|1| |1526.24|30-Oct-2018|1|5|A|10|0.0|305.25|0|4|0.0|0.0|0|0|0|0|0|0|0|0|0|0|0|0|0|||||30-Oct-2018|951.0|0|0||Z608|Z608|Y|Y0703|N|G309|N|Z653|Y|N1830|Y|R801|N|N182|N|R809|N|G43719|Y|E785|Y|E1022|N|E1121|Y|E781|Y|R931|Y|E119|Y|I259|Y|E8881|Y|E669|Y|R7303|Y|D649|Y|P292|N|Z560|Y|R4689|Y|||||W86|W86|Y| | | | | | | | | | | | | | | | | | | | | | |GZ3|30-Oct-2018|Z741|30-Oct-2018|Z1331|30-Oct-2018|Z1331|30-Oct-2018|F1990|30-Oct-2018|Z715|30-Oct-2018|||||||||||||||||||||||||||||||||||||||0|0||5|450|99408|3.0|2018-10-31T00:00:00|hospital_B|hospital_B_20181030
SYN_BENE_1D4F82605DC4|SYN_CLM_9DEBF12DE289|V|60|30-Oct-2018|30-Oct-2018|02-Nov-2018||3|491581|1|1|1|| |1526.24|0.0| ||49|1063523132| |9999868992| |9999868992|||0|1| |1526.24|30-Oct-2018|1|5|A|10|0.0|305.25|0|4|0.0|0.0|0|0|0|0|0|0|0|0|0|0|0|0|0|||||30-Oct-2018|951.0|0|0||Z608|Z608|Y|Y0703|N|G309|N|Z653|Y|N1830|Y|R801|N|N182|N|R809|N|G43719|Y|E785|Y|E1022|N|E1121|Y|E781|Y|R931|Y|E119|Y|I259|Y|E8881|Y|E669|Y|R7303|Y|D649|Y|P292|N|Z560|Y|R4689|Y|||||W86|W86|Y| | | | | | | | | | | | | | | | | | | | | | |GZ3|30-Oct-2018|Z741|30-Oct-2018|Z1331|30-Oct-2018|Z1331|30-Oct-2018|F1990|30-Oct-2018|Z715|30-Oct-2018|||||||||||||||||||||||||||||||||||||||0|0||6|450|99408|3.0|2018-10-31T00:00:00|hospital_B|hospital_B_20181030
