BENE_ID|CLM_ID|NCH_NEAR_LINE_REC_IDENT_CD|NCH_CLM_TYPE_CD|CLM_FROM_DT|CLM_THRU_DT|NCH_WKLY_PROC_DT|FI_CLM_PROC_DT|CLAIM_QUERY_CODE|PRVDR_NUM|CLM_FAC_TYPE_CD|CLM_SRVC_CLSFCTN_TYPE_CD|CLM_FREQ_CD|FI_NUM|CLM_MDCR_NON_PMT_RSN_CD|CLM_PMT_AMT|NCH_PRMRY_PYR_CLM_PD_AMT|NCH_PRMRY_PYR_CD|FI_CLM_ACTN_CD|PRVDR_STATE_CD|ORG_NPI_NUM|AT_PHYSN_UPIN|AT_PHYSN_NPI|OP_PHYSN_UPIN|OP_PHYSN_NPI|OT_PHYSN_UPIN|OT_PHYSN_NPI|CLM_MCO_PD_SW|PTNT_DSCHRG_STUS_CD|CLM_PPS_IND_CD|CLM_TOT_CHRG_AMT|CLM_ADMSN_DT|CLM_IP_ADMSN_TYPE_CD|CLM_SRC_IP_ADMSN_CD|NCH_PTNT_STATUS_IND_CD|CLM_PASS_THRU_PER_DIEM_AMT|NCH_BENE_IP_DDCTBL_AMT|NCH_BENE_PTA_COINSRNC_LBLTY_AM|NCH_BENE_BLOOD_DDCTBL_LBLTY_AM|NCH_PROFNL_CMPNT_CHRG_AMT|NCH_IP_NCVRD_CHRG_AMT|NCH_IP_TOT_DDCTN_AMT|CLM_TOT_PPS_CPTL_AMT|CLM_PPS_CPTL_FSP_AMT|CLM_PPS_CPTL_OUTLIER_AMT|CLM_PPS_CPTL_DSPRPRTNT_SHR_AMT|CLM_PPS_CPTL_IME_AMT|CLM_PPS_CPTL_EXCPTN_AMT|CLM_PPS_OLD_CPTL_HLD_HRMLS_AMT|CLM_PPS_CPTL_DRG_WT_NUM|CLM_UTLZTN_DAY_CNT|BENE_TOT_COINSRNC_DAYS_CNT|BENE_LRD_USED_CNT|CLM_NON_UTLZTN_DAYS_CNT|NCH_BLOOD_PNTS_FRNSHD_QTY|NCH_VRFD_NCVRD_STAY_FROM_DT|NCH_VRFD_NCVRD_STAY_THRU_DT|NCH_ACTV_OR_CVRD_LVL_CARE_THRU|NCH_BENE_MDCR_BNFTS_EXHTD_DT_I|NCH_BENE_DSCHRG_DT|CLM_DRG_CD|CLM_DRG_OUTLIER_STAY_CD|NCH_DRG_OUTLIER_APRVD_PMT_AMT|ADMTG_DGNS_CD|PRNCPAL_DGNS_CD|ICD_DGNS_CD1|CLM_POA_IND_SW1|ICD_DGNS_CD2|CLM_POA_IND_SW2|ICD_DGNS_CD3|CLM_POA_IND_SW3|ICD_DGNS_CD4|CLM_POA_IND_SW4|ICD_DGNS_CD5|CLM_POA_IND_SW5|ICD_DGNS_CD6|CLM_POA_IND_SW6|ICD_DGNS_CD7|CLM_POA_IND_SW7|ICD_DGNS_CD8|CLM_POA_IND_SW8|ICD_DGNS_CD9|CLM_POA_IND_SW9|ICD_DGNS_CD10|CLM_POA_IND_SW10|ICD_DGNS_CD11|CLM_POA_IND_SW11|ICD_DGNS_CD12|CLM_POA_IND_SW12|ICD_DGNS_CD13|CLM_POA_IND_SW13|ICD_DGNS_CD14|CLM_POA_IND_SW14|ICD_DGNS_CD15|CLM_POA_IND_SW15|ICD_DGNS_CD16|CLM_POA_IND_SW16|ICD_DGNS_CD17|CLM_POA_IND_SW17|ICD_DGNS_CD18|CLM_POA_IND_SW18|ICD_DGNS_CD19|CLM_POA_IND_SW19|ICD_DGNS_CD20|CLM_POA_IND_SW20|ICD_DGNS_CD21|CLM_POA_IND_SW21|ICD_DGNS_CD22|CLM_POA_IND_SW22|ICD_DGNS_CD23|CLM_POA_IND_SW23|ICD_DGNS_CD24|CLM_POA_IND_SW24|ICD_DGNS_CD25|CLM_POA_IND_SW25|FST_DGNS_E_CD|ICD_DGNS_E_CD1|CLM_E_POA_IND_SW1|ICD_DGNS_E_CD2|CLM_E_POA_IND_SW2|ICD_DGNS_E_CD3|CLM_E_POA_IND_SW3|ICD_DGNS_E_CD4|CLM_E_POA_IND_SW4|ICD_DGNS_E_CD5|CLM_E_POA_IND_SW5|ICD_DGNS_E_CD6|CLM_E_POA_IND_SW6|ICD_DGNS_E_CD7|CLM_E_POA_IND_SW7|ICD_DGNS_E_CD8|CLM_E_POA_IND_SW8|ICD_DGNS_E_CD9|CLM_E_POA_IND_SW9|ICD_DGNS_E_CD10|CLM_E_POA_IND_SW10|ICD_DGNS_E_CD11|CLM_E_POA_IND_SW11|ICD_DGNS_E_CD12|CLM_E_POA_IND_SW12|ICD_PRCDR_CD1|PRCDR_DT1|ICD_PRCDR_CD2|PRCDR_DT2|ICD_PRCDR_CD3|PRCDR_DT3|ICD_PRCDR_CD4|PRCDR_DT4|ICD_PRCDR_CD5|PRCDR_DT5|ICD_PRCDR_CD6|PRCDR_DT6|ICD_PRCDR_CD7|PRCDR_DT7|ICD_PRCDR_CD8|PRCDR_DT8|ICD_PRCDR_CD9|PRCDR_DT9|ICD_PRCDR_CD10|PRCDR_DT10|ICD_PRCDR_CD11|PRCDR_DT11|ICD_PRCDR_CD12|PRCDR_DT12|ICD_PRCDR_CD13|PRCDR_DT13|ICD_PRCDR_CD14|PRCDR_DT14|ICD_PRCDR_CD15|PRCDR_DT15|ICD_PRCDR_CD16|PRCDR_DT16|ICD_PRCDR_CD17|PRCDR_DT17|ICD_PRCDR_CD18|PRCDR_DT18|ICD_PRCDR_CD19|PRCDR_DT19|ICD_PRCDR_CD20|PRCDR_DT20|ICD_PRCDR_CD21|PRCDR_DT21|ICD_PRCDR_CD22|PRCDR_DT22|ICD_PRCDR_CD23|PRCDR_DT23|ICD_PRCDR_CD24|PRCDR_DT24|ICD_PRCDR_CD25|PRCDR_DT25|IME_OP_CLM_VAL_AMT|DSH_OP_CLM_VAL_AMT|CLM_UNCOMPD_CARE_PMT_AMT|CLM_LINE_NUM|REV_CNTR|HCPCS_CD|REV_CNTR_DDCTBL_COINSRNC_CD|ingestion_timestamp|hospital_id|batch_id
-10000010282387|-10000931260555|V|60|24-Nov-2020|24-Nov-2020|27-Nov-2020||3|491581|1|1|1|| |950.31|0.0| ||49|1063523132| |9999868992| |9999868992|||0|1| |950.31|24-Nov-2020|1|5|A|10|0.0|190.06|0|4|190.06|190.06|0|0|0|0|0|0|0|0|0|0|0|0|0|||||24-Nov-2020|949.0|0|0||T7432X|T7432X|N|F0280|N|Z653|Y|N1830|Y|E1129|Y|N182|Y|R809|N|G43719|Y|E785|Y|E1122|N|E1121|Y|E781|Y|R931|Y|E119|Y|I259|Y|E8881|Y|E669|Y|R7303|Y|D649|Y|P292|N|Z560|Y|Z9189|N|||||||Y07|Y07|U| | | | | | | | | | | | | | | | | | | | | | |Z741|24-Nov-2020|Z9181|24-Nov-2020|Z1331|24-Nov-2020|Z1331|24-Nov-2020|||||||||||||||||||||||||||||||||||||||||||0|0||1|450|96156|2.0|2020-11-25T00:00:00|hospital_B|hospital_B_20201124
-10000010282387|-10000931260555|V|60|24-Nov-2020|24-Nov-2020|27-Nov-2020||3|491581|1|1|1|| |950.31|0.0| ||49|1063523132| |9999868992| |9999868992|||0|1| |950.31|24-Nov-2020|1|5|A|10|0.0|190.06|0|4|190.06|190.06|0|0|0|0|0|0|0|0|0|0|0|0|0|||||24-Nov-2020|949.0|0|0||T7432X|T7432X|N|F0280|N|Z653|Y|N1830|Y|E1129|Y|N182|Y|R809|N|G43719|Y|E785|Y|E1122|N|E1121|Y|E781|Y|R931|Y|E119|Y|I259|Y|E8881|Y|E669|Y|R7303|Y|D649|Y|P292|N|Z560|Y|Z9189|N|||||||Y07|Y07|U| | | | | | | | | | | | | | | | | | | | | | |Z741|24-Nov-2020|Z9181|24-Nov-2020|Z1331|24-Nov-2020|Z1331|24-Nov-2020|||||||||||||||||||||||||||||||||||||||||||0|0||2|450|M1069|3.0|2020-11-25T00:00:00|hospital_B|hospital_B_20201124
-10000010282387|-10000931260555|V|60|24-Nov-2020|24-Nov-2020|27-Nov-2020||3|491581|1|1|1|| |950.31|0.0| ||49|1063523132| |9999868992| |9999868992|||0|1| |950.31|24-Nov-2020|1|5|A|10|0.0|190.06|0|4|190.06|190.06|0|0|0|0|0|0|0|0|0|0|0|0|0|||||24-Nov-2020|949.0|0|0||T7432X|T7432X|N|F0280|N|Z653|Y|N1830|Y|E1129|Y|N182|Y|R809|N|G43719|Y|E785|Y|E1122|N|E1121|Y|E781|Y|R931|Y|E119|Y|I259|Y|E8881|Y|E669|Y|R7303|Y|D649|Y|P292|N|Z560|Y|Z9189|N|||||||Y07|Y07|U| | | | | | | | | | | | | | | | | | | | | | |Z741|24-Nov-2020|Z9181|24-Nov-2020|Z1331|24-Nov-2020|Z1331|24-Nov-2020|||||||||||||||||||||||||||||||||||||||||||0|0||3|450|G0444|3.0|2020-11-25T00:00:00|hospital_B|hospital_B_20201124
-10000010282387|-10000931260555|V|60|24-Nov-2020|24-Nov-2020|27-Nov-2020||3|491581|1|1|1|| |950.31|0.0| ||49|1063523132| |9999868992| |9999868992|||0|1| |950.31|24-Nov-2020|1|5|A|10|0.0|190.06|0|4|190.06|190.06|0|0|0|0|0|0|0|0|0|0|0|0|0|||||24-Nov-2020|949.0|0|0||T7432X|T7432X|N|F0280|N|Z653|Y|N1830|Y|E1129|Y|N182|Y|R809|N|G43719|Y|E785|Y|E1122|N|E1121|Y|E781|Y|R931|Y|E119|Y|I259|Y|E8881|Y|E669|Y|R7303|Y|D649|Y|P292|N|Z560|Y|Z9189|N|||||||Y07|Y07|U| | | | | | | | | | | | | | | | | | | | | | |Z741|24-Nov-2020|Z9181|24-Nov-2020|Z1331|24-Nov-2020|Z1331|24-Nov-2020|||||||||||||||||||||||||||||||||||||||||||0|0||4|450|G0444|3.0|2020-11-25T00:00:00|hospital_B|hospital_B_20201124
SYN_BENE_EF96237432C0|SYN_CLM_254C4636DB40|V|60|24-Nov-2020|24-Nov-2020|27-Nov-2020||3|491581|1|1|1|| |950.31|0.0| ||49|1063523132| |9999868992| |9999868992|||0|1| |950.31|24-Nov-2020|1|5|A|10|0.0|190.06|0|4|190.06|190.06|0|0|0|0|0|0|0|0|0|0|0|0|0|||||24-Nov-2020|949.0|0|0||T7432X|T7432X|N|F0280|N|Z653|Y|N1830|Y|E1129|Y|N182|Y|R809|N|G43719|Y|E785|Y|E1122|N|E1121|Y|E781|Y|R931|Y|E119|Y|I259|Y|E8881|Y|E669|Y|R7303|Y|D649|Y|P292|N|Z560|Y|Z9189|N|||||||Y07|Y07|U| | | | | | | | | | | | | | | | | | | | | | |Z741|24-Nov-2020|Z9181|24-Nov-2020|Z1331|24-Nov-2020|Z1331|24-Nov-2020|||||||||||||||||||||||||||||||||||||||||||0|0||1|450|96156|2.0|2020-11-25T00:00:00|hospital_B|hospital_B_20201124
SYN_BENE_EF96237432C0|SYN_CLM_254C4636DB40|V|60|24-Nov-2020|24-Nov-2020|27-Nov-2020||3|491581|1|1|1|| |950.31|0.0| ||49|1063523132| |9999868992| |9999868992|||0|1| |950.31|24-Nov-2020|1|5|A|10|0.0|190.06|0|4|190.06|190.06|0|0|0|0|0|0|0|0|0|0|0|0|0|||||24-Nov-2020|949.0|0|0||T7432X|T7432X|N|F0280|N|Z653|Y|N1830|Y|E1129|Y|N182|Y|R809|N|G43719|Y|E785|Y|E1122|N|E1121|Y|E781|Y|R931|Y|E119|Y|I259|Y|E8881|Y|E669|Y|R7303|Y|D649|Y|P292|N|Z560|Y|Z9189|N|||||||Y07|Y07|U| | | | | | | | | | | | | | | | | | | | | | |Z741|24-Nov-2020|Z9181|24-Nov-2020|Z1331|24-Nov-2020|Z1331|24-Nov-2020|||||||||||||||||||||||||||||||||||||||||||0|0||2|450|M1069|3.0|2020-11-25T00:00:00|hospital_B|hospital_B_20201124
SYN_BENE_EF96237432C0|SYN_CLM_254C4636DB40|V|60|24-Nov-2020|24-Nov-2020|27-Nov-2020||3|491581|1|1|1|| |950.31|0.0| ||49|1063523132| |9999868992| |9999868992|||0|1| |950.31|24-Nov-2020|1|5|A|10|0.0|190.06|0|4|190.06|190.06|0|0|0|0|0|0|0|0|0|0|0|0|0|||||24-Nov-2020|949.0|0|0||T7432X|T7432X|N|F0280|N|Z653|Y|N1830|Y|E1129|Y|N182|Y|R809|N|G43719|Y|E785|Y|E1122|N|E1121|Y|E781|Y|R931|Y|E119|Y|I259|Y|E8881|Y|E669|Y|R7303|Y|D649|Y|P292|N|Z560|Y|Z9189|N|||||||Y07|Y07|U| | | | | | | | | | | | | | | | | | | | | | |Z741|24-Nov-2020|Z9181|24-Nov-2020|Z1331|24-Nov-2020|Z1331|24-Nov-2020|||||||||||||||||||||||||||||||||||||||||||0|0||3|450|G0444|3.0|2020-11-25T00:00:00|hospital_B|hospital_B_20201124
SYN_BENE_EF96237432C0|SYN_CLM_254C4636DB40|V|60|24-Nov-2020|24-Nov-2020|27-Nov-2020||3|491581|1|1|1|| |950.31|0.0| ||49|1063523132| |9999868992| |9999868992|||0|1| |950.31|24-Nov-2020|1|5|A|10|0.0|190.06|0|4|190.06|190.06|0|0|0|0|0|0|0|0|0|0|0|0|0|||||24-Nov-2020|949.0|0|0||T7432X|T7432X|N|F0280|N|Z653|Y|N1830|Y|E1129|Y|N182|Y|R809|N|G43719|Y|E785|Y|E1122|N|E1121|Y|E781|Y|R931|Y|E119|Y|I259|Y|E8881|Y|E669|Y|R7303|Y|D649|Y|P292|N|Z560|Y|Z9189|N|||||||Y07|Y07|U| | | | | | | | | | | | | | | | | | | | | | |Z741|24-Nov-2020|Z9181|24-Nov-2020|Z1331|24-Nov-2020|Z1331|24-Nov-2020|||||||||||||||||||||||||||||||||||||||||||0|0||4|450|G0444|3.0|2020-11-25T00:00:00|hospital_B|hospital_B_20201124
SYN_BENE_4B164D91FD9D|SYN_CLM_108F0F25185B|V|60|24-Nov-2020|24-Nov-2020|27-Nov-2020||3|491581|1|1|1|| |950.31|0.0| ||49|1063523132| |9999868992| |9999868992|||0|1| |950.31|24-Nov-2020|1|5|A|10|0.0|190.06|0|4|190.06|190.06|0|0|0|0|0|0|0|0|0|0|0|0|0|||||24-Nov-2020|949.0|0|0||T7432X|T7432X|N|F0280|N|Z653|Y|N1830|Y|E1129|Y|N182|Y|R809|N|G43719|Y|E785|Y|E1122|N|E1121|Y|E781|Y|R931|Y|E119|Y|I259|Y|E8881|Y|E669|Y|R7303|Y|D649|Y|P292|N|Z560|Y|Z9189|N|||||||Y07|Y07|U| | | | | | | | | | | | | | | | | | | | | | |Z741|24-Nov-2020|Z9181|24-Nov-2020|Z1331|24-Nov-2020|Z1331|24-Nov-2020|||||||||||||||||||||||||||||||||||||||||||0|0||1|450|96156|2.0|2020-11-25T00:00:00|hospital_B|hospital_B_20201124
SYN_BENE_4B164D91FD9D|SYN_CLM_108F0F25185B|V|60|24-Nov-2020|24-Nov-2020|27-Nov-2020||3|491581|1|1|1|| |950.31|0.0| ||49|1063523132| |9999868992| |9999868992|||0|1| |950.31|24-Nov-2020|1|5|A|10|0.0|190.06|0|4|190.06|190.06|0|0|0|0|0|0|0|0|0|0|0|0|0|||||24-Nov-2020|949.0|0|0||T7432X|T7432X|N|F0280|N|Z653|Y|N1830|Y|E1129|Y|N182|Y|R809|N|G43719|Y|E785|Y|E1122|N|E1121|Y|E781|Y|R931|Y|E119|Y|I259|Y|E8881|Y|E669|Y|R7303|Y|D649|Y|P292|N|Z560|Y|Z9189|N|||||||Y07|Y07|U| | | | | | | | | | | | | | | | | | | | | | |Z741|24-Nov-2020|Z9181|24-Nov-2020|Z1331|24-Nov-2020|Z1331|24-Nov-2020|||||||||||||||||||||||||||||||||||||||||||0|0||2|450|M1069|3.0|2020-11-25T00:00:00|hospital_B|hospital_B_20201124
SYN_BENE_4B164D91FD9D|SYN_CLM_108F0F25185B|V|60|24-Nov-2020|24-Nov-2020|27-Nov-2020||3|491581|1|1|1|| |950.31|0.0| ||49|1063523132| |9999868992| |9999868992|||0|1| |950.31|24-Nov-2020|1|5|A|10|0.0|190.06|0|4|190.06|190.06|0|0|0|0|0|0|0|0|0|0|0|0|0|||||24-Nov-2020|949.0|0|0||T7432X|T7432X|N|F0280|N|Z653|Y|N1830|Y|E1129|Y|N182|Y|R809|N|G43719|Y|E785|Y|E1122|N|E1121|Y|E781|Y|R931|Y|E119|Y|I259|Y|E8881|Y|E669|Y|R7303|Y|D649|Y|P292|N|Z560|Y|Z9189|N|||||||Y07|Y07|U| | | | | | | | | | | | | | | | | | | | | | |Z741|24-Nov-2020|Z9181|24-Nov-2020|Z1331|24-Nov-2020|Z1331|24-Nov-2020|||||||||||||||||||||||||||||||||||||||||||0|0||3|450|G0444|3.0|2020-11-25T00:00:00|hospital_B|hospital_B_20201124
SYN_BENE_4B164D91FD9D|SYN_CLM_108F0F25185B|V|60|24-Nov-2020|24-Nov-2020|27-Nov-2020||3|491581|1|1|1|| |950.31|0.0| ||49|1063523132| |9999868992| |9999868992|||0|1| |950.31|24-Nov-2020|1|5|A|10|0.0|190.06|0|4|190.06|190.06|0|0|0|0|0|0|0|0|0|0|0|0|0|||||24-Nov-2020|949.0|0|0||T7432X|T7432X|N|F0280|N|Z653|Y|N1830|Y|E1129|Y|N182|Y|R809|N|G43719|Y|E785|Y|E1122|N|E1121|Y|E781|Y|R931|Y|E119|Y|I259|Y|E8881|Y|E669|Y|R7303|Y|D649|Y|P292|N|Z560|Y|Z9189|N|||||||Y07|Y07|U| | | | | | | | | | | | | | | | | | | | | | |Z741|24-Nov-2020|Z9181|24-Nov-2020|Z1331|24-Nov-2020|Z1331|24-Nov-2020|||||||||||||||||||||||||||||||||||||||||||0|0||4|450|G0444|3.0|2020-11-25T00:00:00|hospital_B|hospital_B_20201124
SYN_BENE_4936A71D729A|SYN_CLM_B36B19637BBA|V|60|24-Nov-2020|24-Nov-2020|27-Nov-2020||3|491581|1|1|1|| |950.31|0.0| ||49|1063523132| |9999868992| |9999868992|||0|1| |950.31|24-Nov-2020|1|5|A|10|0.0|190.06|0|4|190.06|190.06|0|0|0|0|0|0|0|0|0|0|0|0|0|||||24-Nov-2020|949.0|0|0||T7432X|T7432X|N|F0280|N|Z653|Y|N1830|Y|E1129|Y|N182|Y|R809|N|G43719|Y|E785|Y|E1122|N|E1121|Y|E781|Y|R931|Y|E119|Y|I259|Y|E8881|Y|E669|Y|R7303|Y|D649|Y|P292|N|Z560|Y|Z9189|N|||||||Y07|Y07|U| | | | | | | | | | | | | | | | | | | | | | |Z741|24-Nov-2020|Z9181|24-Nov-2020|Z1331|24-Nov-2020|Z1331|24-Nov-2020|||||||||||||||||||||||||||||||||||||||||||0|0||1|450|96156|2.0|2020-11-25T00:00:00|hospital_B|hospital_B_20201124
SYN_BENE_4936A71D729A|SYN_CLM_B36B19637BBA|V|60|24-Nov-2020|24-Nov-2020|27-Nov-2020||3|491581|1|1|1|| |950.31|0.0| ||49|1063523132| |9999868992| |9999868992|||0|1| |950.31|24-Nov-2020|1|5|A|10|0.0|190.06|0|4|190.06|190.06|0|0|0|0|0|0|0|0|0|0|0|0|0|||||24-Nov-2020|949.0|0|0||T7432X|T7432X|N|F0280|N|Z653|Y|N1830|Y|E1129|Y|N182|Y|R809|N|G43719|Y|E785|Y|E1122|N|E1121|Y|E781|Y|R931|Y|E119|Y|I259|Y|E8881|Y|E669|Y|R7303|Y|D649|Y|P292|N|Z560|Y|Z9189|N|||||||Y07|Y07|U| | | | | | | | | | | | | | | | | | | | | | |Z741|24-Nov-2020|Z9181|24-Nov-2020|Z1331|24-Nov-2020|Z1331|24-Nov-2020|||||||||||||||||||||||||||||||||||||||||||0|0||2|450|M1069|3.0|2020-11-25T00:00:00|hospital_B|hospital_B_20201124
SYN_BENE_4936A71D729A|SYN_CLM_B36B19637BBA|V|60|24-Nov-2020|24-Nov-2020|27-Nov-2020||3|491581|1|1|1|| |950.31|0.0| ||49|1063523132| |9999868992| |9999868992|||0|1| |950.31|24-Nov-2020|1|5|A|10|0.0|190.06|0|4|190.06|190.06|0|0|0|0|0|0|0|0|0|0|0|0|0|||||24-Nov-2020|949.0|0|0||T7432X|T7432X|N|F0280|N|Z653|Y|N1830|Y|E1129|Y|N182|Y|R809|N|G43719|Y|E785|Y|E1122|N|E1121|Y|E781|Y|R931|Y|E119|Y|I259|Y|E8881|Y|E669|Y|R7303|Y|D649|Y|P292|N|Z560|Y|Z9189|N|||||||Y07|Y07|U| | | | | | | | | | | | | | | | | | | | | | |Z741|24-Nov-2020|Z9181|24-Nov-2020|Z1331|24-Nov-2020|Z1331|24-Nov-2020|||||||||||||||||||||||||||||||||||||||||||0|0||3|450|G0444|3.0|2020-11-25T00:00:00|hospital_B|hospital_B_20201124
SYN_BENE_4936A71D729A|SYN_CLM_B36B19637BBA|V|60|24-Nov-2020|24-Nov-2020|27-Nov-2020||3|491581|1|1|1|| |950.31|0.0| ||49|1063523132| |9999868992| |9999868992|||0|1| |950.31|24-Nov-2020|1|5|A|10|0.0|190.06|0|4|190.06|190.06|0|0|0|0|0|0|0|0|0|0|0|0|0|||||24-Nov-2020|949.0|0|0||T7432X|T7432X|N|F0280|N|Z653|Y|N1830|Y|E1129|Y|N182|Y|R809|N|G43719|Y|E785|Y|E1122|N|E1121|Y|E781|Y|R931|Y|E119|Y|I259|Y|E8881|Y|E669|Y|R7303|Y|D649|Y|P292|N|Z560|Y|Z9189|N|||||||Y07|Y07|U| | | | | | | | | | | | | | | | | | | | | | |Z741|24-Nov-2020|Z9181|24-Nov-2020|Z1331|24-Nov-2020|Z1331|24-Nov-2020|||||||||||||||||||||||||||||||||||||||||||0|0||4|450|G0444|3.0|2020-11-25T00:00:00|hospital_B|hospital_B_20201124
SYN_BENE_0BCFA7A6F5BC|SYN_CLM_8987182161C3|V|60|24-Nov-2020|24-Nov-2020|27-Nov-2020||3|491581|1|1|1|| |950.31|0.0| ||49|1063523132| |9999868992| |9999868992|||0|1| |950.31|24-Nov-2020|1|5|A|10|0.0|190.06|0|4|190.06|190.06|0|0|0|0|0|0|0|0|0|0|0|0|0|||||24-Nov-2020|949.0|0|0||T7432X|T7432X|N|F0280|N|Z653|Y|N1830|Y|E1129|Y|N182|Y|R809|N|G43719|Y|E785|Y|E1122|N|E1121|Y|E781|Y|R931|Y|E119|Y|I259|Y|E8881|Y|E669|Y|R7303|Y|D649|Y|P292|N|Z560|Y|Z9189|N|||||||Y07|Y07|U| | | | | | | | | | | | | | | | | | | | | | |Z741|24-Nov-2020|Z9181|24-Nov-2020|Z1331|24-Nov-2020|Z1331|24-Nov-2020|||||||||||||||||||||||||||||||||||||||||||0|0||1|450|96156|2.0|2020-11-25T00:00:00|hospital_B|hospital_B_20201124
SYN_BENE_0BCFA7A6F5BC|SYN_CLM_8987182161C3|V|60|24-Nov-2020|24-Nov-2020|27-Nov-2020||3|491581|1|1|1|| |950.31|0.0| ||49|1063523132| |9999868992| |9999868992|||0|1| |950.31|24-Nov-2020|1|5|A|10|0.0|190.06|0|4|190.06|190.06|0|0|0|0|0|0|0|0|0|0|0|0|0|||||24-Nov-2020|949.0|0|0||T7432X|T7432X|N|F0280|N|Z653|Y|N1830|Y|E1129|Y|N182|Y|R809|N|G43719|Y|E785|Y|E1122|N|E1121|Y|E781|Y|R931|Y|E119|Y|I259|Y|E8881|Y|E669|Y|R7303|Y|D649|Y|P292|N|Z560|Y|Z9189|N|||||||Y07|Y07|U| | | | | | | | | | | | | | | | | | | | | | |Z741|24-Nov-2020|Z9181|24-Nov-2020|Z1331|24-Nov-2020|Z1331|24-Nov-2020|||||||||||||||||||||||||||||||||||||||||||0|0||2|450|M1069|3.0|2020-11-25T00:00:00|hospital_B|hospital_B_20201124
SYN_BENE_0BCFA7A6F5BC|SYN_CLM_8987182161C3|V|60|24-Nov-2020|24-Nov-2020|27-Nov-2020||3|491581|1|1|1|| |950.31|0.0| ||49|1063523132| |9999868992| |9999868992|||0|1| |950.31|24-Nov-2020|1|5|A|10|0.0|190.06|0|4|190.06|190.06|0|0|0|0|0|0|0|0|0|0|0|0|0|||||24-Nov-2020|949.0|0|0||T7432X|T7432X|N|F0280|N|Z653|Y|N1830|Y|E1129|Y|N182|Y|R809|N|G43719|Y|E785|Y|E1122|N|E1121|Y|E781|Y|R931|Y|E119|Y|I259|Y|E8881|Y|E669|Y|R7303|Y|D649|Y|P292|N|Z560|Y|Z9189|N|||||||Y07|Y07|U| | | | | | | | | | | | | | | | | | | | | | |Z741|24-Nov-2020|Z9181|24-Nov-2020|Z1331|24-Nov-2020|Z1331|24-Nov-2020|||||||||||||||||||||||||||||||||||||||||||0|0||3|450|G0444|3.0|2020-11-25T00:00:00|hospital_B|hospital_B_20201124
SYN_BENE_0BCFA7A6F5BC|SYN_CLM_8987182161C3|V|60|24-Nov-2020|24-Nov-2020|27-Nov-2020||3|491581|1|1|1|| |950.31|0.0| ||49|1063523132| |9999868992| |9999868992|||0|1| |950.31|24-Nov-2020|1|5|A|10|0.0|190.06|0|4|190.06|190.06|0|0|0|0|0|0|0|0|0|0|0|0|0|||||24-Nov-2020|949.0|0|0||T7432X|T7432X|N|F0280|N|Z653|Y|N1830|Y|E1129|Y|N182|Y|R809|N|G43719|Y|E785|Y|E1122|N|E1121|Y|E781|Y|R931|Y|E119|Y|I259|Y|E8881|Y|E669|Y|R7303|Y|D649|Y|P292|N|Z560|Y|Z9189|N|||||||Y07|Y07|U| | | | | | | | | | | | | | | | | | | | | | |Z741|24-Nov-2020|Z9181|24-Nov-2020|Z1331|24-Nov-2020|Z1331|24-Nov-2020|||||||||||||||||||||||||||||||||||||||||||0|0||4|450|G0444|3.0|2020-11-25T00:00:00|hospital_B|hospital_B_20201124
SYN_BENE_31C205A6F86A|SYN_CLM_DF62FC3F8A38|V|60|24-Nov-2020|24-Nov-2020|27-Nov-2020||3|491581|1|1|1|| |950.31|0.0| ||49|1063523132| |9999868992| |9999868992|||0|1| |950.31|24-Nov-2020|1|5|A|10|0.0|190.06|0|4|190.06|190.06|0|0|0|0|0|0|0|0|0|0|0|0|0|||||24-Nov-2020|949.0|0|0||T7432X|T7432X|N|F0280|N|Z653|Y|N1830|Y|E1129|Y|N182|Y|R809|N|G43719|Y|E785|Y|E1122|N|E1121|Y|E781|Y|R931|Y|E119|Y|I259|Y|E8881|Y|E669|Y|R7303|Y|D649|Y|P292|N|Z560|Y|Z9189|N|||||||Y07|Y07|U| | | | | | | | | | | | | | | | | | | | | | |Z741|24-Nov-2020|Z9181|24-Nov-2020|Z1331|24-Nov-2020|Z1331|24-Nov-2020|||||||||||||||||||||||||||||||||||||||||||0|0||1|450|96156|2.0|2020-11-25T00:00:00|hospital_B|hospital_B_20201124
SYN_BENE_31C205A6F86A|SYN_CLM_DF62FC3F8A38|V|60|24-Nov-2020|24-Nov-2020|27-Nov-2020||3|491581|1|1|1|| |950.31|0.0| ||49|1063523132| |9999868992| |9999868992|||0|1| |950.31|24-Nov-2020|1|5|A|10|0.0|190.06|0|4|190.06|190.06|0|0|0|0|0|0|0|0|0|0|0|0|0|||||24-Nov-2020|949.0|0|0||T7432X|T7432X|N|F0280|N|Z653|Y|N1830|Y|E1129|Y|N182|Y|R809|N|G43719|Y|E785|Y|E1122|N|E1121|Y|E781|Y|R931|Y|E119|Y|I259|Y|E8881|Y|E669|Y|R7303|Y|D649|Y|P292|N|Z560|Y|Z9189|N|||||||Y07|Y07|U| | | | | | | | | | | | | | | | | | | | | | |Z741|24-Nov-2020|Z9181|24-Nov-2020|Z1331|24-Nov-2020|Z1331|24-Nov-2020|||||||||||||||||||||||||||||||||||||||||||0|0||2|450|M1069|3.0|2020-11-25T00:00:00|hospital_B|hospital_B_20201124
SYN_BENE_31C205A6F86A|SYN_CLM_DF62FC3F8A38|V|60|24-Nov-2020|24-Nov-2020|27-Nov-2020||3|491581|1|1|1|| |950.31|0.0| ||49|1063523132| |9999868992| |9999868992|||0|1| |950.31|24-Nov-2020|1|5|A|10|0.0|190.06|0|4|190.06|190.06|0|0|0|0|0|0|0|0|0|0|0|0|0|||||24-Nov-2020|949.0|0|0||T7432X|T7432X|N|F0280|N|Z653|Y|N1830|Y|E1129|Y|N182|Y|R809|N|G43719|Y|E785|Y|E1122|N|E1121|Y|E781|Y|R931|Y|E119|Y|I259|Y|E8881|Y|E669|Y|R7303|Y|D649|Y|P292|N|Z560|Y|Z9189|N|||||||Y07|Y07|U| | | | | | | | | | | | | | | | | | | | | | |Z741|24-Nov-2020|Z9181|24-Nov-2020|Z1331|24-Nov-2020|Z1331|24-Nov-2020|||||||||||||||||||||||||||||||||||||||||||0|0||3|450|G0444|3.0|2020-11-25T00:00:00|hospital_B|hospital_B_20201124
SYN_BENE_31C205A6F86A|SYN_CLM_DF62FC3F8A38|V|60|24-Nov-2020|24-Nov-2020|27-Nov-2020||3|491581|1|1|1|| |950.31|0.0| ||49|1063523132| |9999868992| |9999868992|||0|1| |950.31|24-Nov-2020|1|5|A|10|0.0|190.06|0|4|190.06|190.06|0|0|0|0|0|0|0|0|0|0|0|0|0|||||24-Nov-2020|949.0|0|0||T7432X|T7432X|N|F0280|N|Z653|Y|N1830|Y|E1129|Y|N182|Y|R809|N|G43719|Y|E785|Y|E1122|N|E1121|Y|E781|Y|R931|Y|E119|Y|I259|Y|E8881|Y|E669|Y|R7303|Y|D649|Y|P292|N|Z560|Y|Z9189|N|||||||Y07|Y07|U| | | | | | | | | | | | | | | | | | | | | | |Z741|24-Nov-2020|Z9181|24-Nov-2020|Z1331|24-Nov-2020|Z1331|24-Nov-2020|||||||||||||||||||||||||||||||||||||||||||0|0||4|450|G0444|3.0|2020-11-25T00:00:00|hospital_B|hospital_B_20201124
SYN_BENE_5499E484E5B4|SYN_CLM_14EA62ED0637|V|60|24-Nov-2020|24-Nov-2020|27-Nov-2020||3|491581|1|1|1|| |950.31|0.0| ||49|1063523132| |9999868992| |9999868992|||0|1| |950.31|24-Nov-2020|1|5|A|10|0.0|190.06|0|4|190.06|190.06|0|0|0|0|0|0|0|0|0|0|0|0|0|||||24-Nov-2020|949.0|0|0||T7432X|T7432X|N|F0280|N|Z653|Y|N1830|Y|E1129|Y|N182|Y|R809|N|G43719|Y|E785|Y|E1122|N|E1121|Y|E781|Y|R931|Y|E119|Y|I259|Y|E8881|Y|E669|Y|R7303|Y|D649|Y|P292|N|Z560|Y|Z9189|N|||||||Y07|Y07|U| | | | | | | | | | | | | | | | | | | | | | |Z741|24-Nov-2020|Z9181|24-Nov-2020|Z1331|24-Nov-2020|Z1331|24-Nov-2020|||||||||||||||||||||||||||||||||||||||||||0|0||1|450|96156|2.0|2020-11-25T00:00:00|hospital_B|hospital_B_20201124
SYN_BENE_5499E484E5B4|SYN_CLM_14EA62ED0637|V|60|24-Nov-2020|24-Nov-2020|27-Nov-2020||3|491581|1|1|1|| |950.31|0.0| ||49|1063523132| |9999868992| |9999868992|||0|1| |950.31|24-Nov-2020|1|5|A|10|0.0|190.06|0|4|190.06|190.06|0|0|0|0|0|0|0|0|0|0|0|0|0|||||24-Nov-2020|949.0|0|0||T7432X|T7432X|N|F0280|N|Z653|Y|N1830|Y|E1129|Y|N182|Y|R809|N|G43719|Y|E785|Y|E1122|N|E1121|Y|E781|Y|R931|Y|E119|Y|I259|Y|E8881|Y|E669|Y|R7303|Y|D649|Y|P292|N|Z560|Y|Z9189|N|||||||Y07|Y07|U| | | | | | | | | | | | | | | | | | | | | | |Z741|24-Nov-2020|Z9181|24-Nov-2020|Z1331|24-Nov-2020|Z1331|24-Nov-2020|||||||||||||||||||||||||||||||||||||||||||0|0||2|450|M1069|3.0|2020-11-25T00:00:00|hospital_B|hospital_B_20201124
SYN_BENE_5499E484E5B4|SYN_CLM_14EA62ED0637|V|60|24-Nov-2020|24-Nov-2020|27-Nov-2020||3|491581|1|1|1|| |950.31|0.0| ||49|1063523132| |9999868992| |9999868992|||0|1| |950.31|24-Nov-2020|1|5|A|10|0.0|190.06|0|4|190.06|190.06|0|0|0|0|0|0|0|0|0|0|0|0|0|||||24-Nov-2020|949.0|0|0||T7432X|T7432X|N|F0280|N|Z653|Y|N1830|Y|E1129|Y|N182|Y|R809|N|G43719|Y|E785|Y|E1122|N|E1121|Y|E781|Y|R931|Y|E119|Y|I259|Y|E8881|Y|E669|Y|R7303|Y|D649|Y|P292|N|Z560|Y|Z9189|N|||||||Y07|Y07|U| | | | | | | | | | | | | | | | | | | | | | |Z741|24-Nov-2020|Z9181|24-Nov-2020|Z1331|24-Nov-2020|Z1331|24-Nov-2020|||||||||||||||||||||||||||||||||||||||||||0|0||3|450|G0444|3.0|2020-11-25T00:00:00|hospital_B|hospital_B_20201124
SYN_BENE_5499E484E5B4|SYN_CLM_14EA62ED0637|V|60|24-Nov-2020|24-Nov-2020|27-Nov-2020||3|491581|1|1|1|| |950.31|0.0| ||49|1063523132| |9999868992| |9999868992|||0|1| |950.31|24-Nov-2020|1|5|A|10|0.0|190.06|0|4|190.06|190.06|0|0|0|0|0|0|0|0|0|0|0|0|0|||||24-Nov-2020|949.0|0|0||T7432X|T7432X|N|F0280|N|Z653|Y|N1830|Y|E1129|Y|N182|Y|R809|N|G43719|Y|E785|Y|E1122|N|E1121|Y|E781|Y|R931|Y|E119|Y|I259|Y|E8881|Y|E669|Y|R7303|Y|D649|Y|P292|N|Z560|Y|Z9189|N|||||||Y07|Y07|U| | | | | | | | | | | | | | | | | | | | | | |Z741|24-Nov-2020|Z9181|24-Nov-2020|Z1331|24-Nov-2020|Z1331|24-Nov-2020|||||||||||||||||||||||||||||||||||||||||||0|0||4|450|G0444|3.0|2020-11-25T00:00:00|hospital_B|hospital_B_20201124
SYN_BENE_FF7765D2F490|SYN_CLM_6F0E93E7BBDE|V|60|24-Nov-2020|24-Nov-2020|27-Nov-2020||3|491581|1|1|1|| |950.31|0.0| ||49|1063523132| |9999868992| |9999868992|||0|1| |950.31|24-Nov-2020|1|5|A|10|0.0|190.06|0|4|190.06|190.06|0|0|0|0|0|0|0|0|0|0|0|0|0|||||24-Nov-2020|949.0|0|0||T7432X|T7432X|N|F0280|N|Z653|Y|N1830|Y|E1129|Y|N182|Y|R809|N|G43719|Y|E785|Y|E1122|N|E1121|Y|E781|Y|R931|Y|E119|Y|I259|Y|E8881|Y|E669|Y|R7303|Y|D649|Y|P292|N|Z560|Y|Z9189|N|||||||Y07|Y07|U| | | | | | | | | | | | | | | | | | | | | | |Z741|24-Nov-2020|Z9181|24-Nov-2020|Z1331|24-Nov-2020|Z1331|24-Nov-2020|||||||||||||||||||||||||||||||||||||||||||0|0||1|450|96156|2.0|2020-11-25T00:00:00|hospital_B|hospital_B_20201124
SYN_BENE_FF7765D2F490|SYN_CLM_6F0E93E7BBDE|V|60|24-Nov-2020|24-Nov-2020|27-Nov-2020||3|491581|1|1|1|| |950.31|0.0| ||49|1063523132| |9999868992| |9999868992|||0|1| |950.31|24-Nov-2020|1|5|A|10|0.0|190.06|0|4|190.06|190.06|0|0|0|0|0|0|0|0|0|0|0|0|0|||||24-Nov-2020|949.0|0|0||T7432X|T7432X|N|F0280|N|Z653|Y|N1830|Y|E1129|Y|N182|Y|R809|N|G43719|Y|E785|Y|E1122|N|E1121|Y|E781|Y|R931|Y|E119|Y|I259|Y|E8881|Y|E669|Y|R7303|Y|D649|Y|P292|N|Z560|Y|Z9189|N|||||||Y07|Y07|U| | | | | | | | | | | | | | | | | | | | | | |Z741|24-Nov-2020|Z9181|24-Nov-2020|Z1331|24-Nov-2020|Z1331|24-Nov-2020|||||||||||||||||||||||||||||||||||||||||||0|0||2|450|M1069|3.0|2020-11-25T00:00:00|hospital_B|hospital_B_20201124
SYN_BENE_FF7765D2F490|SYN_CLM_6F0E93E7BBDE|V|60|24-Nov-2020|24-Nov-2020|27-Nov-2020||3|491581|1|1|1|| |950.31|0.0| ||49|1063523132| |9999868992| |9999868992|||0|1| |950.31|24-Nov-2020|1|5|A|10|0.0|190.06|0|4|190.06|190.06|0|0|0|0|0|0|0|0|0|0|0|0|0|||||24-Nov-2020|949.0|0|0||T7432X|T7432X|N|F0280|N|Z653|Y|N1830|Y|E1129|Y|N182|Y|R809|N|G43719|Y|E785|Y|E1122|N|E1121|Y|E781|Y|R931|Y|E119|Y|I259|Y|E8881|Y|E669|Y|R7303|Y|D649|Y|P292|N|Z560|Y|Z9189|N|||||||Y07|Y07|U| | | | | | | | | | | | | | | | | | | | | | |Z741|24-Nov-2020|Z9181|24-Nov-2020|Z1331|24-Nov-2020|Z1331|24-Nov-2020|||||||||||||||||||||||||||||||||||||||||||0|0||3|450|G0444|3.0|2020-11-25T00:00:00|hospital_B|hospital_B_20201124
SYN_BENE_FF7765D2F490|SYN_CLM_6F0E93E7BBDE|V|60|24-Nov-2020|24-Nov-2020|27-Nov-2020||3|491581|1|1|1|| |950.31|0.0| ||49|1063523132| |9999868992| |9999868992|||0|1| |950.31|24-Nov-2020|1|5|A|10|0.0|190.06|0|4|190.06|190.06|0|0|0|0|0|0|0|0|0|0|0|0|0|||||24-Nov-2020|949.0|0|0||T7432X|T7432X|N|F0280|N|Z653|Y|N1830|Y|E1129|Y|N182|Y|R809|N|G43719|Y|E785|Y|E1122|N|E1121|Y|E781|Y|R931|Y|E119|Y|I259|Y|E8881|Y|E669|Y|R7303|Y|D649|Y|P292|N|Z560|Y|Z9189|N|||||||Y07|Y07|U| | | | | | | | | | | | | | | | | | | | | | |Z741|24-Nov-2020|Z9181|24-Nov-2020|Z1331|24-Nov-2020|Z1331|24-Nov-2020|||||||||||||||||||||||||||||||||||||||||||0|0||4|450|G0444|3.0|2020-11-25T00:00:00|hospital_B|hospital_B_20201124
SYN_BENE_0F1EFC128EDC|SYN_CLM_596E62263BF9|V|60|24-Nov-2020|24-Nov-2020|27-Nov-2020||3|491581|1|1|1|| |950.31|0.0| ||49|1063523132| |9999868992| |9999868992|||0|1| |950.31|24-Nov-2020|1|5|A|10|0.0|190.06|0|4|190.06|190.06|0|0|0|0|0|0|0|0|0|0|0|0|0|||||24-Nov-2020|949.0|0|0||T7432X|T7432X|N|F0280|N|Z653|Y|N1830|Y|E1129|Y|N182|Y|R809|N|G43719|Y|E785|Y|E1122|N|E1121|Y|E781|Y|R931|Y|E119|Y|I259|Y|E8881|Y|E669|Y|R7303|Y|D649|Y|P292|N|Z560|Y|Z9189|N|||||||Y07|Y07|U| | | | | | | | | | | | | | | | | | | | | | |Z741|24-Nov-2020|Z9181|24-Nov-2020|Z1331|24-Nov-2020|Z1331|24-Nov-2020|||||||||||||||||||||||||||||||||||||||||||0|0||1|450|96156|2.0|2020-11-25T00:00:00|hospital_B|hospital_B_20201124
SYN_BENE_0F1EFC128EDC|SYN_CLM_596E62263BF9|V|60|24-Nov-2020|24-Nov-2020|27-Nov-2020||3|491581|1|1|1|| |950.31|0.0| ||49|1063523132| |9999868992| |9999868992|||0|1| |950.31|24-Nov-2020|1|5|A|10|0.0|190.06|0|4|190.06|190.06|0|0|0|0|0|0|0|0|0|0|0|0|0|||||24-Nov-2020|949.0|0|0||T7432X|T7432X|N|F0280|N|Z653|Y|N1830|Y|E1129|Y|N182|Y|R809|N|G43719|Y|E785|Y|E1122|N|E1121|Y|E781|Y|R931|Y|E119|Y|I259|Y|E8881|Y|E669|Y|R7303|Y|D649|Y|P292|N|Z560|Y|Z9189|N|||||||Y07|Y07|U| | | | | | | | | | | | | | | | | | | | | | |Z741|24-Nov-2020|Z9181|24-Nov-2020|Z1331|24-Nov-2020|Z1331|24-Nov-2020|||||||||||||||||||||||||||||||||||||||||||0|0||2|450|M1069|3.0|2020-11-25T00:00:00|hospital_B|hospital_B_20201124
SYN_BENE_0F1EFC128EDC|SYN_CLM_596E62263BF9|V|60|24-Nov-2020|24-Nov-2020|27-Nov-2020||3|491581|1|1|1|| |950.31|0.0| ||49|1063523132| |9999868992| |9999868992|||0|1| |950.31|24-Nov-2020|1|5|A|10|0.0|190.06|0|4|190.06|190.06|0|0|0|0|0|0|0|0|0|0|0|0|0|||||24-Nov-2020|949.0|0|0||T7432X|T7432X|N|F0280|N|Z653|Y|N1830|Y|E1129|Y|N182|Y|R809|N|G43719|Y|E785|Y|E1122|N|E1121|Y|E781|Y|R931|Y|E119|Y|I259|Y|E8881|Y|E669|Y|R7303|Y|D649|Y|P292|N|Z560|Y|Z9189|N|||||||Y07|Y07|U| | | | | | | | | | | | | | | | | | | | | | |Z741|24-Nov-2020|Z9181|24-Nov-2020|Z1331|24-Nov-2020|Z1331|24-Nov-2020|||||||||||||||||||||||||||||||||||||||||||0|0||3|450|G0444|3.0|2020-11-25T00:00:00|hospital_B|hospital_B_20201124
SYN_BENE_0F1EFC128EDC|SYN_CLM_596E62263BF9|V|60|24-Nov-2020|24-Nov-2020|27-Nov-2020||3|491581|1|1|1|| |950.31|0.0| ||49|1063523132| |9999868992| |9999868992|||0|1| |950.31|24-Nov-2020|1|5|A|10|0.0|190.06|0|4|190.06|190.06|0|0|0|0|0|0|0|0|0|0|0|0|0|||||24-Nov-2020|949.0|0|0||T7432X|T7432X|N|F0280|N|Z653|Y|N1830|Y|E1129|Y|N182|Y|R809|N|G43719|Y|E785|Y|E1122|N|E1121|Y|E781|Y|R931|Y|E119|Y|I259|Y|E8881|Y|E669|Y|R7303|Y|D649|Y|P292|N|Z560|Y|Z9189|N|||||||Y07|Y07|U| | | | | | | | | | | | | | | | | | | | | | |Z741|24-Nov-2020|Z9181|24-Nov-2020|Z1331|24-Nov-2020|Z1331|24-Nov-2020|||||||||||||||||||||||||||||||||||||||||||0|0||4|450|G0444|3.0|2020-11-25T00:00:00|hospital_B|hospital_B_20201124
SYN_BENE_B4D023B46503|SYN_CLM_E51362E4A747|V|60|24-Nov-2020|24-Nov-2020|27-Nov-2020||3|491581|1|1|1|| |950.31|0.0| ||49|1063523132| |9999868992| |9999868992|||0|1| |950.31|24-Nov-2020|1|5|A|10|0.0|190.06|0|4|190.06|190.06|0|0|0|0|0|0|0|0|0|0|0|0|0|||||24-Nov-2020|949.0|0|0||T7432X|T7432X|N|F0280|N|Z653|Y|N1830|Y|E1129|Y|N182|Y|R809|N|G43719|Y|E785|Y|E1122|N|E1121|Y|E781|Y|R931|Y|E119|Y|I259|Y|E8881|Y|E669|Y|R7303|Y|D649|Y|P292|N|Z560|Y|Z9189|N|||||||Y07|Y07|U| | | | | | | | | | | | | | | | | | | | | | |Z741|24-Nov-2020|Z9181|24-Nov-2020|Z1331|24-Nov-2020|Z1331|24-Nov-2020|||||||||||||||||||||||||||||||||||||||||||0|0||1|450|96156|2.0|2020-11-25T00:00:00|hospital_B|hospital_B_20201124
SYN_BENE_B4D023B46503|SYN_CLM_E51362E4A747|V|60|24-Nov-2020|24-Nov-2020|27-Nov-2020||3|491581|1|1|1|| |950.31|0.0| ||49|1063523132| |9999868992| |9999868992|||0|1| |950.31|24-Nov-2020|1|5|A|10|0.0|190.06|0|4|190.06|190.06|0|0|0|0|0|0|0|0|0|0|0|0|0|||||24-Nov-2020|949.0|0|0||T7432X|T7432X|N|F0280|N|Z653|Y|N1830|Y|E1129|Y|N182|Y|R809|N|G43719|Y|E785|Y|E1122|N|E1121|Y|E781|Y|R931|Y|E119|Y|I259|Y|E8881|Y|E669|Y|R7303|Y|D649|Y|P292|N|Z560|Y|Z9189|N|||||||Y07|Y07|U| | | | | | | | | | | | | | | | | | | | | | |Z741|24-Nov-2020|Z9181|24-Nov-2020|Z1331|24-Nov-2020|Z1331|24-Nov-2020|||||||||||||||||||||||||||||||||||||||||||0|0||2|450|M1069|3.0|2020-11-25T00:00:00|hospital_B|hospital_B_20201124
SYN_BENE_B4D023B46503|SYN_CLM_E51362E4A747|V|60|24-Nov-2020|24-Nov-2020|27-Nov-2020||3|491581|1|1|1|| |950.31|0.0| ||49|1063523132| |9999868992| |9999868992|||0|1| |950.31|24-Nov-2020|1|5|A|10|0.0|190.06|0|4|190.06|190.06|0|0|0|0|0|0|0|0|0|0|0|0|0|||||24-Nov-2020|949.0|0|0||T7432X|T7432X|N|F0280|N|Z653|Y|N1830|Y|E1129|Y|N182|Y|R809|N|G43719|Y|E785|Y|E1122|N|E1121|Y|E781|Y|R931|Y|E119|Y|I259|Y|E8881|Y|E669|Y|R7303|Y|D649|Y|P292|N|Z560|Y|Z9189|N|||||||Y07|Y07|U| | | | | | | | | | | | | | | | | | | | | | |Z741|24-Nov-2020|Z9181|24-Nov-2020|Z1331|24-Nov-2020|Z1331|24-Nov-2020|||||||||||||||||||||||||||||||||||||||||||0|0||3|450|G0444|3.0|2020-11-25T00:00:00|hospital_B|hospital_B_20201124
SYN_BENE_B4D023B46503|SYN_CLM_E51362E4A747|V|60|24-Nov-2020|24-Nov-2020|27-Nov-2020||3|491581|1|1|1|| |950.31|0.0| ||49|1063523132| |9999868992| |9999868992|||0|1| |950.31|24-Nov-2020|1|5|A|10|0.0|190.06|0|4|190.06|190.06|0|0|0|0|0|0|0|0|0|0|0|0|0|||||24-Nov-2020|949.0|0|0||T7432X|T7432X|N|F0280|N|Z653|Y|N1830|Y|E1129|Y|N182|Y|R809|N|G43719|Y|E785|Y|E1122|N|E1121|Y|E781|Y|R931|Y|E119|Y|I259|Y|E8881|Y|E669|Y|R7303|Y|D649|Y|P292|N|Z560|Y|Z9189|N|||||||Y07|Y07|U| | | | | | | | | | | | | | | | | | | | | | |Z741|24-Nov-2020|Z9181|24-Nov-2020|Z1331|24-Nov-2020|Z1331|24-Nov-2020|||||||||||||||||||||||||||||||||||||||||||0|0||4|450|G0444|3.0|2020-11-25T00:00:00|hospital_B|hospital_B_20201124
SYN_BENE_030E04A37489|SYN_CLM_0C587415F5A8|V|60|24-Nov-2020|24-Nov-2020|27-Nov-2020||3|491581|1|1|1|| |950.31|0.0| ||49|1063523132| |9999868992| |9999868992|||0|1| |950.31|24-Nov-2020|1|5|A|10|0.0|190.06|0|4|190.06|190.06|0|0|0|0|0|0|0|0|0|0|0|0|0|||||24-Nov-2020|949.0|0|0||T7432X|T7432X|N|F0280|N|Z653|Y|N1830|Y|E1129|Y|N182|Y|R809|N|G43719|Y|E785|Y|E1122|N|E1121|Y|E781|Y|R931|Y|E119|Y|I259|Y|E8881|Y|E669|Y|R7303|Y|D649|Y|P292|N|Z560|Y|Z9189|N|||||||Y07|Y07|U| | | | | | | | | | | | | | | | | | | | | | |Z741|24-Nov-2020|Z9181|24-Nov-2020|Z1331|24-Nov-2020|Z1331|24-Nov-2020|||||||||||||||||||||||||||||||||||||||||||0|0||1|450|96156|2.0|2020-11-25T00:00:00|hospital_B|hospital_B_20201124
SYN_BENE_030E04A37489|SYN_CLM_0C587415F5A8|V|60|24-Nov-2020|24-Nov-2020|27-Nov-2020||3|491581|1|1|1|| |950.31|0.0| ||49|1063523132| |9999868992| |9999868992|||0|1| |950.31|24-Nov-2020|1|5|A|10|0.0|190.06|0|4|190.06|190.06|0|0|0|0|0|0|0|0|0|0|0|0|0|||||24-Nov-2020|949.0|0|0||T7432X|T7432X|N|F0280|N|Z653|Y|N1830|Y|E1129|Y|N182|Y|R809|N|G43719|Y|E785|Y|E1122|N|E1121|Y|E781|Y|R931|Y|E119|Y|I259|Y|E8881|Y|E669|Y|R7303|Y|D649|Y|P292|N|Z560|Y|Z9189|N|||||||Y07|Y07|U| | | | | | | | | | | | | | | | | | | | | | |Z741|24-Nov-2020|Z9181|24-Nov-2020|Z1331|24-Nov-2020|Z1331|24-Nov-2020|||||||||||||||||||||||||||||||||||||||||||0|0||2|450|M1069|3.0|2020-11-25T00:00:00|hospital_B|hospital_B_20201124
SYN_BENE_030E04A37489|SYN_CLM_0C587415F5A8|V|60|24-Nov-2020|24-Nov-2020|27-Nov-2020||3|491581|1|1|1|| |950.31|0.0| ||49|1063523132| |9999868992| |9999868992|||0|1| |950.31|24-Nov-2020|1|5|A|10|0.0|190.06|0|4|190.06|190.06|0|0|0|0|0|0|0|0|0|0|0|0|0|||||24-Nov-2020|949.0|0|0||T7432X|T7432X|N|F0280|N|Z653|Y|N1830|Y|E1129|Y|N182|Y|R809|N|G43719|Y|E785|Y|E1122|N|E1121|Y|E781|Y|R931|Y|E119|Y|I259|Y|E8881|Y|E669|Y|R7303|Y|D649|Y|P292|N|Z560|Y|Z9189|N|||||||Y07|Y07|U| | | | | | | | | | | | | | | | | | | | | | |Z741|24-Nov-2020|Z9181|24-Nov-2020|Z1331|24-Nov-2020|Z1331|24-Nov-2020|||||||||||||||||||||||||||||||||||||||||||0|0||3|450|G0444|3.0|2020-11-25T00:00:00|hospital_B|hospital_B_20201124
SYN_BENE_030E04A37489|SYN_CLM_0C587415F5A8|V|60|24-Nov-2020|24-Nov-2020|27-Nov-2020||3|491581|1|1|1|| |950.31|0.0| ||49|1063523132| |9999868992| |9999868992|||0|1| |950.31|24-Nov-2020|1|5|A|10|0.0|190.06|0|4|190.06|190.06|0|0|0|0|0|0|0|0|0|0|0|0|0|||||24-Nov-2020|949.0|0|0||T7432X|T7432X|N|F0280|N|Z653|Y|N1830|Y|E1129|Y|N182|Y|R809|N|G43719|Y|E785|Y|E1122|N|E1121|Y|E781|Y|R931|Y|E119|Y|I259|Y|E8881|Y|E669|Y|R7303|Y|D649|Y|P292|N|Z560|Y|Z9189|N|||||||Y07|Y07|U| | | | | | | | | | | | | | | | | | | | | | |Z741|24-Nov-2020|Z9181|24-Nov-2020|Z1331|24-Nov-2020|Z1331|24-Nov-2020|||||||||||||||||||||||||||||||||||||||||||0|0||4|450|G0444|3.0|2020-11-25T00:00:00|hospital_B|hospital_B_20201124
SYN_BENE_CE816E49E977|SYN_CLM_E78C9A3A22B2|V|60|24-Nov-2020|24-Nov-2020|27-Nov-2020||3|491581|1|1|1|| |950.31|0.0| ||49|1063523132| |9999868992| |9999868992|||0|1| |950.31|24-Nov-2020|1|5|A|10|0.0|190.06|0|4|190.06|190.06|0|0|0|0|0|0|0|0|0|0|0|0|0|||||24-Nov-2020|949.0|0|0||T7432X|T7432X|N|F0280|N|Z653|Y|N1830|Y|E1129|Y|N182|Y|R809|N|G43719|Y|E785|Y|E1122|N|E1121|Y|E781|Y|R931|Y|E119|Y|I259|Y|E8881|Y|E669|Y|R7303|Y|D649|Y|P292|N|Z560|Y|Z9189|N|||||||Y07|Y07|U| | | | | | | | | | | | | | | | | | | | | | |Z741|24-Nov-2020|Z9181|24-Nov-2020|Z1331|24-Nov-2020|Z1331|24-Nov-2020|||||||||||||||||||||||||||||||||||||||||||0|0||1|450|96156|2.0|2020-11-25T00:00:00|hospital_B|hospital_B_20201124
SYN_BENE_CE816E49E977|SYN_CLM_E78C9A3A22B2|V|60|24-Nov-2020|24-Nov-2020|27-Nov-2020||3|491581|1|1|1|| |950.31|0.0| ||49|1063523132| |9999868992| |9999868992|||0|1| |950.31|24-Nov-2020|1|5|A|10|0.0|190.06|0|4|190.06|190.06|0|0|0|0|0|0|0|0|0|0|0|0|0|||||24-Nov-2020|949.0|0|0||T7432X|T7432X|N|F0280|N|Z653|Y|N1830|Y|E1129|Y|N182|Y|R809|N|G43719|Y|E785|Y|E1122|N|E1121|Y|E781|Y|R931|Y|E119|Y|I259|Y|E8881|Y|E669|Y|R7303|Y|D649|Y|P292|N|Z560|Y|Z9189|N|||||||Y07|Y07|U| | | | | | | | | | | | | | | | | | | | | | |Z741|24-Nov-2020|Z9181|24-Nov-2020|Z1331|24-Nov-2020|Z1331|24-Nov-2020|||||||||||||||||||||||||||||||||||||||||||0|0||2|450|M1069|3.0|2020-11-25T00:00:00|hospital_B|hospital_B_20201124
SYN_BENE_CE816E49E977|SYN_CLM_E78C9A3A22B2|V|60|24-Nov-2020|24-Nov-2020|27-Nov-2020||3|491581|1|1|1|| |950.31|0.0| ||49|1063523132| |9999868992| |9999868992|||0|1| |950.31|24-Nov-2020|1|5|A|10|0.0|190.06|0|4|190.06|190.06|0|0|0|0|0|0|0|0|0|0|0|0|0|||||24-Nov-2020|949.0|0|0||T7432X|T7432X|N|F0280|N|Z653|Y|N1830|Y|E1129|Y|N182|Y|R809|N|G43719|Y|E785|Y|E1122|N|E1121|Y|E781|Y|R931|Y|E119|Y|I259|Y|E8881|Y|E669|Y|R7303|Y|D649|Y|P292|N|Z560|Y|Z9189|N|||||||Y07|Y07|U| | | | | | | | | | | | | | | | | | | | | | |Z741|24-Nov-2020|Z9181|24-Nov-2020|Z1331|24-Nov-2020|Z1331|24-Nov-2020|||||||||||||||||||||||||||||||||||||||||||0|0||3|450|G0444|3.0|2020-11-25T00:00:00|hospital_B|hospital_B_20201124
SYN_BENE_CE816E49E977|SYN_CLM_E78C9A3A22B2|V|60|24-Nov-2020|24-Nov-2020|27-Nov-2020||3|491581|1|1|1|| |950.31|0.0| ||49|1063523132| |9999868992| |9999868992|||0|1| |950.31|24-Nov-2020|1|5|A|10|0.0|190.06|0|4|190.06|190.06|0|0|0|0|0|0|0|0|0|0|0|0|0|||||24-Nov-2020|949.0|0|0||T7432X|T7432X|N|F0280|N|Z653|Y|N1830|Y|E1129|Y|N182|Y|R809|N|G43719|Y|E785|Y|E1122|N|E1121|Y|E781|Y|R931|Y|E119|Y|I259|Y|E8881|Y|E669|Y|R7303|Y|D649|Y|P292|N|Z560|Y|Z9189|N|||||||Y07|Y07|U| | | | | | | | | | | | | | | | | | | | | | |Z741|24-Nov-2020|Z9181|24-Nov-2020|Z1331|24-Nov-2020|Z1331|24-Nov-2020|||||||||||||||||||||||||||||||||||||||||||0|0||4|450|G0444|3.0|2020-11-25T00:00:00|hospital_B|hospital_B_20201124
SYN_BENE_9E50FFB578FF|SYN_CLM_5BA0A201A082|V|60|24-Nov-2020|24-Nov-2020|27-Nov-2020||3|491581|1|1|1|| |950.31|0.0| ||49|1063523132| |9999868992| |9999868992|||0|1| |950.31|24-Nov-2020|1|5|A|10|0.0|190.06|0|4|190.06|190.06|0|0|0|0|0|0|0|0|0|0|0|0|0|||||24-Nov-2020|949.0|0|0||T7432X|T7432X|N|F0280|N|Z653|Y|N1830|Y|E1129|Y|N182|Y|R809|N|G43719|Y|E785|Y|E1122|N|E1121|Y|E781|Y|R931|Y|E119|Y|I259|Y|E8881|Y|E669|Y|R7303|Y|D649|Y|P292|N|Z560|Y|Z9189|N|||||||Y07|Y07|U| | | | | | | | | | | | | | | | | | | | | | |Z741|24-Nov-2020|Z9181|24-Nov-2020|Z1331|24-Nov-2020|Z1331|24-Nov-2020|||||||||||||||||||||||||||||||||||||||||||0|0||1|450|96156|2.0|2020-11-25T00:00:00|hospital_B|hospital_B_20201124
SYN_BENE_9E50FFB578FF|SYN_CLM_5BA0A201A082|V|60|24-Nov-2020|24-Nov-2020|27-Nov-2020||3|491581|1|1|1|| |950.31|0.0| ||49|1063523132| |9999868992| |9999868992|||0|1| |950.31|24-Nov-2020|1|5|A|10|0.0|190.06|0|4|190.06|190.06|0|0|0|0|0|0|0|0|0|0|0|0|0|||||24-Nov-2020|949.0|0|0||T7432X|T7432X|N|F0280|N|Z653|Y|N1830|Y|E1129|Y|N182|Y|R809|N|G43719|Y|E785|Y|E1122|N|E1121|Y|E781|Y|R931|Y|E119|Y|I259|Y|E8881|Y|E669|Y|R7303|Y|D649|Y|P292|N|Z560|Y|Z9189|N|||||||Y07|Y07|U| | | | | | | | | | | | | | | | | | | | | | |Z741|24-Nov-2020|Z9181|24-Nov-2020|Z1331|24-Nov-2020|Z1331|24-Nov-2020|||||||||||||||||||||||||||||||||||||||||||0|0||2|450|M1069|3.0|2020-11-25T00:00:00|hospital_B|hospital_B_20201124
SYN_BENE_9E50FFB578FF|SYN_CLM_5BA0A201A082|V|60|24-Nov-2020|24-Nov-2020|27-Nov-2020||3|491581|1|1|1|| |950.31|0.0| ||49|1063523132| |9999868992| |9999868992|||0|1| |950.31|24-Nov-2020|1|5|A|10|0.0|190.06|0|4|190.06|190.06|0|0|0|0|0|0|0|0|0|0|0|0|0|||||24-Nov-2020|949.0|0|0||T7432X|T7432X|N|F0280|N|Z653|Y|N1830|Y|E1129|Y|N182|Y|R809|N|G43719|Y|E785|Y|E1122|N|E1121|Y|E781|Y|R931|Y|E119|Y|I259|Y|E8881|Y|E669|Y|R7303|Y|D649|Y|P292|N|Z560|Y|Z9189|N|||||||Y07|Y07|U| | | | | | | | | | | | | | | | | | | | | | |Z741|24-Nov-2020|Z9181|24-Nov-2020|Z1331|24-Nov-2020|Z1331|24-Nov-2020|||||||||||||||||||||||||||||||||||||||||||0|0||3|450|G0444|3.0|2020-11-25T00:00:00|hospital_B|hospital_B_20201124
SYN_BENE_9E50FFB578FF|SYN_CLM_5BA0A201A082|V|60|24-Nov-2020|24-Nov-2020|27-Nov-2020||3|491581|1|1|1|| |950.31|0.0| ||49|1063523132| |9999868992| |9999868992|||0|1| |950.31|24-Nov-2020|1|5|A|10|0.0|190.06|0|4|190.06|190.06|0|0|0|0|0|0|0|0|0|0|0|0|0|||||24-Nov-2020|949.0|0|0||T7432X|T7432X|N|F0280|N|Z653|Y|N1830|Y|E1129|Y|N182|Y|R809|N|G43719|Y|E785|Y|E1122|N|E1121|Y|E781|Y|R931|Y|E119|Y|I259|Y|E8881|Y|E669|Y|R7303|Y|D649|Y|P292|N|Z560|Y|Z9189|N|||||||Y07|Y07|U| | | | | | | | | | | | | | | | | | | | | | |Z741|24-Nov-2020|Z9181|24-Nov-2020|Z1331|24-Nov-2020|Z1331|24-Nov-2020|||||||||||||||||||||||||||||||||||||||||||0|0||4|450|G0444|3.0|2020-11-25T00:00:00|hospital_B|hospital_B_20201124
SYN_BENE_5BF6C5C6493F|SYN_CLM_05F026A15BD2|V|60|24-Nov-2020|24-Nov-2020|27-Nov-2020||3|491581|1|1|1|| |950.31|0.0| ||49|1063523132| |9999868992| |9999868992|||0|1| |950.31|24-Nov-2020|1|5|A|10|0.0|190.06|0|4|190.06|190.06|0|0|0|0|0|0|0|0|0|0|0|0|0|||||24-Nov-2020|949.0|0|0||T7432X|T7432X|N|F0280|N|Z653|Y|N1830|Y|E1129|Y|N182|Y|R809|N|G43719|Y|E785|Y|E1122|N|E1121|Y|E781|Y|R931|Y|E119|Y|I259|Y|E8881|Y|E669|Y|R7303|Y|D649|Y|P292|N|Z560|Y|Z9189|N|||||||Y07|Y07|U| | | | | | | | | | | | | | | | | | | | | | |Z741|24-Nov-2020|Z9181|24-Nov-2020|Z1331|24-Nov-2020|Z1331|24-Nov-2020|||||||||||||||||||||||||||||||||||||||||||0|0||1|450|96156|2.0|2020-11-25T00:00:00|hospital_B|hospital_B_20201124
SYN_BENE_5BF6C5C6493F|SYN_CLM_05F026A15BD2|V|60|24-Nov-2020|24-Nov-2020|27-Nov-2020||3|491581|1|1|1|| |950.31|0.0| ||49|1063523132| |9999868992| |9999868992|||0|1| |950.31|24-Nov-2020|1|5|A|10|0.0|190.06|0|4|190.06|190.06|0|0|0|0|0|0|0|0|0|0|0|0|0|||||24-Nov-2020|949.0|0|0||T7432X|T7432X|N|F0280|N|Z653|Y|N1830|Y|E1129|Y|N182|Y|R809|N|G43719|Y|E785|Y|E1122|N|E1121|Y|E781|Y|R931|Y|E119|Y|I259|Y|E8881|Y|E669|Y|R7303|Y|D649|Y|P292|N|Z560|Y|Z9189|N|||||||Y07|Y07|U| | | | | | | | | | | | | | | | | | | | | | |Z741|24-Nov-2020|Z9181|24-Nov-2020|Z1331|24-Nov-2020|Z1331|24-Nov-2020|||||||||||||||||||||||||||||||||||||||||||0|0||2|450|M1069|3.0|2020-11-25T00:00:00|hospital_B|hospital_B_20201124
SYN_BENE_5BF6C5C6493F|SYN_CLM_05F026A15BD2|V|60|24-Nov-2020|24-Nov-2020|27-Nov-2020||3|491581|1|1|1|| |950.31|0.0| ||49|1063523132| |9999868992| |9999868992|||0|1| |950.31|24-Nov-2020|1|5|A|10|0.0|190.06|0|4|190.06|190.06|0|0|0|0|0|0|0|0|0|0|0|0|0|||||24-Nov-2020|949.0|0|0||T7432X|T7432X|N|F0280|N|Z653|Y|N1830|Y|E1129|Y|N182|Y|R809|N|G43719|Y|E785|Y|E1122|N|E1121|Y|E781|Y|R931|Y|E119|Y|I259|Y|E8881|Y|E669|Y|R7303|Y|D649|Y|P292|N|Z560|Y|Z9189|N|||||||Y07|Y07|U| | | | | | | | | | | | | | | | | | | | | | |Z741|24-Nov-2020|Z9181|24-Nov-2020|Z1331|24-Nov-2020|Z1331|24-Nov-2020|||||||||||||||||||||||||||||||||||||||||||0|0||3|450|G0444|3.0|2020-11-25T00:00:00|hospital_B|hospital_B_20201124
SYN_BENE_5BF6C5C6493F|SYN_CLM_05F026A15BD2|V|60|24-Nov-2020|24-Nov-2020|27-Nov-2020||3|491581|1|1|1|| |950.31|0.0| ||49|1063523132| |9999868992| |9999868992|||0|1| |950.31|24-Nov-2020|1|5|A|10|0.0|190.06|0|4|190.06|190.06|0|0|0|0|0|0|0|0|0|0|0|0|0|||||24-Nov-2020|949.0|0|0||T7432X|T7432X|N|F0280|N|Z653|Y|N1830|Y|E1129|Y|N182|Y|R809|N|G43719|Y|E785|Y|E1122|N|E1121|Y|E781|Y|R931|Y|E119|Y|I259|Y|E8881|Y|E669|Y|R7303|Y|D649|Y|P292|N|Z560|Y|Z9189|N|||||||Y07|Y07|U| | | | | | | | | | | | | | | | | | | | | | |Z741|24-Nov-2020|Z9181|24-Nov-2020|Z1331|24-Nov-2020|Z1331|24-Nov-2020|||||||||||||||||||||||||||||||||||||||||||0|0||4|450|G0444|3.0|2020-11-25T00:00:00|hospital_B|hospital_B_20201124
SYN_BENE_40FDC769434E|SYN_CLM_009402315456|V|60|24-Nov-2020|24-Nov-2020|27-Nov-2020||3|491581|1|1|1|| |950.31|0.0| ||49|1063523132| |9999868992| |9999868992|||0|1| |950.31|24-Nov-2020|1|5|A|10|0.0|190.06|0|4|190.06|190.06|0|0|0|0|0|0|0|0|0|0|0|0|0|||||24-Nov-2020|949.0|0|0||T7432X|T7432X|N|F0280|N|Z653|Y|N1830|Y|E1129|Y|N182|Y|R809|N|G43719|Y|E785|Y|E1122|N|E1121|Y|E781|Y|R931|Y|E119|Y|I259|Y|E8881|Y|E669|Y|R7303|Y|D649|Y|P292|N|Z560|Y|Z9189|N|||||||Y07|Y07|U| | | | | | | | | | | | | | | | | | | | | | |Z741|24-Nov-2020|Z9181|24-Nov-2020|Z1331|24-Nov-2020|Z1331|24-Nov-2020|||||||||||||||||||||||||||||||||||||||||||0|0||1|450|96156|2.0|2020-11-25T00:00:00|hospital_B|hospital_B_20201124
SYN_BENE_40FDC769434E|SYN_CLM_009402315456|V|60|24-Nov-2020|24-Nov-2020|27-Nov-2020||3|491581|1|1|1|| |950.31|0.0| ||49|1063523132| |9999868992| |9999868992|||0|1| |950.31|24-Nov-2020|1|5|A|10|0.0|190.06|0|4|190.06|190.06|0|0|0|0|0|0|0|0|0|0|0|0|0|||||24-Nov-2020|949.0|0|0||T7432X|T7432X|N|F0280|N|Z653|Y|N1830|Y|E1129|Y|N182|Y|R809|N|G43719|Y|E785|Y|E1122|N|E1121|Y|E781|Y|R931|Y|E119|Y|I259|Y|E8881|Y|E669|Y|R7303|Y|D649|Y|P292|N|Z560|Y|Z9189|N|||||||Y07|Y07|U| | | | | | | | | | | | | | | | | | | | | | |Z741|24-Nov-2020|Z9181|24-Nov-2020|Z1331|24-Nov-2020|Z1331|24-Nov-2020|||||||||||||||||||||||||||||||||||||||||||0|0||2|450|M1069|3.0|2020-11-25T00:00:00|hospital_B|hospital_B_20201124
SYN_BENE_40FDC769434E|SYN_CLM_009402315456|V|60|24-Nov-2020|24-Nov-2020|27-Nov-2020||3|491581|1|1|1|| |950.31|0.0| ||49|1063523132| |9999868992| |9999868992|||0|1| |950.31|24-Nov-2020|1|5|A|10|0.0|190.06|0|4|190.06|190.06|0|0|0|0|0|0|0|0|0|0|0|0|0|||||24-Nov-2020|949.0|0|0||T7432X|T7432X|N|F0280|N|Z653|Y|N1830|Y|E1129|Y|N182|Y|R809|N|G43719|Y|E785|Y|E1122|N|E1121|Y|E781|Y|R931|Y|E119|Y|I259|Y|E8881|Y|E669|Y|R7303|Y|D649|Y|P292|N|Z560|Y|Z9189|N|||||||Y07|Y07|U| | | | | | | | | | | | | | | | | | | | | | |Z741|24-Nov-2020|Z9181|24-Nov-2020|Z1331|24-Nov-2020|Z1331|24-Nov-2020|||||||||||||||||||||||||||||||||||||||||||0|0||3|450|G0444|3.0|2020-11-25T00:00:00|hospital_B|hospital_B_20201124
SYN_BENE_40FDC769434E|SYN_CLM_009402315456|V|60|24-Nov-2020|24-Nov-2020|27-Nov-2020||3|491581|1|1|1|| |950.31|0.0| ||49|1063523132| |9999868992| |9999868992|||0|1| |950.31|24-Nov-2020|1|5|A|10|0.0|190.06|0|4|190.06|190.06|0|0|0|0|0|0|0|0|0|0|0|0|0|||||24-Nov-2020|949.0|0|0||T7432X|T7432X|N|F0280|N|Z653|Y|N1830|Y|E1129|Y|N182|Y|R809|N|G43719|Y|E785|Y|E1122|N|E1121|Y|E781|Y|R931|Y|E119|Y|I259|Y|E8881|Y|E669|Y|R7303|Y|D649|Y|P292|N|Z560|Y|Z9189|N|||||||Y07|Y07|U| | | | | | | | | | | | | | | | | | | | | | |Z741|24-Nov-2020|Z9181|24-Nov-2020|Z1331|24-Nov-2020|Z1331|24-Nov-2020|||||||||||||||||||||||||||||||||||||||||||0|0||4|450|G0444|3.0|2020-11-25T00:00:00|hospital_B|hospital_B_20201124
SYN_BENE_18F107ED3D2B|SYN_CLM_0E0FFFDBD1A4|V|60|24-Nov-2020|24-Nov-2020|27-Nov-2020||3|491581|1|1|1|| |950.31|0.0| ||49|1063523132| |9999868992| |9999868992|||0|1| |950.31|24-Nov-2020|1|5|A|10|0.0|190.06|0|4|190.06|190.06|0|0|0|0|0|0|0|0|0|0|0|0|0|||||24-Nov-2020|949.0|0|0||T7432X|T7432X|N|F0280|N|Z653|Y|N1830|Y|E1129|Y|N182|Y|R809|N|G43719|Y|E785|Y|E1122|N|E1121|Y|E781|Y|R931|Y|E119|Y|I259|Y|E8881|Y|E669|Y|R7303|Y|D649|Y|P292|N|Z560|Y|Z9189|N|||||||Y07|Y07|U| | | | | | | | | | | | | | | | | | | | | | |Z741|24-Nov-2020|Z9181|24-Nov-2020|Z1331|24-Nov-2020|Z1331|24-Nov-2020|||||||||||||||||||||||||||||||||||||||||||0|0||1|450|96156|2.0|2020-11-25T00:00:00|hospital_B|hospital_B_20201124
SYN_BENE_18F107ED3D2B|SYN_CLM_0E0FFFDBD1A4|V|60|24-Nov-2020|24-Nov-2020|27-Nov-2020||3|491581|1|1|1|| |950.31|0.0| ||49|1063523132| |9999868992| |9999868992|||0|1| |950.31|24-Nov-2020|1|5|A|10|0.0|190.06|0|4|190.06|190.06|0|0|0|0|0|0|0|0|0|0|0|0|0|||||24-Nov-2020|949.0|0|0||T7432X|T7432X|N|F0280|N|Z653|Y|N1830|Y|E1129|Y|N182|Y|R809|N|G43719|Y|E785|Y|E1122|N|E1121|Y|E781|Y|R931|Y|E119|Y|I259|Y|E8881|Y|E669|Y|R7303|Y|D649|Y|P292|N|Z560|Y|Z9189|N|||||||Y07|Y07|U| | | | | | | | | | | | | | | | | | | | | | |Z741|24-Nov-2020|Z9181|24-Nov-2020|Z1331|24-Nov-2020|Z1331|24-Nov-2020|||||||||||||||||||||||||||||||||||||||||||0|0||2|450|M1069|3.0|2020-11-25T00:00:00|hospital_B|hospital_B_20201124
SYN_BENE_18F107ED3D2B|SYN_CLM_0E0FFFDBD1A4|V|60|24-Nov-2020|24-Nov-2020|27-Nov-2020||3|491581|1|1|1|| |950.31|0.0| ||49|1063523132| |9999868992| |9999868992|||0|1| |950.31|24-Nov-2020|1|5|A|10|0.0|190.06|0|4|190.06|190.06|0|0|0|0|0|0|0|0|0|0|0|0|0|||||24-Nov-2020|949.0|0|0||T7432X|T7432X|N|F0280|N|Z653|Y|N1830|Y|E1129|Y|N182|Y|R809|N|G43719|Y|E785|Y|E1122|N|E1121|Y|E781|Y|R931|Y|E119|Y|I259|Y|E8881|Y|E669|Y|R7303|Y|D649|Y|P292|N|Z560|Y|Z9189|N|||||||Y07|Y07|U| | | | | | | | | | | | | | | | | | | | | | |Z741|24-Nov-2020|Z9181|24-Nov-2020|Z1331|24-Nov-2020|Z1331|24-Nov-2020|||||||||||||||||||||||||||||||||||||||||||0|0||3|450|G0444|3.0|2020-11-25T00:00:00|hospital_B|hospital_B_20201124
SYN_BENE_18F107ED3D2B|SYN_CLM_0E0FFFDBD1A4|V|60|24-Nov-2020|24-Nov-2020|27-Nov-2020||3|491581|1|1|1|| |950.31|0.0| ||49|1063523132| |9999868992| |9999868992|||0|1| |950.31|24-Nov-2020|1|5|A|10|0.0|190.06|0|4|190.06|190.06|0|0|0|0|0|0|0|0|0|0|0|0|0|||||24-Nov-2020|949.0|0|0||T7432X|T7432X|N|F0280|N|Z653|Y|N1830|Y|E1129|Y|N182|Y|R809|N|G43719|Y|E785|Y|E1122|N|E1121|Y|E781|Y|R931|Y|E119|Y|I259|Y|E8881|Y|E669|Y|R7303|Y|D649|Y|P292|N|Z560|Y|Z9189|N|||||||Y07|Y07|U| | | | | | | | | | | | | | | | | | | | | | |Z741|24-Nov-2020|Z9181|24-Nov-2020|Z1331|24-Nov-2020|Z1331|24-Nov-2020|||||||||||||||||||||||||||||||||||||||||||0|0||4|450|G0444|3.0|2020-11-25T00:00:00|hospital_B|hospital_B_20201124
SYN_BENE_C23601956E56|SYN_CLM_72725C30AE2B|V|60|24-Nov-2020|24-Nov-2020|27-Nov-2020||3|491581|1|1|1|| |950.31|0.0| ||49|1063523132| |9999868992| |9999868992|||0|1| |950.31|24-Nov-2020|1|5|A|10|0.0|190.06|0|4|190.06|190.06|0|0|0|0|0|0|0|0|0|0|0|0|0|||||24-Nov-2020|949.0|0|0||T7432X|T7432X|N|F0280|N|Z653|Y|N1830|Y|E1129|Y|N182|Y|R809|N|G43719|Y|E785|Y|E1122|N|E1121|Y|E781|Y|R931|Y|E119|Y|I259|Y|E8881|Y|E669|Y|R7303|Y|D649|Y|P292|N|Z560|Y|Z9189|N|||||||Y07|Y07|U| | | | | | | | | | | | | | | | | | | | | | |Z741|24-Nov-2020|Z9181|24-Nov-2020|Z1331|24-Nov-2020|Z1331|24-Nov-2020|||||||||||||||||||||||||||||||||||||||||||0|0||1|450|96156|2.0|2020-11-25T00:00:00|hospital_B|hospital_B_20201124
SYN_BENE_C23601956E56|SYN_CLM_72725C30AE2B|V|60|24-Nov-2020|24-Nov-2020|27-Nov-2020||3|491581|1|1|1|| |950.31|0.0| ||49|1063523132| |9999868992| |9999868992|||0|1| |950.31|24-Nov-2020|1|5|A|10|0.0|190.06|0|4|190.06|190.06|0|0|0|0|0|0|0|0|0|0|0|0|0|||||24-Nov-2020|949.0|0|0||T7432X|T7432X|N|F0280|N|Z653|Y|N1830|Y|E1129|Y|N182|Y|R809|N|G43719|Y|E785|Y|E1122|N|E1121|Y|E781|Y|R931|Y|E119|Y|I259|Y|E8881|Y|E669|Y|R7303|Y|D649|Y|P292|N|Z560|Y|Z9189|N|||||||Y07|Y07|U| | | | | | | | | | | | | | | | | | | | | | |Z741|24-Nov-2020|Z9181|24-Nov-2020|Z1331|24-Nov-2020|Z1331|24-Nov-2020|||||||||||||||||||||||||||||||||||||||||||0|0||2|450|M1069|3.0|2020-11-25T00:00:00|hospital_B|hospital_B_20201124
SYN_BENE_C23601956E56|SYN_CLM_72725C30AE2B|V|60|24-Nov-2020|24-Nov-2020|27-Nov-2020||3|491581|1|1|1|| |950.31|0.0| ||49|1063523132| |9999868992| |9999868992|||0|1| |950.31|24-Nov-2020|1|5|A|10|0.0|190.06|0|4|190.06|190.06|0|0|0|0|0|0|0|0|0|0|0|0|0|||||24-Nov-2020|949.0|0|0||T7432X|T7432X|N|F0280|N|Z653|Y|N1830|Y|E1129|Y|N182|Y|R809|N|G43719|Y|E785|Y|E1122|N|E1121|Y|E781|Y|R931|Y|E119|Y|I259|Y|E8881|Y|E669|Y|R7303|Y|D649|Y|P292|N|Z560|Y|Z9189|N|||||||Y07|Y07|U| | | | | | | | | | | | | | | | | | | | | | |Z741|24-Nov-2020|Z9181|24-Nov-2020|Z1331|24-Nov-2020|Z1331|24-Nov-2020|||||||||||||||||||||||||||||||||||||||||||0|0||3|450|G0444|3.0|2020-11-25T00:00:00|hospital_B|hospital_B_20201124
SYN_BENE_C23601956E56|SYN_CLM_72725C30AE2B|V|60|24-Nov-2020|24-Nov-2020|27-Nov-2020||3|491581|1|1|1|| |950.31|0.0| ||49|1063523132| |9999868992| |9999868992|||0|1| |950.31|24-Nov-2020|1|5|A|10|0.0|190.06|0|4|190.06|190.06|0|0|0|0|0|0|0|0|0|0|0|0|0|||||24-Nov-2020|949.0|0|0||T7432X|T7432X|N|F0280|N|Z653|Y|N1830|Y|E1129|Y|N182|Y|R809|N|G43719|Y|E785|Y|E1122|N|E1121|Y|E781|Y|R931|Y|E119|Y|I259|Y|E8881|Y|E669|Y|R7303|Y|D649|Y|P292|N|Z560|Y|Z9189|N|||||||Y07|Y07|U| | | | | | | | | | | | | | | | | | | | | | |Z741|24-Nov-2020|Z9181|24-Nov-2020|Z1331|24-Nov-2020|Z1331|24-Nov-2020|||||||||||||||||||||||||||||||||||||||||||0|0||4|450|G0444|3.0|2020-11-25T00:00:00|hospital_B|hospital_B_20201124
SYN_BENE_89266FC561D7|SYN_CLM_6C8C7A6E08C4|V|60|24-Nov-2020|24-Nov-2020|27-Nov-2020||3|491581|1|1|1|| |950.31|0.0| ||49|1063523132| |9999868992| |9999868992|||0|1| |950.31|24-Nov-2020|1|5|A|10|0.0|190.06|0|4|190.06|190.06|0|0|0|0|0|0|0|0|0|0|0|0|0|||||24-Nov-2020|949.0|0|0||T7432X|T7432X|N|F0280|N|Z653|Y|N1830|Y|E1129|Y|N182|Y|R809|N|G43719|Y|E785|Y|E1122|N|E1121|Y|E781|Y|R931|Y|E119|Y|I259|Y|E8881|Y|E669|Y|R7303|Y|D649|Y|P292|N|Z560|Y|Z9189|N|||||||Y07|Y07|U| | | | | | | | | | | | | | | | | | | | | | |Z741|24-Nov-2020|Z9181|24-Nov-2020|Z1331|24-Nov-2020|Z1331|24-Nov-2020|||||||||||||||||||||||||||||||||||||||||||0|0||1|450|96156|2.0|2020-11-25T00:00:00|hospital_B|hospital_B_20201124
SYN_BENE_89266FC561D7|SYN_CLM_6C8C7A6E08C4|V|60|24-Nov-2020|24-Nov-2020|27-Nov-2020||3|491581|1|1|1|| |950.31|0.0| ||49|1063523132| |9999868992| |9999868992|||0|1| |950.31|24-Nov-2020|1|5|A|10|0.0|190.06|0|4|190.06|190.06|0|0|0|0|0|0|0|0|0|0|0|0|0|||||24-Nov-2020|949.0|0|0||T7432X|T7432X|N|F0280|N|Z653|Y|N1830|Y|E1129|Y|N182|Y|R809|N|G43719|Y|E785|Y|E1122|N|E1121|Y|E781|Y|R931|Y|E119|Y|I259|Y|E8881|Y|E669|Y|R7303|Y|D649|Y|P292|N|Z560|Y|Z9189|N|||||||Y07|Y07|U| | | | | | | | | | | | | | | | | | | | | | |Z741|24-Nov-2020|Z9181|24-Nov-2020|Z1331|24-Nov-2020|Z1331|24-Nov-2020|||||||||||||||||||||||||||||||||||||||||||0|0||2|450|M1069|3.0|2020-11-25T00:00:00|hospital_B|hospital_B_20201124
SYN_BENE_89266FC561D7|SYN_CLM_6C8C7A6E08C4|V|60|24-Nov-2020|24-Nov-2020|27-Nov-2020||3|491581|1|1|1|| |950.31|0.0| ||49|1063523132| |9999868992| |9999868992|||0|1| |950.31|24-Nov-2020|1|5|A|10|0.0|190.06|0|4|190.06|190.06|0|0|0|0|0|0|0|0|0|0|0|0|0|||||24-Nov-2020|949.0|0|0||T7432X|T7432X|N|F0280|N|Z653|Y|N1830|Y|E1129|Y|N182|Y|R809|N|G43719|Y|E785|Y|E1122|N|E1121|Y|E781|Y|R931|Y|E119|Y|I259|Y|E8881|Y|E669|Y|R7303|Y|D649|Y|P292|N|Z560|Y|Z9189|N|||||||Y07|Y07|U| | | | | | | | | | | | | | | | | | | | | | |Z741|24-Nov-2020|Z9181|24-Nov-2020|Z1331|24-Nov-2020|Z1331|24-Nov-2020|||||||||||||||||||||||||||||||||||||||||||0|0||3|450|G0444|3.0|2020-11-25T00:00:00|hospital_B|hospital_B_20201124
SYN_BENE_89266FC561D7|SYN_CLM_6C8C7A6E08C4|V|60|24-Nov-2020|24-Nov-2020|27-Nov-2020||3|491581|1|1|1|| |950.31|0.0| ||49|1063523132| |9999868992| |9999868992|||0|1| |950.31|24-Nov-2020|1|5|A|10|0.0|190.06|0|4|190.06|190.06|0|0|0|0|0|0|0|0|0|0|0|0|0|||||24-Nov-2020|949.0|0|0||T7432X|T7432X|N|F0280|N|Z653|Y|N1830|Y|E1129|Y|N182|Y|R809|N|G43719|Y|E785|Y|E1122|N|E1121|Y|E781|Y|R931|Y|E119|Y|I259|Y|E8881|Y|E669|Y|R7303|Y|D649|Y|P292|N|Z560|Y|Z9189|N|||||||Y07|Y07|U| | | | | | | | | | | | | | | | | | | | | | |Z741|24-Nov-2020|Z9181|24-Nov-2020|Z1331|24-Nov-2020|Z1331|24-Nov-2020|||||||||||||||||||||||||||||||||||||||||||0|0||4|450|G0444|3.0|2020-11-25T00:00:00|hospital_B|hospital_B_20201124
SYN_BENE_A5C23EBED524|SYN_CLM_651F2B875224|V|60|24-Nov-2020|24-Nov-2020|27-Nov-2020||3|491581|1|1|1|| |950.31|0.0| ||49|1063523132| |9999868992| |9999868992|||0|1| |950.31|24-Nov-2020|1|5|A|10|0.0|190.06|0|4|190.06|190.06|0|0|0|0|0|0|0|0|0|0|0|0|0|||||24-Nov-2020|949.0|0|0||T7432X|T7432X|N|F0280|N|Z653|Y|N1830|Y|E1129|Y|N182|Y|R809|N|G43719|Y|E785|Y|E1122|N|E1121|Y|E781|Y|R931|Y|E119|Y|I259|Y|E8881|Y|E669|Y|R7303|Y|D649|Y|P292|N|Z560|Y|Z9189|N|||||||Y07|Y07|U| | | | | | | | | | | | | | | | | | | | | | |Z741|24-Nov-2020|Z9181|24-Nov-2020|Z1331|24-Nov-2020|Z1331|24-Nov-2020|||||||||||||||||||||||||||||||||||||||||||0|0||1|450|96156|2.0|2020-11-25T00:00:00|hospital_B|hospital_B_20201124
SYN_BENE_A5C23EBED524|SYN_CLM_651F2B875224|V|60|24-Nov-2020|24-Nov-2020|27-Nov-2020||3|491581|1|1|1|| |950.31|0.0| ||49|1063523132| |9999868992| |9999868992|||0|1| |950.31|24-Nov-2020|1|5|A|10|0.0|190.06|0|4|190.06|190.06|0|0|0|0|0|0|0|0|0|0|0|0|0|||||24-Nov-2020|949.0|0|0||T7432X|T7432X|N|F0280|N|Z653|Y|N1830|Y|E1129|Y|N182|Y|R809|N|G43719|Y|E785|Y|E1122|N|E1121|Y|E781|Y|R931|Y|E119|Y|I259|Y|E8881|Y|E669|Y|R7303|Y|D649|Y|P292|N|Z560|Y|Z9189|N|||||||Y07|Y07|U| | | | | | | | | | | | | | | | | | | | | | |Z741|24-Nov-2020|Z9181|24-Nov-2020|Z1331|24-Nov-2020|Z1331|24-Nov-2020|||||||||||||||||||||||||||||||||||||||||||0|0||2|450|M1069|3.0|2020-11-25T00:00:00|hospital_B|hospital_B_20201124
SYN_BENE_A5C23EBED524|SYN_CLM_651F2B875224|V|60|24-Nov-2020|24-Nov-2020|27-Nov-2020||3|491581|1|1|1|| |950.31|0.0| ||49|1063523132| |9999868992| |9999868992|||0|1| |950.31|24-Nov-2020|1|5|A|10|0.0|190.06|0|4|190.06|190.06|0|0|0|0|0|0|0|0|0|0|0|0|0|||||24-Nov-2020|949.0|0|0||T7432X|T7432X|N|F0280|N|Z653|Y|N1830|Y|E1129|Y|N182|Y|R809|N|G43719|Y|E785|Y|E1122|N|E1121|Y|E781|Y|R931|Y|E119|Y|I259|Y|E8881|Y|E669|Y|R7303|Y|D649|Y|P292|N|Z560|Y|Z9189|N|||||||Y07|Y07|U| | | | | | | | | | | | | | | | | | | | | | |Z741|24-Nov-2020|Z9181|24-Nov-2020|Z1331|24-Nov-2020|Z1331|24-Nov-2020|||||||||||||||||||||||||||||||||||||||||||0|0||3|450|G0444|3.0|2020-11-25T00:00:00|hospital_B|hospital_B_20201124
SYN_BENE_A5C23EBED524|SYN_CLM_651F2B875224|V|60|24-Nov-2020|24-Nov-2020|27-Nov-2020||3|491581|1|1|1|| |950.31|0.0| ||49|1063523132| |9999868992| |9999868992|||0|1| |950.31|24-Nov-2020|1|5|A|10|0.0|190.06|0|4|190.06|190.06|0|0|0|0|0|0|0|0|0|0|0|0|0|||||24-Nov-2020|949.0|0|0||T7432X|T7432X|N|F0280|N|Z653|Y|N1830|Y|E1129|Y|N182|Y|R809|N|G43719|Y|E785|Y|E1122|N|E1121|Y|E781|Y|R931|Y|E119|Y|I259|Y|E8881|Y|E669|Y|R7303|Y|D649|Y|P292|N|Z560|Y|Z9189|N|||||||Y07|Y07|U| | | | | | | | | | | | | | | | | | | | | | |Z741|24-Nov-2020|Z9181|24-Nov-2020|Z1331|24-Nov-2020|Z1331|24-Nov-2020|||||||||||||||||||||||||||||||||||||||||||0|0||4|450|G0444|3.0|2020-11-25T00:00:00|hospital_B|hospital_B_20201124
SYN_BENE_D130E70441AF|SYN_CLM_3C4D8559D710|V|60|24-Nov-2020|24-Nov-2020|27-Nov-2020||3|491581|1|1|1|| |950.31|0.0| ||49|1063523132| |9999868992| |9999868992|||0|1| |950.31|24-Nov-2020|1|5|A|10|0.0|190.06|0|4|190.06|190.06|0|0|0|0|0|0|0|0|0|0|0|0|0|||||24-Nov-2020|949.0|0|0||T7432X|T7432X|N|F0280|N|Z653|Y|N1830|Y|E1129|Y|N182|Y|R809|N|G43719|Y|E785|Y|E1122|N|E1121|Y|E781|Y|R931|Y|E119|Y|I259|Y|E8881|Y|E669|Y|R7303|Y|D649|Y|P292|N|Z560|Y|Z9189|N|||||||Y07|Y07|U| | | | | | | | | | | | | | | | | | | | | | |Z741|24-Nov-2020|Z9181|24-Nov-2020|Z1331|24-Nov-2020|Z1331|24-Nov-2020|||||||||||||||||||||||||||||||||||||||||||0|0||1|450|96156|2.0|2020-11-25T00:00:00|hospital_B|hospital_B_20201124
SYN_BENE_D130E70441AF|SYN_CLM_3C4D8559D710|V|60|24-Nov-2020|24-Nov-2020|27-Nov-2020||3|491581|1|1|1|| |950.31|0.0| ||49|1063523132| |9999868992| |9999868992|||0|1| |950.31|24-Nov-2020|1|5|A|10|0.0|190.06|0|4|190.06|190.06|0|0|0|0|0|0|0|0|0|0|0|0|0|||||24-Nov-2020|949.0|0|0||T7432X|T7432X|N|F0280|N|Z653|Y|N1830|Y|E1129|Y|N182|Y|R809|N|G43719|Y|E785|Y|E1122|N|E1121|Y|E781|Y|R931|Y|E119|Y|I259|Y|E8881|Y|E669|Y|R7303|Y|D649|Y|P292|N|Z560|Y|Z9189|N|||||||Y07|Y07|U| | | | | | | | | | | | | | | | | | | | | | |Z741|24-Nov-2020|Z9181|24-Nov-2020|Z1331|24-Nov-2020|Z1331|24-Nov-2020|||||||||||||||||||||||||||||||||||||||||||0|0||2|450|M1069|3.0|2020-11-25T00:00:00|hospital_B|hospital_B_20201124
SYN_BENE_D130E70441AF|SYN_CLM_3C4D8559D710|V|60|24-Nov-2020|24-Nov-2020|27-Nov-2020||3|491581|1|1|1|| |950.31|0.0| ||49|1063523132| |9999868992| |9999868992|||0|1| |950.31|24-Nov-2020|1|5|A|10|0.0|190.06|0|4|190.06|190.06|0|0|0|0|0|0|0|0|0|0|0|0|0|||||24-Nov-2020|949.0|0|0||T7432X|T7432X|N|F0280|N|Z653|Y|N1830|Y|E1129|Y|N182|Y|R809|N|G43719|Y|E785|Y|E1122|N|E1121|Y|E781|Y|R931|Y|E119|Y|I259|Y|E8881|Y|E669|Y|R7303|Y|D649|Y|P292|N|Z560|Y|Z9189|N|||||||Y07|Y07|U| | | | | | | | | | | | | | | | | | | | | | |Z741|24-Nov-2020|Z9181|24-Nov-2020|Z1331|24-Nov-2020|Z1331|24-Nov-2020|||||||||||||||||||||||||||||||||||||||||||0|0||3|450|G0444|3.0|2020-11-25T00:00:00|hospital_B|hospital_B_20201124
SYN_BENE_D130E70441AF|SYN_CLM_3C4D8559D710|V|60|24-Nov-2020|24-Nov-2020|27-Nov-2020||3|491581|1|1|1|| |950.31|0.0| ||49|1063523132| |9999868992| |9999868992|||0|1| |950.31|24-Nov-2020|1|5|A|10|0.0|190.06|0|4|190.06|190.06|0|0|0|0|0|0|0|0|0|0|0|0|0|||||24-Nov-2020|949.0|0|0||T7432X|T7432X|N|F0280|N|Z653|Y|N1830|Y|E1129|Y|N182|Y|R809|N|G43719|Y|E785|Y|E1122|N|E1121|Y|E781|Y|R931|Y|E119|Y|I259|Y|E8881|Y|E669|Y|R7303|Y|D649|Y|P292|N|Z560|Y|Z9189|N|||||||Y07|Y07|U| | | | | | | | | | | | | | | | | | | | | | |Z741|24-Nov-2020|Z9181|24-Nov-2020|Z1331|24-Nov-2020|Z1331|24-Nov-2020|||||||||||||||||||||||||||||||||||||||||||0|0||4|450|G0444|3.0|2020-11-25T00:00:00|hospital_B|hospital_B_20201124
SYN_BENE_6AEF1677BD28|SYN_CLM_56B5289137E5|V|60|24-Nov-2020|24-Nov-2020|27-Nov-2020||3|491581|1|1|1|| |950.31|0.0| ||49|1063523132| |9999868992| |9999868992|||0|1| |950.31|24-Nov-2020|1|5|A|10|0.0|190.06|0|4|190.06|190.06|0|0|0|0|0|0|0|0|0|0|0|0|0|||||24-Nov-2020|949.0|0|0||T7432X|T7432X|N|F0280|N|Z653|Y|N1830|Y|E1129|Y|N182|Y|R809|N|G43719|Y|E785|Y|E1122|N|E1121|Y|E781|Y|R931|Y|E119|Y|I259|Y|E8881|Y|E669|Y|R7303|Y|D649|Y|P292|N|Z560|Y|Z9189|N|||||||Y07|Y07|U| | | | | | | | | | | | | | | | | | | | | | |Z741|24-Nov-2020|Z9181|24-Nov-2020|Z1331|24-Nov-2020|Z1331|24-Nov-2020|||||||||||||||||||||||||||||||||||||||||||0|0||1|450|96156|2.0|2020-11-25T00:00:00|hospital_B|hospital_B_20201124
SYN_BENE_6AEF1677BD28|SYN_CLM_56B5289137E5|V|60|24-Nov-2020|24-Nov-2020|27-Nov-2020||3|491581|1|1|1|| |950.31|0.0| ||49|1063523132| |9999868992| |9999868992|||0|1| |950.31|24-Nov-2020|1|5|A|10|0.0|190.06|0|4|190.06|190.06|0|0|0|0|0|0|0|0|0|0|0|0|0|||||24-Nov-2020|949.0|0|0||T7432X|T7432X|N|F0280|N|Z653|Y|N1830|Y|E1129|Y|N182|Y|R809|N|G43719|Y|E785|Y|E1122|N|E1121|Y|E781|Y|R931|Y|E119|Y|I259|Y|E8881|Y|E669|Y|R7303|Y|D649|Y|P292|N|Z560|Y|Z9189|N|||||||Y07|Y07|U| | | | | | | | | | | | | | | | | | | | | | |Z741|24-Nov-2020|Z9181|24-Nov-2020|Z1331|24-Nov-2020|Z1331|24-Nov-2020|||||||||||||||||||||||||||||||||||||||||||0|0||2|450|M1069|3.0|2020-11-25T00:00:00|hospital_B|hospital_B_20201124
SYN_BENE_6AEF1677BD28|SYN_CLM_56B5289137E5|V|60|24-Nov-2020|24-Nov-2020|27-Nov-2020||3|491581|1|1|1|| |950.31|0.0| ||49|1063523132| |9999868992| |9999868992|||0|1| |950.31|24-Nov-2020|1|5|A|10|0.0|190.06|0|4|190.06|190.06|0|0|0|0|0|0|0|0|0|0|0|0|0|||||24-Nov-2020|949.0|0|0||T7432X|T7432X|N|F0280|N|Z653|Y|N1830|Y|E1129|Y|N182|Y|R809|N|G43719|Y|E785|Y|E1122|N|E1121|Y|E781|Y|R931|Y|E119|Y|I259|Y|E8881|Y|E669|Y|R7303|Y|D649|Y|P292|N|Z560|Y|Z9189|N|||||||Y07|Y07|U| | | | | | | | | | | | | | | | | | | | | | |Z741|24-Nov-2020|Z9181|24-Nov-2020|Z1331|24-Nov-2020|Z1331|24-Nov-2020|||||||||||||||||||||||||||||||||||||||||||0|0||3|450|G0444|3.0|2020-11-25T00:00:00|hospital_B|hospital_B_20201124
SYN_BENE_6AEF1677BD28|SYN_CLM_56B5289137E5|V|60|24-Nov-2020|24-Nov-2020|27-Nov-2020||3|491581|1|1|1|| |950.31|0.0| ||49|1063523132| |9999868992| |9999868992|||0|1| |950.31|24-Nov-2020|1|5|A|10|0.0|190.06|0|4|190.06|190.06|0|0|0|0|0|0|0|0|0|0|0|0|0|||||24-Nov-2020|949.0|0|0||T7432X|T7432X|N|F0280|N|Z653|Y|N1830|Y|E1129|Y|N182|Y|R809|N|G43719|Y|E785|Y|E1122|N|E1121|Y|E781|Y|R931|Y|E119|Y|I259|Y|E8881|Y|E669|Y|R7303|Y|D649|Y|P292|N|Z560|Y|Z9189|N|||||||Y07|Y07|U| | | | | | | | | | | | | | | | | | | | | | |Z741|24-Nov-2020|Z9181|24-Nov-2020|Z1331|24-Nov-2020|Z1331|24-Nov-2020|||||||||||||||||||||||||||||||||||||||||||0|0||4|450|G0444|3.0|2020-11-25T00:00:00|hospital_B|hospital_B_20201124
SYN_BENE_52DC4520E8C4|SYN_CLM_DFC8B149BCC1|V|60|24-Nov-2020|24-Nov-2020|27-Nov-2020||3|491581|1|1|1|| |950.31|0.0| ||49|1063523132| |9999868992| |9999868992|||0|1| |950.31|24-Nov-2020|1|5|A|10|0.0|190.06|0|4|190.06|190.06|0|0|0|0|0|0|0|0|0|0|0|0|0|||||24-Nov-2020|949.0|0|0||T7432X|T7432X|N|F0280|N|Z653|Y|N1830|Y|E1129|Y|N182|Y|R809|N|G43719|Y|E785|Y|E1122|N|E1121|Y|E781|Y|R931|Y|E119|Y|I259|Y|E8881|Y|E669|Y|R7303|Y|D649|Y|P292|N|Z560|Y|Z9189|N|||||||Y07|Y07|U| | | | | | | | | | | | | | | | | | | | | | |Z741|24-Nov-2020|Z9181|24-Nov-2020|Z1331|24-Nov-2020|Z1331|24-Nov-2020|||||||||||||||||||||||||||||||||||||||||||0|0||1|450|96156|2.0|2020-11-25T00:00:00|hospital_B|hospital_B_20201124
SYN_BENE_52DC4520E8C4|SYN_CLM_DFC8B149BCC1|V|60|24-Nov-2020|24-Nov-2020|27-Nov-2020||3|491581|1|1|1|| |950.31|0.0| ||49|1063523132| |9999868992| |9999868992|||0|1| |950.31|24-Nov-2020|1|5|A|10|0.0|190.06|0|4|190.06|190.06|0|0|0|0|0|0|0|0|0|0|0|0|0|||||24-Nov-2020|949.0|0|0||T7432X|T7432X|N|F0280|N|Z653|Y|N1830|Y|E1129|Y|N182|Y|R809|N|G43719|Y|E785|Y|E1122|N|E1121|Y|E781|Y|R931|Y|E119|Y|I259|Y|E8881|Y|E669|Y|R7303|Y|D649|Y|P292|N|Z560|Y|Z9189|N|||||||Y07|Y07|U| | | | | | | | | | | | | | | | | | | | | | |Z741|24-Nov-2020|Z9181|24-Nov-2020|Z1331|24-Nov-2020|Z1331|24-Nov-2020|||||||||||||||||||||||||||||||||||||||||||0|0||2|450|M1069|3.0|2020-11-25T00:00:00|hospital_B|hospital_B_20201124
SYN_BENE_52DC4520E8C4|SYN_CLM_DFC8B149BCC1|V|60|24-Nov-2020|24-Nov-2020|27-Nov-2020||3|491581|1|1|1|| |950.31|0.0| ||49|1063523132| |9999868992| |9999868992|||0|1| |950.31|24-Nov-2020|1|5|A|10|0.0|190.06|0|4|190.06|190.06|0|0|0|0|0|0|0|0|0|0|0|0|0|||||24-Nov-2020|949.0|0|0||T7432X|T7432X|N|F0280|N|Z653|Y|N1830|Y|E1129|Y|N182|Y|R809|N|G43719|Y|E785|Y|E1122|N|E1121|Y|E781|Y|R931|Y|E119|Y|I259|Y|E8881|Y|E669|Y|R7303|Y|D649|Y|P292|N|Z560|Y|Z9189|N|||||||Y07|Y07|U| | | | | | | | | | | | | | | | | | | | | | |Z741|24-Nov-2020|Z9181|24-Nov-2020|Z1331|24-Nov-2020|Z1331|24-Nov-2020|||||||||||||||||||||||||||||||||||||||||||0|0||3|450|G0444|3.0|2020-11-25T00:00:00|hospital_B|hospital_B_20201124
SYN_BENE_52DC4520E8C4|SYN_CLM_DFC8B149BCC1|V|60|24-Nov-2020|24-Nov-2020|27-Nov-2020||3|491581|1|1|1|| |950.31|0.0| ||49|1063523132| |9999868992| |9999868992|||0|1| |950.31|24-Nov-2020|1|5|A|10|0.0|190.06|0|4|190.06|190.06|0|0|0|0|0|0|0|0|0|0|0|0|0|||||24-Nov-2020|949.0|0|0||T7432X|T7432X|N|F0280|N|Z653|Y|N1830|Y|E1129|Y|N182|Y|R809|N|G43719|Y|E785|Y|E1122|N|E1121|Y|E781|Y|R931|Y|E119|Y|I259|Y|E8881|Y|E669|Y|R7303|Y|D649|Y|P292|N|Z560|Y|Z9189|N|||||||Y07|Y07|U| | | | | | | | | | | | | | | | | | | | | | |Z741|24-Nov-2020|Z9181|24-Nov-2020|Z1331|24-Nov-2020|Z1331|24-Nov-2020|||||||||||||||||||||||||||||||||||||||||||0|0||4|450|G0444|3.0|2020-11-25T00:00:00|hospital_B|hospital_B_20201124
SYN_BENE_EF11F84B12A8|SYN_CLM_75D854977ED7|V|60|24-Nov-2020|24-Nov-2020|27-Nov-2020||3|491581|1|1|1|| |950.31|0.0| ||49|1063523132| |9999868992| |9999868992|||0|1| |950.31|24-Nov-2020|1|5|A|10|0.0|190.06|0|4|190.06|190.06|0|0|0|0|0|0|0|0|0|0|0|0|0|||||24-Nov-2020|949.0|0|0||T7432X|T7432X|N|F0280|N|Z653|Y|N1830|Y|E1129|Y|N182|Y|R809|N|G43719|Y|E785|Y|E1122|N|E1121|Y|E781|Y|R931|Y|E119|Y|I259|Y|E8881|Y|E669|Y|R7303|Y|D649|Y|P292|N|Z560|Y|Z9189|N|||||||Y07|Y07|U| | | | | | | | | | | | | | | | | | | | | | |Z741|24-Nov-2020|Z9181|24-Nov-2020|Z1331|24-Nov-2020|Z1331|24-Nov-2020|||||||||||||||||||||||||||||||||||||||||||0|0||1|450|96156|2.0|2020-11-25T00:00:00|hospital_B|hospital_B_20201124
SYN_BENE_EF11F84B12A8|SYN_CLM_75D854977ED7|V|60|24-Nov-2020|24-Nov-2020|27-Nov-2020||3|491581|1|1|1|| |950.31|0.0| ||49|1063523132| |9999868992| |9999868992|||0|1| |950.31|24-Nov-2020|1|5|A|10|0.0|190.06|0|4|190.06|190.06|0|0|0|0|0|0|0|0|0|0|0|0|0|||||24-Nov-2020|949.0|0|0||T7432X|T7432X|N|F0280|N|Z653|Y|N1830|Y|E1129|Y|N182|Y|R809|N|G43719|Y|E785|Y|E1122|N|E1121|Y|E781|Y|R931|Y|E119|Y|I259|Y|E8881|Y|E669|Y|R7303|Y|D649|Y|P292|N|Z560|Y|Z9189|N|||||||Y07|Y07|U| | | | | | | | | | | | | | | | | | | | | | |Z741|24-Nov-2020|Z9181|24-Nov-2020|Z1331|24-Nov-2020|Z1331|24-Nov-2020|||||||||||||||||||||||||||||||||||||||||||0|0||2|450|M1069|3.0|2020-11-25T00:00:00|hospital_B|hospital_B_20201124
SYN_BENE_EF11F84B12A8|SYN_CLM_75D854977ED7|V|60|24-Nov-2020|24-Nov-2020|27-Nov-2020||3|491581|1|1|1|| |950.31|0.0| ||49|1063523132| |9999868992| |9999868992|||0|1| |950.31|24-Nov-2020|1|5|A|10|0.0|190.06|0|4|190.06|190.06|0|0|0|0|0|0|0|0|0|0|0|0|0|||||24-Nov-2020|949.0|0|0||T7432X|T7432X|N|F0280|N|Z653|Y|N1830|Y|E1129|Y|N182|Y|R809|N|G43719|Y|E785|Y|E1122|N|E1121|Y|E781|Y|R931|Y|E119|Y|I259|Y|E8881|Y|E669|Y|R7303|Y|D649|Y|P292|N|Z560|Y|Z9189|N|||||||Y07|Y07|U| | | | | | | | | | | | | | | | | | | | | | |Z741|24-Nov-2020|Z9181|24-Nov-2020|Z1331|24-Nov-2020|Z1331|24-Nov-2020|||||||||||||||||||||||||||||||||||||||||||0|0||3|450|G0444|3.0|2020-11-25T00:00:00|hospital_B|hospital_B_20201124
SYN_BENE_EF11F84B12A8|SYN_CLM_75D854977ED7|V|60|24-Nov-2020|24-Nov-2020|27-Nov-2020||3|491581|1|1|1|| |950.31|0.0| ||49|1063523132| |9999868992| |9999868992|||0|1| |950.31|24-Nov-2020|1|5|A|10|0.0|190.06|0|4|190.06|190.06|0|0|0|0|0|0|0|0|0|0|0|0|0|||||24-Nov-2020|949.0|0|0||T7432X|T7432X|N|F0280|N|Z653|Y|N1830|Y|E1129|Y|N182|Y|R809|N|G43719|Y|E785|Y|E1122|N|E1121|Y|E781|Y|R931|Y|E119|Y|I259|Y|E8881|Y|E669|Y|R7303|Y|D649|Y|P292|N|Z560|Y|Z9189|N|||||||Y07|Y07|U| | | | | | | | | | | | | | | | | | | | | | |Z741|24-Nov-2020|Z9181|24-Nov-2020|Z1331|24-Nov-2020|Z1331|24-Nov-2020|||||||||||||||||||||||||||||||||||||||||||0|0||4|450|G0444|3.0|2020-11-25T00:00:00|hospital_B|hospital_B_20201124
SYN_BENE_3EB138D82E92|SYN_CLM_99FC11A0AD8A|V|60|24-Nov-2020|24-Nov-2020|27-Nov-2020||3|491581|1|1|1|| |950.31|0.0| ||49|1063523132| |9999868992| |9999868992|||0|1| |950.31|24-Nov-2020|1|5|A|10|0.0|190.06|0|4|190.06|190.06|0|0|0|0|0|0|0|0|0|0|0|0|0|||||24-Nov-2020|949.0|0|0||T7432X|T7432X|N|F0280|N|Z653|Y|N1830|Y|E1129|Y|N182|Y|R809|N|G43719|Y|E785|Y|E1122|N|E1121|Y|E781|Y|R931|Y|E119|Y|I259|Y|E8881|Y|E669|Y|R7303|Y|D649|Y|P292|N|Z560|Y|Z9189|N|||||||Y07|Y07|U| | | | | | | | | | | | | | | | | | | | | | |Z741|24-Nov-2020|Z9181|24-Nov-2020|Z1331|24-Nov-2020|Z1331|24-Nov-2020|||||||||||||||||||||||||||||||||||||||||||0|0||1|450|96156|2.0|2020-11-25T00:00:00|hospital_B|hospital_B_20201124
SYN_BENE_3EB138D82E92|SYN_CLM_99FC11A0AD8A|V|60|24-Nov-2020|24-Nov-2020|27-Nov-2020||3|491581|1|1|1|| |950.31|0.0| ||49|1063523132| |9999868992| |9999868992|||0|1| |950.31|24-Nov-2020|1|5|A|10|0.0|190.06|0|4|190.06|190.06|0|0|0|0|0|0|0|0|0|0|0|0|0|||||24-Nov-2020|949.0|0|0||T7432X|T7432X|N|F0280|N|Z653|Y|N1830|Y|E1129|Y|N182|Y|R809|N|G43719|Y|E785|Y|E1122|N|E1121|Y|E781|Y|R931|Y|E119|Y|I259|Y|E8881|Y|E669|Y|R7303|Y|D649|Y|P292|N|Z560|Y|Z9189|N|||||||Y07|Y07|U| | | | | | | | | | | | | | | | | | | | | | |Z741|24-Nov-2020|Z9181|24-Nov-2020|Z1331|24-Nov-2020|Z1331|24-Nov-2020|||||||||||||||||||||||||||||||||||||||||||0|0||2|450|M1069|3.0|2020-11-25T00:00:00|hospital_B|hospital_B_20201124
SYN_BENE_3EB138D82E92|SYN_CLM_99FC11A0AD8A|V|60|24-Nov-2020|24-Nov-2020|27-Nov-2020||3|491581|1|1|1|| |950.31|0.0| ||49|1063523132| |9999868992| |9999868992|||0|1| |950.31|24-Nov-2020|1|5|A|10|0.0|190.06|0|4|190.06|190.06|0|0|0|0|0|0|0|0|0|0|0|0|0|||||24-Nov-2020|949.0|0|0||T7432X|T7432X|N|F0280|N|Z653|Y|N1830|Y|E1129|Y|N182|Y|R809|N|G43719|Y|E785|Y|E1122|N|E1121|Y|E781|Y|R931|Y|E119|Y|I259|Y|E8881|Y|E669|Y|R7303|Y|D649|Y|P292|N|Z560|Y|Z9189|N|||||||Y07|Y07|U| | | | | | | | | | | | | | | | | | | | | | |Z741|24-Nov-2020|Z9181|24-Nov-2020|Z1331|24-Nov-2020|Z1331|24-Nov-2020|||||||||||||||||||||||||||||||||||||||||||0|0||3|450|G0444|3.0|2020-11-25T00:00:00|hospital_B|hospital_B_20201124
SYN_BENE_3EB138D82E92|SYN_CLM_99FC11A0AD8A|V|60|24-Nov-2020|24-Nov-2020|27-Nov-2020||3|491581|1|1|1|| |950.31|0.0| ||49|1063523132| |9999868992| |9999868992|||0|1| |950.31|24-Nov-2020|1|5|A|10|0.0|190.06|0|4|190.06|190.06|0|0|0|0|0|0|0|0|0|0|0|0|0|||||24-Nov-2020|949.0|0|0||T7432X|T7432X|N|F0280|N|Z653|Y|N1830|Y|E1129|Y|N182|Y|R809|N|G43719|Y|E785|Y|E1122|N|E1121|Y|E781|Y|R931|Y|E119|Y|I259|Y|E8881|Y|E669|Y|R7303|Y|D649|Y|P292|N|Z560|Y|Z9189|N|||||||Y07|Y07|U| | | | | | | | | | | | | | | | | | | | | | |Z741|24-Nov-2020|Z9181|24-Nov-2020|Z1331|24-Nov-2020|Z1331|24-Nov-2020|||||||||||||||||||||||||||||||||||||||||||0|0||4|450|G0444|3.0|2020-11-25T00:00:00|hospital_B|hospital_B_20201124
SYN_BENE_77818FB92BD5|SYN_CLM_E9C75EF0997E|V|60|24-Nov-2020|24-Nov-2020|27-Nov-2020||3|491581|1|1|1|| |950.31|0.0| ||49|1063523132| |9999868992| |9999868992|||0|1| |950.31|24-Nov-2020|1|5|A|10|0.0|190.06|0|4|190.06|190.06|0|0|0|0|0|0|0|0|0|0|0|0|0|||||24-Nov-2020|949.0|0|0||T7432X|T7432X|N|F0280|N|Z653|Y|N1830|Y|E1129|Y|N182|Y|R809|N|G43719|Y|E785|Y|E1122|N|E1121|Y|E781|Y|R931|Y|E119|Y|I259|Y|E8881|Y|E669|Y|R7303|Y|D649|Y|P292|N|Z560|Y|Z9189|N|||||||Y07|Y07|U| | | | | | | | | | | | | | | | | | | | | | |Z741|24-Nov-2020|Z9181|24-Nov-2020|Z1331|24-Nov-2020|Z1331|24-Nov-2020|||||||||||||||||||||||||||||||||||||||||||0|0||1|450|96156|2.0|2020-11-25T00:00:00|hospital_B|hospital_B_20201124
SYN_BENE_77818FB92BD5|SYN_CLM_E9C75EF0997E|V|60|24-Nov-2020|24-Nov-2020|27-Nov-2020||3|491581|1|1|1|| |950.31|0.0| ||49|1063523132| |9999868992| |9999868992|||0|1| |950.31|24-Nov-2020|1|5|A|10|0.0|190.06|0|4|190.06|190.06|0|0|0|0|0|0|0|0|0|0|0|0|0|||||24-Nov-2020|949.0|0|0||T7432X|T7432X|N|F0280|N|Z653|Y|N1830|Y|E1129|Y|N182|Y|R809|N|G43719|Y|E785|Y|E1122|N|E1121|Y|E781|Y|R931|Y|E119|Y|I259|Y|E8881|Y|E669|Y|R7303|Y|D649|Y|P292|N|Z560|Y|Z9189|N|||||||Y07|Y07|U| | | | | | | | | | | | | | | | | | | | | | |Z741|24-Nov-2020|Z9181|24-Nov-2020|Z1331|24-Nov-2020|Z1331|24-Nov-2020|||||||||||||||||||||||||||||||||||||||||||0|0||2|450|M1069|3.0|2020-11-25T00:00:00|hospital_B|hospital_B_20201124
SYN_BENE_77818FB92BD5|SYN_CLM_E9C75EF0997E|V|60|24-Nov-2020|24-Nov-2020|27-Nov-2020||3|491581|1|1|1|| |950.31|0.0| ||49|1063523132| |9999868992| |9999868992|||0|1| |950.31|24-Nov-2020|1|5|A|10|0.0|190.06|0|4|190.06|190.06|0|0|0|0|0|0|0|0|0|0|0|0|0|||||24-Nov-2020|949.0|0|0||T7432X|T7432X|N|F0280|N|Z653|Y|N1830|Y|E1129|Y|N182|Y|R809|N|G43719|Y|E785|Y|E1122|N|E1121|Y|E781|Y|R931|Y|E119|Y|I259|Y|E8881|Y|E669|Y|R7303|Y|D649|Y|P292|N|Z560|Y|Z9189|N|||||||Y07|Y07|U| | | | | | | | | | | | | | | | | | | | | | |Z741|24-Nov-2020|Z9181|24-Nov-2020|Z1331|24-Nov-2020|Z1331|24-Nov-2020|||||||||||||||||||||||||||||||||||||||||||0|0||3|450|G0444|3.0|2020-11-25T00:00:00|hospital_B|hospital_B_20201124
SYN_BENE_77818FB92BD5|SYN_CLM_E9C75EF0997E|V|60|24-Nov-2020|24-Nov-2020|27-Nov-2020||3|491581|1|1|1|| |950.31|0.0| ||49|1063523132| |9999868992| |9999868992|||0|1| |950.31|24-Nov-2020|1|5|A|10|0.0|190.06|0|4|190.06|190.06|0|0|0|0|0|0|0|0|0|0|0|0|0|||||24-Nov-2020|949.0|0|0||T7432X|T7432X|N|F0280|N|Z653|Y|N1830|Y|E1129|Y|N182|Y|R809|N|G43719|Y|E785|Y|E1122|N|E1121|Y|E781|Y|R931|Y|E119|Y|I259|Y|E8881|Y|E669|Y|R7303|Y|D649|Y|P292|N|Z560|Y|Z9189|N|||||||Y07|Y07|U| | | | | | | | | | | | | | | | | | | | | | |Z741|24-Nov-2020|Z9181|24-Nov-2020|Z1331|24-Nov-2020|Z1331|24-Nov-2020|||||||||||||||||||||||||||||||||||||||||||0|0||4|450|G0444|3.0|2020-11-25T00:00:00|hospital_B|hospital_B_20201124
SYN_BENE_7C3D2D6836EE|SYN_CLM_F012020CC494|V|60|24-Nov-2020|24-Nov-2020|27-Nov-2020||3|491581|1|1|1|| |950.31|0.0| ||49|1063523132| |9999868992| |9999868992|||0|1| |950.31|24-Nov-2020|1|5|A|10|0.0|190.06|0|4|190.06|190.06|0|0|0|0|0|0|0|0|0|0|0|0|0|||||24-Nov-2020|949.0|0|0||T7432X|T7432X|N|F0280|N|Z653|Y|N1830|Y|E1129|Y|N182|Y|R809|N|G43719|Y|E785|Y|E1122|N|E1121|Y|E781|Y|R931|Y|E119|Y|I259|Y|E8881|Y|E669|Y|R7303|Y|D649|Y|P292|N|Z560|Y|Z9189|N|||||||Y07|Y07|U| | | | | | | | | | | | | | | | | | | | | | |Z741|24-Nov-2020|Z9181|24-Nov-2020|Z1331|24-Nov-2020|Z1331|24-Nov-2020|||||||||||||||||||||||||||||||||||||||||||0|0||1|450|96156|2.0|2020-11-25T00:00:00|hospital_B|hospital_B_20201124
SYN_BENE_7C3D2D6836EE|SYN_CLM_F012020CC494|V|60|24-Nov-2020|24-Nov-2020|27-Nov-2020||3|491581|1|1|1|| |950.31|0.0| ||49|1063523132| |9999868992| |9999868992|||0|1| |950.31|24-Nov-2020|1|5|A|10|0.0|190.06|0|4|190.06|190.06|0|0|0|0|0|0|0|0|0|0|0|0|0|||||24-Nov-2020|949.0|0|0||T7432X|T7432X|N|F0280|N|Z653|Y|N1830|Y|E1129|Y|N182|Y|R809|N|G43719|Y|E785|Y|E1122|N|E1121|Y|E781|Y|R931|Y|E119|Y|I259|Y|E8881|Y|E669|Y|R7303|Y|D649|Y|P292|N|Z560|Y|Z9189|N|||||||Y07|Y07|U| | | | | | | | | | | | | | | | | | | | | | |Z741|24-Nov-2020|Z9181|24-Nov-2020|Z1331|24-Nov-2020|Z1331|24-Nov-2020|||||||||||||||||||||||||||||||||||||||||||0|0||2|450|M1069|3.0|2020-11-25T00:00:00|hospital_B|hospital_B_20201124
SYN_BENE_7C3D2D6836EE|SYN_CLM_F012020CC494|V|60|24-Nov-2020|24-Nov-2020|27-Nov-2020||3|491581|1|1|1|| |950.31|0.0| ||49|1063523132| |9999868992| |9999868992|||0|1| |950.31|24-Nov-2020|1|5|A|10|0.0|190.06|0|4|190.06|190.06|0|0|0|0|0|0|0|0|0|0|0|0|0|||||24-Nov-2020|949.0|0|0||T7432X|T7432X|N|F0280|N|Z653|Y|N1830|Y|E1129|Y|N182|Y|R809|N|G43719|Y|E785|Y|E1122|N|E1121|Y|E781|Y|R931|Y|E119|Y|I259|Y|E8881|Y|E669|Y|R7303|Y|D649|Y|P292|N|Z560|Y|Z9189|N|||||||Y07|Y07|U| | | | | | | | | | | | | | | | | | | | | | |Z741|24-Nov-2020|Z9181|24-Nov-2020|Z1331|24-Nov-2020|Z1331|24-Nov-2020|||||||||||||||||||||||||||||||||||||||||||0|0||3|450|G0444|3.0|2020-11-25T00:00:00|hospital_B|hospital_B_20201124
SYN_BENE_7C3D2D6836EE|SYN_CLM_F012020CC494|V|60|24-Nov-2020|24-Nov-2020|27-Nov-2020||3|491581|1|1|1|| |950.31|0.0| ||49|1063523132| |9999868992| |9999868992|||0|1| |950.31|24-Nov-2020|1|5|A|10|0.0|190.06|0|4|190.06|190.06|0|0|0|0|0|0|0|0|0|0|0|0|0|||||24-Nov-2020|949.0|0|0||T7432X|T7432X|N|F0280|N|Z653|Y|N1830|Y|E1129|Y|N182|Y|R809|N|G43719|Y|E785|Y|E1122|N|E1121|Y|E781|Y|R931|Y|E119|Y|I259|Y|E8881|Y|E669|Y|R7303|Y|D649|Y|P292|N|Z560|Y|Z9189|N|||||||Y07|Y07|U| | | | | | | | | | | | | | | | | | | | | | |Z741|24-Nov-2020|Z9181|24-Nov-2020|Z1331|24-Nov-2020|Z1331|24-Nov-2020|||||||||||||||||||||||||||||||||||||||||||0|0||4|450|G0444|3.0|2020-11-25T00:00:00|hospital_B|hospital_B_20201124
SYN_BENE_88A3924F160F|SYN_CLM_1D128DDD2830|V|60|24-Nov-2020|24-Nov-2020|27-Nov-2020||3|491581|1|1|1|| |950.31|0.0| ||49|1063523132| |9999868992| |9999868992|||0|1| |950.31|24-Nov-2020|1|5|A|10|0.0|190.06|0|4|190.06|190.06|0|0|0|0|0|0|0|0|0|0|0|0|0|||||24-Nov-2020|949.0|0|0||T7432X|T7432X|N|F0280|N|Z653|Y|N1830|Y|E1129|Y|N182|Y|R809|N|G43719|Y|E785|Y|E1122|N|E1121|Y|E781|Y|R931|Y|E119|Y|I259|Y|E8881|Y|E669|Y|R7303|Y|D649|Y|P292|N|Z560|Y|Z9189|N|||||||Y07|Y07|U| | | | | | | | | | | | | | | | | | | | | | |Z741|24-Nov-2020|Z9181|24-Nov-2020|Z1331|24-Nov-2020|Z1331|24-Nov-2020|||||||||||||||||||||||||||||||||||||||||||0|0||1|450|96156|2.0|2020-11-25T00:00:00|hospital_B|hospital_B_20201124
SYN_BENE_88A3924F160F|SYN_CLM_1D128DDD2830|V|60|24-Nov-2020|24-Nov-2020|27-Nov-2020||3|491581|1|1|1|| |950.31|0.0| ||49|1063523132| |9999868992| |9999868992|||0|1| |950.31|24-Nov-2020|1|5|A|10|0.0|190.06|0|4|190.06|190.06|0|0|0|0|0|0|0|0|0|0|0|0|0|||||24-Nov-2020|949.0|0|0||T7432X|T7432X|N|F0280|N|Z653|Y|N1830|Y|E1129|Y|N182|Y|R809|N|G43719|Y|E785|Y|E1122|N|E1121|Y|E781|Y|R931|Y|E119|Y|I259|Y|E8881|Y|E669|Y|R7303|Y|D649|Y|P292|N|Z560|Y|Z9189|N|||||||Y07|Y07|U| | | | | | | | | | | | | | | | | | | | | | |Z741|24-Nov-2020|Z9181|24-Nov-2020|Z1331|24-Nov-2020|Z1331|24-Nov-2020|||||||||||||||||||||||||||||||||||||||||||0|0||2|450|M1069|3.0|2020-11-25T00:00:00|hospital_B|hospital_B_20201124
SYN_BENE_88A3924F160F|SYN_CLM_1D128DDD2830|V|60|24-Nov-2020|24-Nov-2020|27-Nov-2020||3|491581|1|1|1|| |950.31|0.0| ||49|1063523132| |9999868992| |9999868992|||0|1| |950.31|24-Nov-2020|1|5|A|10|0.0|190.06|0|4|190.06|190.06|0|0|0|0|0|0|0|0|0|0|0|0|0|||||24-Nov-2020|949.0|0|0||T7432X|T7432X|N|F0280|N|Z653|Y|N1830|Y|E1129|Y|N182|Y|R809|N|G43719|Y|E785|Y|E1122|N|E1121|Y|E781|Y|R931|Y|E119|Y|I259|Y|E8881|Y|E669|Y|R7303|Y|D649|Y|P292|N|Z560|Y|Z9189|N|||||||Y07|Y07|U| | | | | | | | | | | | | | | | | | | | | | |Z741|24-Nov-2020|Z9181|24-Nov-2020|Z1331|24-Nov-2020|Z1331|24-Nov-2020|||||||||||||||||||||||||||||||||||||||||||0|0||3|450|G0444|3.0|2020-11-25T00:00:00|hospital_B|hospital_B_20201124
SYN_BENE_88A3924F160F|SYN_CLM_1D128DDD2830|V|60|24-Nov-2020|24-Nov-2020|27-Nov-2020||3|491581|1|1|1|| |950.31|0.0| ||49|1063523132| |9999868992| |9999868992|||0|1| |950.31|24-Nov-2020|1|5|A|10|0.0|190.06|0|4|190.06|190.06|0|0|0|0|0|0|0|0|0|0|0|0|0|||||24-Nov-2020|949.0|0|0||T7432X|T7432X|N|F0280|N|Z653|Y|N1830|Y|E1129|Y|N182|Y|R809|N|G43719|Y|E785|Y|E1122|N|E1121|Y|E781|Y|R931|Y|E119|Y|I259|Y|E8881|Y|E669|Y|R7303|Y|D649|Y|P292|N|Z560|Y|Z9189|N|||||||Y07|Y07|U| | | | | | | | | | | | | | | | | | | | | | |Z741|24-Nov-2020|Z9181|24-Nov-2020|Z1331|24-Nov-2020|Z1331|24-Nov-2020|||||||||||||||||||||||||||||||||||||||||||0|0||4|450|G0444|3.0|2020-11-25T00:00:00|hospital_B|hospital_B_20201124
SYN_BENE_F5A937E2AAA0|SYN_CLM_09F82BA78298|V|60|24-Nov-2020|24-Nov-2020|27-Nov-2020||3|491581|1|1|1|| |950.31|0.0| ||49|1063523132| |9999868992| |9999868992|||0|1| |950.31|24-Nov-2020|1|5|A|10|0.0|190.06|0|4|190.06|190.06|0|0|0|0|0|0|0|0|0|0|0|0|0|||||24-Nov-2020|949.0|0|0||T7432X|T7432X|N|F0280|N|Z653|Y|N1830|Y|E1129|Y|N182|Y|R809|N|G43719|Y|E785|Y|E1122|N|E1121|Y|E781|Y|R931|Y|E119|Y|I259|Y|E8881|Y|E669|Y|R7303|Y|D649|Y|P292|N|Z560|Y|Z9189|N|||||||Y07|Y07|U| | | | | | | | | | | | | | | | | | | | | | |Z741|24-Nov-2020|Z9181|24-Nov-2020|Z1331|24-Nov-2020|Z1331|24-Nov-2020|||||||||||||||||||||||||||||||||||||||||||0|0||1|450|96156|2.0|2020-11-25T00:00:00|hospital_B|hospital_B_20201124
SYN_BENE_F5A937E2AAA0|SYN_CLM_09F82BA78298|V|60|24-Nov-2020|24-Nov-2020|27-Nov-2020||3|491581|1|1|1|| |950.31|0.0| ||49|1063523132| |9999868992| |9999868992|||0|1| |950.31|24-Nov-2020|1|5|A|10|0.0|190.06|0|4|190.06|190.06|0|0|0|0|0|0|0|0|0|0|0|0|0|||||24-Nov-2020|949.0|0|0||T7432X|T7432X|N|F0280|N|Z653|Y|N1830|Y|E1129|Y|N182|Y|R809|N|G43719|Y|E785|Y|E1122|N|E1121|Y|E781|Y|R931|Y|E119|Y|I259|Y|E8881|Y|E669|Y|R7303|Y|D649|Y|P292|N|Z560|Y|Z9189|N|||||||Y07|Y07|U| | | | | | | | | | | | | | | | | | | | | | |Z741|24-Nov-2020|Z9181|24-Nov-2020|Z1331|24-Nov-2020|Z1331|24-Nov-2020|||||||||||||||||||||||||||||||||||||||||||0|0||2|450|M1069|3.0|2020-11-25T00:00:00|hospital_B|hospital_B_20201124
SYN_BENE_F5A937E2AAA0|SYN_CLM_09F82BA78298|V|60|24-Nov-2020|24-Nov-2020|27-Nov-2020||3|491581|1|1|1|| |950.31|0.0| ||49|1063523132| |9999868992| |9999868992|||0|1| |950.31|24-Nov-2020|1|5|A|10|0.0|190.06|0|4|190.06|190.06|0|0|0|0|0|0|0|0|0|0|0|0|0|||||24-Nov-2020|949.0|0|0||T7432X|T7432X|N|F0280|N|Z653|Y|N1830|Y|E1129|Y|N182|Y|R809|N|G43719|Y|E785|Y|E1122|N|E1121|Y|E781|Y|R931|Y|E119|Y|I259|Y|E8881|Y|E669|Y|R7303|Y|D649|Y|P292|N|Z560|Y|Z9189|N|||||||Y07|Y07|U| | | | | | | | | | | | | | | | | | | | | | |Z741|24-Nov-2020|Z9181|24-Nov-2020|Z1331|24-Nov-2020|Z1331|24-Nov-2020|||||||||||||||||||||||||||||||||||||||||||0|0||3|450|G0444|3.0|2020-11-25T00:00:00|hospital_B|hospital_B_20201124
SYN_BENE_F5A937E2AAA0|SYN_CLM_09F82BA78298|V|60|24-Nov-2020|24-Nov-2020|27-Nov-2020||3|491581|1|1|1|| |950.31|0.0| ||49|1063523132| |9999868992| |9999868992|||0|1| |950.31|24-Nov-2020|1|5|A|10|0.0|190.06|0|4|190.06|190.06|0|0|0|0|0|0|0|0|0|0|0|0|0|||||24-Nov-2020|949.0|0|0||T7432X|T7432X|N|F0280|N|Z653|Y|N1830|Y|E1129|Y|N182|Y|R809|N|G43719|Y|E785|Y|E1122|N|E1121|Y|E781|Y|R931|Y|E119|Y|I259|Y|E8881|Y|E669|Y|R7303|Y|D649|Y|P292|N|Z560|Y|Z9189|N|||||||Y07|Y07|U| | | | | | | | | | | | | | | | | | | | | | |Z741|24-Nov-2020|Z9181|24-Nov-2020|Z1331|24-Nov-2020|Z1331|24-Nov-2020|||||||||||||||||||||||||||||||||||||||||||0|0||4|450|G0444|3.0|2020-11-25T00:00:00|hospital_B|hospital_B_20201124
SYN_BENE_AF1C570D8B69|SYN_CLM_1CAC86E98A2D|V|60|24-Nov-2020|24-Nov-2020|27-Nov-2020||3|491581|1|1|1|| |950.31|0.0| ||49|1063523132| |9999868992| |9999868992|||0|1| |950.31|24-Nov-2020|1|5|A|10|0.0|190.06|0|4|190.06|190.06|0|0|0|0|0|0|0|0|0|0|0|0|0|||||24-Nov-2020|949.0|0|0||T7432X|T7432X|N|F0280|N|Z653|Y|N1830|Y|E1129|Y|N182|Y|R809|N|G43719|Y|E785|Y|E1122|N|E1121|Y|E781|Y|R931|Y|E119|Y|I259|Y|E8881|Y|E669|Y|R7303|Y|D649|Y|P292|N|Z560|Y|Z9189|N|||||||Y07|Y07|U| | | | | | | | | | | | | | | | | | | | | | |Z741|24-Nov-2020|Z9181|24-Nov-2020|Z1331|24-Nov-2020|Z1331|24-Nov-2020|||||||||||||||||||||||||||||||||||||||||||0|0||1|450|96156|2.0|2020-11-25T00:00:00|hospital_B|hospital_B_20201124
SYN_BENE_AF1C570D8B69|SYN_CLM_1CAC86E98A2D|V|60|24-Nov-2020|24-Nov-2020|27-Nov-2020||3|491581|1|1|1|| |950.31|0.0| ||49|1063523132| |9999868992| |9999868992|||0|1| |950.31|24-Nov-2020|1|5|A|10|0.0|190.06|0|4|190.06|190.06|0|0|0|0|0|0|0|0|0|0|0|0|0|||||24-Nov-2020|949.0|0|0||T7432X|T7432X|N|F0280|N|Z653|Y|N1830|Y|E1129|Y|N182|Y|R809|N|G43719|Y|E785|Y|E1122|N|E1121|Y|E781|Y|R931|Y|E119|Y|I259|Y|E8881|Y|E669|Y|R7303|Y|D649|Y|P292|N|Z560|Y|Z9189|N|||||||Y07|Y07|U| | | | | | | | | | | | | | | | | | | | | | |Z741|24-Nov-2020|Z9181|24-Nov-2020|Z1331|24-Nov-2020|Z1331|24-Nov-2020|||||||||||||||||||||||||||||||||||||||||||0|0||2|450|M1069|3.0|2020-11-25T00:00:00|hospital_B|hospital_B_20201124
SYN_BENE_AF1C570D8B69|SYN_CLM_1CAC86E98A2D|V|60|24-Nov-2020|24-Nov-2020|27-Nov-2020||3|491581|1|1|1|| |950.31|0.0| ||49|1063523132| |9999868992| |9999868992|||0|1| |950.31|24-Nov-2020|1|5|A|10|0.0|190.06|0|4|190.06|190.06|0|0|0|0|0|0|0|0|0|0|0|0|0|||||24-Nov-2020|949.0|0|0||T7432X|T7432X|N|F0280|N|Z653|Y|N1830|Y|E1129|Y|N182|Y|R809|N|G43719|Y|E785|Y|E1122|N|E1121|Y|E781|Y|R931|Y|E119|Y|I259|Y|E8881|Y|E669|Y|R7303|Y|D649|Y|P292|N|Z560|Y|Z9189|N|||||||Y07|Y07|U| | | | | | | | | | | | | | | | | | | | | | |Z741|24-Nov-2020|Z9181|24-Nov-2020|Z1331|24-Nov-2020|Z1331|24-Nov-2020|||||||||||||||||||||||||||||||||||||||||||0|0||3|450|G0444|3.0|2020-11-25T00:00:00|hospital_B|hospital_B_20201124
SYN_BENE_AF1C570D8B69|SYN_CLM_1CAC86E98A2D|V|60|24-Nov-2020|24-Nov-2020|27-Nov-2020||3|491581|1|1|1|| |950.31|0.0| ||49|1063523132| |9999868992| |9999868992|||0|1| |950.31|24-Nov-2020|1|5|A|10|0.0|190.06|0|4|190.06|190.06|0|0|0|0|0|0|0|0|0|0|0|0|0|||||24-Nov-2020|949.0|0|0||T7432X|T7432X|N|F0280|N|Z653|Y|N1830|Y|E1129|Y|N182|Y|R809|N|G43719|Y|E785|Y|E1122|N|E1121|Y|E781|Y|R931|Y|E119|Y|I259|Y|E8881|Y|E669|Y|R7303|Y|D649|Y|P292|N|Z560|Y|Z9189|N|||||||Y07|Y07|U| | | | | | | | | | | | | | | | | | | | | | |Z741|24-Nov-2020|Z9181|24-Nov-2020|Z1331|24-Nov-2020|Z1331|24-Nov-2020|||||||||||||||||||||||||||||||||||||||||||0|0||4|450|G0444|3.0|2020-11-25T00:00:00|hospital_B|hospital_B_20201124
SYN_BENE_4E80B2F9D417|SYN_CLM_E4DD34EF1D87|V|60|24-Nov-2020|24-Nov-2020|27-Nov-2020||3|491581|1|1|1|| |950.31|0.0| ||49|1063523132| |9999868992| |9999868992|||0|1| |950.31|24-Nov-2020|1|5|A|10|0.0|190.06|0|4|190.06|190.06|0|0|0|0|0|0|0|0|0|0|0|0|0|||||24-Nov-2020|949.0|0|0||T7432X|T7432X|N|F0280|N|Z653|Y|N1830|Y|E1129|Y|N182|Y|R809|N|G43719|Y|E785|Y|E1122|N|E1121|Y|E781|Y|R931|Y|E119|Y|I259|Y|E8881|Y|E669|Y|R7303|Y|D649|Y|P292|N|Z560|Y|Z9189|N|||||||Y07|Y07|U| | | | | | | | | | | | | | | | | | | | | | |Z741|24-Nov-2020|Z9181|24-Nov-2020|Z1331|24-Nov-2020|Z1331|24-Nov-2020|||||||||||||||||||||||||||||||||||||||||||0|0||1|450|96156|2.0|2020-11-25T00:00:00|hospital_B|hospital_B_20201124
SYN_BENE_4E80B2F9D417|SYN_CLM_E4DD34EF1D87|V|60|24-Nov-2020|24-Nov-2020|27-Nov-2020||3|491581|1|1|1|| |950.31|0.0| ||49|1063523132| |9999868992| |9999868992|||0|1| |950.31|24-Nov-2020|1|5|A|10|0.0|190.06|0|4|190.06|190.06|0|0|0|0|0|0|0|0|0|0|0|0|0|||||24-Nov-2020|949.0|0|0||T7432X|T7432X|N|F0280|N|Z653|Y|N1830|Y|E1129|Y|N182|Y|R809|N|G43719|Y|E785|Y|E1122|N|E1121|Y|E781|Y|R931|Y|E119|Y|I259|Y|E8881|Y|E669|Y|R7303|Y|D649|Y|P292|N|Z560|Y|Z9189|N|||||||Y07|Y07|U| | | | | | | | | | | | | | | | | | | | | | |Z741|24-Nov-2020|Z9181|24-Nov-2020|Z1331|24-Nov-2020|Z1331|24-Nov-2020|||||||||||||||||||||||||||||||||||||||||||0|0||2|450|M1069|3.0|2020-11-25T00:00:00|hospital_B|hospital_B_20201124
SYN_BENE_4E80B2F9D417|SYN_CLM_E4DD34EF1D87|V|60|24-Nov-2020|24-Nov-2020|27-Nov-2020||3|491581|1|1|1|| |950.31|0.0| ||49|1063523132| |9999868992| |9999868992|||0|1| |950.31|24-Nov-2020|1|5|A|10|0.0|190.06|0|4|190.06|190.06|0|0|0|0|0|0|0|0|0|0|0|0|0|||||24-Nov-2020|949.0|0|0||T7432X|T7432X|N|F0280|N|Z653|Y|N1830|Y|E1129|Y|N182|Y|R809|N|G43719|Y|E785|Y|E1122|N|E1121|Y|E781|Y|R931|Y|E119|Y|I259|Y|E8881|Y|E669|Y|R7303|Y|D649|Y|P292|N|Z560|Y|Z9189|N|||||||Y07|Y07|U| | | | | | | | | | | | | | | | | | | | | | |Z741|24-Nov-2020|Z9181|24-Nov-2020|Z1331|24-Nov-2020|Z1331|24-Nov-2020|||||||||||||||||||||||||||||||||||||||||||0|0||3|450|G0444|3.0|2020-11-25T00:00:00|hospital_B|hospital_B_20201124
SYN_BENE_4E80B2F9D417|SYN_CLM_E4DD34EF1D87|V|60|24-Nov-2020|24-Nov-2020|27-Nov-2020||3|491581|1|1|1|| |950.31|0.0| ||49|1063523132| |9999868992| |9999868992|||0|1| |950.31|24-Nov-2020|1|5|A|10|0.0|190.06|0|4|190.06|190.06|0|0|0|0|0|0|0|0|0|0|0|0|0|||||24-Nov-2020|949.0|0|0||T7432X|T7432X|N|F0280|N|Z653|Y|N1830|Y|E1129|Y|N182|Y|R809|N|G43719|Y|E785|Y|E1122|N|E1121|Y|E781|Y|R931|Y|E119|Y|I259|Y|E8881|Y|E669|Y|R7303|Y|D649|Y|P292|N|Z560|Y|Z9189|N|||||||Y07|Y07|U| | | | | | | | | | | | | | | | | | | | | | |Z741|24-Nov-2020|Z9181|24-Nov-2020|Z1331|24-Nov-2020|Z1331|24-Nov-2020|||||||||||||||||||||||||||||||||||||||||||0|0||4|450|G0444|3.0|2020-11-25T00:00:00|hospital_B|hospital_B_20201124
SYN_BENE_CBF378CE16E3|SYN_CLM_E623F61CA513|V|60|24-Nov-2020|24-Nov-2020|27-Nov-2020||3|491581|1|1|1|| |950.31|0.0| ||49|1063523132| |9999868992| |9999868992|||0|1| |950.31|24-Nov-2020|1|5|A|10|0.0|190.06|0|4|190.06|190.06|0|0|0|0|0|0|0|0|0|0|0|0|0|||||24-Nov-2020|949.0|0|0||T7432X|T7432X|N|F0280|N|Z653|Y|N1830|Y|E1129|Y|N182|Y|R809|N|G43719|Y|E785|Y|E1122|N|E1121|Y|E781|Y|R931|Y|E119|Y|I259|Y|E8881|Y|E669|Y|R7303|Y|D649|Y|P292|N|Z560|Y|Z9189|N|||||||Y07|Y07|U| | | | | | | | | | | | | | | | | | | | | | |Z741|24-Nov-2020|Z9181|24-Nov-2020|Z1331|24-Nov-2020|Z1331|24-Nov-2020|||||||||||||||||||||||||||||||||||||||||||0|0||1|450|96156|2.0|2020-11-25T00:00:00|hospital_B|hospital_B_20201124
SYN_BENE_CBF378CE16E3|SYN_CLM_E623F61CA513|V|60|24-Nov-2020|24-Nov-2020|27-Nov-2020||3|491581|1|1|1|| |950.31|0.0| ||49|1063523132| |9999868992| |9999868992|||0|1| |950.31|24-Nov-2020|1|5|A|10|0.0|190.06|0|4|190.06|190.06|0|0|0|0|0|0|0|0|0|0|0|0|0|||||24-Nov-2020|949.0|0|0||T7432X|T7432X|N|F0280|N|Z653|Y|N1830|Y|E1129|Y|N182|Y|R809|N|G43719|Y|E785|Y|E1122|N|E1121|Y|E781|Y|R931|Y|E119|Y|I259|Y|E8881|Y|E669|Y|R7303|Y|D649|Y|P292|N|Z560|Y|Z9189|N|||||||Y07|Y07|U| | | | | | | | | | | | | | | | | | | | | | |Z741|24-Nov-2020|Z9181|24-Nov-2020|Z1331|24-Nov-2020|Z1331|24-Nov-2020|||||||||||||||||||||||||||||||||||||||||||0|0||2|450|M1069|3.0|2020-11-25T00:00:00|hospital_B|hospital_B_20201124
SYN_BENE_CBF378CE16E3|SYN_CLM_E623F61CA513|V|60|24-Nov-2020|24-Nov-2020|27-Nov-2020||3|491581|1|1|1|| |950.31|0.0| ||49|1063523132| |9999868992| |9999868992|||0|1| |950.31|24-Nov-2020|1|5|A|10|0.0|190.06|0|4|190.06|190.06|0|0|0|0|0|0|0|0|0|0|0|0|0|||||24-Nov-2020|949.0|0|0||T7432X|T7432X|N|F0280|N|Z653|Y|N1830|Y|E1129|Y|N182|Y|R809|N|G43719|Y|E785|Y|E1122|N|E1121|Y|E781|Y|R931|Y|E119|Y|I259|Y|E8881|Y|E669|Y|R7303|Y|D649|Y|P292|N|Z560|Y|Z9189|N|||||||Y07|Y07|U| | | | | | | | | | | | | | | | | | | | | | |Z741|24-Nov-2020|Z9181|24-Nov-2020|Z1331|24-Nov-2020|Z1331|24-Nov-2020|||||||||||||||||||||||||||||||||||||||||||0|0||3|450|G0444|3.0|2020-11-25T00:00:00|hospital_B|hospital_B_20201124
SYN_BENE_CBF378CE16E3|SYN_CLM_E623F61CA513|V|60|24-Nov-2020|24-Nov-2020|27-Nov-2020||3|491581|1|1|1|| |950.31|0.0| ||49|1063523132| |9999868992| |9999868992|||0|1| |950.31|24-Nov-2020|1|5|A|10|0.0|190.06|0|4|190.06|190.06|0|0|0|0|0|0|0|0|0|0|0|0|0|||||24-Nov-2020|949.0|0|0||T7432X|T7432X|N|F0280|N|Z653|Y|N1830|Y|E1129|Y|N182|Y|R809|N|G43719|Y|E785|Y|E1122|N|E1121|Y|E781|Y|R931|Y|E119|Y|I259|Y|E8881|Y|E669|Y|R7303|Y|D649|Y|P292|N|Z560|Y|Z9189|N|||||||Y07|Y07|U| | | | | | | | | | | | | | | | | | | | | | |Z741|24-Nov-2020|Z9181|24-Nov-2020|Z1331|24-Nov-2020|Z1331|24-Nov-2020|||||||||||||||||||||||||||||||||||||||||||0|0||4|450|G0444|3.0|2020-11-25T00:00:00|hospital_B|hospital_B_20201124
SYN_BENE_C87D999B467B|SYN_CLM_2CAD912380DF|V|60|24-Nov-2020|24-Nov-2020|27-Nov-2020||3|491581|1|1|1|| |950.31|0.0| ||49|1063523132| |9999868992| |9999868992|||0|1| |950.31|24-Nov-2020|1|5|A|10|0.0|190.06|0|4|190.06|190.06|0|0|0|0|0|0|0|0|0|0|0|0|0|||||24-Nov-2020|949.0|0|0||T7432X|T7432X|N|F0280|N|Z653|Y|N1830|Y|E1129|Y|N182|Y|R809|N|G43719|Y|E785|Y|E1122|N|E1121|Y|E781|Y|R931|Y|E119|Y|I259|Y|E8881|Y|E669|Y|R7303|Y|D649|Y|P292|N|Z560|Y|Z9189|N|||||||Y07|Y07|U| | | | | | | | | | | | | | | | | | | | | | |Z741|24-Nov-2020|Z9181|24-Nov-2020|Z1331|24-Nov-2020|Z1331|24-Nov-2020|||||||||||||||||||||||||||||||||||||||||||0|0||1|450|96156|2.0|2020-11-25T00:00:00|hospital_B|hospital_B_20201124
SYN_BENE_C87D999B467B|SYN_CLM_2CAD912380DF|V|60|24-Nov-2020|24-Nov-2020|27-Nov-2020||3|491581|1|1|1|| |950.31|0.0| ||49|1063523132| |9999868992| |9999868992|||0|1| |950.31|24-Nov-2020|1|5|A|10|0.0|190.06|0|4|190.06|190.06|0|0|0|0|0|0|0|0|0|0|0|0|0|||||24-Nov-2020|949.0|0|0||T7432X|T7432X|N|F0280|N|Z653|Y|N1830|Y|E1129|Y|N182|Y|R809|N|G43719|Y|E785|Y|E1122|N|E1121|Y|E781|Y|R931|Y|E119|Y|I259|Y|E8881|Y|E669|Y|R7303|Y|D649|Y|P292|N|Z560|Y|Z9189|N|||||||Y07|Y07|U| | | | | | | | | | | | | | | | | | | | | | |Z741|24-Nov-2020|Z9181|24-Nov-2020|Z1331|24-Nov-2020|Z1331|24-Nov-2020|||||||||||||||||||||||||||||||||||||||||||0|0||2|450|M1069|3.0|2020-11-25T00:00:00|hospital_B|hospital_B_20201124
SYN_BENE_C87D999B467B|SYN_CLM_2CAD912380DF|V|60|24-Nov-2020|24-Nov-2020|27-Nov-2020||3|491581|1|1|1|| |950.31|0.0| ||49|1063523132| |9999868992| |9999868992|||0|1| |950.31|24-Nov-2020|1|5|A|10|0.0|190.06|0|4|190.06|190.06|0|0|0|0|0|0|0|0|0|0|0|0|0|||||24-Nov-2020|949.0|0|0||T7432X|T7432X|N|F0280|N|Z653|Y|N1830|Y|E1129|Y|N182|Y|R809|N|G43719|Y|E785|Y|E1122|N|E1121|Y|E781|Y|R931|Y|E119|Y|I259|Y|E8881|Y|E669|Y|R7303|Y|D649|Y|P292|N|Z560|Y|Z9189|N|||||||Y07|Y07|U| | | | | | | | | | | | | | | | | | | | | | |Z741|24-Nov-2020|Z9181|24-Nov-2020|Z1331|24-Nov-2020|Z1331|24-Nov-2020|||||||||||||||||||||||||||||||||||||||||||0|0||3|450|G0444|3.0|2020-11-25T00:00:00|hospital_B|hospital_B_20201124
SYN_BENE_C87D999B467B|SYN_CLM_2CAD912380DF|V|60|24-Nov-2020|24-Nov-2020|27-Nov-2020||3|491581|1|1|1|| |950.31|0.0| ||49|1063523132| |9999868992| |9999868992|||0|1| |950.31|24-Nov-2020|1|5|A|10|0.0|190.06|0|4|190.06|190.06|0|0|0|0|0|0|0|0|0|0|0|0|0|||||24-Nov-2020|949.0|0|0||T7432X|T7432X|N|F0280|N|Z653|Y|N1830|Y|E1129|Y|N182|Y|R809|N|G43719|Y|E785|Y|E1122|N|E1121|Y|E781|Y|R931|Y|E119|Y|I259|Y|E8881|Y|E669|Y|R7303|Y|D649|Y|P292|N|Z560|Y|Z9189|N|||||||Y07|Y07|U| | | | | | | | | | | | | | | | | | | | | | |Z741|24-Nov-2020|Z9181|24-Nov-2020|Z1331|24-Nov-2020|Z1331|24-Nov-2020|||||||||||||||||||||||||||||||||||||||||||0|0||4|450|G0444|3.0|2020-11-25T00:00:00|hospital_B|hospital_B_20201124
SYN_BENE_DCFFCFAEFBCE|SYN_CLM_8ABB005B301D|V|60|24-Nov-2020|24-Nov-2020|27-Nov-2020||3|491581|1|1|1|| |950.31|0.0| ||49|1063523132| |9999868992| |9999868992|||0|1| |950.31|24-Nov-2020|1|5|A|10|0.0|190.06|0|4|190.06|190.06|0|0|0|0|0|0|0|0|0|0|0|0|0|||||24-Nov-2020|949.0|0|0||T7432X|T7432X|N|F0280|N|Z653|Y|N1830|Y|E1129|Y|N182|Y|R809|N|G43719|Y|E785|Y|E1122|N|E1121|Y|E781|Y|R931|Y|E119|Y|I259|Y|E8881|Y|E669|Y|R7303|Y|D649|Y|P292|N|Z560|Y|Z9189|N|||||||Y07|Y07|U| | | | | | | | | | | | | | | | | | | | | | |Z741|24-Nov-2020|Z9181|24-Nov-2020|Z1331|24-Nov-2020|Z1331|24-Nov-2020|||||||||||||||||||||||||||||||||||||||||||0|0||1|450|96156|2.0|2020-11-25T00:00:00|hospital_B|hospital_B_20201124
SYN_BENE_DCFFCFAEFBCE|SYN_CLM_8ABB005B301D|V|60|24-Nov-2020|24-Nov-2020|27-Nov-2020||3|491581|1|1|1|| |950.31|0.0| ||49|1063523132| |9999868992| |9999868992|||0|1| |950.31|24-Nov-2020|1|5|A|10|0.0|190.06|0|4|190.06|190.06|0|0|0|0|0|0|0|0|0|0|0|0|0|||||24-Nov-2020|949.0|0|0||T7432X|T7432X|N|F0280|N|Z653|Y|N1830|Y|E1129|Y|N182|Y|R809|N|G43719|Y|E785|Y|E1122|N|E1121|Y|E781|Y|R931|Y|E119|Y|I259|Y|E8881|Y|E669|Y|R7303|Y|D649|Y|P292|N|Z560|Y|Z9189|N|||||||Y07|Y07|U| | | | | | | | | | | | | | | | | | | | | | |Z741|24-Nov-2020|Z9181|24-Nov-2020|Z1331|24-Nov-2020|Z1331|24-Nov-2020|||||||||||||||||||||||||||||||||||||||||||0|0||2|450|M1069|3.0|2020-11-25T00:00:00|hospital_B|hospital_B_20201124
SYN_BENE_DCFFCFAEFBCE|SYN_CLM_8ABB005B301D|V|60|24-Nov-2020|24-Nov-2020|27-Nov-2020||3|491581|1|1|1|| |950.31|0.0| ||49|1063523132| |9999868992| |9999868992|||0|1| |950.31|24-Nov-2020|1|5|A|10|0.0|190.06|0|4|190.06|190.06|0|0|0|0|0|0|0|0|0|0|0|0|0|||||24-Nov-2020|949.0|0|0||T7432X|T7432X|N|F0280|N|Z653|Y|N1830|Y|E1129|Y|N182|Y|R809|N|G43719|Y|E785|Y|E1122|N|E1121|Y|E781|Y|R931|Y|E119|Y|I259|Y|E8881|Y|E669|Y|R7303|Y|D649|Y|P292|N|Z560|Y|Z9189|N|||||||Y07|Y07|U| | | | | | | | | | | | | | | | | | | | | | |Z741|24-Nov-2020|Z9181|24-Nov-2020|Z1331|24-Nov-2020|Z1331|24-Nov-2020|||||||||||||||||||||||||||||||||||||||||||0|0||3|450|G0444|3.0|2020-11-25T00:00:00|hospital_B|hospital_B_20201124
SYN_BENE_DCFFCFAEFBCE|SYN_CLM_8ABB005B301D|V|60|24-Nov-2020|24-Nov-2020|27-Nov-2020||3|491581|1|1|1|| |950.31|0.0| ||49|1063523132| |9999868992| |9999868992|||0|1| |950.31|24-Nov-2020|1|5|A|10|0.0|190.06|0|4|190.06|190.06|0|0|0|0|0|0|0|0|0|0|0|0|0|||||24-Nov-2020|949.0|0|0||T7432X|T7432X|N|F0280|N|Z653|Y|N1830|Y|E1129|Y|N182|Y|R809|N|G43719|Y|E785|Y|E1122|N|E1121|Y|E781|Y|R931|Y|E119|Y|I259|Y|E8881|Y|E669|Y|R7303|Y|D649|Y|P292|N|Z560|Y|Z9189|N|||||||Y07|Y07|U| | | | | | | | | | | | | | | | | | | | | | |Z741|24-Nov-2020|Z9181|24-Nov-2020|Z1331|24-Nov-2020|Z1331|24-Nov-2020|||||||||||||||||||||||||||||||||||||||||||0|0||4|450|G0444|3.0|2020-11-25T00:00:00|hospital_B|hospital_B_20201124
SYN_BENE_9480D9330C36|SYN_CLM_1B3558333E46|V|60|24-Nov-2020|24-Nov-2020|27-Nov-2020||3|491581|1|1|1|| |950.31|0.0| ||49|1063523132| |9999868992| |9999868992|||0|1| |950.31|24-Nov-2020|1|5|A|10|0.0|190.06|0|4|190.06|190.06|0|0|0|0|0|0|0|0|0|0|0|0|0|||||24-Nov-2020|949.0|0|0||T7432X|T7432X|N|F0280|N|Z653|Y|N1830|Y|E1129|Y|N182|Y|R809|N|G43719|Y|E785|Y|E1122|N|E1121|Y|E781|Y|R931|Y|E119|Y|I259|Y|E8881|Y|E669|Y|R7303|Y|D649|Y|P292|N|Z560|Y|Z9189|N|||||||Y07|Y07|U| | | | | | | | | | | | | | | | | | | | | | |Z741|24-Nov-2020|Z9181|24-Nov-2020|Z1331|24-Nov-2020|Z1331|24-Nov-2020|||||||||||||||||||||||||||||||||||||||||||0|0||1|450|96156|2.0|2020-11-25T00:00:00|hospital_B|hospital_B_20201124
SYN_BENE_9480D9330C36|SYN_CLM_1B3558333E46|V|60|24-Nov-2020|24-Nov-2020|27-Nov-2020||3|491581|1|1|1|| |950.31|0.0| ||49|1063523132| |9999868992| |9999868992|||0|1| |950.31|24-Nov-2020|1|5|A|10|0.0|190.06|0|4|190.06|190.06|0|0|0|0|0|0|0|0|0|0|0|0|0|||||24-Nov-2020|949.0|0|0||T7432X|T7432X|N|F0280|N|Z653|Y|N1830|Y|E1129|Y|N182|Y|R809|N|G43719|Y|E785|Y|E1122|N|E1121|Y|E781|Y|R931|Y|E119|Y|I259|Y|E8881|Y|E669|Y|R7303|Y|D649|Y|P292|N|Z560|Y|Z9189|N|||||||Y07|Y07|U| | | | | | | | | | | | | | | | | | | | | | |Z741|24-Nov-2020|Z9181|24-Nov-2020|Z1331|24-Nov-2020|Z1331|24-Nov-2020|||||||||||||||||||||||||||||||||||||||||||0|0||2|450|M1069|3.0|2020-11-25T00:00:00|hospital_B|hospital_B_20201124
SYN_BENE_9480D9330C36|SYN_CLM_1B3558333E46|V|60|24-Nov-2020|24-Nov-2020|27-Nov-2020||3|491581|1|1|1|| |950.31|0.0| ||49|1063523132| |9999868992| |9999868992|||0|1| |950.31|24-Nov-2020|1|5|A|10|0.0|190.06|0|4|190.06|190.06|0|0|0|0|0|0|0|0|0|0|0|0|0|||||24-Nov-2020|949.0|0|0||T7432X|T7432X|N|F0280|N|Z653|Y|N1830|Y|E1129|Y|N182|Y|R809|N|G43719|Y|E785|Y|E1122|N|E1121|Y|E781|Y|R931|Y|E119|Y|I259|Y|E8881|Y|E669|Y|R7303|Y|D649|Y|P292|N|Z560|Y|Z9189|N|||||||Y07|Y07|U| | | | | | | | | | | | | | | | | | | | | | |Z741|24-Nov-2020|Z9181|24-Nov-2020|Z1331|24-Nov-2020|Z1331|24-Nov-2020|||||||||||||||||||||||||||||||||||||||||||0|0||3|450|G0444|3.0|2020-11-25T00:00:00|hospital_B|hospital_B_20201124
SYN_BENE_9480D9330C36|SYN_CLM_1B3558333E46|V|60|24-Nov-2020|24-Nov-2020|27-Nov-2020||3|491581|1|1|1|| |950.31|0.0| ||49|1063523132| |9999868992| |9999868992|||0|1| |950.31|24-Nov-2020|1|5|A|10|0.0|190.06|0|4|190.06|190.06|0|0|0|0|0|0|0|0|0|0|0|0|0|||||24-Nov-2020|949.0|0|0||T7432X|T7432X|N|F0280|N|Z653|Y|N1830|Y|E1129|Y|N182|Y|R809|N|G43719|Y|E785|Y|E1122|N|E1121|Y|E781|Y|R931|Y|E119|Y|I259|Y|E8881|Y|E669|Y|R7303|Y|D649|Y|P292|N|Z560|Y|Z9189|N|||||||Y07|Y07|U| | | | | | | | | | | | | | | | | | | | | | |Z741|24-Nov-2020|Z9181|24-Nov-2020|Z1331|24-Nov-2020|Z1331|24-Nov-2020|||||||||||||||||||||||||||||||||||||||||||0|0||4|450|G0444|3.0|2020-11-25T00:00:00|hospital_B|hospital_B_20201124
SYN_BENE_B38B0A5A41C8|SYN_CLM_96E4407BAD22|V|60|24-Nov-2020|24-Nov-2020|27-Nov-2020||3|491581|1|1|1|| |950.31|0.0| ||49|1063523132| |9999868992| |9999868992|||0|1| |950.31|24-Nov-2020|1|5|A|10|0.0|190.06|0|4|190.06|190.06|0|0|0|0|0|0|0|0|0|0|0|0|0|||||24-Nov-2020|949.0|0|0||T7432X|T7432X|N|F0280|N|Z653|Y|N1830|Y|E1129|Y|N182|Y|R809|N|G43719|Y|E785|Y|E1122|N|E1121|Y|E781|Y|R931|Y|E119|Y|I259|Y|E8881|Y|E669|Y|R7303|Y|D649|Y|P292|N|Z560|Y|Z9189|N|||||||Y07|Y07|U| | | | | | | | | | | | | | | | | | | | | | |Z741|24-Nov-2020|Z9181|24-Nov-2020|Z1331|24-Nov-2020|Z1331|24-Nov-2020|||||||||||||||||||||||||||||||||||||||||||0|0||1|450|96156|2.0|2020-11-25T00:00:00|hospital_B|hospital_B_20201124
SYN_BENE_B38B0A5A41C8|SYN_CLM_96E4407BAD22|V|60|24-Nov-2020|24-Nov-2020|27-Nov-2020||3|491581|1|1|1|| |950.31|0.0| ||49|1063523132| |9999868992| |9999868992|||0|1| |950.31|24-Nov-2020|1|5|A|10|0.0|190.06|0|4|190.06|190.06|0|0|0|0|0|0|0|0|0|0|0|0|0|||||24-Nov-2020|949.0|0|0||T7432X|T7432X|N|F0280|N|Z653|Y|N1830|Y|E1129|Y|N182|Y|R809|N|G43719|Y|E785|Y|E1122|N|E1121|Y|E781|Y|R931|Y|E119|Y|I259|Y|E8881|Y|E669|Y|R7303|Y|D649|Y|P292|N|Z560|Y|Z9189|N|||||||Y07|Y07|U| | | | | | | | | | | | | | | | | | | | | | |Z741|24-Nov-2020|Z9181|24-Nov-2020|Z1331|24-Nov-2020|Z1331|24-Nov-2020|||||||||||||||||||||||||||||||||||||||||||0|0||2|450|M1069|3.0|2020-11-25T00:00:00|hospital_B|hospital_B_20201124
SYN_BENE_B38B0A5A41C8|SYN_CLM_96E4407BAD22|V|60|24-Nov-2020|24-Nov-2020|27-Nov-2020||3|491581|1|1|1|| |950.31|0.0| ||49|1063523132| |9999868992| |9999868992|||0|1| |950.31|24-Nov-2020|1|5|A|10|0.0|190.06|0|4|190.06|190.06|0|0|0|0|0|0|0|0|0|0|0|0|0|||||24-Nov-2020|949.0|0|0||T7432X|T7432X|N|F0280|N|Z653|Y|N1830|Y|E1129|Y|N182|Y|R809|N|G43719|Y|E785|Y|E1122|N|E1121|Y|E781|Y|R931|Y|E119|Y|I259|Y|E8881|Y|E669|Y|R7303|Y|D649|Y|P292|N|Z560|Y|Z9189|N|||||||Y07|Y07|U| | | | | | | | | | | | | | | | | | | | | | |Z741|24-Nov-2020|Z9181|24-Nov-2020|Z1331|24-Nov-2020|Z1331|24-Nov-2020|||||||||||||||||||||||||||||||||||||||||||0|0||3|450|G0444|3.0|2020-11-25T00:00:00|hospital_B|hospital_B_20201124
SYN_BENE_B38B0A5A41C8|SYN_CLM_96E4407BAD22|V|60|24-Nov-2020|24-Nov-2020|27-Nov-2020||3|491581|1|1|1|| |950.31|0.0| ||49|1063523132| |9999868992| |9999868992|||0|1| |950.31|24-Nov-2020|1|5|A|10|0.0|190.06|0|4|190.06|190.06|0|0|0|0|0|0|0|0|0|0|0|0|0|||||24-Nov-2020|949.0|0|0||T7432X|T7432X|N|F0280|N|Z653|Y|N1830|Y|E1129|Y|N182|Y|R809|N|G43719|Y|E785|Y|E1122|N|E1121|Y|E781|Y|R931|Y|E119|Y|I259|Y|E8881|Y|E669|Y|R7303|Y|D649|Y|P292|N|Z560|Y|Z9189|N|||||||Y07|Y07|U| | | | | | | | | | | | | | | | | | | | | | |Z741|24-Nov-2020|Z9181|24-Nov-2020|Z1331|24-Nov-2020|Z1331|24-Nov-2020|||||||||||||||||||||||||||||||||||||||||||0|0||4|450|G0444|3.0|2020-11-25T00:00:00|hospital_B|hospital_B_20201124
SYN_BENE_073274632241|SYN_CLM_9252AAFA872C|V|60|24-Nov-2020|24-Nov-2020|27-Nov-2020||3|491581|1|1|1|| |950.31|0.0| ||49|1063523132| |9999868992| |9999868992|||0|1| |950.31|24-Nov-2020|1|5|A|10|0.0|190.06|0|4|190.06|190.06|0|0|0|0|0|0|0|0|0|0|0|0|0|||||24-Nov-2020|949.0|0|0||T7432X|T7432X|N|F0280|N|Z653|Y|N1830|Y|E1129|Y|N182|Y|R809|N|G43719|Y|E785|Y|E1122|N|E1121|Y|E781|Y|R931|Y|E119|Y|I259|Y|E8881|Y|E669|Y|R7303|Y|D649|Y|P292|N|Z560|Y|Z9189|N|||||||Y07|Y07|U| | | | | | | | | | | | | | | | | | | | | | |Z741|24-Nov-2020|Z9181|24-Nov-2020|Z1331|24-Nov-2020|Z1331|24-Nov-2020|||||||||||||||||||||||||||||||||||||||||||0|0||1|450|96156|2.0|2020-11-25T00:00:00|hospital_B|hospital_B_20201124
SYN_BENE_073274632241|SYN_CLM_9252AAFA872C|V|60|24-Nov-2020|24-Nov-2020|27-Nov-2020||3|491581|1|1|1|| |950.31|0.0| ||49|1063523132| |9999868992| |9999868992|||0|1| |950.31|24-Nov-2020|1|5|A|10|0.0|190.06|0|4|190.06|190.06|0|0|0|0|0|0|0|0|0|0|0|0|0|||||24-Nov-2020|949.0|0|0||T7432X|T7432X|N|F0280|N|Z653|Y|N1830|Y|E1129|Y|N182|Y|R809|N|G43719|Y|E785|Y|E1122|N|E1121|Y|E781|Y|R931|Y|E119|Y|I259|Y|E8881|Y|E669|Y|R7303|Y|D649|Y|P292|N|Z560|Y|Z9189|N|||||||Y07|Y07|U| | | | | | | | | | | | | | | | | | | | | | |Z741|24-Nov-2020|Z9181|24-Nov-2020|Z1331|24-Nov-2020|Z1331|24-Nov-2020|||||||||||||||||||||||||||||||||||||||||||0|0||2|450|M1069|3.0|2020-11-25T00:00:00|hospital_B|hospital_B_20201124
SYN_BENE_073274632241|SYN_CLM_9252AAFA872C|V|60|24-Nov-2020|24-Nov-2020|27-Nov-2020||3|491581|1|1|1|| |950.31|0.0| ||49|1063523132| |9999868992| |9999868992|||0|1| |950.31|24-Nov-2020|1|5|A|10|0.0|190.06|0|4|190.06|190.06|0|0|0|0|0|0|0|0|0|0|0|0|0|||||24-Nov-2020|949.0|0|0||T7432X|T7432X|N|F0280|N|Z653|Y|N1830|Y|E1129|Y|N182|Y|R809|N|G43719|Y|E785|Y|E1122|N|E1121|Y|E781|Y|R931|Y|E119|Y|I259|Y|E8881|Y|E669|Y|R7303|Y|D649|Y|P292|N|Z560|Y|Z9189|N|||||||Y07|Y07|U| | | | | | | | | | | | | | | | | | | | | | |Z741|24-Nov-2020|Z9181|24-Nov-2020|Z1331|24-Nov-2020|Z1331|24-Nov-2020|||||||||||||||||||||||||||||||||||||||||||0|0||3|450|G0444|3.0|2020-11-25T00:00:00|hospital_B|hospital_B_20201124
SYN_BENE_073274632241|SYN_CLM_9252AAFA872C|V|60|24-Nov-2020|24-Nov-2020|27-Nov-2020||3|491581|1|1|1|| |950.31|0.0| ||49|1063523132| |9999868992| |9999868992|||0|1| |950.31|24-Nov-2020|1|5|A|10|0.0|190.06|0|4|190.06|190.06|0|0|0|0|0|0|0|0|0|0|0|0|0|||||24-Nov-2020|949.0|0|0||T7432X|T7432X|N|F0280|N|Z653|Y|N1830|Y|E1129|Y|N182|Y|R809|N|G43719|Y|E785|Y|E1122|N|E1121|Y|E781|Y|R931|Y|E119|Y|I259|Y|E8881|Y|E669|Y|R7303|Y|D649|Y|P292|N|Z560|Y|Z9189|N|||||||Y07|Y07|U| | | | | | | | | | | | | | | | | | | | | | |Z741|24-Nov-2020|Z9181|24-Nov-2020|Z1331|24-Nov-2020|Z1331|24-Nov-2020|||||||||||||||||||||||||||||||||||||||||||0|0||4|450|G0444|3.0|2020-11-25T00:00:00|hospital_B|hospital_B_20201124
