BENE_ID|CLM_ID|NCH_NEAR_LINE_REC_IDENT_CD|NCH_CLM_TYPE_CD|CLM_FROM_DT|CLM_THRU_DT|NCH_WKLY_PROC_DT|FI_CLM_PROC_DT|CLAIM_QUERY_CODE|PRVDR_NUM|CLM_FAC_TYPE_CD|CLM_SRVC_CLSFCTN_TYPE_CD|CLM_FREQ_CD|FI_NUM|CLM_MDCR_NON_PMT_RSN_CD|CLM_PMT_AMT|NCH_PRMRY_PYR_CLM_PD_AMT|NCH_PRMRY_PYR_CD|FI_CLM_ACTN_CD|PRVDR_STATE_CD|ORG_NPI_NUM|AT_PHYSN_UPIN|AT_PHYSN_NPI|OP_PHYSN_UPIN|OP_PHYSN_NPI|OT_PHYSN_UPIN|OT_PHYSN_NPI|CLM_MCO_PD_SW|PTNT_DSCHRG_STUS_CD|CLM_PPS_IND_CD|CLM_TOT_CHRG_AMT|CLM_ADMSN_DT|CLM_IP_ADMSN_TYPE_CD|CLM_SRC_IP_ADMSN_CD|NCH_PTNT_STATUS_IND_CD|CLM_PASS_THRU_PER_DIEM_AMT|NCH_BENE_IP_DDCTBL_AMT|NCH_BENE_PTA_COINSRNC_LBLTY_AM|NCH_BENE_BLOOD_DDCTBL_LBLTY_AM|NCH_PROFNL_CMPNT_CHRG_AMT|NCH_IP_NCVRD_CHRG_AMT|NCH_IP_TOT_DDCTN_AMT|CLM_TOT_PPS_CPTL_AMT|CLM_PPS_CPTL_FSP_AMT|CLM_PPS_CPTL_OUTLIER_AMT|CLM_PPS_CPTL_DSPRPRTNT_SHR_AMT|CLM_PPS_CPTL_IME_AMT|CLM_PPS_CPTL_EXCPTN_AMT|CLM_PPS_OLD_CPTL_HLD_HRMLS_AMT|CLM_PPS_CPTL_DRG_WT_NUM|CLM_UTLZTN_DAY_CNT|BENE_TOT_COINSRNC_DAYS_CNT|BENE_LRD_USED_CNT|CLM_NON_UTLZTN_DAYS_CNT|NCH_BLOOD_PNTS_FRNSHD_QTY|NCH_VRFD_NCVRD_STAY_FROM_DT|NCH_VRFD_NCVRD_STAY_THRU_DT|NCH_ACTV_OR_CVRD_LVL_CARE_THRU|NCH_BENE_MDCR_BNFTS_EXHTD_DT_I|NCH_BENE_DSCHRG_DT|CLM_DRG_CD|CLM_DRG_OUTLIER_STAY_CD|NCH_DRG_OUTLIER_APRVD_PMT_AMT|ADMTG_DGNS_CD|PRNCPAL_DGNS_CD|ICD_DGNS_CD1|CLM_POA_IND_SW1|ICD_DGNS_CD2|CLM_POA_IND_SW2|ICD_DGNS_CD3|CLM_POA_IND_SW3|ICD_DGNS_CD4|CLM_POA_IND_SW4|ICD_DGNS_CD5|CLM_POA_IND_SW5|ICD_DGNS_CD6|CLM_POA_IND_SW6|ICD_DGNS_CD7|CLM_POA_IND_SW7|ICD_DGNS_CD8|CLM_POA_IND_SW8|ICD_DGNS_CD9|CLM_POA_IND_SW9|ICD_DGNS_CD10|CLM_POA_IND_SW10|ICD_DGNS_CD11|CLM_POA_IND_SW11|ICD_DGNS_CD12|CLM_POA_IND_SW12|ICD_DGNS_CD13|CLM_POA_IND_SW13|ICD_DGNS_CD14|CLM_POA_IND_SW14|ICD_DGNS_CD15|CLM_POA_IND_SW15|ICD_DGNS_CD16|CLM_POA_IND_SW16|ICD_DGNS_CD17|CLM_POA_IND_SW17|ICD_DGNS_CD18|CLM_POA_IND_SW18|ICD_DGNS_CD19|CLM_POA_IND_SW19|ICD_DGNS_CD20|CLM_POA_IND_SW20|ICD_DGNS_CD21|CLM_POA_IND_SW21|ICD_DGNS_CD22|CLM_POA_IND_SW22|ICD_DGNS_CD23|CLM_POA_IND_SW23|ICD_DGNS_CD24|CLM_POA_IND_SW24|ICD_DGNS_CD25|CLM_POA_IND_SW25|FST_DGNS_E_CD|ICD_DGNS_E_CD1|CLM_E_POA_IND_SW1|ICD_DGNS_E_CD2|CLM_E_POA_IND_SW2|ICD_DGNS_E_CD3|CLM_E_POA_IND_SW3|ICD_DGNS_E_CD4|CLM_E_POA_IND_SW4|ICD_DGNS_E_CD5|CLM_E_POA_IND_SW5|ICD_DGNS_E_CD6|CLM_E_POA_IND_SW6|ICD_DGNS_E_CD7|CLM_E_POA_IND_SW7|ICD_DGNS_E_CD8|CLM_E_POA_IND_SW8|ICD_DGNS_E_CD9|CLM_E_POA_IND_SW9|ICD_DGNS_E_CD10|CLM_E_POA_IND_SW10|ICD_DGNS_E_CD11|CLM_E_POA_IND_SW11|ICD_DGNS_E_CD12|CLM_E_POA_IND_SW12|ICD_PRCDR_CD1|PRCDR_DT1|ICD_PRCDR_CD2|PRCDR_DT2|ICD_PRCDR_CD3|PRCDR_DT3|ICD_PRCDR_CD4|PRCDR_DT4|ICD_PRCDR_CD5|PRCDR_DT5|ICD_PRCDR_CD6|PRCDR_DT6|ICD_PRCDR_CD7|PRCDR_DT7|ICD_PRCDR_CD8|PRCDR_DT8|ICD_PRCDR_CD9|PRCDR_DT9|ICD_PRCDR_CD10|PRCDR_DT10|ICD_PRCDR_CD11|PRCDR_DT11|ICD_PRCDR_CD12|PRCDR_DT12|ICD_PRCDR_CD13|PRCDR_DT13|ICD_PRCDR_CD14|PRCDR_DT14|ICD_PRCDR_CD15|PRCDR_DT15|ICD_PRCDR_CD16|PRCDR_DT16|ICD_PRCDR_CD17|PRCDR_DT17|ICD_PRCDR_CD18|PRCDR_DT18|ICD_PRCDR_CD19|PRCDR_DT19|ICD_PRCDR_CD20|PRCDR_DT20|ICD_PRCDR_CD21|PRCDR_DT21|ICD_PRCDR_CD22|PRCDR_DT22|ICD_PRCDR_CD23|PRCDR_DT23|ICD_PRCDR_CD24|PRCDR_DT24|ICD_PRCDR_CD25|PRCDR_DT25|IME_OP_CLM_VAL_AMT|DSH_OP_CLM_VAL_AMT|CLM_UNCOMPD_CARE_PMT_AMT|CLM_LINE_NUM|REV_CNTR|HCPCS_CD|REV_CNTR_DDCTBL_COINSRNC_CD|ingestion_timestamp|hospital_id|batch_id
-10000010259786|-10000930272233|V|60|31-Aug-2021|31-Aug-2021|03-Sep-2021||3|107522|1|1|1|| |1278.55|0.0| ||10|1992753768| |9999623793| |9999623793|||0|1| |1278.55|31-Aug-2021|1|2|A|10|0.0|255.7|0|4|0.0|0.0|0|0|0|0|0|0|0|0|0|0|0|0|0|||||31-Aug-2021|951.0|0|0||Z733|Z733|N|T7432X|Y|E0922|N|R809|N|I1310|N|E1121|Y|I252|Y|I214|Y|E113592|Y|E113299|Y|E1141|N|R739|Y|E11319|Y|E785|Y|E781|Y|E8881|Y|Z653|Y|E119|Y|R931|Y|I259|Y|E669|Y|R7303|Y|D649|Y|M179|Y|P292|N|||| | | | | | | | | | | | | | | | | | | | | | |Z741|31-Aug-2021|Z9181|31-Aug-2021|Z1331|31-Aug-2021|Z1331|31-Aug-2021|F1990|31-Aug-2021|F109|31-Aug-2021|||||||||||||||||||||||||||||||||||||||0|0||1|450|96156|3.0|2021-09-01T00:00:00|hospital_E|hospital_E_20210831
-10000010259786|-10000930272233|V|60|31-Aug-2021|31-Aug-2021|03-Sep-2021||3|107522|1|1|1|| |1278.55|0.0| ||10|1992753768| |9999623793| |9999623793|||0|1| |1278.55|31-Aug-2021|1|2|A|10|0.0|255.7|0|4|0.0|0.0|0|0|0|0|0|0|0|0|0|0|0|0|0|||||31-Aug-2021|951.0|0|0||Z733|Z733|N|T7432X|Y|E0922|N|R809|N|I1310|N|E1121|Y|I252|Y|I214|Y|E113592|Y|E113299|Y|E1141|N|R739|Y|E11319|Y|E785|Y|E781|Y|E8881|Y|Z653|Y|E119|Y|R931|Y|I259|Y|E669|Y|R7303|Y|D649|Y|M179|Y|P292|N|||| | | | | | | | | | | | | | | | | | | | | | |Z741|31-Aug-2021|Z9181|31-Aug-2021|Z1331|31-Aug-2021|Z1331|31-Aug-2021|F1990|31-Aug-2021|F109|31-Aug-2021|||||||||||||||||||||||||||||||||||||||0|0||2|450|M1069|3.0|2021-09-01T00:00:00|hospital_E|hospital_E_20210831
-10000010259786|-10000930272233|V|60|31-Aug-2021|31-Aug-2021|03-Sep-2021||3|107522|1|1|1|| |1278.55|0.0| ||10|1992753768| |9999623793| |9999623793|||0|1| |1278.55|31-Aug-2021|1|2|A|10|0.0|255.7|0|4|0.0|0.0|0|0|0|0|0|0|0|0|0|0|0|0|0|||||31-Aug-2021|951.0|0|0||Z733|Z733|N|T7432X|Y|E0922|N|R809|N|I1310|N|E1121|Y|I252|Y|I214|Y|E113592|Y|E113299|Y|E1141|N|R739|Y|E11319|Y|E785|Y|E781|Y|E8881|Y|Z653|Y|E119|Y|R931|Y|I259|Y|E669|Y|R7303|Y|D649|Y|M179|Y|P292|N|||| | | | | | | | | | | | | | | | | | | | | | |Z741|31-Aug-2021|Z9181|31-Aug-2021|Z1331|31-Aug-2021|Z1331|31-Aug-2021|F1990|31-Aug-2021|F109|31-Aug-2021|||||||||||||||||||||||||||||||||||||||0|0||3|450|G0444|3.0|2021-09-01T00:00:00|hospital_E|hospital_E_20210831
-10000010259786|-10000930272233|V|60|31-Aug-2021|31-Aug-2021|03-Sep-2021||3|107522|1|1|1|| |1278.55|0.0| ||10|1992753768| |9999623793| |9999623793|||0|1| |1278.55|31-Aug-2021|1|2|A|10|0.0|255.7|0|4|0.0|0.0|0|0|0|0|0|0|0|0|0|0|0|0|0|||||31-Aug-2021|951.0|0|0||Z733|Z733|N|T7432X|Y|E0922|N|R809|N|I1310|N|E1121|Y|I252|Y|I214|Y|E113592|Y|E113299|Y|E1141|N|R739|Y|E11319|Y|E785|Y|E781|Y|E8881|Y|Z653|Y|E119|Y|R931|Y|I259|Y|E669|Y|R7303|Y|D649|Y|M179|Y|P292|N|||| | | | | | | | | | | | | | | | | | | | | | |Z741|31-Aug-2021|Z9181|31-Aug-2021|Z1331|31-Aug-2021|Z1331|31-Aug-2021|F1990|31-Aug-2021|F109|31-Aug-2021|||||||||||||||||||||||||||||||||||||||0|0||4|450|G0444|3.0|2021-09-01T00:00:00|hospital_E|hospital_E_20210831
-10000010259786|-10000930272233|V|60|31-Aug-2021|31-Aug-2021|03-Sep-2021||3|107522|1|1|1|| |1278.55|0.0| ||10|1992753768| |9999623793| |9999623793|||0|1| |1278.55|31-Aug-2021|1|2|A|10|0.0|255.7|0|4|0.0|0.0|0|0|0|0|0|0|0|0|0|0|0|0|0|||||31-Aug-2021|951.0|0|0||Z733|Z733|N|T7432X|Y|E0922|N|R809|N|I1310|N|E1121|Y|I252|Y|I214|Y|E113592|Y|E113299|Y|E1141|N|R739|Y|E11319|Y|E785|Y|E781|Y|E8881|Y|Z653|Y|E119|Y|R931|Y|I259|Y|E669|Y|R7303|Y|D649|Y|M179|Y|P292|N|||| | | | | | | | | | | | | | | | | | | | | | |Z741|31-Aug-2021|Z9181|31-Aug-2021|Z1331|31-Aug-2021|Z1331|31-Aug-2021|F1990|31-Aug-2021|F109|31-Aug-2021|||||||||||||||||||||||||||||||||||||||0|0||5|450|99408|3.0|2021-09-01T00:00:00|hospital_E|hospital_E_20210831
-10000010259786|-10000930272233|V|60|31-Aug-2021|31-Aug-2021|03-Sep-2021||3|107522|1|1|1|| |1278.55|0.0| ||10|1992753768| |9999623793| |9999623793|||0|1| |1278.55|31-Aug-2021|1|2|A|10|0.0|255.7|0|4|0.0|0.0|0|0|0|0|0|0|0|0|0|0|0|0|0|||||31-Aug-2021|951.0|0|0||Z733|Z733|N|T7432X|Y|E0922|N|R809|N|I1310|N|E1121|Y|I252|Y|I214|Y|E113592|Y|E113299|Y|E1141|N|R739|Y|E11319|Y|E785|Y|E781|Y|E8881|Y|Z653|Y|E119|Y|R931|Y|I259|Y|E669|Y|R7303|Y|D649|Y|M179|Y|P292|N|||| | | | | | | | | | | | | | | | | | | | | | |Z741|31-Aug-2021|Z9181|31-Aug-2021|Z1331|31-Aug-2021|Z1331|31-Aug-2021|F1990|31-Aug-2021|F109|31-Aug-2021|||||||||||||||||||||||||||||||||||||||0|0||6|450|G0442|3.0|2021-09-01T00:00:00|hospital_E|hospital_E_20210831
SYN_BENE_B2B57B9AEFCA|SYN_CLM_058CB311D90D|V|60|31-Aug-2021|31-Aug-2021|03-Sep-2021||3|107522|1|1|1|| |1278.55|0.0| ||10|1992753768| |9999623793| |9999623793|||0|1| |1278.55|31-Aug-2021|1|2|A|10|0.0|255.7|0|4|0.0|0.0|0|0|0|0|0|0|0|0|0|0|0|0|0|||||31-Aug-2021|951.0|0|0||Z733|Z733|N|T7432X|Y|E0922|N|R809|N|I1310|N|E1121|Y|I252|Y|I214|Y|E113592|Y|E113299|Y|E1141|N|R739|Y|E11319|Y|E785|Y|E781|Y|E8881|Y|Z653|Y|E119|Y|R931|Y|I259|Y|E669|Y|R7303|Y|D649|Y|M179|Y|P292|N|||| | | | | | | | | | | | | | | | | | | | | | |Z741|31-Aug-2021|Z9181|31-Aug-2021|Z1331|31-Aug-2021|Z1331|31-Aug-2021|F1990|31-Aug-2021|F109|31-Aug-2021|||||||||||||||||||||||||||||||||||||||0|0||1|450|96156|3.0|2021-09-01T00:00:00|hospital_E|hospital_E_20210831
SYN_BENE_B2B57B9AEFCA|SYN_CLM_058CB311D90D|V|60|31-Aug-2021|31-Aug-2021|03-Sep-2021||3|107522|1|1|1|| |1278.55|0.0| ||10|1992753768| |9999623793| |9999623793|||0|1| |1278.55|31-Aug-2021|1|2|A|10|0.0|255.7|0|4|0.0|0.0|0|0|0|0|0|0|0|0|0|0|0|0|0|||||31-Aug-2021|951.0|0|0||Z733|Z733|N|T7432X|Y|E0922|N|R809|N|I1310|N|E1121|Y|I252|Y|I214|Y|E113592|Y|E113299|Y|E1141|N|R739|Y|E11319|Y|E785|Y|E781|Y|E8881|Y|Z653|Y|E119|Y|R931|Y|I259|Y|E669|Y|R7303|Y|D649|Y|M179|Y|P292|N|||| | | | | | | | | | | | | | | | | | | | | | |Z741|31-Aug-2021|Z9181|31-Aug-2021|Z1331|31-Aug-2021|Z1331|31-Aug-2021|F1990|31-Aug-2021|F109|31-Aug-2021|||||||||||||||||||||||||||||||||||||||0|0||2|450|M1069|3.0|2021-09-01T00:00:00|hospital_E|hospital_E_20210831
SYN_BENE_B2B57B9AEFCA|SYN_CLM_058CB311D90D|V|60|31-Aug-2021|31-Aug-2021|03-Sep-2021||3|107522|1|1|1|| |1278.55|0.0| ||10|1992753768| |9999623793| |9999623793|||0|1| |1278.55|31-Aug-2021|1|2|A|10|0.0|255.7|0|4|0.0|0.0|0|0|0|0|0|0|0|0|0|0|0|0|0|||||31-Aug-2021|951.0|0|0||Z733|Z733|N|T7432X|Y|E0922|N|R809|N|I1310|N|E1121|Y|I252|Y|I214|Y|E113592|Y|E113299|Y|E1141|N|R739|Y|E11319|Y|E785|Y|E781|Y|E8881|Y|Z653|Y|E119|Y|R931|Y|I259|Y|E669|Y|R7303|Y|D649|Y|M179|Y|P292|N|||| | | | | | | | | | | | | | | | | | | | | | |Z741|31-Aug-2021|Z9181|31-Aug-2021|Z1331|31-Aug-2021|Z1331|31-Aug-2021|F1990|31-Aug-2021|F109|31-Aug-2021|||||||||||||||||||||||||||||||||||||||0|0||3|450|G0444|3.0|2021-09-01T00:00:00|hospital_E|hospital_E_20210831
SYN_BENE_B2B57B9AEFCA|SYN_CLM_058CB311D90D|V|60|31-Aug-2021|31-Aug-2021|03-Sep-2021||3|107522|1|1|1|| |1278.55|0.0| ||10|1992753768| |9999623793| |9999623793|||0|1| |1278.55|31-Aug-2021|1|2|A|10|0.0|255.7|0|4|0.0|0.0|0|0|0|0|0|0|0|0|0|0|0|0|0|||||31-Aug-2021|951.0|0|0||Z733|Z733|N|T7432X|Y|E0922|N|R809|N|I1310|N|E1121|Y|I252|Y|I214|Y|E113592|Y|E113299|Y|E1141|N|R739|Y|E11319|Y|E785|Y|E781|Y|E8881|Y|Z653|Y|E119|Y|R931|Y|I259|Y|E669|Y|R7303|Y|D649|Y|M179|Y|P292|N|||| | | | | | | | | | | | | | | | | | | | | | |Z741|31-Aug-2021|Z9181|31-Aug-2021|Z1331|31-Aug-2021|Z1331|31-Aug-2021|F1990|31-Aug-2021|F109|31-Aug-2021|||||||||||||||||||||||||||||||||||||||0|0||4|450|G0444|3.0|2021-09-01T00:00:00|hospital_E|hospital_E_20210831
SYN_BENE_B2B57B9AEFCA|SYN_CLM_058CB311D90D|V|60|31-Aug-2021|31-Aug-2021|03-Sep-2021||3|107522|1|1|1|| |1278.55|0.0| ||10|1992753768| |9999623793| |9999623793|||0|1| |1278.55|31-Aug-2021|1|2|A|10|0.0|255.7|0|4|0.0|0.0|0|0|0|0|0|0|0|0|0|0|0|0|0|||||31-Aug-2021|951.0|0|0||Z733|Z733|N|T7432X|Y|E0922|N|R809|N|I1310|N|E1121|Y|I252|Y|I214|Y|E113592|Y|E113299|Y|E1141|N|R739|Y|E11319|Y|E785|Y|E781|Y|E8881|Y|Z653|Y|E119|Y|R931|Y|I259|Y|E669|Y|R7303|Y|D649|Y|M179|Y|P292|N|||| | | | | | | | | | | | | | | | | | | | | | |Z741|31-Aug-2021|Z9181|31-Aug-2021|Z1331|31-Aug-2021|Z1331|31-Aug-2021|F1990|31-Aug-2021|F109|31-Aug-2021|||||||||||||||||||||||||||||||||||||||0|0||5|450|99408|3.0|2021-09-01T00:00:00|hospital_E|hospital_E_20210831
SYN_BENE_B2B57B9AEFCA|SYN_CLM_058CB311D90D|V|60|31-Aug-2021|31-Aug-2021|03-Sep-2021||3|107522|1|1|1|| |1278.55|0.0| ||10|1992753768| |9999623793| |9999623793|||0|1| |1278.55|31-Aug-2021|1|2|A|10|0.0|255.7|0|4|0.0|0.0|0|0|0|0|0|0|0|0|0|0|0|0|0|||||31-Aug-2021|951.0|0|0||Z733|Z733|N|T7432X|Y|E0922|N|R809|N|I1310|N|E1121|Y|I252|Y|I214|Y|E113592|Y|E113299|Y|E1141|N|R739|Y|E11319|Y|E785|Y|E781|Y|E8881|Y|Z653|Y|E119|Y|R931|Y|I259|Y|E669|Y|R7303|Y|D649|Y|M179|Y|P292|N|||| | | | | | | | | | | | | | | | | | | | | | |Z741|31-Aug-2021|Z9181|31-Aug-2021|Z1331|31-Aug-2021|Z1331|31-Aug-2021|F1990|31-Aug-2021|F109|31-Aug-2021|||||||||||||||||||||||||||||||||||||||0|0||6|450|G0442|3.0|2021-09-01T00:00:00|hospital_E|hospital_E_20210831
SYN_BENE_747972B65555|SYN_CLM_C1D344B6B79C|V|60|31-Aug-2021|31-Aug-2021|03-Sep-2021||3|107522|1|1|1|| |1278.55|0.0| ||10|1992753768| |9999623793| |9999623793|||0|1| |1278.55|31-Aug-2021|1|2|A|10|0.0|255.7|0|4|0.0|0.0|0|0|0|0|0|0|0|0|0|0|0|0|0|||||31-Aug-2021|951.0|0|0||Z733|Z733|N|T7432X|Y|E0922|N|R809|N|I1310|N|E1121|Y|I252|Y|I214|Y|E113592|Y|E113299|Y|E1141|N|R739|Y|E11319|Y|E785|Y|E781|Y|E8881|Y|Z653|Y|E119|Y|R931|Y|I259|Y|E669|Y|R7303|Y|D649|Y|M179|Y|P292|N|||| | | | | | | | | | | | | | | | | | | | | | |Z741|31-Aug-2021|Z9181|31-Aug-2021|Z1331|31-Aug-2021|Z1331|31-Aug-2021|F1990|31-Aug-2021|F109|31-Aug-2021|||||||||||||||||||||||||||||||||||||||0|0||1|450|96156|3.0|2021-09-01T00:00:00|hospital_E|hospital_E_20210831
SYN_BENE_747972B65555|SYN_CLM_C1D344B6B79C|V|60|31-Aug-2021|31-Aug-2021|03-Sep-2021||3|107522|1|1|1|| |1278.55|0.0| ||10|1992753768| |9999623793| |9999623793|||0|1| |1278.55|31-Aug-2021|1|2|A|10|0.0|255.7|0|4|0.0|0.0|0|0|0|0|0|0|0|0|0|0|0|0|0|||||31-Aug-2021|951.0|0|0||Z733|Z733|N|T7432X|Y|E0922|N|R809|N|I1310|N|E1121|Y|I252|Y|I214|Y|E113592|Y|E113299|Y|E1141|N|R739|Y|E11319|Y|E785|Y|E781|Y|E8881|Y|Z653|Y|E119|Y|R931|Y|I259|Y|E669|Y|R7303|Y|D649|Y|M179|Y|P292|N|||| | | | | | | | | | | | | | | | | | | | | | |Z741|31-Aug-2021|Z9181|31-Aug-2021|Z1331|31-Aug-2021|Z1331|31-Aug-2021|F1990|31-Aug-2021|F109|31-Aug-2021|||||||||||||||||||||||||||||||||||||||0|0||2|450|M1069|3.0|2021-09-01T00:00:00|hospital_E|hospital_E_20210831
SYN_BENE_747972B65555|SYN_CLM_C1D344B6B79C|V|60|31-Aug-2021|31-Aug-2021|03-Sep-2021||3|107522|1|1|1|| |1278.55|0.0| ||10|1992753768| |9999623793| |9999623793|||0|1| |1278.55|31-Aug-2021|1|2|A|10|0.0|255.7|0|4|0.0|0.0|0|0|0|0|0|0|0|0|0|0|0|0|0|||||31-Aug-2021|951.0|0|0||Z733|Z733|N|T7432X|Y|E0922|N|R809|N|I1310|N|E1121|Y|I252|Y|I214|Y|E113592|Y|E113299|Y|E1141|N|R739|Y|E11319|Y|E785|Y|E781|Y|E8881|Y|Z653|Y|E119|Y|R931|Y|I259|Y|E669|Y|R7303|Y|D649|Y|M179|Y|P292|N|||| | | | | | | | | | | | | | | | | | | | | | |Z741|31-Aug-2021|Z9181|31-Aug-2021|Z1331|31-Aug-2021|Z1331|31-Aug-2021|F1990|31-Aug-2021|F109|31-Aug-2021|||||||||||||||||||||||||||||||||||||||0|0||3|450|G0444|3.0|2021-09-01T00:00:00|hospital_E|hospital_E_20210831
SYN_BENE_747972B65555|SYN_CLM_C1D344B6B79C|V|60|31-Aug-2021|31-Aug-2021|03-Sep-2021||3|107522|1|1|1|| |1278.55|0.0| ||10|1992753768| |9999623793| |9999623793|||0|1| |1278.55|31-Aug-2021|1|2|A|10|0.0|255.7|0|4|0.0|0.0|0|0|0|0|0|0|0|0|0|0|0|0|0|||||31-Aug-2021|951.0|0|0||Z733|Z733|N|T7432X|Y|E0922|N|R809|N|I1310|N|E1121|Y|I252|Y|I214|Y|E113592|Y|E113299|Y|E1141|N|R739|Y|E11319|Y|E785|Y|E781|Y|E8881|Y|Z653|Y|E119|Y|R931|Y|I259|Y|E669|Y|R7303|Y|D649|Y|M179|Y|P292|N|||| | | | | | | | | | | | | | | | | | | | | | |Z741|31-Aug-2021|Z9181|31-Aug-2021|Z1331|31-Aug-2021|Z1331|31-Aug-2021|F1990|31-Aug-2021|F109|31-Aug-2021|||||||||||||||||||||||||||||||||||||||0|0||4|450|G0444|3.0|2021-09-01T00:00:00|hospital_E|hospital_E_20210831
SYN_BENE_747972B65555|SYN_CLM_C1D344B6B79C|V|60|31-Aug-2021|31-Aug-2021|03-Sep-2021||3|107522|1|1|1|| |1278.55|0.0| ||10|1992753768| |9999623793| |9999623793|||0|1| |1278.55|31-Aug-2021|1|2|A|10|0.0|255.7|0|4|0.0|0.0|0|0|0|0|0|0|0|0|0|0|0|0|0|||||31-Aug-2021|951.0|0|0||Z733|Z733|N|T7432X|Y|E0922|N|R809|N|I1310|N|E1121|Y|I252|Y|I214|Y|E113592|Y|E113299|Y|E1141|N|R739|Y|E11319|Y|E785|Y|E781|Y|E8881|Y|Z653|Y|E119|Y|R931|Y|I259|Y|E669|Y|R7303|Y|D649|Y|M179|Y|P292|N|||| | | | | | | | | | | | | | | | | | | | | | |Z741|31-Aug-2021|Z9181|31-Aug-2021|Z1331|31-Aug-2021|Z1331|31-Aug-2021|F1990|31-Aug-2021|F109|31-Aug-2021|||||||||||||||||||||||||||||||||||||||0|0||5|450|99408|3.0|2021-09-01T00:00:00|hospital_E|hospital_E_20210831
SYN_BENE_747972B65555|SYN_CLM_C1D344B6B79C|V|60|31-Aug-2021|31-Aug-2021|03-Sep-2021||3|107522|1|1|1|| |1278.55|0.0| ||10|1992753768| |9999623793| |9999623793|||0|1| |1278.55|31-Aug-2021|1|2|A|10|0.0|255.7|0|4|0.0|0.0|0|0|0|0|0|0|0|0|0|0|0|0|0|||||31-Aug-2021|951.0|0|0||Z733|Z733|N|T7432X|Y|E0922|N|R809|N|I1310|N|E1121|Y|I252|Y|I214|Y|E113592|Y|E113299|Y|E1141|N|R739|Y|E11319|Y|E785|Y|E781|Y|E8881|Y|Z653|Y|E119|Y|R931|Y|I259|Y|E669|Y|R7303|Y|D649|Y|M179|Y|P292|N|||| | | | | | | | | | | | | | | | | | | | | | |Z741|31-Aug-2021|Z9181|31-Aug-2021|Z1331|31-Aug-2021|Z1331|31-Aug-2021|F1990|31-Aug-2021|F109|31-Aug-2021|||||||||||||||||||||||||||||||||||||||0|0||6|450|G0442|3.0|2021-09-01T00:00:00|hospital_E|hospital_E_20210831
SYN_BENE_A82A14E557E6|SYN_CLM_63236EFC8DBE|V|60|31-Aug-2021|31-Aug-2021|03-Sep-2021||3|107522|1|1|1|| |1278.55|0.0| ||10|1992753768| |9999623793| |9999623793|||0|1| |1278.55|31-Aug-2021|1|2|A|10|0.0|255.7|0|4|0.0|0.0|0|0|0|0|0|0|0|0|0|0|0|0|0|||||31-Aug-2021|951.0|0|0||Z733|Z733|N|T7432X|Y|E0922|N|R809|N|I1310|N|E1121|Y|I252|Y|I214|Y|E113592|Y|E113299|Y|E1141|N|R739|Y|E11319|Y|E785|Y|E781|Y|E8881|Y|Z653|Y|E119|Y|R931|Y|I259|Y|E669|Y|R7303|Y|D649|Y|M179|Y|P292|N|||| | | | | | | | | | | | | | | | | | | | | | |Z741|31-Aug-2021|Z9181|31-Aug-2021|Z1331|31-Aug-2021|Z1331|31-Aug-2021|F1990|31-Aug-2021|F109|31-Aug-2021|||||||||||||||||||||||||||||||||||||||0|0||1|450|96156|3.0|2021-09-01T00:00:00|hospital_E|hospital_E_20210831
SYN_BENE_A82A14E557E6|SYN_CLM_63236EFC8DBE|V|60|31-Aug-2021|31-Aug-2021|03-Sep-2021||3|107522|1|1|1|| |1278.55|0.0| ||10|1992753768| |9999623793| |9999623793|||0|1| |1278.55|31-Aug-2021|1|2|A|10|0.0|255.7|0|4|0.0|0.0|0|0|0|0|0|0|0|0|0|0|0|0|0|||||31-Aug-2021|951.0|0|0||Z733|Z733|N|T7432X|Y|E0922|N|R809|N|I1310|N|E1121|Y|I252|Y|I214|Y|E113592|Y|E113299|Y|E1141|N|R739|Y|E11319|Y|E785|Y|E781|Y|E8881|Y|Z653|Y|E119|Y|R931|Y|I259|Y|E669|Y|R7303|Y|D649|Y|M179|Y|P292|N|||| | | | | | | | | | | | | | | | | | | | | | |Z741|31-Aug-2021|Z9181|31-Aug-2021|Z1331|31-Aug-2021|Z1331|31-Aug-2021|F1990|31-Aug-2021|F109|31-Aug-2021|||||||||||||||||||||||||||||||||||||||0|0||2|450|M1069|3.0|2021-09-01T00:00:00|hospital_E|hospital_E_20210831
SYN_BENE_A82A14E557E6|SYN_CLM_63236EFC8DBE|V|60|31-Aug-2021|31-Aug-2021|03-Sep-2021||3|107522|1|1|1|| |1278.55|0.0| ||10|1992753768| |9999623793| |9999623793|||0|1| |1278.55|31-Aug-2021|1|2|A|10|0.0|255.7|0|4|0.0|0.0|0|0|0|0|0|0|0|0|0|0|0|0|0|||||31-Aug-2021|951.0|0|0||Z733|Z733|N|T7432X|Y|E0922|N|R809|N|I1310|N|E1121|Y|I252|Y|I214|Y|E113592|Y|E113299|Y|E1141|N|R739|Y|E11319|Y|E785|Y|E781|Y|E8881|Y|Z653|Y|E119|Y|R931|Y|I259|Y|E669|Y|R7303|Y|D649|Y|M179|Y|P292|N|||| | | | | | | | | | | | | | | | | | | | | | |Z741|31-Aug-2021|Z9181|31-Aug-2021|Z1331|31-Aug-2021|Z1331|31-Aug-2021|F1990|31-Aug-2021|F109|31-Aug-2021|||||||||||||||||||||||||||||||||||||||0|0||3|450|G0444|3.0|2021-09-01T00:00:00|hospital_E|hospital_E_20210831
SYN_BENE_A82A14E557E6|SYN_CLM_63236EFC8DBE|V|60|31-Aug-2021|31-Aug-2021|03-Sep-2021||3|107522|1|1|1|| |1278.55|0.0| ||10|1992753768| |9999623793| |9999623793|||0|1| |1278.55|31-Aug-2021|1|2|A|10|0.0|255.7|0|4|0.0|0.0|0|0|0|0|0|0|0|0|0|0|0|0|0|||||31-Aug-2021|951.0|0|0||Z733|Z733|N|T7432X|Y|E0922|N|R809|N|I1310|N|E1121|Y|I252|Y|I214|Y|E113592|Y|E113299|Y|E1141|N|R739|Y|E11319|Y|E785|Y|E781|Y|E8881|Y|Z653|Y|E119|Y|R931|Y|I259|Y|E669|Y|R7303|Y|D649|Y|M179|Y|P292|N|||| | | | | | | | | | | | | | | | | | | | | | |Z741|31-Aug-2021|Z9181|31-Aug-2021|Z1331|31-Aug-2021|Z1331|31-Aug-2021|F1990|31-Aug-2021|F109|31-Aug-2021|||||||||||||||||||||||||||||||||||||||0|0||4|450|G0444|3.0|2021-09-01T00:00:00|hospital_E|hospital_E_20210831
SYN_BENE_A82A14E557E6|SYN_CLM_63236EFC8DBE|V|60|31-Aug-2021|31-Aug-2021|03-Sep-2021||3|107522|1|1|1|| |1278.55|0.0| ||10|1992753768| |9999623793| |9999623793|||0|1| |1278.55|31-Aug-2021|1|2|A|10|0.0|255.7|0|4|0.0|0.0|0|0|0|0|0|0|0|0|0|0|0|0|0|||||31-Aug-2021|951.0|0|0||Z733|Z733|N|T7432X|Y|E0922|N|R809|N|I1310|N|E1121|Y|I252|Y|I214|Y|E113592|Y|E113299|Y|E1141|N|R739|Y|E11319|Y|E785|Y|E781|Y|E8881|Y|Z653|Y|E119|Y|R931|Y|I259|Y|E669|Y|R7303|Y|D649|Y|M179|Y|P292|N|||| | | | | | | | | | | | | | | | | | | | | | |Z741|31-Aug-2021|Z9181|31-Aug-2021|Z1331|31-Aug-2021|Z1331|31-Aug-2021|F1990|31-Aug-2021|F109|31-Aug-2021|||||||||||||||||||||||||||||||||||||||0|0||5|450|99408|3.0|2021-09-01T00:00:00|hospital_E|hospital_E_20210831
SYN_BENE_A82A14E557E6|SYN_CLM_63236EFC8DBE|V|60|31-Aug-2021|31-Aug-2021|03-Sep-2021||3|107522|1|1|1|| |1278.55|0.0| ||10|1992753768| |9999623793| |9999623793|||0|1| |1278.55|31-Aug-2021|1|2|A|10|0.0|255.7|0|4|0.0|0.0|0|0|0|0|0|0|0|0|0|0|0|0|0|||||31-Aug-2021|951.0|0|0||Z733|Z733|N|T7432X|Y|E0922|N|R809|N|I1310|N|E1121|Y|I252|Y|I214|Y|E113592|Y|E113299|Y|E1141|N|R739|Y|E11319|Y|E785|Y|E781|Y|E8881|Y|Z653|Y|E119|Y|R931|Y|I259|Y|E669|Y|R7303|Y|D649|Y|M179|Y|P292|N|||| | | | | | | | | | | | | | | | | | | | | | |Z741|31-Aug-2021|Z9181|31-Aug-2021|Z1331|31-Aug-2021|Z1331|31-Aug-2021|F1990|31-Aug-2021|F109|31-Aug-2021|||||||||||||||||||||||||||||||||||||||0|0||6|450|G0442|3.0|2021-09-01T00:00:00|hospital_E|hospital_E_20210831
SYN_BENE_3D6FB2E2B464|SYN_CLM_FF2A26783110|V|60|31-Aug-2021|31-Aug-2021|03-Sep-2021||3|107522|1|1|1|| |1278.55|0.0| ||10|1992753768| |9999623793| |9999623793|||0|1| |1278.55|31-Aug-2021|1|2|A|10|0.0|255.7|0|4|0.0|0.0|0|0|0|0|0|0|0|0|0|0|0|0|0|||||31-Aug-2021|951.0|0|0||Z733|Z733|N|T7432X|Y|E0922|N|R809|N|I1310|N|E1121|Y|I252|Y|I214|Y|E113592|Y|E113299|Y|E1141|N|R739|Y|E11319|Y|E785|Y|E781|Y|E8881|Y|Z653|Y|E119|Y|R931|Y|I259|Y|E669|Y|R7303|Y|D649|Y|M179|Y|P292|N|||| | | | | | | | | | | | | | | | | | | | | | |Z741|31-Aug-2021|Z9181|31-Aug-2021|Z1331|31-Aug-2021|Z1331|31-Aug-2021|F1990|31-Aug-2021|F109|31-Aug-2021|||||||||||||||||||||||||||||||||||||||0|0||1|450|96156|3.0|2021-09-01T00:00:00|hospital_E|hospital_E_20210831
SYN_BENE_3D6FB2E2B464|SYN_CLM_FF2A26783110|V|60|31-Aug-2021|31-Aug-2021|03-Sep-2021||3|107522|1|1|1|| |1278.55|0.0| ||10|1992753768| |9999623793| |9999623793|||0|1| |1278.55|31-Aug-2021|1|2|A|10|0.0|255.7|0|4|0.0|0.0|0|0|0|0|0|0|0|0|0|0|0|0|0|||||31-Aug-2021|951.0|0|0||Z733|Z733|N|T7432X|Y|E0922|N|R809|N|I1310|N|E1121|Y|I252|Y|I214|Y|E113592|Y|E113299|Y|E1141|N|R739|Y|E11319|Y|E785|Y|E781|Y|E8881|Y|Z653|Y|E119|Y|R931|Y|I259|Y|E669|Y|R7303|Y|D649|Y|M179|Y|P292|N|||| | | | | | | | | | | | | | | | | | | | | | |Z741|31-Aug-2021|Z9181|31-Aug-2021|Z1331|31-Aug-2021|Z1331|31-Aug-2021|F1990|31-Aug-2021|F109|31-Aug-2021|||||||||||||||||||||||||||||||||||||||0|0||2|450|M1069|3.0|2021-09-01T00:00:00|hospital_E|hospital_E_20210831
SYN_BENE_3D6FB2E2B464|SYN_CLM_FF2A26783110|V|60|31-Aug-2021|31-Aug-2021|03-Sep-2021||3|107522|1|1|1|| |1278.55|0.0| ||10|1992753768| |9999623793| |9999623793|||0|1| |1278.55|31-Aug-2021|1|2|A|10|0.0|255.7|0|4|0.0|0.0|0|0|0|0|0|0|0|0|0|0|0|0|0|||||31-Aug-2021|951.0|0|0||Z733|Z733|N|T7432X|Y|E0922|N|R809|N|I1310|N|E1121|Y|I252|Y|I214|Y|E113592|Y|E113299|Y|E1141|N|R739|Y|E11319|Y|E785|Y|E781|Y|E8881|Y|Z653|Y|E119|Y|R931|Y|I259|Y|E669|Y|R7303|Y|D649|Y|M179|Y|P292|N|||| | | | | | | | | | | | | | | | | | | | | | |Z741|31-Aug-2021|Z9181|31-Aug-2021|Z1331|31-Aug-2021|Z1331|31-Aug-2021|F1990|31-Aug-2021|F109|31-Aug-2021|||||||||||||||||||||||||||||||||||||||0|0||3|450|G0444|3.0|2021-09-01T00:00:00|hospital_E|hospital_E_20210831
SYN_BENE_3D6FB2E2B464|SYN_CLM_FF2A26783110|V|60|31-Aug-2021|31-Aug-2021|03-Sep-2021||3|107522|1|1|1|| |1278.55|0.0| ||10|1992753768| |9999623793| |9999623793|||0|1| |1278.55|31-Aug-2021|1|2|A|10|0.0|255.7|0|4|0.0|0.0|0|0|0|0|0|0|0|0|0|0|0|0|0|||||31-Aug-2021|951.0|0|0||Z733|Z733|N|T7432X|Y|E0922|N|R809|N|I1310|N|E1121|Y|I252|Y|I214|Y|E113592|Y|E113299|Y|E1141|N|R739|Y|E11319|Y|E785|Y|E781|Y|E8881|Y|Z653|Y|E119|Y|R931|Y|I259|Y|E669|Y|R7303|Y|D649|Y|M179|Y|P292|N|||| | | | | | | | | | | | | | | | | | | | | | |Z741|31-Aug-2021|Z9181|31-Aug-2021|Z1331|31-Aug-2021|Z1331|31-Aug-2021|F1990|31-Aug-2021|F109|31-Aug-2021|||||||||||||||||||||||||||||||||||||||0|0||4|450|G0444|3.0|2021-09-01T00:00:00|hospital_E|hospital_E_20210831
SYN_BENE_3D6FB2E2B464|SYN_CLM_FF2A26783110|V|60|31-Aug-2021|31-Aug-2021|03-Sep-2021||3|107522|1|1|1|| |1278.55|0.0| ||10|1992753768| |9999623793| |9999623793|||0|1| |1278.55|31-Aug-2021|1|2|A|10|0.0|255.7|0|4|0.0|0.0|0|0|0|0|0|0|0|0|0|0|0|0|0|||||31-Aug-2021|951.0|0|0||Z733|Z733|N|T7432X|Y|E0922|N|R809|N|I1310|N|E1121|Y|I252|Y|I214|Y|E113592|Y|E113299|Y|E1141|N|R739|Y|E11319|Y|E785|Y|E781|Y|E8881|Y|Z653|Y|E119|Y|R931|Y|I259|Y|E669|Y|R7303|Y|D649|Y|M179|Y|P292|N|||| | | | | | | | | | | | | | | | | | | | | | |Z741|31-Aug-2021|Z9181|31-Aug-2021|Z1331|31-Aug-2021|Z1331|31-Aug-2021|F1990|31-Aug-2021|F109|31-Aug-2021|||||||||||||||||||||||||||||||||||||||0|0||5|450|99408|3.0|2021-09-01T00:00:00|hospital_E|hospital_E_20210831
SYN_BENE_3D6FB2E2B464|SYN_CLM_FF2A26783110|V|60|31-Aug-2021|31-Aug-2021|03-Sep-2021||3|107522|1|1|1|| |1278.55|0.0| ||10|1992753768| |9999623793| |9999623793|||0|1| |1278.55|31-Aug-2021|1|2|A|10|0.0|255.7|0|4|0.0|0.0|0|0|0|0|0|0|0|0|0|0|0|0|0|||||31-Aug-2021|951.0|0|0||Z733|Z733|N|T7432X|Y|E0922|N|R809|N|I1310|N|E1121|Y|I252|Y|I214|Y|E113592|Y|E113299|Y|E1141|N|R739|Y|E11319|Y|E785|Y|E781|Y|E8881|Y|Z653|Y|E119|Y|R931|Y|I259|Y|E669|Y|R7303|Y|D649|Y|M179|Y|P292|N|||| | | | | | | | | | | | | | | | | | | | | | |Z741|31-Aug-2021|Z9181|31-Aug-2021|Z1331|31-Aug-2021|Z1331|31-Aug-2021|F1990|31-Aug-2021|F109|31-Aug-2021|||||||||||||||||||||||||||||||||||||||0|0||6|450|G0442|3.0|2021-09-01T00:00:00|hospital_E|hospital_E_20210831
SYN_BENE_BA18974F3F0C|SYN_CLM_AFF5FB68B581|V|60|31-Aug-2021|31-Aug-2021|03-Sep-2021||3|107522|1|1|1|| |1278.55|0.0| ||10|1992753768| |9999623793| |9999623793|||0|1| |1278.55|31-Aug-2021|1|2|A|10|0.0|255.7|0|4|0.0|0.0|0|0|0|0|0|0|0|0|0|0|0|0|0|||||31-Aug-2021|951.0|0|0||Z733|Z733|N|T7432X|Y|E0922|N|R809|N|I1310|N|E1121|Y|I252|Y|I214|Y|E113592|Y|E113299|Y|E1141|N|R739|Y|E11319|Y|E785|Y|E781|Y|E8881|Y|Z653|Y|E119|Y|R931|Y|I259|Y|E669|Y|R7303|Y|D649|Y|M179|Y|P292|N|||| | | | | | | | | | | | | | | | | | | | | | |Z741|31-Aug-2021|Z9181|31-Aug-2021|Z1331|31-Aug-2021|Z1331|31-Aug-2021|F1990|31-Aug-2021|F109|31-Aug-2021|||||||||||||||||||||||||||||||||||||||0|0||1|450|96156|3.0|2021-09-01T00:00:00|hospital_E|hospital_E_20210831
SYN_BENE_BA18974F3F0C|SYN_CLM_AFF5FB68B581|V|60|31-Aug-2021|31-Aug-2021|03-Sep-2021||3|107522|1|1|1|| |1278.55|0.0| ||10|1992753768| |9999623793| |9999623793|||0|1| |1278.55|31-Aug-2021|1|2|A|10|0.0|255.7|0|4|0.0|0.0|0|0|0|0|0|0|0|0|0|0|0|0|0|||||31-Aug-2021|951.0|0|0||Z733|Z733|N|T7432X|Y|E0922|N|R809|N|I1310|N|E1121|Y|I252|Y|I214|Y|E113592|Y|E113299|Y|E1141|N|R739|Y|E11319|Y|E785|Y|E781|Y|E8881|Y|Z653|Y|E119|Y|R931|Y|I259|Y|E669|Y|R7303|Y|D649|Y|M179|Y|P292|N|||| | | | | | | | | | | | | | | | | | | | | | |Z741|31-Aug-2021|Z9181|31-Aug-2021|Z1331|31-Aug-2021|Z1331|31-Aug-2021|F1990|31-Aug-2021|F109|31-Aug-2021|||||||||||||||||||||||||||||||||||||||0|0||2|450|M1069|3.0|2021-09-01T00:00:00|hospital_E|hospital_E_20210831
SYN_BENE_BA18974F3F0C|SYN_CLM_AFF5FB68B581|V|60|31-Aug-2021|31-Aug-2021|03-Sep-2021||3|107522|1|1|1|| |1278.55|0.0| ||10|1992753768| |9999623793| |9999623793|||0|1| |1278.55|31-Aug-2021|1|2|A|10|0.0|255.7|0|4|0.0|0.0|0|0|0|0|0|0|0|0|0|0|0|0|0|||||31-Aug-2021|951.0|0|0||Z733|Z733|N|T7432X|Y|E0922|N|R809|N|I1310|N|E1121|Y|I252|Y|I214|Y|E113592|Y|E113299|Y|E1141|N|R739|Y|E11319|Y|E785|Y|E781|Y|E8881|Y|Z653|Y|E119|Y|R931|Y|I259|Y|E669|Y|R7303|Y|D649|Y|M179|Y|P292|N|||| | | | | | | | | | | | | | | | | | | | | | |Z741|31-Aug-2021|Z9181|31-Aug-2021|Z1331|31-Aug-2021|Z1331|31-Aug-2021|F1990|31-Aug-2021|F109|31-Aug-2021|||||||||||||||||||||||||||||||||||||||0|0||3|450|G0444|3.0|2021-09-01T00:00:00|hospital_E|hospital_E_20210831
SYN_BENE_BA18974F3F0C|SYN_CLM_AFF5FB68B581|V|60|31-Aug-2021|31-Aug-2021|03-Sep-2021||3|107522|1|1|1|| |1278.55|0.0| ||10|1992753768| |9999623793| |9999623793|||0|1| |1278.55|31-Aug-2021|1|2|A|10|0.0|255.7|0|4|0.0|0.0|0|0|0|0|0|0|0|0|0|0|0|0|0|||||31-Aug-2021|951.0|0|0||Z733|Z733|N|T7432X|Y|E0922|N|R809|N|I1310|N|E1121|Y|I252|Y|I214|Y|E113592|Y|E113299|Y|E1141|N|R739|Y|E11319|Y|E785|Y|E781|Y|E8881|Y|Z653|Y|E119|Y|R931|Y|I259|Y|E669|Y|R7303|Y|D649|Y|M179|Y|P292|N|||| | | | | | | | | | | | | | | | | | | | | | |Z741|31-Aug-2021|Z9181|31-Aug-2021|Z1331|31-Aug-2021|Z1331|31-Aug-2021|F1990|31-Aug-2021|F109|31-Aug-2021|||||||||||||||||||||||||||||||||||||||0|0||4|450|G0444|3.0|2021-09-01T00:00:00|hospital_E|hospital_E_20210831
SYN_BENE_BA18974F3F0C|SYN_CLM_AFF5FB68B581|V|60|31-Aug-2021|31-Aug-2021|03-Sep-2021||3|107522|1|1|1|| |1278.55|0.0| ||10|1992753768| |9999623793| |9999623793|||0|1| |1278.55|31-Aug-2021|1|2|A|10|0.0|255.7|0|4|0.0|0.0|0|0|0|0|0|0|0|0|0|0|0|0|0|||||31-Aug-2021|951.0|0|0||Z733|Z733|N|T7432X|Y|E0922|N|R809|N|I1310|N|E1121|Y|I252|Y|I214|Y|E113592|Y|E113299|Y|E1141|N|R739|Y|E11319|Y|E785|Y|E781|Y|E8881|Y|Z653|Y|E119|Y|R931|Y|I259|Y|E669|Y|R7303|Y|D649|Y|M179|Y|P292|N|||| | | | | | | | | | | | | | | | | | | | | | |Z741|31-Aug-2021|Z9181|31-Aug-2021|Z1331|31-Aug-2021|Z1331|31-Aug-2021|F1990|31-Aug-2021|F109|31-Aug-2021|||||||||||||||||||||||||||||||||||||||0|0||5|450|99408|3.0|2021-09-01T00:00:00|hospital_E|hospital_E_20210831
SYN_BENE_BA18974F3F0C|SYN_CLM_AFF5FB68B581|V|60|31-Aug-2021|31-Aug-2021|03-Sep-2021||3|107522|1|1|1|| |1278.55|0.0| ||10|1992753768| |9999623793| |9999623793|||0|1| |1278.55|31-Aug-2021|1|2|A|10|0.0|255.7|0|4|0.0|0.0|0|0|0|0|0|0|0|0|0|0|0|0|0|||||31-Aug-2021|951.0|0|0||Z733|Z733|N|T7432X|Y|E0922|N|R809|N|I1310|N|E1121|Y|I252|Y|I214|Y|E113592|Y|E113299|Y|E1141|N|R739|Y|E11319|Y|E785|Y|E781|Y|E8881|Y|Z653|Y|E119|Y|R931|Y|I259|Y|E669|Y|R7303|Y|D649|Y|M179|Y|P292|N|||| | | | | | | | | | | | | | | | | | | | | | |Z741|31-Aug-2021|Z9181|31-Aug-2021|Z1331|31-Aug-2021|Z1331|31-Aug-2021|F1990|31-Aug-2021|F109|31-Aug-2021|||||||||||||||||||||||||||||||||||||||0|0||6|450|G0442|3.0|2021-09-01T00:00:00|hospital_E|hospital_E_20210831
SYN_BENE_8AB2DA5FD6E8|SYN_CLM_7056977DD053|V|60|31-Aug-2021|31-Aug-2021|03-Sep-2021||3|107522|1|1|1|| |1278.55|0.0| ||10|1992753768| |9999623793| |9999623793|||0|1| |1278.55|31-Aug-2021|1|2|A|10|0.0|255.7|0|4|0.0|0.0|0|0|0|0|0|0|0|0|0|0|0|0|0|||||31-Aug-2021|951.0|0|0||Z733|Z733|N|T7432X|Y|E0922|N|R809|N|I1310|N|E1121|Y|I252|Y|I214|Y|E113592|Y|E113299|Y|E1141|N|R739|Y|E11319|Y|E785|Y|E781|Y|E8881|Y|Z653|Y|E119|Y|R931|Y|I259|Y|E669|Y|R7303|Y|D649|Y|M179|Y|P292|N|||| | | | | | | | | | | | | | | | | | | | | | |Z741|31-Aug-2021|Z9181|31-Aug-2021|Z1331|31-Aug-2021|Z1331|31-Aug-2021|F1990|31-Aug-2021|F109|31-Aug-2021|||||||||||||||||||||||||||||||||||||||0|0||1|450|96156|3.0|2021-09-01T00:00:00|hospital_E|hospital_E_20210831
SYN_BENE_8AB2DA5FD6E8|SYN_CLM_7056977DD053|V|60|31-Aug-2021|31-Aug-2021|03-Sep-2021||3|107522|1|1|1|| |1278.55|0.0| ||10|1992753768| |9999623793| |9999623793|||0|1| |1278.55|31-Aug-2021|1|2|A|10|0.0|255.7|0|4|0.0|0.0|0|0|0|0|0|0|0|0|0|0|0|0|0|||||31-Aug-2021|951.0|0|0||Z733|Z733|N|T7432X|Y|E0922|N|R809|N|I1310|N|E1121|Y|I252|Y|I214|Y|E113592|Y|E113299|Y|E1141|N|R739|Y|E11319|Y|E785|Y|E781|Y|E8881|Y|Z653|Y|E119|Y|R931|Y|I259|Y|E669|Y|R7303|Y|D649|Y|M179|Y|P292|N|||| | | | | | | | | | | | | | | | | | | | | | |Z741|31-Aug-2021|Z9181|31-Aug-2021|Z1331|31-Aug-2021|Z1331|31-Aug-2021|F1990|31-Aug-2021|F109|31-Aug-2021|||||||||||||||||||||||||||||||||||||||0|0||2|450|M1069|3.0|2021-09-01T00:00:00|hospital_E|hospital_E_20210831
SYN_BENE_8AB2DA5FD6E8|SYN_CLM_7056977DD053|V|60|31-Aug-2021|31-Aug-2021|03-Sep-2021||3|107522|1|1|1|| |1278.55|0.0| ||10|1992753768| |9999623793| |9999623793|||0|1| |1278.55|31-Aug-2021|1|2|A|10|0.0|255.7|0|4|0.0|0.0|0|0|0|0|0|0|0|0|0|0|0|0|0|||||31-Aug-2021|951.0|0|0||Z733|Z733|N|T7432X|Y|E0922|N|R809|N|I1310|N|E1121|Y|I252|Y|I214|Y|E113592|Y|E113299|Y|E1141|N|R739|Y|E11319|Y|E785|Y|E781|Y|E8881|Y|Z653|Y|E119|Y|R931|Y|I259|Y|E669|Y|R7303|Y|D649|Y|M179|Y|P292|N|||| | | | | | | | | | | | | | | | | | | | | | |Z741|31-Aug-2021|Z9181|31-Aug-2021|Z1331|31-Aug-2021|Z1331|31-Aug-2021|F1990|31-Aug-2021|F109|31-Aug-2021|||||||||||||||||||||||||||||||||||||||0|0||3|450|G0444|3.0|2021-09-01T00:00:00|hospital_E|hospital_E_20210831
SYN_BENE_8AB2DA5FD6E8|SYN_CLM_7056977DD053|V|60|31-Aug-2021|31-Aug-2021|03-Sep-2021||3|107522|1|1|1|| |1278.55|0.0| ||10|1992753768| |9999623793| |9999623793|||0|1| |1278.55|31-Aug-2021|1|2|A|10|0.0|255.7|0|4|0.0|0.0|0|0|0|0|0|0|0|0|0|0|0|0|0|||||31-Aug-2021|951.0|0|0||Z733|Z733|N|T7432X|Y|E0922|N|R809|N|I1310|N|E1121|Y|I252|Y|I214|Y|E113592|Y|E113299|Y|E1141|N|R739|Y|E11319|Y|E785|Y|E781|Y|E8881|Y|Z653|Y|E119|Y|R931|Y|I259|Y|E669|Y|R7303|Y|D649|Y|M179|Y|P292|N|||| | | | | | | | | | | | | | | | | | | | | | |Z741|31-Aug-2021|Z9181|31-Aug-2021|Z1331|31-Aug-2021|Z1331|31-Aug-2021|F1990|31-Aug-2021|F109|31-Aug-2021|||||||||||||||||||||||||||||||||||||||0|0||4|450|G0444|3.0|2021-09-01T00:00:00|hospital_E|hospital_E_20210831
SYN_BENE_8AB2DA5FD6E8|SYN_CLM_7056977DD053|V|60|31-Aug-2021|31-Aug-2021|03-Sep-2021||3|107522|1|1|1|| |1278.55|0.0| ||10|1992753768| |9999623793| |9999623793|||0|1| |1278.55|31-Aug-2021|1|2|A|10|0.0|255.7|0|4|0.0|0.0|0|0|0|0|0|0|0|0|0|0|0|0|0|||||31-Aug-2021|951.0|0|0||Z733|Z733|N|T7432X|Y|E0922|N|R809|N|I1310|N|E1121|Y|I252|Y|I214|Y|E113592|Y|E113299|Y|E1141|N|R739|Y|E11319|Y|E785|Y|E781|Y|E8881|Y|Z653|Y|E119|Y|R931|Y|I259|Y|E669|Y|R7303|Y|D649|Y|M179|Y|P292|N|||| | | | | | | | | | | | | | | | | | | | | | |Z741|31-Aug-2021|Z9181|31-Aug-2021|Z1331|31-Aug-2021|Z1331|31-Aug-2021|F1990|31-Aug-2021|F109|31-Aug-2021|||||||||||||||||||||||||||||||||||||||0|0||5|450|99408|3.0|2021-09-01T00:00:00|hospital_E|hospital_E_20210831
SYN_BENE_8AB2DA5FD6E8|SYN_CLM_7056977DD053|V|60|31-Aug-2021|31-Aug-2021|03-Sep-2021||3|107522|1|1|1|| |1278.55|0.0| ||10|1992753768| |9999623793| |9999623793|||0|1| |1278.55|31-Aug-2021|1|2|A|10|0.0|255.7|0|4|0.0|0.0|0|0|0|0|0|0|0|0|0|0|0|0|0|||||31-Aug-2021|951.0|0|0||Z733|Z733|N|T7432X|Y|E0922|N|R809|N|I1310|N|E1121|Y|I252|Y|I214|Y|E113592|Y|E113299|Y|E1141|N|R739|Y|E11319|Y|E785|Y|E781|Y|E8881|Y|Z653|Y|E119|Y|R931|Y|I259|Y|E669|Y|R7303|Y|D649|Y|M179|Y|P292|N|||| | | | | | | | | | | | | | | | | | | | | | |Z741|31-Aug-2021|Z9181|31-Aug-2021|Z1331|31-Aug-2021|Z1331|31-Aug-2021|F1990|31-Aug-2021|F109|31-Aug-2021|||||||||||||||||||||||||||||||||||||||0|0||6|450|G0442|3.0|2021-09-01T00:00:00|hospital_E|hospital_E_20210831
SYN_BENE_A30AE84B2982|SYN_CLM_AABEC5133704|V|60|31-Aug-2021|31-Aug-2021|03-Sep-2021||3|107522|1|1|1|| |1278.55|0.0| ||10|1992753768| |9999623793| |9999623793|||0|1| |1278.55|31-Aug-2021|1|2|A|10|0.0|255.7|0|4|0.0|0.0|0|0|0|0|0|0|0|0|0|0|0|0|0|||||31-Aug-2021|951.0|0|0||Z733|Z733|N|T7432X|Y|E0922|N|R809|N|I1310|N|E1121|Y|I252|Y|I214|Y|E113592|Y|E113299|Y|E1141|N|R739|Y|E11319|Y|E785|Y|E781|Y|E8881|Y|Z653|Y|E119|Y|R931|Y|I259|Y|E669|Y|R7303|Y|D649|Y|M179|Y|P292|N|||| | | | | | | | | | | | | | | | | | | | | | |Z741|31-Aug-2021|Z9181|31-Aug-2021|Z1331|31-Aug-2021|Z1331|31-Aug-2021|F1990|31-Aug-2021|F109|31-Aug-2021|||||||||||||||||||||||||||||||||||||||0|0||1|450|96156|3.0|2021-09-01T00:00:00|hospital_E|hospital_E_20210831
SYN_BENE_A30AE84B2982|SYN_CLM_AABEC5133704|V|60|31-Aug-2021|31-Aug-2021|03-Sep-2021||3|107522|1|1|1|| |1278.55|0.0| ||10|1992753768| |9999623793| |9999623793|||0|1| |1278.55|31-Aug-2021|1|2|A|10|0.0|255.7|0|4|0.0|0.0|0|0|0|0|0|0|0|0|0|0|0|0|0|||||31-Aug-2021|951.0|0|0||Z733|Z733|N|T7432X|Y|E0922|N|R809|N|I1310|N|E1121|Y|I252|Y|I214|Y|E113592|Y|E113299|Y|E1141|N|R739|Y|E11319|Y|E785|Y|E781|Y|E8881|Y|Z653|Y|E119|Y|R931|Y|I259|Y|E669|Y|R7303|Y|D649|Y|M179|Y|P292|N|||| | | | | | | | | | | | | | | | | | | | | | |Z741|31-Aug-2021|Z9181|31-Aug-2021|Z1331|31-Aug-2021|Z1331|31-Aug-2021|F1990|31-Aug-2021|F109|31-Aug-2021|||||||||||||||||||||||||||||||||||||||0|0||2|450|M1069|3.0|2021-09-01T00:00:00|hospital_E|hospital_E_20210831
SYN_BENE_A30AE84B2982|SYN_CLM_AABEC5133704|V|60|31-Aug-2021|31-Aug-2021|03-Sep-2021||3|107522|1|1|1|| |1278.55|0.0| ||10|1992753768| |9999623793| |9999623793|||0|1| |1278.55|31-Aug-2021|1|2|A|10|0.0|255.7|0|4|0.0|0.0|0|0|0|0|0|0|0|0|0|0|0|0|0|||||31-Aug-2021|951.0|0|0||Z733|Z733|N|T7432X|Y|E0922|N|R809|N|I1310|N|E1121|Y|I252|Y|I214|Y|E113592|Y|E113299|Y|E1141|N|R739|Y|E11319|Y|E785|Y|E781|Y|E8881|Y|Z653|Y|E119|Y|R931|Y|I259|Y|E669|Y|R7303|Y|D649|Y|M179|Y|P292|N|||| | | | | | | | | | | | | | | | | | | | | | |Z741|31-Aug-2021|Z9181|31-Aug-2021|Z1331|31-Aug-2021|Z1331|31-Aug-2021|F1990|31-Aug-2021|F109|31-Aug-2021|||||||||||||||||||||||||||||||||||||||0|0||3|450|G0444|3.0|2021-09-01T00:00:00|hospital_E|hospital_E_20210831
SYN_BENE_A30AE84B2982|SYN_CLM_AABEC5133704|V|60|31-Aug-2021|31-Aug-2021|03-Sep-2021||3|107522|1|1|1|| |1278.55|0.0| ||10|1992753768| |9999623793| |9999623793|||0|1| |1278.55|31-Aug-2021|1|2|A|10|0.0|255.7|0|4|0.0|0.0|0|0|0|0|0|0|0|0|0|0|0|0|0|||||31-Aug-2021|951.0|0|0||Z733|Z733|N|T7432X|Y|E0922|N|R809|N|I1310|N|E1121|Y|I252|Y|I214|Y|E113592|Y|E113299|Y|E1141|N|R739|Y|E11319|Y|E785|Y|E781|Y|E8881|Y|Z653|Y|E119|Y|R931|Y|I259|Y|E669|Y|R7303|Y|D649|Y|M179|Y|P292|N|||| | | | | | | | | | | | | | | | | | | | | | |Z741|31-Aug-2021|Z9181|31-Aug-2021|Z1331|31-Aug-2021|Z1331|31-Aug-2021|F1990|31-Aug-2021|F109|31-Aug-2021|||||||||||||||||||||||||||||||||||||||0|0||4|450|G0444|3.0|2021-09-01T00:00:00|hospital_E|hospital_E_20210831
SYN_BENE_A30AE84B2982|SYN_CLM_AABEC5133704|V|60|31-Aug-2021|31-Aug-2021|03-Sep-2021||3|107522|1|1|1|| |1278.55|0.0| ||10|1992753768| |9999623793| |9999623793|||0|1| |1278.55|31-Aug-2021|1|2|A|10|0.0|255.7|0|4|0.0|0.0|0|0|0|0|0|0|0|0|0|0|0|0|0|||||31-Aug-2021|951.0|0|0||Z733|Z733|N|T7432X|Y|E0922|N|R809|N|I1310|N|E1121|Y|I252|Y|I214|Y|E113592|Y|E113299|Y|E1141|N|R739|Y|E11319|Y|E785|Y|E781|Y|E8881|Y|Z653|Y|E119|Y|R931|Y|I259|Y|E669|Y|R7303|Y|D649|Y|M179|Y|P292|N|||| | | | | | | | | | | | | | | | | | | | | | |Z741|31-Aug-2021|Z9181|31-Aug-2021|Z1331|31-Aug-2021|Z1331|31-Aug-2021|F1990|31-Aug-2021|F109|31-Aug-2021|||||||||||||||||||||||||||||||||||||||0|0||5|450|99408|3.0|2021-09-01T00:00:00|hospital_E|hospital_E_20210831
SYN_BENE_A30AE84B2982|SYN_CLM_AABEC5133704|V|60|31-Aug-2021|31-Aug-2021|03-Sep-2021||3|107522|1|1|1|| |1278.55|0.0| ||10|1992753768| |9999623793| |9999623793|||0|1| |1278.55|31-Aug-2021|1|2|A|10|0.0|255.7|0|4|0.0|0.0|0|0|0|0|0|0|0|0|0|0|0|0|0|||||31-Aug-2021|951.0|0|0||Z733|Z733|N|T7432X|Y|E0922|N|R809|N|I1310|N|E1121|Y|I252|Y|I214|Y|E113592|Y|E113299|Y|E1141|N|R739|Y|E11319|Y|E785|Y|E781|Y|E8881|Y|Z653|Y|E119|Y|R931|Y|I259|Y|E669|Y|R7303|Y|D649|Y|M179|Y|P292|N|||| | | | | | | | | | | | | | | | | | | | | | |Z741|31-Aug-2021|Z9181|31-Aug-2021|Z1331|31-Aug-2021|Z1331|31-Aug-2021|F1990|31-Aug-2021|F109|31-Aug-2021|||||||||||||||||||||||||||||||||||||||0|0||6|450|G0442|3.0|2021-09-01T00:00:00|hospital_E|hospital_E_20210831
SYN_BENE_7F1A7CB3464F|SYN_CLM_C053EEA2FD1E|V|60|31-Aug-2021|31-Aug-2021|03-Sep-2021||3|107522|1|1|1|| |1278.55|0.0| ||10|1992753768| |9999623793| |9999623793|||0|1| |1278.55|31-Aug-2021|1|2|A|10|0.0|255.7|0|4|0.0|0.0|0|0|0|0|0|0|0|0|0|0|0|0|0|||||31-Aug-2021|951.0|0|0||Z733|Z733|N|T7432X|Y|E0922|N|R809|N|I1310|N|E1121|Y|I252|Y|I214|Y|E113592|Y|E113299|Y|E1141|N|R739|Y|E11319|Y|E785|Y|E781|Y|E8881|Y|Z653|Y|E119|Y|R931|Y|I259|Y|E669|Y|R7303|Y|D649|Y|M179|Y|P292|N|||| | | | | | | | | | | | | | | | | | | | | | |Z741|31-Aug-2021|Z9181|31-Aug-2021|Z1331|31-Aug-2021|Z1331|31-Aug-2021|F1990|31-Aug-2021|F109|31-Aug-2021|||||||||||||||||||||||||||||||||||||||0|0||1|450|96156|3.0|2021-09-01T00:00:00|hospital_E|hospital_E_20210831
SYN_BENE_7F1A7CB3464F|SYN_CLM_C053EEA2FD1E|V|60|31-Aug-2021|31-Aug-2021|03-Sep-2021||3|107522|1|1|1|| |1278.55|0.0| ||10|1992753768| |9999623793| |9999623793|||0|1| |1278.55|31-Aug-2021|1|2|A|10|0.0|255.7|0|4|0.0|0.0|0|0|0|0|0|0|0|0|0|0|0|0|0|||||31-Aug-2021|951.0|0|0||Z733|Z733|N|T7432X|Y|E0922|N|R809|N|I1310|N|E1121|Y|I252|Y|I214|Y|E113592|Y|E113299|Y|E1141|N|R739|Y|E11319|Y|E785|Y|E781|Y|E8881|Y|Z653|Y|E119|Y|R931|Y|I259|Y|E669|Y|R7303|Y|D649|Y|M179|Y|P292|N|||| | | | | | | | | | | | | | | | | | | | | | |Z741|31-Aug-2021|Z9181|31-Aug-2021|Z1331|31-Aug-2021|Z1331|31-Aug-2021|F1990|31-Aug-2021|F109|31-Aug-2021|||||||||||||||||||||||||||||||||||||||0|0||2|450|M1069|3.0|2021-09-01T00:00:00|hospital_E|hospital_E_20210831
SYN_BENE_7F1A7CB3464F|SYN_CLM_C053EEA2FD1E|V|60|31-Aug-2021|31-Aug-2021|03-Sep-2021||3|107522|1|1|1|| |1278.55|0.0| ||10|1992753768| |9999623793| |9999623793|||0|1| |1278.55|31-Aug-2021|1|2|A|10|0.0|255.7|0|4|0.0|0.0|0|0|0|0|0|0|0|0|0|0|0|0|0|||||31-Aug-2021|951.0|0|0||Z733|Z733|N|T7432X|Y|E0922|N|R809|N|I1310|N|E1121|Y|I252|Y|I214|Y|E113592|Y|E113299|Y|E1141|N|R739|Y|E11319|Y|E785|Y|E781|Y|E8881|Y|Z653|Y|E119|Y|R931|Y|I259|Y|E669|Y|R7303|Y|D649|Y|M179|Y|P292|N|||| | | | | | | | | | | | | | | | | | | | | | |Z741|31-Aug-2021|Z9181|31-Aug-2021|Z1331|31-Aug-2021|Z1331|31-Aug-2021|F1990|31-Aug-2021|F109|31-Aug-2021|||||||||||||||||||||||||||||||||||||||0|0||3|450|G0444|3.0|2021-09-01T00:00:00|hospital_E|hospital_E_20210831
SYN_BENE_7F1A7CB3464F|SYN_CLM_C053EEA2FD1E|V|60|31-Aug-2021|31-Aug-2021|03-Sep-2021||3|107522|1|1|1|| |1278.55|0.0| ||10|1992753768| |9999623793| |9999623793|||0|1| |1278.55|31-Aug-2021|1|2|A|10|0.0|255.7|0|4|0.0|0.0|0|0|0|0|0|0|0|0|0|0|0|0|0|||||31-Aug-2021|951.0|0|0||Z733|Z733|N|T7432X|Y|E0922|N|R809|N|I1310|N|E1121|Y|I252|Y|I214|Y|E113592|Y|E113299|Y|E1141|N|R739|Y|E11319|Y|E785|Y|E781|Y|E8881|Y|Z653|Y|E119|Y|R931|Y|I259|Y|E669|Y|R7303|Y|D649|Y|M179|Y|P292|N|||| | | | | | | | | | | | | | | | | | | | | | |Z741|31-Aug-2021|Z9181|31-Aug-2021|Z1331|31-Aug-2021|Z1331|31-Aug-2021|F1990|31-Aug-2021|F109|31-Aug-2021|||||||||||||||||||||||||||||||||||||||0|0||4|450|G0444|3.0|2021-09-01T00:00:00|hospital_E|hospital_E_20210831
SYN_BENE_7F1A7CB3464F|SYN_CLM_C053EEA2FD1E|V|60|31-Aug-2021|31-Aug-2021|03-Sep-2021||3|107522|1|1|1|| |1278.55|0.0| ||10|1992753768| |9999623793| |9999623793|||0|1| |1278.55|31-Aug-2021|1|2|A|10|0.0|255.7|0|4|0.0|0.0|0|0|0|0|0|0|0|0|0|0|0|0|0|||||31-Aug-2021|951.0|0|0||Z733|Z733|N|T7432X|Y|E0922|N|R809|N|I1310|N|E1121|Y|I252|Y|I214|Y|E113592|Y|E113299|Y|E1141|N|R739|Y|E11319|Y|E785|Y|E781|Y|E8881|Y|Z653|Y|E119|Y|R931|Y|I259|Y|E669|Y|R7303|Y|D649|Y|M179|Y|P292|N|||| | | | | | | | | | | | | | | | | | | | | | |Z741|31-Aug-2021|Z9181|31-Aug-2021|Z1331|31-Aug-2021|Z1331|31-Aug-2021|F1990|31-Aug-2021|F109|31-Aug-2021|||||||||||||||||||||||||||||||||||||||0|0||5|450|99408|3.0|2021-09-01T00:00:00|hospital_E|hospital_E_20210831
SYN_BENE_7F1A7CB3464F|SYN_CLM_C053EEA2FD1E|V|60|31-Aug-2021|31-Aug-2021|03-Sep-2021||3|107522|1|1|1|| |1278.55|0.0| ||10|1992753768| |9999623793| |9999623793|||0|1| |1278.55|31-Aug-2021|1|2|A|10|0.0|255.7|0|4|0.0|0.0|0|0|0|0|0|0|0|0|0|0|0|0|0|||||31-Aug-2021|951.0|0|0||Z733|Z733|N|T7432X|Y|E0922|N|R809|N|I1310|N|E1121|Y|I252|Y|I214|Y|E113592|Y|E113299|Y|E1141|N|R739|Y|E11319|Y|E785|Y|E781|Y|E8881|Y|Z653|Y|E119|Y|R931|Y|I259|Y|E669|Y|R7303|Y|D649|Y|M179|Y|P292|N|||| | | | | | | | | | | | | | | | | | | | | | |Z741|31-Aug-2021|Z9181|31-Aug-2021|Z1331|31-Aug-2021|Z1331|31-Aug-2021|F1990|31-Aug-2021|F109|31-Aug-2021|||||||||||||||||||||||||||||||||||||||0|0||6|450|G0442|3.0|2021-09-01T00:00:00|hospital_E|hospital_E_20210831
SYN_BENE_C40A9ECD55C4|SYN_CLM_A409D23D81B6|V|60|31-Aug-2021|31-Aug-2021|03-Sep-2021||3|107522|1|1|1|| |1278.55|0.0| ||10|1992753768| |9999623793| |9999623793|||0|1| |1278.55|31-Aug-2021|1|2|A|10|0.0|255.7|0|4|0.0|0.0|0|0|0|0|0|0|0|0|0|0|0|0|0|||||31-Aug-2021|951.0|0|0||Z733|Z733|N|T7432X|Y|E0922|N|R809|N|I1310|N|E1121|Y|I252|Y|I214|Y|E113592|Y|E113299|Y|E1141|N|R739|Y|E11319|Y|E785|Y|E781|Y|E8881|Y|Z653|Y|E119|Y|R931|Y|I259|Y|E669|Y|R7303|Y|D649|Y|M179|Y|P292|N|||| | | | | | | | | | | | | | | | | | | | | | |Z741|31-Aug-2021|Z9181|31-Aug-2021|Z1331|31-Aug-2021|Z1331|31-Aug-2021|F1990|31-Aug-2021|F109|31-Aug-2021|||||||||||||||||||||||||||||||||||||||0|0||1|450|96156|3.0|2021-09-01T00:00:00|hospital_E|hospital_E_20210831
SYN_BENE_C40A9ECD55C4|SYN_CLM_A409D23D81B6|V|60|31-Aug-2021|31-Aug-2021|03-Sep-2021||3|107522|1|1|1|| |1278.55|0.0| ||10|1992753768| |9999623793| |9999623793|||0|1| |1278.55|31-Aug-2021|1|2|A|10|0.0|255.7|0|4|0.0|0.0|0|0|0|0|0|0|0|0|0|0|0|0|0|||||31-Aug-2021|951.0|0|0||Z733|Z733|N|T7432X|Y|E0922|N|R809|N|I1310|N|E1121|Y|I252|Y|I214|Y|E113592|Y|E113299|Y|E1141|N|R739|Y|E11319|Y|E785|Y|E781|Y|E8881|Y|Z653|Y|E119|Y|R931|Y|I259|Y|E669|Y|R7303|Y|D649|Y|M179|Y|P292|N|||| | | | | | | | | | | | | | | | | | | | | | |Z741|31-Aug-2021|Z9181|31-Aug-2021|Z1331|31-Aug-2021|Z1331|31-Aug-2021|F1990|31-Aug-2021|F109|31-Aug-2021|||||||||||||||||||||||||||||||||||||||0|0||2|450|M1069|3.0|2021-09-01T00:00:00|hospital_E|hospital_E_20210831
SYN_BENE_C40A9ECD55C4|SYN_CLM_A409D23D81B6|V|60|31-Aug-2021|31-Aug-2021|03-Sep-2021||3|107522|1|1|1|| |1278.55|0.0| ||10|1992753768| |9999623793| |9999623793|||0|1| |1278.55|31-Aug-2021|1|2|A|10|0.0|255.7|0|4|0.0|0.0|0|0|0|0|0|0|0|0|0|0|0|0|0|||||31-Aug-2021|951.0|0|0||Z733|Z733|N|T7432X|Y|E0922|N|R809|N|I1310|N|E1121|Y|I252|Y|I214|Y|E113592|Y|E113299|Y|E1141|N|R739|Y|E11319|Y|E785|Y|E781|Y|E8881|Y|Z653|Y|E119|Y|R931|Y|I259|Y|E669|Y|R7303|Y|D649|Y|M179|Y|P292|N|||| | | | | | | | | | | | | | | | | | | | | | |Z741|31-Aug-2021|Z9181|31-Aug-2021|Z1331|31-Aug-2021|Z1331|31-Aug-2021|F1990|31-Aug-2021|F109|31-Aug-2021|||||||||||||||||||||||||||||||||||||||0|0||3|450|G0444|3.0|2021-09-01T00:00:00|hospital_E|hospital_E_20210831
SYN_BENE_C40A9ECD55C4|SYN_CLM_A409D23D81B6|V|60|31-Aug-2021|31-Aug-2021|03-Sep-2021||3|107522|1|1|1|| |1278.55|0.0| ||10|1992753768| |9999623793| |9999623793|||0|1| |1278.55|31-Aug-2021|1|2|A|10|0.0|255.7|0|4|0.0|0.0|0|0|0|0|0|0|0|0|0|0|0|0|0|||||31-Aug-2021|951.0|0|0||Z733|Z733|N|T7432X|Y|E0922|N|R809|N|I1310|N|E1121|Y|I252|Y|I214|Y|E113592|Y|E113299|Y|E1141|N|R739|Y|E11319|Y|E785|Y|E781|Y|E8881|Y|Z653|Y|E119|Y|R931|Y|I259|Y|E669|Y|R7303|Y|D649|Y|M179|Y|P292|N|||| | | | | | | | | | | | | | | | | | | | | | |Z741|31-Aug-2021|Z9181|31-Aug-2021|Z1331|31-Aug-2021|Z1331|31-Aug-2021|F1990|31-Aug-2021|F109|31-Aug-2021|||||||||||||||||||||||||||||||||||||||0|0||4|450|G0444|3.0|2021-09-01T00:00:00|hospital_E|hospital_E_20210831
SYN_BENE_C40A9ECD55C4|SYN_CLM_A409D23D81B6|V|60|31-Aug-2021|31-Aug-2021|03-Sep-2021||3|107522|1|1|1|| |1278.55|0.0| ||10|1992753768| |9999623793| |9999623793|||0|1| |1278.55|31-Aug-2021|1|2|A|10|0.0|255.7|0|4|0.0|0.0|0|0|0|0|0|0|0|0|0|0|0|0|0|||||31-Aug-2021|951.0|0|0||Z733|Z733|N|T7432X|Y|E0922|N|R809|N|I1310|N|E1121|Y|I252|Y|I214|Y|E113592|Y|E113299|Y|E1141|N|R739|Y|E11319|Y|E785|Y|E781|Y|E8881|Y|Z653|Y|E119|Y|R931|Y|I259|Y|E669|Y|R7303|Y|D649|Y|M179|Y|P292|N|||| | | | | | | | | | | | | | | | | | | | | | |Z741|31-Aug-2021|Z9181|31-Aug-2021|Z1331|31-Aug-2021|Z1331|31-Aug-2021|F1990|31-Aug-2021|F109|31-Aug-2021|||||||||||||||||||||||||||||||||||||||0|0||5|450|99408|3.0|2021-09-01T00:00:00|hospital_E|hospital_E_20210831
SYN_BENE_C40A9ECD55C4|SYN_CLM_A409D23D81B6|V|60|31-Aug-2021|31-Aug-2021|03-Sep-2021||3|107522|1|1|1|| |1278.55|0.0| ||10|1992753768| |9999623793| |9999623793|||0|1| |1278.55|31-Aug-2021|1|2|A|10|0.0|255.7|0|4|0.0|0.0|0|0|0|0|0|0|0|0|0|0|0|0|0|||||31-Aug-2021|951.0|0|0||Z733|Z733|N|T7432X|Y|E0922|N|R809|N|I1310|N|E1121|Y|I252|Y|I214|Y|E113592|Y|E113299|Y|E1141|N|R739|Y|E11319|Y|E785|Y|E781|Y|E8881|Y|Z653|Y|E119|Y|R931|Y|I259|Y|E669|Y|R7303|Y|D649|Y|M179|Y|P292|N|||| | | | | | | | | | | | | | | | | | | | | | |Z741|31-Aug-2021|Z9181|31-Aug-2021|Z1331|31-Aug-2021|Z1331|31-Aug-2021|F1990|31-Aug-2021|F109|31-Aug-2021|||||||||||||||||||||||||||||||||||||||0|0||6|450|G0442|3.0|2021-09-01T00:00:00|hospital_E|hospital_E_20210831
SYN_BENE_6CD2DF58E2F2|SYN_CLM_32E4A889641C|V|60|31-Aug-2021|31-Aug-2021|03-Sep-2021||3|107522|1|1|1|| |1278.55|0.0| ||10|1992753768| |9999623793| |9999623793|||0|1| |1278.55|31-Aug-2021|1|2|A|10|0.0|255.7|0|4|0.0|0.0|0|0|0|0|0|0|0|0|0|0|0|0|0|||||31-Aug-2021|951.0|0|0||Z733|Z733|N|T7432X|Y|E0922|N|R809|N|I1310|N|E1121|Y|I252|Y|I214|Y|E113592|Y|E113299|Y|E1141|N|R739|Y|E11319|Y|E785|Y|E781|Y|E8881|Y|Z653|Y|E119|Y|R931|Y|I259|Y|E669|Y|R7303|Y|D649|Y|M179|Y|P292|N|||| | | | | | | | | | | | | | | | | | | | | | |Z741|31-Aug-2021|Z9181|31-Aug-2021|Z1331|31-Aug-2021|Z1331|31-Aug-2021|F1990|31-Aug-2021|F109|31-Aug-2021|||||||||||||||||||||||||||||||||||||||0|0||1|450|96156|3.0|2021-09-01T00:00:00|hospital_E|hospital_E_20210831
SYN_BENE_6CD2DF58E2F2|SYN_CLM_32E4A889641C|V|60|31-Aug-2021|31-Aug-2021|03-Sep-2021||3|107522|1|1|1|| |1278.55|0.0| ||10|1992753768| |9999623793| |9999623793|||0|1| |1278.55|31-Aug-2021|1|2|A|10|0.0|255.7|0|4|0.0|0.0|0|0|0|0|0|0|0|0|0|0|0|0|0|||||31-Aug-2021|951.0|0|0||Z733|Z733|N|T7432X|Y|E0922|N|R809|N|I1310|N|E1121|Y|I252|Y|I214|Y|E113592|Y|E113299|Y|E1141|N|R739|Y|E11319|Y|E785|Y|E781|Y|E8881|Y|Z653|Y|E119|Y|R931|Y|I259|Y|E669|Y|R7303|Y|D649|Y|M179|Y|P292|N|||| | | | | | | | | | | | | | | | | | | | | | |Z741|31-Aug-2021|Z9181|31-Aug-2021|Z1331|31-Aug-2021|Z1331|31-Aug-2021|F1990|31-Aug-2021|F109|31-Aug-2021|||||||||||||||||||||||||||||||||||||||0|0||2|450|M1069|3.0|2021-09-01T00:00:00|hospital_E|hospital_E_20210831
SYN_BENE_6CD2DF58E2F2|SYN_CLM_32E4A889641C|V|60|31-Aug-2021|31-Aug-2021|03-Sep-2021||3|107522|1|1|1|| |1278.55|0.0| ||10|1992753768| |9999623793| |9999623793|||0|1| |1278.55|31-Aug-2021|1|2|A|10|0.0|255.7|0|4|0.0|0.0|0|0|0|0|0|0|0|0|0|0|0|0|0|||||31-Aug-2021|951.0|0|0||Z733|Z733|N|T7432X|Y|E0922|N|R809|N|I1310|N|E1121|Y|I252|Y|I214|Y|E113592|Y|E113299|Y|E1141|N|R739|Y|E11319|Y|E785|Y|E781|Y|E8881|Y|Z653|Y|E119|Y|R931|Y|I259|Y|E669|Y|R7303|Y|D649|Y|M179|Y|P292|N|||| | | | | | | | | | | | | | | | | | | | | | |Z741|31-Aug-2021|Z9181|31-Aug-2021|Z1331|31-Aug-2021|Z1331|31-Aug-2021|F1990|31-Aug-2021|F109|31-Aug-2021|||||||||||||||||||||||||||||||||||||||0|0||3|450|G0444|3.0|2021-09-01T00:00:00|hospital_E|hospital_E_20210831
SYN_BENE_6CD2DF58E2F2|SYN_CLM_32E4A889641C|V|60|31-Aug-2021|31-Aug-2021|03-Sep-2021||3|107522|1|1|1|| |1278.55|0.0| ||10|1992753768| |9999623793| |9999623793|||0|1| |1278.55|31-Aug-2021|1|2|A|10|0.0|255.7|0|4|0.0|0.0|0|0|0|0|0|0|0|0|0|0|0|0|0|||||31-Aug-2021|951.0|0|0||Z733|Z733|N|T7432X|Y|E0922|N|R809|N|I1310|N|E1121|Y|I252|Y|I214|Y|E113592|Y|E113299|Y|E1141|N|R739|Y|E11319|Y|E785|Y|E781|Y|E8881|Y|Z653|Y|E119|Y|R931|Y|I259|Y|E669|Y|R7303|Y|D649|Y|M179|Y|P292|N|||| | | | | | | | | | | | | | | | | | | | | | |Z741|31-Aug-2021|Z9181|31-Aug-2021|Z1331|31-Aug-2021|Z1331|31-Aug-2021|F1990|31-Aug-2021|F109|31-Aug-2021|||||||||||||||||||||||||||||||||||||||0|0||4|450|G0444|3.0|2021-09-01T00:00:00|hospital_E|hospital_E_20210831
SYN_BENE_6CD2DF58E2F2|SYN_CLM_32E4A889641C|V|60|31-Aug-2021|31-Aug-2021|03-Sep-2021||3|107522|1|1|1|| |1278.55|0.0| ||10|1992753768| |9999623793| |9999623793|||0|1| |1278.55|31-Aug-2021|1|2|A|10|0.0|255.7|0|4|0.0|0.0|0|0|0|0|0|0|0|0|0|0|0|0|0|||||31-Aug-2021|951.0|0|0||Z733|Z733|N|T7432X|Y|E0922|N|R809|N|I1310|N|E1121|Y|I252|Y|I214|Y|E113592|Y|E113299|Y|E1141|N|R739|Y|E11319|Y|E785|Y|E781|Y|E8881|Y|Z653|Y|E119|Y|R931|Y|I259|Y|E669|Y|R7303|Y|D649|Y|M179|Y|P292|N|||| | | | | | | | | | | | | | | | | | | | | | |Z741|31-Aug-2021|Z9181|31-Aug-2021|Z1331|31-Aug-2021|Z1331|31-Aug-2021|F1990|31-Aug-2021|F109|31-Aug-2021|||||||||||||||||||||||||||||||||||||||0|0||5|450|99408|3.0|2021-09-01T00:00:00|hospital_E|hospital_E_20210831
SYN_BENE_6CD2DF58E2F2|SYN_CLM_32E4A889641C|V|60|31-Aug-2021|31-Aug-2021|03-Sep-2021||3|107522|1|1|1|| |1278.55|0.0| ||10|1992753768| |9999623793| |9999623793|||0|1| |1278.55|31-Aug-2021|1|2|A|10|0.0|255.7|0|4|0.0|0.0|0|0|0|0|0|0|0|0|0|0|0|0|0|||||31-Aug-2021|951.0|0|0||Z733|Z733|N|T7432X|Y|E0922|N|R809|N|I1310|N|E1121|Y|I252|Y|I214|Y|E113592|Y|E113299|Y|E1141|N|R739|Y|E11319|Y|E785|Y|E781|Y|E8881|Y|Z653|Y|E119|Y|R931|Y|I259|Y|E669|Y|R7303|Y|D649|Y|M179|Y|P292|N|||| | | | | | | | | | | | | | | | | | | | | | |Z741|31-Aug-2021|Z9181|31-Aug-2021|Z1331|31-Aug-2021|Z1331|31-Aug-2021|F1990|31-Aug-2021|F109|31-Aug-2021|||||||||||||||||||||||||||||||||||||||0|0||6|450|G0442|3.0|2021-09-01T00:00:00|hospital_E|hospital_E_20210831
SYN_BENE_870829F7B792|SYN_CLM_E2BF6C633F86|V|60|31-Aug-2021|31-Aug-2021|03-Sep-2021||3|107522|1|1|1|| |1278.55|0.0| ||10|1992753768| |9999623793| |9999623793|||0|1| |1278.55|31-Aug-2021|1|2|A|10|0.0|255.7|0|4|0.0|0.0|0|0|0|0|0|0|0|0|0|0|0|0|0|||||31-Aug-2021|951.0|0|0||Z733|Z733|N|T7432X|Y|E0922|N|R809|N|I1310|N|E1121|Y|I252|Y|I214|Y|E113592|Y|E113299|Y|E1141|N|R739|Y|E11319|Y|E785|Y|E781|Y|E8881|Y|Z653|Y|E119|Y|R931|Y|I259|Y|E669|Y|R7303|Y|D649|Y|M179|Y|P292|N|||| | | | | | | | | | | | | | | | | | | | | | |Z741|31-Aug-2021|Z9181|31-Aug-2021|Z1331|31-Aug-2021|Z1331|31-Aug-2021|F1990|31-Aug-2021|F109|31-Aug-2021|||||||||||||||||||||||||||||||||||||||0|0||1|450|96156|3.0|2021-09-01T00:00:00|hospital_E|hospital_E_20210831
SYN_BENE_870829F7B792|SYN_CLM_E2BF6C633F86|V|60|31-Aug-2021|31-Aug-2021|03-Sep-2021||3|107522|1|1|1|| |1278.55|0.0| ||10|1992753768| |9999623793| |9999623793|||0|1| |1278.55|31-Aug-2021|1|2|A|10|0.0|255.7|0|4|0.0|0.0|0|0|0|0|0|0|0|0|0|0|0|0|0|||||31-Aug-2021|951.0|0|0||Z733|Z733|N|T7432X|Y|E0922|N|R809|N|I1310|N|E1121|Y|I252|Y|I214|Y|E113592|Y|E113299|Y|E1141|N|R739|Y|E11319|Y|E785|Y|E781|Y|E8881|Y|Z653|Y|E119|Y|R931|Y|I259|Y|E669|Y|R7303|Y|D649|Y|M179|Y|P292|N|||| | | | | | | | | | | | | | | | | | | | | | |Z741|31-Aug-2021|Z9181|31-Aug-2021|Z1331|31-Aug-2021|Z1331|31-Aug-2021|F1990|31-Aug-2021|F109|31-Aug-2021|||||||||||||||||||||||||||||||||||||||0|0||2|450|M1069|3.0|2021-09-01T00:00:00|hospital_E|hospital_E_20210831
SYN_BENE_870829F7B792|SYN_CLM_E2BF6C633F86|V|60|31-Aug-2021|31-Aug-2021|03-Sep-2021||3|107522|1|1|1|| |1278.55|0.0| ||10|1992753768| |9999623793| |9999623793|||0|1| |1278.55|31-Aug-2021|1|2|A|10|0.0|255.7|0|4|0.0|0.0|0|0|0|0|0|0|0|0|0|0|0|0|0|||||31-Aug-2021|951.0|0|0||Z733|Z733|N|T7432X|Y|E0922|N|R809|N|I1310|N|E1121|Y|I252|Y|I214|Y|E113592|Y|E113299|Y|E1141|N|R739|Y|E11319|Y|E785|Y|E781|Y|E8881|Y|Z653|Y|E119|Y|R931|Y|I259|Y|E669|Y|R7303|Y|D649|Y|M179|Y|P292|N|||| | | | | | | | | | | | | | | | | | | | | | |Z741|31-Aug-2021|Z9181|31-Aug-2021|Z1331|31-Aug-2021|Z1331|31-Aug-2021|F1990|31-Aug-2021|F109|31-Aug-2021|||||||||||||||||||||||||||||||||||||||0|0||3|450|G0444|3.0|2021-09-01T00:00:00|hospital_E|hospital_E_20210831
SYN_BENE_870829F7B792|SYN_CLM_E2BF6C633F86|V|60|31-Aug-2021|31-Aug-2021|03-Sep-2021||3|107522|1|1|1|| |1278.55|0.0| ||10|1992753768| |9999623793| |9999623793|||0|1| |1278.55|31-Aug-2021|1|2|A|10|0.0|255.7|0|4|0.0|0.0|0|0|0|0|0|0|0|0|0|0|0|0|0|||||31-Aug-2021|951.0|0|0||Z733|Z733|N|T7432X|Y|E0922|N|R809|N|I1310|N|E1121|Y|I252|Y|I214|Y|E113592|Y|E113299|Y|E1141|N|R739|Y|E11319|Y|E785|Y|E781|Y|E8881|Y|Z653|Y|E119|Y|R931|Y|I259|Y|E669|Y|R7303|Y|D649|Y|M179|Y|P292|N|||| | | | | | | | | | | | | | | | | | | | | | |Z741|31-Aug-2021|Z9181|31-Aug-2021|Z1331|31-Aug-2021|Z1331|31-Aug-2021|F1990|31-Aug-2021|F109|31-Aug-2021|||||||||||||||||||||||||||||||||||||||0|0||4|450|G0444|3.0|2021-09-01T00:00:00|hospital_E|hospital_E_20210831
SYN_BENE_870829F7B792|SYN_CLM_E2BF6C633F86|V|60|31-Aug-2021|31-Aug-2021|03-Sep-2021||3|107522|1|1|1|| |1278.55|0.0| ||10|1992753768| |9999623793| |9999623793|||0|1| |1278.55|31-Aug-2021|1|2|A|10|0.0|255.7|0|4|0.0|0.0|0|0|0|0|0|0|0|0|0|0|0|0|0|||||31-Aug-2021|951.0|0|0||Z733|Z733|N|T7432X|Y|E0922|N|R809|N|I1310|N|E1121|Y|I252|Y|I214|Y|E113592|Y|E113299|Y|E1141|N|R739|Y|E11319|Y|E785|Y|E781|Y|E8881|Y|Z653|Y|E119|Y|R931|Y|I259|Y|E669|Y|R7303|Y|D649|Y|M179|Y|P292|N|||| | | | | | | | | | | | | | | | | | | | | | |Z741|31-Aug-2021|Z9181|31-Aug-2021|Z1331|31-Aug-2021|Z1331|31-Aug-2021|F1990|31-Aug-2021|F109|31-Aug-2021|||||||||||||||||||||||||||||||||||||||0|0||5|450|99408|3.0|2021-09-01T00:00:00|hospital_E|hospital_E_20210831
SYN_BENE_870829F7B792|SYN_CLM_E2BF6C633F86|V|60|31-Aug-2021|31-Aug-2021|03-Sep-2021||3|107522|1|1|1|| |1278.55|0.0| ||10|1992753768| |9999623793| |9999623793|||0|1| |1278.55|31-Aug-2021|1|2|A|10|0.0|255.7|0|4|0.0|0.0|0|0|0|0|0|0|0|0|0|0|0|0|0|||||31-Aug-2021|951.0|0|0||Z733|Z733|N|T7432X|Y|E0922|N|R809|N|I1310|N|E1121|Y|I252|Y|I214|Y|E113592|Y|E113299|Y|E1141|N|R739|Y|E11319|Y|E785|Y|E781|Y|E8881|Y|Z653|Y|E119|Y|R931|Y|I259|Y|E669|Y|R7303|Y|D649|Y|M179|Y|P292|N|||| | | | | | | | | | | | | | | | | | | | | | |Z741|31-Aug-2021|Z9181|31-Aug-2021|Z1331|31-Aug-2021|Z1331|31-Aug-2021|F1990|31-Aug-2021|F109|31-Aug-2021|||||||||||||||||||||||||||||||||||||||0|0||6|450|G0442|3.0|2021-09-01T00:00:00|hospital_E|hospital_E_20210831
SYN_BENE_12F87732D7BD|SYN_CLM_EC501090BB4B|V|60|31-Aug-2021|31-Aug-2021|03-Sep-2021||3|107522|1|1|1|| |1278.55|0.0| ||10|1992753768| |9999623793| |9999623793|||0|1| |1278.55|31-Aug-2021|1|2|A|10|0.0|255.7|0|4|0.0|0.0|0|0|0|0|0|0|0|0|0|0|0|0|0|||||31-Aug-2021|951.0|0|0||Z733|Z733|N|T7432X|Y|E0922|N|R809|N|I1310|N|E1121|Y|I252|Y|I214|Y|E113592|Y|E113299|Y|E1141|N|R739|Y|E11319|Y|E785|Y|E781|Y|E8881|Y|Z653|Y|E119|Y|R931|Y|I259|Y|E669|Y|R7303|Y|D649|Y|M179|Y|P292|N|||| | | | | | | | | | | | | | | | | | | | | | |Z741|31-Aug-2021|Z9181|31-Aug-2021|Z1331|31-Aug-2021|Z1331|31-Aug-2021|F1990|31-Aug-2021|F109|31-Aug-2021|||||||||||||||||||||||||||||||||||||||0|0||1|450|96156|3.0|2021-09-01T00:00:00|hospital_E|hospital_E_20210831
SYN_BENE_12F87732D7BD|SYN_CLM_EC501090BB4B|V|60|31-Aug-2021|31-Aug-2021|03-Sep-2021||3|107522|1|1|1|| |1278.55|0.0| ||10|1992753768| |9999623793| |9999623793|||0|1| |1278.55|31-Aug-2021|1|2|A|10|0.0|255.7|0|4|0.0|0.0|0|0|0|0|0|0|0|0|0|0|0|0|0|||||31-Aug-2021|951.0|0|0||Z733|Z733|N|T7432X|Y|E0922|N|R809|N|I1310|N|E1121|Y|I252|Y|I214|Y|E113592|Y|E113299|Y|E1141|N|R739|Y|E11319|Y|E785|Y|E781|Y|E8881|Y|Z653|Y|E119|Y|R931|Y|I259|Y|E669|Y|R7303|Y|D649|Y|M179|Y|P292|N|||| | | | | | | | | | | | | | | | | | | | | | |Z741|31-Aug-2021|Z9181|31-Aug-2021|Z1331|31-Aug-2021|Z1331|31-Aug-2021|F1990|31-Aug-2021|F109|31-Aug-2021|||||||||||||||||||||||||||||||||||||||0|0||2|450|M1069|3.0|2021-09-01T00:00:00|hospital_E|hospital_E_20210831
SYN_BENE_12F87732D7BD|SYN_CLM_EC501090BB4B|V|60|31-Aug-2021|31-Aug-2021|03-Sep-2021||3|107522|1|1|1|| |1278.55|0.0| ||10|1992753768| |9999623793| |9999623793|||0|1| |1278.55|31-Aug-2021|1|2|A|10|0.0|255.7|0|4|0.0|0.0|0|0|0|0|0|0|0|0|0|0|0|0|0|||||31-Aug-2021|951.0|0|0||Z733|Z733|N|T7432X|Y|E0922|N|R809|N|I1310|N|E1121|Y|I252|Y|I214|Y|E113592|Y|E113299|Y|E1141|N|R739|Y|E11319|Y|E785|Y|E781|Y|E8881|Y|Z653|Y|E119|Y|R931|Y|I259|Y|E669|Y|R7303|Y|D649|Y|M179|Y|P292|N|||| | | | | | | | | | | | | | | | | | | | | | |Z741|31-Aug-2021|Z9181|31-Aug-2021|Z1331|31-Aug-2021|Z1331|31-Aug-2021|F1990|31-Aug-2021|F109|31-Aug-2021|||||||||||||||||||||||||||||||||||||||0|0||3|450|G0444|3.0|2021-09-01T00:00:00|hospital_E|hospital_E_20210831
SYN_BENE_12F87732D7BD|SYN_CLM_EC501090BB4B|V|60|31-Aug-2021|31-Aug-2021|03-Sep-2021||3|107522|1|1|1|| |1278.55|0.0| ||10|1992753768| |9999623793| |9999623793|||0|1| |1278.55|31-Aug-2021|1|2|A|10|0.0|255.7|0|4|0.0|0.0|0|0|0|0|0|0|0|0|0|0|0|0|0|||||31-Aug-2021|951.0|0|0||Z733|Z733|N|T7432X|Y|E0922|N|R809|N|I1310|N|E1121|Y|I252|Y|I214|Y|E113592|Y|E113299|Y|E1141|N|R739|Y|E11319|Y|E785|Y|E781|Y|E8881|Y|Z653|Y|E119|Y|R931|Y|I259|Y|E669|Y|R7303|Y|D649|Y|M179|Y|P292|N|||| | | | | | | | | | | | | | | | | | | | | | |Z741|31-Aug-2021|Z9181|31-Aug-2021|Z1331|31-Aug-2021|Z1331|31-Aug-2021|F1990|31-Aug-2021|F109|31-Aug-2021|||||||||||||||||||||||||||||||||||||||0|0||4|450|G0444|3.0|2021-09-01T00:00:00|hospital_E|hospital_E_20210831
SYN_BENE_12F87732D7BD|SYN_CLM_EC501090BB4B|V|60|31-Aug-2021|31-Aug-2021|03-Sep-2021||3|107522|1|1|1|| |1278.55|0.0| ||10|1992753768| |9999623793| |9999623793|||0|1| |1278.55|31-Aug-2021|1|2|A|10|0.0|255.7|0|4|0.0|0.0|0|0|0|0|0|0|0|0|0|0|0|0|0|||||31-Aug-2021|951.0|0|0||Z733|Z733|N|T7432X|Y|E0922|N|R809|N|I1310|N|E1121|Y|I252|Y|I214|Y|E113592|Y|E113299|Y|E1141|N|R739|Y|E11319|Y|E785|Y|E781|Y|E8881|Y|Z653|Y|E119|Y|R931|Y|I259|Y|E669|Y|R7303|Y|D649|Y|M179|Y|P292|N|||| | | | | | | | | | | | | | | | | | | | | | |Z741|31-Aug-2021|Z9181|31-Aug-2021|Z1331|31-Aug-2021|Z1331|31-Aug-2021|F1990|31-Aug-2021|F109|31-Aug-2021|||||||||||||||||||||||||||||||||||||||0|0||5|450|99408|3.0|2021-09-01T00:00:00|hospital_E|hospital_E_20210831
SYN_BENE_12F87732D7BD|SYN_CLM_EC501090BB4B|V|60|31-Aug-2021|31-Aug-2021|03-Sep-2021||3|107522|1|1|1|| |1278.55|0.0| ||10|1992753768| |9999623793| |9999623793|||0|1| |1278.55|31-Aug-2021|1|2|A|10|0.0|255.7|0|4|0.0|0.0|0|0|0|0|0|0|0|0|0|0|0|0|0|||||31-Aug-2021|951.0|0|0||Z733|Z733|N|T7432X|Y|E0922|N|R809|N|I1310|N|E1121|Y|I252|Y|I214|Y|E113592|Y|E113299|Y|E1141|N|R739|Y|E11319|Y|E785|Y|E781|Y|E8881|Y|Z653|Y|E119|Y|R931|Y|I259|Y|E669|Y|R7303|Y|D649|Y|M179|Y|P292|N|||| | | | | | | | | | | | | | | | | | | | | | |Z741|31-Aug-2021|Z9181|31-Aug-2021|Z1331|31-Aug-2021|Z1331|31-Aug-2021|F1990|31-Aug-2021|F109|31-Aug-2021|||||||||||||||||||||||||||||||||||||||0|0||6|450|G0442|3.0|2021-09-01T00:00:00|hospital_E|hospital_E_20210831
SYN_BENE_74DDE177AD91|SYN_CLM_15C38ABEE5B8|V|60|31-Aug-2021|31-Aug-2021|03-Sep-2021||3|107522|1|1|1|| |1278.55|0.0| ||10|1992753768| |9999623793| |9999623793|||0|1| |1278.55|31-Aug-2021|1|2|A|10|0.0|255.7|0|4|0.0|0.0|0|0|0|0|0|0|0|0|0|0|0|0|0|||||31-Aug-2021|951.0|0|0||Z733|Z733|N|T7432X|Y|E0922|N|R809|N|I1310|N|E1121|Y|I252|Y|I214|Y|E113592|Y|E113299|Y|E1141|N|R739|Y|E11319|Y|E785|Y|E781|Y|E8881|Y|Z653|Y|E119|Y|R931|Y|I259|Y|E669|Y|R7303|Y|D649|Y|M179|Y|P292|N|||| | | | | | | | | | | | | | | | | | | | | | |Z741|31-Aug-2021|Z9181|31-Aug-2021|Z1331|31-Aug-2021|Z1331|31-Aug-2021|F1990|31-Aug-2021|F109|31-Aug-2021|||||||||||||||||||||||||||||||||||||||0|0||1|450|96156|3.0|2021-09-01T00:00:00|hospital_E|hospital_E_20210831
SYN_BENE_74DDE177AD91|SYN_CLM_15C38ABEE5B8|V|60|31-Aug-2021|31-Aug-2021|03-Sep-2021||3|107522|1|1|1|| |1278.55|0.0| ||10|1992753768| |9999623793| |9999623793|||0|1| |1278.55|31-Aug-2021|1|2|A|10|0.0|255.7|0|4|0.0|0.0|0|0|0|0|0|0|0|0|0|0|0|0|0|||||31-Aug-2021|951.0|0|0||Z733|Z733|N|T7432X|Y|E0922|N|R809|N|I1310|N|E1121|Y|I252|Y|I214|Y|E113592|Y|E113299|Y|E1141|N|R739|Y|E11319|Y|E785|Y|E781|Y|E8881|Y|Z653|Y|E119|Y|R931|Y|I259|Y|E669|Y|R7303|Y|D649|Y|M179|Y|P292|N|||| | | | | | | | | | | | | | | | | | | | | | |Z741|31-Aug-2021|Z9181|31-Aug-2021|Z1331|31-Aug-2021|Z1331|31-Aug-2021|F1990|31-Aug-2021|F109|31-Aug-2021|||||||||||||||||||||||||||||||||||||||0|0||2|450|M1069|3.0|2021-09-01T00:00:00|hospital_E|hospital_E_20210831
SYN_BENE_74DDE177AD91|SYN_CLM_15C38ABEE5B8|V|60|31-Aug-2021|31-Aug-2021|03-Sep-2021||3|107522|1|1|1|| |1278.55|0.0| ||10|1992753768| |9999623793| |9999623793|||0|1| |1278.55|31-Aug-2021|1|2|A|10|0.0|255.7|0|4|0.0|0.0|0|0|0|0|0|0|0|0|0|0|0|0|0|||||31-Aug-2021|951.0|0|0||Z733|Z733|N|T7432X|Y|E0922|N|R809|N|I1310|N|E1121|Y|I252|Y|I214|Y|E113592|Y|E113299|Y|E1141|N|R739|Y|E11319|Y|E785|Y|E781|Y|E8881|Y|Z653|Y|E119|Y|R931|Y|I259|Y|E669|Y|R7303|Y|D649|Y|M179|Y|P292|N|||| | | | | | | | | | | | | | | | | | | | | | |Z741|31-Aug-2021|Z9181|31-Aug-2021|Z1331|31-Aug-2021|Z1331|31-Aug-2021|F1990|31-Aug-2021|F109|31-Aug-2021|||||||||||||||||||||||||||||||||||||||0|0||3|450|G0444|3.0|2021-09-01T00:00:00|hospital_E|hospital_E_20210831
SYN_BENE_74DDE177AD91|SYN_CLM_15C38ABEE5B8|V|60|31-Aug-2021|31-Aug-2021|03-Sep-2021||3|107522|1|1|1|| |1278.55|0.0| ||10|1992753768| |9999623793| |9999623793|||0|1| |1278.55|31-Aug-2021|1|2|A|10|0.0|255.7|0|4|0.0|0.0|0|0|0|0|0|0|0|0|0|0|0|0|0|||||31-Aug-2021|951.0|0|0||Z733|Z733|N|T7432X|Y|E0922|N|R809|N|I1310|N|E1121|Y|I252|Y|I214|Y|E113592|Y|E113299|Y|E1141|N|R739|Y|E11319|Y|E785|Y|E781|Y|E8881|Y|Z653|Y|E119|Y|R931|Y|I259|Y|E669|Y|R7303|Y|D649|Y|M179|Y|P292|N|||| | | | | | | | | | | | | | | | | | | | | | |Z741|31-Aug-2021|Z9181|31-Aug-2021|Z1331|31-Aug-2021|Z1331|31-Aug-2021|F1990|31-Aug-2021|F109|31-Aug-2021|||||||||||||||||||||||||||||||||||||||0|0||4|450|G0444|3.0|2021-09-01T00:00:00|hospital_E|hospital_E_20210831
SYN_BENE_74DDE177AD91|SYN_CLM_15C38ABEE5B8|V|60|31-Aug-2021|31-Aug-2021|03-Sep-2021||3|107522|1|1|1|| |1278.55|0.0| ||10|1992753768| |9999623793| |9999623793|||0|1| |1278.55|31-Aug-2021|1|2|A|10|0.0|255.7|0|4|0.0|0.0|0|0|0|0|0|0|0|0|0|0|0|0|0|||||31-Aug-2021|951.0|0|0||Z733|Z733|N|T7432X|Y|E0922|N|R809|N|I1310|N|E1121|Y|I252|Y|I214|Y|E113592|Y|E113299|Y|E1141|N|R739|Y|E11319|Y|E785|Y|E781|Y|E8881|Y|Z653|Y|E119|Y|R931|Y|I259|Y|E669|Y|R7303|Y|D649|Y|M179|Y|P292|N|||| | | | | | | | | | | | | | | | | | | | | | |Z741|31-Aug-2021|Z9181|31-Aug-2021|Z1331|31-Aug-2021|Z1331|31-Aug-2021|F1990|31-Aug-2021|F109|31-Aug-2021|||||||||||||||||||||||||||||||||||||||0|0||5|450|99408|3.0|2021-09-01T00:00:00|hospital_E|hospital_E_20210831
SYN_BENE_74DDE177AD91|SYN_CLM_15C38ABEE5B8|V|60|31-Aug-2021|31-Aug-2021|03-Sep-2021||3|107522|1|1|1|| |1278.55|0.0| ||10|1992753768| |9999623793| |9999623793|||0|1| |1278.55|31-Aug-2021|1|2|A|10|0.0|255.7|0|4|0.0|0.0|0|0|0|0|0|0|0|0|0|0|0|0|0|||||31-Aug-2021|951.0|0|0||Z733|Z733|N|T7432X|Y|E0922|N|R809|N|I1310|N|E1121|Y|I252|Y|I214|Y|E113592|Y|E113299|Y|E1141|N|R739|Y|E11319|Y|E785|Y|E781|Y|E8881|Y|Z653|Y|E119|Y|R931|Y|I259|Y|E669|Y|R7303|Y|D649|Y|M179|Y|P292|N|||| | | | | | | | | | | | | | | | | | | | | | |Z741|31-Aug-2021|Z9181|31-Aug-2021|Z1331|31-Aug-2021|Z1331|31-Aug-2021|F1990|31-Aug-2021|F109|31-Aug-2021|||||||||||||||||||||||||||||||||||||||0|0||6|450|G0442|3.0|2021-09-01T00:00:00|hospital_E|hospital_E_20210831
SYN_BENE_DC5439738953|SYN_CLM_8583DCF01B07|V|60|31-Aug-2021|31-Aug-2021|03-Sep-2021||3|107522|1|1|1|| |1278.55|0.0| ||10|1992753768| |9999623793| |9999623793|||0|1| |1278.55|31-Aug-2021|1|2|A|10|0.0|255.7|0|4|0.0|0.0|0|0|0|0|0|0|0|0|0|0|0|0|0|||||31-Aug-2021|951.0|0|0||Z733|Z733|N|T7432X|Y|E0922|N|R809|N|I1310|N|E1121|Y|I252|Y|I214|Y|E113592|Y|E113299|Y|E1141|N|R739|Y|E11319|Y|E785|Y|E781|Y|E8881|Y|Z653|Y|E119|Y|R931|Y|I259|Y|E669|Y|R7303|Y|D649|Y|M179|Y|P292|N|||| | | | | | | | | | | | | | | | | | | | | | |Z741|31-Aug-2021|Z9181|31-Aug-2021|Z1331|31-Aug-2021|Z1331|31-Aug-2021|F1990|31-Aug-2021|F109|31-Aug-2021|||||||||||||||||||||||||||||||||||||||0|0||1|450|96156|3.0|2021-09-01T00:00:00|hospital_E|hospital_E_20210831
SYN_BENE_DC5439738953|SYN_CLM_8583DCF01B07|V|60|31-Aug-2021|31-Aug-2021|03-Sep-2021||3|107522|1|1|1|| |1278.55|0.0| ||10|1992753768| |9999623793| |9999623793|||0|1| |1278.55|31-Aug-2021|1|2|A|10|0.0|255.7|0|4|0.0|0.0|0|0|0|0|0|0|0|0|0|0|0|0|0|||||31-Aug-2021|951.0|0|0||Z733|Z733|N|T7432X|Y|E0922|N|R809|N|I1310|N|E1121|Y|I252|Y|I214|Y|E113592|Y|E113299|Y|E1141|N|R739|Y|E11319|Y|E785|Y|E781|Y|E8881|Y|Z653|Y|E119|Y|R931|Y|I259|Y|E669|Y|R7303|Y|D649|Y|M179|Y|P292|N|||| | | | | | | | | | | | | | | | | | | | | | |Z741|31-Aug-2021|Z9181|31-Aug-2021|Z1331|31-Aug-2021|Z1331|31-Aug-2021|F1990|31-Aug-2021|F109|31-Aug-2021|||||||||||||||||||||||||||||||||||||||0|0||2|450|M1069|3.0|2021-09-01T00:00:00|hospital_E|hospital_E_20210831
SYN_BENE_DC5439738953|SYN_CLM_8583DCF01B07|V|60|31-Aug-2021|31-Aug-2021|03-Sep-2021||3|107522|1|1|1|| |1278.55|0.0| ||10|1992753768| |9999623793| |9999623793|||0|1| |1278.55|31-Aug-2021|1|2|A|10|0.0|255.7|0|4|0.0|0.0|0|0|0|0|0|0|0|0|0|0|0|0|0|||||31-Aug-2021|951.0|0|0||Z733|Z733|N|T7432X|Y|E0922|N|R809|N|I1310|N|E1121|Y|I252|Y|I214|Y|E113592|Y|E113299|Y|E1141|N|R739|Y|E11319|Y|E785|Y|E781|Y|E8881|Y|Z653|Y|E119|Y|R931|Y|I259|Y|E669|Y|R7303|Y|D649|Y|M179|Y|P292|N|||| | | | | | | | | | | | | | | | | | | | | | |Z741|31-Aug-2021|Z9181|31-Aug-2021|Z1331|31-Aug-2021|Z1331|31-Aug-2021|F1990|31-Aug-2021|F109|31-Aug-2021|||||||||||||||||||||||||||||||||||||||0|0||3|450|G0444|3.0|2021-09-01T00:00:00|hospital_E|hospital_E_20210831
SYN_BENE_DC5439738953|SYN_CLM_8583DCF01B07|V|60|31-Aug-2021|31-Aug-2021|03-Sep-2021||3|107522|1|1|1|| |1278.55|0.0| ||10|1992753768| |9999623793| |9999623793|||0|1| |1278.55|31-Aug-2021|1|2|A|10|0.0|255.7|0|4|0.0|0.0|0|0|0|0|0|0|0|0|0|0|0|0|0|||||31-Aug-2021|951.0|0|0||Z733|Z733|N|T7432X|Y|E0922|N|R809|N|I1310|N|E1121|Y|I252|Y|I214|Y|E113592|Y|E113299|Y|E1141|N|R739|Y|E11319|Y|E785|Y|E781|Y|E8881|Y|Z653|Y|E119|Y|R931|Y|I259|Y|E669|Y|R7303|Y|D649|Y|M179|Y|P292|N|||| | | | | | | | | | | | | | | | | | | | | | |Z741|31-Aug-2021|Z9181|31-Aug-2021|Z1331|31-Aug-2021|Z1331|31-Aug-2021|F1990|31-Aug-2021|F109|31-Aug-2021|||||||||||||||||||||||||||||||||||||||0|0||4|450|G0444|3.0|2021-09-01T00:00:00|hospital_E|hospital_E_20210831
SYN_BENE_DC5439738953|SYN_CLM_8583DCF01B07|V|60|31-Aug-2021|31-Aug-2021|03-Sep-2021||3|107522|1|1|1|| |1278.55|0.0| ||10|1992753768| |9999623793| |9999623793|||0|1| |1278.55|31-Aug-2021|1|2|A|10|0.0|255.7|0|4|0.0|0.0|0|0|0|0|0|0|0|0|0|0|0|0|0|||||31-Aug-2021|951.0|0|0||Z733|Z733|N|T7432X|Y|E0922|N|R809|N|I1310|N|E1121|Y|I252|Y|I214|Y|E113592|Y|E113299|Y|E1141|N|R739|Y|E11319|Y|E785|Y|E781|Y|E8881|Y|Z653|Y|E119|Y|R931|Y|I259|Y|E669|Y|R7303|Y|D649|Y|M179|Y|P292|N|||| | | | | | | | | | | | | | | | | | | | | | |Z741|31-Aug-2021|Z9181|31-Aug-2021|Z1331|31-Aug-2021|Z1331|31-Aug-2021|F1990|31-Aug-2021|F109|31-Aug-2021|||||||||||||||||||||||||||||||||||||||0|0||5|450|99408|3.0|2021-09-01T00:00:00|hospital_E|hospital_E_20210831
SYN_BENE_DC5439738953|SYN_CLM_8583DCF01B07|V|60|31-Aug-2021|31-Aug-2021|03-Sep-2021||3|107522|1|1|1|| |1278.55|0.0| ||10|1992753768| |9999623793| |9999623793|||0|1| |1278.55|31-Aug-2021|1|2|A|10|0.0|255.7|0|4|0.0|0.0|0|0|0|0|0|0|0|0|0|0|0|0|0|||||31-Aug-2021|951.0|0|0||Z733|Z733|N|T7432X|Y|E0922|N|R809|N|I1310|N|E1121|Y|I252|Y|I214|Y|E113592|Y|E113299|Y|E1141|N|R739|Y|E11319|Y|E785|Y|E781|Y|E8881|Y|Z653|Y|E119|Y|R931|Y|I259|Y|E669|Y|R7303|Y|D649|Y|M179|Y|P292|N|||| | | | | | | | | | | | | | | | | | | | | | |Z741|31-Aug-2021|Z9181|31-Aug-2021|Z1331|31-Aug-2021|Z1331|31-Aug-2021|F1990|31-Aug-2021|F109|31-Aug-2021|||||||||||||||||||||||||||||||||||||||0|0||6|450|G0442|3.0|2021-09-01T00:00:00|hospital_E|hospital_E_20210831
SYN_BENE_C85E580569F9|SYN_CLM_986A1BDA9475|V|60|31-Aug-2021|31-Aug-2021|03-Sep-2021||3|107522|1|1|1|| |1278.55|0.0| ||10|1992753768| |9999623793| |9999623793|||0|1| |1278.55|31-Aug-2021|1|2|A|10|0.0|255.7|0|4|0.0|0.0|0|0|0|0|0|0|0|0|0|0|0|0|0|||||31-Aug-2021|951.0|0|0||Z733|Z733|N|T7432X|Y|E0922|N|R809|N|I1310|N|E1121|Y|I252|Y|I214|Y|E113592|Y|E113299|Y|E1141|N|R739|Y|E11319|Y|E785|Y|E781|Y|E8881|Y|Z653|Y|E119|Y|R931|Y|I259|Y|E669|Y|R7303|Y|D649|Y|M179|Y|P292|N|||| | | | | | | | | | | | | | | | | | | | | | |Z741|31-Aug-2021|Z9181|31-Aug-2021|Z1331|31-Aug-2021|Z1331|31-Aug-2021|F1990|31-Aug-2021|F109|31-Aug-2021|||||||||||||||||||||||||||||||||||||||0|0||1|450|96156|3.0|2021-09-01T00:00:00|hospital_E|hospital_E_20210831
SYN_BENE_C85E580569F9|SYN_CLM_986A1BDA9475|V|60|31-Aug-2021|31-Aug-2021|03-Sep-2021||3|107522|1|1|1|| |1278.55|0.0| ||10|1992753768| |9999623793| |9999623793|||0|1| |1278.55|31-Aug-2021|1|2|A|10|0.0|255.7|0|4|0.0|0.0|0|0|0|0|0|0|0|0|0|0|0|0|0|||||31-Aug-2021|951.0|0|0||Z733|Z733|N|T7432X|Y|E0922|N|R809|N|I1310|N|E1121|Y|I252|Y|I214|Y|E113592|Y|E113299|Y|E1141|N|R739|Y|E11319|Y|E785|Y|E781|Y|E8881|Y|Z653|Y|E119|Y|R931|Y|I259|Y|E669|Y|R7303|Y|D649|Y|M179|Y|P292|N|||| | | | | | | | | | | | | | | | | | | | | | |Z741|31-Aug-2021|Z9181|31-Aug-2021|Z1331|31-Aug-2021|Z1331|31-Aug-2021|F1990|31-Aug-2021|F109|31-Aug-2021|||||||||||||||||||||||||||||||||||||||0|0||2|450|M1069|3.0|2021-09-01T00:00:00|hospital_E|hospital_E_20210831
SYN_BENE_C85E580569F9|SYN_CLM_986A1BDA9475|V|60|31-Aug-2021|31-Aug-2021|03-Sep-2021||3|107522|1|1|1|| |1278.55|0.0| ||10|1992753768| |9999623793| |9999623793|||0|1| |1278.55|31-Aug-2021|1|2|A|10|0.0|255.7|0|4|0.0|0.0|0|0|0|0|0|0|0|0|0|0|0|0|0|||||31-Aug-2021|951.0|0|0||Z733|Z733|N|T7432X|Y|E0922|N|R809|N|I1310|N|E1121|Y|I252|Y|I214|Y|E113592|Y|E113299|Y|E1141|N|R739|Y|E11319|Y|E785|Y|E781|Y|E8881|Y|Z653|Y|E119|Y|R931|Y|I259|Y|E669|Y|R7303|Y|D649|Y|M179|Y|P292|N|||| | | | | | | | | | | | | | | | | | | | | | |Z741|31-Aug-2021|Z9181|31-Aug-2021|Z1331|31-Aug-2021|Z1331|31-Aug-2021|F1990|31-Aug-2021|F109|31-Aug-2021|||||||||||||||||||||||||||||||||||||||0|0||3|450|G0444|3.0|2021-09-01T00:00:00|hospital_E|hospital_E_20210831
SYN_BENE_C85E580569F9|SYN_CLM_986A1BDA9475|V|60|31-Aug-2021|31-Aug-2021|03-Sep-2021||3|107522|1|1|1|| |1278.55|0.0| ||10|1992753768| |9999623793| |9999623793|||0|1| |1278.55|31-Aug-2021|1|2|A|10|0.0|255.7|0|4|0.0|0.0|0|0|0|0|0|0|0|0|0|0|0|0|0|||||31-Aug-2021|951.0|0|0||Z733|Z733|N|T7432X|Y|E0922|N|R809|N|I1310|N|E1121|Y|I252|Y|I214|Y|E113592|Y|E113299|Y|E1141|N|R739|Y|E11319|Y|E785|Y|E781|Y|E8881|Y|Z653|Y|E119|Y|R931|Y|I259|Y|E669|Y|R7303|Y|D649|Y|M179|Y|P292|N|||| | | | | | | | | | | | | | | | | | | | | | |Z741|31-Aug-2021|Z9181|31-Aug-2021|Z1331|31-Aug-2021|Z1331|31-Aug-2021|F1990|31-Aug-2021|F109|31-Aug-2021|||||||||||||||||||||||||||||||||||||||0|0||4|450|G0444|3.0|2021-09-01T00:00:00|hospital_E|hospital_E_20210831
SYN_BENE_C85E580569F9|SYN_CLM_986A1BDA9475|V|60|31-Aug-2021|31-Aug-2021|03-Sep-2021||3|107522|1|1|1|| |1278.55|0.0| ||10|1992753768| |9999623793| |9999623793|||0|1| |1278.55|31-Aug-2021|1|2|A|10|0.0|255.7|0|4|0.0|0.0|0|0|0|0|0|0|0|0|0|0|0|0|0|||||31-Aug-2021|951.0|0|0||Z733|Z733|N|T7432X|Y|E0922|N|R809|N|I1310|N|E1121|Y|I252|Y|I214|Y|E113592|Y|E113299|Y|E1141|N|R739|Y|E11319|Y|E785|Y|E781|Y|E8881|Y|Z653|Y|E119|Y|R931|Y|I259|Y|E669|Y|R7303|Y|D649|Y|M179|Y|P292|N|||| | | | | | | | | | | | | | | | | | | | | | |Z741|31-Aug-2021|Z9181|31-Aug-2021|Z1331|31-Aug-2021|Z1331|31-Aug-2021|F1990|31-Aug-2021|F109|31-Aug-2021|||||||||||||||||||||||||||||||||||||||0|0||5|450|99408|3.0|2021-09-01T00:00:00|hospital_E|hospital_E_20210831
SYN_BENE_C85E580569F9|SYN_CLM_986A1BDA9475|V|60|31-Aug-2021|31-Aug-2021|03-Sep-2021||3|107522|1|1|1|| |1278.55|0.0| ||10|1992753768| |9999623793| |9999623793|||0|1| |1278.55|31-Aug-2021|1|2|A|10|0.0|255.7|0|4|0.0|0.0|0|0|0|0|0|0|0|0|0|0|0|0|0|||||31-Aug-2021|951.0|0|0||Z733|Z733|N|T7432X|Y|E0922|N|R809|N|I1310|N|E1121|Y|I252|Y|I214|Y|E113592|Y|E113299|Y|E1141|N|R739|Y|E11319|Y|E785|Y|E781|Y|E8881|Y|Z653|Y|E119|Y|R931|Y|I259|Y|E669|Y|R7303|Y|D649|Y|M179|Y|P292|N|||| | | | | | | | | | | | | | | | | | | | | | |Z741|31-Aug-2021|Z9181|31-Aug-2021|Z1331|31-Aug-2021|Z1331|31-Aug-2021|F1990|31-Aug-2021|F109|31-Aug-2021|||||||||||||||||||||||||||||||||||||||0|0||6|450|G0442|3.0|2021-09-01T00:00:00|hospital_E|hospital_E_20210831
SYN_BENE_F7D159DE406E|SYN_CLM_5541CE436730|V|60|31-Aug-2021|31-Aug-2021|03-Sep-2021||3|107522|1|1|1|| |1278.55|0.0| ||10|1992753768| |9999623793| |9999623793|||0|1| |1278.55|31-Aug-2021|1|2|A|10|0.0|255.7|0|4|0.0|0.0|0|0|0|0|0|0|0|0|0|0|0|0|0|||||31-Aug-2021|951.0|0|0||Z733|Z733|N|T7432X|Y|E0922|N|R809|N|I1310|N|E1121|Y|I252|Y|I214|Y|E113592|Y|E113299|Y|E1141|N|R739|Y|E11319|Y|E785|Y|E781|Y|E8881|Y|Z653|Y|E119|Y|R931|Y|I259|Y|E669|Y|R7303|Y|D649|Y|M179|Y|P292|N|||| | | | | | | | | | | | | | | | | | | | | | |Z741|31-Aug-2021|Z9181|31-Aug-2021|Z1331|31-Aug-2021|Z1331|31-Aug-2021|F1990|31-Aug-2021|F109|31-Aug-2021|||||||||||||||||||||||||||||||||||||||0|0||1|450|96156|3.0|2021-09-01T00:00:00|hospital_E|hospital_E_20210831
SYN_BENE_F7D159DE406E|SYN_CLM_5541CE436730|V|60|31-Aug-2021|31-Aug-2021|03-Sep-2021||3|107522|1|1|1|| |1278.55|0.0| ||10|1992753768| |9999623793| |9999623793|||0|1| |1278.55|31-Aug-2021|1|2|A|10|0.0|255.7|0|4|0.0|0.0|0|0|0|0|0|0|0|0|0|0|0|0|0|||||31-Aug-2021|951.0|0|0||Z733|Z733|N|T7432X|Y|E0922|N|R809|N|I1310|N|E1121|Y|I252|Y|I214|Y|E113592|Y|E113299|Y|E1141|N|R739|Y|E11319|Y|E785|Y|E781|Y|E8881|Y|Z653|Y|E119|Y|R931|Y|I259|Y|E669|Y|R7303|Y|D649|Y|M179|Y|P292|N|||| | | | | | | | | | | | | | | | | | | | | | |Z741|31-Aug-2021|Z9181|31-Aug-2021|Z1331|31-Aug-2021|Z1331|31-Aug-2021|F1990|31-Aug-2021|F109|31-Aug-2021|||||||||||||||||||||||||||||||||||||||0|0||2|450|M1069|3.0|2021-09-01T00:00:00|hospital_E|hospital_E_20210831
SYN_BENE_F7D159DE406E|SYN_CLM_5541CE436730|V|60|31-Aug-2021|31-Aug-2021|03-Sep-2021||3|107522|1|1|1|| |1278.55|0.0| ||10|1992753768| |9999623793| |9999623793|||0|1| |1278.55|31-Aug-2021|1|2|A|10|0.0|255.7|0|4|0.0|0.0|0|0|0|0|0|0|0|0|0|0|0|0|0|||||31-Aug-2021|951.0|0|0||Z733|Z733|N|T7432X|Y|E0922|N|R809|N|I1310|N|E1121|Y|I252|Y|I214|Y|E113592|Y|E113299|Y|E1141|N|R739|Y|E11319|Y|E785|Y|E781|Y|E8881|Y|Z653|Y|E119|Y|R931|Y|I259|Y|E669|Y|R7303|Y|D649|Y|M179|Y|P292|N|||| | | | | | | | | | | | | | | | | | | | | | |Z741|31-Aug-2021|Z9181|31-Aug-2021|Z1331|31-Aug-2021|Z1331|31-Aug-2021|F1990|31-Aug-2021|F109|31-Aug-2021|||||||||||||||||||||||||||||||||||||||0|0||3|450|G0444|3.0|2021-09-01T00:00:00|hospital_E|hospital_E_20210831
SYN_BENE_F7D159DE406E|SYN_CLM_5541CE436730|V|60|31-Aug-2021|31-Aug-2021|03-Sep-2021||3|107522|1|1|1|| |1278.55|0.0| ||10|1992753768| |9999623793| |9999623793|||0|1| |1278.55|31-Aug-2021|1|2|A|10|0.0|255.7|0|4|0.0|0.0|0|0|0|0|0|0|0|0|0|0|0|0|0|||||31-Aug-2021|951.0|0|0||Z733|Z733|N|T7432X|Y|E0922|N|R809|N|I1310|N|E1121|Y|I252|Y|I214|Y|E113592|Y|E113299|Y|E1141|N|R739|Y|E11319|Y|E785|Y|E781|Y|E8881|Y|Z653|Y|E119|Y|R931|Y|I259|Y|E669|Y|R7303|Y|D649|Y|M179|Y|P292|N|||| | | | | | | | | | | | | | | | | | | | | | |Z741|31-Aug-2021|Z9181|31-Aug-2021|Z1331|31-Aug-2021|Z1331|31-Aug-2021|F1990|31-Aug-2021|F109|31-Aug-2021|||||||||||||||||||||||||||||||||||||||0|0||4|450|G0444|3.0|2021-09-01T00:00:00|hospital_E|hospital_E_20210831
SYN_BENE_F7D159DE406E|SYN_CLM_5541CE436730|V|60|31-Aug-2021|31-Aug-2021|03-Sep-2021||3|107522|1|1|1|| |1278.55|0.0| ||10|1992753768| |9999623793| |9999623793|||0|1| |1278.55|31-Aug-2021|1|2|A|10|0.0|255.7|0|4|0.0|0.0|0|0|0|0|0|0|0|0|0|0|0|0|0|||||31-Aug-2021|951.0|0|0||Z733|Z733|N|T7432X|Y|E0922|N|R809|N|I1310|N|E1121|Y|I252|Y|I214|Y|E113592|Y|E113299|Y|E1141|N|R739|Y|E11319|Y|E785|Y|E781|Y|E8881|Y|Z653|Y|E119|Y|R931|Y|I259|Y|E669|Y|R7303|Y|D649|Y|M179|Y|P292|N|||| | | | | | | | | | | | | | | | | | | | | | |Z741|31-Aug-2021|Z9181|31-Aug-2021|Z1331|31-Aug-2021|Z1331|31-Aug-2021|F1990|31-Aug-2021|F109|31-Aug-2021|||||||||||||||||||||||||||||||||||||||0|0||5|450|99408|3.0|2021-09-01T00:00:00|hospital_E|hospital_E_20210831
SYN_BENE_F7D159DE406E|SYN_CLM_5541CE436730|V|60|31-Aug-2021|31-Aug-2021|03-Sep-2021||3|107522|1|1|1|| |1278.55|0.0| ||10|1992753768| |9999623793| |9999623793|||0|1| |1278.55|31-Aug-2021|1|2|A|10|0.0|255.7|0|4|0.0|0.0|0|0|0|0|0|0|0|0|0|0|0|0|0|||||31-Aug-2021|951.0|0|0||Z733|Z733|N|T7432X|Y|E0922|N|R809|N|I1310|N|E1121|Y|I252|Y|I214|Y|E113592|Y|E113299|Y|E1141|N|R739|Y|E11319|Y|E785|Y|E781|Y|E8881|Y|Z653|Y|E119|Y|R931|Y|I259|Y|E669|Y|R7303|Y|D649|Y|M179|Y|P292|N|||| | | | | | | | | | | | | | | | | | | | | | |Z741|31-Aug-2021|Z9181|31-Aug-2021|Z1331|31-Aug-2021|Z1331|31-Aug-2021|F1990|31-Aug-2021|F109|31-Aug-2021|||||||||||||||||||||||||||||||||||||||0|0||6|450|G0442|3.0|2021-09-01T00:00:00|hospital_E|hospital_E_20210831
SYN_BENE_84F9426DED3F|SYN_CLM_55C4EFA5C88C|V|60|31-Aug-2021|31-Aug-2021|03-Sep-2021||3|107522|1|1|1|| |1278.55|0.0| ||10|1992753768| |9999623793| |9999623793|||0|1| |1278.55|31-Aug-2021|1|2|A|10|0.0|255.7|0|4|0.0|0.0|0|0|0|0|0|0|0|0|0|0|0|0|0|||||31-Aug-2021|951.0|0|0||Z733|Z733|N|T7432X|Y|E0922|N|R809|N|I1310|N|E1121|Y|I252|Y|I214|Y|E113592|Y|E113299|Y|E1141|N|R739|Y|E11319|Y|E785|Y|E781|Y|E8881|Y|Z653|Y|E119|Y|R931|Y|I259|Y|E669|Y|R7303|Y|D649|Y|M179|Y|P292|N|||| | | | | | | | | | | | | | | | | | | | | | |Z741|31-Aug-2021|Z9181|31-Aug-2021|Z1331|31-Aug-2021|Z1331|31-Aug-2021|F1990|31-Aug-2021|F109|31-Aug-2021|||||||||||||||||||||||||||||||||||||||0|0||1|450|96156|3.0|2021-09-01T00:00:00|hospital_E|hospital_E_20210831
SYN_BENE_84F9426DED3F|SYN_CLM_55C4EFA5C88C|V|60|31-Aug-2021|31-Aug-2021|03-Sep-2021||3|107522|1|1|1|| |1278.55|0.0| ||10|1992753768| |9999623793| |9999623793|||0|1| |1278.55|31-Aug-2021|1|2|A|10|0.0|255.7|0|4|0.0|0.0|0|0|0|0|0|0|0|0|0|0|0|0|0|||||31-Aug-2021|951.0|0|0||Z733|Z733|N|T7432X|Y|E0922|N|R809|N|I1310|N|E1121|Y|I252|Y|I214|Y|E113592|Y|E113299|Y|E1141|N|R739|Y|E11319|Y|E785|Y|E781|Y|E8881|Y|Z653|Y|E119|Y|R931|Y|I259|Y|E669|Y|R7303|Y|D649|Y|M179|Y|P292|N|||| | | | | | | | | | | | | | | | | | | | | | |Z741|31-Aug-2021|Z9181|31-Aug-2021|Z1331|31-Aug-2021|Z1331|31-Aug-2021|F1990|31-Aug-2021|F109|31-Aug-2021|||||||||||||||||||||||||||||||||||||||0|0||2|450|M1069|3.0|2021-09-01T00:00:00|hospital_E|hospital_E_20210831
SYN_BENE_84F9426DED3F|SYN_CLM_55C4EFA5C88C|V|60|31-Aug-2021|31-Aug-2021|03-Sep-2021||3|107522|1|1|1|| |1278.55|0.0| ||10|1992753768| |9999623793| |9999623793|||0|1| |1278.55|31-Aug-2021|1|2|A|10|0.0|255.7|0|4|0.0|0.0|0|0|0|0|0|0|0|0|0|0|0|0|0|||||31-Aug-2021|951.0|0|0||Z733|Z733|N|T7432X|Y|E0922|N|R809|N|I1310|N|E1121|Y|I252|Y|I214|Y|E113592|Y|E113299|Y|E1141|N|R739|Y|E11319|Y|E785|Y|E781|Y|E8881|Y|Z653|Y|E119|Y|R931|Y|I259|Y|E669|Y|R7303|Y|D649|Y|M179|Y|P292|N|||| | | | | | | | | | | | | | | | | | | | | | |Z741|31-Aug-2021|Z9181|31-Aug-2021|Z1331|31-Aug-2021|Z1331|31-Aug-2021|F1990|31-Aug-2021|F109|31-Aug-2021|||||||||||||||||||||||||||||||||||||||0|0||3|450|G0444|3.0|2021-09-01T00:00:00|hospital_E|hospital_E_20210831
SYN_BENE_84F9426DED3F|SYN_CLM_55C4EFA5C88C|V|60|31-Aug-2021|31-Aug-2021|03-Sep-2021||3|107522|1|1|1|| |1278.55|0.0| ||10|1992753768| |9999623793| |9999623793|||0|1| |1278.55|31-Aug-2021|1|2|A|10|0.0|255.7|0|4|0.0|0.0|0|0|0|0|0|0|0|0|0|0|0|0|0|||||31-Aug-2021|951.0|0|0||Z733|Z733|N|T7432X|Y|E0922|N|R809|N|I1310|N|E1121|Y|I252|Y|I214|Y|E113592|Y|E113299|Y|E1141|N|R739|Y|E11319|Y|E785|Y|E781|Y|E8881|Y|Z653|Y|E119|Y|R931|Y|I259|Y|E669|Y|R7303|Y|D649|Y|M179|Y|P292|N|||| | | | | | | | | | | | | | | | | | | | | | |Z741|31-Aug-2021|Z9181|31-Aug-2021|Z1331|31-Aug-2021|Z1331|31-Aug-2021|F1990|31-Aug-2021|F109|31-Aug-2021|||||||||||||||||||||||||||||||||||||||0|0||4|450|G0444|3.0|2021-09-01T00:00:00|hospital_E|hospital_E_20210831
SYN_BENE_84F9426DED3F|SYN_CLM_55C4EFA5C88C|V|60|31-Aug-2021|31-Aug-2021|03-Sep-2021||3|107522|1|1|1|| |1278.55|0.0| ||10|1992753768| |9999623793| |9999623793|||0|1| |1278.55|31-Aug-2021|1|2|A|10|0.0|255.7|0|4|0.0|0.0|0|0|0|0|0|0|0|0|0|0|0|0|0|||||31-Aug-2021|951.0|0|0||Z733|Z733|N|T7432X|Y|E0922|N|R809|N|I1310|N|E1121|Y|I252|Y|I214|Y|E113592|Y|E113299|Y|E1141|N|R739|Y|E11319|Y|E785|Y|E781|Y|E8881|Y|Z653|Y|E119|Y|R931|Y|I259|Y|E669|Y|R7303|Y|D649|Y|M179|Y|P292|N|||| | | | | | | | | | | | | | | | | | | | | | |Z741|31-Aug-2021|Z9181|31-Aug-2021|Z1331|31-Aug-2021|Z1331|31-Aug-2021|F1990|31-Aug-2021|F109|31-Aug-2021|||||||||||||||||||||||||||||||||||||||0|0||5|450|99408|3.0|2021-09-01T00:00:00|hospital_E|hospital_E_20210831
SYN_BENE_84F9426DED3F|SYN_CLM_55C4EFA5C88C|V|60|31-Aug-2021|31-Aug-2021|03-Sep-2021||3|107522|1|1|1|| |1278.55|0.0| ||10|1992753768| |9999623793| |9999623793|||0|1| |1278.55|31-Aug-2021|1|2|A|10|0.0|255.7|0|4|0.0|0.0|0|0|0|0|0|0|0|0|0|0|0|0|0|||||31-Aug-2021|951.0|0|0||Z733|Z733|N|T7432X|Y|E0922|N|R809|N|I1310|N|E1121|Y|I252|Y|I214|Y|E113592|Y|E113299|Y|E1141|N|R739|Y|E11319|Y|E785|Y|E781|Y|E8881|Y|Z653|Y|E119|Y|R931|Y|I259|Y|E669|Y|R7303|Y|D649|Y|M179|Y|P292|N|||| | | | | | | | | | | | | | | | | | | | | | |Z741|31-Aug-2021|Z9181|31-Aug-2021|Z1331|31-Aug-2021|Z1331|31-Aug-2021|F1990|31-Aug-2021|F109|31-Aug-2021|||||||||||||||||||||||||||||||||||||||0|0||6|450|G0442|3.0|2021-09-01T00:00:00|hospital_E|hospital_E_20210831
SYN_BENE_3810954C74D2|SYN_CLM_22FB04FC5CF8|V|60|31-Aug-2021|31-Aug-2021|03-Sep-2021||3|107522|1|1|1|| |1278.55|0.0| ||10|1992753768| |9999623793| |9999623793|||0|1| |1278.55|31-Aug-2021|1|2|A|10|0.0|255.7|0|4|0.0|0.0|0|0|0|0|0|0|0|0|0|0|0|0|0|||||31-Aug-2021|951.0|0|0||Z733|Z733|N|T7432X|Y|E0922|N|R809|N|I1310|N|E1121|Y|I252|Y|I214|Y|E113592|Y|E113299|Y|E1141|N|R739|Y|E11319|Y|E785|Y|E781|Y|E8881|Y|Z653|Y|E119|Y|R931|Y|I259|Y|E669|Y|R7303|Y|D649|Y|M179|Y|P292|N|||| | | | | | | | | | | | | | | | | | | | | | |Z741|31-Aug-2021|Z9181|31-Aug-2021|Z1331|31-Aug-2021|Z1331|31-Aug-2021|F1990|31-Aug-2021|F109|31-Aug-2021|||||||||||||||||||||||||||||||||||||||0|0||1|450|96156|3.0|2021-09-01T00:00:00|hospital_E|hospital_E_20210831
SYN_BENE_3810954C74D2|SYN_CLM_22FB04FC5CF8|V|60|31-Aug-2021|31-Aug-2021|03-Sep-2021||3|107522|1|1|1|| |1278.55|0.0| ||10|1992753768| |9999623793| |9999623793|||0|1| |1278.55|31-Aug-2021|1|2|A|10|0.0|255.7|0|4|0.0|0.0|0|0|0|0|0|0|0|0|0|0|0|0|0|||||31-Aug-2021|951.0|0|0||Z733|Z733|N|T7432X|Y|E0922|N|R809|N|I1310|N|E1121|Y|I252|Y|I214|Y|E113592|Y|E113299|Y|E1141|N|R739|Y|E11319|Y|E785|Y|E781|Y|E8881|Y|Z653|Y|E119|Y|R931|Y|I259|Y|E669|Y|R7303|Y|D649|Y|M179|Y|P292|N|||| | | | | | | | | | | | | | | | | | | | | | |Z741|31-Aug-2021|Z9181|31-Aug-2021|Z1331|31-Aug-2021|Z1331|31-Aug-2021|F1990|31-Aug-2021|F109|31-Aug-2021|||||||||||||||||||||||||||||||||||||||0|0||2|450|M1069|3.0|2021-09-01T00:00:00|hospital_E|hospital_E_20210831
SYN_BENE_3810954C74D2|SYN_CLM_22FB04FC5CF8|V|60|31-Aug-2021|31-Aug-2021|03-Sep-2021||3|107522|1|1|1|| |1278.55|0.0| ||10|1992753768| |9999623793| |9999623793|||0|1| |1278.55|31-Aug-2021|1|2|A|10|0.0|255.7|0|4|0.0|0.0|0|0|0|0|0|0|0|0|0|0|0|0|0|||||31-Aug-2021|951.0|0|0||Z733|Z733|N|T7432X|Y|E0922|N|R809|N|I1310|N|E1121|Y|I252|Y|I214|Y|E113592|Y|E113299|Y|E1141|N|R739|Y|E11319|Y|E785|Y|E781|Y|E8881|Y|Z653|Y|E119|Y|R931|Y|I259|Y|E669|Y|R7303|Y|D649|Y|M179|Y|P292|N|||| | | | | | | | | | | | | | | | | | | | | | |Z741|31-Aug-2021|Z9181|31-Aug-2021|Z1331|31-Aug-2021|Z1331|31-Aug-2021|F1990|31-Aug-2021|F109|31-Aug-2021|||||||||||||||||||||||||||||||||||||||0|0||3|450|G0444|3.0|2021-09-01T00:00:00|hospital_E|hospital_E_20210831
SYN_BENE_3810954C74D2|SYN_CLM_22FB04FC5CF8|V|60|31-Aug-2021|31-Aug-2021|03-Sep-2021||3|107522|1|1|1|| |1278.55|0.0| ||10|1992753768| |9999623793| |9999623793|||0|1| |1278.55|31-Aug-2021|1|2|A|10|0.0|255.7|0|4|0.0|0.0|0|0|0|0|0|0|0|0|0|0|0|0|0|||||31-Aug-2021|951.0|0|0||Z733|Z733|N|T7432X|Y|E0922|N|R809|N|I1310|N|E1121|Y|I252|Y|I214|Y|E113592|Y|E113299|Y|E1141|N|R739|Y|E11319|Y|E785|Y|E781|Y|E8881|Y|Z653|Y|E119|Y|R931|Y|I259|Y|E669|Y|R7303|Y|D649|Y|M179|Y|P292|N|||| | | | | | | | | | | | | | | | | | | | | | |Z741|31-Aug-2021|Z9181|31-Aug-2021|Z1331|31-Aug-2021|Z1331|31-Aug-2021|F1990|31-Aug-2021|F109|31-Aug-2021|||||||||||||||||||||||||||||||||||||||0|0||4|450|G0444|3.0|2021-09-01T00:00:00|hospital_E|hospital_E_20210831
SYN_BENE_3810954C74D2|SYN_CLM_22FB04FC5CF8|V|60|31-Aug-2021|31-Aug-2021|03-Sep-2021||3|107522|1|1|1|| |1278.55|0.0| ||10|1992753768| |9999623793| |9999623793|||0|1| |1278.55|31-Aug-2021|1|2|A|10|0.0|255.7|0|4|0.0|0.0|0|0|0|0|0|0|0|0|0|0|0|0|0|||||31-Aug-2021|951.0|0|0||Z733|Z733|N|T7432X|Y|E0922|N|R809|N|I1310|N|E1121|Y|I252|Y|I214|Y|E113592|Y|E113299|Y|E1141|N|R739|Y|E11319|Y|E785|Y|E781|Y|E8881|Y|Z653|Y|E119|Y|R931|Y|I259|Y|E669|Y|R7303|Y|D649|Y|M179|Y|P292|N|||| | | | | | | | | | | | | | | | | | | | | | |Z741|31-Aug-2021|Z9181|31-Aug-2021|Z1331|31-Aug-2021|Z1331|31-Aug-2021|F1990|31-Aug-2021|F109|31-Aug-2021|||||||||||||||||||||||||||||||||||||||0|0||5|450|99408|3.0|2021-09-01T00:00:00|hospital_E|hospital_E_20210831
SYN_BENE_3810954C74D2|SYN_CLM_22FB04FC5CF8|V|60|31-Aug-2021|31-Aug-2021|03-Sep-2021||3|107522|1|1|1|| |1278.55|0.0| ||10|1992753768| |9999623793| |9999623793|||0|1| |1278.55|31-Aug-2021|1|2|A|10|0.0|255.7|0|4|0.0|0.0|0|0|0|0|0|0|0|0|0|0|0|0|0|||||31-Aug-2021|951.0|0|0||Z733|Z733|N|T7432X|Y|E0922|N|R809|N|I1310|N|E1121|Y|I252|Y|I214|Y|E113592|Y|E113299|Y|E1141|N|R739|Y|E11319|Y|E785|Y|E781|Y|E8881|Y|Z653|Y|E119|Y|R931|Y|I259|Y|E669|Y|R7303|Y|D649|Y|M179|Y|P292|N|||| | | | | | | | | | | | | | | | | | | | | | |Z741|31-Aug-2021|Z9181|31-Aug-2021|Z1331|31-Aug-2021|Z1331|31-Aug-2021|F1990|31-Aug-2021|F109|31-Aug-2021|||||||||||||||||||||||||||||||||||||||0|0||6|450|G0442|3.0|2021-09-01T00:00:00|hospital_E|hospital_E_20210831
SYN_BENE_56DF086C6474|SYN_CLM_A51285F36F68|V|60|31-Aug-2021|31-Aug-2021|03-Sep-2021||3|107522|1|1|1|| |1278.55|0.0| ||10|1992753768| |9999623793| |9999623793|||0|1| |1278.55|31-Aug-2021|1|2|A|10|0.0|255.7|0|4|0.0|0.0|0|0|0|0|0|0|0|0|0|0|0|0|0|||||31-Aug-2021|951.0|0|0||Z733|Z733|N|T7432X|Y|E0922|N|R809|N|I1310|N|E1121|Y|I252|Y|I214|Y|E113592|Y|E113299|Y|E1141|N|R739|Y|E11319|Y|E785|Y|E781|Y|E8881|Y|Z653|Y|E119|Y|R931|Y|I259|Y|E669|Y|R7303|Y|D649|Y|M179|Y|P292|N|||| | | | | | | | | | | | | | | | | | | | | | |Z741|31-Aug-2021|Z9181|31-Aug-2021|Z1331|31-Aug-2021|Z1331|31-Aug-2021|F1990|31-Aug-2021|F109|31-Aug-2021|||||||||||||||||||||||||||||||||||||||0|0||1|450|96156|3.0|2021-09-01T00:00:00|hospital_E|hospital_E_20210831
SYN_BENE_56DF086C6474|SYN_CLM_A51285F36F68|V|60|31-Aug-2021|31-Aug-2021|03-Sep-2021||3|107522|1|1|1|| |1278.55|0.0| ||10|1992753768| |9999623793| |9999623793|||0|1| |1278.55|31-Aug-2021|1|2|A|10|0.0|255.7|0|4|0.0|0.0|0|0|0|0|0|0|0|0|0|0|0|0|0|||||31-Aug-2021|951.0|0|0||Z733|Z733|N|T7432X|Y|E0922|N|R809|N|I1310|N|E1121|Y|I252|Y|I214|Y|E113592|Y|E113299|Y|E1141|N|R739|Y|E11319|Y|E785|Y|E781|Y|E8881|Y|Z653|Y|E119|Y|R931|Y|I259|Y|E669|Y|R7303|Y|D649|Y|M179|Y|P292|N|||| | | | | | | | | | | | | | | | | | | | | | |Z741|31-Aug-2021|Z9181|31-Aug-2021|Z1331|31-Aug-2021|Z1331|31-Aug-2021|F1990|31-Aug-2021|F109|31-Aug-2021|||||||||||||||||||||||||||||||||||||||0|0||2|450|M1069|3.0|2021-09-01T00:00:00|hospital_E|hospital_E_20210831
SYN_BENE_56DF086C6474|SYN_CLM_A51285F36F68|V|60|31-Aug-2021|31-Aug-2021|03-Sep-2021||3|107522|1|1|1|| |1278.55|0.0| ||10|1992753768| |9999623793| |9999623793|||0|1| |1278.55|31-Aug-2021|1|2|A|10|0.0|255.7|0|4|0.0|0.0|0|0|0|0|0|0|0|0|0|0|0|0|0|||||31-Aug-2021|951.0|0|0||Z733|Z733|N|T7432X|Y|E0922|N|R809|N|I1310|N|E1121|Y|I252|Y|I214|Y|E113592|Y|E113299|Y|E1141|N|R739|Y|E11319|Y|E785|Y|E781|Y|E8881|Y|Z653|Y|E119|Y|R931|Y|I259|Y|E669|Y|R7303|Y|D649|Y|M179|Y|P292|N|||| | | | | | | | | | | | | | | | | | | | | | |Z741|31-Aug-2021|Z9181|31-Aug-2021|Z1331|31-Aug-2021|Z1331|31-Aug-2021|F1990|31-Aug-2021|F109|31-Aug-2021|||||||||||||||||||||||||||||||||||||||0|0||3|450|G0444|3.0|2021-09-01T00:00:00|hospital_E|hospital_E_20210831
SYN_BENE_56DF086C6474|SYN_CLM_A51285F36F68|V|60|31-Aug-2021|31-Aug-2021|03-Sep-2021||3|107522|1|1|1|| |1278.55|0.0| ||10|1992753768| |9999623793| |9999623793|||0|1| |1278.55|31-Aug-2021|1|2|A|10|0.0|255.7|0|4|0.0|0.0|0|0|0|0|0|0|0|0|0|0|0|0|0|||||31-Aug-2021|951.0|0|0||Z733|Z733|N|T7432X|Y|E0922|N|R809|N|I1310|N|E1121|Y|I252|Y|I214|Y|E113592|Y|E113299|Y|E1141|N|R739|Y|E11319|Y|E785|Y|E781|Y|E8881|Y|Z653|Y|E119|Y|R931|Y|I259|Y|E669|Y|R7303|Y|D649|Y|M179|Y|P292|N|||| | | | | | | | | | | | | | | | | | | | | | |Z741|31-Aug-2021|Z9181|31-Aug-2021|Z1331|31-Aug-2021|Z1331|31-Aug-2021|F1990|31-Aug-2021|F109|31-Aug-2021|||||||||||||||||||||||||||||||||||||||0|0||4|450|G0444|3.0|2021-09-01T00:00:00|hospital_E|hospital_E_20210831
SYN_BENE_56DF086C6474|SYN_CLM_A51285F36F68|V|60|31-Aug-2021|31-Aug-2021|03-Sep-2021||3|107522|1|1|1|| |1278.55|0.0| ||10|1992753768| |9999623793| |9999623793|||0|1| |1278.55|31-Aug-2021|1|2|A|10|0.0|255.7|0|4|0.0|0.0|0|0|0|0|0|0|0|0|0|0|0|0|0|||||31-Aug-2021|951.0|0|0||Z733|Z733|N|T7432X|Y|E0922|N|R809|N|I1310|N|E1121|Y|I252|Y|I214|Y|E113592|Y|E113299|Y|E1141|N|R739|Y|E11319|Y|E785|Y|E781|Y|E8881|Y|Z653|Y|E119|Y|R931|Y|I259|Y|E669|Y|R7303|Y|D649|Y|M179|Y|P292|N|||| | | | | | | | | | | | | | | | | | | | | | |Z741|31-Aug-2021|Z9181|31-Aug-2021|Z1331|31-Aug-2021|Z1331|31-Aug-2021|F1990|31-Aug-2021|F109|31-Aug-2021|||||||||||||||||||||||||||||||||||||||0|0||5|450|99408|3.0|2021-09-01T00:00:00|hospital_E|hospital_E_20210831
SYN_BENE_56DF086C6474|SYN_CLM_A51285F36F68|V|60|31-Aug-2021|31-Aug-2021|03-Sep-2021||3|107522|1|1|1|| |1278.55|0.0| ||10|1992753768| |9999623793| |9999623793|||0|1| |1278.55|31-Aug-2021|1|2|A|10|0.0|255.7|0|4|0.0|0.0|0|0|0|0|0|0|0|0|0|0|0|0|0|||||31-Aug-2021|951.0|0|0||Z733|Z733|N|T7432X|Y|E0922|N|R809|N|I1310|N|E1121|Y|I252|Y|I214|Y|E113592|Y|E113299|Y|E1141|N|R739|Y|E11319|Y|E785|Y|E781|Y|E8881|Y|Z653|Y|E119|Y|R931|Y|I259|Y|E669|Y|R7303|Y|D649|Y|M179|Y|P292|N|||| | | | | | | | | | | | | | | | | | | | | | |Z741|31-Aug-2021|Z9181|31-Aug-2021|Z1331|31-Aug-2021|Z1331|31-Aug-2021|F1990|31-Aug-2021|F109|31-Aug-2021|||||||||||||||||||||||||||||||||||||||0|0||6|450|G0442|3.0|2021-09-01T00:00:00|hospital_E|hospital_E_20210831
SYN_BENE_F38B0C519F98|SYN_CLM_29332A76409C|V|60|31-Aug-2021|31-Aug-2021|03-Sep-2021||3|107522|1|1|1|| |1278.55|0.0| ||10|1992753768| |9999623793| |9999623793|||0|1| |1278.55|31-Aug-2021|1|2|A|10|0.0|255.7|0|4|0.0|0.0|0|0|0|0|0|0|0|0|0|0|0|0|0|||||31-Aug-2021|951.0|0|0||Z733|Z733|N|T7432X|Y|E0922|N|R809|N|I1310|N|E1121|Y|I252|Y|I214|Y|E113592|Y|E113299|Y|E1141|N|R739|Y|E11319|Y|E785|Y|E781|Y|E8881|Y|Z653|Y|E119|Y|R931|Y|I259|Y|E669|Y|R7303|Y|D649|Y|M179|Y|P292|N|||| | | | | | | | | | | | | | | | | | | | | | |Z741|31-Aug-2021|Z9181|31-Aug-2021|Z1331|31-Aug-2021|Z1331|31-Aug-2021|F1990|31-Aug-2021|F109|31-Aug-2021|||||||||||||||||||||||||||||||||||||||0|0||1|450|96156|3.0|2021-09-01T00:00:00|hospital_E|hospital_E_20210831
SYN_BENE_F38B0C519F98|SYN_CLM_29332A76409C|V|60|31-Aug-2021|31-Aug-2021|03-Sep-2021||3|107522|1|1|1|| |1278.55|0.0| ||10|1992753768| |9999623793| |9999623793|||0|1| |1278.55|31-Aug-2021|1|2|A|10|0.0|255.7|0|4|0.0|0.0|0|0|0|0|0|0|0|0|0|0|0|0|0|||||31-Aug-2021|951.0|0|0||Z733|Z733|N|T7432X|Y|E0922|N|R809|N|I1310|N|E1121|Y|I252|Y|I214|Y|E113592|Y|E113299|Y|E1141|N|R739|Y|E11319|Y|E785|Y|E781|Y|E8881|Y|Z653|Y|E119|Y|R931|Y|I259|Y|E669|Y|R7303|Y|D649|Y|M179|Y|P292|N|||| | | | | | | | | | | | | | | | | | | | | | |Z741|31-Aug-2021|Z9181|31-Aug-2021|Z1331|31-Aug-2021|Z1331|31-Aug-2021|F1990|31-Aug-2021|F109|31-Aug-2021|||||||||||||||||||||||||||||||||||||||0|0||2|450|M1069|3.0|2021-09-01T00:00:00|hospital_E|hospital_E_20210831
SYN_BENE_F38B0C519F98|SYN_CLM_29332A76409C|V|60|31-Aug-2021|31-Aug-2021|03-Sep-2021||3|107522|1|1|1|| |1278.55|0.0| ||10|1992753768| |9999623793| |9999623793|||0|1| |1278.55|31-Aug-2021|1|2|A|10|0.0|255.7|0|4|0.0|0.0|0|0|0|0|0|0|0|0|0|0|0|0|0|||||31-Aug-2021|951.0|0|0||Z733|Z733|N|T7432X|Y|E0922|N|R809|N|I1310|N|E1121|Y|I252|Y|I214|Y|E113592|Y|E113299|Y|E1141|N|R739|Y|E11319|Y|E785|Y|E781|Y|E8881|Y|Z653|Y|E119|Y|R931|Y|I259|Y|E669|Y|R7303|Y|D649|Y|M179|Y|P292|N|||| | | | | | | | | | | | | | | | | | | | | | |Z741|31-Aug-2021|Z9181|31-Aug-2021|Z1331|31-Aug-2021|Z1331|31-Aug-2021|F1990|31-Aug-2021|F109|31-Aug-2021|||||||||||||||||||||||||||||||||||||||0|0||3|450|G0444|3.0|2021-09-01T00:00:00|hospital_E|hospital_E_20210831
SYN_BENE_F38B0C519F98|SYN_CLM_29332A76409C|V|60|31-Aug-2021|31-Aug-2021|03-Sep-2021||3|107522|1|1|1|| |1278.55|0.0| ||10|1992753768| |9999623793| |9999623793|||0|1| |1278.55|31-Aug-2021|1|2|A|10|0.0|255.7|0|4|0.0|0.0|0|0|0|0|0|0|0|0|0|0|0|0|0|||||31-Aug-2021|951.0|0|0||Z733|Z733|N|T7432X|Y|E0922|N|R809|N|I1310|N|E1121|Y|I252|Y|I214|Y|E113592|Y|E113299|Y|E1141|N|R739|Y|E11319|Y|E785|Y|E781|Y|E8881|Y|Z653|Y|E119|Y|R931|Y|I259|Y|E669|Y|R7303|Y|D649|Y|M179|Y|P292|N|||| | | | | | | | | | | | | | | | | | | | | | |Z741|31-Aug-2021|Z9181|31-Aug-2021|Z1331|31-Aug-2021|Z1331|31-Aug-2021|F1990|31-Aug-2021|F109|31-Aug-2021|||||||||||||||||||||||||||||||||||||||0|0||4|450|G0444|3.0|2021-09-01T00:00:00|hospital_E|hospital_E_20210831
SYN_BENE_F38B0C519F98|SYN_CLM_29332A76409C|V|60|31-Aug-2021|31-Aug-2021|03-Sep-2021||3|107522|1|1|1|| |1278.55|0.0| ||10|1992753768| |9999623793| |9999623793|||0|1| |1278.55|31-Aug-2021|1|2|A|10|0.0|255.7|0|4|0.0|0.0|0|0|0|0|0|0|0|0|0|0|0|0|0|||||31-Aug-2021|951.0|0|0||Z733|Z733|N|T7432X|Y|E0922|N|R809|N|I1310|N|E1121|Y|I252|Y|I214|Y|E113592|Y|E113299|Y|E1141|N|R739|Y|E11319|Y|E785|Y|E781|Y|E8881|Y|Z653|Y|E119|Y|R931|Y|I259|Y|E669|Y|R7303|Y|D649|Y|M179|Y|P292|N|||| | | | | | | | | | | | | | | | | | | | | | |Z741|31-Aug-2021|Z9181|31-Aug-2021|Z1331|31-Aug-2021|Z1331|31-Aug-2021|F1990|31-Aug-2021|F109|31-Aug-2021|||||||||||||||||||||||||||||||||||||||0|0||5|450|99408|3.0|2021-09-01T00:00:00|hospital_E|hospital_E_20210831
SYN_BENE_F38B0C519F98|SYN_CLM_29332A76409C|V|60|31-Aug-2021|31-Aug-2021|03-Sep-2021||3|107522|1|1|1|| |1278.55|0.0| ||10|1992753768| |9999623793| |9999623793|||0|1| |1278.55|31-Aug-2021|1|2|A|10|0.0|255.7|0|4|0.0|0.0|0|0|0|0|0|0|0|0|0|0|0|0|0|||||31-Aug-2021|951.0|0|0||Z733|Z733|N|T7432X|Y|E0922|N|R809|N|I1310|N|E1121|Y|I252|Y|I214|Y|E113592|Y|E113299|Y|E1141|N|R739|Y|E11319|Y|E785|Y|E781|Y|E8881|Y|Z653|Y|E119|Y|R931|Y|I259|Y|E669|Y|R7303|Y|D649|Y|M179|Y|P292|N|||| | | | | | | | | | | | | | | | | | | | | | |Z741|31-Aug-2021|Z9181|31-Aug-2021|Z1331|31-Aug-2021|Z1331|31-Aug-2021|F1990|31-Aug-2021|F109|31-Aug-2021|||||||||||||||||||||||||||||||||||||||0|0||6|450|G0442|3.0|2021-09-01T00:00:00|hospital_E|hospital_E_20210831
SYN_BENE_566FD3A2B445|SYN_CLM_585212368A1A|V|60|31-Aug-2021|31-Aug-2021|03-Sep-2021||3|107522|1|1|1|| |1278.55|0.0| ||10|1992753768| |9999623793| |9999623793|||0|1| |1278.55|31-Aug-2021|1|2|A|10|0.0|255.7|0|4|0.0|0.0|0|0|0|0|0|0|0|0|0|0|0|0|0|||||31-Aug-2021|951.0|0|0||Z733|Z733|N|T7432X|Y|E0922|N|R809|N|I1310|N|E1121|Y|I252|Y|I214|Y|E113592|Y|E113299|Y|E1141|N|R739|Y|E11319|Y|E785|Y|E781|Y|E8881|Y|Z653|Y|E119|Y|R931|Y|I259|Y|E669|Y|R7303|Y|D649|Y|M179|Y|P292|N|||| | | | | | | | | | | | | | | | | | | | | | |Z741|31-Aug-2021|Z9181|31-Aug-2021|Z1331|31-Aug-2021|Z1331|31-Aug-2021|F1990|31-Aug-2021|F109|31-Aug-2021|||||||||||||||||||||||||||||||||||||||0|0||1|450|96156|3.0|2021-09-01T00:00:00|hospital_E|hospital_E_20210831
SYN_BENE_566FD3A2B445|SYN_CLM_585212368A1A|V|60|31-Aug-2021|31-Aug-2021|03-Sep-2021||3|107522|1|1|1|| |1278.55|0.0| ||10|1992753768| |9999623793| |9999623793|||0|1| |1278.55|31-Aug-2021|1|2|A|10|0.0|255.7|0|4|0.0|0.0|0|0|0|0|0|0|0|0|0|0|0|0|0|||||31-Aug-2021|951.0|0|0||Z733|Z733|N|T7432X|Y|E0922|N|R809|N|I1310|N|E1121|Y|I252|Y|I214|Y|E113592|Y|E113299|Y|E1141|N|R739|Y|E11319|Y|E785|Y|E781|Y|E8881|Y|Z653|Y|E119|Y|R931|Y|I259|Y|E669|Y|R7303|Y|D649|Y|M179|Y|P292|N|||| | | | | | | | | | | | | | | | | | | | | | |Z741|31-Aug-2021|Z9181|31-Aug-2021|Z1331|31-Aug-2021|Z1331|31-Aug-2021|F1990|31-Aug-2021|F109|31-Aug-2021|||||||||||||||||||||||||||||||||||||||0|0||2|450|M1069|3.0|2021-09-01T00:00:00|hospital_E|hospital_E_20210831
SYN_BENE_566FD3A2B445|SYN_CLM_585212368A1A|V|60|31-Aug-2021|31-Aug-2021|03-Sep-2021||3|107522|1|1|1|| |1278.55|0.0| ||10|1992753768| |9999623793| |9999623793|||0|1| |1278.55|31-Aug-2021|1|2|A|10|0.0|255.7|0|4|0.0|0.0|0|0|0|0|0|0|0|0|0|0|0|0|0|||||31-Aug-2021|951.0|0|0||Z733|Z733|N|T7432X|Y|E0922|N|R809|N|I1310|N|E1121|Y|I252|Y|I214|Y|E113592|Y|E113299|Y|E1141|N|R739|Y|E11319|Y|E785|Y|E781|Y|E8881|Y|Z653|Y|E119|Y|R931|Y|I259|Y|E669|Y|R7303|Y|D649|Y|M179|Y|P292|N|||| | | | | | | | | | | | | | | | | | | | | | |Z741|31-Aug-2021|Z9181|31-Aug-2021|Z1331|31-Aug-2021|Z1331|31-Aug-2021|F1990|31-Aug-2021|F109|31-Aug-2021|||||||||||||||||||||||||||||||||||||||0|0||3|450|G0444|3.0|2021-09-01T00:00:00|hospital_E|hospital_E_20210831
SYN_BENE_566FD3A2B445|SYN_CLM_585212368A1A|V|60|31-Aug-2021|31-Aug-2021|03-Sep-2021||3|107522|1|1|1|| |1278.55|0.0| ||10|1992753768| |9999623793| |9999623793|||0|1| |1278.55|31-Aug-2021|1|2|A|10|0.0|255.7|0|4|0.0|0.0|0|0|0|0|0|0|0|0|0|0|0|0|0|||||31-Aug-2021|951.0|0|0||Z733|Z733|N|T7432X|Y|E0922|N|R809|N|I1310|N|E1121|Y|I252|Y|I214|Y|E113592|Y|E113299|Y|E1141|N|R739|Y|E11319|Y|E785|Y|E781|Y|E8881|Y|Z653|Y|E119|Y|R931|Y|I259|Y|E669|Y|R7303|Y|D649|Y|M179|Y|P292|N|||| | | | | | | | | | | | | | | | | | | | | | |Z741|31-Aug-2021|Z9181|31-Aug-2021|Z1331|31-Aug-2021|Z1331|31-Aug-2021|F1990|31-Aug-2021|F109|31-Aug-2021|||||||||||||||||||||||||||||||||||||||0|0||4|450|G0444|3.0|2021-09-01T00:00:00|hospital_E|hospital_E_20210831
SYN_BENE_566FD3A2B445|SYN_CLM_585212368A1A|V|60|31-Aug-2021|31-Aug-2021|03-Sep-2021||3|107522|1|1|1|| |1278.55|0.0| ||10|1992753768| |9999623793| |9999623793|||0|1| |1278.55|31-Aug-2021|1|2|A|10|0.0|255.7|0|4|0.0|0.0|0|0|0|0|0|0|0|0|0|0|0|0|0|||||31-Aug-2021|951.0|0|0||Z733|Z733|N|T7432X|Y|E0922|N|R809|N|I1310|N|E1121|Y|I252|Y|I214|Y|E113592|Y|E113299|Y|E1141|N|R739|Y|E11319|Y|E785|Y|E781|Y|E8881|Y|Z653|Y|E119|Y|R931|Y|I259|Y|E669|Y|R7303|Y|D649|Y|M179|Y|P292|N|||| | | | | | | | | | | | | | | | | | | | | | |Z741|31-Aug-2021|Z9181|31-Aug-2021|Z1331|31-Aug-2021|Z1331|31-Aug-2021|F1990|31-Aug-2021|F109|31-Aug-2021|||||||||||||||||||||||||||||||||||||||0|0||5|450|99408|3.0|2021-09-01T00:00:00|hospital_E|hospital_E_20210831
SYN_BENE_566FD3A2B445|SYN_CLM_585212368A1A|V|60|31-Aug-2021|31-Aug-2021|03-Sep-2021||3|107522|1|1|1|| |1278.55|0.0| ||10|1992753768| |9999623793| |9999623793|||0|1| |1278.55|31-Aug-2021|1|2|A|10|0.0|255.7|0|4|0.0|0.0|0|0|0|0|0|0|0|0|0|0|0|0|0|||||31-Aug-2021|951.0|0|0||Z733|Z733|N|T7432X|Y|E0922|N|R809|N|I1310|N|E1121|Y|I252|Y|I214|Y|E113592|Y|E113299|Y|E1141|N|R739|Y|E11319|Y|E785|Y|E781|Y|E8881|Y|Z653|Y|E119|Y|R931|Y|I259|Y|E669|Y|R7303|Y|D649|Y|M179|Y|P292|N|||| | | | | | | | | | | | | | | | | | | | | | |Z741|31-Aug-2021|Z9181|31-Aug-2021|Z1331|31-Aug-2021|Z1331|31-Aug-2021|F1990|31-Aug-2021|F109|31-Aug-2021|||||||||||||||||||||||||||||||||||||||0|0||6|450|G0442|3.0|2021-09-01T00:00:00|hospital_E|hospital_E_20210831
SYN_BENE_04D6DC31F0FA|SYN_CLM_EE35D9A7EB5F|V|60|31-Aug-2021|31-Aug-2021|03-Sep-2021||3|107522|1|1|1|| |1278.55|0.0| ||10|1992753768| |9999623793| |9999623793|||0|1| |1278.55|31-Aug-2021|1|2|A|10|0.0|255.7|0|4|0.0|0.0|0|0|0|0|0|0|0|0|0|0|0|0|0|||||31-Aug-2021|951.0|0|0||Z733|Z733|N|T7432X|Y|E0922|N|R809|N|I1310|N|E1121|Y|I252|Y|I214|Y|E113592|Y|E113299|Y|E1141|N|R739|Y|E11319|Y|E785|Y|E781|Y|E8881|Y|Z653|Y|E119|Y|R931|Y|I259|Y|E669|Y|R7303|Y|D649|Y|M179|Y|P292|N|||| | | | | | | | | | | | | | | | | | | | | | |Z741|31-Aug-2021|Z9181|31-Aug-2021|Z1331|31-Aug-2021|Z1331|31-Aug-2021|F1990|31-Aug-2021|F109|31-Aug-2021|||||||||||||||||||||||||||||||||||||||0|0||1|450|96156|3.0|2021-09-01T00:00:00|hospital_E|hospital_E_20210831
SYN_BENE_04D6DC31F0FA|SYN_CLM_EE35D9A7EB5F|V|60|31-Aug-2021|31-Aug-2021|03-Sep-2021||3|107522|1|1|1|| |1278.55|0.0| ||10|1992753768| |9999623793| |9999623793|||0|1| |1278.55|31-Aug-2021|1|2|A|10|0.0|255.7|0|4|0.0|0.0|0|0|0|0|0|0|0|0|0|0|0|0|0|||||31-Aug-2021|951.0|0|0||Z733|Z733|N|T7432X|Y|E0922|N|R809|N|I1310|N|E1121|Y|I252|Y|I214|Y|E113592|Y|E113299|Y|E1141|N|R739|Y|E11319|Y|E785|Y|E781|Y|E8881|Y|Z653|Y|E119|Y|R931|Y|I259|Y|E669|Y|R7303|Y|D649|Y|M179|Y|P292|N|||| | | | | | | | | | | | | | | | | | | | | | |Z741|31-Aug-2021|Z9181|31-Aug-2021|Z1331|31-Aug-2021|Z1331|31-Aug-2021|F1990|31-Aug-2021|F109|31-Aug-2021|||||||||||||||||||||||||||||||||||||||0|0||2|450|M1069|3.0|2021-09-01T00:00:00|hospital_E|hospital_E_20210831
SYN_BENE_04D6DC31F0FA|SYN_CLM_EE35D9A7EB5F|V|60|31-Aug-2021|31-Aug-2021|03-Sep-2021||3|107522|1|1|1|| |1278.55|0.0| ||10|1992753768| |9999623793| |9999623793|||0|1| |1278.55|31-Aug-2021|1|2|A|10|0.0|255.7|0|4|0.0|0.0|0|0|0|0|0|0|0|0|0|0|0|0|0|||||31-Aug-2021|951.0|0|0||Z733|Z733|N|T7432X|Y|E0922|N|R809|N|I1310|N|E1121|Y|I252|Y|I214|Y|E113592|Y|E113299|Y|E1141|N|R739|Y|E11319|Y|E785|Y|E781|Y|E8881|Y|Z653|Y|E119|Y|R931|Y|I259|Y|E669|Y|R7303|Y|D649|Y|M179|Y|P292|N|||| | | | | | | | | | | | | | | | | | | | | | |Z741|31-Aug-2021|Z9181|31-Aug-2021|Z1331|31-Aug-2021|Z1331|31-Aug-2021|F1990|31-Aug-2021|F109|31-Aug-2021|||||||||||||||||||||||||||||||||||||||0|0||3|450|G0444|3.0|2021-09-01T00:00:00|hospital_E|hospital_E_20210831
SYN_BENE_04D6DC31F0FA|SYN_CLM_EE35D9A7EB5F|V|60|31-Aug-2021|31-Aug-2021|03-Sep-2021||3|107522|1|1|1|| |1278.55|0.0| ||10|1992753768| |9999623793| |9999623793|||0|1| |1278.55|31-Aug-2021|1|2|A|10|0.0|255.7|0|4|0.0|0.0|0|0|0|0|0|0|0|0|0|0|0|0|0|||||31-Aug-2021|951.0|0|0||Z733|Z733|N|T7432X|Y|E0922|N|R809|N|I1310|N|E1121|Y|I252|Y|I214|Y|E113592|Y|E113299|Y|E1141|N|R739|Y|E11319|Y|E785|Y|E781|Y|E8881|Y|Z653|Y|E119|Y|R931|Y|I259|Y|E669|Y|R7303|Y|D649|Y|M179|Y|P292|N|||| | | | | | | | | | | | | | | | | | | | | | |Z741|31-Aug-2021|Z9181|31-Aug-2021|Z1331|31-Aug-2021|Z1331|31-Aug-2021|F1990|31-Aug-2021|F109|31-Aug-2021|||||||||||||||||||||||||||||||||||||||0|0||4|450|G0444|3.0|2021-09-01T00:00:00|hospital_E|hospital_E_20210831
SYN_BENE_04D6DC31F0FA|SYN_CLM_EE35D9A7EB5F|V|60|31-Aug-2021|31-Aug-2021|03-Sep-2021||3|107522|1|1|1|| |1278.55|0.0| ||10|1992753768| |9999623793| |9999623793|||0|1| |1278.55|31-Aug-2021|1|2|A|10|0.0|255.7|0|4|0.0|0.0|0|0|0|0|0|0|0|0|0|0|0|0|0|||||31-Aug-2021|951.0|0|0||Z733|Z733|N|T7432X|Y|E0922|N|R809|N|I1310|N|E1121|Y|I252|Y|I214|Y|E113592|Y|E113299|Y|E1141|N|R739|Y|E11319|Y|E785|Y|E781|Y|E8881|Y|Z653|Y|E119|Y|R931|Y|I259|Y|E669|Y|R7303|Y|D649|Y|M179|Y|P292|N|||| | | | | | | | | | | | | | | | | | | | | | |Z741|31-Aug-2021|Z9181|31-Aug-2021|Z1331|31-Aug-2021|Z1331|31-Aug-2021|F1990|31-Aug-2021|F109|31-Aug-2021|||||||||||||||||||||||||||||||||||||||0|0||5|450|99408|3.0|2021-09-01T00:00:00|hospital_E|hospital_E_20210831
SYN_BENE_04D6DC31F0FA|SYN_CLM_EE35D9A7EB5F|V|60|31-Aug-2021|31-Aug-2021|03-Sep-2021||3|107522|1|1|1|| |1278.55|0.0| ||10|1992753768| |9999623793| |9999623793|||0|1| |1278.55|31-Aug-2021|1|2|A|10|0.0|255.7|0|4|0.0|0.0|0|0|0|0|0|0|0|0|0|0|0|0|0|||||31-Aug-2021|951.0|0|0||Z733|Z733|N|T7432X|Y|E0922|N|R809|N|I1310|N|E1121|Y|I252|Y|I214|Y|E113592|Y|E113299|Y|E1141|N|R739|Y|E11319|Y|E785|Y|E781|Y|E8881|Y|Z653|Y|E119|Y|R931|Y|I259|Y|E669|Y|R7303|Y|D649|Y|M179|Y|P292|N|||| | | | | | | | | | | | | | | | | | | | | | |Z741|31-Aug-2021|Z9181|31-Aug-2021|Z1331|31-Aug-2021|Z1331|31-Aug-2021|F1990|31-Aug-2021|F109|31-Aug-2021|||||||||||||||||||||||||||||||||||||||0|0||6|450|G0442|3.0|2021-09-01T00:00:00|hospital_E|hospital_E_20210831
SYN_BENE_57ED7507BFF8|SYN_CLM_2A3047008534|V|60|31-Aug-2021|31-Aug-2021|03-Sep-2021||3|107522|1|1|1|| |1278.55|0.0| ||10|1992753768| |9999623793| |9999623793|||0|1| |1278.55|31-Aug-2021|1|2|A|10|0.0|255.7|0|4|0.0|0.0|0|0|0|0|0|0|0|0|0|0|0|0|0|||||31-Aug-2021|951.0|0|0||Z733|Z733|N|T7432X|Y|E0922|N|R809|N|I1310|N|E1121|Y|I252|Y|I214|Y|E113592|Y|E113299|Y|E1141|N|R739|Y|E11319|Y|E785|Y|E781|Y|E8881|Y|Z653|Y|E119|Y|R931|Y|I259|Y|E669|Y|R7303|Y|D649|Y|M179|Y|P292|N|||| | | | | | | | | | | | | | | | | | | | | | |Z741|31-Aug-2021|Z9181|31-Aug-2021|Z1331|31-Aug-2021|Z1331|31-Aug-2021|F1990|31-Aug-2021|F109|31-Aug-2021|||||||||||||||||||||||||||||||||||||||0|0||1|450|96156|3.0|2021-09-01T00:00:00|hospital_E|hospital_E_20210831
SYN_BENE_57ED7507BFF8|SYN_CLM_2A3047008534|V|60|31-Aug-2021|31-Aug-2021|03-Sep-2021||3|107522|1|1|1|| |1278.55|0.0| ||10|1992753768| |9999623793| |9999623793|||0|1| |1278.55|31-Aug-2021|1|2|A|10|0.0|255.7|0|4|0.0|0.0|0|0|0|0|0|0|0|0|0|0|0|0|0|||||31-Aug-2021|951.0|0|0||Z733|Z733|N|T7432X|Y|E0922|N|R809|N|I1310|N|E1121|Y|I252|Y|I214|Y|E113592|Y|E113299|Y|E1141|N|R739|Y|E11319|Y|E785|Y|E781|Y|E8881|Y|Z653|Y|E119|Y|R931|Y|I259|Y|E669|Y|R7303|Y|D649|Y|M179|Y|P292|N|||| | | | | | | | | | | | | | | | | | | | | | |Z741|31-Aug-2021|Z9181|31-Aug-2021|Z1331|31-Aug-2021|Z1331|31-Aug-2021|F1990|31-Aug-2021|F109|31-Aug-2021|||||||||||||||||||||||||||||||||||||||0|0||2|450|M1069|3.0|2021-09-01T00:00:00|hospital_E|hospital_E_20210831
SYN_BENE_57ED7507BFF8|SYN_CLM_2A3047008534|V|60|31-Aug-2021|31-Aug-2021|03-Sep-2021||3|107522|1|1|1|| |1278.55|0.0| ||10|1992753768| |9999623793| |9999623793|||0|1| |1278.55|31-Aug-2021|1|2|A|10|0.0|255.7|0|4|0.0|0.0|0|0|0|0|0|0|0|0|0|0|0|0|0|||||31-Aug-2021|951.0|0|0||Z733|Z733|N|T7432X|Y|E0922|N|R809|N|I1310|N|E1121|Y|I252|Y|I214|Y|E113592|Y|E113299|Y|E1141|N|R739|Y|E11319|Y|E785|Y|E781|Y|E8881|Y|Z653|Y|E119|Y|R931|Y|I259|Y|E669|Y|R7303|Y|D649|Y|M179|Y|P292|N|||| | | | | | | | | | | | | | | | | | | | | | |Z741|31-Aug-2021|Z9181|31-Aug-2021|Z1331|31-Aug-2021|Z1331|31-Aug-2021|F1990|31-Aug-2021|F109|31-Aug-2021|||||||||||||||||||||||||||||||||||||||0|0||3|450|G0444|3.0|2021-09-01T00:00:00|hospital_E|hospital_E_20210831
SYN_BENE_57ED7507BFF8|SYN_CLM_2A3047008534|V|60|31-Aug-2021|31-Aug-2021|03-Sep-2021||3|107522|1|1|1|| |1278.55|0.0| ||10|1992753768| |9999623793| |9999623793|||0|1| |1278.55|31-Aug-2021|1|2|A|10|0.0|255.7|0|4|0.0|0.0|0|0|0|0|0|0|0|0|0|0|0|0|0|||||31-Aug-2021|951.0|0|0||Z733|Z733|N|T7432X|Y|E0922|N|R809|N|I1310|N|E1121|Y|I252|Y|I214|Y|E113592|Y|E113299|Y|E1141|N|R739|Y|E11319|Y|E785|Y|E781|Y|E8881|Y|Z653|Y|E119|Y|R931|Y|I259|Y|E669|Y|R7303|Y|D649|Y|M179|Y|P292|N|||| | | | | | | | | | | | | | | | | | | | | | |Z741|31-Aug-2021|Z9181|31-Aug-2021|Z1331|31-Aug-2021|Z1331|31-Aug-2021|F1990|31-Aug-2021|F109|31-Aug-2021|||||||||||||||||||||||||||||||||||||||0|0||4|450|G0444|3.0|2021-09-01T00:00:00|hospital_E|hospital_E_20210831
SYN_BENE_57ED7507BFF8|SYN_CLM_2A3047008534|V|60|31-Aug-2021|31-Aug-2021|03-Sep-2021||3|107522|1|1|1|| |1278.55|0.0| ||10|1992753768| |9999623793| |9999623793|||0|1| |1278.55|31-Aug-2021|1|2|A|10|0.0|255.7|0|4|0.0|0.0|0|0|0|0|0|0|0|0|0|0|0|0|0|||||31-Aug-2021|951.0|0|0||Z733|Z733|N|T7432X|Y|E0922|N|R809|N|I1310|N|E1121|Y|I252|Y|I214|Y|E113592|Y|E113299|Y|E1141|N|R739|Y|E11319|Y|E785|Y|E781|Y|E8881|Y|Z653|Y|E119|Y|R931|Y|I259|Y|E669|Y|R7303|Y|D649|Y|M179|Y|P292|N|||| | | | | | | | | | | | | | | | | | | | | | |Z741|31-Aug-2021|Z9181|31-Aug-2021|Z1331|31-Aug-2021|Z1331|31-Aug-2021|F1990|31-Aug-2021|F109|31-Aug-2021|||||||||||||||||||||||||||||||||||||||0|0||5|450|99408|3.0|2021-09-01T00:00:00|hospital_E|hospital_E_20210831
SYN_BENE_57ED7507BFF8|SYN_CLM_2A3047008534|V|60|31-Aug-2021|31-Aug-2021|03-Sep-2021||3|107522|1|1|1|| |1278.55|0.0| ||10|1992753768| |9999623793| |9999623793|||0|1| |1278.55|31-Aug-2021|1|2|A|10|0.0|255.7|0|4|0.0|0.0|0|0|0|0|0|0|0|0|0|0|0|0|0|||||31-Aug-2021|951.0|0|0||Z733|Z733|N|T7432X|Y|E0922|N|R809|N|I1310|N|E1121|Y|I252|Y|I214|Y|E113592|Y|E113299|Y|E1141|N|R739|Y|E11319|Y|E785|Y|E781|Y|E8881|Y|Z653|Y|E119|Y|R931|Y|I259|Y|E669|Y|R7303|Y|D649|Y|M179|Y|P292|N|||| | | | | | | | | | | | | | | | | | | | | | |Z741|31-Aug-2021|Z9181|31-Aug-2021|Z1331|31-Aug-2021|Z1331|31-Aug-2021|F1990|31-Aug-2021|F109|31-Aug-2021|||||||||||||||||||||||||||||||||||||||0|0||6|450|G0442|3.0|2021-09-01T00:00:00|hospital_E|hospital_E_20210831
