BENE_ID|CLM_ID|NCH_NEAR_LINE_REC_IDENT_CD|NCH_CLM_TYPE_CD|CLM_FROM_DT|CLM_THRU_DT|NCH_WKLY_PROC_DT|FI_CLM_PROC_DT|CLAIM_QUERY_CODE|PRVDR_NUM|CLM_FAC_TYPE_CD|CLM_SRVC_CLSFCTN_TYPE_CD|CLM_FREQ_CD|FI_NUM|CLM_MDCR_NON_PMT_RSN_CD|CLM_PMT_AMT|NCH_PRMRY_PYR_CLM_PD_AMT|NCH_PRMRY_PYR_CD|FI_CLM_ACTN_CD|PRVDR_STATE_CD|ORG_NPI_NUM|AT_PHYSN_UPIN|AT_PHYSN_NPI|OP_PHYSN_UPIN|OP_PHYSN_NPI|OT_PHYSN_UPIN|OT_PHYSN_NPI|CLM_MCO_PD_SW|PTNT_DSCHRG_STUS_CD|CLM_PPS_IND_CD|CLM_TOT_CHRG_AMT|CLM_ADMSN_DT|CLM_IP_ADMSN_TYPE_CD|CLM_SRC_IP_ADMSN_CD|NCH_PTNT_STATUS_IND_CD|CLM_PASS_THRU_PER_DIEM_AMT|NCH_BENE_IP_DDCTBL_AMT|NCH_BENE_PTA_COINSRNC_LBLTY_AM|NCH_BENE_BLOOD_DDCTBL_LBLTY_AM|NCH_PROFNL_CMPNT_CHRG_AMT|NCH_IP_NCVRD_CHRG_AMT|NCH_IP_TOT_DDCTN_AMT|CLM_TOT_PPS_CPTL_AMT|CLM_PPS_CPTL_FSP_AMT|CLM_PPS_CPTL_OUTLIER_AMT|CLM_PPS_CPTL_DSPRPRTNT_SHR_AMT|CLM_PPS_CPTL_IME_AMT|CLM_PPS_CPTL_EXCPTN_AMT|CLM_PPS_OLD_CPTL_HLD_HRMLS_AMT|CLM_PPS_CPTL_DRG_WT_NUM|CLM_UTLZTN_DAY_CNT|BENE_TOT_COINSRNC_DAYS_CNT|BENE_LRD_USED_CNT|CLM_NON_UTLZTN_DAYS_CNT|NCH_BLOOD_PNTS_FRNSHD_QTY|NCH_VRFD_NCVRD_STAY_FROM_DT|NCH_VRFD_NCVRD_STAY_THRU_DT|NCH_ACTV_OR_CVRD_LVL_CARE_THRU|NCH_BENE_MDCR_BNFTS_EXHTD_DT_I|NCH_BENE_DSCHRG_DT|CLM_DRG_CD|CLM_DRG_OUTLIER_STAY_CD|NCH_DRG_OUTLIER_APRVD_PMT_AMT|ADMTG_DGNS_CD|PRNCPAL_DGNS_CD|ICD_DGNS_CD1|CLM_POA_IND_SW1|ICD_DGNS_CD2|CLM_POA_IND_SW2|ICD_DGNS_CD3|CLM_POA_IND_SW3|ICD_DGNS_CD4|CLM_POA_IND_SW4|ICD_DGNS_CD5|CLM_POA_IND_SW5|ICD_DGNS_CD6|CLM_POA_IND_SW6|ICD_DGNS_CD7|CLM_POA_IND_SW7|ICD_DGNS_CD8|CLM_POA_IND_SW8|ICD_DGNS_CD9|CLM_POA_IND_SW9|ICD_DGNS_CD10|CLM_POA_IND_SW10|ICD_DGNS_CD11|CLM_POA_IND_SW11|ICD_DGNS_CD12|CLM_POA_IND_SW12|ICD_DGNS_CD13|CLM_POA_IND_SW13|ICD_DGNS_CD14|CLM_POA_IND_SW14|ICD_DGNS_CD15|CLM_POA_IND_SW15|ICD_DGNS_CD16|CLM_POA_IND_SW16|ICD_DGNS_CD17|CLM_POA_IND_SW17|ICD_DGNS_CD18|CLM_POA_IND_SW18|ICD_DGNS_CD19|CLM_POA_IND_SW19|ICD_DGNS_CD20|CLM_POA_IND_SW20|ICD_DGNS_CD21|CLM_POA_IND_SW21|ICD_DGNS_CD22|CLM_POA_IND_SW22|ICD_DGNS_CD23|CLM_POA_IND_SW23|ICD_DGNS_CD24|CLM_POA_IND_SW24|ICD_DGNS_CD25|CLM_POA_IND_SW25|FST_DGNS_E_CD|ICD_DGNS_E_CD1|CLM_E_POA_IND_SW1|ICD_DGNS_E_CD2|CLM_E_POA_IND_SW2|ICD_DGNS_E_CD3|CLM_E_POA_IND_SW3|ICD_DGNS_E_CD4|CLM_E_POA_IND_SW4|ICD_DGNS_E_CD5|CLM_E_POA_IND_SW5|ICD_DGNS_E_CD6|CLM_E_POA_IND_SW6|ICD_DGNS_E_CD7|CLM_E_POA_IND_SW7|ICD_DGNS_E_CD8|CLM_E_POA_IND_SW8|ICD_DGNS_E_CD9|CLM_E_POA_IND_SW9|ICD_DGNS_E_CD10|CLM_E_POA_IND_SW10|ICD_DGNS_E_CD11|CLM_E_POA_IND_SW11|ICD_DGNS_E_CD12|CLM_E_POA_IND_SW12|ICD_PRCDR_CD1|PRCDR_DT1|ICD_PRCDR_CD2|PRCDR_DT2|ICD_PRCDR_CD3|PRCDR_DT3|ICD_PRCDR_CD4|PRCDR_DT4|ICD_PRCDR_CD5|PRCDR_DT5|ICD_PRCDR_CD6|PRCDR_DT6|ICD_PRCDR_CD7|PRCDR_DT7|ICD_PRCDR_CD8|PRCDR_DT8|ICD_PRCDR_CD9|PRCDR_DT9|ICD_PRCDR_CD10|PRCDR_DT10|ICD_PRCDR_CD11|PRCDR_DT11|ICD_PRCDR_CD12|PRCDR_DT12|ICD_PRCDR_CD13|PRCDR_DT13|ICD_PRCDR_CD14|PRCDR_DT14|ICD_PRCDR_CD15|PRCDR_DT15|ICD_PRCDR_CD16|PRCDR_DT16|ICD_PRCDR_CD17|PRCDR_DT17|ICD_PRCDR_CD18|PRCDR_DT18|ICD_PRCDR_CD19|PRCDR_DT19|ICD_PRCDR_CD20|PRCDR_DT20|ICD_PRCDR_CD21|PRCDR_DT21|ICD_PRCDR_CD22|PRCDR_DT22|ICD_PRCDR_CD23|PRCDR_DT23|ICD_PRCDR_CD24|PRCDR_DT24|ICD_PRCDR_CD25|PRCDR_DT25|IME_OP_CLM_VAL_AMT|DSH_OP_CLM_VAL_AMT|CLM_UNCOMPD_CARE_PMT_AMT|CLM_LINE_NUM|REV_CNTR|HCPCS_CD|REV_CNTR_DDCTBL_COINSRNC_CD|ingestion_timestamp|hospital_id|batch_id
-10000010259786|-10000930272217|V|60|27-Mar-2018|27-Mar-2018|30-Mar-2018||3|107522|1|1|1|| |2157.21|0.0| ||10|1992753768| |9999623793| |9999623793|||0|1| |2157.21|27-Mar-2018|1|2|A|10|0.0|431.43|0|4|0.0|0.0|0|0|0|0|0|0|0|0|0|0|0|0|0|||||27-Mar-2018|19.0|0|0||E0922|E0922|N|E1121|Y|I252|Y|I214|Y|E113519|N|E113299|Y|G53|N|R739|Y|E11319|Y|E785|Y|E781|Y|E8881|Y|Z653|Y|E119|Y|R931|Y|I259|Y|E669|Y|R7303|Y|D649|Y|M179|Y|P292|Y|Z591|Y|R4689|N|||||Y92|Y92|U| | | | | | | | | | | | | | | | | | | | | | |GZ3|27-Mar-2018|Z741|27-Mar-2018|F419|27-Mar-2018|Z1331|27-Mar-2018|Z1331|27-Mar-2018|F1990|27-Mar-2018|F109|27-Mar-2018|||||||||||||||||||||||||||||||||||||0|0||1|450|99495|3.0|2018-03-28T00:00:00|hospital_E|hospital_E_20180327
-10000010259786|-10000930272217|V|60|27-Mar-2018|27-Mar-2018|30-Mar-2018||3|107522|1|1|1|| |2157.21|0.0| ||10|1992753768| |9999623793| |9999623793|||0|1| |2157.21|27-Mar-2018|1|2|A|10|0.0|431.43|0|4|0.0|0.0|0|0|0|0|0|0|0|0|0|0|0|0|0|||||27-Mar-2018|19.0|0|0||E0922|E0922|N|E1121|Y|I252|Y|I214|Y|E113519|N|E113299|Y|G53|N|R739|Y|E11319|Y|E785|Y|E781|Y|E8881|Y|Z653|Y|E119|Y|R931|Y|I259|Y|E669|Y|R7303|Y|D649|Y|M179|Y|P292|Y|Z591|Y|R4689|N|||||Y92|Y92|U| | | | | | | | | | | | | | | | | | | | | | |GZ3|27-Mar-2018|Z741|27-Mar-2018|F419|27-Mar-2018|Z1331|27-Mar-2018|Z1331|27-Mar-2018|F1990|27-Mar-2018|F109|27-Mar-2018|||||||||||||||||||||||||||||||||||||0|0||2|450|96156|3.0|2018-03-28T00:00:00|hospital_E|hospital_E_20180327
-10000010259786|-10000930272217|V|60|27-Mar-2018|27-Mar-2018|30-Mar-2018||3|107522|1|1|1|| |2157.21|0.0| ||10|1992753768| |9999623793| |9999623793|||0|1| |2157.21|27-Mar-2018|1|2|A|10|0.0|431.43|0|4|0.0|0.0|0|0|0|0|0|0|0|0|0|0|0|0|0|||||27-Mar-2018|19.0|0|0||E0922|E0922|N|E1121|Y|I252|Y|I214|Y|E113519|N|E113299|Y|G53|N|R739|Y|E11319|Y|E785|Y|E781|Y|E8881|Y|Z653|Y|E119|Y|R931|Y|I259|Y|E669|Y|R7303|Y|D649|Y|M179|Y|P292|Y|Z591|Y|R4689|N|||||Y92|Y92|U| | | | | | | | | | | | | | | | | | | | | | |GZ3|27-Mar-2018|Z741|27-Mar-2018|F419|27-Mar-2018|Z1331|27-Mar-2018|Z1331|27-Mar-2018|F1990|27-Mar-2018|F109|27-Mar-2018|||||||||||||||||||||||||||||||||||||0|0||3|450|96127|3.0|2018-03-28T00:00:00|hospital_E|hospital_E_20180327
-10000010259786|-10000930272217|V|60|27-Mar-2018|27-Mar-2018|30-Mar-2018||3|107522|1|1|1|| |2157.21|0.0| ||10|1992753768| |9999623793| |9999623793|||0|1| |2157.21|27-Mar-2018|1|2|A|10|0.0|431.43|0|4|0.0|0.0|0|0|0|0|0|0|0|0|0|0|0|0|0|||||27-Mar-2018|19.0|0|0||E0922|E0922|N|E1121|Y|I252|Y|I214|Y|E113519|N|E113299|Y|G53|N|R739|Y|E11319|Y|E785|Y|E781|Y|E8881|Y|Z653|Y|E119|Y|R931|Y|I259|Y|E669|Y|R7303|Y|D649|Y|M179|Y|P292|Y|Z591|Y|R4689|N|||||Y92|Y92|U| | | | | | | | | | | | | | | | | | | | | | |GZ3|27-Mar-2018|Z741|27-Mar-2018|F419|27-Mar-2018|Z1331|27-Mar-2018|Z1331|27-Mar-2018|F1990|27-Mar-2018|F109|27-Mar-2018|||||||||||||||||||||||||||||||||||||0|0||4|450|G0444|3.0|2018-03-28T00:00:00|hospital_E|hospital_E_20180327
-10000010259786|-10000930272217|V|60|27-Mar-2018|27-Mar-2018|30-Mar-2018||3|107522|1|1|1|| |2157.21|0.0| ||10|1992753768| |9999623793| |9999623793|||0|1| |2157.21|27-Mar-2018|1|2|A|10|0.0|431.43|0|4|0.0|0.0|0|0|0|0|0|0|0|0|0|0|0|0|0|||||27-Mar-2018|19.0|0|0||E0922|E0922|N|E1121|Y|I252|Y|I214|Y|E113519|N|E113299|Y|G53|N|R739|Y|E11319|Y|E785|Y|E781|Y|E8881|Y|Z653|Y|E119|Y|R931|Y|I259|Y|E669|Y|R7303|Y|D649|Y|M179|Y|P292|Y|Z591|Y|R4689|N|||||Y92|Y92|U| | | | | | | | | | | | | | | | | | | | | | |GZ3|27-Mar-2018|Z741|27-Mar-2018|F419|27-Mar-2018|Z1331|27-Mar-2018|Z1331|27-Mar-2018|F1990|27-Mar-2018|F109|27-Mar-2018|||||||||||||||||||||||||||||||||||||0|0||5|450|G0444|3.0|2018-03-28T00:00:00|hospital_E|hospital_E_20180327
-10000010259786|-10000930272217|V|60|27-Mar-2018|27-Mar-2018|30-Mar-2018||3|107522|1|1|1|| |2157.21|0.0| ||10|1992753768| |9999623793| |9999623793|||0|1| |2157.21|27-Mar-2018|1|2|A|10|0.0|431.43|0|4|0.0|0.0|0|0|0|0|0|0|0|0|0|0|0|0|0|||||27-Mar-2018|19.0|0|0||E0922|E0922|N|E1121|Y|I252|Y|I214|Y|E113519|N|E113299|Y|G53|N|R739|Y|E11319|Y|E785|Y|E781|Y|E8881|Y|Z653|Y|E119|Y|R931|Y|I259|Y|E669|Y|R7303|Y|D649|Y|M179|Y|P292|Y|Z591|Y|R4689|N|||||Y92|Y92|U| | | | | | | | | | | | | | | | | | | | | | |GZ3|27-Mar-2018|Z741|27-Mar-2018|F419|27-Mar-2018|Z1331|27-Mar-2018|Z1331|27-Mar-2018|F1990|27-Mar-2018|F109|27-Mar-2018|||||||||||||||||||||||||||||||||||||0|0||6|450|99408|3.0|2018-03-28T00:00:00|hospital_E|hospital_E_20180327
-10000010259786|-10000930272217|V|60|27-Mar-2018|27-Mar-2018|30-Mar-2018||3|107522|1|1|1|| |2157.21|0.0| ||10|1992753768| |9999623793| |9999623793|||0|1| |2157.21|27-Mar-2018|1|2|A|10|0.0|431.43|0|4|0.0|0.0|0|0|0|0|0|0|0|0|0|0|0|0|0|||||27-Mar-2018|19.0|0|0||E0922|E0922|N|E1121|Y|I252|Y|I214|Y|E113519|N|E113299|Y|G53|N|R739|Y|E11319|Y|E785|Y|E781|Y|E8881|Y|Z653|Y|E119|Y|R931|Y|I259|Y|E669|Y|R7303|Y|D649|Y|M179|Y|P292|Y|Z591|Y|R4689|N|||||Y92|Y92|U| | | | | | | | | | | | | | | | | | | | | | |GZ3|27-Mar-2018|Z741|27-Mar-2018|F419|27-Mar-2018|Z1331|27-Mar-2018|Z1331|27-Mar-2018|F1990|27-Mar-2018|F109|27-Mar-2018|||||||||||||||||||||||||||||||||||||0|0||7|450|G0442|3.0|2018-03-28T00:00:00|hospital_E|hospital_E_20180327
SYN_BENE_945F4A07F312|SYN_CLM_44730ADA21C8|V|60|27-Mar-2018|27-Mar-2018|30-Mar-2018||3|107522|1|1|1|| |2157.21|0.0| ||10|1992753768| |9999623793| |9999623793|||0|1| |2157.21|27-Mar-2018|1|2|A|10|0.0|431.43|0|4|0.0|0.0|0|0|0|0|0|0|0|0|0|0|0|0|0|||||27-Mar-2018|19.0|0|0||E0922|E0922|N|E1121|Y|I252|Y|I214|Y|E113519|N|E113299|Y|G53|N|R739|Y|E11319|Y|E785|Y|E781|Y|E8881|Y|Z653|Y|E119|Y|R931|Y|I259|Y|E669|Y|R7303|Y|D649|Y|M179|Y|P292|Y|Z591|Y|R4689|N|||||Y92|Y92|U| | | | | | | | | | | | | | | | | | | | | | |GZ3|27-Mar-2018|Z741|27-Mar-2018|F419|27-Mar-2018|Z1331|27-Mar-2018|Z1331|27-Mar-2018|F1990|27-Mar-2018|F109|27-Mar-2018|||||||||||||||||||||||||||||||||||||0|0||1|450|99495|3.0|2018-03-28T00:00:00|hospital_E|hospital_E_20180327
SYN_BENE_945F4A07F312|SYN_CLM_44730ADA21C8|V|60|27-Mar-2018|27-Mar-2018|30-Mar-2018||3|107522|1|1|1|| |2157.21|0.0| ||10|1992753768| |9999623793| |9999623793|||0|1| |2157.21|27-Mar-2018|1|2|A|10|0.0|431.43|0|4|0.0|0.0|0|0|0|0|0|0|0|0|0|0|0|0|0|||||27-Mar-2018|19.0|0|0||E0922|E0922|N|E1121|Y|I252|Y|I214|Y|E113519|N|E113299|Y|G53|N|R739|Y|E11319|Y|E785|Y|E781|Y|E8881|Y|Z653|Y|E119|Y|R931|Y|I259|Y|E669|Y|R7303|Y|D649|Y|M179|Y|P292|Y|Z591|Y|R4689|N|||||Y92|Y92|U| | | | | | | | | | | | | | | | | | | | | | |GZ3|27-Mar-2018|Z741|27-Mar-2018|F419|27-Mar-2018|Z1331|27-Mar-2018|Z1331|27-Mar-2018|F1990|27-Mar-2018|F109|27-Mar-2018|||||||||||||||||||||||||||||||||||||0|0||2|450|96156|3.0|2018-03-28T00:00:00|hospital_E|hospital_E_20180327
SYN_BENE_945F4A07F312|SYN_CLM_44730ADA21C8|V|60|27-Mar-2018|27-Mar-2018|30-Mar-2018||3|107522|1|1|1|| |2157.21|0.0| ||10|1992753768| |9999623793| |9999623793|||0|1| |2157.21|27-Mar-2018|1|2|A|10|0.0|431.43|0|4|0.0|0.0|0|0|0|0|0|0|0|0|0|0|0|0|0|||||27-Mar-2018|19.0|0|0||E0922|E0922|N|E1121|Y|I252|Y|I214|Y|E113519|N|E113299|Y|G53|N|R739|Y|E11319|Y|E785|Y|E781|Y|E8881|Y|Z653|Y|E119|Y|R931|Y|I259|Y|E669|Y|R7303|Y|D649|Y|M179|Y|P292|Y|Z591|Y|R4689|N|||||Y92|Y92|U| | | | | | | | | | | | | | | | | | | | | | |GZ3|27-Mar-2018|Z741|27-Mar-2018|F419|27-Mar-2018|Z1331|27-Mar-2018|Z1331|27-Mar-2018|F1990|27-Mar-2018|F109|27-Mar-2018|||||||||||||||||||||||||||||||||||||0|0||3|450|96127|3.0|2018-03-28T00:00:00|hospital_E|hospital_E_20180327
SYN_BENE_945F4A07F312|SYN_CLM_44730ADA21C8|V|60|27-Mar-2018|27-Mar-2018|30-Mar-2018||3|107522|1|1|1|| |2157.21|0.0| ||10|1992753768| |9999623793| |9999623793|||0|1| |2157.21|27-Mar-2018|1|2|A|10|0.0|431.43|0|4|0.0|0.0|0|0|0|0|0|0|0|0|0|0|0|0|0|||||27-Mar-2018|19.0|0|0||E0922|E0922|N|E1121|Y|I252|Y|I214|Y|E113519|N|E113299|Y|G53|N|R739|Y|E11319|Y|E785|Y|E781|Y|E8881|Y|Z653|Y|E119|Y|R931|Y|I259|Y|E669|Y|R7303|Y|D649|Y|M179|Y|P292|Y|Z591|Y|R4689|N|||||Y92|Y92|U| | | | | | | | | | | | | | | | | | | | | | |GZ3|27-Mar-2018|Z741|27-Mar-2018|F419|27-Mar-2018|Z1331|27-Mar-2018|Z1331|27-Mar-2018|F1990|27-Mar-2018|F109|27-Mar-2018|||||||||||||||||||||||||||||||||||||0|0||4|450|G0444|3.0|2018-03-28T00:00:00|hospital_E|hospital_E_20180327
SYN_BENE_945F4A07F312|SYN_CLM_44730ADA21C8|V|60|27-Mar-2018|27-Mar-2018|30-Mar-2018||3|107522|1|1|1|| |2157.21|0.0| ||10|1992753768| |9999623793| |9999623793|||0|1| |2157.21|27-Mar-2018|1|2|A|10|0.0|431.43|0|4|0.0|0.0|0|0|0|0|0|0|0|0|0|0|0|0|0|||||27-Mar-2018|19.0|0|0||E0922|E0922|N|E1121|Y|I252|Y|I214|Y|E113519|N|E113299|Y|G53|N|R739|Y|E11319|Y|E785|Y|E781|Y|E8881|Y|Z653|Y|E119|Y|R931|Y|I259|Y|E669|Y|R7303|Y|D649|Y|M179|Y|P292|Y|Z591|Y|R4689|N|||||Y92|Y92|U| | | | | | | | | | | | | | | | | | | | | | |GZ3|27-Mar-2018|Z741|27-Mar-2018|F419|27-Mar-2018|Z1331|27-Mar-2018|Z1331|27-Mar-2018|F1990|27-Mar-2018|F109|27-Mar-2018|||||||||||||||||||||||||||||||||||||0|0||5|450|G0444|3.0|2018-03-28T00:00:00|hospital_E|hospital_E_20180327
SYN_BENE_945F4A07F312|SYN_CLM_44730ADA21C8|V|60|27-Mar-2018|27-Mar-2018|30-Mar-2018||3|107522|1|1|1|| |2157.21|0.0| ||10|1992753768| |9999623793| |9999623793|||0|1| |2157.21|27-Mar-2018|1|2|A|10|0.0|431.43|0|4|0.0|0.0|0|0|0|0|0|0|0|0|0|0|0|0|0|||||27-Mar-2018|19.0|0|0||E0922|E0922|N|E1121|Y|I252|Y|I214|Y|E113519|N|E113299|Y|G53|N|R739|Y|E11319|Y|E785|Y|E781|Y|E8881|Y|Z653|Y|E119|Y|R931|Y|I259|Y|E669|Y|R7303|Y|D649|Y|M179|Y|P292|Y|Z591|Y|R4689|N|||||Y92|Y92|U| | | | | | | | | | | | | | | | | | | | | | |GZ3|27-Mar-2018|Z741|27-Mar-2018|F419|27-Mar-2018|Z1331|27-Mar-2018|Z1331|27-Mar-2018|F1990|27-Mar-2018|F109|27-Mar-2018|||||||||||||||||||||||||||||||||||||0|0||6|450|99408|3.0|2018-03-28T00:00:00|hospital_E|hospital_E_20180327
SYN_BENE_945F4A07F312|SYN_CLM_44730ADA21C8|V|60|27-Mar-2018|27-Mar-2018|30-Mar-2018||3|107522|1|1|1|| |2157.21|0.0| ||10|1992753768| |9999623793| |9999623793|||0|1| |2157.21|27-Mar-2018|1|2|A|10|0.0|431.43|0|4|0.0|0.0|0|0|0|0|0|0|0|0|0|0|0|0|0|||||27-Mar-2018|19.0|0|0||E0922|E0922|N|E1121|Y|I252|Y|I214|Y|E113519|N|E113299|Y|G53|N|R739|Y|E11319|Y|E785|Y|E781|Y|E8881|Y|Z653|Y|E119|Y|R931|Y|I259|Y|E669|Y|R7303|Y|D649|Y|M179|Y|P292|Y|Z591|Y|R4689|N|||||Y92|Y92|U| | | | | | | | | | | | | | | | | | | | | | |GZ3|27-Mar-2018|Z741|27-Mar-2018|F419|27-Mar-2018|Z1331|27-Mar-2018|Z1331|27-Mar-2018|F1990|27-Mar-2018|F109|27-Mar-2018|||||||||||||||||||||||||||||||||||||0|0||7|450|G0442|3.0|2018-03-28T00:00:00|hospital_E|hospital_E_20180327
SYN_BENE_6F18FE6062B8|SYN_CLM_75486049DA51|V|60|27-Mar-2018|27-Mar-2018|30-Mar-2018||3|107522|1|1|1|| |2157.21|0.0| ||10|1992753768| |9999623793| |9999623793|||0|1| |2157.21|27-Mar-2018|1|2|A|10|0.0|431.43|0|4|0.0|0.0|0|0|0|0|0|0|0|0|0|0|0|0|0|||||27-Mar-2018|19.0|0|0||E0922|E0922|N|E1121|Y|I252|Y|I214|Y|E113519|N|E113299|Y|G53|N|R739|Y|E11319|Y|E785|Y|E781|Y|E8881|Y|Z653|Y|E119|Y|R931|Y|I259|Y|E669|Y|R7303|Y|D649|Y|M179|Y|P292|Y|Z591|Y|R4689|N|||||Y92|Y92|U| | | | | | | | | | | | | | | | | | | | | | |GZ3|27-Mar-2018|Z741|27-Mar-2018|F419|27-Mar-2018|Z1331|27-Mar-2018|Z1331|27-Mar-2018|F1990|27-Mar-2018|F109|27-Mar-2018|||||||||||||||||||||||||||||||||||||0|0||1|450|99495|3.0|2018-03-28T00:00:00|hospital_E|hospital_E_20180327
SYN_BENE_6F18FE6062B8|SYN_CLM_75486049DA51|V|60|27-Mar-2018|27-Mar-2018|30-Mar-2018||3|107522|1|1|1|| |2157.21|0.0| ||10|1992753768| |9999623793| |9999623793|||0|1| |2157.21|27-Mar-2018|1|2|A|10|0.0|431.43|0|4|0.0|0.0|0|0|0|0|0|0|0|0|0|0|0|0|0|||||27-Mar-2018|19.0|0|0||E0922|E0922|N|E1121|Y|I252|Y|I214|Y|E113519|N|E113299|Y|G53|N|R739|Y|E11319|Y|E785|Y|E781|Y|E8881|Y|Z653|Y|E119|Y|R931|Y|I259|Y|E669|Y|R7303|Y|D649|Y|M179|Y|P292|Y|Z591|Y|R4689|N|||||Y92|Y92|U| | | | | | | | | | | | | | | | | | | | | | |GZ3|27-Mar-2018|Z741|27-Mar-2018|F419|27-Mar-2018|Z1331|27-Mar-2018|Z1331|27-Mar-2018|F1990|27-Mar-2018|F109|27-Mar-2018|||||||||||||||||||||||||||||||||||||0|0||2|450|96156|3.0|2018-03-28T00:00:00|hospital_E|hospital_E_20180327
SYN_BENE_6F18FE6062B8|SYN_CLM_75486049DA51|V|60|27-Mar-2018|27-Mar-2018|30-Mar-2018||3|107522|1|1|1|| |2157.21|0.0| ||10|1992753768| |9999623793| |9999623793|||0|1| |2157.21|27-Mar-2018|1|2|A|10|0.0|431.43|0|4|0.0|0.0|0|0|0|0|0|0|0|0|0|0|0|0|0|||||27-Mar-2018|19.0|0|0||E0922|E0922|N|E1121|Y|I252|Y|I214|Y|E113519|N|E113299|Y|G53|N|R739|Y|E11319|Y|E785|Y|E781|Y|E8881|Y|Z653|Y|E119|Y|R931|Y|I259|Y|E669|Y|R7303|Y|D649|Y|M179|Y|P292|Y|Z591|Y|R4689|N|||||Y92|Y92|U| | | | | | | | | | | | | | | | | | | | | | |GZ3|27-Mar-2018|Z741|27-Mar-2018|F419|27-Mar-2018|Z1331|27-Mar-2018|Z1331|27-Mar-2018|F1990|27-Mar-2018|F109|27-Mar-2018|||||||||||||||||||||||||||||||||||||0|0||3|450|96127|3.0|2018-03-28T00:00:00|hospital_E|hospital_E_20180327
SYN_BENE_6F18FE6062B8|SYN_CLM_75486049DA51|V|60|27-Mar-2018|27-Mar-2018|30-Mar-2018||3|107522|1|1|1|| |2157.21|0.0| ||10|1992753768| |9999623793| |9999623793|||0|1| |2157.21|27-Mar-2018|1|2|A|10|0.0|431.43|0|4|0.0|0.0|0|0|0|0|0|0|0|0|0|0|0|0|0|||||27-Mar-2018|19.0|0|0||E0922|E0922|N|E1121|Y|I252|Y|I214|Y|E113519|N|E113299|Y|G53|N|R739|Y|E11319|Y|E785|Y|E781|Y|E8881|Y|Z653|Y|E119|Y|R931|Y|I259|Y|E669|Y|R7303|Y|D649|Y|M179|Y|P292|Y|Z591|Y|R4689|N|||||Y92|Y92|U| | | | | | | | | | | | | | | | | | | | | | |GZ3|27-Mar-2018|Z741|27-Mar-2018|F419|27-Mar-2018|Z1331|27-Mar-2018|Z1331|27-Mar-2018|F1990|27-Mar-2018|F109|27-Mar-2018|||||||||||||||||||||||||||||||||||||0|0||4|450|G0444|3.0|2018-03-28T00:00:00|hospital_E|hospital_E_20180327
SYN_BENE_6F18FE6062B8|SYN_CLM_75486049DA51|V|60|27-Mar-2018|27-Mar-2018|30-Mar-2018||3|107522|1|1|1|| |2157.21|0.0| ||10|1992753768| |9999623793| |9999623793|||0|1| |2157.21|27-Mar-2018|1|2|A|10|0.0|431.43|0|4|0.0|0.0|0|0|0|0|0|0|0|0|0|0|0|0|0|||||27-Mar-2018|19.0|0|0||E0922|E0922|N|E1121|Y|I252|Y|I214|Y|E113519|N|E113299|Y|G53|N|R739|Y|E11319|Y|E785|Y|E781|Y|E8881|Y|Z653|Y|E119|Y|R931|Y|I259|Y|E669|Y|R7303|Y|D649|Y|M179|Y|P292|Y|Z591|Y|R4689|N|||||Y92|Y92|U| | | | | | | | | | | | | | | | | | | | | | |GZ3|27-Mar-2018|Z741|27-Mar-2018|F419|27-Mar-2018|Z1331|27-Mar-2018|Z1331|27-Mar-2018|F1990|27-Mar-2018|F109|27-Mar-2018|||||||||||||||||||||||||||||||||||||0|0||5|450|G0444|3.0|2018-03-28T00:00:00|hospital_E|hospital_E_20180327
SYN_BENE_6F18FE6062B8|SYN_CLM_75486049DA51|V|60|27-Mar-2018|27-Mar-2018|30-Mar-2018||3|107522|1|1|1|| |2157.21|0.0| ||10|1992753768| |9999623793| |9999623793|||0|1| |2157.21|27-Mar-2018|1|2|A|10|0.0|431.43|0|4|0.0|0.0|0|0|0|0|0|0|0|0|0|0|0|0|0|||||27-Mar-2018|19.0|0|0||E0922|E0922|N|E1121|Y|I252|Y|I214|Y|E113519|N|E113299|Y|G53|N|R739|Y|E11319|Y|E785|Y|E781|Y|E8881|Y|Z653|Y|E119|Y|R931|Y|I259|Y|E669|Y|R7303|Y|D649|Y|M179|Y|P292|Y|Z591|Y|R4689|N|||||Y92|Y92|U| | | | | | | | | | | | | | | | | | | | | | |GZ3|27-Mar-2018|Z741|27-Mar-2018|F419|27-Mar-2018|Z1331|27-Mar-2018|Z1331|27-Mar-2018|F1990|27-Mar-2018|F109|27-Mar-2018|||||||||||||||||||||||||||||||||||||0|0||6|450|99408|3.0|2018-03-28T00:00:00|hospital_E|hospital_E_20180327
SYN_BENE_6F18FE6062B8|SYN_CLM_75486049DA51|V|60|27-Mar-2018|27-Mar-2018|30-Mar-2018||3|107522|1|1|1|| |2157.21|0.0| ||10|1992753768| |9999623793| |9999623793|||0|1| |2157.21|27-Mar-2018|1|2|A|10|0.0|431.43|0|4|0.0|0.0|0|0|0|0|0|0|0|0|0|0|0|0|0|||||27-Mar-2018|19.0|0|0||E0922|E0922|N|E1121|Y|I252|Y|I214|Y|E113519|N|E113299|Y|G53|N|R739|Y|E11319|Y|E785|Y|E781|Y|E8881|Y|Z653|Y|E119|Y|R931|Y|I259|Y|E669|Y|R7303|Y|D649|Y|M179|Y|P292|Y|Z591|Y|R4689|N|||||Y92|Y92|U| | | | | | | | | | | | | | | | | | | | | | |GZ3|27-Mar-2018|Z741|27-Mar-2018|F419|27-Mar-2018|Z1331|27-Mar-2018|Z1331|27-Mar-2018|F1990|27-Mar-2018|F109|27-Mar-2018|||||||||||||||||||||||||||||||||||||0|0||7|450|G0442|3.0|2018-03-28T00:00:00|hospital_E|hospital_E_20180327
SYN_BENE_871D37A78DAA|SYN_CLM_71B98CC3EB3C|V|60|27-Mar-2018|27-Mar-2018|30-Mar-2018||3|107522|1|1|1|| |2157.21|0.0| ||10|1992753768| |9999623793| |9999623793|||0|1| |2157.21|27-Mar-2018|1|2|A|10|0.0|431.43|0|4|0.0|0.0|0|0|0|0|0|0|0|0|0|0|0|0|0|||||27-Mar-2018|19.0|0|0||E0922|E0922|N|E1121|Y|I252|Y|I214|Y|E113519|N|E113299|Y|G53|N|R739|Y|E11319|Y|E785|Y|E781|Y|E8881|Y|Z653|Y|E119|Y|R931|Y|I259|Y|E669|Y|R7303|Y|D649|Y|M179|Y|P292|Y|Z591|Y|R4689|N|||||Y92|Y92|U| | | | | | | | | | | | | | | | | | | | | | |GZ3|27-Mar-2018|Z741|27-Mar-2018|F419|27-Mar-2018|Z1331|27-Mar-2018|Z1331|27-Mar-2018|F1990|27-Mar-2018|F109|27-Mar-2018|||||||||||||||||||||||||||||||||||||0|0||1|450|99495|3.0|2018-03-28T00:00:00|hospital_E|hospital_E_20180327
SYN_BENE_871D37A78DAA|SYN_CLM_71B98CC3EB3C|V|60|27-Mar-2018|27-Mar-2018|30-Mar-2018||3|107522|1|1|1|| |2157.21|0.0| ||10|1992753768| |9999623793| |9999623793|||0|1| |2157.21|27-Mar-2018|1|2|A|10|0.0|431.43|0|4|0.0|0.0|0|0|0|0|0|0|0|0|0|0|0|0|0|||||27-Mar-2018|19.0|0|0||E0922|E0922|N|E1121|Y|I252|Y|I214|Y|E113519|N|E113299|Y|G53|N|R739|Y|E11319|Y|E785|Y|E781|Y|E8881|Y|Z653|Y|E119|Y|R931|Y|I259|Y|E669|Y|R7303|Y|D649|Y|M179|Y|P292|Y|Z591|Y|R4689|N|||||Y92|Y92|U| | | | | | | | | | | | | | | | | | | | | | |GZ3|27-Mar-2018|Z741|27-Mar-2018|F419|27-Mar-2018|Z1331|27-Mar-2018|Z1331|27-Mar-2018|F1990|27-Mar-2018|F109|27-Mar-2018|||||||||||||||||||||||||||||||||||||0|0||2|450|96156|3.0|2018-03-28T00:00:00|hospital_E|hospital_E_20180327
SYN_BENE_871D37A78DAA|SYN_CLM_71B98CC3EB3C|V|60|27-Mar-2018|27-Mar-2018|30-Mar-2018||3|107522|1|1|1|| |2157.21|0.0| ||10|1992753768| |9999623793| |9999623793|||0|1| |2157.21|27-Mar-2018|1|2|A|10|0.0|431.43|0|4|0.0|0.0|0|0|0|0|0|0|0|0|0|0|0|0|0|||||27-Mar-2018|19.0|0|0||E0922|E0922|N|E1121|Y|I252|Y|I214|Y|E113519|N|E113299|Y|G53|N|R739|Y|E11319|Y|E785|Y|E781|Y|E8881|Y|Z653|Y|E119|Y|R931|Y|I259|Y|E669|Y|R7303|Y|D649|Y|M179|Y|P292|Y|Z591|Y|R4689|N|||||Y92|Y92|U| | | | | | | | | | | | | | | | | | | | | | |GZ3|27-Mar-2018|Z741|27-Mar-2018|F419|27-Mar-2018|Z1331|27-Mar-2018|Z1331|27-Mar-2018|F1990|27-Mar-2018|F109|27-Mar-2018|||||||||||||||||||||||||||||||||||||0|0||3|450|96127|3.0|2018-03-28T00:00:00|hospital_E|hospital_E_20180327
SYN_BENE_871D37A78DAA|SYN_CLM_71B98CC3EB3C|V|60|27-Mar-2018|27-Mar-2018|30-Mar-2018||3|107522|1|1|1|| |2157.21|0.0| ||10|1992753768| |9999623793| |9999623793|||0|1| |2157.21|27-Mar-2018|1|2|A|10|0.0|431.43|0|4|0.0|0.0|0|0|0|0|0|0|0|0|0|0|0|0|0|||||27-Mar-2018|19.0|0|0||E0922|E0922|N|E1121|Y|I252|Y|I214|Y|E113519|N|E113299|Y|G53|N|R739|Y|E11319|Y|E785|Y|E781|Y|E8881|Y|Z653|Y|E119|Y|R931|Y|I259|Y|E669|Y|R7303|Y|D649|Y|M179|Y|P292|Y|Z591|Y|R4689|N|||||Y92|Y92|U| | | | | | | | | | | | | | | | | | | | | | |GZ3|27-Mar-2018|Z741|27-Mar-2018|F419|27-Mar-2018|Z1331|27-Mar-2018|Z1331|27-Mar-2018|F1990|27-Mar-2018|F109|27-Mar-2018|||||||||||||||||||||||||||||||||||||0|0||4|450|G0444|3.0|2018-03-28T00:00:00|hospital_E|hospital_E_20180327
SYN_BENE_871D37A78DAA|SYN_CLM_71B98CC3EB3C|V|60|27-Mar-2018|27-Mar-2018|30-Mar-2018||3|107522|1|1|1|| |2157.21|0.0| ||10|1992753768| |9999623793| |9999623793|||0|1| |2157.21|27-Mar-2018|1|2|A|10|0.0|431.43|0|4|0.0|0.0|0|0|0|0|0|0|0|0|0|0|0|0|0|||||27-Mar-2018|19.0|0|0||E0922|E0922|N|E1121|Y|I252|Y|I214|Y|E113519|N|E113299|Y|G53|N|R739|Y|E11319|Y|E785|Y|E781|Y|E8881|Y|Z653|Y|E119|Y|R931|Y|I259|Y|E669|Y|R7303|Y|D649|Y|M179|Y|P292|Y|Z591|Y|R4689|N|||||Y92|Y92|U| | | | | | | | | | | | | | | | | | | | | | |GZ3|27-Mar-2018|Z741|27-Mar-2018|F419|27-Mar-2018|Z1331|27-Mar-2018|Z1331|27-Mar-2018|F1990|27-Mar-2018|F109|27-Mar-2018|||||||||||||||||||||||||||||||||||||0|0||5|450|G0444|3.0|2018-03-28T00:00:00|hospital_E|hospital_E_20180327
SYN_BENE_871D37A78DAA|SYN_CLM_71B98CC3EB3C|V|60|27-Mar-2018|27-Mar-2018|30-Mar-2018||3|107522|1|1|1|| |2157.21|0.0| ||10|1992753768| |9999623793| |9999623793|||0|1| |2157.21|27-Mar-2018|1|2|A|10|0.0|431.43|0|4|0.0|0.0|0|0|0|0|0|0|0|0|0|0|0|0|0|||||27-Mar-2018|19.0|0|0||E0922|E0922|N|E1121|Y|I252|Y|I214|Y|E113519|N|E113299|Y|G53|N|R739|Y|E11319|Y|E785|Y|E781|Y|E8881|Y|Z653|Y|E119|Y|R931|Y|I259|Y|E669|Y|R7303|Y|D649|Y|M179|Y|P292|Y|Z591|Y|R4689|N|||||Y92|Y92|U| | | | | | | | | | | | | | | | | | | | | | |GZ3|27-Mar-2018|Z741|27-Mar-2018|F419|27-Mar-2018|Z1331|27-Mar-2018|Z1331|27-Mar-2018|F1990|27-Mar-2018|F109|27-Mar-2018|||||||||||||||||||||||||||||||||||||0|0||6|450|99408|3.0|2018-03-28T00:00:00|hospital_E|hospital_E_20180327
SYN_BENE_871D37A78DAA|SYN_CLM_71B98CC3EB3C|V|60|27-Mar-2018|27-Mar-2018|30-Mar-2018||3|107522|1|1|1|| |2157.21|0.0| ||10|1992753768| |9999623793| |9999623793|||0|1| |2157.21|27-Mar-2018|1|2|A|10|0.0|431.43|0|4|0.0|0.0|0|0|0|0|0|0|0|0|0|0|0|0|0|||||27-Mar-2018|19.0|0|0||E0922|E0922|N|E1121|Y|I252|Y|I214|Y|E113519|N|E113299|Y|G53|N|R739|Y|E11319|Y|E785|Y|E781|Y|E8881|Y|Z653|Y|E119|Y|R931|Y|I259|Y|E669|Y|R7303|Y|D649|Y|M179|Y|P292|Y|Z591|Y|R4689|N|||||Y92|Y92|U| | | | | | | | | | | | | | | | | | | | | | |GZ3|27-Mar-2018|Z741|27-Mar-2018|F419|27-Mar-2018|Z1331|27-Mar-2018|Z1331|27-Mar-2018|F1990|27-Mar-2018|F109|27-Mar-2018|||||||||||||||||||||||||||||||||||||0|0||7|450|G0442|3.0|2018-03-28T00:00:00|hospital_E|hospital_E_20180327
SYN_BENE_09188546F96F|SYN_CLM_4F939F588AAD|V|60|27-Mar-2018|27-Mar-2018|30-Mar-2018||3|107522|1|1|1|| |2157.21|0.0| ||10|1992753768| |9999623793| |9999623793|||0|1| |2157.21|27-Mar-2018|1|2|A|10|0.0|431.43|0|4|0.0|0.0|0|0|0|0|0|0|0|0|0|0|0|0|0|||||27-Mar-2018|19.0|0|0||E0922|E0922|N|E1121|Y|I252|Y|I214|Y|E113519|N|E113299|Y|G53|N|R739|Y|E11319|Y|E785|Y|E781|Y|E8881|Y|Z653|Y|E119|Y|R931|Y|I259|Y|E669|Y|R7303|Y|D649|Y|M179|Y|P292|Y|Z591|Y|R4689|N|||||Y92|Y92|U| | | | | | | | | | | | | | | | | | | | | | |GZ3|27-Mar-2018|Z741|27-Mar-2018|F419|27-Mar-2018|Z1331|27-Mar-2018|Z1331|27-Mar-2018|F1990|27-Mar-2018|F109|27-Mar-2018|||||||||||||||||||||||||||||||||||||0|0||1|450|99495|3.0|2018-03-28T00:00:00|hospital_E|hospital_E_20180327
SYN_BENE_09188546F96F|SYN_CLM_4F939F588AAD|V|60|27-Mar-2018|27-Mar-2018|30-Mar-2018||3|107522|1|1|1|| |2157.21|0.0| ||10|1992753768| |9999623793| |9999623793|||0|1| |2157.21|27-Mar-2018|1|2|A|10|0.0|431.43|0|4|0.0|0.0|0|0|0|0|0|0|0|0|0|0|0|0|0|||||27-Mar-2018|19.0|0|0||E0922|E0922|N|E1121|Y|I252|Y|I214|Y|E113519|N|E113299|Y|G53|N|R739|Y|E11319|Y|E785|Y|E781|Y|E8881|Y|Z653|Y|E119|Y|R931|Y|I259|Y|E669|Y|R7303|Y|D649|Y|M179|Y|P292|Y|Z591|Y|R4689|N|||||Y92|Y92|U| | | | | | | | | | | | | | | | | | | | | | |GZ3|27-Mar-2018|Z741|27-Mar-2018|F419|27-Mar-2018|Z1331|27-Mar-2018|Z1331|27-Mar-2018|F1990|27-Mar-2018|F109|27-Mar-2018|||||||||||||||||||||||||||||||||||||0|0||2|450|96156|3.0|2018-03-28T00:00:00|hospital_E|hospital_E_20180327
SYN_BENE_09188546F96F|SYN_CLM_4F939F588AAD|V|60|27-Mar-2018|27-Mar-2018|30-Mar-2018||3|107522|1|1|1|| |2157.21|0.0| ||10|1992753768| |9999623793| |9999623793|||0|1| |2157.21|27-Mar-2018|1|2|A|10|0.0|431.43|0|4|0.0|0.0|0|0|0|0|0|0|0|0|0|0|0|0|0|||||27-Mar-2018|19.0|0|0||E0922|E0922|N|E1121|Y|I252|Y|I214|Y|E113519|N|E113299|Y|G53|N|R739|Y|E11319|Y|E785|Y|E781|Y|E8881|Y|Z653|Y|E119|Y|R931|Y|I259|Y|E669|Y|R7303|Y|D649|Y|M179|Y|P292|Y|Z591|Y|R4689|N|||||Y92|Y92|U| | | | | | | | | | | | | | | | | | | | | | |GZ3|27-Mar-2018|Z741|27-Mar-2018|F419|27-Mar-2018|Z1331|27-Mar-2018|Z1331|27-Mar-2018|F1990|27-Mar-2018|F109|27-Mar-2018|||||||||||||||||||||||||||||||||||||0|0||3|450|96127|3.0|2018-03-28T00:00:00|hospital_E|hospital_E_20180327
SYN_BENE_09188546F96F|SYN_CLM_4F939F588AAD|V|60|27-Mar-2018|27-Mar-2018|30-Mar-2018||3|107522|1|1|1|| |2157.21|0.0| ||10|1992753768| |9999623793| |9999623793|||0|1| |2157.21|27-Mar-2018|1|2|A|10|0.0|431.43|0|4|0.0|0.0|0|0|0|0|0|0|0|0|0|0|0|0|0|||||27-Mar-2018|19.0|0|0||E0922|E0922|N|E1121|Y|I252|Y|I214|Y|E113519|N|E113299|Y|G53|N|R739|Y|E11319|Y|E785|Y|E781|Y|E8881|Y|Z653|Y|E119|Y|R931|Y|I259|Y|E669|Y|R7303|Y|D649|Y|M179|Y|P292|Y|Z591|Y|R4689|N|||||Y92|Y92|U| | | | | | | | | | | | | | | | | | | | | | |GZ3|27-Mar-2018|Z741|27-Mar-2018|F419|27-Mar-2018|Z1331|27-Mar-2018|Z1331|27-Mar-2018|F1990|27-Mar-2018|F109|27-Mar-2018|||||||||||||||||||||||||||||||||||||0|0||4|450|G0444|3.0|2018-03-28T00:00:00|hospital_E|hospital_E_20180327
SYN_BENE_09188546F96F|SYN_CLM_4F939F588AAD|V|60|27-Mar-2018|27-Mar-2018|30-Mar-2018||3|107522|1|1|1|| |2157.21|0.0| ||10|1992753768| |9999623793| |9999623793|||0|1| |2157.21|27-Mar-2018|1|2|A|10|0.0|431.43|0|4|0.0|0.0|0|0|0|0|0|0|0|0|0|0|0|0|0|||||27-Mar-2018|19.0|0|0||E0922|E0922|N|E1121|Y|I252|Y|I214|Y|E113519|N|E113299|Y|G53|N|R739|Y|E11319|Y|E785|Y|E781|Y|E8881|Y|Z653|Y|E119|Y|R931|Y|I259|Y|E669|Y|R7303|Y|D649|Y|M179|Y|P292|Y|Z591|Y|R4689|N|||||Y92|Y92|U| | | | | | | | | | | | | | | | | | | | | | |GZ3|27-Mar-2018|Z741|27-Mar-2018|F419|27-Mar-2018|Z1331|27-Mar-2018|Z1331|27-Mar-2018|F1990|27-Mar-2018|F109|27-Mar-2018|||||||||||||||||||||||||||||||||||||0|0||5|450|G0444|3.0|2018-03-28T00:00:00|hospital_E|hospital_E_20180327
SYN_BENE_09188546F96F|SYN_CLM_4F939F588AAD|V|60|27-Mar-2018|27-Mar-2018|30-Mar-2018||3|107522|1|1|1|| |2157.21|0.0| ||10|1992753768| |9999623793| |9999623793|||0|1| |2157.21|27-Mar-2018|1|2|A|10|0.0|431.43|0|4|0.0|0.0|0|0|0|0|0|0|0|0|0|0|0|0|0|||||27-Mar-2018|19.0|0|0||E0922|E0922|N|E1121|Y|I252|Y|I214|Y|E113519|N|E113299|Y|G53|N|R739|Y|E11319|Y|E785|Y|E781|Y|E8881|Y|Z653|Y|E119|Y|R931|Y|I259|Y|E669|Y|R7303|Y|D649|Y|M179|Y|P292|Y|Z591|Y|R4689|N|||||Y92|Y92|U| | | | | | | | | | | | | | | | | | | | | | |GZ3|27-Mar-2018|Z741|27-Mar-2018|F419|27-Mar-2018|Z1331|27-Mar-2018|Z1331|27-Mar-2018|F1990|27-Mar-2018|F109|27-Mar-2018|||||||||||||||||||||||||||||||||||||0|0||6|450|99408|3.0|2018-03-28T00:00:00|hospital_E|hospital_E_20180327
SYN_BENE_09188546F96F|SYN_CLM_4F939F588AAD|V|60|27-Mar-2018|27-Mar-2018|30-Mar-2018||3|107522|1|1|1|| |2157.21|0.0| ||10|1992753768| |9999623793| |9999623793|||0|1| |2157.21|27-Mar-2018|1|2|A|10|0.0|431.43|0|4|0.0|0.0|0|0|0|0|0|0|0|0|0|0|0|0|0|||||27-Mar-2018|19.0|0|0||E0922|E0922|N|E1121|Y|I252|Y|I214|Y|E113519|N|E113299|Y|G53|N|R739|Y|E11319|Y|E785|Y|E781|Y|E8881|Y|Z653|Y|E119|Y|R931|Y|I259|Y|E669|Y|R7303|Y|D649|Y|M179|Y|P292|Y|Z591|Y|R4689|N|||||Y92|Y92|U| | | | | | | | | | | | | | | | | | | | | | |GZ3|27-Mar-2018|Z741|27-Mar-2018|F419|27-Mar-2018|Z1331|27-Mar-2018|Z1331|27-Mar-2018|F1990|27-Mar-2018|F109|27-Mar-2018|||||||||||||||||||||||||||||||||||||0|0||7|450|G0442|3.0|2018-03-28T00:00:00|hospital_E|hospital_E_20180327
SYN_BENE_8A6A6B28887A|SYN_CLM_570FD7273D1B|V|60|27-Mar-2018|27-Mar-2018|30-Mar-2018||3|107522|1|1|1|| |2157.21|0.0| ||10|1992753768| |9999623793| |9999623793|||0|1| |2157.21|27-Mar-2018|1|2|A|10|0.0|431.43|0|4|0.0|0.0|0|0|0|0|0|0|0|0|0|0|0|0|0|||||27-Mar-2018|19.0|0|0||E0922|E0922|N|E1121|Y|I252|Y|I214|Y|E113519|N|E113299|Y|G53|N|R739|Y|E11319|Y|E785|Y|E781|Y|E8881|Y|Z653|Y|E119|Y|R931|Y|I259|Y|E669|Y|R7303|Y|D649|Y|M179|Y|P292|Y|Z591|Y|R4689|N|||||Y92|Y92|U| | | | | | | | | | | | | | | | | | | | | | |GZ3|27-Mar-2018|Z741|27-Mar-2018|F419|27-Mar-2018|Z1331|27-Mar-2018|Z1331|27-Mar-2018|F1990|27-Mar-2018|F109|27-Mar-2018|||||||||||||||||||||||||||||||||||||0|0||1|450|99495|3.0|2018-03-28T00:00:00|hospital_E|hospital_E_20180327
SYN_BENE_8A6A6B28887A|SYN_CLM_570FD7273D1B|V|60|27-Mar-2018|27-Mar-2018|30-Mar-2018||3|107522|1|1|1|| |2157.21|0.0| ||10|1992753768| |9999623793| |9999623793|||0|1| |2157.21|27-Mar-2018|1|2|A|10|0.0|431.43|0|4|0.0|0.0|0|0|0|0|0|0|0|0|0|0|0|0|0|||||27-Mar-2018|19.0|0|0||E0922|E0922|N|E1121|Y|I252|Y|I214|Y|E113519|N|E113299|Y|G53|N|R739|Y|E11319|Y|E785|Y|E781|Y|E8881|Y|Z653|Y|E119|Y|R931|Y|I259|Y|E669|Y|R7303|Y|D649|Y|M179|Y|P292|Y|Z591|Y|R4689|N|||||Y92|Y92|U| | | | | | | | | | | | | | | | | | | | | | |GZ3|27-Mar-2018|Z741|27-Mar-2018|F419|27-Mar-2018|Z1331|27-Mar-2018|Z1331|27-Mar-2018|F1990|27-Mar-2018|F109|27-Mar-2018|||||||||||||||||||||||||||||||||||||0|0||2|450|96156|3.0|2018-03-28T00:00:00|hospital_E|hospital_E_20180327
SYN_BENE_8A6A6B28887A|SYN_CLM_570FD7273D1B|V|60|27-Mar-2018|27-Mar-2018|30-Mar-2018||3|107522|1|1|1|| |2157.21|0.0| ||10|1992753768| |9999623793| |9999623793|||0|1| |2157.21|27-Mar-2018|1|2|A|10|0.0|431.43|0|4|0.0|0.0|0|0|0|0|0|0|0|0|0|0|0|0|0|||||27-Mar-2018|19.0|0|0||E0922|E0922|N|E1121|Y|I252|Y|I214|Y|E113519|N|E113299|Y|G53|N|R739|Y|E11319|Y|E785|Y|E781|Y|E8881|Y|Z653|Y|E119|Y|R931|Y|I259|Y|E669|Y|R7303|Y|D649|Y|M179|Y|P292|Y|Z591|Y|R4689|N|||||Y92|Y92|U| | | | | | | | | | | | | | | | | | | | | | |GZ3|27-Mar-2018|Z741|27-Mar-2018|F419|27-Mar-2018|Z1331|27-Mar-2018|Z1331|27-Mar-2018|F1990|27-Mar-2018|F109|27-Mar-2018|||||||||||||||||||||||||||||||||||||0|0||3|450|96127|3.0|2018-03-28T00:00:00|hospital_E|hospital_E_20180327
SYN_BENE_8A6A6B28887A|SYN_CLM_570FD7273D1B|V|60|27-Mar-2018|27-Mar-2018|30-Mar-2018||3|107522|1|1|1|| |2157.21|0.0| ||10|1992753768| |9999623793| |9999623793|||0|1| |2157.21|27-Mar-2018|1|2|A|10|0.0|431.43|0|4|0.0|0.0|0|0|0|0|0|0|0|0|0|0|0|0|0|||||27-Mar-2018|19.0|0|0||E0922|E0922|N|E1121|Y|I252|Y|I214|Y|E113519|N|E113299|Y|G53|N|R739|Y|E11319|Y|E785|Y|E781|Y|E8881|Y|Z653|Y|E119|Y|R931|Y|I259|Y|E669|Y|R7303|Y|D649|Y|M179|Y|P292|Y|Z591|Y|R4689|N|||||Y92|Y92|U| | | | | | | | | | | | | | | | | | | | | | |GZ3|27-Mar-2018|Z741|27-Mar-2018|F419|27-Mar-2018|Z1331|27-Mar-2018|Z1331|27-Mar-2018|F1990|27-Mar-2018|F109|27-Mar-2018|||||||||||||||||||||||||||||||||||||0|0||4|450|G0444|3.0|2018-03-28T00:00:00|hospital_E|hospital_E_20180327
SYN_BENE_8A6A6B28887A|SYN_CLM_570FD7273D1B|V|60|27-Mar-2018|27-Mar-2018|30-Mar-2018||3|107522|1|1|1|| |2157.21|0.0| ||10|1992753768| |9999623793| |9999623793|||0|1| |2157.21|27-Mar-2018|1|2|A|10|0.0|431.43|0|4|0.0|0.0|0|0|0|0|0|0|0|0|0|0|0|0|0|||||27-Mar-2018|19.0|0|0||E0922|E0922|N|E1121|Y|I252|Y|I214|Y|E113519|N|E113299|Y|G53|N|R739|Y|E11319|Y|E785|Y|E781|Y|E8881|Y|Z653|Y|E119|Y|R931|Y|I259|Y|E669|Y|R7303|Y|D649|Y|M179|Y|P292|Y|Z591|Y|R4689|N|||||Y92|Y92|U| | | | | | | | | | | | | | | | | | | | | | |GZ3|27-Mar-2018|Z741|27-Mar-2018|F419|27-Mar-2018|Z1331|27-Mar-2018|Z1331|27-Mar-2018|F1990|27-Mar-2018|F109|27-Mar-2018|||||||||||||||||||||||||||||||||||||0|0||5|450|G0444|3.0|2018-03-28T00:00:00|hospital_E|hospital_E_20180327
SYN_BENE_8A6A6B28887A|SYN_CLM_570FD7273D1B|V|60|27-Mar-2018|27-Mar-2018|30-Mar-2018||3|107522|1|1|1|| |2157.21|0.0| ||10|1992753768| |9999623793| |9999623793|||0|1| |2157.21|27-Mar-2018|1|2|A|10|0.0|431.43|0|4|0.0|0.0|0|0|0|0|0|0|0|0|0|0|0|0|0|||||27-Mar-2018|19.0|0|0||E0922|E0922|N|E1121|Y|I252|Y|I214|Y|E113519|N|E113299|Y|G53|N|R739|Y|E11319|Y|E785|Y|E781|Y|E8881|Y|Z653|Y|E119|Y|R931|Y|I259|Y|E669|Y|R7303|Y|D649|Y|M179|Y|P292|Y|Z591|Y|R4689|N|||||Y92|Y92|U| | | | | | | | | | | | | | | | | | | | | | |GZ3|27-Mar-2018|Z741|27-Mar-2018|F419|27-Mar-2018|Z1331|27-Mar-2018|Z1331|27-Mar-2018|F1990|27-Mar-2018|F109|27-Mar-2018|||||||||||||||||||||||||||||||||||||0|0||6|450|99408|3.0|2018-03-28T00:00:00|hospital_E|hospital_E_20180327
SYN_BENE_8A6A6B28887A|SYN_CLM_570FD7273D1B|V|60|27-Mar-2018|27-Mar-2018|30-Mar-2018||3|107522|1|1|1|| |2157.21|0.0| ||10|1992753768| |9999623793| |9999623793|||0|1| |2157.21|27-Mar-2018|1|2|A|10|0.0|431.43|0|4|0.0|0.0|0|0|0|0|0|0|0|0|0|0|0|0|0|||||27-Mar-2018|19.0|0|0||E0922|E0922|N|E1121|Y|I252|Y|I214|Y|E113519|N|E113299|Y|G53|N|R739|Y|E11319|Y|E785|Y|E781|Y|E8881|Y|Z653|Y|E119|Y|R931|Y|I259|Y|E669|Y|R7303|Y|D649|Y|M179|Y|P292|Y|Z591|Y|R4689|N|||||Y92|Y92|U| | | | | | | | | | | | | | | | | | | | | | |GZ3|27-Mar-2018|Z741|27-Mar-2018|F419|27-Mar-2018|Z1331|27-Mar-2018|Z1331|27-Mar-2018|F1990|27-Mar-2018|F109|27-Mar-2018|||||||||||||||||||||||||||||||||||||0|0||7|450|G0442|3.0|2018-03-28T00:00:00|hospital_E|hospital_E_20180327
SYN_BENE_86BE43F56540|SYN_CLM_CAD181F03FCE|V|60|27-Mar-2018|27-Mar-2018|30-Mar-2018||3|107522|1|1|1|| |2157.21|0.0| ||10|1992753768| |9999623793| |9999623793|||0|1| |2157.21|27-Mar-2018|1|2|A|10|0.0|431.43|0|4|0.0|0.0|0|0|0|0|0|0|0|0|0|0|0|0|0|||||27-Mar-2018|19.0|0|0||E0922|E0922|N|E1121|Y|I252|Y|I214|Y|E113519|N|E113299|Y|G53|N|R739|Y|E11319|Y|E785|Y|E781|Y|E8881|Y|Z653|Y|E119|Y|R931|Y|I259|Y|E669|Y|R7303|Y|D649|Y|M179|Y|P292|Y|Z591|Y|R4689|N|||||Y92|Y92|U| | | | | | | | | | | | | | | | | | | | | | |GZ3|27-Mar-2018|Z741|27-Mar-2018|F419|27-Mar-2018|Z1331|27-Mar-2018|Z1331|27-Mar-2018|F1990|27-Mar-2018|F109|27-Mar-2018|||||||||||||||||||||||||||||||||||||0|0||1|450|99495|3.0|2018-03-28T00:00:00|hospital_E|hospital_E_20180327
SYN_BENE_86BE43F56540|SYN_CLM_CAD181F03FCE|V|60|27-Mar-2018|27-Mar-2018|30-Mar-2018||3|107522|1|1|1|| |2157.21|0.0| ||10|1992753768| |9999623793| |9999623793|||0|1| |2157.21|27-Mar-2018|1|2|A|10|0.0|431.43|0|4|0.0|0.0|0|0|0|0|0|0|0|0|0|0|0|0|0|||||27-Mar-2018|19.0|0|0||E0922|E0922|N|E1121|Y|I252|Y|I214|Y|E113519|N|E113299|Y|G53|N|R739|Y|E11319|Y|E785|Y|E781|Y|E8881|Y|Z653|Y|E119|Y|R931|Y|I259|Y|E669|Y|R7303|Y|D649|Y|M179|Y|P292|Y|Z591|Y|R4689|N|||||Y92|Y92|U| | | | | | | | | | | | | | | | | | | | | | |GZ3|27-Mar-2018|Z741|27-Mar-2018|F419|27-Mar-2018|Z1331|27-Mar-2018|Z1331|27-Mar-2018|F1990|27-Mar-2018|F109|27-Mar-2018|||||||||||||||||||||||||||||||||||||0|0||2|450|96156|3.0|2018-03-28T00:00:00|hospital_E|hospital_E_20180327
SYN_BENE_86BE43F56540|SYN_CLM_CAD181F03FCE|V|60|27-Mar-2018|27-Mar-2018|30-Mar-2018||3|107522|1|1|1|| |2157.21|0.0| ||10|1992753768| |9999623793| |9999623793|||0|1| |2157.21|27-Mar-2018|1|2|A|10|0.0|431.43|0|4|0.0|0.0|0|0|0|0|0|0|0|0|0|0|0|0|0|||||27-Mar-2018|19.0|0|0||E0922|E0922|N|E1121|Y|I252|Y|I214|Y|E113519|N|E113299|Y|G53|N|R739|Y|E11319|Y|E785|Y|E781|Y|E8881|Y|Z653|Y|E119|Y|R931|Y|I259|Y|E669|Y|R7303|Y|D649|Y|M179|Y|P292|Y|Z591|Y|R4689|N|||||Y92|Y92|U| | | | | | | | | | | | | | | | | | | | | | |GZ3|27-Mar-2018|Z741|27-Mar-2018|F419|27-Mar-2018|Z1331|27-Mar-2018|Z1331|27-Mar-2018|F1990|27-Mar-2018|F109|27-Mar-2018|||||||||||||||||||||||||||||||||||||0|0||3|450|96127|3.0|2018-03-28T00:00:00|hospital_E|hospital_E_20180327
SYN_BENE_86BE43F56540|SYN_CLM_CAD181F03FCE|V|60|27-Mar-2018|27-Mar-2018|30-Mar-2018||3|107522|1|1|1|| |2157.21|0.0| ||10|1992753768| |9999623793| |9999623793|||0|1| |2157.21|27-Mar-2018|1|2|A|10|0.0|431.43|0|4|0.0|0.0|0|0|0|0|0|0|0|0|0|0|0|0|0|||||27-Mar-2018|19.0|0|0||E0922|E0922|N|E1121|Y|I252|Y|I214|Y|E113519|N|E113299|Y|G53|N|R739|Y|E11319|Y|E785|Y|E781|Y|E8881|Y|Z653|Y|E119|Y|R931|Y|I259|Y|E669|Y|R7303|Y|D649|Y|M179|Y|P292|Y|Z591|Y|R4689|N|||||Y92|Y92|U| | | | | | | | | | | | | | | | | | | | | | |GZ3|27-Mar-2018|Z741|27-Mar-2018|F419|27-Mar-2018|Z1331|27-Mar-2018|Z1331|27-Mar-2018|F1990|27-Mar-2018|F109|27-Mar-2018|||||||||||||||||||||||||||||||||||||0|0||4|450|G0444|3.0|2018-03-28T00:00:00|hospital_E|hospital_E_20180327
SYN_BENE_86BE43F56540|SYN_CLM_CAD181F03FCE|V|60|27-Mar-2018|27-Mar-2018|30-Mar-2018||3|107522|1|1|1|| |2157.21|0.0| ||10|1992753768| |9999623793| |9999623793|||0|1| |2157.21|27-Mar-2018|1|2|A|10|0.0|431.43|0|4|0.0|0.0|0|0|0|0|0|0|0|0|0|0|0|0|0|||||27-Mar-2018|19.0|0|0||E0922|E0922|N|E1121|Y|I252|Y|I214|Y|E113519|N|E113299|Y|G53|N|R739|Y|E11319|Y|E785|Y|E781|Y|E8881|Y|Z653|Y|E119|Y|R931|Y|I259|Y|E669|Y|R7303|Y|D649|Y|M179|Y|P292|Y|Z591|Y|R4689|N|||||Y92|Y92|U| | | | | | | | | | | | | | | | | | | | | | |GZ3|27-Mar-2018|Z741|27-Mar-2018|F419|27-Mar-2018|Z1331|27-Mar-2018|Z1331|27-Mar-2018|F1990|27-Mar-2018|F109|27-Mar-2018|||||||||||||||||||||||||||||||||||||0|0||5|450|G0444|3.0|2018-03-28T00:00:00|hospital_E|hospital_E_20180327
SYN_BENE_86BE43F56540|SYN_CLM_CAD181F03FCE|V|60|27-Mar-2018|27-Mar-2018|30-Mar-2018||3|107522|1|1|1|| |2157.21|0.0| ||10|1992753768| |9999623793| |9999623793|||0|1| |2157.21|27-Mar-2018|1|2|A|10|0.0|431.43|0|4|0.0|0.0|0|0|0|0|0|0|0|0|0|0|0|0|0|||||27-Mar-2018|19.0|0|0||E0922|E0922|N|E1121|Y|I252|Y|I214|Y|E113519|N|E113299|Y|G53|N|R739|Y|E11319|Y|E785|Y|E781|Y|E8881|Y|Z653|Y|E119|Y|R931|Y|I259|Y|E669|Y|R7303|Y|D649|Y|M179|Y|P292|Y|Z591|Y|R4689|N|||||Y92|Y92|U| | | | | | | | | | | | | | | | | | | | | | |GZ3|27-Mar-2018|Z741|27-Mar-2018|F419|27-Mar-2018|Z1331|27-Mar-2018|Z1331|27-Mar-2018|F1990|27-Mar-2018|F109|27-Mar-2018|||||||||||||||||||||||||||||||||||||0|0||6|450|99408|3.0|2018-03-28T00:00:00|hospital_E|hospital_E_20180327
SYN_BENE_86BE43F56540|SYN_CLM_CAD181F03FCE|V|60|27-Mar-2018|27-Mar-2018|30-Mar-2018||3|107522|1|1|1|| |2157.21|0.0| ||10|1992753768| |9999623793| |9999623793|||0|1| |2157.21|27-Mar-2018|1|2|A|10|0.0|431.43|0|4|0.0|0.0|0|0|0|0|0|0|0|0|0|0|0|0|0|||||27-Mar-2018|19.0|0|0||E0922|E0922|N|E1121|Y|I252|Y|I214|Y|E113519|N|E113299|Y|G53|N|R739|Y|E11319|Y|E785|Y|E781|Y|E8881|Y|Z653|Y|E119|Y|R931|Y|I259|Y|E669|Y|R7303|Y|D649|Y|M179|Y|P292|Y|Z591|Y|R4689|N|||||Y92|Y92|U| | | | | | | | | | | | | | | | | | | | | | |GZ3|27-Mar-2018|Z741|27-Mar-2018|F419|27-Mar-2018|Z1331|27-Mar-2018|Z1331|27-Mar-2018|F1990|27-Mar-2018|F109|27-Mar-2018|||||||||||||||||||||||||||||||||||||0|0||7|450|G0442|3.0|2018-03-28T00:00:00|hospital_E|hospital_E_20180327
SYN_BENE_61CE1F759F79|SYN_CLM_626422A04648|V|60|27-Mar-2018|27-Mar-2018|30-Mar-2018||3|107522|1|1|1|| |2157.21|0.0| ||10|1992753768| |9999623793| |9999623793|||0|1| |2157.21|27-Mar-2018|1|2|A|10|0.0|431.43|0|4|0.0|0.0|0|0|0|0|0|0|0|0|0|0|0|0|0|||||27-Mar-2018|19.0|0|0||E0922|E0922|N|E1121|Y|I252|Y|I214|Y|E113519|N|E113299|Y|G53|N|R739|Y|E11319|Y|E785|Y|E781|Y|E8881|Y|Z653|Y|E119|Y|R931|Y|I259|Y|E669|Y|R7303|Y|D649|Y|M179|Y|P292|Y|Z591|Y|R4689|N|||||Y92|Y92|U| | | | | | | | | | | | | | | | | | | | | | |GZ3|27-Mar-2018|Z741|27-Mar-2018|F419|27-Mar-2018|Z1331|27-Mar-2018|Z1331|27-Mar-2018|F1990|27-Mar-2018|F109|27-Mar-2018|||||||||||||||||||||||||||||||||||||0|0||1|450|99495|3.0|2018-03-28T00:00:00|hospital_E|hospital_E_20180327
SYN_BENE_61CE1F759F79|SYN_CLM_626422A04648|V|60|27-Mar-2018|27-Mar-2018|30-Mar-2018||3|107522|1|1|1|| |2157.21|0.0| ||10|1992753768| |9999623793| |9999623793|||0|1| |2157.21|27-Mar-2018|1|2|A|10|0.0|431.43|0|4|0.0|0.0|0|0|0|0|0|0|0|0|0|0|0|0|0|||||27-Mar-2018|19.0|0|0||E0922|E0922|N|E1121|Y|I252|Y|I214|Y|E113519|N|E113299|Y|G53|N|R739|Y|E11319|Y|E785|Y|E781|Y|E8881|Y|Z653|Y|E119|Y|R931|Y|I259|Y|E669|Y|R7303|Y|D649|Y|M179|Y|P292|Y|Z591|Y|R4689|N|||||Y92|Y92|U| | | | | | | | | | | | | | | | | | | | | | |GZ3|27-Mar-2018|Z741|27-Mar-2018|F419|27-Mar-2018|Z1331|27-Mar-2018|Z1331|27-Mar-2018|F1990|27-Mar-2018|F109|27-Mar-2018|||||||||||||||||||||||||||||||||||||0|0||2|450|96156|3.0|2018-03-28T00:00:00|hospital_E|hospital_E_20180327
SYN_BENE_61CE1F759F79|SYN_CLM_626422A04648|V|60|27-Mar-2018|27-Mar-2018|30-Mar-2018||3|107522|1|1|1|| |2157.21|0.0| ||10|1992753768| |9999623793| |9999623793|||0|1| |2157.21|27-Mar-2018|1|2|A|10|0.0|431.43|0|4|0.0|0.0|0|0|0|0|0|0|0|0|0|0|0|0|0|||||27-Mar-2018|19.0|0|0||E0922|E0922|N|E1121|Y|I252|Y|I214|Y|E113519|N|E113299|Y|G53|N|R739|Y|E11319|Y|E785|Y|E781|Y|E8881|Y|Z653|Y|E119|Y|R931|Y|I259|Y|E669|Y|R7303|Y|D649|Y|M179|Y|P292|Y|Z591|Y|R4689|N|||||Y92|Y92|U| | | | | | | | | | | | | | | | | | | | | | |GZ3|27-Mar-2018|Z741|27-Mar-2018|F419|27-Mar-2018|Z1331|27-Mar-2018|Z1331|27-Mar-2018|F1990|27-Mar-2018|F109|27-Mar-2018|||||||||||||||||||||||||||||||||||||0|0||3|450|96127|3.0|2018-03-28T00:00:00|hospital_E|hospital_E_20180327
SYN_BENE_61CE1F759F79|SYN_CLM_626422A04648|V|60|27-Mar-2018|27-Mar-2018|30-Mar-2018||3|107522|1|1|1|| |2157.21|0.0| ||10|1992753768| |9999623793| |9999623793|||0|1| |2157.21|27-Mar-2018|1|2|A|10|0.0|431.43|0|4|0.0|0.0|0|0|0|0|0|0|0|0|0|0|0|0|0|||||27-Mar-2018|19.0|0|0||E0922|E0922|N|E1121|Y|I252|Y|I214|Y|E113519|N|E113299|Y|G53|N|R739|Y|E11319|Y|E785|Y|E781|Y|E8881|Y|Z653|Y|E119|Y|R931|Y|I259|Y|E669|Y|R7303|Y|D649|Y|M179|Y|P292|Y|Z591|Y|R4689|N|||||Y92|Y92|U| | | | | | | | | | | | | | | | | | | | | | |GZ3|27-Mar-2018|Z741|27-Mar-2018|F419|27-Mar-2018|Z1331|27-Mar-2018|Z1331|27-Mar-2018|F1990|27-Mar-2018|F109|27-Mar-2018|||||||||||||||||||||||||||||||||||||0|0||4|450|G0444|3.0|2018-03-28T00:00:00|hospital_E|hospital_E_20180327
SYN_BENE_61CE1F759F79|SYN_CLM_626422A04648|V|60|27-Mar-2018|27-Mar-2018|30-Mar-2018||3|107522|1|1|1|| |2157.21|0.0| ||10|1992753768| |9999623793| |9999623793|||0|1| |2157.21|27-Mar-2018|1|2|A|10|0.0|431.43|0|4|0.0|0.0|0|0|0|0|0|0|0|0|0|0|0|0|0|||||27-Mar-2018|19.0|0|0||E0922|E0922|N|E1121|Y|I252|Y|I214|Y|E113519|N|E113299|Y|G53|N|R739|Y|E11319|Y|E785|Y|E781|Y|E8881|Y|Z653|Y|E119|Y|R931|Y|I259|Y|E669|Y|R7303|Y|D649|Y|M179|Y|P292|Y|Z591|Y|R4689|N|||||Y92|Y92|U| | | | | | | | | | | | | | | | | | | | | | |GZ3|27-Mar-2018|Z741|27-Mar-2018|F419|27-Mar-2018|Z1331|27-Mar-2018|Z1331|27-Mar-2018|F1990|27-Mar-2018|F109|27-Mar-2018|||||||||||||||||||||||||||||||||||||0|0||5|450|G0444|3.0|2018-03-28T00:00:00|hospital_E|hospital_E_20180327
SYN_BENE_61CE1F759F79|SYN_CLM_626422A04648|V|60|27-Mar-2018|27-Mar-2018|30-Mar-2018||3|107522|1|1|1|| |2157.21|0.0| ||10|1992753768| |9999623793| |9999623793|||0|1| |2157.21|27-Mar-2018|1|2|A|10|0.0|431.43|0|4|0.0|0.0|0|0|0|0|0|0|0|0|0|0|0|0|0|||||27-Mar-2018|19.0|0|0||E0922|E0922|N|E1121|Y|I252|Y|I214|Y|E113519|N|E113299|Y|G53|N|R739|Y|E11319|Y|E785|Y|E781|Y|E8881|Y|Z653|Y|E119|Y|R931|Y|I259|Y|E669|Y|R7303|Y|D649|Y|M179|Y|P292|Y|Z591|Y|R4689|N|||||Y92|Y92|U| | | | | | | | | | | | | | | | | | | | | | |GZ3|27-Mar-2018|Z741|27-Mar-2018|F419|27-Mar-2018|Z1331|27-Mar-2018|Z1331|27-Mar-2018|F1990|27-Mar-2018|F109|27-Mar-2018|||||||||||||||||||||||||||||||||||||0|0||6|450|99408|3.0|2018-03-28T00:00:00|hospital_E|hospital_E_20180327
SYN_BENE_61CE1F759F79|SYN_CLM_626422A04648|V|60|27-Mar-2018|27-Mar-2018|30-Mar-2018||3|107522|1|1|1|| |2157.21|0.0| ||10|1992753768| |9999623793| |9999623793|||0|1| |2157.21|27-Mar-2018|1|2|A|10|0.0|431.43|0|4|0.0|0.0|0|0|0|0|0|0|0|0|0|0|0|0|0|||||27-Mar-2018|19.0|0|0||E0922|E0922|N|E1121|Y|I252|Y|I214|Y|E113519|N|E113299|Y|G53|N|R739|Y|E11319|Y|E785|Y|E781|Y|E8881|Y|Z653|Y|E119|Y|R931|Y|I259|Y|E669|Y|R7303|Y|D649|Y|M179|Y|P292|Y|Z591|Y|R4689|N|||||Y92|Y92|U| | | | | | | | | | | | | | | | | | | | | | |GZ3|27-Mar-2018|Z741|27-Mar-2018|F419|27-Mar-2018|Z1331|27-Mar-2018|Z1331|27-Mar-2018|F1990|27-Mar-2018|F109|27-Mar-2018|||||||||||||||||||||||||||||||||||||0|0||7|450|G0442|3.0|2018-03-28T00:00:00|hospital_E|hospital_E_20180327
SYN_BENE_A82626A35AB6|SYN_CLM_8DA7E007EF68|V|60|27-Mar-2018|27-Mar-2018|30-Mar-2018||3|107522|1|1|1|| |2157.21|0.0| ||10|1992753768| |9999623793| |9999623793|||0|1| |2157.21|27-Mar-2018|1|2|A|10|0.0|431.43|0|4|0.0|0.0|0|0|0|0|0|0|0|0|0|0|0|0|0|||||27-Mar-2018|19.0|0|0||E0922|E0922|N|E1121|Y|I252|Y|I214|Y|E113519|N|E113299|Y|G53|N|R739|Y|E11319|Y|E785|Y|E781|Y|E8881|Y|Z653|Y|E119|Y|R931|Y|I259|Y|E669|Y|R7303|Y|D649|Y|M179|Y|P292|Y|Z591|Y|R4689|N|||||Y92|Y92|U| | | | | | | | | | | | | | | | | | | | | | |GZ3|27-Mar-2018|Z741|27-Mar-2018|F419|27-Mar-2018|Z1331|27-Mar-2018|Z1331|27-Mar-2018|F1990|27-Mar-2018|F109|27-Mar-2018|||||||||||||||||||||||||||||||||||||0|0||1|450|99495|3.0|2018-03-28T00:00:00|hospital_E|hospital_E_20180327
SYN_BENE_A82626A35AB6|SYN_CLM_8DA7E007EF68|V|60|27-Mar-2018|27-Mar-2018|30-Mar-2018||3|107522|1|1|1|| |2157.21|0.0| ||10|1992753768| |9999623793| |9999623793|||0|1| |2157.21|27-Mar-2018|1|2|A|10|0.0|431.43|0|4|0.0|0.0|0|0|0|0|0|0|0|0|0|0|0|0|0|||||27-Mar-2018|19.0|0|0||E0922|E0922|N|E1121|Y|I252|Y|I214|Y|E113519|N|E113299|Y|G53|N|R739|Y|E11319|Y|E785|Y|E781|Y|E8881|Y|Z653|Y|E119|Y|R931|Y|I259|Y|E669|Y|R7303|Y|D649|Y|M179|Y|P292|Y|Z591|Y|R4689|N|||||Y92|Y92|U| | | | | | | | | | | | | | | | | | | | | | |GZ3|27-Mar-2018|Z741|27-Mar-2018|F419|27-Mar-2018|Z1331|27-Mar-2018|Z1331|27-Mar-2018|F1990|27-Mar-2018|F109|27-Mar-2018|||||||||||||||||||||||||||||||||||||0|0||2|450|96156|3.0|2018-03-28T00:00:00|hospital_E|hospital_E_20180327
SYN_BENE_A82626A35AB6|SYN_CLM_8DA7E007EF68|V|60|27-Mar-2018|27-Mar-2018|30-Mar-2018||3|107522|1|1|1|| |2157.21|0.0| ||10|1992753768| |9999623793| |9999623793|||0|1| |2157.21|27-Mar-2018|1|2|A|10|0.0|431.43|0|4|0.0|0.0|0|0|0|0|0|0|0|0|0|0|0|0|0|||||27-Mar-2018|19.0|0|0||E0922|E0922|N|E1121|Y|I252|Y|I214|Y|E113519|N|E113299|Y|G53|N|R739|Y|E11319|Y|E785|Y|E781|Y|E8881|Y|Z653|Y|E119|Y|R931|Y|I259|Y|E669|Y|R7303|Y|D649|Y|M179|Y|P292|Y|Z591|Y|R4689|N|||||Y92|Y92|U| | | | | | | | | | | | | | | | | | | | | | |GZ3|27-Mar-2018|Z741|27-Mar-2018|F419|27-Mar-2018|Z1331|27-Mar-2018|Z1331|27-Mar-2018|F1990|27-Mar-2018|F109|27-Mar-2018|||||||||||||||||||||||||||||||||||||0|0||3|450|96127|3.0|2018-03-28T00:00:00|hospital_E|hospital_E_20180327
SYN_BENE_A82626A35AB6|SYN_CLM_8DA7E007EF68|V|60|27-Mar-2018|27-Mar-2018|30-Mar-2018||3|107522|1|1|1|| |2157.21|0.0| ||10|1992753768| |9999623793| |9999623793|||0|1| |2157.21|27-Mar-2018|1|2|A|10|0.0|431.43|0|4|0.0|0.0|0|0|0|0|0|0|0|0|0|0|0|0|0|||||27-Mar-2018|19.0|0|0||E0922|E0922|N|E1121|Y|I252|Y|I214|Y|E113519|N|E113299|Y|G53|N|R739|Y|E11319|Y|E785|Y|E781|Y|E8881|Y|Z653|Y|E119|Y|R931|Y|I259|Y|E669|Y|R7303|Y|D649|Y|M179|Y|P292|Y|Z591|Y|R4689|N|||||Y92|Y92|U| | | | | | | | | | | | | | | | | | | | | | |GZ3|27-Mar-2018|Z741|27-Mar-2018|F419|27-Mar-2018|Z1331|27-Mar-2018|Z1331|27-Mar-2018|F1990|27-Mar-2018|F109|27-Mar-2018|||||||||||||||||||||||||||||||||||||0|0||4|450|G0444|3.0|2018-03-28T00:00:00|hospital_E|hospital_E_20180327
SYN_BENE_A82626A35AB6|SYN_CLM_8DA7E007EF68|V|60|27-Mar-2018|27-Mar-2018|30-Mar-2018||3|107522|1|1|1|| |2157.21|0.0| ||10|1992753768| |9999623793| |9999623793|||0|1| |2157.21|27-Mar-2018|1|2|A|10|0.0|431.43|0|4|0.0|0.0|0|0|0|0|0|0|0|0|0|0|0|0|0|||||27-Mar-2018|19.0|0|0||E0922|E0922|N|E1121|Y|I252|Y|I214|Y|E113519|N|E113299|Y|G53|N|R739|Y|E11319|Y|E785|Y|E781|Y|E8881|Y|Z653|Y|E119|Y|R931|Y|I259|Y|E669|Y|R7303|Y|D649|Y|M179|Y|P292|Y|Z591|Y|R4689|N|||||Y92|Y92|U| | | | | | | | | | | | | | | | | | | | | | |GZ3|27-Mar-2018|Z741|27-Mar-2018|F419|27-Mar-2018|Z1331|27-Mar-2018|Z1331|27-Mar-2018|F1990|27-Mar-2018|F109|27-Mar-2018|||||||||||||||||||||||||||||||||||||0|0||5|450|G0444|3.0|2018-03-28T00:00:00|hospital_E|hospital_E_20180327
SYN_BENE_A82626A35AB6|SYN_CLM_8DA7E007EF68|V|60|27-Mar-2018|27-Mar-2018|30-Mar-2018||3|107522|1|1|1|| |2157.21|0.0| ||10|1992753768| |9999623793| |9999623793|||0|1| |2157.21|27-Mar-2018|1|2|A|10|0.0|431.43|0|4|0.0|0.0|0|0|0|0|0|0|0|0|0|0|0|0|0|||||27-Mar-2018|19.0|0|0||E0922|E0922|N|E1121|Y|I252|Y|I214|Y|E113519|N|E113299|Y|G53|N|R739|Y|E11319|Y|E785|Y|E781|Y|E8881|Y|Z653|Y|E119|Y|R931|Y|I259|Y|E669|Y|R7303|Y|D649|Y|M179|Y|P292|Y|Z591|Y|R4689|N|||||Y92|Y92|U| | | | | | | | | | | | | | | | | | | | | | |GZ3|27-Mar-2018|Z741|27-Mar-2018|F419|27-Mar-2018|Z1331|27-Mar-2018|Z1331|27-Mar-2018|F1990|27-Mar-2018|F109|27-Mar-2018|||||||||||||||||||||||||||||||||||||0|0||6|450|99408|3.0|2018-03-28T00:00:00|hospital_E|hospital_E_20180327
SYN_BENE_A82626A35AB6|SYN_CLM_8DA7E007EF68|V|60|27-Mar-2018|27-Mar-2018|30-Mar-2018||3|107522|1|1|1|| |2157.21|0.0| ||10|1992753768| |9999623793| |9999623793|||0|1| |2157.21|27-Mar-2018|1|2|A|10|0.0|431.43|0|4|0.0|0.0|0|0|0|0|0|0|0|0|0|0|0|0|0|||||27-Mar-2018|19.0|0|0||E0922|E0922|N|E1121|Y|I252|Y|I214|Y|E113519|N|E113299|Y|G53|N|R739|Y|E11319|Y|E785|Y|E781|Y|E8881|Y|Z653|Y|E119|Y|R931|Y|I259|Y|E669|Y|R7303|Y|D649|Y|M179|Y|P292|Y|Z591|Y|R4689|N|||||Y92|Y92|U| | | | | | | | | | | | | | | | | | | | | | |GZ3|27-Mar-2018|Z741|27-Mar-2018|F419|27-Mar-2018|Z1331|27-Mar-2018|Z1331|27-Mar-2018|F1990|27-Mar-2018|F109|27-Mar-2018|||||||||||||||||||||||||||||||||||||0|0||7|450|G0442|3.0|2018-03-28T00:00:00|hospital_E|hospital_E_20180327
SYN_BENE_857E9F17CF90|SYN_CLM_D1096BD3DA0D|V|60|27-Mar-2018|27-Mar-2018|30-Mar-2018||3|107522|1|1|1|| |2157.21|0.0| ||10|1992753768| |9999623793| |9999623793|||0|1| |2157.21|27-Mar-2018|1|2|A|10|0.0|431.43|0|4|0.0|0.0|0|0|0|0|0|0|0|0|0|0|0|0|0|||||27-Mar-2018|19.0|0|0||E0922|E0922|N|E1121|Y|I252|Y|I214|Y|E113519|N|E113299|Y|G53|N|R739|Y|E11319|Y|E785|Y|E781|Y|E8881|Y|Z653|Y|E119|Y|R931|Y|I259|Y|E669|Y|R7303|Y|D649|Y|M179|Y|P292|Y|Z591|Y|R4689|N|||||Y92|Y92|U| | | | | | | | | | | | | | | | | | | | | | |GZ3|27-Mar-2018|Z741|27-Mar-2018|F419|27-Mar-2018|Z1331|27-Mar-2018|Z1331|27-Mar-2018|F1990|27-Mar-2018|F109|27-Mar-2018|||||||||||||||||||||||||||||||||||||0|0||1|450|99495|3.0|2018-03-28T00:00:00|hospital_E|hospital_E_20180327
SYN_BENE_857E9F17CF90|SYN_CLM_D1096BD3DA0D|V|60|27-Mar-2018|27-Mar-2018|30-Mar-2018||3|107522|1|1|1|| |2157.21|0.0| ||10|1992753768| |9999623793| |9999623793|||0|1| |2157.21|27-Mar-2018|1|2|A|10|0.0|431.43|0|4|0.0|0.0|0|0|0|0|0|0|0|0|0|0|0|0|0|||||27-Mar-2018|19.0|0|0||E0922|E0922|N|E1121|Y|I252|Y|I214|Y|E113519|N|E113299|Y|G53|N|R739|Y|E11319|Y|E785|Y|E781|Y|E8881|Y|Z653|Y|E119|Y|R931|Y|I259|Y|E669|Y|R7303|Y|D649|Y|M179|Y|P292|Y|Z591|Y|R4689|N|||||Y92|Y92|U| | | | | | | | | | | | | | | | | | | | | | |GZ3|27-Mar-2018|Z741|27-Mar-2018|F419|27-Mar-2018|Z1331|27-Mar-2018|Z1331|27-Mar-2018|F1990|27-Mar-2018|F109|27-Mar-2018|||||||||||||||||||||||||||||||||||||0|0||2|450|96156|3.0|2018-03-28T00:00:00|hospital_E|hospital_E_20180327
SYN_BENE_857E9F17CF90|SYN_CLM_D1096BD3DA0D|V|60|27-Mar-2018|27-Mar-2018|30-Mar-2018||3|107522|1|1|1|| |2157.21|0.0| ||10|1992753768| |9999623793| |9999623793|||0|1| |2157.21|27-Mar-2018|1|2|A|10|0.0|431.43|0|4|0.0|0.0|0|0|0|0|0|0|0|0|0|0|0|0|0|||||27-Mar-2018|19.0|0|0||E0922|E0922|N|E1121|Y|I252|Y|I214|Y|E113519|N|E113299|Y|G53|N|R739|Y|E11319|Y|E785|Y|E781|Y|E8881|Y|Z653|Y|E119|Y|R931|Y|I259|Y|E669|Y|R7303|Y|D649|Y|M179|Y|P292|Y|Z591|Y|R4689|N|||||Y92|Y92|U| | | | | | | | | | | | | | | | | | | | | | |GZ3|27-Mar-2018|Z741|27-Mar-2018|F419|27-Mar-2018|Z1331|27-Mar-2018|Z1331|27-Mar-2018|F1990|27-Mar-2018|F109|27-Mar-2018|||||||||||||||||||||||||||||||||||||0|0||3|450|96127|3.0|2018-03-28T00:00:00|hospital_E|hospital_E_20180327
SYN_BENE_857E9F17CF90|SYN_CLM_D1096BD3DA0D|V|60|27-Mar-2018|27-Mar-2018|30-Mar-2018||3|107522|1|1|1|| |2157.21|0.0| ||10|1992753768| |9999623793| |9999623793|||0|1| |2157.21|27-Mar-2018|1|2|A|10|0.0|431.43|0|4|0.0|0.0|0|0|0|0|0|0|0|0|0|0|0|0|0|||||27-Mar-2018|19.0|0|0||E0922|E0922|N|E1121|Y|I252|Y|I214|Y|E113519|N|E113299|Y|G53|N|R739|Y|E11319|Y|E785|Y|E781|Y|E8881|Y|Z653|Y|E119|Y|R931|Y|I259|Y|E669|Y|R7303|Y|D649|Y|M179|Y|P292|Y|Z591|Y|R4689|N|||||Y92|Y92|U| | | | | | | | | | | | | | | | | | | | | | |GZ3|27-Mar-2018|Z741|27-Mar-2018|F419|27-Mar-2018|Z1331|27-Mar-2018|Z1331|27-Mar-2018|F1990|27-Mar-2018|F109|27-Mar-2018|||||||||||||||||||||||||||||||||||||0|0||4|450|G0444|3.0|2018-03-28T00:00:00|hospital_E|hospital_E_20180327
SYN_BENE_857E9F17CF90|SYN_CLM_D1096BD3DA0D|V|60|27-Mar-2018|27-Mar-2018|30-Mar-2018||3|107522|1|1|1|| |2157.21|0.0| ||10|1992753768| |9999623793| |9999623793|||0|1| |2157.21|27-Mar-2018|1|2|A|10|0.0|431.43|0|4|0.0|0.0|0|0|0|0|0|0|0|0|0|0|0|0|0|||||27-Mar-2018|19.0|0|0||E0922|E0922|N|E1121|Y|I252|Y|I214|Y|E113519|N|E113299|Y|G53|N|R739|Y|E11319|Y|E785|Y|E781|Y|E8881|Y|Z653|Y|E119|Y|R931|Y|I259|Y|E669|Y|R7303|Y|D649|Y|M179|Y|P292|Y|Z591|Y|R4689|N|||||Y92|Y92|U| | | | | | | | | | | | | | | | | | | | | | |GZ3|27-Mar-2018|Z741|27-Mar-2018|F419|27-Mar-2018|Z1331|27-Mar-2018|Z1331|27-Mar-2018|F1990|27-Mar-2018|F109|27-Mar-2018|||||||||||||||||||||||||||||||||||||0|0||5|450|G0444|3.0|2018-03-28T00:00:00|hospital_E|hospital_E_20180327
SYN_BENE_857E9F17CF90|SYN_CLM_D1096BD3DA0D|V|60|27-Mar-2018|27-Mar-2018|30-Mar-2018||3|107522|1|1|1|| |2157.21|0.0| ||10|1992753768| |9999623793| |9999623793|||0|1| |2157.21|27-Mar-2018|1|2|A|10|0.0|431.43|0|4|0.0|0.0|0|0|0|0|0|0|0|0|0|0|0|0|0|||||27-Mar-2018|19.0|0|0||E0922|E0922|N|E1121|Y|I252|Y|I214|Y|E113519|N|E113299|Y|G53|N|R739|Y|E11319|Y|E785|Y|E781|Y|E8881|Y|Z653|Y|E119|Y|R931|Y|I259|Y|E669|Y|R7303|Y|D649|Y|M179|Y|P292|Y|Z591|Y|R4689|N|||||Y92|Y92|U| | | | | | | | | | | | | | | | | | | | | | |GZ3|27-Mar-2018|Z741|27-Mar-2018|F419|27-Mar-2018|Z1331|27-Mar-2018|Z1331|27-Mar-2018|F1990|27-Mar-2018|F109|27-Mar-2018|||||||||||||||||||||||||||||||||||||0|0||6|450|99408|3.0|2018-03-28T00:00:00|hospital_E|hospital_E_20180327
SYN_BENE_857E9F17CF90|SYN_CLM_D1096BD3DA0D|V|60|27-Mar-2018|27-Mar-2018|30-Mar-2018||3|107522|1|1|1|| |2157.21|0.0| ||10|1992753768| |9999623793| |9999623793|||0|1| |2157.21|27-Mar-2018|1|2|A|10|0.0|431.43|0|4|0.0|0.0|0|0|0|0|0|0|0|0|0|0|0|0|0|||||27-Mar-2018|19.0|0|0||E0922|E0922|N|E1121|Y|I252|Y|I214|Y|E113519|N|E113299|Y|G53|N|R739|Y|E11319|Y|E785|Y|E781|Y|E8881|Y|Z653|Y|E119|Y|R931|Y|I259|Y|E669|Y|R7303|Y|D649|Y|M179|Y|P292|Y|Z591|Y|R4689|N|||||Y92|Y92|U| | | | | | | | | | | | | | | | | | | | | | |GZ3|27-Mar-2018|Z741|27-Mar-2018|F419|27-Mar-2018|Z1331|27-Mar-2018|Z1331|27-Mar-2018|F1990|27-Mar-2018|F109|27-Mar-2018|||||||||||||||||||||||||||||||||||||0|0||7|450|G0442|3.0|2018-03-28T00:00:00|hospital_E|hospital_E_20180327
SYN_BENE_47D6F5EB8091|SYN_CLM_61A5793248DF|V|60|27-Mar-2018|27-Mar-2018|30-Mar-2018||3|107522|1|1|1|| |2157.21|0.0| ||10|1992753768| |9999623793| |9999623793|||0|1| |2157.21|27-Mar-2018|1|2|A|10|0.0|431.43|0|4|0.0|0.0|0|0|0|0|0|0|0|0|0|0|0|0|0|||||27-Mar-2018|19.0|0|0||E0922|E0922|N|E1121|Y|I252|Y|I214|Y|E113519|N|E113299|Y|G53|N|R739|Y|E11319|Y|E785|Y|E781|Y|E8881|Y|Z653|Y|E119|Y|R931|Y|I259|Y|E669|Y|R7303|Y|D649|Y|M179|Y|P292|Y|Z591|Y|R4689|N|||||Y92|Y92|U| | | | | | | | | | | | | | | | | | | | | | |GZ3|27-Mar-2018|Z741|27-Mar-2018|F419|27-Mar-2018|Z1331|27-Mar-2018|Z1331|27-Mar-2018|F1990|27-Mar-2018|F109|27-Mar-2018|||||||||||||||||||||||||||||||||||||0|0||1|450|99495|3.0|2018-03-28T00:00:00|hospital_E|hospital_E_20180327
SYN_BENE_47D6F5EB8091|SYN_CLM_61A5793248DF|V|60|27-Mar-2018|27-Mar-2018|30-Mar-2018||3|107522|1|1|1|| |2157.21|0.0| ||10|1992753768| |9999623793| |9999623793|||0|1| |2157.21|27-Mar-2018|1|2|A|10|0.0|431.43|0|4|0.0|0.0|0|0|0|0|0|0|0|0|0|0|0|0|0|||||27-Mar-2018|19.0|0|0||E0922|E0922|N|E1121|Y|I252|Y|I214|Y|E113519|N|E113299|Y|G53|N|R739|Y|E11319|Y|E785|Y|E781|Y|E8881|Y|Z653|Y|E119|Y|R931|Y|I259|Y|E669|Y|R7303|Y|D649|Y|M179|Y|P292|Y|Z591|Y|R4689|N|||||Y92|Y92|U| | | | | | | | | | | | | | | | | | | | | | |GZ3|27-Mar-2018|Z741|27-Mar-2018|F419|27-Mar-2018|Z1331|27-Mar-2018|Z1331|27-Mar-2018|F1990|27-Mar-2018|F109|27-Mar-2018|||||||||||||||||||||||||||||||||||||0|0||2|450|96156|3.0|2018-03-28T00:00:00|hospital_E|hospital_E_20180327
SYN_BENE_47D6F5EB8091|SYN_CLM_61A5793248DF|V|60|27-Mar-2018|27-Mar-2018|30-Mar-2018||3|107522|1|1|1|| |2157.21|0.0| ||10|1992753768| |9999623793| |9999623793|||0|1| |2157.21|27-Mar-2018|1|2|A|10|0.0|431.43|0|4|0.0|0.0|0|0|0|0|0|0|0|0|0|0|0|0|0|||||27-Mar-2018|19.0|0|0||E0922|E0922|N|E1121|Y|I252|Y|I214|Y|E113519|N|E113299|Y|G53|N|R739|Y|E11319|Y|E785|Y|E781|Y|E8881|Y|Z653|Y|E119|Y|R931|Y|I259|Y|E669|Y|R7303|Y|D649|Y|M179|Y|P292|Y|Z591|Y|R4689|N|||||Y92|Y92|U| | | | | | | | | | | | | | | | | | | | | | |GZ3|27-Mar-2018|Z741|27-Mar-2018|F419|27-Mar-2018|Z1331|27-Mar-2018|Z1331|27-Mar-2018|F1990|27-Mar-2018|F109|27-Mar-2018|||||||||||||||||||||||||||||||||||||0|0||3|450|96127|3.0|2018-03-28T00:00:00|hospital_E|hospital_E_20180327
SYN_BENE_47D6F5EB8091|SYN_CLM_61A5793248DF|V|60|27-Mar-2018|27-Mar-2018|30-Mar-2018||3|107522|1|1|1|| |2157.21|0.0| ||10|1992753768| |9999623793| |9999623793|||0|1| |2157.21|27-Mar-2018|1|2|A|10|0.0|431.43|0|4|0.0|0.0|0|0|0|0|0|0|0|0|0|0|0|0|0|||||27-Mar-2018|19.0|0|0||E0922|E0922|N|E1121|Y|I252|Y|I214|Y|E113519|N|E113299|Y|G53|N|R739|Y|E11319|Y|E785|Y|E781|Y|E8881|Y|Z653|Y|E119|Y|R931|Y|I259|Y|E669|Y|R7303|Y|D649|Y|M179|Y|P292|Y|Z591|Y|R4689|N|||||Y92|Y92|U| | | | | | | | | | | | | | | | | | | | | | |GZ3|27-Mar-2018|Z741|27-Mar-2018|F419|27-Mar-2018|Z1331|27-Mar-2018|Z1331|27-Mar-2018|F1990|27-Mar-2018|F109|27-Mar-2018|||||||||||||||||||||||||||||||||||||0|0||4|450|G0444|3.0|2018-03-28T00:00:00|hospital_E|hospital_E_20180327
SYN_BENE_47D6F5EB8091|SYN_CLM_61A5793248DF|V|60|27-Mar-2018|27-Mar-2018|30-Mar-2018||3|107522|1|1|1|| |2157.21|0.0| ||10|1992753768| |9999623793| |9999623793|||0|1| |2157.21|27-Mar-2018|1|2|A|10|0.0|431.43|0|4|0.0|0.0|0|0|0|0|0|0|0|0|0|0|0|0|0|||||27-Mar-2018|19.0|0|0||E0922|E0922|N|E1121|Y|I252|Y|I214|Y|E113519|N|E113299|Y|G53|N|R739|Y|E11319|Y|E785|Y|E781|Y|E8881|Y|Z653|Y|E119|Y|R931|Y|I259|Y|E669|Y|R7303|Y|D649|Y|M179|Y|P292|Y|Z591|Y|R4689|N|||||Y92|Y92|U| | | | | | | | | | | | | | | | | | | | | | |GZ3|27-Mar-2018|Z741|27-Mar-2018|F419|27-Mar-2018|Z1331|27-Mar-2018|Z1331|27-Mar-2018|F1990|27-Mar-2018|F109|27-Mar-2018|||||||||||||||||||||||||||||||||||||0|0||5|450|G0444|3.0|2018-03-28T00:00:00|hospital_E|hospital_E_20180327
SYN_BENE_47D6F5EB8091|SYN_CLM_61A5793248DF|V|60|27-Mar-2018|27-Mar-2018|30-Mar-2018||3|107522|1|1|1|| |2157.21|0.0| ||10|1992753768| |9999623793| |9999623793|||0|1| |2157.21|27-Mar-2018|1|2|A|10|0.0|431.43|0|4|0.0|0.0|0|0|0|0|0|0|0|0|0|0|0|0|0|||||27-Mar-2018|19.0|0|0||E0922|E0922|N|E1121|Y|I252|Y|I214|Y|E113519|N|E113299|Y|G53|N|R739|Y|E11319|Y|E785|Y|E781|Y|E8881|Y|Z653|Y|E119|Y|R931|Y|I259|Y|E669|Y|R7303|Y|D649|Y|M179|Y|P292|Y|Z591|Y|R4689|N|||||Y92|Y92|U| | | | | | | | | | | | | | | | | | | | | | |GZ3|27-Mar-2018|Z741|27-Mar-2018|F419|27-Mar-2018|Z1331|27-Mar-2018|Z1331|27-Mar-2018|F1990|27-Mar-2018|F109|27-Mar-2018|||||||||||||||||||||||||||||||||||||0|0||6|450|99408|3.0|2018-03-28T00:00:00|hospital_E|hospital_E_20180327
SYN_BENE_47D6F5EB8091|SYN_CLM_61A5793248DF|V|60|27-Mar-2018|27-Mar-2018|30-Mar-2018||3|107522|1|1|1|| |2157.21|0.0| ||10|1992753768| |9999623793| |9999623793|||0|1| |2157.21|27-Mar-2018|1|2|A|10|0.0|431.43|0|4|0.0|0.0|0|0|0|0|0|0|0|0|0|0|0|0|0|||||27-Mar-2018|19.0|0|0||E0922|E0922|N|E1121|Y|I252|Y|I214|Y|E113519|N|E113299|Y|G53|N|R739|Y|E11319|Y|E785|Y|E781|Y|E8881|Y|Z653|Y|E119|Y|R931|Y|I259|Y|E669|Y|R7303|Y|D649|Y|M179|Y|P292|Y|Z591|Y|R4689|N|||||Y92|Y92|U| | | | | | | | | | | | | | | | | | | | | | |GZ3|27-Mar-2018|Z741|27-Mar-2018|F419|27-Mar-2018|Z1331|27-Mar-2018|Z1331|27-Mar-2018|F1990|27-Mar-2018|F109|27-Mar-2018|||||||||||||||||||||||||||||||||||||0|0||7|450|G0442|3.0|2018-03-28T00:00:00|hospital_E|hospital_E_20180327
SYN_BENE_FF64E40D0EF5|SYN_CLM_61585B7B8364|V|60|27-Mar-2018|27-Mar-2018|30-Mar-2018||3|107522|1|1|1|| |2157.21|0.0| ||10|1992753768| |9999623793| |9999623793|||0|1| |2157.21|27-Mar-2018|1|2|A|10|0.0|431.43|0|4|0.0|0.0|0|0|0|0|0|0|0|0|0|0|0|0|0|||||27-Mar-2018|19.0|0|0||E0922|E0922|N|E1121|Y|I252|Y|I214|Y|E113519|N|E113299|Y|G53|N|R739|Y|E11319|Y|E785|Y|E781|Y|E8881|Y|Z653|Y|E119|Y|R931|Y|I259|Y|E669|Y|R7303|Y|D649|Y|M179|Y|P292|Y|Z591|Y|R4689|N|||||Y92|Y92|U| | | | | | | | | | | | | | | | | | | | | | |GZ3|27-Mar-2018|Z741|27-Mar-2018|F419|27-Mar-2018|Z1331|27-Mar-2018|Z1331|27-Mar-2018|F1990|27-Mar-2018|F109|27-Mar-2018|||||||||||||||||||||||||||||||||||||0|0||1|450|99495|3.0|2018-03-28T00:00:00|hospital_E|hospital_E_20180327
SYN_BENE_FF64E40D0EF5|SYN_CLM_61585B7B8364|V|60|27-Mar-2018|27-Mar-2018|30-Mar-2018||3|107522|1|1|1|| |2157.21|0.0| ||10|1992753768| |9999623793| |9999623793|||0|1| |2157.21|27-Mar-2018|1|2|A|10|0.0|431.43|0|4|0.0|0.0|0|0|0|0|0|0|0|0|0|0|0|0|0|||||27-Mar-2018|19.0|0|0||E0922|E0922|N|E1121|Y|I252|Y|I214|Y|E113519|N|E113299|Y|G53|N|R739|Y|E11319|Y|E785|Y|E781|Y|E8881|Y|Z653|Y|E119|Y|R931|Y|I259|Y|E669|Y|R7303|Y|D649|Y|M179|Y|P292|Y|Z591|Y|R4689|N|||||Y92|Y92|U| | | | | | | | | | | | | | | | | | | | | | |GZ3|27-Mar-2018|Z741|27-Mar-2018|F419|27-Mar-2018|Z1331|27-Mar-2018|Z1331|27-Mar-2018|F1990|27-Mar-2018|F109|27-Mar-2018|||||||||||||||||||||||||||||||||||||0|0||2|450|96156|3.0|2018-03-28T00:00:00|hospital_E|hospital_E_20180327
SYN_BENE_FF64E40D0EF5|SYN_CLM_61585B7B8364|V|60|27-Mar-2018|27-Mar-2018|30-Mar-2018||3|107522|1|1|1|| |2157.21|0.0| ||10|1992753768| |9999623793| |9999623793|||0|1| |2157.21|27-Mar-2018|1|2|A|10|0.0|431.43|0|4|0.0|0.0|0|0|0|0|0|0|0|0|0|0|0|0|0|||||27-Mar-2018|19.0|0|0||E0922|E0922|N|E1121|Y|I252|Y|I214|Y|E113519|N|E113299|Y|G53|N|R739|Y|E11319|Y|E785|Y|E781|Y|E8881|Y|Z653|Y|E119|Y|R931|Y|I259|Y|E669|Y|R7303|Y|D649|Y|M179|Y|P292|Y|Z591|Y|R4689|N|||||Y92|Y92|U| | | | | | | | | | | | | | | | | | | | | | |GZ3|27-Mar-2018|Z741|27-Mar-2018|F419|27-Mar-2018|Z1331|27-Mar-2018|Z1331|27-Mar-2018|F1990|27-Mar-2018|F109|27-Mar-2018|||||||||||||||||||||||||||||||||||||0|0||3|450|96127|3.0|2018-03-28T00:00:00|hospital_E|hospital_E_20180327
SYN_BENE_FF64E40D0EF5|SYN_CLM_61585B7B8364|V|60|27-Mar-2018|27-Mar-2018|30-Mar-2018||3|107522|1|1|1|| |2157.21|0.0| ||10|1992753768| |9999623793| |9999623793|||0|1| |2157.21|27-Mar-2018|1|2|A|10|0.0|431.43|0|4|0.0|0.0|0|0|0|0|0|0|0|0|0|0|0|0|0|||||27-Mar-2018|19.0|0|0||E0922|E0922|N|E1121|Y|I252|Y|I214|Y|E113519|N|E113299|Y|G53|N|R739|Y|E11319|Y|E785|Y|E781|Y|E8881|Y|Z653|Y|E119|Y|R931|Y|I259|Y|E669|Y|R7303|Y|D649|Y|M179|Y|P292|Y|Z591|Y|R4689|N|||||Y92|Y92|U| | | | | | | | | | | | | | | | | | | | | | |GZ3|27-Mar-2018|Z741|27-Mar-2018|F419|27-Mar-2018|Z1331|27-Mar-2018|Z1331|27-Mar-2018|F1990|27-Mar-2018|F109|27-Mar-2018|||||||||||||||||||||||||||||||||||||0|0||4|450|G0444|3.0|2018-03-28T00:00:00|hospital_E|hospital_E_20180327
SYN_BENE_FF64E40D0EF5|SYN_CLM_61585B7B8364|V|60|27-Mar-2018|27-Mar-2018|30-Mar-2018||3|107522|1|1|1|| |2157.21|0.0| ||10|1992753768| |9999623793| |9999623793|||0|1| |2157.21|27-Mar-2018|1|2|A|10|0.0|431.43|0|4|0.0|0.0|0|0|0|0|0|0|0|0|0|0|0|0|0|||||27-Mar-2018|19.0|0|0||E0922|E0922|N|E1121|Y|I252|Y|I214|Y|E113519|N|E113299|Y|G53|N|R739|Y|E11319|Y|E785|Y|E781|Y|E8881|Y|Z653|Y|E119|Y|R931|Y|I259|Y|E669|Y|R7303|Y|D649|Y|M179|Y|P292|Y|Z591|Y|R4689|N|||||Y92|Y92|U| | | | | | | | | | | | | | | | | | | | | | |GZ3|27-Mar-2018|Z741|27-Mar-2018|F419|27-Mar-2018|Z1331|27-Mar-2018|Z1331|27-Mar-2018|F1990|27-Mar-2018|F109|27-Mar-2018|||||||||||||||||||||||||||||||||||||0|0||5|450|G0444|3.0|2018-03-28T00:00:00|hospital_E|hospital_E_20180327
SYN_BENE_FF64E40D0EF5|SYN_CLM_61585B7B8364|V|60|27-Mar-2018|27-Mar-2018|30-Mar-2018||3|107522|1|1|1|| |2157.21|0.0| ||10|1992753768| |9999623793| |9999623793|||0|1| |2157.21|27-Mar-2018|1|2|A|10|0.0|431.43|0|4|0.0|0.0|0|0|0|0|0|0|0|0|0|0|0|0|0|||||27-Mar-2018|19.0|0|0||E0922|E0922|N|E1121|Y|I252|Y|I214|Y|E113519|N|E113299|Y|G53|N|R739|Y|E11319|Y|E785|Y|E781|Y|E8881|Y|Z653|Y|E119|Y|R931|Y|I259|Y|E669|Y|R7303|Y|D649|Y|M179|Y|P292|Y|Z591|Y|R4689|N|||||Y92|Y92|U| | | | | | | | | | | | | | | | | | | | | | |GZ3|27-Mar-2018|Z741|27-Mar-2018|F419|27-Mar-2018|Z1331|27-Mar-2018|Z1331|27-Mar-2018|F1990|27-Mar-2018|F109|27-Mar-2018|||||||||||||||||||||||||||||||||||||0|0||6|450|99408|3.0|2018-03-28T00:00:00|hospital_E|hospital_E_20180327
SYN_BENE_FF64E40D0EF5|SYN_CLM_61585B7B8364|V|60|27-Mar-2018|27-Mar-2018|30-Mar-2018||3|107522|1|1|1|| |2157.21|0.0| ||10|1992753768| |9999623793| |9999623793|||0|1| |2157.21|27-Mar-2018|1|2|A|10|0.0|431.43|0|4|0.0|0.0|0|0|0|0|0|0|0|0|0|0|0|0|0|||||27-Mar-2018|19.0|0|0||E0922|E0922|N|E1121|Y|I252|Y|I214|Y|E113519|N|E113299|Y|G53|N|R739|Y|E11319|Y|E785|Y|E781|Y|E8881|Y|Z653|Y|E119|Y|R931|Y|I259|Y|E669|Y|R7303|Y|D649|Y|M179|Y|P292|Y|Z591|Y|R4689|N|||||Y92|Y92|U| | | | | | | | | | | | | | | | | | | | | | |GZ3|27-Mar-2018|Z741|27-Mar-2018|F419|27-Mar-2018|Z1331|27-Mar-2018|Z1331|27-Mar-2018|F1990|27-Mar-2018|F109|27-Mar-2018|||||||||||||||||||||||||||||||||||||0|0||7|450|G0442|3.0|2018-03-28T00:00:00|hospital_E|hospital_E_20180327
SYN_BENE_F7073A1C81A9|SYN_CLM_632D98A0AC86|V|60|27-Mar-2018|27-Mar-2018|30-Mar-2018||3|107522|1|1|1|| |2157.21|0.0| ||10|1992753768| |9999623793| |9999623793|||0|1| |2157.21|27-Mar-2018|1|2|A|10|0.0|431.43|0|4|0.0|0.0|0|0|0|0|0|0|0|0|0|0|0|0|0|||||27-Mar-2018|19.0|0|0||E0922|E0922|N|E1121|Y|I252|Y|I214|Y|E113519|N|E113299|Y|G53|N|R739|Y|E11319|Y|E785|Y|E781|Y|E8881|Y|Z653|Y|E119|Y|R931|Y|I259|Y|E669|Y|R7303|Y|D649|Y|M179|Y|P292|Y|Z591|Y|R4689|N|||||Y92|Y92|U| | | | | | | | | | | | | | | | | | | | | | |GZ3|27-Mar-2018|Z741|27-Mar-2018|F419|27-Mar-2018|Z1331|27-Mar-2018|Z1331|27-Mar-2018|F1990|27-Mar-2018|F109|27-Mar-2018|||||||||||||||||||||||||||||||||||||0|0||1|450|99495|3.0|2018-03-28T00:00:00|hospital_E|hospital_E_20180327
SYN_BENE_F7073A1C81A9|SYN_CLM_632D98A0AC86|V|60|27-Mar-2018|27-Mar-2018|30-Mar-2018||3|107522|1|1|1|| |2157.21|0.0| ||10|1992753768| |9999623793| |9999623793|||0|1| |2157.21|27-Mar-2018|1|2|A|10|0.0|431.43|0|4|0.0|0.0|0|0|0|0|0|0|0|0|0|0|0|0|0|||||27-Mar-2018|19.0|0|0||E0922|E0922|N|E1121|Y|I252|Y|I214|Y|E113519|N|E113299|Y|G53|N|R739|Y|E11319|Y|E785|Y|E781|Y|E8881|Y|Z653|Y|E119|Y|R931|Y|I259|Y|E669|Y|R7303|Y|D649|Y|M179|Y|P292|Y|Z591|Y|R4689|N|||||Y92|Y92|U| | | | | | | | | | | | | | | | | | | | | | |GZ3|27-Mar-2018|Z741|27-Mar-2018|F419|27-Mar-2018|Z1331|27-Mar-2018|Z1331|27-Mar-2018|F1990|27-Mar-2018|F109|27-Mar-2018|||||||||||||||||||||||||||||||||||||0|0||2|450|96156|3.0|2018-03-28T00:00:00|hospital_E|hospital_E_20180327
SYN_BENE_F7073A1C81A9|SYN_CLM_632D98A0AC86|V|60|27-Mar-2018|27-Mar-2018|30-Mar-2018||3|107522|1|1|1|| |2157.21|0.0| ||10|1992753768| |9999623793| |9999623793|||0|1| |2157.21|27-Mar-2018|1|2|A|10|0.0|431.43|0|4|0.0|0.0|0|0|0|0|0|0|0|0|0|0|0|0|0|||||27-Mar-2018|19.0|0|0||E0922|E0922|N|E1121|Y|I252|Y|I214|Y|E113519|N|E113299|Y|G53|N|R739|Y|E11319|Y|E785|Y|E781|Y|E8881|Y|Z653|Y|E119|Y|R931|Y|I259|Y|E669|Y|R7303|Y|D649|Y|M179|Y|P292|Y|Z591|Y|R4689|N|||||Y92|Y92|U| | | | | | | | | | | | | | | | | | | | | | |GZ3|27-Mar-2018|Z741|27-Mar-2018|F419|27-Mar-2018|Z1331|27-Mar-2018|Z1331|27-Mar-2018|F1990|27-Mar-2018|F109|27-Mar-2018|||||||||||||||||||||||||||||||||||||0|0||3|450|96127|3.0|2018-03-28T00:00:00|hospital_E|hospital_E_20180327
SYN_BENE_F7073A1C81A9|SYN_CLM_632D98A0AC86|V|60|27-Mar-2018|27-Mar-2018|30-Mar-2018||3|107522|1|1|1|| |2157.21|0.0| ||10|1992753768| |9999623793| |9999623793|||0|1| |2157.21|27-Mar-2018|1|2|A|10|0.0|431.43|0|4|0.0|0.0|0|0|0|0|0|0|0|0|0|0|0|0|0|||||27-Mar-2018|19.0|0|0||E0922|E0922|N|E1121|Y|I252|Y|I214|Y|E113519|N|E113299|Y|G53|N|R739|Y|E11319|Y|E785|Y|E781|Y|E8881|Y|Z653|Y|E119|Y|R931|Y|I259|Y|E669|Y|R7303|Y|D649|Y|M179|Y|P292|Y|Z591|Y|R4689|N|||||Y92|Y92|U| | | | | | | | | | | | | | | | | | | | | | |GZ3|27-Mar-2018|Z741|27-Mar-2018|F419|27-Mar-2018|Z1331|27-Mar-2018|Z1331|27-Mar-2018|F1990|27-Mar-2018|F109|27-Mar-2018|||||||||||||||||||||||||||||||||||||0|0||4|450|G0444|3.0|2018-03-28T00:00:00|hospital_E|hospital_E_20180327
SYN_BENE_F7073A1C81A9|SYN_CLM_632D98A0AC86|V|60|27-Mar-2018|27-Mar-2018|30-Mar-2018||3|107522|1|1|1|| |2157.21|0.0| ||10|1992753768| |9999623793| |9999623793|||0|1| |2157.21|27-Mar-2018|1|2|A|10|0.0|431.43|0|4|0.0|0.0|0|0|0|0|0|0|0|0|0|0|0|0|0|||||27-Mar-2018|19.0|0|0||E0922|E0922|N|E1121|Y|I252|Y|I214|Y|E113519|N|E113299|Y|G53|N|R739|Y|E11319|Y|E785|Y|E781|Y|E8881|Y|Z653|Y|E119|Y|R931|Y|I259|Y|E669|Y|R7303|Y|D649|Y|M179|Y|P292|Y|Z591|Y|R4689|N|||||Y92|Y92|U| | | | | | | | | | | | | | | | | | | | | | |GZ3|27-Mar-2018|Z741|27-Mar-2018|F419|27-Mar-2018|Z1331|27-Mar-2018|Z1331|27-Mar-2018|F1990|27-Mar-2018|F109|27-Mar-2018|||||||||||||||||||||||||||||||||||||0|0||5|450|G0444|3.0|2018-03-28T00:00:00|hospital_E|hospital_E_20180327
SYN_BENE_F7073A1C81A9|SYN_CLM_632D98A0AC86|V|60|27-Mar-2018|27-Mar-2018|30-Mar-2018||3|107522|1|1|1|| |2157.21|0.0| ||10|1992753768| |9999623793| |9999623793|||0|1| |2157.21|27-Mar-2018|1|2|A|10|0.0|431.43|0|4|0.0|0.0|0|0|0|0|0|0|0|0|0|0|0|0|0|||||27-Mar-2018|19.0|0|0||E0922|E0922|N|E1121|Y|I252|Y|I214|Y|E113519|N|E113299|Y|G53|N|R739|Y|E11319|Y|E785|Y|E781|Y|E8881|Y|Z653|Y|E119|Y|R931|Y|I259|Y|E669|Y|R7303|Y|D649|Y|M179|Y|P292|Y|Z591|Y|R4689|N|||||Y92|Y92|U| | | | | | | | | | | | | | | | | | | | | | |GZ3|27-Mar-2018|Z741|27-Mar-2018|F419|27-Mar-2018|Z1331|27-Mar-2018|Z1331|27-Mar-2018|F1990|27-Mar-2018|F109|27-Mar-2018|||||||||||||||||||||||||||||||||||||0|0||6|450|99408|3.0|2018-03-28T00:00:00|hospital_E|hospital_E_20180327
SYN_BENE_F7073A1C81A9|SYN_CLM_632D98A0AC86|V|60|27-Mar-2018|27-Mar-2018|30-Mar-2018||3|107522|1|1|1|| |2157.21|0.0| ||10|1992753768| |9999623793| |9999623793|||0|1| |2157.21|27-Mar-2018|1|2|A|10|0.0|431.43|0|4|0.0|0.0|0|0|0|0|0|0|0|0|0|0|0|0|0|||||27-Mar-2018|19.0|0|0||E0922|E0922|N|E1121|Y|I252|Y|I214|Y|E113519|N|E113299|Y|G53|N|R739|Y|E11319|Y|E785|Y|E781|Y|E8881|Y|Z653|Y|E119|Y|R931|Y|I259|Y|E669|Y|R7303|Y|D649|Y|M179|Y|P292|Y|Z591|Y|R4689|N|||||Y92|Y92|U| | | | | | | | | | | | | | | | | | | | | | |GZ3|27-Mar-2018|Z741|27-Mar-2018|F419|27-Mar-2018|Z1331|27-Mar-2018|Z1331|27-Mar-2018|F1990|27-Mar-2018|F109|27-Mar-2018|||||||||||||||||||||||||||||||||||||0|0||7|450|G0442|3.0|2018-03-28T00:00:00|hospital_E|hospital_E_20180327
SYN_BENE_3164CC0C885F|SYN_CLM_0C6DBF18C6AB|V|60|27-Mar-2018|27-Mar-2018|30-Mar-2018||3|107522|1|1|1|| |2157.21|0.0| ||10|1992753768| |9999623793| |9999623793|||0|1| |2157.21|27-Mar-2018|1|2|A|10|0.0|431.43|0|4|0.0|0.0|0|0|0|0|0|0|0|0|0|0|0|0|0|||||27-Mar-2018|19.0|0|0||E0922|E0922|N|E1121|Y|I252|Y|I214|Y|E113519|N|E113299|Y|G53|N|R739|Y|E11319|Y|E785|Y|E781|Y|E8881|Y|Z653|Y|E119|Y|R931|Y|I259|Y|E669|Y|R7303|Y|D649|Y|M179|Y|P292|Y|Z591|Y|R4689|N|||||Y92|Y92|U| | | | | | | | | | | | | | | | | | | | | | |GZ3|27-Mar-2018|Z741|27-Mar-2018|F419|27-Mar-2018|Z1331|27-Mar-2018|Z1331|27-Mar-2018|F1990|27-Mar-2018|F109|27-Mar-2018|||||||||||||||||||||||||||||||||||||0|0||1|450|99495|3.0|2018-03-28T00:00:00|hospital_E|hospital_E_20180327
SYN_BENE_3164CC0C885F|SYN_CLM_0C6DBF18C6AB|V|60|27-Mar-2018|27-Mar-2018|30-Mar-2018||3|107522|1|1|1|| |2157.21|0.0| ||10|1992753768| |9999623793| |9999623793|||0|1| |2157.21|27-Mar-2018|1|2|A|10|0.0|431.43|0|4|0.0|0.0|0|0|0|0|0|0|0|0|0|0|0|0|0|||||27-Mar-2018|19.0|0|0||E0922|E0922|N|E1121|Y|I252|Y|I214|Y|E113519|N|E113299|Y|G53|N|R739|Y|E11319|Y|E785|Y|E781|Y|E8881|Y|Z653|Y|E119|Y|R931|Y|I259|Y|E669|Y|R7303|Y|D649|Y|M179|Y|P292|Y|Z591|Y|R4689|N|||||Y92|Y92|U| | | | | | | | | | | | | | | | | | | | | | |GZ3|27-Mar-2018|Z741|27-Mar-2018|F419|27-Mar-2018|Z1331|27-Mar-2018|Z1331|27-Mar-2018|F1990|27-Mar-2018|F109|27-Mar-2018|||||||||||||||||||||||||||||||||||||0|0||2|450|96156|3.0|2018-03-28T00:00:00|hospital_E|hospital_E_20180327
SYN_BENE_3164CC0C885F|SYN_CLM_0C6DBF18C6AB|V|60|27-Mar-2018|27-Mar-2018|30-Mar-2018||3|107522|1|1|1|| |2157.21|0.0| ||10|1992753768| |9999623793| |9999623793|||0|1| |2157.21|27-Mar-2018|1|2|A|10|0.0|431.43|0|4|0.0|0.0|0|0|0|0|0|0|0|0|0|0|0|0|0|||||27-Mar-2018|19.0|0|0||E0922|E0922|N|E1121|Y|I252|Y|I214|Y|E113519|N|E113299|Y|G53|N|R739|Y|E11319|Y|E785|Y|E781|Y|E8881|Y|Z653|Y|E119|Y|R931|Y|I259|Y|E669|Y|R7303|Y|D649|Y|M179|Y|P292|Y|Z591|Y|R4689|N|||||Y92|Y92|U| | | | | | | | | | | | | | | | | | | | | | |GZ3|27-Mar-2018|Z741|27-Mar-2018|F419|27-Mar-2018|Z1331|27-Mar-2018|Z1331|27-Mar-2018|F1990|27-Mar-2018|F109|27-Mar-2018|||||||||||||||||||||||||||||||||||||0|0||3|450|96127|3.0|2018-03-28T00:00:00|hospital_E|hospital_E_20180327
SYN_BENE_3164CC0C885F|SYN_CLM_0C6DBF18C6AB|V|60|27-Mar-2018|27-Mar-2018|30-Mar-2018||3|107522|1|1|1|| |2157.21|0.0| ||10|1992753768| |9999623793| |9999623793|||0|1| |2157.21|27-Mar-2018|1|2|A|10|0.0|431.43|0|4|0.0|0.0|0|0|0|0|0|0|0|0|0|0|0|0|0|||||27-Mar-2018|19.0|0|0||E0922|E0922|N|E1121|Y|I252|Y|I214|Y|E113519|N|E113299|Y|G53|N|R739|Y|E11319|Y|E785|Y|E781|Y|E8881|Y|Z653|Y|E119|Y|R931|Y|I259|Y|E669|Y|R7303|Y|D649|Y|M179|Y|P292|Y|Z591|Y|R4689|N|||||Y92|Y92|U| | | | | | | | | | | | | | | | | | | | | | |GZ3|27-Mar-2018|Z741|27-Mar-2018|F419|27-Mar-2018|Z1331|27-Mar-2018|Z1331|27-Mar-2018|F1990|27-Mar-2018|F109|27-Mar-2018|||||||||||||||||||||||||||||||||||||0|0||4|450|G0444|3.0|2018-03-28T00:00:00|hospital_E|hospital_E_20180327
SYN_BENE_3164CC0C885F|SYN_CLM_0C6DBF18C6AB|V|60|27-Mar-2018|27-Mar-2018|30-Mar-2018||3|107522|1|1|1|| |2157.21|0.0| ||10|1992753768| |9999623793| |9999623793|||0|1| |2157.21|27-Mar-2018|1|2|A|10|0.0|431.43|0|4|0.0|0.0|0|0|0|0|0|0|0|0|0|0|0|0|0|||||27-Mar-2018|19.0|0|0||E0922|E0922|N|E1121|Y|I252|Y|I214|Y|E113519|N|E113299|Y|G53|N|R739|Y|E11319|Y|E785|Y|E781|Y|E8881|Y|Z653|Y|E119|Y|R931|Y|I259|Y|E669|Y|R7303|Y|D649|Y|M179|Y|P292|Y|Z591|Y|R4689|N|||||Y92|Y92|U| | | | | | | | | | | | | | | | | | | | | | |GZ3|27-Mar-2018|Z741|27-Mar-2018|F419|27-Mar-2018|Z1331|27-Mar-2018|Z1331|27-Mar-2018|F1990|27-Mar-2018|F109|27-Mar-2018|||||||||||||||||||||||||||||||||||||0|0||5|450|G0444|3.0|2018-03-28T00:00:00|hospital_E|hospital_E_20180327
SYN_BENE_3164CC0C885F|SYN_CLM_0C6DBF18C6AB|V|60|27-Mar-2018|27-Mar-2018|30-Mar-2018||3|107522|1|1|1|| |2157.21|0.0| ||10|1992753768| |9999623793| |9999623793|||0|1| |2157.21|27-Mar-2018|1|2|A|10|0.0|431.43|0|4|0.0|0.0|0|0|0|0|0|0|0|0|0|0|0|0|0|||||27-Mar-2018|19.0|0|0||E0922|E0922|N|E1121|Y|I252|Y|I214|Y|E113519|N|E113299|Y|G53|N|R739|Y|E11319|Y|E785|Y|E781|Y|E8881|Y|Z653|Y|E119|Y|R931|Y|I259|Y|E669|Y|R7303|Y|D649|Y|M179|Y|P292|Y|Z591|Y|R4689|N|||||Y92|Y92|U| | | | | | | | | | | | | | | | | | | | | | |GZ3|27-Mar-2018|Z741|27-Mar-2018|F419|27-Mar-2018|Z1331|27-Mar-2018|Z1331|27-Mar-2018|F1990|27-Mar-2018|F109|27-Mar-2018|||||||||||||||||||||||||||||||||||||0|0||6|450|99408|3.0|2018-03-28T00:00:00|hospital_E|hospital_E_20180327
SYN_BENE_3164CC0C885F|SYN_CLM_0C6DBF18C6AB|V|60|27-Mar-2018|27-Mar-2018|30-Mar-2018||3|107522|1|1|1|| |2157.21|0.0| ||10|1992753768| |9999623793| |9999623793|||0|1| |2157.21|27-Mar-2018|1|2|A|10|0.0|431.43|0|4|0.0|0.0|0|0|0|0|0|0|0|0|0|0|0|0|0|||||27-Mar-2018|19.0|0|0||E0922|E0922|N|E1121|Y|I252|Y|I214|Y|E113519|N|E113299|Y|G53|N|R739|Y|E11319|Y|E785|Y|E781|Y|E8881|Y|Z653|Y|E119|Y|R931|Y|I259|Y|E669|Y|R7303|Y|D649|Y|M179|Y|P292|Y|Z591|Y|R4689|N|||||Y92|Y92|U| | | | | | | | | | | | | | | | | | | | | | |GZ3|27-Mar-2018|Z741|27-Mar-2018|F419|27-Mar-2018|Z1331|27-Mar-2018|Z1331|27-Mar-2018|F1990|27-Mar-2018|F109|27-Mar-2018|||||||||||||||||||||||||||||||||||||0|0||7|450|G0442|3.0|2018-03-28T00:00:00|hospital_E|hospital_E_20180327
SYN_BENE_588AE0E37C90|SYN_CLM_7F79015F2DB8|V|60|27-Mar-2018|27-Mar-2018|30-Mar-2018||3|107522|1|1|1|| |2157.21|0.0| ||10|1992753768| |9999623793| |9999623793|||0|1| |2157.21|27-Mar-2018|1|2|A|10|0.0|431.43|0|4|0.0|0.0|0|0|0|0|0|0|0|0|0|0|0|0|0|||||27-Mar-2018|19.0|0|0||E0922|E0922|N|E1121|Y|I252|Y|I214|Y|E113519|N|E113299|Y|G53|N|R739|Y|E11319|Y|E785|Y|E781|Y|E8881|Y|Z653|Y|E119|Y|R931|Y|I259|Y|E669|Y|R7303|Y|D649|Y|M179|Y|P292|Y|Z591|Y|R4689|N|||||Y92|Y92|U| | | | | | | | | | | | | | | | | | | | | | |GZ3|27-Mar-2018|Z741|27-Mar-2018|F419|27-Mar-2018|Z1331|27-Mar-2018|Z1331|27-Mar-2018|F1990|27-Mar-2018|F109|27-Mar-2018|||||||||||||||||||||||||||||||||||||0|0||1|450|99495|3.0|2018-03-28T00:00:00|hospital_E|hospital_E_20180327
SYN_BENE_588AE0E37C90|SYN_CLM_7F79015F2DB8|V|60|27-Mar-2018|27-Mar-2018|30-Mar-2018||3|107522|1|1|1|| |2157.21|0.0| ||10|1992753768| |9999623793| |9999623793|||0|1| |2157.21|27-Mar-2018|1|2|A|10|0.0|431.43|0|4|0.0|0.0|0|0|0|0|0|0|0|0|0|0|0|0|0|||||27-Mar-2018|19.0|0|0||E0922|E0922|N|E1121|Y|I252|Y|I214|Y|E113519|N|E113299|Y|G53|N|R739|Y|E11319|Y|E785|Y|E781|Y|E8881|Y|Z653|Y|E119|Y|R931|Y|I259|Y|E669|Y|R7303|Y|D649|Y|M179|Y|P292|Y|Z591|Y|R4689|N|||||Y92|Y92|U| | | | | | | | | | | | | | | | | | | | | | |GZ3|27-Mar-2018|Z741|27-Mar-2018|F419|27-Mar-2018|Z1331|27-Mar-2018|Z1331|27-Mar-2018|F1990|27-Mar-2018|F109|27-Mar-2018|||||||||||||||||||||||||||||||||||||0|0||2|450|96156|3.0|2018-03-28T00:00:00|hospital_E|hospital_E_20180327
SYN_BENE_588AE0E37C90|SYN_CLM_7F79015F2DB8|V|60|27-Mar-2018|27-Mar-2018|30-Mar-2018||3|107522|1|1|1|| |2157.21|0.0| ||10|1992753768| |9999623793| |9999623793|||0|1| |2157.21|27-Mar-2018|1|2|A|10|0.0|431.43|0|4|0.0|0.0|0|0|0|0|0|0|0|0|0|0|0|0|0|||||27-Mar-2018|19.0|0|0||E0922|E0922|N|E1121|Y|I252|Y|I214|Y|E113519|N|E113299|Y|G53|N|R739|Y|E11319|Y|E785|Y|E781|Y|E8881|Y|Z653|Y|E119|Y|R931|Y|I259|Y|E669|Y|R7303|Y|D649|Y|M179|Y|P292|Y|Z591|Y|R4689|N|||||Y92|Y92|U| | | | | | | | | | | | | | | | | | | | | | |GZ3|27-Mar-2018|Z741|27-Mar-2018|F419|27-Mar-2018|Z1331|27-Mar-2018|Z1331|27-Mar-2018|F1990|27-Mar-2018|F109|27-Mar-2018|||||||||||||||||||||||||||||||||||||0|0||3|450|96127|3.0|2018-03-28T00:00:00|hospital_E|hospital_E_20180327
SYN_BENE_588AE0E37C90|SYN_CLM_7F79015F2DB8|V|60|27-Mar-2018|27-Mar-2018|30-Mar-2018||3|107522|1|1|1|| |2157.21|0.0| ||10|1992753768| |9999623793| |9999623793|||0|1| |2157.21|27-Mar-2018|1|2|A|10|0.0|431.43|0|4|0.0|0.0|0|0|0|0|0|0|0|0|0|0|0|0|0|||||27-Mar-2018|19.0|0|0||E0922|E0922|N|E1121|Y|I252|Y|I214|Y|E113519|N|E113299|Y|G53|N|R739|Y|E11319|Y|E785|Y|E781|Y|E8881|Y|Z653|Y|E119|Y|R931|Y|I259|Y|E669|Y|R7303|Y|D649|Y|M179|Y|P292|Y|Z591|Y|R4689|N|||||Y92|Y92|U| | | | | | | | | | | | | | | | | | | | | | |GZ3|27-Mar-2018|Z741|27-Mar-2018|F419|27-Mar-2018|Z1331|27-Mar-2018|Z1331|27-Mar-2018|F1990|27-Mar-2018|F109|27-Mar-2018|||||||||||||||||||||||||||||||||||||0|0||4|450|G0444|3.0|2018-03-28T00:00:00|hospital_E|hospital_E_20180327
SYN_BENE_588AE0E37C90|SYN_CLM_7F79015F2DB8|V|60|27-Mar-2018|27-Mar-2018|30-Mar-2018||3|107522|1|1|1|| |2157.21|0.0| ||10|1992753768| |9999623793| |9999623793|||0|1| |2157.21|27-Mar-2018|1|2|A|10|0.0|431.43|0|4|0.0|0.0|0|0|0|0|0|0|0|0|0|0|0|0|0|||||27-Mar-2018|19.0|0|0||E0922|E0922|N|E1121|Y|I252|Y|I214|Y|E113519|N|E113299|Y|G53|N|R739|Y|E11319|Y|E785|Y|E781|Y|E8881|Y|Z653|Y|E119|Y|R931|Y|I259|Y|E669|Y|R7303|Y|D649|Y|M179|Y|P292|Y|Z591|Y|R4689|N|||||Y92|Y92|U| | | | | | | | | | | | | | | | | | | | | | |GZ3|27-Mar-2018|Z741|27-Mar-2018|F419|27-Mar-2018|Z1331|27-Mar-2018|Z1331|27-Mar-2018|F1990|27-Mar-2018|F109|27-Mar-2018|||||||||||||||||||||||||||||||||||||0|0||5|450|G0444|3.0|2018-03-28T00:00:00|hospital_E|hospital_E_20180327
SYN_BENE_588AE0E37C90|SYN_CLM_7F79015F2DB8|V|60|27-Mar-2018|27-Mar-2018|30-Mar-2018||3|107522|1|1|1|| |2157.21|0.0| ||10|1992753768| |9999623793| |9999623793|||0|1| |2157.21|27-Mar-2018|1|2|A|10|0.0|431.43|0|4|0.0|0.0|0|0|0|0|0|0|0|0|0|0|0|0|0|||||27-Mar-2018|19.0|0|0||E0922|E0922|N|E1121|Y|I252|Y|I214|Y|E113519|N|E113299|Y|G53|N|R739|Y|E11319|Y|E785|Y|E781|Y|E8881|Y|Z653|Y|E119|Y|R931|Y|I259|Y|E669|Y|R7303|Y|D649|Y|M179|Y|P292|Y|Z591|Y|R4689|N|||||Y92|Y92|U| | | | | | | | | | | | | | | | | | | | | | |GZ3|27-Mar-2018|Z741|27-Mar-2018|F419|27-Mar-2018|Z1331|27-Mar-2018|Z1331|27-Mar-2018|F1990|27-Mar-2018|F109|27-Mar-2018|||||||||||||||||||||||||||||||||||||0|0||6|450|99408|3.0|2018-03-28T00:00:00|hospital_E|hospital_E_20180327
SYN_BENE_588AE0E37C90|SYN_CLM_7F79015F2DB8|V|60|27-Mar-2018|27-Mar-2018|30-Mar-2018||3|107522|1|1|1|| |2157.21|0.0| ||10|1992753768| |9999623793| |9999623793|||0|1| |2157.21|27-Mar-2018|1|2|A|10|0.0|431.43|0|4|0.0|0.0|0|0|0|0|0|0|0|0|0|0|0|0|0|||||27-Mar-2018|19.0|0|0||E0922|E0922|N|E1121|Y|I252|Y|I214|Y|E113519|N|E113299|Y|G53|N|R739|Y|E11319|Y|E785|Y|E781|Y|E8881|Y|Z653|Y|E119|Y|R931|Y|I259|Y|E669|Y|R7303|Y|D649|Y|M179|Y|P292|Y|Z591|Y|R4689|N|||||Y92|Y92|U| | | | | | | | | | | | | | | | | | | | | | |GZ3|27-Mar-2018|Z741|27-Mar-2018|F419|27-Mar-2018|Z1331|27-Mar-2018|Z1331|27-Mar-2018|F1990|27-Mar-2018|F109|27-Mar-2018|||||||||||||||||||||||||||||||||||||0|0||7|450|G0442|3.0|2018-03-28T00:00:00|hospital_E|hospital_E_20180327
SYN_BENE_7C91586826E9|SYN_CLM_B015E45CF8F4|V|60|27-Mar-2018|27-Mar-2018|30-Mar-2018||3|107522|1|1|1|| |2157.21|0.0| ||10|1992753768| |9999623793| |9999623793|||0|1| |2157.21|27-Mar-2018|1|2|A|10|0.0|431.43|0|4|0.0|0.0|0|0|0|0|0|0|0|0|0|0|0|0|0|||||27-Mar-2018|19.0|0|0||E0922|E0922|N|E1121|Y|I252|Y|I214|Y|E113519|N|E113299|Y|G53|N|R739|Y|E11319|Y|E785|Y|E781|Y|E8881|Y|Z653|Y|E119|Y|R931|Y|I259|Y|E669|Y|R7303|Y|D649|Y|M179|Y|P292|Y|Z591|Y|R4689|N|||||Y92|Y92|U| | | | | | | | | | | | | | | | | | | | | | |GZ3|27-Mar-2018|Z741|27-Mar-2018|F419|27-Mar-2018|Z1331|27-Mar-2018|Z1331|27-Mar-2018|F1990|27-Mar-2018|F109|27-Mar-2018|||||||||||||||||||||||||||||||||||||0|0||1|450|99495|3.0|2018-03-28T00:00:00|hospital_E|hospital_E_20180327
SYN_BENE_7C91586826E9|SYN_CLM_B015E45CF8F4|V|60|27-Mar-2018|27-Mar-2018|30-Mar-2018||3|107522|1|1|1|| |2157.21|0.0| ||10|1992753768| |9999623793| |9999623793|||0|1| |2157.21|27-Mar-2018|1|2|A|10|0.0|431.43|0|4|0.0|0.0|0|0|0|0|0|0|0|0|0|0|0|0|0|||||27-Mar-2018|19.0|0|0||E0922|E0922|N|E1121|Y|I252|Y|I214|Y|E113519|N|E113299|Y|G53|N|R739|Y|E11319|Y|E785|Y|E781|Y|E8881|Y|Z653|Y|E119|Y|R931|Y|I259|Y|E669|Y|R7303|Y|D649|Y|M179|Y|P292|Y|Z591|Y|R4689|N|||||Y92|Y92|U| | | | | | | | | | | | | | | | | | | | | | |GZ3|27-Mar-2018|Z741|27-Mar-2018|F419|27-Mar-2018|Z1331|27-Mar-2018|Z1331|27-Mar-2018|F1990|27-Mar-2018|F109|27-Mar-2018|||||||||||||||||||||||||||||||||||||0|0||2|450|96156|3.0|2018-03-28T00:00:00|hospital_E|hospital_E_20180327
SYN_BENE_7C91586826E9|SYN_CLM_B015E45CF8F4|V|60|27-Mar-2018|27-Mar-2018|30-Mar-2018||3|107522|1|1|1|| |2157.21|0.0| ||10|1992753768| |9999623793| |9999623793|||0|1| |2157.21|27-Mar-2018|1|2|A|10|0.0|431.43|0|4|0.0|0.0|0|0|0|0|0|0|0|0|0|0|0|0|0|||||27-Mar-2018|19.0|0|0||E0922|E0922|N|E1121|Y|I252|Y|I214|Y|E113519|N|E113299|Y|G53|N|R739|Y|E11319|Y|E785|Y|E781|Y|E8881|Y|Z653|Y|E119|Y|R931|Y|I259|Y|E669|Y|R7303|Y|D649|Y|M179|Y|P292|Y|Z591|Y|R4689|N|||||Y92|Y92|U| | | | | | | | | | | | | | | | | | | | | | |GZ3|27-Mar-2018|Z741|27-Mar-2018|F419|27-Mar-2018|Z1331|27-Mar-2018|Z1331|27-Mar-2018|F1990|27-Mar-2018|F109|27-Mar-2018|||||||||||||||||||||||||||||||||||||0|0||3|450|96127|3.0|2018-03-28T00:00:00|hospital_E|hospital_E_20180327
SYN_BENE_7C91586826E9|SYN_CLM_B015E45CF8F4|V|60|27-Mar-2018|27-Mar-2018|30-Mar-2018||3|107522|1|1|1|| |2157.21|0.0| ||10|1992753768| |9999623793| |9999623793|||0|1| |2157.21|27-Mar-2018|1|2|A|10|0.0|431.43|0|4|0.0|0.0|0|0|0|0|0|0|0|0|0|0|0|0|0|||||27-Mar-2018|19.0|0|0||E0922|E0922|N|E1121|Y|I252|Y|I214|Y|E113519|N|E113299|Y|G53|N|R739|Y|E11319|Y|E785|Y|E781|Y|E8881|Y|Z653|Y|E119|Y|R931|Y|I259|Y|E669|Y|R7303|Y|D649|Y|M179|Y|P292|Y|Z591|Y|R4689|N|||||Y92|Y92|U| | | | | | | | | | | | | | | | | | | | | | |GZ3|27-Mar-2018|Z741|27-Mar-2018|F419|27-Mar-2018|Z1331|27-Mar-2018|Z1331|27-Mar-2018|F1990|27-Mar-2018|F109|27-Mar-2018|||||||||||||||||||||||||||||||||||||0|0||4|450|G0444|3.0|2018-03-28T00:00:00|hospital_E|hospital_E_20180327
SYN_BENE_7C91586826E9|SYN_CLM_B015E45CF8F4|V|60|27-Mar-2018|27-Mar-2018|30-Mar-2018||3|107522|1|1|1|| |2157.21|0.0| ||10|1992753768| |9999623793| |9999623793|||0|1| |2157.21|27-Mar-2018|1|2|A|10|0.0|431.43|0|4|0.0|0.0|0|0|0|0|0|0|0|0|0|0|0|0|0|||||27-Mar-2018|19.0|0|0||E0922|E0922|N|E1121|Y|I252|Y|I214|Y|E113519|N|E113299|Y|G53|N|R739|Y|E11319|Y|E785|Y|E781|Y|E8881|Y|Z653|Y|E119|Y|R931|Y|I259|Y|E669|Y|R7303|Y|D649|Y|M179|Y|P292|Y|Z591|Y|R4689|N|||||Y92|Y92|U| | | | | | | | | | | | | | | | | | | | | | |GZ3|27-Mar-2018|Z741|27-Mar-2018|F419|27-Mar-2018|Z1331|27-Mar-2018|Z1331|27-Mar-2018|F1990|27-Mar-2018|F109|27-Mar-2018|||||||||||||||||||||||||||||||||||||0|0||5|450|G0444|3.0|2018-03-28T00:00:00|hospital_E|hospital_E_20180327
SYN_BENE_7C91586826E9|SYN_CLM_B015E45CF8F4|V|60|27-Mar-2018|27-Mar-2018|30-Mar-2018||3|107522|1|1|1|| |2157.21|0.0| ||10|1992753768| |9999623793| |9999623793|||0|1| |2157.21|27-Mar-2018|1|2|A|10|0.0|431.43|0|4|0.0|0.0|0|0|0|0|0|0|0|0|0|0|0|0|0|||||27-Mar-2018|19.0|0|0||E0922|E0922|N|E1121|Y|I252|Y|I214|Y|E113519|N|E113299|Y|G53|N|R739|Y|E11319|Y|E785|Y|E781|Y|E8881|Y|Z653|Y|E119|Y|R931|Y|I259|Y|E669|Y|R7303|Y|D649|Y|M179|Y|P292|Y|Z591|Y|R4689|N|||||Y92|Y92|U| | | | | | | | | | | | | | | | | | | | | | |GZ3|27-Mar-2018|Z741|27-Mar-2018|F419|27-Mar-2018|Z1331|27-Mar-2018|Z1331|27-Mar-2018|F1990|27-Mar-2018|F109|27-Mar-2018|||||||||||||||||||||||||||||||||||||0|0||6|450|99408|3.0|2018-03-28T00:00:00|hospital_E|hospital_E_20180327
SYN_BENE_7C91586826E9|SYN_CLM_B015E45CF8F4|V|60|27-Mar-2018|27-Mar-2018|30-Mar-2018||3|107522|1|1|1|| |2157.21|0.0| ||10|1992753768| |9999623793| |9999623793|||0|1| |2157.21|27-Mar-2018|1|2|A|10|0.0|431.43|0|4|0.0|0.0|0|0|0|0|0|0|0|0|0|0|0|0|0|||||27-Mar-2018|19.0|0|0||E0922|E0922|N|E1121|Y|I252|Y|I214|Y|E113519|N|E113299|Y|G53|N|R739|Y|E11319|Y|E785|Y|E781|Y|E8881|Y|Z653|Y|E119|Y|R931|Y|I259|Y|E669|Y|R7303|Y|D649|Y|M179|Y|P292|Y|Z591|Y|R4689|N|||||Y92|Y92|U| | | | | | | | | | | | | | | | | | | | | | |GZ3|27-Mar-2018|Z741|27-Mar-2018|F419|27-Mar-2018|Z1331|27-Mar-2018|Z1331|27-Mar-2018|F1990|27-Mar-2018|F109|27-Mar-2018|||||||||||||||||||||||||||||||||||||0|0||7|450|G0442|3.0|2018-03-28T00:00:00|hospital_E|hospital_E_20180327
SYN_BENE_220BACA3F048|SYN_CLM_2ADB86B15036|V|60|27-Mar-2018|27-Mar-2018|30-Mar-2018||3|107522|1|1|1|| |2157.21|0.0| ||10|1992753768| |9999623793| |9999623793|||0|1| |2157.21|27-Mar-2018|1|2|A|10|0.0|431.43|0|4|0.0|0.0|0|0|0|0|0|0|0|0|0|0|0|0|0|||||27-Mar-2018|19.0|0|0||E0922|E0922|N|E1121|Y|I252|Y|I214|Y|E113519|N|E113299|Y|G53|N|R739|Y|E11319|Y|E785|Y|E781|Y|E8881|Y|Z653|Y|E119|Y|R931|Y|I259|Y|E669|Y|R7303|Y|D649|Y|M179|Y|P292|Y|Z591|Y|R4689|N|||||Y92|Y92|U| | | | | | | | | | | | | | | | | | | | | | |GZ3|27-Mar-2018|Z741|27-Mar-2018|F419|27-Mar-2018|Z1331|27-Mar-2018|Z1331|27-Mar-2018|F1990|27-Mar-2018|F109|27-Mar-2018|||||||||||||||||||||||||||||||||||||0|0||1|450|99495|3.0|2018-03-28T00:00:00|hospital_E|hospital_E_20180327
SYN_BENE_220BACA3F048|SYN_CLM_2ADB86B15036|V|60|27-Mar-2018|27-Mar-2018|30-Mar-2018||3|107522|1|1|1|| |2157.21|0.0| ||10|1992753768| |9999623793| |9999623793|||0|1| |2157.21|27-Mar-2018|1|2|A|10|0.0|431.43|0|4|0.0|0.0|0|0|0|0|0|0|0|0|0|0|0|0|0|||||27-Mar-2018|19.0|0|0||E0922|E0922|N|E1121|Y|I252|Y|I214|Y|E113519|N|E113299|Y|G53|N|R739|Y|E11319|Y|E785|Y|E781|Y|E8881|Y|Z653|Y|E119|Y|R931|Y|I259|Y|E669|Y|R7303|Y|D649|Y|M179|Y|P292|Y|Z591|Y|R4689|N|||||Y92|Y92|U| | | | | | | | | | | | | | | | | | | | | | |GZ3|27-Mar-2018|Z741|27-Mar-2018|F419|27-Mar-2018|Z1331|27-Mar-2018|Z1331|27-Mar-2018|F1990|27-Mar-2018|F109|27-Mar-2018|||||||||||||||||||||||||||||||||||||0|0||2|450|96156|3.0|2018-03-28T00:00:00|hospital_E|hospital_E_20180327
SYN_BENE_220BACA3F048|SYN_CLM_2ADB86B15036|V|60|27-Mar-2018|27-Mar-2018|30-Mar-2018||3|107522|1|1|1|| |2157.21|0.0| ||10|1992753768| |9999623793| |9999623793|||0|1| |2157.21|27-Mar-2018|1|2|A|10|0.0|431.43|0|4|0.0|0.0|0|0|0|0|0|0|0|0|0|0|0|0|0|||||27-Mar-2018|19.0|0|0||E0922|E0922|N|E1121|Y|I252|Y|I214|Y|E113519|N|E113299|Y|G53|N|R739|Y|E11319|Y|E785|Y|E781|Y|E8881|Y|Z653|Y|E119|Y|R931|Y|I259|Y|E669|Y|R7303|Y|D649|Y|M179|Y|P292|Y|Z591|Y|R4689|N|||||Y92|Y92|U| | | | | | | | | | | | | | | | | | | | | | |GZ3|27-Mar-2018|Z741|27-Mar-2018|F419|27-Mar-2018|Z1331|27-Mar-2018|Z1331|27-Mar-2018|F1990|27-Mar-2018|F109|27-Mar-2018|||||||||||||||||||||||||||||||||||||0|0||3|450|96127|3.0|2018-03-28T00:00:00|hospital_E|hospital_E_20180327
SYN_BENE_220BACA3F048|SYN_CLM_2ADB86B15036|V|60|27-Mar-2018|27-Mar-2018|30-Mar-2018||3|107522|1|1|1|| |2157.21|0.0| ||10|1992753768| |9999623793| |9999623793|||0|1| |2157.21|27-Mar-2018|1|2|A|10|0.0|431.43|0|4|0.0|0.0|0|0|0|0|0|0|0|0|0|0|0|0|0|||||27-Mar-2018|19.0|0|0||E0922|E0922|N|E1121|Y|I252|Y|I214|Y|E113519|N|E113299|Y|G53|N|R739|Y|E11319|Y|E785|Y|E781|Y|E8881|Y|Z653|Y|E119|Y|R931|Y|I259|Y|E669|Y|R7303|Y|D649|Y|M179|Y|P292|Y|Z591|Y|R4689|N|||||Y92|Y92|U| | | | | | | | | | | | | | | | | | | | | | |GZ3|27-Mar-2018|Z741|27-Mar-2018|F419|27-Mar-2018|Z1331|27-Mar-2018|Z1331|27-Mar-2018|F1990|27-Mar-2018|F109|27-Mar-2018|||||||||||||||||||||||||||||||||||||0|0||4|450|G0444|3.0|2018-03-28T00:00:00|hospital_E|hospital_E_20180327
SYN_BENE_220BACA3F048|SYN_CLM_2ADB86B15036|V|60|27-Mar-2018|27-Mar-2018|30-Mar-2018||3|107522|1|1|1|| |2157.21|0.0| ||10|1992753768| |9999623793| |9999623793|||0|1| |2157.21|27-Mar-2018|1|2|A|10|0.0|431.43|0|4|0.0|0.0|0|0|0|0|0|0|0|0|0|0|0|0|0|||||27-Mar-2018|19.0|0|0||E0922|E0922|N|E1121|Y|I252|Y|I214|Y|E113519|N|E113299|Y|G53|N|R739|Y|E11319|Y|E785|Y|E781|Y|E8881|Y|Z653|Y|E119|Y|R931|Y|I259|Y|E669|Y|R7303|Y|D649|Y|M179|Y|P292|Y|Z591|Y|R4689|N|||||Y92|Y92|U| | | | | | | | | | | | | | | | | | | | | | |GZ3|27-Mar-2018|Z741|27-Mar-2018|F419|27-Mar-2018|Z1331|27-Mar-2018|Z1331|27-Mar-2018|F1990|27-Mar-2018|F109|27-Mar-2018|||||||||||||||||||||||||||||||||||||0|0||5|450|G0444|3.0|2018-03-28T00:00:00|hospital_E|hospital_E_20180327
SYN_BENE_220BACA3F048|SYN_CLM_2ADB86B15036|V|60|27-Mar-2018|27-Mar-2018|30-Mar-2018||3|107522|1|1|1|| |2157.21|0.0| ||10|1992753768| |9999623793| |9999623793|||0|1| |2157.21|27-Mar-2018|1|2|A|10|0.0|431.43|0|4|0.0|0.0|0|0|0|0|0|0|0|0|0|0|0|0|0|||||27-Mar-2018|19.0|0|0||E0922|E0922|N|E1121|Y|I252|Y|I214|Y|E113519|N|E113299|Y|G53|N|R739|Y|E11319|Y|E785|Y|E781|Y|E8881|Y|Z653|Y|E119|Y|R931|Y|I259|Y|E669|Y|R7303|Y|D649|Y|M179|Y|P292|Y|Z591|Y|R4689|N|||||Y92|Y92|U| | | | | | | | | | | | | | | | | | | | | | |GZ3|27-Mar-2018|Z741|27-Mar-2018|F419|27-Mar-2018|Z1331|27-Mar-2018|Z1331|27-Mar-2018|F1990|27-Mar-2018|F109|27-Mar-2018|||||||||||||||||||||||||||||||||||||0|0||6|450|99408|3.0|2018-03-28T00:00:00|hospital_E|hospital_E_20180327
SYN_BENE_220BACA3F048|SYN_CLM_2ADB86B15036|V|60|27-Mar-2018|27-Mar-2018|30-Mar-2018||3|107522|1|1|1|| |2157.21|0.0| ||10|1992753768| |9999623793| |9999623793|||0|1| |2157.21|27-Mar-2018|1|2|A|10|0.0|431.43|0|4|0.0|0.0|0|0|0|0|0|0|0|0|0|0|0|0|0|||||27-Mar-2018|19.0|0|0||E0922|E0922|N|E1121|Y|I252|Y|I214|Y|E113519|N|E113299|Y|G53|N|R739|Y|E11319|Y|E785|Y|E781|Y|E8881|Y|Z653|Y|E119|Y|R931|Y|I259|Y|E669|Y|R7303|Y|D649|Y|M179|Y|P292|Y|Z591|Y|R4689|N|||||Y92|Y92|U| | | | | | | | | | | | | | | | | | | | | | |GZ3|27-Mar-2018|Z741|27-Mar-2018|F419|27-Mar-2018|Z1331|27-Mar-2018|Z1331|27-Mar-2018|F1990|27-Mar-2018|F109|27-Mar-2018|||||||||||||||||||||||||||||||||||||0|0||7|450|G0442|3.0|2018-03-28T00:00:00|hospital_E|hospital_E_20180327
SYN_BENE_0F367E658236|SYN_CLM_DA251951F1F2|V|60|27-Mar-2018|27-Mar-2018|30-Mar-2018||3|107522|1|1|1|| |2157.21|0.0| ||10|1992753768| |9999623793| |9999623793|||0|1| |2157.21|27-Mar-2018|1|2|A|10|0.0|431.43|0|4|0.0|0.0|0|0|0|0|0|0|0|0|0|0|0|0|0|||||27-Mar-2018|19.0|0|0||E0922|E0922|N|E1121|Y|I252|Y|I214|Y|E113519|N|E113299|Y|G53|N|R739|Y|E11319|Y|E785|Y|E781|Y|E8881|Y|Z653|Y|E119|Y|R931|Y|I259|Y|E669|Y|R7303|Y|D649|Y|M179|Y|P292|Y|Z591|Y|R4689|N|||||Y92|Y92|U| | | | | | | | | | | | | | | | | | | | | | |GZ3|27-Mar-2018|Z741|27-Mar-2018|F419|27-Mar-2018|Z1331|27-Mar-2018|Z1331|27-Mar-2018|F1990|27-Mar-2018|F109|27-Mar-2018|||||||||||||||||||||||||||||||||||||0|0||1|450|99495|3.0|2018-03-28T00:00:00|hospital_E|hospital_E_20180327
SYN_BENE_0F367E658236|SYN_CLM_DA251951F1F2|V|60|27-Mar-2018|27-Mar-2018|30-Mar-2018||3|107522|1|1|1|| |2157.21|0.0| ||10|1992753768| |9999623793| |9999623793|||0|1| |2157.21|27-Mar-2018|1|2|A|10|0.0|431.43|0|4|0.0|0.0|0|0|0|0|0|0|0|0|0|0|0|0|0|||||27-Mar-2018|19.0|0|0||E0922|E0922|N|E1121|Y|I252|Y|I214|Y|E113519|N|E113299|Y|G53|N|R739|Y|E11319|Y|E785|Y|E781|Y|E8881|Y|Z653|Y|E119|Y|R931|Y|I259|Y|E669|Y|R7303|Y|D649|Y|M179|Y|P292|Y|Z591|Y|R4689|N|||||Y92|Y92|U| | | | | | | | | | | | | | | | | | | | | | |GZ3|27-Mar-2018|Z741|27-Mar-2018|F419|27-Mar-2018|Z1331|27-Mar-2018|Z1331|27-Mar-2018|F1990|27-Mar-2018|F109|27-Mar-2018|||||||||||||||||||||||||||||||||||||0|0||2|450|96156|3.0|2018-03-28T00:00:00|hospital_E|hospital_E_20180327
SYN_BENE_0F367E658236|SYN_CLM_DA251951F1F2|V|60|27-Mar-2018|27-Mar-2018|30-Mar-2018||3|107522|1|1|1|| |2157.21|0.0| ||10|1992753768| |9999623793| |9999623793|||0|1| |2157.21|27-Mar-2018|1|2|A|10|0.0|431.43|0|4|0.0|0.0|0|0|0|0|0|0|0|0|0|0|0|0|0|||||27-Mar-2018|19.0|0|0||E0922|E0922|N|E1121|Y|I252|Y|I214|Y|E113519|N|E113299|Y|G53|N|R739|Y|E11319|Y|E785|Y|E781|Y|E8881|Y|Z653|Y|E119|Y|R931|Y|I259|Y|E669|Y|R7303|Y|D649|Y|M179|Y|P292|Y|Z591|Y|R4689|N|||||Y92|Y92|U| | | | | | | | | | | | | | | | | | | | | | |GZ3|27-Mar-2018|Z741|27-Mar-2018|F419|27-Mar-2018|Z1331|27-Mar-2018|Z1331|27-Mar-2018|F1990|27-Mar-2018|F109|27-Mar-2018|||||||||||||||||||||||||||||||||||||0|0||3|450|96127|3.0|2018-03-28T00:00:00|hospital_E|hospital_E_20180327
SYN_BENE_0F367E658236|SYN_CLM_DA251951F1F2|V|60|27-Mar-2018|27-Mar-2018|30-Mar-2018||3|107522|1|1|1|| |2157.21|0.0| ||10|1992753768| |9999623793| |9999623793|||0|1| |2157.21|27-Mar-2018|1|2|A|10|0.0|431.43|0|4|0.0|0.0|0|0|0|0|0|0|0|0|0|0|0|0|0|||||27-Mar-2018|19.0|0|0||E0922|E0922|N|E1121|Y|I252|Y|I214|Y|E113519|N|E113299|Y|G53|N|R739|Y|E11319|Y|E785|Y|E781|Y|E8881|Y|Z653|Y|E119|Y|R931|Y|I259|Y|E669|Y|R7303|Y|D649|Y|M179|Y|P292|Y|Z591|Y|R4689|N|||||Y92|Y92|U| | | | | | | | | | | | | | | | | | | | | | |GZ3|27-Mar-2018|Z741|27-Mar-2018|F419|27-Mar-2018|Z1331|27-Mar-2018|Z1331|27-Mar-2018|F1990|27-Mar-2018|F109|27-Mar-2018|||||||||||||||||||||||||||||||||||||0|0||4|450|G0444|3.0|2018-03-28T00:00:00|hospital_E|hospital_E_20180327
SYN_BENE_0F367E658236|SYN_CLM_DA251951F1F2|V|60|27-Mar-2018|27-Mar-2018|30-Mar-2018||3|107522|1|1|1|| |2157.21|0.0| ||10|1992753768| |9999623793| |9999623793|||0|1| |2157.21|27-Mar-2018|1|2|A|10|0.0|431.43|0|4|0.0|0.0|0|0|0|0|0|0|0|0|0|0|0|0|0|||||27-Mar-2018|19.0|0|0||E0922|E0922|N|E1121|Y|I252|Y|I214|Y|E113519|N|E113299|Y|G53|N|R739|Y|E11319|Y|E785|Y|E781|Y|E8881|Y|Z653|Y|E119|Y|R931|Y|I259|Y|E669|Y|R7303|Y|D649|Y|M179|Y|P292|Y|Z591|Y|R4689|N|||||Y92|Y92|U| | | | | | | | | | | | | | | | | | | | | | |GZ3|27-Mar-2018|Z741|27-Mar-2018|F419|27-Mar-2018|Z1331|27-Mar-2018|Z1331|27-Mar-2018|F1990|27-Mar-2018|F109|27-Mar-2018|||||||||||||||||||||||||||||||||||||0|0||5|450|G0444|3.0|2018-03-28T00:00:00|hospital_E|hospital_E_20180327
SYN_BENE_0F367E658236|SYN_CLM_DA251951F1F2|V|60|27-Mar-2018|27-Mar-2018|30-Mar-2018||3|107522|1|1|1|| |2157.21|0.0| ||10|1992753768| |9999623793| |9999623793|||0|1| |2157.21|27-Mar-2018|1|2|A|10|0.0|431.43|0|4|0.0|0.0|0|0|0|0|0|0|0|0|0|0|0|0|0|||||27-Mar-2018|19.0|0|0||E0922|E0922|N|E1121|Y|I252|Y|I214|Y|E113519|N|E113299|Y|G53|N|R739|Y|E11319|Y|E785|Y|E781|Y|E8881|Y|Z653|Y|E119|Y|R931|Y|I259|Y|E669|Y|R7303|Y|D649|Y|M179|Y|P292|Y|Z591|Y|R4689|N|||||Y92|Y92|U| | | | | | | | | | | | | | | | | | | | | | |GZ3|27-Mar-2018|Z741|27-Mar-2018|F419|27-Mar-2018|Z1331|27-Mar-2018|Z1331|27-Mar-2018|F1990|27-Mar-2018|F109|27-Mar-2018|||||||||||||||||||||||||||||||||||||0|0||6|450|99408|3.0|2018-03-28T00:00:00|hospital_E|hospital_E_20180327
SYN_BENE_0F367E658236|SYN_CLM_DA251951F1F2|V|60|27-Mar-2018|27-Mar-2018|30-Mar-2018||3|107522|1|1|1|| |2157.21|0.0| ||10|1992753768| |9999623793| |9999623793|||0|1| |2157.21|27-Mar-2018|1|2|A|10|0.0|431.43|0|4|0.0|0.0|0|0|0|0|0|0|0|0|0|0|0|0|0|||||27-Mar-2018|19.0|0|0||E0922|E0922|N|E1121|Y|I252|Y|I214|Y|E113519|N|E113299|Y|G53|N|R739|Y|E11319|Y|E785|Y|E781|Y|E8881|Y|Z653|Y|E119|Y|R931|Y|I259|Y|E669|Y|R7303|Y|D649|Y|M179|Y|P292|Y|Z591|Y|R4689|N|||||Y92|Y92|U| | | | | | | | | | | | | | | | | | | | | | |GZ3|27-Mar-2018|Z741|27-Mar-2018|F419|27-Mar-2018|Z1331|27-Mar-2018|Z1331|27-Mar-2018|F1990|27-Mar-2018|F109|27-Mar-2018|||||||||||||||||||||||||||||||||||||0|0||7|450|G0442|3.0|2018-03-28T00:00:00|hospital_E|hospital_E_20180327
SYN_BENE_1518C87805F4|SYN_CLM_8812F388A8E1|V|60|27-Mar-2018|27-Mar-2018|30-Mar-2018||3|107522|1|1|1|| |2157.21|0.0| ||10|1992753768| |9999623793| |9999623793|||0|1| |2157.21|27-Mar-2018|1|2|A|10|0.0|431.43|0|4|0.0|0.0|0|0|0|0|0|0|0|0|0|0|0|0|0|||||27-Mar-2018|19.0|0|0||E0922|E0922|N|E1121|Y|I252|Y|I214|Y|E113519|N|E113299|Y|G53|N|R739|Y|E11319|Y|E785|Y|E781|Y|E8881|Y|Z653|Y|E119|Y|R931|Y|I259|Y|E669|Y|R7303|Y|D649|Y|M179|Y|P292|Y|Z591|Y|R4689|N|||||Y92|Y92|U| | | | | | | | | | | | | | | | | | | | | | |GZ3|27-Mar-2018|Z741|27-Mar-2018|F419|27-Mar-2018|Z1331|27-Mar-2018|Z1331|27-Mar-2018|F1990|27-Mar-2018|F109|27-Mar-2018|||||||||||||||||||||||||||||||||||||0|0||1|450|99495|3.0|2018-03-28T00:00:00|hospital_E|hospital_E_20180327
SYN_BENE_1518C87805F4|SYN_CLM_8812F388A8E1|V|60|27-Mar-2018|27-Mar-2018|30-Mar-2018||3|107522|1|1|1|| |2157.21|0.0| ||10|1992753768| |9999623793| |9999623793|||0|1| |2157.21|27-Mar-2018|1|2|A|10|0.0|431.43|0|4|0.0|0.0|0|0|0|0|0|0|0|0|0|0|0|0|0|||||27-Mar-2018|19.0|0|0||E0922|E0922|N|E1121|Y|I252|Y|I214|Y|E113519|N|E113299|Y|G53|N|R739|Y|E11319|Y|E785|Y|E781|Y|E8881|Y|Z653|Y|E119|Y|R931|Y|I259|Y|E669|Y|R7303|Y|D649|Y|M179|Y|P292|Y|Z591|Y|R4689|N|||||Y92|Y92|U| | | | | | | | | | | | | | | | | | | | | | |GZ3|27-Mar-2018|Z741|27-Mar-2018|F419|27-Mar-2018|Z1331|27-Mar-2018|Z1331|27-Mar-2018|F1990|27-Mar-2018|F109|27-Mar-2018|||||||||||||||||||||||||||||||||||||0|0||2|450|96156|3.0|2018-03-28T00:00:00|hospital_E|hospital_E_20180327
SYN_BENE_1518C87805F4|SYN_CLM_8812F388A8E1|V|60|27-Mar-2018|27-Mar-2018|30-Mar-2018||3|107522|1|1|1|| |2157.21|0.0| ||10|1992753768| |9999623793| |9999623793|||0|1| |2157.21|27-Mar-2018|1|2|A|10|0.0|431.43|0|4|0.0|0.0|0|0|0|0|0|0|0|0|0|0|0|0|0|||||27-Mar-2018|19.0|0|0||E0922|E0922|N|E1121|Y|I252|Y|I214|Y|E113519|N|E113299|Y|G53|N|R739|Y|E11319|Y|E785|Y|E781|Y|E8881|Y|Z653|Y|E119|Y|R931|Y|I259|Y|E669|Y|R7303|Y|D649|Y|M179|Y|P292|Y|Z591|Y|R4689|N|||||Y92|Y92|U| | | | | | | | | | | | | | | | | | | | | | |GZ3|27-Mar-2018|Z741|27-Mar-2018|F419|27-Mar-2018|Z1331|27-Mar-2018|Z1331|27-Mar-2018|F1990|27-Mar-2018|F109|27-Mar-2018|||||||||||||||||||||||||||||||||||||0|0||3|450|96127|3.0|2018-03-28T00:00:00|hospital_E|hospital_E_20180327
SYN_BENE_1518C87805F4|SYN_CLM_8812F388A8E1|V|60|27-Mar-2018|27-Mar-2018|30-Mar-2018||3|107522|1|1|1|| |2157.21|0.0| ||10|1992753768| |9999623793| |9999623793|||0|1| |2157.21|27-Mar-2018|1|2|A|10|0.0|431.43|0|4|0.0|0.0|0|0|0|0|0|0|0|0|0|0|0|0|0|||||27-Mar-2018|19.0|0|0||E0922|E0922|N|E1121|Y|I252|Y|I214|Y|E113519|N|E113299|Y|G53|N|R739|Y|E11319|Y|E785|Y|E781|Y|E8881|Y|Z653|Y|E119|Y|R931|Y|I259|Y|E669|Y|R7303|Y|D649|Y|M179|Y|P292|Y|Z591|Y|R4689|N|||||Y92|Y92|U| | | | | | | | | | | | | | | | | | | | | | |GZ3|27-Mar-2018|Z741|27-Mar-2018|F419|27-Mar-2018|Z1331|27-Mar-2018|Z1331|27-Mar-2018|F1990|27-Mar-2018|F109|27-Mar-2018|||||||||||||||||||||||||||||||||||||0|0||4|450|G0444|3.0|2018-03-28T00:00:00|hospital_E|hospital_E_20180327
SYN_BENE_1518C87805F4|SYN_CLM_8812F388A8E1|V|60|27-Mar-2018|27-Mar-2018|30-Mar-2018||3|107522|1|1|1|| |2157.21|0.0| ||10|1992753768| |9999623793| |9999623793|||0|1| |2157.21|27-Mar-2018|1|2|A|10|0.0|431.43|0|4|0.0|0.0|0|0|0|0|0|0|0|0|0|0|0|0|0|||||27-Mar-2018|19.0|0|0||E0922|E0922|N|E1121|Y|I252|Y|I214|Y|E113519|N|E113299|Y|G53|N|R739|Y|E11319|Y|E785|Y|E781|Y|E8881|Y|Z653|Y|E119|Y|R931|Y|I259|Y|E669|Y|R7303|Y|D649|Y|M179|Y|P292|Y|Z591|Y|R4689|N|||||Y92|Y92|U| | | | | | | | | | | | | | | | | | | | | | |GZ3|27-Mar-2018|Z741|27-Mar-2018|F419|27-Mar-2018|Z1331|27-Mar-2018|Z1331|27-Mar-2018|F1990|27-Mar-2018|F109|27-Mar-2018|||||||||||||||||||||||||||||||||||||0|0||5|450|G0444|3.0|2018-03-28T00:00:00|hospital_E|hospital_E_20180327
SYN_BENE_1518C87805F4|SYN_CLM_8812F388A8E1|V|60|27-Mar-2018|27-Mar-2018|30-Mar-2018||3|107522|1|1|1|| |2157.21|0.0| ||10|1992753768| |9999623793| |9999623793|||0|1| |2157.21|27-Mar-2018|1|2|A|10|0.0|431.43|0|4|0.0|0.0|0|0|0|0|0|0|0|0|0|0|0|0|0|||||27-Mar-2018|19.0|0|0||E0922|E0922|N|E1121|Y|I252|Y|I214|Y|E113519|N|E113299|Y|G53|N|R739|Y|E11319|Y|E785|Y|E781|Y|E8881|Y|Z653|Y|E119|Y|R931|Y|I259|Y|E669|Y|R7303|Y|D649|Y|M179|Y|P292|Y|Z591|Y|R4689|N|||||Y92|Y92|U| | | | | | | | | | | | | | | | | | | | | | |GZ3|27-Mar-2018|Z741|27-Mar-2018|F419|27-Mar-2018|Z1331|27-Mar-2018|Z1331|27-Mar-2018|F1990|27-Mar-2018|F109|27-Mar-2018|||||||||||||||||||||||||||||||||||||0|0||6|450|99408|3.0|2018-03-28T00:00:00|hospital_E|hospital_E_20180327
SYN_BENE_1518C87805F4|SYN_CLM_8812F388A8E1|V|60|27-Mar-2018|27-Mar-2018|30-Mar-2018||3|107522|1|1|1|| |2157.21|0.0| ||10|1992753768| |9999623793| |9999623793|||0|1| |2157.21|27-Mar-2018|1|2|A|10|0.0|431.43|0|4|0.0|0.0|0|0|0|0|0|0|0|0|0|0|0|0|0|||||27-Mar-2018|19.0|0|0||E0922|E0922|N|E1121|Y|I252|Y|I214|Y|E113519|N|E113299|Y|G53|N|R739|Y|E11319|Y|E785|Y|E781|Y|E8881|Y|Z653|Y|E119|Y|R931|Y|I259|Y|E669|Y|R7303|Y|D649|Y|M179|Y|P292|Y|Z591|Y|R4689|N|||||Y92|Y92|U| | | | | | | | | | | | | | | | | | | | | | |GZ3|27-Mar-2018|Z741|27-Mar-2018|F419|27-Mar-2018|Z1331|27-Mar-2018|Z1331|27-Mar-2018|F1990|27-Mar-2018|F109|27-Mar-2018|||||||||||||||||||||||||||||||||||||0|0||7|450|G0442|3.0|2018-03-28T00:00:00|hospital_E|hospital_E_20180327
SYN_BENE_A956AC1D18DC|SYN_CLM_EDC6A3A5274A|V|60|27-Mar-2018|27-Mar-2018|30-Mar-2018||3|107522|1|1|1|| |2157.21|0.0| ||10|1992753768| |9999623793| |9999623793|||0|1| |2157.21|27-Mar-2018|1|2|A|10|0.0|431.43|0|4|0.0|0.0|0|0|0|0|0|0|0|0|0|0|0|0|0|||||27-Mar-2018|19.0|0|0||E0922|E0922|N|E1121|Y|I252|Y|I214|Y|E113519|N|E113299|Y|G53|N|R739|Y|E11319|Y|E785|Y|E781|Y|E8881|Y|Z653|Y|E119|Y|R931|Y|I259|Y|E669|Y|R7303|Y|D649|Y|M179|Y|P292|Y|Z591|Y|R4689|N|||||Y92|Y92|U| | | | | | | | | | | | | | | | | | | | | | |GZ3|27-Mar-2018|Z741|27-Mar-2018|F419|27-Mar-2018|Z1331|27-Mar-2018|Z1331|27-Mar-2018|F1990|27-Mar-2018|F109|27-Mar-2018|||||||||||||||||||||||||||||||||||||0|0||1|450|99495|3.0|2018-03-28T00:00:00|hospital_E|hospital_E_20180327
SYN_BENE_A956AC1D18DC|SYN_CLM_EDC6A3A5274A|V|60|27-Mar-2018|27-Mar-2018|30-Mar-2018||3|107522|1|1|1|| |2157.21|0.0| ||10|1992753768| |9999623793| |9999623793|||0|1| |2157.21|27-Mar-2018|1|2|A|10|0.0|431.43|0|4|0.0|0.0|0|0|0|0|0|0|0|0|0|0|0|0|0|||||27-Mar-2018|19.0|0|0||E0922|E0922|N|E1121|Y|I252|Y|I214|Y|E113519|N|E113299|Y|G53|N|R739|Y|E11319|Y|E785|Y|E781|Y|E8881|Y|Z653|Y|E119|Y|R931|Y|I259|Y|E669|Y|R7303|Y|D649|Y|M179|Y|P292|Y|Z591|Y|R4689|N|||||Y92|Y92|U| | | | | | | | | | | | | | | | | | | | | | |GZ3|27-Mar-2018|Z741|27-Mar-2018|F419|27-Mar-2018|Z1331|27-Mar-2018|Z1331|27-Mar-2018|F1990|27-Mar-2018|F109|27-Mar-2018|||||||||||||||||||||||||||||||||||||0|0||2|450|96156|3.0|2018-03-28T00:00:00|hospital_E|hospital_E_20180327
SYN_BENE_A956AC1D18DC|SYN_CLM_EDC6A3A5274A|V|60|27-Mar-2018|27-Mar-2018|30-Mar-2018||3|107522|1|1|1|| |2157.21|0.0| ||10|1992753768| |9999623793| |9999623793|||0|1| |2157.21|27-Mar-2018|1|2|A|10|0.0|431.43|0|4|0.0|0.0|0|0|0|0|0|0|0|0|0|0|0|0|0|||||27-Mar-2018|19.0|0|0||E0922|E0922|N|E1121|Y|I252|Y|I214|Y|E113519|N|E113299|Y|G53|N|R739|Y|E11319|Y|E785|Y|E781|Y|E8881|Y|Z653|Y|E119|Y|R931|Y|I259|Y|E669|Y|R7303|Y|D649|Y|M179|Y|P292|Y|Z591|Y|R4689|N|||||Y92|Y92|U| | | | | | | | | | | | | | | | | | | | | | |GZ3|27-Mar-2018|Z741|27-Mar-2018|F419|27-Mar-2018|Z1331|27-Mar-2018|Z1331|27-Mar-2018|F1990|27-Mar-2018|F109|27-Mar-2018|||||||||||||||||||||||||||||||||||||0|0||3|450|96127|3.0|2018-03-28T00:00:00|hospital_E|hospital_E_20180327
SYN_BENE_A956AC1D18DC|SYN_CLM_EDC6A3A5274A|V|60|27-Mar-2018|27-Mar-2018|30-Mar-2018||3|107522|1|1|1|| |2157.21|0.0| ||10|1992753768| |9999623793| |9999623793|||0|1| |2157.21|27-Mar-2018|1|2|A|10|0.0|431.43|0|4|0.0|0.0|0|0|0|0|0|0|0|0|0|0|0|0|0|||||27-Mar-2018|19.0|0|0||E0922|E0922|N|E1121|Y|I252|Y|I214|Y|E113519|N|E113299|Y|G53|N|R739|Y|E11319|Y|E785|Y|E781|Y|E8881|Y|Z653|Y|E119|Y|R931|Y|I259|Y|E669|Y|R7303|Y|D649|Y|M179|Y|P292|Y|Z591|Y|R4689|N|||||Y92|Y92|U| | | | | | | | | | | | | | | | | | | | | | |GZ3|27-Mar-2018|Z741|27-Mar-2018|F419|27-Mar-2018|Z1331|27-Mar-2018|Z1331|27-Mar-2018|F1990|27-Mar-2018|F109|27-Mar-2018|||||||||||||||||||||||||||||||||||||0|0||4|450|G0444|3.0|2018-03-28T00:00:00|hospital_E|hospital_E_20180327
SYN_BENE_A956AC1D18DC|SYN_CLM_EDC6A3A5274A|V|60|27-Mar-2018|27-Mar-2018|30-Mar-2018||3|107522|1|1|1|| |2157.21|0.0| ||10|1992753768| |9999623793| |9999623793|||0|1| |2157.21|27-Mar-2018|1|2|A|10|0.0|431.43|0|4|0.0|0.0|0|0|0|0|0|0|0|0|0|0|0|0|0|||||27-Mar-2018|19.0|0|0||E0922|E0922|N|E1121|Y|I252|Y|I214|Y|E113519|N|E113299|Y|G53|N|R739|Y|E11319|Y|E785|Y|E781|Y|E8881|Y|Z653|Y|E119|Y|R931|Y|I259|Y|E669|Y|R7303|Y|D649|Y|M179|Y|P292|Y|Z591|Y|R4689|N|||||Y92|Y92|U| | | | | | | | | | | | | | | | | | | | | | |GZ3|27-Mar-2018|Z741|27-Mar-2018|F419|27-Mar-2018|Z1331|27-Mar-2018|Z1331|27-Mar-2018|F1990|27-Mar-2018|F109|27-Mar-2018|||||||||||||||||||||||||||||||||||||0|0||5|450|G0444|3.0|2018-03-28T00:00:00|hospital_E|hospital_E_20180327
SYN_BENE_A956AC1D18DC|SYN_CLM_EDC6A3A5274A|V|60|27-Mar-2018|27-Mar-2018|30-Mar-2018||3|107522|1|1|1|| |2157.21|0.0| ||10|1992753768| |9999623793| |9999623793|||0|1| |2157.21|27-Mar-2018|1|2|A|10|0.0|431.43|0|4|0.0|0.0|0|0|0|0|0|0|0|0|0|0|0|0|0|||||27-Mar-2018|19.0|0|0||E0922|E0922|N|E1121|Y|I252|Y|I214|Y|E113519|N|E113299|Y|G53|N|R739|Y|E11319|Y|E785|Y|E781|Y|E8881|Y|Z653|Y|E119|Y|R931|Y|I259|Y|E669|Y|R7303|Y|D649|Y|M179|Y|P292|Y|Z591|Y|R4689|N|||||Y92|Y92|U| | | | | | | | | | | | | | | | | | | | | | |GZ3|27-Mar-2018|Z741|27-Mar-2018|F419|27-Mar-2018|Z1331|27-Mar-2018|Z1331|27-Mar-2018|F1990|27-Mar-2018|F109|27-Mar-2018|||||||||||||||||||||||||||||||||||||0|0||6|450|99408|3.0|2018-03-28T00:00:00|hospital_E|hospital_E_20180327
SYN_BENE_A956AC1D18DC|SYN_CLM_EDC6A3A5274A|V|60|27-Mar-2018|27-Mar-2018|30-Mar-2018||3|107522|1|1|1|| |2157.21|0.0| ||10|1992753768| |9999623793| |9999623793|||0|1| |2157.21|27-Mar-2018|1|2|A|10|0.0|431.43|0|4|0.0|0.0|0|0|0|0|0|0|0|0|0|0|0|0|0|||||27-Mar-2018|19.0|0|0||E0922|E0922|N|E1121|Y|I252|Y|I214|Y|E113519|N|E113299|Y|G53|N|R739|Y|E11319|Y|E785|Y|E781|Y|E8881|Y|Z653|Y|E119|Y|R931|Y|I259|Y|E669|Y|R7303|Y|D649|Y|M179|Y|P292|Y|Z591|Y|R4689|N|||||Y92|Y92|U| | | | | | | | | | | | | | | | | | | | | | |GZ3|27-Mar-2018|Z741|27-Mar-2018|F419|27-Mar-2018|Z1331|27-Mar-2018|Z1331|27-Mar-2018|F1990|27-Mar-2018|F109|27-Mar-2018|||||||||||||||||||||||||||||||||||||0|0||7|450|G0442|3.0|2018-03-28T00:00:00|hospital_E|hospital_E_20180327
SYN_BENE_95637AEB296A|SYN_CLM_BD931CF80303|V|60|27-Mar-2018|27-Mar-2018|30-Mar-2018||3|107522|1|1|1|| |2157.21|0.0| ||10|1992753768| |9999623793| |9999623793|||0|1| |2157.21|27-Mar-2018|1|2|A|10|0.0|431.43|0|4|0.0|0.0|0|0|0|0|0|0|0|0|0|0|0|0|0|||||27-Mar-2018|19.0|0|0||E0922|E0922|N|E1121|Y|I252|Y|I214|Y|E113519|N|E113299|Y|G53|N|R739|Y|E11319|Y|E785|Y|E781|Y|E8881|Y|Z653|Y|E119|Y|R931|Y|I259|Y|E669|Y|R7303|Y|D649|Y|M179|Y|P292|Y|Z591|Y|R4689|N|||||Y92|Y92|U| | | | | | | | | | | | | | | | | | | | | | |GZ3|27-Mar-2018|Z741|27-Mar-2018|F419|27-Mar-2018|Z1331|27-Mar-2018|Z1331|27-Mar-2018|F1990|27-Mar-2018|F109|27-Mar-2018|||||||||||||||||||||||||||||||||||||0|0||1|450|99495|3.0|2018-03-28T00:00:00|hospital_E|hospital_E_20180327
SYN_BENE_95637AEB296A|SYN_CLM_BD931CF80303|V|60|27-Mar-2018|27-Mar-2018|30-Mar-2018||3|107522|1|1|1|| |2157.21|0.0| ||10|1992753768| |9999623793| |9999623793|||0|1| |2157.21|27-Mar-2018|1|2|A|10|0.0|431.43|0|4|0.0|0.0|0|0|0|0|0|0|0|0|0|0|0|0|0|||||27-Mar-2018|19.0|0|0||E0922|E0922|N|E1121|Y|I252|Y|I214|Y|E113519|N|E113299|Y|G53|N|R739|Y|E11319|Y|E785|Y|E781|Y|E8881|Y|Z653|Y|E119|Y|R931|Y|I259|Y|E669|Y|R7303|Y|D649|Y|M179|Y|P292|Y|Z591|Y|R4689|N|||||Y92|Y92|U| | | | | | | | | | | | | | | | | | | | | | |GZ3|27-Mar-2018|Z741|27-Mar-2018|F419|27-Mar-2018|Z1331|27-Mar-2018|Z1331|27-Mar-2018|F1990|27-Mar-2018|F109|27-Mar-2018|||||||||||||||||||||||||||||||||||||0|0||2|450|96156|3.0|2018-03-28T00:00:00|hospital_E|hospital_E_20180327
SYN_BENE_95637AEB296A|SYN_CLM_BD931CF80303|V|60|27-Mar-2018|27-Mar-2018|30-Mar-2018||3|107522|1|1|1|| |2157.21|0.0| ||10|1992753768| |9999623793| |9999623793|||0|1| |2157.21|27-Mar-2018|1|2|A|10|0.0|431.43|0|4|0.0|0.0|0|0|0|0|0|0|0|0|0|0|0|0|0|||||27-Mar-2018|19.0|0|0||E0922|E0922|N|E1121|Y|I252|Y|I214|Y|E113519|N|E113299|Y|G53|N|R739|Y|E11319|Y|E785|Y|E781|Y|E8881|Y|Z653|Y|E119|Y|R931|Y|I259|Y|E669|Y|R7303|Y|D649|Y|M179|Y|P292|Y|Z591|Y|R4689|N|||||Y92|Y92|U| | | | | | | | | | | | | | | | | | | | | | |GZ3|27-Mar-2018|Z741|27-Mar-2018|F419|27-Mar-2018|Z1331|27-Mar-2018|Z1331|27-Mar-2018|F1990|27-Mar-2018|F109|27-Mar-2018|||||||||||||||||||||||||||||||||||||0|0||3|450|96127|3.0|2018-03-28T00:00:00|hospital_E|hospital_E_20180327
SYN_BENE_95637AEB296A|SYN_CLM_BD931CF80303|V|60|27-Mar-2018|27-Mar-2018|30-Mar-2018||3|107522|1|1|1|| |2157.21|0.0| ||10|1992753768| |9999623793| |9999623793|||0|1| |2157.21|27-Mar-2018|1|2|A|10|0.0|431.43|0|4|0.0|0.0|0|0|0|0|0|0|0|0|0|0|0|0|0|||||27-Mar-2018|19.0|0|0||E0922|E0922|N|E1121|Y|I252|Y|I214|Y|E113519|N|E113299|Y|G53|N|R739|Y|E11319|Y|E785|Y|E781|Y|E8881|Y|Z653|Y|E119|Y|R931|Y|I259|Y|E669|Y|R7303|Y|D649|Y|M179|Y|P292|Y|Z591|Y|R4689|N|||||Y92|Y92|U| | | | | | | | | | | | | | | | | | | | | | |GZ3|27-Mar-2018|Z741|27-Mar-2018|F419|27-Mar-2018|Z1331|27-Mar-2018|Z1331|27-Mar-2018|F1990|27-Mar-2018|F109|27-Mar-2018|||||||||||||||||||||||||||||||||||||0|0||4|450|G0444|3.0|2018-03-28T00:00:00|hospital_E|hospital_E_20180327
SYN_BENE_95637AEB296A|SYN_CLM_BD931CF80303|V|60|27-Mar-2018|27-Mar-2018|30-Mar-2018||3|107522|1|1|1|| |2157.21|0.0| ||10|1992753768| |9999623793| |9999623793|||0|1| |2157.21|27-Mar-2018|1|2|A|10|0.0|431.43|0|4|0.0|0.0|0|0|0|0|0|0|0|0|0|0|0|0|0|||||27-Mar-2018|19.0|0|0||E0922|E0922|N|E1121|Y|I252|Y|I214|Y|E113519|N|E113299|Y|G53|N|R739|Y|E11319|Y|E785|Y|E781|Y|E8881|Y|Z653|Y|E119|Y|R931|Y|I259|Y|E669|Y|R7303|Y|D649|Y|M179|Y|P292|Y|Z591|Y|R4689|N|||||Y92|Y92|U| | | | | | | | | | | | | | | | | | | | | | |GZ3|27-Mar-2018|Z741|27-Mar-2018|F419|27-Mar-2018|Z1331|27-Mar-2018|Z1331|27-Mar-2018|F1990|27-Mar-2018|F109|27-Mar-2018|||||||||||||||||||||||||||||||||||||0|0||5|450|G0444|3.0|2018-03-28T00:00:00|hospital_E|hospital_E_20180327
SYN_BENE_95637AEB296A|SYN_CLM_BD931CF80303|V|60|27-Mar-2018|27-Mar-2018|30-Mar-2018||3|107522|1|1|1|| |2157.21|0.0| ||10|1992753768| |9999623793| |9999623793|||0|1| |2157.21|27-Mar-2018|1|2|A|10|0.0|431.43|0|4|0.0|0.0|0|0|0|0|0|0|0|0|0|0|0|0|0|||||27-Mar-2018|19.0|0|0||E0922|E0922|N|E1121|Y|I252|Y|I214|Y|E113519|N|E113299|Y|G53|N|R739|Y|E11319|Y|E785|Y|E781|Y|E8881|Y|Z653|Y|E119|Y|R931|Y|I259|Y|E669|Y|R7303|Y|D649|Y|M179|Y|P292|Y|Z591|Y|R4689|N|||||Y92|Y92|U| | | | | | | | | | | | | | | | | | | | | | |GZ3|27-Mar-2018|Z741|27-Mar-2018|F419|27-Mar-2018|Z1331|27-Mar-2018|Z1331|27-Mar-2018|F1990|27-Mar-2018|F109|27-Mar-2018|||||||||||||||||||||||||||||||||||||0|0||6|450|99408|3.0|2018-03-28T00:00:00|hospital_E|hospital_E_20180327
SYN_BENE_95637AEB296A|SYN_CLM_BD931CF80303|V|60|27-Mar-2018|27-Mar-2018|30-Mar-2018||3|107522|1|1|1|| |2157.21|0.0| ||10|1992753768| |9999623793| |9999623793|||0|1| |2157.21|27-Mar-2018|1|2|A|10|0.0|431.43|0|4|0.0|0.0|0|0|0|0|0|0|0|0|0|0|0|0|0|||||27-Mar-2018|19.0|0|0||E0922|E0922|N|E1121|Y|I252|Y|I214|Y|E113519|N|E113299|Y|G53|N|R739|Y|E11319|Y|E785|Y|E781|Y|E8881|Y|Z653|Y|E119|Y|R931|Y|I259|Y|E669|Y|R7303|Y|D649|Y|M179|Y|P292|Y|Z591|Y|R4689|N|||||Y92|Y92|U| | | | | | | | | | | | | | | | | | | | | | |GZ3|27-Mar-2018|Z741|27-Mar-2018|F419|27-Mar-2018|Z1331|27-Mar-2018|Z1331|27-Mar-2018|F1990|27-Mar-2018|F109|27-Mar-2018|||||||||||||||||||||||||||||||||||||0|0||7|450|G0442|3.0|2018-03-28T00:00:00|hospital_E|hospital_E_20180327
SYN_BENE_9733E8CDAE85|SYN_CLM_AA7B122038D1|V|60|27-Mar-2018|27-Mar-2018|30-Mar-2018||3|107522|1|1|1|| |2157.21|0.0| ||10|1992753768| |9999623793| |9999623793|||0|1| |2157.21|27-Mar-2018|1|2|A|10|0.0|431.43|0|4|0.0|0.0|0|0|0|0|0|0|0|0|0|0|0|0|0|||||27-Mar-2018|19.0|0|0||E0922|E0922|N|E1121|Y|I252|Y|I214|Y|E113519|N|E113299|Y|G53|N|R739|Y|E11319|Y|E785|Y|E781|Y|E8881|Y|Z653|Y|E119|Y|R931|Y|I259|Y|E669|Y|R7303|Y|D649|Y|M179|Y|P292|Y|Z591|Y|R4689|N|||||Y92|Y92|U| | | | | | | | | | | | | | | | | | | | | | |GZ3|27-Mar-2018|Z741|27-Mar-2018|F419|27-Mar-2018|Z1331|27-Mar-2018|Z1331|27-Mar-2018|F1990|27-Mar-2018|F109|27-Mar-2018|||||||||||||||||||||||||||||||||||||0|0||1|450|99495|3.0|2018-03-28T00:00:00|hospital_E|hospital_E_20180327
SYN_BENE_9733E8CDAE85|SYN_CLM_AA7B122038D1|V|60|27-Mar-2018|27-Mar-2018|30-Mar-2018||3|107522|1|1|1|| |2157.21|0.0| ||10|1992753768| |9999623793| |9999623793|||0|1| |2157.21|27-Mar-2018|1|2|A|10|0.0|431.43|0|4|0.0|0.0|0|0|0|0|0|0|0|0|0|0|0|0|0|||||27-Mar-2018|19.0|0|0||E0922|E0922|N|E1121|Y|I252|Y|I214|Y|E113519|N|E113299|Y|G53|N|R739|Y|E11319|Y|E785|Y|E781|Y|E8881|Y|Z653|Y|E119|Y|R931|Y|I259|Y|E669|Y|R7303|Y|D649|Y|M179|Y|P292|Y|Z591|Y|R4689|N|||||Y92|Y92|U| | | | | | | | | | | | | | | | | | | | | | |GZ3|27-Mar-2018|Z741|27-Mar-2018|F419|27-Mar-2018|Z1331|27-Mar-2018|Z1331|27-Mar-2018|F1990|27-Mar-2018|F109|27-Mar-2018|||||||||||||||||||||||||||||||||||||0|0||2|450|96156|3.0|2018-03-28T00:00:00|hospital_E|hospital_E_20180327
SYN_BENE_9733E8CDAE85|SYN_CLM_AA7B122038D1|V|60|27-Mar-2018|27-Mar-2018|30-Mar-2018||3|107522|1|1|1|| |2157.21|0.0| ||10|1992753768| |9999623793| |9999623793|||0|1| |2157.21|27-Mar-2018|1|2|A|10|0.0|431.43|0|4|0.0|0.0|0|0|0|0|0|0|0|0|0|0|0|0|0|||||27-Mar-2018|19.0|0|0||E0922|E0922|N|E1121|Y|I252|Y|I214|Y|E113519|N|E113299|Y|G53|N|R739|Y|E11319|Y|E785|Y|E781|Y|E8881|Y|Z653|Y|E119|Y|R931|Y|I259|Y|E669|Y|R7303|Y|D649|Y|M179|Y|P292|Y|Z591|Y|R4689|N|||||Y92|Y92|U| | | | | | | | | | | | | | | | | | | | | | |GZ3|27-Mar-2018|Z741|27-Mar-2018|F419|27-Mar-2018|Z1331|27-Mar-2018|Z1331|27-Mar-2018|F1990|27-Mar-2018|F109|27-Mar-2018|||||||||||||||||||||||||||||||||||||0|0||3|450|96127|3.0|2018-03-28T00:00:00|hospital_E|hospital_E_20180327
SYN_BENE_9733E8CDAE85|SYN_CLM_AA7B122038D1|V|60|27-Mar-2018|27-Mar-2018|30-Mar-2018||3|107522|1|1|1|| |2157.21|0.0| ||10|1992753768| |9999623793| |9999623793|||0|1| |2157.21|27-Mar-2018|1|2|A|10|0.0|431.43|0|4|0.0|0.0|0|0|0|0|0|0|0|0|0|0|0|0|0|||||27-Mar-2018|19.0|0|0||E0922|E0922|N|E1121|Y|I252|Y|I214|Y|E113519|N|E113299|Y|G53|N|R739|Y|E11319|Y|E785|Y|E781|Y|E8881|Y|Z653|Y|E119|Y|R931|Y|I259|Y|E669|Y|R7303|Y|D649|Y|M179|Y|P292|Y|Z591|Y|R4689|N|||||Y92|Y92|U| | | | | | | | | | | | | | | | | | | | | | |GZ3|27-Mar-2018|Z741|27-Mar-2018|F419|27-Mar-2018|Z1331|27-Mar-2018|Z1331|27-Mar-2018|F1990|27-Mar-2018|F109|27-Mar-2018|||||||||||||||||||||||||||||||||||||0|0||4|450|G0444|3.0|2018-03-28T00:00:00|hospital_E|hospital_E_20180327
SYN_BENE_9733E8CDAE85|SYN_CLM_AA7B122038D1|V|60|27-Mar-2018|27-Mar-2018|30-Mar-2018||3|107522|1|1|1|| |2157.21|0.0| ||10|1992753768| |9999623793| |9999623793|||0|1| |2157.21|27-Mar-2018|1|2|A|10|0.0|431.43|0|4|0.0|0.0|0|0|0|0|0|0|0|0|0|0|0|0|0|||||27-Mar-2018|19.0|0|0||E0922|E0922|N|E1121|Y|I252|Y|I214|Y|E113519|N|E113299|Y|G53|N|R739|Y|E11319|Y|E785|Y|E781|Y|E8881|Y|Z653|Y|E119|Y|R931|Y|I259|Y|E669|Y|R7303|Y|D649|Y|M179|Y|P292|Y|Z591|Y|R4689|N|||||Y92|Y92|U| | | | | | | | | | | | | | | | | | | | | | |GZ3|27-Mar-2018|Z741|27-Mar-2018|F419|27-Mar-2018|Z1331|27-Mar-2018|Z1331|27-Mar-2018|F1990|27-Mar-2018|F109|27-Mar-2018|||||||||||||||||||||||||||||||||||||0|0||5|450|G0444|3.0|2018-03-28T00:00:00|hospital_E|hospital_E_20180327
SYN_BENE_9733E8CDAE85|SYN_CLM_AA7B122038D1|V|60|27-Mar-2018|27-Mar-2018|30-Mar-2018||3|107522|1|1|1|| |2157.21|0.0| ||10|1992753768| |9999623793| |9999623793|||0|1| |2157.21|27-Mar-2018|1|2|A|10|0.0|431.43|0|4|0.0|0.0|0|0|0|0|0|0|0|0|0|0|0|0|0|||||27-Mar-2018|19.0|0|0||E0922|E0922|N|E1121|Y|I252|Y|I214|Y|E113519|N|E113299|Y|G53|N|R739|Y|E11319|Y|E785|Y|E781|Y|E8881|Y|Z653|Y|E119|Y|R931|Y|I259|Y|E669|Y|R7303|Y|D649|Y|M179|Y|P292|Y|Z591|Y|R4689|N|||||Y92|Y92|U| | | | | | | | | | | | | | | | | | | | | | |GZ3|27-Mar-2018|Z741|27-Mar-2018|F419|27-Mar-2018|Z1331|27-Mar-2018|Z1331|27-Mar-2018|F1990|27-Mar-2018|F109|27-Mar-2018|||||||||||||||||||||||||||||||||||||0|0||6|450|99408|3.0|2018-03-28T00:00:00|hospital_E|hospital_E_20180327
SYN_BENE_9733E8CDAE85|SYN_CLM_AA7B122038D1|V|60|27-Mar-2018|27-Mar-2018|30-Mar-2018||3|107522|1|1|1|| |2157.21|0.0| ||10|1992753768| |9999623793| |9999623793|||0|1| |2157.21|27-Mar-2018|1|2|A|10|0.0|431.43|0|4|0.0|0.0|0|0|0|0|0|0|0|0|0|0|0|0|0|||||27-Mar-2018|19.0|0|0||E0922|E0922|N|E1121|Y|I252|Y|I214|Y|E113519|N|E113299|Y|G53|N|R739|Y|E11319|Y|E785|Y|E781|Y|E8881|Y|Z653|Y|E119|Y|R931|Y|I259|Y|E669|Y|R7303|Y|D649|Y|M179|Y|P292|Y|Z591|Y|R4689|N|||||Y92|Y92|U| | | | | | | | | | | | | | | | | | | | | | |GZ3|27-Mar-2018|Z741|27-Mar-2018|F419|27-Mar-2018|Z1331|27-Mar-2018|Z1331|27-Mar-2018|F1990|27-Mar-2018|F109|27-Mar-2018|||||||||||||||||||||||||||||||||||||0|0||7|450|G0442|3.0|2018-03-28T00:00:00|hospital_E|hospital_E_20180327
SYN_BENE_9EDE7304C140|SYN_CLM_6B1C8305FF24|V|60|27-Mar-2018|27-Mar-2018|30-Mar-2018||3|107522|1|1|1|| |2157.21|0.0| ||10|1992753768| |9999623793| |9999623793|||0|1| |2157.21|27-Mar-2018|1|2|A|10|0.0|431.43|0|4|0.0|0.0|0|0|0|0|0|0|0|0|0|0|0|0|0|||||27-Mar-2018|19.0|0|0||E0922|E0922|N|E1121|Y|I252|Y|I214|Y|E113519|N|E113299|Y|G53|N|R739|Y|E11319|Y|E785|Y|E781|Y|E8881|Y|Z653|Y|E119|Y|R931|Y|I259|Y|E669|Y|R7303|Y|D649|Y|M179|Y|P292|Y|Z591|Y|R4689|N|||||Y92|Y92|U| | | | | | | | | | | | | | | | | | | | | | |GZ3|27-Mar-2018|Z741|27-Mar-2018|F419|27-Mar-2018|Z1331|27-Mar-2018|Z1331|27-Mar-2018|F1990|27-Mar-2018|F109|27-Mar-2018|||||||||||||||||||||||||||||||||||||0|0||1|450|99495|3.0|2018-03-28T00:00:00|hospital_E|hospital_E_20180327
SYN_BENE_9EDE7304C140|SYN_CLM_6B1C8305FF24|V|60|27-Mar-2018|27-Mar-2018|30-Mar-2018||3|107522|1|1|1|| |2157.21|0.0| ||10|1992753768| |9999623793| |9999623793|||0|1| |2157.21|27-Mar-2018|1|2|A|10|0.0|431.43|0|4|0.0|0.0|0|0|0|0|0|0|0|0|0|0|0|0|0|||||27-Mar-2018|19.0|0|0||E0922|E0922|N|E1121|Y|I252|Y|I214|Y|E113519|N|E113299|Y|G53|N|R739|Y|E11319|Y|E785|Y|E781|Y|E8881|Y|Z653|Y|E119|Y|R931|Y|I259|Y|E669|Y|R7303|Y|D649|Y|M179|Y|P292|Y|Z591|Y|R4689|N|||||Y92|Y92|U| | | | | | | | | | | | | | | | | | | | | | |GZ3|27-Mar-2018|Z741|27-Mar-2018|F419|27-Mar-2018|Z1331|27-Mar-2018|Z1331|27-Mar-2018|F1990|27-Mar-2018|F109|27-Mar-2018|||||||||||||||||||||||||||||||||||||0|0||2|450|96156|3.0|2018-03-28T00:00:00|hospital_E|hospital_E_20180327
SYN_BENE_9EDE7304C140|SYN_CLM_6B1C8305FF24|V|60|27-Mar-2018|27-Mar-2018|30-Mar-2018||3|107522|1|1|1|| |2157.21|0.0| ||10|1992753768| |9999623793| |9999623793|||0|1| |2157.21|27-Mar-2018|1|2|A|10|0.0|431.43|0|4|0.0|0.0|0|0|0|0|0|0|0|0|0|0|0|0|0|||||27-Mar-2018|19.0|0|0||E0922|E0922|N|E1121|Y|I252|Y|I214|Y|E113519|N|E113299|Y|G53|N|R739|Y|E11319|Y|E785|Y|E781|Y|E8881|Y|Z653|Y|E119|Y|R931|Y|I259|Y|E669|Y|R7303|Y|D649|Y|M179|Y|P292|Y|Z591|Y|R4689|N|||||Y92|Y92|U| | | | | | | | | | | | | | | | | | | | | | |GZ3|27-Mar-2018|Z741|27-Mar-2018|F419|27-Mar-2018|Z1331|27-Mar-2018|Z1331|27-Mar-2018|F1990|27-Mar-2018|F109|27-Mar-2018|||||||||||||||||||||||||||||||||||||0|0||3|450|96127|3.0|2018-03-28T00:00:00|hospital_E|hospital_E_20180327
SYN_BENE_9EDE7304C140|SYN_CLM_6B1C8305FF24|V|60|27-Mar-2018|27-Mar-2018|30-Mar-2018||3|107522|1|1|1|| |2157.21|0.0| ||10|1992753768| |9999623793| |9999623793|||0|1| |2157.21|27-Mar-2018|1|2|A|10|0.0|431.43|0|4|0.0|0.0|0|0|0|0|0|0|0|0|0|0|0|0|0|||||27-Mar-2018|19.0|0|0||E0922|E0922|N|E1121|Y|I252|Y|I214|Y|E113519|N|E113299|Y|G53|N|R739|Y|E11319|Y|E785|Y|E781|Y|E8881|Y|Z653|Y|E119|Y|R931|Y|I259|Y|E669|Y|R7303|Y|D649|Y|M179|Y|P292|Y|Z591|Y|R4689|N|||||Y92|Y92|U| | | | | | | | | | | | | | | | | | | | | | |GZ3|27-Mar-2018|Z741|27-Mar-2018|F419|27-Mar-2018|Z1331|27-Mar-2018|Z1331|27-Mar-2018|F1990|27-Mar-2018|F109|27-Mar-2018|||||||||||||||||||||||||||||||||||||0|0||4|450|G0444|3.0|2018-03-28T00:00:00|hospital_E|hospital_E_20180327
SYN_BENE_9EDE7304C140|SYN_CLM_6B1C8305FF24|V|60|27-Mar-2018|27-Mar-2018|30-Mar-2018||3|107522|1|1|1|| |2157.21|0.0| ||10|1992753768| |9999623793| |9999623793|||0|1| |2157.21|27-Mar-2018|1|2|A|10|0.0|431.43|0|4|0.0|0.0|0|0|0|0|0|0|0|0|0|0|0|0|0|||||27-Mar-2018|19.0|0|0||E0922|E0922|N|E1121|Y|I252|Y|I214|Y|E113519|N|E113299|Y|G53|N|R739|Y|E11319|Y|E785|Y|E781|Y|E8881|Y|Z653|Y|E119|Y|R931|Y|I259|Y|E669|Y|R7303|Y|D649|Y|M179|Y|P292|Y|Z591|Y|R4689|N|||||Y92|Y92|U| | | | | | | | | | | | | | | | | | | | | | |GZ3|27-Mar-2018|Z741|27-Mar-2018|F419|27-Mar-2018|Z1331|27-Mar-2018|Z1331|27-Mar-2018|F1990|27-Mar-2018|F109|27-Mar-2018|||||||||||||||||||||||||||||||||||||0|0||5|450|G0444|3.0|2018-03-28T00:00:00|hospital_E|hospital_E_20180327
SYN_BENE_9EDE7304C140|SYN_CLM_6B1C8305FF24|V|60|27-Mar-2018|27-Mar-2018|30-Mar-2018||3|107522|1|1|1|| |2157.21|0.0| ||10|1992753768| |9999623793| |9999623793|||0|1| |2157.21|27-Mar-2018|1|2|A|10|0.0|431.43|0|4|0.0|0.0|0|0|0|0|0|0|0|0|0|0|0|0|0|||||27-Mar-2018|19.0|0|0||E0922|E0922|N|E1121|Y|I252|Y|I214|Y|E113519|N|E113299|Y|G53|N|R739|Y|E11319|Y|E785|Y|E781|Y|E8881|Y|Z653|Y|E119|Y|R931|Y|I259|Y|E669|Y|R7303|Y|D649|Y|M179|Y|P292|Y|Z591|Y|R4689|N|||||Y92|Y92|U| | | | | | | | | | | | | | | | | | | | | | |GZ3|27-Mar-2018|Z741|27-Mar-2018|F419|27-Mar-2018|Z1331|27-Mar-2018|Z1331|27-Mar-2018|F1990|27-Mar-2018|F109|27-Mar-2018|||||||||||||||||||||||||||||||||||||0|0||6|450|99408|3.0|2018-03-28T00:00:00|hospital_E|hospital_E_20180327
SYN_BENE_9EDE7304C140|SYN_CLM_6B1C8305FF24|V|60|27-Mar-2018|27-Mar-2018|30-Mar-2018||3|107522|1|1|1|| |2157.21|0.0| ||10|1992753768| |9999623793| |9999623793|||0|1| |2157.21|27-Mar-2018|1|2|A|10|0.0|431.43|0|4|0.0|0.0|0|0|0|0|0|0|0|0|0|0|0|0|0|||||27-Mar-2018|19.0|0|0||E0922|E0922|N|E1121|Y|I252|Y|I214|Y|E113519|N|E113299|Y|G53|N|R739|Y|E11319|Y|E785|Y|E781|Y|E8881|Y|Z653|Y|E119|Y|R931|Y|I259|Y|E669|Y|R7303|Y|D649|Y|M179|Y|P292|Y|Z591|Y|R4689|N|||||Y92|Y92|U| | | | | | | | | | | | | | | | | | | | | | |GZ3|27-Mar-2018|Z741|27-Mar-2018|F419|27-Mar-2018|Z1331|27-Mar-2018|Z1331|27-Mar-2018|F1990|27-Mar-2018|F109|27-Mar-2018|||||||||||||||||||||||||||||||||||||0|0||7|450|G0442|3.0|2018-03-28T00:00:00|hospital_E|hospital_E_20180327
SYN_BENE_D3BA7A0FF179|SYN_CLM_B6ABAD450098|V|60|27-Mar-2018|27-Mar-2018|30-Mar-2018||3|107522|1|1|1|| |2157.21|0.0| ||10|1992753768| |9999623793| |9999623793|||0|1| |2157.21|27-Mar-2018|1|2|A|10|0.0|431.43|0|4|0.0|0.0|0|0|0|0|0|0|0|0|0|0|0|0|0|||||27-Mar-2018|19.0|0|0||E0922|E0922|N|E1121|Y|I252|Y|I214|Y|E113519|N|E113299|Y|G53|N|R739|Y|E11319|Y|E785|Y|E781|Y|E8881|Y|Z653|Y|E119|Y|R931|Y|I259|Y|E669|Y|R7303|Y|D649|Y|M179|Y|P292|Y|Z591|Y|R4689|N|||||Y92|Y92|U| | | | | | | | | | | | | | | | | | | | | | |GZ3|27-Mar-2018|Z741|27-Mar-2018|F419|27-Mar-2018|Z1331|27-Mar-2018|Z1331|27-Mar-2018|F1990|27-Mar-2018|F109|27-Mar-2018|||||||||||||||||||||||||||||||||||||0|0||1|450|99495|3.0|2018-03-28T00:00:00|hospital_E|hospital_E_20180327
SYN_BENE_D3BA7A0FF179|SYN_CLM_B6ABAD450098|V|60|27-Mar-2018|27-Mar-2018|30-Mar-2018||3|107522|1|1|1|| |2157.21|0.0| ||10|1992753768| |9999623793| |9999623793|||0|1| |2157.21|27-Mar-2018|1|2|A|10|0.0|431.43|0|4|0.0|0.0|0|0|0|0|0|0|0|0|0|0|0|0|0|||||27-Mar-2018|19.0|0|0||E0922|E0922|N|E1121|Y|I252|Y|I214|Y|E113519|N|E113299|Y|G53|N|R739|Y|E11319|Y|E785|Y|E781|Y|E8881|Y|Z653|Y|E119|Y|R931|Y|I259|Y|E669|Y|R7303|Y|D649|Y|M179|Y|P292|Y|Z591|Y|R4689|N|||||Y92|Y92|U| | | | | | | | | | | | | | | | | | | | | | |GZ3|27-Mar-2018|Z741|27-Mar-2018|F419|27-Mar-2018|Z1331|27-Mar-2018|Z1331|27-Mar-2018|F1990|27-Mar-2018|F109|27-Mar-2018|||||||||||||||||||||||||||||||||||||0|0||2|450|96156|3.0|2018-03-28T00:00:00|hospital_E|hospital_E_20180327
SYN_BENE_D3BA7A0FF179|SYN_CLM_B6ABAD450098|V|60|27-Mar-2018|27-Mar-2018|30-Mar-2018||3|107522|1|1|1|| |2157.21|0.0| ||10|1992753768| |9999623793| |9999623793|||0|1| |2157.21|27-Mar-2018|1|2|A|10|0.0|431.43|0|4|0.0|0.0|0|0|0|0|0|0|0|0|0|0|0|0|0|||||27-Mar-2018|19.0|0|0||E0922|E0922|N|E1121|Y|I252|Y|I214|Y|E113519|N|E113299|Y|G53|N|R739|Y|E11319|Y|E785|Y|E781|Y|E8881|Y|Z653|Y|E119|Y|R931|Y|I259|Y|E669|Y|R7303|Y|D649|Y|M179|Y|P292|Y|Z591|Y|R4689|N|||||Y92|Y92|U| | | | | | | | | | | | | | | | | | | | | | |GZ3|27-Mar-2018|Z741|27-Mar-2018|F419|27-Mar-2018|Z1331|27-Mar-2018|Z1331|27-Mar-2018|F1990|27-Mar-2018|F109|27-Mar-2018|||||||||||||||||||||||||||||||||||||0|0||3|450|96127|3.0|2018-03-28T00:00:00|hospital_E|hospital_E_20180327
SYN_BENE_D3BA7A0FF179|SYN_CLM_B6ABAD450098|V|60|27-Mar-2018|27-Mar-2018|30-Mar-2018||3|107522|1|1|1|| |2157.21|0.0| ||10|1992753768| |9999623793| |9999623793|||0|1| |2157.21|27-Mar-2018|1|2|A|10|0.0|431.43|0|4|0.0|0.0|0|0|0|0|0|0|0|0|0|0|0|0|0|||||27-Mar-2018|19.0|0|0||E0922|E0922|N|E1121|Y|I252|Y|I214|Y|E113519|N|E113299|Y|G53|N|R739|Y|E11319|Y|E785|Y|E781|Y|E8881|Y|Z653|Y|E119|Y|R931|Y|I259|Y|E669|Y|R7303|Y|D649|Y|M179|Y|P292|Y|Z591|Y|R4689|N|||||Y92|Y92|U| | | | | | | | | | | | | | | | | | | | | | |GZ3|27-Mar-2018|Z741|27-Mar-2018|F419|27-Mar-2018|Z1331|27-Mar-2018|Z1331|27-Mar-2018|F1990|27-Mar-2018|F109|27-Mar-2018|||||||||||||||||||||||||||||||||||||0|0||4|450|G0444|3.0|2018-03-28T00:00:00|hospital_E|hospital_E_20180327
SYN_BENE_D3BA7A0FF179|SYN_CLM_B6ABAD450098|V|60|27-Mar-2018|27-Mar-2018|30-Mar-2018||3|107522|1|1|1|| |2157.21|0.0| ||10|1992753768| |9999623793| |9999623793|||0|1| |2157.21|27-Mar-2018|1|2|A|10|0.0|431.43|0|4|0.0|0.0|0|0|0|0|0|0|0|0|0|0|0|0|0|||||27-Mar-2018|19.0|0|0||E0922|E0922|N|E1121|Y|I252|Y|I214|Y|E113519|N|E113299|Y|G53|N|R739|Y|E11319|Y|E785|Y|E781|Y|E8881|Y|Z653|Y|E119|Y|R931|Y|I259|Y|E669|Y|R7303|Y|D649|Y|M179|Y|P292|Y|Z591|Y|R4689|N|||||Y92|Y92|U| | | | | | | | | | | | | | | | | | | | | | |GZ3|27-Mar-2018|Z741|27-Mar-2018|F419|27-Mar-2018|Z1331|27-Mar-2018|Z1331|27-Mar-2018|F1990|27-Mar-2018|F109|27-Mar-2018|||||||||||||||||||||||||||||||||||||0|0||5|450|G0444|3.0|2018-03-28T00:00:00|hospital_E|hospital_E_20180327
SYN_BENE_D3BA7A0FF179|SYN_CLM_B6ABAD450098|V|60|27-Mar-2018|27-Mar-2018|30-Mar-2018||3|107522|1|1|1|| |2157.21|0.0| ||10|1992753768| |9999623793| |9999623793|||0|1| |2157.21|27-Mar-2018|1|2|A|10|0.0|431.43|0|4|0.0|0.0|0|0|0|0|0|0|0|0|0|0|0|0|0|||||27-Mar-2018|19.0|0|0||E0922|E0922|N|E1121|Y|I252|Y|I214|Y|E113519|N|E113299|Y|G53|N|R739|Y|E11319|Y|E785|Y|E781|Y|E8881|Y|Z653|Y|E119|Y|R931|Y|I259|Y|E669|Y|R7303|Y|D649|Y|M179|Y|P292|Y|Z591|Y|R4689|N|||||Y92|Y92|U| | | | | | | | | | | | | | | | | | | | | | |GZ3|27-Mar-2018|Z741|27-Mar-2018|F419|27-Mar-2018|Z1331|27-Mar-2018|Z1331|27-Mar-2018|F1990|27-Mar-2018|F109|27-Mar-2018|||||||||||||||||||||||||||||||||||||0|0||6|450|99408|3.0|2018-03-28T00:00:00|hospital_E|hospital_E_20180327
SYN_BENE_D3BA7A0FF179|SYN_CLM_B6ABAD450098|V|60|27-Mar-2018|27-Mar-2018|30-Mar-2018||3|107522|1|1|1|| |2157.21|0.0| ||10|1992753768| |9999623793| |9999623793|||0|1| |2157.21|27-Mar-2018|1|2|A|10|0.0|431.43|0|4|0.0|0.0|0|0|0|0|0|0|0|0|0|0|0|0|0|||||27-Mar-2018|19.0|0|0||E0922|E0922|N|E1121|Y|I252|Y|I214|Y|E113519|N|E113299|Y|G53|N|R739|Y|E11319|Y|E785|Y|E781|Y|E8881|Y|Z653|Y|E119|Y|R931|Y|I259|Y|E669|Y|R7303|Y|D649|Y|M179|Y|P292|Y|Z591|Y|R4689|N|||||Y92|Y92|U| | | | | | | | | | | | | | | | | | | | | | |GZ3|27-Mar-2018|Z741|27-Mar-2018|F419|27-Mar-2018|Z1331|27-Mar-2018|Z1331|27-Mar-2018|F1990|27-Mar-2018|F109|27-Mar-2018|||||||||||||||||||||||||||||||||||||0|0||7|450|G0442|3.0|2018-03-28T00:00:00|hospital_E|hospital_E_20180327
SYN_BENE_A644826F45FC|SYN_CLM_95F955A4388F|V|60|27-Mar-2018|27-Mar-2018|30-Mar-2018||3|107522|1|1|1|| |2157.21|0.0| ||10|1992753768| |9999623793| |9999623793|||0|1| |2157.21|27-Mar-2018|1|2|A|10|0.0|431.43|0|4|0.0|0.0|0|0|0|0|0|0|0|0|0|0|0|0|0|||||27-Mar-2018|19.0|0|0||E0922|E0922|N|E1121|Y|I252|Y|I214|Y|E113519|N|E113299|Y|G53|N|R739|Y|E11319|Y|E785|Y|E781|Y|E8881|Y|Z653|Y|E119|Y|R931|Y|I259|Y|E669|Y|R7303|Y|D649|Y|M179|Y|P292|Y|Z591|Y|R4689|N|||||Y92|Y92|U| | | | | | | | | | | | | | | | | | | | | | |GZ3|27-Mar-2018|Z741|27-Mar-2018|F419|27-Mar-2018|Z1331|27-Mar-2018|Z1331|27-Mar-2018|F1990|27-Mar-2018|F109|27-Mar-2018|||||||||||||||||||||||||||||||||||||0|0||1|450|99495|3.0|2018-03-28T00:00:00|hospital_E|hospital_E_20180327
SYN_BENE_A644826F45FC|SYN_CLM_95F955A4388F|V|60|27-Mar-2018|27-Mar-2018|30-Mar-2018||3|107522|1|1|1|| |2157.21|0.0| ||10|1992753768| |9999623793| |9999623793|||0|1| |2157.21|27-Mar-2018|1|2|A|10|0.0|431.43|0|4|0.0|0.0|0|0|0|0|0|0|0|0|0|0|0|0|0|||||27-Mar-2018|19.0|0|0||E0922|E0922|N|E1121|Y|I252|Y|I214|Y|E113519|N|E113299|Y|G53|N|R739|Y|E11319|Y|E785|Y|E781|Y|E8881|Y|Z653|Y|E119|Y|R931|Y|I259|Y|E669|Y|R7303|Y|D649|Y|M179|Y|P292|Y|Z591|Y|R4689|N|||||Y92|Y92|U| | | | | | | | | | | | | | | | | | | | | | |GZ3|27-Mar-2018|Z741|27-Mar-2018|F419|27-Mar-2018|Z1331|27-Mar-2018|Z1331|27-Mar-2018|F1990|27-Mar-2018|F109|27-Mar-2018|||||||||||||||||||||||||||||||||||||0|0||2|450|96156|3.0|2018-03-28T00:00:00|hospital_E|hospital_E_20180327
SYN_BENE_A644826F45FC|SYN_CLM_95F955A4388F|V|60|27-Mar-2018|27-Mar-2018|30-Mar-2018||3|107522|1|1|1|| |2157.21|0.0| ||10|1992753768| |9999623793| |9999623793|||0|1| |2157.21|27-Mar-2018|1|2|A|10|0.0|431.43|0|4|0.0|0.0|0|0|0|0|0|0|0|0|0|0|0|0|0|||||27-Mar-2018|19.0|0|0||E0922|E0922|N|E1121|Y|I252|Y|I214|Y|E113519|N|E113299|Y|G53|N|R739|Y|E11319|Y|E785|Y|E781|Y|E8881|Y|Z653|Y|E119|Y|R931|Y|I259|Y|E669|Y|R7303|Y|D649|Y|M179|Y|P292|Y|Z591|Y|R4689|N|||||Y92|Y92|U| | | | | | | | | | | | | | | | | | | | | | |GZ3|27-Mar-2018|Z741|27-Mar-2018|F419|27-Mar-2018|Z1331|27-Mar-2018|Z1331|27-Mar-2018|F1990|27-Mar-2018|F109|27-Mar-2018|||||||||||||||||||||||||||||||||||||0|0||3|450|96127|3.0|2018-03-28T00:00:00|hospital_E|hospital_E_20180327
SYN_BENE_A644826F45FC|SYN_CLM_95F955A4388F|V|60|27-Mar-2018|27-Mar-2018|30-Mar-2018||3|107522|1|1|1|| |2157.21|0.0| ||10|1992753768| |9999623793| |9999623793|||0|1| |2157.21|27-Mar-2018|1|2|A|10|0.0|431.43|0|4|0.0|0.0|0|0|0|0|0|0|0|0|0|0|0|0|0|||||27-Mar-2018|19.0|0|0||E0922|E0922|N|E1121|Y|I252|Y|I214|Y|E113519|N|E113299|Y|G53|N|R739|Y|E11319|Y|E785|Y|E781|Y|E8881|Y|Z653|Y|E119|Y|R931|Y|I259|Y|E669|Y|R7303|Y|D649|Y|M179|Y|P292|Y|Z591|Y|R4689|N|||||Y92|Y92|U| | | | | | | | | | | | | | | | | | | | | | |GZ3|27-Mar-2018|Z741|27-Mar-2018|F419|27-Mar-2018|Z1331|27-Mar-2018|Z1331|27-Mar-2018|F1990|27-Mar-2018|F109|27-Mar-2018|||||||||||||||||||||||||||||||||||||0|0||4|450|G0444|3.0|2018-03-28T00:00:00|hospital_E|hospital_E_20180327
SYN_BENE_A644826F45FC|SYN_CLM_95F955A4388F|V|60|27-Mar-2018|27-Mar-2018|30-Mar-2018||3|107522|1|1|1|| |2157.21|0.0| ||10|1992753768| |9999623793| |9999623793|||0|1| |2157.21|27-Mar-2018|1|2|A|10|0.0|431.43|0|4|0.0|0.0|0|0|0|0|0|0|0|0|0|0|0|0|0|||||27-Mar-2018|19.0|0|0||E0922|E0922|N|E1121|Y|I252|Y|I214|Y|E113519|N|E113299|Y|G53|N|R739|Y|E11319|Y|E785|Y|E781|Y|E8881|Y|Z653|Y|E119|Y|R931|Y|I259|Y|E669|Y|R7303|Y|D649|Y|M179|Y|P292|Y|Z591|Y|R4689|N|||||Y92|Y92|U| | | | | | | | | | | | | | | | | | | | | | |GZ3|27-Mar-2018|Z741|27-Mar-2018|F419|27-Mar-2018|Z1331|27-Mar-2018|Z1331|27-Mar-2018|F1990|27-Mar-2018|F109|27-Mar-2018|||||||||||||||||||||||||||||||||||||0|0||5|450|G0444|3.0|2018-03-28T00:00:00|hospital_E|hospital_E_20180327
SYN_BENE_A644826F45FC|SYN_CLM_95F955A4388F|V|60|27-Mar-2018|27-Mar-2018|30-Mar-2018||3|107522|1|1|1|| |2157.21|0.0| ||10|1992753768| |9999623793| |9999623793|||0|1| |2157.21|27-Mar-2018|1|2|A|10|0.0|431.43|0|4|0.0|0.0|0|0|0|0|0|0|0|0|0|0|0|0|0|||||27-Mar-2018|19.0|0|0||E0922|E0922|N|E1121|Y|I252|Y|I214|Y|E113519|N|E113299|Y|G53|N|R739|Y|E11319|Y|E785|Y|E781|Y|E8881|Y|Z653|Y|E119|Y|R931|Y|I259|Y|E669|Y|R7303|Y|D649|Y|M179|Y|P292|Y|Z591|Y|R4689|N|||||Y92|Y92|U| | | | | | | | | | | | | | | | | | | | | | |GZ3|27-Mar-2018|Z741|27-Mar-2018|F419|27-Mar-2018|Z1331|27-Mar-2018|Z1331|27-Mar-2018|F1990|27-Mar-2018|F109|27-Mar-2018|||||||||||||||||||||||||||||||||||||0|0||6|450|99408|3.0|2018-03-28T00:00:00|hospital_E|hospital_E_20180327
SYN_BENE_A644826F45FC|SYN_CLM_95F955A4388F|V|60|27-Mar-2018|27-Mar-2018|30-Mar-2018||3|107522|1|1|1|| |2157.21|0.0| ||10|1992753768| |9999623793| |9999623793|||0|1| |2157.21|27-Mar-2018|1|2|A|10|0.0|431.43|0|4|0.0|0.0|0|0|0|0|0|0|0|0|0|0|0|0|0|||||27-Mar-2018|19.0|0|0||E0922|E0922|N|E1121|Y|I252|Y|I214|Y|E113519|N|E113299|Y|G53|N|R739|Y|E11319|Y|E785|Y|E781|Y|E8881|Y|Z653|Y|E119|Y|R931|Y|I259|Y|E669|Y|R7303|Y|D649|Y|M179|Y|P292|Y|Z591|Y|R4689|N|||||Y92|Y92|U| | | | | | | | | | | | | | | | | | | | | | |GZ3|27-Mar-2018|Z741|27-Mar-2018|F419|27-Mar-2018|Z1331|27-Mar-2018|Z1331|27-Mar-2018|F1990|27-Mar-2018|F109|27-Mar-2018|||||||||||||||||||||||||||||||||||||0|0||7|450|G0442|3.0|2018-03-28T00:00:00|hospital_E|hospital_E_20180327
SYN_BENE_05EE3C195F24|SYN_CLM_45929B5CCB2B|V|60|27-Mar-2018|27-Mar-2018|30-Mar-2018||3|107522|1|1|1|| |2157.21|0.0| ||10|1992753768| |9999623793| |9999623793|||0|1| |2157.21|27-Mar-2018|1|2|A|10|0.0|431.43|0|4|0.0|0.0|0|0|0|0|0|0|0|0|0|0|0|0|0|||||27-Mar-2018|19.0|0|0||E0922|E0922|N|E1121|Y|I252|Y|I214|Y|E113519|N|E113299|Y|G53|N|R739|Y|E11319|Y|E785|Y|E781|Y|E8881|Y|Z653|Y|E119|Y|R931|Y|I259|Y|E669|Y|R7303|Y|D649|Y|M179|Y|P292|Y|Z591|Y|R4689|N|||||Y92|Y92|U| | | | | | | | | | | | | | | | | | | | | | |GZ3|27-Mar-2018|Z741|27-Mar-2018|F419|27-Mar-2018|Z1331|27-Mar-2018|Z1331|27-Mar-2018|F1990|27-Mar-2018|F109|27-Mar-2018|||||||||||||||||||||||||||||||||||||0|0||1|450|99495|3.0|2018-03-28T00:00:00|hospital_E|hospital_E_20180327
SYN_BENE_05EE3C195F24|SYN_CLM_45929B5CCB2B|V|60|27-Mar-2018|27-Mar-2018|30-Mar-2018||3|107522|1|1|1|| |2157.21|0.0| ||10|1992753768| |9999623793| |9999623793|||0|1| |2157.21|27-Mar-2018|1|2|A|10|0.0|431.43|0|4|0.0|0.0|0|0|0|0|0|0|0|0|0|0|0|0|0|||||27-Mar-2018|19.0|0|0||E0922|E0922|N|E1121|Y|I252|Y|I214|Y|E113519|N|E113299|Y|G53|N|R739|Y|E11319|Y|E785|Y|E781|Y|E8881|Y|Z653|Y|E119|Y|R931|Y|I259|Y|E669|Y|R7303|Y|D649|Y|M179|Y|P292|Y|Z591|Y|R4689|N|||||Y92|Y92|U| | | | | | | | | | | | | | | | | | | | | | |GZ3|27-Mar-2018|Z741|27-Mar-2018|F419|27-Mar-2018|Z1331|27-Mar-2018|Z1331|27-Mar-2018|F1990|27-Mar-2018|F109|27-Mar-2018|||||||||||||||||||||||||||||||||||||0|0||2|450|96156|3.0|2018-03-28T00:00:00|hospital_E|hospital_E_20180327
SYN_BENE_05EE3C195F24|SYN_CLM_45929B5CCB2B|V|60|27-Mar-2018|27-Mar-2018|30-Mar-2018||3|107522|1|1|1|| |2157.21|0.0| ||10|1992753768| |9999623793| |9999623793|||0|1| |2157.21|27-Mar-2018|1|2|A|10|0.0|431.43|0|4|0.0|0.0|0|0|0|0|0|0|0|0|0|0|0|0|0|||||27-Mar-2018|19.0|0|0||E0922|E0922|N|E1121|Y|I252|Y|I214|Y|E113519|N|E113299|Y|G53|N|R739|Y|E11319|Y|E785|Y|E781|Y|E8881|Y|Z653|Y|E119|Y|R931|Y|I259|Y|E669|Y|R7303|Y|D649|Y|M179|Y|P292|Y|Z591|Y|R4689|N|||||Y92|Y92|U| | | | | | | | | | | | | | | | | | | | | | |GZ3|27-Mar-2018|Z741|27-Mar-2018|F419|27-Mar-2018|Z1331|27-Mar-2018|Z1331|27-Mar-2018|F1990|27-Mar-2018|F109|27-Mar-2018|||||||||||||||||||||||||||||||||||||0|0||3|450|96127|3.0|2018-03-28T00:00:00|hospital_E|hospital_E_20180327
SYN_BENE_05EE3C195F24|SYN_CLM_45929B5CCB2B|V|60|27-Mar-2018|27-Mar-2018|30-Mar-2018||3|107522|1|1|1|| |2157.21|0.0| ||10|1992753768| |9999623793| |9999623793|||0|1| |2157.21|27-Mar-2018|1|2|A|10|0.0|431.43|0|4|0.0|0.0|0|0|0|0|0|0|0|0|0|0|0|0|0|||||27-Mar-2018|19.0|0|0||E0922|E0922|N|E1121|Y|I252|Y|I214|Y|E113519|N|E113299|Y|G53|N|R739|Y|E11319|Y|E785|Y|E781|Y|E8881|Y|Z653|Y|E119|Y|R931|Y|I259|Y|E669|Y|R7303|Y|D649|Y|M179|Y|P292|Y|Z591|Y|R4689|N|||||Y92|Y92|U| | | | | | | | | | | | | | | | | | | | | | |GZ3|27-Mar-2018|Z741|27-Mar-2018|F419|27-Mar-2018|Z1331|27-Mar-2018|Z1331|27-Mar-2018|F1990|27-Mar-2018|F109|27-Mar-2018|||||||||||||||||||||||||||||||||||||0|0||4|450|G0444|3.0|2018-03-28T00:00:00|hospital_E|hospital_E_20180327
SYN_BENE_05EE3C195F24|SYN_CLM_45929B5CCB2B|V|60|27-Mar-2018|27-Mar-2018|30-Mar-2018||3|107522|1|1|1|| |2157.21|0.0| ||10|1992753768| |9999623793| |9999623793|||0|1| |2157.21|27-Mar-2018|1|2|A|10|0.0|431.43|0|4|0.0|0.0|0|0|0|0|0|0|0|0|0|0|0|0|0|||||27-Mar-2018|19.0|0|0||E0922|E0922|N|E1121|Y|I252|Y|I214|Y|E113519|N|E113299|Y|G53|N|R739|Y|E11319|Y|E785|Y|E781|Y|E8881|Y|Z653|Y|E119|Y|R931|Y|I259|Y|E669|Y|R7303|Y|D649|Y|M179|Y|P292|Y|Z591|Y|R4689|N|||||Y92|Y92|U| | | | | | | | | | | | | | | | | | | | | | |GZ3|27-Mar-2018|Z741|27-Mar-2018|F419|27-Mar-2018|Z1331|27-Mar-2018|Z1331|27-Mar-2018|F1990|27-Mar-2018|F109|27-Mar-2018|||||||||||||||||||||||||||||||||||||0|0||5|450|G0444|3.0|2018-03-28T00:00:00|hospital_E|hospital_E_20180327
SYN_BENE_05EE3C195F24|SYN_CLM_45929B5CCB2B|V|60|27-Mar-2018|27-Mar-2018|30-Mar-2018||3|107522|1|1|1|| |2157.21|0.0| ||10|1992753768| |9999623793| |9999623793|||0|1| |2157.21|27-Mar-2018|1|2|A|10|0.0|431.43|0|4|0.0|0.0|0|0|0|0|0|0|0|0|0|0|0|0|0|||||27-Mar-2018|19.0|0|0||E0922|E0922|N|E1121|Y|I252|Y|I214|Y|E113519|N|E113299|Y|G53|N|R739|Y|E11319|Y|E785|Y|E781|Y|E8881|Y|Z653|Y|E119|Y|R931|Y|I259|Y|E669|Y|R7303|Y|D649|Y|M179|Y|P292|Y|Z591|Y|R4689|N|||||Y92|Y92|U| | | | | | | | | | | | | | | | | | | | | | |GZ3|27-Mar-2018|Z741|27-Mar-2018|F419|27-Mar-2018|Z1331|27-Mar-2018|Z1331|27-Mar-2018|F1990|27-Mar-2018|F109|27-Mar-2018|||||||||||||||||||||||||||||||||||||0|0||6|450|99408|3.0|2018-03-28T00:00:00|hospital_E|hospital_E_20180327
SYN_BENE_05EE3C195F24|SYN_CLM_45929B5CCB2B|V|60|27-Mar-2018|27-Mar-2018|30-Mar-2018||3|107522|1|1|1|| |2157.21|0.0| ||10|1992753768| |9999623793| |9999623793|||0|1| |2157.21|27-Mar-2018|1|2|A|10|0.0|431.43|0|4|0.0|0.0|0|0|0|0|0|0|0|0|0|0|0|0|0|||||27-Mar-2018|19.0|0|0||E0922|E0922|N|E1121|Y|I252|Y|I214|Y|E113519|N|E113299|Y|G53|N|R739|Y|E11319|Y|E785|Y|E781|Y|E8881|Y|Z653|Y|E119|Y|R931|Y|I259|Y|E669|Y|R7303|Y|D649|Y|M179|Y|P292|Y|Z591|Y|R4689|N|||||Y92|Y92|U| | | | | | | | | | | | | | | | | | | | | | |GZ3|27-Mar-2018|Z741|27-Mar-2018|F419|27-Mar-2018|Z1331|27-Mar-2018|Z1331|27-Mar-2018|F1990|27-Mar-2018|F109|27-Mar-2018|||||||||||||||||||||||||||||||||||||0|0||7|450|G0442|3.0|2018-03-28T00:00:00|hospital_E|hospital_E_20180327
SYN_BENE_316DAC0AE4E0|SYN_CLM_DA6F0BDA42E8|V|60|27-Mar-2018|27-Mar-2018|30-Mar-2018||3|107522|1|1|1|| |2157.21|0.0| ||10|1992753768| |9999623793| |9999623793|||0|1| |2157.21|27-Mar-2018|1|2|A|10|0.0|431.43|0|4|0.0|0.0|0|0|0|0|0|0|0|0|0|0|0|0|0|||||27-Mar-2018|19.0|0|0||E0922|E0922|N|E1121|Y|I252|Y|I214|Y|E113519|N|E113299|Y|G53|N|R739|Y|E11319|Y|E785|Y|E781|Y|E8881|Y|Z653|Y|E119|Y|R931|Y|I259|Y|E669|Y|R7303|Y|D649|Y|M179|Y|P292|Y|Z591|Y|R4689|N|||||Y92|Y92|U| | | | | | | | | | | | | | | | | | | | | | |GZ3|27-Mar-2018|Z741|27-Mar-2018|F419|27-Mar-2018|Z1331|27-Mar-2018|Z1331|27-Mar-2018|F1990|27-Mar-2018|F109|27-Mar-2018|||||||||||||||||||||||||||||||||||||0|0||1|450|99495|3.0|2018-03-28T00:00:00|hospital_E|hospital_E_20180327
SYN_BENE_316DAC0AE4E0|SYN_CLM_DA6F0BDA42E8|V|60|27-Mar-2018|27-Mar-2018|30-Mar-2018||3|107522|1|1|1|| |2157.21|0.0| ||10|1992753768| |9999623793| |9999623793|||0|1| |2157.21|27-Mar-2018|1|2|A|10|0.0|431.43|0|4|0.0|0.0|0|0|0|0|0|0|0|0|0|0|0|0|0|||||27-Mar-2018|19.0|0|0||E0922|E0922|N|E1121|Y|I252|Y|I214|Y|E113519|N|E113299|Y|G53|N|R739|Y|E11319|Y|E785|Y|E781|Y|E8881|Y|Z653|Y|E119|Y|R931|Y|I259|Y|E669|Y|R7303|Y|D649|Y|M179|Y|P292|Y|Z591|Y|R4689|N|||||Y92|Y92|U| | | | | | | | | | | | | | | | | | | | | | |GZ3|27-Mar-2018|Z741|27-Mar-2018|F419|27-Mar-2018|Z1331|27-Mar-2018|Z1331|27-Mar-2018|F1990|27-Mar-2018|F109|27-Mar-2018|||||||||||||||||||||||||||||||||||||0|0||2|450|96156|3.0|2018-03-28T00:00:00|hospital_E|hospital_E_20180327
SYN_BENE_316DAC0AE4E0|SYN_CLM_DA6F0BDA42E8|V|60|27-Mar-2018|27-Mar-2018|30-Mar-2018||3|107522|1|1|1|| |2157.21|0.0| ||10|1992753768| |9999623793| |9999623793|||0|1| |2157.21|27-Mar-2018|1|2|A|10|0.0|431.43|0|4|0.0|0.0|0|0|0|0|0|0|0|0|0|0|0|0|0|||||27-Mar-2018|19.0|0|0||E0922|E0922|N|E1121|Y|I252|Y|I214|Y|E113519|N|E113299|Y|G53|N|R739|Y|E11319|Y|E785|Y|E781|Y|E8881|Y|Z653|Y|E119|Y|R931|Y|I259|Y|E669|Y|R7303|Y|D649|Y|M179|Y|P292|Y|Z591|Y|R4689|N|||||Y92|Y92|U| | | | | | | | | | | | | | | | | | | | | | |GZ3|27-Mar-2018|Z741|27-Mar-2018|F419|27-Mar-2018|Z1331|27-Mar-2018|Z1331|27-Mar-2018|F1990|27-Mar-2018|F109|27-Mar-2018|||||||||||||||||||||||||||||||||||||0|0||3|450|96127|3.0|2018-03-28T00:00:00|hospital_E|hospital_E_20180327
SYN_BENE_316DAC0AE4E0|SYN_CLM_DA6F0BDA42E8|V|60|27-Mar-2018|27-Mar-2018|30-Mar-2018||3|107522|1|1|1|| |2157.21|0.0| ||10|1992753768| |9999623793| |9999623793|||0|1| |2157.21|27-Mar-2018|1|2|A|10|0.0|431.43|0|4|0.0|0.0|0|0|0|0|0|0|0|0|0|0|0|0|0|||||27-Mar-2018|19.0|0|0||E0922|E0922|N|E1121|Y|I252|Y|I214|Y|E113519|N|E113299|Y|G53|N|R739|Y|E11319|Y|E785|Y|E781|Y|E8881|Y|Z653|Y|E119|Y|R931|Y|I259|Y|E669|Y|R7303|Y|D649|Y|M179|Y|P292|Y|Z591|Y|R4689|N|||||Y92|Y92|U| | | | | | | | | | | | | | | | | | | | | | |GZ3|27-Mar-2018|Z741|27-Mar-2018|F419|27-Mar-2018|Z1331|27-Mar-2018|Z1331|27-Mar-2018|F1990|27-Mar-2018|F109|27-Mar-2018|||||||||||||||||||||||||||||||||||||0|0||4|450|G0444|3.0|2018-03-28T00:00:00|hospital_E|hospital_E_20180327
SYN_BENE_316DAC0AE4E0|SYN_CLM_DA6F0BDA42E8|V|60|27-Mar-2018|27-Mar-2018|30-Mar-2018||3|107522|1|1|1|| |2157.21|0.0| ||10|1992753768| |9999623793| |9999623793|||0|1| |2157.21|27-Mar-2018|1|2|A|10|0.0|431.43|0|4|0.0|0.0|0|0|0|0|0|0|0|0|0|0|0|0|0|||||27-Mar-2018|19.0|0|0||E0922|E0922|N|E1121|Y|I252|Y|I214|Y|E113519|N|E113299|Y|G53|N|R739|Y|E11319|Y|E785|Y|E781|Y|E8881|Y|Z653|Y|E119|Y|R931|Y|I259|Y|E669|Y|R7303|Y|D649|Y|M179|Y|P292|Y|Z591|Y|R4689|N|||||Y92|Y92|U| | | | | | | | | | | | | | | | | | | | | | |GZ3|27-Mar-2018|Z741|27-Mar-2018|F419|27-Mar-2018|Z1331|27-Mar-2018|Z1331|27-Mar-2018|F1990|27-Mar-2018|F109|27-Mar-2018|||||||||||||||||||||||||||||||||||||0|0||5|450|G0444|3.0|2018-03-28T00:00:00|hospital_E|hospital_E_20180327
SYN_BENE_316DAC0AE4E0|SYN_CLM_DA6F0BDA42E8|V|60|27-Mar-2018|27-Mar-2018|30-Mar-2018||3|107522|1|1|1|| |2157.21|0.0| ||10|1992753768| |9999623793| |9999623793|||0|1| |2157.21|27-Mar-2018|1|2|A|10|0.0|431.43|0|4|0.0|0.0|0|0|0|0|0|0|0|0|0|0|0|0|0|||||27-Mar-2018|19.0|0|0||E0922|E0922|N|E1121|Y|I252|Y|I214|Y|E113519|N|E113299|Y|G53|N|R739|Y|E11319|Y|E785|Y|E781|Y|E8881|Y|Z653|Y|E119|Y|R931|Y|I259|Y|E669|Y|R7303|Y|D649|Y|M179|Y|P292|Y|Z591|Y|R4689|N|||||Y92|Y92|U| | | | | | | | | | | | | | | | | | | | | | |GZ3|27-Mar-2018|Z741|27-Mar-2018|F419|27-Mar-2018|Z1331|27-Mar-2018|Z1331|27-Mar-2018|F1990|27-Mar-2018|F109|27-Mar-2018|||||||||||||||||||||||||||||||||||||0|0||6|450|99408|3.0|2018-03-28T00:00:00|hospital_E|hospital_E_20180327
SYN_BENE_316DAC0AE4E0|SYN_CLM_DA6F0BDA42E8|V|60|27-Mar-2018|27-Mar-2018|30-Mar-2018||3|107522|1|1|1|| |2157.21|0.0| ||10|1992753768| |9999623793| |9999623793|||0|1| |2157.21|27-Mar-2018|1|2|A|10|0.0|431.43|0|4|0.0|0.0|0|0|0|0|0|0|0|0|0|0|0|0|0|||||27-Mar-2018|19.0|0|0||E0922|E0922|N|E1121|Y|I252|Y|I214|Y|E113519|N|E113299|Y|G53|N|R739|Y|E11319|Y|E785|Y|E781|Y|E8881|Y|Z653|Y|E119|Y|R931|Y|I259|Y|E669|Y|R7303|Y|D649|Y|M179|Y|P292|Y|Z591|Y|R4689|N|||||Y92|Y92|U| | | | | | | | | | | | | | | | | | | | | | |GZ3|27-Mar-2018|Z741|27-Mar-2018|F419|27-Mar-2018|Z1331|27-Mar-2018|Z1331|27-Mar-2018|F1990|27-Mar-2018|F109|27-Mar-2018|||||||||||||||||||||||||||||||||||||0|0||7|450|G0442|3.0|2018-03-28T00:00:00|hospital_E|hospital_E_20180327
SYN_BENE_6B7F7E4E0B66|SYN_CLM_D3CCB49DB205|V|60|27-Mar-2018|27-Mar-2018|30-Mar-2018||3|107522|1|1|1|| |2157.21|0.0| ||10|1992753768| |9999623793| |9999623793|||0|1| |2157.21|27-Mar-2018|1|2|A|10|0.0|431.43|0|4|0.0|0.0|0|0|0|0|0|0|0|0|0|0|0|0|0|||||27-Mar-2018|19.0|0|0||E0922|E0922|N|E1121|Y|I252|Y|I214|Y|E113519|N|E113299|Y|G53|N|R739|Y|E11319|Y|E785|Y|E781|Y|E8881|Y|Z653|Y|E119|Y|R931|Y|I259|Y|E669|Y|R7303|Y|D649|Y|M179|Y|P292|Y|Z591|Y|R4689|N|||||Y92|Y92|U| | | | | | | | | | | | | | | | | | | | | | |GZ3|27-Mar-2018|Z741|27-Mar-2018|F419|27-Mar-2018|Z1331|27-Mar-2018|Z1331|27-Mar-2018|F1990|27-Mar-2018|F109|27-Mar-2018|||||||||||||||||||||||||||||||||||||0|0||1|450|99495|3.0|2018-03-28T00:00:00|hospital_E|hospital_E_20180327
SYN_BENE_6B7F7E4E0B66|SYN_CLM_D3CCB49DB205|V|60|27-Mar-2018|27-Mar-2018|30-Mar-2018||3|107522|1|1|1|| |2157.21|0.0| ||10|1992753768| |9999623793| |9999623793|||0|1| |2157.21|27-Mar-2018|1|2|A|10|0.0|431.43|0|4|0.0|0.0|0|0|0|0|0|0|0|0|0|0|0|0|0|||||27-Mar-2018|19.0|0|0||E0922|E0922|N|E1121|Y|I252|Y|I214|Y|E113519|N|E113299|Y|G53|N|R739|Y|E11319|Y|E785|Y|E781|Y|E8881|Y|Z653|Y|E119|Y|R931|Y|I259|Y|E669|Y|R7303|Y|D649|Y|M179|Y|P292|Y|Z591|Y|R4689|N|||||Y92|Y92|U| | | | | | | | | | | | | | | | | | | | | | |GZ3|27-Mar-2018|Z741|27-Mar-2018|F419|27-Mar-2018|Z1331|27-Mar-2018|Z1331|27-Mar-2018|F1990|27-Mar-2018|F109|27-Mar-2018|||||||||||||||||||||||||||||||||||||0|0||2|450|96156|3.0|2018-03-28T00:00:00|hospital_E|hospital_E_20180327
SYN_BENE_6B7F7E4E0B66|SYN_CLM_D3CCB49DB205|V|60|27-Mar-2018|27-Mar-2018|30-Mar-2018||3|107522|1|1|1|| |2157.21|0.0| ||10|1992753768| |9999623793| |9999623793|||0|1| |2157.21|27-Mar-2018|1|2|A|10|0.0|431.43|0|4|0.0|0.0|0|0|0|0|0|0|0|0|0|0|0|0|0|||||27-Mar-2018|19.0|0|0||E0922|E0922|N|E1121|Y|I252|Y|I214|Y|E113519|N|E113299|Y|G53|N|R739|Y|E11319|Y|E785|Y|E781|Y|E8881|Y|Z653|Y|E119|Y|R931|Y|I259|Y|E669|Y|R7303|Y|D649|Y|M179|Y|P292|Y|Z591|Y|R4689|N|||||Y92|Y92|U| | | | | | | | | | | | | | | | | | | | | | |GZ3|27-Mar-2018|Z741|27-Mar-2018|F419|27-Mar-2018|Z1331|27-Mar-2018|Z1331|27-Mar-2018|F1990|27-Mar-2018|F109|27-Mar-2018|||||||||||||||||||||||||||||||||||||0|0||3|450|96127|3.0|2018-03-28T00:00:00|hospital_E|hospital_E_20180327
SYN_BENE_6B7F7E4E0B66|SYN_CLM_D3CCB49DB205|V|60|27-Mar-2018|27-Mar-2018|30-Mar-2018||3|107522|1|1|1|| |2157.21|0.0| ||10|1992753768| |9999623793| |9999623793|||0|1| |2157.21|27-Mar-2018|1|2|A|10|0.0|431.43|0|4|0.0|0.0|0|0|0|0|0|0|0|0|0|0|0|0|0|||||27-Mar-2018|19.0|0|0||E0922|E0922|N|E1121|Y|I252|Y|I214|Y|E113519|N|E113299|Y|G53|N|R739|Y|E11319|Y|E785|Y|E781|Y|E8881|Y|Z653|Y|E119|Y|R931|Y|I259|Y|E669|Y|R7303|Y|D649|Y|M179|Y|P292|Y|Z591|Y|R4689|N|||||Y92|Y92|U| | | | | | | | | | | | | | | | | | | | | | |GZ3|27-Mar-2018|Z741|27-Mar-2018|F419|27-Mar-2018|Z1331|27-Mar-2018|Z1331|27-Mar-2018|F1990|27-Mar-2018|F109|27-Mar-2018|||||||||||||||||||||||||||||||||||||0|0||4|450|G0444|3.0|2018-03-28T00:00:00|hospital_E|hospital_E_20180327
SYN_BENE_6B7F7E4E0B66|SYN_CLM_D3CCB49DB205|V|60|27-Mar-2018|27-Mar-2018|30-Mar-2018||3|107522|1|1|1|| |2157.21|0.0| ||10|1992753768| |9999623793| |9999623793|||0|1| |2157.21|27-Mar-2018|1|2|A|10|0.0|431.43|0|4|0.0|0.0|0|0|0|0|0|0|0|0|0|0|0|0|0|||||27-Mar-2018|19.0|0|0||E0922|E0922|N|E1121|Y|I252|Y|I214|Y|E113519|N|E113299|Y|G53|N|R739|Y|E11319|Y|E785|Y|E781|Y|E8881|Y|Z653|Y|E119|Y|R931|Y|I259|Y|E669|Y|R7303|Y|D649|Y|M179|Y|P292|Y|Z591|Y|R4689|N|||||Y92|Y92|U| | | | | | | | | | | | | | | | | | | | | | |GZ3|27-Mar-2018|Z741|27-Mar-2018|F419|27-Mar-2018|Z1331|27-Mar-2018|Z1331|27-Mar-2018|F1990|27-Mar-2018|F109|27-Mar-2018|||||||||||||||||||||||||||||||||||||0|0||5|450|G0444|3.0|2018-03-28T00:00:00|hospital_E|hospital_E_20180327
SYN_BENE_6B7F7E4E0B66|SYN_CLM_D3CCB49DB205|V|60|27-Mar-2018|27-Mar-2018|30-Mar-2018||3|107522|1|1|1|| |2157.21|0.0| ||10|1992753768| |9999623793| |9999623793|||0|1| |2157.21|27-Mar-2018|1|2|A|10|0.0|431.43|0|4|0.0|0.0|0|0|0|0|0|0|0|0|0|0|0|0|0|||||27-Mar-2018|19.0|0|0||E0922|E0922|N|E1121|Y|I252|Y|I214|Y|E113519|N|E113299|Y|G53|N|R739|Y|E11319|Y|E785|Y|E781|Y|E8881|Y|Z653|Y|E119|Y|R931|Y|I259|Y|E669|Y|R7303|Y|D649|Y|M179|Y|P292|Y|Z591|Y|R4689|N|||||Y92|Y92|U| | | | | | | | | | | | | | | | | | | | | | |GZ3|27-Mar-2018|Z741|27-Mar-2018|F419|27-Mar-2018|Z1331|27-Mar-2018|Z1331|27-Mar-2018|F1990|27-Mar-2018|F109|27-Mar-2018|||||||||||||||||||||||||||||||||||||0|0||6|450|99408|3.0|2018-03-28T00:00:00|hospital_E|hospital_E_20180327
SYN_BENE_6B7F7E4E0B66|SYN_CLM_D3CCB49DB205|V|60|27-Mar-2018|27-Mar-2018|30-Mar-2018||3|107522|1|1|1|| |2157.21|0.0| ||10|1992753768| |9999623793| |9999623793|||0|1| |2157.21|27-Mar-2018|1|2|A|10|0.0|431.43|0|4|0.0|0.0|0|0|0|0|0|0|0|0|0|0|0|0|0|||||27-Mar-2018|19.0|0|0||E0922|E0922|N|E1121|Y|I252|Y|I214|Y|E113519|N|E113299|Y|G53|N|R739|Y|E11319|Y|E785|Y|E781|Y|E8881|Y|Z653|Y|E119|Y|R931|Y|I259|Y|E669|Y|R7303|Y|D649|Y|M179|Y|P292|Y|Z591|Y|R4689|N|||||Y92|Y92|U| | | | | | | | | | | | | | | | | | | | | | |GZ3|27-Mar-2018|Z741|27-Mar-2018|F419|27-Mar-2018|Z1331|27-Mar-2018|Z1331|27-Mar-2018|F1990|27-Mar-2018|F109|27-Mar-2018|||||||||||||||||||||||||||||||||||||0|0||7|450|G0442|3.0|2018-03-28T00:00:00|hospital_E|hospital_E_20180327
SYN_BENE_54B90EA97905|SYN_CLM_5CE0977E7F9D|V|60|27-Mar-2018|27-Mar-2018|30-Mar-2018||3|107522|1|1|1|| |2157.21|0.0| ||10|1992753768| |9999623793| |9999623793|||0|1| |2157.21|27-Mar-2018|1|2|A|10|0.0|431.43|0|4|0.0|0.0|0|0|0|0|0|0|0|0|0|0|0|0|0|||||27-Mar-2018|19.0|0|0||E0922|E0922|N|E1121|Y|I252|Y|I214|Y|E113519|N|E113299|Y|G53|N|R739|Y|E11319|Y|E785|Y|E781|Y|E8881|Y|Z653|Y|E119|Y|R931|Y|I259|Y|E669|Y|R7303|Y|D649|Y|M179|Y|P292|Y|Z591|Y|R4689|N|||||Y92|Y92|U| | | | | | | | | | | | | | | | | | | | | | |GZ3|27-Mar-2018|Z741|27-Mar-2018|F419|27-Mar-2018|Z1331|27-Mar-2018|Z1331|27-Mar-2018|F1990|27-Mar-2018|F109|27-Mar-2018|||||||||||||||||||||||||||||||||||||0|0||1|450|99495|3.0|2018-03-28T00:00:00|hospital_E|hospital_E_20180327
SYN_BENE_54B90EA97905|SYN_CLM_5CE0977E7F9D|V|60|27-Mar-2018|27-Mar-2018|30-Mar-2018||3|107522|1|1|1|| |2157.21|0.0| ||10|1992753768| |9999623793| |9999623793|||0|1| |2157.21|27-Mar-2018|1|2|A|10|0.0|431.43|0|4|0.0|0.0|0|0|0|0|0|0|0|0|0|0|0|0|0|||||27-Mar-2018|19.0|0|0||E0922|E0922|N|E1121|Y|I252|Y|I214|Y|E113519|N|E113299|Y|G53|N|R739|Y|E11319|Y|E785|Y|E781|Y|E8881|Y|Z653|Y|E119|Y|R931|Y|I259|Y|E669|Y|R7303|Y|D649|Y|M179|Y|P292|Y|Z591|Y|R4689|N|||||Y92|Y92|U| | | | | | | | | | | | | | | | | | | | | | |GZ3|27-Mar-2018|Z741|27-Mar-2018|F419|27-Mar-2018|Z1331|27-Mar-2018|Z1331|27-Mar-2018|F1990|27-Mar-2018|F109|27-Mar-2018|||||||||||||||||||||||||||||||||||||0|0||2|450|96156|3.0|2018-03-28T00:00:00|hospital_E|hospital_E_20180327
SYN_BENE_54B90EA97905|SYN_CLM_5CE0977E7F9D|V|60|27-Mar-2018|27-Mar-2018|30-Mar-2018||3|107522|1|1|1|| |2157.21|0.0| ||10|1992753768| |9999623793| |9999623793|||0|1| |2157.21|27-Mar-2018|1|2|A|10|0.0|431.43|0|4|0.0|0.0|0|0|0|0|0|0|0|0|0|0|0|0|0|||||27-Mar-2018|19.0|0|0||E0922|E0922|N|E1121|Y|I252|Y|I214|Y|E113519|N|E113299|Y|G53|N|R739|Y|E11319|Y|E785|Y|E781|Y|E8881|Y|Z653|Y|E119|Y|R931|Y|I259|Y|E669|Y|R7303|Y|D649|Y|M179|Y|P292|Y|Z591|Y|R4689|N|||||Y92|Y92|U| | | | | | | | | | | | | | | | | | | | | | |GZ3|27-Mar-2018|Z741|27-Mar-2018|F419|27-Mar-2018|Z1331|27-Mar-2018|Z1331|27-Mar-2018|F1990|27-Mar-2018|F109|27-Mar-2018|||||||||||||||||||||||||||||||||||||0|0||3|450|96127|3.0|2018-03-28T00:00:00|hospital_E|hospital_E_20180327
SYN_BENE_54B90EA97905|SYN_CLM_5CE0977E7F9D|V|60|27-Mar-2018|27-Mar-2018|30-Mar-2018||3|107522|1|1|1|| |2157.21|0.0| ||10|1992753768| |9999623793| |9999623793|||0|1| |2157.21|27-Mar-2018|1|2|A|10|0.0|431.43|0|4|0.0|0.0|0|0|0|0|0|0|0|0|0|0|0|0|0|||||27-Mar-2018|19.0|0|0||E0922|E0922|N|E1121|Y|I252|Y|I214|Y|E113519|N|E113299|Y|G53|N|R739|Y|E11319|Y|E785|Y|E781|Y|E8881|Y|Z653|Y|E119|Y|R931|Y|I259|Y|E669|Y|R7303|Y|D649|Y|M179|Y|P292|Y|Z591|Y|R4689|N|||||Y92|Y92|U| | | | | | | | | | | | | | | | | | | | | | |GZ3|27-Mar-2018|Z741|27-Mar-2018|F419|27-Mar-2018|Z1331|27-Mar-2018|Z1331|27-Mar-2018|F1990|27-Mar-2018|F109|27-Mar-2018|||||||||||||||||||||||||||||||||||||0|0||4|450|G0444|3.0|2018-03-28T00:00:00|hospital_E|hospital_E_20180327
SYN_BENE_54B90EA97905|SYN_CLM_5CE0977E7F9D|V|60|27-Mar-2018|27-Mar-2018|30-Mar-2018||3|107522|1|1|1|| |2157.21|0.0| ||10|1992753768| |9999623793| |9999623793|||0|1| |2157.21|27-Mar-2018|1|2|A|10|0.0|431.43|0|4|0.0|0.0|0|0|0|0|0|0|0|0|0|0|0|0|0|||||27-Mar-2018|19.0|0|0||E0922|E0922|N|E1121|Y|I252|Y|I214|Y|E113519|N|E113299|Y|G53|N|R739|Y|E11319|Y|E785|Y|E781|Y|E8881|Y|Z653|Y|E119|Y|R931|Y|I259|Y|E669|Y|R7303|Y|D649|Y|M179|Y|P292|Y|Z591|Y|R4689|N|||||Y92|Y92|U| | | | | | | | | | | | | | | | | | | | | | |GZ3|27-Mar-2018|Z741|27-Mar-2018|F419|27-Mar-2018|Z1331|27-Mar-2018|Z1331|27-Mar-2018|F1990|27-Mar-2018|F109|27-Mar-2018|||||||||||||||||||||||||||||||||||||0|0||5|450|G0444|3.0|2018-03-28T00:00:00|hospital_E|hospital_E_20180327
SYN_BENE_54B90EA97905|SYN_CLM_5CE0977E7F9D|V|60|27-Mar-2018|27-Mar-2018|30-Mar-2018||3|107522|1|1|1|| |2157.21|0.0| ||10|1992753768| |9999623793| |9999623793|||0|1| |2157.21|27-Mar-2018|1|2|A|10|0.0|431.43|0|4|0.0|0.0|0|0|0|0|0|0|0|0|0|0|0|0|0|||||27-Mar-2018|19.0|0|0||E0922|E0922|N|E1121|Y|I252|Y|I214|Y|E113519|N|E113299|Y|G53|N|R739|Y|E11319|Y|E785|Y|E781|Y|E8881|Y|Z653|Y|E119|Y|R931|Y|I259|Y|E669|Y|R7303|Y|D649|Y|M179|Y|P292|Y|Z591|Y|R4689|N|||||Y92|Y92|U| | | | | | | | | | | | | | | | | | | | | | |GZ3|27-Mar-2018|Z741|27-Mar-2018|F419|27-Mar-2018|Z1331|27-Mar-2018|Z1331|27-Mar-2018|F1990|27-Mar-2018|F109|27-Mar-2018|||||||||||||||||||||||||||||||||||||0|0||6|450|99408|3.0|2018-03-28T00:00:00|hospital_E|hospital_E_20180327
SYN_BENE_54B90EA97905|SYN_CLM_5CE0977E7F9D|V|60|27-Mar-2018|27-Mar-2018|30-Mar-2018||3|107522|1|1|1|| |2157.21|0.0| ||10|1992753768| |9999623793| |9999623793|||0|1| |2157.21|27-Mar-2018|1|2|A|10|0.0|431.43|0|4|0.0|0.0|0|0|0|0|0|0|0|0|0|0|0|0|0|||||27-Mar-2018|19.0|0|0||E0922|E0922|N|E1121|Y|I252|Y|I214|Y|E113519|N|E113299|Y|G53|N|R739|Y|E11319|Y|E785|Y|E781|Y|E8881|Y|Z653|Y|E119|Y|R931|Y|I259|Y|E669|Y|R7303|Y|D649|Y|M179|Y|P292|Y|Z591|Y|R4689|N|||||Y92|Y92|U| | | | | | | | | | | | | | | | | | | | | | |GZ3|27-Mar-2018|Z741|27-Mar-2018|F419|27-Mar-2018|Z1331|27-Mar-2018|Z1331|27-Mar-2018|F1990|27-Mar-2018|F109|27-Mar-2018|||||||||||||||||||||||||||||||||||||0|0||7|450|G0442|3.0|2018-03-28T00:00:00|hospital_E|hospital_E_20180327
SYN_BENE_DC0A101BFA83|SYN_CLM_B73B3F26A9EA|V|60|27-Mar-2018|27-Mar-2018|30-Mar-2018||3|107522|1|1|1|| |2157.21|0.0| ||10|1992753768| |9999623793| |9999623793|||0|1| |2157.21|27-Mar-2018|1|2|A|10|0.0|431.43|0|4|0.0|0.0|0|0|0|0|0|0|0|0|0|0|0|0|0|||||27-Mar-2018|19.0|0|0||E0922|E0922|N|E1121|Y|I252|Y|I214|Y|E113519|N|E113299|Y|G53|N|R739|Y|E11319|Y|E785|Y|E781|Y|E8881|Y|Z653|Y|E119|Y|R931|Y|I259|Y|E669|Y|R7303|Y|D649|Y|M179|Y|P292|Y|Z591|Y|R4689|N|||||Y92|Y92|U| | | | | | | | | | | | | | | | | | | | | | |GZ3|27-Mar-2018|Z741|27-Mar-2018|F419|27-Mar-2018|Z1331|27-Mar-2018|Z1331|27-Mar-2018|F1990|27-Mar-2018|F109|27-Mar-2018|||||||||||||||||||||||||||||||||||||0|0||1|450|99495|3.0|2018-03-28T00:00:00|hospital_E|hospital_E_20180327
SYN_BENE_DC0A101BFA83|SYN_CLM_B73B3F26A9EA|V|60|27-Mar-2018|27-Mar-2018|30-Mar-2018||3|107522|1|1|1|| |2157.21|0.0| ||10|1992753768| |9999623793| |9999623793|||0|1| |2157.21|27-Mar-2018|1|2|A|10|0.0|431.43|0|4|0.0|0.0|0|0|0|0|0|0|0|0|0|0|0|0|0|||||27-Mar-2018|19.0|0|0||E0922|E0922|N|E1121|Y|I252|Y|I214|Y|E113519|N|E113299|Y|G53|N|R739|Y|E11319|Y|E785|Y|E781|Y|E8881|Y|Z653|Y|E119|Y|R931|Y|I259|Y|E669|Y|R7303|Y|D649|Y|M179|Y|P292|Y|Z591|Y|R4689|N|||||Y92|Y92|U| | | | | | | | | | | | | | | | | | | | | | |GZ3|27-Mar-2018|Z741|27-Mar-2018|F419|27-Mar-2018|Z1331|27-Mar-2018|Z1331|27-Mar-2018|F1990|27-Mar-2018|F109|27-Mar-2018|||||||||||||||||||||||||||||||||||||0|0||2|450|96156|3.0|2018-03-28T00:00:00|hospital_E|hospital_E_20180327
SYN_BENE_DC0A101BFA83|SYN_CLM_B73B3F26A9EA|V|60|27-Mar-2018|27-Mar-2018|30-Mar-2018||3|107522|1|1|1|| |2157.21|0.0| ||10|1992753768| |9999623793| |9999623793|||0|1| |2157.21|27-Mar-2018|1|2|A|10|0.0|431.43|0|4|0.0|0.0|0|0|0|0|0|0|0|0|0|0|0|0|0|||||27-Mar-2018|19.0|0|0||E0922|E0922|N|E1121|Y|I252|Y|I214|Y|E113519|N|E113299|Y|G53|N|R739|Y|E11319|Y|E785|Y|E781|Y|E8881|Y|Z653|Y|E119|Y|R931|Y|I259|Y|E669|Y|R7303|Y|D649|Y|M179|Y|P292|Y|Z591|Y|R4689|N|||||Y92|Y92|U| | | | | | | | | | | | | | | | | | | | | | |GZ3|27-Mar-2018|Z741|27-Mar-2018|F419|27-Mar-2018|Z1331|27-Mar-2018|Z1331|27-Mar-2018|F1990|27-Mar-2018|F109|27-Mar-2018|||||||||||||||||||||||||||||||||||||0|0||3|450|96127|3.0|2018-03-28T00:00:00|hospital_E|hospital_E_20180327
SYN_BENE_DC0A101BFA83|SYN_CLM_B73B3F26A9EA|V|60|27-Mar-2018|27-Mar-2018|30-Mar-2018||3|107522|1|1|1|| |2157.21|0.0| ||10|1992753768| |9999623793| |9999623793|||0|1| |2157.21|27-Mar-2018|1|2|A|10|0.0|431.43|0|4|0.0|0.0|0|0|0|0|0|0|0|0|0|0|0|0|0|||||27-Mar-2018|19.0|0|0||E0922|E0922|N|E1121|Y|I252|Y|I214|Y|E113519|N|E113299|Y|G53|N|R739|Y|E11319|Y|E785|Y|E781|Y|E8881|Y|Z653|Y|E119|Y|R931|Y|I259|Y|E669|Y|R7303|Y|D649|Y|M179|Y|P292|Y|Z591|Y|R4689|N|||||Y92|Y92|U| | | | | | | | | | | | | | | | | | | | | | |GZ3|27-Mar-2018|Z741|27-Mar-2018|F419|27-Mar-2018|Z1331|27-Mar-2018|Z1331|27-Mar-2018|F1990|27-Mar-2018|F109|27-Mar-2018|||||||||||||||||||||||||||||||||||||0|0||4|450|G0444|3.0|2018-03-28T00:00:00|hospital_E|hospital_E_20180327
SYN_BENE_DC0A101BFA83|SYN_CLM_B73B3F26A9EA|V|60|27-Mar-2018|27-Mar-2018|30-Mar-2018||3|107522|1|1|1|| |2157.21|0.0| ||10|1992753768| |9999623793| |9999623793|||0|1| |2157.21|27-Mar-2018|1|2|A|10|0.0|431.43|0|4|0.0|0.0|0|0|0|0|0|0|0|0|0|0|0|0|0|||||27-Mar-2018|19.0|0|0||E0922|E0922|N|E1121|Y|I252|Y|I214|Y|E113519|N|E113299|Y|G53|N|R739|Y|E11319|Y|E785|Y|E781|Y|E8881|Y|Z653|Y|E119|Y|R931|Y|I259|Y|E669|Y|R7303|Y|D649|Y|M179|Y|P292|Y|Z591|Y|R4689|N|||||Y92|Y92|U| | | | | | | | | | | | | | | | | | | | | | |GZ3|27-Mar-2018|Z741|27-Mar-2018|F419|27-Mar-2018|Z1331|27-Mar-2018|Z1331|27-Mar-2018|F1990|27-Mar-2018|F109|27-Mar-2018|||||||||||||||||||||||||||||||||||||0|0||5|450|G0444|3.0|2018-03-28T00:00:00|hospital_E|hospital_E_20180327
SYN_BENE_DC0A101BFA83|SYN_CLM_B73B3F26A9EA|V|60|27-Mar-2018|27-Mar-2018|30-Mar-2018||3|107522|1|1|1|| |2157.21|0.0| ||10|1992753768| |9999623793| |9999623793|||0|1| |2157.21|27-Mar-2018|1|2|A|10|0.0|431.43|0|4|0.0|0.0|0|0|0|0|0|0|0|0|0|0|0|0|0|||||27-Mar-2018|19.0|0|0||E0922|E0922|N|E1121|Y|I252|Y|I214|Y|E113519|N|E113299|Y|G53|N|R739|Y|E11319|Y|E785|Y|E781|Y|E8881|Y|Z653|Y|E119|Y|R931|Y|I259|Y|E669|Y|R7303|Y|D649|Y|M179|Y|P292|Y|Z591|Y|R4689|N|||||Y92|Y92|U| | | | | | | | | | | | | | | | | | | | | | |GZ3|27-Mar-2018|Z741|27-Mar-2018|F419|27-Mar-2018|Z1331|27-Mar-2018|Z1331|27-Mar-2018|F1990|27-Mar-2018|F109|27-Mar-2018|||||||||||||||||||||||||||||||||||||0|0||6|450|99408|3.0|2018-03-28T00:00:00|hospital_E|hospital_E_20180327
SYN_BENE_DC0A101BFA83|SYN_CLM_B73B3F26A9EA|V|60|27-Mar-2018|27-Mar-2018|30-Mar-2018||3|107522|1|1|1|| |2157.21|0.0| ||10|1992753768| |9999623793| |9999623793|||0|1| |2157.21|27-Mar-2018|1|2|A|10|0.0|431.43|0|4|0.0|0.0|0|0|0|0|0|0|0|0|0|0|0|0|0|||||27-Mar-2018|19.0|0|0||E0922|E0922|N|E1121|Y|I252|Y|I214|Y|E113519|N|E113299|Y|G53|N|R739|Y|E11319|Y|E785|Y|E781|Y|E8881|Y|Z653|Y|E119|Y|R931|Y|I259|Y|E669|Y|R7303|Y|D649|Y|M179|Y|P292|Y|Z591|Y|R4689|N|||||Y92|Y92|U| | | | | | | | | | | | | | | | | | | | | | |GZ3|27-Mar-2018|Z741|27-Mar-2018|F419|27-Mar-2018|Z1331|27-Mar-2018|Z1331|27-Mar-2018|F1990|27-Mar-2018|F109|27-Mar-2018|||||||||||||||||||||||||||||||||||||0|0||7|450|G0442|3.0|2018-03-28T00:00:00|hospital_E|hospital_E_20180327
SYN_BENE_D6B06AD5331B|SYN_CLM_BAE7DE406F5B|V|60|27-Mar-2018|27-Mar-2018|30-Mar-2018||3|107522|1|1|1|| |2157.21|0.0| ||10|1992753768| |9999623793| |9999623793|||0|1| |2157.21|27-Mar-2018|1|2|A|10|0.0|431.43|0|4|0.0|0.0|0|0|0|0|0|0|0|0|0|0|0|0|0|||||27-Mar-2018|19.0|0|0||E0922|E0922|N|E1121|Y|I252|Y|I214|Y|E113519|N|E113299|Y|G53|N|R739|Y|E11319|Y|E785|Y|E781|Y|E8881|Y|Z653|Y|E119|Y|R931|Y|I259|Y|E669|Y|R7303|Y|D649|Y|M179|Y|P292|Y|Z591|Y|R4689|N|||||Y92|Y92|U| | | | | | | | | | | | | | | | | | | | | | |GZ3|27-Mar-2018|Z741|27-Mar-2018|F419|27-Mar-2018|Z1331|27-Mar-2018|Z1331|27-Mar-2018|F1990|27-Mar-2018|F109|27-Mar-2018|||||||||||||||||||||||||||||||||||||0|0||1|450|99495|3.0|2018-03-28T00:00:00|hospital_E|hospital_E_20180327
SYN_BENE_D6B06AD5331B|SYN_CLM_BAE7DE406F5B|V|60|27-Mar-2018|27-Mar-2018|30-Mar-2018||3|107522|1|1|1|| |2157.21|0.0| ||10|1992753768| |9999623793| |9999623793|||0|1| |2157.21|27-Mar-2018|1|2|A|10|0.0|431.43|0|4|0.0|0.0|0|0|0|0|0|0|0|0|0|0|0|0|0|||||27-Mar-2018|19.0|0|0||E0922|E0922|N|E1121|Y|I252|Y|I214|Y|E113519|N|E113299|Y|G53|N|R739|Y|E11319|Y|E785|Y|E781|Y|E8881|Y|Z653|Y|E119|Y|R931|Y|I259|Y|E669|Y|R7303|Y|D649|Y|M179|Y|P292|Y|Z591|Y|R4689|N|||||Y92|Y92|U| | | | | | | | | | | | | | | | | | | | | | |GZ3|27-Mar-2018|Z741|27-Mar-2018|F419|27-Mar-2018|Z1331|27-Mar-2018|Z1331|27-Mar-2018|F1990|27-Mar-2018|F109|27-Mar-2018|||||||||||||||||||||||||||||||||||||0|0||2|450|96156|3.0|2018-03-28T00:00:00|hospital_E|hospital_E_20180327
SYN_BENE_D6B06AD5331B|SYN_CLM_BAE7DE406F5B|V|60|27-Mar-2018|27-Mar-2018|30-Mar-2018||3|107522|1|1|1|| |2157.21|0.0| ||10|1992753768| |9999623793| |9999623793|||0|1| |2157.21|27-Mar-2018|1|2|A|10|0.0|431.43|0|4|0.0|0.0|0|0|0|0|0|0|0|0|0|0|0|0|0|||||27-Mar-2018|19.0|0|0||E0922|E0922|N|E1121|Y|I252|Y|I214|Y|E113519|N|E113299|Y|G53|N|R739|Y|E11319|Y|E785|Y|E781|Y|E8881|Y|Z653|Y|E119|Y|R931|Y|I259|Y|E669|Y|R7303|Y|D649|Y|M179|Y|P292|Y|Z591|Y|R4689|N|||||Y92|Y92|U| | | | | | | | | | | | | | | | | | | | | | |GZ3|27-Mar-2018|Z741|27-Mar-2018|F419|27-Mar-2018|Z1331|27-Mar-2018|Z1331|27-Mar-2018|F1990|27-Mar-2018|F109|27-Mar-2018|||||||||||||||||||||||||||||||||||||0|0||3|450|96127|3.0|2018-03-28T00:00:00|hospital_E|hospital_E_20180327
SYN_BENE_D6B06AD5331B|SYN_CLM_BAE7DE406F5B|V|60|27-Mar-2018|27-Mar-2018|30-Mar-2018||3|107522|1|1|1|| |2157.21|0.0| ||10|1992753768| |9999623793| |9999623793|||0|1| |2157.21|27-Mar-2018|1|2|A|10|0.0|431.43|0|4|0.0|0.0|0|0|0|0|0|0|0|0|0|0|0|0|0|||||27-Mar-2018|19.0|0|0||E0922|E0922|N|E1121|Y|I252|Y|I214|Y|E113519|N|E113299|Y|G53|N|R739|Y|E11319|Y|E785|Y|E781|Y|E8881|Y|Z653|Y|E119|Y|R931|Y|I259|Y|E669|Y|R7303|Y|D649|Y|M179|Y|P292|Y|Z591|Y|R4689|N|||||Y92|Y92|U| | | | | | | | | | | | | | | | | | | | | | |GZ3|27-Mar-2018|Z741|27-Mar-2018|F419|27-Mar-2018|Z1331|27-Mar-2018|Z1331|27-Mar-2018|F1990|27-Mar-2018|F109|27-Mar-2018|||||||||||||||||||||||||||||||||||||0|0||4|450|G0444|3.0|2018-03-28T00:00:00|hospital_E|hospital_E_20180327
SYN_BENE_D6B06AD5331B|SYN_CLM_BAE7DE406F5B|V|60|27-Mar-2018|27-Mar-2018|30-Mar-2018||3|107522|1|1|1|| |2157.21|0.0| ||10|1992753768| |9999623793| |9999623793|||0|1| |2157.21|27-Mar-2018|1|2|A|10|0.0|431.43|0|4|0.0|0.0|0|0|0|0|0|0|0|0|0|0|0|0|0|||||27-Mar-2018|19.0|0|0||E0922|E0922|N|E1121|Y|I252|Y|I214|Y|E113519|N|E113299|Y|G53|N|R739|Y|E11319|Y|E785|Y|E781|Y|E8881|Y|Z653|Y|E119|Y|R931|Y|I259|Y|E669|Y|R7303|Y|D649|Y|M179|Y|P292|Y|Z591|Y|R4689|N|||||Y92|Y92|U| | | | | | | | | | | | | | | | | | | | | | |GZ3|27-Mar-2018|Z741|27-Mar-2018|F419|27-Mar-2018|Z1331|27-Mar-2018|Z1331|27-Mar-2018|F1990|27-Mar-2018|F109|27-Mar-2018|||||||||||||||||||||||||||||||||||||0|0||5|450|G0444|3.0|2018-03-28T00:00:00|hospital_E|hospital_E_20180327
SYN_BENE_D6B06AD5331B|SYN_CLM_BAE7DE406F5B|V|60|27-Mar-2018|27-Mar-2018|30-Mar-2018||3|107522|1|1|1|| |2157.21|0.0| ||10|1992753768| |9999623793| |9999623793|||0|1| |2157.21|27-Mar-2018|1|2|A|10|0.0|431.43|0|4|0.0|0.0|0|0|0|0|0|0|0|0|0|0|0|0|0|||||27-Mar-2018|19.0|0|0||E0922|E0922|N|E1121|Y|I252|Y|I214|Y|E113519|N|E113299|Y|G53|N|R739|Y|E11319|Y|E785|Y|E781|Y|E8881|Y|Z653|Y|E119|Y|R931|Y|I259|Y|E669|Y|R7303|Y|D649|Y|M179|Y|P292|Y|Z591|Y|R4689|N|||||Y92|Y92|U| | | | | | | | | | | | | | | | | | | | | | |GZ3|27-Mar-2018|Z741|27-Mar-2018|F419|27-Mar-2018|Z1331|27-Mar-2018|Z1331|27-Mar-2018|F1990|27-Mar-2018|F109|27-Mar-2018|||||||||||||||||||||||||||||||||||||0|0||6|450|99408|3.0|2018-03-28T00:00:00|hospital_E|hospital_E_20180327
SYN_BENE_D6B06AD5331B|SYN_CLM_BAE7DE406F5B|V|60|27-Mar-2018|27-Mar-2018|30-Mar-2018||3|107522|1|1|1|| |2157.21|0.0| ||10|1992753768| |9999623793| |9999623793|||0|1| |2157.21|27-Mar-2018|1|2|A|10|0.0|431.43|0|4|0.0|0.0|0|0|0|0|0|0|0|0|0|0|0|0|0|||||27-Mar-2018|19.0|0|0||E0922|E0922|N|E1121|Y|I252|Y|I214|Y|E113519|N|E113299|Y|G53|N|R739|Y|E11319|Y|E785|Y|E781|Y|E8881|Y|Z653|Y|E119|Y|R931|Y|I259|Y|E669|Y|R7303|Y|D649|Y|M179|Y|P292|Y|Z591|Y|R4689|N|||||Y92|Y92|U| | | | | | | | | | | | | | | | | | | | | | |GZ3|27-Mar-2018|Z741|27-Mar-2018|F419|27-Mar-2018|Z1331|27-Mar-2018|Z1331|27-Mar-2018|F1990|27-Mar-2018|F109|27-Mar-2018|||||||||||||||||||||||||||||||||||||0|0||7|450|G0442|3.0|2018-03-28T00:00:00|hospital_E|hospital_E_20180327
SYN_BENE_1D0D3A72BEC5|SYN_CLM_CC928FB56148|V|60|27-Mar-2018|27-Mar-2018|30-Mar-2018||3|107522|1|1|1|| |2157.21|0.0| ||10|1992753768| |9999623793| |9999623793|||0|1| |2157.21|27-Mar-2018|1|2|A|10|0.0|431.43|0|4|0.0|0.0|0|0|0|0|0|0|0|0|0|0|0|0|0|||||27-Mar-2018|19.0|0|0||E0922|E0922|N|E1121|Y|I252|Y|I214|Y|E113519|N|E113299|Y|G53|N|R739|Y|E11319|Y|E785|Y|E781|Y|E8881|Y|Z653|Y|E119|Y|R931|Y|I259|Y|E669|Y|R7303|Y|D649|Y|M179|Y|P292|Y|Z591|Y|R4689|N|||||Y92|Y92|U| | | | | | | | | | | | | | | | | | | | | | |GZ3|27-Mar-2018|Z741|27-Mar-2018|F419|27-Mar-2018|Z1331|27-Mar-2018|Z1331|27-Mar-2018|F1990|27-Mar-2018|F109|27-Mar-2018|||||||||||||||||||||||||||||||||||||0|0||1|450|99495|3.0|2018-03-28T00:00:00|hospital_E|hospital_E_20180327
SYN_BENE_1D0D3A72BEC5|SYN_CLM_CC928FB56148|V|60|27-Mar-2018|27-Mar-2018|30-Mar-2018||3|107522|1|1|1|| |2157.21|0.0| ||10|1992753768| |9999623793| |9999623793|||0|1| |2157.21|27-Mar-2018|1|2|A|10|0.0|431.43|0|4|0.0|0.0|0|0|0|0|0|0|0|0|0|0|0|0|0|||||27-Mar-2018|19.0|0|0||E0922|E0922|N|E1121|Y|I252|Y|I214|Y|E113519|N|E113299|Y|G53|N|R739|Y|E11319|Y|E785|Y|E781|Y|E8881|Y|Z653|Y|E119|Y|R931|Y|I259|Y|E669|Y|R7303|Y|D649|Y|M179|Y|P292|Y|Z591|Y|R4689|N|||||Y92|Y92|U| | | | | | | | | | | | | | | | | | | | | | |GZ3|27-Mar-2018|Z741|27-Mar-2018|F419|27-Mar-2018|Z1331|27-Mar-2018|Z1331|27-Mar-2018|F1990|27-Mar-2018|F109|27-Mar-2018|||||||||||||||||||||||||||||||||||||0|0||2|450|96156|3.0|2018-03-28T00:00:00|hospital_E|hospital_E_20180327
SYN_BENE_1D0D3A72BEC5|SYN_CLM_CC928FB56148|V|60|27-Mar-2018|27-Mar-2018|30-Mar-2018||3|107522|1|1|1|| |2157.21|0.0| ||10|1992753768| |9999623793| |9999623793|||0|1| |2157.21|27-Mar-2018|1|2|A|10|0.0|431.43|0|4|0.0|0.0|0|0|0|0|0|0|0|0|0|0|0|0|0|||||27-Mar-2018|19.0|0|0||E0922|E0922|N|E1121|Y|I252|Y|I214|Y|E113519|N|E113299|Y|G53|N|R739|Y|E11319|Y|E785|Y|E781|Y|E8881|Y|Z653|Y|E119|Y|R931|Y|I259|Y|E669|Y|R7303|Y|D649|Y|M179|Y|P292|Y|Z591|Y|R4689|N|||||Y92|Y92|U| | | | | | | | | | | | | | | | | | | | | | |GZ3|27-Mar-2018|Z741|27-Mar-2018|F419|27-Mar-2018|Z1331|27-Mar-2018|Z1331|27-Mar-2018|F1990|27-Mar-2018|F109|27-Mar-2018|||||||||||||||||||||||||||||||||||||0|0||3|450|96127|3.0|2018-03-28T00:00:00|hospital_E|hospital_E_20180327
SYN_BENE_1D0D3A72BEC5|SYN_CLM_CC928FB56148|V|60|27-Mar-2018|27-Mar-2018|30-Mar-2018||3|107522|1|1|1|| |2157.21|0.0| ||10|1992753768| |9999623793| |9999623793|||0|1| |2157.21|27-Mar-2018|1|2|A|10|0.0|431.43|0|4|0.0|0.0|0|0|0|0|0|0|0|0|0|0|0|0|0|||||27-Mar-2018|19.0|0|0||E0922|E0922|N|E1121|Y|I252|Y|I214|Y|E113519|N|E113299|Y|G53|N|R739|Y|E11319|Y|E785|Y|E781|Y|E8881|Y|Z653|Y|E119|Y|R931|Y|I259|Y|E669|Y|R7303|Y|D649|Y|M179|Y|P292|Y|Z591|Y|R4689|N|||||Y92|Y92|U| | | | | | | | | | | | | | | | | | | | | | |GZ3|27-Mar-2018|Z741|27-Mar-2018|F419|27-Mar-2018|Z1331|27-Mar-2018|Z1331|27-Mar-2018|F1990|27-Mar-2018|F109|27-Mar-2018|||||||||||||||||||||||||||||||||||||0|0||4|450|G0444|3.0|2018-03-28T00:00:00|hospital_E|hospital_E_20180327
SYN_BENE_1D0D3A72BEC5|SYN_CLM_CC928FB56148|V|60|27-Mar-2018|27-Mar-2018|30-Mar-2018||3|107522|1|1|1|| |2157.21|0.0| ||10|1992753768| |9999623793| |9999623793|||0|1| |2157.21|27-Mar-2018|1|2|A|10|0.0|431.43|0|4|0.0|0.0|0|0|0|0|0|0|0|0|0|0|0|0|0|||||27-Mar-2018|19.0|0|0||E0922|E0922|N|E1121|Y|I252|Y|I214|Y|E113519|N|E113299|Y|G53|N|R739|Y|E11319|Y|E785|Y|E781|Y|E8881|Y|Z653|Y|E119|Y|R931|Y|I259|Y|E669|Y|R7303|Y|D649|Y|M179|Y|P292|Y|Z591|Y|R4689|N|||||Y92|Y92|U| | | | | | | | | | | | | | | | | | | | | | |GZ3|27-Mar-2018|Z741|27-Mar-2018|F419|27-Mar-2018|Z1331|27-Mar-2018|Z1331|27-Mar-2018|F1990|27-Mar-2018|F109|27-Mar-2018|||||||||||||||||||||||||||||||||||||0|0||5|450|G0444|3.0|2018-03-28T00:00:00|hospital_E|hospital_E_20180327
SYN_BENE_1D0D3A72BEC5|SYN_CLM_CC928FB56148|V|60|27-Mar-2018|27-Mar-2018|30-Mar-2018||3|107522|1|1|1|| |2157.21|0.0| ||10|1992753768| |9999623793| |9999623793|||0|1| |2157.21|27-Mar-2018|1|2|A|10|0.0|431.43|0|4|0.0|0.0|0|0|0|0|0|0|0|0|0|0|0|0|0|||||27-Mar-2018|19.0|0|0||E0922|E0922|N|E1121|Y|I252|Y|I214|Y|E113519|N|E113299|Y|G53|N|R739|Y|E11319|Y|E785|Y|E781|Y|E8881|Y|Z653|Y|E119|Y|R931|Y|I259|Y|E669|Y|R7303|Y|D649|Y|M179|Y|P292|Y|Z591|Y|R4689|N|||||Y92|Y92|U| | | | | | | | | | | | | | | | | | | | | | |GZ3|27-Mar-2018|Z741|27-Mar-2018|F419|27-Mar-2018|Z1331|27-Mar-2018|Z1331|27-Mar-2018|F1990|27-Mar-2018|F109|27-Mar-2018|||||||||||||||||||||||||||||||||||||0|0||6|450|99408|3.0|2018-03-28T00:00:00|hospital_E|hospital_E_20180327
SYN_BENE_1D0D3A72BEC5|SYN_CLM_CC928FB56148|V|60|27-Mar-2018|27-Mar-2018|30-Mar-2018||3|107522|1|1|1|| |2157.21|0.0| ||10|1992753768| |9999623793| |9999623793|||0|1| |2157.21|27-Mar-2018|1|2|A|10|0.0|431.43|0|4|0.0|0.0|0|0|0|0|0|0|0|0|0|0|0|0|0|||||27-Mar-2018|19.0|0|0||E0922|E0922|N|E1121|Y|I252|Y|I214|Y|E113519|N|E113299|Y|G53|N|R739|Y|E11319|Y|E785|Y|E781|Y|E8881|Y|Z653|Y|E119|Y|R931|Y|I259|Y|E669|Y|R7303|Y|D649|Y|M179|Y|P292|Y|Z591|Y|R4689|N|||||Y92|Y92|U| | | | | | | | | | | | | | | | | | | | | | |GZ3|27-Mar-2018|Z741|27-Mar-2018|F419|27-Mar-2018|Z1331|27-Mar-2018|Z1331|27-Mar-2018|F1990|27-Mar-2018|F109|27-Mar-2018|||||||||||||||||||||||||||||||||||||0|0||7|450|G0442|3.0|2018-03-28T00:00:00|hospital_E|hospital_E_20180327
SYN_BENE_760EB32D13B0|SYN_CLM_7B67B27D5F45|V|60|27-Mar-2018|27-Mar-2018|30-Mar-2018||3|107522|1|1|1|| |2157.21|0.0| ||10|1992753768| |9999623793| |9999623793|||0|1| |2157.21|27-Mar-2018|1|2|A|10|0.0|431.43|0|4|0.0|0.0|0|0|0|0|0|0|0|0|0|0|0|0|0|||||27-Mar-2018|19.0|0|0||E0922|E0922|N|E1121|Y|I252|Y|I214|Y|E113519|N|E113299|Y|G53|N|R739|Y|E11319|Y|E785|Y|E781|Y|E8881|Y|Z653|Y|E119|Y|R931|Y|I259|Y|E669|Y|R7303|Y|D649|Y|M179|Y|P292|Y|Z591|Y|R4689|N|||||Y92|Y92|U| | | | | | | | | | | | | | | | | | | | | | |GZ3|27-Mar-2018|Z741|27-Mar-2018|F419|27-Mar-2018|Z1331|27-Mar-2018|Z1331|27-Mar-2018|F1990|27-Mar-2018|F109|27-Mar-2018|||||||||||||||||||||||||||||||||||||0|0||1|450|99495|3.0|2018-03-28T00:00:00|hospital_E|hospital_E_20180327
SYN_BENE_760EB32D13B0|SYN_CLM_7B67B27D5F45|V|60|27-Mar-2018|27-Mar-2018|30-Mar-2018||3|107522|1|1|1|| |2157.21|0.0| ||10|1992753768| |9999623793| |9999623793|||0|1| |2157.21|27-Mar-2018|1|2|A|10|0.0|431.43|0|4|0.0|0.0|0|0|0|0|0|0|0|0|0|0|0|0|0|||||27-Mar-2018|19.0|0|0||E0922|E0922|N|E1121|Y|I252|Y|I214|Y|E113519|N|E113299|Y|G53|N|R739|Y|E11319|Y|E785|Y|E781|Y|E8881|Y|Z653|Y|E119|Y|R931|Y|I259|Y|E669|Y|R7303|Y|D649|Y|M179|Y|P292|Y|Z591|Y|R4689|N|||||Y92|Y92|U| | | | | | | | | | | | | | | | | | | | | | |GZ3|27-Mar-2018|Z741|27-Mar-2018|F419|27-Mar-2018|Z1331|27-Mar-2018|Z1331|27-Mar-2018|F1990|27-Mar-2018|F109|27-Mar-2018|||||||||||||||||||||||||||||||||||||0|0||2|450|96156|3.0|2018-03-28T00:00:00|hospital_E|hospital_E_20180327
SYN_BENE_760EB32D13B0|SYN_CLM_7B67B27D5F45|V|60|27-Mar-2018|27-Mar-2018|30-Mar-2018||3|107522|1|1|1|| |2157.21|0.0| ||10|1992753768| |9999623793| |9999623793|||0|1| |2157.21|27-Mar-2018|1|2|A|10|0.0|431.43|0|4|0.0|0.0|0|0|0|0|0|0|0|0|0|0|0|0|0|||||27-Mar-2018|19.0|0|0||E0922|E0922|N|E1121|Y|I252|Y|I214|Y|E113519|N|E113299|Y|G53|N|R739|Y|E11319|Y|E785|Y|E781|Y|E8881|Y|Z653|Y|E119|Y|R931|Y|I259|Y|E669|Y|R7303|Y|D649|Y|M179|Y|P292|Y|Z591|Y|R4689|N|||||Y92|Y92|U| | | | | | | | | | | | | | | | | | | | | | |GZ3|27-Mar-2018|Z741|27-Mar-2018|F419|27-Mar-2018|Z1331|27-Mar-2018|Z1331|27-Mar-2018|F1990|27-Mar-2018|F109|27-Mar-2018|||||||||||||||||||||||||||||||||||||0|0||3|450|96127|3.0|2018-03-28T00:00:00|hospital_E|hospital_E_20180327
SYN_BENE_760EB32D13B0|SYN_CLM_7B67B27D5F45|V|60|27-Mar-2018|27-Mar-2018|30-Mar-2018||3|107522|1|1|1|| |2157.21|0.0| ||10|1992753768| |9999623793| |9999623793|||0|1| |2157.21|27-Mar-2018|1|2|A|10|0.0|431.43|0|4|0.0|0.0|0|0|0|0|0|0|0|0|0|0|0|0|0|||||27-Mar-2018|19.0|0|0||E0922|E0922|N|E1121|Y|I252|Y|I214|Y|E113519|N|E113299|Y|G53|N|R739|Y|E11319|Y|E785|Y|E781|Y|E8881|Y|Z653|Y|E119|Y|R931|Y|I259|Y|E669|Y|R7303|Y|D649|Y|M179|Y|P292|Y|Z591|Y|R4689|N|||||Y92|Y92|U| | | | | | | | | | | | | | | | | | | | | | |GZ3|27-Mar-2018|Z741|27-Mar-2018|F419|27-Mar-2018|Z1331|27-Mar-2018|Z1331|27-Mar-2018|F1990|27-Mar-2018|F109|27-Mar-2018|||||||||||||||||||||||||||||||||||||0|0||4|450|G0444|3.0|2018-03-28T00:00:00|hospital_E|hospital_E_20180327
SYN_BENE_760EB32D13B0|SYN_CLM_7B67B27D5F45|V|60|27-Mar-2018|27-Mar-2018|30-Mar-2018||3|107522|1|1|1|| |2157.21|0.0| ||10|1992753768| |9999623793| |9999623793|||0|1| |2157.21|27-Mar-2018|1|2|A|10|0.0|431.43|0|4|0.0|0.0|0|0|0|0|0|0|0|0|0|0|0|0|0|||||27-Mar-2018|19.0|0|0||E0922|E0922|N|E1121|Y|I252|Y|I214|Y|E113519|N|E113299|Y|G53|N|R739|Y|E11319|Y|E785|Y|E781|Y|E8881|Y|Z653|Y|E119|Y|R931|Y|I259|Y|E669|Y|R7303|Y|D649|Y|M179|Y|P292|Y|Z591|Y|R4689|N|||||Y92|Y92|U| | | | | | | | | | | | | | | | | | | | | | |GZ3|27-Mar-2018|Z741|27-Mar-2018|F419|27-Mar-2018|Z1331|27-Mar-2018|Z1331|27-Mar-2018|F1990|27-Mar-2018|F109|27-Mar-2018|||||||||||||||||||||||||||||||||||||0|0||5|450|G0444|3.0|2018-03-28T00:00:00|hospital_E|hospital_E_20180327
SYN_BENE_760EB32D13B0|SYN_CLM_7B67B27D5F45|V|60|27-Mar-2018|27-Mar-2018|30-Mar-2018||3|107522|1|1|1|| |2157.21|0.0| ||10|1992753768| |9999623793| |9999623793|||0|1| |2157.21|27-Mar-2018|1|2|A|10|0.0|431.43|0|4|0.0|0.0|0|0|0|0|0|0|0|0|0|0|0|0|0|||||27-Mar-2018|19.0|0|0||E0922|E0922|N|E1121|Y|I252|Y|I214|Y|E113519|N|E113299|Y|G53|N|R739|Y|E11319|Y|E785|Y|E781|Y|E8881|Y|Z653|Y|E119|Y|R931|Y|I259|Y|E669|Y|R7303|Y|D649|Y|M179|Y|P292|Y|Z591|Y|R4689|N|||||Y92|Y92|U| | | | | | | | | | | | | | | | | | | | | | |GZ3|27-Mar-2018|Z741|27-Mar-2018|F419|27-Mar-2018|Z1331|27-Mar-2018|Z1331|27-Mar-2018|F1990|27-Mar-2018|F109|27-Mar-2018|||||||||||||||||||||||||||||||||||||0|0||6|450|99408|3.0|2018-03-28T00:00:00|hospital_E|hospital_E_20180327
SYN_BENE_760EB32D13B0|SYN_CLM_7B67B27D5F45|V|60|27-Mar-2018|27-Mar-2018|30-Mar-2018||3|107522|1|1|1|| |2157.21|0.0| ||10|1992753768| |9999623793| |9999623793|||0|1| |2157.21|27-Mar-2018|1|2|A|10|0.0|431.43|0|4|0.0|0.0|0|0|0|0|0|0|0|0|0|0|0|0|0|||||27-Mar-2018|19.0|0|0||E0922|E0922|N|E1121|Y|I252|Y|I214|Y|E113519|N|E113299|Y|G53|N|R739|Y|E11319|Y|E785|Y|E781|Y|E8881|Y|Z653|Y|E119|Y|R931|Y|I259|Y|E669|Y|R7303|Y|D649|Y|M179|Y|P292|Y|Z591|Y|R4689|N|||||Y92|Y92|U| | | | | | | | | | | | | | | | | | | | | | |GZ3|27-Mar-2018|Z741|27-Mar-2018|F419|27-Mar-2018|Z1331|27-Mar-2018|Z1331|27-Mar-2018|F1990|27-Mar-2018|F109|27-Mar-2018|||||||||||||||||||||||||||||||||||||0|0||7|450|G0442|3.0|2018-03-28T00:00:00|hospital_E|hospital_E_20180327
